event_id,dataset_role,scenario,step,state,has_output,fresh_selected,invalidated,complete,suffix_revalidated,suffix_hard_valid,guard_raw_revalidated,raw_validation_attempted,original_candidate_identity,original_path_digest,output_path_digest,suffix_point_count,fallback_kind,evaluator_collision_horizon_m,lifecycle_collision_horizon_m,reason
V2E01,PILOT_SEEN_DEVELOPMENT_DATA,CONTINUATION,FRESH,FRESH_SELECTED,1,1,0,0,0,1,0,1,GQSC_S1_MAIN_LEXICOGRAPHIC_RIGHT_e08dc6cd11cfc0b6,e08dc6cd11cfc0b6,e08dc6cd11cfc0b6,94,NONE,5.1647996114856705,5.1647996114856705,FRESH_HARD_VALID_P3_M1
V2E01,PILOT_SEEN_DEVELOPMENT_DATA,CONTINUATION,HELD_SAME_INPUT,COMMITTED,1,0,0,0,1,1,0,0,GQSC_S1_MAIN_LEXICOGRAPHIC_RIGHT_e08dc6cd11cfc0b6,e08dc6cd11cfc0b6,a5198e50a29ba8c3,92,NONE,nan,nan,ORIGINAL_MANEUVER_COMMITTED_CURRENT_HARD_VALID
V2E01,PILOT_SEEN_DEVELOPMENT_DATA,CONTINUATION,GUARD_FAIL_RAW_PASS,CONTINUING,1,0,0,0,1,1,0,0,GQSC_S1_MAIN_LEXICOGRAPHIC_RIGHT_e08dc6cd11cfc0b6,e08dc6cd11cfc0b6,a5198e50a29ba8c3,92,NONE,nan,nan,ORIGINAL_MANEUVER_SUFFIX_CURRENT_HARD_VALID
V2E01,PILOT_SEEN_DEVELOPMENT_DATA,CONTINUATION,OBSTACLE_DISAPPEARANCE,CONTINUING,1,0,0,0,1,1,0,0,GQSC_S1_MAIN_LEXICOGRAPHIC_RIGHT_e08dc6cd11cfc0b6,e08dc6cd11cfc0b6,a5198e50a29ba8c3,92,NONE,nan,nan,ORIGINAL_MANEUVER_SUFFIX_CURRENT_HARD_VALID
V2E01,PILOT_SEEN_DEVELOPMENT_DATA,CONTINUATION,FORWARD_TRIM,CONTINUING,1,0,0,0,1,1,0,0,GQSC_S1_MAIN_LEXICOGRAPHIC_RIGHT_e08dc6cd11cfc0b6,e08dc6cd11cfc0b6,a5198e50a29ba8c3,92,NONE,nan,nan,ORIGINAL_MANEUVER_SUFFIX_CURRENT_HARD_VALID
V2E01,PILOT_SEEN_DEVELOPMENT_DATA,CONTINUATION,COMPLETE,COMPLETE,0,0,0,1,0,0,0,0,GQSC_S1_MAIN_LEXICOGRAPHIC_RIGHT_e08dc6cd11cfc0b6,e08dc6cd11cfc0b6,NONE,0,NONE,nan,nan,EXPANDED_OBSTACLE_REGION_FULLY_PASSED
V2E01,PILOT_SEEN_DEVELOPMENT_DATA,NEW_OBSTACLE,FRESH,FRESH_SELECTED,1,1,0,0,0,1,0,1,GQSC_S1_MAIN_LEXICOGRAPHIC_RIGHT_e08dc6cd11cfc0b6,e08dc6cd11cfc0b6,e08dc6cd11cfc0b6,94,NONE,5.1647996114856705,5.1647996114856705,FRESH_HARD_VALID_P3_M1
V2E01,PILOT_SEEN_DEVELOPMENT_DATA,NEW_OBSTACLE,INVALIDATE_AND_FALLBACK,INVALIDATED,0,0,1,0,1,0,1,1,GQSC_S1_MAIN_LEXICOGRAPHIC_RIGHT_e08dc6cd11cfc0b6,e08dc6cd11cfc0b6,a5198e50a29ba8c3,92,NO_SAFE_PATH,nan,nan,CURRENT_RAW_OBSTACLE_COLLISION:d-offset intersects an inflated static-obstacle box
V2E02,PILOT_SEEN_DEVELOPMENT_DATA,CONTINUATION,FRESH,FRESH_SELECTED,1,1,0,0,0,1,0,1,GQSC_S1_MAIN_LEXICOGRAPHIC_LEFT_566ca04653498df1,566ca04653498df1,566ca04653498df1,110,NONE,5.3999417402104566,5.3999417402104566,FRESH_HARD_VALID_P3_M1
V2E02,PILOT_SEEN_DEVELOPMENT_DATA,CONTINUATION,HELD_SAME_INPUT,COMMITTED,1,0,0,0,1,1,0,0,GQSC_S1_MAIN_LEXICOGRAPHIC_LEFT_566ca04653498df1,566ca04653498df1,87a0e86e92186d8d,93,NONE,nan,nan,ORIGINAL_MANEUVER_COMMITTED_CURRENT_HARD_VALID
V2E02,PILOT_SEEN_DEVELOPMENT_DATA,CONTINUATION,GUARD_FAIL_RAW_PASS,CONTINUING,1,0,0,0,1,1,1,1,GQSC_S1_MAIN_LEXICOGRAPHIC_LEFT_566ca04653498df1,566ca04653498df1,87a0e86e92186d8d,93,NONE,nan,nan,GUARD_SOFT_OBSTACLE_VIOLATION_PENDING_RAW_HARD_VALID
V2E02,PILOT_SEEN_DEVELOPMENT_DATA,CONTINUATION,OBSTACLE_DISAPPEARANCE,CONTINUING,1,0,0,0,1,1,0,0,GQSC_S1_MAIN_LEXICOGRAPHIC_LEFT_566ca04653498df1,566ca04653498df1,87a0e86e92186d8d,93,NONE,nan,nan,ORIGINAL_MANEUVER_SUFFIX_CURRENT_HARD_VALID
V2E02,PILOT_SEEN_DEVELOPMENT_DATA,CONTINUATION,FORWARD_TRIM,CONTINUING,1,0,0,0,1,1,0,0,GQSC_S1_MAIN_LEXICOGRAPHIC_LEFT_566ca04653498df1,566ca04653498df1,c5cb31e3666d0813,93,NONE,nan,nan,ORIGINAL_MANEUVER_SUFFIX_CURRENT_HARD_VALID
V2E02,PILOT_SEEN_DEVELOPMENT_DATA,CONTINUATION,COMPLETE,COMPLETE,0,0,0,1,0,0,0,0,GQSC_S1_MAIN_LEXICOGRAPHIC_LEFT_566ca04653498df1,566ca04653498df1,NONE,0,NONE,nan,nan,EXPANDED_OBSTACLE_REGION_FULLY_PASSED
V2E02,PILOT_SEEN_DEVELOPMENT_DATA,NEW_OBSTACLE,FRESH,FRESH_SELECTED,1,1,0,0,0,1,0,1,GQSC_S1_MAIN_LEXICOGRAPHIC_LEFT_566ca04653498df1,566ca04653498df1,566ca04653498df1,110,NONE,5.3999417402104566,5.3999417402104566,FRESH_HARD_VALID_P3_M1
V2E02,PILOT_SEEN_DEVELOPMENT_DATA,NEW_OBSTACLE,INVALIDATE_AND_FALLBACK,INVALIDATED,0,0,1,0,1,0,1,1,GQSC_S1_MAIN_LEXICOGRAPHIC_LEFT_566ca04653498df1,566ca04653498df1,87a0e86e92186d8d,93,NO_SAFE_PATH,nan,nan,CURRENT_RAW_OBSTACLE_COLLISION:d-offset intersects an inflated static-obstacle box
V2E03,PILOT_SEEN_DEVELOPMENT_DATA,CONTINUATION,FRESH,FRESH_SELECTED,1,1,0,0,0,1,0,1,GQSC_S1_MAIN_LEXICOGRAPHIC_LEFT_0e80da04fd67df6e,0e80da04fd67df6e,0e80da04fd67df6e,185,NONE,5.4615996375110036,5.4615996375110036,FRESH_HARD_VALID_P3_M1
V2E03,PILOT_SEEN_DEVELOPMENT_DATA,CONTINUATION,HELD_SAME_INPUT,COMMITTED,1,0,0,0,1,1,0,0,GQSC_S1_MAIN_LEXICOGRAPHIC_LEFT_0e80da04fd67df6e,0e80da04fd67df6e,9537b08d95b66b0f,92,NONE,nan,nan,ORIGINAL_MANEUVER_COMMITTED_CURRENT_HARD_VALID
V2E03,PILOT_SEEN_DEVELOPMENT_DATA,CONTINUATION,GUARD_FAIL_RAW_PASS,CONTINUING,1,0,0,0,1,1,1,1,GQSC_S1_MAIN_LEXICOGRAPHIC_LEFT_0e80da04fd67df6e,0e80da04fd67df6e,9537b08d95b66b0f,92,NONE,nan,nan,GUARD_SOFT_OBSTACLE_VIOLATION_PENDING_RAW_HARD_VALID
V2E03,PILOT_SEEN_DEVELOPMENT_DATA,CONTINUATION,OBSTACLE_DISAPPEARANCE,CONTINUING,1,0,0,0,1,1,0,0,GQSC_S1_MAIN_LEXICOGRAPHIC_LEFT_0e80da04fd67df6e,0e80da04fd67df6e,9537b08d95b66b0f,92,NONE,nan,nan,ORIGINAL_MANEUVER_SUFFIX_CURRENT_HARD_VALID
V2E03,PILOT_SEEN_DEVELOPMENT_DATA,CONTINUATION,FORWARD_TRIM,CONTINUING,1,0,0,0,1,1,0,0,GQSC_S1_MAIN_LEXICOGRAPHIC_LEFT_0e80da04fd67df6e,0e80da04fd67df6e,9537b08d95b66b0f,92,NONE,nan,nan,ORIGINAL_MANEUVER_SUFFIX_CURRENT_HARD_VALID
V2E03,PILOT_SEEN_DEVELOPMENT_DATA,CONTINUATION,COMPLETE,COMPLETE,0,0,0,1,0,0,0,0,GQSC_S1_MAIN_LEXICOGRAPHIC_LEFT_0e80da04fd67df6e,0e80da04fd67df6e,NONE,0,NONE,nan,nan,EXPANDED_OBSTACLE_REGION_FULLY_PASSED
V2E03,PILOT_SEEN_DEVELOPMENT_DATA,NEW_OBSTACLE,FRESH,FRESH_SELECTED,1,1,0,0,0,1,0,1,GQSC_S1_MAIN_LEXICOGRAPHIC_LEFT_0e80da04fd67df6e,0e80da04fd67df6e,0e80da04fd67df6e,185,NONE,5.4615996375110036,5.4615996375110036,FRESH_HARD_VALID_P3_M1
V2E03,PILOT_SEEN_DEVELOPMENT_DATA,NEW_OBSTACLE,INVALIDATE_AND_FALLBACK,INVALIDATED,0,0,1,0,1,0,1,1,GQSC_S1_MAIN_LEXICOGRAPHIC_LEFT_0e80da04fd67df6e,0e80da04fd67df6e,9537b08d95b66b0f,92,NO_SAFE_PATH,nan,nan,CURRENT_RAW_OBSTACLE_COLLISION:d-offset intersects an inflated static-obstacle box
V2E04,PILOT_SEEN_DEVELOPMENT_DATA,NOT_ELIGIBLE,SKIP,IDLE,0,0,0,0,0,0,0,0,NONE,NONE,NONE,0,NONE,nan,nan,NO_FROZEN_HARD_VALID:GQSC_S1_FROZEN_ENTRY
V2E05,PILOT_SEEN_DEVELOPMENT_DATA,NOT_ELIGIBLE,SKIP,IDLE,0,0,0,0,0,0,0,0,NONE,NONE,NONE,0,NONE,nan,nan,NO_FROZEN_HARD_VALID:GQSC_S1_FROZEN_ENTRY
V2E06,PILOT_SEEN_DEVELOPMENT_DATA,NOT_ELIGIBLE,SKIP,IDLE,0,0,0,0,0,0,0,0,NONE,NONE,NONE,0,NONE,nan,nan,NO_FROZEN_HARD_VALID:GQSC_S1_FROZEN_ENTRY
V2E07,PILOT_SEEN_DEVELOPMENT_DATA,NOT_ELIGIBLE,SKIP,IDLE,0,0,0,0,0,0,0,0,NONE,NONE,NONE,0,NONE,nan,nan,NO_FROZEN_HARD_VALID:GQSC_S1_FROZEN_ENTRY
V2E08,PILOT_SEEN_DEVELOPMENT_DATA,CONTINUATION,FRESH,FRESH_SELECTED,1,1,0,0,0,1,0,1,GQSC_S1_MAIN_LEXICOGRAPHIC_RIGHT_8dd7ec9d69ccda2b,8dd7ec9d69ccda2b,8dd7ec9d69ccda2b,61,NONE,5.3893721981319533,5.3893721981319533,FRESH_HARD_VALID_P3_M1
V2E08,PILOT_SEEN_DEVELOPMENT_DATA,CONTINUATION,HELD_SAME_INPUT,COMMITTED,1,0,0,0,1,1,0,0,GQSC_S1_MAIN_LEXICOGRAPHIC_RIGHT_8dd7ec9d69ccda2b,8dd7ec9d69ccda2b,8dd7ec9d69ccda2b,61,NONE,nan,nan,ORIGINAL_MANEUVER_COMMITTED_CURRENT_HARD_VALID
V2E08,PILOT_SEEN_DEVELOPMENT_DATA,CONTINUATION,GUARD_FAIL_RAW_PASS,CONTINUING,1,0,0,0,1,1,1,1,GQSC_S1_MAIN_LEXICOGRAPHIC_RIGHT_8dd7ec9d69ccda2b,8dd7ec9d69ccda2b,8dd7ec9d69ccda2b,61,NONE,nan,nan,GUARD_SOFT_OBSTACLE_VIOLATION_PENDING_RAW_HARD_VALID
V2E08,PILOT_SEEN_DEVELOPMENT_DATA,CONTINUATION,OBSTACLE_DISAPPEARANCE,CONTINUING,1,0,0,0,1,1,0,0,GQSC_S1_MAIN_LEXICOGRAPHIC_RIGHT_8dd7ec9d69ccda2b,8dd7ec9d69ccda2b,8dd7ec9d69ccda2b,61,NONE,nan,nan,ORIGINAL_MANEUVER_SUFFIX_CURRENT_HARD_VALID
V2E08,PILOT_SEEN_DEVELOPMENT_DATA,CONTINUATION,FORWARD_TRIM,CONTINUING,1,0,0,0,1,1,0,0,GQSC_S1_MAIN_LEXICOGRAPHIC_RIGHT_8dd7ec9d69ccda2b,8dd7ec9d69ccda2b,8dd7ec9d69ccda2b,61,NONE,nan,nan,ORIGINAL_MANEUVER_SUFFIX_CURRENT_HARD_VALID
V2E08,PILOT_SEEN_DEVELOPMENT_DATA,CONTINUATION,COMPLETE,COMPLETE,0,0,0,1,0,0,0,0,GQSC_S1_MAIN_LEXICOGRAPHIC_RIGHT_8dd7ec9d69ccda2b,8dd7ec9d69ccda2b,NONE,0,NONE,nan,nan,EXPANDED_OBSTACLE_REGION_FULLY_PASSED
V2E08,PILOT_SEEN_DEVELOPMENT_DATA,NEW_OBSTACLE,FRESH,FRESH_SELECTED,1,1,0,0,0,1,0,1,GQSC_S1_MAIN_LEXICOGRAPHIC_RIGHT_8dd7ec9d69ccda2b,8dd7ec9d69ccda2b,8dd7ec9d69ccda2b,61,NONE,5.3893721981319533,5.3893721981319533,FRESH_HARD_VALID_P3_M1
V2E08,PILOT_SEEN_DEVELOPMENT_DATA,NEW_OBSTACLE,INVALIDATE_AND_FALLBACK,INVALIDATED,0,0,1,0,1,0,1,1,GQSC_S1_MAIN_LEXICOGRAPHIC_RIGHT_8dd7ec9d69ccda2b,8dd7ec9d69ccda2b,8dd7ec9d69ccda2b,61,NO_SAFE_PATH,nan,nan,CURRENT_RAW_OBSTACLE_COLLISION:d-offset intersects an inflated static-obstacle box
V2E09,PILOT_SEEN_DEVELOPMENT_DATA,NOT_ELIGIBLE,SKIP,IDLE,0,0,0,0,0,0,0,0,NONE,NONE,NONE,0,NONE,nan,nan,NO_FROZEN_HARD_VALID:GQSC_S1_FROZEN_ENTRY
DVE001,DEVELOPMENT,CONTINUATION,FRESH,FRESH_SELECTED,1,1,0,0,0,1,0,1,GQSC_S1_MAIN_COVERAGE_RIGHT_1e0dd5e1cd2072f3,1e0dd5e1cd2072f3,1e0dd5e1cd2072f3,28,NONE,4.2202011282665719,4.2202011282665719,FRESH_HARD_VALID_P3_M1
DVE001,DEVELOPMENT,CONTINUATION,HELD_SAME_INPUT,COMMITTED,1,0,0,0,1,1,0,0,GQSC_S1_MAIN_COVERAGE_RIGHT_1e0dd5e1cd2072f3,1e0dd5e1cd2072f3,1e0dd5e1cd2072f3,28,NONE,nan,nan,ORIGINAL_MANEUVER_COMMITTED_CURRENT_HARD_VALID
DVE001,DEVELOPMENT,CONTINUATION,GUARD_FAIL_RAW_PASS,CONTINUING,1,0,0,0,1,1,1,1,GQSC_S1_MAIN_COVERAGE_RIGHT_1e0dd5e1cd2072f3,1e0dd5e1cd2072f3,1e0dd5e1cd2072f3,28,NONE,nan,nan,GUARD_SOFT_OBSTACLE_VIOLATION_PENDING_RAW_HARD_VALID
DVE001,DEVELOPMENT,CONTINUATION,OBSTACLE_DISAPPEARANCE,CONTINUING,1,0,0,0,1,1,0,0,GQSC_S1_MAIN_COVERAGE_RIGHT_1e0dd5e1cd2072f3,1e0dd5e1cd2072f3,1e0dd5e1cd2072f3,28,NONE,nan,nan,ORIGINAL_MANEUVER_SUFFIX_CURRENT_HARD_VALID
DVE001,DEVELOPMENT,CONTINUATION,FORWARD_TRIM,CONTINUING,1,0,0,0,1,1,0,0,GQSC_S1_MAIN_COVERAGE_RIGHT_1e0dd5e1cd2072f3,1e0dd5e1cd2072f3,fd97276622483c7f,27,NONE,nan,nan,ORIGINAL_MANEUVER_SUFFIX_CURRENT_HARD_VALID
DVE001,DEVELOPMENT,CONTINUATION,COMPLETE,COMPLETE,0,0,0,1,0,0,0,0,GQSC_S1_MAIN_COVERAGE_RIGHT_1e0dd5e1cd2072f3,1e0dd5e1cd2072f3,NONE,0,NONE,nan,nan,EXPANDED_OBSTACLE_REGION_FULLY_PASSED
DVE001,DEVELOPMENT,NEW_OBSTACLE,FRESH,FRESH_SELECTED,1,1,0,0,0,1,0,1,GQSC_S1_MAIN_COVERAGE_RIGHT_1e0dd5e1cd2072f3,1e0dd5e1cd2072f3,1e0dd5e1cd2072f3,28,NONE,4.2202011282665719,4.2202011282665719,FRESH_HARD_VALID_P3_M1
DVE001,DEVELOPMENT,NEW_OBSTACLE,INVALIDATE_AND_FALLBACK,INVALIDATED,0,0,1,0,1,0,1,1,GQSC_S1_MAIN_COVERAGE_RIGHT_1e0dd5e1cd2072f3,1e0dd5e1cd2072f3,1e0dd5e1cd2072f3,28,NO_SAFE_PATH,nan,nan,CURRENT_RAW_OBSTACLE_COLLISION:d-offset intersects an inflated static-obstacle box
DVE002,DEVELOPMENT,NOT_ELIGIBLE,SKIP,IDLE,0,0,0,0,0,0,0,0,NONE,NONE,NONE,0,NONE,nan,nan,NO_FROZEN_HARD_VALID:GQSC_S1_FROZEN_ENTRY
DVE003,DEVELOPMENT,CONTINUATION,FRESH,FRESH_SELECTED,1,1,0,0,0,1,0,1,GQSC_S1_MAIN_LEXICOGRAPHIC_RIGHT_a56c17ecf1766dd9,a56c17ecf1766dd9,a56c17ecf1766dd9,98,NONE,5.955784459744204,5.955784459744204,FRESH_HARD_VALID_P3_M1
DVE003,DEVELOPMENT,CONTINUATION,HELD_SAME_INPUT,COMMITTED,1,0,0,0,1,1,0,0,GQSC_S1_MAIN_LEXICOGRAPHIC_RIGHT_a56c17ecf1766dd9,a56c17ecf1766dd9,2e769497f829aa4c,92,NONE,nan,nan,ORIGINAL_MANEUVER_COMMITTED_CURRENT_HARD_VALID
DVE003,DEVELOPMENT,CONTINUATION,GUARD_FAIL_RAW_PASS,CONTINUING,1,0,0,0,1,1,0,0,GQSC_S1_MAIN_LEXICOGRAPHIC_RIGHT_a56c17ecf1766dd9,a56c17ecf1766dd9,2e769497f829aa4c,92,NONE,nan,nan,ORIGINAL_MANEUVER_SUFFIX_CURRENT_HARD_VALID
DVE003,DEVELOPMENT,CONTINUATION,OBSTACLE_DISAPPEARANCE,CONTINUING,1,0,0,0,1,1,0,0,GQSC_S1_MAIN_LEXICOGRAPHIC_RIGHT_a56c17ecf1766dd9,a56c17ecf1766dd9,2e769497f829aa4c,92,NONE,nan,nan,ORIGINAL_MANEUVER_SUFFIX_CURRENT_HARD_VALID
DVE003,DEVELOPMENT,CONTINUATION,FORWARD_TRIM,CONTINUING,1,0,0,0,1,1,0,0,GQSC_S1_MAIN_LEXICOGRAPHIC_RIGHT_a56c17ecf1766dd9,a56c17ecf1766dd9,38fa378af9d167f0,93,NONE,nan,nan,ORIGINAL_MANEUVER_SUFFIX_CURRENT_HARD_VALID
DVE003,DEVELOPMENT,CONTINUATION,COMPLETE,COMPLETE,0,0,0,1,0,0,0,0,GQSC_S1_MAIN_LEXICOGRAPHIC_RIGHT_a56c17ecf1766dd9,a56c17ecf1766dd9,NONE,0,NONE,nan,nan,EXPANDED_OBSTACLE_REGION_FULLY_PASSED
DVE003,DEVELOPMENT,NEW_OBSTACLE,FRESH,FRESH_SELECTED,1,1,0,0,0,1,0,1,GQSC_S1_MAIN_LEXICOGRAPHIC_RIGHT_a56c17ecf1766dd9,a56c17ecf1766dd9,a56c17ecf1766dd9,98,NONE,5.955784459744204,5.955784459744204,FRESH_HARD_VALID_P3_M1
DVE003,DEVELOPMENT,NEW_OBSTACLE,INVALIDATE_AND_FALLBACK,INVALIDATED,0,0,1,0,1,0,1,1,GQSC_S1_MAIN_LEXICOGRAPHIC_RIGHT_a56c17ecf1766dd9,a56c17ecf1766dd9,2e769497f829aa4c,92,NO_SAFE_PATH,nan,nan,CURRENT_RAW_OBSTACLE_COLLISION:d-offset intersects an inflated static-obstacle box
DVE004,DEVELOPMENT,CONTINUATION,FRESH,FRESH_SELECTED,1,1,0,0,0,1,0,1,GQSC_S1_MAIN_LEXICOGRAPHIC_LEFT_a17c084b2a16880d,a17c084b2a16880d,a17c084b2a16880d,185,NONE,1.898893241137757,1.898893241137757,FRESH_HARD_VALID_P3_M1
DVE004,DEVELOPMENT,CONTINUATION,HELD_SAME_INPUT,COMMITTED,1,0,0,0,1,1,0,0,GQSC_S1_MAIN_LEXICOGRAPHIC_LEFT_a17c084b2a16880d,a17c084b2a16880d,5b38a036763daa86,93,NONE,nan,nan,ORIGINAL_MANEUVER_COMMITTED_CURRENT_HARD_VALID
DVE004,DEVELOPMENT,CONTINUATION,GUARD_FAIL_RAW_PASS,CONTINUING,1,0,0,0,1,1,1,1,GQSC_S1_MAIN_LEXICOGRAPHIC_LEFT_a17c084b2a16880d,a17c084b2a16880d,5b38a036763daa86,93,NONE,nan,nan,GUARD_SOFT_OBSTACLE_VIOLATION_PENDING_RAW_HARD_VALID
DVE004,DEVELOPMENT,CONTINUATION,OBSTACLE_DISAPPEARANCE,CONTINUING,1,0,0,0,1,1,0,0,GQSC_S1_MAIN_LEXICOGRAPHIC_LEFT_a17c084b2a16880d,a17c084b2a16880d,5b38a036763daa86,93,NONE,nan,nan,ORIGINAL_MANEUVER_SUFFIX_CURRENT_HARD_VALID
DVE004,DEVELOPMENT,CONTINUATION,FORWARD_TRIM,CONTINUING,1,0,0,0,1,1,0,0,GQSC_S1_MAIN_LEXICOGRAPHIC_LEFT_a17c084b2a16880d,a17c084b2a16880d,5b38a036763daa86,93,NONE,nan,nan,ORIGINAL_MANEUVER_SUFFIX_CURRENT_HARD_VALID
DVE004,DEVELOPMENT,CONTINUATION,COMPLETE,COMPLETE,0,0,0,1,0,0,0,0,GQSC_S1_MAIN_LEXICOGRAPHIC_LEFT_a17c084b2a16880d,a17c084b2a16880d,NONE,0,NONE,nan,nan,EXPANDED_OBSTACLE_REGION_FULLY_PASSED
DVE004,DEVELOPMENT,NEW_OBSTACLE,FRESH,FRESH_SELECTED,1,1,0,0,0,1,0,1,GQSC_S1_MAIN_LEXICOGRAPHIC_LEFT_a17c084b2a16880d,a17c084b2a16880d,a17c084b2a16880d,185,NONE,1.898893241137757,1.898893241137757,FRESH_HARD_VALID_P3_M1
DVE004,DEVELOPMENT,NEW_OBSTACLE,INVALIDATE_AND_FALLBACK,INVALIDATED,0,0,1,0,1,0,1,1,GQSC_S1_MAIN_LEXICOGRAPHIC_LEFT_a17c084b2a16880d,a17c084b2a16880d,5b38a036763daa86,93,NO_SAFE_PATH,nan,nan,CURRENT_RAW_OBSTACLE_COLLISION:d-offset intersects an inflated static-obstacle box
DVE005,DEVELOPMENT,NOT_ELIGIBLE,SKIP,IDLE,0,0,0,0,0,0,0,0,NONE,NONE,NONE,0,NONE,nan,nan,NO_FROZEN_HARD_VALID:GQSC_S1_FROZEN_ENTRY
DVE006,DEVELOPMENT,CONTINUATION,FRESH,FRESH_SELECTED,1,1,0,0,0,1,0,1,GQSC_S1_MAIN_COVERAGE_LEFT_068a6aaa5cd35376,068a6aaa5cd35376,068a6aaa5cd35376,185,NONE,3.0288505207419707,3.0288505207419707,FRESH_HARD_VALID_P3_M1
DVE006,DEVELOPMENT,CONTINUATION,HELD_SAME_INPUT,COMMITTED,1,0,0,0,1,1,0,0,GQSC_S1_MAIN_COVERAGE_LEFT_068a6aaa5cd35376,068a6aaa5cd35376,1b04c5563217ee8c,92,NONE,nan,nan,ORIGINAL_MANEUVER_COMMITTED_CURRENT_HARD_VALID
DVE006,DEVELOPMENT,CONTINUATION,GUARD_FAIL_RAW_PASS,CONTINUING,1,0,0,0,1,1,1,1,GQSC_S1_MAIN_COVERAGE_LEFT_068a6aaa5cd35376,068a6aaa5cd35376,1b04c5563217ee8c,92,NONE,nan,nan,GUARD_SOFT_OBSTACLE_VIOLATION_PENDING_RAW_HARD_VALID
DVE006,DEVELOPMENT,CONTINUATION,OBSTACLE_DISAPPEARANCE,CONTINUING,1,0,0,0,1,1,0,0,GQSC_S1_MAIN_COVERAGE_LEFT_068a6aaa5cd35376,068a6aaa5cd35376,1b04c5563217ee8c,92,NONE,nan,nan,ORIGINAL_MANEUVER_SUFFIX_CURRENT_HARD_VALID
DVE006,DEVELOPMENT,CONTINUATION,FORWARD_TRIM,CONTINUING,1,0,0,0,1,1,0,0,GQSC_S1_MAIN_COVERAGE_LEFT_068a6aaa5cd35376,068a6aaa5cd35376,9756f0c956f980da,93,NONE,nan,nan,ORIGINAL_MANEUVER_SUFFIX_CURRENT_HARD_VALID
DVE006,DEVELOPMENT,CONTINUATION,COMPLETE,COMPLETE,0,0,0,1,0,0,0,0,GQSC_S1_MAIN_COVERAGE_LEFT_068a6aaa5cd35376,068a6aaa5cd35376,NONE,0,NONE,nan,nan,EXPANDED_OBSTACLE_REGION_FULLY_PASSED
DVE006,DEVELOPMENT,NEW_OBSTACLE,FRESH,FRESH_SELECTED,1,1,0,0,0,1,0,1,GQSC_S1_MAIN_COVERAGE_LEFT_068a6aaa5cd35376,068a6aaa5cd35376,068a6aaa5cd35376,185,NONE,3.0288505207419707,3.0288505207419707,FRESH_HARD_VALID_P3_M1
DVE006,DEVELOPMENT,NEW_OBSTACLE,INVALIDATE_AND_FALLBACK,INVALIDATED,0,0,1,0,1,0,1,1,GQSC_S1_MAIN_COVERAGE_LEFT_068a6aaa5cd35376,068a6aaa5cd35376,1b04c5563217ee8c,92,NO_SAFE_PATH,nan,nan,CURRENT_RAW_OBSTACLE_COLLISION:d-offset intersects an inflated static-obstacle box
DVE007,DEVELOPMENT,CONTINUATION,FRESH,FRESH_SELECTED,1,1,0,0,0,1,0,1,GQSC_S1_MAIN_LEXICOGRAPHIC_RIGHT_19d0c38394f7bb60,19d0c38394f7bb60,19d0c38394f7bb60,95,NONE,2.4976782372312876,2.4976782372312876,FRESH_HARD_VALID_P3_M1
DVE007,DEVELOPMENT,CONTINUATION,HELD_SAME_INPUT,COMMITTED,1,0,0,0,1,1,0,0,GQSC_S1_MAIN_LEXICOGRAPHIC_RIGHT_19d0c38394f7bb60,19d0c38394f7bb60,437f120eb3d46f93,93,NONE,nan,nan,ORIGINAL_MANEUVER_COMMITTED_CURRENT_HARD_VALID
DVE007,DEVELOPMENT,CONTINUATION,GUARD_FAIL_RAW_PASS,CONTINUING,1,0,0,0,1,1,0,0,GQSC_S1_MAIN_LEXICOGRAPHIC_RIGHT_19d0c38394f7bb60,19d0c38394f7bb60,437f120eb3d46f93,93,NONE,nan,nan,ORIGINAL_MANEUVER_SUFFIX_CURRENT_HARD_VALID
DVE007,DEVELOPMENT,CONTINUATION,OBSTACLE_DISAPPEARANCE,CONTINUING,1,0,0,0,1,1,0,0,GQSC_S1_MAIN_LEXICOGRAPHIC_RIGHT_19d0c38394f7bb60,19d0c38394f7bb60,437f120eb3d46f93,93,NONE,nan,nan,ORIGINAL_MANEUVER_SUFFIX_CURRENT_HARD_VALID
DVE007,DEVELOPMENT,CONTINUATION,FORWARD_TRIM,CONTINUING,1,0,0,0,1,1,0,0,GQSC_S1_MAIN_LEXICOGRAPHIC_RIGHT_19d0c38394f7bb60,19d0c38394f7bb60,437f120eb3d46f93,93,NONE,nan,nan,ORIGINAL_MANEUVER_SUFFIX_CURRENT_HARD_VALID
DVE007,DEVELOPMENT,CONTINUATION,COMPLETE,COMPLETE,0,0,0,1,0,0,0,0,GQSC_S1_MAIN_LEXICOGRAPHIC_RIGHT_19d0c38394f7bb60,19d0c38394f7bb60,NONE,0,NONE,nan,nan,EXPANDED_OBSTACLE_REGION_FULLY_PASSED
DVE007,DEVELOPMENT,NEW_OBSTACLE,FRESH,FRESH_SELECTED,1,1,0,0,0,1,0,1,GQSC_S1_MAIN_LEXICOGRAPHIC_RIGHT_19d0c38394f7bb60,19d0c38394f7bb60,19d0c38394f7bb60,95,NONE,2.4976782372312876,2.4976782372312876,FRESH_HARD_VALID_P3_M1
DVE007,DEVELOPMENT,NEW_OBSTACLE,INVALIDATE_AND_FALLBACK,INVALIDATED,0,0,1,0,1,0,1,1,GQSC_S1_MAIN_LEXICOGRAPHIC_RIGHT_19d0c38394f7bb60,19d0c38394f7bb60,437f120eb3d46f93,93,NO_SAFE_PATH,nan,nan,CURRENT_RAW_OBSTACLE_COLLISION:d-offset intersects an inflated static-obstacle box
DVE008,DEVELOPMENT,NOT_ELIGIBLE,SKIP,IDLE,0,0,0,0,0,0,0,0,NONE,NONE,NONE,0,NONE,nan,nan,NO_FROZEN_HARD_VALID:GQSC_S1_FROZEN_ENTRY
DVE009,DEVELOPMENT,NOT_ELIGIBLE,SKIP,IDLE,0,0,0,0,0,0,0,0,NONE,NONE,NONE,0,NONE,nan,nan,NO_FROZEN_HARD_VALID:GQSC_S1_FROZEN_ENTRY
DVE010,DEVELOPMENT,NOT_ELIGIBLE,SKIP,IDLE,0,0,0,0,0,0,0,0,NONE,NONE,NONE,0,NONE,nan,nan,NO_FROZEN_HARD_VALID:GQSC_S1_FROZEN_ENTRY
DVE011,DEVELOPMENT,NOT_ELIGIBLE,SKIP,IDLE,0,0,0,0,0,0,0,0,NONE,NONE,NONE,0,NONE,nan,nan,NO_FROZEN_HARD_VALID:GQSC_S1_FROZEN_ENTRY
DVE012,DEVELOPMENT,CONTINUATION,FRESH,FRESH_SELECTED,1,1,0,0,0,1,0,1,GQSC_S1_MAIN_LEXICOGRAPHIC_RIGHT_c9592fe79d4433fa,c9592fe79d4433fa,c9592fe79d4433fa,60,NONE,5.1730645218594828,5.1730645218594828,FRESH_HARD_VALID_P3_M1
DVE012,DEVELOPMENT,CONTINUATION,HELD_SAME_INPUT,COMMITTED,1,0,0,0,1,1,0,0,GQSC_S1_MAIN_LEXICOGRAPHIC_RIGHT_c9592fe79d4433fa,c9592fe79d4433fa,c9592fe79d4433fa,60,NONE,nan,nan,ORIGINAL_MANEUVER_COMMITTED_CURRENT_HARD_VALID
DVE012,DEVELOPMENT,CONTINUATION,GUARD_FAIL_RAW_PASS,CONTINUING,1,0,0,0,1,1,0,0,GQSC_S1_MAIN_LEXICOGRAPHIC_RIGHT_c9592fe79d4433fa,c9592fe79d4433fa,c9592fe79d4433fa,60,NONE,nan,nan,ORIGINAL_MANEUVER_SUFFIX_CURRENT_HARD_VALID
DVE012,DEVELOPMENT,CONTINUATION,OBSTACLE_DISAPPEARANCE,CONTINUING,1,0,0,0,1,1,0,0,GQSC_S1_MAIN_LEXICOGRAPHIC_RIGHT_c9592fe79d4433fa,c9592fe79d4433fa,c9592fe79d4433fa,60,NONE,nan,nan,ORIGINAL_MANEUVER_SUFFIX_CURRENT_HARD_VALID
DVE012,DEVELOPMENT,CONTINUATION,FORWARD_TRIM,CONTINUING,1,0,0,0,1,1,0,0,GQSC_S1_MAIN_LEXICOGRAPHIC_RIGHT_c9592fe79d4433fa,c9592fe79d4433fa,c9592fe79d4433fa,60,NONE,nan,nan,ORIGINAL_MANEUVER_SUFFIX_CURRENT_HARD_VALID
DVE012,DEVELOPMENT,CONTINUATION,COMPLETE,COMPLETE,0,0,0,1,0,0,0,0,GQSC_S1_MAIN_LEXICOGRAPHIC_RIGHT_c9592fe79d4433fa,c9592fe79d4433fa,NONE,0,NONE,nan,nan,EXPANDED_OBSTACLE_REGION_FULLY_PASSED
DVE012,DEVELOPMENT,NEW_OBSTACLE,FRESH,FRESH_SELECTED,1,1,0,0,0,1,0,1,GQSC_S1_MAIN_LEXICOGRAPHIC_RIGHT_c9592fe79d4433fa,c9592fe79d4433fa,c9592fe79d4433fa,60,NONE,5.1730645218594828,5.1730645218594828,FRESH_HARD_VALID_P3_M1
DVE012,DEVELOPMENT,NEW_OBSTACLE,INVALIDATE_AND_FALLBACK,INVALIDATED,0,0,1,0,1,0,1,1,GQSC_S1_MAIN_LEXICOGRAPHIC_RIGHT_c9592fe79d4433fa,c9592fe79d4433fa,c9592fe79d4433fa,60,NO_SAFE_PATH,nan,nan,CURRENT_RAW_OBSTACLE_COLLISION:d-offset intersects an inflated static-obstacle box
DVE013,DEVELOPMENT,NOT_ELIGIBLE,SKIP,IDLE,0,0,0,0,0,0,0,0,NONE,NONE,NONE,0,NONE,nan,nan,NO_FROZEN_HARD_VALID:GQSC_S1_FROZEN_ENTRY
DVE014,DEVELOPMENT,CONTINUATION,FRESH,FRESH_SELECTED,1,1,0,0,0,1,0,1,GQSC_S1_MAIN_LEXICOGRAPHIC_RIGHT_688f323ac5b5281a,688f323ac5b5281a,688f323ac5b5281a,95,NONE,5.1754810768159043,5.1754810768159043,FRESH_HARD_VALID_P3_M1
DVE014,DEVELOPMENT,CONTINUATION,HELD_SAME_INPUT,COMMITTED,1,0,0,0,1,1,0,0,GQSC_S1_MAIN_LEXICOGRAPHIC_RIGHT_688f323ac5b5281a,688f323ac5b5281a,00691c50c99a112f,93,NONE,nan,nan,ORIGINAL_MANEUVER_COMMITTED_CURRENT_HARD_VALID
DVE014,DEVELOPMENT,CONTINUATION,GUARD_FAIL_RAW_PASS,CONTINUING,1,0,0,0,1,1,0,0,GQSC_S1_MAIN_LEXICOGRAPHIC_RIGHT_688f323ac5b5281a,688f323ac5b5281a,00691c50c99a112f,93,NONE,nan,nan,ORIGINAL_MANEUVER_SUFFIX_CURRENT_HARD_VALID
DVE014,DEVELOPMENT,CONTINUATION,OBSTACLE_DISAPPEARANCE,CONTINUING,1,0,0,0,1,1,0,0,GQSC_S1_MAIN_LEXICOGRAPHIC_RIGHT_688f323ac5b5281a,688f323ac5b5281a,00691c50c99a112f,93,NONE,nan,nan,ORIGINAL_MANEUVER_SUFFIX_CURRENT_HARD_VALID
DVE014,DEVELOPMENT,CONTINUATION,FORWARD_TRIM,CONTINUING,1,0,0,0,1,1,0,0,GQSC_S1_MAIN_LEXICOGRAPHIC_RIGHT_688f323ac5b5281a,688f323ac5b5281a,00691c50c99a112f,93,NONE,nan,nan,ORIGINAL_MANEUVER_SUFFIX_CURRENT_HARD_VALID
DVE014,DEVELOPMENT,CONTINUATION,COMPLETE,COMPLETE,0,0,0,1,0,0,0,0,GQSC_S1_MAIN_LEXICOGRAPHIC_RIGHT_688f323ac5b5281a,688f323ac5b5281a,NONE,0,NONE,nan,nan,EXPANDED_OBSTACLE_REGION_FULLY_PASSED
DVE014,DEVELOPMENT,NEW_OBSTACLE,FRESH,FRESH_SELECTED,1,1,0,0,0,1,0,1,GQSC_S1_MAIN_LEXICOGRAPHIC_RIGHT_688f323ac5b5281a,688f323ac5b5281a,688f323ac5b5281a,95,NONE,5.1754810768159043,5.1754810768159043,FRESH_HARD_VALID_P3_M1
DVE014,DEVELOPMENT,NEW_OBSTACLE,INVALIDATE_AND_FALLBACK,INVALIDATED,0,0,1,0,1,0,1,1,GQSC_S1_MAIN_LEXICOGRAPHIC_RIGHT_688f323ac5b5281a,688f323ac5b5281a,00691c50c99a112f,93,NO_SAFE_PATH,nan,nan,CURRENT_RAW_OBSTACLE_COLLISION:d-offset intersects an inflated static-obstacle box
DVE015,DEVELOPMENT,CONTINUATION,FRESH,FRESH_SELECTED,1,1,0,0,0,1,0,1,GQSC_S1_MAIN_LEXICOGRAPHIC_RIGHT_cebf7cd727e69b5b,cebf7cd727e69b5b,cebf7cd727e69b5b,60,NONE,5.2201512649553461,5.2201512649553461,FRESH_HARD_VALID_P3_M1
DVE015,DEVELOPMENT,CONTINUATION,HELD_SAME_INPUT,COMMITTED,1,0,0,0,1,1,0,0,GQSC_S1_MAIN_LEXICOGRAPHIC_RIGHT_cebf7cd727e69b5b,cebf7cd727e69b5b,cebf7cd727e69b5b,60,NONE,nan,nan,ORIGINAL_MANEUVER_COMMITTED_CURRENT_HARD_VALID
DVE015,DEVELOPMENT,CONTINUATION,GUARD_FAIL_RAW_PASS,CONTINUING,1,0,0,0,1,1,1,1,GQSC_S1_MAIN_LEXICOGRAPHIC_RIGHT_cebf7cd727e69b5b,cebf7cd727e69b5b,cebf7cd727e69b5b,60,NONE,nan,nan,GUARD_SOFT_OBSTACLE_VIOLATION_PENDING_RAW_HARD_VALID
DVE015,DEVELOPMENT,CONTINUATION,OBSTACLE_DISAPPEARANCE,CONTINUING,1,0,0,0,1,1,0,0,GQSC_S1_MAIN_LEXICOGRAPHIC_RIGHT_cebf7cd727e69b5b,cebf7cd727e69b5b,cebf7cd727e69b5b,60,NONE,nan,nan,ORIGINAL_MANEUVER_SUFFIX_CURRENT_HARD_VALID
DVE015,DEVELOPMENT,CONTINUATION,FORWARD_TRIM,CONTINUING,1,0,0,0,1,1,0,0,GQSC_S1_MAIN_LEXICOGRAPHIC_RIGHT_cebf7cd727e69b5b,cebf7cd727e69b5b,cebf7cd727e69b5b,60,NONE,nan,nan,ORIGINAL_MANEUVER_SUFFIX_CURRENT_HARD_VALID
DVE015,DEVELOPMENT,CONTINUATION,COMPLETE,COMPLETE,0,0,0,1,0,0,0,0,GQSC_S1_MAIN_LEXICOGRAPHIC_RIGHT_cebf7cd727e69b5b,cebf7cd727e69b5b,NONE,0,NONE,nan,nan,EXPANDED_OBSTACLE_REGION_FULLY_PASSED
DVE015,DEVELOPMENT,NEW_OBSTACLE,FRESH,FRESH_SELECTED,1,1,0,0,0,1,0,1,GQSC_S1_MAIN_LEXICOGRAPHIC_RIGHT_cebf7cd727e69b5b,cebf7cd727e69b5b,cebf7cd727e69b5b,60,NONE,5.2201512649553461,5.2201512649553461,FRESH_HARD_VALID_P3_M1
DVE015,DEVELOPMENT,NEW_OBSTACLE,INVALIDATE_AND_FALLBACK,INVALIDATED,0,0,1,0,1,0,1,1,GQSC_S1_MAIN_LEXICOGRAPHIC_RIGHT_cebf7cd727e69b5b,cebf7cd727e69b5b,cebf7cd727e69b5b,60,NO_SAFE_PATH,nan,nan,CURRENT_RAW_OBSTACLE_COLLISION:d-offset intersects an inflated static-obstacle box
DVE016,DEVELOPMENT,NOT_ELIGIBLE,SKIP,IDLE,0,0,0,0,0,0,0,0,NONE,NONE,NONE,0,NONE,nan,nan,NO_FROZEN_HARD_VALID:GQSC_S1_FROZEN_ENTRY
DVE017,DEVELOPMENT,CONTINUATION,FRESH,FRESH_SELECTED,1,1,0,0,0,1,0,1,GQSC_S1_MAIN_COVERAGE_RIGHT_5fc1bc133385802f,5fc1bc133385802f,5fc1bc133385802f,61,NONE,5.3688029092828771,5.3688029092828771,FRESH_HARD_VALID_P3_M1
DVE017,DEVELOPMENT,CONTINUATION,HELD_SAME_INPUT,COMMITTED,1,0,0,0,1,1,0,0,GQSC_S1_MAIN_COVERAGE_RIGHT_5fc1bc133385802f,5fc1bc133385802f,5fc1bc133385802f,61,NONE,nan,nan,ORIGINAL_MANEUVER_COMMITTED_CURRENT_HARD_VALID
DVE017,DEVELOPMENT,CONTINUATION,GUARD_FAIL_RAW_PASS,CONTINUING,1,0,0,0,1,1,1,1,GQSC_S1_MAIN_COVERAGE_RIGHT_5fc1bc133385802f,5fc1bc133385802f,5fc1bc133385802f,61,NONE,nan,nan,GUARD_SOFT_OBSTACLE_VIOLATION_PENDING_RAW_HARD_VALID
DVE017,DEVELOPMENT,CONTINUATION,OBSTACLE_DISAPPEARANCE,CONTINUING,1,0,0,0,1,1,0,0,GQSC_S1_MAIN_COVERAGE_RIGHT_5fc1bc133385802f,5fc1bc133385802f,5fc1bc133385802f,61,NONE,nan,nan,ORIGINAL_MANEUVER_SUFFIX_CURRENT_HARD_VALID
DVE017,DEVELOPMENT,CONTINUATION,FORWARD_TRIM,CONTINUING,1,0,0,0,1,1,0,0,GQSC_S1_MAIN_COVERAGE_RIGHT_5fc1bc133385802f,5fc1bc133385802f,5fc1bc133385802f,61,NONE,nan,nan,ORIGINAL_MANEUVER_SUFFIX_CURRENT_HARD_VALID
DVE017,DEVELOPMENT,CONTINUATION,COMPLETE,COMPLETE,0,0,0,1,0,0,0,0,GQSC_S1_MAIN_COVERAGE_RIGHT_5fc1bc133385802f,5fc1bc133385802f,NONE,0,NONE,nan,nan,EXPANDED_OBSTACLE_REGION_FULLY_PASSED
DVE017,DEVELOPMENT,NEW_OBSTACLE,FRESH,FRESH_SELECTED,1,1,0,0,0,1,0,1,GQSC_S1_MAIN_COVERAGE_RIGHT_5fc1bc133385802f,5fc1bc133385802f,5fc1bc133385802f,61,NONE,5.3688029092828771,5.3688029092828771,FRESH_HARD_VALID_P3_M1
DVE017,DEVELOPMENT,NEW_OBSTACLE,INVALIDATE_AND_FALLBACK,INVALIDATED,0,0,1,0,1,0,1,1,GQSC_S1_MAIN_COVERAGE_RIGHT_5fc1bc133385802f,5fc1bc133385802f,5fc1bc133385802f,61,NO_SAFE_PATH,nan,nan,CURRENT_RAW_OBSTACLE_COLLISION:d-offset intersects an inflated static-obstacle box
DVE018,DEVELOPMENT,CONTINUATION,FRESH,FRESH_SELECTED,1,1,0,0,0,1,0,1,GQSC_S1_MAIN_LEXICOGRAPHIC_RIGHT_08dd6c73cd03a774,08dd6c73cd03a774,08dd6c73cd03a774,95,NONE,5.1764040549214094,5.1764040549214094,FRESH_HARD_VALID_P3_M1
DVE018,DEVELOPMENT,CONTINUATION,HELD_SAME_INPUT,COMMITTED,1,0,0,0,1,1,0,0,GQSC_S1_MAIN_LEXICOGRAPHIC_RIGHT_08dd6c73cd03a774,08dd6c73cd03a774,43b5af739ac13e0b,92,NONE,nan,nan,ORIGINAL_MANEUVER_COMMITTED_CURRENT_HARD_VALID
DVE018,DEVELOPMENT,CONTINUATION,GUARD_FAIL_RAW_PASS,CONTINUING,1,0,0,0,1,1,0,0,GQSC_S1_MAIN_LEXICOGRAPHIC_RIGHT_08dd6c73cd03a774,08dd6c73cd03a774,43b5af739ac13e0b,92,NONE,nan,nan,ORIGINAL_MANEUVER_SUFFIX_CURRENT_HARD_VALID
DVE018,DEVELOPMENT,CONTINUATION,OBSTACLE_DISAPPEARANCE,CONTINUING,1,0,0,0,1,1,0,0,GQSC_S1_MAIN_LEXICOGRAPHIC_RIGHT_08dd6c73cd03a774,08dd6c73cd03a774,43b5af739ac13e0b,92,NONE,nan,nan,ORIGINAL_MANEUVER_SUFFIX_CURRENT_HARD_VALID
DVE018,DEVELOPMENT,CONTINUATION,FORWARD_TRIM,CONTINUING,1,0,0,0,1,1,0,0,GQSC_S1_MAIN_LEXICOGRAPHIC_RIGHT_08dd6c73cd03a774,08dd6c73cd03a774,43b5af739ac13e0b,92,NONE,nan,nan,ORIGINAL_MANEUVER_SUFFIX_CURRENT_HARD_VALID
DVE018,DEVELOPMENT,CONTINUATION,COMPLETE,COMPLETE,0,0,0,1,0,0,0,0,GQSC_S1_MAIN_LEXICOGRAPHIC_RIGHT_08dd6c73cd03a774,08dd6c73cd03a774,NONE,0,NONE,nan,nan,EXPANDED_OBSTACLE_REGION_FULLY_PASSED
DVE018,DEVELOPMENT,NEW_OBSTACLE,FRESH,FRESH_SELECTED,1,1,0,0,0,1,0,1,GQSC_S1_MAIN_LEXICOGRAPHIC_RIGHT_08dd6c73cd03a774,08dd6c73cd03a774,08dd6c73cd03a774,95,NONE,5.1764040549214094,5.1764040549214094,FRESH_HARD_VALID_P3_M1
DVE018,DEVELOPMENT,NEW_OBSTACLE,INVALIDATE_AND_FALLBACK,INVALIDATED,0,0,1,0,1,0,1,1,GQSC_S1_MAIN_LEXICOGRAPHIC_RIGHT_08dd6c73cd03a774,08dd6c73cd03a774,43b5af739ac13e0b,92,NO_SAFE_PATH,nan,nan,CURRENT_RAW_OBSTACLE_COLLISION:d-offset intersects an inflated static-obstacle box
DVE019,DEVELOPMENT,CONTINUATION,FRESH,FRESH_SELECTED,1,1,0,0,0,1,0,1,GQSC_S1_MAIN_LEXICOGRAPHIC_RIGHT_478371406d540558,478371406d540558,478371406d540558,98,NONE,6.1564783102357516,6.1564783102357516,FRESH_HARD_VALID_P3_M1
DVE019,DEVELOPMENT,CONTINUATION,HELD_SAME_INPUT,COMMITTED,1,0,0,0,1,1,0,0,GQSC_S1_MAIN_LEXICOGRAPHIC_RIGHT_478371406d540558,478371406d540558,76c772ea31d9ca38,92,NONE,nan,nan,ORIGINAL_MANEUVER_COMMITTED_CURRENT_HARD_VALID
DVE019,DEVELOPMENT,CONTINUATION,GUARD_FAIL_RAW_PASS,CONTINUING,1,0,0,0,1,1,1,1,GQSC_S1_MAIN_LEXICOGRAPHIC_RIGHT_478371406d540558,478371406d540558,76c772ea31d9ca38,92,NONE,nan,nan,GUARD_SOFT_OBSTACLE_VIOLATION_PENDING_RAW_HARD_VALID
DVE019,DEVELOPMENT,CONTINUATION,OBSTACLE_DISAPPEARANCE,CONTINUING,1,0,0,0,1,1,0,0,GQSC_S1_MAIN_LEXICOGRAPHIC_RIGHT_478371406d540558,478371406d540558,76c772ea31d9ca38,92,NONE,nan,nan,ORIGINAL_MANEUVER_SUFFIX_CURRENT_HARD_VALID
DVE019,DEVELOPMENT,CONTINUATION,FORWARD_TRIM,CONTINUING,1,0,0,0,1,1,0,0,GQSC_S1_MAIN_LEXICOGRAPHIC_RIGHT_478371406d540558,478371406d540558,bb62ec7b9a5ac068,93,NONE,nan,nan,ORIGINAL_MANEUVER_SUFFIX_CURRENT_HARD_VALID
DVE019,DEVELOPMENT,CONTINUATION,COMPLETE,COMPLETE,0,0,0,1,0,0,0,0,GQSC_S1_MAIN_LEXICOGRAPHIC_RIGHT_478371406d540558,478371406d540558,NONE,0,NONE,nan,nan,EXPANDED_OBSTACLE_REGION_FULLY_PASSED
DVE019,DEVELOPMENT,NEW_OBSTACLE,FRESH,FRESH_SELECTED,1,1,0,0,0,1,0,1,GQSC_S1_MAIN_LEXICOGRAPHIC_RIGHT_478371406d540558,478371406d540558,478371406d540558,98,NONE,6.1564783102357516,6.1564783102357516,FRESH_HARD_VALID_P3_M1
DVE019,DEVELOPMENT,NEW_OBSTACLE,INVALIDATE_AND_FALLBACK,INVALIDATED,0,0,1,0,1,0,1,1,GQSC_S1_MAIN_LEXICOGRAPHIC_RIGHT_478371406d540558,478371406d540558,76c772ea31d9ca38,92,NO_SAFE_PATH,nan,nan,CURRENT_RAW_OBSTACLE_COLLISION:d-offset intersects an inflated static-obstacle box
DVE020,DEVELOPMENT,CONTINUATION,FRESH,FRESH_SELECTED,1,1,0,0,0,1,0,1,GQSC_S1_MAIN_LEXICOGRAPHIC_RIGHT_cf86fe0c77b35947,cf86fe0c77b35947,cf86fe0c77b35947,35,NONE,5.6330418170752417,5.6330418170752417,FRESH_HARD_VALID_P3_M1
DVE020,DEVELOPMENT,CONTINUATION,HELD_SAME_INPUT,COMMITTED,1,0,0,0,1,1,0,0,GQSC_S1_MAIN_LEXICOGRAPHIC_RIGHT_cf86fe0c77b35947,cf86fe0c77b35947,cf86fe0c77b35947,35,NONE,nan,nan,ORIGINAL_MANEUVER_COMMITTED_CURRENT_HARD_VALID
DVE020,DEVELOPMENT,CONTINUATION,GUARD_FAIL_RAW_PASS,CONTINUING,1,0,0,0,1,1,1,1,GQSC_S1_MAIN_LEXICOGRAPHIC_RIGHT_cf86fe0c77b35947,cf86fe0c77b35947,cf86fe0c77b35947,35,NONE,nan,nan,GUARD_SOFT_OBSTACLE_VIOLATION_PENDING_RAW_HARD_VALID
DVE020,DEVELOPMENT,CONTINUATION,OBSTACLE_DISAPPEARANCE,CONTINUING,1,0,0,0,1,1,0,0,GQSC_S1_MAIN_LEXICOGRAPHIC_RIGHT_cf86fe0c77b35947,cf86fe0c77b35947,cf86fe0c77b35947,35,NONE,nan,nan,ORIGINAL_MANEUVER_SUFFIX_CURRENT_HARD_VALID
DVE020,DEVELOPMENT,CONTINUATION,FORWARD_TRIM,CONTINUING,1,0,0,0,1,1,0,0,GQSC_S1_MAIN_LEXICOGRAPHIC_RIGHT_cf86fe0c77b35947,cf86fe0c77b35947,b7ec6d7dc4f2a91f,34,NONE,nan,nan,ORIGINAL_MANEUVER_SUFFIX_CURRENT_HARD_VALID
DVE020,DEVELOPMENT,CONTINUATION,COMPLETE,COMPLETE,0,0,0,1,0,0,0,0,GQSC_S1_MAIN_LEXICOGRAPHIC_RIGHT_cf86fe0c77b35947,cf86fe0c77b35947,NONE,0,NONE,nan,nan,EXPANDED_OBSTACLE_REGION_FULLY_PASSED
DVE020,DEVELOPMENT,NEW_OBSTACLE,FRESH,FRESH_SELECTED,1,1,0,0,0,1,0,1,GQSC_S1_MAIN_LEXICOGRAPHIC_RIGHT_cf86fe0c77b35947,cf86fe0c77b35947,cf86fe0c77b35947,35,NONE,5.6330418170752417,5.6330418170752417,FRESH_HARD_VALID_P3_M1
DVE020,DEVELOPMENT,NEW_OBSTACLE,INVALIDATE_AND_FALLBACK,INVALIDATED,0,0,1,0,1,0,1,1,GQSC_S1_MAIN_LEXICOGRAPHIC_RIGHT_cf86fe0c77b35947,cf86fe0c77b35947,cf86fe0c77b35947,35,NO_SAFE_PATH,nan,nan,CURRENT_RAW_OBSTACLE_COLLISION:d-offset intersects an inflated static-obstacle box
DVE021,DEVELOPMENT,NOT_ELIGIBLE,SKIP,IDLE,0,0,0,0,0,0,0,0,NONE,NONE,NONE,0,NONE,nan,nan,NO_FROZEN_HARD_VALID:GQSC_S1_FROZEN_ENTRY
DVE022,DEVELOPMENT,CONTINUATION,FRESH,FRESH_SELECTED,1,1,0,0,0,1,0,1,GQSC_S1_MAIN_COVERAGE_LEFT_7fad5d9fbdbb290c,7fad5d9fbdbb290c,7fad5d9fbdbb290c,185,NONE,5.7090216205187119,5.7090216205187119,FRESH_HARD_VALID_P3_M1
DVE022,DEVELOPMENT,CONTINUATION,HELD_SAME_INPUT,COMMITTED,1,0,0,0,1,1,0,0,GQSC_S1_MAIN_COVERAGE_LEFT_7fad5d9fbdbb290c,7fad5d9fbdbb290c,754b763ebbe05469,93,NONE,nan,nan,ORIGINAL_MANEUVER_COMMITTED_CURRENT_HARD_VALID
DVE022,DEVELOPMENT,CONTINUATION,GUARD_FAIL_RAW_PASS,CONTINUING,1,0,0,0,1,1,1,1,GQSC_S1_MAIN_COVERAGE_LEFT_7fad5d9fbdbb290c,7fad5d9fbdbb290c,754b763ebbe05469,93,NONE,nan,nan,GUARD_SOFT_OBSTACLE_VIOLATION_PENDING_RAW_HARD_VALID
DVE022,DEVELOPMENT,CONTINUATION,OBSTACLE_DISAPPEARANCE,CONTINUING,1,0,0,0,1,1,0,0,GQSC_S1_MAIN_COVERAGE_LEFT_7fad5d9fbdbb290c,7fad5d9fbdbb290c,754b763ebbe05469,93,NONE,nan,nan,ORIGINAL_MANEUVER_SUFFIX_CURRENT_HARD_VALID
DVE022,DEVELOPMENT,CONTINUATION,FORWARD_TRIM,CONTINUING,1,0,0,0,1,1,0,0,GQSC_S1_MAIN_COVERAGE_LEFT_7fad5d9fbdbb290c,7fad5d9fbdbb290c,6664e67faccb9297,93,NONE,nan,nan,ORIGINAL_MANEUVER_SUFFIX_CURRENT_HARD_VALID
DVE022,DEVELOPMENT,CONTINUATION,COMPLETE,COMPLETE,0,0,0,1,0,0,0,0,GQSC_S1_MAIN_COVERAGE_LEFT_7fad5d9fbdbb290c,7fad5d9fbdbb290c,NONE,0,NONE,nan,nan,EXPANDED_OBSTACLE_REGION_FULLY_PASSED
DVE022,DEVELOPMENT,NEW_OBSTACLE,FRESH,FRESH_SELECTED,1,1,0,0,0,1,0,1,GQSC_S1_MAIN_COVERAGE_LEFT_7fad5d9fbdbb290c,7fad5d9fbdbb290c,7fad5d9fbdbb290c,185,NONE,5.7090216205187119,5.7090216205187119,FRESH_HARD_VALID_P3_M1
DVE022,DEVELOPMENT,NEW_OBSTACLE,INVALIDATE_AND_FALLBACK,INVALIDATED,0,0,1,0,1,0,1,1,GQSC_S1_MAIN_COVERAGE_LEFT_7fad5d9fbdbb290c,7fad5d9fbdbb290c,754b763ebbe05469,93,NO_SAFE_PATH,nan,nan,CURRENT_RAW_OBSTACLE_COLLISION:d-offset intersects an inflated static-obstacle box
DVE023,DEVELOPMENT,NOT_ELIGIBLE,SKIP,IDLE,0,0,0,0,0,0,0,0,NONE,NONE,NONE,0,NONE,nan,nan,NO_FROZEN_HARD_VALID:GQSC_S1_FROZEN_ENTRY
DVE024,DEVELOPMENT,CONTINUATION,FRESH,FRESH_SELECTED,1,1,0,0,0,1,0,1,GQSC_S1_MAIN_LEXICOGRAPHIC_RIGHT_ba34849e0919dfa8,ba34849e0919dfa8,ba34849e0919dfa8,60,NONE,1.1206386641861523,1.1206386641861523,FRESH_HARD_VALID_P3_M1
DVE024,DEVELOPMENT,CONTINUATION,HELD_SAME_INPUT,COMMITTED,1,0,0,0,1,1,0,0,GQSC_S1_MAIN_LEXICOGRAPHIC_RIGHT_ba34849e0919dfa8,ba34849e0919dfa8,ba34849e0919dfa8,60,NONE,nan,nan,ORIGINAL_MANEUVER_COMMITTED_CURRENT_HARD_VALID
DVE024,DEVELOPMENT,CONTINUATION,GUARD_FAIL_RAW_PASS,CONTINUING,1,0,0,0,1,1,0,0,GQSC_S1_MAIN_LEXICOGRAPHIC_RIGHT_ba34849e0919dfa8,ba34849e0919dfa8,ba34849e0919dfa8,60,NONE,nan,nan,ORIGINAL_MANEUVER_SUFFIX_CURRENT_HARD_VALID
DVE024,DEVELOPMENT,CONTINUATION,OBSTACLE_DISAPPEARANCE,CONTINUING,1,0,0,0,1,1,0,0,GQSC_S1_MAIN_LEXICOGRAPHIC_RIGHT_ba34849e0919dfa8,ba34849e0919dfa8,ba34849e0919dfa8,60,NONE,nan,nan,ORIGINAL_MANEUVER_SUFFIX_CURRENT_HARD_VALID
DVE024,DEVELOPMENT,CONTINUATION,FORWARD_TRIM,CONTINUING,1,0,0,0,1,1,0,0,GQSC_S1_MAIN_LEXICOGRAPHIC_RIGHT_ba34849e0919dfa8,ba34849e0919dfa8,ba34849e0919dfa8,60,NONE,nan,nan,ORIGINAL_MANEUVER_SUFFIX_CURRENT_HARD_VALID
DVE024,DEVELOPMENT,CONTINUATION,COMPLETE,COMPLETE,0,0,0,1,0,0,0,0,GQSC_S1_MAIN_LEXICOGRAPHIC_RIGHT_ba34849e0919dfa8,ba34849e0919dfa8,NONE,0,NONE,nan,nan,EXPANDED_OBSTACLE_REGION_FULLY_PASSED
DVE024,DEVELOPMENT,NEW_OBSTACLE,FRESH,FRESH_SELECTED,1,1,0,0,0,1,0,1,GQSC_S1_MAIN_LEXICOGRAPHIC_RIGHT_ba34849e0919dfa8,ba34849e0919dfa8,ba34849e0919dfa8,60,NONE,1.1206386641861523,1.1206386641861523,FRESH_HARD_VALID_P3_M1
DVE024,DEVELOPMENT,NEW_OBSTACLE,INVALIDATE_AND_FALLBACK,INVALIDATED,0,0,1,0,1,0,1,1,GQSC_S1_MAIN_LEXICOGRAPHIC_RIGHT_ba34849e0919dfa8,ba34849e0919dfa8,ba34849e0919dfa8,60,NO_SAFE_PATH,nan,nan,CURRENT_RAW_OBSTACLE_COLLISION:d-offset intersects an inflated static-obstacle box
DVE025,DEVELOPMENT,NOT_ELIGIBLE,SKIP,IDLE,0,0,0,0,0,0,0,0,NONE,NONE,NONE,0,NONE,nan,nan,NO_FROZEN_HARD_VALID:GQSC_S1_FROZEN_ENTRY
DVE026,DEVELOPMENT,NOT_ELIGIBLE,SKIP,IDLE,0,0,0,0,0,0,0,0,NONE,NONE,NONE,0,NONE,nan,nan,NO_FROZEN_HARD_VALID:GQSC_S1_FROZEN_ENTRY
DVE027,DEVELOPMENT,NOT_ELIGIBLE,SKIP,IDLE,0,0,0,0,0,0,0,0,NONE,NONE,NONE,0,NONE,nan,nan,NO_FROZEN_HARD_VALID:GQSC_S1_FROZEN_ENTRY
DVE028,DEVELOPMENT,CONTINUATION,FRESH,FRESH_SELECTED,1,1,0,0,0,1,0,1,GQSC_S1_MAIN_LEXICOGRAPHIC_LEFT_c2689998875add3c,c2689998875add3c,c2689998875add3c,185,NONE,5.2678054794127114,5.2678054794127114,FRESH_HARD_VALID_P3_M1
DVE028,DEVELOPMENT,CONTINUATION,HELD_SAME_INPUT,COMMITTED,1,0,0,0,1,1,0,0,GQSC_S1_MAIN_LEXICOGRAPHIC_LEFT_c2689998875add3c,c2689998875add3c,3188a53ad200d59c,93,NONE,nan,nan,ORIGINAL_MANEUVER_COMMITTED_CURRENT_HARD_VALID
DVE028,DEVELOPMENT,CONTINUATION,GUARD_FAIL_RAW_PASS,CONTINUING,1,0,0,0,1,1,0,0,GQSC_S1_MAIN_LEXICOGRAPHIC_LEFT_c2689998875add3c,c2689998875add3c,3188a53ad200d59c,93,NONE,nan,nan,ORIGINAL_MANEUVER_SUFFIX_CURRENT_HARD_VALID
DVE028,DEVELOPMENT,CONTINUATION,OBSTACLE_DISAPPEARANCE,CONTINUING,1,0,0,0,1,1,0,0,GQSC_S1_MAIN_LEXICOGRAPHIC_LEFT_c2689998875add3c,c2689998875add3c,3188a53ad200d59c,93,NONE,nan,nan,ORIGINAL_MANEUVER_SUFFIX_CURRENT_HARD_VALID
DVE028,DEVELOPMENT,CONTINUATION,FORWARD_TRIM,CONTINUING,1,0,0,0,1,1,0,0,GQSC_S1_MAIN_LEXICOGRAPHIC_LEFT_c2689998875add3c,c2689998875add3c,3188a53ad200d59c,93,NONE,nan,nan,ORIGINAL_MANEUVER_SUFFIX_CURRENT_HARD_VALID
DVE028,DEVELOPMENT,CONTINUATION,COMPLETE,COMPLETE,0,0,0,1,0,0,0,0,GQSC_S1_MAIN_LEXICOGRAPHIC_LEFT_c2689998875add3c,c2689998875add3c,NONE,0,NONE,nan,nan,EXPANDED_OBSTACLE_REGION_FULLY_PASSED
DVE028,DEVELOPMENT,NEW_OBSTACLE,FRESH,FRESH_SELECTED,1,1,0,0,0,1,0,1,GQSC_S1_MAIN_LEXICOGRAPHIC_LEFT_c2689998875add3c,c2689998875add3c,c2689998875add3c,185,NONE,5.2678054794127114,5.2678054794127114,FRESH_HARD_VALID_P3_M1
DVE028,DEVELOPMENT,NEW_OBSTACLE,INVALIDATE_AND_FALLBACK,INVALIDATED,0,0,1,0,1,0,1,1,GQSC_S1_MAIN_LEXICOGRAPHIC_LEFT_c2689998875add3c,c2689998875add3c,3188a53ad200d59c,93,NO_SAFE_PATH,nan,nan,CURRENT_RAW_OBSTACLE_COLLISION:d-offset intersects an inflated static-obstacle box
DVE029,DEVELOPMENT,CONTINUATION,FRESH,FRESH_SELECTED,1,1,0,0,0,1,0,1,GQSC_S1_MAIN_LEXICOGRAPHIC_RIGHT_773b52090be7cece,773b52090be7cece,773b52090be7cece,109,NONE,5.2478203562989947,5.2478203562989947,FRESH_HARD_VALID_P3_M1
DVE029,DEVELOPMENT,CONTINUATION,HELD_SAME_INPUT,COMMITTED,1,0,0,0,1,1,0,0,GQSC_S1_MAIN_LEXICOGRAPHIC_RIGHT_773b52090be7cece,773b52090be7cece,21d285059b12181d,92,NONE,nan,nan,ORIGINAL_MANEUVER_COMMITTED_CURRENT_HARD_VALID
DVE029,DEVELOPMENT,CONTINUATION,GUARD_FAIL_RAW_PASS,CONTINUING,1,0,0,0,1,1,0,0,GQSC_S1_MAIN_LEXICOGRAPHIC_RIGHT_773b52090be7cece,773b52090be7cece,21d285059b12181d,92,NONE,nan,nan,ORIGINAL_MANEUVER_SUFFIX_CURRENT_HARD_VALID
DVE029,DEVELOPMENT,CONTINUATION,OBSTACLE_DISAPPEARANCE,CONTINUING,1,0,0,0,1,1,0,0,GQSC_S1_MAIN_LEXICOGRAPHIC_RIGHT_773b52090be7cece,773b52090be7cece,21d285059b12181d,92,NONE,nan,nan,ORIGINAL_MANEUVER_SUFFIX_CURRENT_HARD_VALID
DVE029,DEVELOPMENT,CONTINUATION,FORWARD_TRIM,CONTINUING,1,0,0,0,1,1,0,0,GQSC_S1_MAIN_LEXICOGRAPHIC_RIGHT_773b52090be7cece,773b52090be7cece,21d285059b12181d,92,NONE,nan,nan,ORIGINAL_MANEUVER_SUFFIX_CURRENT_HARD_VALID
DVE029,DEVELOPMENT,CONTINUATION,COMPLETE,COMPLETE,0,0,0,1,0,0,0,0,GQSC_S1_MAIN_LEXICOGRAPHIC_RIGHT_773b52090be7cece,773b52090be7cece,NONE,0,NONE,nan,nan,EXPANDED_OBSTACLE_REGION_FULLY_PASSED
DVE029,DEVELOPMENT,NEW_OBSTACLE,FRESH,FRESH_SELECTED,1,1,0,0,0,1,0,1,GQSC_S1_MAIN_LEXICOGRAPHIC_RIGHT_773b52090be7cece,773b52090be7cece,773b52090be7cece,109,NONE,5.2478203562989947,5.2478203562989947,FRESH_HARD_VALID_P3_M1
DVE029,DEVELOPMENT,NEW_OBSTACLE,INVALIDATE_AND_FALLBACK,INVALIDATED,0,0,1,0,1,0,1,1,GQSC_S1_MAIN_LEXICOGRAPHIC_RIGHT_773b52090be7cece,773b52090be7cece,21d285059b12181d,92,NO_SAFE_PATH,nan,nan,CURRENT_RAW_OBSTACLE_COLLISION:d-offset intersects an inflated static-obstacle box
DVE030,DEVELOPMENT,CONTINUATION,FRESH,FRESH_SELECTED,1,1,0,0,0,1,0,1,GQSC_S1_MAIN_LEXICOGRAPHIC_LEFT_7bfffdb6149d2531,7bfffdb6149d2531,7bfffdb6149d2531,34,NONE,4.4004657208201046,4.4004657208201046,FRESH_HARD_VALID_P3_M1
DVE030,DEVELOPMENT,CONTINUATION,HELD_SAME_INPUT,COMMITTED,1,0,0,0,1,1,0,0,GQSC_S1_MAIN_LEXICOGRAPHIC_LEFT_7bfffdb6149d2531,7bfffdb6149d2531,7bfffdb6149d2531,34,NONE,nan,nan,ORIGINAL_MANEUVER_COMMITTED_CURRENT_HARD_VALID
DVE030,DEVELOPMENT,CONTINUATION,GUARD_FAIL_RAW_PASS,CONTINUING,1,0,0,0,1,1,1,1,GQSC_S1_MAIN_LEXICOGRAPHIC_LEFT_7bfffdb6149d2531,7bfffdb6149d2531,7bfffdb6149d2531,34,NONE,nan,nan,GUARD_SOFT_OBSTACLE_VIOLATION_PENDING_RAW_HARD_VALID
DVE030,DEVELOPMENT,CONTINUATION,OBSTACLE_DISAPPEARANCE,CONTINUING,1,0,0,0,1,1,0,0,GQSC_S1_MAIN_LEXICOGRAPHIC_LEFT_7bfffdb6149d2531,7bfffdb6149d2531,7bfffdb6149d2531,34,NONE,nan,nan,ORIGINAL_MANEUVER_SUFFIX_CURRENT_HARD_VALID
DVE030,DEVELOPMENT,CONTINUATION,FORWARD_TRIM,CONTINUING,1,0,0,0,1,1,0,0,GQSC_S1_MAIN_LEXICOGRAPHIC_LEFT_7bfffdb6149d2531,7bfffdb6149d2531,379888f4b819f287,33,NONE,nan,nan,ORIGINAL_MANEUVER_SUFFIX_CURRENT_HARD_VALID
DVE030,DEVELOPMENT,CONTINUATION,COMPLETE,COMPLETE,0,0,0,1,0,0,0,0,GQSC_S1_MAIN_LEXICOGRAPHIC_LEFT_7bfffdb6149d2531,7bfffdb6149d2531,NONE,0,NONE,nan,nan,EXPANDED_OBSTACLE_REGION_FULLY_PASSED
DVE030,DEVELOPMENT,NEW_OBSTACLE,FRESH,FRESH_SELECTED,1,1,0,0,0,1,0,1,GQSC_S1_MAIN_LEXICOGRAPHIC_LEFT_7bfffdb6149d2531,7bfffdb6149d2531,7bfffdb6149d2531,34,NONE,4.4004657208201046,4.4004657208201046,FRESH_HARD_VALID_P3_M1
DVE030,DEVELOPMENT,NEW_OBSTACLE,INVALIDATE_AND_FALLBACK,INVALIDATED,0,0,1,0,1,0,1,1,GQSC_S1_MAIN_LEXICOGRAPHIC_LEFT_7bfffdb6149d2531,7bfffdb6149d2531,7bfffdb6149d2531,34,NO_SAFE_PATH,nan,nan,CURRENT_RAW_OBSTACLE_COLLISION:d-offset intersects an inflated static-obstacle box
DVE031,DEVELOPMENT,CONTINUATION,FRESH,FRESH_SELECTED,1,1,0,0,0,1,0,1,GQSC_S1_MAIN_LEXICOGRAPHIC_RIGHT_48f18152a68e6dc7,48f18152a68e6dc7,48f18152a68e6dc7,60,NONE,5.1800498463330609,5.1800498463330609,FRESH_HARD_VALID_P3_M1
DVE031,DEVELOPMENT,CONTINUATION,HELD_SAME_INPUT,COMMITTED,1,0,0,0,1,1,0,0,GQSC_S1_MAIN_LEXICOGRAPHIC_RIGHT_48f18152a68e6dc7,48f18152a68e6dc7,48f18152a68e6dc7,60,NONE,nan,nan,ORIGINAL_MANEUVER_COMMITTED_CURRENT_HARD_VALID
DVE031,DEVELOPMENT,CONTINUATION,GUARD_FAIL_RAW_PASS,CONTINUING,1,0,0,0,1,1,0,0,GQSC_S1_MAIN_LEXICOGRAPHIC_RIGHT_48f18152a68e6dc7,48f18152a68e6dc7,48f18152a68e6dc7,60,NONE,nan,nan,ORIGINAL_MANEUVER_SUFFIX_CURRENT_HARD_VALID
DVE031,DEVELOPMENT,CONTINUATION,OBSTACLE_DISAPPEARANCE,CONTINUING,1,0,0,0,1,1,0,0,GQSC_S1_MAIN_LEXICOGRAPHIC_RIGHT_48f18152a68e6dc7,48f18152a68e6dc7,48f18152a68e6dc7,60,NONE,nan,nan,ORIGINAL_MANEUVER_SUFFIX_CURRENT_HARD_VALID
DVE031,DEVELOPMENT,CONTINUATION,FORWARD_TRIM,CONTINUING,1,0,0,0,1,1,0,0,GQSC_S1_MAIN_LEXICOGRAPHIC_RIGHT_48f18152a68e6dc7,48f18152a68e6dc7,48f18152a68e6dc7,60,NONE,nan,nan,ORIGINAL_MANEUVER_SUFFIX_CURRENT_HARD_VALID
DVE031,DEVELOPMENT,CONTINUATION,COMPLETE,COMPLETE,0,0,0,1,0,0,0,0,GQSC_S1_MAIN_LEXICOGRAPHIC_RIGHT_48f18152a68e6dc7,48f18152a68e6dc7,NONE,0,NONE,nan,nan,EXPANDED_OBSTACLE_REGION_FULLY_PASSED
DVE031,DEVELOPMENT,NEW_OBSTACLE,FRESH,FRESH_SELECTED,1,1,0,0,0,1,0,1,GQSC_S1_MAIN_LEXICOGRAPHIC_RIGHT_48f18152a68e6dc7,48f18152a68e6dc7,48f18152a68e6dc7,60,NONE,5.1800498463330609,5.1800498463330609,FRESH_HARD_VALID_P3_M1
DVE031,DEVELOPMENT,NEW_OBSTACLE,INVALIDATE_AND_FALLBACK,INVALIDATED,0,0,1,0,1,0,1,1,GQSC_S1_MAIN_LEXICOGRAPHIC_RIGHT_48f18152a68e6dc7,48f18152a68e6dc7,48f18152a68e6dc7,60,NO_SAFE_PATH,nan,nan,CURRENT_RAW_OBSTACLE_COLLISION:d-offset intersects an inflated static-obstacle box
DVE032,DEVELOPMENT,NOT_ELIGIBLE,SKIP,IDLE,0,0,0,0,0,0,0,0,NONE,NONE,NONE,0,NONE,nan,nan,NO_FROZEN_HARD_VALID:GQSC_S1_FROZEN_ENTRY
DVE033,DEVELOPMENT,NOT_ELIGIBLE,SKIP,IDLE,0,0,0,0,0,0,0,0,NONE,NONE,NONE,0,NONE,nan,nan,NO_FROZEN_HARD_VALID:GQSC_S1_FROZEN_ENTRY
DVE034,DEVELOPMENT,NOT_ELIGIBLE,SKIP,IDLE,0,0,0,0,0,0,0,0,NONE,NONE,NONE,0,NONE,nan,nan,NO_FROZEN_HARD_VALID:GQSC_S1_FROZEN_ENTRY
DVE035,DEVELOPMENT,NOT_ELIGIBLE,SKIP,IDLE,0,0,0,0,0,0,0,0,NONE,NONE,NONE,0,NONE,nan,nan,NO_FROZEN_HARD_VALID:GQSC_S1_FROZEN_ENTRY
DVE036,DEVELOPMENT,NOT_ELIGIBLE,SKIP,IDLE,0,0,0,0,0,0,0,0,NONE,NONE,NONE,0,NONE,nan,nan,NO_FROZEN_HARD_VALID:GQSC_S1_FROZEN_ENTRY
DVE037,DEVELOPMENT,CONTINUATION,FRESH,FRESH_SELECTED,1,1,0,0,0,1,0,1,GQSC_S1_MAIN_LEXICOGRAPHIC_LEFT_237b14031c68c366,237b14031c68c366,237b14031c68c366,38,NONE,6.3358443726211178,6.3358443726211178,FRESH_HARD_VALID_P3_M1
DVE037,DEVELOPMENT,CONTINUATION,HELD_SAME_INPUT,COMMITTED,1,0,0,0,1,1,0,0,GQSC_S1_MAIN_LEXICOGRAPHIC_LEFT_237b14031c68c366,237b14031c68c366,237b14031c68c366,38,NONE,nan,nan,ORIGINAL_MANEUVER_COMMITTED_CURRENT_HARD_VALID
DVE037,DEVELOPMENT,CONTINUATION,GUARD_FAIL_RAW_PASS,CONTINUING,1,0,0,0,1,1,1,1,GQSC_S1_MAIN_LEXICOGRAPHIC_LEFT_237b14031c68c366,237b14031c68c366,237b14031c68c366,38,NONE,nan,nan,GUARD_SOFT_OBSTACLE_VIOLATION_PENDING_RAW_HARD_VALID
DVE037,DEVELOPMENT,CONTINUATION,OBSTACLE_DISAPPEARANCE,CONTINUING,1,0,0,0,1,1,0,0,GQSC_S1_MAIN_LEXICOGRAPHIC_LEFT_237b14031c68c366,237b14031c68c366,237b14031c68c366,38,NONE,nan,nan,ORIGINAL_MANEUVER_SUFFIX_CURRENT_HARD_VALID
DVE037,DEVELOPMENT,CONTINUATION,FORWARD_TRIM,CONTINUING,1,0,0,0,1,1,0,0,GQSC_S1_MAIN_LEXICOGRAPHIC_LEFT_237b14031c68c366,237b14031c68c366,eb5541c2ab756925,37,NONE,nan,nan,ORIGINAL_MANEUVER_SUFFIX_CURRENT_HARD_VALID
DVE037,DEVELOPMENT,CONTINUATION,COMPLETE,COMPLETE,0,0,0,1,0,0,0,0,GQSC_S1_MAIN_LEXICOGRAPHIC_LEFT_237b14031c68c366,237b14031c68c366,NONE,0,NONE,nan,nan,EXPANDED_OBSTACLE_REGION_FULLY_PASSED
DVE037,DEVELOPMENT,NEW_OBSTACLE,FRESH,FRESH_SELECTED,1,1,0,0,0,1,0,1,GQSC_S1_MAIN_LEXICOGRAPHIC_LEFT_237b14031c68c366,237b14031c68c366,237b14031c68c366,38,NONE,6.3358443726211178,6.3358443726211178,FRESH_HARD_VALID_P3_M1
DVE037,DEVELOPMENT,NEW_OBSTACLE,INVALIDATE_AND_FALLBACK,INVALIDATED,0,0,1,0,1,0,1,1,GQSC_S1_MAIN_LEXICOGRAPHIC_LEFT_237b14031c68c366,237b14031c68c366,237b14031c68c366,38,NO_SAFE_PATH,nan,nan,CURRENT_RAW_OBSTACLE_COLLISION:d-offset intersects an inflated static-obstacle box
DVE038,DEVELOPMENT,CONTINUATION,FRESH,FRESH_SELECTED,1,1,0,0,0,1,0,1,GQSC_S1_MAIN_COVERAGE_RIGHT_5e5878151111a007,5e5878151111a007,5e5878151111a007,28,NONE,4.2167586159213144,4.2167586159213144,FRESH_HARD_VALID_P3_M1
DVE038,DEVELOPMENT,CONTINUATION,HELD_SAME_INPUT,COMMITTED,1,0,0,0,1,1,0,0,GQSC_S1_MAIN_COVERAGE_RIGHT_5e5878151111a007,5e5878151111a007,5e5878151111a007,28,NONE,nan,nan,ORIGINAL_MANEUVER_COMMITTED_CURRENT_HARD_VALID
DVE038,DEVELOPMENT,CONTINUATION,GUARD_FAIL_RAW_PASS,CONTINUING,1,0,0,0,1,1,1,1,GQSC_S1_MAIN_COVERAGE_RIGHT_5e5878151111a007,5e5878151111a007,5e5878151111a007,28,NONE,nan,nan,GUARD_SOFT_OBSTACLE_VIOLATION_PENDING_RAW_HARD_VALID
DVE038,DEVELOPMENT,CONTINUATION,OBSTACLE_DISAPPEARANCE,CONTINUING,1,0,0,0,1,1,0,0,GQSC_S1_MAIN_COVERAGE_RIGHT_5e5878151111a007,5e5878151111a007,5e5878151111a007,28,NONE,nan,nan,ORIGINAL_MANEUVER_SUFFIX_CURRENT_HARD_VALID
DVE038,DEVELOPMENT,CONTINUATION,FORWARD_TRIM,CONTINUING,1,0,0,0,1,1,0,0,GQSC_S1_MAIN_COVERAGE_RIGHT_5e5878151111a007,5e5878151111a007,9980f396c5cbc6b8,27,NONE,nan,nan,ORIGINAL_MANEUVER_SUFFIX_CURRENT_HARD_VALID
DVE038,DEVELOPMENT,CONTINUATION,COMPLETE,COMPLETE,0,0,0,1,0,0,0,0,GQSC_S1_MAIN_COVERAGE_RIGHT_5e5878151111a007,5e5878151111a007,NONE,0,NONE,nan,nan,EXPANDED_OBSTACLE_REGION_FULLY_PASSED
DVE038,DEVELOPMENT,NEW_OBSTACLE,FRESH,FRESH_SELECTED,1,1,0,0,0,1,0,1,GQSC_S1_MAIN_COVERAGE_RIGHT_5e5878151111a007,5e5878151111a007,5e5878151111a007,28,NONE,4.2167586159213144,4.2167586159213144,FRESH_HARD_VALID_P3_M1
DVE038,DEVELOPMENT,NEW_OBSTACLE,INVALIDATE_AND_FALLBACK,INVALIDATED,0,0,1,0,1,0,1,1,GQSC_S1_MAIN_COVERAGE_RIGHT_5e5878151111a007,5e5878151111a007,5e5878151111a007,28,NO_SAFE_PATH,nan,nan,CURRENT_RAW_OBSTACLE_COLLISION:d-offset intersects an inflated static-obstacle box
DVE039,DEVELOPMENT,NOT_ELIGIBLE,SKIP,IDLE,0,0,0,0,0,0,0,0,NONE,NONE,NONE,0,NONE,nan,nan,NO_FROZEN_HARD_VALID:GQSC_S1_FROZEN_ENTRY
DVE040,DEVELOPMENT,NOT_ELIGIBLE,SKIP,IDLE,0,0,0,0,0,0,0,0,NONE,NONE,NONE,0,NONE,nan,nan,NO_FROZEN_HARD_VALID:GQSC_S1_FROZEN_ENTRY
VUE001,VALIDATION_SEEN_AFTER_V1,NOT_ELIGIBLE,SKIP,IDLE,0,0,0,0,0,0,0,0,NONE,NONE,NONE,0,NONE,nan,nan,NO_FROZEN_HARD_VALID:GQSC_S1_FROZEN_ENTRY
VUE002,VALIDATION_SEEN_AFTER_V1,NOT_ELIGIBLE,SKIP,IDLE,0,0,0,0,0,0,0,0,NONE,NONE,NONE,0,NONE,nan,nan,NO_FROZEN_HARD_VALID:GQSC_S1_FROZEN_ENTRY
VUE003,VALIDATION_SEEN_AFTER_V1,NOT_ELIGIBLE,SKIP,IDLE,0,0,0,0,0,0,0,0,NONE,NONE,NONE,0,NONE,nan,nan,NO_FROZEN_HARD_VALID:GQSC_S1_FROZEN_ENTRY
VUE004,VALIDATION_SEEN_AFTER_V1,CONTINUATION,FRESH,FRESH_SELECTED,1,1,0,0,0,1,0,1,GQSC_S1_MAIN_LEXICOGRAPHIC_RIGHT_54d1dcfbccfb6742,54d1dcfbccfb6742,54d1dcfbccfb6742,27,NONE,5.1921796051954363,5.1921796051954363,FRESH_HARD_VALID_P3_M1
VUE004,VALIDATION_SEEN_AFTER_V1,CONTINUATION,HELD_SAME_INPUT,COMMITTED,1,0,0,0,1,1,0,0,GQSC_S1_MAIN_LEXICOGRAPHIC_RIGHT_54d1dcfbccfb6742,54d1dcfbccfb6742,54d1dcfbccfb6742,27,NONE,nan,nan,ORIGINAL_MANEUVER_COMMITTED_CURRENT_HARD_VALID
VUE004,VALIDATION_SEEN_AFTER_V1,CONTINUATION,GUARD_FAIL_RAW_PASS,CONTINUING,1,0,0,0,1,1,0,0,GQSC_S1_MAIN_LEXICOGRAPHIC_RIGHT_54d1dcfbccfb6742,54d1dcfbccfb6742,54d1dcfbccfb6742,27,NONE,nan,nan,ORIGINAL_MANEUVER_SUFFIX_CURRENT_HARD_VALID
VUE004,VALIDATION_SEEN_AFTER_V1,CONTINUATION,OBSTACLE_DISAPPEARANCE,CONTINUING,1,0,0,0,1,1,0,0,GQSC_S1_MAIN_LEXICOGRAPHIC_RIGHT_54d1dcfbccfb6742,54d1dcfbccfb6742,54d1dcfbccfb6742,27,NONE,nan,nan,ORIGINAL_MANEUVER_SUFFIX_CURRENT_HARD_VALID
VUE004,VALIDATION_SEEN_AFTER_V1,CONTINUATION,FORWARD_TRIM,CONTINUING,1,0,0,0,1,1,0,0,GQSC_S1_MAIN_LEXICOGRAPHIC_RIGHT_54d1dcfbccfb6742,54d1dcfbccfb6742,54d1dcfbccfb6742,27,NONE,nan,nan,ORIGINAL_MANEUVER_SUFFIX_CURRENT_HARD_VALID
VUE004,VALIDATION_SEEN_AFTER_V1,CONTINUATION,COMPLETE,COMPLETE,0,0,0,1,0,0,0,0,GQSC_S1_MAIN_LEXICOGRAPHIC_RIGHT_54d1dcfbccfb6742,54d1dcfbccfb6742,NONE,0,NONE,nan,nan,EXPANDED_OBSTACLE_REGION_FULLY_PASSED
VUE004,VALIDATION_SEEN_AFTER_V1,NEW_OBSTACLE,FRESH,FRESH_SELECTED,1,1,0,0,0,1,0,1,GQSC_S1_MAIN_LEXICOGRAPHIC_RIGHT_54d1dcfbccfb6742,54d1dcfbccfb6742,54d1dcfbccfb6742,27,NONE,5.1921796051954363,5.1921796051954363,FRESH_HARD_VALID_P3_M1
VUE004,VALIDATION_SEEN_AFTER_V1,NEW_OBSTACLE,INVALIDATE_AND_FALLBACK,INVALIDATED,0,0,1,0,1,0,1,1,GQSC_S1_MAIN_LEXICOGRAPHIC_RIGHT_54d1dcfbccfb6742,54d1dcfbccfb6742,54d1dcfbccfb6742,27,NO_SAFE_PATH,nan,nan,CURRENT_RAW_OBSTACLE_COLLISION:d-offset intersects an inflated static-obstacle box
VUE005,VALIDATION_SEEN_AFTER_V1,CONTINUATION,FRESH,FRESH_SELECTED,1,1,0,0,0,1,0,1,GQSC_S1_MAIN_LEXICOGRAPHIC_RIGHT_1fe5aee2e5533c11,1fe5aee2e5533c11,1fe5aee2e5533c11,60,NONE,5.1801890907461567,5.1801890907461567,FRESH_HARD_VALID_P3_M1
VUE005,VALIDATION_SEEN_AFTER_V1,CONTINUATION,HELD_SAME_INPUT,COMMITTED,1,0,0,0,1,1,0,0,GQSC_S1_MAIN_LEXICOGRAPHIC_RIGHT_1fe5aee2e5533c11,1fe5aee2e5533c11,1fe5aee2e5533c11,60,NONE,nan,nan,ORIGINAL_MANEUVER_COMMITTED_CURRENT_HARD_VALID
VUE005,VALIDATION_SEEN_AFTER_V1,CONTINUATION,GUARD_FAIL_RAW_PASS,CONTINUING,1,0,0,0,1,1,0,0,GQSC_S1_MAIN_LEXICOGRAPHIC_RIGHT_1fe5aee2e5533c11,1fe5aee2e5533c11,1fe5aee2e5533c11,60,NONE,nan,nan,ORIGINAL_MANEUVER_SUFFIX_CURRENT_HARD_VALID
VUE005,VALIDATION_SEEN_AFTER_V1,CONTINUATION,OBSTACLE_DISAPPEARANCE,CONTINUING,1,0,0,0,1,1,0,0,GQSC_S1_MAIN_LEXICOGRAPHIC_RIGHT_1fe5aee2e5533c11,1fe5aee2e5533c11,1fe5aee2e5533c11,60,NONE,nan,nan,ORIGINAL_MANEUVER_SUFFIX_CURRENT_HARD_VALID
VUE005,VALIDATION_SEEN_AFTER_V1,CONTINUATION,FORWARD_TRIM,CONTINUING,1,0,0,0,1,1,0,0,GQSC_S1_MAIN_LEXICOGRAPHIC_RIGHT_1fe5aee2e5533c11,1fe5aee2e5533c11,1fe5aee2e5533c11,60,NONE,nan,nan,ORIGINAL_MANEUVER_SUFFIX_CURRENT_HARD_VALID
VUE005,VALIDATION_SEEN_AFTER_V1,CONTINUATION,COMPLETE,COMPLETE,0,0,0,1,0,0,0,0,GQSC_S1_MAIN_LEXICOGRAPHIC_RIGHT_1fe5aee2e5533c11,1fe5aee2e5533c11,NONE,0,NONE,nan,nan,EXPANDED_OBSTACLE_REGION_FULLY_PASSED
VUE005,VALIDATION_SEEN_AFTER_V1,NEW_OBSTACLE,FRESH,FRESH_SELECTED,1,1,0,0,0,1,0,1,GQSC_S1_MAIN_LEXICOGRAPHIC_RIGHT_1fe5aee2e5533c11,1fe5aee2e5533c11,1fe5aee2e5533c11,60,NONE,5.1801890907461567,5.1801890907461567,FRESH_HARD_VALID_P3_M1
VUE005,VALIDATION_SEEN_AFTER_V1,NEW_OBSTACLE,INVALIDATE_AND_FALLBACK,INVALIDATED,0,0,1,0,1,0,1,1,GQSC_S1_MAIN_LEXICOGRAPHIC_RIGHT_1fe5aee2e5533c11,1fe5aee2e5533c11,1fe5aee2e5533c11,60,NO_SAFE_PATH,nan,nan,CURRENT_RAW_OBSTACLE_COLLISION:d-offset intersects an inflated static-obstacle box
VUE006,VALIDATION_SEEN_AFTER_V1,CONTINUATION,FRESH,FRESH_SELECTED,1,1,0,0,0,1,0,1,GQSC_S1_MAIN_LEXICOGRAPHIC_RIGHT_d8bdaaae9fe32628,d8bdaaae9fe32628,d8bdaaae9fe32628,60,NONE,5.1755648305515232,5.1755648305515232,FRESH_HARD_VALID_P3_M1
VUE006,VALIDATION_SEEN_AFTER_V1,CONTINUATION,HELD_SAME_INPUT,COMMITTED,1,0,0,0,1,1,0,0,GQSC_S1_MAIN_LEXICOGRAPHIC_RIGHT_d8bdaaae9fe32628,d8bdaaae9fe32628,d8bdaaae9fe32628,60,NONE,nan,nan,ORIGINAL_MANEUVER_COMMITTED_CURRENT_HARD_VALID
VUE006,VALIDATION_SEEN_AFTER_V1,CONTINUATION,GUARD_FAIL_RAW_PASS,CONTINUING,1,0,0,0,1,1,0,0,GQSC_S1_MAIN_LEXICOGRAPHIC_RIGHT_d8bdaaae9fe32628,d8bdaaae9fe32628,d8bdaaae9fe32628,60,NONE,nan,nan,ORIGINAL_MANEUVER_SUFFIX_CURRENT_HARD_VALID
VUE006,VALIDATION_SEEN_AFTER_V1,CONTINUATION,OBSTACLE_DISAPPEARANCE,CONTINUING,1,0,0,0,1,1,0,0,GQSC_S1_MAIN_LEXICOGRAPHIC_RIGHT_d8bdaaae9fe32628,d8bdaaae9fe32628,d8bdaaae9fe32628,60,NONE,nan,nan,ORIGINAL_MANEUVER_SUFFIX_CURRENT_HARD_VALID
VUE006,VALIDATION_SEEN_AFTER_V1,CONTINUATION,FORWARD_TRIM,CONTINUING,1,0,0,0,1,1,0,0,GQSC_S1_MAIN_LEXICOGRAPHIC_RIGHT_d8bdaaae9fe32628,d8bdaaae9fe32628,d8bdaaae9fe32628,60,NONE,nan,nan,ORIGINAL_MANEUVER_SUFFIX_CURRENT_HARD_VALID
VUE006,VALIDATION_SEEN_AFTER_V1,CONTINUATION,COMPLETE,COMPLETE,0,0,0,1,0,0,0,0,GQSC_S1_MAIN_LEXICOGRAPHIC_RIGHT_d8bdaaae9fe32628,d8bdaaae9fe32628,NONE,0,NONE,nan,nan,EXPANDED_OBSTACLE_REGION_FULLY_PASSED
VUE006,VALIDATION_SEEN_AFTER_V1,NEW_OBSTACLE,FRESH,FRESH_SELECTED,1,1,0,0,0,1,0,1,GQSC_S1_MAIN_LEXICOGRAPHIC_RIGHT_d8bdaaae9fe32628,d8bdaaae9fe32628,d8bdaaae9fe32628,60,NONE,5.1755648305515232,5.1755648305515232,FRESH_HARD_VALID_P3_M1
VUE006,VALIDATION_SEEN_AFTER_V1,NEW_OBSTACLE,INVALIDATE_AND_FALLBACK,INVALIDATED,0,0,1,0,1,0,1,1,GQSC_S1_MAIN_LEXICOGRAPHIC_RIGHT_d8bdaaae9fe32628,d8bdaaae9fe32628,d8bdaaae9fe32628,60,NO_SAFE_PATH,nan,nan,CURRENT_RAW_OBSTACLE_COLLISION:d-offset intersects an inflated static-obstacle box
VUE007,VALIDATION_SEEN_AFTER_V1,CONTINUATION,FRESH,FRESH_SELECTED,1,1,0,0,0,1,0,1,GQSC_S1_MAIN_LEXICOGRAPHIC_RIGHT_27f98bf62a6b2b58,27f98bf62a6b2b58,27f98bf62a6b2b58,60,NONE,5.1750638033172374,5.1750638033172374,FRESH_HARD_VALID_P3_M1
VUE007,VALIDATION_SEEN_AFTER_V1,CONTINUATION,HELD_SAME_INPUT,COMMITTED,1,0,0,0,1,1,0,0,GQSC_S1_MAIN_LEXICOGRAPHIC_RIGHT_27f98bf62a6b2b58,27f98bf62a6b2b58,27f98bf62a6b2b58,60,NONE,nan,nan,ORIGINAL_MANEUVER_COMMITTED_CURRENT_HARD_VALID
VUE007,VALIDATION_SEEN_AFTER_V1,CONTINUATION,GUARD_FAIL_RAW_PASS,CONTINUING,1,0,0,0,1,1,0,0,GQSC_S1_MAIN_LEXICOGRAPHIC_RIGHT_27f98bf62a6b2b58,27f98bf62a6b2b58,27f98bf62a6b2b58,60,NONE,nan,nan,ORIGINAL_MANEUVER_SUFFIX_CURRENT_HARD_VALID
VUE007,VALIDATION_SEEN_AFTER_V1,CONTINUATION,OBSTACLE_DISAPPEARANCE,CONTINUING,1,0,0,0,1,1,0,0,GQSC_S1_MAIN_LEXICOGRAPHIC_RIGHT_27f98bf62a6b2b58,27f98bf62a6b2b58,27f98bf62a6b2b58,60,NONE,nan,nan,ORIGINAL_MANEUVER_SUFFIX_CURRENT_HARD_VALID
VUE007,VALIDATION_SEEN_AFTER_V1,CONTINUATION,FORWARD_TRIM,CONTINUING,1,0,0,0,1,1,0,0,GQSC_S1_MAIN_LEXICOGRAPHIC_RIGHT_27f98bf62a6b2b58,27f98bf62a6b2b58,27f98bf62a6b2b58,60,NONE,nan,nan,ORIGINAL_MANEUVER_SUFFIX_CURRENT_HARD_VALID
VUE007,VALIDATION_SEEN_AFTER_V1,CONTINUATION,COMPLETE,COMPLETE,0,0,0,1,0,0,0,0,GQSC_S1_MAIN_LEXICOGRAPHIC_RIGHT_27f98bf62a6b2b58,27f98bf62a6b2b58,NONE,0,NONE,nan,nan,EXPANDED_OBSTACLE_REGION_FULLY_PASSED
VUE007,VALIDATION_SEEN_AFTER_V1,NEW_OBSTACLE,FRESH,FRESH_SELECTED,1,1,0,0,0,1,0,1,GQSC_S1_MAIN_LEXICOGRAPHIC_RIGHT_27f98bf62a6b2b58,27f98bf62a6b2b58,27f98bf62a6b2b58,60,NONE,5.1750638033172374,5.1750638033172374,FRESH_HARD_VALID_P3_M1
VUE007,VALIDATION_SEEN_AFTER_V1,NEW_OBSTACLE,INVALIDATE_AND_FALLBACK,INVALIDATED,0,0,1,0,1,0,1,1,GQSC_S1_MAIN_LEXICOGRAPHIC_RIGHT_27f98bf62a6b2b58,27f98bf62a6b2b58,27f98bf62a6b2b58,60,NO_SAFE_PATH,nan,nan,CURRENT_RAW_OBSTACLE_COLLISION:d-offset intersects an inflated static-obstacle box
VUE008,VALIDATION_SEEN_AFTER_V1,CONTINUATION,FRESH,FRESH_SELECTED,1,1,0,0,0,1,0,1,GQSC_S1_MAIN_LEXICOGRAPHIC_RIGHT_fe77a7df463e3d24,fe77a7df463e3d24,fe77a7df463e3d24,60,NONE,5.1743349226890842,5.1743349226890842,FRESH_HARD_VALID_P3_M1
VUE008,VALIDATION_SEEN_AFTER_V1,CONTINUATION,HELD_SAME_INPUT,COMMITTED,1,0,0,0,1,1,0,0,GQSC_S1_MAIN_LEXICOGRAPHIC_RIGHT_fe77a7df463e3d24,fe77a7df463e3d24,fe77a7df463e3d24,60,NONE,nan,nan,ORIGINAL_MANEUVER_COMMITTED_CURRENT_HARD_VALID
VUE008,VALIDATION_SEEN_AFTER_V1,CONTINUATION,GUARD_FAIL_RAW_PASS,CONTINUING,1,0,0,0,1,1,0,0,GQSC_S1_MAIN_LEXICOGRAPHIC_RIGHT_fe77a7df463e3d24,fe77a7df463e3d24,fe77a7df463e3d24,60,NONE,nan,nan,ORIGINAL_MANEUVER_SUFFIX_CURRENT_HARD_VALID
VUE008,VALIDATION_SEEN_AFTER_V1,CONTINUATION,OBSTACLE_DISAPPEARANCE,CONTINUING,1,0,0,0,1,1,0,0,GQSC_S1_MAIN_LEXICOGRAPHIC_RIGHT_fe77a7df463e3d24,fe77a7df463e3d24,fe77a7df463e3d24,60,NONE,nan,nan,ORIGINAL_MANEUVER_SUFFIX_CURRENT_HARD_VALID
VUE008,VALIDATION_SEEN_AFTER_V1,CONTINUATION,FORWARD_TRIM,CONTINUING,1,0,0,0,1,1,0,0,GQSC_S1_MAIN_LEXICOGRAPHIC_RIGHT_fe77a7df463e3d24,fe77a7df463e3d24,fe77a7df463e3d24,60,NONE,nan,nan,ORIGINAL_MANEUVER_SUFFIX_CURRENT_HARD_VALID
VUE008,VALIDATION_SEEN_AFTER_V1,CONTINUATION,COMPLETE,COMPLETE,0,0,0,1,0,0,0,0,GQSC_S1_MAIN_LEXICOGRAPHIC_RIGHT_fe77a7df463e3d24,fe77a7df463e3d24,NONE,0,NONE,nan,nan,EXPANDED_OBSTACLE_REGION_FULLY_PASSED
VUE008,VALIDATION_SEEN_AFTER_V1,NEW_OBSTACLE,FRESH,FRESH_SELECTED,1,1,0,0,0,1,0,1,GQSC_S1_MAIN_LEXICOGRAPHIC_RIGHT_fe77a7df463e3d24,fe77a7df463e3d24,fe77a7df463e3d24,60,NONE,5.1743349226890842,5.1743349226890842,FRESH_HARD_VALID_P3_M1
VUE008,VALIDATION_SEEN_AFTER_V1,NEW_OBSTACLE,INVALIDATE_AND_FALLBACK,INVALIDATED,0,0,1,0,1,0,1,1,GQSC_S1_MAIN_LEXICOGRAPHIC_RIGHT_fe77a7df463e3d24,fe77a7df463e3d24,fe77a7df463e3d24,60,NO_SAFE_PATH,nan,nan,CURRENT_RAW_OBSTACLE_COLLISION:d-offset intersects an inflated static-obstacle box
VUE009,VALIDATION_SEEN_AFTER_V1,NOT_ELIGIBLE,SKIP,IDLE,0,0,0,0,0,0,0,0,NONE,NONE,NONE,0,NONE,nan,nan,NO_FROZEN_HARD_VALID:GQSC_S1_FROZEN_ENTRY
VUE010,VALIDATION_SEEN_AFTER_V1,NOT_ELIGIBLE,SKIP,IDLE,0,0,0,0,0,0,0,0,NONE,NONE,NONE,0,NONE,nan,nan,NO_FROZEN_HARD_VALID:GQSC_S1_FROZEN_ENTRY
VUE011,VALIDATION_SEEN_AFTER_V1,CONTINUATION,FRESH,FRESH_SELECTED,1,1,0,0,0,1,0,1,GQSC_S1_MAIN_COVERAGE_LEFT_6a1b79629e031da0,6a1b79629e031da0,6a1b79629e031da0,185,NONE,3.1469720450643544,3.1469720450643544,FRESH_HARD_VALID_P3_M1
VUE011,VALIDATION_SEEN_AFTER_V1,CONTINUATION,HELD_SAME_INPUT,COMMITTED,1,0,0,0,1,1,0,0,GQSC_S1_MAIN_COVERAGE_LEFT_6a1b79629e031da0,6a1b79629e031da0,e6fd193bc17b5ef5,93,NONE,nan,nan,ORIGINAL_MANEUVER_COMMITTED_CURRENT_HARD_VALID
VUE011,VALIDATION_SEEN_AFTER_V1,CONTINUATION,GUARD_FAIL_RAW_PASS,CONTINUING,1,0,0,0,1,1,1,1,GQSC_S1_MAIN_COVERAGE_LEFT_6a1b79629e031da0,6a1b79629e031da0,e6fd193bc17b5ef5,93,NONE,nan,nan,GUARD_SOFT_OBSTACLE_VIOLATION_PENDING_RAW_HARD_VALID
VUE011,VALIDATION_SEEN_AFTER_V1,CONTINUATION,OBSTACLE_DISAPPEARANCE,CONTINUING,1,0,0,0,1,1,0,0,GQSC_S1_MAIN_COVERAGE_LEFT_6a1b79629e031da0,6a1b79629e031da0,e6fd193bc17b5ef5,93,NONE,nan,nan,ORIGINAL_MANEUVER_SUFFIX_CURRENT_HARD_VALID
VUE011,VALIDATION_SEEN_AFTER_V1,CONTINUATION,FORWARD_TRIM,CONTINUING,1,0,0,0,1,1,0,0,GQSC_S1_MAIN_COVERAGE_LEFT_6a1b79629e031da0,6a1b79629e031da0,01e7ffcdc5810f6b,93,NONE,nan,nan,ORIGINAL_MANEUVER_SUFFIX_CURRENT_HARD_VALID
VUE011,VALIDATION_SEEN_AFTER_V1,CONTINUATION,COMPLETE,COMPLETE,0,0,0,1,0,0,0,0,GQSC_S1_MAIN_COVERAGE_LEFT_6a1b79629e031da0,6a1b79629e031da0,NONE,0,NONE,nan,nan,EXPANDED_OBSTACLE_REGION_FULLY_PASSED
VUE011,VALIDATION_SEEN_AFTER_V1,NEW_OBSTACLE,FRESH,FRESH_SELECTED,1,1,0,0,0,1,0,1,GQSC_S1_MAIN_COVERAGE_LEFT_6a1b79629e031da0,6a1b79629e031da0,6a1b79629e031da0,185,NONE,3.1469720450643544,3.1469720450643544,FRESH_HARD_VALID_P3_M1
VUE011,VALIDATION_SEEN_AFTER_V1,NEW_OBSTACLE,INVALIDATE_AND_FALLBACK,INVALIDATED,0,0,1,0,1,0,1,1,GQSC_S1_MAIN_COVERAGE_LEFT_6a1b79629e031da0,6a1b79629e031da0,e6fd193bc17b5ef5,93,NO_SAFE_PATH,nan,nan,CURRENT_RAW_OBSTACLE_COLLISION:d-offset intersects an inflated static-obstacle box
VUE012,VALIDATION_SEEN_AFTER_V1,NOT_ELIGIBLE,SKIP,IDLE,0,0,0,0,0,0,0,0,NONE,NONE,NONE,0,NONE,nan,nan,NO_FROZEN_HARD_VALID:GQSC_S1_FROZEN_ENTRY
VUE013,VALIDATION_SEEN_AFTER_V1,CONTINUATION,FRESH,FRESH_SELECTED,1,1,0,0,0,1,0,1,GQSC_S1_MAIN_COVERAGE_LEFT_37b63f7febd7e276,37b63f7febd7e276,37b63f7febd7e276,185,NONE,2.9612179716075633,2.9612179716075633,FRESH_HARD_VALID_P3_M1
VUE013,VALIDATION_SEEN_AFTER_V1,CONTINUATION,HELD_SAME_INPUT,COMMITTED,1,0,0,0,1,1,0,0,GQSC_S1_MAIN_COVERAGE_LEFT_37b63f7febd7e276,37b63f7febd7e276,1ca914d6f3afc598,92,NONE,nan,nan,ORIGINAL_MANEUVER_COMMITTED_CURRENT_HARD_VALID
VUE013,VALIDATION_SEEN_AFTER_V1,CONTINUATION,GUARD_FAIL_RAW_PASS,CONTINUING,1,0,0,0,1,1,1,1,GQSC_S1_MAIN_COVERAGE_LEFT_37b63f7febd7e276,37b63f7febd7e276,1ca914d6f3afc598,92,NONE,nan,nan,GUARD_SOFT_OBSTACLE_VIOLATION_PENDING_RAW_HARD_VALID
VUE013,VALIDATION_SEEN_AFTER_V1,CONTINUATION,OBSTACLE_DISAPPEARANCE,CONTINUING,1,0,0,0,1,1,0,0,GQSC_S1_MAIN_COVERAGE_LEFT_37b63f7febd7e276,37b63f7febd7e276,1ca914d6f3afc598,92,NONE,nan,nan,ORIGINAL_MANEUVER_SUFFIX_CURRENT_HARD_VALID
VUE013,VALIDATION_SEEN_AFTER_V1,CONTINUATION,FORWARD_TRIM,CONTINUING,1,0,0,0,1,1,0,0,GQSC_S1_MAIN_COVERAGE_LEFT_37b63f7febd7e276,37b63f7febd7e276,8da5304deccbfec8,93,NONE,nan,nan,ORIGINAL_MANEUVER_SUFFIX_CURRENT_HARD_VALID
VUE013,VALIDATION_SEEN_AFTER_V1,CONTINUATION,COMPLETE,COMPLETE,0,0,0,1,0,0,0,0,GQSC_S1_MAIN_COVERAGE_LEFT_37b63f7febd7e276,37b63f7febd7e276,NONE,0,NONE,nan,nan,EXPANDED_OBSTACLE_REGION_FULLY_PASSED
VUE013,VALIDATION_SEEN_AFTER_V1,NEW_OBSTACLE,FRESH,FRESH_SELECTED,1,1,0,0,0,1,0,1,GQSC_S1_MAIN_COVERAGE_LEFT_37b63f7febd7e276,37b63f7febd7e276,37b63f7febd7e276,185,NONE,2.9612179716075633,2.9612179716075633,FRESH_HARD_VALID_P3_M1
VUE013,VALIDATION_SEEN_AFTER_V1,NEW_OBSTACLE,INVALIDATE_AND_FALLBACK,INVALIDATED,0,0,1,0,1,0,1,1,GQSC_S1_MAIN_COVERAGE_LEFT_37b63f7febd7e276,37b63f7febd7e276,1ca914d6f3afc598,92,NO_SAFE_PATH,nan,nan,CURRENT_RAW_OBSTACLE_COLLISION:d-offset intersects an inflated static-obstacle box
VUE014,VALIDATION_SEEN_AFTER_V1,NOT_ELIGIBLE,SKIP,IDLE,0,0,0,0,0,0,0,0,NONE,NONE,NONE,0,NONE,nan,nan,NO_FROZEN_HARD_VALID:GQSC_S1_FROZEN_ENTRY
VUE015,VALIDATION_SEEN_AFTER_V1,NOT_ELIGIBLE,SKIP,IDLE,0,0,0,0,0,0,0,0,NONE,NONE,NONE,0,NONE,nan,nan,NO_FROZEN_HARD_VALID:GQSC_S1_FROZEN_ENTRY
VUE016,VALIDATION_SEEN_AFTER_V1,NOT_ELIGIBLE,SKIP,IDLE,0,0,0,0,0,0,0,0,NONE,NONE,NONE,0,NONE,nan,nan,NO_FROZEN_HARD_VALID:GQSC_S1_FROZEN_ENTRY
VUE017,VALIDATION_SEEN_AFTER_V1,NOT_ELIGIBLE,SKIP,IDLE,0,0,0,0,0,0,0,0,NONE,NONE,NONE,0,NONE,nan,nan,NO_FROZEN_HARD_VALID:GQSC_S1_FROZEN_ENTRY
VUE018,VALIDATION_SEEN_AFTER_V1,CONTINUATION,FRESH,FRESH_SELECTED,1,1,0,0,0,1,0,1,GQSC_S1_MAIN_LEXICOGRAPHIC_RIGHT_98ccabf32fa2e493,98ccabf32fa2e493,98ccabf32fa2e493,36,NONE,5.2432932923444895,5.2432932923444895,FRESH_HARD_VALID_P3_M1
VUE018,VALIDATION_SEEN_AFTER_V1,CONTINUATION,HELD_SAME_INPUT,COMMITTED,1,0,0,0,1,1,0,0,GQSC_S1_MAIN_LEXICOGRAPHIC_RIGHT_98ccabf32fa2e493,98ccabf32fa2e493,98ccabf32fa2e493,36,NONE,nan,nan,ORIGINAL_MANEUVER_COMMITTED_CURRENT_HARD_VALID
VUE018,VALIDATION_SEEN_AFTER_V1,CONTINUATION,GUARD_FAIL_RAW_PASS,CONTINUING,1,0,0,0,1,1,0,0,GQSC_S1_MAIN_LEXICOGRAPHIC_RIGHT_98ccabf32fa2e493,98ccabf32fa2e493,98ccabf32fa2e493,36,NONE,nan,nan,ORIGINAL_MANEUVER_SUFFIX_CURRENT_HARD_VALID
VUE018,VALIDATION_SEEN_AFTER_V1,CONTINUATION,OBSTACLE_DISAPPEARANCE,CONTINUING,1,0,0,0,1,1,0,0,GQSC_S1_MAIN_LEXICOGRAPHIC_RIGHT_98ccabf32fa2e493,98ccabf32fa2e493,98ccabf32fa2e493,36,NONE,nan,nan,ORIGINAL_MANEUVER_SUFFIX_CURRENT_HARD_VALID
VUE018,VALIDATION_SEEN_AFTER_V1,CONTINUATION,FORWARD_TRIM,CONTINUING,1,0,0,0,1,1,0,0,GQSC_S1_MAIN_LEXICOGRAPHIC_RIGHT_98ccabf32fa2e493,98ccabf32fa2e493,98ccabf32fa2e493,36,NONE,nan,nan,ORIGINAL_MANEUVER_SUFFIX_CURRENT_HARD_VALID
VUE018,VALIDATION_SEEN_AFTER_V1,CONTINUATION,COMPLETE,COMPLETE,0,0,0,1,0,0,0,0,GQSC_S1_MAIN_LEXICOGRAPHIC_RIGHT_98ccabf32fa2e493,98ccabf32fa2e493,NONE,0,NONE,nan,nan,EXPANDED_OBSTACLE_REGION_FULLY_PASSED
VUE018,VALIDATION_SEEN_AFTER_V1,NEW_OBSTACLE,FRESH,FRESH_SELECTED,1,1,0,0,0,1,0,1,GQSC_S1_MAIN_LEXICOGRAPHIC_RIGHT_98ccabf32fa2e493,98ccabf32fa2e493,98ccabf32fa2e493,36,NONE,5.2432932923444895,5.2432932923444895,FRESH_HARD_VALID_P3_M1
VUE018,VALIDATION_SEEN_AFTER_V1,NEW_OBSTACLE,INVALIDATE_AND_FALLBACK,INVALIDATED,0,0,1,0,1,0,1,1,GQSC_S1_MAIN_LEXICOGRAPHIC_RIGHT_98ccabf32fa2e493,98ccabf32fa2e493,98ccabf32fa2e493,36,NO_SAFE_PATH,nan,nan,CURRENT_RAW_OBSTACLE_COLLISION:d-offset intersects an inflated static-obstacle box
VUE019,VALIDATION_SEEN_AFTER_V1,NOT_ELIGIBLE,SKIP,IDLE,0,0,0,0,0,0,0,0,NONE,NONE,NONE,0,NONE,nan,nan,NO_FROZEN_HARD_VALID:GQSC_S1_FROZEN_ENTRY
VUE020,VALIDATION_SEEN_AFTER_V1,CONTINUATION,FRESH,FRESH_SELECTED,1,1,0,0,0,1,0,1,GQSC_S1_MAIN_LEXICOGRAPHIC_LEFT_814707825e82708f,814707825e82708f,814707825e82708f,33,NONE,5.2782752977174461,5.2782752977174461,FRESH_HARD_VALID_P3_M1
VUE020,VALIDATION_SEEN_AFTER_V1,CONTINUATION,HELD_SAME_INPUT,COMMITTED,1,0,0,0,1,1,0,0,GQSC_S1_MAIN_LEXICOGRAPHIC_LEFT_814707825e82708f,814707825e82708f,814707825e82708f,33,NONE,nan,nan,ORIGINAL_MANEUVER_COMMITTED_CURRENT_HARD_VALID
VUE020,VALIDATION_SEEN_AFTER_V1,CONTINUATION,GUARD_FAIL_RAW_PASS,CONTINUING,1,0,0,0,1,1,1,1,GQSC_S1_MAIN_LEXICOGRAPHIC_LEFT_814707825e82708f,814707825e82708f,814707825e82708f,33,NONE,nan,nan,GUARD_SOFT_OBSTACLE_VIOLATION_PENDING_RAW_HARD_VALID
VUE020,VALIDATION_SEEN_AFTER_V1,CONTINUATION,OBSTACLE_DISAPPEARANCE,CONTINUING,1,0,0,0,1,1,0,0,GQSC_S1_MAIN_LEXICOGRAPHIC_LEFT_814707825e82708f,814707825e82708f,814707825e82708f,33,NONE,nan,nan,ORIGINAL_MANEUVER_SUFFIX_CURRENT_HARD_VALID
VUE020,VALIDATION_SEEN_AFTER_V1,CONTINUATION,FORWARD_TRIM,CONTINUING,1,0,0,0,1,1,0,0,GQSC_S1_MAIN_LEXICOGRAPHIC_LEFT_814707825e82708f,814707825e82708f,814707825e82708f,33,NONE,nan,nan,ORIGINAL_MANEUVER_SUFFIX_CURRENT_HARD_VALID
VUE020,VALIDATION_SEEN_AFTER_V1,CONTINUATION,COMPLETE,COMPLETE,0,0,0,1,0,0,0,0,GQSC_S1_MAIN_LEXICOGRAPHIC_LEFT_814707825e82708f,814707825e82708f,NONE,0,NONE,nan,nan,EXPANDED_OBSTACLE_REGION_FULLY_PASSED
VUE020,VALIDATION_SEEN_AFTER_V1,NEW_OBSTACLE,FRESH,FRESH_SELECTED,1,1,0,0,0,1,0,1,GQSC_S1_MAIN_LEXICOGRAPHIC_LEFT_814707825e82708f,814707825e82708f,814707825e82708f,33,NONE,5.2782752977174461,5.2782752977174461,FRESH_HARD_VALID_P3_M1
VUE020,VALIDATION_SEEN_AFTER_V1,NEW_OBSTACLE,INVALIDATE_AND_FALLBACK,INVALIDATED,0,0,1,0,1,0,1,1,GQSC_S1_MAIN_LEXICOGRAPHIC_LEFT_814707825e82708f,814707825e82708f,814707825e82708f,33,NO_SAFE_PATH,nan,nan,CURRENT_RAW_OBSTACLE_COLLISION:d-offset intersects an inflated static-obstacle box
VUE021,VALIDATION_SEEN_AFTER_V1,NOT_ELIGIBLE,SKIP,IDLE,0,0,0,0,0,0,0,0,NONE,NONE,NONE,0,NONE,nan,nan,NO_FROZEN_HARD_VALID:GQSC_S1_FROZEN_ENTRY
VUE022,VALIDATION_SEEN_AFTER_V1,NOT_ELIGIBLE,SKIP,IDLE,0,0,0,0,0,0,0,0,NONE,NONE,NONE,0,NONE,nan,nan,NO_FROZEN_HARD_VALID:GQSC_S1_FROZEN_ENTRY
VUE023,VALIDATION_SEEN_AFTER_V1,CONTINUATION,FRESH,FRESH_SELECTED,1,1,0,0,0,1,0,1,GQSC_S1_MAIN_LEXICOGRAPHIC_RIGHT_f274578ba525e6e8,f274578ba525e6e8,f274578ba525e6e8,60,NONE,5.2462109123723719,5.2462109123723719,FRESH_HARD_VALID_P3_M1
VUE023,VALIDATION_SEEN_AFTER_V1,CONTINUATION,HELD_SAME_INPUT,COMMITTED,1,0,0,0,1,1,0,0,GQSC_S1_MAIN_LEXICOGRAPHIC_RIGHT_f274578ba525e6e8,f274578ba525e6e8,f274578ba525e6e8,60,NONE,nan,nan,ORIGINAL_MANEUVER_COMMITTED_CURRENT_HARD_VALID
VUE023,VALIDATION_SEEN_AFTER_V1,CONTINUATION,GUARD_FAIL_RAW_PASS,CONTINUING,1,0,0,0,1,1,1,1,GQSC_S1_MAIN_LEXICOGRAPHIC_RIGHT_f274578ba525e6e8,f274578ba525e6e8,f274578ba525e6e8,60,NONE,nan,nan,GUARD_SOFT_OBSTACLE_VIOLATION_PENDING_RAW_HARD_VALID
VUE023,VALIDATION_SEEN_AFTER_V1,CONTINUATION,OBSTACLE_DISAPPEARANCE,CONTINUING,1,0,0,0,1,1,0,0,GQSC_S1_MAIN_LEXICOGRAPHIC_RIGHT_f274578ba525e6e8,f274578ba525e6e8,f274578ba525e6e8,60,NONE,nan,nan,ORIGINAL_MANEUVER_SUFFIX_CURRENT_HARD_VALID
VUE023,VALIDATION_SEEN_AFTER_V1,CONTINUATION,FORWARD_TRIM,CONTINUING,1,0,0,0,1,1,0,0,GQSC_S1_MAIN_LEXICOGRAPHIC_RIGHT_f274578ba525e6e8,f274578ba525e6e8,f274578ba525e6e8,60,NONE,nan,nan,ORIGINAL_MANEUVER_SUFFIX_CURRENT_HARD_VALID
VUE023,VALIDATION_SEEN_AFTER_V1,CONTINUATION,COMPLETE,COMPLETE,0,0,0,1,0,0,0,0,GQSC_S1_MAIN_LEXICOGRAPHIC_RIGHT_f274578ba525e6e8,f274578ba525e6e8,NONE,0,NONE,nan,nan,EXPANDED_OBSTACLE_REGION_FULLY_PASSED
VUE023,VALIDATION_SEEN_AFTER_V1,NEW_OBSTACLE,FRESH,FRESH_SELECTED,1,1,0,0,0,1,0,1,GQSC_S1_MAIN_LEXICOGRAPHIC_RIGHT_f274578ba525e6e8,f274578ba525e6e8,f274578ba525e6e8,60,NONE,5.2462109123723719,5.2462109123723719,FRESH_HARD_VALID_P3_M1
VUE023,VALIDATION_SEEN_AFTER_V1,NEW_OBSTACLE,INVALIDATE_AND_FALLBACK,INVALIDATED,0,0,1,0,1,0,1,1,GQSC_S1_MAIN_LEXICOGRAPHIC_RIGHT_f274578ba525e6e8,f274578ba525e6e8,f274578ba525e6e8,60,NO_SAFE_PATH,nan,nan,CURRENT_RAW_OBSTACLE_COLLISION:d-offset intersects an inflated static-obstacle box
VUE024,VALIDATION_SEEN_AFTER_V1,CONTINUATION,FRESH,FRESH_SELECTED,1,1,0,0,0,1,0,1,GQSC_S1_MAIN_LEXICOGRAPHIC_RIGHT_9adcc8f43d3d81ed,9adcc8f43d3d81ed,9adcc8f43d3d81ed,60,NONE,5.3119764560668568,5.3119764560668568,FRESH_HARD_VALID_P3_M1
VUE024,VALIDATION_SEEN_AFTER_V1,CONTINUATION,HELD_SAME_INPUT,COMMITTED,1,0,0,0,1,1,0,0,GQSC_S1_MAIN_LEXICOGRAPHIC_RIGHT_9adcc8f43d3d81ed,9adcc8f43d3d81ed,9adcc8f43d3d81ed,60,NONE,nan,nan,ORIGINAL_MANEUVER_COMMITTED_CURRENT_HARD_VALID
VUE024,VALIDATION_SEEN_AFTER_V1,CONTINUATION,GUARD_FAIL_RAW_PASS,CONTINUING,1,0,0,0,1,1,1,1,GQSC_S1_MAIN_LEXICOGRAPHIC_RIGHT_9adcc8f43d3d81ed,9adcc8f43d3d81ed,9adcc8f43d3d81ed,60,NONE,nan,nan,GUARD_SOFT_OBSTACLE_VIOLATION_PENDING_RAW_HARD_VALID
VUE024,VALIDATION_SEEN_AFTER_V1,CONTINUATION,OBSTACLE_DISAPPEARANCE,CONTINUING,1,0,0,0,1,1,0,0,GQSC_S1_MAIN_LEXICOGRAPHIC_RIGHT_9adcc8f43d3d81ed,9adcc8f43d3d81ed,9adcc8f43d3d81ed,60,NONE,nan,nan,ORIGINAL_MANEUVER_SUFFIX_CURRENT_HARD_VALID
VUE024,VALIDATION_SEEN_AFTER_V1,CONTINUATION,FORWARD_TRIM,CONTINUING,1,0,0,0,1,1,0,0,GQSC_S1_MAIN_LEXICOGRAPHIC_RIGHT_9adcc8f43d3d81ed,9adcc8f43d3d81ed,9adcc8f43d3d81ed,60,NONE,nan,nan,ORIGINAL_MANEUVER_SUFFIX_CURRENT_HARD_VALID
VUE024,VALIDATION_SEEN_AFTER_V1,CONTINUATION,COMPLETE,COMPLETE,0,0,0,1,0,0,0,0,GQSC_S1_MAIN_LEXICOGRAPHIC_RIGHT_9adcc8f43d3d81ed,9adcc8f43d3d81ed,NONE,0,NONE,nan,nan,EXPANDED_OBSTACLE_REGION_FULLY_PASSED
VUE024,VALIDATION_SEEN_AFTER_V1,NEW_OBSTACLE,FRESH,FRESH_SELECTED,1,1,0,0,0,1,0,1,GQSC_S1_MAIN_LEXICOGRAPHIC_RIGHT_9adcc8f43d3d81ed,9adcc8f43d3d81ed,9adcc8f43d3d81ed,60,NONE,5.3119764560668568,5.3119764560668568,FRESH_HARD_VALID_P3_M1
VUE024,VALIDATION_SEEN_AFTER_V1,NEW_OBSTACLE,INVALIDATE_AND_FALLBACK,INVALIDATED,0,0,1,0,1,0,1,1,GQSC_S1_MAIN_LEXICOGRAPHIC_RIGHT_9adcc8f43d3d81ed,9adcc8f43d3d81ed,9adcc8f43d3d81ed,60,NO_SAFE_PATH,nan,nan,CURRENT_RAW_OBSTACLE_COLLISION:d-offset intersects an inflated static-obstacle box
VUE025,VALIDATION_SEEN_AFTER_V1,CONTINUATION,FRESH,FRESH_SELECTED,1,1,0,0,0,1,0,1,GQSC_S1_MAIN_LEXICOGRAPHIC_LEFT_90d5749d559fb39c,90d5749d559fb39c,90d5749d559fb39c,110,NONE,3.0603233728849122,3.0603233728849122,FRESH_HARD_VALID_P3_M1
VUE025,VALIDATION_SEEN_AFTER_V1,CONTINUATION,HELD_SAME_INPUT,COMMITTED,1,0,0,0,1,1,0,0,GQSC_S1_MAIN_LEXICOGRAPHIC_LEFT_90d5749d559fb39c,90d5749d559fb39c,8607a9be358b9c63,93,NONE,nan,nan,ORIGINAL_MANEUVER_COMMITTED_CURRENT_HARD_VALID
VUE025,VALIDATION_SEEN_AFTER_V1,CONTINUATION,GUARD_FAIL_RAW_PASS,CONTINUING,1,0,0,0,1,1,1,1,GQSC_S1_MAIN_LEXICOGRAPHIC_LEFT_90d5749d559fb39c,90d5749d559fb39c,8607a9be358b9c63,93,NONE,nan,nan,GUARD_SOFT_OBSTACLE_VIOLATION_PENDING_RAW_HARD_VALID
VUE025,VALIDATION_SEEN_AFTER_V1,CONTINUATION,OBSTACLE_DISAPPEARANCE,CONTINUING,1,0,0,0,1,1,0,0,GQSC_S1_MAIN_LEXICOGRAPHIC_LEFT_90d5749d559fb39c,90d5749d559fb39c,8607a9be358b9c63,93,NONE,nan,nan,ORIGINAL_MANEUVER_SUFFIX_CURRENT_HARD_VALID
VUE025,VALIDATION_SEEN_AFTER_V1,CONTINUATION,FORWARD_TRIM,CONTINUING,1,0,0,0,1,1,0,0,GQSC_S1_MAIN_LEXICOGRAPHIC_LEFT_90d5749d559fb39c,90d5749d559fb39c,e250a9688214b605,93,NONE,nan,nan,ORIGINAL_MANEUVER_SUFFIX_CURRENT_HARD_VALID
VUE025,VALIDATION_SEEN_AFTER_V1,CONTINUATION,COMPLETE,COMPLETE,0,0,0,1,0,0,0,0,GQSC_S1_MAIN_LEXICOGRAPHIC_LEFT_90d5749d559fb39c,90d5749d559fb39c,NONE,0,NONE,nan,nan,EXPANDED_OBSTACLE_REGION_FULLY_PASSED
VUE025,VALIDATION_SEEN_AFTER_V1,NEW_OBSTACLE,FRESH,FRESH_SELECTED,1,1,0,0,0,1,0,1,GQSC_S1_MAIN_LEXICOGRAPHIC_LEFT_90d5749d559fb39c,90d5749d559fb39c,90d5749d559fb39c,110,NONE,3.0603233728849122,3.0603233728849122,FRESH_HARD_VALID_P3_M1
VUE025,VALIDATION_SEEN_AFTER_V1,NEW_OBSTACLE,INVALIDATE_AND_FALLBACK,INVALIDATED,0,0,1,0,1,0,1,1,GQSC_S1_MAIN_LEXICOGRAPHIC_LEFT_90d5749d559fb39c,90d5749d559fb39c,8607a9be358b9c63,93,NO_SAFE_PATH,nan,nan,CURRENT_RAW_OBSTACLE_COLLISION:d-offset intersects an inflated static-obstacle box
VUE026,VALIDATION_SEEN_AFTER_V1,CONTINUATION,FRESH,FRESH_SELECTED,1,1,0,0,0,1,0,1,GQSC_S1_MAIN_LEXICOGRAPHIC_RIGHT_3c2c2e8b167ff096,3c2c2e8b167ff096,3c2c2e8b167ff096,27,NONE,5.1535108541817003,5.1535108541817003,FRESH_HARD_VALID_P3_M1
VUE026,VALIDATION_SEEN_AFTER_V1,CONTINUATION,HELD_SAME_INPUT,COMMITTED,1,0,0,0,1,1,0,0,GQSC_S1_MAIN_LEXICOGRAPHIC_RIGHT_3c2c2e8b167ff096,3c2c2e8b167ff096,3c2c2e8b167ff096,27,NONE,nan,nan,ORIGINAL_MANEUVER_COMMITTED_CURRENT_HARD_VALID
VUE026,VALIDATION_SEEN_AFTER_V1,CONTINUATION,GUARD_FAIL_RAW_PASS,CONTINUING,1,0,0,0,1,1,0,0,GQSC_S1_MAIN_LEXICOGRAPHIC_RIGHT_3c2c2e8b167ff096,3c2c2e8b167ff096,3c2c2e8b167ff096,27,NONE,nan,nan,ORIGINAL_MANEUVER_SUFFIX_CURRENT_HARD_VALID
VUE026,VALIDATION_SEEN_AFTER_V1,CONTINUATION,OBSTACLE_DISAPPEARANCE,CONTINUING,1,0,0,0,1,1,0,0,GQSC_S1_MAIN_LEXICOGRAPHIC_RIGHT_3c2c2e8b167ff096,3c2c2e8b167ff096,3c2c2e8b167ff096,27,NONE,nan,nan,ORIGINAL_MANEUVER_SUFFIX_CURRENT_HARD_VALID
VUE026,VALIDATION_SEEN_AFTER_V1,CONTINUATION,FORWARD_TRIM,CONTINUING,1,0,0,0,1,1,0,0,GQSC_S1_MAIN_LEXICOGRAPHIC_RIGHT_3c2c2e8b167ff096,3c2c2e8b167ff096,3c2c2e8b167ff096,27,NONE,nan,nan,ORIGINAL_MANEUVER_SUFFIX_CURRENT_HARD_VALID
VUE026,VALIDATION_SEEN_AFTER_V1,CONTINUATION,COMPLETE,COMPLETE,0,0,0,1,0,0,0,0,GQSC_S1_MAIN_LEXICOGRAPHIC_RIGHT_3c2c2e8b167ff096,3c2c2e8b167ff096,NONE,0,NONE,nan,nan,EXPANDED_OBSTACLE_REGION_FULLY_PASSED
VUE026,VALIDATION_SEEN_AFTER_V1,NEW_OBSTACLE,FRESH,FRESH_SELECTED,1,1,0,0,0,1,0,1,GQSC_S1_MAIN_LEXICOGRAPHIC_RIGHT_3c2c2e8b167ff096,3c2c2e8b167ff096,3c2c2e8b167ff096,27,NONE,5.1535108541817003,5.1535108541817003,FRESH_HARD_VALID_P3_M1
VUE026,VALIDATION_SEEN_AFTER_V1,NEW_OBSTACLE,INVALIDATE_AND_FALLBACK,INVALIDATED,0,0,1,0,1,0,1,1,GQSC_S1_MAIN_LEXICOGRAPHIC_RIGHT_3c2c2e8b167ff096,3c2c2e8b167ff096,3c2c2e8b167ff096,27,NO_SAFE_PATH,nan,nan,CURRENT_RAW_OBSTACLE_COLLISION:d-offset intersects an inflated static-obstacle box
VUE027,VALIDATION_SEEN_AFTER_V1,CONTINUATION,FRESH,FRESH_SELECTED,1,1,0,0,0,1,0,1,GQSC_S1_MAIN_COVERAGE_RIGHT_06f743bf56a80c71,06f743bf56a80c71,06f743bf56a80c71,60,NONE,5.150824177066796,5.150824177066796,FRESH_HARD_VALID_P3_M1
VUE027,VALIDATION_SEEN_AFTER_V1,CONTINUATION,HELD_SAME_INPUT,COMMITTED,1,0,0,0,1,1,0,0,GQSC_S1_MAIN_COVERAGE_RIGHT_06f743bf56a80c71,06f743bf56a80c71,06f743bf56a80c71,60,NONE,nan,nan,ORIGINAL_MANEUVER_COMMITTED_CURRENT_HARD_VALID
VUE027,VALIDATION_SEEN_AFTER_V1,CONTINUATION,GUARD_FAIL_RAW_PASS,CONTINUING,1,0,0,0,1,1,0,0,GQSC_S1_MAIN_COVERAGE_RIGHT_06f743bf56a80c71,06f743bf56a80c71,06f743bf56a80c71,60,NONE,nan,nan,ORIGINAL_MANEUVER_SUFFIX_CURRENT_HARD_VALID
VUE027,VALIDATION_SEEN_AFTER_V1,CONTINUATION,OBSTACLE_DISAPPEARANCE,CONTINUING,1,0,0,0,1,1,0,0,GQSC_S1_MAIN_COVERAGE_RIGHT_06f743bf56a80c71,06f743bf56a80c71,06f743bf56a80c71,60,NONE,nan,nan,ORIGINAL_MANEUVER_SUFFIX_CURRENT_HARD_VALID
VUE027,VALIDATION_SEEN_AFTER_V1,CONTINUATION,FORWARD_TRIM,CONTINUING,1,0,0,0,1,1,0,0,GQSC_S1_MAIN_COVERAGE_RIGHT_06f743bf56a80c71,06f743bf56a80c71,06f743bf56a80c71,60,NONE,nan,nan,ORIGINAL_MANEUVER_SUFFIX_CURRENT_HARD_VALID
VUE027,VALIDATION_SEEN_AFTER_V1,CONTINUATION,COMPLETE,COMPLETE,0,0,0,1,0,0,0,0,GQSC_S1_MAIN_COVERAGE_RIGHT_06f743bf56a80c71,06f743bf56a80c71,NONE,0,NONE,nan,nan,EXPANDED_OBSTACLE_REGION_FULLY_PASSED
VUE027,VALIDATION_SEEN_AFTER_V1,NEW_OBSTACLE,FRESH,FRESH_SELECTED,1,1,0,0,0,1,0,1,GQSC_S1_MAIN_COVERAGE_RIGHT_06f743bf56a80c71,06f743bf56a80c71,06f743bf56a80c71,60,NONE,5.150824177066796,5.150824177066796,FRESH_HARD_VALID_P3_M1
VUE027,VALIDATION_SEEN_AFTER_V1,NEW_OBSTACLE,INVALIDATE_AND_FALLBACK,INVALIDATED,0,0,1,0,1,0,1,1,GQSC_S1_MAIN_COVERAGE_RIGHT_06f743bf56a80c71,06f743bf56a80c71,06f743bf56a80c71,60,NO_SAFE_PATH,nan,nan,CURRENT_RAW_OBSTACLE_COLLISION:d-offset intersects an inflated static-obstacle box
VUE028,VALIDATION_SEEN_AFTER_V1,CONTINUATION,FRESH,FRESH_SELECTED,1,1,0,0,0,1,0,1,GQSC_S1_MAIN_LEXICOGRAPHIC_RIGHT_c5befcfebed2d72d,c5befcfebed2d72d,c5befcfebed2d72d,60,NONE,5.092451095424309,5.092451095424309,FRESH_HARD_VALID_P3_M1
VUE028,VALIDATION_SEEN_AFTER_V1,CONTINUATION,HELD_SAME_INPUT,COMMITTED,1,0,0,0,1,1,0,0,GQSC_S1_MAIN_LEXICOGRAPHIC_RIGHT_c5befcfebed2d72d,c5befcfebed2d72d,c5befcfebed2d72d,60,NONE,nan,nan,ORIGINAL_MANEUVER_COMMITTED_CURRENT_HARD_VALID
VUE028,VALIDATION_SEEN_AFTER_V1,CONTINUATION,GUARD_FAIL_RAW_PASS,CONTINUING,1,0,0,0,1,1,0,0,GQSC_S1_MAIN_LEXICOGRAPHIC_RIGHT_c5befcfebed2d72d,c5befcfebed2d72d,c5befcfebed2d72d,60,NONE,nan,nan,ORIGINAL_MANEUVER_SUFFIX_CURRENT_HARD_VALID
VUE028,VALIDATION_SEEN_AFTER_V1,CONTINUATION,OBSTACLE_DISAPPEARANCE,CONTINUING,1,0,0,0,1,1,0,0,GQSC_S1_MAIN_LEXICOGRAPHIC_RIGHT_c5befcfebed2d72d,c5befcfebed2d72d,c5befcfebed2d72d,60,NONE,nan,nan,ORIGINAL_MANEUVER_SUFFIX_CURRENT_HARD_VALID
VUE028,VALIDATION_SEEN_AFTER_V1,CONTINUATION,FORWARD_TRIM,CONTINUING,1,0,0,0,1,1,0,0,GQSC_S1_MAIN_LEXICOGRAPHIC_RIGHT_c5befcfebed2d72d,c5befcfebed2d72d,c5befcfebed2d72d,60,NONE,nan,nan,ORIGINAL_MANEUVER_SUFFIX_CURRENT_HARD_VALID
VUE028,VALIDATION_SEEN_AFTER_V1,CONTINUATION,COMPLETE,COMPLETE,0,0,0,1,0,0,0,0,GQSC_S1_MAIN_LEXICOGRAPHIC_RIGHT_c5befcfebed2d72d,c5befcfebed2d72d,NONE,0,NONE,nan,nan,EXPANDED_OBSTACLE_REGION_FULLY_PASSED
VUE028,VALIDATION_SEEN_AFTER_V1,NEW_OBSTACLE,FRESH,FRESH_SELECTED,1,1,0,0,0,1,0,1,GQSC_S1_MAIN_LEXICOGRAPHIC_RIGHT_c5befcfebed2d72d,c5befcfebed2d72d,c5befcfebed2d72d,60,NONE,5.092451095424309,5.092451095424309,FRESH_HARD_VALID_P3_M1
VUE028,VALIDATION_SEEN_AFTER_V1,NEW_OBSTACLE,INVALIDATE_AND_FALLBACK,INVALIDATED,0,0,1,0,1,0,1,1,GQSC_S1_MAIN_LEXICOGRAPHIC_RIGHT_c5befcfebed2d72d,c5befcfebed2d72d,c5befcfebed2d72d,60,NO_SAFE_PATH,nan,nan,CURRENT_RAW_OBSTACLE_COLLISION:d-offset intersects an inflated static-obstacle box
VUE029,VALIDATION_SEEN_AFTER_V1,NOT_ELIGIBLE,SKIP,IDLE,0,0,0,0,0,0,0,0,NONE,NONE,NONE,0,NONE,nan,nan,NO_FROZEN_HARD_VALID:GQSC_S1_FROZEN_ENTRY
VUE030,VALIDATION_SEEN_AFTER_V1,CONTINUATION,FRESH,FRESH_SELECTED,1,1,0,0,0,1,0,1,GQSC_S1_MAIN_LEXICOGRAPHIC_RIGHT_b8731f9e01f2fd83,b8731f9e01f2fd83,b8731f9e01f2fd83,95,NONE,5.1761716531646798,5.1761716531646798,FRESH_HARD_VALID_P3_M1
VUE030,VALIDATION_SEEN_AFTER_V1,CONTINUATION,HELD_SAME_INPUT,COMMITTED,1,0,0,0,1,1,0,0,GQSC_S1_MAIN_LEXICOGRAPHIC_RIGHT_b8731f9e01f2fd83,b8731f9e01f2fd83,0b92c90e29f4bafa,93,NONE,nan,nan,ORIGINAL_MANEUVER_COMMITTED_CURRENT_HARD_VALID
VUE030,VALIDATION_SEEN_AFTER_V1,CONTINUATION,GUARD_FAIL_RAW_PASS,CONTINUING,1,0,0,0,1,1,0,0,GQSC_S1_MAIN_LEXICOGRAPHIC_RIGHT_b8731f9e01f2fd83,b8731f9e01f2fd83,0b92c90e29f4bafa,93,NONE,nan,nan,ORIGINAL_MANEUVER_SUFFIX_CURRENT_HARD_VALID
VUE030,VALIDATION_SEEN_AFTER_V1,CONTINUATION,OBSTACLE_DISAPPEARANCE,CONTINUING,1,0,0,0,1,1,0,0,GQSC_S1_MAIN_LEXICOGRAPHIC_RIGHT_b8731f9e01f2fd83,b8731f9e01f2fd83,0b92c90e29f4bafa,93,NONE,nan,nan,ORIGINAL_MANEUVER_SUFFIX_CURRENT_HARD_VALID
VUE030,VALIDATION_SEEN_AFTER_V1,CONTINUATION,FORWARD_TRIM,CONTINUING,1,0,0,0,1,1,0,0,GQSC_S1_MAIN_LEXICOGRAPHIC_RIGHT_b8731f9e01f2fd83,b8731f9e01f2fd83,0b92c90e29f4bafa,93,NONE,nan,nan,ORIGINAL_MANEUVER_SUFFIX_CURRENT_HARD_VALID
VUE030,VALIDATION_SEEN_AFTER_V1,CONTINUATION,COMPLETE,COMPLETE,0,0,0,1,0,0,0,0,GQSC_S1_MAIN_LEXICOGRAPHIC_RIGHT_b8731f9e01f2fd83,b8731f9e01f2fd83,NONE,0,NONE,nan,nan,EXPANDED_OBSTACLE_REGION_FULLY_PASSED
VUE030,VALIDATION_SEEN_AFTER_V1,NEW_OBSTACLE,FRESH,FRESH_SELECTED,1,1,0,0,0,1,0,1,GQSC_S1_MAIN_LEXICOGRAPHIC_RIGHT_b8731f9e01f2fd83,b8731f9e01f2fd83,b8731f9e01f2fd83,95,NONE,5.1761716531646798,5.1761716531646798,FRESH_HARD_VALID_P3_M1
VUE030,VALIDATION_SEEN_AFTER_V1,NEW_OBSTACLE,INVALIDATE_AND_FALLBACK,INVALIDATED,0,0,1,0,1,0,1,1,GQSC_S1_MAIN_LEXICOGRAPHIC_RIGHT_b8731f9e01f2fd83,b8731f9e01f2fd83,0b92c90e29f4bafa,93,NO_SAFE_PATH,nan,nan,CURRENT_RAW_OBSTACLE_COLLISION:d-offset intersects an inflated static-obstacle box
VUE031,VALIDATION_SEEN_AFTER_V1,NOT_ELIGIBLE,SKIP,IDLE,0,0,0,0,0,0,0,0,NONE,NONE,NONE,0,NONE,nan,nan,NO_FROZEN_HARD_VALID:GQSC_S1_FROZEN_ENTRY
VUE032,VALIDATION_SEEN_AFTER_V1,CONTINUATION,FRESH,FRESH_SELECTED,1,1,0,0,0,1,0,1,GQSC_S1_MAIN_LEXICOGRAPHIC_RIGHT_411e0416cb3c31b9,411e0416cb3c31b9,411e0416cb3c31b9,67,NONE,6.9281213159560053,6.9281213159560053,FRESH_HARD_VALID_P3_M1
VUE032,VALIDATION_SEEN_AFTER_V1,CONTINUATION,HELD_SAME_INPUT,COMMITTED,1,0,0,0,1,1,0,0,GQSC_S1_MAIN_LEXICOGRAPHIC_RIGHT_411e0416cb3c31b9,411e0416cb3c31b9,411e0416cb3c31b9,67,NONE,nan,nan,ORIGINAL_MANEUVER_COMMITTED_CURRENT_HARD_VALID
VUE032,VALIDATION_SEEN_AFTER_V1,CONTINUATION,GUARD_FAIL_RAW_PASS,CONTINUING,1,0,0,0,1,1,1,1,GQSC_S1_MAIN_LEXICOGRAPHIC_RIGHT_411e0416cb3c31b9,411e0416cb3c31b9,411e0416cb3c31b9,67,NONE,nan,nan,GUARD_SOFT_OBSTACLE_VIOLATION_PENDING_RAW_HARD_VALID
VUE032,VALIDATION_SEEN_AFTER_V1,CONTINUATION,OBSTACLE_DISAPPEARANCE,CONTINUING,1,0,0,0,1,1,0,0,GQSC_S1_MAIN_LEXICOGRAPHIC_RIGHT_411e0416cb3c31b9,411e0416cb3c31b9,411e0416cb3c31b9,67,NONE,nan,nan,ORIGINAL_MANEUVER_SUFFIX_CURRENT_HARD_VALID
VUE032,VALIDATION_SEEN_AFTER_V1,CONTINUATION,FORWARD_TRIM,CONTINUING,1,0,0,0,1,1,0,0,GQSC_S1_MAIN_LEXICOGRAPHIC_RIGHT_411e0416cb3c31b9,411e0416cb3c31b9,5059a6fc503b2b64,66,NONE,nan,nan,ORIGINAL_MANEUVER_SUFFIX_CURRENT_HARD_VALID
VUE032,VALIDATION_SEEN_AFTER_V1,CONTINUATION,COMPLETE,COMPLETE,0,0,0,1,0,0,0,0,GQSC_S1_MAIN_LEXICOGRAPHIC_RIGHT_411e0416cb3c31b9,411e0416cb3c31b9,NONE,0,NONE,nan,nan,EXPANDED_OBSTACLE_REGION_FULLY_PASSED
VUE032,VALIDATION_SEEN_AFTER_V1,NEW_OBSTACLE,FRESH,FRESH_SELECTED,1,1,0,0,0,1,0,1,GQSC_S1_MAIN_LEXICOGRAPHIC_RIGHT_411e0416cb3c31b9,411e0416cb3c31b9,411e0416cb3c31b9,67,NONE,6.9281213159560053,6.9281213159560053,FRESH_HARD_VALID_P3_M1
VUE032,VALIDATION_SEEN_AFTER_V1,NEW_OBSTACLE,INVALIDATE_AND_FALLBACK,INVALIDATED,0,0,1,0,1,0,1,1,GQSC_S1_MAIN_LEXICOGRAPHIC_RIGHT_411e0416cb3c31b9,411e0416cb3c31b9,411e0416cb3c31b9,67,NO_SAFE_PATH,nan,nan,CURRENT_RAW_OBSTACLE_COLLISION:d-offset intersects an inflated static-obstacle box
VUE033,VALIDATION_SEEN_AFTER_V1,CONTINUATION,FRESH,FRESH_SELECTED,1,1,0,0,0,1,0,1,GQSC_S1_MAIN_LEXICOGRAPHIC_RIGHT_eadbb561675718b7,eadbb561675718b7,eadbb561675718b7,63,NONE,5.7263132416816624,5.7263132416816624,FRESH_HARD_VALID_P3_M1
VUE033,VALIDATION_SEEN_AFTER_V1,CONTINUATION,HELD_SAME_INPUT,COMMITTED,1,0,0,0,1,1,0,0,GQSC_S1_MAIN_LEXICOGRAPHIC_RIGHT_eadbb561675718b7,eadbb561675718b7,eadbb561675718b7,63,NONE,nan,nan,ORIGINAL_MANEUVER_COMMITTED_CURRENT_HARD_VALID
VUE033,VALIDATION_SEEN_AFTER_V1,CONTINUATION,GUARD_FAIL_RAW_PASS,CONTINUING,1,0,0,0,1,1,1,1,GQSC_S1_MAIN_LEXICOGRAPHIC_RIGHT_eadbb561675718b7,eadbb561675718b7,eadbb561675718b7,63,NONE,nan,nan,GUARD_SOFT_OBSTACLE_VIOLATION_PENDING_RAW_HARD_VALID
VUE033,VALIDATION_SEEN_AFTER_V1,CONTINUATION,OBSTACLE_DISAPPEARANCE,CONTINUING,1,0,0,0,1,1,0,0,GQSC_S1_MAIN_LEXICOGRAPHIC_RIGHT_eadbb561675718b7,eadbb561675718b7,eadbb561675718b7,63,NONE,nan,nan,ORIGINAL_MANEUVER_SUFFIX_CURRENT_HARD_VALID
VUE033,VALIDATION_SEEN_AFTER_V1,CONTINUATION,FORWARD_TRIM,CONTINUING,1,0,0,0,1,1,0,0,GQSC_S1_MAIN_LEXICOGRAPHIC_RIGHT_eadbb561675718b7,eadbb561675718b7,6d15add3dbb22b08,62,NONE,nan,nan,ORIGINAL_MANEUVER_SUFFIX_CURRENT_HARD_VALID
VUE033,VALIDATION_SEEN_AFTER_V1,CONTINUATION,COMPLETE,COMPLETE,0,0,0,1,0,0,0,0,GQSC_S1_MAIN_LEXICOGRAPHIC_RIGHT_eadbb561675718b7,eadbb561675718b7,NONE,0,NONE,nan,nan,EXPANDED_OBSTACLE_REGION_FULLY_PASSED
VUE033,VALIDATION_SEEN_AFTER_V1,NEW_OBSTACLE,FRESH,FRESH_SELECTED,1,1,0,0,0,1,0,1,GQSC_S1_MAIN_LEXICOGRAPHIC_RIGHT_eadbb561675718b7,eadbb561675718b7,eadbb561675718b7,63,NONE,5.7263132416816624,5.7263132416816624,FRESH_HARD_VALID_P3_M1
VUE033,VALIDATION_SEEN_AFTER_V1,NEW_OBSTACLE,INVALIDATE_AND_FALLBACK,INVALIDATED,0,0,1,0,1,0,1,1,GQSC_S1_MAIN_LEXICOGRAPHIC_RIGHT_eadbb561675718b7,eadbb561675718b7,eadbb561675718b7,63,NO_SAFE_PATH,nan,nan,CURRENT_RAW_OBSTACLE_COLLISION:d-offset intersects an inflated static-obstacle box
VUE034,VALIDATION_SEEN_AFTER_V1,CONTINUATION,FRESH,FRESH_SELECTED,1,1,0,0,0,1,0,1,GQSC_S1_MAIN_COVERAGE_RIGHT_184aa7c63ab2856c,184aa7c63ab2856c,184aa7c63ab2856c,28,NONE,4.2131139222211758,4.2131139222211758,FRESH_HARD_VALID_P3_M1
VUE034,VALIDATION_SEEN_AFTER_V1,CONTINUATION,HELD_SAME_INPUT,COMMITTED,1,0,0,0,1,1,0,0,GQSC_S1_MAIN_COVERAGE_RIGHT_184aa7c63ab2856c,184aa7c63ab2856c,184aa7c63ab2856c,28,NONE,nan,nan,ORIGINAL_MANEUVER_COMMITTED_CURRENT_HARD_VALID
VUE034,VALIDATION_SEEN_AFTER_V1,CONTINUATION,GUARD_FAIL_RAW_PASS,CONTINUING,1,0,0,0,1,1,1,1,GQSC_S1_MAIN_COVERAGE_RIGHT_184aa7c63ab2856c,184aa7c63ab2856c,184aa7c63ab2856c,28,NONE,nan,nan,GUARD_SOFT_OBSTACLE_VIOLATION_PENDING_RAW_HARD_VALID
VUE034,VALIDATION_SEEN_AFTER_V1,CONTINUATION,OBSTACLE_DISAPPEARANCE,CONTINUING,1,0,0,0,1,1,0,0,GQSC_S1_MAIN_COVERAGE_RIGHT_184aa7c63ab2856c,184aa7c63ab2856c,184aa7c63ab2856c,28,NONE,nan,nan,ORIGINAL_MANEUVER_SUFFIX_CURRENT_HARD_VALID
VUE034,VALIDATION_SEEN_AFTER_V1,CONTINUATION,FORWARD_TRIM,CONTINUING,1,0,0,0,1,1,0,0,GQSC_S1_MAIN_COVERAGE_RIGHT_184aa7c63ab2856c,184aa7c63ab2856c,1a5d77969ea1b75a,27,NONE,nan,nan,ORIGINAL_MANEUVER_SUFFIX_CURRENT_HARD_VALID
VUE034,VALIDATION_SEEN_AFTER_V1,CONTINUATION,COMPLETE,COMPLETE,0,0,0,1,0,0,0,0,GQSC_S1_MAIN_COVERAGE_RIGHT_184aa7c63ab2856c,184aa7c63ab2856c,NONE,0,NONE,nan,nan,EXPANDED_OBSTACLE_REGION_FULLY_PASSED
VUE034,VALIDATION_SEEN_AFTER_V1,NEW_OBSTACLE,FRESH,FRESH_SELECTED,1,1,0,0,0,1,0,1,GQSC_S1_MAIN_COVERAGE_RIGHT_184aa7c63ab2856c,184aa7c63ab2856c,184aa7c63ab2856c,28,NONE,4.2131139222211758,4.2131139222211758,FRESH_HARD_VALID_P3_M1
VUE034,VALIDATION_SEEN_AFTER_V1,NEW_OBSTACLE,INVALIDATE_AND_FALLBACK,INVALIDATED,0,0,1,0,1,0,1,1,GQSC_S1_MAIN_COVERAGE_RIGHT_184aa7c63ab2856c,184aa7c63ab2856c,184aa7c63ab2856c,28,NO_SAFE_PATH,nan,nan,CURRENT_RAW_OBSTACLE_COLLISION:d-offset intersects an inflated static-obstacle box
VUE035,VALIDATION_SEEN_AFTER_V1,NOT_ELIGIBLE,SKIP,IDLE,0,0,0,0,0,0,0,0,NONE,NONE,NONE,0,NONE,nan,nan,NO_FROZEN_HARD_VALID:GQSC_S1_FROZEN_ENTRY
VUE036,VALIDATION_SEEN_AFTER_V1,CONTINUATION,FRESH,FRESH_SELECTED,1,1,0,0,0,1,0,1,GQSC_S1_MAIN_LEXICOGRAPHIC_RIGHT_e16d216d4ddd2d23,e16d216d4ddd2d23,e16d216d4ddd2d23,98,NONE,5.9488178710079094,5.9488178710079094,FRESH_HARD_VALID_P3_M1
VUE036,VALIDATION_SEEN_AFTER_V1,CONTINUATION,HELD_SAME_INPUT,COMMITTED,1,0,0,0,1,1,0,0,GQSC_S1_MAIN_LEXICOGRAPHIC_RIGHT_e16d216d4ddd2d23,e16d216d4ddd2d23,188f31be98bd1d8a,92,NONE,nan,nan,ORIGINAL_MANEUVER_COMMITTED_CURRENT_HARD_VALID
VUE036,VALIDATION_SEEN_AFTER_V1,CONTINUATION,GUARD_FAIL_RAW_PASS,CONTINUING,1,0,0,0,1,1,0,0,GQSC_S1_MAIN_LEXICOGRAPHIC_RIGHT_e16d216d4ddd2d23,e16d216d4ddd2d23,188f31be98bd1d8a,92,NONE,nan,nan,ORIGINAL_MANEUVER_SUFFIX_CURRENT_HARD_VALID
VUE036,VALIDATION_SEEN_AFTER_V1,CONTINUATION,OBSTACLE_DISAPPEARANCE,CONTINUING,1,0,0,0,1,1,0,0,GQSC_S1_MAIN_LEXICOGRAPHIC_RIGHT_e16d216d4ddd2d23,e16d216d4ddd2d23,188f31be98bd1d8a,92,NONE,nan,nan,ORIGINAL_MANEUVER_SUFFIX_CURRENT_HARD_VALID
VUE036,VALIDATION_SEEN_AFTER_V1,CONTINUATION,FORWARD_TRIM,CONTINUING,1,0,0,0,1,1,0,0,GQSC_S1_MAIN_LEXICOGRAPHIC_RIGHT_e16d216d4ddd2d23,e16d216d4ddd2d23,6171e07591e083a1,93,NONE,nan,nan,ORIGINAL_MANEUVER_SUFFIX_CURRENT_HARD_VALID
VUE036,VALIDATION_SEEN_AFTER_V1,CONTINUATION,COMPLETE,COMPLETE,0,0,0,1,0,0,0,0,GQSC_S1_MAIN_LEXICOGRAPHIC_RIGHT_e16d216d4ddd2d23,e16d216d4ddd2d23,NONE,0,NONE,nan,nan,EXPANDED_OBSTACLE_REGION_FULLY_PASSED
VUE036,VALIDATION_SEEN_AFTER_V1,NEW_OBSTACLE,FRESH,FRESH_SELECTED,1,1,0,0,0,1,0,1,GQSC_S1_MAIN_LEXICOGRAPHIC_RIGHT_e16d216d4ddd2d23,e16d216d4ddd2d23,e16d216d4ddd2d23,98,NONE,5.9488178710079094,5.9488178710079094,FRESH_HARD_VALID_P3_M1
VUE036,VALIDATION_SEEN_AFTER_V1,NEW_OBSTACLE,INVALIDATE_AND_FALLBACK,INVALIDATED,0,0,1,0,1,0,1,1,GQSC_S1_MAIN_LEXICOGRAPHIC_RIGHT_e16d216d4ddd2d23,e16d216d4ddd2d23,188f31be98bd1d8a,92,NO_SAFE_PATH,nan,nan,CURRENT_RAW_OBSTACLE_COLLISION:d-offset intersects an inflated static-obstacle box
VUE037,VALIDATION_SEEN_AFTER_V1,NOT_ELIGIBLE,SKIP,IDLE,0,0,0,0,0,0,0,0,NONE,NONE,NONE,0,NONE,nan,nan,NO_FROZEN_HARD_VALID:GQSC_S1_FROZEN_ENTRY
SCE001,SUCCESS_CONTROL_SEEN,CONTINUATION,FRESH,FRESH_SELECTED,1,1,0,0,0,1,0,1,GQSC_S1_MAIN_LEXICOGRAPHIC_RIGHT_a190d346d1dceee2,a190d346d1dceee2,a190d346d1dceee2,69,NONE,7.620722665649966,7.620722665649966,FRESH_HARD_VALID_P3_M1
SCE001,SUCCESS_CONTROL_SEEN,CONTINUATION,HELD_SAME_INPUT,COMMITTED,1,0,0,0,1,1,0,0,GQSC_S1_MAIN_LEXICOGRAPHIC_RIGHT_a190d346d1dceee2,a190d346d1dceee2,a190d346d1dceee2,69,NONE,nan,nan,ORIGINAL_MANEUVER_COMMITTED_CURRENT_HARD_VALID
SCE001,SUCCESS_CONTROL_SEEN,CONTINUATION,GUARD_FAIL_RAW_PASS,CONTINUING,1,0,0,0,1,1,1,1,GQSC_S1_MAIN_LEXICOGRAPHIC_RIGHT_a190d346d1dceee2,a190d346d1dceee2,a190d346d1dceee2,69,NONE,nan,nan,GUARD_SOFT_OBSTACLE_VIOLATION_PENDING_RAW_HARD_VALID
SCE001,SUCCESS_CONTROL_SEEN,CONTINUATION,OBSTACLE_DISAPPEARANCE,CONTINUING,1,0,0,0,1,1,0,0,GQSC_S1_MAIN_LEXICOGRAPHIC_RIGHT_a190d346d1dceee2,a190d346d1dceee2,a190d346d1dceee2,69,NONE,nan,nan,ORIGINAL_MANEUVER_SUFFIX_CURRENT_HARD_VALID
SCE001,SUCCESS_CONTROL_SEEN,CONTINUATION,FORWARD_TRIM,CONTINUING,1,0,0,0,1,1,0,0,GQSC_S1_MAIN_LEXICOGRAPHIC_RIGHT_a190d346d1dceee2,a190d346d1dceee2,7c6fce3fe93ce152,68,NONE,nan,nan,ORIGINAL_MANEUVER_SUFFIX_CURRENT_HARD_VALID
SCE001,SUCCESS_CONTROL_SEEN,CONTINUATION,COMPLETE,COMPLETE,0,0,0,1,0,0,0,0,GQSC_S1_MAIN_LEXICOGRAPHIC_RIGHT_a190d346d1dceee2,a190d346d1dceee2,NONE,0,NONE,nan,nan,EXPANDED_OBSTACLE_REGION_FULLY_PASSED
SCE001,SUCCESS_CONTROL_SEEN,NEW_OBSTACLE,FRESH,FRESH_SELECTED,1,1,0,0,0,1,0,1,GQSC_S1_MAIN_LEXICOGRAPHIC_RIGHT_a190d346d1dceee2,a190d346d1dceee2,a190d346d1dceee2,69,NONE,7.620722665649966,7.620722665649966,FRESH_HARD_VALID_P3_M1
SCE001,SUCCESS_CONTROL_SEEN,NEW_OBSTACLE,INVALIDATE_AND_FALLBACK,INVALIDATED,0,0,1,0,1,0,1,1,GQSC_S1_MAIN_LEXICOGRAPHIC_RIGHT_a190d346d1dceee2,a190d346d1dceee2,a190d346d1dceee2,69,NO_SAFE_PATH,nan,nan,CURRENT_RAW_OBSTACLE_COLLISION:d-offset intersects an inflated static-obstacle box
SCE002,SUCCESS_CONTROL_SEEN,CONTINUATION,FRESH,FRESH_SELECTED,1,1,0,0,0,1,0,1,GQSC_S1_MAIN_COVERAGE_LEFT_b8457df9cd0f0fc7,b8457df9cd0f0fc7,b8457df9cd0f0fc7,109,NONE,5.3331880182404898,5.3331880182404898,FRESH_HARD_VALID_P3_M1
SCE002,SUCCESS_CONTROL_SEEN,CONTINUATION,HELD_SAME_INPUT,COMMITTED,1,0,0,0,1,1,0,0,GQSC_S1_MAIN_COVERAGE_LEFT_b8457df9cd0f0fc7,b8457df9cd0f0fc7,0030ec463d681fed,92,NONE,nan,nan,ORIGINAL_MANEUVER_COMMITTED_CURRENT_HARD_VALID
SCE002,SUCCESS_CONTROL_SEEN,CONTINUATION,GUARD_FAIL_RAW_PASS,CONTINUING,1,0,0,0,1,1,1,1,GQSC_S1_MAIN_COVERAGE_LEFT_b8457df9cd0f0fc7,b8457df9cd0f0fc7,0030ec463d681fed,92,NONE,nan,nan,GUARD_SOFT_OBSTACLE_VIOLATION_PENDING_RAW_HARD_VALID
SCE002,SUCCESS_CONTROL_SEEN,CONTINUATION,OBSTACLE_DISAPPEARANCE,CONTINUING,1,0,0,0,1,1,0,0,GQSC_S1_MAIN_COVERAGE_LEFT_b8457df9cd0f0fc7,b8457df9cd0f0fc7,0030ec463d681fed,92,NONE,nan,nan,ORIGINAL_MANEUVER_SUFFIX_CURRENT_HARD_VALID
SCE002,SUCCESS_CONTROL_SEEN,CONTINUATION,FORWARD_TRIM,CONTINUING,1,0,0,0,1,1,0,0,GQSC_S1_MAIN_COVERAGE_LEFT_b8457df9cd0f0fc7,b8457df9cd0f0fc7,0030ec463d681fed,92,NONE,nan,nan,ORIGINAL_MANEUVER_SUFFIX_CURRENT_HARD_VALID
SCE002,SUCCESS_CONTROL_SEEN,CONTINUATION,COMPLETE,COMPLETE,0,0,0,1,0,0,0,0,GQSC_S1_MAIN_COVERAGE_LEFT_b8457df9cd0f0fc7,b8457df9cd0f0fc7,NONE,0,NONE,nan,nan,EXPANDED_OBSTACLE_REGION_FULLY_PASSED
SCE002,SUCCESS_CONTROL_SEEN,NEW_OBSTACLE,FRESH,FRESH_SELECTED,1,1,0,0,0,1,0,1,GQSC_S1_MAIN_COVERAGE_LEFT_b8457df9cd0f0fc7,b8457df9cd0f0fc7,b8457df9cd0f0fc7,109,NONE,5.3331880182404898,5.3331880182404898,FRESH_HARD_VALID_P3_M1
SCE002,SUCCESS_CONTROL_SEEN,NEW_OBSTACLE,INVALIDATE_AND_FALLBACK,INVALIDATED,0,0,1,0,1,0,1,1,GQSC_S1_MAIN_COVERAGE_LEFT_b8457df9cd0f0fc7,b8457df9cd0f0fc7,0030ec463d681fed,92,NO_SAFE_PATH,nan,nan,CURRENT_RAW_OBSTACLE_COLLISION:d-offset intersects an inflated static-obstacle box
SCE003,SUCCESS_CONTROL_SEEN,CONTINUATION,FRESH,FRESH_SELECTED,1,1,0,0,0,1,0,1,GQSC_S1_MAIN_COVERAGE_RIGHT_fe720e33f9f57ef4,fe720e33f9f57ef4,fe720e33f9f57ef4,71,NONE,8.0431016282116339,8.0431016282116339,FRESH_HARD_VALID_P3_M1
SCE003,SUCCESS_CONTROL_SEEN,CONTINUATION,HELD_SAME_INPUT,COMMITTED,1,0,0,0,1,1,0,0,GQSC_S1_MAIN_COVERAGE_RIGHT_fe720e33f9f57ef4,fe720e33f9f57ef4,fe720e33f9f57ef4,71,NONE,nan,nan,ORIGINAL_MANEUVER_COMMITTED_CURRENT_HARD_VALID
SCE003,SUCCESS_CONTROL_SEEN,CONTINUATION,GUARD_FAIL_RAW_PASS,CONTINUING,1,0,0,0,1,1,1,1,GQSC_S1_MAIN_COVERAGE_RIGHT_fe720e33f9f57ef4,fe720e33f9f57ef4,fe720e33f9f57ef4,71,NONE,nan,nan,GUARD_SOFT_OBSTACLE_VIOLATION_PENDING_RAW_HARD_VALID
SCE003,SUCCESS_CONTROL_SEEN,CONTINUATION,OBSTACLE_DISAPPEARANCE,CONTINUING,1,0,0,0,1,1,0,0,GQSC_S1_MAIN_COVERAGE_RIGHT_fe720e33f9f57ef4,fe720e33f9f57ef4,fe720e33f9f57ef4,71,NONE,nan,nan,ORIGINAL_MANEUVER_SUFFIX_CURRENT_HARD_VALID
SCE003,SUCCESS_CONTROL_SEEN,CONTINUATION,FORWARD_TRIM,CONTINUING,1,0,0,0,1,1,0,0,GQSC_S1_MAIN_COVERAGE_RIGHT_fe720e33f9f57ef4,fe720e33f9f57ef4,efd789fc298efff6,70,NONE,nan,nan,ORIGINAL_MANEUVER_SUFFIX_CURRENT_HARD_VALID
SCE003,SUCCESS_CONTROL_SEEN,CONTINUATION,COMPLETE,COMPLETE,0,0,0,1,0,0,0,0,GQSC_S1_MAIN_COVERAGE_RIGHT_fe720e33f9f57ef4,fe720e33f9f57ef4,NONE,0,NONE,nan,nan,EXPANDED_OBSTACLE_REGION_FULLY_PASSED
SCE003,SUCCESS_CONTROL_SEEN,NEW_OBSTACLE,FRESH,FRESH_SELECTED,1,1,0,0,0,1,0,1,GQSC_S1_MAIN_COVERAGE_RIGHT_fe720e33f9f57ef4,fe720e33f9f57ef4,fe720e33f9f57ef4,71,NONE,8.0431016282116339,8.0431016282116339,FRESH_HARD_VALID_P3_M1
SCE003,SUCCESS_CONTROL_SEEN,NEW_OBSTACLE,INVALIDATE_AND_FALLBACK,INVALIDATED,0,0,1,0,1,0,1,1,GQSC_S1_MAIN_COVERAGE_RIGHT_fe720e33f9f57ef4,fe720e33f9f57ef4,fe720e33f9f57ef4,71,NO_SAFE_PATH,nan,nan,CURRENT_RAW_OBSTACLE_COLLISION:d-offset intersects an inflated static-obstacle box
SCE004,SUCCESS_CONTROL_SEEN,CONTINUATION,FRESH,FRESH_SELECTED,1,1,0,0,0,1,0,1,GQSC_S1_MAIN_COVERAGE_RIGHT_2b2e903b893f5399,2b2e903b893f5399,2b2e903b893f5399,103,NONE,7.3103817788326033,7.3103817788326033,FRESH_HARD_VALID_P3_M1
SCE004,SUCCESS_CONTROL_SEEN,CONTINUATION,HELD_SAME_INPUT,COMMITTED,1,0,0,0,1,1,0,0,GQSC_S1_MAIN_COVERAGE_RIGHT_2b2e903b893f5399,2b2e903b893f5399,d82f8a4ba4d5d934,92,NONE,nan,nan,ORIGINAL_MANEUVER_COMMITTED_CURRENT_HARD_VALID
SCE004,SUCCESS_CONTROL_SEEN,CONTINUATION,GUARD_FAIL_RAW_PASS,CONTINUING,1,0,0,0,1,1,1,1,GQSC_S1_MAIN_COVERAGE_RIGHT_2b2e903b893f5399,2b2e903b893f5399,d82f8a4ba4d5d934,92,NONE,nan,nan,GUARD_SOFT_OBSTACLE_VIOLATION_PENDING_RAW_HARD_VALID
SCE004,SUCCESS_CONTROL_SEEN,CONTINUATION,OBSTACLE_DISAPPEARANCE,CONTINUING,1,0,0,0,1,1,0,0,GQSC_S1_MAIN_COVERAGE_RIGHT_2b2e903b893f5399,2b2e903b893f5399,d82f8a4ba4d5d934,92,NONE,nan,nan,ORIGINAL_MANEUVER_SUFFIX_CURRENT_HARD_VALID
SCE004,SUCCESS_CONTROL_SEEN,CONTINUATION,FORWARD_TRIM,CONTINUING,1,0,0,0,1,1,0,0,GQSC_S1_MAIN_COVERAGE_RIGHT_2b2e903b893f5399,2b2e903b893f5399,e3c3feeeb258a1e6,93,NONE,nan,nan,ORIGINAL_MANEUVER_SUFFIX_CURRENT_HARD_VALID
SCE004,SUCCESS_CONTROL_SEEN,CONTINUATION,COMPLETE,COMPLETE,0,0,0,1,0,0,0,0,GQSC_S1_MAIN_COVERAGE_RIGHT_2b2e903b893f5399,2b2e903b893f5399,NONE,0,NONE,nan,nan,EXPANDED_OBSTACLE_REGION_FULLY_PASSED
SCE004,SUCCESS_CONTROL_SEEN,NEW_OBSTACLE,FRESH,FRESH_SELECTED,1,1,0,0,0,1,0,1,GQSC_S1_MAIN_COVERAGE_RIGHT_2b2e903b893f5399,2b2e903b893f5399,2b2e903b893f5399,103,NONE,7.3103817788326033,7.3103817788326033,FRESH_HARD_VALID_P3_M1
SCE004,SUCCESS_CONTROL_SEEN,NEW_OBSTACLE,INVALIDATE_AND_FALLBACK,INVALIDATED,0,0,1,0,1,0,1,1,GQSC_S1_MAIN_COVERAGE_RIGHT_2b2e903b893f5399,2b2e903b893f5399,d82f8a4ba4d5d934,92,NO_SAFE_PATH,nan,nan,CURRENT_RAW_OBSTACLE_COLLISION:d-offset intersects an inflated static-obstacle box
SCE005,SUCCESS_CONTROL_SEEN,CONTINUATION,FRESH,FRESH_SELECTED,1,1,0,0,0,1,0,1,GQSC_S1_MAIN_LEXICOGRAPHIC_LEFT_87602a80513d644a,87602a80513d644a,87602a80513d644a,115,NONE,4.4266067712054724,4.4266067712054724,FRESH_HARD_VALID_P3_M1
SCE005,SUCCESS_CONTROL_SEEN,CONTINUATION,HELD_SAME_INPUT,COMMITTED,1,0,0,0,1,1,0,0,GQSC_S1_MAIN_LEXICOGRAPHIC_LEFT_87602a80513d644a,87602a80513d644a,448bdcfe016ebeb2,93,NONE,nan,nan,ORIGINAL_MANEUVER_COMMITTED_CURRENT_HARD_VALID
SCE005,SUCCESS_CONTROL_SEEN,CONTINUATION,GUARD_FAIL_RAW_PASS,CONTINUING,1,0,0,0,1,1,1,1,GQSC_S1_MAIN_LEXICOGRAPHIC_LEFT_87602a80513d644a,87602a80513d644a,448bdcfe016ebeb2,93,NONE,nan,nan,GUARD_SOFT_OBSTACLE_VIOLATION_PENDING_RAW_HARD_VALID
SCE005,SUCCESS_CONTROL_SEEN,CONTINUATION,OBSTACLE_DISAPPEARANCE,CONTINUING,1,0,0,0,1,1,0,0,GQSC_S1_MAIN_LEXICOGRAPHIC_LEFT_87602a80513d644a,87602a80513d644a,448bdcfe016ebeb2,93,NONE,nan,nan,ORIGINAL_MANEUVER_SUFFIX_CURRENT_HARD_VALID
SCE005,SUCCESS_CONTROL_SEEN,CONTINUATION,FORWARD_TRIM,CONTINUING,1,0,0,0,1,1,0,0,GQSC_S1_MAIN_LEXICOGRAPHIC_LEFT_87602a80513d644a,87602a80513d644a,04b6f8e897be52cc,93,NONE,nan,nan,ORIGINAL_MANEUVER_SUFFIX_CURRENT_HARD_VALID
SCE005,SUCCESS_CONTROL_SEEN,CONTINUATION,COMPLETE,COMPLETE,0,0,0,1,0,0,0,0,GQSC_S1_MAIN_LEXICOGRAPHIC_LEFT_87602a80513d644a,87602a80513d644a,NONE,0,NONE,nan,nan,EXPANDED_OBSTACLE_REGION_FULLY_PASSED
SCE005,SUCCESS_CONTROL_SEEN,NEW_OBSTACLE,FRESH,FRESH_SELECTED,1,1,0,0,0,1,0,1,GQSC_S1_MAIN_LEXICOGRAPHIC_LEFT_87602a80513d644a,87602a80513d644a,87602a80513d644a,115,NONE,4.4266067712054724,4.4266067712054724,FRESH_HARD_VALID_P3_M1
SCE005,SUCCESS_CONTROL_SEEN,NEW_OBSTACLE,INVALIDATE_AND_FALLBACK,INVALIDATED,0,0,1,0,1,0,1,1,GQSC_S1_MAIN_LEXICOGRAPHIC_LEFT_87602a80513d644a,87602a80513d644a,448bdcfe016ebeb2,93,NO_SAFE_PATH,nan,nan,CURRENT_RAW_OBSTACLE_COLLISION:d-offset intersects an inflated static-obstacle box
SCE006,SUCCESS_CONTROL_SEEN,CONTINUATION,FRESH,FRESH_SELECTED,1,1,0,0,0,1,0,1,GQSC_S1_MAIN_COVERAGE_RIGHT_6bc657c12b2f57d1,6bc657c12b2f57d1,6bc657c12b2f57d1,73,NONE,8.3903466060390102,8.3903466060390102,FRESH_HARD_VALID_P3_M1
SCE006,SUCCESS_CONTROL_SEEN,CONTINUATION,HELD_SAME_INPUT,COMMITTED,1,0,0,0,1,1,0,0,GQSC_S1_MAIN_COVERAGE_RIGHT_6bc657c12b2f57d1,6bc657c12b2f57d1,6bc657c12b2f57d1,73,NONE,nan,nan,ORIGINAL_MANEUVER_COMMITTED_CURRENT_HARD_VALID
SCE006,SUCCESS_CONTROL_SEEN,CONTINUATION,GUARD_FAIL_RAW_PASS,CONTINUING,1,0,0,0,1,1,1,1,GQSC_S1_MAIN_COVERAGE_RIGHT_6bc657c12b2f57d1,6bc657c12b2f57d1,6bc657c12b2f57d1,73,NONE,nan,nan,GUARD_SOFT_OBSTACLE_VIOLATION_PENDING_RAW_HARD_VALID
SCE006,SUCCESS_CONTROL_SEEN,CONTINUATION,OBSTACLE_DISAPPEARANCE,CONTINUING,1,0,0,0,1,1,0,0,GQSC_S1_MAIN_COVERAGE_RIGHT_6bc657c12b2f57d1,6bc657c12b2f57d1,6bc657c12b2f57d1,73,NONE,nan,nan,ORIGINAL_MANEUVER_SUFFIX_CURRENT_HARD_VALID
SCE006,SUCCESS_CONTROL_SEEN,CONTINUATION,FORWARD_TRIM,CONTINUING,1,0,0,0,1,1,0,0,GQSC_S1_MAIN_COVERAGE_RIGHT_6bc657c12b2f57d1,6bc657c12b2f57d1,1d7b758cc2d2d06f,72,NONE,nan,nan,ORIGINAL_MANEUVER_SUFFIX_CURRENT_HARD_VALID
SCE006,SUCCESS_CONTROL_SEEN,CONTINUATION,COMPLETE,COMPLETE,0,0,0,1,0,0,0,0,GQSC_S1_MAIN_COVERAGE_RIGHT_6bc657c12b2f57d1,6bc657c12b2f57d1,NONE,0,NONE,nan,nan,EXPANDED_OBSTACLE_REGION_FULLY_PASSED
SCE006,SUCCESS_CONTROL_SEEN,NEW_OBSTACLE,FRESH,FRESH_SELECTED,1,1,0,0,0,1,0,1,GQSC_S1_MAIN_COVERAGE_RIGHT_6bc657c12b2f57d1,6bc657c12b2f57d1,6bc657c12b2f57d1,73,NONE,8.3903466060390102,8.3903466060390102,FRESH_HARD_VALID_P3_M1
SCE006,SUCCESS_CONTROL_SEEN,NEW_OBSTACLE,INVALIDATE_AND_FALLBACK,INVALIDATED,0,0,1,0,1,0,1,1,GQSC_S1_MAIN_COVERAGE_RIGHT_6bc657c12b2f57d1,6bc657c12b2f57d1,6bc657c12b2f57d1,73,NO_SAFE_PATH,nan,nan,CURRENT_RAW_OBSTACLE_COLLISION:d-offset intersects an inflated static-obstacle box
SCE007,SUCCESS_CONTROL_SEEN,CONTINUATION,FRESH,FRESH_SELECTED,1,1,0,0,0,1,0,1,GQSC_S1_MAIN_LEXICOGRAPHIC_RIGHT_ef186819bb103426,ef186819bb103426,ef186819bb103426,67,NONE,7.0541035329514878,7.0541035329514878,FRESH_HARD_VALID_P3_M1
SCE007,SUCCESS_CONTROL_SEEN,CONTINUATION,HELD_SAME_INPUT,COMMITTED,1,0,0,0,1,1,0,0,GQSC_S1_MAIN_LEXICOGRAPHIC_RIGHT_ef186819bb103426,ef186819bb103426,ef186819bb103426,67,NONE,nan,nan,ORIGINAL_MANEUVER_COMMITTED_CURRENT_HARD_VALID
SCE007,SUCCESS_CONTROL_SEEN,CONTINUATION,GUARD_FAIL_RAW_PASS,CONTINUING,1,0,0,0,1,1,1,1,GQSC_S1_MAIN_LEXICOGRAPHIC_RIGHT_ef186819bb103426,ef186819bb103426,ef186819bb103426,67,NONE,nan,nan,GUARD_SOFT_OBSTACLE_VIOLATION_PENDING_RAW_HARD_VALID
SCE007,SUCCESS_CONTROL_SEEN,CONTINUATION,OBSTACLE_DISAPPEARANCE,CONTINUING,1,0,0,0,1,1,0,0,GQSC_S1_MAIN_LEXICOGRAPHIC_RIGHT_ef186819bb103426,ef186819bb103426,ef186819bb103426,67,NONE,nan,nan,ORIGINAL_MANEUVER_SUFFIX_CURRENT_HARD_VALID
SCE007,SUCCESS_CONTROL_SEEN,CONTINUATION,FORWARD_TRIM,CONTINUING,1,0,0,0,1,1,0,0,GQSC_S1_MAIN_LEXICOGRAPHIC_RIGHT_ef186819bb103426,ef186819bb103426,e0fa30d0c1132e48,66,NONE,nan,nan,ORIGINAL_MANEUVER_SUFFIX_CURRENT_HARD_VALID
SCE007,SUCCESS_CONTROL_SEEN,CONTINUATION,COMPLETE,COMPLETE,0,0,0,1,0,0,0,0,GQSC_S1_MAIN_LEXICOGRAPHIC_RIGHT_ef186819bb103426,ef186819bb103426,NONE,0,NONE,nan,nan,EXPANDED_OBSTACLE_REGION_FULLY_PASSED
SCE007,SUCCESS_CONTROL_SEEN,NEW_OBSTACLE,FRESH,FRESH_SELECTED,1,1,0,0,0,1,0,1,GQSC_S1_MAIN_LEXICOGRAPHIC_RIGHT_ef186819bb103426,ef186819bb103426,ef186819bb103426,67,NONE,7.0541035329514878,7.0541035329514878,FRESH_HARD_VALID_P3_M1
SCE007,SUCCESS_CONTROL_SEEN,NEW_OBSTACLE,INVALIDATE_AND_FALLBACK,INVALIDATED,0,0,1,0,1,0,1,1,GQSC_S1_MAIN_LEXICOGRAPHIC_RIGHT_ef186819bb103426,ef186819bb103426,ef186819bb103426,67,NO_SAFE_PATH,nan,nan,CURRENT_RAW_OBSTACLE_COLLISION:d-offset intersects an inflated static-obstacle box
SCE008,SUCCESS_CONTROL_SEEN,CONTINUATION,FRESH,FRESH_SELECTED,1,1,0,0,0,1,0,1,GQSC_S1_MAIN_COVERAGE_LEFT_73c59bf83c6094ea,73c59bf83c6094ea,73c59bf83c6094ea,185,NONE,2.1389065285439397,2.1389065285439397,FRESH_HARD_VALID_P3_M1
SCE008,SUCCESS_CONTROL_SEEN,CONTINUATION,HELD_SAME_INPUT,COMMITTED,1,0,0,0,1,1,0,0,GQSC_S1_MAIN_COVERAGE_LEFT_73c59bf83c6094ea,73c59bf83c6094ea,657f5d639826be95,92,NONE,nan,nan,ORIGINAL_MANEUVER_COMMITTED_CURRENT_HARD_VALID
SCE008,SUCCESS_CONTROL_SEEN,CONTINUATION,GUARD_FAIL_RAW_PASS,CONTINUING,1,0,0,0,1,1,1,1,GQSC_S1_MAIN_COVERAGE_LEFT_73c59bf83c6094ea,73c59bf83c6094ea,657f5d639826be95,92,NONE,nan,nan,GUARD_SOFT_OBSTACLE_VIOLATION_PENDING_RAW_HARD_VALID
SCE008,SUCCESS_CONTROL_SEEN,CONTINUATION,OBSTACLE_DISAPPEARANCE,CONTINUING,1,0,0,0,1,1,0,0,GQSC_S1_MAIN_COVERAGE_LEFT_73c59bf83c6094ea,73c59bf83c6094ea,657f5d639826be95,92,NONE,nan,nan,ORIGINAL_MANEUVER_SUFFIX_CURRENT_HARD_VALID
SCE008,SUCCESS_CONTROL_SEEN,CONTINUATION,FORWARD_TRIM,CONTINUING,1,0,0,0,1,1,0,0,GQSC_S1_MAIN_COVERAGE_LEFT_73c59bf83c6094ea,73c59bf83c6094ea,657f5d639826be95,92,NONE,nan,nan,ORIGINAL_MANEUVER_SUFFIX_CURRENT_HARD_VALID
SCE008,SUCCESS_CONTROL_SEEN,CONTINUATION,COMPLETE,COMPLETE,0,0,0,1,0,0,0,0,GQSC_S1_MAIN_COVERAGE_LEFT_73c59bf83c6094ea,73c59bf83c6094ea,NONE,0,NONE,nan,nan,EXPANDED_OBSTACLE_REGION_FULLY_PASSED
SCE008,SUCCESS_CONTROL_SEEN,NEW_OBSTACLE,FRESH,FRESH_SELECTED,1,1,0,0,0,1,0,1,GQSC_S1_MAIN_COVERAGE_LEFT_73c59bf83c6094ea,73c59bf83c6094ea,73c59bf83c6094ea,185,NONE,2.1389065285439397,2.1389065285439397,FRESH_HARD_VALID_P3_M1
SCE008,SUCCESS_CONTROL_SEEN,NEW_OBSTACLE,INVALIDATE_AND_FALLBACK,INVALIDATED,0,0,1,0,1,0,1,1,GQSC_S1_MAIN_COVERAGE_LEFT_73c59bf83c6094ea,73c59bf83c6094ea,657f5d639826be95,92,NO_SAFE_PATH,nan,nan,CURRENT_RAW_OBSTACLE_COLLISION:d-offset intersects an inflated static-obstacle box
SCE009,SUCCESS_CONTROL_SEEN,CONTINUATION,FRESH,FRESH_SELECTED,1,1,0,0,0,1,0,1,GQSC_S1_MAIN_COVERAGE_LEFT_584a0ec9c1414856,584a0ec9c1414856,584a0ec9c1414856,125,NONE,13.044280759638553,13.044280759638553,FRESH_HARD_VALID_P3_M1
SCE009,SUCCESS_CONTROL_SEEN,CONTINUATION,HELD_SAME_INPUT,COMMITTED,1,0,0,0,1,1,0,0,GQSC_S1_MAIN_COVERAGE_LEFT_584a0ec9c1414856,584a0ec9c1414856,6bc05ce991a84b6e,93,NONE,nan,nan,ORIGINAL_MANEUVER_COMMITTED_CURRENT_HARD_VALID
SCE009,SUCCESS_CONTROL_SEEN,CONTINUATION,GUARD_FAIL_RAW_PASS,CONTINUING,1,0,0,0,1,1,1,1,GQSC_S1_MAIN_COVERAGE_LEFT_584a0ec9c1414856,584a0ec9c1414856,6bc05ce991a84b6e,93,NONE,nan,nan,GUARD_SOFT_OBSTACLE_VIOLATION_PENDING_RAW_HARD_VALID
SCE009,SUCCESS_CONTROL_SEEN,CONTINUATION,OBSTACLE_DISAPPEARANCE,CONTINUING,1,0,0,0,1,1,0,0,GQSC_S1_MAIN_COVERAGE_LEFT_584a0ec9c1414856,584a0ec9c1414856,6bc05ce991a84b6e,93,NONE,nan,nan,ORIGINAL_MANEUVER_SUFFIX_CURRENT_HARD_VALID
SCE009,SUCCESS_CONTROL_SEEN,CONTINUATION,FORWARD_TRIM,CONTINUING,1,0,0,0,1,1,0,0,GQSC_S1_MAIN_COVERAGE_LEFT_584a0ec9c1414856,584a0ec9c1414856,a95f4d91a35444cf,93,NONE,nan,nan,ORIGINAL_MANEUVER_SUFFIX_CURRENT_HARD_VALID
SCE009,SUCCESS_CONTROL_SEEN,CONTINUATION,COMPLETE,COMPLETE,0,0,0,1,0,0,0,0,GQSC_S1_MAIN_COVERAGE_LEFT_584a0ec9c1414856,584a0ec9c1414856,NONE,0,NONE,nan,nan,EXPANDED_OBSTACLE_REGION_FULLY_PASSED
SCE009,SUCCESS_CONTROL_SEEN,NEW_OBSTACLE,FRESH,FRESH_SELECTED,1,1,0,0,0,1,0,1,GQSC_S1_MAIN_COVERAGE_LEFT_584a0ec9c1414856,584a0ec9c1414856,584a0ec9c1414856,125,NONE,13.044280759638553,13.044280759638553,FRESH_HARD_VALID_P3_M1
SCE009,SUCCESS_CONTROL_SEEN,NEW_OBSTACLE,INVALIDATE_AND_FALLBACK,INVALIDATED,0,0,1,0,1,0,1,1,GQSC_S1_MAIN_COVERAGE_LEFT_584a0ec9c1414856,584a0ec9c1414856,6bc05ce991a84b6e,93,NO_SAFE_PATH,nan,nan,CURRENT_RAW_OBSTACLE_COLLISION:d-offset intersects an inflated static-obstacle box
SCE010,SUCCESS_CONTROL_SEEN,CONTINUATION,FRESH,FRESH_SELECTED,1,1,0,0,0,1,0,1,GQSC_S1_MAIN_LEXICOGRAPHIC_RIGHT_0fcc29c91ebe70b9,0fcc29c91ebe70b9,0fcc29c91ebe70b9,185,NONE,8.0466632463610743,8.0466632463610743,FRESH_HARD_VALID_P3_M1
SCE010,SUCCESS_CONTROL_SEEN,CONTINUATION,HELD_SAME_INPUT,COMMITTED,1,0,0,0,1,1,0,0,GQSC_S1_MAIN_LEXICOGRAPHIC_RIGHT_0fcc29c91ebe70b9,0fcc29c91ebe70b9,3f23303998a1976d,93,NONE,nan,nan,ORIGINAL_MANEUVER_COMMITTED_CURRENT_HARD_VALID
SCE010,SUCCESS_CONTROL_SEEN,CONTINUATION,GUARD_FAIL_RAW_PASS,CONTINUING,1,0,0,0,1,1,1,1,GQSC_S1_MAIN_LEXICOGRAPHIC_RIGHT_0fcc29c91ebe70b9,0fcc29c91ebe70b9,3f23303998a1976d,93,NONE,nan,nan,GUARD_SOFT_OBSTACLE_VIOLATION_PENDING_RAW_HARD_VALID
SCE010,SUCCESS_CONTROL_SEEN,CONTINUATION,OBSTACLE_DISAPPEARANCE,CONTINUING,1,0,0,0,1,1,0,0,GQSC_S1_MAIN_LEXICOGRAPHIC_RIGHT_0fcc29c91ebe70b9,0fcc29c91ebe70b9,3f23303998a1976d,93,NONE,nan,nan,ORIGINAL_MANEUVER_SUFFIX_CURRENT_HARD_VALID
SCE010,SUCCESS_CONTROL_SEEN,CONTINUATION,FORWARD_TRIM,CONTINUING,1,0,0,0,1,1,0,0,GQSC_S1_MAIN_LEXICOGRAPHIC_RIGHT_0fcc29c91ebe70b9,0fcc29c91ebe70b9,0c7616b4eb43d731,93,NONE,nan,nan,ORIGINAL_MANEUVER_SUFFIX_CURRENT_HARD_VALID
SCE010,SUCCESS_CONTROL_SEEN,CONTINUATION,COMPLETE,COMPLETE,0,0,0,1,0,0,0,0,GQSC_S1_MAIN_LEXICOGRAPHIC_RIGHT_0fcc29c91ebe70b9,0fcc29c91ebe70b9,NONE,0,NONE,nan,nan,EXPANDED_OBSTACLE_REGION_FULLY_PASSED
SCE010,SUCCESS_CONTROL_SEEN,NEW_OBSTACLE,FRESH,FRESH_SELECTED,1,1,0,0,0,1,0,1,GQSC_S1_MAIN_LEXICOGRAPHIC_RIGHT_0fcc29c91ebe70b9,0fcc29c91ebe70b9,0fcc29c91ebe70b9,185,NONE,8.0466632463610743,8.0466632463610743,FRESH_HARD_VALID_P3_M1
SCE010,SUCCESS_CONTROL_SEEN,NEW_OBSTACLE,INVALIDATE_AND_FALLBACK,INVALIDATED,0,0,1,0,1,0,1,1,GQSC_S1_MAIN_LEXICOGRAPHIC_RIGHT_0fcc29c91ebe70b9,0fcc29c91ebe70b9,3f23303998a1976d,93,NO_SAFE_PATH,nan,nan,CURRENT_RAW_OBSTACLE_COLLISION:d-offset intersects an inflated static-obstacle box
SCE011,SUCCESS_CONTROL_SEEN,CONTINUATION,FRESH,FRESH_SELECTED,1,1,0,0,0,1,0,1,GQSC_S1_MAIN_COVERAGE_LEFT_1b84ec996100cb52,1b84ec996100cb52,1b84ec996100cb52,124,NONE,12.982623855005947,12.982623855005947,FRESH_HARD_VALID_P3_M1
SCE011,SUCCESS_CONTROL_SEEN,CONTINUATION,HELD_SAME_INPUT,COMMITTED,1,0,0,0,1,1,0,0,GQSC_S1_MAIN_COVERAGE_LEFT_1b84ec996100cb52,1b84ec996100cb52,877993f7eb46c268,92,NONE,nan,nan,ORIGINAL_MANEUVER_COMMITTED_CURRENT_HARD_VALID
SCE011,SUCCESS_CONTROL_SEEN,CONTINUATION,GUARD_FAIL_RAW_PASS,CONTINUING,1,0,0,0,1,1,1,1,GQSC_S1_MAIN_COVERAGE_LEFT_1b84ec996100cb52,1b84ec996100cb52,877993f7eb46c268,92,NONE,nan,nan,GUARD_SOFT_OBSTACLE_VIOLATION_PENDING_RAW_HARD_VALID
SCE011,SUCCESS_CONTROL_SEEN,CONTINUATION,OBSTACLE_DISAPPEARANCE,CONTINUING,1,0,0,0,1,1,0,0,GQSC_S1_MAIN_COVERAGE_LEFT_1b84ec996100cb52,1b84ec996100cb52,877993f7eb46c268,92,NONE,nan,nan,ORIGINAL_MANEUVER_SUFFIX_CURRENT_HARD_VALID
SCE011,SUCCESS_CONTROL_SEEN,CONTINUATION,FORWARD_TRIM,CONTINUING,1,0,0,0,1,1,0,0,GQSC_S1_MAIN_COVERAGE_LEFT_1b84ec996100cb52,1b84ec996100cb52,c2181712dc4a1ecf,93,NONE,nan,nan,ORIGINAL_MANEUVER_SUFFIX_CURRENT_HARD_VALID
SCE011,SUCCESS_CONTROL_SEEN,CONTINUATION,COMPLETE,COMPLETE,0,0,0,1,0,0,0,0,GQSC_S1_MAIN_COVERAGE_LEFT_1b84ec996100cb52,1b84ec996100cb52,NONE,0,NONE,nan,nan,EXPANDED_OBSTACLE_REGION_FULLY_PASSED
SCE011,SUCCESS_CONTROL_SEEN,NEW_OBSTACLE,FRESH,FRESH_SELECTED,1,1,0,0,0,1,0,1,GQSC_S1_MAIN_COVERAGE_LEFT_1b84ec996100cb52,1b84ec996100cb52,1b84ec996100cb52,124,NONE,12.982623855005947,12.982623855005947,FRESH_HARD_VALID_P3_M1
SCE011,SUCCESS_CONTROL_SEEN,NEW_OBSTACLE,INVALIDATE_AND_FALLBACK,INVALIDATED,0,0,1,0,1,0,1,1,GQSC_S1_MAIN_COVERAGE_LEFT_1b84ec996100cb52,1b84ec996100cb52,877993f7eb46c268,92,NO_SAFE_PATH,nan,nan,CURRENT_RAW_OBSTACLE_COLLISION:d-offset intersects an inflated static-obstacle box
SCE012,SUCCESS_CONTROL_SEEN,CONTINUATION,FRESH,FRESH_SELECTED,1,1,0,0,0,1,0,1,GQSC_S1_MAIN_LEXICOGRAPHIC_RIGHT_2f5ee152645aac1a,2f5ee152645aac1a,2f5ee152645aac1a,185,NONE,8.0317654402046124,8.0317654402046124,FRESH_HARD_VALID_P3_M1
SCE012,SUCCESS_CONTROL_SEEN,CONTINUATION,HELD_SAME_INPUT,COMMITTED,1,0,0,0,1,1,0,0,GQSC_S1_MAIN_LEXICOGRAPHIC_RIGHT_2f5ee152645aac1a,2f5ee152645aac1a,acdca0e549677b04,93,NONE,nan,nan,ORIGINAL_MANEUVER_COMMITTED_CURRENT_HARD_VALID
SCE012,SUCCESS_CONTROL_SEEN,CONTINUATION,GUARD_FAIL_RAW_PASS,CONTINUING,1,0,0,0,1,1,1,1,GQSC_S1_MAIN_LEXICOGRAPHIC_RIGHT_2f5ee152645aac1a,2f5ee152645aac1a,acdca0e549677b04,93,NONE,nan,nan,GUARD_SOFT_OBSTACLE_VIOLATION_PENDING_RAW_HARD_VALID
SCE012,SUCCESS_CONTROL_SEEN,CONTINUATION,OBSTACLE_DISAPPEARANCE,CONTINUING,1,0,0,0,1,1,0,0,GQSC_S1_MAIN_LEXICOGRAPHIC_RIGHT_2f5ee152645aac1a,2f5ee152645aac1a,acdca0e549677b04,93,NONE,nan,nan,ORIGINAL_MANEUVER_SUFFIX_CURRENT_HARD_VALID
SCE012,SUCCESS_CONTROL_SEEN,CONTINUATION,FORWARD_TRIM,CONTINUING,1,0,0,0,1,1,0,0,GQSC_S1_MAIN_LEXICOGRAPHIC_RIGHT_2f5ee152645aac1a,2f5ee152645aac1a,2c2cc39e12bad488,93,NONE,nan,nan,ORIGINAL_MANEUVER_SUFFIX_CURRENT_HARD_VALID
SCE012,SUCCESS_CONTROL_SEEN,CONTINUATION,COMPLETE,COMPLETE,0,0,0,1,0,0,0,0,GQSC_S1_MAIN_LEXICOGRAPHIC_RIGHT_2f5ee152645aac1a,2f5ee152645aac1a,NONE,0,NONE,nan,nan,EXPANDED_OBSTACLE_REGION_FULLY_PASSED
SCE012,SUCCESS_CONTROL_SEEN,NEW_OBSTACLE,FRESH,FRESH_SELECTED,1,1,0,0,0,1,0,1,GQSC_S1_MAIN_LEXICOGRAPHIC_RIGHT_2f5ee152645aac1a,2f5ee152645aac1a,2f5ee152645aac1a,185,NONE,8.0317654402046124,8.0317654402046124,FRESH_HARD_VALID_P3_M1
SCE012,SUCCESS_CONTROL_SEEN,NEW_OBSTACLE,INVALIDATE_AND_FALLBACK,INVALIDATED,0,0,1,0,1,0,1,1,GQSC_S1_MAIN_LEXICOGRAPHIC_RIGHT_2f5ee152645aac1a,2f5ee152645aac1a,acdca0e549677b04,93,NO_SAFE_PATH,nan,nan,CURRENT_RAW_OBSTACLE_COLLISION:d-offset intersects an inflated static-obstacle box
SCE013,SUCCESS_CONTROL_SEEN,CONTINUATION,FRESH,FRESH_SELECTED,1,1,0,0,0,1,0,1,GQSC_S1_MAIN_COVERAGE_RIGHT_46ac316951745763,46ac316951745763,46ac316951745763,185,NONE,10.327170876589399,10.327170876589399,FRESH_HARD_VALID_P3_M1
SCE013,SUCCESS_CONTROL_SEEN,CONTINUATION,HELD_SAME_INPUT,COMMITTED,1,0,0,0,1,1,0,0,GQSC_S1_MAIN_COVERAGE_RIGHT_46ac316951745763,46ac316951745763,8c365ceff9d927a0,92,NONE,nan,nan,ORIGINAL_MANEUVER_COMMITTED_CURRENT_HARD_VALID
SCE013,SUCCESS_CONTROL_SEEN,CONTINUATION,GUARD_FAIL_RAW_PASS,CONTINUING,1,0,0,0,1,1,0,0,GQSC_S1_MAIN_COVERAGE_RIGHT_46ac316951745763,46ac316951745763,8c365ceff9d927a0,92,NONE,nan,nan,ORIGINAL_MANEUVER_SUFFIX_CURRENT_HARD_VALID
SCE013,SUCCESS_CONTROL_SEEN,CONTINUATION,OBSTACLE_DISAPPEARANCE,CONTINUING,1,0,0,0,1,1,0,0,GQSC_S1_MAIN_COVERAGE_RIGHT_46ac316951745763,46ac316951745763,8c365ceff9d927a0,92,NONE,nan,nan,ORIGINAL_MANEUVER_SUFFIX_CURRENT_HARD_VALID
SCE013,SUCCESS_CONTROL_SEEN,CONTINUATION,FORWARD_TRIM,CONTINUING,1,0,0,0,1,1,0,0,GQSC_S1_MAIN_COVERAGE_RIGHT_46ac316951745763,46ac316951745763,17daae76f9d0c2ee,93,NONE,nan,nan,ORIGINAL_MANEUVER_SUFFIX_CURRENT_HARD_VALID
SCE013,SUCCESS_CONTROL_SEEN,CONTINUATION,COMPLETE,COMPLETE,0,0,0,1,0,0,0,0,GQSC_S1_MAIN_COVERAGE_RIGHT_46ac316951745763,46ac316951745763,NONE,0,NONE,nan,nan,EXPANDED_OBSTACLE_REGION_FULLY_PASSED
SCE013,SUCCESS_CONTROL_SEEN,NEW_OBSTACLE,FRESH,FRESH_SELECTED,1,1,0,0,0,1,0,1,GQSC_S1_MAIN_COVERAGE_RIGHT_46ac316951745763,46ac316951745763,46ac316951745763,185,NONE,10.327170876589399,10.327170876589399,FRESH_HARD_VALID_P3_M1
SCE013,SUCCESS_CONTROL_SEEN,NEW_OBSTACLE,INVALIDATE_AND_FALLBACK,INVALIDATED,0,0,1,0,1,0,1,1,GQSC_S1_MAIN_COVERAGE_RIGHT_46ac316951745763,46ac316951745763,8c365ceff9d927a0,92,NO_SAFE_PATH,nan,nan,CURRENT_RAW_OBSTACLE_COLLISION:d-offset intersects an inflated static-obstacle box
SCE014,SUCCESS_CONTROL_SEEN,CONTINUATION,FRESH,FRESH_SELECTED,1,1,0,0,0,1,0,1,GQSC_S1_MAIN_COVERAGE_LEFT_0a6fd255519f908e,0a6fd255519f908e,0a6fd255519f908e,185,NONE,8.4581792415532071,8.4581792415532071,FRESH_HARD_VALID_P3_M1
SCE014,SUCCESS_CONTROL_SEEN,CONTINUATION,HELD_SAME_INPUT,COMMITTED,1,0,0,0,1,1,0,0,GQSC_S1_MAIN_COVERAGE_LEFT_0a6fd255519f908e,0a6fd255519f908e,2dcd0051ce2b4198,93,NONE,nan,nan,ORIGINAL_MANEUVER_COMMITTED_CURRENT_HARD_VALID
SCE014,SUCCESS_CONTROL_SEEN,CONTINUATION,GUARD_FAIL_RAW_PASS,CONTINUING,1,0,0,0,1,1,1,1,GQSC_S1_MAIN_COVERAGE_LEFT_0a6fd255519f908e,0a6fd255519f908e,2dcd0051ce2b4198,93,NONE,nan,nan,GUARD_SOFT_OBSTACLE_VIOLATION_PENDING_RAW_HARD_VALID
SCE014,SUCCESS_CONTROL_SEEN,CONTINUATION,OBSTACLE_DISAPPEARANCE,CONTINUING,1,0,0,0,1,1,0,0,GQSC_S1_MAIN_COVERAGE_LEFT_0a6fd255519f908e,0a6fd255519f908e,2dcd0051ce2b4198,93,NONE,nan,nan,ORIGINAL_MANEUVER_SUFFIX_CURRENT_HARD_VALID
SCE014,SUCCESS_CONTROL_SEEN,CONTINUATION,FORWARD_TRIM,CONTINUING,1,0,0,0,1,1,0,0,GQSC_S1_MAIN_COVERAGE_LEFT_0a6fd255519f908e,0a6fd255519f908e,3d19892b4877c9c4,93,NONE,nan,nan,ORIGINAL_MANEUVER_SUFFIX_CURRENT_HARD_VALID
SCE014,SUCCESS_CONTROL_SEEN,CONTINUATION,COMPLETE,COMPLETE,0,0,0,1,0,0,0,0,GQSC_S1_MAIN_COVERAGE_LEFT_0a6fd255519f908e,0a6fd255519f908e,NONE,0,NONE,nan,nan,EXPANDED_OBSTACLE_REGION_FULLY_PASSED
SCE014,SUCCESS_CONTROL_SEEN,NEW_OBSTACLE,FRESH,FRESH_SELECTED,1,1,0,0,0,1,0,1,GQSC_S1_MAIN_COVERAGE_LEFT_0a6fd255519f908e,0a6fd255519f908e,0a6fd255519f908e,185,NONE,8.4581792415532071,8.4581792415532071,FRESH_HARD_VALID_P3_M1
SCE014,SUCCESS_CONTROL_SEEN,NEW_OBSTACLE,INVALIDATE_AND_FALLBACK,INVALIDATED,0,0,1,0,1,0,1,1,GQSC_S1_MAIN_COVERAGE_LEFT_0a6fd255519f908e,0a6fd255519f908e,2dcd0051ce2b4198,93,NO_SAFE_PATH,nan,nan,CURRENT_RAW_OBSTACLE_COLLISION:d-offset intersects an inflated static-obstacle box
SCE015,SUCCESS_CONTROL_SEEN,CONTINUATION,FRESH,FRESH_SELECTED,1,1,0,0,0,1,0,1,GQSC_S1_MAIN_COVERAGE_LEFT_6ea3bfb882d51415,6ea3bfb882d51415,6ea3bfb882d51415,118,NONE,10.992174025857748,10.992174025857748,FRESH_HARD_VALID_P3_M1
SCE015,SUCCESS_CONTROL_SEEN,CONTINUATION,HELD_SAME_INPUT,COMMITTED,1,0,0,0,1,1,0,0,GQSC_S1_MAIN_COVERAGE_LEFT_6ea3bfb882d51415,6ea3bfb882d51415,157842cebf7a23a1,93,NONE,nan,nan,ORIGINAL_MANEUVER_COMMITTED_CURRENT_HARD_VALID
SCE015,SUCCESS_CONTROL_SEEN,CONTINUATION,GUARD_FAIL_RAW_PASS,CONTINUING,1,0,0,0,1,1,1,1,GQSC_S1_MAIN_COVERAGE_LEFT_6ea3bfb882d51415,6ea3bfb882d51415,157842cebf7a23a1,93,NONE,nan,nan,GUARD_SOFT_OBSTACLE_VIOLATION_PENDING_RAW_HARD_VALID
SCE015,SUCCESS_CONTROL_SEEN,CONTINUATION,OBSTACLE_DISAPPEARANCE,CONTINUING,1,0,0,0,1,1,0,0,GQSC_S1_MAIN_COVERAGE_LEFT_6ea3bfb882d51415,6ea3bfb882d51415,157842cebf7a23a1,93,NONE,nan,nan,ORIGINAL_MANEUVER_SUFFIX_CURRENT_HARD_VALID
SCE015,SUCCESS_CONTROL_SEEN,CONTINUATION,FORWARD_TRIM,CONTINUING,1,0,0,0,1,1,0,0,GQSC_S1_MAIN_COVERAGE_LEFT_6ea3bfb882d51415,6ea3bfb882d51415,0b8ee2c872c6e8d0,93,NONE,nan,nan,ORIGINAL_MANEUVER_SUFFIX_CURRENT_HARD_VALID
SCE015,SUCCESS_CONTROL_SEEN,CONTINUATION,COMPLETE,COMPLETE,0,0,0,1,0,0,0,0,GQSC_S1_MAIN_COVERAGE_LEFT_6ea3bfb882d51415,6ea3bfb882d51415,NONE,0,NONE,nan,nan,EXPANDED_OBSTACLE_REGION_FULLY_PASSED
SCE015,SUCCESS_CONTROL_SEEN,NEW_OBSTACLE,FRESH,FRESH_SELECTED,1,1,0,0,0,1,0,1,GQSC_S1_MAIN_COVERAGE_LEFT_6ea3bfb882d51415,6ea3bfb882d51415,6ea3bfb882d51415,118,NONE,10.992174025857748,10.992174025857748,FRESH_HARD_VALID_P3_M1
SCE015,SUCCESS_CONTROL_SEEN,NEW_OBSTACLE,INVALIDATE_AND_FALLBACK,INVALIDATED,0,0,1,0,1,0,1,1,GQSC_S1_MAIN_COVERAGE_LEFT_6ea3bfb882d51415,6ea3bfb882d51415,157842cebf7a23a1,93,NO_SAFE_PATH,nan,nan,CURRENT_RAW_OBSTACLE_COLLISION:d-offset intersects an inflated static-obstacle box
SCE016,SUCCESS_CONTROL_SEEN,CONTINUATION,FRESH,FRESH_SELECTED,1,1,0,0,0,1,0,1,GQSC_S1_MAIN_LEXICOGRAPHIC_RIGHT_169fe9355120d70a,169fe9355120d70a,169fe9355120d70a,110,NONE,5.5934145756084348,5.5934145756084348,FRESH_HARD_VALID_P3_M1
SCE016,SUCCESS_CONTROL_SEEN,CONTINUATION,HELD_SAME_INPUT,COMMITTED,1,0,0,0,1,1,0,0,GQSC_S1_MAIN_LEXICOGRAPHIC_RIGHT_169fe9355120d70a,169fe9355120d70a,18aa3123bb4612ac,93,NONE,nan,nan,ORIGINAL_MANEUVER_COMMITTED_CURRENT_HARD_VALID
SCE016,SUCCESS_CONTROL_SEEN,CONTINUATION,GUARD_FAIL_RAW_PASS,CONTINUING,1,0,0,0,1,1,1,1,GQSC_S1_MAIN_LEXICOGRAPHIC_RIGHT_169fe9355120d70a,169fe9355120d70a,18aa3123bb4612ac,93,NONE,nan,nan,GUARD_SOFT_OBSTACLE_VIOLATION_PENDING_RAW_HARD_VALID
SCE016,SUCCESS_CONTROL_SEEN,CONTINUATION,OBSTACLE_DISAPPEARANCE,CONTINUING,1,0,0,0,1,1,0,0,GQSC_S1_MAIN_LEXICOGRAPHIC_RIGHT_169fe9355120d70a,169fe9355120d70a,18aa3123bb4612ac,93,NONE,nan,nan,ORIGINAL_MANEUVER_SUFFIX_CURRENT_HARD_VALID
SCE016,SUCCESS_CONTROL_SEEN,CONTINUATION,FORWARD_TRIM,CONTINUING,1,0,0,0,1,1,0,0,GQSC_S1_MAIN_LEXICOGRAPHIC_RIGHT_169fe9355120d70a,169fe9355120d70a,59b25712a505f17b,93,NONE,nan,nan,ORIGINAL_MANEUVER_SUFFIX_CURRENT_HARD_VALID
SCE016,SUCCESS_CONTROL_SEEN,CONTINUATION,COMPLETE,COMPLETE,0,0,0,1,0,0,0,0,GQSC_S1_MAIN_LEXICOGRAPHIC_RIGHT_169fe9355120d70a,169fe9355120d70a,NONE,0,NONE,nan,nan,EXPANDED_OBSTACLE_REGION_FULLY_PASSED
SCE016,SUCCESS_CONTROL_SEEN,NEW_OBSTACLE,FRESH,FRESH_SELECTED,1,1,0,0,0,1,0,1,GQSC_S1_MAIN_LEXICOGRAPHIC_RIGHT_169fe9355120d70a,169fe9355120d70a,169fe9355120d70a,110,NONE,5.5934145756084348,5.5934145756084348,FRESH_HARD_VALID_P3_M1
SCE016,SUCCESS_CONTROL_SEEN,NEW_OBSTACLE,INVALIDATE_AND_FALLBACK,INVALIDATED,0,0,1,0,1,0,1,1,GQSC_S1_MAIN_LEXICOGRAPHIC_RIGHT_169fe9355120d70a,169fe9355120d70a,18aa3123bb4612ac,93,NO_SAFE_PATH,nan,nan,CURRENT_RAW_OBSTACLE_COLLISION:d-offset intersects an inflated static-obstacle box
SCE017,SUCCESS_CONTROL_SEEN,CONTINUATION,FRESH,FRESH_SELECTED,1,1,0,0,0,1,0,1,GQSC_S1_MAIN_LEXICOGRAPHIC_RIGHT_1d00c0b0616a29b4,1d00c0b0616a29b4,1d00c0b0616a29b4,70,NONE,7.6539763169566069,7.6539763169566069,FRESH_HARD_VALID_P3_M1
SCE017,SUCCESS_CONTROL_SEEN,CONTINUATION,HELD_SAME_INPUT,COMMITTED,1,0,0,0,1,1,0,0,GQSC_S1_MAIN_LEXICOGRAPHIC_RIGHT_1d00c0b0616a29b4,1d00c0b0616a29b4,1d00c0b0616a29b4,70,NONE,nan,nan,ORIGINAL_MANEUVER_COMMITTED_CURRENT_HARD_VALID
SCE017,SUCCESS_CONTROL_SEEN,CONTINUATION,GUARD_FAIL_RAW_PASS,CONTINUING,1,0,0,0,1,1,1,1,GQSC_S1_MAIN_LEXICOGRAPHIC_RIGHT_1d00c0b0616a29b4,1d00c0b0616a29b4,1d00c0b0616a29b4,70,NONE,nan,nan,GUARD_SOFT_OBSTACLE_VIOLATION_PENDING_RAW_HARD_VALID
SCE017,SUCCESS_CONTROL_SEEN,CONTINUATION,OBSTACLE_DISAPPEARANCE,CONTINUING,1,0,0,0,1,1,0,0,GQSC_S1_MAIN_LEXICOGRAPHIC_RIGHT_1d00c0b0616a29b4,1d00c0b0616a29b4,1d00c0b0616a29b4,70,NONE,nan,nan,ORIGINAL_MANEUVER_SUFFIX_CURRENT_HARD_VALID
SCE017,SUCCESS_CONTROL_SEEN,CONTINUATION,FORWARD_TRIM,CONTINUING,1,0,0,0,1,1,0,0,GQSC_S1_MAIN_LEXICOGRAPHIC_RIGHT_1d00c0b0616a29b4,1d00c0b0616a29b4,4bff5d255d64e826,69,NONE,nan,nan,ORIGINAL_MANEUVER_SUFFIX_CURRENT_HARD_VALID
SCE017,SUCCESS_CONTROL_SEEN,CONTINUATION,COMPLETE,COMPLETE,0,0,0,1,0,0,0,0,GQSC_S1_MAIN_LEXICOGRAPHIC_RIGHT_1d00c0b0616a29b4,1d00c0b0616a29b4,NONE,0,NONE,nan,nan,EXPANDED_OBSTACLE_REGION_FULLY_PASSED
SCE017,SUCCESS_CONTROL_SEEN,NEW_OBSTACLE,FRESH,FRESH_SELECTED,1,1,0,0,0,1,0,1,GQSC_S1_MAIN_LEXICOGRAPHIC_RIGHT_1d00c0b0616a29b4,1d00c0b0616a29b4,1d00c0b0616a29b4,70,NONE,7.6539763169566069,7.6539763169566069,FRESH_HARD_VALID_P3_M1
SCE017,SUCCESS_CONTROL_SEEN,NEW_OBSTACLE,INVALIDATE_AND_FALLBACK,INVALIDATED,0,0,1,0,1,0,1,1,GQSC_S1_MAIN_LEXICOGRAPHIC_RIGHT_1d00c0b0616a29b4,1d00c0b0616a29b4,1d00c0b0616a29b4,70,NO_SAFE_PATH,nan,nan,CURRENT_RAW_OBSTACLE_COLLISION:d-offset intersects an inflated static-obstacle box
SCE018,SUCCESS_CONTROL_SEEN,CONTINUATION,FRESH,FRESH_SELECTED,1,1,0,0,0,1,0,1,GQSC_S1_MAIN_COVERAGE_LEFT_c7b2c19bf2af9350,c7b2c19bf2af9350,c7b2c19bf2af9350,185,NONE,14.200751258469587,14.200751258469587,FRESH_HARD_VALID_P3_M1
SCE018,SUCCESS_CONTROL_SEEN,CONTINUATION,HELD_SAME_INPUT,COMMITTED,1,0,0,0,1,1,0,0,GQSC_S1_MAIN_COVERAGE_LEFT_c7b2c19bf2af9350,c7b2c19bf2af9350,0f00216df4dd70f9,92,NONE,nan,nan,ORIGINAL_MANEUVER_COMMITTED_CURRENT_HARD_VALID
SCE018,SUCCESS_CONTROL_SEEN,CONTINUATION,GUARD_FAIL_RAW_PASS,CONTINUING,1,0,0,0,1,1,0,0,GQSC_S1_MAIN_COVERAGE_LEFT_c7b2c19bf2af9350,c7b2c19bf2af9350,0f00216df4dd70f9,92,NONE,nan,nan,ORIGINAL_MANEUVER_SUFFIX_CURRENT_HARD_VALID
SCE018,SUCCESS_CONTROL_SEEN,CONTINUATION,OBSTACLE_DISAPPEARANCE,CONTINUING,1,0,0,0,1,1,0,0,GQSC_S1_MAIN_COVERAGE_LEFT_c7b2c19bf2af9350,c7b2c19bf2af9350,0f00216df4dd70f9,92,NONE,nan,nan,ORIGINAL_MANEUVER_SUFFIX_CURRENT_HARD_VALID
SCE018,SUCCESS_CONTROL_SEEN,CONTINUATION,FORWARD_TRIM,CONTINUING,1,0,0,0,1,1,0,0,GQSC_S1_MAIN_COVERAGE_LEFT_c7b2c19bf2af9350,c7b2c19bf2af9350,754f24d50cee26ee,93,NONE,nan,nan,ORIGINAL_MANEUVER_SUFFIX_CURRENT_HARD_VALID
SCE018,SUCCESS_CONTROL_SEEN,CONTINUATION,COMPLETE,COMPLETE,0,0,0,1,0,0,0,0,GQSC_S1_MAIN_COVERAGE_LEFT_c7b2c19bf2af9350,c7b2c19bf2af9350,NONE,0,NONE,nan,nan,EXPANDED_OBSTACLE_REGION_FULLY_PASSED
SCE018,SUCCESS_CONTROL_SEEN,NEW_OBSTACLE,FRESH,FRESH_SELECTED,1,1,0,0,0,1,0,1,GQSC_S1_MAIN_COVERAGE_LEFT_c7b2c19bf2af9350,c7b2c19bf2af9350,c7b2c19bf2af9350,185,NONE,14.200751258469587,14.200751258469587,FRESH_HARD_VALID_P3_M1
SCE018,SUCCESS_CONTROL_SEEN,NEW_OBSTACLE,INVALIDATE_AND_FALLBACK,INVALIDATED,0,0,1,0,1,0,1,1,GQSC_S1_MAIN_COVERAGE_LEFT_c7b2c19bf2af9350,c7b2c19bf2af9350,0f00216df4dd70f9,92,NO_SAFE_PATH,nan,nan,CURRENT_RAW_OBSTACLE_COLLISION:d-offset intersects an inflated static-obstacle box
