event_id,production_stage,production_template,probe_policy,station_forward_m,current_policy_d_probe,oracle_d_at_station,residual_m,branch_lower,branch_upper,branch_center,is_production_s_probe,is_existing_corridor_sample,zero_crossing_after_this_row,is_local_abs_residual_minimum,is_near_zero_1e_4m,is_min_abs_residual,min_abs_residual_m_for_mapping,station_at_min_abs_residual_m
V2E01,M0_V1,FROZEN_V1_CURVATURE_CONTINUITY,CURVATURE_CONTINUITY,0.14133663039656424,-0.5368796095498194,-0.45687962935066667,0.07999998019915272,-0.8975000000000001,-0.45687960954981943,-0.6771898047749098,False,False,False,False,False,False,0.026879609549819383,0.15306811594111736
V2E01,M0_V1,FROZEN_V1_CURVATURE_CONTINUITY,CURVATURE_CONTINUITY,0.14138355633874244,-0.5368796095498194,-0.4569726575698328,0.0799069519799866,-0.8975000000000001,-0.45687960954981943,-0.6771898047749098,False,False,False,False,False,False,0.026879609549819383,0.15306811594111736
V2E01,M0_V1,FROZEN_V1_CURVATURE_CONTINUITY,CURVATURE_CONTINUITY,0.14143048228092067,-0.5368796095498194,-0.4570659883834889,0.0798136211663305,-0.8975000000000001,-0.45687960954981943,-0.6771898047749098,False,False,False,False,False,False,0.026879609549819383,0.15306811594111736
V2E01,M0_V1,FROZEN_V1_CURVATURE_CONTINUITY,CURVATURE_CONTINUITY,0.14147740822309887,-0.5368796095498194,-0.45715974088096045,0.07971986866885894,-0.8975000000000001,-0.45687960954981943,-0.6771898047749098,False,False,False,False,False,False,0.026879609549819383,0.15306811594111736
V2E01,M0_V1,FROZEN_V1_CURVATURE_CONTINUITY,CURVATURE_CONTINUITY,0.1415243341652771,-0.5368796095498194,-0.4572540312013998,0.0796255783484196,-0.8975000000000001,-0.45687960954981943,-0.6771898047749098,False,False,False,False,False,False,0.026879609549819383,0.15306811594111736
V2E01,M0_V1,FROZEN_V1_CURVATURE_CONTINUITY,CURVATURE_CONTINUITY,0.1415712601074553,-0.5368796095498194,-0.4573489725571657,0.07953063699265367,-0.8975000000000001,-0.45687960954981943,-0.6771898047749098,False,False,False,False,False,False,0.026879609549819383,0.15306811594111736
V2E01,M0_V1,FROZEN_V1_CURVATURE_CONTINUITY,CURVATURE_CONTINUITY,0.14161818604963353,-0.5368796095498194,-0.4574446752572036,0.07943493429261578,-0.8975000000000001,-0.45687960954981943,-0.6771898047749098,False,False,False,False,False,False,0.026879609549819383,0.15306811594111736
V2E01,M0_V1,FROZEN_V1_CURVATURE_CONTINUITY,CURVATURE_CONTINUITY,0.14166511199181173,-0.5368796095498194,-0.4575412467304244,0.07933836281939499,-0.8975000000000001,-0.45687960954981943,-0.6771898047749098,False,False,False,False,False,False,0.026879609549819383,0.15306811594111736
V2E01,M0_V1,FROZEN_V1_CURVATURE_CONTINUITY,CURVATURE_CONTINUITY,0.14171203793398995,-0.5368796095498194,-0.45763879154908516,0.07924081800073424,-0.8975000000000001,-0.45687960954981943,-0.6771898047749098,False,False,False,False,False,False,0.026879609549819383,0.15306811594111736
V2E01,M0_V1,FROZEN_V1_CURVATURE_CONTINUITY,CURVATURE_CONTINUITY,0.14175896387616815,-0.5368796095498194,-0.45773741145216784,0.07914219809765155,-0.8975000000000001,-0.45687960954981943,-0.6771898047749098,False,False,False,False,False,False,0.026879609549819383,0.15306811594111736
V2E01,M0_V1,FROZEN_V1_CURVATURE_CONTINUITY,CURVATURE_CONTINUITY,0.14180588981834638,-0.5368796095498194,-0.4578372053687599,0.07904240418105951,-0.8975000000000001,-0.45687960954981943,-0.6771898047749098,False,False,False,False,False,False,0.026879609549819383,0.15306811594111736
V2E01,M0_V1,FROZEN_V1_CURVATURE_CONTINUITY,CURVATURE_CONTINUITY,0.14185281576052458,-0.5368796095498194,-0.4579382694414333,0.0789413401083861,-0.8975000000000001,-0.45687960954981943,-0.6771898047749098,False,False,False,False,False,False,0.026879609549819383,0.15306811594111736
V2E01,M0_V1,FROZEN_V1_CURVATURE_CONTINUITY,CURVATURE_CONTINUITY,0.14189974170270278,-0.5368796095498194,-0.4580406970496246,0.07883891250019481,-0.8975000000000001,-0.45687960954981943,-0.6771898047749098,False,False,False,False,False,False,0.026879609549819383,0.15306811594111736
V2E01,M0_V1,FROZEN_V1_CURVATURE_CONTINUITY,CURVATURE_CONTINUITY,0.141946667644881,-0.5368796095498194,-0.4581445788330145,0.07873503071680488,-0.8975000000000001,-0.45687960954981943,-0.6771898047749098,False,False,False,False,False,False,0.026879609549819383,0.15306811594111736
V2E01,M0_V1,FROZEN_V1_CURVATURE_CONTINUITY,CURVATURE_CONTINUITY,0.1419935935870592,-0.5368796095498194,-0.45825000271490757,0.07862960683491182,-0.8975000000000001,-0.45687960954981943,-0.6771898047749098,False,False,False,False,False,False,0.026879609549819383,0.15306811594111736
V2E01,M0_V1,FROZEN_V1_CURVATURE_CONTINUITY,CURVATURE_CONTINUITY,0.14204051952923744,-0.5368796095498194,-0.458357053925612,0.0785225556242074,-0.8975000000000001,-0.45687960954981943,-0.6771898047749098,False,False,False,False,False,False,0.026879609549819383,0.15306811594111736
V2E01,M0_V1,FROZEN_V1_CURVATURE_CONTINUITY,CURVATURE_CONTINUITY,0.14208744547141564,-0.5368796095498194,-0.4584658150258191,0.07841379452400027,-0.8975000000000001,-0.45687960954981943,-0.6771898047749098,False,False,False,False,False,False,0.026879609549819383,0.15306811594111736
V2E01,M0_V1,FROZEN_V1_CURVATURE_CONTINUITY,CURVATURE_CONTINUITY,0.14213437141359386,-0.5368796095498194,-0.45857636592998346,0.07830324361983593,-0.8975000000000001,-0.45687960954981943,-0.6771898047749098,False,False,False,False,False,False,0.026879609549819383,0.15306811594111736
V2E01,M0_V1,FROZEN_V1_CURVATURE_CONTINUITY,CURVATURE_CONTINUITY,0.14218129735577206,-0.5368796095498194,-0.45868878392970197,0.07819082562011742,-0.8975000000000001,-0.45687960954981943,-0.6771898047749098,False,False,False,False,False,False,0.026879609549819383,0.15306811594111736
V2E01,M0_V1,FROZEN_V1_CURVATURE_CONTINUITY,CURVATURE_CONTINUITY,0.1422282232979503,-0.5368796095498194,-0.4588031437170942,0.0780764658327252,-0.8975000000000001,-0.45687960954981943,-0.6771898047749098,False,False,False,False,False,False,0.026879609549819383,0.15306811594111736
V2E01,M0_V1,FROZEN_V1_CURVATURE_CONTINUITY,CURVATURE_CONTINUITY,0.1422751492401285,-0.5368796095498194,-0.4589195174081816,0.0779600921416378,-0.8975000000000001,-0.45687960954981943,-0.6771898047749098,False,False,False,False,False,False,0.026879609549819383,0.15306811594111736
V2E01,M0_V1,FROZEN_V1_CURVATURE_CONTINUITY,CURVATURE_CONTINUITY,0.14232207518230672,-0.5368796095498194,-0.45903797456626755,0.07784163498355184,-0.8975000000000001,-0.45687960954981943,-0.6771898047749098,False,False,False,False,False,False,0.026879609549819383,0.15306811594111736
V2E01,M0_V1,FROZEN_V1_CURVATURE_CONTINUITY,CURVATURE_CONTINUITY,0.14236900112448492,-0.5368796095498194,-0.4591585822253167,0.0777210273245027,-0.8975000000000001,-0.45687960954981943,-0.6771898047749098,False,False,False,False,False,False,0.026879609549819383,0.15306811594111736
V2E01,M0_V1,FROZEN_V1_CURVATURE_CONTINUITY,CURVATURE_CONTINUITY,0.14241592706666312,-0.5368796095498194,-0.4592814049133351,0.07759820463648431,-0.8975000000000001,-0.45687960954981943,-0.6771898047749098,False,False,False,False,False,False,0.026879609549819383,0.15306811594111736
V2E01,M0_V1,FROZEN_V1_CURVATURE_CONTINUITY,CURVATURE_CONTINUITY,0.14246285300884134,-0.5368796095498194,-0.45940650467574956,0.07747310487406983,-0.8975000000000001,-0.45687960954981943,-0.6771898047749098,False,False,False,False,False,False,0.026879609549819383,0.15306811594111736
V2E01,M0_V1,FROZEN_V1_CURVATURE_CONTINUITY,CURVATURE_CONTINUITY,0.14250977895101954,-0.5368796095498194,-0.4595339410987875,0.07734566845103191,-0.8975000000000001,-0.45687960954981943,-0.6771898047749098,False,False,False,False,False,False,0.026879609549819383,0.15306811594111736
V2E01,M0_V1,FROZEN_V1_CURVATURE_CONTINUITY,CURVATURE_CONTINUITY,0.14255670489319777,-0.5368796095498194,-0.4596637713328566,0.07721583821696282,-0.8975000000000001,-0.45687960954981943,-0.6771898047749098,False,False,False,False,False,False,0.026879609549819383,0.15306811594111736
V2E01,M0_V1,FROZEN_V1_CURVATURE_CONTINUITY,CURVATURE_CONTINUITY,0.14260363083537597,-0.5368796095498194,-0.4597960501159244,0.077083559433895,-0.8975000000000001,-0.45687960954981943,-0.6771898047749098,False,False,False,False,False,False,0.026879609549819383,0.15306811594111736
V2E01,M0_V1,FROZEN_V1_CURVATURE_CONTINUITY,CURVATURE_CONTINUITY,0.1426505567775542,-0.5368796095498194,-0.45993082979689837,0.07694877975292103,-0.8975000000000001,-0.45687960954981943,-0.6771898047749098,False,False,False,False,False,False,0.026879609549819383,0.15306811594111736
V2E01,M0_V1,FROZEN_V1_CURVATURE_CONTINUITY,CURVATURE_CONTINUITY,0.1426974827197324,-0.5368796095498194,-0.46006816035900516,0.07681144919081423,-0.8975000000000001,-0.45687960954981943,-0.6771898047749098,False,False,False,False,False,False,0.026879609549819383,0.15306811594111736
V2E01,M0_V1,FROZEN_V1_CURVATURE_CONTINUITY,CURVATURE_CONTINUITY,0.14274440866191063,-0.5368796095498194,-0.4602080894431706,0.0766715201066488,-0.8975000000000001,-0.45687960954981943,-0.6771898047749098,False,False,False,False,False,False,0.026879609549819383,0.15306811594111736
V2E01,M0_V1,FROZEN_V1_CURVATURE_CONTINUITY,CURVATURE_CONTINUITY,0.14279133460408883,-0.5368796095498194,-0.46035066237139904,0.07652894717842035,-0.8975000000000001,-0.45687960954981943,-0.6771898047749098,False,False,False,False,False,False,0.026879609549819383,0.15306811594111736
V2E01,M0_V1,FROZEN_V1_CURVATURE_CONTINUITY,CURVATURE_CONTINUITY,0.14283826054626705,-0.5368796095498194,-0.46049592217015384,0.07638368737966555,-0.8975000000000001,-0.45687960954981943,-0.6771898047749098,False,False,False,False,False,False,0.026879609549819383,0.15306811594111736
V2E01,M0_V1,FROZEN_V1_CURVATURE_CONTINUITY,CURVATURE_CONTINUITY,0.14288518648844525,-0.5368796095498194,-0.4606439095937359,0.07623569995608348,-0.8975000000000001,-0.45687960954981943,-0.6771898047749098,False,False,False,False,False,False,0.026879609549819383,0.15306811594111736
V2E01,M0_V1,FROZEN_V1_CURVATURE_CONTINUITY,CURVATURE_CONTINUITY,0.14293211243062348,-0.5368796095498194,-0.46079466314766454,0.07608494640215485,-0.8975000000000001,-0.45687960954981943,-0.6771898047749098,False,False,False,False,False,False,0.026879609549819383,0.15306811594111736
V2E01,M0_V1,FROZEN_V1_CURVATURE_CONTINUITY,CURVATURE_CONTINUITY,0.14297903837280168,-0.5368796095498194,-0.46094821911205625,0.07593139043776315,-0.8975000000000001,-0.45687960954981943,-0.6771898047749098,False,False,False,False,False,False,0.026879609549819383,0.15306811594111736
V2E01,M0_V1,FROZEN_V1_CURVATURE_CONTINUITY,CURVATURE_CONTINUITY,0.14302596431497988,-0.5368796095498194,-0.461104611565005,0.07577499798481441,-0.8975000000000001,-0.45687960954981943,-0.6771898047749098,False,False,False,False,False,False,0.026879609549819383,0.15306811594111736
V2E01,M0_V1,FROZEN_V1_CURVATURE_CONTINUITY,CURVATURE_CONTINUITY,0.1430728902571581,-0.5368796095498194,-0.46126387240596184,0.07561573714385755,-0.8975000000000001,-0.45687960954981943,-0.6771898047749098,False,False,False,False,False,False,0.026879609549819383,0.15306811594111736
V2E01,M0_V1,FROZEN_V1_CURVATURE_CONTINUITY,CURVATURE_CONTINUITY,0.1431198161993363,-0.5368796095498194,-0.46142603137911414,0.07545357817070525,-0.8975000000000001,-0.45687960954981943,-0.6771898047749098,False,False,False,False,False,False,0.026879609549819383,0.15306811594111736
V2E01,M0_V1,FROZEN_V1_CURVATURE_CONTINUITY,CURVATURE_CONTINUITY,0.14316674214151454,-0.5368796095498194,-0.46159111609676606,0.07528849345305333,-0.8975000000000001,-0.45687960954981943,-0.6771898047749098,False,False,False,False,False,False,0.026879609549819383,0.15306811594111736
V2E01,M0_V1,FROZEN_V1_CURVATURE_CONTINUITY,CURVATURE_CONTINUITY,0.14321366808369274,-0.5368796095498194,-0.4617591520627175,0.07512045748710189,-0.8975000000000001,-0.45687960954981943,-0.6771898047749098,False,False,False,False,False,False,0.026879609549819383,0.15306811594111736
V2E01,M0_V1,FROZEN_V1_CURVATURE_CONTINUITY,CURVATURE_CONTINUITY,0.14326059402587096,-0.5368796095498194,-0.4619301626956444,0.07494944685417498,-0.8975000000000001,-0.45687960954981943,-0.6771898047749098,False,False,False,False,False,False,0.026879609549819383,0.15306811594111736
V2E01,M0_V1,FROZEN_V1_CURVATURE_CONTINUITY,CURVATURE_CONTINUITY,0.14330751996804916,-0.5368796095498194,-0.4621041693524779,0.0747754401973415,-0.8975000000000001,-0.45687960954981943,-0.6771898047749098,False,False,False,False,False,False,0.026879609549819383,0.15306811594111736
V2E01,M0_V1,FROZEN_V1_CURVATURE_CONTINUITY,CURVATURE_CONTINUITY,0.1433544459102274,-0.5368796095498194,-0.46228119135178464,0.07459841819803475,-0.8975000000000001,-0.45687960954981943,-0.6771898047749098,False,False,False,False,False,False,0.026879609549819383,0.15306811594111736
V2E01,M0_V1,FROZEN_V1_CURVATURE_CONTINUITY,CURVATURE_CONTINUITY,0.1434013718524056,-0.5368796095498194,-0.4624612459971458,0.07441836355267362,-0.8975000000000001,-0.45687960954981943,-0.6771898047749098,False,False,False,False,False,False,0.026879609549819383,0.15306811594111736
V2E01,M0_V1,FROZEN_V1_CURVATURE_CONTINUITY,CURVATURE_CONTINUITY,0.14344829779458382,-0.5368796095498194,-0.46264434860053744,0.07423526094928196,-0.8975000000000001,-0.45687960954981943,-0.6771898047749098,False,False,False,False,False,False,0.026879609549819383,0.15306811594111736
V2E01,M0_V1,FROZEN_V1_CURVATURE_CONTINUITY,CURVATURE_CONTINUITY,0.14349522373676202,-0.5368796095498194,-0.4628305125057096,0.07404909704410978,-0.8975000000000001,-0.45687960954981943,-0.6771898047749098,False,False,False,False,False,False,0.026879609549819383,0.15306811594111736
V2E01,M0_V1,FROZEN_V1_CURVATURE_CONTINUITY,CURVATURE_CONTINUITY,0.14354214967894022,-0.5368796095498194,-0.46301974911156657,0.07385986043825282,-0.8975000000000001,-0.45687960954981943,-0.6771898047749098,False,False,False,False,False,False,0.026879609549819383,0.15306811594111736
V2E01,M0_V1,FROZEN_V1_CURVATURE_CONTINUITY,CURVATURE_CONTINUITY,0.14358907562111844,-0.5368796095498194,-0.4632120678955463,0.07366754165427308,-0.8975000000000001,-0.45687960954981943,-0.6771898047749098,False,False,False,False,False,False,0.026879609549819383,0.15306811594111736
V2E01,M0_V1,FROZEN_V1_CURVATURE_CONTINUITY,CURVATURE_CONTINUITY,0.14363600156329664,-0.5368796095498194,-0.46340747643699987,0.07347213311281953,-0.8975000000000001,-0.45687960954981943,-0.6771898047749098,False,False,False,False,False,False,0.026879609549819383,0.15306811594111736
V2E01,M0_V1,FROZEN_V1_CURVATURE_CONTINUITY,CURVATURE_CONTINUITY,0.14368292750547487,-0.5368796095498194,-0.46360598044057166,0.07327362910924773,-0.8975000000000001,-0.45687960954981943,-0.6771898047749098,False,False,False,False,False,False,0.026879609549819383,0.15306811594111736
V2E01,M0_V1,FROZEN_V1_CURVATURE_CONTINUITY,CURVATURE_CONTINUITY,0.14372985344765307,-0.5368796095498194,-0.46380758375957865,0.07307202579024075,-0.8975000000000001,-0.45687960954981943,-0.6771898047749098,False,False,False,False,False,False,0.026879609549819383,0.15306811594111736
V2E01,M0_V1,FROZEN_V1_CURVATURE_CONTINUITY,CURVATURE_CONTINUITY,0.1437767793898313,-0.5368796095498194,-0.4640122884193906,0.07286732113042882,-0.8975000000000001,-0.45687960954981943,-0.6771898047749098,False,False,False,False,False,False,0.026879609549819383,0.15306811594111736
V2E01,M0_V1,FROZEN_V1_CURVATURE_CONTINUITY,CURVATURE_CONTINUITY,0.1438237053320095,-0.5368796095498194,-0.46422009464080893,0.07265951490901046,-0.8975000000000001,-0.45687960954981943,-0.6771898047749098,False,False,False,False,False,False,0.026879609549819383,0.15306811594111736
V2E01,M0_V1,FROZEN_V1_CURVATURE_CONTINUITY,CURVATURE_CONTINUITY,0.14387063127418773,-0.5368796095498194,-0.46443100086344763,0.07244860868637176,-0.8975000000000001,-0.45687960954981943,-0.6771898047749098,False,False,False,False,False,False,0.026879609549819383,0.15306811594111736
V2E01,M0_V1,FROZEN_V1_CURVATURE_CONTINUITY,CURVATURE_CONTINUITY,0.14391755721636593,-0.5368796095498194,-0.46464500376911155,0.07223460578070784,-0.8975000000000001,-0.45687960954981943,-0.6771898047749098,False,False,False,False,False,False,0.026879609549819383,0.15306811594111736
V2E01,M0_V1,FROZEN_V1_CURVATURE_CONTINUITY,CURVATURE_CONTINUITY,0.14396448315854415,-0.5368796095498194,-0.4648620983051775,0.0720175112446419,-0.8975000000000001,-0.45687960954981943,-0.6771898047749098,False,False,False,False,False,False,0.026879609549819383,0.15306811594111736
V2E01,M0_V1,FROZEN_V1_CURVATURE_CONTINUITY,CURVATURE_CONTINUITY,0.14401140910072235,-0.5368796095498194,-0.46508227770797256,0.07179733184184683,-0.8975000000000001,-0.45687960954981943,-0.6771898047749098,False,False,False,False,False,False,0.026879609549819383,0.15306811594111736
V2E01,M0_V1,FROZEN_V1_CURVATURE_CONTINUITY,CURVATURE_CONTINUITY,0.14405833504290055,-0.5368796095498194,-0.4653055335261551,0.07157407602366428,-0.8975000000000001,-0.45687960954981943,-0.6771898047749098,False,False,False,False,False,False,0.026879609549819383,0.15306811594111736
V2E01,M0_V1,FROZEN_V1_CURVATURE_CONTINUITY,CURVATURE_CONTINUITY,0.14410526098507878,-0.5368796095498194,-0.46553185564409366,0.07134775390572573,-0.8975000000000001,-0.45687960954981943,-0.6771898047749098,False,False,False,False,False,False,0.026879609549819383,0.15306811594111736
V2E01,M0_V1,FROZEN_V1_CURVATURE_CONTINUITY,CURVATURE_CONTINUITY,0.14415218692725698,-0.5368796095498194,-0.46576123230524663,0.07111837724457276,-0.8975000000000001,-0.45687960954981943,-0.6771898047749098,False,False,False,False,False,False,0.026879609549819383,0.15306811594111736
V2E01,M0_V1,FROZEN_V1_CURVATURE_CONTINUITY,CURVATURE_CONTINUITY,0.1441991128694352,-0.5368796095498194,-0.46599365013554256,0.07088595941427683,-0.8975000000000001,-0.45687960954981943,-0.6771898047749098,False,False,False,False,False,False,0.026879609549819383,0.15306811594111736
V2E01,M0_V1,FROZEN_V1_CURVATURE_CONTINUITY,CURVATURE_CONTINUITY,0.1442460388116134,-0.5368796095498194,-0.46622909416675906,0.07065051538306033,-0.8975000000000001,-0.45687960954981943,-0.6771898047749098,False,False,False,False,False,False,0.026879609549819383,0.15306811594111736
V2E01,M0_V1,FROZEN_V1_CURVATURE_CONTINUITY,CURVATURE_CONTINUITY,0.14429296475379164,-0.5368796095498194,-0.46646754785990346,0.07041206168991593,-0.8975000000000001,-0.45687960954981943,-0.6771898047749098,False,False,False,False,False,False,0.026879609549819383,0.15306811594111736
V2E01,M0_V1,FROZEN_V1_CURVATURE_CONTINUITY,CURVATURE_CONTINUITY,0.14433989069596984,-0.5368796095498194,-0.46670899312859127,0.07017061642122813,-0.8975000000000001,-0.45687960954981943,-0.6771898047749098,False,False,False,False,False,False,0.026879609549819383,0.15306811594111736
V2E01,M0_V1,FROZEN_V1_CURVATURE_CONTINUITY,CURVATURE_CONTINUITY,0.14438681663814806,-0.5368796095498194,-0.4669534103624273,0.06992619918739207,-0.8975000000000001,-0.45687960954981943,-0.6771898047749098,False,False,False,False,False,False,0.026879609549819383,0.15306811594111736
V2E01,M0_V1,FROZEN_V1_CURVATURE_CONTINUITY,CURVATURE_CONTINUITY,0.14443374258032626,-0.5368796095498194,-0.4672007784503841,0.06967883109943529,-0.8975000000000001,-0.45687960954981943,-0.6771898047749098,False,False,False,False,False,False,0.026879609549819383,0.15306811594111736
V2E01,M0_V1,FROZEN_V1_CURVATURE_CONTINUITY,CURVATURE_CONTINUITY,0.1444806685225045,-0.5368796095498194,-0.4674510748041825,0.06942853474563687,-0.8975000000000001,-0.45687960954981943,-0.6771898047749098,False,False,False,False,False,False,0.026879609549819383,0.15306811594111736
V2E01,M0_V1,FROZEN_V1_CURVATURE_CONTINUITY,CURVATURE_CONTINUITY,0.1445275944646827,-0.5368796095498194,-0.46770427538167075,0.06917533416814864,-0.8975000000000001,-0.45687960954981943,-0.6771898047749098,False,False,False,False,False,False,0.026879609549819383,0.15306811594111736
V2E01,M0_V1,FROZEN_V1_CURVATURE_CONTINUITY,CURVATURE_CONTINUITY,0.1445745204068609,-0.5368796095498194,-0.4679603547102047,0.0689192548396147,-0.8975000000000001,-0.45687960954981943,-0.6771898047749098,False,False,False,False,False,False,0.026879609549819383,0.15306811594111736
V2E01,M0_V1,FROZEN_V1_CURVATURE_CONTINUITY,CURVATURE_CONTINUITY,0.14462144634903912,-0.5368796095498194,-0.4682192859100274,0.06866032363979196,-0.8975000000000001,-0.45687960954981943,-0.6771898047749098,False,False,False,False,False,False,0.026879609549819383,0.15306811594111736
V2E01,M0_V1,FROZEN_V1_CURVATURE_CONTINUITY,CURVATURE_CONTINUITY,0.14466837229121732,-0.5368796095498194,-0.46848104071764823,0.06839856883217116,-0.8975000000000001,-0.45687960954981943,-0.6771898047749098,False,False,False,False,False,False,0.026879609549819383,0.15306811594111736
V2E01,M0_V1,FROZEN_V1_CURVATURE_CONTINUITY,CURVATURE_CONTINUITY,0.14471529823339555,-0.5368796095498194,-0.4687455895092235,0.06813402004059588,-0.8975000000000001,-0.45687960954981943,-0.6771898047749098,False,False,False,False,False,False,0.026879609549819383,0.15306811594111736
V2E01,M0_V1,FROZEN_V1_CURVATURE_CONTINUITY,CURVATURE_CONTINUITY,0.14476222417557374,-0.5368796095498194,-0.4690129013239353,0.06786670822588409,-0.8975000000000001,-0.45687960954981943,-0.6771898047749098,False,False,False,False,False,False,0.026879609549819383,0.15306811594111736
V2E01,M0_V1,FROZEN_V1_CURVATURE_CONTINUITY,CURVATURE_CONTINUITY,0.14480915011775197,-0.5368796095498194,-0.4692829438873721,0.06759666566244732,-0.8975000000000001,-0.45687960954981943,-0.6771898047749098,False,False,False,False,False,False,0.026879609549819383,0.15306811594111736
V2E01,M0_V1,FROZEN_V1_CURVATURE_CONTINUITY,CURVATURE_CONTINUITY,0.14485607605993017,-0.5368796095498194,-0.4695556836349072,0.06732392591491221,-0.8975000000000001,-0.45687960954981943,-0.6771898047749098,False,False,False,False,False,False,0.026879609549819383,0.15306811594111736
V2E01,M0_V1,FROZEN_V1_CURVATURE_CONTINUITY,CURVATURE_CONTINUITY,0.1449030020021084,-0.5368796095498194,-0.46983108573508015,0.06704852381473925,-0.8975000000000001,-0.45687960954981943,-0.6771898047749098,False,False,False,False,False,False,0.026879609549819383,0.15306811594111736
V2E01,M0_V1,FROZEN_V1_CURVATURE_CONTINUITY,CURVATURE_CONTINUITY,0.1449499279442866,-0.5368796095498194,-0.4701091141129745,0.06677049543684488,-0.8975000000000001,-0.45687960954981943,-0.6771898047749098,False,False,False,False,False,False,0.026879609549819383,0.15306811594111736
V2E01,M0_V1,FROZEN_V1_CURVATURE_CONTINUITY,CURVATURE_CONTINUITY,0.14499685388646483,-0.5368796095498194,-0.47038973147359936,0.06648987807622003,-0.8975000000000001,-0.45687960954981943,-0.6771898047749098,False,False,False,False,False,False,0.026879609549819383,0.15306811594111736
V2E01,M0_V1,FROZEN_V1_CURVATURE_CONTINUITY,CURVATURE_CONTINUITY,0.14504377982864303,-0.5368796095498194,-0.4706728993252674,0.06620671022455199,-0.8975000000000001,-0.45687960954981943,-0.6771898047749098,False,False,False,False,False,False,0.026879609549819383,0.15306811594111736
V2E01,M0_V1,FROZEN_V1_CURVATURE_CONTINUITY,CURVATURE_CONTINUITY,0.14509070577082123,-0.5368796095498194,-0.4709585780029759,0.06592103154684348,-0.8975000000000001,-0.45687960954981943,-0.6771898047749098,False,False,False,False,False,False,0.026879609549819383,0.15306811594111736
V2E01,M0_V1,FROZEN_V1_CURVATURE_CONTINUITY,CURVATURE_CONTINUITY,0.14513763171299945,-0.5368796095498194,-0.4712467266917861,0.06563288285803331,-0.8975000000000001,-0.45687960954981943,-0.6771898047749098,False,False,False,False,False,False,0.026879609549819383,0.15306811594111736
V2E01,M0_V1,FROZEN_V1_CURVATURE_CONTINUITY,CURVATURE_CONTINUITY,0.14518455765517765,-0.5368796095498194,-0.4715373034502019,0.0653423060996175,-0.8975000000000001,-0.45687960954981943,-0.6771898047749098,False,False,False,False,False,False,0.026879609549819383,0.15306811594111736
V2E01,M0_V1,FROZEN_V1_CURVATURE_CONTINUITY,CURVATURE_CONTINUITY,0.14523148359735588,-0.5368796095498194,-0.4718302652335513,0.06504934431626808,-0.8975000000000001,-0.45687960954981943,-0.6771898047749098,False,False,False,False,False,False,0.026879609549819383,0.15306811594111736
V2E01,M0_V1,FROZEN_V1_CURVATURE_CONTINUITY,CURVATURE_CONTINUITY,0.14527840953953408,-0.5368796095498194,-0.47212556791736443,0.06475404163245496,-0.8975000000000001,-0.45687960954981943,-0.6771898047749098,False,False,False,False,False,False,0.026879609549819383,0.15306811594111736
V2E01,M0_V1,FROZEN_V1_CURVATURE_CONTINUITY,CURVATURE_CONTINUITY,0.1453253354817123,-0.5368796095498194,-0.47242316632075465,0.06445644322906474,-0.8975000000000001,-0.45687960954981943,-0.6771898047749098,False,False,False,False,False,False,0.026879609549819383,0.15306811594111736
V2E01,M0_V1,FROZEN_V1_CURVATURE_CONTINUITY,CURVATURE_CONTINUITY,0.1453722614238905,-0.5368796095498194,-0.4727230142297969,0.06415659532002249,-0.8975000000000001,-0.45687960954981943,-0.6771898047749098,False,False,False,False,False,False,0.026879609549819383,0.15306811594111736
V2E01,M0_V1,FROZEN_V1_CURVATURE_CONTINUITY,CURVATURE_CONTINUITY,0.14541918736606874,-0.5368796095498194,-0.4730250644209089,0.06385454512891048,-0.8975000000000001,-0.45687960954981943,-0.6771898047749098,False,False,False,False,False,False,0.026879609549819383,0.15306811594111736
V2E01,M0_V1,FROZEN_V1_CURVATURE_CONTINUITY,CURVATURE_CONTINUITY,0.14546611330824694,-0.5368796095498194,-0.4733292686842293,0.06355034086559008,-0.8975000000000001,-0.45687960954981943,-0.6771898047749098,False,False,False,False,False,False,0.026879609549819383,0.15306811594111736
V2E01,M0_V1,FROZEN_V1_CURVATURE_CONTINUITY,CURVATURE_CONTINUITY,0.14551303925042516,-0.5368796095498194,-0.4736355778469987,0.06324403170282067,-0.8975000000000001,-0.45687960954981943,-0.6771898047749098,False,False,False,False,False,False,0.026879609549819383,0.15306811594111736
V2E01,M0_V1,FROZEN_V1_CURVATURE_CONTINUITY,CURVATURE_CONTINUITY,0.14555996519260336,-0.5368796095498194,-0.4739439417969383,0.06293566775288112,-0.8975000000000001,-0.45687960954981943,-0.6771898047749098,False,False,False,False,False,False,0.026879609549819383,0.15306811594111736
V2E01,M0_V1,FROZEN_V1_CURVATURE_CONTINUITY,CURVATURE_CONTINUITY,0.1456068911347816,-0.5368796095498194,-0.4742543095056305,0.06262530004418887,-0.8975000000000001,-0.45687960954981943,-0.6771898047749098,False,False,False,False,False,False,0.026879609549819383,0.15306811594111736
V2E01,M0_V1,FROZEN_V1_CURVATURE_CONTINUITY,CURVATURE_CONTINUITY,0.1456538170769598,-0.5368796095498194,-0.47456662905189784,0.062312980497921555,-0.8975000000000001,-0.45687960954981943,-0.6771898047749098,False,False,False,False,False,False,0.026879609549819383,0.15306811594111736
V2E01,M0_V1,FROZEN_V1_CURVATURE_CONTINUITY,CURVATURE_CONTINUITY,0.145700743019138,-0.5368796095498194,-0.4748808476451833,0.0619987619046361,-0.8975000000000001,-0.45687960954981943,-0.6771898047749098,False,False,False,False,False,False,0.026879609549819383,0.15306811594111736
V2E01,M0_V1,FROZEN_V1_CURVATURE_CONTINUITY,CURVATURE_CONTINUITY,0.14574766896131622,-0.5368796095498194,-0.4751969116489298,0.061682697900889594,-0.8975000000000001,-0.45687960954981943,-0.6771898047749098,False,False,False,False,False,False,0.026879609549819383,0.15306811594111736
V2E01,M0_V1,FROZEN_V1_CURVATURE_CONTINUITY,CURVATURE_CONTINUITY,0.14579459490349442,-0.5368796095498194,-0.4755147666039593,0.06136484294586009,-0.8975000000000001,-0.45687960954981943,-0.6771898047749098,False,False,False,False,False,False,0.026879609549819383,0.15306811594111736
V2E01,M0_V1,FROZEN_V1_CURVATURE_CONTINUITY,CURVATURE_CONTINUITY,0.14584152084567265,-0.5368796095498194,-0.4758343572518538,0.06104525229796559,-0.8975000000000001,-0.45687960954981943,-0.6771898047749098,False,False,False,False,False,False,0.026879609549819383,0.15306811594111736
V2E01,M0_V1,FROZEN_V1_CURVATURE_CONTINUITY,CURVATURE_CONTINUITY,0.14588844678785085,-0.5368796095498194,-0.47615562755833357,0.06072398199148582,-0.8975000000000001,-0.45687960954981943,-0.6771898047749098,False,False,False,False,False,False,0.026879609549819383,0.15306811594111736
V2E01,M0_V1,FROZEN_V1_CURVATURE_CONTINUITY,CURVATURE_CONTINUITY,0.14593537273002907,-0.5368796095498194,-0.4764785207366382,0.06040108881318118,-0.8975000000000001,-0.45687960954981943,-0.6771898047749098,False,False,False,False,False,False,0.026879609549819383,0.15306811594111736
V2E01,M0_V1,FROZEN_V1_CURVATURE_CONTINUITY,CURVATURE_CONTINUITY,0.14598229867220727,-0.5368796095498194,-0.476802979270905,0.06007663027891441,-0.8975000000000001,-0.45687960954981943,-0.6771898047749098,False,False,False,False,False,False,0.026879609549819383,0.15306811594111736
V2E01,M0_V1,FROZEN_V1_CURVATURE_CONTINUITY,CURVATURE_CONTINUITY,0.1460292246143855,-0.5368796095498194,-0.47712894493955005,0.059750664610269344,-0.8975000000000001,-0.45687960954981943,-0.6771898047749098,False,False,False,False,False,False,0.026879609549819383,0.15306811594111736
V2E01,M0_V1,FROZEN_V1_CURVATURE_CONTINUITY,CURVATURE_CONTINUITY,0.1460761505565637,-0.5368796095498194,-0.47745635883864657,0.059423250711172826,-0.8975000000000001,-0.45687960954981943,-0.6771898047749098,False,False,False,False,False,False,0.026879609549819383,0.15306811594111736
V2E01,M0_V1,FROZEN_V1_CURVATURE_CONTINUITY,CURVATURE_CONTINUITY,0.14612307649874193,-0.5368796095498194,-0.4777851614053058,0.05909444814451359,-0.8975000000000001,-0.45687960954981943,-0.6771898047749098,False,False,False,False,False,False,0.026879609549819383,0.15306811594111736
V2E01,M0_V1,FROZEN_V1_CURVATURE_CONTINUITY,CURVATURE_CONTINUITY,0.14617000244092013,-0.5368796095498194,-0.47811529244105566,0.05876431710876373,-0.8975000000000001,-0.45687960954981943,-0.6771898047749098,False,False,False,False,False,False,0.026879609549819383,0.15306811594111736
V2E01,M0_V1,FROZEN_V1_CURVATURE_CONTINUITY,CURVATURE_CONTINUITY,0.14621692838309833,-0.5368796095498194,-0.47844669113522137,0.05843291841459802,-0.8975000000000001,-0.45687960954981943,-0.6771898047749098,False,False,False,False,False,False,0.026879609549819383,0.15306811594111736
V2E01,M0_V1,FROZEN_V1_CURVATURE_CONTINUITY,CURVATURE_CONTINUITY,0.14626385432527655,-0.5368796095498194,-0.4787792960883047,0.058100313461514674,-0.8975000000000001,-0.45687960954981943,-0.6771898047749098,False,False,False,False,False,False,0.026879609549819383,0.15306811594111736
V2E01,M0_V1,FROZEN_V1_CURVATURE_CONTINUITY,CURVATURE_CONTINUITY,0.14631078026745475,-0.5368796095498194,-0.4791130453353633,0.057766564214456084,-0.8975000000000001,-0.45687960954981943,-0.6771898047749098,False,False,False,False,False,False,0.026879609549819383,0.15306811594111736
V2E01,M0_V1,FROZEN_V1_CURVATURE_CONTINUITY,CURVATURE_CONTINUITY,0.14635770620963298,-0.5368796095498194,-0.47944787636939135,0.057431733180428046,-0.8975000000000001,-0.45687960954981943,-0.6771898047749098,False,False,False,False,False,False,0.026879609549819383,0.15306811594111736
V2E01,M0_V1,FROZEN_V1_CURVATURE_CONTINUITY,CURVATURE_CONTINUITY,0.14640463215181118,-0.5368796095498194,-0.47978372616469805,0.05709588338512134,-0.8975000000000001,-0.45687960954981943,-0.6771898047749098,False,False,False,False,False,False,0.026879609549819383,0.15306811594111736
V2E01,M0_V1,FROZEN_V1_CURVATURE_CONTINUITY,CURVATURE_CONTINUITY,0.1464515580939894,-0.5368796095498194,-0.4801205312002888,0.05675907834953059,-0.8975000000000001,-0.45687960954981943,-0.6771898047749098,False,False,False,False,False,False,0.026879609549819383,0.15306811594111736
V2E01,M0_V1,FROZEN_V1_CURVATURE_CONTINUITY,CURVATURE_CONTINUITY,0.1464984840361676,-0.5368796095498194,-0.48045822748324324,0.05642138206657615,-0.8975000000000001,-0.45687960954981943,-0.6771898047749098,False,False,False,False,False,False,0.026879609549819383,0.15306811594111736
V2E01,M0_V1,FROZEN_V1_CURVATURE_CONTINUITY,CURVATURE_CONTINUITY,0.14654540997834584,-0.5368796095498194,-0.4807967505720966,0.056082858977722805,-0.8975000000000001,-0.45687960954981943,-0.6771898047749098,False,False,False,False,False,False,0.026879609549819383,0.15306811594111736
V2E01,M0_V1,FROZEN_V1_CURVATURE_CONTINUITY,CURVATURE_CONTINUITY,0.14659233592052404,-0.5368796095498194,-0.4811360356002177,0.055743573949601666,-0.8975000000000001,-0.45687960954981943,-0.6771898047749098,False,False,False,False,False,False,0.026879609549819383,0.15306811594111736
V2E01,M0_V1,FROZEN_V1_CURVATURE_CONTINUITY,CURVATURE_CONTINUITY,0.14663926186270226,-0.5368796095498194,-0.48147601729919054,0.05540359225062885,-0.8975000000000001,-0.45687960954981943,-0.6771898047749098,False,False,False,False,False,False,0.026879609549819383,0.15306811594111736
V2E01,M0_V1,FROZEN_V1_CURVATURE_CONTINUITY,CURVATURE_CONTINUITY,0.14668618780488046,-0.5368796095498194,-0.481816630022192,0.0550629795276274,-0.8975000000000001,-0.45687960954981943,-0.6771898047749098,False,False,False,False,False,False,0.026879609549819383,0.15306811594111736
V2E01,M0_V1,FROZEN_V1_CURVATURE_CONTINUITY,CURVATURE_CONTINUITY,0.14673311374705866,-0.5368796095498194,-0.4821578077673732,0.05472180178244618,-0.8975000000000001,-0.45687960954981943,-0.6771898047749098,False,False,False,False,False,False,0.026879609549819383,0.15306811594111736
V2E01,M0_V1,FROZEN_V1_CURVATURE_CONTINUITY,CURVATURE_CONTINUITY,0.1467800396892369,-0.5368796095498194,-0.48249948420123867,0.05438012534858072,-0.8975000000000001,-0.45687960954981943,-0.6771898047749098,False,False,False,False,False,False,0.026879609549819383,0.15306811594111736
V2E01,M0_V1,FROZEN_V1_CURVATURE_CONTINUITY,CURVATURE_CONTINUITY,0.1468269656314151,-0.5368796095498194,-0.4828415926820252,0.05403801686779419,-0.8975000000000001,-0.45687960954981943,-0.6771898047749098,False,False,False,False,False,False,0.026879609549819383,0.15306811594111736
V2E01,M0_V1,FROZEN_V1_CURVATURE_CONTINUITY,CURVATURE_CONTINUITY,0.14687389157359332,-0.5368796095498194,-0.483184066283083,0.05369554326673637,-0.8975000000000001,-0.45687960954981943,-0.6771898047749098,False,False,False,False,False,False,0.026879609549819383,0.15306811594111736
V2E01,M0_V1,FROZEN_V1_CURVATURE_CONTINUITY,CURVATURE_CONTINUITY,0.14692081751577152,-0.5368796095498194,-0.48352683781625405,0.05335277173356534,-0.8975000000000001,-0.45687960954981943,-0.6771898047749098,False,False,False,False,False,False,0.026879609549819383,0.15306811594111736
V2E01,M0_V1,FROZEN_V1_CURVATURE_CONTINUITY,CURVATURE_CONTINUITY,0.14696774345794975,-0.5368796095498194,-0.483869839855253,0.05300976969456639,-0.8975000000000001,-0.45687960954981943,-0.6771898047749098,False,False,False,False,False,False,0.026879609549819383,0.15306811594111736
V2E01,M0_V1,FROZEN_V1_CURVATURE_CONTINUITY,CURVATURE_CONTINUITY,0.14701466940012795,-0.5368796095498194,-0.48421300475904566,0.05266660479077373,-0.8975000000000001,-0.45687960954981943,-0.6771898047749098,False,False,False,False,False,False,0.026879609549819383,0.15306811594111736
V2E01,M0_V1,FROZEN_V1_CURVATURE_CONTINUITY,CURVATURE_CONTINUITY,0.14706159534230617,-0.5368796095498194,-0.48455626469523,0.05232334485458939,-0.8975000000000001,-0.45687960954981943,-0.6771898047749098,False,False,False,False,False,False,0.026879609549819383,0.15306811594111736
V2E01,M0_V1,FROZEN_V1_CURVATURE_CONTINUITY,CURVATURE_CONTINUITY,0.14710852128448437,-0.5368796095498194,-0.4848995516634144,0.05198005788640497,-0.8975000000000001,-0.45687960954981943,-0.6771898047749098,False,False,False,False,False,False,0.026879609549819383,0.15306811594111736
V2E01,M0_V1,FROZEN_V1_CURVATURE_CONTINUITY,CURVATURE_CONTINUITY,0.1471554472266626,-0.5368796095498194,-0.485242797518599,0.05163681203122039,-0.8975000000000001,-0.45687960954981943,-0.6771898047749098,False,False,False,False,False,False,0.026879609549819383,0.15306811594111736
V2E01,M0_V1,FROZEN_V1_CURVATURE_CONTINUITY,CURVATURE_CONTINUITY,0.1472023731688408,-0.5368796095498194,-0.48558593399455363,0.05129367555526576,-0.8975000000000001,-0.45687960954981943,-0.6771898047749098,False,False,False,False,False,False,0.026879609549819383,0.15306811594111736
V2E01,M0_V1,FROZEN_V1_CURVATURE_CONTINUITY,CURVATURE_CONTINUITY,0.147249299111019,-0.5368796095498194,-0.485928892727199,0.05095071682262037,-0.8975000000000001,-0.45687960954981943,-0.6771898047749098,False,False,False,False,False,False,0.026879609549819383,0.15306811594111736
V2E01,M0_V1,FROZEN_V1_CURVATURE_CONTINUITY,CURVATURE_CONTINUITY,0.14729622505319723,-0.5368796095498194,-0.48627160527798596,0.05060800427183343,-0.8975000000000001,-0.45687960954981943,-0.6771898047749098,False,False,False,False,False,False,0.026879609549819383,0.15306811594111736
V2E01,M0_V1,FROZEN_V1_CURVATURE_CONTINUITY,CURVATURE_CONTINUITY,0.14734315099537543,-0.5368796095498194,-0.48661400315727416,0.05026560639254524,-0.8975000000000001,-0.45687960954981943,-0.6771898047749098,False,False,False,False,False,False,0.026879609549819383,0.15306811594111736
V2E01,M0_V1,FROZEN_V1_CURVATURE_CONTINUITY,CURVATURE_CONTINUITY,0.14739007693755365,-0.5368796095498194,-0.48695601784771364,0.04992359170210575,-0.8975000000000001,-0.45687960954981943,-0.6771898047749098,False,False,False,False,False,False,0.026879609549819383,0.15306811594111736
V2E01,M0_V1,FROZEN_V1_CURVATURE_CONTINUITY,CURVATURE_CONTINUITY,0.14743700287973185,-0.5368796095498194,-0.4872975808276227,0.04958202872219669,-0.8975000000000001,-0.45687960954981943,-0.6771898047749098,False,False,False,False,False,False,0.026879609549819383,0.15306811594111736
V2E01,M0_V1,FROZEN_V1_CURVATURE_CONTINUITY,CURVATURE_CONTINUITY,0.14748392882191008,-0.5368796095498194,-0.48763862359436916,0.049240985955450234,-0.8975000000000001,-0.45687960954981943,-0.6771898047749098,False,False,False,False,False,False,0.026879609549819383,0.15306811594111736
V2E01,M0_V1,FROZEN_V1_CURVATURE_CONTINUITY,CURVATURE_CONTINUITY,0.14753085476408828,-0.5368796095498194,-0.4879790776877486,0.04890053186207077,-0.8975000000000001,-0.45687960954981943,-0.6771898047749098,False,False,False,False,False,False,0.026879609549819383,0.15306811594111736
V2E01,M0_V1,FROZEN_V1_CURVATURE_CONTINUITY,CURVATURE_CONTINUITY,0.1475777807062665,-0.5368796095498194,-0.4883188747133655,0.0485607348364539,-0.8975000000000001,-0.45687960954981943,-0.6771898047749098,False,False,False,False,False,False,0.026879609549819383,0.15306811594111736
V2E01,M0_V1,FROZEN_V1_CURVATURE_CONTINUITY,CURVATURE_CONTINUITY,0.1476247066484447,-0.5368796095498194,-0.48865794636601145,0.04822166318380794,-0.8975000000000001,-0.45687960954981943,-0.6771898047749098,False,False,False,False,False,False,0.026879609549819383,0.15306811594111736
V2E01,M0_V1,FROZEN_V1_CURVATURE_CONTINUITY,CURVATURE_CONTINUITY,0.14767163259062294,-0.5368796095498194,-0.4889962244530464,0.04788338509677298,-0.8975000000000001,-0.45687960954981943,-0.6771898047749098,False,False,False,False,False,False,0.026879609549819383,0.15306811594111736
V2E01,M0_V1,FROZEN_V1_CURVATURE_CONTINUITY,CURVATURE_CONTINUITY,0.14771855853280114,-0.5368796095498194,-0.4893336409177769,0.04754596863204247,-0.8975000000000001,-0.45687960954981943,-0.6771898047749098,False,False,False,False,False,False,0.026879609549819383,0.15306811594111736
V2E01,M0_V1,FROZEN_V1_CURVATURE_CONTINUITY,CURVATURE_CONTINUITY,0.14776548447497934,-0.5368796095498194,-0.489670127862837,0.04720948168698241,-0.8975000000000001,-0.45687960954981943,-0.6771898047749098,False,False,False,False,False,False,0.026879609549819383,0.15306811594111736
V2E01,M0_V1,FROZEN_V1_CURVATURE_CONTINUITY,CURVATURE_CONTINUITY,0.14781241041715756,-0.5368796095498194,-0.49000561757356736,0.04687399197625203,-0.8975000000000001,-0.45687960954981943,-0.6771898047749098,False,False,False,False,False,False,0.026879609549819383,0.15306811594111736
V2E01,M0_V1,FROZEN_V1_CURVATURE_CONTINUITY,CURVATURE_CONTINUITY,0.14785933635933576,-0.5368796095498194,-0.4903400425413945,0.046539567008424876,-0.8975000000000001,-0.45687960954981943,-0.6771898047749098,False,False,False,False,False,False,0.026879609549819383,0.15306811594111736
V2E01,M0_V1,FROZEN_V1_CURVATURE_CONTINUITY,CURVATURE_CONTINUITY,0.147906262301514,-0.5368796095498194,-0.4906733354872118,0.04620627406260758,-0.8975000000000001,-0.45687960954981943,-0.6771898047749098,False,False,False,False,False,False,0.026879609549819383,0.15306811594111736
V2E01,M0_V1,FROZEN_V1_CURVATURE_CONTINUITY,CURVATURE_CONTINUITY,0.1479531882436922,-0.5368796095498194,-0.4910054293847577,0.04587418016506167,-0.8975000000000001,-0.45687960954981943,-0.6771898047749098,False,False,False,False,False,False,0.026879609549819383,0.15306811594111736
V2E01,M0_V1,FROZEN_V1_CURVATURE_CONTINUITY,CURVATURE_CONTINUITY,0.14800011418587042,-0.5368796095498194,-0.49133625748399684,0.04554335206582255,-0.8975000000000001,-0.45687960954981943,-0.6771898047749098,False,False,False,False,False,False,0.026879609549819383,0.15306811594111736
V2E01,M0_V1,FROZEN_V1_CURVATURE_CONTINUITY,CURVATURE_CONTINUITY,0.14804704012804862,-0.5368796095498194,-0.49166575333449825,0.045213856215321147,-0.8975000000000001,-0.45687960954981943,-0.6771898047749098,False,False,False,False,False,False,0.026879609549819383,0.15306811594111736
V2E01,M0_V1,FROZEN_V1_CURVATURE_CONTINUITY,CURVATURE_CONTINUITY,0.14809396607022685,-0.5368796095498194,-0.49199385080881664,0.04488575874100276,-0.8975000000000001,-0.45687960954981943,-0.6771898047749098,False,False,False,False,False,False,0.026879609549819383,0.15306811594111736
V2E01,M0_V1,FROZEN_V1_CURVATURE_CONTINUITY,CURVATURE_CONTINUITY,0.14814089201240505,-0.5368796095498194,-0.4923204841258705,0.04455912542394891,-0.8975000000000001,-0.45687960954981943,-0.6771898047749098,False,False,False,False,False,False,0.026879609549819383,0.15306811594111736
V2E01,M0_V1,FROZEN_V1_CURVATURE_CONTINUITY,CURVATURE_CONTINUITY,0.14818781795458327,-0.5368796095498194,-0.4926455878743235,0.044234021675495894,-0.8975000000000001,-0.45687960954981943,-0.6771898047749098,False,False,False,False,False,False,0.026879609549819383,0.15306811594111736
V2E01,M0_V1,FROZEN_V1_CURVATURE_CONTINUITY,CURVATURE_CONTINUITY,0.14823474389676147,-0.5368796095498194,-0.49296909703596237,0.043910512513857025,-0.8975000000000001,-0.45687960954981943,-0.6771898047749098,False,False,False,False,False,False,0.026879609549819383,0.15306811594111736
V2E01,M0_V1,FROZEN_V1_CURVATURE_CONTINUITY,CURVATURE_CONTINUITY,0.1482816698389397,-0.5368796095498194,-0.49329094700907833,0.04358866254074106,-0.8975000000000001,-0.45687960954981943,-0.6771898047749098,False,False,False,False,False,False,0.026879609549819383,0.15306811594111736
V2E01,M0_V1,FROZEN_V1_CURVATURE_CONTINUITY,CURVATURE_CONTINUITY,0.1483285957811179,-0.5368796095498194,-0.49361107363184525,0.04326853591797414,-0.8975000000000001,-0.45687960954981943,-0.6771898047749098,False,False,False,False,False,False,0.026879609549819383,0.15306811594111736
V2E01,M0_V1,FROZEN_V1_CURVATURE_CONTINUITY,CURVATURE_CONTINUITY,0.1483755217232961,-0.5368796095498194,-0.4939294132057007,0.042950196344118674,-0.8975000000000001,-0.45687960954981943,-0.6771898047749098,False,False,False,False,False,False,0.026879609549819383,0.15306811594111736
V2E01,M0_V1,FROZEN_V1_CURVATURE_CONTINUITY,CURVATURE_CONTINUITY,0.14842244766547433,-0.5368796095498194,-0.4942459025187249,0.04263370703109448,-0.8975000000000001,-0.45687960954981943,-0.6771898047749098,False,False,False,False,False,False,0.026879609549819383,0.15306811594111736
V2E01,M0_V1,FROZEN_V1_CURVATURE_CONTINUITY,CURVATURE_CONTINUITY,0.14846937360765253,-0.5368796095498194,-0.49456047886902016,0.04231913068079923,-0.8975000000000001,-0.45687960954981943,-0.6771898047749098,False,False,False,False,False,False,0.026879609549819383,0.15306811594111736
V2E01,M0_V1,FROZEN_V1_CURVATURE_CONTINUITY,CURVATURE_CONTINUITY,0.14851629954983075,-0.5368796095498194,-0.49487308008809155,0.04200652946172784,-0.8975000000000001,-0.45687960954981943,-0.6771898047749098,False,False,False,False,False,False,0.026879609549819383,0.15306811594111736
V2E01,M0_V1,FROZEN_V1_CURVATURE_CONTINUITY,CURVATURE_CONTINUITY,0.14856322549200895,-0.5368796095498194,-0.49518364456422537,0.041695964985594025,-0.8975000000000001,-0.45687960954981943,-0.6771898047749098,False,False,False,False,False,False,0.026879609549819383,0.15306811594111736
V2E01,M0_V1,FROZEN_V1_CURVATURE_CONTINUITY,CURVATURE_CONTINUITY,0.14861015143418718,-0.5368796095498194,-0.4954921112658702,0.041387498283949165,-0.8975000000000001,-0.45687960954981943,-0.6771898047749098,False,False,False,False,False,False,0.026879609549819383,0.15306811594111736
V2E01,M0_V1,FROZEN_V1_CURVATURE_CONTINUITY,CURVATURE_CONTINUITY,0.14865707737636538,-0.5368796095498194,-0.49579841976501526,0.04108118978480413,-0.8975000000000001,-0.45687960954981943,-0.6771898047749098,False,False,False,False,False,False,0.026879609549819383,0.15306811594111736
V2E01,M0_V1,FROZEN_V1_CURVATURE_CONTINUITY,CURVATURE_CONTINUITY,0.1487040033185436,-0.5368796095498194,-0.49610251026057145,0.04077709928924794,-0.8975000000000001,-0.45687960954981943,-0.6771898047749098,False,False,False,False,False,False,0.026879609549819383,0.15306811594111736
V2E01,M0_V1,FROZEN_V1_CURVATURE_CONTINUITY,CURVATURE_CONTINUITY,0.1487509292607218,-0.5368796095498194,-0.49640432360174946,0.04047528594806993,-0.8975000000000001,-0.45687960954981943,-0.6771898047749098,False,False,False,False,False,False,0.026879609549819383,0.15306811594111736
V2E01,M0_V1,FROZEN_V1_CURVATURE_CONTINUITY,CURVATURE_CONTINUITY,0.1487978552029,-0.5368796095498194,-0.4967038013114412,0.040175808238378186,-0.8975000000000001,-0.45687960954981943,-0.6771898047749098,False,False,False,False,False,False,0.026879609549819383,0.15306811594111736
V2E01,M0_V1,FROZEN_V1_CURVATURE_CONTINUITY,CURVATURE_CONTINUITY,0.14884478114507824,-0.5368796095498194,-0.49700088560959843,0.03987872394022096,-0.8975000000000001,-0.45687960954981943,-0.6771898047749098,False,False,False,False,False,False,0.026879609549819383,0.15306811594111736
V2E01,M0_V1,FROZEN_V1_CURVATURE_CONTINUITY,CURVATURE_CONTINUITY,0.14889170708725644,-0.5368796095498194,-0.49729551943661227,0.03958409011320713,-0.8975000000000001,-0.45687960954981943,-0.6771898047749098,False,False,False,False,False,False,0.026879609549819383,0.15306811594111736
V2E01,M0_V1,FROZEN_V1_CURVATURE_CONTINUITY,CURVATURE_CONTINUITY,0.14893863302943466,-0.5368796095498194,-0.497587646476694,0.03929196307312538,-0.8975000000000001,-0.45687960954981943,-0.6771898047749098,False,False,False,False,False,False,0.026879609549819383,0.15306811594111736
V2E01,M0_V1,FROZEN_V1_CURVATURE_CONTINUITY,CURVATURE_CONTINUITY,0.14898555897161286,-0.5368796095498194,-0.49787721118125333,0.03900239836856606,-0.8975000000000001,-0.45687960954981943,-0.6771898047749098,False,False,False,False,False,False,0.026879609549819383,0.15306811594111736
V2E01,M0_V1,FROZEN_V1_CURVATURE_CONTINUITY,CURVATURE_CONTINUITY,0.1490324849137911,-0.5368796095498194,-0.49816415879227965,0.03871545075753974,-0.8975000000000001,-0.45687960954981943,-0.6771898047749098,False,False,False,False,False,False,0.026879609549819383,0.15306811594111736
V2E01,M0_V1,FROZEN_V1_CURVATURE_CONTINUITY,CURVATURE_CONTINUITY,0.1490794108559693,-0.5368796095498194,-0.49844843536572025,0.03843117418409914,-0.8975000000000001,-0.45687960954981943,-0.6771898047749098,False,False,False,False,False,False,0.026879609549819383,0.15306811594111736
V2E01,M0_V1,FROZEN_V1_CURVATURE_CONTINUITY,CURVATURE_CONTINUITY,0.14912633679814752,-0.5368796095498194,-0.4987299877948612,0.038149621754958174,-0.8975000000000001,-0.45687960954981943,-0.6771898047749098,False,False,False,False,False,False,0.026879609549819383,0.15306811594111736
V2E01,M0_V1,FROZEN_V1_CURVATURE_CONTINUITY,CURVATURE_CONTINUITY,0.14917326274032572,-0.5368796095498194,-0.4990087638337061,0.037870845716113266,-0.8975000000000001,-0.45687960954981943,-0.6771898047749098,False,False,False,False,False,False,0.026879609549819383,0.15306811594111736
V2E01,M0_V1,FROZEN_V1_CURVATURE_CONTINUITY,CURVATURE_CONTINUITY,0.14922018868250395,-0.5368796095498194,-0.49928471212035686,0.03759489742946254,-0.8975000000000001,-0.45687960954981943,-0.6771898047749098,False,False,False,False,False,False,0.026879609549819383,0.15306811594111736
V2E01,M0_V1,FROZEN_V1_CURVATURE_CONTINUITY,CURVATURE_CONTINUITY,0.14926711462468215,-0.5368796095498194,-0.49955778220039204,0.03732182734942735,-0.8975000000000001,-0.45687960954981943,-0.6771898047749098,False,False,False,False,False,False,0.026879609549819383,0.15306811594111736
V2E01,M0_V1,FROZEN_V1_CURVATURE_CONTINUITY,CURVATURE_CONTINUITY,0.14931404056686037,-0.5368796095498194,-0.4998279245502479,0.03705168499957151,-0.8975000000000001,-0.45687960954981943,-0.6771898047749098,False,False,False,False,False,False,0.026879609549819383,0.15306811594111736
V2E01,M0_V1,FROZEN_V1_CURVATURE_CONTINUITY,CURVATURE_CONTINUITY,0.14936096650903857,-0.5368796095498194,-0.500095090600597,0.03678451894922241,-0.8975000000000001,-0.45687960954981943,-0.6771898047749098,False,False,False,False,False,False,0.026879609549819383,0.15306811594111736
V2E01,M0_V1,FROZEN_V1_CURVATURE_CONTINUITY,CURVATURE_CONTINUITY,0.14940789245121677,-0.5368796095498194,-0.5003592327597286,0.03652037679009079,-0.8975000000000001,-0.45687960954981943,-0.6771898047749098,False,False,False,False,False,False,0.026879609549819383,0.15306811594111736
V2E01,M0_V1,FROZEN_V1_CURVATURE_CONTINUITY,CURVATURE_CONTINUITY,0.149454818393395,-0.5368796095498194,-0.5006203044369285,0.03625930511289088,-0.8975000000000001,-0.45687960954981943,-0.6771898047749098,False,False,False,False,False,False,0.026879609549819383,0.15306811594111736
V2E01,M0_V1,FROZEN_V1_CURVATURE_CONTINUITY,CURVATURE_CONTINUITY,0.1495017443355732,-0.5368796095498194,-0.5008782600658578,0.03600134948396161,-0.8975000000000001,-0.45687960954981943,-0.6771898047749098,False,False,False,False,False,False,0.026879609549819383,0.15306811594111736
V2E01,M0_V1,FROZEN_V1_CURVATURE_CONTINUITY,CURVATURE_CONTINUITY,0.14954867027775143,-0.5368796095498194,-0.5011330551279335,0.0357465544218859,-0.8975000000000001,-0.45687960954981943,-0.6771898047749098,False,False,False,False,False,False,0.026879609549819383,0.15306811594111736
V2E01,M0_V1,FROZEN_V1_CURVATURE_CONTINUITY,CURVATURE_CONTINUITY,0.14959559621992963,-0.5368796095498194,-0.5013846461757075,0.03549496337411184,-0.8975000000000001,-0.45687960954981943,-0.6771898047749098,False,False,False,False,False,False,0.026879609549819383,0.15306811594111736
V2E01,M0_V1,FROZEN_V1_CURVATURE_CONTINUITY,CURVATURE_CONTINUITY,0.14964252216210785,-0.5368796095498194,-0.5016329908562476,0.03524661869357182,-0.8975000000000001,-0.45687960954981943,-0.6771898047749098,False,False,False,False,False,False,0.026879609549819383,0.15306811594111736
V2E01,M0_V1,FROZEN_V1_CURVATURE_CONTINUITY,CURVATURE_CONTINUITY,0.14968944810428605,-0.5368796095498194,-0.5018780479345152,0.03500156161530421,-0.8975000000000001,-0.45687960954981943,-0.6771898047749098,False,False,False,False,False,False,0.026879609549819383,0.15306811594111736
V2E01,M0_V1,FROZEN_V1_CURVATURE_CONTINUITY,CURVATURE_CONTINUITY,0.14973637404646428,-0.5368796095498194,-0.5021197773167467,0.03475983223307266,-0.8975000000000001,-0.45687960954981943,-0.6771898047749098,False,False,False,False,False,False,0.026879609549819383,0.15306811594111736
V2E01,M0_V1,FROZEN_V1_CURVATURE_CONTINUITY,CURVATURE_CONTINUITY,0.14978329998864248,-0.5368796095498194,-0.5023581400738325,0.03452146947598689,-0.8975000000000001,-0.45687960954981943,-0.6771898047749098,False,False,False,False,False,False,0.026879609549819383,0.15306811594111736
V2E01,M0_V1,FROZEN_V1_CURVATURE_CONTINUITY,CURVATURE_CONTINUITY,0.1498302259308207,-0.5368796095498194,-0.5025930984646968,0.034286511085122595,-0.8975000000000001,-0.45687960954981943,-0.6771898047749098,False,False,False,False,False,False,0.026879609549819383,0.15306811594111736
V2E01,M0_V1,FROZEN_V1_CURVATURE_CONTINUITY,CURVATURE_CONTINUITY,0.1498771518729989,-0.5368796095498194,-0.502824615959677,0.03405499359014241,-0.8975000000000001,-0.45687960954981943,-0.6771898047749098,False,False,False,False,False,False,0.026879609549819383,0.15306811594111736
V2E01,M0_V1,FROZEN_V1_CURVATURE_CONTINUITY,CURVATURE_CONTINUITY,0.1499240778151771,-0.5368796095498194,-0.5030526572639039,0.03382695228591548,-0.8975000000000001,-0.45687960954981943,-0.6771898047749098,False,False,False,False,False,False,0.026879609549819383,0.15306811594111736
V2E01,M0_V1,FROZEN_V1_CURVATURE_CONTINUITY,CURVATURE_CONTINUITY,0.14997100375735534,-0.5368796095498194,-0.5032771883406816,0.03360242120913781,-0.8975000000000001,-0.45687960954981943,-0.6771898047749098,False,False,False,False,False,False,0.026879609549819383,0.15306811594111736
V2E01,M0_V1,FROZEN_V1_CURVATURE_CONTINUITY,CURVATURE_CONTINUITY,0.15001792969953354,-0.5368796095498194,-0.5034981764348659,0.03338143311495345,-0.8975000000000001,-0.45687960954981943,-0.6771898047749098,False,False,False,False,False,False,0.026879609549819383,0.15306811594111736
V2E01,M0_V1,FROZEN_V1_CURVATURE_CONTINUITY,CURVATURE_CONTINUITY,0.15006485564171176,-0.5368796095498194,-0.5037155900962458,0.03316401945357361,-0.8975000000000001,-0.45687960954981943,-0.6771898047749098,False,False,False,False,False,False,0.026879609549819383,0.15306811594111736
V2E01,M0_V1,FROZEN_V1_CURVATURE_CONTINUITY,CURVATURE_CONTINUITY,0.15011178158388996,-0.5368796095498194,-0.5039293992029215,0.032950210346897935,-0.8975000000000001,-0.45687960954981943,-0.6771898047749098,False,False,False,False,False,False,0.026879609549819383,0.15306811594111736
V2E01,M0_V1,FROZEN_V1_CURVATURE_CONTINUITY,CURVATURE_CONTINUITY,0.1501587075260682,-0.5368796095498194,-0.5041395749846854,0.03274003456513397,-0.8975000000000001,-0.45687960954981943,-0.6771898047749098,False,False,False,False,False,False,0.026879609549819383,0.15306811594111736
V2E01,M0_V1,FROZEN_V1_CURVATURE_CONTINUITY,CURVATURE_CONTINUITY,0.1502056334682464,-0.5368796095498194,-0.504346090046401,0.03253351950341843,-0.8975000000000001,-0.45687960954981943,-0.6771898047749098,False,False,False,False,False,False,0.026879609549819383,0.15306811594111736
V2E01,M0_V1,FROZEN_V1_CURVATURE_CONTINUITY,CURVATURE_CONTINUITY,0.15025255941042462,-0.5368796095498194,-0.5045489183913832,0.03233069115843623,-0.8975000000000001,-0.45687960954981943,-0.6771898047749098,False,False,False,False,False,False,0.026879609549819383,0.15306811594111736
V2E01,M0_V1,FROZEN_V1_CURVATURE_CONTINUITY,CURVATURE_CONTINUITY,0.15029948535260282,-0.5368796095498194,-0.5047480354447773,0.03213157410504208,-0.8975000000000001,-0.45687960954981943,-0.6771898047749098,False,False,False,False,False,False,0.026879609549819383,0.15306811594111736
V2E01,M0_V1,FROZEN_V1_CURVATURE_CONTINUITY,CURVATURE_CONTINUITY,0.15034641129478105,-0.5368796095498194,-0.5049434180769394,0.03193619147287996,-0.8975000000000001,-0.45687960954981943,-0.6771898047749098,False,False,False,False,False,False,0.026879609549819383,0.15306811594111736
V2E01,M0_V1,FROZEN_V1_CURVATURE_CONTINUITY,CURVATURE_CONTINUITY,0.15039333723695925,-0.5368796095498194,-0.5051350446268157,0.031744564923003704,-0.8975000000000001,-0.45687960954981943,-0.6771898047749098,False,False,False,False,False,False,0.026879609549819383,0.15306811594111736
V2E01,M0_V1,FROZEN_V1_CURVATURE_CONTINUITY,CURVATURE_CONTINUITY,0.15044026317913745,-0.5368796095498194,-0.5053228949253221,0.03155671462449727,-0.8975000000000001,-0.45687960954981943,-0.6771898047749098,False,False,False,False,False,False,0.026879609549819383,0.15306811594111736
V2E01,M0_V1,FROZEN_V1_CURVATURE_CONTINUITY,CURVATURE_CONTINUITY,0.15048718912131567,-0.5368796095498194,-0.5055069503187244,0.031372659231095,-0.8975000000000001,-0.45687960954981943,-0.6771898047749098,False,False,False,False,False,False,0.026879609549819383,0.15306811594111736
V2E01,M0_V1,FROZEN_V1_CURVATURE_CONTINUITY,CURVATURE_CONTINUITY,0.15053411506349387,-0.5368796095498194,-0.5056871936920174,0.03119241585780197,-0.8975000000000001,-0.45687960954981943,-0.6771898047749098,False,False,False,False,False,False,0.026879609549819383,0.15306811594111736
V2E01,M0_V1,FROZEN_V1_CURVATURE_CONTINUITY,CURVATURE_CONTINUITY,0.1505810410056721,-0.5368796095498194,-0.5058636094923051,0.03101600005751426,-0.8975000000000001,-0.45687960954981943,-0.6771898047749098,False,False,False,False,False,False,0.026879609549819383,0.15306811594111736
V2E01,M0_V1,FROZEN_V1_CURVATURE_CONTINUITY,CURVATURE_CONTINUITY,0.1506279669478503,-0.5368796095498194,-0.5060361837521801,0.030843425797639323,-0.8975000000000001,-0.45687960954981943,-0.6771898047749098,False,False,False,False,False,False,0.026879609549819383,0.15306811594111736
V2E01,M0_V1,FROZEN_V1_CURVATURE_CONTINUITY,CURVATURE_CONTINUITY,0.15067489289002853,-0.5368796095498194,-0.5062049041131033,0.030674705436716132,-0.8975000000000001,-0.45687960954981943,-0.6771898047749098,False,False,False,False,False,False,0.026879609549819383,0.15306811594111736
V2E01,M0_V1,FROZEN_V1_CURVATURE_CONTINUITY,CURVATURE_CONTINUITY,0.15072181883220673,-0.5368796095498194,-0.5063697598487837,0.030509849701035652,-0.8975000000000001,-0.45687960954981943,-0.6771898047749098,False,False,False,False,False,False,0.026879609549819383,0.15306811594111736
V2E01,M0_V1,FROZEN_V1_CURVATURE_CONTINUITY,CURVATURE_CONTINUITY,0.15076874477438496,-0.5368796095498194,-0.5065307418885584,0.030348867661260992,-0.8975000000000001,-0.45687960954981943,-0.6771898047749098,False,False,False,False,False,False,0.026879609549819383,0.15306811594111736
V2E01,M0_V1,FROZEN_V1_CURVATURE_CONTINUITY,CURVATURE_CONTINUITY,0.15081567071656315,-0.5368796095498194,-0.5066878428407715,0.030191766709047885,-0.8975000000000001,-0.45687960954981943,-0.6771898047749098,False,False,False,False,False,False,0.026879609549819383,0.15306811594111736
V2E01,M0_V1,FROZEN_V1_CURVATURE_CONTINUITY,CURVATURE_CONTINUITY,0.15086259665874138,-0.5368796095498194,-0.5068410570161548,0.03003855253366461,-0.8975000000000001,-0.45687960954981943,-0.6771898047749098,False,False,False,False,False,False,0.026879609549819383,0.15306811594111736
V2E01,M0_V1,FROZEN_V1_CURVATURE_CONTINUITY,CURVATURE_CONTINUITY,0.15090952260091958,-0.5368796095498194,-0.5069903804512065,0.029889229098612913,-0.8975000000000001,-0.45687960954981943,-0.6771898047749098,False,False,False,False,False,False,0.026879609549819383,0.15306811594111736
V2E01,M0_V1,FROZEN_V1_CURVATURE_CONTINUITY,CURVATURE_CONTINUITY,0.1509564485430978,-0.5368796095498194,-0.5071358109315717,0.02974379861824772,-0.8975000000000001,-0.45687960954981943,-0.6771898047749098,False,False,False,False,False,False,0.026879609549819383,0.15306811594111736
V2E01,M0_V1,FROZEN_V1_CURVATURE_CONTINUITY,CURVATURE_CONTINUITY,0.151003374485276,-0.5368796095498194,-0.5072773480154216,0.029602261534397822,-0.8975000000000001,-0.45687960954981943,-0.6771898047749098,False,False,False,False,False,False,0.026879609549819383,0.15306811594111736
V2E01,M0_V1,FROZEN_V1_CURVATURE_CONTINUITY,CURVATURE_CONTINUITY,0.1510503004274542,-0.5368796095498194,-0.5074149930568335,0.02946461649298593,-0.8975000000000001,-0.45687960954981943,-0.6771898047749098,False,False,False,False,False,False,0.026879609549819383,0.15306811594111736
V2E01,M0_V1,FROZEN_V1_CURVATURE_CONTINUITY,CURVATURE_CONTINUITY,0.15109722636963244,-0.5368796095498194,-0.5075487492291704,0.02933086032064902,-0.8975000000000001,-0.45687960954981943,-0.6771898047749098,False,False,False,False,False,False,0.026879609549819383,0.15306811594111736
V2E01,M0_V1,FROZEN_V1_CURVATURE_CONTINUITY,CURVATURE_CONTINUITY,0.15114415231181064,-0.5368796095498194,-0.5076786215484607,0.02920098800135873,-0.8975000000000001,-0.45687960954981943,-0.6771898047749098,False,False,False,False,False,False,0.026879609549819383,0.15306811594111736
V2E01,M0_V1,FROZEN_V1_CURVATURE_CONTINUITY,CURVATURE_CONTINUITY,0.15119107825398886,-0.5368796095498194,-0.5078046168967777,0.029074992653041698,-0.8975000000000001,-0.45687960954981943,-0.6771898047749098,False,False,False,False,False,False,0.026879609549819383,0.15306811594111736
V2E01,M0_V1,FROZEN_V1_CURVATURE_CONTINUITY,CURVATURE_CONTINUITY,0.15123800419616706,-0.5368796095498194,-0.5079267440456198,0.02895286550419962,-0.8975000000000001,-0.45687960954981943,-0.6771898047749098,False,False,False,False,False,False,0.026879609549819383,0.15306811594111736
V2E01,M0_V1,FROZEN_V1_CURVATURE_CONTINUITY,CURVATURE_CONTINUITY,0.1512849301383453,-0.5368796095498194,-0.5080450136792896,0.028834595870529833,-0.8975000000000001,-0.45687960954981943,-0.6771898047749098,False,False,False,False,False,False,0.026879609549819383,0.15306811594111736
V2E01,M0_V1,FROZEN_V1_CURVATURE_CONTINUITY,CURVATURE_CONTINUITY,0.1513318560805235,-0.5368796095498194,-0.5081594384182739,0.028720171131545458,-0.8975000000000001,-0.45687960954981943,-0.6771898047749098,False,False,False,False,False,False,0.026879609549819383,0.15306811594111736
V2E01,M0_V1,FROZEN_V1_CURVATURE_CONTINUITY,CURVATURE_CONTINUITY,0.15137878202270172,-0.5368796095498194,-0.5082700328426237,0.02860957670719566,-0.8975000000000001,-0.45687960954981943,-0.6771898047749098,False,False,False,False,False,False,0.026879609549819383,0.15306811594111736
V2E01,M0_V1,FROZEN_V1_CURVATURE_CONTINUITY,CURVATURE_CONTINUITY,0.15142570796487992,-0.5368796095498194,-0.5083768135153334,0.028502796034486022,-0.8975000000000001,-0.45687960954981943,-0.6771898047749098,False,False,False,False,False,False,0.026879609549819383,0.15306811594111736
V2E01,M0_V1,FROZEN_V1_CURVATURE_CONTINUITY,CURVATURE_CONTINUITY,0.15147263390705812,-0.5368796095498194,-0.5084797990057204,0.028399810544099013,-0.8975000000000001,-0.45687960954981943,-0.6771898047749098,False,False,False,False,False,False,0.026879609549819383,0.15306811594111736
V2E01,M0_V1,FROZEN_V1_CURVATURE_CONTINUITY,CURVATURE_CONTINUITY,0.15151955984923635,-0.5368796095498194,-0.5085790099128056,0.028300599637013812,-0.8975000000000001,-0.45687960954981943,-0.6771898047749098,False,False,False,False,False,False,0.026879609549819383,0.15306811594111736
V2E01,M0_V1,FROZEN_V1_CURVATURE_CONTINUITY,CURVATURE_CONTINUITY,0.15156648579141455,-0.5368796095498194,-0.5086744688886922,0.028205140661127226,-0.8975000000000001,-0.45687960954981943,-0.6771898047749098,False,False,False,False,False,False,0.026879609549819383,0.15306811594111736
V2E01,M0_V1,FROZEN_V1_CURVATURE_CONTINUITY,CURVATURE_CONTINUITY,0.15161341173359277,-0.5368796095498194,-0.5087662006619459,0.028113408887873503,-0.8975000000000001,-0.45687960954981943,-0.6771898047749098,False,False,False,False,False,False,0.026879609549819383,0.15306811594111736
V2E01,M0_V1,FROZEN_V1_CURVATURE_CONTINUITY,CURVATURE_CONTINUITY,0.15166033767577097,-0.5368796095498194,-0.5088542320609746,0.028025377488844816,-0.8975000000000001,-0.45687960954981943,-0.6771898047749098,False,False,False,False,False,False,0.026879609549819383,0.15306811594111736
V2E01,M0_V1,FROZEN_V1_CURVATURE_CONTINUITY,CURVATURE_CONTINUITY,0.1517072636179492,-0.5368796095498194,-0.5089385920374079,0.027941017512411515,-0.8975000000000001,-0.45687960954981943,-0.6771898047749098,False,False,False,False,False,False,0.026879609549819383,0.15306811594111736
V2E01,M0_V1,FROZEN_V1_CURVATURE_CONTINUITY,CURVATURE_CONTINUITY,0.1517541895601274,-0.5368796095498194,-0.5090193116894768,0.02786029786034261,-0.8975000000000001,-0.45687960954981943,-0.6771898047749098,False,False,False,False,False,False,0.026879609549819383,0.15306811594111736
V2E01,M0_V1,FROZEN_V1_CURVATURE_CONTINUITY,CURVATURE_CONTINUITY,0.15180111550230563,-0.5368796095498194,-0.5090964242853937,0.02778318526442569,-0.8975000000000001,-0.45687960954981943,-0.6771898047749098,False,False,False,False,False,False,0.026879609549819383,0.15306811594111736
V2E01,M0_V1,FROZEN_V1_CURVATURE_CONTINUITY,CURVATURE_CONTINUITY,0.15184804144448383,-0.5368796095498194,-0.5091699652867316,0.02770964426308775,-0.8975000000000001,-0.45687960954981943,-0.6771898047749098,False,False,False,False,False,False,0.026879609549819383,0.15306811594111736
V2E01,M0_V1,FROZEN_V1_CURVATURE_CONTINUITY,CURVATURE_CONTINUITY,0.15189496738666206,-0.5368796095498194,-0.5092399723718045,0.027639637178014875,-0.8975000000000001,-0.45687960954981943,-0.6771898047749098,False,False,False,False,False,False,0.026879609549819383,0.15306811594111736
V2E01,M0_V1,FROZEN_V1_CURVATURE_CONTINUITY,CURVATURE_CONTINUITY,0.15194189332884026,-0.5368796095498194,-0.5093064854590462,0.02757312409077317,-0.8975000000000001,-0.45687960954981943,-0.6771898047749098,False,False,False,False,False,False,0.026879609549819383,0.15306811594111736
V2E01,M0_V1,FROZEN_V1_CURVATURE_CONTINUITY,CURVATURE_CONTINUITY,0.15198881927101848,-0.5368796095498194,-0.5093695467303909,0.02751006281942847,-0.8975000000000001,-0.45687960954981943,-0.6771898047749098,False,False,False,False,False,False,0.026879609549819383,0.15306811594111736
V2E01,M0_V1,FROZEN_V1_CURVATURE_CONTINUITY,CURVATURE_CONTINUITY,0.15203574521319668,-0.5368796095498194,-0.5094292006546521,0.027450408895167255,-0.8975000000000001,-0.45687960954981943,-0.6771898047749098,False,False,False,False,False,False,0.026879609549819383,0.15306811594111736
V2E01,M0_V1,FROZEN_V1_CURVATURE_CONTINUITY,CURVATURE_CONTINUITY,0.15208267115537488,-0.5368796095498194,-0.5094854940109033,0.02739411553891613,-0.8975000000000001,-0.45687960954981943,-0.6771898047749098,False,False,False,False,False,False,0.026879609549819383,0.15306811594111736
V2E01,M0_V1,FROZEN_V1_CURVATURE_CONTINUITY,CURVATURE_CONTINUITY,0.1521295970975531,-0.5368796095498194,-0.5095384759118562,0.0273411336379632,-0.8975000000000001,-0.45687960954981943,-0.6771898047749098,False,False,False,False,False,False,0.026879609549819383,0.15306811594111736
V2E01,M0_V1,FROZEN_V1_CURVATURE_CONTINUITY,CURVATURE_CONTINUITY,0.1521765230397313,-0.5368796095498194,-0.5095881978272421,0.02729141172257732,-0.8975000000000001,-0.45687960954981943,-0.6771898047749098,False,False,False,False,False,False,0.026879609549819383,0.15306811594111736
V2E01,M0_V1,FROZEN_V1_CURVATURE_CONTINUITY,CURVATURE_CONTINUITY,0.15222344898190954,-0.5368796095498194,-0.5096347136071904,0.02724489594262902,-0.8975000000000001,-0.45687960954981943,-0.6771898047749098,False,False,False,False,False,False,0.026879609549819383,0.15306811594111736
V2E01,M0_V1,FROZEN_V1_CURVATURE_CONTINUITY,CURVATURE_CONTINUITY,0.15227037492408774,-0.5368796095498194,-0.5096780795056087,0.027201530044210664,-0.8975000000000001,-0.45687960954981943,-0.6771898047749098,False,False,False,False,False,False,0.026879609549819383,0.15306811594111736
V2E01,M0_V1,FROZEN_V1_CURVATURE_CONTINUITY,CURVATURE_CONTINUITY,0.15231730086626596,-0.5368796095498194,-0.5097183542035627,0.027161255346256685,-0.8975000000000001,-0.45687960954981943,-0.6771898047749098,False,False,False,False,False,False,0.026879609549819383,0.15306811594111736
V2E01,M0_V1,FROZEN_V1_CURVATURE_CONTINUITY,CURVATURE_CONTINUITY,0.15236422680844416,-0.5368796095498194,-0.5097555988326553,0.027124010717164082,-0.8975000000000001,-0.45687960954981943,-0.6771898047749098,False,False,False,False,False,False,0.026879609549819383,0.15306811594111736
V2E01,M0_V1,FROZEN_V1_CURVATURE_CONTINUITY,CURVATURE_CONTINUITY,0.1524111527506224,-0.5368796095498194,-0.5097898769984072,0.027089732551412227,-0.8975000000000001,-0.45687960954981943,-0.6771898047749098,False,False,False,False,False,False,0.026879609549819383,0.15306811594111736
V2E01,M0_V1,FROZEN_V1_CURVATURE_CONTINUITY,CURVATURE_CONTINUITY,0.1524580786928006,-0.5368796095498194,-0.5098212548036356,0.027058354746183788,-0.8975000000000001,-0.45687960954981943,-0.6771898047749098,False,False,False,False,False,False,0.026879609549819383,0.15306811594111736
V2E01,M0_V1,FROZEN_V1_CURVATURE_CONTINUITY,CURVATURE_CONTINUITY,0.15250500463497882,-0.5368796095498194,-0.5098498008718346,0.027029808677984768,-0.8975000000000001,-0.45687960954981943,-0.6771898047749098,False,False,False,False,False,False,0.026879609549819383,0.15306811594111736
V2E01,M0_V1,FROZEN_V1_CURVATURE_CONTINUITY,CURVATURE_CONTINUITY,0.15255193057715702,-0.5368796095498194,-0.509875586370555,0.027004023179264425,-0.8975000000000001,-0.45687960954981943,-0.6771898047749098,False,False,False,False,False,False,0.026879609549819383,0.15306811594111736
V2E01,M0_V1,FROZEN_V1_CURVATURE_CONTINUITY,CURVATURE_CONTINUITY,0.15259885651933522,-0.5368796095498194,-0.5098986850347829,0.02698092451503653,-0.8975000000000001,-0.45687960954981943,-0.6771898047749098,False,False,False,False,False,False,0.026879609549819383,0.15306811594111736
V2E01,M0_V1,FROZEN_V1_CURVATURE_CONTINUITY,CURVATURE_CONTINUITY,0.15264578246151345,-0.5368796095498194,-0.509919173190321,0.026960436359498408,-0.8975000000000001,-0.45687960954981943,-0.6771898047749098,False,False,False,False,False,False,0.026879609549819383,0.15306811594111736
V2E01,M0_V1,FROZEN_V1_CURVATURE_CONTINUITY,CURVATURE_CONTINUITY,0.15269270840369165,-0.5368796095498194,-0.5099371297771672,0.026942479772652184,-0.8975000000000001,-0.45687960954981943,-0.6771898047749098,False,False,False,False,False,False,0.026879609549819383,0.15306811594111736
V2E01,M0_V1,FROZEN_V1_CURVATURE_CONTINUITY,CURVATURE_CONTINUITY,0.15273963434586987,-0.5368796095498194,-0.5099526363728942,0.026926973176925162,-0.8975000000000001,-0.45687960954981943,-0.6771898047749098,False,False,False,False,False,False,0.026879609549819383,0.15306811594111736
V2E01,M0_V1,FROZEN_V1_CURVATURE_CONTINUITY,CURVATURE_CONTINUITY,0.15278656028804807,-0.5368796095498194,-0.5099657772160303,0.02691383233378908,-0.8975000000000001,-0.45687960954981943,-0.6771898047749098,False,False,False,False,False,False,0.026879609549819383,0.15306811594111736
V2E01,M0_V1,FROZEN_V1_CURVATURE_CONTINUITY,CURVATURE_CONTINUITY,0.1528334862302263,-0.5368796095498194,-0.5099766392294379,0.02690297032038147,-0.8975000000000001,-0.45687960954981943,-0.6771898047749098,False,False,False,False,False,False,0.026879609549819383,0.15306811594111736
V2E01,M0_V1,FROZEN_V1_CURVATURE_CONTINUITY,CURVATURE_CONTINUITY,0.1528804121724045,-0.5368796095498194,-0.5099853120436938,0.026894297506125597,-0.8975000000000001,-0.45687960954981943,-0.6771898047749098,False,False,False,False,False,False,0.026879609549819383,0.15306811594111736
V2E01,M0_V1,FROZEN_V1_CURVATURE_CONTINUITY,CURVATURE_CONTINUITY,0.15292733811458273,-0.5368796095498194,-0.5099918880204688,0.026887721529350594,-0.8975000000000001,-0.45687960954981943,-0.6771898047749098,False,False,False,False,False,False,0.026879609549819383,0.15306811594111736
V2E01,M0_V1,FROZEN_V1_CURVATURE_CONTINUITY,CURVATURE_CONTINUITY,0.15297426405676093,-0.5368796095498194,-0.5099964622759074,0.026883147273911945,-0.8975000000000001,-0.45687960954981943,-0.6771898047749098,False,False,False,False,False,False,0.026879609549819383,0.15306811594111736
V2E01,M0_V1,FROZEN_V1_CURVATURE_CONTINUITY,CURVATURE_CONTINUITY,0.15302118999893916,-0.5368796095498194,-0.5099991327040075,0.02688047684581185,-0.8975000000000001,-0.45687960954981943,-0.6771898047749098,False,False,False,False,False,False,0.026879609549819383,0.15306811594111736
V2E01,M0_V1,FROZEN_V1_CURVATURE_CONTINUITY,CURVATURE_CONTINUITY,0.15306811594111736,-0.5368796095498194,-0.51,0.026879609549819383,-0.8975000000000001,-0.45687960954981943,-0.6771898047749098,True,True,False,True,False,True,0.026879609549819383,0.15306811594111736
V2E01,M0_V1,FROZEN_V1_CURVATURE_CONTINUITY,CURVATURE_CONTINUITY,0.15311504188329556,-0.5368796095498194,-0.5099991273686835,0.026880482181135923,-0.8975000000000001,-0.45687960954981943,-0.6771898047749098,False,False,False,False,False,False,0.026879609549819383,0.15306811594111736
V2E01,M0_V1,FROZEN_V1_CURVATURE_CONTINUITY,CURVATURE_CONTINUITY,0.15316196782547378,-0.5368796095498194,-0.5099964198953327,0.02688318965448666,-0.8975000000000001,-0.45687960954981943,-0.6771898047749098,False,False,False,False,False,False,0.026879609549819383,0.15306811594111736
V2E01,M0_V1,FROZEN_V1_CURVATURE_CONTINUITY,CURVATURE_CONTINUITY,0.15320889376765198,-0.5368796095498194,-0.5099917460017817,0.026887863548037738,-0.8975000000000001,-0.45687960954981943,-0.6771898047749098,False,False,False,False,False,False,0.026879609549819383,0.15306811594111736
V2E01,M0_V1,FROZEN_V1_CURVATURE_CONTINUITY,CURVATURE_CONTINUITY,0.1532558197098302,-0.5368796095498194,-0.5099849778060888,0.026894631743730635,-0.8975000000000001,-0.45687960954981943,-0.6771898047749098,False,False,False,False,False,False,0.026879609549819383,0.15306811594111736
V2E01,M0_V1,FROZEN_V1_CURVATURE_CONTINUITY,CURVATURE_CONTINUITY,0.1533027456520084,-0.5368796095498194,-0.5099759910912586,0.02690361845856082,-0.8975000000000001,-0.45687960954981943,-0.6771898047749098,False,False,False,False,False,False,0.026879609549819383,0.15306811594111736
V2E01,M0_V1,FROZEN_V1_CURVATURE_CONTINUITY,CURVATURE_CONTINUITY,0.15334967159418664,-0.5368796095498194,-0.509964665273962,0.02691494427585739,-0.8975000000000001,-0.45687960954981943,-0.6771898047749098,False,False,False,False,False,False,0.026879609549819383,0.15306811594111736
V2E01,M0_V1,FROZEN_V1_CURVATURE_CONTINUITY,CURVATURE_CONTINUITY,0.15339659753636484,-0.5368796095498194,-0.5099508833732582,0.02692872617656117,-0.8975000000000001,-0.45687960954981943,-0.6771898047749098,False,False,False,False,False,False,0.026879609549819383,0.15306811594111736
V2E01,M0_V1,FROZEN_V1_CURVATURE_CONTINUITY,CURVATURE_CONTINUITY,0.15344352347854306,-0.5368796095498194,-0.5099345319793148,0.026945077570504572,-0.8975000000000001,-0.45687960954981943,-0.6771898047749098,False,False,False,False,False,False,0.026879609549819383,0.15306811594111736
V2E01,M0_V1,FROZEN_V1_CURVATURE_CONTINUITY,CURVATURE_CONTINUITY,0.15349044942072126,-0.5368796095498194,-0.5099155012221298,0.026964108327689584,-0.8975000000000001,-0.45687960954981943,-0.6771898047749098,False,False,False,False,False,False,0.026879609549819383,0.15306811594111736
V2E01,M0_V1,FROZEN_V1_CURVATURE_CONTINUITY,CURVATURE_CONTINUITY,0.1535373753628995,-0.5368796095498194,-0.5098936847402519,0.02698592480956752,-0.8975000000000001,-0.45687960954981943,-0.6771898047749098,False,False,False,False,False,False,0.026879609549819383,0.15306811594111736
V2E01,M0_V1,FROZEN_V1_CURVATURE_CONTINUITY,CURVATURE_CONTINUITY,0.1535843013050777,-0.5368796095498194,-0.509868979649502,0.02701062990031744,-0.8975000000000001,-0.45687960954981943,-0.6771898047749098,False,False,False,False,False,False,0.026879609549819383,0.15306811594111736
V2E01,M0_V1,FROZEN_V1_CURVATURE_CONTINUITY,CURVATURE_CONTINUITY,0.15363122724725592,-0.5368796095498194,-0.5098412865116938,0.02703832303812559,-0.8975000000000001,-0.45687960954981943,-0.6771898047749098,False,False,False,False,False,False,0.026879609549819383,0.15306811594111736
V2E01,M0_V1,FROZEN_V1_CURVATURE_CONTINUITY,CURVATURE_CONTINUITY,0.15367815318943412,-0.5368796095498194,-0.5098105093033558,0.027069100246463584,-0.8975000000000001,-0.45687960954981943,-0.6771898047749098,False,False,False,False,False,False,0.026879609549819383,0.15306811594111736
V2E01,M0_V1,FROZEN_V1_CURVATURE_CONTINUITY,CURVATURE_CONTINUITY,0.15372507913161232,-0.5368796095498194,-0.5097765553844512,0.02710305416536818,-0.8975000000000001,-0.45687960954981943,-0.6771898047749098,False,False,False,False,False,False,0.026879609549819383,0.15306811594111736
V2E01,M0_V1,FROZEN_V1_CURVATURE_CONTINUITY,CURVATURE_CONTINUITY,0.15377200507379055,-0.5368796095498194,-0.5097393354670996,0.027140274082719795,-0.8975000000000001,-0.45687960954981943,-0.6771898047749098,False,False,False,False,False,False,0.026879609549819383,0.15306811594111736
V2E01,M0_V1,FROZEN_V1_CURVATURE_CONTINUITY,CURVATURE_CONTINUITY,0.15381893101596875,-0.5368796095498194,-0.509698763584298,0.027180845965521394,-0.8975000000000001,-0.45687960954981943,-0.6771898047749098,False,False,False,False,False,False,0.026879609549819383,0.15306811594111736
V2E01,M0_V1,FROZEN_V1_CURVATURE_CONTINUITY,CURVATURE_CONTINUITY,0.15386585695814697,-0.5368796095498194,-0.5096547570586417,0.027224852491177676,-0.8975000000000001,-0.45687960954981943,-0.6771898047749098,False,False,False,False,False,False,0.026879609549819383,0.15306811594111736
V2E01,M0_V1,FROZEN_V1_CURVATURE_CONTINUITY,CURVATURE_CONTINUITY,0.15391278290032517,-0.5368796095498194,-0.5096072364710456,0.027272373078773837,-0.8975000000000001,-0.45687960954981943,-0.6771898047749098,False,False,False,False,False,False,0.026879609549819383,0.15306811594111736
V2E01,M0_V1,FROZEN_V1_CURVATURE_CONTINUITY,CURVATURE_CONTINUITY,0.1539597088425034,-0.5368796095498194,-0.5095561256294648,0.027323483920354552,-0.8975000000000001,-0.45687960954981943,-0.6771898047749098,False,False,False,False,False,False,0.026879609549819383,0.15306811594111736
V2E01,M0_V1,FROZEN_V1_CURVATURE_CONTINUITY,CURVATURE_CONTINUITY,0.1540066347846816,-0.5368796095498194,-0.5095013515376164,0.02737825801220295,-0.8975000000000001,-0.45687960954981943,-0.6771898047749098,False,False,False,False,False,False,0.026879609549819383,0.15306811594111736
V2E01,M0_V1,FROZEN_V1_CURVATURE_CONTINUITY,CURVATURE_CONTINUITY,0.15405356072685983,-0.5368796095498194,-0.5094428443636998,0.027436765186119594,-0.8975000000000001,-0.45687960954981943,-0.6771898047749098,False,False,False,False,False,False,0.026879609549819383,0.15306811594111736
V2E01,M0_V1,FROZEN_V1_CURVATURE_CONTINUITY,CURVATURE_CONTINUITY,0.15410048666903803,-0.5368796095498194,-0.509380537409118,0.027499072140701353,-0.8975000000000001,-0.45687960954981943,-0.6771898047749098,False,False,False,False,False,False,0.026879609549819383,0.15306811594111736
V2E01,M0_V1,FROZEN_V1_CURVATURE_CONTINUITY,CURVATURE_CONTINUITY,0.15414741261121623,-0.5368796095498194,-0.5093143670771991,0.027565242472620266,-0.8975000000000001,-0.45687960954981943,-0.6771898047749098,False,False,False,False,False,False,0.026879609549819383,0.15306811594111736
V2E01,M0_V1,FROZEN_V1_CURVATURE_CONTINUITY,CURVATURE_CONTINUITY,0.15419433855339446,-0.5368796095498194,-0.5092442728419164,0.02763533670790297,-0.8975000000000001,-0.45687960954981943,-0.6771898047749098,False,False,False,False,False,False,0.026879609549819383,0.15306811594111736
V2E01,M0_V1,FROZEN_V1_CURVATURE_CONTINUITY,CURVATURE_CONTINUITY,0.15424126449557266,-0.5368796095498194,-0.5091701972166106,0.027709412333208783,-0.8975000000000001,-0.45687960954981943,-0.6771898047749098,False,False,False,False,False,False,0.026879609549819383,0.15306811594111736
V2E01,M0_V1,FROZEN_V1_CURVATURE_CONTINUITY,CURVATURE_CONTINUITY,0.15428819043775088,-0.5368796095498194,-0.5090920857227098,0.027787523827109584,-0.8975000000000001,-0.45687960954981943,-0.6771898047749098,False,False,False,False,False,False,0.026879609549819383,0.15306811594111736
V2E01,M0_V1,FROZEN_V1_CURVATURE_CONTINUITY,CURVATURE_CONTINUITY,0.15433511637992908,-0.5368796095498194,-0.5090098868584515,0.027869722691367893,-0.8975000000000001,-0.45687960954981943,-0.6771898047749098,False,False,False,False,False,False,0.026879609549819383,0.15306811594111736
V2E01,M0_V1,FROZEN_V1_CURVATURE_CONTINUITY,CURVATURE_CONTINUITY,0.1543820423221073,-0.5368796095498194,-0.508923552067603,0.027956057482216412,-0.8975000000000001,-0.45687960954981943,-0.6771898047749098,False,False,False,False,False,False,0.026879609549819383,0.15306811594111736
V2E01,M0_V1,FROZEN_V1_CURVATURE_CONTINUITY,CURVATURE_CONTINUITY,0.1544289682642855,-0.5368796095498194,-0.5088330357081824,0.028046573841637,-0.8975000000000001,-0.45687960954981943,-0.6771898047749098,False,False,False,False,False,False,0.026879609549819383,0.15306811594111736
V2E01,M0_V1,FROZEN_V1_CURVATURE_CONTINUITY,CURVATURE_CONTINUITY,0.15447589420646374,-0.5368796095498194,-0.5087382950211803,0.028141314528639105,-0.8975000000000001,-0.45687960954981943,-0.6771898047749098,False,False,False,False,False,False,0.026879609549819383,0.15306811594111736
V2E01,M0_V1,FROZEN_V1_CURVATURE_CONTINUITY,CURVATURE_CONTINUITY,0.15452282014864194,-0.5368796095498194,-0.5086392900992802,0.028240319450539175,-0.8975000000000001,-0.45687960954981943,-0.6771898047749098,False,False,False,False,False,False,0.026879609549819383,0.15306811594111736
V2E01,M0_V1,FROZEN_V1_CURVATURE_CONTINUITY,CURVATURE_CONTINUITY,0.15456974609082016,-0.5368796095498194,-0.5085359838555801,0.028343625694239316,-0.8975000000000001,-0.45687960954981943,-0.6771898047749098,False,False,False,False,False,False,0.026879609549819383,0.15306811594111736
V2E01,M0_V1,FROZEN_V1_CURVATURE_CONTINUITY,CURVATURE_CONTINUITY,0.15461667203299836,-0.5368796095498194,-0.5084283419923129,0.028451267557506488,-0.8975000000000001,-0.45687960954981943,-0.6771898047749098,False,False,False,False,False,False,0.026879609549819383,0.15306811594111736
V2E01,M0_V1,FROZEN_V1_CURVATURE_CONTINUITY,CURVATURE_CONTINUITY,0.1546635979751766,-0.5368796095498194,-0.508316332969568,0.028563276580251373,-0.8975000000000001,-0.45687960954981943,-0.6771898047749098,False,False,False,False,False,False,0.026879609549819383,0.15306811594111736
V2E01,M0_V1,FROZEN_V1_CURVATURE_CONTINUITY,CURVATURE_CONTINUITY,0.1547105239173548,-0.5368796095498194,-0.5081999279740124,0.028679681575807026,-0.8975000000000001,-0.45687960954981943,-0.6771898047749098,False,False,False,False,False,False,0.026879609549819383,0.15306811594111736
V2E01,M0_V1,FROZEN_V1_CURVATURE_CONTINUITY,CURVATURE_CONTINUITY,0.154757449859533,-0.5368796095498194,-0.5080791008876111,0.02880050866220829,-0.8975000000000001,-0.45687960954981943,-0.6771898047749098,False,False,False,False,False,False,0.026879609549819383,0.15306811594111736
V2E01,M0_V1,FROZEN_V1_CURVATURE_CONTINUITY,CURVATURE_CONTINUITY,0.15480437580171122,-0.5368796095498194,-0.5079538282563489,0.028925781293470454,-0.8975000000000001,-0.45687960954981943,-0.6771898047749098,False,False,False,False,False,False,0.026879609549819383,0.15306811594111736
V2E01,M0_V1,FROZEN_V1_CURVATURE_CONTINUITY,CURVATURE_CONTINUITY,0.15485130174388942,-0.5368796095498194,-0.5078240892589513,0.02905552029086811,-0.8975000000000001,-0.45687960954981943,-0.6771898047749098,False,False,False,False,False,False,0.026879609549819383,0.15306811594111736
V2E01,M0_V1,FROZEN_V1_CURVATURE_CONTINUITY,CURVATURE_CONTINUITY,0.15489822768606765,-0.5368796095498194,-0.5076898656756048,0.02918974387421458,-0.8975000000000001,-0.45687960954981943,-0.6771898047749098,False,False,False,False,False,False,0.026879609549819383,0.15306811594111736
V2E01,M0_V1,FROZEN_V1_CURVATURE_CONTINUITY,CURVATURE_CONTINUITY,0.15494515362824585,-0.5368796095498194,-0.5075511418566793,0.029328467693140126,-0.8975000000000001,-0.45687960954981943,-0.6771898047749098,False,False,False,False,False,False,0.026879609549819383,0.15306811594111736
V2E01,M0_V1,FROZEN_V1_CURVATURE_CONTINUITY,CURVATURE_CONTINUITY,0.15499207957042407,-0.5368796095498194,-0.5074079046914477,0.029471704858371695,-0.8975000000000001,-0.45687960954981943,-0.6771898047749098,False,False,False,False,False,False,0.026879609549819383,0.15306811594111736
V2E01,M0_V1,FROZEN_V1_CURVATURE_CONTINUITY,CURVATURE_CONTINUITY,0.15503900551260227,-0.5368796095498194,-0.5072601435768084,0.029619465973011017,-0.8975000000000001,-0.45687960954981943,-0.6771898047749098,False,False,False,False,False,False,0.026879609549819383,0.15306811594111736
V2E01,M0_V1,FROZEN_V1_CURVATURE_CONTINUITY,CURVATURE_CONTINUITY,0.1550859314547805,-0.5368796095498194,-0.5071078503860048,0.029771759163814582,-0.8975000000000001,-0.45687960954981943,-0.6771898047749098,False,False,False,False,False,False,0.026879609549819383,0.15306811594111736
V2E01,M0_V1,FROZEN_V1_CURVATURE_CONTINUITY,CURVATURE_CONTINUITY,0.1551328573969587,-0.5368796095498194,-0.5069510194373481,0.029928590112471287,-0.8975000000000001,-0.45687960954981943,-0.6771898047749098,False,False,False,False,False,False,0.026879609549819383,0.15306811594111736
V2E01,M0_V1,FROZEN_V1_CURVATURE_CONTINUITY,CURVATURE_CONTINUITY,0.15517978333913693,-0.5368796095498194,-0.5067896474629366,0.03008996208688275,-0.8975000000000001,-0.45687960954981943,-0.6771898047749098,False,False,False,False,False,False,0.026879609549819383,0.15306811594111736
V2E01,M0_V1,FROZEN_V1_CURVATURE_CONTINUITY,CURVATURE_CONTINUITY,0.15522670928131513,-0.5368796095498194,-0.5066237335773783,0.03025587597244106,-0.8975000000000001,-0.45687960954981943,-0.6771898047749098,False,False,False,False,False,False,0.026879609549819383,0.15306811594111736
V2E01,M0_V1,FROZEN_V1_CURVATURE_CONTINUITY,CURVATURE_CONTINUITY,0.15527363522349333,-0.5368796095498194,-0.5064532792465106,0.03042633030330877,-0.8975000000000001,-0.45687960954981943,-0.6771898047749098,False,False,False,False,False,False,0.026879609549819383,0.15306811594111736
V2E01,M0_V1,FROZEN_V1_CURVATURE_CONTINUITY,CURVATURE_CONTINUITY,0.15532056116567156,-0.5368796095498194,-0.5062782882561223,0.03060132129369708,-0.8975000000000001,-0.45687960954981943,-0.6771898047749098,False,False,False,False,False,False,0.026879609549819383,0.15306811594111736
V2E01,M0_V1,FROZEN_V1_CURVATURE_CONTINUITY,CURVATURE_CONTINUITY,0.15536748710784976,-0.5368796095498194,-0.5060987666806747,0.03078084286914473,-0.8975000000000001,-0.45687960954981943,-0.6771898047749098,False,False,False,False,False,False,0.026879609549819383,0.15306811594111736
V2E01,M0_V1,FROZEN_V1_CURVATURE_CONTINUITY,CURVATURE_CONTINUITY,0.15541441305002798,-0.5368796095498194,-0.5059147228520214,0.030964886697797955,-0.8975000000000001,-0.45687960954981943,-0.6771898047749098,False,False,False,False,False,False,0.026879609549819383,0.15306811594111736
V2E01,M0_V1,FROZEN_V1_CURVATURE_CONTINUITY,CURVATURE_CONTINUITY,0.15546133899220618,-0.5368796095498194,-0.5057261673281315,0.03115344222168792,-0.8975000000000001,-0.45687960954981943,-0.6771898047749098,False,False,False,False,False,False,0.026879609549819383,0.15306811594111736
V2E01,M0_V1,FROZEN_V1_CURVATURE_CONTINUITY,CURVATURE_CONTINUITY,0.1555082649343844,-0.5368796095498194,-0.5055331128618081,0.03134649668801126,-0.8975000000000001,-0.45687960954981943,-0.6771898047749098,False,False,False,False,False,False,0.026879609549819383,0.15306811594111736
V2E01,M0_V1,FROZEN_V1_CURVATURE_CONTINUITY,CURVATURE_CONTINUITY,0.1555551908765626,-0.5368796095498194,-0.5053355743694119,0.03154403518040749,-0.8975000000000001,-0.45687960954981943,-0.6771898047749098,False,False,False,False,False,False,0.026879609549819383,0.15306811594111736
V2E01,M0_V1,FROZEN_V1_CURVATURE_CONTINUITY,CURVATURE_CONTINUITY,0.15560211681874084,-0.5368796095498194,-0.5051335688995799,0.03174604065023945,-0.8975000000000001,-0.45687960954981943,-0.6771898047749098,False,False,False,False,False,False,0.026879609549819383,0.15306811594111736
V2E01,M0_V1,FROZEN_V1_CURVATURE_CONTINUITY,CURVATURE_CONTINUITY,0.15564904276091904,-0.5368796095498194,-0.5049271156019488,0.031952493947870586,-0.8975000000000001,-0.45687960954981943,-0.6771898047749098,False,False,False,False,False,False,0.026879609549819383,0.15306811594111736
V2E01,M0_V1,FROZEN_V1_CURVATURE_CONTINUITY,CURVATURE_CONTINUITY,0.15569596870309726,-0.5368796095498194,-0.5047162356958736,0.03216337385394574,-0.8975000000000001,-0.45687960954981943,-0.6771898047749098,False,False,False,False,False,False,0.026879609549819383,0.15306811594111736
V2E01,M0_V1,FROZEN_V1_CURVATURE_CONTINUITY,CURVATURE_CONTINUITY,0.15574289464527546,-0.5368796095498194,-0.504500952439151,0.03237865711066834,-0.8975000000000001,-0.45687960954981943,-0.6771898047749098,False,False,False,False,False,False,0.026879609549819383,0.15306811594111736
V2E01,M0_V1,FROZEN_V1_CURVATURE_CONTINUITY,CURVATURE_CONTINUITY,0.15578982058745366,-0.5368796095498194,-0.5042812910967386,0.03259831845308081,-0.8975000000000001,-0.45687960954981943,-0.6771898047749098,False,False,False,False,False,False,0.026879609549819383,0.15306811594111736
V2E01,M0_V1,FROZEN_V1_CURVATURE_CONTINUITY,CURVATURE_CONTINUITY,0.1558367465296319,-0.5368796095498194,-0.5040572789094767,0.03282233064034268,-0.8975000000000001,-0.45687960954981943,-0.6771898047749098,False,False,False,False,False,False,0.026879609549819383,0.15306811594111736
V2E01,M0_V1,FROZEN_V1_CURVATURE_CONTINUITY,CURVATURE_CONTINUITY,0.1558836724718101,-0.5368796095498194,-0.5038289450628102,0.03305066448700922,-0.8975000000000001,-0.45687960954981943,-0.6771898047749098,False,False,False,False,False,False,0.026879609549819383,0.15306811594111736
V2E01,M0_V1,FROZEN_V1_CURVATURE_CONTINUITY,CURVATURE_CONTINUITY,0.15593059841398832,-0.5368796095498194,-0.5035963206555076,0.03328328889431176,-0.8975000000000001,-0.45687960954981943,-0.6771898047749098,False,False,False,False,False,False,0.026879609549819383,0.15306811594111736
V2E01,M0_V1,FROZEN_V1_CURVATURE_CONTINUITY,CURVATURE_CONTINUITY,0.15597752435616652,-0.5368796095498194,-0.5033594386683844,0.033520170881434996,-0.8975000000000001,-0.45687960954981943,-0.6771898047749098,False,False,False,False,False,False,0.026879609549819383,0.15306811594111736
V2E01,M0_V1,FROZEN_V1_CURVATURE_CONTINUITY,CURVATURE_CONTINUITY,0.15602445029834475,-0.5368796095498194,-0.5031183339330223,0.03376127561679709,-0.8975000000000001,-0.45687960954981943,-0.6771898047749098,False,False,False,False,False,False,0.026879609549819383,0.15306811594111736
V2E01,M0_V1,FROZEN_V1_CURVATURE_CONTINUITY,CURVATURE_CONTINUITY,0.15607137624052295,-0.5368796095498194,-0.5028730431004913,0.03400656644932809,-0.8975000000000001,-0.45687960954981943,-0.6771898047749098,False,False,False,False,False,False,0.026879609549819383,0.15306811594111736
V2E01,M0_V1,FROZEN_V1_CURVATURE_CONTINUITY,CURVATURE_CONTINUITY,0.15611830218270117,-0.5368796095498194,-0.5026236046100704,0.03425600493974901,-0.8975000000000001,-0.45687960954981943,-0.6771898047749098,False,False,False,False,False,False,0.026879609549819383,0.15306811594111736
V2E01,M0_V1,FROZEN_V1_CURVATURE_CONTINUITY,CURVATURE_CONTINUITY,0.15616522812487937,-0.5368796095498194,-0.5023700586579686,0.034509550891850815,-0.8975000000000001,-0.45687960954981943,-0.6771898047749098,False,False,False,False,False,False,0.026879609549819383,0.15306811594111736
V2E01,M0_V1,FROZEN_V1_CURVATURE_CONTINUITY,CURVATURE_CONTINUITY,0.1562121540670576,-0.5368796095498194,-0.502112447166046,0.03476716238377342,-0.8975000000000001,-0.45687960954981943,-0.6771898047749098,False,False,False,False,False,False,0.026879609549819383,0.15306811594111736
V2E01,M0_V1,FROZEN_V1_CURVATURE_CONTINUITY,CURVATURE_CONTINUITY,0.1562590800092358,-0.5368796095498194,-0.5018508137505353,0.035028795799284085,-0.8975000000000001,-0.45687960954981943,-0.6771898047749098,False,False,False,False,False,False,0.026879609549819383,0.15306811594111736
V2E01,M0_V1,FROZEN_V1_CURVATURE_CONTINUITY,CURVATURE_CONTINUITY,0.15630600595141403,-0.5368796095498194,-0.5015852036907619,0.03529440585905752,-0.8975000000000001,-0.45687960954981943,-0.6771898047749098,False,False,False,False,False,False,0.026879609549819383,0.15306811594111736
V2E01,M0_V1,FROZEN_V1_CURVATURE_CONTINUITY,CURVATURE_CONTINUITY,0.15635293189359223,-0.5368796095498194,-0.5013156638978661,0.03556394565195331,-0.8975000000000001,-0.45687960954981943,-0.6771898047749098,False,False,False,False,False,False,0.026879609549819383,0.15306811594111736
V2E01,M0_V1,FROZEN_V1_CURVATURE_CONTINUITY,CURVATURE_CONTINUITY,0.15639985783577043,-0.5368796095498194,-0.5010422428835231,0.03583736666629633,-0.8975000000000001,-0.45687960954981943,-0.6771898047749098,False,False,False,False,False,False,0.026879609549819383,0.15306811594111736
V2E01,M0_V1,FROZEN_V1_CURVATURE_CONTINUITY,CURVATURE_CONTINUITY,0.15644678377794866,-0.5368796095498194,-0.5007649907286643,0.036114618821155076,-0.8975000000000001,-0.45687960954981943,-0.6771898047749098,False,False,False,False,False,False,0.026879609549819383,0.15306811594111736
V2E01,M0_V1,FROZEN_V1_CURVATURE_CONTINUITY,CURVATURE_CONTINUITY,0.15649370972012686,-0.5368796095498194,-0.5004839590521997,0.036395650497619725,-0.8975000000000001,-0.45687960954981943,-0.6771898047749098,False,False,False,False,False,False,0.026879609549819383,0.15306811594111736
V2E01,M0_V1,FROZEN_V1_CURVATURE_CONTINUITY,CURVATURE_CONTINUITY,0.15654063566230508,-0.5368796095498194,-0.5001992009797365,0.03668040857008292,-0.8975000000000001,-0.45687960954981943,-0.6771898047749098,False,False,False,False,False,False,0.026879609549819383,0.15306811594111736
V2E01,M0_V1,FROZEN_V1_CURVATURE_CONTINUITY,CURVATURE_CONTINUITY,0.15658756160448328,-0.5368796095498194,-0.4999107711123025,0.036968838437516915,-0.8975000000000001,-0.45687960954981943,-0.6771898047749098,False,False,False,False,False,False,0.026879609549819383,0.15306811594111736
V2E01,M0_V1,FROZEN_V1_CURVATURE_CONTINUITY,CURVATURE_CONTINUITY,0.1566344875466615,-0.5368796095498194,-0.4996187254950654,0.03726088405475397,-0.8975000000000001,-0.45687960954981943,-0.6771898047749098,False,False,False,False,False,False,0.026879609549819383,0.15306811594111736
V2E01,M0_V1,FROZEN_V1_CURVATURE_CONTINUITY,CURVATURE_CONTINUITY,0.1566814134888397,-0.5368796095498194,-0.49932312158605535,0.03755648796376404,-0.8975000000000001,-0.45687960954981943,-0.6771898047749098,False,False,False,False,False,False,0.026879609549819383,0.15306811594111736
V2E01,M0_V1,FROZEN_V1_CURVATURE_CONTINUITY,CURVATURE_CONTINUITY,0.15672833943101794,-0.5368796095498194,-0.4990240182248845,0.03785559132493488,-0.8975000000000001,-0.45687960954981943,-0.6771898047749098,False,False,False,False,False,False,0.026879609549819383,0.15306811594111736
V2E01,M0_V1,FROZEN_V1_CURVATURE_CONTINUITY,CURVATURE_CONTINUITY,0.15677526537319614,-0.5368796095498194,-0.49872147560146945,0.03815813394834994,-0.8975000000000001,-0.45687960954981943,-0.6771898047749098,False,False,False,False,False,False,0.026879609549819383,0.15306811594111736
V2E01,M0_V1,FROZEN_V1_CURVATURE_CONTINUITY,CURVATURE_CONTINUITY,0.15682219131537434,-0.5368796095498194,-0.4984155552247513,0.03846405432506811,-0.8975000000000001,-0.45687960954981943,-0.6771898047749098,False,False,False,False,False,False,0.026879609549819383,0.15306811594111736
V2E01,M0_V1,FROZEN_V1_CURVATURE_CONTINUITY,CURVATURE_CONTINUITY,0.15686911725755256,-0.5368796095498194,-0.4981063198914169,0.03877328965840249,-0.8975000000000001,-0.45687960954981943,-0.6771898047749098,False,False,False,False,False,False,0.026879609549819383,0.15306811594111736
V2E01,M0_V1,FROZEN_V1_CURVATURE_CONTINUITY,CURVATURE_CONTINUITY,0.15691604319973076,-0.5368796095498194,-0.49779383365462077,0.03908577589519863,-0.8975000000000001,-0.45687960954981943,-0.6771898047749098,False,False,False,False,False,False,0.026879609549819383,0.15306811594111736
V2E01,M0_V1,FROZEN_V1_CURVATURE_CONTINUITY,CURVATURE_CONTINUITY,0.156962969141909,-0.5368796095498194,-0.49747816179270465,0.03940144775711474,-0.8975000000000001,-0.45687960954981943,-0.6771898047749098,False,False,False,False,False,False,0.026879609549819383,0.15306811594111736
V2E01,M0_V1,FROZEN_V1_CURVATURE_CONTINUITY,CURVATURE_CONTINUITY,0.1570098950840872,-0.5368796095498194,-0.49715937077792005,0.03972023877189934,-0.8975000000000001,-0.45687960954981943,-0.6771898047749098,False,False,False,False,False,False,0.026879609549819383,0.15306811594111736
V2E01,M0_V1,FROZEN_V1_CURVATURE_CONTINUITY,CURVATURE_CONTINUITY,0.15705682102626542,-0.5368796095498194,-0.4968375282451481,0.040042081304671295,-0.8975000000000001,-0.45687960954981943,-0.6771898047749098,False,False,False,False,False,False,0.026879609549819383,0.15306811594111736
V2E01,M0_V1,FROZEN_V1_CURVATURE_CONTINUITY,CURVATURE_CONTINUITY,0.15710374696844362,-0.5368796095498194,-0.4965127029606216,0.04036690658919778,-0.8975000000000001,-0.45687960954981943,-0.6771898047749098,False,False,False,False,False,False,0.026879609549819383,0.15306811594111736
V2E01,M0_V1,FROZEN_V1_CURVATURE_CONTINUITY,CURVATURE_CONTINUITY,0.15715067291062185,-0.5368796095498194,-0.49618496479064506,0.04069464475917434,-0.8975000000000001,-0.45687960954981943,-0.6771898047749098,False,False,False,False,False,False,0.026879609549819383,0.15306811594111736
V2E01,M0_V1,FROZEN_V1_CURVATURE_CONTINUITY,CURVATURE_CONTINUITY,0.15719759885280005,-0.5368796095498194,-0.49585438467031695,0.04102522487950244,-0.8975000000000001,-0.45687960954981943,-0.6771898047749098,False,False,False,False,False,False,0.026879609549819383,0.15306811594111736
V2E01,M0_V1,FROZEN_V1_CURVATURE_CONTINUITY,CURVATURE_CONTINUITY,0.15724452479497827,-0.5368796095498194,-0.49552103457224944,0.04135857497756995,-0.8975000000000001,-0.45687960954981943,-0.6771898047749098,False,False,False,False,False,False,0.026879609549819383,0.15306811594111736
V2E01,M0_V1,FROZEN_V1_CURVATURE_CONTINUITY,CURVATURE_CONTINUITY,0.15729145073715647,-0.5368796095498194,-0.4951849874752907,0.041694622074528676,-0.8975000000000001,-0.45687960954981943,-0.6771898047749098,False,False,False,False,False,False,0.026879609549819383,0.15306811594111736
V2E01,M0_V1,FROZEN_V1_CURVATURE_CONTINUITY,CURVATURE_CONTINUITY,0.1573383766793347,-0.5368796095498194,-0.4948463173332448,0.04203329221657459,-0.8975000000000001,-0.45687960954981943,-0.6771898047749098,False,False,False,False,False,False,0.026879609549819383,0.15306811594111736
V2E01,M0_V1,FROZEN_V1_CURVATURE_CONTINUITY,CURVATURE_CONTINUITY,0.1573853026215129,-0.5368796095498194,-0.4945050990435941,0.042374510506225316,-0.8975000000000001,-0.45687960954981943,-0.6771898047749098,False,False,False,False,False,False,0.026879609549819383,0.15306811594111736
V2E01,M0_V1,FROZEN_V1_CURVATURE_CONTINUITY,CURVATURE_CONTINUITY,0.1574322285636911,-0.5368796095498194,-0.4941614084162188,0.042718201133600586,-0.8975000000000001,-0.45687960954981943,-0.6771898047749098,False,False,False,False,False,False,0.026879609549819383,0.15306811594111736
V2E01,M0_V1,FROZEN_V1_CURVATURE_CONTINUITY,CURVATURE_CONTINUITY,0.15747915450586933,-0.5368796095498194,-0.4938153221421189,0.04306428740770052,-0.8975000000000001,-0.45687960954981943,-0.6771898047749098,False,False,False,False,False,False,0.026879609549819383,0.15306811594111736
V2E01,M0_V1,FROZEN_V1_CURVATURE_CONTINUITY,CURVATURE_CONTINUITY,0.15752608044804753,-0.5368796095498194,-0.49346691776213564,0.043412691787683755,-0.8975000000000001,-0.45687960954981943,-0.6771898047749098,False,False,False,False,False,False,0.026879609549819383,0.15306811594111736
V2E01,M0_V1,FROZEN_V1_CURVATURE_CONTINUITY,CURVATURE_CONTINUITY,0.15757300639022576,-0.5368796095498194,-0.4931162736356712,0.043763335914148216,-0.8975000000000001,-0.45687960954981943,-0.6771898047749098,False,False,False,False,False,False,0.026879609549819383,0.15306811594111736
V2E01,M0_V1,FROZEN_V1_CURVATURE_CONTINUITY,CURVATURE_CONTINUITY,0.15761993233240396,-0.5368796095498194,-0.4927634689094113,0.044116140640408086,-0.8975000000000001,-0.45687960954981943,-0.6771898047749098,False,False,False,False,False,False,0.026879609549819383,0.15306811594111736
V2E01,M0_V1,FROZEN_V1_CURVATURE_CONTINUITY,CURVATURE_CONTINUITY,0.15766685827458218,-0.5368796095498194,-0.492408583486045,0.0444710260637744,-0.8975000000000001,-0.45687960954981943,-0.6771898047749098,False,False,False,False,False,False,0.026879609549819383,0.15306811594111736
V2E01,M0_V1,FROZEN_V1_CURVATURE_CONTINUITY,CURVATURE_CONTINUITY,0.15771378421676038,-0.5368796095498194,-0.49205169799298665,0.044827911556832745,-0.8975000000000001,-0.45687960954981943,-0.6771898047749098,False,False,False,False,False,False,0.026879609549819383,0.15306811594111736
V2E01,M0_V1,FROZEN_V1_CURVATURE_CONTINUITY,CURVATURE_CONTINUITY,0.1577607101589386,-0.5368796095498194,-0.49169289375109615,0.04518671579872324,-0.8975000000000001,-0.45687960954981943,-0.6771898047749098,False,False,False,False,False,False,0.026879609549819383,0.15306811594111736
V2E01,M0_V1,FROZEN_V1_CURVATURE_CONTINUITY,CURVATURE_CONTINUITY,0.1578076361011168,-0.5368796095498194,-0.49133225274340103,0.04554735680641836,-0.8975000000000001,-0.45687960954981943,-0.6771898047749098,False,False,False,False,False,False,0.026879609549819383,0.15306811594111736
V2E01,M0_V1,FROZEN_V1_CURVATURE_CONTINUITY,CURVATURE_CONTINUITY,0.157854562043295,-0.5368796095498194,-0.4909698575838164,0.045909751966003,-0.8975000000000001,-0.45687960954981943,-0.6771898047749098,False,False,False,False,False,False,0.026879609549819383,0.15306811594111736
V2E01,M0_V1,FROZEN_V1_CURVATURE_CONTINUITY,CURVATURE_CONTINUITY,0.15790148798547324,-0.5368796095498194,-0.49060579148586636,0.04627381806395303,-0.8975000000000001,-0.45687960954981943,-0.6771898047749098,False,False,False,False,False,False,0.026879609549819383,0.15306811594111736
V2E01,M0_V1,FROZEN_V1_CURVATURE_CONTINUITY,CURVATURE_CONTINUITY,0.15794841392765147,-0.5368796095498194,-0.4902401382314057,0.04663947131841367,-0.8975000000000001,-0.45687960954981943,-0.6771898047749098,False,False,False,False,False,False,0.026879609549819383,0.15306811594111736
V2E01,M0_V1,FROZEN_V1_CURVATURE_CONTINUITY,CURVATURE_CONTINUITY,0.15799533986982967,-0.5368796095498194,-0.4898729821393406,0.047006627410478785,-0.8975000000000001,-0.45687960954981943,-0.6771898047749098,False,False,False,False,False,False,0.026879609549819383,0.15306811594111736
V2E01,M0_V1,FROZEN_V1_CURVATURE_CONTINUITY,CURVATURE_CONTINUITY,0.15804226581200786,-0.5368796095498194,-0.48950440803434897,0.04737520151547042,-0.8975000000000001,-0.45687960954981943,-0.6771898047749098,False,False,False,False,False,False,0.026879609549819383,0.15306811594111736
V2E01,M0_V1,FROZEN_V1_CURVATURE_CONTINUITY,CURVATURE_CONTINUITY,0.1580891917541861,-0.5368796095498194,-0.489134501215602,0.04774510833421741,-0.8975000000000001,-0.45687960954981943,-0.6771898047749098,False,False,False,False,False,False,0.026879609549819383,0.15306811594111736
V2E01,M0_V1,FROZEN_V1_CURVATURE_CONTINUITY,CURVATURE_CONTINUITY,0.1581361176963643,-0.5368796095498194,-0.4887633474254861,0.04811626212433329,-0.8975000000000001,-0.45687960954981943,-0.6771898047749098,False,False,False,False,False,False,0.026879609549819383,0.15306811594111736
V2E01,M0_V1,FROZEN_V1_CURVATURE_CONTINUITY,CURVATURE_CONTINUITY,0.15818304363854252,-0.5368796095498194,-0.48839103281832225,0.048488576731497146,-0.8975000000000001,-0.45687960954981943,-0.6771898047749098,False,False,False,False,False,False,0.026879609549819383,0.15306811594111736
V2E01,M0_V1,FROZEN_V1_CURVATURE_CONTINUITY,CURVATURE_CONTINUITY,0.15822996958072072,-0.5368796095498194,-0.48801764392908875,0.04886196562073064,-0.8975000000000001,-0.45687960954981943,-0.6771898047749098,False,False,False,False,False,False,0.026879609549819383,0.15306811594111736
V2E01,M0_V1,FROZEN_V1_CURVATURE_CONTINUITY,CURVATURE_CONTINUITY,0.15827689552289895,-0.5368796095498194,-0.4876432676421407,0.04923634190767867,-0.8975000000000001,-0.45687960954981943,-0.6771898047749098,False,False,False,False,False,False,0.026879609549819383,0.15306811594111736
V2E01,M0_V1,FROZEN_V1_CURVATURE_CONTINUITY,CURVATURE_CONTINUITY,0.15832382146507715,-0.5368796095498194,-0.4872679911599327,0.0496116183898867,-0.8975000000000001,-0.45687960954981943,-0.6771898047749098,False,False,False,False,False,False,0.026879609549819383,0.15306811594111736
V2E01,M0_V1,FROZEN_V1_CURVATURE_CONTINUITY,CURVATURE_CONTINUITY,0.15837074740725537,-0.5368796095498194,-0.48689190197173804,0.04998770757808135,-0.8975000000000001,-0.45687960954981943,-0.6771898047749098,False,False,False,False,False,False,0.026879609549819383,0.15306811594111736
V2E01,M0_V1,FROZEN_V1_CURVATURE_CONTINUITY,CURVATURE_CONTINUITY,0.15841767334943357,-0.5368796095498194,-0.4865150878223718,0.0503645217274476,-0.8975000000000001,-0.45687960954981943,-0.6771898047749098,False,False,False,False,False,False,0.026879609549819383,0.15306811594111736
V2E01,M0_V1,FROZEN_V1_CURVATURE_CONTINUITY,CURVATURE_CONTINUITY,0.15846459929161177,-0.5368796095498194,-0.48613763668091015,0.050741972868909246,-0.8975000000000001,-0.45687960954981943,-0.6771898047749098,False,False,False,False,False,False,0.026879609549819383,0.15306811594111736
V2E01,M0_V1,FROZEN_V1_CURVATURE_CONTINUITY,CURVATURE_CONTINUITY,0.15851152523379,-0.5368796095498194,-0.48575963670941197,0.051119972840407424,-0.8975000000000001,-0.45687960954981943,-0.6771898047749098,False,False,False,False,False,False,0.026879609549819383,0.15306811594111736
V2E01,M0_V1,FROZEN_V1_CURVATURE_CONTINUITY,CURVATURE_CONTINUITY,0.1585584511759682,-0.5368796095498194,-0.48538117623164095,0.05149843331817844,-0.8975000000000001,-0.45687960954981943,-0.6771898047749098,False,False,False,False,False,False,0.026879609549819383,0.15306811594111736
V2E01,M0_V1,FROZEN_V1_CURVATURE_CONTINUITY,CURVATURE_CONTINUITY,0.15860537711814643,-0.5368796095498194,-0.48500234370178474,0.05187726584803465,-0.8975000000000001,-0.45687960954981943,-0.6771898047749098,False,False,False,False,False,False,0.026879609549819383,0.15306811594111736
V2E01,M0_V1,FROZEN_V1_CURVATURE_CONTINUITY,CURVATURE_CONTINUITY,0.15865230306032463,-0.5368796095498194,-0.4846232276731779,0.0522563818766415,-0.8975000000000001,-0.45687960954981943,-0.6771898047749098,False,False,False,False,False,False,0.026879609549819383,0.15306811594111736
V2E01,M0_V1,FROZEN_V1_CURVATURE_CONTINUITY,CURVATURE_CONTINUITY,0.15869922900250286,-0.5368796095498194,-0.48424391676702117,0.05263569278279823,-0.8975000000000001,-0.45687960954981943,-0.6771898047749098,False,False,False,False,False,False,0.026879609549819383,0.15306811594111736
V2E01,M0_V1,FROZEN_V1_CURVATURE_CONTINUITY,CURVATURE_CONTINUITY,0.15874615494468106,-0.5368796095498194,-0.48386449964110434,0.05301510990871505,-0.8975000000000001,-0.45687960954981943,-0.6771898047749098,False,False,False,False,False,False,0.026879609549819383,0.15306811594111736
V2E01,M0_V1,FROZEN_V1_CURVATURE_CONTINUITY,CURVATURE_CONTINUITY,0.15879308088685928,-0.5368796095498194,-0.48348506495852545,0.053394544591293946,-0.8975000000000001,-0.45687960954981943,-0.6771898047749098,False,False,False,False,False,False,0.026879609549819383,0.15306811594111736
V2E01,M0_V1,FROZEN_V1_CURVATURE_CONTINUITY,CURVATURE_CONTINUITY,0.15884000682903748,-0.5368796095498194,-0.4831057013564138,0.053773908193405606,-0.8975000000000001,-0.45687960954981943,-0.6771898047749098,False,False,False,False,False,False,0.026879609549819383,0.15306811594111736
V2E01,M0_V1,FROZEN_V1_CURVATURE_CONTINUITY,CURVATURE_CONTINUITY,0.1588869327712157,-0.5368796095498194,-0.48272649741464896,0.054153112135170434,-0.8975000000000001,-0.45687960954981943,-0.6771898047749098,False,False,False,False,False,False,0.026879609549819383,0.15306811594111736
V2E01,M0_V1,FROZEN_V1_CURVATURE_CONTINUITY,CURVATURE_CONTINUITY,0.1589338587133939,-0.5368796095498194,-0.48234754162458376,0.05453206792523563,-0.8975000000000001,-0.45687960954981943,-0.6771898047749098,False,False,False,False,False,False,0.026879609549819383,0.15306811594111736
V2E01,M0_V1,FROZEN_V1_CURVATURE_CONTINUITY,CURVATURE_CONTINUITY,0.15898078465557214,-0.5368796095498194,-0.4819689223577637,0.05491068719205572,-0.8975000000000001,-0.45687960954981943,-0.6771898047749098,False,False,False,False,False,False,0.026879609549819383,0.15306811594111736
V2E01,M0_V1,FROZEN_V1_CURVATURE_CONTINUITY,CURVATURE_CONTINUITY,0.15902771059775034,-0.5368796095498194,-0.48159072783464935,0.055288881715170046,-0.8975000000000001,-0.45687960954981943,-0.6771898047749098,False,False,False,False,False,False,0.026879609549819383,0.15306811594111736
V2E01,M0_V1,FROZEN_V1_CURVATURE_CONTINUITY,CURVATURE_CONTINUITY,0.15907463653992854,-0.5368796095498194,-0.4812130460933364,0.055666563456482965,-0.8975000000000001,-0.45687960954981943,-0.6771898047749098,False,False,False,False,False,False,0.026879609549819383,0.15306811594111736
V2E01,M0_V1,FROZEN_V1_CURVATURE_CONTINUITY,CURVATURE_CONTINUITY,0.15912156248210677,-0.5368796095498194,-0.480835964958277,0.056043644591542374,-0.8975000000000001,-0.45687960954981943,-0.6771898047749098,False,False,False,False,False,False,0.026879609549819383,0.15306811594111736
V2E01,M0_V1,FROZEN_V1_CURVATURE_CONTINUITY,CURVATURE_CONTINUITY,0.15916848842428497,-0.5368796095498194,-0.48045957200900163,0.05642003754081776,-0.8975000000000001,-0.45687960954981943,-0.6771898047749098,False,False,False,False,False,False,0.026879609549819383,0.15306811594111736
V2E01,M0_V1,FROZEN_V1_CURVATURE_CONTINUITY,CURVATURE_CONTINUITY,0.1592154143664632,-0.5368796095498194,-0.4800839545488385,0.05679565500098088,-0.8975000000000001,-0.45687960954981943,-0.6771898047749098,False,False,False,False,False,False,0.026879609549819383,0.15306811594111736
V2E01,M0_V1,FROZEN_V1_CURVATURE_CONTINUITY,CURVATURE_CONTINUITY,0.1592623403086414,-0.5368796095498194,-0.4797091995736365,0.05717040997618289,-0.8975000000000001,-0.45687960954981943,-0.6771898047749098,False,False,False,False,False,False,0.026879609549819383,0.15306811594111736
V2E01,M0_V1,FROZEN_V1_CURVATURE_CONTINUITY,CURVATURE_CONTINUITY,0.15930926625081962,-0.5368796095498194,-0.47933539374048445,0.05754421580933494,-0.8975000000000001,-0.45687960954981943,-0.6771898047749098,False,False,False,False,False,False,0.026879609549819383,0.15306811594111736
V2E01,M0_V1,FROZEN_V1_CURVATURE_CONTINUITY,CURVATURE_CONTINUITY,0.15935619219299782,-0.5368796095498194,-0.47896262333643386,0.057916986213385535,-0.8975000000000001,-0.45687960954981943,-0.6771898047749098,False,False,False,False,False,False,0.026879609549819383,0.15306811594111736
V2E01,M0_V1,FROZEN_V1_CURVATURE_CONTINUITY,CURVATURE_CONTINUITY,0.15940311813517605,-0.5368796095498194,-0.4785909742472183,0.05828863530260109,-0.8975000000000001,-0.45687960954981943,-0.6771898047749098,False,False,False,False,False,False,0.026879609549819383,0.15306811594111736
V2E01,M0_V1,FROZEN_V1_CURVATURE_CONTINUITY,CURVATURE_CONTINUITY,0.15945004407735425,-0.5368796095498194,-0.4782205319259761,0.058659077623843314,-0.8975000000000001,-0.45687960954981943,-0.6771898047749098,False,False,False,False,False,False,0.026879609549819383,0.15306811594111736
V2E01,M0_V1,FROZEN_V1_CURVATURE_CONTINUITY,CURVATURE_CONTINUITY,0.15949697001953245,-0.5368796095498194,-0.47785138136197003,0.05902822818784936,-0.8975000000000001,-0.45687960954981943,-0.6771898047749098,False,False,False,False,False,False,0.026879609549819383,0.15306811594111736
V2E01,M0_V1,FROZEN_V1_CURVATURE_CONTINUITY,CURVATURE_CONTINUITY,0.15954389596171067,-0.5368796095498194,-0.477483607049309,0.059396002500510414,-0.8975000000000001,-0.45687960954981943,-0.6771898047749098,False,False,False,False,False,False,0.026879609549819383,0.15306811594111736
V2E01,M0_V1,FROZEN_V1_CURVATURE_CONTINUITY,CURVATURE_CONTINUITY,0.15959082190388887,-0.5368796095498194,-0.4771172929556695,0.05976231659414988,-0.8975000000000001,-0.45687960954981943,-0.6771898047749098,False,False,False,False,False,False,0.026879609549819383,0.15306811594111736
V2E01,M0_V1,FROZEN_V1_CURVATURE_CONTINUITY,CURVATURE_CONTINUITY,0.1596377478460671,-0.5368796095498194,-0.4767525224910155,0.060127087058803874,-0.8975000000000001,-0.45687960954981943,-0.6771898047749098,False,False,False,False,False,False,0.026879609549819383,0.15306811594111736
V2E01,M0_V1,FROZEN_V1_CURVATURE_CONTINUITY,CURVATURE_CONTINUITY,0.1596846737882453,-0.5368796095498194,-0.476389378476321,0.06049023107349838,-0.8975000000000001,-0.45687960954981943,-0.6771898047749098,False,False,False,False,False,False,0.026879609549819383,0.15306811594111736
V2E01,M0_V1,FROZEN_V1_CURVATURE_CONTINUITY,CURVATURE_CONTINUITY,0.15973159973042353,-0.5368796095498194,-0.47602794311228946,0.06085166643752993,-0.8975000000000001,-0.45687960954981943,-0.6771898047749098,False,False,False,False,False,False,0.026879609549819383,0.15306811594111736
V2E01,M0_V1,FROZEN_V1_CURVATURE_CONTINUITY,CURVATURE_CONTINUITY,0.15977852567260173,-0.5368796095498194,-0.4756682979480765,0.06121131160174287,-0.8975000000000001,-0.45687960954981943,-0.6771898047749098,False,False,False,False,False,False,0.026879609549819383,0.15306811594111736
V2E01,M0_V1,FROZEN_V1_CURVATURE_CONTINUITY,CURVATURE_CONTINUITY,0.15982545161477996,-0.5368796095498194,-0.4753105238500093,0.06156908569981007,-0.8975000000000001,-0.45687960954981943,-0.6771898047749098,False,False,False,False,False,False,0.026879609549819383,0.15306811594111736
V2E01,M0_V1,FROZEN_V1_CURVATURE_CONTINUITY,CURVATURE_CONTINUITY,0.15987237755695816,-0.5368796095498194,-0.4749547009703095,0.061924908579509885,-0.8975000000000001,-0.45687960954981943,-0.6771898047749098,False,False,False,False,False,False,0.026879609549819383,0.15306811594111736
V2E01,M0_V1,FROZEN_V1_CURVATURE_CONTINUITY,CURVATURE_CONTINUITY,0.15991930349913638,-0.5368796095498194,-0.4746009087158122,0.06227870083400722,-0.8975000000000001,-0.45687960954981943,-0.6771898047749098,False,False,False,False,False,False,0.026879609549819383,0.15306811594111736
V2E01,M0_V1,FROZEN_V1_CURVATURE_CONTINUITY,CURVATURE_CONTINUITY,0.15996622944131458,-0.5368796095498194,-0.4742492257166889,0.06263038383313047,-0.8975000000000001,-0.45687960954981943,-0.6771898047749098,False,False,False,False,False,False,0.026879609549819383,0.15306811594111736
V2E01,M0_V1,FROZEN_V1_CURVATURE_CONTINUITY,CURVATURE_CONTINUITY,0.1600131553834928,-0.5368796095498194,-0.4738997297951671,0.0629798797546523,-0.8975000000000001,-0.45687960954981943,-0.6771898047749098,False,False,False,False,False,False,0.026879609549819383,0.15306811594111736
V2E01,M0_V1,FROZEN_V1_CURVATURE_CONTINUITY,CURVATURE_CONTINUITY,0.160060081325671,-0.5368796095498194,-0.47355249793425264,0.06332711161556676,-0.8975000000000001,-0.45687960954981943,-0.6771898047749098,False,False,False,False,False,False,0.026879609549819383,0.15306811594111736
V2E01,M0_V1,FROZEN_V1_CURVATURE_CONTINUITY,CURVATURE_CONTINUITY,0.1601070072678492,-0.5368796095498194,-0.4732076062464495,0.06367200330336992,-0.8975000000000001,-0.45687960954981943,-0.6771898047749098,False,False,False,False,False,False,0.026879609549819383,0.15306811594111736
V2E01,M0_V1,FROZEN_V1_CURVATURE_CONTINUITY,CURVATURE_CONTINUITY,0.16015393321002744,-0.5368796095498194,-0.4728651299424815,0.06401447960733792,-0.8975000000000001,-0.45687960954981943,-0.6771898047749098,False,False,False,False,False,False,0.026879609549819383,0.15306811594111736
V2E01,M0_V1,FROZEN_V1_CURVATURE_CONTINUITY,CURVATURE_CONTINUITY,0.16020085915220564,-0.5368796095498194,-0.47252514330001383,0.06435446624980556,-0.8975000000000001,-0.45687960954981943,-0.6771898047749098,False,False,False,False,False,False,0.026879609549819383,0.15306811594111736
V2E01,M0_V1,FROZEN_V1_CURVATURE_CONTINUITY,CURVATURE_CONTINUITY,0.16024778509438387,-0.5368796095498194,-0.47218771963237294,0.06469188991744645,-0.8975000000000001,-0.45687960954981943,-0.6771898047749098,False,False,False,False,False,False,0.026879609549819383,0.15306811594111736
V2E01,M0_V1,FROZEN_V1_CURVATURE_CONTINUITY,CURVATURE_CONTINUITY,0.16029471103656207,-0.5368796095498194,-0.47185293125726874,0.06502667829255065,-0.8975000000000001,-0.45687960954981943,-0.6771898047749098,False,False,False,False,False,False,0.026879609549819383,0.15306811594111736
V2E01,M0_V1,FROZEN_V1_CURVATURE_CONTINUITY,CURVATURE_CONTINUITY,0.1603416369787403,-0.5368796095498194,-0.47152084946551476,0.06535876008430463,-0.8975000000000001,-0.45687960954981943,-0.6771898047749098,False,False,False,False,False,False,0.026879609549819383,0.15306811594111736
V2E01,M0_V1,FROZEN_V1_CURVATURE_CONTINUITY,CURVATURE_CONTINUITY,0.1603885629209185,-0.5368796095498194,-0.47119154448975,0.06568806506006941,-0.8975000000000001,-0.45687960954981943,-0.6771898047749098,False,False,False,False,False,False,0.026879609549819383,0.15306811594111736
V2E01,M0_V1,FROZEN_V1_CURVATURE_CONTINUITY,CURVATURE_CONTINUITY,0.16043548886309672,-0.5368796095498194,-0.470865085473159,0.06601452407666042,-0.8975000000000001,-0.45687960954981943,-0.6771898047749098,False,False,False,False,False,False,0.026879609549819383,0.15306811594111736
V2E01,M0_V1,FROZEN_V1_CURVATURE_CONTINUITY,CURVATURE_CONTINUITY,0.16048241480527492,-0.5368796095498194,-0.4705415404381942,0.06633806911162521,-0.8975000000000001,-0.45687960954981943,-0.6771898047749098,False,False,False,False,False,False,0.026879609549819383,0.15306811594111736
V2E01,M0_V1,FROZEN_V1_CURVATURE_CONTINUITY,CURVATURE_CONTINUITY,0.16052934074745312,-0.5368796095498194,-0.47022097625529574,0.06665863329452365,-0.8975000000000001,-0.45687960954981943,-0.6771898047749098,False,False,False,False,False,False,0.026879609549819383,0.15306811594111736
V2E01,M0_V1,FROZEN_V1_CURVATURE_CONTINUITY,CURVATURE_CONTINUITY,0.16057626668963135,-0.5368796095498194,-0.469903458611613,0.06697615093820641,-0.8975000000000001,-0.45687960954981943,-0.6771898047749098,False,False,False,False,False,False,0.026879609549819383,0.15306811594111736
V2E01,M0_V1,FROZEN_V1_CURVATURE_CONTINUITY,CURVATURE_CONTINUITY,0.16062319263180957,-0.5368796095498194,-0.46958905197972606,0.06729055757009333,-0.8975000000000001,-0.45687960954981943,-0.6771898047749098,False,False,False,False,False,False,0.026879609549819383,0.15306811594111736
V2E01,M0_V1,FROZEN_V1_CURVATURE_CONTINUITY,CURVATURE_CONTINUITY,0.16067011857398777,-0.5368796095498194,-0.46927781958636655,0.06760178996345284,-0.8975000000000001,-0.45687960954981943,-0.6771898047749098,False,False,False,False,False,False,0.026879609549819383,0.15306811594111736
V2E01,M0_V1,FROZEN_V1_CURVATURE_CONTINUITY,CURVATURE_CONTINUITY,0.16071704451616597,-0.5368796095498194,-0.4689698233811379,0.06790978616868149,-0.8975000000000001,-0.45687960954981943,-0.6771898047749098,False,False,False,False,False,False,0.026879609549819383,0.15306811594111736
V2E01,M0_V1,FROZEN_V1_CURVATURE_CONTINUITY,CURVATURE_CONTINUITY,0.1607639704583442,-0.5368796095498194,-0.4686651240052373,0.06821448554458209,-0.8975000000000001,-0.45687960954981943,-0.6771898047749098,False,False,False,False,False,False,0.026879609549819383,0.15306811594111736
V2E01,M0_V1,FROZEN_V1_CURVATURE_CONTINUITY,CURVATURE_CONTINUITY,0.1608108964005224,-0.5368796095498194,-0.46836378076017693,0.06851582878964246,-0.8975000000000001,-0.45687960954981943,-0.6771898047749098,False,False,False,False,False,False,0.026879609549819383,0.15306811594111736
V2E01,M0_V1,FROZEN_V1_CURVATURE_CONTINUITY,CURVATURE_CONTINUITY,0.16085782234270063,-0.5368796095498194,-0.46806585157650393,0.06881375797331546,-0.8975000000000001,-0.45687960954981943,-0.6771898047749098,False,False,False,False,False,False,0.026879609549819383,0.15306811594111736
V2E01,M0_V1,FROZEN_V1_CURVATURE_CONTINUITY,CURVATURE_CONTINUITY,0.16090474828487883,-0.5368796095498194,-0.4677713929825227,0.06910821656729671,-0.8975000000000001,-0.45687960954981943,-0.6771898047749098,False,False,False,False,False,False,0.026879609549819383,0.15306811594111736
V2E01,M0_V1,FROZEN_V1_CURVATURE_CONTINUITY,CURVATURE_CONTINUITY,0.16095167422705706,-0.5368796095498194,-0.46748046007301486,0.06939914947680453,-0.8975000000000001,-0.45687960954981943,-0.6771898047749098,False,False,False,False,False,False,0.026879609549819383,0.15306811594111736
V2E01,M0_V1,FROZEN_V1_CURVATURE_CONTINUITY,CURVATURE_CONTINUITY,0.16099860016923526,-0.5368796095498194,-0.46719310647796136,0.06968650307185803,-0.8975000000000001,-0.45687960954981943,-0.6771898047749098,False,False,False,False,False,False,0.026879609549819383,0.15306811594111736
V2E01,M0_V1,FROZEN_V1_CURVATURE_CONTINUITY,CURVATURE_CONTINUITY,0.16104552611141348,-0.5368796095498194,-0.4669093843312623,0.06997022521855711,-0.8975000000000001,-0.45687960954981943,-0.6771898047749098,False,False,False,False,False,False,0.026879609549819383,0.15306811594111736
V2E01,M0_V1,FROZEN_V1_CURVATURE_CONTINUITY,CURVATURE_CONTINUITY,0.16109245205359168,-0.5368796095498194,-0.46662934423945945,0.07025026531035994,-0.8975000000000001,-0.45687960954981943,-0.6771898047749098,False,False,False,False,False,False,0.026879609549819383,0.15306811594111736
V2E01,M0_V1,FROZEN_V1_CURVATURE_CONTINUITY,CURVATURE_CONTINUITY,0.16113937799576988,-0.5368796095498194,-0.46635303525045596,0.07052657429936343,-0.8975000000000001,-0.45687960954981943,-0.6771898047749098,False,False,False,False,False,False,0.026879609549819383,0.15306811594111736
V2E01,M0_V1,FROZEN_V1_CURVATURE_CONTINUITY,CURVATURE_CONTINUITY,0.1611863039379481,-0.5368796095498194,-0.466080504822238,0.07079910472758139,-0.8975000000000001,-0.45687960954981943,-0.6771898047749098,False,False,False,False,False,False,0.026879609549819383,0.15306811594111736
V2E01,M0_V1,FROZEN_V1_CURVATURE_CONTINUITY,CURVATURE_CONTINUITY,0.1612332298801263,-0.5368796095498194,-0.4658117987915963,0.0710678107582231,-0.8975000000000001,-0.45687960954981943,-0.6771898047749098,False,False,False,False,False,False,0.026879609549819383,0.15306811594111736
V2E01,M0_V1,FROZEN_V1_CURVATURE_CONTINUITY,CURVATURE_CONTINUITY,0.16128015582230454,-0.5368796095498194,-0.465546961342846,0.07133264820697338,-0.8975000000000001,-0.45687960954981943,-0.6771898047749098,False,False,False,False,False,False,0.026879609549819383,0.15306811594111736
V2E01,M0_V1,FROZEN_V1_CURVATURE_CONTINUITY,CURVATURE_CONTINUITY,0.16132708176448274,-0.5368796095498194,-0.4652860349765492,0.0715935745732702,-0.8975000000000001,-0.45687960954981943,-0.6771898047749098,False,False,False,False,False,False,0.026879609549819383,0.15306811594111736
V2E01,M0_V1,FROZEN_V1_CURVATURE_CONTINUITY,CURVATURE_CONTINUITY,0.16137400770666097,-0.5368796095498194,-0.46502906047823434,0.07185054907158506,-0.8975000000000001,-0.45687960954981943,-0.6771898047749098,False,False,False,False,False,False,0.026879609549819383,0.15306811594111736
V2E01,M0_V1,FROZEN_V1_CURVATURE_CONTINUITY,CURVATURE_CONTINUITY,0.16142093364883917,-0.5368796095498194,-0.464776076887119,0.07210353266270036,-0.8975000000000001,-0.45687960954981943,-0.6771898047749098,False,False,False,False,False,False,0.026879609549819383,0.15306811594111736
V2E01,M0_V1,FROZEN_V1_CURVATURE_CONTINUITY,CURVATURE_CONTINUITY,0.1614678595910174,-0.5368796095498194,-0.46452712146482944,0.07235248808498995,-0.8975000000000001,-0.45687960954981943,-0.6771898047749098,False,False,False,False,False,False,0.026879609549819383,0.15306811594111736
V2E01,M0_V1,FROZEN_V1_CURVATURE_CONTINUITY,CURVATURE_CONTINUITY,0.1615147855331956,-0.5368796095498194,-0.4642822296641228,0.07259737988569659,-0.8975000000000001,-0.45687960954981943,-0.6771898047749098,False,False,False,False,False,False,0.026879609549819383,0.15306811594111736
V2E01,M0_V1,FROZEN_V1_CURVATURE_CONTINUITY,CURVATURE_CONTINUITY,0.1615617114753738,-0.5368796095498194,-0.46404143509760726,0.07283817445221213,-0.8975000000000001,-0.45687960954981943,-0.6771898047749098,False,False,False,False,False,False,0.026879609549819383,0.15306811594111736
V2E01,M0_V1,FROZEN_V1_CURVATURE_CONTINUITY,CURVATURE_CONTINUITY,0.16160863741755202,-0.5368796095498194,-0.4638047695064636,0.0730748400433558,-0.8975000000000001,-0.45687960954981943,-0.6771898047749098,False,False,False,False,False,False,0.026879609549819383,0.15306811594111736
V2E01,M0_V1,FROZEN_V1_CURVATURE_CONTINUITY,CURVATURE_CONTINUITY,0.16165556335973025,-0.5368796095498194,-0.4635722627291664,0.07330734682065299,-0.8975000000000001,-0.45687960954981943,-0.6771898047749098,False,False,False,False,False,False,0.026879609549819383,0.15306811594111736
V2E01,M0_V1,FROZEN_V1_CURVATURE_CONTINUITY,CURVATURE_CONTINUITY,0.16170248930190845,-0.5368796095498194,-0.46334394267020473,0.07353566687961466,-0.8975000000000001,-0.45687960954981943,-0.6771898047749098,False,False,False,False,False,False,0.026879609549819383,0.15306811594111736
V2E01,M0_V1,FROZEN_V1_CURVATURE_CONTINUITY,CURVATURE_CONTINUITY,0.16174941524408665,-0.5368796095498194,-0.46311983526880324,0.07375977428101615,-0.8975000000000001,-0.45687960954981943,-0.6771898047749098,False,False,False,False,False,False,0.026879609549819383,0.15306811594111736
V2E01,M0_V1,FROZEN_V1_CURVATURE_CONTINUITY,CURVATURE_CONTINUITY,0.16179634118626487,-0.5368796095498194,-0.46289996446764314,0.07397964508217625,-0.8975000000000001,-0.45687960954981943,-0.6771898047749098,False,False,False,False,False,False,0.026879609549819383,0.15306811594111736
V2E01,M0_V1,FROZEN_V1_CURVATURE_CONTINUITY,CURVATURE_CONTINUITY,0.16184326712844307,-0.5368796095498194,-0.46268435218158394,0.07419525736823546,-0.8975000000000001,-0.45687960954981943,-0.6771898047749098,False,False,False,False,False,False,0.026879609549819383,0.15306811594111736
V2E01,M0_V1,FROZEN_V1_CURVATURE_CONTINUITY,CURVATURE_CONTINUITY,0.1618901930706213,-0.5368796095498194,-0.46247301826638343,0.07440659128343596,-0.8975000000000001,-0.45687960954981943,-0.6771898047749098,False,False,False,False,False,False,0.026879609549819383,0.15306811594111736
V2E01,M0_V1,FROZEN_V1_CURVATURE_CONTINUITY,CURVATURE_CONTINUITY,0.1619371190127995,-0.5368796095498194,-0.4622659804874197,0.07461362906239971,-0.8975000000000001,-0.45687960954981943,-0.6771898047749098,False,False,False,False,False,False,0.026879609549819383,0.15306811594111736
V2E01,M0_V1,FROZEN_V1_CURVATURE_CONTINUITY,CURVATURE_CONTINUITY,0.16198404495497773,-0.5368796095498194,-0.4620632544884114,0.07481635506140799,-0.8975000000000001,-0.45687960954981943,-0.6771898047749098,False,False,False,False,False,False,0.026879609549819383,0.15306811594111736
V2E01,M0_V1,FROZEN_V1_CURVATURE_CONTINUITY,CURVATURE_CONTINUITY,0.16203097089715593,-0.5368796095498194,-0.4618648537601396,0.07501475578967981,-0.8975000000000001,-0.45687960954981943,-0.6771898047749098,False,False,False,False,False,False,0.026879609549819383,0.15306811594111736
V2E01,M0_V1,FROZEN_V1_CURVATURE_CONTINUITY,CURVATURE_CONTINUITY,0.16207789683933416,-0.5368796095498194,-0.461670789609168,0.07520881994065137,-0.8975000000000001,-0.45687960954981943,-0.6771898047749098,False,False,False,False,False,False,0.026879609549819383,0.15306811594111736
V2E01,M0_V1,FROZEN_V1_CURVATURE_CONTINUITY,CURVATURE_CONTINUITY,0.16212482278151236,-0.5368796095498194,-0.4614810711265649,0.0753985384232545,-0.8975000000000001,-0.45687960954981943,-0.6771898047749098,False,False,False,False,False,False,0.026879609549819383,0.15306811594111736
V2E01,M0_V1,FROZEN_V1_CURVATURE_CONTINUITY,CURVATURE_CONTINUITY,0.16217174872369056,-0.5368796095498194,-0.4612957051566233,0.07558390439319607,-0.8975000000000001,-0.45687960954981943,-0.6771898047749098,False,False,False,False,False,False,0.026879609549819383,0.15306811594111736
V2E01,M0_V1,FROZEN_V1_CURVATURE_CONTINUITY,CURVATURE_CONTINUITY,0.16221867466586878,-0.5368796095498194,-0.46111469626558255,0.07576491328423685,-0.8975000000000001,-0.45687960954981943,-0.6771898047749098,False,False,False,False,False,False,0.026879609549819383,0.15306811594111736
V2E01,M0_V1,FROZEN_V1_CURVATURE_CONTINUITY,CURVATURE_CONTINUITY,0.16226560060804698,-0.5368796095498194,-0.4609380467103495,0.0759415628394699,-0.8975000000000001,-0.45687960954981943,-0.6771898047749098,False,False,False,False,False,False,0.026879609549819383,0.15306811594111736
V2E01,M0_V1,FROZEN_V1_CURVATURE_CONTINUITY,CURVATURE_CONTINUITY,0.1623125265502252,-0.5368796095498194,-0.46076575640721895,0.07611385314260044,-0.8975000000000001,-0.45687960954981943,-0.6771898047749098,False,False,False,False,False,False,0.026879609549819383,0.15306811594111736
V2E01,M0_V1,FROZEN_V1_CURVATURE_CONTINUITY,CURVATURE_CONTINUITY,0.1623594524924034,-0.5368796095498194,-0.4605978229005955,0.07628178664922391,-0.8975000000000001,-0.45687960954981943,-0.6771898047749098,False,False,False,False,False,False,0.026879609549819383,0.15306811594111736
V2E01,M0_V1,FROZEN_V1_CURVATURE_CONTINUITY,CURVATURE_CONTINUITY,0.16240637843458164,-0.5368796095498194,-0.4604342413317138,0.0764453682181056,-0.8975000000000001,-0.45687960954981943,-0.6771898047749098,False,False,False,False,False,False,0.026879609549819383,0.15306811594111736
V2E01,M0_V1,FROZEN_V1_CURVATURE_CONTINUITY,CURVATURE_CONTINUITY,0.16245330437675984,-0.5368796095498194,-0.46027500440736036,0.07660460514245904,-0.8975000000000001,-0.45687960954981943,-0.6771898047749098,False,False,False,False,False,False,0.026879609549819383,0.15306811594111736
V2E01,M0_V1,FROZEN_V1_CURVATURE_CONTINUITY,CURVATURE_CONTINUITY,0.16250023031893807,-0.5368796095498194,-0.4601201023685939,0.07675950718122548,-0.8975000000000001,-0.45687960954981943,-0.6771898047749098,False,False,False,False,False,False,0.026879609549819383,0.15306811594111736
V2E01,M0_V1,FROZEN_V1_CURVATURE_CONTINUITY,CURVATURE_CONTINUITY,0.16254715626111627,-0.5368796095498194,-0.459969522959467,0.07691008659035237,-0.8975000000000001,-0.45687960954981943,-0.6771898047749098,False,False,False,False,False,False,0.026879609549819383,0.15306811594111736
V2E01,M0_V1,FROZEN_V1_CURVATURE_CONTINUITY,CURVATURE_CONTINUITY,0.1625940822032945,-0.5368796095498194,-0.4598232513957468,0.07705635815407258,-0.8975000000000001,-0.45687960954981943,-0.6771898047749098,False,False,False,False,False,False,0.026879609549819383,0.15306811594111736
V2E01,M0_V1,FROZEN_V1_CURVATURE_CONTINUITY,CURVATURE_CONTINUITY,0.1626410081454727,-0.5368796095498194,-0.4596812703336362,0.07719833921618319,-0.8975000000000001,-0.45687960954981943,-0.6771898047749098,False,False,False,False,False,False,0.026879609549819383,0.15306811594111736
V2E01,M0_V1,FROZEN_V1_CURVATURE_CONTINUITY,CURVATURE_CONTINUITY,0.16268793408765092,-0.5368796095498194,-0.45954355983849465,0.07733604971132474,-0.8975000000000001,-0.45687960954981943,-0.6771898047749098,False,False,False,False,False,False,0.026879609549819383,0.15306811594111736
V2E01,M0_V1,FROZEN_V1_CURVATURE_CONTINUITY,CURVATURE_CONTINUITY,0.16273486002982912,-0.5368796095498194,-0.45941009735355987,0.07746951219625953,-0.8975000000000001,-0.45687960954981943,-0.6771898047749098,False,False,False,False,False,False,0.026879609549819383,0.15306811594111736
V2E01,M0_V1,FROZEN_V1_CURVATURE_CONTINUITY,CURVATURE_CONTINUITY,0.16278178597200732,-0.5368796095498194,-0.4592808576686681,0.07759875188115128,-0.8975000000000001,-0.45687960954981943,-0.6771898047749098,False,False,False,False,False,False,0.026879609549819383,0.15306811594111736
V2E01,M0_V1,FROZEN_V1_CURVATURE_CONTINUITY,CURVATURE_CONTINUITY,0.16282871191418555,-0.5368796095498194,-0.45915581288897545,0.07772379666084395,-0.8975000000000001,-0.45687960954981943,-0.6771898047749098,False,False,False,False,False,False,0.026879609549819383,0.15306811594111736
V2E01,M0_V1,FROZEN_V1_CURVATURE_CONTINUITY,CURVATURE_CONTINUITY,0.16287563785636375,-0.5368796095498194,-0.4590349324036795,0.0778446771461399,-0.8975000000000001,-0.45687960954981943,-0.6771898047749098,False,False,False,False,False,False,0.026879609549819383,0.15306811594111736
V2E01,M0_V1,FROZEN_V1_CURVATURE_CONTINUITY,CURVATURE_CONTINUITY,0.16292256379854198,-0.5368796095498194,-0.4589181828547393,0.0779614266950801,-0.8975000000000001,-0.45687960954981943,-0.6771898047749098,False,False,False,False,False,False,0.026879609549819383,0.15306811594111736
V2E01,M0_V1,FROZEN_V1_CURVATURE_CONTINUITY,CURVATURE_CONTINUITY,0.16296948974072017,-0.5368796095498194,-0.4588055281055975,0.0780740814442219,-0.8975000000000001,-0.45687960954981943,-0.6771898047749098,False,False,False,False,False,False,0.026879609549819383,0.15306811594111736
V2E01,M0_V1,FROZEN_V1_CURVATURE_CONTINUITY,CURVATURE_CONTINUITY,0.1630164156828984,-0.5368796095498194,-0.45869692920990046,0.07818268033991893,-0.8975000000000001,-0.45687960954981943,-0.6771898047749098,False,False,False,False,False,False,0.026879609549819383,0.15306811594111736
V2E01,M0_V1,FROZEN_V1_CURVATURE_CONTINUITY,CURVATURE_CONTINUITY,0.1630633416250766,-0.5368796095498194,-0.4585923443802202,0.07828726516959922,-0.8975000000000001,-0.45687960954981943,-0.6771898047749098,False,False,False,False,False,False,0.026879609549819383,0.15306811594111736
V2E01,M0_V1,FROZEN_V1_CURVATURE_CONTINUITY,CURVATURE_CONTINUITY,0.16311026756725483,-0.5368796095498194,-0.45849172895677465,0.07838788059304475,-0.8975000000000001,-0.45687960954981943,-0.6771898047749098,False,False,False,False,False,False,0.026879609549819383,0.15306811594111736
V2E01,M0_V1,FROZEN_V1_CURVATURE_CONTINUITY,CURVATURE_CONTINUITY,0.16315719350943303,-0.5368796095498194,-0.4583950353761493,0.07848457417367011,-0.8975000000000001,-0.45687960954981943,-0.6771898047749098,False,False,False,False,False,False,0.026879609549819383,0.15306811594111736
V2E01,M0_V1,FROZEN_V1_CURVATURE_CONTINUITY,CURVATURE_CONTINUITY,0.16320411945161123,-0.5368796095498194,-0.4583022131400178,0.0785773964098016,-0.8975000000000001,-0.45687960954981943,-0.6771898047749098,False,False,False,False,False,False,0.026879609549819383,0.15306811594111736
V2E01,M0_V1,FROZEN_V1_CURVATURE_CONTINUITY,CURVATURE_CONTINUITY,0.16325104539378946,-0.5368796095498194,-0.4582132087838634,0.07866640076595599,-0.8975000000000001,-0.45687960954981943,-0.6771898047749098,False,False,False,False,False,False,0.026879609549819383,0.15306811594111736
V2E01,M0_V1,FROZEN_V1_CURVATURE_CONTINUITY,CURVATURE_CONTINUITY,0.16329797133596766,-0.5368796095498194,-0.4581279658456998,0.07875164370411958,-0.8975000000000001,-0.45687960954981943,-0.6771898047749098,False,False,False,False,False,False,0.026879609549819383,0.15306811594111736
V2E01,M0_V1,FROZEN_V1_CURVATURE_CONTINUITY,CURVATURE_CONTINUITY,0.16334489727814588,-0.5368796095498194,-0.4580464248347922,0.0788331847150272,-0.8975000000000001,-0.45687960954981943,-0.6771898047749098,False,False,False,False,False,False,0.026879609549819383,0.15306811594111736
V2E01,M0_V1,FROZEN_V1_CURVATURE_CONTINUITY,CURVATURE_CONTINUITY,0.16339182322032408,-0.5368796095498194,-0.4579685232003786,0.07891108634944077,-0.8975000000000001,-0.45687960954981943,-0.6771898047749098,False,False,False,False,False,False,0.026879609549819383,0.15306811594111736
V2E01,M0_V1,FROZEN_V1_CURVATURE_CONTINUITY,CURVATURE_CONTINUITY,0.1634387491625023,-0.5368796095498194,-0.45789419530039027,0.07898541424942912,-0.8975000000000001,-0.45687960954981943,-0.6771898047749098,False,False,False,False,False,False,0.026879609549819383,0.15306811594111736
V2E01,M0_V1,FROZEN_V1_CURVATURE_CONTINUITY,CURVATURE_CONTINUITY,0.1634856751046805,-0.5368796095498194,-0.45782337237017356,0.07905623717964583,-0.8975000000000001,-0.45687960954981943,-0.6771898047749098,False,False,False,False,False,False,0.026879609549819383,0.15306811594111736
V2E01,M0_V1,FROZEN_V1_CURVATURE_CONTINUITY,CURVATURE_CONTINUITY,0.16353260104685874,-0.5368796095498194,-0.4577559824912104,0.07912362705860898,-0.8975000000000001,-0.45687960954981943,-0.6771898047749098,False,False,False,False,False,False,0.026879609549819383,0.15306811594111736
V2E01,M0_V1,FROZEN_V1_CURVATURE_CONTINUITY,CURVATURE_CONTINUITY,0.16357952698903694,-0.5368796095498194,-0.45769195055983963,0.07918765898997976,-0.8975000000000001,-0.45687960954981943,-0.6771898047749098,False,False,False,False,False,False,0.026879609549819383,0.15306811594111736
V2E01,M0_V1,FROZEN_V1_CURVATURE_CONTINUITY,CURVATURE_CONTINUITY,0.16362645293121517,-0.5368796095498194,-0.4576311982559778,0.07924841129384158,-0.8975000000000001,-0.45687960954981943,-0.6771898047749098,False,False,False,False,False,False,0.026879609549819383,0.15306811594111736
V2E01,M0_V1,FROZEN_V1_CURVATURE_CONTINUITY,CURVATURE_CONTINUITY,0.16367337887339337,-0.5368796095498194,-0.45757364401184064,0.07930596553797875,-0.8975000000000001,-0.45687960954981943,-0.6771898047749098,False,False,False,False,False,False,0.026879609549819383,0.15306811594111736
V2E01,M0_V1,FROZEN_V1_CURVATURE_CONTINUITY,CURVATURE_CONTINUITY,0.1637203048155716,-0.5368796095498194,-0.4575192029806637,0.07936040656915572,-0.8975000000000001,-0.45687960954981943,-0.6771898047749098,False,False,False,False,False,False,0.026879609549819383,0.15306811594111736
V2E01,M0_V1,FROZEN_V1_CURVATURE_CONTINUITY,CURVATURE_CONTINUITY,0.1637672307577498,-0.5368796095498194,-0.45746778700542345,0.07941182254439594,-0.8975000000000001,-0.45687960954981943,-0.6771898047749098,False,False,False,False,False,False,0.026879609549819383,0.15306811594111736
V2E01,M0_V1,FROZEN_V1_CURVATURE_CONTINUITY,CURVATURE_CONTINUITY,0.163814156699928,-0.5368796095498194,-0.4574193045875589,0.07946030496226048,-0.8975000000000001,-0.45687960954981943,-0.6771898047749098,False,False,False,False,False,False,0.026879609549819383,0.15306811594111736
V2E01,M0_V1,FROZEN_V1_CURVATURE_CONTINUITY,CURVATURE_CONTINUITY,0.16386108264210622,-0.5368796095498194,-0.45737366085569175,0.07950594869412764,-0.8975000000000001,-0.45687960954981943,-0.6771898047749098,False,False,False,False,False,False,0.026879609549819383,0.15306811594111736
V2E01,M0_V1,FROZEN_V1_CURVATURE_CONTINUITY,CURVATURE_CONTINUITY,0.16390800858428442,-0.5368796095498194,-0.4573307575343481,0.0795488520154713,-0.8975000000000001,-0.45687960954981943,-0.6771898047749098,False,False,False,False,False,False,0.026879609549819383,0.15306811594111736
V2E01,M0_V1,FROZEN_V1_CURVATURE_CONTINUITY,CURVATURE_CONTINUITY,0.16395493452646265,-0.5368796095498194,-0.45729049291267926,0.07958911663714013,-0.8975000000000001,-0.45687960954981943,-0.6771898047749098,False,False,False,False,False,False,0.026879609549819383,0.15306811594111736
V2E01,M0_V1,FROZEN_V1_CURVATURE_CONTINUITY,CURVATURE_CONTINUITY,0.16400186046864085,-0.5368796095498194,-0.45725276181318303,0.07962684773663636,-0.8975000000000001,-0.45687960954981943,-0.6771898047749098,False,False,False,False,False,False,0.026879609549819383,0.15306811594111736
V2E01,M0_V1,FROZEN_V1_CURVATURE_CONTINUITY,CURVATURE_CONTINUITY,0.16404878641081908,-0.5368796095498194,-0.4572174555604243,0.07966215398939508,-0.8975000000000001,-0.45687960954981943,-0.6771898047749098,False,False,False,False,False,False,0.026879609549819383,0.15306811594111736
V2E01,M0_V1,FROZEN_V1_CURVATURE_CONTINUITY,CURVATURE_CONTINUITY,0.16409571235299727,-0.5368796095498194,-0.45718446194975676,0.07969514760006263,-0.8975000000000001,-0.45687960954981943,-0.6771898047749098,False,False,False,False,False,False,0.026879609549819383,0.15306811594111736
V2E01,M0_V1,FROZEN_V1_CURVATURE_CONTINUITY,CURVATURE_CONTINUITY,0.1641426382951755,-0.5368796095498194,-0.45715366521604306,0.07972594433377633,-0.8975000000000001,-0.45687960954981943,-0.6771898047749098,False,False,False,False,False,False,0.026879609549819383,0.15306811594111736
V2E01,M0_V1,FROZEN_V1_CURVATURE_CONTINUITY,CURVATURE_CONTINUITY,0.1641895642373537,-0.5368796095498194,-0.45712494600237696,0.07975466354744243,-0.8975000000000001,-0.45687960954981943,-0.6771898047749098,False,False,False,False,False,False,0.026879609549819383,0.15306811594111736
V2E01,M0_V1,FROZEN_V1_CURVATURE_CONTINUITY,CURVATURE_CONTINUITY,0.1642364901795319,-0.5368796095498194,-0.4570981813288034,0.07978142822101597,-0.8975000000000001,-0.45687960954981943,-0.6771898047749098,False,False,False,False,False,False,0.026879609549819383,0.15306811594111736
V2E01,M0_V1,FROZEN_V1_CURVATURE_CONTINUITY,CURVATURE_CONTINUITY,0.16428341612171013,-0.5368796095498194,-0.45707324456104015,0.07980636498877924,-0.8975000000000001,-0.45687960954981943,-0.6771898047749098,False,False,False,False,False,False,0.026879609549819383,0.15306811594111736
V2E01,M0_V1,FROZEN_V1_CURVATURE_CONTINUITY,CURVATURE_CONTINUITY,0.16433034206388836,-0.5368796095498194,-0.4570500053791986,0.0798296041706208,-0.8975000000000001,-0.45687960954981943,-0.6771898047749098,False,False,False,False,False,False,0.026879609549819383,0.15306811594111736
V2E01,M0_V1,FROZEN_V1_CURVATURE_CONTINUITY,CURVATURE_CONTINUITY,0.16437726800606656,-0.5368796095498194,-0.457028329746505,0.07985127980331441,-0.8975000000000001,-0.45687960954981943,-0.6771898047749098,False,False,False,False,False,False,0.026879609549819383,0.15306811594111736
V2E01,M0_V1,FROZEN_V1_CURVATURE_CONTINUITY,CURVATURE_CONTINUITY,0.16442419394824476,-0.5368796095498194,-0.45700807987802144,0.07987152967179795,-0.8975000000000001,-0.45687960954981943,-0.6771898047749098,False,False,False,False,False,False,0.026879609549819383,0.15306811594111736
V2E01,M0_V1,FROZEN_V1_CURVATURE_CONTINUITY,CURVATURE_CONTINUITY,0.16447111989042298,-0.5368796095498194,-0.4569891142093667,0.07989049534045267,-0.8975000000000001,-0.45687960954981943,-0.6771898047749098,False,False,False,False,False,False,0.026879609549819383,0.15306811594111736
V2E01,M0_V1,FROZEN_V1_CURVATURE_CONTINUITY,CURVATURE_CONTINUITY,0.16451804583260118,-0.5368796095498194,-0.4569712873654376,0.07990832218438182,-0.8975000000000001,-0.45687960954981943,-0.6771898047749098,False,False,False,False,False,False,0.026879609549819383,0.15306811594111736
V2E01,M0_V1,FROZEN_V1_CURVATURE_CONTINUITY,CURVATURE_CONTINUITY,0.1645649717747794,-0.5368796095498194,-0.45695445012912994,0.07992515942068945,-0.8975000000000001,-0.45687960954981943,-0.6771898047749098,False,False,False,False,False,False,0.026879609549819383,0.15306811594111736
V2E01,M0_V1,FROZEN_V1_CURVATURE_CONTINUITY,CURVATURE_CONTINUITY,0.1646118977169576,-0.5368796095498194,-0.4569384494100596,0.07994116013975977,-0.8975000000000001,-0.45687960954981943,-0.6771898047749098,False,False,False,False,False,False,0.026879609549819383,0.15306811594111736
V2E01,M0_V1,FROZEN_V1_CURVATURE_CONTINUITY,CURVATURE_CONTINUITY,0.16465882365913584,-0.5368796095498194,-0.4569231282132835,0.07995648133653588,-0.8975000000000001,-0.45687960954981943,-0.6771898047749098,False,False,False,False,False,False,0.026879609549819383,0.15306811594111736
V2E01,M0_V1,FROZEN_V1_CURVATURE_CONTINUITY,CURVATURE_CONTINUITY,0.16470574960131404,-0.5368796095498194,-0.45690832560802064,0.07997128394179875,-0.8975000000000001,-0.45687960954981943,-0.6771898047749098,False,False,False,False,False,False,0.026879609549819383,0.15306811594111736
V2E01,M0_V1,FROZEN_V1_CURVATURE_CONTINUITY,CURVATURE_CONTINUITY,0.16475267554349227,-0.5368796095498194,-0.45689387669637327,0.07998573285344612,-0.8975000000000001,-0.45687960954981943,-0.6771898047749098,False,False,False,False,False,False,0.026879609549819383,0.15306811594111736
V2E01,M0_V1,FROZEN_V1_CURVATURE_CONTINUITY,CURVATURE_CONTINUITY,0.16479960148567047,-0.5368796095498194,-0.45687961258204807,0.07999999696777133,-0.8975000000000001,-0.45687960954981943,-0.6771898047749098,False,False,False,False,False,False,0.026879609549819383,0.15306811594111736
V2E02,M1,NEAR_LONG,BOTTLENECK_CENTER,0.1831924938582548,0.414193609605218,0.15000000316272843,-0.26419360644248957,0.018387219210436012,0.8099999999999999,0.414193609605218,False,False,False,False,False,False,0.24419360960521796,0.2915671120343557
V2E02,M1,NEAR_LONG,BOTTLENECK_CENTER,0.18362599233095922,0.414193609605218,0.15013687421341593,-0.2640567353918021,0.018387219210436012,0.8099999999999999,0.414193609605218,False,False,False,False,False,False,0.24419360960521796,0.2915671120343557
V2E02,M1,NEAR_LONG,BOTTLENECK_CENTER,0.18405949080366363,0.414193609605218,0.15027328435421716,-0.26392032525100084,0.018387219210436012,0.8099999999999999,0.414193609605218,False,False,False,False,False,False,0.24419360960521796,0.2915671120343557
V2E02,M1,NEAR_LONG,BOTTLENECK_CENTER,0.18449298927636804,0.414193609605218,0.15040924030245245,-0.26378436930276555,0.018387219210436012,0.8099999999999999,0.414193609605218,False,False,False,False,False,False,0.24419360960521796,0.2915671120343557
V2E02,M1,NEAR_LONG,BOTTLENECK_CENTER,0.18492648774907242,0.414193609605218,0.1505447485961828,-0.2636488610090352,0.018387219210436012,0.8099999999999999,0.414193609605218,False,False,False,False,False,False,0.24419360960521796,0.2915671120343557
V2E02,M1,NEAR_LONG,BOTTLENECK_CENTER,0.18535998622177682,0.414193609605218,0.15067981559565877,-0.2635137940095592,0.018387219210436012,0.8099999999999999,0.414193609605218,False,False,False,False,False,False,0.24419360960521796,0.2915671120343557
V2E02,M1,NEAR_LONG,BOTTLENECK_CENTER,0.18579348469448123,0.414193609605218,0.15081444748476916,-0.2633791621204489,0.018387219210436012,0.8099999999999999,0.414193609605218,False,False,False,False,False,False,0.24419360960521796,0.2915671120343557
V2E02,M1,NEAR_LONG,BOTTLENECK_CENTER,0.18622698316718564,0.414193609605218,0.15094865027249005,-0.26324495933272796,0.018387219210436012,0.8099999999999999,0.414193609605218,False,False,False,False,False,False,0.24419360960521796,0.2915671120343557
V2E02,M1,NEAR_LONG,BOTTLENECK_CENTER,0.18666048163989005,0.414193609605218,0.1510824297943335,-0.2631111798108845,0.018387219210436012,0.8099999999999999,0.414193609605218,False,False,False,False,False,False,0.24419360960521796,0.2915671120343557
V2E02,M1,NEAR_LONG,BOTTLENECK_CENTER,0.18709398011259445,0.414193609605218,0.15121579171379648,-0.2629778178914215,0.018387219210436012,0.8099999999999999,0.414193609605218,False,False,False,False,False,False,0.24419360960521796,0.2915671120343557
V2E02,M1,NEAR_LONG,BOTTLENECK_CENTER,0.18752747858529883,0.414193609605218,0.15134874152380956,-0.26284486808140844,0.018387219210436012,0.8099999999999999,0.414193609605218,False,False,False,False,False,False,0.24419360960521796,0.2915671120343557
V2E02,M1,NEAR_LONG,BOTTLENECK_CENTER,0.18796097705800324,0.414193609605218,0.15148128454818593,-0.26271232505703207,0.018387219210436012,0.8099999999999999,0.414193609605218,False,False,False,False,False,False,0.24419360960521796,0.2915671120343557
V2E02,M1,NEAR_LONG,BOTTLENECK_CENTER,0.18839447553070765,0.414193609605218,0.15161342594307012,-0.26258018366214786,0.018387219210436012,0.8099999999999999,0.414193609605218,False,False,False,False,False,False,0.24419360960521796,0.2915671120343557
V2E02,M1,NEAR_LONG,BOTTLENECK_CENTER,0.18882797400341206,0.414193609605218,0.15174517069838686,-0.2624484389068311,0.018387219210436012,0.8099999999999999,0.414193609605218,False,False,False,False,False,False,0.24419360960521796,0.2915671120343557
V2E02,M1,NEAR_LONG,BOTTLENECK_CENTER,0.18926147247611647,0.414193609605218,0.1518765236392899,-0.26231708596592807,0.018387219210436012,0.8099999999999999,0.414193609605218,False,False,False,False,False,False,0.24419360960521796,0.2915671120343557
V2E02,M1,NEAR_LONG,BOTTLENECK_CENTER,0.18969497094882087,0.414193609605218,0.15200748942761097,-0.262186120177607,0.018387219210436012,0.8099999999999999,0.414193609605218,False,False,False,False,False,False,0.24419360960521796,0.2915671120343557
V2E02,M1,NEAR_LONG,BOTTLENECK_CENTER,0.19012846942152528,0.414193609605218,0.15213807256330839,-0.26205553704190965,0.018387219210436012,0.8099999999999999,0.414193609605218,False,False,False,False,False,False,0.24419360960521796,0.2915671120343557
V2E02,M1,NEAR_LONG,BOTTLENECK_CENTER,0.19056196789422966,0.414193609605218,0.1522682773859161,-0.2619253322193019,0.018387219210436012,0.8099999999999999,0.414193609605218,False,False,False,False,False,False,0.24419360960521796,0.2915671120343557
V2E02,M1,NEAR_LONG,BOTTLENECK_CENTER,0.19099546636693407,0.414193609605218,0.15239810807599244,-0.2617955015292256,0.018387219210436012,0.8099999999999999,0.414193609605218,False,False,False,False,False,False,0.24419360960521796,0.2915671120343557
V2E02,M1,NEAR_LONG,BOTTLENECK_CENTER,0.19142896483963848,0.414193609605218,0.15252756865656897,-0.26166604094864904,0.018387219210436012,0.8099999999999999,0.414193609605218,False,False,False,False,False,False,0.24419360960521796,0.2915671120343557
V2E02,M1,NEAR_LONG,BOTTLENECK_CENTER,0.19186246331234288,0.414193609605218,0.1526566629945993,-0.2615369466106187,0.018387219210436012,0.8099999999999999,0.414193609605218,False,False,False,False,False,False,0.24419360960521796,0.2915671120343557
V2E02,M1,NEAR_LONG,BOTTLENECK_CENTER,0.1922959617850473,0.414193609605218,0.1527853948024079,-0.26140821480281007,0.018387219210436012,0.8099999999999999,0.414193609605218,False,False,False,False,False,False,0.24419360960521796,0.2915671120343557
V2E02,M1,NEAR_LONG,BOTTLENECK_CENTER,0.1927294602577517,0.414193609605218,0.1529137676391391,-0.2612798419660789,0.018387219210436012,0.8099999999999999,0.414193609605218,False,False,False,False,False,False,0.24419360960521796,0.2915671120343557
V2E02,M1,NEAR_LONG,BOTTLENECK_CENTER,0.19316295873045608,0.414193609605218,0.15304178491220571,-0.2611518246930123,0.018387219210436012,0.8099999999999999,0.414193609605218,False,False,False,False,False,False,0.24419360960521796,0.2915671120343557
V2E02,M1,NEAR_LONG,BOTTLENECK_CENTER,0.1935964572031605,0.414193609605218,0.153169449878738,-0.26102415972647997,0.018387219210436012,0.8099999999999999,0.414193609605218,False,False,False,False,False,False,0.24419360960521796,0.2915671120343557
V2E02,M1,NEAR_LONG,BOTTLENECK_CENTER,0.1940299556758649,0.414193609605218,0.15329676564703243,-0.2608968439581856,0.018387219210436012,0.8099999999999999,0.414193609605218,False,False,False,False,False,False,0.24419360960521796,0.2915671120343557
V2E02,M1,NEAR_LONG,BOTTLENECK_CENTER,0.1944634541485693,0.414193609605218,0.15342373517800062,-0.2607698744272174,0.018387219210436012,0.8099999999999999,0.414193609605218,False,False,False,False,False,False,0.24419360960521796,0.2915671120343557
V2E02,M1,NEAR_LONG,BOTTLENECK_CENTER,0.1948969526212737,0.414193609605218,0.15355036128661806,-0.2606432483186,0.018387219210436012,0.8099999999999999,0.414193609605218,False,False,False,False,False,False,0.24419360960521796,0.2915671120343557
V2E02,M1,NEAR_LONG,BOTTLENECK_CENTER,0.19533045109397812,0.414193609605218,0.15367664664337302,-0.260516962961845,0.018387219210436012,0.8099999999999999,0.414193609605218,False,False,False,False,False,False,0.24419360960521796,0.2915671120343557
V2E02,M1,NEAR_LONG,BOTTLENECK_CENTER,0.19576394956668253,0.414193609605218,0.1538025937757154,-0.26039101582950264,0.018387219210436012,0.8099999999999999,0.414193609605218,False,False,False,False,False,False,0.24419360960521796,0.2915671120343557
V2E02,M1,NEAR_LONG,BOTTLENECK_CENTER,0.1961974480393869,0.414193609605218,0.15392820506950547,-0.26026540453571256,0.018387219210436012,0.8099999999999999,0.414193609605218,False,False,False,False,False,False,0.24419360960521796,0.2915671120343557
V2E02,M1,NEAR_LONG,BOTTLENECK_CENTER,0.19663094651209131,0.414193609605218,0.15405348277046282,-0.2601401268347552,0.018387219210436012,0.8099999999999999,0.414193609605218,False,False,False,False,False,False,0.24419360960521796,0.2915671120343557
V2E02,M1,NEAR_LONG,BOTTLENECK_CENTER,0.19706444498479572,0.414193609605218,0.15417842898561518,-0.2600151806196028,0.018387219210436012,0.8099999999999999,0.414193609605218,False,False,False,False,False,False,0.24419360960521796,0.2915671120343557
V2E02,M1,NEAR_LONG,BOTTLENECK_CENTER,0.19749794345750013,0.414193609605218,0.1543030456847471,-0.25989056392047094,0.018387219210436012,0.8099999999999999,0.414193609605218,False,False,False,False,False,False,0.24419360960521796,0.2915671120343557
V2E02,M1,NEAR_LONG,BOTTLENECK_CENTER,0.19793144193020454,0.414193609605218,0.15442733470184905,-0.25976627490336895,0.018387219210436012,0.8099999999999999,0.414193609605218,False,False,False,False,False,False,0.24419360960521796,0.2915671120343557
V2E02,M1,NEAR_LONG,BOTTLENECK_CENTER,0.19836494040290895,0.414193609605218,0.15455129773656603,-0.25964231186865194,0.018387219210436012,0.8099999999999999,0.414193609605218,False,False,False,False,False,False,0.24419360960521796,0.2915671120343557
V2E02,M1,NEAR_LONG,BOTTLENECK_CENTER,0.19879843887561333,0.414193609605218,0.15467493635564658,-0.25951867324957145,0.018387219210436012,0.8099999999999999,0.414193609605218,False,False,False,False,False,False,0.24419360960521796,0.2915671120343557
V2E02,M1,NEAR_LONG,BOTTLENECK_CENTER,0.19923193734831773,0.414193609605218,0.15479825199439143,-0.25939535761082655,0.018387219210436012,0.8099999999999999,0.414193609605218,False,False,False,False,False,False,0.24419360960521796,0.2915671120343557
V2E02,M1,NEAR_LONG,BOTTLENECK_CENTER,0.19966543582102214,0.414193609605218,0.15492124595810255,-0.2592723636471155,0.018387219210436012,0.8099999999999999,0.414193609605218,False,False,False,False,False,False,0.24419360960521796,0.2915671120343557
V2E02,M1,NEAR_LONG,BOTTLENECK_CENTER,0.20009893429372655,0.414193609605218,0.15504391942353177,-0.2591496901816862,0.018387219210436012,0.8099999999999999,0.414193609605218,False,False,False,False,False,False,0.24419360960521796,0.2915671120343557
V2E02,M1,NEAR_LONG,BOTTLENECK_CENTER,0.20053243276643096,0.414193609605218,0.15516627344032982,-0.25902733616488816,0.018387219210436012,0.8099999999999999,0.414193609605218,False,False,False,False,False,False,0.24419360960521796,0.2915671120343557
V2E02,M1,NEAR_LONG,BOTTLENECK_CENTER,0.20096593123913536,0.414193609605218,0.155288308932495,-0.258905300672723,0.018387219210436012,0.8099999999999999,0.414193609605218,False,False,False,False,False,False,0.24419360960521796,0.2915671120343557
V2E02,M1,NEAR_LONG,BOTTLENECK_CENTER,0.20139942971183977,0.414193609605218,0.15541002669982215,-0.2587835829053958,0.018387219210436012,0.8099999999999999,0.414193609605218,False,False,False,False,False,False,0.24419360960521796,0.2915671120343557
V2E02,M1,NEAR_LONG,BOTTLENECK_CENTER,0.20183292818454418,0.414193609605218,0.15553142741935136,-0.2586621821858667,0.018387219210436012,0.8099999999999999,0.414193609605218,False,False,False,False,False,False,0.24419360960521796,0.2915671120343557
V2E02,M1,NEAR_LONG,BOTTLENECK_CENTER,0.20226642665724856,0.414193609605218,0.1556525116468169,-0.2585410979584011,0.018387219210436012,0.8099999999999999,0.414193609605218,False,False,False,False,False,False,0.24419360960521796,0.2915671120343557
V2E02,M1,NEAR_LONG,BOTTLENECK_CENTER,0.20269992512995297,0.414193609605218,0.15577327981809608,-0.2584203297871219,0.018387219210436012,0.8099999999999999,0.414193609605218,False,False,False,False,False,False,0.24419360960521796,0.2915671120343557
V2E02,M1,NEAR_LONG,BOTTLENECK_CENTER,0.20313342360265738,0.414193609605218,0.15589373225065795,-0.25829987735456006,0.018387219210436012,0.8099999999999999,0.414193609605218,False,False,False,False,False,False,0.24419360960521796,0.2915671120343557
V2E02,M1,NEAR_LONG,BOTTLENECK_CENTER,0.20356692207536178,0.414193609605218,0.15601386914501228,-0.25817974046020575,0.018387219210436012,0.8099999999999999,0.414193609605218,False,False,False,False,False,False,0.24419360960521796,0.2915671120343557
V2E02,M1,NEAR_LONG,BOTTLENECK_CENTER,0.2040004205480662,0.414193609605218,0.1561336905861583,-0.25805991901905967,0.018387219210436012,0.8099999999999999,0.414193609605218,False,False,False,False,False,False,0.24419360960521796,0.2915671120343557
V2E02,M1,NEAR_LONG,BOTTLENECK_CENTER,0.20443391902077057,0.414193609605218,0.15625319654503367,-0.25794041306018434,0.018387219210436012,0.8099999999999999,0.414193609605218,False,False,False,False,False,False,0.24419360960521796,0.2915671120343557
V2E02,M1,NEAR_LONG,BOTTLENECK_CENTER,0.20486741749347498,0.414193609605218,0.15637238687996308,-0.25782122272525493,0.018387219210436012,0.8099999999999999,0.414193609605218,False,False,False,False,False,False,0.24419360960521796,0.2915671120343557
V2E02,M1,NEAR_LONG,BOTTLENECK_CENTER,0.2053009159661794,0.414193609605218,0.1564912613381073,-0.2577023482671107,0.018387219210436012,0.8099999999999999,0.414193609605218,False,False,False,False,False,False,0.24419360960521796,0.2915671120343557
V2E02,M1,NEAR_LONG,BOTTLENECK_CENTER,0.2057344144388838,0.414193609605218,0.15660981955691206,-0.25758379004830595,0.018387219210436012,0.8099999999999999,0.414193609605218,False,False,False,False,False,False,0.24419360960521796,0.2915671120343557
V2E02,M1,NEAR_LONG,BOTTLENECK_CENTER,0.2061679129115882,0.414193609605218,0.15672806106555653,-0.25746554853966147,0.018387219210436012,0.8099999999999999,0.414193609605218,False,False,False,False,False,False,0.24419360960521796,0.2915671120343557
V2E02,M1,NEAR_LONG,BOTTLENECK_CENTER,0.2066014113842926,0.414193609605218,0.15684598528640264,-0.25734762431881536,0.018387219210436012,0.8099999999999999,0.414193609605218,False,False,False,False,False,False,0.24419360960521796,0.2915671120343557
V2E02,M1,NEAR_LONG,BOTTLENECK_CENTER,0.20703490985699702,0.414193609605218,0.15696359153644354,-0.25723001806877444,0.018387219210436012,0.8099999999999999,0.414193609605218,False,False,False,False,False,False,0.24419360960521796,0.2915671120343557
V2E02,M1,NEAR_LONG,BOTTLENECK_CENTER,0.20746840832970143,0.414193609605218,0.15708087902875265,-0.25711273057646533,0.018387219210436012,0.8099999999999999,0.414193609605218,False,False,False,False,False,False,0.24419360960521796,0.2915671120343557
V2E02,M1,NEAR_LONG,BOTTLENECK_CENTER,0.2079019068024058,0.414193609605218,0.15719784687393232,-0.25699576273128566,0.018387219210436012,0.8099999999999999,0.414193609605218,False,False,False,False,False,False,0.24419360960521796,0.2915671120343557
V2E02,M1,NEAR_LONG,BOTTLENECK_CENTER,0.2083354052751102,0.414193609605218,0.1573144940815629,-0.2568791155236551,0.018387219210436012,0.8099999999999999,0.414193609605218,False,False,False,False,False,False,0.24419360960521796,0.2915671120343557
V2E02,M1,NEAR_LONG,BOTTLENECK_CENTER,0.20876890374781462,0.414193609605218,0.15743081956165136,-0.2567627900435666,0.018387219210436012,0.8099999999999999,0.414193609605218,False,False,False,False,False,False,0.24419360960521796,0.2915671120343557
V2E02,M1,NEAR_LONG,BOTTLENECK_CENTER,0.20920240222051903,0.414193609605218,0.15754682212608023,-0.2566467874791378,0.018387219210436012,0.8099999999999999,0.414193609605218,False,False,False,False,False,False,0.24419360960521796,0.2915671120343557
V2E02,M1,NEAR_LONG,BOTTLENECK_CENTER,0.20963590069322344,0.414193609605218,0.15766250049005648,-0.2565311091151615,0.018387219210436012,0.8099999999999999,0.414193609605218,False,False,False,False,False,False,0.24419360960521796,0.2915671120343557
V2E02,M1,NEAR_LONG,BOTTLENECK_CENTER,0.21006939916592782,0.414193609605218,0.15777785327356017,-0.2564157563316578,0.018387219210436012,0.8099999999999999,0.414193609605218,False,False,False,False,False,False,0.24419360960521796,0.2915671120343557
V2E02,M1,NEAR_LONG,BOTTLENECK_CENTER,0.21050289763863222,0.414193609605218,0.15789287900279353,-0.2563007306024245,0.018387219210436012,0.8099999999999999,0.414193609605218,False,False,False,False,False,False,0.24419360960521796,0.2915671120343557
V2E02,M1,NEAR_LONG,BOTTLENECK_CENTER,0.21093639611133663,0.414193609605218,0.15800757611162966,-0.25618603349358837,0.018387219210436012,0.8099999999999999,0.414193609605218,False,False,False,False,False,False,0.24419360960521796,0.2915671120343557
V2E02,M1,NEAR_LONG,BOTTLENECK_CENTER,0.21136989458404104,0.414193609605218,0.15812194294306134,-0.25607166666215664,0.018387219210436012,0.8099999999999999,0.414193609605218,False,False,False,False,False,False,0.24419360960521796,0.2915671120343557
V2E02,M1,NEAR_LONG,BOTTLENECK_CENTER,0.21180339305674545,0.414193609605218,0.15823597775064996,-0.25595763185456805,0.018387219210436012,0.8099999999999999,0.414193609605218,False,False,False,False,False,False,0.24419360960521796,0.2915671120343557
V2E02,M1,NEAR_LONG,BOTTLENECK_CENTER,0.21223689152944986,0.414193609605218,0.15834967869997427,-0.2558439309052437,0.018387219210436012,0.8099999999999999,0.414193609605218,False,False,False,False,False,False,0.24419360960521796,0.2915671120343557
V2E02,M1,NEAR_LONG,BOTTLENECK_CENTER,0.21267039000215426,0.414193609605218,0.15846304387007934,-0.25573056573513864,0.018387219210436012,0.8099999999999999,0.414193609605218,False,False,False,False,False,False,0.24419360960521796,0.2915671120343557
V2E02,M1,NEAR_LONG,BOTTLENECK_CENTER,0.21310388847485867,0.414193609605218,0.1585760712549252,-0.2556175383502928,0.018387219210436012,0.8099999999999999,0.414193609605218,False,False,False,False,False,False,0.24419360960521796,0.2915671120343557
V2E02,M1,NEAR_LONG,BOTTLENECK_CENTER,0.21353738694756305,0.414193609605218,0.1586887587648359,-0.2555048508403821,0.018387219210436012,0.8099999999999999,0.414193609605218,False,False,False,False,False,False,0.24419360960521796,0.2915671120343557
V2E02,M1,NEAR_LONG,BOTTLENECK_CENTER,0.21397088542026746,0.414193609605218,0.15880110422794821,-0.25539250537726976,0.018387219210436012,0.8099999999999999,0.414193609605218,False,False,False,False,False,False,0.24419360960521796,0.2915671120343557
V2E02,M1,NEAR_LONG,BOTTLENECK_CENTER,0.21440438389297187,0.414193609605218,0.15891310539166043,-0.2552805042135576,0.018387219210436012,0.8099999999999999,0.414193609605218,False,False,False,False,False,False,0.24419360960521796,0.2915671120343557
V2E02,M1,NEAR_LONG,BOTTLENECK_CENTER,0.21483788236567627,0.414193609605218,0.15902475992408135,-0.2551688496811366,0.018387219210436012,0.8099999999999999,0.414193609605218,False,False,False,False,False,False,0.24419360960521796,0.2915671120343557
V2E02,M1,NEAR_LONG,BOTTLENECK_CENTER,0.21527138083838068,0.414193609605218,0.15913606541547898,-0.255057544189739,0.018387219210436012,0.8099999999999999,0.414193609605218,False,False,False,False,False,False,0.24419360960521796,0.2915671120343557
V2E02,M1,NEAR_LONG,BOTTLENECK_CENTER,0.21570487931108506,0.414193609605218,0.15924701937972946,-0.25494659022548855,0.018387219210436012,0.8099999999999999,0.414193609605218,False,False,False,False,False,False,0.24419360960521796,0.2915671120343557
V2E02,M1,NEAR_LONG,BOTTLENECK_CENTER,0.21613837778378947,0.414193609605218,0.15935761925576586,-0.25483599034945215,0.018387219210436012,0.8099999999999999,0.414193609605218,False,False,False,False,False,False,0.24419360960521796,0.2915671120343557
V2E02,M1,NEAR_LONG,BOTTLENECK_CENTER,0.21657187625649388,0.414193609605218,0.15946786240902702,-0.254725747196191,0.018387219210436012,0.8099999999999999,0.414193609605218,False,False,False,False,False,False,0.24419360960521796,0.2915671120343557
V2E02,M1,NEAR_LONG,BOTTLENECK_CENTER,0.21700537472919829,0.414193609605218,0.15957774613290635,-0.2546158634723117,0.018387219210436012,0.8099999999999999,0.414193609605218,False,False,False,False,False,False,0.24419360960521796,0.2915671120343557
V2E02,M1,NEAR_LONG,BOTTLENECK_CENTER,0.2174388732019027,0.414193609605218,0.15968726765020075,-0.25450634195501726,0.018387219210436012,0.8099999999999999,0.414193609605218,False,False,False,False,False,False,0.24419360960521796,0.2915671120343557
V2E02,M1,NEAR_LONG,BOTTLENECK_CENTER,0.2178723716746071,0.414193609605218,0.15979642411455938,-0.2543971854906586,0.018387219210436012,0.8099999999999999,0.414193609605218,False,False,False,False,False,False,0.24419360960521796,0.2915671120343557
V2E02,M1,NEAR_LONG,BOTTLENECK_CENTER,0.2183058701473115,0.414193609605218,0.15990521261193255,-0.2542883969932854,0.018387219210436012,0.8099999999999999,0.414193609605218,False,False,False,False,False,False,0.24419360960521796,0.2915671120343557
V2E02,M1,NEAR_LONG,BOTTLENECK_CENTER,0.21873936862001592,0.414193609605218,0.1600136301620205,-0.2541799794431975,0.018387219210436012,0.8099999999999999,0.414193609605218,False,False,False,False,False,False,0.24419360960521796,0.2915671120343557
V2E02,M1,NEAR_LONG,BOTTLENECK_CENTER,0.2191728670927203,0.414193609605218,0.16012167371972225,-0.25407193588549576,0.018387219210436012,0.8099999999999999,0.414193609605218,False,False,False,False,False,False,0.24419360960521796,0.2915671120343557
V2E02,M1,NEAR_LONG,BOTTLENECK_CENTER,0.2196063655654247,0.414193609605218,0.1602293401765845,-0.2539642694286335,0.018387219210436012,0.8099999999999999,0.414193609605218,False,False,False,False,False,False,0.24419360960521796,0.2915671120343557
V2E02,M1,NEAR_LONG,BOTTLENECK_CENTER,0.2200398640381291,0.414193609605218,0.16033662636225038,-0.2538569832429676,0.018387219210436012,0.8099999999999999,0.414193609605218,False,False,False,False,False,False,0.24419360960521796,0.2915671120343557
V2E02,M1,NEAR_LONG,BOTTLENECK_CENTER,0.22047336251083352,0.414193609605218,0.1604435290459083,-0.2537500805593097,0.018387219210436012,0.8099999999999999,0.414193609605218,False,False,False,False,False,False,0.24419360960521796,0.2915671120343557
V2E02,M1,NEAR_LONG,BOTTLENECK_CENTER,0.22090686098353793,0.414193609605218,0.16055004493774086,-0.2536435646674772,0.018387219210436012,0.8099999999999999,0.414193609605218,False,False,False,False,False,False,0.24419360960521796,0.2915671120343557
V2E02,M1,NEAR_LONG,BOTTLENECK_CENTER,0.2213403594562423,0.414193609605218,0.16065617069037363,-0.25353743891484437,0.018387219210436012,0.8099999999999999,0.414193609605218,False,False,False,False,False,False,0.24419360960521796,0.2915671120343557
V2E02,M1,NEAR_LONG,BOTTLENECK_CENTER,0.22177385792894672,0.414193609605218,0.160761902900324,-0.253431706704894,0.018387219210436012,0.8099999999999999,0.414193609605218,False,False,False,False,False,False,0.24419360960521796,0.2915671120343557
V2E02,M1,NEAR_LONG,BOTTLENECK_CENTER,0.22220735640165112,0.414193609605218,0.16086723810944997,-0.25332637149576803,0.018387219210436012,0.8099999999999999,0.414193609605218,False,False,False,False,False,False,0.24419360960521796,0.2915671120343557
V2E02,M1,NEAR_LONG,BOTTLENECK_CENTER,0.22264085487435553,0.414193609605218,0.16097217280639906,-0.2532214367988189,0.018387219210436012,0.8099999999999999,0.414193609605218,False,False,False,False,False,False,0.24419360960521796,0.2915671120343557
V2E02,M1,NEAR_LONG,BOTTLENECK_CENTER,0.22307435334705994,0.414193609605218,0.16107670342805713,-0.25311690617716087,0.018387219210436012,0.8099999999999999,0.414193609605218,False,False,False,False,False,False,0.24419360960521796,0.2915671120343557
V2E02,M1,NEAR_LONG,BOTTLENECK_CENTER,0.22350785181976435,0.414193609605218,0.16118082636099718,-0.25301278324422083,0.018387219210436012,0.8099999999999999,0.414193609605218,False,False,False,False,False,False,0.24419360960521796,0.2915671120343557
V2E02,M1,NEAR_LONG,BOTTLENECK_CENTER,0.22394135029246875,0.414193609605218,0.16128453794292819,-0.2529090716622898,0.018387219210436012,0.8099999999999999,0.414193609605218,False,False,False,False,False,False,0.24419360960521796,0.2915671120343557
V2E02,M1,NEAR_LONG,BOTTLENECK_CENTER,0.22437484876517316,0.414193609605218,0.16138783446414404,-0.25280577514107394,0.018387219210436012,0.8099999999999999,0.414193609605218,False,False,False,False,False,False,0.24419360960521796,0.2915671120343557
V2E02,M1,NEAR_LONG,BOTTLENECK_CENTER,0.22480834723787757,0.414193609605218,0.1614907121689722,-0.2527028974362458,0.018387219210436012,0.8099999999999999,0.414193609605218,False,False,False,False,False,False,0.24419360960521796,0.2915671120343557
V2E02,M1,NEAR_LONG,BOTTLENECK_CENTER,0.22524184571058195,0.414193609605218,0.16159316725722278,-0.2526004423479952,0.018387219210436012,0.8099999999999999,0.414193609605218,False,False,False,False,False,False,0.24419360960521796,0.2915671120343557
V2E02,M1,NEAR_LONG,BOTTLENECK_CENTER,0.22567534418328636,0.414193609605218,0.16169519588563708,-0.2524984137195809,0.018387219210436012,0.8099999999999999,0.414193609605218,False,False,False,False,False,False,0.24419360960521796,0.2915671120343557
V2E02,M1,NEAR_LONG,BOTTLENECK_CENTER,0.22610884265599077,0.414193609605218,0.16179679416933668,-0.2523968154358813,0.018387219210436012,0.8099999999999999,0.414193609605218,False,False,False,False,False,False,0.24419360960521796,0.2915671120343557
V2E02,M1,NEAR_LONG,BOTTLENECK_CENTER,0.22654234112869517,0.414193609605218,0.16189795818327218,-0.2522956514219458,0.018387219210436012,0.8099999999999999,0.414193609605218,False,False,False,False,False,False,0.24419360960521796,0.2915671120343557
V2E02,M1,NEAR_LONG,BOTTLENECK_CENTER,0.22697583960139955,0.414193609605218,0.161998683963672,-0.252194925641546,0.018387219210436012,0.8099999999999999,0.414193609605218,False,False,False,False,False,False,0.24419360960521796,0.2915671120343557
V2E02,M1,NEAR_LONG,BOTTLENECK_CENTER,0.22740933807410396,0.414193609605218,0.1620989675094913,-0.25209464209572674,0.018387219210436012,0.8099999999999999,0.414193609605218,False,False,False,False,False,False,0.24419360960521796,0.2915671120343557
V2E02,M1,NEAR_LONG,BOTTLENECK_CENTER,0.22784283654680837,0.414193609605218,0.1621988047838607,-0.2519948048213573,0.018387219210436012,0.8099999999999999,0.414193609605218,False,False,False,False,False,False,0.24419360960521796,0.2915671120343557
V2E02,M1,NEAR_LONG,BOTTLENECK_CENTER,0.22827633501951278,0.414193609605218,0.16229819171553528,-0.2518954178896827,0.018387219210436012,0.8099999999999999,0.414193609605218,False,False,False,False,False,False,0.24419360960521796,0.2915671120343557
V2E02,M1,NEAR_LONG,BOTTLENECK_CENTER,0.22870983349221718,0.414193609605218,0.1623971242003433,-0.2517964854048747,0.018387219210436012,0.8099999999999999,0.414193609605218,False,False,False,False,False,False,0.24419360960521796,0.2915671120343557
V2E02,M1,NEAR_LONG,BOTTLENECK_CENTER,0.2291433319649216,0.414193609605218,0.162495598102635,-0.251698011502583,0.018387219210436012,0.8099999999999999,0.414193609605218,False,False,False,False,False,False,0.24419360960521796,0.2915671120343557
V2E02,M1,NEAR_LONG,BOTTLENECK_CENTER,0.229576830437626,0.414193609605218,0.16259360925673158,-0.2516000003484864,0.018387219210436012,0.8099999999999999,0.414193609605218,False,False,False,False,False,False,0.24419360960521796,0.2915671120343557
V2E02,M1,NEAR_LONG,BOTTLENECK_CENTER,0.2300103289103304,0.414193609605218,0.1626911534683739,-0.2515024561368441,0.018387219210436012,0.8099999999999999,0.414193609605218,False,False,False,False,False,False,0.24419360960521796,0.2915671120343557
V2E02,M1,NEAR_LONG,BOTTLENECK_CENTER,0.23044382738303482,0.414193609605218,0.16278822651617142,-0.2514053830890466,0.018387219210436012,0.8099999999999999,0.414193609605218,False,False,False,False,False,False,0.24419360960521796,0.2915671120343557
V2E02,M1,NEAR_LONG,BOTTLENECK_CENTER,0.2308773258557392,0.414193609605218,0.16288482415305097,-0.25130878545216706,0.018387219210436012,0.8099999999999999,0.414193609605218,False,False,False,False,False,False,0.24419360960521796,0.2915671120343557
V2E02,M1,NEAR_LONG,BOTTLENECK_CENTER,0.2313108243284436,0.414193609605218,0.1629809421077056,-0.25121266749751237,0.018387219210436012,0.8099999999999999,0.414193609605218,False,False,False,False,False,False,0.24419360960521796,0.2915671120343557
V2E02,M1,NEAR_LONG,BOTTLENECK_CENTER,0.231744322801148,0.414193609605218,0.16307657608604348,-0.2511170335191745,0.018387219210436012,0.8099999999999999,0.414193609605218,False,False,False,False,False,False,0.24419360960521796,0.2915671120343557
V2E02,M1,NEAR_LONG,BOTTLENECK_CENTER,0.23217782127385242,0.414193609605218,0.16317172177263656,-0.25102188783258145,0.018387219210436012,0.8099999999999999,0.414193609605218,False,False,False,False,False,False,0.24419360960521796,0.2915671120343557
V2E02,M1,NEAR_LONG,BOTTLENECK_CENTER,0.23261131974655683,0.414193609605218,0.16326637483216963,-0.25092723477304835,0.018387219210436012,0.8099999999999999,0.414193609605218,False,False,False,False,False,False,0.24419360960521796,0.2915671120343557
V2E02,M1,NEAR_LONG,BOTTLENECK_CENTER,0.2330448182192612,0.414193609605218,0.16336053091088906,-0.2508330786943289,0.018387219210436012,0.8099999999999999,0.414193609605218,False,False,False,False,False,False,0.24419360960521796,0.2915671120343557
V2E02,M1,NEAR_LONG,BOTTLENECK_CENTER,0.23347831669196561,0.414193609605218,0.16345418563805159,-0.2507394239671664,0.018387219210436012,0.8099999999999999,0.414193609605218,False,False,False,False,False,False,0.24419360960521796,0.2915671120343557
V2E02,M1,NEAR_LONG,BOTTLENECK_CENTER,0.23391181516467002,0.414193609605218,0.16354733462737323,-0.25064627497784475,0.018387219210436012,0.8099999999999999,0.414193609605218,False,False,False,False,False,False,0.24419360960521796,0.2915671120343557
V2E02,M1,NEAR_LONG,BOTTLENECK_CENTER,0.23434531363737443,0.414193609605218,0.16363997347847803,-0.25055363612674,0.018387219210436012,0.8099999999999999,0.414193609605218,False,False,False,False,False,False,0.24419360960521796,0.2915671120343557
V2E02,M1,NEAR_LONG,BOTTLENECK_CENTER,0.23477881211007884,0.414193609605218,0.16373209777834705,-0.25046151182687093,0.018387219210436012,0.8099999999999999,0.414193609605218,False,False,False,False,False,False,0.24419360960521796,0.2915671120343557
V2E02,M1,NEAR_LONG,BOTTLENECK_CENTER,0.23521231058278325,0.414193609605218,0.16382370310276703,-0.25036990650245095,0.018387219210436012,0.8099999999999999,0.414193609605218,False,False,False,False,False,False,0.24419360960521796,0.2915671120343557
V2E02,M1,NEAR_LONG,BOTTLENECK_CENTER,0.23564580905548765,0.414193609605218,0.1639147850177794,-0.2502788245874386,0.018387219210436012,0.8099999999999999,0.414193609605218,False,False,False,False,False,False,0.24419360960521796,0.2915671120343557
V2E02,M1,NEAR_LONG,BOTTLENECK_CENTER,0.23607930752819206,0.414193609605218,0.1640053390811289,-0.2501882705240891,0.018387219210436012,0.8099999999999999,0.414193609605218,False,False,False,False,False,False,0.24419360960521796,0.2915671120343557
V2E02,M1,NEAR_LONG,BOTTLENECK_CENTER,0.23651280600089644,0.414193609605218,0.16409536084371265,-0.2500982487615053,0.018387219210436012,0.8099999999999999,0.414193609605218,False,False,False,False,False,False,0.24419360960521796,0.2915671120343557
V2E02,M1,NEAR_LONG,BOTTLENECK_CENTER,0.23694630447360085,0.414193609605218,0.16418484585102883,-0.2500087637541892,0.018387219210436012,0.8099999999999999,0.414193609605218,False,False,False,False,False,False,0.24419360960521796,0.2915671120343557
V2E02,M1,NEAR_LONG,BOTTLENECK_CENTER,0.23737980294630526,0.414193609605218,0.16427378964462558,-0.24991981996059243,0.018387219210436012,0.8099999999999999,0.414193609605218,False,False,False,False,False,False,0.24419360960521796,0.2915671120343557
V2E02,M1,NEAR_LONG,BOTTLENECK_CENTER,0.23781330141900967,0.414193609605218,0.16436218776354977,-0.24983142184166823,0.018387219210436012,0.8099999999999999,0.414193609605218,False,False,False,False,False,False,0.24419360960521796,0.2915671120343557
V2E02,M1,NEAR_LONG,BOTTLENECK_CENTER,0.23824679989171407,0.414193609605218,0.164450035745796,-0.249743573859422,0.018387219210436012,0.8099999999999999,0.414193609605218,False,False,False,False,False,False,0.24419360960521796,0.2915671120343557
V2E02,M1,NEAR_LONG,BOTTLENECK_CENTER,0.23868029836441845,0.414193609605218,0.16453732912975522,-0.2496562804754628,0.018387219210436012,0.8099999999999999,0.414193609605218,False,False,False,False,False,False,0.24419360960521796,0.2915671120343557
V2E02,M1,NEAR_LONG,BOTTLENECK_CENTER,0.23911379683712286,0.414193609605218,0.16462406345566372,-0.2495695461495543,0.018387219210436012,0.8099999999999999,0.414193609605218,False,False,False,False,False,False,0.24419360960521796,0.2915671120343557
V2E02,M1,NEAR_LONG,BOTTLENECK_CENTER,0.23954729530982727,0.414193609605218,0.16471023426705192,-0.24948337533816609,0.018387219210436012,0.8099999999999999,0.414193609605218,False,False,False,False,False,False,0.24419360960521796,0.2915671120343557
V2E02,M1,NEAR_LONG,BOTTLENECK_CENTER,0.23998079378253168,0.414193609605218,0.1647958371121932,-0.2493977724930248,0.018387219210436012,0.8099999999999999,0.414193609605218,False,False,False,False,False,False,0.24419360960521796,0.2915671120343557
V2E02,M1,NEAR_LONG,BOTTLENECK_CENTER,0.24041429225523608,0.414193609605218,0.16488086754555276,-0.24931274205966525,0.018387219210436012,0.8099999999999999,0.414193609605218,False,False,False,False,False,False,0.24419360960521796,0.2915671120343557
V2E02,M1,NEAR_LONG,BOTTLENECK_CENTER,0.2408477907279405,0.414193609605218,0.1649653211292364,-0.2492282884759816,0.018387219210436012,0.8099999999999999,0.414193609605218,False,False,False,False,False,False,0.24419360960521796,0.2915671120343557
V2E02,M1,NEAR_LONG,BOTTLENECK_CENTER,0.2412812892006449,0.414193609605218,0.16504919343443947,-0.24914441617077854,0.018387219210436012,0.8099999999999999,0.414193609605218,False,False,False,False,False,False,0.24419360960521796,0.2915671120343557
V2E02,M1,NEAR_LONG,BOTTLENECK_CENTER,0.2417147876733493,0.414193609605218,0.16513248004289552,-0.2490611295623225,0.018387219210436012,0.8099999999999999,0.414193609605218,False,False,False,False,False,False,0.24419360960521796,0.2915671120343557
V2E02,M1,NEAR_LONG,BOTTLENECK_CENTER,0.2421482861460537,0.414193609605218,0.16521517654832538,-0.24897843305689263,0.018387219210436012,0.8099999999999999,0.414193609605218,False,False,False,False,False,False,0.24419360960521796,0.2915671120343557
V2E02,M1,NEAR_LONG,BOTTLENECK_CENTER,0.2425817846187581,0.414193609605218,0.16529727855788579,-0.24889633104733222,0.018387219210436012,0.8099999999999999,0.414193609605218,False,False,False,False,False,False,0.24419360960521796,0.2915671120343557
V2E02,M1,NEAR_LONG,BOTTLENECK_CENTER,0.2430152830914625,0.414193609605218,0.16537878169361833,-0.24881482791159967,0.018387219210436012,0.8099999999999999,0.414193609605218,False,False,False,False,False,False,0.24419360960521796,0.2915671120343557
V2E02,M1,NEAR_LONG,BOTTLENECK_CENTER,0.2434487815641669,0.414193609605218,0.16545968159389826,-0.24873392801131974,0.018387219210436012,0.8099999999999999,0.414193609605218,False,False,False,False,False,False,0.24419360960521796,0.2915671120343557
V2E02,M1,NEAR_LONG,BOTTLENECK_CENTER,0.24388228003687132,0.414193609605218,0.16553997391488334,-0.24865363569033466,0.018387219210436012,0.8099999999999999,0.414193609605218,False,False,False,False,False,False,0.24419360960521796,0.2915671120343557
V2E02,M1,NEAR_LONG,BOTTLENECK_CENTER,0.2443157785095757,0.414193609605218,0.16561965433196263,-0.24857395527325538,0.018387219210436012,0.8099999999999999,0.414193609605218,False,False,False,False,False,False,0.24419360960521796,0.2915671120343557
V2E02,M1,NEAR_LONG,BOTTLENECK_CENTER,0.2447492769822801,0.414193609605218,0.1656987185412054,-0.2484948910640126,0.018387219210436012,0.8099999999999999,0.414193609605218,False,False,False,False,False,False,0.24419360960521796,0.2915671120343557
V2E02,M1,NEAR_LONG,BOTTLENECK_CENTER,0.24518277545498451,0.414193609605218,0.16577716226080996,-0.24841644734440804,0.018387219210436012,0.8099999999999999,0.414193609605218,False,False,False,False,False,False,0.24419360960521796,0.2915671120343557
V2E02,M1,NEAR_LONG,BOTTLENECK_CENTER,0.24561627392768892,0.414193609605218,0.16585498123255235,-0.24833862837266565,0.018387219210436012,0.8099999999999999,0.414193609605218,False,False,False,False,False,False,0.24419360960521796,0.2915671120343557
V2E02,M1,NEAR_LONG,BOTTLENECK_CENTER,0.24604977240039333,0.414193609605218,0.16593217122323545,-0.24826143838198256,0.018387219210436012,0.8099999999999999,0.414193609605218,False,False,False,False,False,False,0.24419360960521796,0.2915671120343557
V2E02,M1,NEAR_LONG,BOTTLENECK_CENTER,0.24648327087309774,0.414193609605218,0.1660087280261375,-0.2481848815790805,0.018387219210436012,0.8099999999999999,0.414193609605218,False,False,False,False,False,False,0.24419360960521796,0.2915671120343557
V2E02,M1,NEAR_LONG,BOTTLENECK_CENTER,0.24691676934580215,0.414193609605218,0.16608464746246127,-0.24810896214275674,0.018387219210436012,0.8099999999999999,0.414193609605218,False,False,False,False,False,False,0.24419360960521796,0.2915671120343557
V2E02,M1,NEAR_LONG,BOTTLENECK_CENTER,0.24735026781850655,0.414193609605218,0.16615992538278257,-0.24803368422243544,0.018387219210436012,0.8099999999999999,0.414193609605218,False,False,False,False,False,False,0.24419360960521796,0.2915671120343557
V2E02,M1,NEAR_LONG,BOTTLENECK_CENTER,0.24778376629121096,0.414193609605218,0.16623455766849937,-0.24795905193671863,0.018387219210436012,0.8099999999999999,0.414193609605218,False,False,False,False,False,False,0.24419360960521796,0.2915671120343557
V2E02,M1,NEAR_LONG,BOTTLENECK_CENTER,0.24821726476391534,0.414193609605218,0.16630854023328037,-0.24788506937193763,0.018387219210436012,0.8099999999999999,0.414193609605218,False,False,False,False,False,False,0.24419360960521796,0.2915671120343557
V2E02,M1,NEAR_LONG,BOTTLENECK_CENTER,0.24865076323661975,0.414193609605218,0.16638186902451413,-0.24781174058070388,0.018387219210436012,0.8099999999999999,0.414193609605218,False,False,False,False,False,False,0.24419360960521796,0.2915671120343557
V2E02,M1,NEAR_LONG,BOTTLENECK_CENTER,0.24908426170932416,0.414193609605218,0.16645454002475765,-0.24773906958046035,0.018387219210436012,0.8099999999999999,0.414193609605218,False,False,False,False,False,False,0.24419360960521796,0.2915671120343557
V2E02,M1,NEAR_LONG,BOTTLENECK_CENTER,0.24951776018202854,0.414193609605218,0.16652654925318536,-0.24766706035203265,0.018387219210436012,0.8099999999999999,0.414193609605218,False,False,False,False,False,False,0.24419360960521796,0.2915671120343557
V2E02,M1,NEAR_LONG,BOTTLENECK_CENTER,0.24995125865473294,0.414193609605218,0.16659789276703785,-0.24759571683818016,0.018387219210436012,0.8099999999999999,0.414193609605218,False,False,False,False,False,False,0.24419360960521796,0.2915671120343557
V2E02,M1,NEAR_LONG,BOTTLENECK_CENTER,0.25038475712743735,0.414193609605218,0.16666856666307078,-0.24752504294214722,0.018387219210436012,0.8099999999999999,0.414193609605218,False,False,False,False,False,False,0.24419360960521796,0.2915671120343557
V2E02,M1,NEAR_LONG,BOTTLENECK_CENTER,0.25081825560014176,0.414193609605218,0.1667385670790038,-0.2474550425262142,0.018387219210436012,0.8099999999999999,0.414193609605218,False,False,False,False,False,False,0.24419360960521796,0.2915671120343557
V2E02,M1,NEAR_LONG,BOTTLENECK_CENTER,0.25125175407284617,0.414193609605218,0.16680789019496917,-0.24738571941024884,0.018387219210436012,0.8099999999999999,0.414193609605218,False,False,False,False,False,False,0.24419360960521796,0.2915671120343557
V2E02,M1,NEAR_LONG,BOTTLENECK_CENTER,0.2516852525455506,0.414193609605218,0.1668765322349607,-0.2473170773702573,0.018387219210436012,0.8099999999999999,0.414193609605218,False,False,False,False,False,False,0.24419360960521796,0.2915671120343557
V2E02,M1,NEAR_LONG,BOTTLENECK_CENTER,0.252118751018255,0.414193609605218,0.16694448946828275,-0.24724912013693526,0.018387219210436012,0.8099999999999999,0.414193609605218,False,False,False,False,False,False,0.24419360960521796,0.2915671120343557
V2E02,M1,NEAR_LONG,BOTTLENECK_CENTER,0.2525522494909594,0.414193609605218,0.16701175821099876,-0.24718185139421925,0.018387219210436012,0.8099999999999999,0.414193609605218,False,False,False,False,False,False,0.24419360960521796,0.2915671120343557
V2E02,M1,NEAR_LONG,BOTTLENECK_CENTER,0.2529857479636638,0.414193609605218,0.16707833482738033,-0.24711527477783768,0.018387219210436012,0.8099999999999999,0.414193609605218,False,False,False,False,False,False,0.24419360960521796,0.2915671120343557
V2E02,M1,NEAR_LONG,BOTTLENECK_CENTER,0.2534192464363682,0.414193609605218,0.16714421573135596,-0.24704939387386204,0.018387219210436012,0.8099999999999999,0.414193609605218,False,False,False,False,False,False,0.24419360960521796,0.2915671120343557
V2E02,M1,NEAR_LONG,BOTTLENECK_CENTER,0.2538527449090726,0.414193609605218,0.16720939738795987,-0.24698421221725814,0.018387219210436012,0.8099999999999999,0.414193609605218,False,False,False,False,False,False,0.24419360960521796,0.2915671120343557
V2E02,M1,NEAR_LONG,BOTTLENECK_CENTER,0.25428624338177697,0.414193609605218,0.1672738763147809,-0.2469197332904371,0.018387219210436012,0.8099999999999999,0.414193609605218,False,False,False,False,False,False,0.24419360960521796,0.2915671120343557
V2E02,M1,NEAR_LONG,BOTTLENECK_CENTER,0.25471974185448143,0.414193609605218,0.16733764908341134,-0.24685596052180667,0.018387219210436012,0.8099999999999999,0.414193609605218,False,False,False,False,False,False,0.24419360960521796,0.2915671120343557
V2E02,M1,NEAR_LONG,BOTTLENECK_CENTER,0.2551532403271858,0.414193609605218,0.16740071232089562,-0.24679289728432238,0.018387219210436012,0.8099999999999999,0.414193609605218,False,False,False,False,False,False,0.24419360960521796,0.2915671120343557
V2E02,M1,NEAR_LONG,BOTTLENECK_CENTER,0.2555867387998902,0.414193609605218,0.16746306271117944,-0.24673054689403856,0.018387219210436012,0.8099999999999999,0.414193609605218,False,False,False,False,False,False,0.24419360960521796,0.2915671120343557
V2E02,M1,NEAR_LONG,BOTTLENECK_CENTER,0.2560202372725946,0.414193609605218,0.16752469699655828,-0.24666891260865972,0.018387219210436012,0.8099999999999999,0.414193609605218,False,False,False,False,False,False,0.24419360960521796,0.2915671120343557
V2E02,M1,NEAR_LONG,BOTTLENECK_CENTER,0.256453735745299,0.414193609605218,0.1675856119791265,-0.2466079976260915,0.018387219210436012,0.8099999999999999,0.414193609605218,False,False,False,False,False,False,0.24419360960521796,0.2915671120343557
V2E02,M1,NEAR_LONG,BOTTLENECK_CENTER,0.2568872342180034,0.414193609605218,0.167645804522226,-0.246547805082992,0.018387219210436012,0.8099999999999999,0.414193609605218,False,False,False,False,False,False,0.24419360960521796,0.2915671120343557
V2E02,M1,NEAR_LONG,BOTTLENECK_CENTER,0.2573207326907078,0.414193609605218,0.16770527155189516,-0.24648833805332285,0.018387219210436012,0.8099999999999999,0.414193609605218,False,False,False,False,False,False,0.24419360960521796,0.2915671120343557
V2E02,M1,NEAR_LONG,BOTTLENECK_CENTER,0.25775423116341223,0.414193609605218,0.16776401005831762,-0.24642959954690039,0.018387219210436012,0.8099999999999999,0.414193609605218,False,False,False,False,False,False,0.24419360960521796,0.2915671120343557
V2E02,M1,NEAR_LONG,BOTTLENECK_CENTER,0.25818772963611664,0.414193609605218,0.16782201709727118,-0.24637159250794682,0.018387219210436012,0.8099999999999999,0.414193609605218,False,False,False,False,False,False,0.24419360960521796,0.2915671120343557
V2E02,M1,NEAR_LONG,BOTTLENECK_CENTER,0.25862122810882104,0.414193609605218,0.1678792897915765,-0.2463143198136415,0.018387219210436012,0.8099999999999999,0.414193609605218,False,False,False,False,False,False,0.24419360960521796,0.2915671120343557
V2E02,M1,NEAR_LONG,BOTTLENECK_CENTER,0.25905472658152545,0.414193609605218,0.1679358253325462,-0.2462577842726718,0.018387219210436012,0.8099999999999999,0.414193609605218,False,False,False,False,False,False,0.24419360960521796,0.2915671120343557
V2E02,M1,NEAR_LONG,BOTTLENECK_CENTER,0.25948822505422986,0.414193609605218,0.16799162098143336,-0.24620198862378465,0.018387219210436012,0.8099999999999999,0.414193609605218,False,False,False,False,False,False,0.24419360960521796,0.2915671120343557
V2E02,M1,NEAR_LONG,BOTTLENECK_CENTER,0.2599217235269342,0.414193609605218,0.16804667407088061,-0.2461469355343374,0.018387219210436012,0.8099999999999999,0.414193609605218,False,False,False,False,False,False,0.24419360960521796,0.2915671120343557
V2E02,M1,NEAR_LONG,BOTTLENECK_CENTER,0.2603552219996387,0.414193609605218,0.16810098200636892,-0.2460926275988491,0.018387219210436012,0.8099999999999999,0.414193609605218,False,False,False,False,False,False,0.24419360960521796,0.2915671120343557
V2E02,M1,NEAR_LONG,BOTTLENECK_CENTER,0.260788720472343,0.414193609605218,0.16815454226766627,-0.24603906733755174,0.018387219210436012,0.8099999999999999,0.414193609605218,False,False,False,False,False,False,0.24419360960521796,0.2915671120343557
V2E02,M1,NEAR_LONG,BOTTLENECK_CENTER,0.26122221894504744,0.414193609605218,0.16820735241027673,-0.24598625719494127,0.018387219210436012,0.8099999999999999,0.414193609605218,False,False,False,False,False,False,0.24419360960521796,0.2915671120343557
V2E02,M1,NEAR_LONG,BOTTLENECK_CENTER,0.26165571741775184,0.414193609605218,0.1682594100668892,-0.24593419953832882,0.018387219210436012,0.8099999999999999,0.414193609605218,False,False,False,False,False,False,0.24419360960521796,0.2915671120343557
V2E02,M1,NEAR_LONG,BOTTLENECK_CENTER,0.26208921589045625,0.414193609605218,0.16831071294882616,-0.24588289665639185,0.018387219210436012,0.8099999999999999,0.414193609605218,False,False,False,False,False,False,0.24419360960521796,0.2915671120343557
V2E02,M1,NEAR_LONG,BOTTLENECK_CENTER,0.26252271436316066,0.414193609605218,0.16836125884749256,-0.24583235075772544,0.018387219210436012,0.8099999999999999,0.414193609605218,False,False,False,False,False,False,0.24419360960521796,0.2915671120343557
V2E02,M1,NEAR_LONG,BOTTLENECK_CENTER,0.26295621283586507,0.414193609605218,0.1684110456358248,-0.24578256396939321,0.018387219210436012,0.8099999999999999,0.414193609605218,False,False,False,False,False,False,0.24419360960521796,0.2915671120343557
V2E02,M1,NEAR_LONG,BOTTLENECK_CENTER,0.2633897113085695,0.414193609605218,0.1684600712697393,-0.2457335383354787,0.018387219210436012,0.8099999999999999,0.414193609605218,False,False,False,False,False,False,0.24419360960521796,0.2915671120343557
V2E02,M1,NEAR_LONG,BOTTLENECK_CENTER,0.2638232097812739,0.414193609605218,0.16850833378958158,-0.24568527581563643,0.018387219210436012,0.8099999999999999,0.414193609605218,False,False,False,False,False,False,0.24419360960521796,0.2915671120343557
V2E02,M1,NEAR_LONG,BOTTLENECK_CENTER,0.2642567082539783,0.414193609605218,0.16855583132157492,-0.24563777828364308,0.018387219210436012,0.8099999999999999,0.414193609605218,False,False,False,False,False,False,0.24419360960521796,0.2915671120343557
V2E02,M1,NEAR_LONG,BOTTLENECK_CENTER,0.2646902067266827,0.414193609605218,0.16860256207926938,-0.24559104752594862,0.018387219210436012,0.8099999999999999,0.414193609605218,False,False,False,False,False,False,0.24419360960521796,0.2915671120343557
V2E02,M1,NEAR_LONG,BOTTLENECK_CENTER,0.2651237051993871,0.414193609605218,0.16864852436499042,-0.24554508524022758,0.018387219210436012,0.8099999999999999,0.414193609605218,False,False,False,False,False,False,0.24419360960521796,0.2915671120343557
V2E02,M1,NEAR_LONG,BOTTLENECK_CENTER,0.26555720367209146,0.414193609605218,0.1686937165712879,-0.2454998930339301,0.018387219210436012,0.8099999999999999,0.414193609605218,False,False,False,False,False,False,0.24419360960521796,0.2915671120343557
V2E02,M1,NEAR_LONG,BOTTLENECK_CENTER,0.2659907021447959,0.414193609605218,0.16873813718238484,-0.24545547242283317,0.018387219210436012,0.8099999999999999,0.414193609605218,False,False,False,False,False,False,0.24419360960521796,0.2915671120343557
V2E02,M1,NEAR_LONG,BOTTLENECK_CENTER,0.2664242006175003,0.414193609605218,0.1687817847756263,-0.2454118248295917,0.018387219210436012,0.8099999999999999,0.414193609605218,False,False,False,False,False,False,0.24419360960521796,0.2915671120343557
V2E02,M1,NEAR_LONG,BOTTLENECK_CENTER,0.2668576990902047,0.414193609605218,0.16882465802292823,-0.24536895158228977,0.018387219210436012,0.8099999999999999,0.414193609605218,False,False,False,False,False,False,0.24419360960521796,0.2915671120343557
V2E02,M1,NEAR_LONG,BOTTLENECK_CENTER,0.2672911975629091,0.414193609605218,0.1688667556922262,-0.2453268539129918,0.018387219210436012,0.8099999999999999,0.414193609605218,False,False,False,False,False,False,0.24419360960521796,0.2915671120343557
V2E02,M1,NEAR_LONG,BOTTLENECK_CENTER,0.2677246960356135,0.414193609605218,0.16890807664892438,-0.24528553295629363,0.018387219210436012,0.8099999999999999,0.414193609605218,False,False,False,False,False,False,0.24419360960521796,0.2915671120343557
V2E02,M1,NEAR_LONG,BOTTLENECK_CENTER,0.2681581945083179,0.414193609605218,0.16894861985734427,-0.24524498974787373,0.018387219210436012,0.8099999999999999,0.414193609605218,False,False,False,False,False,False,0.24419360960521796,0.2915671120343557
V2E02,M1,NEAR_LONG,BOTTLENECK_CENTER,0.2685916929810223,0.414193609605218,0.1689883843821736,-0.24520522522304442,0.018387219210436012,0.8099999999999999,0.414193609605218,False,False,False,False,False,False,0.24419360960521796,0.2915671120343557
V2E02,M1,NEAR_LONG,BOTTLENECK_CENTER,0.2690251914537267,0.414193609605218,0.16902736938991508,-0.24516624021530292,0.018387219210436012,0.8099999999999999,0.414193609605218,False,False,False,False,False,False,0.24419360960521796,0.2915671120343557
V2E02,M1,NEAR_LONG,BOTTLENECK_CENTER,0.2694586899264311,0.414193609605218,0.1690655741503354,-0.2451280354548826,0.018387219210436012,0.8099999999999999,0.414193609605218,False,False,False,False,False,False,0.24419360960521796,0.2915671120343557
V2E02,M1,NEAR_LONG,BOTTLENECK_CENTER,0.26989218839913554,0.414193609605218,0.16910299803791393,-0.24509061156730408,0.018387219210436012,0.8099999999999999,0.414193609605218,False,False,False,False,False,False,0.24419360960521796,0.2915671120343557
V2E02,M1,NEAR_LONG,BOTTLENECK_CENTER,0.27032568687183994,0.414193609605218,0.16913964053329153,-0.24505396907192648,0.018387219210436012,0.8099999999999999,0.414193609605218,False,False,False,False,False,False,0.24419360960521796,0.2915671120343557
V2E02,M1,NEAR_LONG,BOTTLENECK_CENTER,0.27075918534454435,0.414193609605218,0.16917550122471953,-0.24501810838049848,0.018387219210436012,0.8099999999999999,0.414193609605218,False,False,False,False,False,False,0.24419360960521796,0.2915671120343557
V2E02,M1,NEAR_LONG,BOTTLENECK_CENTER,0.2711926838172487,0.414193609605218,0.16921057980950846,-0.24498302979570954,0.018387219210436012,0.8099999999999999,0.414193609605218,False,False,False,False,False,False,0.24419360960521796,0.2915671120343557
V2E02,M1,NEAR_LONG,BOTTLENECK_CENTER,0.27162618228995317,0.414193609605218,0.16924487609547695,-0.24494873350974106,0.018387219210436012,0.8099999999999999,0.414193609605218,False,False,False,False,False,False,0.24419360960521796,0.2915671120343557
V2E02,M1,NEAR_LONG,BOTTLENECK_CENTER,0.2720596807626575,0.414193609605218,0.16927839000240041,-0.2449152196028176,0.018387219210436012,0.8099999999999999,0.414193609605218,False,False,False,False,False,False,0.24419360960521796,0.2915671120343557
V2E02,M1,NEAR_LONG,BOTTLENECK_CENTER,0.2724931792353619,0.414193609605218,0.16931112156346015,-0.24488248804175786,0.018387219210436012,0.8099999999999999,0.414193609605218,False,False,False,False,False,False,0.24419360960521796,0.2915671120343557
V2E02,M1,NEAR_LONG,BOTTLENECK_CENTER,0.27292667770806633,0.414193609605218,0.16934307092669193,-0.24485053867852608,0.018387219210436012,0.8099999999999999,0.414193609605218,False,False,False,False,False,False,0.24419360960521796,0.2915671120343557
V2E02,M1,NEAR_LONG,BOTTLENECK_CENTER,0.27336017618077074,0.414193609605218,0.16937423835643503,-0.24481937124878297,0.018387219210436012,0.8099999999999999,0.414193609605218,False,False,False,False,False,False,0.24419360960521796,0.2915671120343557
V2E02,M1,NEAR_LONG,BOTTLENECK_CENTER,0.27379367465347515,0.414193609605218,0.16940462423478087,-0.24478898537043714,0.018387219210436012,0.8099999999999999,0.414193609605218,False,False,False,False,False,False,0.24419360960521796,0.2915671120343557
V2E02,M1,NEAR_LONG,BOTTLENECK_CENTER,0.27422717312617956,0.414193609605218,0.16943422906302205,-0.24475938054219595,0.018387219210436012,0.8099999999999999,0.414193609605218,False,False,False,False,False,False,0.24419360960521796,0.2915671120343557
V2E02,M1,NEAR_LONG,BOTTLENECK_CENTER,0.27466067159888397,0.414193609605218,0.169463053463101,-0.244730556142117,0.018387219210436012,0.8099999999999999,0.414193609605218,False,False,False,False,False,False,0.24419360960521796,0.2915671120343557
V2E02,M1,NEAR_LONG,BOTTLENECK_CENTER,0.2750941700715884,0.414193609605218,0.16949109817905902,-0.24470251142615898,0.018387219210436012,0.8099999999999999,0.414193609605218,False,False,False,False,False,False,0.24419360960521796,0.2915671120343557
V2E02,M1,NEAR_LONG,BOTTLENECK_CENTER,0.2755276685442928,0.414193609605218,0.16951836407848492,-0.2446752455267331,0.018387219210436012,0.8099999999999999,0.414193609605218,False,False,False,False,False,False,0.24419360960521796,0.2915671120343557
V2E02,M1,NEAR_LONG,BOTTLENECK_CENTER,0.2759611670169972,0.414193609605218,0.16954485215396395,-0.24464875745125406,0.018387219210436012,0.8099999999999999,0.414193609605218,False,False,False,False,False,False,0.24419360960521796,0.2915671120343557
V2E02,M1,NEAR_LONG,BOTTLENECK_CENTER,0.2763946654897016,0.414193609605218,0.1695705635245267,-0.2446230460806913,0.018387219210436012,0.8099999999999999,0.414193609605218,False,False,False,False,False,False,0.24419360960521796,0.2915671120343557
V2E02,M1,NEAR_LONG,BOTTLENECK_CENTER,0.27682816396240595,0.414193609605218,0.1695954994370978,-0.2445981101681202,0.018387219210436012,0.8099999999999999,0.414193609605218,False,False,False,False,False,False,0.24419360960521796,0.2915671120343557
V2E02,M1,NEAR_LONG,BOTTLENECK_CENTER,0.2772616624351104,0.414193609605218,0.16961966126794487,-0.24457394833727314,0.018387219210436012,0.8099999999999999,0.414193609605218,False,False,False,False,False,False,0.24419360960521796,0.2915671120343557
V2E02,M1,NEAR_LONG,BOTTLENECK_CENTER,0.27769516090781476,0.414193609605218,0.16964305052412726,-0.24455055908109075,0.018387219210436012,0.8099999999999999,0.414193609605218,False,False,False,False,False,False,0.24419360960521796,0.2915671120343557
V2E02,M1,NEAR_LONG,BOTTLENECK_CENTER,0.27812865938051917,0.414193609605218,0.169665668844945,-0.244527940760273,0.018387219210436012,0.8099999999999999,0.414193609605218,False,False,False,False,False,False,0.24419360960521796,0.2915671120343557
V2E02,M1,NEAR_LONG,BOTTLENECK_CENTER,0.2785621578532236,0.414193609605218,0.1696875180033875,-0.2445060916018305,0.018387219210436012,0.8099999999999999,0.414193609605218,False,False,False,False,False,False,0.24419360960521796,0.2915671120343557
V2E02,M1,NEAR_LONG,BOTTLENECK_CENTER,0.278995656325928,0.414193609605218,0.16970859990758255,-0.24448500969763545,0.018387219210436012,0.8099999999999999,0.414193609605218,False,False,False,False,False,False,0.24419360960521796,0.2915671120343557
V2E02,M1,NEAR_LONG,BOTTLENECK_CENTER,0.2794291547986324,0.414193609605218,0.169728916602245,-0.244464693002973,0.018387219210436012,0.8099999999999999,0.414193609605218,False,False,False,False,False,False,0.24419360960521796,0.2915671120343557
V2E02,M1,NEAR_LONG,BOTTLENECK_CENTER,0.2798626532713368,0.414193609605218,0.16974847027012574,-0.24444513933509227,0.018387219210436012,0.8099999999999999,0.414193609605218,False,False,False,False,False,False,0.24419360960521796,0.2915671120343557
V2E02,M1,NEAR_LONG,BOTTLENECK_CENTER,0.2802961517440412,0.414193609605218,0.16976726323346036,-0.24442634637175764,0.018387219210436012,0.8099999999999999,0.414193609605218,False,False,False,False,False,False,0.24419360960521796,0.2915671120343557
V2E02,M1,NEAR_LONG,BOTTLENECK_CENTER,0.2807296502167456,0.414193609605218,0.16978529795541822,-0.2444083116497998,0.018387219210436012,0.8099999999999999,0.414193609605218,False,False,False,False,False,False,0.24419360960521796,0.2915671120343557
V2E02,M1,NEAR_LONG,BOTTLENECK_CENTER,0.28116314868945,0.414193609605218,0.169802577041551,-0.244391032563667,0.018387219210436012,0.8099999999999999,0.414193609605218,False,False,False,False,False,False,0.24419360960521796,0.2915671120343557
V2E02,M1,NEAR_LONG,BOTTLENECK_CENTER,0.28159664716215443,0.414193609605218,0.16981910324124183,-0.24437450636397617,0.018387219210436012,0.8099999999999999,0.414193609605218,False,False,False,False,False,False,0.24419360960521796,0.2915671120343557
V2E02,M1,NEAR_LONG,BOTTLENECK_CENTER,0.28203014563485884,0.414193609605218,0.16983487944915396,-0.24435873015606405,0.018387219210436012,0.8099999999999999,0.414193609605218,False,False,False,False,False,False,0.24419360960521796,0.2915671120343557
V2E02,M1,NEAR_LONG,BOTTLENECK_CENTER,0.2824636441075632,0.414193609605218,0.1698499087066796,-0.2443437008985384,0.018387219210436012,0.8099999999999999,0.414193609605218,False,False,False,False,False,False,0.24419360960521796,0.2915671120343557
V2E02,M1,NEAR_LONG,BOTTLENECK_CENTER,0.28289714258026766,0.414193609605218,0.16986419420338875,-0.24432941540182926,0.018387219210436012,0.8099999999999999,0.414193609605218,False,False,False,False,False,False,0.24419360960521796,0.2915671120343557
V2E02,M1,NEAR_LONG,BOTTLENECK_CENTER,0.283330641052972,0.414193609605218,0.16987773927847818,-0.24431587032673982,0.018387219210436012,0.8099999999999999,0.414193609605218,False,False,False,False,False,False,0.24419360960521796,0.2915671120343557
V2E02,M1,NEAR_LONG,BOTTLENECK_CENTER,0.2837641395256764,0.414193609605218,0.16989054742222007,-0.24430306218299794,0.018387219210436012,0.8099999999999999,0.414193609605218,False,False,False,False,False,False,0.24419360960521796,0.2915671120343557
V2E02,M1,NEAR_LONG,BOTTLENECK_CENTER,0.2841976379983808,0.414193609605218,0.169902622277411,-0.24429098732780702,0.018387219210436012,0.8099999999999999,0.414193609605218,False,False,False,False,False,False,0.24419360960521796,0.2915671120343557
V2E02,M1,NEAR_LONG,BOTTLENECK_CENTER,0.28463113647108523,0.414193609605218,0.16991396764082062,-0.2442796419643974,0.018387219210436012,0.8099999999999999,0.414193609605218,False,False,False,False,False,False,0.24419360960521796,0.2915671120343557
V2E02,M1,NEAR_LONG,BOTTLENECK_CENTER,0.28506463494378964,0.414193609605218,0.1699245874646407,-0.2442690221405773,0.018387219210436012,0.8099999999999999,0.414193609605218,False,False,False,False,False,False,0.24419360960521796,0.2915671120343557
V2E02,M1,NEAR_LONG,BOTTLENECK_CENTER,0.28549813341649405,0.414193609605218,0.16993448585793383,-0.24425912374728417,0.018387219210436012,0.8099999999999999,0.414193609605218,False,False,False,False,False,False,0.24419360960521796,0.2915671120343557
V2E02,M1,NEAR_LONG,BOTTLENECK_CENTER,0.28593163188919846,0.414193609605218,0.16994366708808226,-0.24424994251713575,0.018387219210436012,0.8099999999999999,0.414193609605218,False,False,False,False,False,False,0.24419360960521796,0.2915671120343557
V2E02,M1,NEAR_LONG,BOTTLENECK_CENTER,0.28636513036190286,0.414193609605218,0.16995213558223676,-0.24424147402298124,0.018387219210436012,0.8099999999999999,0.414193609605218,False,False,False,False,False,False,0.24419360960521796,0.2915671120343557
V2E02,M1,NEAR_LONG,BOTTLENECK_CENTER,0.28679862883460727,0.414193609605218,0.16995989592876548,-0.24423371367645252,0.018387219210436012,0.8099999999999999,0.414193609605218,False,False,False,False,False,False,0.24419360960521796,0.2915671120343557
V2E02,M1,NEAR_LONG,BOTTLENECK_CENTER,0.2872321273073117,0.414193609605218,0.16996695287870273,-0.24422665672651528,0.018387219210436012,0.8099999999999999,0.414193609605218,False,False,False,False,False,False,0.24419360960521796,0.2915671120343557
V2E02,M1,NEAR_LONG,BOTTLENECK_CENTER,0.2876656257800161,0.414193609605218,0.1699733113471979,-0.2442202982580201,0.018387219210436012,0.8099999999999999,0.414193609605218,False,False,False,False,False,False,0.24419360960521796,0.2915671120343557
V2E02,M1,NEAR_LONG,BOTTLENECK_CENTER,0.28809912425272044,0.414193609605218,0.16997897641496423,-0.24421463319025377,0.018387219210436012,0.8099999999999999,0.414193609605218,False,False,False,False,False,False,0.24419360960521796,0.2915671120343557
V2E02,M1,NEAR_LONG,BOTTLENECK_CENTER,0.2885326227254249,0.414193609605218,0.16998395332972766,-0.24420965627549035,0.018387219210436012,0.8099999999999999,0.414193609605218,False,False,False,False,False,False,0.24419360960521796,0.2915671120343557
V2E02,M1,NEAR_LONG,BOTTLENECK_CENTER,0.28896612119812926,0.414193609605218,0.16998824750767563,-0.24420536209754237,0.018387219210436012,0.8099999999999999,0.414193609605218,False,False,False,False,False,False,0.24419360960521796,0.2915671120343557
V2E02,M1,NEAR_LONG,BOTTLENECK_CENTER,0.28939961967083366,0.414193609605218,0.16999186453490606,-0.24420174507031195,0.018387219210436012,0.8099999999999999,0.414193609605218,False,False,False,False,False,False,0.24419360960521796,0.2915671120343557
V2E02,M1,NEAR_LONG,BOTTLENECK_CENTER,0.28983311814353807,0.414193609605218,0.16999481016887602,-0.24419879943634198,0.018387219210436012,0.8099999999999999,0.414193609605218,False,False,False,False,False,False,0.24419360960521796,0.2915671120343557
V2E02,M1,NEAR_LONG,BOTTLENECK_CENTER,0.2902666166162425,0.414193609605218,0.1699970903398506,-0.2441965192653674,0.018387219210436012,0.8099999999999999,0.414193609605218,False,False,False,False,False,False,0.24419360960521796,0.2915671120343557
V2E02,M1,NEAR_LONG,BOTTLENECK_CENTER,0.2907001150889469,0.414193609605218,0.1699987111523519,-0.2441948984528661,0.018387219210436012,0.8099999999999999,0.414193609605218,False,False,False,False,False,False,0.24419360960521796,0.2915671120343557
V2E02,M1,NEAR_LONG,BOTTLENECK_CENTER,0.2911336135616513,0.414193609605218,0.1699996788866076,-0.2441939307186104,0.018387219210436012,0.8099999999999999,0.414193609605218,False,False,False,False,False,False,0.24419360960521796,0.2915671120343557
V2E02,M1,NEAR_LONG,BOTTLENECK_CENTER,0.2915671120343557,0.414193609605218,0.17000000000000004,-0.24419360960521796,0.018387219210436012,0.8099999999999999,0.414193609605218,True,True,False,True,False,True,0.24419360960521796,0.2915671120343557
V2E02,M1,NEAR_LONG,BOTTLENECK_CENTER,0.2920006105070601,0.414193609605218,0.1699996712058158,-0.2441939383994022,0.018387219210436012,0.8099999999999999,0.414193609605218,False,False,False,False,False,False,0.24419360960521796,0.2915671120343557
V2E02,M1,NEAR_LONG,BOTTLENECK_CENTER,0.2924341089797645,0.414193609605218,0.1699986501294676,-0.2441949594757504,0.018387219210436012,0.8099999999999999,0.414193609605218,False,False,False,False,False,False,0.24419360960521796,0.2915671120343557
V2E02,M1,NEAR_LONG,BOTTLENECK_CENTER,0.2928676074524689,0.414193609605218,0.16999688581195121,-0.2441967237932668,0.018387219210436012,0.8099999999999999,0.414193609605218,False,False,False,False,False,False,0.24419360960521796,0.2915671120343557
V2E02,M1,NEAR_LONG,BOTTLENECK_CENTER,0.29330110592517333,0.414193609605218,0.1699943287268065,-0.2441992808784115,0.018387219210436012,0.8099999999999999,0.414193609605218,False,False,False,False,False,False,0.24419360960521796,0.2915671120343557
V2E02,M1,NEAR_LONG,BOTTLENECK_CENTER,0.2937346043978777,0.414193609605218,0.16999093076798236,-0.24420267883723565,0.018387219210436012,0.8099999999999999,0.414193609605218,False,False,False,False,False,False,0.24419360960521796,0.2915671120343557
V2E02,M1,NEAR_LONG,BOTTLENECK_CENTER,0.29416810287058215,0.414193609605218,0.16998664523770174,-0.24420696436751627,0.018387219210436012,0.8099999999999999,0.414193609605218,False,False,False,False,False,False,0.24419360960521796,0.2915671120343557
V2E02,M1,NEAR_LONG,BOTTLENECK_CENTER,0.2946016013432865,0.414193609605218,0.16998142683432677,-0.24421218277089124,0.018387219210436012,0.8099999999999999,0.414193609605218,False,False,False,False,False,False,0.24419360960521796,0.2915671120343557
V2E02,M1,NEAR_LONG,BOTTLENECK_CENTER,0.2950350998159909,0.414193609605218,0.16997523164022363,-0.24421837796499438,0.018387219210436012,0.8099999999999999,0.414193609605218,False,True,False,False,False,False,0.24419360960521796,0.2915671120343557
V2E02,M1,NEAR_LONG,BOTTLENECK_CENTER,0.2954685982886953,0.414193609605218,0.1699680171096277,-0.2442255924955903,0.018387219210436012,0.8099999999999999,0.414193609605218,False,False,False,False,False,False,0.24419360960521796,0.2915671120343557
V2E02,M1,NEAR_LONG,BOTTLENECK_CENTER,0.2959020967613997,0.414193609605218,0.1699597420565084,-0.2442338675487096,0.018387219210436012,0.8099999999999999,0.414193609605218,False,False,False,False,False,False,0.24419360960521796,0.2915671120343557
V2E02,M1,NEAR_LONG,BOTTLENECK_CENTER,0.29633559523410413,0.414193609605218,0.16995036664243446,-0.24424324296278355,0.018387219210436012,0.8099999999999999,0.414193609605218,False,False,False,False,False,False,0.24419360960521796,0.2915671120343557
V2E02,M1,NEAR_LONG,BOTTLENECK_CENTER,0.29676909370680854,0.414193609605218,0.1699398523644387,-0.2442537572407793,0.018387219210436012,0.8099999999999999,0.414193609605218,False,False,False,False,False,False,0.24419360960521796,0.2915671120343557
V2E02,M1,NEAR_LONG,BOTTLENECK_CENTER,0.29720259217951295,0.414193609605218,0.16992816204288316,-0.24426544756233484,0.018387219210436012,0.8099999999999999,0.414193609605218,False,False,False,False,False,False,0.24419360960521796,0.2915671120343557
V2E02,M1,NEAR_LONG,BOTTLENECK_CENTER,0.29763609065221736,0.414193609605218,0.16991525980932412,-0.24427834979589388,0.018387219210436012,0.8099999999999999,0.414193609605218,False,False,False,False,False,False,0.24419360960521796,0.2915671120343557
V2E02,M1,NEAR_LONG,BOTTLENECK_CENTER,0.29806958912492176,0.414193609605218,0.16990111109437714,-0.24429249851084087,0.018387219210436012,0.8099999999999999,0.414193609605218,False,False,False,False,False,False,0.24419360960521796,0.2915671120343557
V2E02,M1,NEAR_LONG,BOTTLENECK_CENTER,0.29850308759762617,0.414193609605218,0.16988568261558193,-0.24430792698963608,0.018387219210436012,0.8099999999999999,0.414193609605218,False,False,False,False,False,False,0.24419360960521796,0.2915671120343557
V2E02,M1,NEAR_LONG,BOTTLENECK_CENTER,0.2989365860703306,0.414193609605218,0.16986894236526756,-0.24432466723995044,0.018387219210436012,0.8099999999999999,0.414193609605218,False,False,False,False,False,False,0.24419360960521796,0.2915671120343557
V2E02,M1,NEAR_LONG,BOTTLENECK_CENTER,0.29937008454303493,0.414193609605218,0.16985085959841736,-0.24434275000680064,0.018387219210436012,0.8099999999999999,0.414193609605218,False,False,False,False,False,False,0.24419360960521796,0.2915671120343557
V2E02,M1,NEAR_LONG,BOTTLENECK_CENTER,0.2998035830157394,0.414193609605218,0.169831404820534,-0.244362204784684,0.018387219210436012,0.8099999999999999,0.414193609605218,False,False,False,False,False,False,0.24419360960521796,0.2915671120343557
V2E02,M1,NEAR_LONG,BOTTLENECK_CENTER,0.30023708148844375,0.414193609605218,0.16981054977550442,-0.2443830598297136,0.018387219210436012,0.8099999999999999,0.414193609605218,False,False,False,False,False,False,0.24419360960521796,0.2915671120343557
V2E02,M1,NEAR_LONG,BOTTLENECK_CENTER,0.30067057996114815,0.414193609605218,0.16978826743346495,-0.24440534217175305,0.018387219210436012,0.8099999999999999,0.414193609605218,False,False,False,False,False,False,0.24419360960521796,0.2915671120343557
V2E02,M1,NEAR_LONG,BOTTLENECK_CENTER,0.30110407843385256,0.414193609605218,0.16976453197866626,-0.24442907762655175,0.018387219210436012,0.8099999999999999,0.414193609605218,False,False,False,False,False,False,0.24419360960521796,0.2915671120343557
V2E02,M1,NEAR_LONG,BOTTLENECK_CENTER,0.30153757690655697,0.414193609605218,0.16973931879733842,-0.2444542908078796,0.018387219210436012,0.8099999999999999,0.414193609605218,False,False,False,False,False,False,0.24419360960521796,0.2915671120343557
V2E02,M1,NEAR_LONG,BOTTLENECK_CENTER,0.3019710753792614,0.414193609605218,0.16971260446555583,-0.24448100513966217,0.018387219210436012,0.8099999999999999,0.414193609605218,False,False,False,False,False,False,0.24419360960521796,0.2915671120343557
V2E02,M1,NEAR_LONG,BOTTLENECK_CENTER,0.3024045738519658,0.414193609605218,0.16968436673710244,-0.24450924286811557,0.018387219210436012,0.8099999999999999,0.414193609605218,False,False,False,False,False,False,0.24419360960521796,0.2915671120343557
V2E02,M1,NEAR_LONG,BOTTLENECK_CENTER,0.3028380723246702,0.414193609605218,0.16965458453133644,-0.24453902507388156,0.018387219210436012,0.8099999999999999,0.414193609605218,False,False,False,False,False,False,0.24419360960521796,0.2915671120343557
V2E02,M1,NEAR_LONG,BOTTLENECK_CENTER,0.3032715707973746,0.414193609605218,0.16962323792105566,-0.24457037168416235,0.018387219210436012,0.8099999999999999,0.414193609605218,False,False,False,False,False,False,0.24419360960521796,0.2915671120343557
V2E02,M1,NEAR_LONG,BOTTLENECK_CENTER,0.303705069270079,0.414193609605218,0.16959030812036224,-0.24460330148485576,0.018387219210436012,0.8099999999999999,0.414193609605218,False,False,False,False,False,False,0.24419360960521796,0.2915671120343557
V2E02,M1,NEAR_LONG,BOTTLENECK_CENTER,0.3041385677427834,0.414193609605218,0.1695557774725279,-0.2446378321326901,0.018387219210436012,0.8099999999999999,0.414193609605218,False,False,False,False,False,False,0.24419360960521796,0.2915671120343557
V2E02,M1,NEAR_LONG,BOTTLENECK_CENTER,0.3045720662154878,0.414193609605218,0.1695196294378588,-0.2446739801673592,0.018387219210436012,0.8099999999999999,0.414193609605218,False,False,False,False,False,False,0.24419360960521796,0.2915671120343557
V2E02,M1,NEAR_LONG,BOTTLENECK_CENTER,0.3050055646881922,0.414193609605218,0.1694818485815607,-0.2447117610236573,0.018387219210436012,0.8099999999999999,0.414193609605218,False,False,False,False,False,False,0.24419360960521796,0.2915671120343557
V2E02,M1,NEAR_LONG,BOTTLENECK_CENTER,0.30543906316089664,0.414193609605218,0.16944242056160377,-0.24475118904361423,0.018387219210436012,0.8099999999999999,0.414193609605218,False,False,False,False,False,False,0.24419360960521796,0.2915671120343557
V2E02,M1,NEAR_LONG,BOTTLENECK_CENTER,0.305872561633601,0.414193609605218,0.16940133211658784,-0.24479227748863017,0.018387219210436012,0.8099999999999999,0.414193609605218,False,False,False,False,False,False,0.24419360960521796,0.2915671120343557
V2E02,M1,NEAR_LONG,BOTTLENECK_CENTER,0.3063060601063054,0.414193609605218,0.16935857105360727,-0.24483503855161073,0.018387219210436012,0.8099999999999999,0.414193609605218,False,False,False,False,False,False,0.24419360960521796,0.2915671120343557
V2E02,M1,NEAR_LONG,BOTTLENECK_CENTER,0.3067395585790098,0.414193609605218,0.169314126236116,-0.244879483369102,0.018387219210436012,0.8099999999999999,0.414193609605218,False,False,False,False,False,False,0.24419360960521796,0.2915671120343557
V2E02,M1,NEAR_LONG,BOTTLENECK_CENTER,0.3071730570517142,0.414193609605218,0.16926798757179254,-0.24492562203342547,0.018387219210436012,0.8099999999999999,0.414193609605218,False,False,False,False,False,False,0.24419360960521796,0.2915671120343557
V2E02,M1,NEAR_LONG,BOTTLENECK_CENTER,0.3076065555244186,0.414193609605218,0.16922014600040514,-0.24497346360481287,0.018387219210436012,0.8099999999999999,0.414193609605218,False,False,False,False,False,False,0.24419360960521796,0.2915671120343557
V2E02,M1,NEAR_LONG,BOTTLENECK_CENTER,0.30804005399712303,0.414193609605218,0.16917059348167654,-0.24502301612354146,0.018387219210436012,0.8099999999999999,0.414193609605218,False,False,False,False,False,False,0.24419360960521796,0.2915671120343557
V2E02,M1,NEAR_LONG,BOTTLENECK_CENTER,0.30847355246982744,0.414193609605218,0.16911932298314922,-0.2450742866220688,0.018387219210436012,0.8099999999999999,0.414193609605218,False,False,False,False,False,False,0.24419360960521796,0.2915671120343557
V2E02,M1,NEAR_LONG,BOTTLENECK_CENTER,0.30890705094253185,0.414193609605218,0.16906632846805034,-0.24512728113716767,0.018387219210436012,0.8099999999999999,0.414193609605218,False,False,False,False,False,False,0.24419360960521796,0.2915671120343557
V2E02,M1,NEAR_LONG,BOTTLENECK_CENTER,0.30934054941523625,0.414193609605218,0.16901160488315672,-0.24518200472206128,0.018387219210436012,0.8099999999999999,0.414193609605218,False,False,False,False,False,False,0.24419360960521796,0.2915671120343557
V2E02,M1,NEAR_LONG,BOTTLENECK_CENTER,0.30977404788794066,0.414193609605218,0.1689551481466599,-0.2452384614585581,0.018387219210436012,0.8099999999999999,0.414193609605218,False,False,False,False,False,False,0.24419360960521796,0.2915671120343557
V2E02,M1,NEAR_LONG,BOTTLENECK_CENTER,0.31020754636064507,0.414193609605218,0.16889695513603112,-0.2452966544691869,0.018387219210436012,0.8099999999999999,0.414193609605218,False,False,False,False,False,False,0.24419360960521796,0.2915671120343557
V2E02,M1,NEAR_LONG,BOTTLENECK_CENTER,0.3106410448333494,0.414193609605218,0.16883702367588643,-0.24535658592933157,0.018387219210436012,0.8099999999999999,0.414193609605218,False,False,False,False,False,False,0.24419360960521796,0.2915671120343557
V2E02,M1,NEAR_LONG,BOTTLENECK_CENTER,0.3110745433060539,0.414193609605218,0.16877535252585155,-0.24541825707936646,0.018387219210436012,0.8099999999999999,0.414193609605218,False,False,False,False,False,False,0.24419360960521796,0.2915671120343557
V2E02,M1,NEAR_LONG,BOTTLENECK_CENTER,0.31150804177875824,0.414193609605218,0.16871194136842704,-0.24548166823679096,0.018387219210436012,0.8099999999999999,0.414193609605218,False,False,False,False,False,False,0.24419360960521796,0.2915671120343557
V2E02,M1,NEAR_LONG,BOTTLENECK_CENTER,0.3119415402514627,0.414193609605218,0.16864679079685324,-0.24554681880836476,0.018387219210436012,0.8099999999999999,0.414193609605218,False,False,False,False,False,False,0.24419360960521796,0.2915671120343557
V2E02,M1,NEAR_LONG,BOTTLENECK_CENTER,0.31237503872416705,0.414193609605218,0.1685799023029753,-0.24561370730224272,0.018387219210436012,0.8099999999999999,0.414193609605218,False,False,False,False,False,False,0.24419360960521796,0.2915671120343557
V2E02,M1,NEAR_LONG,BOTTLENECK_CENTER,0.31280853719687146,0.414193609605218,0.1685112782651082,-0.2456823313401098,0.018387219210436012,0.8099999999999999,0.414193609605218,False,False,False,False,False,False,0.24419360960521796,0.2915671120343557
V2E02,M1,NEAR_LONG,BOTTLENECK_CENTER,0.31324203566957587,0.414193609605218,0.16844092193590174,-0.24575268766931627,0.018387219210436012,0.8099999999999999,0.414193609605218,False,False,False,False,False,False,0.24419360960521796,0.2915671120343557
V2E02,M1,NEAR_LONG,BOTTLENECK_CENTER,0.3136755341422803,0.414193609605218,0.16836883743020564,-0.24582477217501236,0.018387219210436012,0.8099999999999999,0.414193609605218,False,False,False,False,False,False,0.24419360960521796,0.2915671120343557
V2E02,M1,NEAR_LONG,BOTTLENECK_CENTER,0.3141090326149847,0.414193609605218,0.16829502971293447,-0.24589857989228353,0.018387219210436012,0.8099999999999999,0.414193609605218,False,False,False,False,False,False,0.24419360960521796,0.2915671120343557
V2E02,M1,NEAR_LONG,BOTTLENECK_CENTER,0.3145425310876891,0.414193609605218,0.16821950458693272,-0.2459741050182853,0.018387219210436012,0.8099999999999999,0.414193609605218,False,False,False,False,False,False,0.24419360960521796,0.2915671120343557
V2E02,M1,NEAR_LONG,BOTTLENECK_CENTER,0.3149760295603935,0.414193609605218,0.16814226868083973,-0.24605134092437828,0.018387219210436012,0.8099999999999999,0.414193609605218,False,False,False,False,False,False,0.24419360960521796,0.2915671120343557
V2E02,M1,NEAR_LONG,BOTTLENECK_CENTER,0.3154095280330979,0.414193609605218,0.16806332943695484,-0.24613028016826316,0.018387219210436012,0.8099999999999999,0.414193609605218,False,False,False,False,False,False,0.24419360960521796,0.2915671120343557
V2E02,M1,NEAR_LONG,BOTTLENECK_CENTER,0.3158430265058023,0.414193609605218,0.16798269509910232,-0.24621091450611568,0.018387219210436012,0.8099999999999999,0.414193609605218,False,False,False,False,False,False,0.24419360960521796,0.2915671120343557
V2E02,M1,NEAR_LONG,BOTTLENECK_CENTER,0.31627652497850667,0.414193609605218,0.16790037470049643,-0.24629323490472158,0.018387219210436012,0.8099999999999999,0.414193609605218,False,False,False,False,False,False,0.24419360960521796,0.2915671120343557
V2E02,M1,NEAR_LONG,BOTTLENECK_CENTER,0.31671002345121113,0.414193609605218,0.16781637805160637,-0.24637723155361163,0.018387219210436012,0.8099999999999999,0.414193609605218,False,False,False,False,False,False,0.24419360960521796,0.2915671120343557
V2E02,M1,NEAR_LONG,BOTTLENECK_CENTER,0.3171435219239155,0.414193609605218,0.1677307157280214,-0.2464628938771966,0.018387219210436012,0.8099999999999999,0.414193609605218,False,False,False,False,False,False,0.24419360960521796,0.2915671120343557
V2E02,M1,NEAR_LONG,BOTTLENECK_CENTER,0.31757702039661995,0.414193609605218,0.16764339905831574,-0.24655021054690227,0.018387219210436012,0.8099999999999999,0.414193609605218,False,False,False,False,False,False,0.24419360960521796,0.2915671120343557
V2E02,M1,NEAR_LONG,BOTTLENECK_CENTER,0.3180105188693243,0.414193609605218,0.1675544401119137,-0.2466391694933043,0.018387219210436012,0.8099999999999999,0.414193609605218,False,False,False,False,False,False,0.24419360960521796,0.2915671120343557
V2E02,M1,NEAR_LONG,BOTTLENECK_CENTER,0.3184440173420287,0.414193609605218,0.1674638516869546,-0.2467297579182634,0.018387219210436012,0.8099999999999999,0.414193609605218,False,False,False,False,False,False,0.24419360960521796,0.2915671120343557
V2E02,M1,NEAR_LONG,BOTTLENECK_CENTER,0.3188775158147331,0.414193609605218,0.16737164729815784,-0.24682196230706016,0.018387219210436012,0.8099999999999999,0.414193609605218,False,False,False,False,False,False,0.24419360960521796,0.2915671120343557
V2E02,M1,NEAR_LONG,BOTTLENECK_CENTER,0.3193110142874375,0.414193609605218,0.167277841164688,-0.24691576844053,0.018387219210436012,0.8099999999999999,0.414193609605218,False,False,False,False,False,False,0.24419360960521796,0.2915671120343557
V2E02,M1,NEAR_LONG,BOTTLENECK_CENTER,0.31974451276014193,0.414193609605218,0.1671824481980196,-0.2470111614071984,0.018387219210436012,0.8099999999999999,0.414193609605218,False,False,False,False,False,False,0.24419360960521796,0.2915671120343557
V2E02,M1,NEAR_LONG,BOTTLENECK_CENTER,0.32017801123284634,0.414193609605218,0.16708548398980244,-0.24710812561541556,0.018387219210436012,0.8099999999999999,0.414193609605218,False,False,False,False,False,False,0.24419360960521796,0.2915671120343557
V2E02,M1,NEAR_LONG,BOTTLENECK_CENTER,0.32061150970555075,0.414193609605218,0.16698696479972638,-0.24720664480549162,0.018387219210436012,0.8099999999999999,0.414193609605218,False,False,False,False,False,False,0.24419360960521796,0.2915671120343557
V2E02,M1,NEAR_LONG,BOTTLENECK_CENTER,0.32104500817825515,0.414193609605218,0.16688690754338648,-0.24730670206183153,0.018387219210436012,0.8099999999999999,0.414193609605218,False,False,False,False,False,False,0.24419360960521796,0.2915671120343557
V2E02,M1,NEAR_LONG,BOTTLENECK_CENTER,0.32147850665095956,0.414193609605218,0.1667853297801479,-0.2474082798250701,0.018387219210436012,0.8099999999999999,0.414193609605218,False,False,False,False,False,False,0.24419360960521796,0.2915671120343557
V2E02,M1,NEAR_LONG,BOTTLENECK_CENTER,0.3219120051236639,0.414193609605218,0.1666822497010111,-0.24751135990420692,0.018387219210436012,0.8099999999999999,0.414193609605218,False,False,False,False,False,False,0.24419360960521796,0.2915671120343557
V2E02,M1,NEAR_LONG,BOTTLENECK_CENTER,0.3223455035963684,0.414193609605218,0.16657768611647666,-0.24761592348874134,0.018387219210436012,0.8099999999999999,0.414193609605218,False,False,False,False,False,False,0.24419360960521796,0.2915671120343557
V2E02,M1,NEAR_LONG,BOTTLENECK_CENTER,0.32277900206907273,0.414193609605218,0.16647165844441048,-0.24772195116080753,0.018387219210436012,0.8099999999999999,0.414193609605218,False,False,False,False,False,False,0.24419360960521796,0.2915671120343557
V2E02,M1,NEAR_LONG,BOTTLENECK_CENTER,0.3232125005417772,0.414193609605218,0.16636418669790862,-0.2478294229073094,0.018387219210436012,0.8099999999999999,0.414193609605218,False,False,False,False,False,False,0.24419360960521796,0.2915671120343557
V2E02,M1,NEAR_LONG,BOTTLENECK_CENTER,0.32364599901448154,0.414193609605218,0.16625529147316245,-0.24793831813205555,0.018387219210436012,0.8099999999999999,0.414193609605218,False,False,False,False,False,False,0.24419360960521796,0.2915671120343557
V2E02,M1,NEAR_LONG,BOTTLENECK_CENTER,0.32407949748718595,0.414193609605218,0.1661449939373236,-0.2480486156678944,0.018387219210436012,0.8099999999999999,0.414193609605218,False,False,False,False,False,False,0.24419360960521796,0.2915671120343557
V2E02,M1,NEAR_LONG,BOTTLENECK_CENTER,0.32451299595989036,0.414193609605218,0.16603331581636901,-0.248160293788849,0.018387219210436012,0.8099999999999999,0.414193609605218,False,False,False,False,False,False,0.24419360960521796,0.2915671120343557
V2E02,M1,NEAR_LONG,BOTTLENECK_CENTER,0.32494649443259477,0.414193609605218,0.16592027938296597,-0.24827333022225204,0.018387219210436012,0.8099999999999999,0.414193609605218,False,False,False,False,False,False,0.24419360960521796,0.2915671120343557
V2E02,M1,NEAR_LONG,BOTTLENECK_CENTER,0.3253799929052992,0.414193609605218,0.16580590744433701,-0.248387702160881,0.018387219210436012,0.8099999999999999,0.414193609605218,False,False,False,False,False,False,0.24419360960521796,0.2915671120343557
V2E02,M1,NEAR_LONG,BOTTLENECK_CENTER,0.3258134913780036,0.414193609605218,0.1656902233301251,-0.2485033862750929,0.018387219210436012,0.8099999999999999,0.414193609605218,False,False,False,False,False,False,0.24419360960521796,0.2915671120343557
V2E02,M1,NEAR_LONG,BOTTLENECK_CENTER,0.326246989850708,0.414193609605218,0.16557325088025854,-0.24862035872495947,0.018387219210436012,0.8099999999999999,0.414193609605218,False,False,False,False,False,False,0.24419360960521796,0.2915671120343557
V2E02,M1,NEAR_LONG,BOTTLENECK_CENTER,0.3266804883234124,0.414193609605218,0.16545501443281602,-0.248738595172402,0.018387219210436012,0.8099999999999999,0.414193609605218,False,False,False,False,False,False,0.24419360960521796,0.2915671120343557
V2E02,M1,NEAR_LONG,BOTTLENECK_CENTER,0.3271139867961168,0.414193609605218,0.1653355388118916,-0.2488580707933264,0.018387219210436012,0.8099999999999999,0.414193609605218,False,False,False,False,False,False,0.24419360960521796,0.2915671120343557
V2E02,M1,NEAR_LONG,BOTTLENECK_CENTER,0.32754748526882116,0.414193609605218,0.16521484931545988,-0.24897876028975813,0.018387219210436012,0.8099999999999999,0.414193609605218,False,False,False,False,False,False,0.24419360960521796,0.2915671120343557
V2E02,M1,NEAR_LONG,BOTTLENECK_CENTER,0.3279809837415256,0.414193609605218,0.1650929717032407,-0.2491006379019773,0.018387219210436012,0.8099999999999999,0.414193609605218,False,False,False,False,False,False,0.24419360960521796,0.2915671120343557
V2E02,M1,NEAR_LONG,BOTTLENECK_CENTER,0.32841448221423,0.414193609605218,0.16496993218456457,-0.24922367742065343,0.018387219210436012,0.8099999999999999,0.414193609605218,False,False,False,False,False,False,0.24419360960521796,0.2915671120343557
V2E02,M1,NEAR_LONG,BOTTLENECK_CENTER,0.32884798068693444,0.414193609605218,0.16484575740623725,-0.24934785219898076,0.018387219210436012,0.8099999999999999,0.414193609605218,False,False,False,False,False,False,0.24419360960521796,0.2915671120343557
V2E02,M1,NEAR_LONG,BOTTLENECK_CENTER,0.3292814791596388,0.414193609605218,0.16472047444040522,-0.2494731351648128,0.018387219210436012,0.8099999999999999,0.414193609605218,False,False,False,False,False,False,0.24419360960521796,0.2915671120343557
V2E02,M1,NEAR_LONG,BOTTLENECK_CENTER,0.32971497763234325,0.414193609605218,0.16459411077242025,-0.24959949883279775,0.018387219210436012,0.8099999999999999,0.414193609605218,False,False,False,False,False,False,0.24419360960521796,0.2915671120343557
V2E02,M1,NEAR_LONG,BOTTLENECK_CENTER,0.3301484761050476,0.414193609605218,0.16446669428870483,-0.24972691531651317,0.018387219210436012,0.8099999999999999,0.414193609605218,False,False,False,False,False,False,0.24419360960521796,0.2915671120343557
V2E02,M1,NEAR_LONG,BOTTLENECK_CENTER,0.330581974577752,0.414193609605218,0.16433825326461682,-0.2498553563406012,0.018387219210436012,0.8099999999999999,0.414193609605218,False,False,False,False,False,False,0.24419360960521796,0.2915671120343557
V2E02,M1,NEAR_LONG,BOTTLENECK_CENTER,0.3310154730504564,0.414193609605218,0.16420881635231477,-0.24998479325290324,0.018387219210436012,0.8099999999999999,0.414193609605218,False,False,False,False,False,False,0.24419360960521796,0.2915671120343557
V2E02,M1,NEAR_LONG,BOTTLENECK_CENTER,0.33144897152316083,0.414193609605218,0.16407841256862268,-0.25011519703659535,0.018387219210436012,0.8099999999999999,0.414193609605218,False,False,False,False,False,False,0.24419360960521796,0.2915671120343557
V2E02,M1,NEAR_LONG,BOTTLENECK_CENTER,0.33188246999586524,0.414193609605218,0.1639470712828953,-0.2502465383223227,0.018387219210436012,0.8099999999999999,0.414193609605218,False,False,False,False,False,False,0.24419360960521796,0.2915671120343557
V2E02,M1,NEAR_LONG,BOTTLENECK_CENTER,0.33231596846856964,0.414193609605218,0.16381482220488286,-0.25037878740033515,0.018387219210436012,0.8099999999999999,0.414193609605218,False,False,False,False,False,False,0.24419360960521796,0.2915671120343557
V2E02,M1,NEAR_LONG,BOTTLENECK_CENTER,0.33274946694127405,0.414193609605218,0.16368169537259625,-0.25051191423262176,0.018387219210436012,0.8099999999999999,0.414193609605218,False,False,False,False,False,False,0.24419360960521796,0.2915671120343557
V2E02,M1,NEAR_LONG,BOTTLENECK_CENTER,0.3331829654139784,0.414193609605218,0.16354772114017205,-0.250645888465046,0.018387219210436012,0.8099999999999999,0.414193609605218,False,False,False,False,False,False,0.24419360960521796,0.2915671120343557
V2E02,M1,NEAR_LONG,BOTTLENECK_CENTER,0.33361646388668287,0.414193609605218,0.16341293016573744,-0.25078067943948057,0.018387219210436012,0.8099999999999999,0.414193609605218,False,False,False,False,False,False,0.24419360960521796,0.2915671120343557
V2E02,M1,NEAR_LONG,BOTTLENECK_CENTER,0.3340499623593872,0.414193609605218,0.16327735339927538,-0.2509162562059426,0.018387219210436012,0.8099999999999999,0.414193609605218,False,False,False,False,False,False,0.24419360960521796,0.2915671120343557
V2E02,M1,NEAR_LONG,BOTTLENECK_CENTER,0.3344834608320917,0.414193609605218,0.16314102207048933,-0.2510525875347287,0.018387219210436012,0.8099999999999999,0.414193609605218,False,False,False,False,False,False,0.24419360960521796,0.2915671120343557
V2E02,M1,NEAR_LONG,BOTTLENECK_CENTER,0.33491695930479604,0.414193609605218,0.16300396767666875,-0.25118964192854926,0.018387219210436012,0.8099999999999999,0.414193609605218,False,False,False,False,False,False,0.24419360960521796,0.2915671120343557
V2E02,M1,NEAR_LONG,BOTTLENECK_CENTER,0.3353504577775005,0.414193609605218,0.16286622197055356,-0.25132738763466445,0.018387219210436012,0.8099999999999999,0.414193609605218,False,False,False,False,False,False,0.24419360960521796,0.2915671120343557
V2E02,M1,NEAR_LONG,BOTTLENECK_CENTER,0.33578395625020485,0.414193609605218,0.1627278169481996,-0.2514657926570184,0.018387219210436012,0.8099999999999999,0.414193609605218,False,False,False,False,False,False,0.24419360960521796,0.2915671120343557
V2E02,M1,NEAR_LONG,BOTTLENECK_CENTER,0.33621745472290926,0.414193609605218,0.16258878483684341,-0.2516048247683746,0.018387219210436012,0.8099999999999999,0.414193609605218,False,False,False,False,False,False,0.24419360960521796,0.2915671120343557
V2E02,M1,NEAR_LONG,BOTTLENECK_CENTER,0.33665095319561367,0.414193609605218,0.1624491580827673,-0.25174445152245073,0.018387219210436012,0.8099999999999999,0.414193609605218,False,False,False,False,False,False,0.24419360960521796,0.2915671120343557
V2E02,M1,NEAR_LONG,BOTTLENECK_CENTER,0.3370844516683181,0.414193609605218,0.16230896933916447,-0.2518846402660535,0.018387219210436012,0.8099999999999999,0.414193609605218,False,False,False,False,False,False,0.24419360960521796,0.2915671120343557
V2E02,M1,NEAR_LONG,BOTTLENECK_CENTER,0.3375179501410225,0.414193609605218,0.16216825145400382,-0.2520253581512142,0.018387219210436012,0.8099999999999999,0.414193609605218,False,False,False,False,False,False,0.24419360960521796,0.2915671120343557
V2E02,M1,NEAR_LONG,BOTTLENECK_CENTER,0.3379514486137269,0.414193609605218,0.16202703745789518,-0.25216657214732285,0.018387219210436012,0.8099999999999999,0.414193609605218,False,False,False,False,False,False,0.24419360960521796,0.2915671120343557
V2E02,M1,NEAR_LONG,BOTTLENECK_CENTER,0.3383849470864313,0.414193609605218,0.16188536055195418,-0.2523082490532638,0.018387219210436012,0.8099999999999999,0.414193609605218,False,False,False,False,False,False,0.24419360960521796,0.2915671120343557
V2E02,M1,NEAR_LONG,BOTTLENECK_CENTER,0.33881844555913565,0.414193609605218,0.16174325409566737,-0.25245035550955064,0.018387219210436012,0.8099999999999999,0.414193609605218,False,False,False,False,False,False,0.24419360960521796,0.2915671120343557
V2E02,M1,NEAR_LONG,BOTTLENECK_CENTER,0.3392519440318401,0.414193609605218,0.1616007515947571,-0.25259285801046094,0.018387219210436012,0.8099999999999999,0.414193609605218,False,False,False,False,False,False,0.24419360960521796,0.2915671120343557
V2E02,M1,NEAR_LONG,BOTTLENECK_CENTER,0.33968544250454447,0.414193609605218,0.16145788668904673,-0.2527357229161713,0.018387219210436012,0.8099999999999999,0.414193609605218,False,False,False,False,False,False,0.24419360960521796,0.2915671120343557
V2E02,M1,NEAR_LONG,BOTTLENECK_CENTER,0.34011894097724893,0.414193609605218,0.16131469314032545,-0.2528789164648926,0.018387219210436012,0.8099999999999999,0.414193609605218,False,False,False,False,False,False,0.24419360960521796,0.2915671120343557
V2E02,M1,NEAR_LONG,BOTTLENECK_CENTER,0.3405524394499533,0.414193609605218,0.16117120482021352,-0.2530224047850045,0.018387219210436012,0.8099999999999999,0.414193609605218,False,False,False,False,False,False,0.24419360960521796,0.2915671120343557
V2E02,M1,NEAR_LONG,BOTTLENECK_CENTER,0.34098593792265774,0.414193609605218,0.16102745569802698,-0.253166153907191,0.018387219210436012,0.8099999999999999,0.414193609605218,False,False,False,False,False,False,0.24419360960521796,0.2915671120343557
V2E02,M1,NEAR_LONG,BOTTLENECK_CENTER,0.3414194363953621,0.414193609605218,0.160883479828643,-0.25331012977657497,0.018387219210436012,0.8099999999999999,0.414193609605218,False,False,False,False,False,False,0.24419360960521796,0.2915671120343557
V2E02,M1,NEAR_LONG,BOTTLENECK_CENTER,0.3418529348680665,0.414193609605218,0.16073931134036468,-0.25345429826485333,0.018387219210436012,0.8099999999999999,0.414193609605218,False,False,False,False,False,False,0.24419360960521796,0.2915671120343557
V2E02,M1,NEAR_LONG,BOTTLENECK_CENTER,0.3422864333407709,0.414193609605218,0.16059498442278614,-0.25359862518243187,0.018387219210436012,0.8099999999999999,0.414193609605218,False,False,False,False,False,False,0.24419360960521796,0.2915671120343557
V2E02,M1,NEAR_LONG,BOTTLENECK_CENTER,0.3427199318134753,0.414193609605218,0.16045053331465747,-0.25374307629056053,0.018387219210436012,0.8099999999999999,0.414193609605218,False,False,False,False,False,False,0.24419360960521796,0.2915671120343557
V2E02,M1,NEAR_LONG,BOTTLENECK_CENTER,0.34315343028617973,0.414193609605218,0.1603059922917499,-0.2538876173134681,0.018387219210436012,0.8099999999999999,0.414193609605218,False,False,False,False,False,False,0.24419360960521796,0.2915671120343557
V2E02,M1,NEAR_LONG,BOTTLENECK_CENTER,0.34358692875888414,0.414193609605218,0.16016139565472065,-0.25403221395049735,0.018387219210436012,0.8099999999999999,0.414193609605218,False,False,False,False,False,False,0.24419360960521796,0.2915671120343557
V2E02,M1,NEAR_LONG,BOTTLENECK_CENTER,0.34402042723158854,0.414193609605218,0.1600167777169781,-0.2541768318882399,0.018387219210436012,0.8099999999999999,0.414193609605218,False,False,False,False,False,False,0.24419360960521796,0.2915671120343557
V2E02,M1,NEAR_LONG,BOTTLENECK_CENTER,0.3444539257042929,0.414193609605218,0.15987217279254662,-0.2543214368126714,0.018387219210436012,0.8099999999999999,0.414193609605218,False,False,False,False,False,False,0.24419360960521796,0.2915671120343557
V2E02,M1,NEAR_LONG,BOTTLENECK_CENTER,0.34488742417699736,0.414193609605218,0.15972761518393175,-0.25446599442128626,0.018387219210436012,0.8099999999999999,0.414193609605218,False,False,False,False,False,False,0.24419360960521796,0.2915671120343557
V2E02,M1,NEAR_LONG,BOTTLENECK_CENTER,0.3453209226497017,0.414193609605218,0.15958313916998518,-0.2546104704352328,0.018387219210436012,0.8099999999999999,0.414193609605218,False,False,False,False,False,False,0.24419360960521796,0.2915671120343557
V2E02,M1,NEAR_LONG,BOTTLENECK_CENTER,0.3457544211224062,0.414193609605218,0.1594387789937697,-0.2547548306114483,0.018387219210436012,0.8099999999999999,0.414193609605218,False,False,False,False,False,False,0.24419360960521796,0.2915671120343557
V2E02,M1,NEAR_LONG,BOTTLENECK_CENTER,0.3461879195951105,0.414193609605218,0.15929456885042437,-0.25489904075479364,0.018387219210436012,0.8099999999999999,0.414193609605218,False,False,False,False,False,False,0.24419360960521796,0.2915671120343557
V2E02,M1,NEAR_LONG,BOTTLENECK_CENTER,0.346621418067815,0.414193609605218,0.15915054287502922,-0.2550430667301888,0.018387219210436012,0.8099999999999999,0.414193609605218,False,False,False,False,False,False,0.24419360960521796,0.2915671120343557
V2E02,M1,NEAR_LONG,BOTTLENECK_CENTER,0.34705491654051934,0.414193609605218,0.15900673513047078,-0.2551868744747472,0.018387219210436012,0.8099999999999999,0.414193609605218,False,False,False,False,False,False,0.24419360960521796,0.2915671120343557
V2E02,M1,NEAR_LONG,BOTTLENECK_CENTER,0.34748841501322375,0.414193609605218,0.15886317959530655,-0.25533043000991146,0.018387219210436012,0.8099999999999999,0.414193609605218,False,False,False,False,False,False,0.24419360960521796,0.2915671120343557
V2E02,M1,NEAR_LONG,BOTTLENECK_CENTER,0.34792191348592816,0.414193609605218,0.15871991015163034,-0.25547369945358767,0.018387219210436012,0.8099999999999999,0.414193609605218,False,False,False,False,False,False,0.24419360960521796,0.2915671120343557
V2E02,M1,NEAR_LONG,BOTTLENECK_CENTER,0.34835541195863257,0.414193609605218,0.15857696057293724,-0.25561664903228076,0.018387219210436012,0.8099999999999999,0.414193609605218,False,False,False,False,False,False,0.24419360960521796,0.2915671120343557
V2E02,M1,NEAR_LONG,BOTTLENECK_CENTER,0.348788910431337,0.414193609605218,0.1584343645119886,-0.2557592450932294,0.018387219210436012,0.8099999999999999,0.414193609605218,False,False,False,False,False,False,0.24419360960521796,0.2915671120343557
V2E02,M1,NEAR_LONG,BOTTLENECK_CENTER,0.3492224089040414,0.414193609605218,0.1582921554886771,-0.2559014541165409,0.018387219210436012,0.8099999999999999,0.414193609605218,False,False,False,False,False,False,0.24419360960521796,0.2915671120343557
V2E02,M1,NEAR_LONG,BOTTLENECK_CENTER,0.3496559073767458,0.414193609605218,0.1581503668778916,-0.25604324272732637,0.018387219210436012,0.8099999999999999,0.414193609605218,False,False,False,False,False,False,0.24419360960521796,0.2915671120343557
V2E02,M1,NEAR_LONG,BOTTLENECK_CENTER,0.35008940584945014,0.414193609605218,0.15800903189738244,-0.25618457770783554,0.018387219210436012,0.8099999999999999,0.414193609605218,False,False,False,False,False,False,0.24419360960521796,0.2915671120343557
V2E02,M1,NEAR_LONG,BOTTLENECK_CENTER,0.3505229043221546,0.414193609605218,0.15786818359562615,-0.25632542600959185,0.018387219210436012,0.8099999999999999,0.414193609605218,False,False,False,False,False,False,0.24419360960521796,0.2915671120343557
V2E02,M1,NEAR_LONG,BOTTLENECK_CENTER,0.35095640279485896,0.414193609605218,0.15772785483969073,-0.25646575476552724,0.018387219210436012,0.8099999999999999,0.414193609605218,False,False,False,False,False,False,0.24419360960521796,0.2915671120343557
V2E02,M1,NEAR_LONG,BOTTLENECK_CENTER,0.3513899012675634,0.414193609605218,0.15758807830310048,-0.2566055313021175,0.018387219210436012,0.8099999999999999,0.414193609605218,False,False,False,False,False,False,0.24419360960521796,0.2915671120343557
V2E02,M1,NEAR_LONG,BOTTLENECK_CENTER,0.3518233997402678,0.414193609605218,0.1574488864537012,-0.2567447231515168,0.018387219210436012,0.8099999999999999,0.414193609605218,False,False,False,False,False,False,0.24419360960521796,0.2915671120343557
V2E02,M1,NEAR_LONG,BOTTLENECK_CENTER,0.35225689821297224,0.414193609605218,0.15731031154152492,-0.2568832980636931,0.018387219210436012,0.8099999999999999,0.414193609605218,False,False,False,False,False,False,0.24419360960521796,0.2915671120343557
V2E02,M1,NEAR_LONG,BOTTLENECK_CENTER,0.3526903966856766,0.414193609605218,0.1571723855866553,-0.2570212240185627,0.018387219210436012,0.8099999999999999,0.414193609605218,False,False,False,False,False,False,0.24419360960521796,0.2915671120343557
V2E02,M1,NEAR_LONG,BOTTLENECK_CENTER,0.353123895158381,0.414193609605218,0.1570351403670923,-0.2571584692381257,0.018387219210436012,0.8099999999999999,0.414193609605218,False,False,False,False,False,False,0.24419360960521796,0.2915671120343557
V2E02,M1,NEAR_LONG,BOTTLENECK_CENTER,0.3535573936310854,0.414193609605218,0.15689860740661737,-0.25729500219860063,0.018387219210436012,0.8099999999999999,0.414193609605218,False,False,False,False,False,False,0.24419360960521796,0.2915671120343557
V2E02,M1,NEAR_LONG,BOTTLENECK_CENTER,0.3539908921037898,0.414193609605218,0.15676281796265848,-0.25743079164255955,0.018387219210436012,0.8099999999999999,0.414193609605218,False,False,False,False,False,False,0.24419360960521796,0.2915671120343557
V2E02,M1,NEAR_LONG,BOTTLENECK_CENTER,0.3544243905764942,0.414193609605218,0.15662780301415505,-0.257565806591063,0.018387219210436012,0.8099999999999999,0.414193609605218,False,False,False,False,False,False,0.24419360960521796,0.2915671120343557
V2E02,M1,NEAR_LONG,BOTTLENECK_CENTER,0.3548578890491986,0.414193609605218,0.15649359324942305,-0.257700016355795,0.018387219210436012,0.8099999999999999,0.414193609605218,False,False,False,False,False,False,0.24419360960521796,0.2915671120343557
V2E02,M1,NEAR_LONG,BOTTLENECK_CENTER,0.35529138752190303,0.414193609605218,0.15636021905401998,-0.257833390551198,0.018387219210436012,0.8099999999999999,0.414193609605218,False,False,False,False,False,False,0.24419360960521796,0.2915671120343557
V2E02,M1,NEAR_LONG,BOTTLENECK_CENTER,0.3557248859946074,0.414193609605218,0.15622771049860987,-0.25796589910660817,0.018387219210436012,0.8099999999999999,0.414193609605218,False,False,False,False,False,False,0.24419360960521796,0.2915671120343557
V2E02,M1,NEAR_LONG,BOTTLENECK_CENTER,0.35615838446731185,0.414193609605218,0.15609609732682828,-0.25809751227838973,0.018387219210436012,0.8099999999999999,0.414193609605218,False,False,False,False,False,False,0.24419360960521796,0.2915671120343557
V2E02,M1,NEAR_LONG,BOTTLENECK_CENTER,0.3565918829400162,0.414193609605218,0.15596540894314742,-0.2582282006620706,0.018387219210436012,0.8099999999999999,0.414193609605218,False,False,False,False,False,False,0.24419360960521796,0.2915671120343557
V2E02,M1,NEAR_LONG,BOTTLENECK_CENTER,0.35702538141272067,0.414193609605218,0.1558356744007411,-0.2583579352044769,0.018387219210436012,0.8099999999999999,0.414193609605218,False,False,False,False,False,False,0.24419360960521796,0.2915671120343557
V2E02,M1,NEAR_LONG,BOTTLENECK_CENTER,0.357458879885425,0.414193609605218,0.15570692238934966,-0.2584866872158683,0.018387219210436012,0.8099999999999999,0.414193609605218,False,False,False,False,False,False,0.24419360960521796,0.2915671120343557
V2E02,M1,NEAR_LONG,BOTTLENECK_CENTER,0.3578923783581295,0.414193609605218,0.15557918122314518,-0.2586144283820728,0.018387219210436012,0.8099999999999999,0.414193609605218,False,False,False,False,False,False,0.24419360960521796,0.2915671120343557
V2E02,M1,NEAR_LONG,BOTTLENECK_CENTER,0.35832587683083383,0.414193609605218,0.15545247882859636,-0.25874113077662164,0.018387219210436012,0.8099999999999999,0.414193609605218,False,False,False,False,False,False,0.24419360960521796,0.2915671120343557
V2E02,M1,NEAR_LONG,BOTTLENECK_CENTER,0.35875937530353824,0.414193609605218,0.1553268427323335,-0.2588667668728845,0.018387219210436012,0.8099999999999999,0.414193609605218,False,False,False,False,False,False,0.24419360960521796,0.2915671120343557
V2E02,M1,NEAR_LONG,BOTTLENECK_CENTER,0.35919287377624265,0.414193609605218,0.1552023000490137,-0.2589913095562043,0.018387219210436012,0.8099999999999999,0.414193609605218,False,False,False,False,False,False,0.24419360960521796,0.2915671120343557
V2E02,M1,NEAR_LONG,BOTTLENECK_CENTER,0.35962637224894706,0.414193609605218,0.15507887746918567,-0.2591147321360323,0.018387219210436012,0.8099999999999999,0.414193609605218,False,False,False,False,False,False,0.24419360960521796,0.2915671120343557
V2E02,M1,NEAR_LONG,BOTTLENECK_CENTER,0.36005987072165146,0.414193609605218,0.1549566012471549,-0.25923700835806307,0.018387219210436012,0.8099999999999999,0.414193609605218,False,False,False,False,False,False,0.24419360960521796,0.2915671120343557
V2E02,M1,NEAR_LONG,BOTTLENECK_CENTER,0.3604933691943559,0.414193609605218,0.1548354971888486,-0.2593581124163694,0.018387219210436012,0.8099999999999999,0.414193609605218,False,False,False,False,False,False,0.24419360960521796,0.2915671120343557
V2E02,M1,NEAR_LONG,BOTTLENECK_CENTER,0.3609268676670603,0.414193609605218,0.1547155906396807,-0.2594780189655373,0.018387219210436012,0.8099999999999999,0.414193609605218,False,False,False,False,False,False,0.24419360960521796,0.2915671120343557
V2E02,M1,NEAR_LONG,BOTTLENECK_CENTER,0.36136036613976463,0.414193609605218,0.15459690647241703,-0.259596703132801,0.018387219210436012,0.8099999999999999,0.414193609605218,False,False,False,False,False,False,0.24419360960521796,0.2915671120343557
V2E02,M1,NEAR_LONG,BOTTLENECK_CENTER,0.3617938646124691,0.414193609605218,0.15447946907504,-0.259714140530178,0.018387219210436012,0.8099999999999999,0.414193609605218,False,False,False,False,False,False,0.24419360960521796,0.2915671120343557
V2E02,M1,NEAR_LONG,BOTTLENECK_CENTER,0.36222736308517345,0.414193609605218,0.15436330233861406,-0.25983030726660394,0.018387219210436012,0.8099999999999999,0.414193609605218,False,False,False,False,False,False,0.24419360960521796,0.2915671120343557
V2E02,M1,NEAR_LONG,BOTTLENECK_CENTER,0.3626608615578779,0.414193609605218,0.1542484296451503,-0.2599451799600677,0.018387219210436012,0.8099999999999999,0.414193609605218,False,False,False,False,False,False,0.24419360960521796,0.2915671120343557
V2E02,M1,NEAR_LONG,BOTTLENECK_CENTER,0.36309436003058226,0.414193609605218,0.15413487385547175,-0.26005873574974625,0.018387219210436012,0.8099999999999999,0.414193609605218,False,False,False,False,False,False,0.24419360960521796,0.2915671120343557
V2E02,M1,NEAR_LONG,BOTTLENECK_CENTER,0.3635278585032867,0.414193609605218,0.15402265729707829,-0.2601709523081397,0.018387219210436012,0.8099999999999999,0.414193609605218,False,False,False,False,False,False,0.24419360960521796,0.2915671120343557
V2E02,M1,NEAR_LONG,BOTTLENECK_CENTER,0.3639613569759911,0.414193609605218,0.1539118017520117,-0.2602818078532063,0.018387219210436012,0.8099999999999999,0.414193609605218,False,False,False,False,False,False,0.24419360960521796,0.2915671120343557
V2E02,M1,NEAR_LONG,BOTTLENECK_CENTER,0.3643948554486955,0.414193609605218,0.15380232844472053,-0.2603912811604975,0.018387219210436012,0.8099999999999999,0.414193609605218,False,False,False,False,False,False,0.24419360960521796,0.2915671120343557
V2E02,M1,NEAR_LONG,BOTTLENECK_CENTER,0.3648283539213999,0.414193609605218,0.15369425802992542,-0.2604993515752926,0.018387219210436012,0.8099999999999999,0.414193609605218,False,False,False,False,False,False,0.24419360960521796,0.2915671120343557
V2E02,M1,NEAR_LONG,BOTTLENECK_CENTER,0.3652618523941043,0.414193609605218,0.1535876105804838,-0.2606059990247342,0.018387219210436012,0.8099999999999999,0.414193609605218,False,False,False,False,False,False,0.24419360960521796,0.2915671120343557
V2E02,M1,NEAR_LONG,BOTTLENECK_CENTER,0.3656953508668087,0.414193609605218,0.15348240557525517,-0.26071120402996284,0.018387219210436012,0.8099999999999999,0.414193609605218,False,False,False,False,False,False,0.24419360960521796,0.2915671120343557
V2E02,M1,NEAR_LONG,BOTTLENECK_CENTER,0.3661288493395131,0.414193609605218,0.15337866188696583,-0.2608149477182522,0.018387219210436012,0.8099999999999999,0.414193609605218,False,False,False,False,False,False,0.24419360960521796,0.2915671120343557
V2E02,M1,NEAR_LONG,BOTTLENECK_CENTER,0.3665623478122175,0.414193609605218,0.15327639777007426,-0.2609172118351437,0.018387219210436012,0.8099999999999999,0.414193609605218,False,False,False,False,False,False,0.24419360960521796,0.2915671120343557
V2E02,M1,NEAR_LONG,BOTTLENECK_CENTER,0.3669958462849219,0.414193609605218,0.1531756308486358,-0.26101797875658217,0.018387219210436012,0.8099999999999999,0.414193609605218,False,False,False,False,False,False,0.24419360960521796,0.2915671120343557
V2E02,M1,NEAR_LONG,BOTTLENECK_CENTER,0.36742934475762634,0.414193609605218,0.15307637810416783,-0.26111723150105015,0.018387219210436012,0.8099999999999999,0.414193609605218,False,False,False,False,False,False,0.24419360960521796,0.2915671120343557
V2E02,M1,NEAR_LONG,BOTTLENECK_CENTER,0.3678628432303307,0.414193609605218,0.15297865586351478,-0.2612149537417032,0.018387219210436012,0.8099999999999999,0.414193609605218,False,False,False,False,False,False,0.24419360960521796,0.2915671120343557
V2E02,M1,NEAR_LONG,BOTTLENECK_CENTER,0.36829634170303516,0.414193609605218,0.15288247978671315,-0.26131112981850485,0.018387219210436012,0.8099999999999999,0.414193609605218,False,False,False,False,False,False,0.24419360960521796,0.2915671120343557
V2E02,M1,NEAR_LONG,BOTTLENECK_CENTER,0.3687298401757395,0.414193609605218,0.15278786485485651,-0.2614057447503615,0.018387219210436012,0.8099999999999999,0.414193609605218,False,False,False,False,False,False,0.24419360960521796,0.2915671120343557
V2E02,M1,NEAR_LONG,BOTTLENECK_CENTER,0.369163338648444,0.414193609605218,0.15269482535796042,-0.2614987842472576,0.018387219210436012,0.8099999999999999,0.414193609605218,False,False,False,False,False,False,0.24419360960521796,0.2915671120343557
V2E02,M1,NEAR_LONG,BOTTLENECK_CENTER,0.3695968371211483,0.414193609605218,0.15260337488282774,-0.2615902347223903,0.018387219210436012,0.8099999999999999,0.414193609605218,False,False,False,False,False,False,0.24419360960521796,0.2915671120343557
V2E02,M1,NEAR_LONG,BOTTLENECK_CENTER,0.37003033559385273,0.414193609605218,0.15251352630091322,-0.2616800833043048,0.018387219210436012,0.8099999999999999,0.414193609605218,False,False,False,False,False,False,0.24419360960521796,0.2915671120343557
V2E02,M1,NEAR_LONG,BOTTLENECK_CENTER,0.37046383406655714,0.414193609605218,0.15242529175618894,-0.2617683178490291,0.018387219210436012,0.8099999999999999,0.414193609605218,False,False,False,False,False,False,0.24419360960521796,0.2915671120343557
V2E02,M1,NEAR_LONG,BOTTLENECK_CENTER,0.37089733253926155,0.414193609605218,0.152338682653009,-0.261854926952209,0.018387219210436012,0.8099999999999999,0.414193609605218,False,False,False,False,False,False,0.24419360960521796,0.2915671120343557
V2E02,M1,NEAR_LONG,BOTTLENECK_CENTER,0.37133083101196596,0.414193609605218,0.15225370964397478,-0.2619398999612432,0.018387219210436012,0.8099999999999999,0.414193609605218,False,False,False,False,False,False,0.24419360960521796,0.2915671120343557
V2E02,M1,NEAR_LONG,BOTTLENECK_CENTER,0.37176432948467036,0.414193609605218,0.15217038261779975,-0.26202322698741826,0.018387219210436012,0.8099999999999999,0.414193609605218,False,False,False,False,False,False,0.24419360960521796,0.2915671120343557
V2E02,M1,NEAR_LONG,BOTTLENECK_CENTER,0.37219782795737477,0.414193609605218,0.15208871068717467,-0.26210489891804334,0.018387219210436012,0.8099999999999999,0.414193609605218,False,False,False,False,False,False,0.24419360960521796,0.2915671120343557
V2E02,M1,NEAR_LONG,BOTTLENECK_CENTER,0.3726313264300791,0.414193609605218,0.1520087021766325,-0.26218490742858547,0.018387219210436012,0.8099999999999999,0.414193609605218,False,False,False,False,False,False,0.24419360960521796,0.2915671120343557
V2E02,M1,NEAR_LONG,BOTTLENECK_CENTER,0.3730648249027836,0.414193609605218,0.15193036461041337,-0.26226324499480463,0.018387219210436012,0.8099999999999999,0.414193609605218,False,False,False,False,False,False,0.24419360960521796,0.2915671120343557
V2E02,M1,NEAR_LONG,BOTTLENECK_CENTER,0.37349832337548794,0.414193609605218,0.15185370470032986,-0.2623399049048881,0.018387219210436012,0.8099999999999999,0.414193609605218,False,False,False,False,False,False,0.24419360960521796,0.2915671120343557
V2E02,M1,NEAR_LONG,BOTTLENECK_CENTER,0.3739318218481924,0.414193609605218,0.15177872833363157,-0.2624148812715864,0.018387219210436012,0.8099999999999999,0.414193609605218,False,False,False,False,False,False,0.24419360960521796,0.2915671120343557
V2E02,M1,NEAR_LONG,BOTTLENECK_CENTER,0.37436532032089676,0.414193609605218,0.1517054405608706,-0.2624881690443474,0.018387219210436012,0.8099999999999999,0.414193609605218,False,False,False,False,False,False,0.24419360960521796,0.2915671120343557
V2E02,M1,NEAR_LONG,BOTTLENECK_CENTER,0.3747988187936012,0.414193609605218,0.15163384558376627,-0.26255976402145176,0.018387219210436012,0.8099999999999999,0.414193609605218,False,False,False,False,False,False,0.24419360960521796,0.2915671120343557
V2E02,M1,NEAR_LONG,BOTTLENECK_CENTER,0.37523231726630557,0.414193609605218,0.1515639467430703,-0.26262966286214773,0.018387219210436012,0.8099999999999999,0.414193609605218,False,False,False,False,False,False,0.24419360960521796,0.2915671120343557
V2E02,M1,NEAR_LONG,BOTTLENECK_CENTER,0.37566581573901,0.414193609605218,0.15149574650643163,-0.2626978630987864,0.018387219210436012,0.8099999999999999,0.414193609605218,False,False,False,False,False,False,0.24419360960521796,0.2915671120343557
V2E02,M1,NEAR_LONG,BOTTLENECK_CENTER,0.3760993142117144,0.414193609605218,0.15142924645626166,-0.26276436314895635,0.018387219210436012,0.8099999999999999,0.414193609605218,False,False,False,False,False,False,0.24419360960521796,0.2915671120343557
V2E02,M1,NEAR_LONG,BOTTLENECK_CENTER,0.3765328126844188,0.414193609605218,0.15136444727759918,-0.2628291623276188,0.018387219210436012,0.8099999999999999,0.414193609605218,False,False,False,False,False,False,0.24419360960521796,0.2915671120343557
V2E02,M1,NEAR_LONG,BOTTLENECK_CENTER,0.3769663111571232,0.414193609605218,0.1513013487459753,-0.26289226085924267,0.018387219210436012,0.8099999999999999,0.414193609605218,False,False,False,False,False,False,0.24419360960521796,0.2915671120343557
V2E02,M1,NEAR_LONG,BOTTLENECK_CENTER,0.3773998096298276,0.414193609605218,0.15123994971527865,-0.26295365988993935,0.018387219210436012,0.8099999999999999,0.414193609605218,False,False,False,False,False,False,0.24419360960521796,0.2915671120343557
V2E02,M1,NEAR_LONG,BOTTLENECK_CENTER,0.377833308102532,0.414193609605218,0.15118024810562022,-0.26301336149959775,0.018387219210436012,0.8099999999999999,0.414193609605218,False,False,False,False,False,False,0.24419360960521796,0.2915671120343557
V2E02,M1,NEAR_LONG,BOTTLENECK_CENTER,0.37826680657523637,0.414193609605218,0.15112224089119847,-0.26307136871401954,0.018387219210436012,0.8099999999999999,0.414193609605218,False,False,False,False,False,False,0.24419360960521796,0.2915671120343557
V2E02,M1,NEAR_LONG,BOTTLENECK_CENTER,0.37870030504794083,0.414193609605218,0.15106592408816433,-0.2631276855170537,0.018387219210436012,0.8099999999999999,0.414193609605218,False,False,False,False,False,False,0.24419360960521796,0.2915671120343557
V2E02,M1,NEAR_LONG,BOTTLENECK_CENTER,0.3791338035206452,0.414193609605218,0.1510112927424862,-0.2631823168627318,0.018387219210436012,0.8099999999999999,0.414193609605218,False,False,False,False,False,False,0.24419360960521796,0.2915671120343557
V2E02,M1,NEAR_LONG,BOTTLENECK_CENTER,0.37956730199334965,0.414193609605218,0.15095834091781501,-0.263235268687403,0.018387219210436012,0.8099999999999999,0.414193609605218,False,False,False,False,False,False,0.24419360960521796,0.2915671120343557
V2E02,M1,NEAR_LONG,BOTTLENECK_CENTER,0.380000800466054,0.414193609605218,0.15090706168334916,-0.26328654792186884,0.018387219210436012,0.8099999999999999,0.414193609605218,False,False,False,False,False,False,0.24419360960521796,0.2915671120343557
V2E02,M1,NEAR_LONG,BOTTLENECK_CENTER,0.38043429893875846,0.414193609605218,0.1508574471016997,-0.2633361625035183,0.018387219210436012,0.8099999999999999,0.414193609605218,False,False,False,False,False,False,0.24419360960521796,0.2915671120343557
V2E02,M1,NEAR_LONG,BOTTLENECK_CENTER,0.3808677974114628,0.414193609605218,0.15080948821675513,-0.2633841213884629,0.018387219210436012,0.8099999999999999,0.414193609605218,False,False,False,False,False,False,0.24419360960521796,0.2915671120343557
V2E02,M1,NEAR_LONG,BOTTLENECK_CENTER,0.3813012958841672,0.414193609605218,0.15076317504154652,-0.2634304345636715,0.018387219210436012,0.8099999999999999,0.414193609605218,False,False,False,False,False,False,0.24419360960521796,0.2915671120343557
V2E02,M1,NEAR_LONG,BOTTLENECK_CENTER,0.38173479435687163,0.414193609605218,0.1507184965461126,-0.2634751130591054,0.018387219210436012,0.8099999999999999,0.414193609605218,False,False,False,False,False,False,0.24419360960521796,0.2915671120343557
V2E02,M1,NEAR_LONG,BOTTLENECK_CENTER,0.38216829282957604,0.414193609605218,0.15067544064536467,-0.26351816895985336,0.018387219210436012,0.8099999999999999,0.414193609605218,False,False,False,False,False,False,0.24419360960521796,0.2915671120343557
V2E02,M1,NEAR_LONG,BOTTLENECK_CENTER,0.38260179130228045,0.414193609605218,0.15063399418695161,-0.2635596154182664,0.018387219210436012,0.8099999999999999,0.414193609605218,False,False,False,False,False,False,0.24419360960521796,0.2915671120343557
V2E02,M1,NEAR_LONG,BOTTLENECK_CENTER,0.38303528977498486,0.414193609605218,0.15059414293912504,-0.26359946666609296,0.018387219210436012,0.8099999999999999,0.414193609605218,False,False,False,False,False,False,0.24419360960521796,0.2915671120343557
V2E02,M1,NEAR_LONG,BOTTLENECK_CENTER,0.38346878824768926,0.414193609605218,0.15055587157860414,-0.26363773802661383,0.018387219210436012,0.8099999999999999,0.414193609605218,False,False,False,False,False,False,0.24419360960521796,0.2915671120343557
V2E02,M1,NEAR_LONG,BOTTLENECK_CENTER,0.3839022867203936,0.414193609605218,0.15051916367844084,-0.26367444592677713,0.018387219210436012,0.8099999999999999,0.414193609605218,False,False,False,False,False,False,0.24419360960521796,0.2915671120343557
V2E02,M1,NEAR_LONG,BOTTLENECK_CENTER,0.3843357851930981,0.414193609605218,0.15048400169588474,-0.2637096079093333,0.018387219210436012,0.8099999999999999,0.414193609605218,False,False,False,False,False,False,0.24419360960521796,0.2915671120343557
V2E02,M1,NEAR_LONG,BOTTLENECK_CENTER,0.38476928366580243,0.414193609605218,0.15045036696024813,-0.26374324264496984,0.018387219210436012,0.8099999999999999,0.414193609605218,False,False,False,False,False,False,0.24419360960521796,0.2915671120343557
V2E02,M1,NEAR_LONG,BOTTLENECK_CENTER,0.3852027821385069,0.414193609605218,0.15041823966077106,-0.26377536994444695,0.018387219210436012,0.8099999999999999,0.414193609605218,False,False,False,False,False,False,0.24419360960521796,0.2915671120343557
V2E02,M1,NEAR_LONG,BOTTLENECK_CENTER,0.38563628061121125,0.414193609605218,0.15038759883448632,-0.2638060107707317,0.018387219210436012,0.8099999999999999,0.414193609605218,False,False,False,False,False,False,0.24419360960521796,0.2915671120343557
V2E02,M1,NEAR_LONG,BOTTLENECK_CENTER,0.3860697790839157,0.414193609605218,0.1503584223540844,-0.26383518725113364,0.018387219210436012,0.8099999999999999,0.414193609605218,False,False,False,False,False,False,0.24419360960521796,0.2915671120343557
V2E02,M1,NEAR_LONG,BOTTLENECK_CENTER,0.38650327755662006,0.414193609605218,0.15033068691577867,-0.26386292268943934,0.018387219210436012,0.8099999999999999,0.414193609605218,False,False,False,False,False,False,0.24419360960521796,0.2915671120343557
V2E02,M1,NEAR_LONG,BOTTLENECK_CENTER,0.38693677602932447,0.414193609605218,0.15030436802717026,-0.2638892415780477,0.018387219210436012,0.8099999999999999,0.414193609605218,False,False,False,False,False,False,0.24419360960521796,0.2915671120343557
V2E02,M1,NEAR_LONG,BOTTLENECK_CENTER,0.3873702745020289,0.414193609605218,0.15027943999511312,-0.2639141696101049,0.018387219210436012,0.8099999999999999,0.414193609605218,False,False,False,False,False,False,0.24419360960521796,0.2915671120343557
V2E02,M1,NEAR_LONG,BOTTLENECK_CENTER,0.3878037729747333,0.414193609605218,0.15025587591357897,-0.26393773369163903,0.018387219210436012,0.8099999999999999,0.414193609605218,False,False,False,False,False,False,0.24419360960521796,0.2915671120343557
V2E02,M1,NEAR_LONG,BOTTLENECK_CENTER,0.3882372714474377,0.414193609605218,0.15023364765152247,-0.26395996195369553,0.018387219210436012,0.8099999999999999,0.414193609605218,False,False,False,False,False,False,0.24419360960521796,0.2915671120343557
V2E02,M1,NEAR_LONG,BOTTLENECK_CENTER,0.3886707699201421,0.414193609605218,0.1502127258407461,-0.26398088376447193,0.018387219210436012,0.8099999999999999,0.414193609605218,False,False,False,False,False,False,0.24419360960521796,0.2915671120343557
V2E02,M1,NEAR_LONG,BOTTLENECK_CENTER,0.3891042683928465,0.414193609605218,0.15019307986376523,-0.26400052974145277,0.018387219210436012,0.8099999999999999,0.414193609605218,False,False,False,False,False,False,0.24419360960521796,0.2915671120343557
V2E02,M1,NEAR_LONG,BOTTLENECK_CENTER,0.38953776686555086,0.414193609605218,0.15017467784167315,-0.26401893176354485,0.018387219210436012,0.8099999999999999,0.414193609605218,False,False,False,False,False,False,0.24419360960521796,0.2915671120343557
V2E02,M1,NEAR_LONG,BOTTLENECK_CENTER,0.3899712653382553,0.414193609605218,0.15015748662200606,-0.26403612298321194,0.018387219210436012,0.8099999999999999,0.414193609605218,False,False,False,False,False,False,0.24419360960521796,0.2915671120343557
V2E02,M1,NEAR_LONG,BOTTLENECK_CENTER,0.3904047638109597,0.414193609605218,0.15014147176660808,-0.2640521378386099,0.018387219210436012,0.8099999999999999,0.414193609605218,False,False,False,False,False,False,0.24419360960521796,0.2915671120343557
V2E02,M1,NEAR_LONG,BOTTLENECK_CENTER,0.39083826228366414,0.414193609605218,0.15012659753949628,-0.2640670120657217,0.018387219210436012,0.8099999999999999,0.414193609605218,False,False,False,False,False,False,0.24419360960521796,0.2915671120343557
V2E02,M1,NEAR_LONG,BOTTLENECK_CENTER,0.3912717607563685,0.414193609605218,0.15011282689472577,-0.26408078271049223,0.018387219210436012,0.8099999999999999,0.414193609605218,False,False,False,False,False,False,0.24419360960521796,0.2915671120343557
V2E02,M1,NEAR_LONG,BOTTLENECK_CENTER,0.39170525922907296,0.414193609605218,0.1501001214642545,-0.2640934881409635,0.018387219210436012,0.8099999999999999,0.414193609605218,False,False,False,False,False,False,0.24419360960521796,0.2915671120343557
V2E02,M1,NEAR_LONG,BOTTLENECK_CENTER,0.3921387577017773,0.414193609605218,0.1500884415458087,-0.2641051680594093,0.018387219210436012,0.8099999999999999,0.414193609605218,False,False,False,False,False,False,0.24419360960521796,0.2915671120343557
V2E02,M1,NEAR_LONG,BOTTLENECK_CENTER,0.3925722561744817,0.414193609605218,0.15007774609074725,-0.26411586351447075,0.018387219210436012,0.8099999999999999,0.414193609605218,False,False,False,False,False,False,0.24419360960521796,0.2915671120343557
V2E02,M1,NEAR_LONG,BOTTLENECK_CENTER,0.3930057546471861,0.414193609605218,0.15006799269192744,-0.26412561691329056,0.018387219210436012,0.8099999999999999,0.414193609605218,False,False,False,False,False,False,0.24419360960521796,0.2915671120343557
V2E02,M1,NEAR_LONG,BOTTLENECK_CENTER,0.39343925311989053,0.414193609605218,0.1500591375715693,-0.2641344720336487,0.018387219210436012,0.8099999999999999,0.414193609605218,False,False,False,False,False,False,0.24419360960521796,0.2915671120343557
V2E02,M1,NEAR_LONG,BOTTLENECK_CENTER,0.39387275159259494,0.414193609605218,0.15005113556912122,-0.2641424740360968,0.018387219210436012,0.8099999999999999,0.414193609605218,False,False,False,False,False,False,0.24419360960521796,0.2915671120343557
V2E02,M1,NEAR_LONG,BOTTLENECK_CENTER,0.39430625006529935,0.414193609605218,0.15004394012912445,-0.26414966947609353,0.018387219210436012,0.8099999999999999,0.414193609605218,False,False,False,False,False,False,0.24419360960521796,0.2915671120343557
V2E02,M1,NEAR_LONG,BOTTLENECK_CENTER,0.39473974853800375,0.414193609605218,0.1500375032890785,-0.2641561063161395,0.018387219210436012,0.8099999999999999,0.414193609605218,False,False,False,False,False,False,0.24419360960521796,0.2915671120343557
V2E02,M1,NEAR_LONG,BOTTLENECK_CENTER,0.39517324701070816,0.414193609605218,0.1500317756673059,-0.2641618339379121,0.018387219210436012,0.8099999999999999,0.414193609605218,False,False,False,False,False,False,0.24419360960521796,0.2915671120343557
V2E02,M1,NEAR_LONG,BOTTLENECK_CENTER,0.39560674548341257,0.414193609605218,0.15002670645081742,-0.2641669031544006,0.018387219210436012,0.8099999999999999,0.414193609605218,False,False,False,False,False,False,0.24419360960521796,0.2915671120343557
V2E02,M1,NEAR_LONG,BOTTLENECK_CENTER,0.3960402439561169,0.414193609605218,0.150022243383177,-0.264171366222041,0.018387219210436012,0.8099999999999999,0.414193609605218,False,False,False,False,False,False,0.24419360960521796,0.2915671120343557
V2E02,M1,NEAR_LONG,BOTTLENECK_CENTER,0.3964737424288214,0.414193609605218,0.15001833275236662,-0.26417527685285136,0.018387219210436012,0.8099999999999999,0.414193609605218,False,False,False,False,False,False,0.24419360960521796,0.2915671120343557
V2E02,M1,NEAR_LONG,BOTTLENECK_CENTER,0.39690724090152574,0.414193609605218,0.1500149193786516,-0.26417869022656637,0.018387219210436012,0.8099999999999999,0.414193609605218,False,False,False,False,False,False,0.24419360960521796,0.2915671120343557
V2E02,M1,NEAR_LONG,BOTTLENECK_CENTER,0.3973407393742302,0.414193609605218,0.15001194660244546,-0.26418166300277257,0.018387219210436012,0.8099999999999999,0.414193609605218,False,False,False,False,False,False,0.24419360960521796,0.2915671120343557
V2E02,M1,NEAR_LONG,BOTTLENECK_CENTER,0.39777423784693455,0.414193609605218,0.15000935627217485,-0.2641842533330432,0.018387219210436012,0.8099999999999999,0.414193609605218,False,False,False,False,False,False,0.24419360960521796,0.2915671120343557
V2E02,M1,NEAR_LONG,BOTTLENECK_CENTER,0.39820773631963896,0.414193609605218,0.15000708873214477,-0.26418652087307326,0.018387219210436012,0.8099999999999999,0.414193609605218,False,False,False,False,False,False,0.24419360960521796,0.2915671120343557
V2E02,M1,NEAR_LONG,BOTTLENECK_CENTER,0.39864123479234337,0.414193609605218,0.15000508281040345,-0.2641885267948145,0.018387219210436012,0.8099999999999999,0.414193609605218,False,False,False,False,False,False,0.24419360960521796,0.2915671120343557
V2E02,M1,NEAR_LONG,BOTTLENECK_CENTER,0.3990747332650478,0.414193609605218,0.15000327580660744,-0.26419033379861057,0.018387219210436012,0.8099999999999999,0.414193609605218,False,False,False,False,False,False,0.24419360960521796,0.2915671120343557
V2E02,M1,NEAR_LONG,BOTTLENECK_CENTER,0.3995082317377522,0.414193609605218,0.1500016034798865,-0.2641920061253315,0.018387219210436012,0.8099999999999999,0.414193609605218,False,False,False,False,False,False,0.24419360960521796,0.2915671120343557
V2E02,M1,NEAR_LONG,BOTTLENECK_CENTER,0.3999417302104566,0.414193609605218,0.15000000003670882,-0.2641936095685092,0.018387219210436012,0.8099999999999999,0.414193609605218,False,False,False,False,False,False,0.24419360960521796,0.2915671120343557
V2E08,M0_V1,FROZEN_V1_CURVATURE_CONTINUITY,CURVATURE_CONTINUITY,1e-08,-0.15000000000000002,-0.008081264823471103,0.14191873517652892,-0.7725,-0.0022362930768520806,-0.387368146538426,False,True,False,False,False,False,5.551115123125783e-17,0.38937218813195335
V2E08,M0_V1,FROZEN_V1_CURVATURE_CONTINUITY,CURVATURE_CONTINUITY,0.0007787543562639067,-0.15000000000000002,-0.00808129966102008,0.14191870033897994,-0.7725,-0.0022362930768520806,-0.387368146538426,False,False,False,False,False,False,5.551115123125783e-17,0.38937218813195335
V2E08,M0_V1,FROZEN_V1_CURVATURE_CONTINUITY,CURVATURE_CONTINUITY,0.0015574987125278133,-0.15000000000000002,-0.008081542312352433,0.1419184576876476,-0.7725,-0.0022362930768520806,-0.387368146538426,False,False,False,False,False,False,5.551115123125783e-17,0.38937218813195335
V2E08,M0_V1,FROZEN_V1_CURVATURE_CONTINUITY,CURVATURE_CONTINUITY,0.0023362430687917197,-0.15000000000000002,-0.008082197281091288,0.14191780271890875,-0.7725,-0.0022362930768520806,-0.387368146538426,False,False,False,False,False,False,5.551115123125783e-17,0.38937218813195335
V2E08,M0_V1,FROZEN_V1_CURVATURE_CONTINUITY,CURVATURE_CONTINUITY,0.0031149874250556266,-0.15000000000000002,-0.008083465481631366,0.14191653451836866,-0.7725,-0.0022362930768520806,-0.387368146538426,False,False,False,False,False,False,5.551115123125783e-17,0.38937218813195335
V2E08,M0_V1,FROZEN_V1_CURVATURE_CONTINUITY,CURVATURE_CONTINUITY,0.0038937317813195335,-0.15000000000000002,-0.008085544259945203,0.14191445574005482,-0.7725,-0.0022362930768520806,-0.387368146538426,False,False,False,False,False,False,5.551115123125783e-17,0.38937218813195335
V2E08,M0_V1,FROZEN_V1_CURVATURE_CONTINUITY,CURVATURE_CONTINUITY,0.0046724761375834395,-0.15000000000000002,-0.008088627414389381,0.14191137258561065,-0.7725,-0.0022362930768520806,-0.387368146538426,False,False,False,False,False,False,5.551115123125783e-17,0.38937218813195335
V2E08,M0_V1,FROZEN_V1_CURVATURE_CONTINUITY,CURVATURE_CONTINUITY,0.005451220493847346,-0.15000000000000002,-0.008092905216510772,0.14190709478348926,-0.7725,-0.0022362930768520806,-0.387368146538426,False,False,False,False,False,False,5.551115123125783e-17,0.38937218813195335
V2E08,M0_V1,FROZEN_V1_CURVATURE_CONTINUITY,CURVATURE_CONTINUITY,0.006229964850111253,-0.15000000000000002,-0.008098564431852752,0.14190143556814727,-0.7725,-0.0022362930768520806,-0.387368146538426,False,False,False,False,False,False,5.551115123125783e-17,0.38937218813195335
V2E08,M0_V1,FROZEN_V1_CURVATURE_CONTINUITY,CURVATURE_CONTINUITY,0.00700870920637516,-0.15000000000000002,-0.008105788340761444,0.14189421165923857,-0.7725,-0.0022362930768520806,-0.387368146538426,False,False,False,False,False,False,5.551115123125783e-17,0.38937218813195335
V2E08,M0_V1,FROZEN_V1_CURVATURE_CONTINUITY,CURVATURE_CONTINUITY,0.007787453562639067,-0.15000000000000002,-0.008114756759191946,0.1418852432408081,-0.7725,-0.0022362930768520806,-0.387368146538426,False,False,False,False,False,False,5.551115123125783e-17,0.38937218813195335
V2E08,M0_V1,FROZEN_V1_CURVATURE_CONTINUITY,CURVATURE_CONTINUITY,0.008566197918902974,-0.15000000000000002,-0.008125646059514562,0.14187435394048545,-0.7725,-0.0022362930768520806,-0.387368146538426,False,False,False,False,False,False,5.551115123125783e-17,0.38937218813195335
V2E08,M0_V1,FROZEN_V1_CURVATURE_CONTINUITY,CURVATURE_CONTINUITY,0.009344942275166879,-0.15000000000000002,-0.008138629191321032,0.141861370808679,-0.7725,-0.0022362930768520806,-0.387368146538426,False,False,False,False,False,False,5.551115123125783e-17,0.38937218813195335
V2E08,M0_V1,FROZEN_V1_CURVATURE_CONTINUITY,CURVATURE_CONTINUITY,0.010123686631430786,-0.15000000000000002,-0.008153875702230765,0.14184612429776927,-0.7725,-0.0022362930768520806,-0.387368146538426,False,False,False,False,False,False,5.551115123125783e-17,0.38937218813195335
V2E08,M0_V1,FROZEN_V1_CURVATURE_CONTINUITY,CURVATURE_CONTINUITY,0.010902430987694693,-0.15000000000000002,-0.008171551758697075,0.14182844824130295,-0.7725,-0.0022362930768520806,-0.387368146538426,False,False,False,False,False,False,5.551115123125783e-17,0.38937218813195335
V2E08,M0_V1,FROZEN_V1_CURVATURE_CONTINUITY,CURVATURE_CONTINUITY,0.0116811753439586,-0.15000000000000002,-0.008191820166813402,0.1418081798331866,-0.7725,-0.0022362930768520806,-0.387368146538426,False,False,False,False,False,False,5.551115123125783e-17,0.38937218813195335
V2E08,M0_V1,FROZEN_V1_CURVATURE_CONTINUITY,CURVATURE_CONTINUITY,0.012459919700222507,-0.15000000000000002,-0.00821484039311955,0.14178515960688048,-0.7725,-0.0022362930768520806,-0.387368146538426,False,False,False,False,False,False,5.551115123125783e-17,0.38937218813195335
V2E08,M0_V1,FROZEN_V1_CURVATURE_CONTINUITY,CURVATURE_CONTINUITY,0.013238664056486413,-0.15000000000000002,-0.00824076858540792,0.1417592314145921,-0.7725,-0.0022362930768520806,-0.387368146538426,False,False,False,False,False,False,5.551115123125783e-17,0.38937218813195335
V2E08,M0_V1,FROZEN_V1_CURVATURE_CONTINUITY,CURVATURE_CONTINUITY,0.01401740841275032,-0.15000000000000002,-0.008269757593529735,0.14173024240647028,-0.7725,-0.0022362930768520806,-0.387368146538426,False,False,False,False,False,False,5.551115123125783e-17,0.38937218813195335
V2E08,M0_V1,FROZEN_V1_CURVATURE_CONTINUITY,CURVATURE_CONTINUITY,0.014796152769014227,-0.15000000000000002,-0.008301956990201276,0.14169804300979874,-0.7725,-0.0022362930768520806,-0.387368146538426,False,False,False,False,False,False,5.551115123125783e-17,0.38937218813195335
V2E08,M0_V1,FROZEN_V1_CURVATURE_CONTINUITY,CURVATURE_CONTINUITY,0.015574897125278134,-0.15000000000000002,-0.008337513091810115,0.14166248690818992,-0.7725,-0.0022362930768520806,-0.387368146538426,False,False,False,False,False,False,5.551115123125783e-17,0.38937218813195335
V2E08,M0_V1,FROZEN_V1_CURVATURE_CONTINUITY,CURVATURE_CONTINUITY,0.01635364148154204,-0.15000000000000002,-0.008376568979221339,0.14162343102077868,-0.7725,-0.0022362930768520806,-0.387368146538426,False,False,False,False,False,False,5.551115123125783e-17,0.38937218813195335
V2E08,M0_V1,FROZEN_V1_CURVATURE_CONTINUITY,CURVATURE_CONTINUITY,0.01713238583780595,-0.15000000000000002,-0.008419264518583786,0.14158073548141623,-0.7725,-0.0022362930768520806,-0.387368146538426,False,False,False,False,False,False,5.551115123125783e-17,0.38937218813195335
V2E08,M0_V1,FROZEN_V1_CURVATURE_CONTINUITY,CURVATURE_CONTINUITY,0.017911130194069855,-0.15000000000000002,-0.008465736382136279,0.14153426361786375,-0.7725,-0.0022362930768520806,-0.387368146538426,False,False,False,False,False,False,5.551115123125783e-17,0.38937218813195335
V2E08,M0_V1,FROZEN_V1_CURVATURE_CONTINUITY,CURVATURE_CONTINUITY,0.01868987455033376,-0.15000000000000002,-0.008516118069013855,0.14148388193098616,-0.7725,-0.0022362930768520806,-0.387368146538426,False,False,False,False,False,False,5.551115123125783e-17,0.38937218813195335
V2E08,M0_V1,FROZEN_V1_CURVATURE_CONTINUITY,CURVATURE_CONTINUITY,0.01946861890659767,-0.15000000000000002,-0.008570539926053992,0.14142946007394602,-0.7725,-0.0022362930768520806,-0.387368146538426,False,False,False,False,False,False,5.551115123125783e-17,0.38937218813195335
V2E08,M0_V1,FROZEN_V1_CURVATURE_CONTINUITY,CURVATURE_CONTINUITY,0.020247363262861574,-0.15000000000000002,-0.008629129168602848,0.14137087083139718,-0.7725,-0.0022362930768520806,-0.387368146538426,False,False,False,False,False,False,5.551115123125783e-17,0.38937218813195335
V2E08,M0_V1,FROZEN_V1_CURVATURE_CONTINUITY,CURVATURE_CONTINUITY,0.021026107619125482,-0.15000000000000002,-0.008692009901321485,0.14130799009867853,-0.7725,-0.0022362930768520806,-0.387368146538426,False,False,False,False,False,False,5.551115123125783e-17,0.38937218813195335
V2E08,M0_V1,FROZEN_V1_CURVATURE_CONTINUITY,CURVATURE_CONTINUITY,0.021804851975389387,-0.15000000000000002,-0.008759303138992104,0.14124069686100793,-0.7725,-0.0022362930768520806,-0.387368146538426,False,False,False,False,False,False,5.551115123125783e-17,0.38937218813195335
V2E08,M0_V1,FROZEN_V1_CURVATURE_CONTINUITY,CURVATURE_CONTINUITY,0.022583596331653296,-0.15000000000000002,-0.00883112682732428,0.14116887317267574,-0.7725,-0.0022362930768520806,-0.387368146538426,False,False,False,False,False,False,5.551115123125783e-17,0.38937218813195335
V2E08,M0_V1,FROZEN_V1_CURVATURE_CONTINUITY,CURVATURE_CONTINUITY,0.0233623406879172,-0.15000000000000002,-0.008907595863761183,0.14109240413623883,-0.7725,-0.0022362930768520806,-0.387368146538426,False,False,False,False,False,False,5.551115123125783e-17,0.38937218813195335
V2E08,M0_V1,FROZEN_V1_CURVATURE_CONTINUITY,CURVATURE_CONTINUITY,0.02414108504418111,-0.15000000000000002,-0.008988822118285823,0.1410111778817142,-0.7725,-0.0022362930768520806,-0.387368146538426,False,False,False,False,False,False,5.551115123125783e-17,0.38937218813195335
V2E08,M0_V1,FROZEN_V1_CURVATURE_CONTINUITY,CURVATURE_CONTINUITY,0.024919829400445015,-0.15000000000000002,-0.009074914454227267,0.14092508554577277,-0.7725,-0.0022362930768520806,-0.387368146538426,False,False,False,False,False,False,5.551115123125783e-17,0.38937218813195335
V2E08,M0_V1,FROZEN_V1_CURVATURE_CONTINUITY,CURVATURE_CONTINUITY,0.02569857375670892,-0.15000000000000002,-0.009165978749066881,0.14083402125093314,-0.7725,-0.0022362930768520806,-0.387368146538426,False,False,False,False,False,False,5.551115123125783e-17,0.38937218813195335
V2E08,M0_V1,FROZEN_V1_CURVATURE_CONTINUITY,CURVATURE_CONTINUITY,0.02647731811297283,-0.15000000000000002,-0.009262117915244561,0.14073788208475546,-0.7725,-0.0022362930768520806,-0.387368146538426,False,False,False,False,False,False,5.551115123125783e-17,0.38937218813195335
V2E08,M0_V1,FROZEN_V1_CURVATURE_CONTINUITY,CURVATURE_CONTINUITY,0.027256062469236734,-0.15000000000000002,-0.009363431920964952,0.14063656807903507,-0.7725,-0.0022362930768520806,-0.387368146538426,False,False,False,False,False,False,5.551115123125783e-17,0.38937218813195335
V2E08,M0_V1,FROZEN_V1_CURVATURE_CONTINUITY,CURVATURE_CONTINUITY,0.028034806825500642,-0.15000000000000002,-0.009470017811003697,0.14052998218899632,-0.7725,-0.0022362930768520806,-0.387368146538426,False,False,False,False,False,False,5.551115123125783e-17,0.38937218813195335
V2E08,M0_V1,FROZEN_V1_CURVATURE_CONTINUITY,CURVATURE_CONTINUITY,0.028813551181764548,-0.15000000000000002,-0.009581969727513654,0.14041803027248637,-0.7725,-0.0022362930768520806,-0.387368146538426,False,False,False,False,False,False,5.551115123125783e-17,0.38937218813195335
V2E08,M0_V1,FROZEN_V1_CURVATURE_CONTINUITY,CURVATURE_CONTINUITY,0.029592295538028456,-0.15000000000000002,-0.009699378930831136,0.14030062106916888,-0.7725,-0.0022362930768520806,-0.387368146538426,False,False,False,False,False,False,5.551115123125783e-17,0.38937218813195335
V2E08,M0_V1,FROZEN_V1_CURVATURE_CONTINUITY,CURVATURE_CONTINUITY,0.03037103989429236,-0.15000000000000002,-0.009822333820282136,0.14017766617971789,-0.7725,-0.0022362930768520806,-0.387368146538426,False,False,False,False,False,False,5.551115123125783e-17,0.38937218813195335
V2E08,M0_V1,FROZEN_V1_CURVATURE_CONTINUITY,CURVATURE_CONTINUITY,0.03114978425055627,-0.15000000000000002,-0.009950919954988566,0.14004908004501146,-0.7725,-0.0022362930768520806,-0.387368146538426,False,False,False,False,False,False,5.551115123125783e-17,0.38937218813195335
V2E08,M0_V1,FROZEN_V1_CURVATURE_CONTINUITY,CURVATURE_CONTINUITY,0.031928528606820175,-0.15000000000000002,-0.010085220074674483,0.13991477992532553,-0.7725,-0.0022362930768520806,-0.387368146538426,False,False,False,False,False,False,5.551115123125783e-17,0.38937218813195335
V2E08,M0_V1,FROZEN_V1_CURVATURE_CONTINUITY,CURVATURE_CONTINUITY,0.03270727296308408,-0.15000000000000002,-0.010225314120472315,0.1397746858795277,-0.7725,-0.0022362930768520806,-0.387368146538426,False,False,False,False,False,False,5.551115123125783e-17,0.38937218813195335
V2E08,M0_V1,FROZEN_V1_CURVATURE_CONTINUITY,CURVATURE_CONTINUITY,0.033486017319347985,-0.15000000000000002,-0.010371279255729109,0.1396287207442709,-0.7725,-0.0022362930768520806,-0.387368146538426,False,False,False,False,False,False,5.551115123125783e-17,0.38937218813195335
V2E08,M0_V1,FROZEN_V1_CURVATURE_CONTINUITY,CURVATURE_CONTINUITY,0.0342647616756119,-0.15000000000000002,-0.010523189886812744,0.13947681011318727,-0.7725,-0.0022362930768520806,-0.387368146538426,False,False,False,False,False,False,5.551115123125783e-17,0.38937218813195335
V2E08,M0_V1,FROZEN_V1_CURVATURE_CONTINUITY,CURVATURE_CONTINUITY,0.0350435060318758,-0.15000000000000002,-0.010681117683918169,0.13931888231608186,-0.7725,-0.0022362930768520806,-0.387368146538426,False,False,False,False,False,False,5.551115123125783e-17,0.38937218813195335
V2E08,M0_V1,FROZEN_V1_CURVATURE_CONTINUITY,CURVATURE_CONTINUITY,0.03582225038813971,-0.15000000000000002,-0.010845131601873644,0.13915486839812638,-0.7725,-0.0022362930768520806,-0.387368146538426,False,False,False,False,False,False,5.551115123125783e-17,0.38937218813195335
V2E08,M0_V1,FROZEN_V1_CURVATURE_CONTINUITY,CURVATURE_CONTINUITY,0.03660099474440361,-0.15000000000000002,-0.011015297900946956,0.13898470209905306,-0.7725,-0.0022362930768520806,-0.387368146538426,False,False,False,False,False,False,5.551115123125783e-17,0.38937218813195335
V2E08,M0_V1,FROZEN_V1_CURVATURE_CONTINUITY,CURVATURE_CONTINUITY,0.03737973910066752,-0.15000000000000002,-0.011191680167651657,0.13880831983234837,-0.7725,-0.0022362930768520806,-0.387368146538426,False,False,False,False,False,False,5.551115123125783e-17,0.38937218813195335
V2E08,M0_V1,FROZEN_V1_CURVATURE_CONTINUITY,CURVATURE_CONTINUITY,0.03815848345693143,-0.15000000000000002,-0.011374339335553301,0.13862566066444673,-0.7725,-0.0022362930768520806,-0.387368146538426,False,False,False,False,False,False,5.551115123125783e-17,0.38937218813195335
V2E08,M0_V1,FROZEN_V1_CURVATURE_CONTINUITY,CURVATURE_CONTINUITY,0.038937227813195335,-0.15000000000000002,-0.011563333706075664,0.13843666629392437,-0.7725,-0.0022362930768520806,-0.387368146538426,False,False,False,False,False,False,5.551115123125783e-17,0.38937218813195335
V2E08,M0_V1,FROZEN_V1_CURVATURE_CONTINUITY,CURVATURE_CONTINUITY,0.03971597216945924,-0.15000000000000002,-0.01175871896930698,0.13824128103069305,-0.7725,-0.0022362930768520806,-0.387368146538426,False,False,False,False,False,False,5.551115123125783e-17,0.38937218813195335
V2E08,M0_V1,FROZEN_V1_CURVATURE_CONTINUITY,CURVATURE_CONTINUITY,0.040494716525723146,-0.15000000000000002,-0.011960548224806182,0.13803945177519383,-0.7725,-0.0022362930768520806,-0.387368146538426,False,False,False,False,False,False,5.551115123125783e-17,0.38937218813195335
V2E08,M0_V1,FROZEN_V1_CURVATURE_CONTINUITY,CURVATURE_CONTINUITY,0.04127346088198706,-0.15000000000000002,-0.01216887200240912,0.1378311279975909,-0.7725,-0.0022362930768520806,-0.387368146538426,False,False,False,False,False,False,5.551115123125783e-17,0.38937218813195335
V2E08,M0_V1,FROZEN_V1_CURVATURE_CONTINUITY,CURVATURE_CONTINUITY,0.04205220523825096,-0.15000000000000002,-0.012383738283034792,0.13761626171696523,-0.7725,-0.0022362930768520806,-0.387368146538426,False,False,False,False,False,False,5.551115123125783e-17,0.38937218813195335
V2E08,M0_V1,FROZEN_V1_CURVATURE_CONTINUITY,CURVATURE_CONTINUITY,0.04283094959451487,-0.15000000000000002,-0.012605192519491586,0.13739480748050845,-0.7725,-0.0022362930768520806,-0.387368146538426,False,False,False,False,False,False,5.551115123125783e-17,0.38937218813195335
V2E08,M0_V1,FROZEN_V1_CURVATURE_CONTINUITY,CURVATURE_CONTINUITY,0.04360969395077877,-0.15000000000000002,-0.012833277657283506,0.1371667223427165,-0.7725,-0.0022362930768520806,-0.387368146538426,False,False,False,False,False,False,5.551115123125783e-17,0.38937218813195335
V2E08,M0_V1,FROZEN_V1_CURVATURE_CONTINUITY,CURVATURE_CONTINUITY,0.04438843830704268,-0.15000000000000002,-0.0130680341554164,0.13693196584458361,-0.7725,-0.0022362930768520806,-0.387368146538426,False,False,False,False,False,False,5.551115123125783e-17,0.38937218813195335
V2E08,M0_V1,FROZEN_V1_CURVATURE_CONTINUITY,CURVATURE_CONTINUITY,0.04516718266330659,-0.15000000000000002,-0.013309500007204201,0.1366904999927958,-0.7725,-0.0022362930768520806,-0.387368146538426,False,False,False,False,False,False,5.551115123125783e-17,0.38937218813195335
V2E08,M0_V1,FROZEN_V1_CURVATURE_CONTINUITY,CURVATURE_CONTINUITY,0.045945927019570496,-0.15000000000000002,-0.013557710761075138,0.13644228923892487,-0.7725,-0.0022362930768520806,-0.387368146538426,False,False,False,False,False,False,5.551115123125783e-17,0.38937218813195335
V2E08,M0_V1,FROZEN_V1_CURVATURE_CONTINUITY,CURVATURE_CONTINUITY,0.0467246713758344,-0.15000000000000002,-0.013812699541377992,0.13618730045862204,-0.7725,-0.0022362930768520806,-0.387368146538426,False,False,False,False,False,False,5.551115123125783e-17,0.38937218813195335
V2E08,M0_V1,FROZEN_V1_CURVATURE_CONTINUITY,CURVATURE_CONTINUITY,0.047503415732098306,-0.15000000000000002,-0.014074497069188322,0.1359255029308117,-0.7725,-0.0022362930768520806,-0.387368146538426,False,False,False,False,False,False,5.551115123125783e-17,0.38937218813195335
V2E08,M0_V1,FROZEN_V1_CURVATURE_CONTINUITY,CURVATURE_CONTINUITY,0.04828216008836222,-0.15000000000000002,-0.014343131683114674,0.13565686831688534,-0.7725,-0.0022362930768520806,-0.387368146538426,False,False,False,False,False,False,5.551115123125783e-17,0.38937218813195335
V2E08,M0_V1,FROZEN_V1_CURVATURE_CONTINUITY,CURVATURE_CONTINUITY,0.04906090444462612,-0.15000000000000002,-0.01461862936010484,0.1353813706398952,-0.7725,-0.0022362930768520806,-0.387368146538426,False,False,False,False,False,False,5.551115123125783e-17,0.38937218813195335
V2E08,M0_V1,FROZEN_V1_CURVATURE_CONTINUITY,CURVATURE_CONTINUITY,0.04983964880089003,-0.15000000000000002,-0.014901013736252078,0.13509898626374794,-0.7725,-0.0022362930768520806,-0.387368146538426,False,False,False,False,False,False,5.551115123125783e-17,0.38937218813195335
V2E08,M0_V1,FROZEN_V1_CURVATURE_CONTINUITY,CURVATURE_CONTINUITY,0.05061839315715393,-0.15000000000000002,-0.015190306127601338,0.1348096938723987,-0.7725,-0.0022362930768520806,-0.387368146538426,False,False,False,False,False,False,5.551115123125783e-17,0.38937218813195335
V2E08,M0_V1,FROZEN_V1_CURVATURE_CONTINUITY,CURVATURE_CONTINUITY,0.05139713751341784,-0.15000000000000002,-0.015486525550955504,0.13451347444904452,-0.7725,-0.0022362930768520806,-0.387368146538426,False,False,False,False,False,False,5.551115123125783e-17,0.38937218813195335
V2E08,M0_V1,FROZEN_V1_CURVATURE_CONTINUITY,CURVATURE_CONTINUITY,0.05217588186968175,-0.15000000000000002,-0.01578968874468162,0.1342103112553184,-0.7725,-0.0022362930768520806,-0.387368146538426,False,False,False,False,False,False,5.551115123125783e-17,0.38937218813195335
V2E08,M0_V1,FROZEN_V1_CURVATURE_CONTINUITY,CURVATURE_CONTINUITY,0.052954626225945656,-0.15000000000000002,-0.016099810189517116,0.1339001898104829,-0.7725,-0.0022362930768520806,-0.387368146538426,False,False,False,False,False,False,5.551115123125783e-17,0.38937218813195335
V2E08,M0_V1,FROZEN_V1_CURVATURE_CONTINUITY,CURVATURE_CONTINUITY,0.05373337058220956,-0.15000000000000002,-0.016416902129376056,0.13358309787062397,-0.7725,-0.0022362930768520806,-0.387368146538426,False,False,False,False,False,False,5.551115123125783e-17,0.38937218813195335
V2E08,M0_V1,FROZEN_V1_CURVATURE_CONTINUITY,CURVATURE_CONTINUITY,0.054512114938473466,-0.15000000000000002,-0.016740974592155344,0.13325902540784468,-0.7725,-0.0022362930768520806,-0.387368146538426,False,False,False,False,False,False,5.551115123125783e-17,0.38937218813195335
V2E08,M0_V1,FROZEN_V1_CURVATURE_CONTINUITY,CURVATURE_CONTINUITY,0.05529085929473738,-0.15000000000000002,-0.017072035410540982,0.13292796458945905,-0.7725,-0.0022362930768520806,-0.387368146538426,False,False,False,False,False,False,5.551115123125783e-17,0.38937218813195335
V2E08,M0_V1,FROZEN_V1_CURVATURE_CONTINUITY,CURVATURE_CONTINUITY,0.05606960365100128,-0.15000000000000002,-0.017410090242814282,0.13258990975718574,-0.7725,-0.0022362930768520806,-0.387368146538426,False,False,False,False,False,False,5.551115123125783e-17,0.38937218813195335
V2E08,M0_V1,FROZEN_V1_CURVATURE_CONTINUITY,CURVATURE_CONTINUITY,0.05684834800726519,-0.15000000000000002,-0.017755142593658107,0.13224485740634193,-0.7725,-0.0022362930768520806,-0.387368146538426,False,False,False,False,False,False,5.551115123125783e-17,0.38937218813195335
V2E08,M0_V1,FROZEN_V1_CURVATURE_CONTINUITY,CURVATURE_CONTINUITY,0.057627092363529094,-0.15000000000000002,-0.018107193834963092,0.13189280616503693,-0.7725,-0.0022362930768520806,-0.387368146538426,False,False,False,False,False,False,5.551115123125783e-17,0.38937218813195335
V2E08,M0_V1,FROZEN_V1_CURVATURE_CONTINUITY,CURVATURE_CONTINUITY,0.058405836719793,-0.15000000000000002,-0.0184662432266339,0.13153375677336612,-0.7725,-0.0022362930768520806,-0.387368146538426,False,False,False,False,False,False,5.551115123125783e-17,0.38937218813195335
V2E08,M0_V1,FROZEN_V1_CURVATURE_CONTINUITY,CURVATURE_CONTINUITY,0.05918458107605691,-0.15000000000000002,-0.01883228793739542,0.1311677120626046,-0.7725,-0.0022362930768520806,-0.387368146538426,False,False,False,False,False,False,5.551115123125783e-17,0.38937218813195335
V2E08,M0_V1,FROZEN_V1_CURVATURE_CONTINUITY,CURVATURE_CONTINUITY,0.059963325432320816,-0.15000000000000002,-0.01920532306559901,0.130794676934401,-0.7725,-0.0022362930768520806,-0.387368146538426,False,False,False,False,False,False,5.551115123125783e-17,0.38937218813195335
V2E08,M0_V1,FROZEN_V1_CURVATURE_CONTINUITY,CURVATURE_CONTINUITY,0.06074206978858472,-0.15000000000000002,-0.01958534166002876,0.13041465833997126,-0.7725,-0.0022362930768520806,-0.387368146538426,False,False,False,False,False,False,5.551115123125783e-17,0.38937218813195335
V2E08,M0_V1,FROZEN_V1_CURVATURE_CONTINUITY,CURVATURE_CONTINUITY,0.061520814144848626,-0.15000000000000002,-0.01997233474070767,0.13002766525929235,-0.7725,-0.0022362930768520806,-0.387368146538426,False,False,False,False,False,False,5.551115123125783e-17,0.38937218813195335
V2E08,M0_V1,FROZEN_V1_CURVATURE_CONTINUITY,CURVATURE_CONTINUITY,0.06229955850111254,-0.15000000000000002,-0.020366291319703914,0.1296337086802961,-0.7725,-0.0022362930768520806,-0.387368146538426,False,False,False,False,False,False,5.551115123125783e-17,0.38937218813195335
V2E08,M0_V1,FROZEN_V1_CURVATURE_CONTINUITY,CURVATURE_CONTINUITY,0.06307830285737644,-0.15000000000000002,-0.020767198421937066,0.12923280157806297,-0.7725,-0.0022362930768520806,-0.387368146538426,False,False,False,False,False,False,5.551115123125783e-17,0.38937218813195335
V2E08,M0_V1,FROZEN_V1_CURVATURE_CONTINUITY,CURVATURE_CONTINUITY,0.06385704721364034,-0.15000000000000002,-0.021175041105984335,0.12882495889401568,-0.7725,-0.0022362930768520806,-0.387368146538426,False,False,False,False,False,False,5.551115123125783e-17,0.38937218813195335
V2E08,M0_V1,FROZEN_V1_CURVATURE_CONTINUITY,CURVATURE_CONTINUITY,0.06463579156990425,-0.15000000000000002,-0.0215898024848868,0.12841019751511323,-0.7725,-0.0022362930768520806,-0.387368146538426,False,False,False,False,False,False,5.551115123125783e-17,0.38937218813195335
V2E08,M0_V1,FROZEN_V1_CURVATURE_CONTINUITY,CURVATURE_CONTINUITY,0.06541453592616815,-0.15000000000000002,-0.022011463746955597,0.12798853625304443,-0.7725,-0.0022362930768520806,-0.387368146538426,False,False,False,False,False,False,5.551115123125783e-17,0.38937218813195335
V2E08,M0_V1,FROZEN_V1_CURVATURE_CONTINUITY,CURVATURE_CONTINUITY,0.06619328028243206,-0.15000000000000002,-0.022440004176578213,0.1275599958234218,-0.7725,-0.0022362930768520806,-0.387368146538426,False,False,False,False,False,False,5.551115123125783e-17,0.38937218813195335
V2E08,M0_V1,FROZEN_V1_CURVATURE_CONTINUITY,CURVATURE_CONTINUITY,0.06697202463869596,-0.15000000000000002,-0.022875401175024693,0.12712459882497534,-0.7725,-0.0022362930768520806,-0.387368146538426,False,False,False,False,False,False,5.551115123125783e-17,0.38937218813195335
V2E08,M0_V1,FROZEN_V1_CURVATURE_CONTINUITY,CURVATURE_CONTINUITY,0.06775076899495988,-0.15000000000000002,-0.023317630281253873,0.12668236971874614,-0.7725,-0.0022362930768520806,-0.387368146538426,False,False,False,False,False,False,5.551115123125783e-17,0.38937218813195335
V2E08,M0_V1,FROZEN_V1_CURVATURE_CONTINUITY,CURVATURE_CONTINUITY,0.06852951335122379,-0.15000000000000002,-0.023766665192719583,0.12623333480728044,-0.7725,-0.0022362930768520806,-0.387368146538426,False,False,False,False,False,False,5.551115123125783e-17,0.38937218813195335
V2E08,M0_V1,FROZEN_V1_CURVATURE_CONTINUITY,CURVATURE_CONTINUITY,0.06930825770748769,-0.15000000000000002,-0.024222477786176914,0.1257775222138231,-0.7725,-0.0022362930768520806,-0.387368146538426,False,False,False,False,False,False,5.551115123125783e-17,0.38937218813195335
V2E08,M0_V1,FROZEN_V1_CURVATURE_CONTINUITY,CURVATURE_CONTINUITY,0.0700870020637516,-0.15000000000000002,-0.024685038138488435,0.1253149618615116,-0.7725,-0.0022362930768520806,-0.387368146538426,False,False,False,False,False,False,5.551115123125783e-17,0.38937218813195335
V2E08,M0_V1,FROZEN_V1_CURVATURE_CONTINUITY,CURVATURE_CONTINUITY,0.0708657464200155,-0.15000000000000002,-0.025154314547430445,0.12484568545256958,-0.7725,-0.0022362930768520806,-0.387368146538426,False,False,False,False,False,False,5.551115123125783e-17,0.38937218813195335
V2E08,M0_V1,FROZEN_V1_CURVATURE_CONTINUITY,CURVATURE_CONTINUITY,0.07164449077627941,-0.15000000000000002,-0.02563027355249916,0.12436972644750086,-0.7725,-0.0022362930768520806,-0.387368146538426,False,False,False,False,False,False,5.551115123125783e-17,0.38937218813195335
V2E08,M0_V1,FROZEN_V1_CURVATURE_CONTINUITY,CURVATURE_CONTINUITY,0.07242323513254331,-0.15000000000000002,-0.026112879955716983,0.12388712004428304,-0.7725,-0.0022362930768520806,-0.387368146538426,False,False,False,False,False,False,5.551115123125783e-17,0.38937218813195335
V2E08,M0_V1,FROZEN_V1_CURVATURE_CONTINUITY,CURVATURE_CONTINUITY,0.07320197948880722,-0.15000000000000002,-0.026602096842438736,0.12339790315756129,-0.7725,-0.0022362930768520806,-0.387368146538426,False,False,False,False,False,False,5.551115123125783e-17,0.38937218813195335
V2E08,M0_V1,FROZEN_V1_CURVATURE_CONTINUITY,CURVATURE_CONTINUITY,0.07398072384507112,-0.15000000000000002,-0.02709788560215786,0.12290211439784215,-0.7725,-0.0022362930768520806,-0.387368146538426,False,False,False,False,False,False,5.551115123125783e-17,0.38937218813195335
V2E08,M0_V1,FROZEN_V1_CURVATURE_CONTINUITY,CURVATURE_CONTINUITY,0.07475946820133503,-0.15000000000000002,-0.027600205949312666,0.12239979405068735,-0.7725,-0.0022362930768520806,-0.387368146538426,False,False,False,False,False,False,5.551115123125783e-17,0.38937218813195335
V2E08,M0_V1,FROZEN_V1_CURVATURE_CONTINUITY,CURVATURE_CONTINUITY,0.07553821255759895,-0.15000000000000002,-0.02810901594409257,0.12189098405590745,-0.7725,-0.0022362930768520806,-0.387368146538426,False,False,False,False,False,False,5.551115123125783e-17,0.38937218813195335
V2E08,M0_V1,FROZEN_V1_CURVATURE_CONTINUITY,CURVATURE_CONTINUITY,0.07631695691386285,-0.15000000000000002,-0.028624272013244308,0.12137572798675572,-0.7725,-0.0022362930768520806,-0.387368146538426,False,False,False,False,False,False,5.551115123125783e-17,0.38937218813195335
V2E08,M0_V1,FROZEN_V1_CURVATURE_CONTINUITY,CURVATURE_CONTINUITY,0.07709570127012676,-0.15000000000000002,-0.0291459289708782,0.12085407102912182,-0.7725,-0.0022362930768520806,-0.387368146538426,False,False,False,False,False,False,5.551115123125783e-17,0.38937218813195335
V2E08,M0_V1,FROZEN_V1_CURVATURE_CONTINUITY,CURVATURE_CONTINUITY,0.07787444562639066,-0.15000000000000002,-0.029673940039274337,0.12032605996072568,-0.7725,-0.0022362930768520806,-0.387368146538426,False,False,False,False,False,False,5.551115123125783e-17,0.38937218813195335
V2E08,M0_V1,FROZEN_V1_CURVATURE_CONTINUITY,CURVATURE_CONTINUITY,0.07865318998265457,-0.15000000000000002,-0.03020825686968888,0.11979174313031114,-0.7725,-0.0022362930768520806,-0.387368146538426,False,False,False,False,False,False,5.551115123125783e-17,0.38937218813195335
V2E08,M0_V1,FROZEN_V1_CURVATURE_CONTINUITY,CURVATURE_CONTINUITY,0.07943193433891847,-0.15000000000000002,-0.030748829563160163,0.11925117043683986,-0.7725,-0.0022362930768520806,-0.387368146538426,False,False,False,False,False,False,5.551115123125783e-17,0.38937218813195335
V2E08,M0_V1,FROZEN_V1_CURVATURE_CONTINUITY,CURVATURE_CONTINUITY,0.08021067869518238,-0.15000000000000002,-0.03129560669131509,0.11870439330868493,-0.7725,-0.0022362930768520806,-0.387368146538426,False,False,False,False,False,False,5.551115123125783e-17,0.38937218813195335
V2E08,M0_V1,FROZEN_V1_CURVATURE_CONTINUITY,CURVATURE_CONTINUITY,0.08098942305144628,-0.15000000000000002,-0.03184853531717524,0.11815146468282478,-0.7725,-0.0022362930768520806,-0.387368146538426,False,False,False,False,False,False,5.551115123125783e-17,0.38937218813195335
V2E08,M0_V1,FROZEN_V1_CURVATURE_CONTINUITY,CURVATURE_CONTINUITY,0.08176816740771019,-0.15000000000000002,-0.03240756101596316,0.11759243898403686,-0.7725,-0.0022362930768520806,-0.387368146538426,False,False,False,False,False,False,5.551115123125783e-17,0.38937218813195335
V2E08,M0_V1,FROZEN_V1_CURVATURE_CONTINUITY,CURVATURE_CONTINUITY,0.0825469117639741,-0.15000000000000002,-0.032972627895908574,0.11702737210409145,-0.7725,-0.0022362930768520806,-0.387368146538426,False,False,False,False,False,False,5.551115123125783e-17,0.38937218813195335
V2E08,M0_V1,FROZEN_V1_CURVATURE_CONTINUITY,CURVATURE_CONTINUITY,0.08332565612023801,-0.15000000000000002,-0.03354367861905463,0.11645632138094539,-0.7725,-0.0022362930768520806,-0.387368146538426,False,False,False,False,False,False,5.551115123125783e-17,0.38937218813195335
V2E08,M0_V1,FROZEN_V1_CURVATURE_CONTINUITY,CURVATURE_CONTINUITY,0.08410440047650192,-0.15000000000000002,-0.034120654422064065,0.11587934557793596,-0.7725,-0.0022362930768520806,-0.387368146538426,False,False,False,False,False,False,5.551115123125783e-17,0.38937218813195335
V2E08,M0_V1,FROZEN_V1_CURVATURE_CONTINUITY,CURVATURE_CONTINUITY,0.08488314483276582,-0.15000000000000002,-0.03470349513702558,0.11529650486297444,-0.7725,-0.0022362930768520806,-0.387368146538426,False,False,False,False,False,False,5.551115123125783e-17,0.38937218813195335
V2E08,M0_V1,FROZEN_V1_CURVATURE_CONTINUITY,CURVATURE_CONTINUITY,0.08566188918902973,-0.15000000000000002,-0.03529213921225992,0.1147078607877401,-0.7725,-0.0022362930768520806,-0.387368146538426,False,False,False,False,False,False,5.551115123125783e-17,0.38937218813195335
V2E08,M0_V1,FROZEN_V1_CURVATURE_CONTINUITY,CURVATURE_CONTINUITY,0.08644063354529363,-0.15000000000000002,-0.035886523733126174,0.11411347626687385,-0.7725,-0.0022362930768520806,-0.387368146538426,False,False,False,False,False,False,5.551115123125783e-17,0.38937218813195335
V2E08,M0_V1,FROZEN_V1_CURVATURE_CONTINUITY,CURVATURE_CONTINUITY,0.08721937790155754,-0.15000000000000002,-0.036486584442828034,0.11351341555717198,-0.7725,-0.0022362930768520806,-0.387368146538426,False,False,False,False,False,False,5.551115123125783e-17,0.38937218813195335
V2E08,M0_V1,FROZEN_V1_CURVATURE_CONTINUITY,CURVATURE_CONTINUITY,0.08799812225782144,-0.15000000000000002,-0.037092255763219985,0.11290774423678004,-0.7725,-0.0022362930768520806,-0.387368146538426,False,False,False,False,False,False,5.551115123125783e-17,0.38937218813195335
V2E08,M0_V1,FROZEN_V1_CURVATURE_CONTINUITY,CURVATURE_CONTINUITY,0.08877686661408535,-0.15000000000000002,-0.037703470815613496,0.11229652918438653,-0.7725,-0.0022362930768520806,-0.387368146538426,False,False,False,False,False,False,5.551115123125783e-17,0.38937218813195335
V2E08,M0_V1,FROZEN_V1_CURVATURE_CONTINUITY,CURVATURE_CONTINUITY,0.08955561097034927,-0.15000000000000002,-0.03832016144158337,0.11167983855841665,-0.7725,-0.0022362930768520806,-0.387368146538426,False,False,False,False,False,False,5.551115123125783e-17,0.38937218813195335
V2E08,M0_V1,FROZEN_V1_CURVATURE_CONTINUITY,CURVATURE_CONTINUITY,0.09033435532661317,-0.15000000000000002,-0.03894225822377384,0.11105774177622618,-0.7725,-0.0022362930768520806,-0.387368146538426,False,False,False,False,False,False,5.551115123125783e-17,0.38937218813195335
V2E08,M0_V1,FROZEN_V1_CURVATURE_CONTINUITY,CURVATURE_CONTINUITY,0.09111309968287708,-0.15000000000000002,-0.039569690506704905,0.11043030949329512,-0.7725,-0.0022362930768520806,-0.387368146538426,False,False,False,False,False,False,5.551115123125783e-17,0.38937218813195335
V2E08,M0_V1,FROZEN_V1_CURVATURE_CONTINUITY,CURVATURE_CONTINUITY,0.09189184403914098,-0.15000000000000002,-0.04020238641757853,0.10979761358242149,-0.7725,-0.0022362930768520806,-0.387368146538426,False,False,False,False,False,False,5.551115123125783e-17,0.38937218813195335
V2E08,M0_V1,FROZEN_V1_CURVATURE_CONTINUITY,CURVATURE_CONTINUITY,0.09267058839540489,-0.15000000000000002,-0.04084027288708483,0.10915972711291519,-0.7725,-0.0022362930768520806,-0.387368146538426,False,False,False,False,False,False,5.551115123125783e-17,0.38937218813195335
V2E08,M0_V1,FROZEN_V1_CURVATURE_CONTINUITY,CURVATURE_CONTINUITY,0.09344933275166879,-0.15000000000000002,-0.04148327567020837,0.10851672432979165,-0.7725,-0.0022362930768520806,-0.387368146538426,False,False,False,False,False,False,5.551115123125783e-17,0.38937218813195335
V2E08,M0_V1,FROZEN_V1_CURVATURE_CONTINUITY,CURVATURE_CONTINUITY,0.0942280771079327,-0.15000000000000002,-0.042131319367034355,0.10786868063296567,-0.7725,-0.0022362930768520806,-0.387368146538426,False,False,False,False,False,False,5.551115123125783e-17,0.38937218813195335
V2E08,M0_V1,FROZEN_V1_CURVATURE_CONTINUITY,CURVATURE_CONTINUITY,0.0950068214641966,-0.15000000000000002,-0.042784327443554884,0.10721567255644514,-0.7725,-0.0022362930768520806,-0.387368146538426,False,False,False,False,False,False,5.551115123125783e-17,0.38937218813195335
V2E08,M0_V1,FROZEN_V1_CURVATURE_CONTINUITY,CURVATURE_CONTINUITY,0.09578556582046051,-0.15000000000000002,-0.04344222225247515,0.10655777774752487,-0.7725,-0.0022362930768520806,-0.387368146538426,False,False,False,False,False,False,5.551115123125783e-17,0.38937218813195335
V2E08,M0_V1,FROZEN_V1_CURVATURE_CONTINUITY,CURVATURE_CONTINUITY,0.09656431017672443,-0.15000000000000002,-0.04410492505401974,0.10589507494598027,-0.7725,-0.0022362930768520806,-0.387368146538426,False,False,False,False,False,False,5.551115123125783e-17,0.38937218813195335
V2E08,M0_V1,FROZEN_V1_CURVATURE_CONTINUITY,CURVATURE_CONTINUITY,0.09734305453298833,-0.15000000000000002,-0.04477235603673873,0.10522764396326129,-0.7725,-0.0022362930768520806,-0.387368146538426,False,False,False,False,False,False,5.551115123125783e-17,0.38937218813195335
V2E08,M0_V1,FROZEN_V1_CURVATURE_CONTINUITY,CURVATURE_CONTINUITY,0.09812179888925224,-0.15000000000000002,-0.04544443433831408,0.10455556566168595,-0.7725,-0.0022362930768520806,-0.387368146538426,False,False,False,False,False,False,5.551115123125783e-17,0.38937218813195335
V2E08,M0_V1,FROZEN_V1_CURVATURE_CONTINUITY,CURVATURE_CONTINUITY,0.09890054324551614,-0.15000000000000002,-0.04612107806636576,0.10387892193363427,-0.7725,-0.0022362930768520806,-0.387368146538426,False,False,False,False,False,False,5.551115123125783e-17,0.38937218813195335
V2E08,M0_V1,FROZEN_V1_CURVATURE_CONTINUITY,CURVATURE_CONTINUITY,0.09967928760178005,-0.15000000000000002,-0.046802204319258044,0.10319779568074197,-0.7725,-0.0022362930768520806,-0.387368146538426,False,False,False,False,False,False,5.551115123125783e-17,0.38937218813195335
V2E08,M0_V1,FROZEN_V1_CURVATURE_CONTINUITY,CURVATURE_CONTINUITY,0.10045803195804395,-0.15000000000000002,-0.047487729206905645,0.10251227079309438,-0.7725,-0.0022362930768520806,-0.387368146538426,False,True,False,False,False,False,5.551115123125783e-17,0.38937218813195335
V2E08,M0_V1,FROZEN_V1_CURVATURE_CONTINUITY,CURVATURE_CONTINUITY,0.10123677631430786,-0.15000000000000002,-0.04817756787158007,0.10182243212841996,-0.7725,-0.0022362930768520806,-0.387368146538426,False,False,False,False,False,False,5.551115123125783e-17,0.38937218813195335
V2E08,M0_V1,FROZEN_V1_CURVATURE_CONTINUITY,CURVATURE_CONTINUITY,0.10201552067057176,-0.15000000000000002,-0.04887163450871573,0.10112836549128429,-0.7725,-0.0022362930768520806,-0.387368146538426,False,False,False,False,False,False,5.551115123125783e-17,0.38937218813195335
V2E08,M0_V1,FROZEN_V1_CURVATURE_CONTINUITY,CURVATURE_CONTINUITY,0.10279426502683567,-0.15000000000000002,-0.049569842387716306,0.10043015761228372,-0.7725,-0.0022362930768520806,-0.387368146538426,False,False,False,False,False,False,5.551115123125783e-17,0.38937218813195335
V2E08,M0_V1,FROZEN_V1_CURVATURE_CONTINUITY,CURVATURE_CONTINUITY,0.10357300938309959,-0.15000000000000002,-0.05027210387276088,0.09972789612723915,-0.7725,-0.0022362930768520806,-0.387368146538426,False,False,False,False,False,False,5.551115123125783e-17,0.38937218813195335
V2E08,M0_V1,FROZEN_V1_CURVATURE_CONTINUITY,CURVATURE_CONTINUITY,0.10435175373936349,-0.15000000000000002,-0.05097833044361013,0.09902166955638989,-0.7725,-0.0022362930768520806,-0.387368146538426,False,False,False,False,False,False,5.551115123125783e-17,0.38937218813195335
V2E08,M0_V1,FROZEN_V1_CURVATURE_CONTINUITY,CURVATURE_CONTINUITY,0.1051304980956274,-0.15000000000000002,-0.05168843271641271,0.09831156728358731,-0.7725,-0.0022362930768520806,-0.387368146538426,False,False,False,False,False,False,5.551115123125783e-17,0.38937218813195335
V2E08,M0_V1,FROZEN_V1_CURVATURE_CONTINUITY,CURVATURE_CONTINUITY,0.1059092424518913,-0.15000000000000002,-0.05240232046451137,0.09759767953548865,-0.7725,-0.0022362930768520806,-0.387368146538426,False,False,False,False,False,False,5.551115123125783e-17,0.38937218813195335
V2E08,M0_V1,FROZEN_V1_CURVATURE_CONTINUITY,CURVATURE_CONTINUITY,0.10668798680815521,-0.15000000000000002,-0.053119902639249164,0.09688009736075086,-0.7725,-0.0022362930768520806,-0.387368146538426,False,False,False,False,False,False,5.551115123125783e-17,0.38937218813195335
V2E08,M0_V1,FROZEN_V1_CURVATURE_CONTINUITY,CURVATURE_CONTINUITY,0.10746673116441911,-0.15000000000000002,-0.053841087390775796,0.09615891260922423,-0.7725,-0.0022362930768520806,-0.387368146538426,False,False,False,False,False,False,5.551115123125783e-17,0.38937218813195335
V2E08,M0_V1,FROZEN_V1_CURVATURE_CONTINUITY,CURVATURE_CONTINUITY,0.10824547552068302,-0.15000000000000002,-0.05456578208885376,0.09543421791114626,-0.7725,-0.0022362930768520806,-0.387368146538426,False,False,False,False,False,False,5.551115123125783e-17,0.38937218813195335
V2E08,M0_V1,FROZEN_V1_CURVATURE_CONTINUITY,CURVATURE_CONTINUITY,0.10902421987694692,-0.15000000000000002,-0.055293893343664594,0.09470610665633543,-0.7725,-0.0022362930768520806,-0.387368146538426,False,False,False,False,False,False,5.551115123125783e-17,0.38937218813195335
V2E08,M0_V1,FROZEN_V1_CURVATURE_CONTINUITY,CURVATURE_CONTINUITY,0.10980296423321083,-0.15000000000000002,-0.056025327026615106,0.09397467297338491,-0.7725,-0.0022362930768520806,-0.387368146538426,False,False,False,False,False,False,5.551115123125783e-17,0.38937218813195335
V2E08,M0_V1,FROZEN_V1_CURVATURE_CONTINUITY,CURVATURE_CONTINUITY,0.11058170858947475,-0.15000000000000002,-0.05675998829114367,0.09324001170885635,-0.7725,-0.0022362930768520806,-0.387368146538426,False,False,False,False,False,False,5.551115123125783e-17,0.38937218813195335
V2E08,M0_V1,FROZEN_V1_CURVATURE_CONTINUITY,CURVATURE_CONTINUITY,0.11136045294573865,-0.15000000000000002,-0.05749778159352628,0.09250221840647374,-0.7725,-0.0022362930768520806,-0.387368146538426,False,False,False,False,False,False,5.551115123125783e-17,0.38937218813195335
V2E08,M0_V1,FROZEN_V1_CURVATURE_CONTINUITY,CURVATURE_CONTINUITY,0.11213919730200256,-0.15000000000000002,-0.05823861071368302,0.091761389286317,-0.7725,-0.0022362930768520806,-0.387368146538426,False,False,False,False,False,False,5.551115123125783e-17,0.38937218813195335
V2E08,M0_V1,FROZEN_V1_CURVATURE_CONTINUITY,CURVATURE_CONTINUITY,0.11291794165826646,-0.15000000000000002,-0.05898237877598411,0.09101762122401591,-0.7725,-0.0022362930768520806,-0.387368146538426,False,False,False,False,False,False,5.551115123125783e-17,0.38937218813195335
V2E08,M0_V1,FROZEN_V1_CURVATURE_CONTINUITY,CURVATURE_CONTINUITY,0.11369668601453037,-0.15000000000000002,-0.059728988270056266,0.09027101172994376,-0.7725,-0.0022362930768520806,-0.387368146538426,False,False,False,False,False,False,5.551115123125783e-17,0.38937218813195335
V2E08,M0_V1,FROZEN_V1_CURVATURE_CONTINUITY,CURVATURE_CONTINUITY,0.11447543037079427,-0.15000000000000002,-0.06047834107158878,0.08952165892841124,-0.7725,-0.0022362930768520806,-0.387368146538426,False,False,False,False,False,False,5.551115123125783e-17,0.38937218813195335
V2E08,M0_V1,FROZEN_V1_CURVATURE_CONTINUITY,CURVATURE_CONTINUITY,0.11525417472705818,-0.15000000000000002,-0.06123033846313995,0.08876966153686007,-0.7725,-0.0022362930768520806,-0.387368146538426,False,False,False,False,False,False,5.551115123125783e-17,0.38937218813195335
V2E08,M0_V1,FROZEN_V1_CURVATURE_CONTINUITY,CURVATURE_CONTINUITY,0.11603291908332208,-0.15000000000000002,-0.06198488115494311,0.08801511884505692,-0.7725,-0.0022362930768520806,-0.387368146538426,False,False,False,False,False,False,5.551115123125783e-17,0.38937218813195335
V2E08,M0_V1,FROZEN_V1_CURVATURE_CONTINUITY,CURVATURE_CONTINUITY,0.11681166343958599,-0.15000000000000002,-0.06274186930571299,0.08725813069428703,-0.7725,-0.0022362930768520806,-0.387368146538426,False,False,False,False,False,False,5.551115123125783e-17,0.38937218813195335
V2E08,M0_V1,FROZEN_V1_CURVATURE_CONTINUITY,CURVATURE_CONTINUITY,0.11759040779584991,-0.15000000000000002,-0.06350120254345193,0.0864987974565481,-0.7725,-0.0022362930768520806,-0.387368146538426,False,False,False,False,False,False,5.551115123125783e-17,0.38937218813195335
V2E08,M0_V1,FROZEN_V1_CURVATURE_CONTINUITY,CURVATURE_CONTINUITY,0.11836915215211381,-0.15000000000000002,-0.06426277998625606,0.08573722001374397,-0.7725,-0.0022362930768520806,-0.387368146538426,False,False,False,False,False,False,5.551115123125783e-17,0.38937218813195335
V2E08,M0_V1,FROZEN_V1_CURVATURE_CONTINUITY,CURVATURE_CONTINUITY,0.11914789650837772,-0.15000000000000002,-0.06502650026312157,0.08497349973687846,-0.7725,-0.0022362930768520806,-0.387368146538426,False,False,False,False,False,False,5.551115123125783e-17,0.38937218813195335
V2E08,M0_V1,FROZEN_V1_CURVATURE_CONTINUITY,CURVATURE_CONTINUITY,0.11992664086464162,-0.15000000000000002,-0.06579226153475094,0.08420773846524908,-0.7725,-0.0022362930768520806,-0.387368146538426,False,False,False,False,False,False,5.551115123125783e-17,0.38937218813195335
V2E08,M0_V1,FROZEN_V1_CURVATURE_CONTINUITY,CURVATURE_CONTINUITY,0.12070538522090553,-0.15000000000000002,-0.06655996151435921,0.08344003848564081,-0.7725,-0.0022362930768520806,-0.387368146538426,False,False,False,False,False,False,5.551115123125783e-17,0.38937218813195335
V2E08,M0_V1,FROZEN_V1_CURVATURE_CONTINUITY,CURVATURE_CONTINUITY,0.12148412957716943,-0.15000000000000002,-0.06732949748848005,0.08267050251151997,-0.7725,-0.0022362930768520806,-0.387368146538426,False,False,False,False,False,False,5.551115123125783e-17,0.38937218813195335
V2E08,M0_V1,FROZEN_V1_CURVATURE_CONTINUITY,CURVATURE_CONTINUITY,0.12226287393343334,-0.15000000000000002,-0.06810076633777226,0.08189923366222776,-0.7725,-0.0022362930768520806,-0.387368146538426,False,False,False,False,False,False,5.551115123125783e-17,0.38937218813195335
V2E08,M0_V1,FROZEN_V1_CURVATURE_CONTINUITY,CURVATURE_CONTINUITY,0.12304161828969724,-0.15000000000000002,-0.06887366455782575,0.08112633544217428,-0.7725,-0.0022362930768520806,-0.387368146538426,False,False,False,False,False,False,5.551115123125783e-17,0.38937218813195335
V2E08,M0_V1,FROZEN_V1_CURVATURE_CONTINUITY,CURVATURE_CONTINUITY,0.12382036264596115,-0.15000000000000002,-0.0696480882799679,0.08035191172003212,-0.7725,-0.0022362930768520806,-0.387368146538426,False,False,False,False,False,False,5.551115123125783e-17,0.38937218813195335
V2E08,M0_V1,FROZEN_V1_CURVATURE_CONTINUITY,CURVATURE_CONTINUITY,0.12459910700222507,-0.15000000000000002,-0.07042393329206979,0.07957606670793023,-0.7725,-0.0022362930768520806,-0.387368146538426,False,False,False,False,False,False,5.551115123125783e-17,0.38937218813195335
V2E08,M0_V1,FROZEN_V1_CURVATURE_CONTINUITY,CURVATURE_CONTINUITY,0.12537785135848897,-0.15000000000000002,-0.07120109505935229,0.07879890494064773,-0.7725,-0.0022362930768520806,-0.387368146538426,False,False,False,False,False,False,5.551115123125783e-17,0.38937218813195335
V2E08,M0_V1,FROZEN_V1_CURVATURE_CONTINUITY,CURVATURE_CONTINUITY,0.12615659571475288,-0.15000000000000002,-0.07197946874519259,0.07802053125480743,-0.7725,-0.0022362930768520806,-0.387368146538426,False,False,False,False,False,False,5.551115123125783e-17,0.38937218813195335
V2E08,M0_V1,FROZEN_V1_CURVATURE_CONTINUITY,CURVATURE_CONTINUITY,0.12693534007101678,-0.15000000000000002,-0.07275894923193008,0.07724105076806995,-0.7725,-0.0022362930768520806,-0.387368146538426,False,False,False,False,False,False,5.551115123125783e-17,0.38937218813195335
V2E08,M0_V1,FROZEN_V1_CURVATURE_CONTINUITY,CURVATURE_CONTINUITY,0.1277140844272807,-0.15000000000000002,-0.07353943114167287,0.07646056885832715,-0.7725,-0.0022362930768520806,-0.387368146538426,False,False,False,False,False,False,5.551115123125783e-17,0.38937218813195335
V2E08,M0_V1,FROZEN_V1_CURVATURE_CONTINUITY,CURVATURE_CONTINUITY,0.1284928287835446,-0.15000000000000002,-0.07432080885710378,0.07567919114289624,-0.7725,-0.0022362930768520806,-0.387368146538426,False,False,False,False,False,False,5.551115123125783e-17,0.38937218813195335
V2E08,M0_V1,FROZEN_V1_CURVATURE_CONTINUITY,CURVATURE_CONTINUITY,0.1292715731398085,-0.15000000000000002,-0.07510297654228684,0.07489702345771318,-0.7725,-0.0022362930768520806,-0.387368146538426,False,False,False,False,False,False,5.551115123125783e-17,0.38937218813195335
V2E08,M0_V1,FROZEN_V1_CURVATURE_CONTINUITY,CURVATURE_CONTINUITY,0.1300503174960724,-0.15000000000000002,-0.07588582816347321,0.07411417183652681,-0.7725,-0.0022362930768520806,-0.387368146538426,False,False,False,False,False,False,5.551115123125783e-17,0.38937218813195335
V2E08,M0_V1,FROZEN_V1_CURVATURE_CONTINUITY,CURVATURE_CONTINUITY,0.1308290618523363,-0.15000000000000002,-0.07666925750990775,0.07333074249009228,-0.7725,-0.0022362930768520806,-0.387368146538426,False,False,False,False,False,False,5.551115123125783e-17,0.38937218813195335
V2E08,M0_V1,FROZEN_V1_CURVATURE_CONTINUITY,CURVATURE_CONTINUITY,0.13160780620860021,-0.15000000000000002,-0.0774531582146349,0.07254684178536512,-0.7725,-0.0022362930768520806,-0.387368146538426,False,False,False,False,False,False,5.551115123125783e-17,0.38937218813195335
V2E08,M0_V1,FROZEN_V1_CURVATURE_CONTINUITY,CURVATURE_CONTINUITY,0.13238655056486412,-0.15000000000000002,-0.07823742377530515,0.07176257622469487,-0.7725,-0.0022362930768520806,-0.387368146538426,False,False,False,False,False,False,5.551115123125783e-17,0.38937218813195335
V2E08,M0_V1,FROZEN_V1_CURVATURE_CONTINUITY,CURVATURE_CONTINUITY,0.13316529492112802,-0.15000000000000002,-0.07902194757498132,0.0709780524250187,-0.7725,-0.0022362930768520806,-0.387368146538426,False,False,False,False,False,False,5.551115123125783e-17,0.38937218813195335
V2E08,M0_V1,FROZEN_V1_CURVATURE_CONTINUITY,CURVATURE_CONTINUITY,0.13394403927739193,-0.15000000000000002,-0.07980662290294446,0.07019337709705556,-0.7725,-0.0022362930768520806,-0.387368146538426,False,False,False,False,False,False,5.551115123125783e-17,0.38937218813195335
V2E08,M0_V1,FROZEN_V1_CURVATURE_CONTINUITY,CURVATURE_CONTINUITY,0.13472278363365583,-0.15000000000000002,-0.08059134297550055,0.06940865702449947,-0.7725,-0.0022362930768520806,-0.387368146538426,False,False,False,False,False,False,5.551115123125783e-17,0.38937218813195335
V2E08,M0_V1,FROZEN_V1_CURVATURE_CONTINUITY,CURVATURE_CONTINUITY,0.13550152798991977,-0.15000000000000002,-0.08137600095678629,0.06862399904321373,-0.7725,-0.0022362930768520806,-0.387368146538426,False,False,False,False,False,False,5.551115123125783e-17,0.38937218813195335
V2E08,M0_V1,FROZEN_V1_CURVATURE_CONTINUITY,CURVATURE_CONTINUITY,0.13628027234618367,-0.15000000000000002,-0.08216048997957554,0.06783951002042449,-0.7725,-0.0022362930768520806,-0.387368146538426,False,False,False,False,False,False,5.551115123125783e-17,0.38937218813195335
V2E08,M0_V1,FROZEN_V1_CURVATURE_CONTINUITY,CURVATURE_CONTINUITY,0.13705901670244758,-0.15000000000000002,-0.08294470316608567,0.06705529683391435,-0.7725,-0.0022362930768520806,-0.387368146538426,False,False,False,False,False,False,5.551115123125783e-17,0.38937218813195335
V2E08,M0_V1,FROZEN_V1_CURVATURE_CONTINUITY,CURVATURE_CONTINUITY,0.13783776105871148,-0.15000000000000002,-0.08372853364878349,0.06627146635121653,-0.7725,-0.0022362930768520806,-0.387368146538426,False,False,False,False,False,False,5.551115123125783e-17,0.38937218813195335
V2E08,M0_V1,FROZEN_V1_CURVATURE_CONTINUITY,CURVATURE_CONTINUITY,0.1386165054149754,-0.15000000000000002,-0.08451187459119182,0.0654881254088082,-0.7725,-0.0022362930768520806,-0.387368146538426,False,False,False,False,False,False,5.551115123125783e-17,0.38937218813195335
V2E08,M0_V1,FROZEN_V1_CURVATURE_CONTINUITY,CURVATURE_CONTINUITY,0.1393952497712393,-0.15000000000000002,-0.08529461920869534,0.06470538079130468,-0.7725,-0.0022362930768520806,-0.387368146538426,False,False,False,False,False,False,5.551115123125783e-17,0.38937218813195335
V2E08,M0_V1,FROZEN_V1_CURVATURE_CONTINUITY,CURVATURE_CONTINUITY,0.1401739941275032,-0.15000000000000002,-0.08607666078934721,0.06392333921065281,-0.7725,-0.0022362930768520806,-0.387368146538426,False,False,False,False,False,False,5.551115123125783e-17,0.38937218813195335
V2E08,M0_V1,FROZEN_V1_CURVATURE_CONTINUITY,CURVATURE_CONTINUITY,0.1409527384837671,-0.15000000000000002,-0.08685789271467506,0.06314210728532496,-0.7725,-0.0022362930768520806,-0.387368146538426,False,False,False,False,False,False,5.551115123125783e-17,0.38937218813195335
V2E08,M0_V1,FROZEN_V1_CURVATURE_CONTINUITY,CURVATURE_CONTINUITY,0.141731482840031,-0.15000000000000002,-0.0876382084804872,0.06236179151951282,-0.7725,-0.0022362930768520806,-0.387368146538426,False,False,False,False,False,False,5.551115123125783e-17,0.38937218813195335
V2E08,M0_V1,FROZEN_V1_CURVATURE_CONTINUITY,CURVATURE_CONTINUITY,0.14251022719629491,-0.15000000000000002,-0.08841750171767915,0.061582498282320874,-0.7725,-0.0022362930768520806,-0.387368146538426,False,False,False,False,False,False,5.551115123125783e-17,0.38937218813195335
V2E08,M0_V1,FROZEN_V1_CURVATURE_CONTINUITY,CURVATURE_CONTINUITY,0.14328897155255882,-0.15000000000000002,-0.08919566621303933,0.06080433378696069,-0.7725,-0.0022362930768520806,-0.387368146538426,False,False,False,False,False,False,5.551115123125783e-17,0.38937218813195335
V2E08,M0_V1,FROZEN_V1_CURVATURE_CONTINUITY,CURVATURE_CONTINUITY,0.14406771590882272,-0.15000000000000002,-0.08997259593005597,0.06002740406994406,-0.7725,-0.0022362930768520806,-0.387368146538426,False,False,False,False,False,False,5.551115123125783e-17,0.38937218813195335
V2E08,M0_V1,FROZEN_V1_CURVATURE_CONTINUITY,CURVATURE_CONTINUITY,0.14484646026508663,-0.15000000000000002,-0.0907481850297227,0.05925181497027732,-0.7725,-0.0022362930768520806,-0.387368146538426,False,False,False,False,False,False,5.551115123125783e-17,0.38937218813195335
V2E08,M0_V1,FROZEN_V1_CURVATURE_CONTINUITY,CURVATURE_CONTINUITY,0.14562520462135053,-0.15000000000000002,-0.09152232789134522,0.0584776721086548,-0.7725,-0.0022362930768520806,-0.387368146538426,False,False,False,False,False,False,5.551115123125783e-17,0.38937218813195335
V2E08,M0_V1,FROZEN_V1_CURVATURE_CONTINUITY,CURVATURE_CONTINUITY,0.14640394897761444,-0.15000000000000002,-0.09229491913334738,0.057705080866652644,-0.7725,-0.0022362930768520806,-0.387368146538426,False,False,False,False,False,False,5.551115123125783e-17,0.38937218813195335
V2E08,M0_V1,FROZEN_V1_CURVATURE_CONTINUITY,CURVATURE_CONTINUITY,0.14718269333387834,-0.15000000000000002,-0.09306585363407732,0.0569341463659227,-0.7725,-0.0022362930768520806,-0.387368146538426,False,False,False,False,False,False,5.551115123125783e-17,0.38937218813195335
V2E08,M0_V1,FROZEN_V1_CURVATURE_CONTINUITY,CURVATURE_CONTINUITY,0.14796143769014225,-0.15000000000000002,-0.09383502655261391,0.05616497344738611,-0.7725,-0.0022362930768520806,-0.387368146538426,False,False,False,False,False,False,5.551115123125783e-17,0.38937218813195335
V2E08,M0_V1,FROZEN_V1_CURVATURE_CONTINUITY,CURVATURE_CONTINUITY,0.14874018204640616,-0.15000000000000002,-0.09460233334957276,0.055397666650427266,-0.7725,-0.0022362930768520806,-0.387368146538426,False,False,False,False,False,False,5.551115123125783e-17,0.38937218813195335
V2E08,M0_V1,FROZEN_V1_CURVATURE_CONTINUITY,CURVATURE_CONTINUITY,0.14951892640267006,-0.15000000000000002,-0.09536766980791266,0.05463233019208737,-0.7725,-0.0022362930768520806,-0.387368146538426,False,False,False,False,False,False,5.551115123125783e-17,0.38937218813195335
V2E08,M0_V1,FROZEN_V1_CURVATURE_CONTINUITY,CURVATURE_CONTINUITY,0.150297670758934,-0.15000000000000002,-0.09613093205374158,0.05386906794625844,-0.7725,-0.0022362930768520806,-0.387368146538426,False,False,False,False,False,False,5.551115123125783e-17,0.38937218813195335
V2E08,M0_V1,FROZEN_V1_CURVATURE_CONTINUITY,CURVATURE_CONTINUITY,0.1510764151151979,-0.15000000000000002,-0.09689201657712308,0.05310798342287694,-0.7725,-0.0022362930768520806,-0.387368146538426,False,False,False,False,False,False,5.551115123125783e-17,0.38937218813195335
V2E08,M0_V1,FROZEN_V1_CURVATURE_CONTINUITY,CURVATURE_CONTINUITY,0.1518551594714618,-0.15000000000000002,-0.0976508202528826,0.05234917974711742,-0.7725,-0.0022362930768520806,-0.387368146538426,False,False,False,False,False,False,5.551115123125783e-17,0.38937218813195335
V2E08,M0_V1,FROZEN_V1_CURVATURE_CONTINUITY,CURVATURE_CONTINUITY,0.1526339038277257,-0.15000000000000002,-0.09840724036141336,0.05159275963858666,-0.7725,-0.0022362930768520806,-0.387368146538426,False,False,False,False,False,False,5.551115123125783e-17,0.38937218813195335
V2E08,M0_V1,FROZEN_V1_CURVATURE_CONTINUITY,CURVATURE_CONTINUITY,0.15341264818398961,-0.15000000000000002,-0.09916117460948301,0.05083882539051701,-0.7725,-0.0022362930768520806,-0.387368146538426,False,False,False,False,False,False,5.551115123125783e-17,0.38937218813195335
V2E08,M0_V1,FROZEN_V1_CURVATURE_CONTINUITY,CURVATURE_CONTINUITY,0.15419139254025352,-0.15000000000000002,-0.09991252115103963,0.05008747884896039,-0.7725,-0.0022362930768520806,-0.387368146538426,False,False,False,False,False,False,5.551115123125783e-17,0.38937218813195335
V2E08,M0_V1,FROZEN_V1_CURVATURE_CONTINUITY,CURVATURE_CONTINUITY,0.15497013689651742,-0.15000000000000002,-0.10066117860801785,0.049338821391982174,-0.7725,-0.0022362930768520806,-0.387368146538426,False,False,False,False,False,False,5.551115123125783e-17,0.38937218813195335
V2E08,M0_V1,FROZEN_V1_CURVATURE_CONTINUITY,CURVATURE_CONTINUITY,0.15574888125278133,-0.15000000000000002,-0.1014070460911454,0.048592953908854625,-0.7725,-0.0022362930768520806,-0.387368146538426,False,False,False,False,False,False,5.551115123125783e-17,0.38937218813195335
V2E08,M0_V1,FROZEN_V1_CURVATURE_CONTINUITY,CURVATURE_CONTINUITY,0.15652762560904523,-0.15000000000000002,-0.1021500232207491,0.047849976779250916,-0.7725,-0.0022362930768520806,-0.387368146538426,False,False,False,False,False,False,5.551115123125783e-17,0.38937218813195335
V2E08,M0_V1,FROZEN_V1_CURVATURE_CONTINUITY,CURVATURE_CONTINUITY,0.15730636996530914,-0.15000000000000002,-0.10289001014756118,0.04710998985243885,-0.7725,-0.0022362930768520806,-0.387368146538426,False,False,False,False,False,False,5.551115123125783e-17,0.38937218813195335
V2E08,M0_V1,FROZEN_V1_CURVATURE_CONTINUITY,CURVATURE_CONTINUITY,0.15808511432157304,-0.15000000000000002,-0.10362690757352536,0.046373092426474666,-0.7725,-0.0022362930768520806,-0.387368146538426,False,False,False,False,False,False,5.551115123125783e-17,0.38937218813195335
V2E08,M0_V1,FROZEN_V1_CURVATURE_CONTINUITY,CURVATURE_CONTINUITY,0.15886385867783695,-0.15000000000000002,-0.10436061677260342,0.04563938322739661,-0.7725,-0.0022362930768520806,-0.387368146538426,False,False,False,False,False,False,5.551115123125783e-17,0.38937218813195335
V2E08,M0_V1,FROZEN_V1_CURVATURE_CONTINUITY,CURVATURE_CONTINUITY,0.15964260303410086,-0.15000000000000002,-0.1050910396115811,0.04490896038841892,-0.7725,-0.0022362930768520806,-0.387368146538426,False,False,False,False,False,False,5.551115123125783e-17,0.38937218813195335
V2E08,M0_V1,FROZEN_V1_CURVATURE_CONTINUITY,CURVATURE_CONTINUITY,0.16042134739036476,-0.15000000000000002,-0.10581807857087441,0.04418192142912561,-0.7725,-0.0022362930768520806,-0.387368146538426,False,False,False,False,False,False,5.551115123125783e-17,0.38937218813195335
V2E08,M0_V1,FROZEN_V1_CURVATURE_CONTINUITY,CURVATURE_CONTINUITY,0.16120009174662867,-0.15000000000000002,-0.10654163676533605,0.04345836323466397,-0.7725,-0.0022362930768520806,-0.387368146538426,False,False,False,False,False,False,5.551115123125783e-17,0.38937218813195335
V2E08,M0_V1,FROZEN_V1_CURVATURE_CONTINUITY,CURVATURE_CONTINUITY,0.16197883610289257,-0.15000000000000002,-0.10726161796506141,0.04273838203493861,-0.7725,-0.0022362930768520806,-0.387368146538426,False,False,False,False,False,False,5.551115123125783e-17,0.38937218813195335
V2E08,M0_V1,FROZEN_V1_CURVATURE_CONTINUITY,CURVATURE_CONTINUITY,0.16275758045915648,-0.15000000000000002,-0.10797792661619485,0.042022073383805175,-0.7725,-0.0022362930768520806,-0.387368146538426,False,False,False,False,False,False,5.551115123125783e-17,0.38937218813195335
V2E08,M0_V1,FROZEN_V1_CURVATURE_CONTINUITY,CURVATURE_CONTINUITY,0.16353632481542038,-0.15000000000000002,-0.10869046786173607,0.04130953213826395,-0.7725,-0.0022362930768520806,-0.387368146538426,False,False,False,False,False,False,5.551115123125783e-17,0.38937218813195335
V2E08,M0_V1,FROZEN_V1_CURVATURE_CONTINUITY,CURVATURE_CONTINUITY,0.1643150691716843,-0.15000000000000002,-0.10939914756234607,0.04060085243765395,-0.7725,-0.0022362930768520806,-0.387368146538426,False,False,False,False,False,False,5.551115123125783e-17,0.38937218813195335
V2E08,M0_V1,FROZEN_V1_CURVATURE_CONTINUITY,CURVATURE_CONTINUITY,0.16509381352794822,-0.15000000000000002,-0.11010387231715382,0.0398961276828462,-0.7725,-0.0022362930768520806,-0.387368146538426,False,False,False,False,False,False,5.551115123125783e-17,0.38937218813195335
V2E08,M0_V1,FROZEN_V1_CURVATURE_CONTINUITY,CURVATURE_CONTINUITY,0.16587255788421212,-0.15000000000000002,-0.11080454948456195,0.039195450515438074,-0.7725,-0.0022362930768520806,-0.387368146538426,False,False,False,False,False,False,5.551115123125783e-17,0.38937218813195335
V2E08,M0_V1,FROZEN_V1_CURVATURE_CONTINUITY,CURVATURE_CONTINUITY,0.16665130224047603,-0.15000000000000002,-0.11150108720305346,0.03849891279694656,-0.7725,-0.0022362930768520806,-0.387368146538426,False,False,False,False,False,False,5.551115123125783e-17,0.38937218813195335
V2E08,M0_V1,FROZEN_V1_CURVATURE_CONTINUITY,CURVATURE_CONTINUITY,0.16743004659673993,-0.15000000000000002,-0.11219339441199755,0.03780660558800247,-0.7725,-0.0022362930768520806,-0.387368146538426,False,False,False,False,False,False,5.551115123125783e-17,0.38937218813195335
V2E08,M0_V1,FROZEN_V1_CURVATURE_CONTINUITY,CURVATURE_CONTINUITY,0.16820879095300384,-0.15000000000000002,-0.11288138087245632,0.0371186191275437,-0.7725,-0.0022362930768520806,-0.387368146538426,False,False,False,False,False,False,5.551115123125783e-17,0.38937218813195335
V2E08,M0_V1,FROZEN_V1_CURVATURE_CONTINUITY,CURVATURE_CONTINUITY,0.16898753530926774,-0.15000000000000002,-0.11356495718799037,0.036435042812009655,-0.7725,-0.0022362930768520806,-0.387368146538426,False,False,False,False,False,False,5.551115123125783e-17,0.38937218813195335
V2E08,M0_V1,FROZEN_V1_CURVATURE_CONTINUITY,CURVATURE_CONTINUITY,0.16976627966553165,-0.15000000000000002,-0.11424403482546566,0.03575596517453436,-0.7725,-0.0022362930768520806,-0.387368146538426,False,False,False,False,False,False,5.551115123125783e-17,0.38937218813195335
V2E08,M0_V1,FROZEN_V1_CURVATURE_CONTINUITY,CURVATURE_CONTINUITY,0.17054502402179555,-0.15000000000000002,-0.11491852613585951,0.03508147386414051,-0.7725,-0.0022362930768520806,-0.387368146538426,False,False,False,False,False,False,5.551115123125783e-17,0.38937218813195335
V2E08,M0_V1,FROZEN_V1_CURVATURE_CONTINUITY,CURVATURE_CONTINUITY,0.17132376837805946,-0.15000000000000002,-0.11558834437506654,0.03441165562493348,-0.7725,-0.0022362930768520806,-0.387368146538426,False,False,False,False,False,False,5.551115123125783e-17,0.38937218813195335
V2E08,M0_V1,FROZEN_V1_CURVATURE_CONTINUITY,CURVATURE_CONTINUITY,0.17210251273432337,-0.15000000000000002,-0.11625340372470538,0.03374659627529464,-0.7725,-0.0022362930768520806,-0.387368146538426,False,False,False,False,False,False,5.551115123125783e-17,0.38937218813195335
V2E08,M0_V1,FROZEN_V1_CURVATURE_CONTINUITY,CURVATURE_CONTINUITY,0.17288125709058727,-0.15000000000000002,-0.11691361931292449,0.033086380687075534,-0.7725,-0.0022362930768520806,-0.387368146538426,False,False,False,False,False,False,5.551115123125783e-17,0.38937218813195335
V2E08,M0_V1,FROZEN_V1_CURVATURE_CONTINUITY,CURVATURE_CONTINUITY,0.17366000144685118,-0.15000000000000002,-0.11756890723520876,0.03243109276479127,-0.7725,-0.0022362930768520806,-0.387368146538426,False,False,False,False,False,False,5.551115123125783e-17,0.38937218813195335
V2E08,M0_V1,FROZEN_V1_CURVATURE_CONTINUITY,CURVATURE_CONTINUITY,0.17443874580311508,-0.15000000000000002,-0.1182191845751854,0.03178081542481462,-0.7725,-0.0022362930768520806,-0.387368146538426,False,False,False,False,False,False,5.551115123125783e-17,0.38937218813195335
V2E08,M0_V1,FROZEN_V1_CURVATURE_CONTINUITY,CURVATURE_CONTINUITY,0.17521749015937899,-0.15000000000000002,-0.11886436942543044,0.031135630574569584,-0.7725,-0.0022362930768520806,-0.387368146538426,False,False,False,False,False,False,5.551115123125783e-17,0.38937218813195335
V2E08,M0_V1,FROZEN_V1_CURVATURE_CONTINUITY,CURVATURE_CONTINUITY,0.1759962345156429,-0.15000000000000002,-0.11950438090827487,0.030495619091725157,-0.7725,-0.0022362930768520806,-0.387368146538426,False,False,False,False,False,False,5.551115123125783e-17,0.38937218813195335
V2E08,M0_V1,FROZEN_V1_CURVATURE_CONTINUITY,CURVATURE_CONTINUITY,0.1767749788719068,-0.15000000000000002,-0.12013913919661072,0.029860860803389302,-0.7725,-0.0022362930768520806,-0.387368146538426,False,False,False,False,False,False,5.551115123125783e-17,0.38937218813195335
V2E08,M0_V1,FROZEN_V1_CURVATURE_CONTINUITY,CURVATURE_CONTINUITY,0.1775537232281707,-0.15000000000000002,-0.12076856553469746,0.02923143446530256,-0.7725,-0.0022362930768520806,-0.387368146538426,False,False,False,False,False,False,5.551115123125783e-17,0.38937218813195335
V2E08,M0_V1,FROZEN_V1_CURVATURE_CONTINUITY,CURVATURE_CONTINUITY,0.17833246758443463,-0.15000000000000002,-0.1213925822589683,0.028607417741031718,-0.7725,-0.0022362930768520806,-0.387368146538426,False,False,False,False,False,False,5.551115123125783e-17,0.38937218813195335
V2E08,M0_V1,FROZEN_V1_CURVATURE_CONTINUITY,CURVATURE_CONTINUITY,0.17911121194069854,-0.15000000000000002,-0.12201111281883621,0.02798888718116381,-0.7725,-0.0022362930768520806,-0.387368146538426,False,False,False,False,False,False,5.551115123125783e-17,0.38937218813195335
V2E08,M0_V1,FROZEN_V1_CURVATURE_CONTINUITY,CURVATURE_CONTINUITY,0.17988995629696244,-0.15000000000000002,-0.1226240817975003,0.027375918202499724,-0.7725,-0.0022362930768520806,-0.387368146538426,False,False,False,False,False,False,5.551115123125783e-17,0.38937218813195335
V2E08,M0_V1,FROZEN_V1_CURVATURE_CONTINUITY,CURVATURE_CONTINUITY,0.18066870065322635,-0.15000000000000002,-0.12323141493275197,0.026768585067248052,-0.7725,-0.0022362930768520806,-0.387368146538426,False,False,False,False,False,False,5.551115123125783e-17,0.38937218813195335
V2E08,M0_V1,FROZEN_V1_CURVATURE_CONTINUITY,CURVATURE_CONTINUITY,0.18144744500949025,-0.15000000000000002,-0.12383303913778135,0.026166960862218674,-0.7725,-0.0022362930768520806,-0.387368146538426,False,False,False,False,False,False,5.551115123125783e-17,0.38937218813195335
V2E08,M0_V1,FROZEN_V1_CURVATURE_CONTINUITY,CURVATURE_CONTINUITY,0.18222618936575416,-0.15000000000000002,-0.12442888252198309,0.025571117478016936,-0.7725,-0.0022362930768520806,-0.387368146538426,False,False,False,False,False,False,5.551115123125783e-17,0.38937218813195335
V2E08,M0_V1,FROZEN_V1_CURVATURE_CONTINUITY,CURVATURE_CONTINUITY,0.18300493372201806,-0.15000000000000002,-0.12501887441176293,0.02498112558823709,-0.7725,-0.0022362930768520806,-0.387368146538426,False,False,False,False,False,False,5.551115123125783e-17,0.38937218813195335
V2E08,M0_V1,FROZEN_V1_CURVATURE_CONTINUITY,CURVATURE_CONTINUITY,0.18378367807828197,-0.15000000000000002,-0.12560294537134403,0.02439705462865599,-0.7725,-0.0022362930768520806,-0.387368146538426,False,False,False,False,False,False,5.551115123125783e-17,0.38937218813195335
V2E08,M0_V1,FROZEN_V1_CURVATURE_CONTINUITY,CURVATURE_CONTINUITY,0.18456242243454588,-0.15000000000000002,-0.126181027223573,0.023818972776427028,-0.7725,-0.0022362930768520806,-0.387368146538426,False,False,False,False,False,False,5.551115123125783e-17,0.38937218813195335
V2E08,M0_V1,FROZEN_V1_CURVATURE_CONTINUITY,CURVATURE_CONTINUITY,0.18534116679080978,-0.15000000000000002,-0.1267530530707259,0.02324694692927412,-0.7725,-0.0022362930768520806,-0.387368146538426,False,False,False,False,False,False,5.551115123125783e-17,0.38937218813195335
V2E08,M0_V1,FROZEN_V1_CURVATURE_CONTINUITY,CURVATURE_CONTINUITY,0.18611991114707369,-0.15000000000000002,-0.12731895731531512,0.022681042684684904,-0.7725,-0.0022362930768520806,-0.387368146538426,False,False,False,False,False,False,5.551115123125783e-17,0.38937218813195335
V2E08,M0_V1,FROZEN_V1_CURVATURE_CONTINUITY,CURVATURE_CONTINUITY,0.1868986555033376,-0.15000000000000002,-0.12787867568089498,0.022121324319105046,-0.7725,-0.0022362930768520806,-0.387368146538426,False,True,False,False,False,False,5.551115123125783e-17,0.38937218813195335
V2E08,M0_V1,FROZEN_V1_CURVATURE_CONTINUITY,CURVATURE_CONTINUITY,0.1876773998596015,-0.15000000000000002,-0.12843214523286825,0.021567854767131772,-0.7725,-0.0022362930768520806,-0.387368146538426,False,False,False,False,False,False,5.551115123125783e-17,0.38937218813195335
V2E08,M0_V1,FROZEN_V1_CURVATURE_CONTINUITY,CURVATURE_CONTINUITY,0.1884561442158654,-0.15000000000000002,-0.12897930439929237,0.021020695600707656,-0.7725,-0.0022362930768520806,-0.387368146538426,False,False,False,False,False,False,5.551115123125783e-17,0.38937218813195335
V2E08,M0_V1,FROZEN_V1_CURVATURE_CONTINUITY,CURVATURE_CONTINUITY,0.1892348885721293,-0.15000000000000002,-0.1295200929916856,0.020479907008314424,-0.7725,-0.0022362930768520806,-0.387368146538426,False,False,False,False,False,False,5.551115123125783e-17,0.38937218813195335
V2E08,M0_V1,FROZEN_V1_CURVATURE_CONTINUITY,CURVATURE_CONTINUITY,0.1900136329283932,-0.15000000000000002,-0.13005445222583353,0.01994554777416649,-0.7725,-0.0022362930768520806,-0.387368146538426,False,False,False,False,False,False,5.551115123125783e-17,0.38937218813195335
V2E08,M0_V1,FROZEN_V1_CURVATURE_CONTINUITY,CURVATURE_CONTINUITY,0.19079237728465712,-0.15000000000000002,-0.13058232474259474,0.019417675257405287,-0.7725,-0.0022362930768520806,-0.387368146538426,False,False,False,False,False,False,5.551115123125783e-17,0.38937218813195335
V2E08,M0_V1,FROZEN_V1_CURVATURE_CONTINUITY,CURVATURE_CONTINUITY,0.19157112164092102,-0.15000000000000002,-0.1311036546287076,0.018896345371292422,-0.7725,-0.0022362930768520806,-0.387368146538426,False,False,False,False,False,False,5.551115123125783e-17,0.38937218813195335
V2E08,M0_V1,FROZEN_V1_CURVATURE_CONTINUITY,CURVATURE_CONTINUITY,0.19234986599718495,-0.15000000000000002,-0.1316183874375962,0.01838161256240381,-0.7725,-0.0022362930768520806,-0.387368146538426,False,False,False,False,False,False,5.551115123125783e-17,0.38937218813195335
V2E08,M0_V1,FROZEN_V1_CURVATURE_CONTINUITY,CURVATURE_CONTINUITY,0.19312861035344886,-0.15000000000000002,-0.13212647021017673,0.01787352978982329,-0.7725,-0.0022362930768520806,-0.387368146538426,False,False,False,False,False,False,5.551115123125783e-17,0.38937218813195335
V2E08,M0_V1,FROZEN_V1_CURVATURE_CONTINUITY,CURVATURE_CONTINUITY,0.19390735470971276,-0.15000000000000002,-0.13262785149566356,0.017372148504336465,-0.7725,-0.0022362930768520806,-0.387368146538426,False,False,False,False,False,False,5.551115123125783e-17,0.38937218813195335
V2E08,M0_V1,FROZEN_V1_CURVATURE_CONTINUITY,CURVATURE_CONTINUITY,0.19468609906597667,-0.15000000000000002,-0.13312248137237562,0.016877518627624405,-0.7725,-0.0022362930768520806,-0.387368146538426,False,False,False,False,False,False,5.551115123125783e-17,0.38937218813195335
V2E08,M0_V1,FROZEN_V1_CURVATURE_CONTINUITY,CURVATURE_CONTINUITY,0.19546484342224058,-0.15000000000000002,-0.13361031146854238,0.01638968853145764,-0.7725,-0.0022362930768520806,-0.387368146538426,False,False,False,False,False,False,5.551115123125783e-17,0.38937218813195335
V2E08,M0_V1,FROZEN_V1_CURVATURE_CONTINUITY,CURVATURE_CONTINUITY,0.19624358777850448,-0.15000000000000002,-0.1340912949831107,0.01590870501688932,-0.7725,-0.0022362930768520806,-0.387368146538426,False,False,False,False,False,False,5.551115123125783e-17,0.38937218813195335
V2E08,M0_V1,FROZEN_V1_CURVATURE_CONTINUITY,CURVATURE_CONTINUITY,0.19702233213476839,-0.15000000000000002,-0.13456538670655005,0.015434613293449972,-0.7725,-0.0022362930768520806,-0.387368146538426,False,False,False,False,False,False,5.551115123125783e-17,0.38937218813195335
V2E08,M0_V1,FROZEN_V1_CURVATURE_CONTINUITY,CURVATURE_CONTINUITY,0.1978010764910323,-0.15000000000000002,-0.13503254304165976,0.014967456958340258,-0.7725,-0.0022362930768520806,-0.387368146538426,False,False,False,False,False,False,5.551115123125783e-17,0.38937218813195335
V2E08,M0_V1,FROZEN_V1_CURVATURE_CONTINUITY,CURVATURE_CONTINUITY,0.1985798208472962,-0.15000000000000002,-0.13549272202437462,0.014507277975625399,-0.7725,-0.0022362930768520806,-0.387368146538426,False,False,False,False,False,False,5.551115123125783e-17,0.38937218813195335
V2E08,M0_V1,FROZEN_V1_CURVATURE_CONTINUITY,CURVATURE_CONTINUITY,0.1993585652035601,-0.15000000000000002,-0.13594588334457133,0.014054116655428689,-0.7725,-0.0022362930768520806,-0.387368146538426,False,False,False,False,False,False,5.551115123125783e-17,0.38937218813195335
V2E08,M0_V1,FROZEN_V1_CURVATURE_CONTINUITY,CURVATURE_CONTINUITY,0.200137309559824,-0.15000000000000002,-0.13639198836687472,0.013608011633125305,-0.7725,-0.0022362930768520806,-0.387368146538426,False,False,False,False,False,False,5.551115123125783e-17,0.38937218813195335
V2E08,M0_V1,FROZEN_V1_CURVATURE_CONTINUITY,CURVATURE_CONTINUITY,0.2009160539160879,-0.15000000000000002,-0.13683100015146402,0.013168999848536006,-0.7725,-0.0022362930768520806,-0.387368146538426,False,False,False,False,False,False,5.551115123125783e-17,0.38937218813195335
V2E08,M0_V1,FROZEN_V1_CURVATURE_CONTINUITY,CURVATURE_CONTINUITY,0.20169479827235182,-0.15000000000000002,-0.1372628834748789,0.012737116525121134,-0.7725,-0.0022362930768520806,-0.387368146538426,False,False,False,False,False,False,5.551115123125783e-17,0.38937218813195335
V2E08,M0_V1,FROZEN_V1_CURVATURE_CONTINUITY,CURVATURE_CONTINUITY,0.20247354262861572,-0.15000000000000002,-0.13768760485082576,0.01231239514917426,-0.7725,-0.0022362930768520806,-0.387368146538426,False,False,False,False,False,False,5.551115123125783e-17,0.38937218813195335
V2E08,M0_V1,FROZEN_V1_CURVATURE_CONTINUITY,CURVATURE_CONTINUITY,0.20325228698487963,-0.15000000000000002,-0.13810513255098436,0.011894867449015661,-0.7725,-0.0022362930768520806,-0.387368146538426,False,False,False,False,False,False,5.551115123125783e-17,0.38937218813195335
V2E08,M0_V1,FROZEN_V1_CURVATURE_CONTINUITY,CURVATURE_CONTINUITY,0.20403103134114353,-0.15000000000000002,-0.13851543662581348,0.011484563374186546,-0.7725,-0.0022362930768520806,-0.387368146538426,False,False,False,False,False,False,5.551115123125783e-17,0.38937218813195335
V2E08,M0_V1,FROZEN_V1_CURVATURE_CONTINUITY,CURVATURE_CONTINUITY,0.20480977569740744,-0.15000000000000002,-0.1389184889253575,0.01108151107464253,-0.7725,-0.0022362930768520806,-0.387368146538426,False,False,False,False,False,False,5.551115123125783e-17,0.38937218813195335
V2E08,M0_V1,FROZEN_V1_CURVATURE_CONTINUITY,CURVATURE_CONTINUITY,0.20558852005367134,-0.15000000000000002,-0.13931426312005235,0.010685736879947672,-0.7725,-0.0022362930768520806,-0.387368146538426,False,False,False,False,False,False,5.551115123125783e-17,0.38937218813195335
V2E08,M0_V1,FROZEN_V1_CURVATURE_CONTINUITY,CURVATURE_CONTINUITY,0.20636726440993525,-0.15000000000000002,-0.13970273472153236,0.010297265278467665,-0.7725,-0.0022362930768520806,-0.387368146538426,False,False,False,False,False,False,5.551115123125783e-17,0.38937218813195335
V2E08,M0_V1,FROZEN_V1_CURVATURE_CONTINUITY,CURVATURE_CONTINUITY,0.20714600876619918,-0.15000000000000002,-0.14008388110343553,0.00991611889656449,-0.7725,-0.0022362930768520806,-0.387368146538426,False,False,False,False,False,False,5.551115123125783e-17,0.38937218813195335
V2E08,M0_V1,FROZEN_V1_CURVATURE_CONTINUITY,CURVATURE_CONTINUITY,0.20792475312246309,-0.15000000000000002,-0.14045768152221047,0.009542318477789552,-0.7725,-0.0022362930768520806,-0.387368146538426,False,False,False,False,False,False,5.551115123125783e-17,0.38937218813195335
V2E08,M0_V1,FROZEN_V1_CURVATURE_CONTINUITY,CURVATURE_CONTINUITY,0.208703497478727,-0.15000000000000002,-0.14082411713792264,0.009175882862077378,-0.7725,-0.0022362930768520806,-0.387368146538426,False,False,False,False,False,False,5.551115123125783e-17,0.38937218813195335
V2E08,M0_V1,FROZEN_V1_CURVATURE_CONTINUITY,CURVATURE_CONTINUITY,0.2094822418349909,-0.15000000000000002,-0.14118317103506017,0.008816828964939849,-0.7725,-0.0022362930768520806,-0.387368146538426,False,False,False,False,False,False,5.551115123125783e-17,0.38937218813195335
V2E08,M0_V1,FROZEN_V1_CURVATURE_CONTINUITY,CURVATURE_CONTINUITY,0.2102609861912548,-0.15000000000000002,-0.14153482824334032,0.0084651717566597,-0.7725,-0.0022362930768520806,-0.387368146538426,False,False,False,False,False,False,5.551115123125783e-17,0.38937218813195335
V2E08,M0_V1,FROZEN_V1_CURVATURE_CONTINUITY,CURVATURE_CONTINUITY,0.2110397305475187,-0.15000000000000002,-0.14187907575851583,0.008120924241484195,-0.7725,-0.0022362930768520806,-0.387368146538426,False,False,False,False,False,False,5.551115123125783e-17,0.38937218813195335
V2E08,M0_V1,FROZEN_V1_CURVATURE_CONTINUITY,CURVATURE_CONTINUITY,0.2118184749037826,-0.15000000000000002,-0.1422159025631809,0.007784097436819126,-0.7725,-0.0022362930768520806,-0.387368146538426,False,False,False,False,False,False,5.551115123125783e-17,0.38937218813195335
V2E08,M0_V1,FROZEN_V1_CURVATURE_CONTINUITY,CURVATURE_CONTINUITY,0.21259721926004652,-0.15000000000000002,-0.1425452996475777,0.007454700352422322,-0.7725,-0.0022362930768520806,-0.387368146538426,False,False,False,False,False,False,5.551115123125783e-17,0.38937218813195335
V2E08,M0_V1,FROZEN_V1_CURVATURE_CONTINUITY,CURVATURE_CONTINUITY,0.21337596361631042,-0.15000000000000002,-0.14286726003040212,0.007132739969597901,-0.7725,-0.0022362930768520806,-0.387368146538426,False,False,False,False,False,False,5.551115123125783e-17,0.38937218813195335
V2E08,M0_V1,FROZEN_V1_CURVATURE_CONTINUITY,CURVATURE_CONTINUITY,0.21415470797257433,-0.15000000000000002,-0.1431817787796107,0.006818221220389331,-0.7725,-0.0022362930768520806,-0.387368146538426,False,False,False,False,False,False,5.551115123125783e-17,0.38937218813195335
V2E08,M0_V1,FROZEN_V1_CURVATURE_CONTINUITY,CURVATURE_CONTINUITY,0.21493345232883823,-0.15000000000000002,-0.14348885303322645,0.006511146966773573,-0.7725,-0.0022362930768520806,-0.387368146538426,False,False,False,False,False,False,5.551115123125783e-17,0.38937218813195335
V2E08,M0_V1,FROZEN_V1_CURVATURE_CONTINUITY,CURVATURE_CONTINUITY,0.21571219668510214,-0.15000000000000002,-0.14378848202014474,0.00621151797985528,-0.7725,-0.0022362930768520806,-0.387368146538426,False,False,False,False,False,False,5.551115123125783e-17,0.38937218813195335
V2E08,M0_V1,FROZEN_V1_CURVATURE_CONTINUITY,CURVATURE_CONTINUITY,0.21649094104136604,-0.15000000000000002,-0.14408066708094003,0.005919332919059994,-0.7725,-0.0022362930768520806,-0.387368146538426,False,False,False,False,False,False,5.551115123125783e-17,0.38937218813195335
V2E08,M0_V1,FROZEN_V1_CURVATURE_CONTINUITY,CURVATURE_CONTINUITY,0.21726968539762995,-0.15000000000000002,-0.14436541168867253,0.0056345883113274875,-0.7725,-0.0022362930768520806,-0.387368146538426,False,False,False,False,False,False,5.551115123125783e-17,0.38937218813195335
V2E08,M0_V1,FROZEN_V1_CURVATURE_CONTINUITY,CURVATURE_CONTINUITY,0.21804842975389385,-0.15000000000000002,-0.1446427214696933,0.005357278530306736,-0.7725,-0.0022362930768520806,-0.387368146538426,False,False,False,False,False,False,5.551115123125783e-17,0.38937218813195335
V2E08,M0_V1,FROZEN_V1_CURVATURE_CONTINUITY,CURVATURE_CONTINUITY,0.21882717411015776,-0.15000000000000002,-0.144912604224451,0.0050873957755490085,-0.7725,-0.0022362930768520806,-0.387368146538426,False,False,False,False,False,False,5.551115123125783e-17,0.38937218813195335
V2E08,M0_V1,FROZEN_V1_CURVATURE_CONTINUITY,CURVATURE_CONTINUITY,0.21960591846642166,-0.15000000000000002,-0.14517506994829862,0.004824930051701398,-0.7725,-0.0022362930768520806,-0.387368146538426,False,False,False,False,False,False,5.551115123125783e-17,0.38937218813195335
V2E08,M0_V1,FROZEN_V1_CURVATURE_CONTINUITY,CURVATURE_CONTINUITY,0.22038466282268557,-0.15000000000000002,-0.14543013085229922,0.0045698691477008,-0.7725,-0.0022362930768520806,-0.387368146538426,False,False,False,False,False,False,5.551115123125783e-17,0.38937218813195335
V2E08,M0_V1,FROZEN_V1_CURVATURE_CONTINUITY,CURVATURE_CONTINUITY,0.2211634071789495,-0.15000000000000002,-0.1456778013840318,0.00432219861596822,-0.7725,-0.0022362930768520806,-0.387368146538426,False,False,False,False,False,False,5.551115123125783e-17,0.38937218813195335
V2E08,M0_V1,FROZEN_V1_CURVATURE_CONTINUITY,CURVATURE_CONTINUITY,0.2219421515352134,-0.15000000000000002,-0.14591809824839816,0.004081901751601863,-0.7725,-0.0022362930768520806,-0.387368146538426,False,False,False,False,False,False,5.551115123125783e-17,0.38937218813195335
V2E08,M0_V1,FROZEN_V1_CURVATURE_CONTINUITY,CURVATURE_CONTINUITY,0.2227208958914773,-0.15000000000000002,-0.1461510404284291,0.0038489595715709146,-0.7725,-0.0022362930768520806,-0.387368146538426,False,False,False,False,False,False,5.551115123125783e-17,0.38937218813195335
V2E08,M0_V1,FROZEN_V1_CURVATURE_CONTINUITY,CURVATURE_CONTINUITY,0.22349964024774122,-0.15000000000000002,-0.14637664920609053,0.003623350793909491,-0.7725,-0.0022362930768520806,-0.387368146538426,False,False,False,False,False,False,5.551115123125783e-17,0.38937218813195335
V2E08,M0_V1,FROZEN_V1_CURVATURE_CONTINUITY,CURVATURE_CONTINUITY,0.22427838460400512,-0.15000000000000002,-0.14659494818308919,0.003405051816910837,-0.7725,-0.0022362930768520806,-0.387368146538426,False,False,False,False,False,False,5.551115123125783e-17,0.38937218813195335
V2E08,M0_V1,FROZEN_V1_CURVATURE_CONTINUITY,CURVATURE_CONTINUITY,0.22505712896026903,-0.15000000000000002,-0.14680596330167958,0.0031940366983204405,-0.7725,-0.0022362930768520806,-0.387368146538426,False,False,False,False,False,False,5.551115123125783e-17,0.38937218813195335
V2E08,M0_V1,FROZEN_V1_CURVATURE_CONTINUITY,CURVATURE_CONTINUITY,0.22583587331653293,-0.15000000000000002,-0.14700972286547004,0.002990277134529984,-0.7725,-0.0022362930768520806,-0.387368146538426,False,False,False,False,False,False,5.551115123125783e-17,0.38937218813195335
V2E08,M0_V1,FROZEN_V1_CURVATURE_CONTINUITY,CURVATURE_CONTINUITY,0.22661461767279684,-0.15000000000000002,-0.14720625756022895,0.0027937424397710686,-0.7474999999999999,-0.0022362930768520806,-0.37486814653842604,False,False,False,False,False,False,5.551115123125783e-17,0.38937218813195335
V2E08,M0_V1,FROZEN_V1_CURVATURE_CONTINUITY,CURVATURE_CONTINUITY,0.22739336202906074,-0.15000000000000002,-0.1473956004746904,0.0026043995253096086,-0.7474999999999999,-0.0022362930768520806,-0.37486814653842604,False,False,False,False,False,False,5.551115123125783e-17,0.38937218813195335
V2E08,M0_V1,FROZEN_V1_CURVATURE_CONTINUITY,CURVATURE_CONTINUITY,0.22817210638532465,-0.15000000000000002,-0.14757778712136158,0.0024222128786384467,-0.7474999999999999,-0.0022362930768520806,-0.37486814653842604,False,False,False,False,False,False,5.551115123125783e-17,0.38937218813195335
V2E08,M0_V1,FROZEN_V1_CURVATURE_CONTINUITY,CURVATURE_CONTINUITY,0.22895085074158855,-0.15000000000000002,-0.14775285545732814,0.002247144542671886,-0.7474999999999999,-0.0022362930768520806,-0.37486814653842604,False,False,False,False,False,False,5.551115123125783e-17,0.38937218813195335
V2E08,M0_V1,FROZEN_V1_CURVATURE_CONTINUITY,CURVATURE_CONTINUITY,0.22972959509785246,-0.15000000000000002,-0.14792084590506027,0.0020791540949397502,-0.7474999999999999,-0.0022362930768520806,-0.37486814653842604,False,False,False,False,False,False,5.551115123125783e-17,0.38937218813195335
V2E08,M0_V1,FROZEN_V1_CURVATURE_CONTINUITY,CURVATURE_CONTINUITY,0.23050833945411636,-0.15000000000000002,-0.1480818013732195,0.0019181986267805262,-0.7474999999999999,-0.0022362930768520806,-0.37486814653842604,False,False,False,False,False,False,5.551115123125783e-17,0.38937218813195335
V2E08,M0_V1,FROZEN_V1_CURVATURE_CONTINUITY,CURVATURE_CONTINUITY,0.23128708381038027,-0.15000000000000002,-0.14823576727746493,0.0017642327225350918,-0.7474999999999999,-0.0022362930768520806,-0.37486814653842604,False,False,False,False,False,False,5.551115123125783e-17,0.38937218813195335
V2E08,M0_V1,FROZEN_V1_CURVATURE_CONTINUITY,CURVATURE_CONTINUITY,0.23206582816664417,-0.15000000000000002,-0.14838279156125936,0.0016172084387406638,-0.7474999999999999,-0.0022362930768520806,-0.37486814653842604,False,False,False,False,False,False,5.551115123125783e-17,0.38937218813195335
V2E08,M0_V1,FROZEN_V1_CURVATURE_CONTINUITY,CURVATURE_CONTINUITY,0.23284457252290808,-0.15000000000000002,-0.14852292471667466,0.0014770752833253575,-0.7474999999999999,-0.0022362930768520806,-0.37486814653842604,False,False,False,False,False,False,5.551115123125783e-17,0.38937218813195335
V2E08,M0_V1,FROZEN_V1_CURVATURE_CONTINUITY,CURVATURE_CONTINUITY,0.23362331687917198,-0.15000000000000002,-0.14865621980519958,0.0013437801948004424,-0.7474999999999999,-0.0022362930768520806,-0.37486814653842604,False,False,False,False,False,False,5.551115123125783e-17,0.38937218813195335
V2E08,M0_V1,FROZEN_V1_CURVATURE_CONTINUITY,CURVATURE_CONTINUITY,0.2344020612354359,-0.15000000000000002,-0.14878273247854487,0.001217267521455151,-0.7474999999999999,-0.0022362930768520806,-0.37486814653842604,False,False,False,False,False,False,5.551115123125783e-17,0.38937218813195335
V2E08,M0_V1,FROZEN_V1_CURVATURE_CONTINUITY,CURVATURE_CONTINUITY,0.23518080559169982,-0.15000000000000002,-0.14890252099944964,0.0010974790005503776,-0.7474999999999999,-0.0022362930768520806,-0.37486814653842604,False,False,False,False,False,False,5.551115123125783e-17,0.38937218813195335
V2E08,M0_V1,FROZEN_V1_CURVATURE_CONTINUITY,CURVATURE_CONTINUITY,0.23595954994796373,-0.15000000000000002,-0.14901564626248787,0.0009843537375121558,-0.7474999999999999,-0.0022362930768520806,-0.37486814653842604,False,False,False,False,False,False,5.551115123125783e-17,0.38937218813195335
V2E08,M0_V1,FROZEN_V1_CURVATURE_CONTINUITY,CURVATURE_CONTINUITY,0.23673829430422763,-0.15000000000000002,-0.14912217181487453,0.0008778281851254954,-0.7474999999999999,-0.0022362930768520806,-0.37486814653842604,False,False,False,False,False,False,5.551115123125783e-17,0.38937218813195335
V2E08,M0_V1,FROZEN_V1_CURVATURE_CONTINUITY,CURVATURE_CONTINUITY,0.23751703866049154,-0.15000000000000002,-0.149222163877272,0.0007778361227280262,-0.7474999999999999,-0.0022362930768520806,-0.37486814653842604,False,False,False,False,False,False,5.551115123125783e-17,0.38937218813195335
V2E08,M0_V1,FROZEN_V1_CURVATURE_CONTINUITY,CURVATURE_CONTINUITY,0.23829578301675544,-0.15000000000000002,-0.1493156913645958,0.0006843086354042238,-0.7474999999999999,-0.0022362930768520806,-0.37486814653842604,False,False,False,False,False,False,5.551115123125783e-17,0.38937218813195335
V2E08,M0_V1,FROZEN_V1_CURVATURE_CONTINUITY,CURVATURE_CONTINUITY,0.23907452737301935,-0.15000000000000002,-0.14940282590682108,0.0005971740931789427,-0.7474999999999999,-0.0022362930768520806,-0.37486814653842604,False,False,False,False,False,False,5.551115123125783e-17,0.38937218813195335
V2E08,M0_V1,FROZEN_V1_CURVATURE_CONTINUITY,CURVATURE_CONTINUITY,0.23985327172928325,-0.15000000000000002,-0.1494836418697894,0.0005163581302106146,-0.7474999999999999,-0.0022362930768520806,-0.37486814653842604,False,False,False,False,False,False,5.551115123125783e-17,0.38937218813195335
V2E08,M0_V1,FROZEN_V1_CURVATURE_CONTINUITY,CURVATURE_CONTINUITY,0.24063201608554716,-0.15000000000000002,-0.14955821637601407,0.0004417836239859474,-0.7474999999999999,-0.0022362930768520806,-0.37486814653842604,False,False,False,False,False,False,5.551115123125783e-17,0.38937218813195335
V2E08,M0_V1,FROZEN_V1_CURVATURE_CONTINUITY,CURVATURE_CONTINUITY,0.24141076044181106,-0.15000000000000002,-0.14962662932548648,0.0003733706745135401,-0.7474999999999999,-0.0022362930768520806,-0.37486814653842604,False,False,False,False,False,False,5.551115123125783e-17,0.38937218813195335
V2E08,M0_V1,FROZEN_V1_CURVATURE_CONTINUITY,CURVATURE_CONTINUITY,0.24218950479807497,-0.15000000000000002,-0.14968896341648327,0.00031103658351674945,-0.7474999999999999,-0.0022362930768520806,-0.37486814653842604,False,False,False,False,False,False,5.551115123125783e-17,0.38937218813195335
V2E08,M0_V1,FROZEN_V1_CURVATURE_CONTINUITY,CURVATURE_CONTINUITY,0.24296824915433887,-0.15000000000000002,-0.14974530416637175,0.00025469583362827675,-0.7474999999999999,-0.0022362930768520806,-0.37486814653842604,False,False,False,False,False,False,5.551115123125783e-17,0.38937218813195335
V2E08,M0_V1,FROZEN_V1_CURVATURE_CONTINUITY,CURVATURE_CONTINUITY,0.24374699351060278,-0.15000000000000002,-0.1497957399324158,0.00020426006758422766,-0.7474999999999999,-0.0022362930768520806,-0.37486814653842604,False,False,False,False,False,False,5.551115123125783e-17,0.38937218813195335
V2E08,M0_V1,FROZEN_V1_CURVATURE_CONTINUITY,CURVATURE_CONTINUITY,0.24452573786686668,-0.15000000000000002,-0.14984036193258293,0.0001596380674170894,-0.7474999999999999,-0.0022362930768520806,-0.37486814653842604,False,False,False,False,False,False,5.551115123125783e-17,0.38937218813195335
V2E08,M0_V1,FROZEN_V1_CURVATURE_CONTINUITY,CURVATURE_CONTINUITY,0.2453044822231306,-0.15000000000000002,-0.14987926426635062,0.00012073573364940193,-0.7474999999999999,-0.0022362930768520806,-0.37486814653842604,False,False,False,False,False,False,5.551115123125783e-17,0.38937218813195335
V2E08,M0_V1,FROZEN_V1_CURVATURE_CONTINUITY,CURVATURE_CONTINUITY,0.2460832265793945,-0.15000000000000002,-0.14991254393551154,8.745606448848364e-05,-0.7474999999999999,-0.0022362930768520806,-0.37486814653842604,False,False,False,False,True,False,5.551115123125783e-17,0.38937218813195335
V2E08,M0_V1,FROZEN_V1_CURVATURE_CONTINUITY,CURVATURE_CONTINUITY,0.2468619709356584,-0.15000000000000002,-0.14994030086498042,5.9699135019603e-05,-0.7474999999999999,-0.0022362930768520806,-0.37486814653842604,False,False,False,False,True,False,5.551115123125783e-17,0.38937218813195335
V2E08,M0_V1,FROZEN_V1_CURVATURE_CONTINUITY,CURVATURE_CONTINUITY,0.2476407152919223,-0.15000000000000002,-0.1499626379235999,3.736207640012146e-05,-0.7474999999999999,-0.0022362930768520806,-0.37486814653842604,False,False,False,False,True,False,5.551115123125783e-17,0.38937218813195335
V2E08,M0_V1,FROZEN_V1_CURVATURE_CONTINUITY,CURVATURE_CONTINUITY,0.2484194596481862,-0.15000000000000002,-0.14997966094494833,2.0339055051693533e-05,-0.7474999999999999,-0.0022362930768520806,-0.37486814653842604,False,False,False,False,True,False,5.551115123125783e-17,0.38937218813195335
V2E08,M0_V1,FROZEN_V1_CURVATURE_CONTINUITY,CURVATURE_CONTINUITY,0.24919820400445014,-0.15000000000000002,-0.14999147874814334,8.52125185668573e-06,-0.7474999999999999,-0.0022362930768520806,-0.37486814653842604,False,False,False,False,True,False,5.551115123125783e-17,0.38937218813195335
V2E08,M0_V1,FROZEN_V1_CURVATURE_CONTINUITY,CURVATURE_CONTINUITY,0.24997694836071405,-0.15000000000000002,-0.14999820315864984,1.796841350182321e-06,-0.7474999999999999,-0.0022362930768520806,-0.37486814653842604,False,False,False,False,True,False,5.551115123125783e-17,0.38937218813195335
V2E08,M0_V1,FROZEN_V1_CURVATURE_CONTINUITY,CURVATURE_CONTINUITY,0.25075569271697795,-0.15000000000000002,-0.14999994729466276,5.270533726120519e-08,-0.7474999999999999,-0.0022362930768520806,-0.37486814653842604,False,False,False,True,True,False,5.551115123125783e-17,0.38937218813195335
V2E08,M0_V1,FROZEN_V1_CURVATURE_CONTINUITY,CURVATURE_CONTINUITY,0.25153443707324186,-0.15000000000000002,-0.14999598857696783,4.0114230321908195e-06,-0.7474999999999999,-0.0022362930768520806,-0.37486814653842604,False,False,False,False,True,False,5.551115123125783e-17,0.38937218813195335
V2E08,M0_V1,FROZEN_V1_CURVATURE_CONTINUITY,CURVATURE_CONTINUITY,0.25231318142950576,-0.15000000000000002,-0.14998350759742646,1.6492402573564657e-05,-0.7474999999999999,-0.0022362930768520806,-0.37486814653842604,False,False,False,False,True,False,5.551115123125783e-17,0.38937218813195335
V2E08,M0_V1,FROZEN_V1_CURVATURE_CONTINUITY,CURVATURE_CONTINUITY,0.25309192578576967,-0.15000000000000002,-0.14995954051238836,4.0459487611665956e-05,-0.7474999999999999,-0.0022362930768520806,-0.37486814653842604,False,False,False,False,True,False,5.551115123125783e-17,0.38937218813195335
V2E08,M0_V1,FROZEN_V1_CURVATURE_CONTINUITY,CURVATURE_CONTINUITY,0.25387067014203357,-0.15000000000000002,-0.14992133858632484,7.866141367518509e-05,-0.7474999999999999,-0.0022362930768520806,-0.37486814653842604,False,False,False,False,True,False,5.551115123125783e-17,0.38937218813195335
V2E08,M0_V1,FROZEN_V1_CURVATURE_CONTINUITY,CURVATURE_CONTINUITY,0.2546494144982975,-0.15000000000000002,-0.1498663632553391,0.0001336367446609088,-0.7474999999999999,-0.0022362930768520806,-0.37486814653842604,False,False,False,False,False,False,5.551115123125783e-17,0.38937218813195335
V2E08,M0_V1,FROZEN_V1_CURVATURE_CONTINUITY,CURVATURE_CONTINUITY,0.2554281588545614,-0.15000000000000002,-0.14979228119067628,0.00020771880932374254,-0.7474999999999999,-0.0022362930768520806,-0.37486814653842604,False,False,False,False,False,False,5.551115123125783e-17,0.38937218813195335
V2E08,M0_V1,FROZEN_V1_CURVATURE_CONTINUITY,CURVATURE_CONTINUITY,0.2562069032108253,-0.15000000000000002,-0.1496969593622336,0.0003030406377664274,-0.7474999999999999,-0.0022362930768520806,-0.37486814653842604,False,False,False,False,False,False,5.551115123125783e-17,0.38937218813195335
V2E08,M0_V1,FROZEN_V1_CURVATURE_CONTINUITY,CURVATURE_CONTINUITY,0.2569856475670892,-0.15000000000000002,-0.1495784601020706,0.0004215398979294238,-0.7474999999999999,-0.0022362930768520806,-0.37486814653842604,False,False,False,False,False,False,5.551115123125783e-17,0.38937218813195335
V2E08,M0_V1,FROZEN_V1_CURVATURE_CONTINUITY,CURVATURE_CONTINUITY,0.2577643919233531,-0.15000000000000002,-0.14943503616791917,0.0005649638320808503,-0.7474999999999999,-0.0022362930768520806,-0.37486814653842604,False,False,False,False,False,False,5.551115123125783e-17,0.38937218813195335
V2E08,M0_V1,FROZEN_V1_CURVATURE_CONTINUITY,CURVATURE_CONTINUITY,0.258543136279617,-0.15000000000000002,-0.1492651258066938,0.0007348741933062286,-0.7474999999999999,-0.0022362930768520806,-0.37486814653842604,False,False,False,False,False,False,5.551115123125783e-17,0.38937218813195335
V2E08,M0_V1,FROZEN_V1_CURVATURE_CONTINUITY,CURVATURE_CONTINUITY,0.2593218806358809,-0.15000000000000002,-0.1490673478180016,0.0009326521819984224,-0.7474999999999999,-0.0022362930768520806,-0.37486814653842604,False,False,False,False,False,False,5.551115123125783e-17,0.38937218813195335
V2E08,M0_V1,FROZEN_V1_CURVATURE_CONTINUITY,CURVATURE_CONTINUITY,0.2601006249921448,-0.15000000000000002,-0.14884049661765256,0.0011595033823474654,-0.7474999999999999,-0.0022362930768520806,-0.37486814653842604,False,False,False,False,False,False,5.551115123125783e-17,0.38937218813195335
V2E08,M0_V1,FROZEN_V1_CURVATURE_CONTINUITY,CURVATURE_CONTINUITY,0.2608793693484087,-0.15000000000000002,-0.1485835373011697,0.0014164626988303342,-0.7474999999999999,-0.0022362930768520806,-0.37486814653842604,False,False,False,False,False,False,5.551115123125783e-17,0.38937218813195335
V2E08,M0_V1,FROZEN_V1_CURVATURE_CONTINUITY,CURVATURE_CONTINUITY,0.2616581137046726,-0.15000000000000002,-0.14829560070729905,0.00170439929270097,-0.7474999999999999,-0.0022362930768520806,-0.37486814653842604,False,False,False,False,False,False,5.551115123125783e-17,0.38937218813195335
V2E08,M0_V1,FROZEN_V1_CURVATURE_CONTINUITY,CURVATURE_CONTINUITY,0.26243685806093653,-0.15000000000000002,-0.14797597848152005,0.002024021518479968,-0.7474999999999999,-0.0022362930768520806,-0.37486814653842604,False,False,False,False,False,False,5.551115123125783e-17,0.38937218813195335
V2E08,M0_V1,FROZEN_V1_CURVATURE_CONTINUITY,CURVATURE_CONTINUITY,0.26321560241720043,-0.15000000000000002,-0.14762411813955545,0.002375881860444573,-0.7474999999999999,-0.0022362930768520806,-0.37486814653842604,False,False,False,False,False,False,5.551115123125783e-17,0.38937218813195335
V2E08,M0_V1,FROZEN_V1_CURVATURE_CONTINUITY,CURVATURE_CONTINUITY,0.26399434677346434,-0.15000000000000002,-0.14723961813088157,0.00276038186911845,-0.7474999999999999,-0.0022362930768520806,-0.37486814653842604,False,False,False,False,False,False,5.551115123125783e-17,0.38937218813195335
V2E08,M0_V1,FROZEN_V1_CURVATURE_CONTINUITY,CURVATURE_CONTINUITY,0.26477309112972824,-0.15000000000000002,-0.14682222290223854,0.003177777097761486,-0.7474999999999999,-0.0022362930768520806,-0.37486814653842604,False,False,False,False,False,False,5.551115123125783e-17,0.38937218813195335
V2E08,M0_V1,FROZEN_V1_CURVATURE_CONTINUITY,CURVATURE_CONTINUITY,0.26555183548599215,-0.15000000000000002,-0.1463718179611402,0.003628182038859812,-0.7474999999999999,-0.0022362930768520806,-0.37486814653842604,False,False,False,False,False,False,5.551115123125783e-17,0.38937218813195335
V2E08,M0_V1,FROZEN_V1_CURVATURE_CONTINUITY,CURVATURE_CONTINUITY,0.26633057984225605,-0.15000000000000002,-0.14588842493938448,0.0041115750606155466,-0.7474999999999999,-0.0022362930768520806,-0.37486814653842604,False,False,False,False,False,False,5.551115123125783e-17,0.38937218813195335
V2E08,M0_V1,FROZEN_V1_CURVATURE_CONTINUITY,CURVATURE_CONTINUITY,0.26710932419851996,-0.15000000000000002,-0.14537219665656342,0.004627803343436598,-0.7474999999999999,-0.0022362930768520806,-0.37486814653842604,False,False,False,False,False,False,5.551115123125783e-17,0.38937218813195335
V2E08,M0_V1,FROZEN_V1_CURVATURE_CONTINUITY,CURVATURE_CONTINUITY,0.26788806855478386,-0.15000000000000002,-0.14482341218357336,0.005176587816426659,-0.7474999999999999,-0.0022362930768520806,-0.37486814653842604,False,False,False,False,False,False,5.551115123125783e-17,0.38937218813195335
V2E08,M0_V1,FROZEN_V1_CURVATURE_CONTINUITY,CURVATURE_CONTINUITY,0.26866681291104777,-0.15000000000000002,-0.14424247190612505,0.005757528093874975,-0.7474999999999999,-0.0022362930768520806,-0.37486814653842604,False,False,False,False,False,False,5.551115123125783e-17,0.38937218813195335
V2E08,M0_V1,FROZEN_V1_CURVATURE_CONTINUITY,CURVATURE_CONTINUITY,0.2694455572673117,-0.15000000000000002,-0.14362989258825382,0.006370107411746206,-0.7474999999999999,-0.0022362930768520806,-0.37486814653842604,False,False,False,False,False,False,5.551115123125783e-17,0.38937218813195335
V2E08,M0_V1,FROZEN_V1_CURVATURE_CONTINUITY,CURVATURE_CONTINUITY,0.2702243016235756,-0.15000000000000002,-0.14298630243582974,0.007013697564170279,-0.7474999999999999,-0.0022362930768520806,-0.37486814653842604,False,False,False,False,False,False,5.551115123125783e-17,0.38937218813195335
V2E08,M0_V1,FROZEN_V1_CURVATURE_CONTINUITY,CURVATURE_CONTINUITY,0.27100304597983954,-0.15000000000000002,-0.1423124361600677,0.0076875638399323265,-0.7474999999999999,-0.0022362930768520806,-0.37486814653842604,False,False,False,False,False,False,5.551115123125783e-17,0.38937218813195335
V2E08,M0_V1,FROZEN_V1_CURVATURE_CONTINUITY,CURVATURE_CONTINUITY,0.27178179033610345,-0.15000000000000002,-0.1416091300410377,0.008390869958962321,-0.7474999999999999,-0.0022362930768520806,-0.37486814653842604,False,False,False,False,False,False,5.551115123125783e-17,0.38937218813195335
V2E08,M0_V1,FROZEN_V1_CURVATURE_CONTINUITY,CURVATURE_CONTINUITY,0.27256053469236735,-0.15000000000000002,-0.14087731699117478,0.009122683008825239,-0.7474999999999999,-0.0022362930768520806,-0.37486814653842604,False,False,False,False,False,False,5.551115123125783e-17,0.38937218813195335
V2E08,M0_V1,FROZEN_V1_CURVATURE_CONTINUITY,CURVATURE_CONTINUITY,0.27333927904863126,-0.15000000000000002,-0.14011802161878933,0.009881978381210688,-0.7474999999999999,-0.0022362930768520806,-0.37486814653842604,False,False,False,False,False,False,5.551115123125783e-17,0.38937218813195335
V2E08,M0_V1,FROZEN_V1_CURVATURE_CONTINUITY,CURVATURE_CONTINUITY,0.27411802340489516,-0.15000000000000002,-0.13933235529157723,0.010667644708422797,-0.7474999999999999,-0.0022362930768520806,-0.37486814653842604,False,False,False,False,False,False,5.551115123125783e-17,0.38937218813195335
V2E08,M0_V1,FROZEN_V1_CURVATURE_CONTINUITY,CURVATURE_CONTINUITY,0.27489676776115907,-0.15000000000000002,-0.13852151120012982,0.011478488799870207,-0.7474999999999999,-0.0022362930768520806,-0.37486814653842604,False,False,False,False,False,False,5.551115123125783e-17,0.38937218813195335
V2E08,M0_V1,FROZEN_V1_CURVATURE_CONTINUITY,CURVATURE_CONTINUITY,0.27567551211742297,-0.15000000000000002,-0.13768675942144434,0.012313240578555679,-0.7474999999999999,-0.0022362930768520806,-0.37486814653842604,False,False,False,False,False,False,5.551115123125783e-17,0.38937218813195335
V2E08,M0_V1,FROZEN_V1_CURVATURE_CONTINUITY,CURVATURE_CONTINUITY,0.2764542564736869,-0.15000000000000002,-0.13682944198243377,0.013170558017566253,-0.7474999999999999,-0.0022362930768520806,-0.37486814653842604,False,False,False,False,False,False,5.551115123125783e-17,0.38937218813195335
V2E08,M0_V1,FROZEN_V1_CURVATURE_CONTINUITY,CURVATURE_CONTINUITY,0.2772330008299508,-0.15000000000000002,-0.1359509679234372,0.014049032076562828,-0.7474999999999999,-0.0022362930768520806,-0.37486814653842604,False,False,False,False,False,False,5.551115123125783e-17,0.38937218813195335
V2E08,M0_V1,FROZEN_V1_CURVATURE_CONTINUITY,CURVATURE_CONTINUITY,0.2780117451862147,-0.15000000000000002,-0.13505280836172984,0.014947191638270185,-0.7474999999999999,-0.0022362930768520806,-0.37486814653842604,False,False,False,False,False,False,5.551115123125783e-17,0.38937218813195335
V2E08,M0_V1,FROZEN_V1_CURVATURE_CONTINUITY,CURVATURE_CONTINUITY,0.2787904895424786,-0.15000000000000002,-0.13413649155503327,0.015863508444966756,-0.7474999999999999,-0.0022362930768520806,-0.37486814653842604,False,False,False,False,False,False,5.551115123125783e-17,0.38937218813195335
V2E08,M0_V1,FROZEN_V1_CURVATURE_CONTINUITY,CURVATURE_CONTINUITY,0.2795692338987425,-0.15000000000000002,-0.13320359796502546,0.016796402034974567,-0.7474999999999999,-0.0022362930768520806,-0.37486814653842604,False,False,False,False,False,False,5.551115123125783e-17,0.38937218813195335
V2E08,M0_V1,FROZEN_V1_CURVATURE_CONTINUITY,CURVATURE_CONTINUITY,0.2803479782550064,-0.15000000000000002,-0.13225575532085102,0.017744244679149007,-0.7474999999999999,-0.0022362930768520806,-0.37486814653842604,False,False,False,False,False,False,5.551115123125783e-17,0.38937218813195335
V2E08,M0_V1,FROZEN_V1_CURVATURE_CONTINUITY,CURVATURE_CONTINUITY,0.2811267226112703,-0.15000000000000002,-0.1312946336826313,0.018705366317368716,-0.7474999999999999,-0.0022362930768520806,-0.37486814653842604,False,False,False,False,False,False,5.551115123125783e-17,0.38937218813195335
V2E08,M0_V1,FROZEN_V1_CURVATURE_CONTINUITY,CURVATURE_CONTINUITY,0.2819054669675342,-0.15000000000000002,-0.1303219405049746,0.019678059495025435,-0.7474999999999999,-0.0022362930768520806,-0.37486814653842604,False,False,False,False,False,False,5.551115123125783e-17,0.38937218813195335
V2E08,M0_V1,FROZEN_V1_CURVATURE_CONTINUITY,CURVATURE_CONTINUITY,0.2826842113237981,-0.15000000000000002,-0.12933941570048613,0.020660584299513896,-0.7474999999999999,-0.0022362930768520806,-0.37486814653842604,False,False,False,False,False,False,5.551115123125783e-17,0.38937218813195335
V2E08,M0_V1,FROZEN_V1_CURVATURE_CONTINUITY,CURVATURE_CONTINUITY,0.283462955680062,-0.15000000000000002,-0.1283488267032784,0.021651173296721615,-0.7474999999999999,-0.0022362930768520806,-0.37486814653842604,False,False,False,False,False,False,5.551115123125783e-17,0.38937218813195335
V2E08,M0_V1,FROZEN_V1_CURVATURE_CONTINUITY,CURVATURE_CONTINUITY,0.28424170003632593,-0.15000000000000002,-0.12735196353248124,0.022648036467518784,-0.7474999999999999,-0.0022362930768520806,-0.37486814653842604,False,False,False,False,False,False,5.551115123125783e-17,0.38937218813195335
V2E08,M0_V1,FROZEN_V1_CURVATURE_CONTINUITY,CURVATURE_CONTINUITY,0.28502044439258983,-0.15000000000000002,-0.12635063385575185,0.023649366144248174,-0.7474999999999999,-0.0022362930768520806,-0.37486814653842604,False,False,False,False,False,False,5.551115123125783e-17,0.38937218813195335
V2E08,M0_V1,FROZEN_V1_CURVATURE_CONTINUITY,CURVATURE_CONTINUITY,0.28579918874885374,-0.15000000000000002,-0.1253466580527852,0.02465334194721483,-0.7474999999999999,-0.0022362930768520806,-0.37486814653842604,False,False,False,False,False,False,5.551115123125783e-17,0.38937218813195335
V2E08,M0_V1,FROZEN_V1_CURVATURE_CONTINUITY,CURVATURE_CONTINUITY,0.28657793310511764,-0.15000000000000002,-0.12434186427882388,0.025658135721176145,-0.7474999999999999,-0.0022362930768520806,-0.37486814653842604,False,False,False,False,False,False,5.551115123125783e-17,0.38937218813195335
V2E08,M0_V1,FROZEN_V1_CURVATURE_CONTINUITY,CURVATURE_CONTINUITY,0.28735667746138155,-0.15000000000000002,-0.1233380835281685,0.026661916471831526,-0.7474999999999999,-0.0022362930768520806,-0.37486814653842604,False,False,False,False,False,False,5.551115123125783e-17,0.38937218813195335
V2E08,M0_V1,FROZEN_V1_CURVATURE_CONTINUITY,CURVATURE_CONTINUITY,0.28813542181764545,-0.15000000000000002,-0.12233714469768761,0.02766285530231241,-0.7474999999999999,-0.0022362930768520806,-0.37486814653842604,False,False,False,False,False,False,5.551115123125783e-17,0.38937218813195335
V2E08,M0_V1,FROZEN_V1_CURVATURE_CONTINUITY,CURVATURE_CONTINUITY,0.28891416617390936,-0.15000000000000002,-0.12134086965032806,0.028659130349671963,-0.7474999999999999,-0.0022362930768520806,-0.37486814653842604,False,False,False,False,False,False,5.551115123125783e-17,0.38937218813195335
V2E08,M0_V1,FROZEN_V1_CURVATURE_CONTINUITY,CURVATURE_CONTINUITY,0.28969291053017326,-0.15000000000000002,-0.120351068278625,0.02964893172137502,-0.7474999999999999,-0.0022362930768520806,-0.37486814653842604,False,False,False,False,False,False,5.551115123125783e-17,0.38937218813195335
V2E08,M0_V1,FROZEN_V1_CURVATURE_CONTINUITY,CURVATURE_CONTINUITY,0.29047165488643717,-0.15000000000000002,-0.11936953356821207,0.030630466431787948,-0.7474999999999999,-0.0022362930768520806,-0.37486814653842604,False,False,False,False,False,False,5.551115123125783e-17,0.38937218813195335
V2E08,M0_V1,FROZEN_V1_CURVATURE_CONTINUITY,CURVATURE_CONTINUITY,0.2912503992427011,-0.15000000000000002,-0.11839803666133153,0.03160196333866849,-0.7474999999999999,-0.0022362930768520806,-0.37486814653842604,False,False,False,False,False,False,5.551115123125783e-17,0.38937218813195335
V2E08,M0_V1,FROZEN_V1_CURVATURE_CONTINUITY,CURVATURE_CONTINUITY,0.292029143598965,-0.15000000000000002,-0.11743832192034441,0.03256167807965561,-0.7474999999999999,-0.0022362930768520806,-0.37486814653842604,False,False,False,False,False,False,5.551115123125783e-17,0.38937218813195335
V2E08,M0_V1,FROZEN_V1_CURVATURE_CONTINUITY,CURVATURE_CONTINUITY,0.2928078879552289,-0.15000000000000002,-0.11649210199124072,0.03350789800875931,-0.7474999999999999,-0.0022362930768520806,-0.37486814653842604,False,False,False,False,False,False,5.551115123125783e-17,0.38937218813195335
V2E08,M0_V1,FROZEN_V1_CURVATURE_CONTINUITY,CURVATURE_CONTINUITY,0.2935866323114928,-0.15000000000000002,-0.11556105286714946,0.03443894713285056,-0.7474999999999999,-0.0022362930768520806,-0.37486814653842604,False,False,False,False,False,False,5.551115123125783e-17,0.38937218813195335
V2E08,M0_V1,FROZEN_V1_CURVATURE_CONTINUITY,CURVATURE_CONTINUITY,0.2943653766677567,-0.15000000000000002,-0.1146468089518489,0.03535319104815113,-0.7474999999999999,-0.0022362930768520806,-0.37486814653842604,False,False,False,False,False,False,5.551115123125783e-17,0.38937218813195335
V2E08,M0_V1,FROZEN_V1_CURVATURE_CONTINUITY,CURVATURE_CONTINUITY,0.2951441210240206,-0.15000000000000002,-0.11375095812327661,0.03624904187672341,-0.7474999999999999,-0.0022362930768520806,-0.37486814653842604,False,False,False,False,False,False,5.551115123125783e-17,0.38937218813195335
V2E08,M0_V1,FROZEN_V1_CURVATURE_CONTINUITY,CURVATURE_CONTINUITY,0.2959228653802845,-0.15000000000000002,-0.1128750367970397,0.037124963202960326,-0.7474999999999999,-0.0022362930768520806,-0.37486814653842604,False,False,False,False,False,False,5.551115123125783e-17,0.38937218813195335
V2E08,M0_V1,FROZEN_V1_CURVATURE_CONTINUITY,CURVATURE_CONTINUITY,0.2967016097365484,-0.15000000000000002,-0.11202052498992496,0.037979475010075064,-0.7474999999999999,-0.0022362930768520806,-0.37486814653842604,False,False,False,False,False,False,5.551115123125783e-17,0.38937218813195335
V2E08,M0_V1,FROZEN_V1_CURVATURE_CONTINUITY,CURVATURE_CONTINUITY,0.2974803540928123,-0.15000000000000002,-0.11118884138340891,0.03881115861659111,-0.7474999999999999,-0.0022362930768520806,-0.37486814653842604,False,False,False,False,False,False,5.551115123125783e-17,0.38937218813195335
V2E08,M0_V1,FROZEN_V1_CURVATURE_CONTINUITY,CURVATURE_CONTINUITY,0.2982590984490762,-0.15000000000000002,-0.11038133838716799,0.039618661612832035,-0.7474999999999999,-0.0022362930768520806,-0.37486814653842604,False,False,False,False,False,False,5.551115123125783e-17,0.38937218813195335
V2E08,M0_V1,FROZEN_V1_CURVATURE_CONTINUITY,CURVATURE_CONTINUITY,0.2990378428053401,-0.15000000000000002,-0.10959929720258876,0.04040070279741126,-0.7474999999999999,-0.0022362930768520806,-0.37486814653842604,False,False,False,False,False,False,5.551115123125783e-17,0.38937218813195335
V2E08,M0_V1,FROZEN_V1_CURVATURE_CONTINUITY,CURVATURE_CONTINUITY,0.2998165871616041,-0.15000000000000002,-0.108843922886278,0.04115607711372202,-0.7474999999999999,-0.0022362930768520806,-0.37486814653842604,False,False,False,False,False,False,5.551115123125783e-17,0.38937218813195335
V2E08,M0_V1,FROZEN_V1_CURVATURE_CONTINUITY,CURVATURE_CONTINUITY,0.300595331517868,-0.15000000000000002,-0.10811633941357293,0.04188366058642709,-0.7474999999999999,-0.0022362930768520806,-0.37486814653842604,False,False,False,False,False,False,5.551115123125783e-17,0.38937218813195335
V2E08,M0_V1,FROZEN_V1_CURVATURE_CONTINUITY,CURVATURE_CONTINUITY,0.3013740758741319,-0.15000000000000002,-0.10741758474205117,0.042582415257948855,-0.7474999999999999,-0.0022362930768520806,-0.37486814653842604,False,False,False,False,False,False,5.551115123125783e-17,0.38937218813195335
V2E08,M0_V1,FROZEN_V1_CURVATURE_CONTINUITY,CURVATURE_CONTINUITY,0.3021528202303958,-0.15000000000000002,-0.10674860587504101,0.043251394124959014,-0.7474999999999999,-0.0022362930768520806,-0.37486814653842604,False,False,False,False,False,False,5.551115123125783e-17,0.38937218813195335
V2E08,M0_V1,FROZEN_V1_CURVATURE_CONTINUITY,CURVATURE_CONTINUITY,0.3029315645866597,-0.15000000000000002,-0.10611025392513165,0.04388974607486837,-0.7474999999999999,-0.0022362930768520806,-0.37486814653842604,False,False,False,False,False,False,5.551115123125783e-17,0.38937218813195335
V2E08,M0_V1,FROZEN_V1_CURVATURE_CONTINUITY,CURVATURE_CONTINUITY,0.3037103089429236,-0.15000000000000002,-0.10550327917768311,0.04449672082231691,-0.7474999999999999,-0.0022362930768520806,-0.37486814653842604,False,False,False,False,False,False,5.551115123125783e-17,0.38937218813195335
V2E08,M0_V1,FROZEN_V1_CURVATURE_CONTINUITY,CURVATURE_CONTINUITY,0.3044890532991875,-0.15000000000000002,-0.10492832615433656,0.04507167384566346,-0.7474999999999999,-0.0022362930768520806,-0.37486814653842604,False,False,False,False,False,False,5.551115123125783e-17,0.38937218813195335
V2E08,M0_V1,FROZEN_V1_CURVATURE_CONTINUITY,CURVATURE_CONTINUITY,0.3052677976554514,-0.15000000000000002,-0.10438592867652448,0.045614071323475544,-0.7474999999999999,-0.0022362930768520806,-0.37486814653842604,False,False,False,False,False,False,5.551115123125783e-17,0.38937218813195335
V2E08,M0_V1,FROZEN_V1_CURVATURE_CONTINUITY,CURVATURE_CONTINUITY,0.30604654201171533,-0.15000000000000002,-0.10387650492898057,0.046123495071019455,-0.7474999999999999,-0.0022362930768520806,-0.37486814653842604,False,False,False,False,False,False,5.551115123125783e-17,0.38937218813195335
V2E08,M0_V1,FROZEN_V1_CURVATURE_CONTINUITY,CURVATURE_CONTINUITY,0.30682528636797923,-0.15000000000000002,-0.10340035252325025,0.04659964747674977,-0.7474999999999999,-0.0022362930768520806,-0.37486814653842604,False,False,False,False,False,False,5.551115123125783e-17,0.38937218813195335
V2E08,M0_V1,FROZEN_V1_CURVATURE_CONTINUITY,CURVATURE_CONTINUITY,0.30760403072424314,-0.15000000000000002,-0.10295764356120049,0.04704235643879953,-0.7474999999999999,-0.0022362930768520806,-0.37486814653842604,False,False,False,False,False,False,5.551115123125783e-17,0.38937218813195335
V2E08,M0_V1,FROZEN_V1_CURVATURE_CONTINUITY,CURVATURE_CONTINUITY,0.30838277508050704,-0.15000000000000002,-0.10254841969853007,0.04745158030146995,-0.7474999999999999,-0.0022362930768520806,-0.37486814653842604,False,False,False,False,False,False,5.551115123125783e-17,0.38937218813195335
V2E08,M0_V1,FROZEN_V1_CURVATURE_CONTINUITY,CURVATURE_CONTINUITY,0.30916151943677095,-0.15000000000000002,-0.10217258720827979,0.04782741279172023,-0.7474999999999999,-0.0022362930768520806,-0.37486814653842604,False,False,False,False,False,False,5.551115123125783e-17,0.38937218813195335
V2E08,M0_V1,FROZEN_V1_CURVATURE_CONTINUITY,CURVATURE_CONTINUITY,0.30994026379303485,-0.15000000000000002,-0.10182991204434258,0.04817008795565744,-0.7474999999999999,-0.0022362930768520806,-0.37486814653842604,False,False,False,False,False,False,5.551115123125783e-17,0.38937218813195335
V2E08,M0_V1,FROZEN_V1_CURVATURE_CONTINUITY,CURVATURE_CONTINUITY,0.31071900814929876,-0.15000000000000002,-0.10152001490497353,0.04847998509502649,-0.7474999999999999,-0.0022362930768520806,-0.37486814653842604,False,False,False,False,False,False,5.551115123125783e-17,0.38937218813195335
V2E08,M0_V1,FROZEN_V1_CURVATURE_CONTINUITY,CURVATURE_CONTINUITY,0.31149775250556266,-0.15000000000000002,-0.10124236629630023,0.04875763370369979,-0.7474999999999999,-0.0022362930768520806,-0.37486814653842604,False,False,False,False,False,False,5.551115123125783e-17,0.38937218813195335
V2E08,M0_V1,FROZEN_V1_CURVATURE_CONTINUITY,CURVATURE_CONTINUITY,0.31227649686182657,-0.15000000000000002,-0.10099628159583274,0.049003718404167285,-0.7474999999999999,-0.0022362930768520806,-0.37486814653842604,False,False,False,False,False,False,5.551115123125783e-17,0.38937218813195335
V2E08,M0_V1,FROZEN_V1_CURVATURE_CONTINUITY,CURVATURE_CONTINUITY,0.3130552412180905,-0.15000000000000002,-0.10078091611597384,0.04921908388402618,-0.7474999999999999,-0.0022362930768520806,-0.37486814653842604,False,False,False,False,False,False,5.551115123125783e-17,0.38937218813195335
V2E08,M0_V1,FROZEN_V1_CURVATURE_CONTINUITY,CURVATURE_CONTINUITY,0.3138339855743544,-0.15000000000000002,-0.10059526016752907,0.049404739832470956,-0.7474999999999999,-0.0022362930768520806,-0.37486814653842604,False,False,False,False,False,False,5.551115123125783e-17,0.38937218813195335
V2E08,M0_V1,FROZEN_V1_CURVATURE_CONTINUITY,CURVATURE_CONTINUITY,0.3146127299306183,-0.15000000000000002,-0.10043813412321712,0.04956186587678291,-0.7474999999999999,-0.0022362930768520806,-0.37486814653842604,False,False,False,False,False,False,5.551115123125783e-17,0.38937218813195335
V2E08,M0_V1,FROZEN_V1_CURVATURE_CONTINUITY,CURVATURE_CONTINUITY,0.3153914742868822,-0.15000000000000002,-0.10030818348117965,0.049691816518820375,-0.7474999999999999,-0.0022362930768520806,-0.37486814653842604,False,False,False,False,False,False,5.551115123125783e-17,0.38937218813195335
V2E08,M0_V1,FROZEN_V1_CURVATURE_CONTINUITY,CURVATURE_CONTINUITY,0.3161702186431461,-0.15000000000000002,-0.10020387392849162,0.049796126071508406,-0.7474999999999999,-0.0022362930768520806,-0.37486814653842604,False,False,False,False,False,False,5.551115123125783e-17,0.38937218813195335
V2E08,M0_V1,FROZEN_V1_CURVATURE_CONTINUITY,CURVATURE_CONTINUITY,0.31694896299941,-0.15000000000000002,-0.10012348640467145,0.049876513595328575,-0.7474999999999999,-0.0022362930768520806,-0.37486814653842604,False,False,False,False,False,False,5.551115123125783e-17,0.38937218813195335
V2E08,M0_V1,FROZEN_V1_CURVATURE_CONTINUITY,CURVATURE_CONTINUITY,0.3177277073556739,-0.15000000000000002,-0.10006511216519105,0.04993488783480897,-0.7474999999999999,-0.0022362930768520806,-0.37486814653842604,False,False,False,False,False,False,5.551115123125783e-17,0.38937218813195335
V2E08,M0_V1,FROZEN_V1_CURVATURE_CONTINUITY,CURVATURE_CONTINUITY,0.3185064517119378,-0.15000000000000002,-0.10002664784498598,0.04997335215501404,-0.7474999999999999,-0.0022362930768520806,-0.37486814653842604,False,False,False,False,False,False,5.551115123125783e-17,0.38937218813195335
V2E08,M0_V1,FROZEN_V1_CURVATURE_CONTINUITY,CURVATURE_CONTINUITY,0.3192851960682017,-0.15000000000000002,-0.10000579052196597,0.049994209478034055,-0.7474999999999999,-0.0022362930768520806,-0.37486814653842604,False,False,False,False,False,False,5.551115123125783e-17,0.38937218813195335
V2E08,M0_V1,FROZEN_V1_CURVATURE_CONTINUITY,CURVATURE_CONTINUITY,0.3200639404244656,-0.15000000000000002,-0.10000003314466056,0.04999996685533946,-0.7474999999999999,-0.0022362930768520806,-0.37486814653842604,False,False,False,False,False,False,5.551115123125783e-17,0.38937218813195335
V2E08,M0_V1,FROZEN_V1_CURVATURE_CONTINUITY,CURVATURE_CONTINUITY,0.3208426847807295,-0.15000000000000002,-0.1000078443443204,0.04999215565567962,-0.7474999999999999,-0.0022362930768520806,-0.37486814653842604,False,False,False,False,False,False,5.551115123125783e-17,0.38937218813195335
V2E08,M0_V1,FROZEN_V1_CURVATURE_CONTINUITY,CURVATURE_CONTINUITY,0.32162142913699343,-0.15000000000000002,-0.10003129558509054,0.049968704414909484,-0.7474999999999999,-0.0022362930768520806,-0.37486814653842604,False,False,False,False,False,False,5.551115123125783e-17,0.38937218813195335
V2E08,M0_V1,FROZEN_V1_CURVATURE_CONTINUITY,CURVATURE_CONTINUITY,0.32240017349325734,-0.15000000000000002,-0.10007300468253862,0.049926995317461406,-0.7474999999999999,-0.0022362930768520806,-0.37486814653842604,False,False,False,False,False,False,5.551115123125783e-17,0.38937218813195335
V2E08,M0_V1,FROZEN_V1_CURVATURE_CONTINUITY,CURVATURE_CONTINUITY,0.32317891784952124,-0.15000000000000002,-0.10013537190983565,0.04986462809016437,-0.7474999999999999,-0.0022362930768520806,-0.37486814653842604,False,False,False,False,False,False,5.551115123125783e-17,0.38937218813195335
V2E08,M0_V1,FROZEN_V1_CURVATURE_CONTINUITY,CURVATURE_CONTINUITY,0.32395766220578515,-0.15000000000000002,-0.10022058534438438,0.04977941465561564,-0.7474999999999999,-0.0022362930768520806,-0.37486814653842604,False,False,False,False,False,False,5.551115123125783e-17,0.38937218813195335
V2E08,M0_V1,FROZEN_V1_CURVATURE_CONTINUITY,CURVATURE_CONTINUITY,0.32473640656204905,-0.15000000000000002,-0.10033062621444748,0.04966937378555254,-0.7474999999999999,-0.0022362930768520806,-0.37486814653842604,False,False,False,False,False,False,5.551115123125783e-17,0.38937218813195335
V2E08,M0_V1,FROZEN_V1_CURVATURE_CONTINUITY,CURVATURE_CONTINUITY,0.32551515091831296,-0.15000000000000002,-0.10046727424577595,0.04953272575422407,-0.7474999999999999,-0.0022362930768520806,-0.37486814653842604,False,False,False,False,False,False,5.551115123125783e-17,0.38937218813195335
V2E08,M0_V1,FROZEN_V1_CURVATURE_CONTINUITY,CURVATURE_CONTINUITY,0.32629389527457686,-0.15000000000000002,-0.10063211300823739,0.04936788699176263,-0.7474999999999999,-0.0022362930768520806,-0.37486814653842604,False,False,False,False,False,False,5.551115123125783e-17,0.38937218813195335
V2E08,M0_V1,FROZEN_V1_CURVATURE_CONTINUITY,CURVATURE_CONTINUITY,0.32707263963084077,-0.15000000000000002,-0.10082653526244431,0.04917346473755571,-0.7474999999999999,-0.0022362930768520806,-0.37486814653842604,False,False,False,False,False,False,5.551115123125783e-17,0.38937218813195335
V2E08,M0_V1,FROZEN_V1_CURVATURE_CONTINUITY,CURVATURE_CONTINUITY,0.3278513839871047,-0.15000000000000002,-0.10105174830638243,0.04894825169361759,-0.7474999999999999,-0.0022362930768520806,-0.37486814653842604,False,False,False,False,False,False,5.551115123125783e-17,0.38937218813195335
V2E08,M0_V1,FROZEN_V1_CURVATURE_CONTINUITY,CURVATURE_CONTINUITY,0.32863012834336863,-0.15000000000000002,-0.101308779322039,0.04869122067796103,-0.7474999999999999,-0.0022362930768520806,-0.37486814653842604,False,False,False,False,False,False,5.551115123125783e-17,0.38937218813195335
V2E08,M0_V1,FROZEN_V1_CURVATURE_CONTINUITY,CURVATURE_CONTINUITY,0.32940887269963254,-0.15000000000000002,-0.10159848072203106,0.04840151927796896,-0.7474999999999999,-0.0022362930768520806,-0.37486814653842604,False,False,False,False,False,False,5.551115123125783e-17,0.38937218813195335
V2E08,M0_V1,FROZEN_V1_CURVATURE_CONTINUITY,CURVATURE_CONTINUITY,0.33018761705589644,-0.15000000000000002,-0.10192153549623388,0.04807846450376614,-0.7474999999999999,-0.0022362930768520806,-0.37486814653842604,False,False,False,False,False,False,5.551115123125783e-17,0.38937218813195335
V2E08,M0_V1,FROZEN_V1_CURVATURE_CONTINUITY,CURVATURE_CONTINUITY,0.33096636141216035,-0.15000000000000002,-0.10227846255840908,0.04772153744159094,-0.7474999999999999,-0.0022362930768520806,-0.37486814653842604,False,False,False,False,False,False,5.551115123125783e-17,0.38937218813195335
V2E08,M0_V1,FROZEN_V1_CURVATURE_CONTINUITY,CURVATURE_CONTINUITY,0.33174510576842425,-0.15000000000000002,-0.10266962209283309,0.04733037790716693,-0.7474999999999999,-0.0022362930768520806,-0.37486814653842604,False,False,False,False,False,False,5.551115123125783e-17,0.38937218813195335
V2E08,M0_V1,FROZEN_V1_CURVATURE_CONTINUITY,CURVATURE_CONTINUITY,0.33252385012468816,-0.15000000000000002,-0.10309522090092539,0.04690477909907463,-0.7474999999999999,-0.0022362930768520806,-0.37486814653842604,False,False,False,False,False,False,5.551115123125783e-17,0.38937218813195335
V2E08,M0_V1,FROZEN_V1_CURVATURE_CONTINUITY,CURVATURE_CONTINUITY,0.33330259448095206,-0.15000000000000002,-0.1035553177478768,0.046444682252123226,-0.7474999999999999,-0.0022362930768520806,-0.37486814653842604,False,False,False,False,False,False,5.551115123125783e-17,0.38937218813195335
V2E08,M0_V1,FROZEN_V1_CURVATURE_CONTINUITY,CURVATURE_CONTINUITY,0.33408133883721597,-0.15000000000000002,-0.10404982870927783,0.045950171290722194,-0.7474999999999999,-0.0022362930768520806,-0.37486814653842604,False,False,False,False,False,False,5.551115123125783e-17,0.38937218813195335
V2E08,M0_V1,FROZEN_V1_CURVATURE_CONTINUITY,CURVATURE_CONTINUITY,0.3348600831934799,-0.15000000000000002,-0.10457853251774697,0.04542146748225305,-0.7474999999999999,-0.0022362930768520806,-0.37486814653842604,False,False,False,False,False,False,5.551115123125783e-17,0.38937218813195335
V2E08,M0_V1,FROZEN_V1_CURVATURE_CONTINUITY,CURVATURE_CONTINUITY,0.3356388275497438,-0.15000000000000002,-0.10514107590955901,0.04485892409044101,-0.7474999999999999,-0.0022362930768520806,-0.37486814653842604,False,False,False,False,False,False,5.551115123125783e-17,0.38937218813195335
V2E08,M0_V1,FROZEN_V1_CURVATURE_CONTINUITY,CURVATURE_CONTINUITY,0.3364175719060077,-0.15000000000000002,-0.10573697897127331,0.044263021028726715,-0.7474999999999999,-0.0022362930768520806,-0.37486814653842604,False,False,False,False,False,False,5.551115123125783e-17,0.38937218813195335
V2E08,M0_V1,FROZEN_V1_CURVATURE_CONTINUITY,CURVATURE_CONTINUITY,0.3371963162622716,-0.15000000000000002,-0.10636564048636214,0.04363435951363788,-0.7474999999999999,-0.0022362930768520806,-0.37486814653842604,False,False,False,False,False,False,5.551115123125783e-17,0.38937218813195335
V2E08,M0_V1,FROZEN_V1_CURVATURE_CONTINUITY,CURVATURE_CONTINUITY,0.3379750606185355,-0.15000000000000002,-0.10702634328183899,0.04297365671816103,-0.7474999999999999,-0.0022362930768520806,-0.37486814653842604,False,False,False,False,False,False,5.551115123125783e-17,0.38937218813195335
V2E08,M0_V1,FROZEN_V1_CURVATURE_CONTINUITY,CURVATURE_CONTINUITY,0.3387538049747994,-0.15000000000000002,-0.10771825957488687,0.04228174042511315,-0.7474999999999999,-0.0022362930768520806,-0.37486814653842604,False,False,False,False,False,False,5.551115123125783e-17,0.38937218813195335
V2E08,M0_V1,FROZEN_V1_CURVATURE_CONTINUITY,CURVATURE_CONTINUITY,0.3395325493310633,-0.15000000000000002,-0.10844045631948657,0.041559543680513455,-0.7474999999999999,-0.0022362930768520806,-0.37486814653842604,False,False,False,False,False,False,5.551115123125783e-17,0.38937218813195335
V2E08,M0_V1,FROZEN_V1_CURVATURE_CONTINUITY,CURVATURE_CONTINUITY,0.3403112936873272,-0.15000000000000002,-0.10919190055304505,0.040808099446954973,-0.7474999999999999,-0.0022362930768520806,-0.37486814653842604,False,False,False,False,False,False,5.551115123125783e-17,0.38937218813195335
V2E08,M0_V1,FROZEN_V1_CURVATURE_CONTINUITY,CURVATURE_CONTINUITY,0.3410900380435911,-0.15000000000000002,-0.1099714647430237,0.04002853525697632,-0.7474999999999999,-0.0022362930768520806,-0.37486814653842604,False,False,False,False,False,False,5.551115123125783e-17,0.38937218813195335
V2E08,M0_V1,FROZEN_V1_CURVATURE_CONTINUITY,CURVATURE_CONTINUITY,0.341868782399855,-0.15000000000000002,-0.11077793213356664,0.03922206786643338,-0.7474999999999999,-0.0022362930768520806,-0.37486814653842604,False,False,False,False,False,False,5.551115123125783e-17,0.38937218813195335
V2E08,M0_V1,FROZEN_V1_CURVATURE_CONTINUITY,CURVATURE_CONTINUITY,0.3426475267561189,-0.15000000000000002,-0.11161000209212905,0.03838999790787097,-0.7474999999999999,-0.0022362930768520806,-0.37486814653842604,False,False,False,False,False,False,5.551115123125783e-17,0.38937218813195335
V2E08,M0_V1,FROZEN_V1_CURVATURE_CONTINUITY,CURVATURE_CONTINUITY,0.34342627111238283,-0.15000000000000002,-0.11246629545610548,0.03753370454389454,-0.7474999999999999,-0.0022362930768520806,-0.37486814653842604,False,False,False,False,False,False,5.551115123125783e-17,0.38937218813195335
V2E08,M0_V1,FROZEN_V1_CURVATURE_CONTINUITY,CURVATURE_CONTINUITY,0.34420501546864674,-0.15000000000000002,-0.11334535987945812,0.0366546401205419,-0.7474999999999999,-0.0022362930768520806,-0.37486814653842604,False,False,False,False,False,False,5.551115123125783e-17,0.38937218813195335
V2E08,M0_V1,FROZEN_V1_CURVATURE_CONTINUITY,CURVATURE_CONTINUITY,0.34498375982491064,-0.15000000000000002,-0.11424567517934514,0.03575432482065488,-0.7474999999999999,-0.0022362930768520806,-0.37486814653842604,False,False,False,False,False,False,5.551115123125783e-17,0.38937218813195335
V2E08,M0_V1,FROZEN_V1_CURVATURE_CONTINUITY,CURVATURE_CONTINUITY,0.34576250418117455,-0.15000000000000002,-0.115165658682749,0.03483434131725102,-0.7474999999999999,-0.0022362930768520806,-0.37486814653842604,False,False,False,False,False,False,5.551115123125783e-17,0.38937218813195335
V2E08,M0_V1,FROZEN_V1_CURVATURE_CONTINUITY,CURVATURE_CONTINUITY,0.34654124853743845,-0.15000000000000002,-0.11610367057310474,0.033896329426895286,-0.7474999999999999,-0.0022362930768520806,-0.37486814653842604,False,False,False,False,False,False,5.551115123125783e-17,0.38937218813195335
V2E08,M0_V1,FROZEN_V1_CURVATURE_CONTINUITY,CURVATURE_CONTINUITY,0.34731999289370236,-0.15000000000000002,-0.11705801923692828,0.03294198076307174,-0.7474999999999999,-0.0022362930768520806,-0.37486814653842604,False,False,False,False,False,False,5.551115123125783e-17,0.38937218813195335
V2E08,M0_V1,FROZEN_V1_CURVATURE_CONTINUITY,CURVATURE_CONTINUITY,0.34809873724996626,-0.15000000000000002,-0.11802696661044476,0.03197303338955526,-0.7474999999999999,-0.0022362930768520806,-0.37486814653842604,False,False,False,False,False,False,5.551115123125783e-17,0.38937218813195335
V2E08,M0_V1,FROZEN_V1_CURVATURE_CONTINUITY,CURVATURE_CONTINUITY,0.34887748160623017,-0.15000000000000002,-0.11900873352621681,0.03099126647378321,-0.7474999999999999,-0.0022362930768520806,-0.37486814653842604,False,False,False,False,False,False,5.551115123125783e-17,0.38937218813195335
V2E08,M0_V1,FROZEN_V1_CURVATURE_CONTINUITY,CURVATURE_CONTINUITY,0.34965622596249407,-0.15000000000000002,-0.12000150505977289,0.029998494940227133,-0.7474999999999999,-0.0022362930768520806,-0.37486814653842604,False,False,False,False,False,False,5.551115123125783e-17,0.38937218813195335
V2E08,M0_V1,FROZEN_V1_CURVATURE_CONTINUITY,CURVATURE_CONTINUITY,0.350434970318758,-0.15000000000000002,-0.12100343587623558,0.028996564123764446,-0.7474999999999999,-0.0022362930768520806,-0.37486814653842604,False,False,False,False,False,False,5.551115123125783e-17,0.38937218813195335
V2E08,M0_V1,FROZEN_V1_CURVATURE_CONTINUITY,CURVATURE_CONTINUITY,0.3512137146750219,-0.15000000000000002,-0.12201265557694986,0.02798734442305016,-0.7474999999999999,-0.0022362930768520806,-0.37486814653842604,True,True,False,False,False,False,5.551115123125783e-17,0.38937218813195335
V2E08,M0_V1,FROZEN_V1_CURVATURE_CONTINUITY,CURVATURE_CONTINUITY,0.3519924590312858,-0.15000000000000002,-0.12302727404611148,0.02697272595388854,-0.7474999999999999,-0.0022362930768520806,-0.37486814653842604,False,False,False,False,False,False,5.551115123125783e-17,0.38937218813195335
V2E08,M0_V1,FROZEN_V1_CURVATURE_CONTINUITY,CURVATURE_CONTINUITY,0.3527712033875497,-0.15000000000000002,-0.12404538679739521,0.02595461320260481,-0.7474999999999999,-0.0022362930768520806,-0.37486814653842604,False,False,False,False,False,False,5.551115123125783e-17,0.38937218813195335
V2E08,M0_V1,FROZEN_V1_CURVATURE_CONTINUITY,CURVATURE_CONTINUITY,0.3535499477438136,-0.15000000000000002,-0.1250650803205832,0.024934919679416828,-0.7474999999999999,-0.0022362930768520806,-0.37486814653842604,False,False,False,False,False,False,5.551115123125783e-17,0.38937218813195335
V2E08,M0_V1,FROZEN_V1_CURVATURE_CONTINUITY,CURVATURE_CONTINUITY,0.3543286921000775,-0.15000000000000002,-0.12608443742819322,0.023915562571806798,-0.7474999999999999,-0.0022362930768520806,-0.37486814653842604,False,False,False,False,False,False,5.551115123125783e-17,0.38937218813195335
V2E08,M0_V1,FROZEN_V1_CURVATURE_CONTINUITY,CURVATURE_CONTINUITY,0.3551074364563414,-0.15000000000000002,-0.12710154260210701,0.022898457397893007,-0.7474999999999999,-0.0022362930768520806,-0.37486814653842604,False,False,False,False,False,False,5.551115123125783e-17,0.38937218813195335
V2E08,M0_V1,FROZEN_V1_CURVATURE_CONTINUITY,CURVATURE_CONTINUITY,0.3558861808126053,-0.15000000000000002,-0.1281144873401986,0.02188551265980143,-0.7474999999999999,-0.0022362930768520806,-0.37486814653842604,False,False,False,False,False,False,5.551115123125783e-17,0.38937218813195335
V2E08,M0_V1,FROZEN_V1_CURVATURE_CONTINUITY,CURVATURE_CONTINUITY,0.3566649251688693,-0.15000000000000002,-0.12912137550296263,0.020878624497037396,-0.7474999999999999,-0.0022362930768520806,-0.37486814653842604,False,False,False,False,False,False,5.551115123125783e-17,0.38937218813195335
V2E08,M0_V1,FROZEN_V1_CURVATURE_CONTINUITY,CURVATURE_CONTINUITY,0.3574436695251332,-0.15000000000000002,-0.13012032866014248,0.019879671339857546,-0.7474999999999999,-0.0022362930768520806,-0.37486814653842604,False,False,False,False,False,False,5.551115123125783e-17,0.38937218813195335
V2E08,M0_V1,FROZEN_V1_CURVATURE_CONTINUITY,CURVATURE_CONTINUITY,0.3582224138813971,-0.15000000000000002,-0.1311094914373589,0.01889050856264113,-0.7474999999999999,-0.0022362930768520806,-0.37486814653842604,False,False,False,False,False,False,5.551115123125783e-17,0.38937218813195335
V2E08,M0_V1,FROZEN_V1_CURVATURE_CONTINUITY,CURVATURE_CONTINUITY,0.359001158237661,-0.15000000000000002,-0.13208703686273798,0.01791296313726204,-0.7474999999999999,-0.0022362930768520806,-0.37486814653842604,False,False,False,False,False,False,5.551115123125783e-17,0.38937218813195335
V2E08,M0_V1,FROZEN_V1_CURVATURE_CONTINUITY,CURVATURE_CONTINUITY,0.3597799025939249,-0.15000000000000002,-0.1330511717135398,0.016948828286460216,-0.7474999999999999,-0.0022362930768520806,-0.37486814653842604,False,False,False,False,False,False,5.551115123125783e-17,0.38937218813195335
V2E08,M0_V1,FROZEN_V1_CURVATURE_CONTINUITY,CURVATURE_CONTINUITY,0.3605586469501888,-0.15000000000000002,-0.1340001418627864,0.015999858137213635,-0.7474999999999999,-0.0022362930768520806,-0.37486814653842604,False,False,False,False,False,False,5.551115123125783e-17,0.38937218813195335
V2E08,M0_V1,FROZEN_V1_CURVATURE_CONTINUITY,CURVATURE_CONTINUITY,0.3613373913064527,-0.15000000000000002,-0.13493223762589027,0.015067762374109755,-0.7474999999999999,-0.0022362930768520806,-0.37486814653842604,False,False,False,False,False,False,5.551115123125783e-17,0.38937218813195335
V2E08,M0_V1,FROZEN_V1_CURVATURE_CONTINUITY,CURVATURE_CONTINUITY,0.3621161356627166,-0.15000000000000002,-0.13584579910728267,0.01415420089271735,-0.7474999999999999,-0.0022362930768520806,-0.37486814653842604,False,False,False,False,False,False,5.551115123125783e-17,0.38937218813195335
V2E08,M0_V1,FROZEN_V1_CURVATURE_CONTINUITY,CURVATURE_CONTINUITY,0.3628948800189805,-0.15000000000000002,-0.13673922154704188,0.013260778452958144,-0.7474999999999999,-0.0022362930768520806,-0.37486814653842604,False,False,False,False,False,False,5.551115123125783e-17,0.38937218813195335
V2E08,M0_V1,FROZEN_V1_CURVATURE_CONTINUITY,CURVATURE_CONTINUITY,0.3636736243752444,-0.15000000000000002,-0.1376109606675215,0.012389039332478535,-0.7474999999999999,-0.0022362930768520806,-0.37486814653842604,False,False,False,False,False,False,5.551115123125783e-17,0.38937218813195335
V2E08,M0_V1,FROZEN_V1_CURVATURE_CONTINUITY,CURVATURE_CONTINUITY,0.3644523687315083,-0.15000000000000002,-0.13845953801997876,0.01154046198002126,-0.7474999999999999,-0.0022362930768520806,-0.37486814653842604,False,False,False,False,False,False,5.551115123125783e-17,0.38937218813195335
V2E08,M0_V1,FROZEN_V1_CURVATURE_CONTINUITY,CURVATURE_CONTINUITY,0.36523111308777223,-0.15000000000000002,-0.1392835463312029,0.010716453668797116,-0.7474999999999999,-0.0022362930768520806,-0.37486814653842604,False,False,False,False,False,False,5.551115123125783e-17,0.38937218813195335
V2E08,M0_V1,FROZEN_V1_CURVATURE_CONTINUITY,CURVATURE_CONTINUITY,0.36600985744403614,-0.15000000000000002,-0.14008165485014343,0.009918345149856594,-0.7474999999999999,-0.0022362930768520806,-0.37486814653842604,False,False,False,False,False,False,5.551115123125783e-17,0.38937218813195335
V2E08,M0_V1,FROZEN_V1_CURVATURE_CONTINUITY,CURVATURE_CONTINUITY,0.36678860180030004,-0.15000000000000002,-0.14085261469453833,0.009147385305461692,-0.7474999999999999,-0.0022362930768520806,-0.37486814653842604,False,False,False,False,False,False,5.551115123125783e-17,0.38937218813195335
V2E08,M0_V1,FROZEN_V1_CURVATURE_CONTINUITY,CURVATURE_CONTINUITY,0.36756734615656395,-0.15000000000000002,-0.14159526419754256,0.008404735802457458,-0.7474999999999999,-0.0022362930768520806,-0.37486814653842604,False,False,False,False,False,False,5.551115123125783e-17,0.38937218813195335
V2E08,M0_V1,FROZEN_V1_CURVATURE_CONTINUITY,CURVATURE_CONTINUITY,0.36834609051282785,-0.15000000000000002,-0.14230853425435624,0.007691465745643777,-0.7474999999999999,-0.0022362930768520806,-0.37486814653842604,False,False,False,False,False,False,5.551115123125783e-17,0.38937218813195335
V2E08,M0_V1,FROZEN_V1_CURVATURE_CONTINUITY,CURVATURE_CONTINUITY,0.36912483486909176,-0.15000000000000002,-0.14299145366885296,0.007008546331147059,-0.7474999999999999,-0.0022362930768520806,-0.37486814653842604,False,False,False,False,False,False,5.551115123125783e-17,0.38937218813195335
V2E08,M0_V1,FROZEN_V1_CURVATURE_CONTINUITY,CURVATURE_CONTINUITY,0.36990357922535566,-0.15000000000000002,-0.14364315450020806,0.006356845499791958,-0.7474999999999999,-0.0022362930768520806,-0.37486814653842604,False,False,False,False,False,False,5.551115123125783e-17,0.38937218813195335
V2E08,M0_V1,FROZEN_V1_CURVATURE_CONTINUITY,CURVATURE_CONTINUITY,0.37068232358161957,-0.15000000000000002,-0.14426287740952706,0.0057371225904729595,-0.7474999999999999,-0.0022362930768520806,-0.37486814653842604,False,False,False,False,False,False,5.551115123125783e-17,0.38937218813195335
V2E08,M0_V1,FROZEN_V1_CURVATURE_CONTINUITY,CURVATURE_CONTINUITY,0.37146106793788347,-0.15000000000000002,-0.14484997700647395,0.005150022993526071,-0.7474999999999999,-0.0022362930768520806,-0.37486814653842604,False,False,False,False,False,False,5.551115123125783e-17,0.38937218813195335
V2E08,M0_V1,FROZEN_V1_CURVATURE_CONTINUITY,CURVATURE_CONTINUITY,0.3722398122941474,-0.15000000000000002,-0.14540392719589923,0.0045960728041007926,-0.7474999999999999,-0.0022362930768520806,-0.37486814653842604,False,False,False,False,False,False,5.551115123125783e-17,0.38937218813195335
V2E08,M0_V1,FROZEN_V1_CURVATURE_CONTINUITY,CURVATURE_CONTINUITY,0.3730185566504113,-0.15000000000000002,-0.14592432652446863,0.004075673475531394,-0.7474999999999999,-0.0022362930768520806,-0.37486814653842604,False,False,False,False,False,False,5.551115123125783e-17,0.38937218813195335
V2E08,M0_V1,FROZEN_V1_CURVATURE_CONTINUITY,CURVATURE_CONTINUITY,0.3737973010066752,-0.15000000000000002,-0.14641090352729114,0.003589096472708886,-0.7474999999999999,-0.0022362930768520806,-0.37486814653842604,False,False,False,False,False,False,5.551115123125783e-17,0.38937218813195335
V2E08,M0_V1,FROZEN_V1_CURVATURE_CONTINUITY,CURVATURE_CONTINUITY,0.3745760453629391,-0.15000000000000002,-0.14686352207454734,0.0031364779254526853,-0.7474999999999999,-0.0022362930768520806,-0.37486814653842604,False,False,False,False,False,False,5.551115123125783e-17,0.38937218813195335
V2E08,M0_V1,FROZEN_V1_CURVATURE_CONTINUITY,CURVATURE_CONTINUITY,0.375354789719203,-0.15000000000000002,-0.14728218671811782,0.0027178132818821976,-0.7474999999999999,-0.0022362930768520806,-0.37486814653842604,False,False,False,False,False,False,5.551115123125783e-17,0.38937218813195335
V2E08,M0_V1,FROZEN_V1_CURVATURE_CONTINUITY,CURVATURE_CONTINUITY,0.3761335340754669,-0.15000000000000002,-0.1476670480382114,0.0023329519617886207,-0.7474999999999999,-0.0022362930768520806,-0.37486814653842604,False,False,False,False,False,False,5.551115123125783e-17,0.38937218813195335
V2E08,M0_V1,FROZEN_V1_CURVATURE_CONTINUITY,CURVATURE_CONTINUITY,0.3769122784317308,-0.15000000000000002,-0.1480184079899935,0.0019815920100065276,-0.7474999999999999,-0.0022362930768520806,-0.37486814653842604,False,False,False,False,False,False,5.551115123125783e-17,0.38937218813195335
V2E08,M0_V1,FROZEN_V1_CURVATURE_CONTINUITY,CURVATURE_CONTINUITY,0.3776910227879947,-0.15000000000000002,-0.14833672525021435,0.0016632747497856704,-0.7474999999999999,-0.0022362930768520806,-0.37486814653842604,False,False,False,False,False,False,5.551115123125783e-17,0.38937218813195335
V2E08,M0_V1,FROZEN_V1_CURVATURE_CONTINUITY,CURVATURE_CONTINUITY,0.3784697671442586,-0.15000000000000002,-0.14862262056383738,0.0013773794361626457,-0.7474999999999999,-0.0022362930768520806,-0.37486814653842604,False,False,False,False,False,False,5.551115123125783e-17,0.38937218813195335
V2E08,M0_V1,FROZEN_V1_CURVATURE_CONTINUITY,CURVATURE_CONTINUITY,0.3792485115005225,-0.15000000000000002,-0.14887688209066746,0.0011231179093325605,-0.7474999999999999,-0.0022362930768520806,-0.37486814653842604,False,False,False,False,False,False,5.551115123125783e-17,0.38937218813195335
V2E08,M0_V1,FROZEN_V1_CURVATURE_CONTINUITY,CURVATURE_CONTINUITY,0.38002725585678643,-0.15000000000000002,-0.14910047075197938,0.0008995292480206418,-0.7474999999999999,-0.0022362930768520806,-0.37486814653842604,False,False,False,False,False,False,5.551115123125783e-17,0.38937218813195335
V2E08,M0_V1,FROZEN_V1_CURVATURE_CONTINUITY,CURVATURE_CONTINUITY,0.38080600021305033,-0.15000000000000002,-0.1492945255771459,0.0007054744228541243,-0.7474999999999999,-0.0022362930768520806,-0.37486814653842604,False,False,False,False,False,False,5.551115123125783e-17,0.38937218813195335
V2E08,M0_V1,FROZEN_V1_CURVATURE_CONTINUITY,CURVATURE_CONTINUITY,0.38158474456931424,-0.15000000000000002,-0.14946036905026616,0.0005396309497338603,-0.7474999999999999,-0.0022362930768520806,-0.37486814653842604,False,False,False,False,False,False,5.551115123125783e-17,0.38937218813195335
V2E08,M0_V1,FROZEN_V1_CURVATURE_CONTINUITY,CURVATURE_CONTINUITY,0.38236348892557814,-0.15000000000000002,-0.1495995124567941,0.0004004875432059296,-0.7474999999999999,-0.0022362930768520806,-0.37486814653842604,False,False,False,False,False,False,5.551115123125783e-17,0.38937218813195335
V2E08,M0_V1,FROZEN_V1_CURVATURE_CONTINUITY,CURVATURE_CONTINUITY,0.38314223328184205,-0.15000000000000002,-0.14971366123016672,0.0002863387698333053,-0.7474999999999999,-0.0022362930768520806,-0.37486814653842604,False,False,False,False,False,False,5.551115123125783e-17,0.38937218813195335
V2E08,M0_V1,FROZEN_V1_CURVATURE_CONTINUITY,CURVATURE_CONTINUITY,0.38392097763810595,-0.15000000000000002,-0.1498047202984322,0.00019527970156782426,-0.7474999999999999,-0.0022362930768520806,-0.37486814653842604,False,False,False,False,False,False,5.551115123125783e-17,0.38937218813195335
V2E08,M0_V1,FROZEN_V1_CURVATURE_CONTINUITY,CURVATURE_CONTINUITY,0.3846997219943699,-0.15000000000000002,-0.14987479943087842,0.00012520056912160293,-0.7474999999999999,-0.0022362930768520806,-0.37486814653842604,False,False,False,False,False,False,5.551115123125783e-17,0.38937218813195335
V2E08,M0_V1,FROZEN_V1_CURVATURE_CONTINUITY,CURVATURE_CONTINUITY,0.3854784663506338,-0.15000000000000002,-0.1499262185846612,7.378141533881388e-05,-0.7474999999999999,-0.0022362930768520806,-0.37486814653842604,False,False,False,False,True,False,5.551115123125783e-17,0.38937218813195335
V2E08,M0_V1,FROZEN_V1_CURVATURE_CONTINUITY,CURVATURE_CONTINUITY,0.3862572107068977,-0.15000000000000002,-0.14996151325143264,3.848674856737899e-05,-0.7474999999999999,-0.0022362930768520806,-0.37486814653842604,False,False,False,False,True,False,5.551115123125783e-17,0.38937218813195335
V2E08,M0_V1,FROZEN_V1_CURVATURE_CONTINUITY,CURVATURE_CONTINUITY,0.38703595506316163,-0.15000000000000002,-0.1499834398039694,1.6560196030634966e-05,-0.7474999999999999,-0.0022362930768520806,-0.37486814653842604,False,False,False,False,True,False,5.551115123125783e-17,0.38937218813195335
V2E08,M0_V1,FROZEN_V1_CURVATURE_CONTINUITY,CURVATURE_CONTINUITY,0.38781469941942553,-0.15000000000000002,-0.14999498084280083,5.019157199193103e-06,-0.7474999999999999,-0.0022362930768520806,-0.37486814653842604,False,False,False,False,True,False,5.551115123125783e-17,0.38937218813195335
V2E08,M0_V1,FROZEN_V1_CURVATURE_CONTINUITY,CURVATURE_CONTINUITY,0.38859344377568944,-0.15000000000000002,-0.14999935054283758,6.494571624382495e-07,-0.7474999999999999,-0.0022362930768520806,-0.37486814653842604,False,False,False,False,True,False,5.551115123125783e-17,0.38937218813195335
V2E08,M0_V1,FROZEN_V1_CURVATURE_CONTINUITY,CURVATURE_CONTINUITY,0.38937218813195335,-0.15000000000000002,-0.14999999999999997,5.551115123125783e-17,-0.7474999999999999,-0.0022362930768520806,-0.37486814653842604,False,False,False,True,True,True,5.551115123125783e-17,0.38937218813195335
