[0.083s] DEBUG:colcon:Command line arguments: ['/usr/bin/colcon', 'build', '--symlink-install']
[0.083s] DEBUG:colcon:Parsed command line arguments: Namespace(log_base=None, log_level=None, verb_name='build', build_base='build', install_base='install', merge_install=False, symlink_install=True, test_result_base=None, continue_on_error=False, executor='parallel', parallel_workers=14, event_handlers=None, ignore_user_meta=False, metas=['./colcon.meta'], base_paths=['.'], packages_ignore=None, packages_ignore_regex=None, paths=None, packages_up_to=None, packages_up_to_regex=None, packages_above=None, packages_above_and_dependencies=None, packages_above_depth=None, packages_select_by_dep=None, packages_skip_by_dep=None, packages_skip_up_to=None, packages_select_build_failed=False, packages_skip_build_finished=False, packages_select_test_failures=False, packages_skip_test_passed=False, packages_select=None, packages_skip=None, packages_select_regex=None, packages_skip_regex=None, packages_start=None, packages_end=None, allow_overriding=[], cmake_args=None, cmake_target=None, cmake_target_skip_unavailable=False, cmake_clean_cache=False, cmake_clean_first=False, cmake_force_configure=False, ament_cmake_args=None, catkin_cmake_args=None, catkin_skip_building_tests=False, mixin_files=None, mixin=None, verb_parser=<colcon_mixin.mixin.mixin_argument.MixinArgumentDecorator object at 0x776cebe3eb30>, verb_extension=<colcon_core.verb.build.BuildVerb object at 0x776cebe3e0b0>, main=<bound method BuildVerb.main of <colcon_core.verb.build.BuildVerb object at 0x776cebe3e0b0>>, mixin_verb=('build',))
[0.217s] Level 1:colcon.colcon_core.package_discovery:discover_packages(colcon_meta) check parameters
[0.217s] Level 1:colcon.colcon_core.package_discovery:discover_packages(recursive) check parameters
[0.217s] Level 1:colcon.colcon_core.package_discovery:discover_packages(ignore) check parameters
[0.217s] Level 1:colcon.colcon_core.package_discovery:discover_packages(path) check parameters
[0.217s] Level 1:colcon.colcon_core.package_discovery:discover_packages(colcon_meta) discover
[0.217s] Level 1:colcon.colcon_core.package_discovery:discover_packages(recursive) discover
[0.217s] INFO:colcon.colcon_core.package_discovery:Crawling recursively for packages in '/home/haejum-park/2026_IFAC'
[0.217s] Level 1:colcon.colcon_core.package_identification:_identify(.) by extensions ['ignore', 'ignore_ament_install']
[0.217s] Level 1:colcon.colcon_core.package_identification:_identify(.) by extension 'ignore'
[0.217s] Level 1:colcon.colcon_core.package_identification:_identify(.) by extension 'ignore_ament_install'
[0.217s] Level 1:colcon.colcon_core.package_identification:_identify(.) by extensions ['colcon_pkg']
[0.217s] Level 1:colcon.colcon_core.package_identification:_identify(.) by extension 'colcon_pkg'
[0.217s] Level 1:colcon.colcon_core.package_identification:_identify(.) by extensions ['colcon_meta']
[0.217s] Level 1:colcon.colcon_core.package_identification:_identify(.) by extension 'colcon_meta'
[0.217s] Level 1:colcon.colcon_core.package_identification:_identify(.) by extensions ['ros']
[0.217s] Level 1:colcon.colcon_core.package_identification:_identify(.) by extension 'ros'
[0.224s] Level 1:colcon.colcon_core.package_identification:_identify(.) by extensions ['cmake', 'python']
[0.224s] Level 1:colcon.colcon_core.package_identification:_identify(.) by extension 'cmake'
[0.224s] Level 1:colcon.colcon_core.package_identification:_identify(.) by extension 'python'
[0.224s] Level 1:colcon.colcon_core.package_identification:_identify(.) by extensions ['python_setup_py']
[0.224s] Level 1:colcon.colcon_core.package_identification:_identify(.) by extension 'python_setup_py'
[0.224s] Level 1:colcon.colcon_core.package_identification:_identify(amcl_localization) by extensions ['ignore', 'ignore_ament_install']
[0.224s] Level 1:colcon.colcon_core.package_identification:_identify(amcl_localization) by extension 'ignore'
[0.224s] Level 1:colcon.colcon_core.package_identification:_identify(amcl_localization) by extension 'ignore_ament_install'
[0.224s] Level 1:colcon.colcon_core.package_identification:_identify(amcl_localization) by extensions ['colcon_pkg']
[0.224s] Level 1:colcon.colcon_core.package_identification:_identify(amcl_localization) by extension 'colcon_pkg'
[0.224s] Level 1:colcon.colcon_core.package_identification:_identify(amcl_localization) by extensions ['colcon_meta']
[0.224s] Level 1:colcon.colcon_core.package_identification:_identify(amcl_localization) by extension 'colcon_meta'
[0.224s] Level 1:colcon.colcon_core.package_identification:_identify(amcl_localization) by extensions ['ros']
[0.224s] Level 1:colcon.colcon_core.package_identification:_identify(amcl_localization) by extension 'ros'
[0.225s] DEBUG:colcon.colcon_core.package_identification:Package 'amcl_localization' with type 'ros.ament_python' and name 'amcl_localization'
[0.225s] Level 1:colcon.colcon_core.package_identification:_identify(build) by extensions ['ignore', 'ignore_ament_install']
[0.225s] Level 1:colcon.colcon_core.package_identification:_identify(build) by extension 'ignore'
[0.225s] Level 1:colcon.colcon_core.package_identification:_identify(build) ignored
[0.225s] Level 1:colcon.colcon_core.package_identification:_identify(f110_msgs) by extensions ['ignore', 'ignore_ament_install']
[0.225s] Level 1:colcon.colcon_core.package_identification:_identify(f110_msgs) by extension 'ignore'
[0.225s] Level 1:colcon.colcon_core.package_identification:_identify(f110_msgs) by extension 'ignore_ament_install'
[0.226s] Level 1:colcon.colcon_core.package_identification:_identify(f110_msgs) by extensions ['colcon_pkg']
[0.226s] Level 1:colcon.colcon_core.package_identification:_identify(f110_msgs) by extension 'colcon_pkg'
[0.226s] Level 1:colcon.colcon_core.package_identification:_identify(f110_msgs) by extensions ['colcon_meta']
[0.226s] Level 1:colcon.colcon_core.package_identification:_identify(f110_msgs) by extension 'colcon_meta'
[0.226s] Level 1:colcon.colcon_core.package_identification:_identify(f110_msgs) by extensions ['ros']
[0.226s] Level 1:colcon.colcon_core.package_identification:_identify(f110_msgs) by extension 'ros'
[0.226s] DEBUG:colcon.colcon_core.package_identification:Package 'f110_msgs' with type 'ros.ament_cmake' and name 'f110_msgs'
[0.226s] Level 1:colcon.colcon_core.package_identification:_identify(install) by extensions ['ignore', 'ignore_ament_install']
[0.226s] Level 1:colcon.colcon_core.package_identification:_identify(install) by extension 'ignore'
[0.226s] Level 1:colcon.colcon_core.package_identification:_identify(install) ignored
[0.226s] Level 1:colcon.colcon_core.package_identification:_identify(lap_timer) by extensions ['ignore', 'ignore_ament_install']
[0.226s] Level 1:colcon.colcon_core.package_identification:_identify(lap_timer) by extension 'ignore'
[0.226s] Level 1:colcon.colcon_core.package_identification:_identify(lap_timer) by extension 'ignore_ament_install'
[0.226s] Level 1:colcon.colcon_core.package_identification:_identify(lap_timer) by extensions ['colcon_pkg']
[0.226s] Level 1:colcon.colcon_core.package_identification:_identify(lap_timer) by extension 'colcon_pkg'
[0.226s] Level 1:colcon.colcon_core.package_identification:_identify(lap_timer) by extensions ['colcon_meta']
[0.226s] Level 1:colcon.colcon_core.package_identification:_identify(lap_timer) by extension 'colcon_meta'
[0.226s] Level 1:colcon.colcon_core.package_identification:_identify(lap_timer) by extensions ['ros']
[0.226s] Level 1:colcon.colcon_core.package_identification:_identify(lap_timer) by extension 'ros'
[0.226s] DEBUG:colcon.colcon_core.package_identification:Package 'lap_timer' with type 'ros.ament_python' and name 'lap_timer'
[0.226s] Level 1:colcon.colcon_core.package_identification:_identify(log) by extensions ['ignore', 'ignore_ament_install']
[0.227s] Level 1:colcon.colcon_core.package_identification:_identify(log) by extension 'ignore'
[0.227s] Level 1:colcon.colcon_core.package_identification:_identify(log) ignored
[0.227s] Level 1:colcon.colcon_core.package_identification:_identify(monte_carlo_localization) by extensions ['ignore', 'ignore_ament_install']
[0.227s] Level 1:colcon.colcon_core.package_identification:_identify(monte_carlo_localization) by extension 'ignore'
[0.227s] Level 1:colcon.colcon_core.package_identification:_identify(monte_carlo_localization) by extension 'ignore_ament_install'
[0.227s] Level 1:colcon.colcon_core.package_identification:_identify(monte_carlo_localization) by extensions ['colcon_pkg']
[0.227s] Level 1:colcon.colcon_core.package_identification:_identify(monte_carlo_localization) by extension 'colcon_pkg'
[0.227s] Level 1:colcon.colcon_core.package_identification:_identify(monte_carlo_localization) by extensions ['colcon_meta']
[0.227s] Level 1:colcon.colcon_core.package_identification:_identify(monte_carlo_localization) by extension 'colcon_meta'
[0.227s] Level 1:colcon.colcon_core.package_identification:_identify(monte_carlo_localization) by extensions ['ros']
[0.227s] Level 1:colcon.colcon_core.package_identification:_identify(monte_carlo_localization) by extension 'ros'
[0.227s] DEBUG:colcon.colcon_core.package_identification:Package 'monte_carlo_localization' with type 'ros.ament_cmake' and name 'particle_filter_cpp'
[0.227s] Level 1:colcon.colcon_core.package_identification:_identify(new_map_con) by extensions ['ignore', 'ignore_ament_install']
[0.227s] Level 1:colcon.colcon_core.package_identification:_identify(new_map_con) by extension 'ignore'
[0.227s] Level 1:colcon.colcon_core.package_identification:_identify(new_map_con) by extension 'ignore_ament_install'
[0.227s] Level 1:colcon.colcon_core.package_identification:_identify(new_map_con) by extensions ['colcon_pkg']
[0.227s] Level 1:colcon.colcon_core.package_identification:_identify(new_map_con) by extension 'colcon_pkg'
[0.227s] Level 1:colcon.colcon_core.package_identification:_identify(new_map_con) by extensions ['colcon_meta']
[0.227s] Level 1:colcon.colcon_core.package_identification:_identify(new_map_con) by extension 'colcon_meta'
[0.227s] Level 1:colcon.colcon_core.package_identification:_identify(new_map_con) by extensions ['ros']
[0.228s] Level 1:colcon.colcon_core.package_identification:_identify(new_map_con) by extension 'ros'
[0.228s] DEBUG:colcon.colcon_core.package_identification:Package 'new_map_con' with type 'ros.ament_python' and name 'new_map_con'
[0.228s] Level 1:colcon.colcon_core.package_identification:_identify(planning) by extensions ['ignore', 'ignore_ament_install']
[0.228s] Level 1:colcon.colcon_core.package_identification:_identify(planning) by extension 'ignore'
[0.228s] Level 1:colcon.colcon_core.package_identification:_identify(planning) by extension 'ignore_ament_install'
[0.228s] Level 1:colcon.colcon_core.package_identification:_identify(planning) by extensions ['colcon_pkg']
[0.228s] Level 1:colcon.colcon_core.package_identification:_identify(planning) by extension 'colcon_pkg'
[0.228s] Level 1:colcon.colcon_core.package_identification:_identify(planning) by extensions ['colcon_meta']
[0.228s] Level 1:colcon.colcon_core.package_identification:_identify(planning) by extension 'colcon_meta'
[0.228s] Level 1:colcon.colcon_core.package_identification:_identify(planning) by extensions ['ros']
[0.228s] Level 1:colcon.colcon_core.package_identification:_identify(planning) by extension 'ros'
[0.228s] Level 1:colcon.colcon_core.package_identification:_identify(planning) by extensions ['cmake', 'python']
[0.228s] Level 1:colcon.colcon_core.package_identification:_identify(planning) by extension 'cmake'
[0.228s] Level 1:colcon.colcon_core.package_identification:_identify(planning) by extension 'python'
[0.228s] Level 1:colcon.colcon_core.package_identification:_identify(planning) by extensions ['python_setup_py']
[0.228s] Level 1:colcon.colcon_core.package_identification:_identify(planning) by extension 'python_setup_py'
[0.228s] Level 1:colcon.colcon_core.package_identification:_identify(planning/global_planner) by extensions ['ignore', 'ignore_ament_install']
[0.228s] Level 1:colcon.colcon_core.package_identification:_identify(planning/global_planner) by extension 'ignore'
[0.228s] Level 1:colcon.colcon_core.package_identification:_identify(planning/global_planner) by extension 'ignore_ament_install'
[0.228s] Level 1:colcon.colcon_core.package_identification:_identify(planning/global_planner) by extensions ['colcon_pkg']
[0.228s] Level 1:colcon.colcon_core.package_identification:_identify(planning/global_planner) by extension 'colcon_pkg'
[0.228s] Level 1:colcon.colcon_core.package_identification:_identify(planning/global_planner) by extensions ['colcon_meta']
[0.228s] Level 1:colcon.colcon_core.package_identification:_identify(planning/global_planner) by extension 'colcon_meta'
[0.228s] Level 1:colcon.colcon_core.package_identification:_identify(planning/global_planner) by extensions ['ros']
[0.228s] Level 1:colcon.colcon_core.package_identification:_identify(planning/global_planner) by extension 'ros'
[0.229s] DEBUG:colcon.colcon_core.package_identification:Package 'planning/global_planner' with type 'ros.ament_cmake' and name 'global_planner'
[0.229s] Level 1:colcon.colcon_core.package_identification:_identify(planning/python_shims) by extensions ['ignore', 'ignore_ament_install']
[0.229s] Level 1:colcon.colcon_core.package_identification:_identify(planning/python_shims) by extension 'ignore'
[0.229s] Level 1:colcon.colcon_core.package_identification:_identify(planning/python_shims) by extension 'ignore_ament_install'
[0.229s] Level 1:colcon.colcon_core.package_identification:_identify(planning/python_shims) by extensions ['colcon_pkg']
[0.229s] Level 1:colcon.colcon_core.package_identification:_identify(planning/python_shims) by extension 'colcon_pkg'
[0.229s] Level 1:colcon.colcon_core.package_identification:_identify(planning/python_shims) by extensions ['colcon_meta']
[0.229s] Level 1:colcon.colcon_core.package_identification:_identify(planning/python_shims) by extension 'colcon_meta'
[0.229s] Level 1:colcon.colcon_core.package_identification:_identify(planning/python_shims) by extensions ['ros']
[0.229s] Level 1:colcon.colcon_core.package_identification:_identify(planning/python_shims) by extension 'ros'
[0.229s] Level 1:colcon.colcon_core.package_identification:_identify(planning/python_shims) by extensions ['cmake', 'python']
[0.229s] Level 1:colcon.colcon_core.package_identification:_identify(planning/python_shims) by extension 'cmake'
[0.229s] Level 1:colcon.colcon_core.package_identification:_identify(planning/python_shims) by extension 'python'
[0.229s] Level 1:colcon.colcon_core.package_identification:_identify(planning/python_shims) by extensions ['python_setup_py']
[0.229s] Level 1:colcon.colcon_core.package_identification:_identify(planning/python_shims) by extension 'python_setup_py'
[0.229s] Level 1:colcon.colcon_core.package_identification:_identify(planning/python_shims/frenet_conversion) by extensions ['ignore', 'ignore_ament_install']
[0.229s] Level 1:colcon.colcon_core.package_identification:_identify(planning/python_shims/frenet_conversion) by extension 'ignore'
[0.229s] Level 1:colcon.colcon_core.package_identification:_identify(planning/python_shims/frenet_conversion) by extension 'ignore_ament_install'
[0.229s] Level 1:colcon.colcon_core.package_identification:_identify(planning/python_shims/frenet_conversion) by extensions ['colcon_pkg']
[0.229s] Level 1:colcon.colcon_core.package_identification:_identify(planning/python_shims/frenet_conversion) by extension 'colcon_pkg'
[0.229s] Level 1:colcon.colcon_core.package_identification:_identify(planning/python_shims/frenet_conversion) by extensions ['colcon_meta']
[0.229s] Level 1:colcon.colcon_core.package_identification:_identify(planning/python_shims/frenet_conversion) by extension 'colcon_meta'
[0.229s] Level 1:colcon.colcon_core.package_identification:_identify(planning/python_shims/frenet_conversion) by extensions ['ros']
[0.229s] Level 1:colcon.colcon_core.package_identification:_identify(planning/python_shims/frenet_conversion) by extension 'ros'
[0.229s] Level 1:colcon.colcon_core.package_identification:_identify(planning/python_shims/frenet_conversion) by extensions ['cmake', 'python']
[0.229s] Level 1:colcon.colcon_core.package_identification:_identify(planning/python_shims/frenet_conversion) by extension 'cmake'
[0.229s] Level 1:colcon.colcon_core.package_identification:_identify(planning/python_shims/frenet_conversion) by extension 'python'
[0.229s] Level 1:colcon.colcon_core.package_identification:_identify(planning/python_shims/frenet_conversion) by extensions ['python_setup_py']
[0.229s] Level 1:colcon.colcon_core.package_identification:_identify(planning/python_shims/frenet_conversion) by extension 'python_setup_py'
[0.229s] Level 1:colcon.colcon_core.package_identification:_identify(planning/python_shims/frenet_conversion/__pycache__) by extensions ['ignore', 'ignore_ament_install']
[0.229s] Level 1:colcon.colcon_core.package_identification:_identify(planning/python_shims/frenet_conversion/__pycache__) by extension 'ignore'
[0.229s] Level 1:colcon.colcon_core.package_identification:_identify(planning/python_shims/frenet_conversion/__pycache__) by extension 'ignore_ament_install'
[0.229s] Level 1:colcon.colcon_core.package_identification:_identify(planning/python_shims/frenet_conversion/__pycache__) by extensions ['colcon_pkg']
[0.230s] Level 1:colcon.colcon_core.package_identification:_identify(planning/python_shims/frenet_conversion/__pycache__) by extension 'colcon_pkg'
[0.230s] Level 1:colcon.colcon_core.package_identification:_identify(planning/python_shims/frenet_conversion/__pycache__) by extensions ['colcon_meta']
[0.230s] Level 1:colcon.colcon_core.package_identification:_identify(planning/python_shims/frenet_conversion/__pycache__) by extension 'colcon_meta'
[0.230s] Level 1:colcon.colcon_core.package_identification:_identify(planning/python_shims/frenet_conversion/__pycache__) by extensions ['ros']
[0.230s] Level 1:colcon.colcon_core.package_identification:_identify(planning/python_shims/frenet_conversion/__pycache__) by extension 'ros'
[0.230s] Level 1:colcon.colcon_core.package_identification:_identify(planning/python_shims/frenet_conversion/__pycache__) by extensions ['cmake', 'python']
[0.230s] Level 1:colcon.colcon_core.package_identification:_identify(planning/python_shims/frenet_conversion/__pycache__) by extension 'cmake'
[0.230s] Level 1:colcon.colcon_core.package_identification:_identify(planning/python_shims/frenet_conversion/__pycache__) by extension 'python'
[0.230s] Level 1:colcon.colcon_core.package_identification:_identify(planning/python_shims/frenet_conversion/__pycache__) by extensions ['python_setup_py']
[0.230s] Level 1:colcon.colcon_core.package_identification:_identify(planning/python_shims/frenet_conversion/__pycache__) by extension 'python_setup_py'
[0.230s] Level 1:colcon.colcon_core.package_identification:_identify(wpnt_publisher) by extensions ['ignore', 'ignore_ament_install']
[0.230s] Level 1:colcon.colcon_core.package_identification:_identify(wpnt_publisher) by extension 'ignore'
[0.230s] Level 1:colcon.colcon_core.package_identification:_identify(wpnt_publisher) by extension 'ignore_ament_install'
[0.230s] Level 1:colcon.colcon_core.package_identification:_identify(wpnt_publisher) by extensions ['colcon_pkg']
[0.230s] Level 1:colcon.colcon_core.package_identification:_identify(wpnt_publisher) by extension 'colcon_pkg'
[0.230s] Level 1:colcon.colcon_core.package_identification:_identify(wpnt_publisher) by extensions ['colcon_meta']
[0.230s] Level 1:colcon.colcon_core.package_identification:_identify(wpnt_publisher) by extension 'colcon_meta'
[0.230s] Level 1:colcon.colcon_core.package_identification:_identify(wpnt_publisher) by extensions ['ros']
[0.230s] Level 1:colcon.colcon_core.package_identification:_identify(wpnt_publisher) by extension 'ros'
[0.230s] DEBUG:colcon.colcon_core.package_identification:Package 'wpnt_publisher' with type 'ros.ament_cmake' and name 'wpnt_publisher'
[0.230s] Level 1:colcon.colcon_core.package_discovery:discover_packages(recursive) using defaults
[0.230s] Level 1:colcon.colcon_core.package_discovery:discover_packages(ignore) discover
[0.230s] Level 1:colcon.colcon_core.package_discovery:discover_packages(ignore) using defaults
[0.230s] Level 1:colcon.colcon_core.package_discovery:discover_packages(path) discover
[0.230s] Level 1:colcon.colcon_core.package_discovery:discover_packages(path) using defaults
[0.242s] Level 1:colcon.colcon_core.package_discovery:discover_packages(prefix_path) check parameters
[0.243s] Level 1:colcon.colcon_core.package_discovery:discover_packages(prefix_path) discover
[0.245s] DEBUG:colcon.colcon_installed_package_information.package_discovery:Found 6 installed packages in /home/haejum-park/2026_IFAC/install
[0.245s] DEBUG:colcon.colcon_installed_package_information.package_discovery:Found 5 installed packages in /home/haejum-park/sim_ws/install
[0.245s] DEBUG:colcon.colcon_installed_package_information.package_discovery:Found 27 installed packages in /home/haejum-park/install
[0.246s] DEBUG:colcon.colcon_installed_package_information.package_discovery:Found 372 installed packages in /opt/ros/humble
[0.247s] Level 1:colcon.colcon_core.package_discovery:discover_packages(prefix_path) using defaults
[0.273s] Level 5:colcon.colcon_core.verb:set package 'amcl_localization' build argument 'cmake_args' from command line to 'None'
[0.273s] Level 5:colcon.colcon_core.verb:set package 'amcl_localization' build argument 'cmake_target' from command line to 'None'
[0.273s] Level 5:colcon.colcon_core.verb:set package 'amcl_localization' build argument 'cmake_target_skip_unavailable' from command line to 'False'
[0.273s] Level 5:colcon.colcon_core.verb:set package 'amcl_localization' build argument 'cmake_clean_cache' from command line to 'False'
[0.273s] Level 5:colcon.colcon_core.verb:set package 'amcl_localization' build argument 'cmake_clean_first' from command line to 'False'
[0.273s] Level 5:colcon.colcon_core.verb:set package 'amcl_localization' build argument 'cmake_force_configure' from command line to 'False'
[0.273s] Level 5:colcon.colcon_core.verb:set package 'amcl_localization' build argument 'ament_cmake_args' from command line to 'None'
[0.273s] Level 5:colcon.colcon_core.verb:set package 'amcl_localization' build argument 'catkin_cmake_args' from command line to 'None'
[0.273s] Level 5:colcon.colcon_core.verb:set package 'amcl_localization' build argument 'catkin_skip_building_tests' from command line to 'False'
[0.273s] DEBUG:colcon.colcon_core.verb:Building package 'amcl_localization' with the following arguments: {'ament_cmake_args': None, 'build_base': '/home/haejum-park/2026_IFAC/build/amcl_localization', 'catkin_cmake_args': None, 'catkin_skip_building_tests': False, 'cmake_args': None, 'cmake_clean_cache': False, 'cmake_clean_first': False, 'cmake_force_configure': False, 'cmake_target': None, 'cmake_target_skip_unavailable': False, 'install_base': '/home/haejum-park/2026_IFAC/install/amcl_localization', 'merge_install': False, 'path': '/home/haejum-park/2026_IFAC/amcl_localization', 'symlink_install': True, 'test_result_base': None}
[0.274s] Level 5:colcon.colcon_core.verb:set package 'f110_msgs' build argument 'cmake_args' from command line to 'None'
[0.274s] Level 5:colcon.colcon_core.verb:set package 'f110_msgs' build argument 'cmake_target' from command line to 'None'
[0.274s] Level 5:colcon.colcon_core.verb:set package 'f110_msgs' build argument 'cmake_target_skip_unavailable' from command line to 'False'
[0.274s] Level 5:colcon.colcon_core.verb:set package 'f110_msgs' build argument 'cmake_clean_cache' from command line to 'False'
[0.274s] Level 5:colcon.colcon_core.verb:set package 'f110_msgs' build argument 'cmake_clean_first' from command line to 'False'
[0.274s] Level 5:colcon.colcon_core.verb:set package 'f110_msgs' build argument 'cmake_force_configure' from command line to 'False'
[0.274s] Level 5:colcon.colcon_core.verb:set package 'f110_msgs' build argument 'ament_cmake_args' from command line to 'None'
[0.274s] Level 5:colcon.colcon_core.verb:set package 'f110_msgs' build argument 'catkin_cmake_args' from command line to 'None'
[0.274s] Level 5:colcon.colcon_core.verb:set package 'f110_msgs' build argument 'catkin_skip_building_tests' from command line to 'False'
[0.274s] DEBUG:colcon.colcon_core.verb:Building package 'f110_msgs' with the following arguments: {'ament_cmake_args': None, 'build_base': '/home/haejum-park/2026_IFAC/build/f110_msgs', 'catkin_cmake_args': None, 'catkin_skip_building_tests': False, 'cmake_args': None, 'cmake_clean_cache': False, 'cmake_clean_first': False, 'cmake_force_configure': False, 'cmake_target': None, 'cmake_target_skip_unavailable': False, 'install_base': '/home/haejum-park/2026_IFAC/install/f110_msgs', 'merge_install': False, 'path': '/home/haejum-park/2026_IFAC/f110_msgs', 'symlink_install': True, 'test_result_base': None}
[0.274s] Level 5:colcon.colcon_core.verb:set package 'lap_timer' build argument 'cmake_args' from command line to 'None'
[0.274s] Level 5:colcon.colcon_core.verb:set package 'lap_timer' build argument 'cmake_target' from command line to 'None'
[0.274s] Level 5:colcon.colcon_core.verb:set package 'lap_timer' build argument 'cmake_target_skip_unavailable' from command line to 'False'
[0.274s] Level 5:colcon.colcon_core.verb:set package 'lap_timer' build argument 'cmake_clean_cache' from command line to 'False'
[0.274s] Level 5:colcon.colcon_core.verb:set package 'lap_timer' build argument 'cmake_clean_first' from command line to 'False'
[0.274s] Level 5:colcon.colcon_core.verb:set package 'lap_timer' build argument 'cmake_force_configure' from command line to 'False'
[0.274s] Level 5:colcon.colcon_core.verb:set package 'lap_timer' build argument 'ament_cmake_args' from command line to 'None'
[0.274s] Level 5:colcon.colcon_core.verb:set package 'lap_timer' build argument 'catkin_cmake_args' from command line to 'None'
[0.274s] Level 5:colcon.colcon_core.verb:set package 'lap_timer' build argument 'catkin_skip_building_tests' from command line to 'False'
[0.274s] DEBUG:colcon.colcon_core.verb:Building package 'lap_timer' with the following arguments: {'ament_cmake_args': None, 'build_base': '/home/haejum-park/2026_IFAC/build/lap_timer', 'catkin_cmake_args': None, 'catkin_skip_building_tests': False, 'cmake_args': None, 'cmake_clean_cache': False, 'cmake_clean_first': False, 'cmake_force_configure': False, 'cmake_target': None, 'cmake_target_skip_unavailable': False, 'install_base': '/home/haejum-park/2026_IFAC/install/lap_timer', 'merge_install': False, 'path': '/home/haejum-park/2026_IFAC/lap_timer', 'symlink_install': True, 'test_result_base': None}
[0.274s] Level 5:colcon.colcon_core.verb:set package 'new_map_con' build argument 'cmake_args' from command line to 'None'
[0.274s] Level 5:colcon.colcon_core.verb:set package 'new_map_con' build argument 'cmake_target' from command line to 'None'
[0.274s] Level 5:colcon.colcon_core.verb:set package 'new_map_con' build argument 'cmake_target_skip_unavailable' from command line to 'False'
[0.274s] Level 5:colcon.colcon_core.verb:set package 'new_map_con' build argument 'cmake_clean_cache' from command line to 'False'
[0.274s] Level 5:colcon.colcon_core.verb:set package 'new_map_con' build argument 'cmake_clean_first' from command line to 'False'
[0.274s] Level 5:colcon.colcon_core.verb:set package 'new_map_con' build argument 'cmake_force_configure' from command line to 'False'
[0.274s] Level 5:colcon.colcon_core.verb:set package 'new_map_con' build argument 'ament_cmake_args' from command line to 'None'
[0.274s] Level 5:colcon.colcon_core.verb:set package 'new_map_con' build argument 'catkin_cmake_args' from command line to 'None'
[0.274s] Level 5:colcon.colcon_core.verb:set package 'new_map_con' build argument 'catkin_skip_building_tests' from command line to 'False'
[0.274s] DEBUG:colcon.colcon_core.verb:Building package 'new_map_con' with the following arguments: {'ament_cmake_args': None, 'build_base': '/home/haejum-park/2026_IFAC/build/new_map_con', 'catkin_cmake_args': None, 'catkin_skip_building_tests': False, 'cmake_args': None, 'cmake_clean_cache': False, 'cmake_clean_first': False, 'cmake_force_configure': False, 'cmake_target': None, 'cmake_target_skip_unavailable': False, 'install_base': '/home/haejum-park/2026_IFAC/install/new_map_con', 'merge_install': False, 'path': '/home/haejum-park/2026_IFAC/new_map_con', 'symlink_install': True, 'test_result_base': None}
[0.274s] Level 5:colcon.colcon_core.verb:set package 'particle_filter_cpp' build argument 'cmake_args' from command line to 'None'
[0.274s] Level 5:colcon.colcon_core.verb:set package 'particle_filter_cpp' build argument 'cmake_target' from command line to 'None'
[0.274s] Level 5:colcon.colcon_core.verb:set package 'particle_filter_cpp' build argument 'cmake_target_skip_unavailable' from command line to 'False'
[0.274s] Level 5:colcon.colcon_core.verb:set package 'particle_filter_cpp' build argument 'cmake_clean_cache' from command line to 'False'
[0.274s] Level 5:colcon.colcon_core.verb:set package 'particle_filter_cpp' build argument 'cmake_clean_first' from command line to 'False'
[0.274s] Level 5:colcon.colcon_core.verb:set package 'particle_filter_cpp' build argument 'cmake_force_configure' from command line to 'False'
[0.274s] Level 5:colcon.colcon_core.verb:set package 'particle_filter_cpp' build argument 'ament_cmake_args' from command line to 'None'
[0.274s] Level 5:colcon.colcon_core.verb:set package 'particle_filter_cpp' build argument 'catkin_cmake_args' from command line to 'None'
[0.274s] Level 5:colcon.colcon_core.verb:set package 'particle_filter_cpp' build argument 'catkin_skip_building_tests' from command line to 'False'
[0.274s] DEBUG:colcon.colcon_core.verb:Building package 'particle_filter_cpp' with the following arguments: {'ament_cmake_args': None, 'build_base': '/home/haejum-park/2026_IFAC/build/particle_filter_cpp', 'catkin_cmake_args': None, 'catkin_skip_building_tests': False, 'cmake_args': None, 'cmake_clean_cache': False, 'cmake_clean_first': False, 'cmake_force_configure': False, 'cmake_target': None, 'cmake_target_skip_unavailable': False, 'install_base': '/home/haejum-park/2026_IFAC/install/particle_filter_cpp', 'merge_install': False, 'path': '/home/haejum-park/2026_IFAC/monte_carlo_localization', 'symlink_install': True, 'test_result_base': None}
[0.274s] Level 5:colcon.colcon_core.verb:set package 'global_planner' build argument 'cmake_args' from command line to 'None'
[0.274s] Level 5:colcon.colcon_core.verb:set package 'global_planner' build argument 'cmake_target' from command line to 'None'
[0.274s] Level 5:colcon.colcon_core.verb:set package 'global_planner' build argument 'cmake_target_skip_unavailable' from command line to 'False'
[0.274s] Level 5:colcon.colcon_core.verb:set package 'global_planner' build argument 'cmake_clean_cache' from command line to 'False'
[0.274s] Level 5:colcon.colcon_core.verb:set package 'global_planner' build argument 'cmake_clean_first' from command line to 'False'
[0.274s] Level 5:colcon.colcon_core.verb:set package 'global_planner' build argument 'cmake_force_configure' from command line to 'False'
[0.274s] Level 5:colcon.colcon_core.verb:set package 'global_planner' build argument 'ament_cmake_args' from command line to 'None'
[0.274s] Level 5:colcon.colcon_core.verb:set package 'global_planner' build argument 'catkin_cmake_args' from command line to 'None'
[0.274s] Level 5:colcon.colcon_core.verb:set package 'global_planner' build argument 'catkin_skip_building_tests' from command line to 'False'
[0.274s] DEBUG:colcon.colcon_core.verb:Building package 'global_planner' with the following arguments: {'ament_cmake_args': None, 'build_base': '/home/haejum-park/2026_IFAC/build/global_planner', 'catkin_cmake_args': None, 'catkin_skip_building_tests': False, 'cmake_args': None, 'cmake_clean_cache': False, 'cmake_clean_first': False, 'cmake_force_configure': False, 'cmake_target': None, 'cmake_target_skip_unavailable': False, 'install_base': '/home/haejum-park/2026_IFAC/install/global_planner', 'merge_install': False, 'path': '/home/haejum-park/2026_IFAC/planning/global_planner', 'symlink_install': True, 'test_result_base': None}
[0.274s] Level 5:colcon.colcon_core.verb:set package 'wpnt_publisher' build argument 'cmake_args' from command line to 'None'
[0.274s] Level 5:colcon.colcon_core.verb:set package 'wpnt_publisher' build argument 'cmake_target' from command line to 'None'
[0.274s] Level 5:colcon.colcon_core.verb:set package 'wpnt_publisher' build argument 'cmake_target_skip_unavailable' from command line to 'False'
[0.274s] Level 5:colcon.colcon_core.verb:set package 'wpnt_publisher' build argument 'cmake_clean_cache' from command line to 'False'
[0.275s] Level 5:colcon.colcon_core.verb:set package 'wpnt_publisher' build argument 'cmake_clean_first' from command line to 'False'
[0.275s] Level 5:colcon.colcon_core.verb:set package 'wpnt_publisher' build argument 'cmake_force_configure' from command line to 'False'
[0.275s] Level 5:colcon.colcon_core.verb:set package 'wpnt_publisher' build argument 'ament_cmake_args' from command line to 'None'
[0.275s] Level 5:colcon.colcon_core.verb:set package 'wpnt_publisher' build argument 'catkin_cmake_args' from command line to 'None'
[0.275s] Level 5:colcon.colcon_core.verb:set package 'wpnt_publisher' build argument 'catkin_skip_building_tests' from command line to 'False'
[0.275s] DEBUG:colcon.colcon_core.verb:Building package 'wpnt_publisher' with the following arguments: {'ament_cmake_args': None, 'build_base': '/home/haejum-park/2026_IFAC/build/wpnt_publisher', 'catkin_cmake_args': None, 'catkin_skip_building_tests': False, 'cmake_args': None, 'cmake_clean_cache': False, 'cmake_clean_first': False, 'cmake_force_configure': False, 'cmake_target': None, 'cmake_target_skip_unavailable': False, 'install_base': '/home/haejum-park/2026_IFAC/install/wpnt_publisher', 'merge_install': False, 'path': '/home/haejum-park/2026_IFAC/wpnt_publisher', 'symlink_install': True, 'test_result_base': None}
[0.275s] INFO:colcon.colcon_core.executor:Executing jobs using 'parallel' executor
[0.275s] DEBUG:colcon.colcon_parallel_executor.executor.parallel:run_until_complete
[0.275s] INFO:colcon.colcon_ros.task.ament_cmake.build:Building ROS package in '/home/haejum-park/2026_IFAC/f110_msgs' with build type 'ament_cmake'
[0.275s] INFO:colcon.colcon_cmake.task.cmake.build:Building CMake package in '/home/haejum-park/2026_IFAC/f110_msgs'
[0.279s] INFO:colcon.colcon_core.plugin_system:Skipping extension 'colcon_core.shell.bat': Not used on non-Windows systems
[0.279s] INFO:colcon.colcon_core.shell:Skip shell extension 'powershell' for command environment: Not usable outside of PowerShell
[0.279s] DEBUG:colcon.colcon_core.shell:Skip shell extension 'dsv' for command environment
[0.282s] INFO:colcon.colcon_ros.task.ament_python.build:Building ROS package in '/home/haejum-park/2026_IFAC/amcl_localization' with build type 'ament_python'
[0.282s] Level 1:colcon.colcon_core.shell:create_environment_hook('amcl_localization', 'ament_prefix_path')
[0.282s] INFO:colcon.colcon_core.shell:Creating environment hook '/home/haejum-park/2026_IFAC/install/amcl_localization/share/amcl_localization/hook/ament_prefix_path.ps1'
[0.282s] INFO:colcon.colcon_core.shell:Creating environment descriptor '/home/haejum-park/2026_IFAC/install/amcl_localization/share/amcl_localization/hook/ament_prefix_path.dsv'
[0.283s] INFO:colcon.colcon_core.shell:Creating environment hook '/home/haejum-park/2026_IFAC/install/amcl_localization/share/amcl_localization/hook/ament_prefix_path.sh'
[0.283s] INFO:colcon.colcon_core.shell:Skip shell extension 'powershell' for command environment: Not usable outside of PowerShell
[0.283s] DEBUG:colcon.colcon_core.shell:Skip shell extension 'dsv' for command environment
[0.285s] INFO:colcon.colcon_ros.task.ament_python.build:Building ROS package in '/home/haejum-park/2026_IFAC/lap_timer' with build type 'ament_python'
[0.285s] Level 1:colcon.colcon_core.shell:create_environment_hook('lap_timer', 'ament_prefix_path')
[0.285s] INFO:colcon.colcon_core.shell:Creating environment hook '/home/haejum-park/2026_IFAC/install/lap_timer/share/lap_timer/hook/ament_prefix_path.ps1'
[0.286s] INFO:colcon.colcon_core.shell:Creating environment descriptor '/home/haejum-park/2026_IFAC/install/lap_timer/share/lap_timer/hook/ament_prefix_path.dsv'
[0.286s] INFO:colcon.colcon_core.shell:Creating environment hook '/home/haejum-park/2026_IFAC/install/lap_timer/share/lap_timer/hook/ament_prefix_path.sh'
[0.286s] INFO:colcon.colcon_core.shell:Skip shell extension 'powershell' for command environment: Not usable outside of PowerShell
[0.286s] DEBUG:colcon.colcon_core.shell:Skip shell extension 'dsv' for command environment
[0.288s] INFO:colcon.colcon_ros.task.ament_python.build:Building ROS package in '/home/haejum-park/2026_IFAC/new_map_con' with build type 'ament_python'
[0.289s] Level 1:colcon.colcon_core.shell:create_environment_hook('new_map_con', 'ament_prefix_path')
[0.289s] INFO:colcon.colcon_core.shell:Creating environment hook '/home/haejum-park/2026_IFAC/install/new_map_con/share/new_map_con/hook/ament_prefix_path.ps1'
[0.289s] INFO:colcon.colcon_core.shell:Creating environment descriptor '/home/haejum-park/2026_IFAC/install/new_map_con/share/new_map_con/hook/ament_prefix_path.dsv'
[0.289s] INFO:colcon.colcon_core.shell:Creating environment hook '/home/haejum-park/2026_IFAC/install/new_map_con/share/new_map_con/hook/ament_prefix_path.sh'
[0.289s] INFO:colcon.colcon_core.shell:Skip shell extension 'powershell' for command environment: Not usable outside of PowerShell
[0.289s] DEBUG:colcon.colcon_core.shell:Skip shell extension 'dsv' for command environment
[0.291s] INFO:colcon.colcon_ros.task.ament_cmake.build:Building ROS package in '/home/haejum-park/2026_IFAC/monte_carlo_localization' with build type 'ament_cmake'
[0.291s] INFO:colcon.colcon_cmake.task.cmake.build:Building CMake package in '/home/haejum-park/2026_IFAC/monte_carlo_localization'
[0.292s] INFO:colcon.colcon_core.shell:Skip shell extension 'powershell' for command environment: Not usable outside of PowerShell
[0.292s] DEBUG:colcon.colcon_core.shell:Skip shell extension 'dsv' for command environment
[0.297s] DEBUG:colcon.colcon_core.event_handler.log_command:Invoking command in '/home/haejum-park/2026_IFAC/build/f110_msgs': CMAKE_PREFIX_PATH=/home/haejum-park/2026_IFAC/install/wpnt_publisher:/home/haejum-park/2026_IFAC/install/particle_filter_cpp:/home/haejum-park/2026_IFAC/install/global_planner:/home/haejum-park/2026_IFAC/install/new_map_con:/home/haejum-park/2026_IFAC/install/lap_timer:/home/haejum-park/sim_ws/install/f1tenth_gym_ros:/home/haejum-park/install/launch_testing_examples:/home/haejum-park/install/examples_rclpy_pointcloud_publisher:/home/haejum-park/install/examples_rclpy_minimal_subscriber:/home/haejum-park/install/examples_rclpy_minimal_service:/home/haejum-park/install/examples_rclpy_minimal_publisher:/home/haejum-park/install/examples_rclpy_minimal_client:/home/haejum-park/install/examples_rclpy_minimal_action_server:/home/haejum-park/install/examples_rclpy_minimal_action_client:/home/haejum-park/install/examples_rclpy_guard_conditions:/home/haejum-park/install/examples_rclpy_executors:/opt/ros/humble:/home/haejum-park/2026_IFAC/install/f110_msgs:/home/haejum-park/sim_ws/install/wall_follow:/home/haejum-park/sim_ws/install/lab5_pkg:/home/haejum-park/sim_ws/install/homework:/home/haejum-park/sim_ws/install/gap_follow:/home/haejum-park/install/wall_follow:/home/haejum-park/install/my_new_package:/home/haejum-park/install/homework:/home/haejum-park/install/gap_follow:/home/haejum-park/install/examples_rclcpp_wait_set:/home/haejum-park/install/examples_rclcpp_multithreaded_executor:/home/haejum-park/install/examples_rclcpp_minimal_timer:/home/haejum-park/install/examples_rclcpp_minimal_subscriber:/home/haejum-park/install/examples_rclcpp_minimal_service:/home/haejum-park/install/examples_rclcpp_minimal_publisher:/home/haejum-park/install/examples_rclcpp_minimal_composition:/home/haejum-park/install/examples_rclcpp_minimal_client:/home/haejum-park/install/examples_rclcpp_minimal_action_server:/home/haejum-park/install/examples_rclcpp_minimal_action_client:/home/haejum-park/install/examples_rclcpp_cbg_executor:/home/haejum-park/install/examples_rclcpp_async_client /usr/bin/cmake --build /home/haejum-park/2026_IFAC/build/f110_msgs -- -j14 -l14
[0.438s] INFO:colcon.colcon_core.task.python.build:Building Python package in '/home/haejum-park/2026_IFAC/amcl_localization'
[0.439s] INFO:colcon.colcon_core.shell:Skip shell extension 'powershell' for command environment: Not usable outside of PowerShell
[0.439s] DEBUG:colcon.colcon_core.shell:Skip shell extension 'dsv' for command environment
[0.572s] INFO:colcon.colcon_core.task.python.build:Building Python package in '/home/haejum-park/2026_IFAC/lap_timer'
[0.572s] INFO:colcon.colcon_core.shell:Skip shell extension 'powershell' for command environment: Not usable outside of PowerShell
[0.572s] DEBUG:colcon.colcon_core.shell:Skip shell extension 'dsv' for command environment
[0.719s] INFO:colcon.colcon_core.task.python.build:Building Python package in '/home/haejum-park/2026_IFAC/new_map_con'
[0.719s] INFO:colcon.colcon_core.shell:Skip shell extension 'powershell' for command environment: Not usable outside of PowerShell
[0.719s] DEBUG:colcon.colcon_core.shell:Skip shell extension 'dsv' for command environment
[0.726s] DEBUG:colcon.colcon_core.event_handler.log_command:Invoking command in '/home/haejum-park/2026_IFAC/build/particle_filter_cpp': CMAKE_PREFIX_PATH=/home/haejum-park/2026_IFAC/install/wpnt_publisher:/home/haejum-park/2026_IFAC/install/particle_filter_cpp:/home/haejum-park/2026_IFAC/install/global_planner:/home/haejum-park/2026_IFAC/install/new_map_con:/home/haejum-park/2026_IFAC/install/lap_timer:/home/haejum-park/sim_ws/install/f1tenth_gym_ros:/home/haejum-park/install/launch_testing_examples:/home/haejum-park/install/examples_rclpy_pointcloud_publisher:/home/haejum-park/install/examples_rclpy_minimal_subscriber:/home/haejum-park/install/examples_rclpy_minimal_service:/home/haejum-park/install/examples_rclpy_minimal_publisher:/home/haejum-park/install/examples_rclpy_minimal_client:/home/haejum-park/install/examples_rclpy_minimal_action_server:/home/haejum-park/install/examples_rclpy_minimal_action_client:/home/haejum-park/install/examples_rclpy_guard_conditions:/home/haejum-park/install/examples_rclpy_executors:/opt/ros/humble:/home/haejum-park/2026_IFAC/install/f110_msgs:/home/haejum-park/sim_ws/install/wall_follow:/home/haejum-park/sim_ws/install/lab5_pkg:/home/haejum-park/sim_ws/install/homework:/home/haejum-park/sim_ws/install/gap_follow:/home/haejum-park/install/wall_follow:/home/haejum-park/install/my_new_package:/home/haejum-park/install/homework:/home/haejum-park/install/gap_follow:/home/haejum-park/install/examples_rclcpp_wait_set:/home/haejum-park/install/examples_rclcpp_multithreaded_executor:/home/haejum-park/install/examples_rclcpp_minimal_timer:/home/haejum-park/install/examples_rclcpp_minimal_subscriber:/home/haejum-park/install/examples_rclcpp_minimal_service:/home/haejum-park/install/examples_rclcpp_minimal_publisher:/home/haejum-park/install/examples_rclcpp_minimal_composition:/home/haejum-park/install/examples_rclcpp_minimal_client:/home/haejum-park/install/examples_rclcpp_minimal_action_server:/home/haejum-park/install/examples_rclcpp_minimal_action_client:/home/haejum-park/install/examples_rclcpp_cbg_executor:/home/haejum-park/install/examples_rclcpp_async_client /usr/bin/cmake --build /home/haejum-park/2026_IFAC/build/particle_filter_cpp -- -j14 -l14
[0.726s] DEBUG:colcon.colcon_core.event_handler.log_command:Invoked command in '/home/haejum-park/2026_IFAC/build/f110_msgs' returned '0': CMAKE_PREFIX_PATH=/home/haejum-park/2026_IFAC/install/wpnt_publisher:/home/haejum-park/2026_IFAC/install/particle_filter_cpp:/home/haejum-park/2026_IFAC/install/global_planner:/home/haejum-park/2026_IFAC/install/new_map_con:/home/haejum-park/2026_IFAC/install/lap_timer:/home/haejum-park/sim_ws/install/f1tenth_gym_ros:/home/haejum-park/install/launch_testing_examples:/home/haejum-park/install/examples_rclpy_pointcloud_publisher:/home/haejum-park/install/examples_rclpy_minimal_subscriber:/home/haejum-park/install/examples_rclpy_minimal_service:/home/haejum-park/install/examples_rclpy_minimal_publisher:/home/haejum-park/install/examples_rclpy_minimal_client:/home/haejum-park/install/examples_rclpy_minimal_action_server:/home/haejum-park/install/examples_rclpy_minimal_action_client:/home/haejum-park/install/examples_rclpy_guard_conditions:/home/haejum-park/install/examples_rclpy_executors:/opt/ros/humble:/home/haejum-park/2026_IFAC/install/f110_msgs:/home/haejum-park/sim_ws/install/wall_follow:/home/haejum-park/sim_ws/install/lab5_pkg:/home/haejum-park/sim_ws/install/homework:/home/haejum-park/sim_ws/install/gap_follow:/home/haejum-park/install/wall_follow:/home/haejum-park/install/my_new_package:/home/haejum-park/install/homework:/home/haejum-park/install/gap_follow:/home/haejum-park/install/examples_rclcpp_wait_set:/home/haejum-park/install/examples_rclcpp_multithreaded_executor:/home/haejum-park/install/examples_rclcpp_minimal_timer:/home/haejum-park/install/examples_rclcpp_minimal_subscriber:/home/haejum-park/install/examples_rclcpp_minimal_service:/home/haejum-park/install/examples_rclcpp_minimal_publisher:/home/haejum-park/install/examples_rclcpp_minimal_composition:/home/haejum-park/install/examples_rclcpp_minimal_client:/home/haejum-park/install/examples_rclcpp_minimal_action_server:/home/haejum-park/install/examples_rclcpp_minimal_action_client:/home/haejum-park/install/examples_rclcpp_cbg_executor:/home/haejum-park/install/examples_rclcpp_async_client /usr/bin/cmake --build /home/haejum-park/2026_IFAC/build/f110_msgs -- -j14 -l14
[0.731s] DEBUG:colcon.colcon_core.event_handler.log_command:Invoking command in '/home/haejum-park/2026_IFAC/build/f110_msgs': CMAKE_PREFIX_PATH=/home/haejum-park/2026_IFAC/install/wpnt_publisher:/home/haejum-park/2026_IFAC/install/particle_filter_cpp:/home/haejum-park/2026_IFAC/install/global_planner:/home/haejum-park/2026_IFAC/install/new_map_con:/home/haejum-park/2026_IFAC/install/lap_timer:/home/haejum-park/sim_ws/install/f1tenth_gym_ros:/home/haejum-park/install/launch_testing_examples:/home/haejum-park/install/examples_rclpy_pointcloud_publisher:/home/haejum-park/install/examples_rclpy_minimal_subscriber:/home/haejum-park/install/examples_rclpy_minimal_service:/home/haejum-park/install/examples_rclpy_minimal_publisher:/home/haejum-park/install/examples_rclpy_minimal_client:/home/haejum-park/install/examples_rclpy_minimal_action_server:/home/haejum-park/install/examples_rclpy_minimal_action_client:/home/haejum-park/install/examples_rclpy_guard_conditions:/home/haejum-park/install/examples_rclpy_executors:/opt/ros/humble:/home/haejum-park/2026_IFAC/install/f110_msgs:/home/haejum-park/sim_ws/install/wall_follow:/home/haejum-park/sim_ws/install/lab5_pkg:/home/haejum-park/sim_ws/install/homework:/home/haejum-park/sim_ws/install/gap_follow:/home/haejum-park/install/wall_follow:/home/haejum-park/install/my_new_package:/home/haejum-park/install/homework:/home/haejum-park/install/gap_follow:/home/haejum-park/install/examples_rclcpp_wait_set:/home/haejum-park/install/examples_rclcpp_multithreaded_executor:/home/haejum-park/install/examples_rclcpp_minimal_timer:/home/haejum-park/install/examples_rclcpp_minimal_subscriber:/home/haejum-park/install/examples_rclcpp_minimal_service:/home/haejum-park/install/examples_rclcpp_minimal_publisher:/home/haejum-park/install/examples_rclcpp_minimal_composition:/home/haejum-park/install/examples_rclcpp_minimal_client:/home/haejum-park/install/examples_rclcpp_minimal_action_server:/home/haejum-park/install/examples_rclcpp_minimal_action_client:/home/haejum-park/install/examples_rclcpp_cbg_executor:/home/haejum-park/install/examples_rclcpp_async_client /usr/bin/cmake --install /home/haejum-park/2026_IFAC/build/f110_msgs
[0.795s] Level 1:colcon.colcon_core.environment:create_environment_scripts_only(f110_msgs)
[0.796s] DEBUG:colcon.colcon_core.event_handler.log_command:Invoked command in '/home/haejum-park/2026_IFAC/build/f110_msgs' returned '0': CMAKE_PREFIX_PATH=/home/haejum-park/2026_IFAC/install/wpnt_publisher:/home/haejum-park/2026_IFAC/install/particle_filter_cpp:/home/haejum-park/2026_IFAC/install/global_planner:/home/haejum-park/2026_IFAC/install/new_map_con:/home/haejum-park/2026_IFAC/install/lap_timer:/home/haejum-park/sim_ws/install/f1tenth_gym_ros:/home/haejum-park/install/launch_testing_examples:/home/haejum-park/install/examples_rclpy_pointcloud_publisher:/home/haejum-park/install/examples_rclpy_minimal_subscriber:/home/haejum-park/install/examples_rclpy_minimal_service:/home/haejum-park/install/examples_rclpy_minimal_publisher:/home/haejum-park/install/examples_rclpy_minimal_client:/home/haejum-park/install/examples_rclpy_minimal_action_server:/home/haejum-park/install/examples_rclpy_minimal_action_client:/home/haejum-park/install/examples_rclpy_guard_conditions:/home/haejum-park/install/examples_rclpy_executors:/opt/ros/humble:/home/haejum-park/2026_IFAC/install/f110_msgs:/home/haejum-park/sim_ws/install/wall_follow:/home/haejum-park/sim_ws/install/lab5_pkg:/home/haejum-park/sim_ws/install/homework:/home/haejum-park/sim_ws/install/gap_follow:/home/haejum-park/install/wall_follow:/home/haejum-park/install/my_new_package:/home/haejum-park/install/homework:/home/haejum-park/install/gap_follow:/home/haejum-park/install/examples_rclcpp_wait_set:/home/haejum-park/install/examples_rclcpp_multithreaded_executor:/home/haejum-park/install/examples_rclcpp_minimal_timer:/home/haejum-park/install/examples_rclcpp_minimal_subscriber:/home/haejum-park/install/examples_rclcpp_minimal_service:/home/haejum-park/install/examples_rclcpp_minimal_publisher:/home/haejum-park/install/examples_rclcpp_minimal_composition:/home/haejum-park/install/examples_rclcpp_minimal_client:/home/haejum-park/install/examples_rclcpp_minimal_action_server:/home/haejum-park/install/examples_rclcpp_minimal_action_client:/home/haejum-park/install/examples_rclcpp_cbg_executor:/home/haejum-park/install/examples_rclcpp_async_client /usr/bin/cmake --install /home/haejum-park/2026_IFAC/build/f110_msgs
[0.799s] Level 1:colcon.colcon_core.environment:checking '/home/haejum-park/2026_IFAC/install/f110_msgs' for CMake module files
[0.799s] Level 1:colcon.colcon_core.environment:checking '/home/haejum-park/2026_IFAC/install/f110_msgs' for CMake config files
[0.800s] Level 1:colcon.colcon_core.shell:create_environment_hook('f110_msgs', 'cmake_prefix_path')
[0.800s] INFO:colcon.colcon_core.shell:Creating environment hook '/home/haejum-park/2026_IFAC/install/f110_msgs/share/f110_msgs/hook/cmake_prefix_path.ps1'
[0.800s] INFO:colcon.colcon_core.shell:Creating environment descriptor '/home/haejum-park/2026_IFAC/install/f110_msgs/share/f110_msgs/hook/cmake_prefix_path.dsv'
[0.800s] INFO:colcon.colcon_core.shell:Creating environment hook '/home/haejum-park/2026_IFAC/install/f110_msgs/share/f110_msgs/hook/cmake_prefix_path.sh'
[0.801s] Level 1:colcon.colcon_core.environment:checking '/home/haejum-park/2026_IFAC/install/f110_msgs/lib'
[0.801s] Level 1:colcon.colcon_core.shell:create_environment_hook('f110_msgs', 'ld_library_path_lib')
[0.801s] INFO:colcon.colcon_core.shell:Creating environment hook '/home/haejum-park/2026_IFAC/install/f110_msgs/share/f110_msgs/hook/ld_library_path_lib.ps1'
[0.801s] INFO:colcon.colcon_core.shell:Creating environment descriptor '/home/haejum-park/2026_IFAC/install/f110_msgs/share/f110_msgs/hook/ld_library_path_lib.dsv'
[0.801s] INFO:colcon.colcon_core.shell:Creating environment hook '/home/haejum-park/2026_IFAC/install/f110_msgs/share/f110_msgs/hook/ld_library_path_lib.sh'
[0.801s] Level 1:colcon.colcon_core.environment:checking '/home/haejum-park/2026_IFAC/install/f110_msgs/bin'
[0.801s] Level 1:colcon.colcon_core.environment:checking '/home/haejum-park/2026_IFAC/install/f110_msgs/lib/pkgconfig/f110_msgs.pc'
[0.801s] Level 1:colcon.colcon_core.environment:checking '/home/haejum-park/2026_IFAC/install/f110_msgs/lib/python3.10/site-packages'
[0.802s] Level 1:colcon.colcon_core.environment:checking '/home/haejum-park/2026_IFAC/install/f110_msgs/bin'
[0.802s] INFO:colcon.colcon_core.shell:Creating package script '/home/haejum-park/2026_IFAC/install/f110_msgs/share/f110_msgs/package.ps1'
[0.802s] INFO:colcon.colcon_core.shell:Creating package descriptor '/home/haejum-park/2026_IFAC/install/f110_msgs/share/f110_msgs/package.dsv'
[0.802s] INFO:colcon.colcon_core.shell:Creating package script '/home/haejum-park/2026_IFAC/install/f110_msgs/share/f110_msgs/package.sh'
[0.803s] INFO:colcon.colcon_core.shell:Creating package script '/home/haejum-park/2026_IFAC/install/f110_msgs/share/f110_msgs/package.bash'
[0.803s] INFO:colcon.colcon_core.shell:Creating package script '/home/haejum-park/2026_IFAC/install/f110_msgs/share/f110_msgs/package.zsh'
[0.804s] Level 1:colcon.colcon_core.environment:create_file_with_runtime_dependencies(/home/haejum-park/2026_IFAC/install/f110_msgs/share/colcon-core/packages/f110_msgs)
[0.804s] Level 1:colcon.colcon_core.environment:create_environment_scripts_only(f110_msgs)
[0.804s] Level 1:colcon.colcon_core.environment:checking '/home/haejum-park/2026_IFAC/install/f110_msgs' for CMake module files
[0.804s] Level 1:colcon.colcon_core.environment:checking '/home/haejum-park/2026_IFAC/install/f110_msgs' for CMake config files
[0.805s] Level 1:colcon.colcon_core.shell:create_environment_hook('f110_msgs', 'cmake_prefix_path')
[0.805s] INFO:colcon.colcon_core.shell:Creating environment hook '/home/haejum-park/2026_IFAC/install/f110_msgs/share/f110_msgs/hook/cmake_prefix_path.ps1'
[0.805s] INFO:colcon.colcon_core.shell:Creating environment descriptor '/home/haejum-park/2026_IFAC/install/f110_msgs/share/f110_msgs/hook/cmake_prefix_path.dsv'
[0.805s] INFO:colcon.colcon_core.shell:Creating environment hook '/home/haejum-park/2026_IFAC/install/f110_msgs/share/f110_msgs/hook/cmake_prefix_path.sh'
[0.806s] Level 1:colcon.colcon_core.environment:checking '/home/haejum-park/2026_IFAC/install/f110_msgs/lib'
[0.806s] Level 1:colcon.colcon_core.shell:create_environment_hook('f110_msgs', 'ld_library_path_lib')
[0.806s] INFO:colcon.colcon_core.shell:Creating environment hook '/home/haejum-park/2026_IFAC/install/f110_msgs/share/f110_msgs/hook/ld_library_path_lib.ps1'
[0.806s] INFO:colcon.colcon_core.shell:Creating environment descriptor '/home/haejum-park/2026_IFAC/install/f110_msgs/share/f110_msgs/hook/ld_library_path_lib.dsv'
[0.806s] INFO:colcon.colcon_core.shell:Creating environment hook '/home/haejum-park/2026_IFAC/install/f110_msgs/share/f110_msgs/hook/ld_library_path_lib.sh'
[0.806s] Level 1:colcon.colcon_core.environment:checking '/home/haejum-park/2026_IFAC/install/f110_msgs/bin'
[0.806s] Level 1:colcon.colcon_core.environment:checking '/home/haejum-park/2026_IFAC/install/f110_msgs/lib/pkgconfig/f110_msgs.pc'
[0.806s] Level 1:colcon.colcon_core.environment:checking '/home/haejum-park/2026_IFAC/install/f110_msgs/lib/python3.10/site-packages'
[0.806s] Level 1:colcon.colcon_core.environment:checking '/home/haejum-park/2026_IFAC/install/f110_msgs/bin'
[0.806s] INFO:colcon.colcon_core.shell:Creating package script '/home/haejum-park/2026_IFAC/install/f110_msgs/share/f110_msgs/package.ps1'
[0.807s] INFO:colcon.colcon_core.shell:Creating package descriptor '/home/haejum-park/2026_IFAC/install/f110_msgs/share/f110_msgs/package.dsv'
[0.807s] INFO:colcon.colcon_core.shell:Creating package script '/home/haejum-park/2026_IFAC/install/f110_msgs/share/f110_msgs/package.sh'
[0.807s] INFO:colcon.colcon_core.shell:Creating package script '/home/haejum-park/2026_IFAC/install/f110_msgs/share/f110_msgs/package.bash'
[0.807s] INFO:colcon.colcon_core.shell:Creating package script '/home/haejum-park/2026_IFAC/install/f110_msgs/share/f110_msgs/package.zsh'
[0.807s] Level 1:colcon.colcon_core.environment:create_file_with_runtime_dependencies(/home/haejum-park/2026_IFAC/install/f110_msgs/share/colcon-core/packages/f110_msgs)
[0.807s] INFO:colcon.colcon_ros.task.ament_cmake.build:Building ROS package in '/home/haejum-park/2026_IFAC/planning/global_planner' with build type 'ament_cmake'
[0.807s] INFO:colcon.colcon_cmake.task.cmake.build:Building CMake package in '/home/haejum-park/2026_IFAC/planning/global_planner'
[0.808s] INFO:colcon.colcon_core.shell:Skip shell extension 'powershell' for command environment: Not usable outside of PowerShell
[0.808s] DEBUG:colcon.colcon_core.shell:Skip shell extension 'dsv' for command environment
[0.810s] INFO:colcon.colcon_ros.task.ament_cmake.build:Building ROS package in '/home/haejum-park/2026_IFAC/wpnt_publisher' with build type 'ament_cmake'
[0.810s] INFO:colcon.colcon_cmake.task.cmake.build:Building CMake package in '/home/haejum-park/2026_IFAC/wpnt_publisher'
[0.811s] INFO:colcon.colcon_core.shell:Skip shell extension 'powershell' for command environment: Not usable outside of PowerShell
[0.811s] DEBUG:colcon.colcon_core.shell:Skip shell extension 'dsv' for command environment
[0.815s] DEBUG:colcon.colcon_core.event_handler.log_command:Invoking command in '/home/haejum-park/2026_IFAC/build/global_planner': CMAKE_PREFIX_PATH=/home/haejum-park/2026_IFAC/install/new_map_con:/home/haejum-park/2026_IFAC/install/lap_timer:/home/haejum-park/sim_ws/install/f1tenth_gym_ros:/home/haejum-park/install/launch_testing_examples:/home/haejum-park/install/examples_rclpy_pointcloud_publisher:/home/haejum-park/install/examples_rclpy_minimal_subscriber:/home/haejum-park/install/examples_rclpy_minimal_service:/home/haejum-park/install/examples_rclpy_minimal_publisher:/home/haejum-park/install/examples_rclpy_minimal_client:/home/haejum-park/install/examples_rclpy_minimal_action_server:/home/haejum-park/install/examples_rclpy_minimal_action_client:/home/haejum-park/install/examples_rclpy_guard_conditions:/home/haejum-park/install/examples_rclpy_executors:/opt/ros/humble:/home/haejum-park/2026_IFAC/install/f110_msgs:/home/haejum-park/2026_IFAC/install/wpnt_publisher:/home/haejum-park/2026_IFAC/install/particle_filter_cpp:/home/haejum-park/2026_IFAC/install/global_planner:/home/haejum-park/sim_ws/install/wall_follow:/home/haejum-park/sim_ws/install/lab5_pkg:/home/haejum-park/sim_ws/install/homework:/home/haejum-park/sim_ws/install/gap_follow:/home/haejum-park/install/wall_follow:/home/haejum-park/install/my_new_package:/home/haejum-park/install/homework:/home/haejum-park/install/gap_follow:/home/haejum-park/install/examples_rclcpp_wait_set:/home/haejum-park/install/examples_rclcpp_multithreaded_executor:/home/haejum-park/install/examples_rclcpp_minimal_timer:/home/haejum-park/install/examples_rclcpp_minimal_subscriber:/home/haejum-park/install/examples_rclcpp_minimal_service:/home/haejum-park/install/examples_rclcpp_minimal_publisher:/home/haejum-park/install/examples_rclcpp_minimal_composition:/home/haejum-park/install/examples_rclcpp_minimal_client:/home/haejum-park/install/examples_rclcpp_minimal_action_server:/home/haejum-park/install/examples_rclcpp_minimal_action_client:/home/haejum-park/install/examples_rclcpp_cbg_executor:/home/haejum-park/install/examples_rclcpp_async_client LD_LIBRARY_PATH=/home/haejum-park/2026_IFAC/install/f110_msgs/lib:/home/haejum-park/2026_IFAC/install/particle_filter_cpp/lib:/home/haejum-park/install/examples_rclcpp_wait_set/lib:/home/haejum-park/install/examples_rclcpp_minimal_subscriber/lib:/home/haejum-park/install/examples_rclcpp_minimal_composition/lib:/opt/ros/humble/opt/rviz_ogre_vendor/lib:/opt/ros/humble/lib/x86_64-linux-gnu:/opt/ros/humble/lib /usr/bin/cmake --build /home/haejum-park/2026_IFAC/build/global_planner -- -j14 -l14
[0.817s] DEBUG:colcon.colcon_core.event_handler.log_command:Invoking command in '/home/haejum-park/2026_IFAC/build/wpnt_publisher': CMAKE_PREFIX_PATH=/home/haejum-park/2026_IFAC/install/new_map_con:/home/haejum-park/2026_IFAC/install/lap_timer:/home/haejum-park/sim_ws/install/f1tenth_gym_ros:/home/haejum-park/install/launch_testing_examples:/home/haejum-park/install/examples_rclpy_pointcloud_publisher:/home/haejum-park/install/examples_rclpy_minimal_subscriber:/home/haejum-park/install/examples_rclpy_minimal_service:/home/haejum-park/install/examples_rclpy_minimal_publisher:/home/haejum-park/install/examples_rclpy_minimal_client:/home/haejum-park/install/examples_rclpy_minimal_action_server:/home/haejum-park/install/examples_rclpy_minimal_action_client:/home/haejum-park/install/examples_rclpy_guard_conditions:/home/haejum-park/install/examples_rclpy_executors:/opt/ros/humble:/home/haejum-park/2026_IFAC/install/f110_msgs:/home/haejum-park/2026_IFAC/install/wpnt_publisher:/home/haejum-park/2026_IFAC/install/particle_filter_cpp:/home/haejum-park/2026_IFAC/install/global_planner:/home/haejum-park/sim_ws/install/wall_follow:/home/haejum-park/sim_ws/install/lab5_pkg:/home/haejum-park/sim_ws/install/homework:/home/haejum-park/sim_ws/install/gap_follow:/home/haejum-park/install/wall_follow:/home/haejum-park/install/my_new_package:/home/haejum-park/install/homework:/home/haejum-park/install/gap_follow:/home/haejum-park/install/examples_rclcpp_wait_set:/home/haejum-park/install/examples_rclcpp_multithreaded_executor:/home/haejum-park/install/examples_rclcpp_minimal_timer:/home/haejum-park/install/examples_rclcpp_minimal_subscriber:/home/haejum-park/install/examples_rclcpp_minimal_service:/home/haejum-park/install/examples_rclcpp_minimal_publisher:/home/haejum-park/install/examples_rclcpp_minimal_composition:/home/haejum-park/install/examples_rclcpp_minimal_client:/home/haejum-park/install/examples_rclcpp_minimal_action_server:/home/haejum-park/install/examples_rclcpp_minimal_action_client:/home/haejum-park/install/examples_rclcpp_cbg_executor:/home/haejum-park/install/examples_rclcpp_async_client LD_LIBRARY_PATH=/home/haejum-park/2026_IFAC/install/f110_msgs/lib:/home/haejum-park/2026_IFAC/install/particle_filter_cpp/lib:/home/haejum-park/install/examples_rclcpp_wait_set/lib:/home/haejum-park/install/examples_rclcpp_minimal_subscriber/lib:/home/haejum-park/install/examples_rclcpp_minimal_composition/lib:/opt/ros/humble/opt/rviz_ogre_vendor/lib:/opt/ros/humble/lib/x86_64-linux-gnu:/opt/ros/humble/lib /usr/bin/cmake --build /home/haejum-park/2026_IFAC/build/wpnt_publisher -- -j14 -l14
[0.854s] DEBUG:colcon.colcon_core.event_handler.log_command:Invoked command in '/home/haejum-park/2026_IFAC/build/wpnt_publisher' returned '0': CMAKE_PREFIX_PATH=/home/haejum-park/2026_IFAC/install/new_map_con:/home/haejum-park/2026_IFAC/install/lap_timer:/home/haejum-park/sim_ws/install/f1tenth_gym_ros:/home/haejum-park/install/launch_testing_examples:/home/haejum-park/install/examples_rclpy_pointcloud_publisher:/home/haejum-park/install/examples_rclpy_minimal_subscriber:/home/haejum-park/install/examples_rclpy_minimal_service:/home/haejum-park/install/examples_rclpy_minimal_publisher:/home/haejum-park/install/examples_rclpy_minimal_client:/home/haejum-park/install/examples_rclpy_minimal_action_server:/home/haejum-park/install/examples_rclpy_minimal_action_client:/home/haejum-park/install/examples_rclpy_guard_conditions:/home/haejum-park/install/examples_rclpy_executors:/opt/ros/humble:/home/haejum-park/2026_IFAC/install/f110_msgs:/home/haejum-park/2026_IFAC/install/wpnt_publisher:/home/haejum-park/2026_IFAC/install/particle_filter_cpp:/home/haejum-park/2026_IFAC/install/global_planner:/home/haejum-park/sim_ws/install/wall_follow:/home/haejum-park/sim_ws/install/lab5_pkg:/home/haejum-park/sim_ws/install/homework:/home/haejum-park/sim_ws/install/gap_follow:/home/haejum-park/install/wall_follow:/home/haejum-park/install/my_new_package:/home/haejum-park/install/homework:/home/haejum-park/install/gap_follow:/home/haejum-park/install/examples_rclcpp_wait_set:/home/haejum-park/install/examples_rclcpp_multithreaded_executor:/home/haejum-park/install/examples_rclcpp_minimal_timer:/home/haejum-park/install/examples_rclcpp_minimal_subscriber:/home/haejum-park/install/examples_rclcpp_minimal_service:/home/haejum-park/install/examples_rclcpp_minimal_publisher:/home/haejum-park/install/examples_rclcpp_minimal_composition:/home/haejum-park/install/examples_rclcpp_minimal_client:/home/haejum-park/install/examples_rclcpp_minimal_action_server:/home/haejum-park/install/examples_rclcpp_minimal_action_client:/home/haejum-park/install/examples_rclcpp_cbg_executor:/home/haejum-park/install/examples_rclcpp_async_client LD_LIBRARY_PATH=/home/haejum-park/2026_IFAC/install/f110_msgs/lib:/home/haejum-park/2026_IFAC/install/particle_filter_cpp/lib:/home/haejum-park/install/examples_rclcpp_wait_set/lib:/home/haejum-park/install/examples_rclcpp_minimal_subscriber/lib:/home/haejum-park/install/examples_rclcpp_minimal_composition/lib:/opt/ros/humble/opt/rviz_ogre_vendor/lib:/opt/ros/humble/lib/x86_64-linux-gnu:/opt/ros/humble/lib /usr/bin/cmake --build /home/haejum-park/2026_IFAC/build/wpnt_publisher -- -j14 -l14
[0.856s] DEBUG:colcon.colcon_core.event_handler.log_command:Invoking command in '/home/haejum-park/2026_IFAC/build/wpnt_publisher': CMAKE_PREFIX_PATH=/home/haejum-park/2026_IFAC/install/new_map_con:/home/haejum-park/2026_IFAC/install/lap_timer:/home/haejum-park/sim_ws/install/f1tenth_gym_ros:/home/haejum-park/install/launch_testing_examples:/home/haejum-park/install/examples_rclpy_pointcloud_publisher:/home/haejum-park/install/examples_rclpy_minimal_subscriber:/home/haejum-park/install/examples_rclpy_minimal_service:/home/haejum-park/install/examples_rclpy_minimal_publisher:/home/haejum-park/install/examples_rclpy_minimal_client:/home/haejum-park/install/examples_rclpy_minimal_action_server:/home/haejum-park/install/examples_rclpy_minimal_action_client:/home/haejum-park/install/examples_rclpy_guard_conditions:/home/haejum-park/install/examples_rclpy_executors:/opt/ros/humble:/home/haejum-park/2026_IFAC/install/f110_msgs:/home/haejum-park/2026_IFAC/install/wpnt_publisher:/home/haejum-park/2026_IFAC/install/particle_filter_cpp:/home/haejum-park/2026_IFAC/install/global_planner:/home/haejum-park/sim_ws/install/wall_follow:/home/haejum-park/sim_ws/install/lab5_pkg:/home/haejum-park/sim_ws/install/homework:/home/haejum-park/sim_ws/install/gap_follow:/home/haejum-park/install/wall_follow:/home/haejum-park/install/my_new_package:/home/haejum-park/install/homework:/home/haejum-park/install/gap_follow:/home/haejum-park/install/examples_rclcpp_wait_set:/home/haejum-park/install/examples_rclcpp_multithreaded_executor:/home/haejum-park/install/examples_rclcpp_minimal_timer:/home/haejum-park/install/examples_rclcpp_minimal_subscriber:/home/haejum-park/install/examples_rclcpp_minimal_service:/home/haejum-park/install/examples_rclcpp_minimal_publisher:/home/haejum-park/install/examples_rclcpp_minimal_composition:/home/haejum-park/install/examples_rclcpp_minimal_client:/home/haejum-park/install/examples_rclcpp_minimal_action_server:/home/haejum-park/install/examples_rclcpp_minimal_action_client:/home/haejum-park/install/examples_rclcpp_cbg_executor:/home/haejum-park/install/examples_rclcpp_async_client LD_LIBRARY_PATH=/home/haejum-park/2026_IFAC/install/f110_msgs/lib:/home/haejum-park/2026_IFAC/install/particle_filter_cpp/lib:/home/haejum-park/install/examples_rclcpp_wait_set/lib:/home/haejum-park/install/examples_rclcpp_minimal_subscriber/lib:/home/haejum-park/install/examples_rclcpp_minimal_composition/lib:/opt/ros/humble/opt/rviz_ogre_vendor/lib:/opt/ros/humble/lib/x86_64-linux-gnu:/opt/ros/humble/lib /usr/bin/cmake --install /home/haejum-park/2026_IFAC/build/wpnt_publisher
[0.866s] Level 1:colcon.colcon_core.environment:create_environment_scripts_only(wpnt_publisher)
[0.866s] Level 1:colcon.colcon_core.environment:checking '/home/haejum-park/2026_IFAC/install/wpnt_publisher' for CMake module files
[0.866s] DEBUG:colcon.colcon_core.event_handler.log_command:Invoked command in '/home/haejum-park/2026_IFAC/build/wpnt_publisher' returned '0': CMAKE_PREFIX_PATH=/home/haejum-park/2026_IFAC/install/new_map_con:/home/haejum-park/2026_IFAC/install/lap_timer:/home/haejum-park/sim_ws/install/f1tenth_gym_ros:/home/haejum-park/install/launch_testing_examples:/home/haejum-park/install/examples_rclpy_pointcloud_publisher:/home/haejum-park/install/examples_rclpy_minimal_subscriber:/home/haejum-park/install/examples_rclpy_minimal_service:/home/haejum-park/install/examples_rclpy_minimal_publisher:/home/haejum-park/install/examples_rclpy_minimal_client:/home/haejum-park/install/examples_rclpy_minimal_action_server:/home/haejum-park/install/examples_rclpy_minimal_action_client:/home/haejum-park/install/examples_rclpy_guard_conditions:/home/haejum-park/install/examples_rclpy_executors:/opt/ros/humble:/home/haejum-park/2026_IFAC/install/f110_msgs:/home/haejum-park/2026_IFAC/install/wpnt_publisher:/home/haejum-park/2026_IFAC/install/particle_filter_cpp:/home/haejum-park/2026_IFAC/install/global_planner:/home/haejum-park/sim_ws/install/wall_follow:/home/haejum-park/sim_ws/install/lab5_pkg:/home/haejum-park/sim_ws/install/homework:/home/haejum-park/sim_ws/install/gap_follow:/home/haejum-park/install/wall_follow:/home/haejum-park/install/my_new_package:/home/haejum-park/install/homework:/home/haejum-park/install/gap_follow:/home/haejum-park/install/examples_rclcpp_wait_set:/home/haejum-park/install/examples_rclcpp_multithreaded_executor:/home/haejum-park/install/examples_rclcpp_minimal_timer:/home/haejum-park/install/examples_rclcpp_minimal_subscriber:/home/haejum-park/install/examples_rclcpp_minimal_service:/home/haejum-park/install/examples_rclcpp_minimal_publisher:/home/haejum-park/install/examples_rclcpp_minimal_composition:/home/haejum-park/install/examples_rclcpp_minimal_client:/home/haejum-park/install/examples_rclcpp_minimal_action_server:/home/haejum-park/install/examples_rclcpp_minimal_action_client:/home/haejum-park/install/examples_rclcpp_cbg_executor:/home/haejum-park/install/examples_rclcpp_async_client LD_LIBRARY_PATH=/home/haejum-park/2026_IFAC/install/f110_msgs/lib:/home/haejum-park/2026_IFAC/install/particle_filter_cpp/lib:/home/haejum-park/install/examples_rclcpp_wait_set/lib:/home/haejum-park/install/examples_rclcpp_minimal_subscriber/lib:/home/haejum-park/install/examples_rclcpp_minimal_composition/lib:/opt/ros/humble/opt/rviz_ogre_vendor/lib:/opt/ros/humble/lib/x86_64-linux-gnu:/opt/ros/humble/lib /usr/bin/cmake --install /home/haejum-park/2026_IFAC/build/wpnt_publisher
[0.866s] Level 1:colcon.colcon_core.environment:checking '/home/haejum-park/2026_IFAC/install/wpnt_publisher' for CMake config files
[0.867s] Level 1:colcon.colcon_core.shell:create_environment_hook('wpnt_publisher', 'cmake_prefix_path')
[0.867s] INFO:colcon.colcon_core.shell:Creating environment hook '/home/haejum-park/2026_IFAC/install/wpnt_publisher/share/wpnt_publisher/hook/cmake_prefix_path.ps1'
[0.867s] INFO:colcon.colcon_core.shell:Creating environment descriptor '/home/haejum-park/2026_IFAC/install/wpnt_publisher/share/wpnt_publisher/hook/cmake_prefix_path.dsv'
[0.867s] INFO:colcon.colcon_core.shell:Creating environment hook '/home/haejum-park/2026_IFAC/install/wpnt_publisher/share/wpnt_publisher/hook/cmake_prefix_path.sh'
[0.868s] Level 1:colcon.colcon_core.environment:checking '/home/haejum-park/2026_IFAC/install/wpnt_publisher/lib'
[0.868s] Level 1:colcon.colcon_core.environment:checking '/home/haejum-park/2026_IFAC/install/wpnt_publisher/bin'
[0.868s] Level 1:colcon.colcon_core.environment:checking '/home/haejum-park/2026_IFAC/install/wpnt_publisher/lib/pkgconfig/wpnt_publisher.pc'
[0.868s] Level 1:colcon.colcon_core.environment:checking '/home/haejum-park/2026_IFAC/install/wpnt_publisher/lib/python3.10/site-packages'
[0.868s] Level 1:colcon.colcon_core.environment:checking '/home/haejum-park/2026_IFAC/install/wpnt_publisher/bin'
[0.868s] INFO:colcon.colcon_core.shell:Creating package script '/home/haejum-park/2026_IFAC/install/wpnt_publisher/share/wpnt_publisher/package.ps1'
[0.868s] INFO:colcon.colcon_core.shell:Creating package descriptor '/home/haejum-park/2026_IFAC/install/wpnt_publisher/share/wpnt_publisher/package.dsv'
[0.869s] INFO:colcon.colcon_core.shell:Creating package script '/home/haejum-park/2026_IFAC/install/wpnt_publisher/share/wpnt_publisher/package.sh'
[0.869s] INFO:colcon.colcon_core.shell:Creating package script '/home/haejum-park/2026_IFAC/install/wpnt_publisher/share/wpnt_publisher/package.bash'
[0.869s] INFO:colcon.colcon_core.shell:Creating package script '/home/haejum-park/2026_IFAC/install/wpnt_publisher/share/wpnt_publisher/package.zsh'
[0.869s] Level 1:colcon.colcon_core.environment:create_file_with_runtime_dependencies(/home/haejum-park/2026_IFAC/install/wpnt_publisher/share/colcon-core/packages/wpnt_publisher)
[0.869s] Level 1:colcon.colcon_core.environment:create_environment_scripts_only(wpnt_publisher)
[0.870s] Level 1:colcon.colcon_core.environment:checking '/home/haejum-park/2026_IFAC/install/wpnt_publisher' for CMake module files
[0.870s] Level 1:colcon.colcon_core.environment:checking '/home/haejum-park/2026_IFAC/install/wpnt_publisher' for CMake config files
[0.870s] Level 1:colcon.colcon_core.shell:create_environment_hook('wpnt_publisher', 'cmake_prefix_path')
[0.870s] INFO:colcon.colcon_core.shell:Creating environment hook '/home/haejum-park/2026_IFAC/install/wpnt_publisher/share/wpnt_publisher/hook/cmake_prefix_path.ps1'
[0.870s] INFO:colcon.colcon_core.shell:Creating environment descriptor '/home/haejum-park/2026_IFAC/install/wpnt_publisher/share/wpnt_publisher/hook/cmake_prefix_path.dsv'
[0.871s] INFO:colcon.colcon_core.shell:Creating environment hook '/home/haejum-park/2026_IFAC/install/wpnt_publisher/share/wpnt_publisher/hook/cmake_prefix_path.sh'
[0.871s] Level 1:colcon.colcon_core.environment:checking '/home/haejum-park/2026_IFAC/install/wpnt_publisher/lib'
[0.871s] Level 1:colcon.colcon_core.environment:checking '/home/haejum-park/2026_IFAC/install/wpnt_publisher/bin'
[0.871s] Level 1:colcon.colcon_core.environment:checking '/home/haejum-park/2026_IFAC/install/wpnt_publisher/lib/pkgconfig/wpnt_publisher.pc'
[0.871s] Level 1:colcon.colcon_core.environment:checking '/home/haejum-park/2026_IFAC/install/wpnt_publisher/lib/python3.10/site-packages'
[0.871s] Level 1:colcon.colcon_core.environment:checking '/home/haejum-park/2026_IFAC/install/wpnt_publisher/bin'
[0.871s] INFO:colcon.colcon_core.shell:Creating package script '/home/haejum-park/2026_IFAC/install/wpnt_publisher/share/wpnt_publisher/package.ps1'
[0.872s] INFO:colcon.colcon_core.shell:Creating package descriptor '/home/haejum-park/2026_IFAC/install/wpnt_publisher/share/wpnt_publisher/package.dsv'
[0.872s] INFO:colcon.colcon_core.shell:Creating package script '/home/haejum-park/2026_IFAC/install/wpnt_publisher/share/wpnt_publisher/package.sh'
[0.872s] INFO:colcon.colcon_core.shell:Creating package script '/home/haejum-park/2026_IFAC/install/wpnt_publisher/share/wpnt_publisher/package.bash'
[0.872s] INFO:colcon.colcon_core.shell:Creating package script '/home/haejum-park/2026_IFAC/install/wpnt_publisher/share/wpnt_publisher/package.zsh'
[0.872s] Level 1:colcon.colcon_core.environment:create_file_with_runtime_dependencies(/home/haejum-park/2026_IFAC/install/wpnt_publisher/share/colcon-core/packages/wpnt_publisher)
[0.873s] DEBUG:colcon.colcon_core.event_handler.log_command:Invoked command in '/home/haejum-park/2026_IFAC/build/global_planner' returned '0': CMAKE_PREFIX_PATH=/home/haejum-park/2026_IFAC/install/new_map_con:/home/haejum-park/2026_IFAC/install/lap_timer:/home/haejum-park/sim_ws/install/f1tenth_gym_ros:/home/haejum-park/install/launch_testing_examples:/home/haejum-park/install/examples_rclpy_pointcloud_publisher:/home/haejum-park/install/examples_rclpy_minimal_subscriber:/home/haejum-park/install/examples_rclpy_minimal_service:/home/haejum-park/install/examples_rclpy_minimal_publisher:/home/haejum-park/install/examples_rclpy_minimal_client:/home/haejum-park/install/examples_rclpy_minimal_action_server:/home/haejum-park/install/examples_rclpy_minimal_action_client:/home/haejum-park/install/examples_rclpy_guard_conditions:/home/haejum-park/install/examples_rclpy_executors:/opt/ros/humble:/home/haejum-park/2026_IFAC/install/f110_msgs:/home/haejum-park/2026_IFAC/install/wpnt_publisher:/home/haejum-park/2026_IFAC/install/particle_filter_cpp:/home/haejum-park/2026_IFAC/install/global_planner:/home/haejum-park/sim_ws/install/wall_follow:/home/haejum-park/sim_ws/install/lab5_pkg:/home/haejum-park/sim_ws/install/homework:/home/haejum-park/sim_ws/install/gap_follow:/home/haejum-park/install/wall_follow:/home/haejum-park/install/my_new_package:/home/haejum-park/install/homework:/home/haejum-park/install/gap_follow:/home/haejum-park/install/examples_rclcpp_wait_set:/home/haejum-park/install/examples_rclcpp_multithreaded_executor:/home/haejum-park/install/examples_rclcpp_minimal_timer:/home/haejum-park/install/examples_rclcpp_minimal_subscriber:/home/haejum-park/install/examples_rclcpp_minimal_service:/home/haejum-park/install/examples_rclcpp_minimal_publisher:/home/haejum-park/install/examples_rclcpp_minimal_composition:/home/haejum-park/install/examples_rclcpp_minimal_client:/home/haejum-park/install/examples_rclcpp_minimal_action_server:/home/haejum-park/install/examples_rclcpp_minimal_action_client:/home/haejum-park/install/examples_rclcpp_cbg_executor:/home/haejum-park/install/examples_rclcpp_async_client LD_LIBRARY_PATH=/home/haejum-park/2026_IFAC/install/f110_msgs/lib:/home/haejum-park/2026_IFAC/install/particle_filter_cpp/lib:/home/haejum-park/install/examples_rclcpp_wait_set/lib:/home/haejum-park/install/examples_rclcpp_minimal_subscriber/lib:/home/haejum-park/install/examples_rclcpp_minimal_composition/lib:/opt/ros/humble/opt/rviz_ogre_vendor/lib:/opt/ros/humble/lib/x86_64-linux-gnu:/opt/ros/humble/lib /usr/bin/cmake --build /home/haejum-park/2026_IFAC/build/global_planner -- -j14 -l14
[0.874s] DEBUG:colcon.colcon_core.event_handler.log_command:Invoking command in '/home/haejum-park/2026_IFAC/build/global_planner': CMAKE_PREFIX_PATH=/home/haejum-park/2026_IFAC/install/new_map_con:/home/haejum-park/2026_IFAC/install/lap_timer:/home/haejum-park/sim_ws/install/f1tenth_gym_ros:/home/haejum-park/install/launch_testing_examples:/home/haejum-park/install/examples_rclpy_pointcloud_publisher:/home/haejum-park/install/examples_rclpy_minimal_subscriber:/home/haejum-park/install/examples_rclpy_minimal_service:/home/haejum-park/install/examples_rclpy_minimal_publisher:/home/haejum-park/install/examples_rclpy_minimal_client:/home/haejum-park/install/examples_rclpy_minimal_action_server:/home/haejum-park/install/examples_rclpy_minimal_action_client:/home/haejum-park/install/examples_rclpy_guard_conditions:/home/haejum-park/install/examples_rclpy_executors:/opt/ros/humble:/home/haejum-park/2026_IFAC/install/f110_msgs:/home/haejum-park/2026_IFAC/install/wpnt_publisher:/home/haejum-park/2026_IFAC/install/particle_filter_cpp:/home/haejum-park/2026_IFAC/install/global_planner:/home/haejum-park/sim_ws/install/wall_follow:/home/haejum-park/sim_ws/install/lab5_pkg:/home/haejum-park/sim_ws/install/homework:/home/haejum-park/sim_ws/install/gap_follow:/home/haejum-park/install/wall_follow:/home/haejum-park/install/my_new_package:/home/haejum-park/install/homework:/home/haejum-park/install/gap_follow:/home/haejum-park/install/examples_rclcpp_wait_set:/home/haejum-park/install/examples_rclcpp_multithreaded_executor:/home/haejum-park/install/examples_rclcpp_minimal_timer:/home/haejum-park/install/examples_rclcpp_minimal_subscriber:/home/haejum-park/install/examples_rclcpp_minimal_service:/home/haejum-park/install/examples_rclcpp_minimal_publisher:/home/haejum-park/install/examples_rclcpp_minimal_composition:/home/haejum-park/install/examples_rclcpp_minimal_client:/home/haejum-park/install/examples_rclcpp_minimal_action_server:/home/haejum-park/install/examples_rclcpp_minimal_action_client:/home/haejum-park/install/examples_rclcpp_cbg_executor:/home/haejum-park/install/examples_rclcpp_async_client LD_LIBRARY_PATH=/home/haejum-park/2026_IFAC/install/f110_msgs/lib:/home/haejum-park/2026_IFAC/install/particle_filter_cpp/lib:/home/haejum-park/install/examples_rclcpp_wait_set/lib:/home/haejum-park/install/examples_rclcpp_minimal_subscriber/lib:/home/haejum-park/install/examples_rclcpp_minimal_composition/lib:/opt/ros/humble/opt/rviz_ogre_vendor/lib:/opt/ros/humble/lib/x86_64-linux-gnu:/opt/ros/humble/lib /usr/bin/cmake --install /home/haejum-park/2026_IFAC/build/global_planner
[0.887s] Level 1:colcon.colcon_core.environment:create_environment_scripts_only(global_planner)
[0.887s] Level 1:colcon.colcon_core.environment:checking '/home/haejum-park/2026_IFAC/install/global_planner' for CMake module files
[0.887s] DEBUG:colcon.colcon_core.event_handler.log_command:Invoked command in '/home/haejum-park/2026_IFAC/build/global_planner' returned '0': CMAKE_PREFIX_PATH=/home/haejum-park/2026_IFAC/install/new_map_con:/home/haejum-park/2026_IFAC/install/lap_timer:/home/haejum-park/sim_ws/install/f1tenth_gym_ros:/home/haejum-park/install/launch_testing_examples:/home/haejum-park/install/examples_rclpy_pointcloud_publisher:/home/haejum-park/install/examples_rclpy_minimal_subscriber:/home/haejum-park/install/examples_rclpy_minimal_service:/home/haejum-park/install/examples_rclpy_minimal_publisher:/home/haejum-park/install/examples_rclpy_minimal_client:/home/haejum-park/install/examples_rclpy_minimal_action_server:/home/haejum-park/install/examples_rclpy_minimal_action_client:/home/haejum-park/install/examples_rclpy_guard_conditions:/home/haejum-park/install/examples_rclpy_executors:/opt/ros/humble:/home/haejum-park/2026_IFAC/install/f110_msgs:/home/haejum-park/2026_IFAC/install/wpnt_publisher:/home/haejum-park/2026_IFAC/install/particle_filter_cpp:/home/haejum-park/2026_IFAC/install/global_planner:/home/haejum-park/sim_ws/install/wall_follow:/home/haejum-park/sim_ws/install/lab5_pkg:/home/haejum-park/sim_ws/install/homework:/home/haejum-park/sim_ws/install/gap_follow:/home/haejum-park/install/wall_follow:/home/haejum-park/install/my_new_package:/home/haejum-park/install/homework:/home/haejum-park/install/gap_follow:/home/haejum-park/install/examples_rclcpp_wait_set:/home/haejum-park/install/examples_rclcpp_multithreaded_executor:/home/haejum-park/install/examples_rclcpp_minimal_timer:/home/haejum-park/install/examples_rclcpp_minimal_subscriber:/home/haejum-park/install/examples_rclcpp_minimal_service:/home/haejum-park/install/examples_rclcpp_minimal_publisher:/home/haejum-park/install/examples_rclcpp_minimal_composition:/home/haejum-park/install/examples_rclcpp_minimal_client:/home/haejum-park/install/examples_rclcpp_minimal_action_server:/home/haejum-park/install/examples_rclcpp_minimal_action_client:/home/haejum-park/install/examples_rclcpp_cbg_executor:/home/haejum-park/install/examples_rclcpp_async_client LD_LIBRARY_PATH=/home/haejum-park/2026_IFAC/install/f110_msgs/lib:/home/haejum-park/2026_IFAC/install/particle_filter_cpp/lib:/home/haejum-park/install/examples_rclcpp_wait_set/lib:/home/haejum-park/install/examples_rclcpp_minimal_subscriber/lib:/home/haejum-park/install/examples_rclcpp_minimal_composition/lib:/opt/ros/humble/opt/rviz_ogre_vendor/lib:/opt/ros/humble/lib/x86_64-linux-gnu:/opt/ros/humble/lib /usr/bin/cmake --install /home/haejum-park/2026_IFAC/build/global_planner
[0.887s] Level 1:colcon.colcon_core.environment:checking '/home/haejum-park/2026_IFAC/install/global_planner' for CMake config files
[0.888s] Level 1:colcon.colcon_core.shell:create_environment_hook('global_planner', 'cmake_prefix_path')
[0.888s] INFO:colcon.colcon_core.shell:Creating environment hook '/home/haejum-park/2026_IFAC/install/global_planner/share/global_planner/hook/cmake_prefix_path.ps1'
[0.888s] INFO:colcon.colcon_core.shell:Creating environment descriptor '/home/haejum-park/2026_IFAC/install/global_planner/share/global_planner/hook/cmake_prefix_path.dsv'
[0.888s] INFO:colcon.colcon_core.shell:Creating environment hook '/home/haejum-park/2026_IFAC/install/global_planner/share/global_planner/hook/cmake_prefix_path.sh'
[0.889s] Level 1:colcon.colcon_core.environment:checking '/home/haejum-park/2026_IFAC/install/global_planner/lib'
[0.889s] Level 1:colcon.colcon_core.environment:checking '/home/haejum-park/2026_IFAC/install/global_planner/bin'
[0.889s] Level 1:colcon.colcon_core.environment:checking '/home/haejum-park/2026_IFAC/install/global_planner/lib/pkgconfig/global_planner.pc'
[0.889s] Level 1:colcon.colcon_core.environment:checking '/home/haejum-park/2026_IFAC/install/global_planner/lib/python3.10/site-packages'
[0.889s] Level 1:colcon.colcon_core.environment:checking '/home/haejum-park/2026_IFAC/install/global_planner/bin'
[0.889s] INFO:colcon.colcon_core.shell:Creating package script '/home/haejum-park/2026_IFAC/install/global_planner/share/global_planner/package.ps1'
[0.889s] INFO:colcon.colcon_core.shell:Creating package descriptor '/home/haejum-park/2026_IFAC/install/global_planner/share/global_planner/package.dsv'
[0.890s] INFO:colcon.colcon_core.shell:Creating package script '/home/haejum-park/2026_IFAC/install/global_planner/share/global_planner/package.sh'
[0.890s] INFO:colcon.colcon_core.shell:Creating package script '/home/haejum-park/2026_IFAC/install/global_planner/share/global_planner/package.bash'
[0.890s] INFO:colcon.colcon_core.shell:Creating package script '/home/haejum-park/2026_IFAC/install/global_planner/share/global_planner/package.zsh'
[0.890s] Level 1:colcon.colcon_core.environment:create_file_with_runtime_dependencies(/home/haejum-park/2026_IFAC/install/global_planner/share/colcon-core/packages/global_planner)
[0.890s] Level 1:colcon.colcon_core.environment:create_environment_scripts_only(global_planner)
[0.891s] Level 1:colcon.colcon_core.environment:checking '/home/haejum-park/2026_IFAC/install/global_planner' for CMake module files
[0.891s] Level 1:colcon.colcon_core.environment:checking '/home/haejum-park/2026_IFAC/install/global_planner' for CMake config files
[0.891s] Level 1:colcon.colcon_core.shell:create_environment_hook('global_planner', 'cmake_prefix_path')
[0.891s] INFO:colcon.colcon_core.shell:Creating environment hook '/home/haejum-park/2026_IFAC/install/global_planner/share/global_planner/hook/cmake_prefix_path.ps1'
[0.891s] INFO:colcon.colcon_core.shell:Creating environment descriptor '/home/haejum-park/2026_IFAC/install/global_planner/share/global_planner/hook/cmake_prefix_path.dsv'
[0.892s] INFO:colcon.colcon_core.shell:Creating environment hook '/home/haejum-park/2026_IFAC/install/global_planner/share/global_planner/hook/cmake_prefix_path.sh'
[0.892s] Level 1:colcon.colcon_core.environment:checking '/home/haejum-park/2026_IFAC/install/global_planner/lib'
[0.892s] Level 1:colcon.colcon_core.environment:checking '/home/haejum-park/2026_IFAC/install/global_planner/bin'
[0.892s] Level 1:colcon.colcon_core.environment:checking '/home/haejum-park/2026_IFAC/install/global_planner/lib/pkgconfig/global_planner.pc'
[0.892s] Level 1:colcon.colcon_core.environment:checking '/home/haejum-park/2026_IFAC/install/global_planner/lib/python3.10/site-packages'
[0.892s] Level 1:colcon.colcon_core.environment:checking '/home/haejum-park/2026_IFAC/install/global_planner/bin'
[0.892s] INFO:colcon.colcon_core.shell:Creating package script '/home/haejum-park/2026_IFAC/install/global_planner/share/global_planner/package.ps1'
[0.893s] INFO:colcon.colcon_core.shell:Creating package descriptor '/home/haejum-park/2026_IFAC/install/global_planner/share/global_planner/package.dsv'
[0.893s] INFO:colcon.colcon_core.shell:Creating package script '/home/haejum-park/2026_IFAC/install/global_planner/share/global_planner/package.sh'
[0.893s] INFO:colcon.colcon_core.shell:Creating package script '/home/haejum-park/2026_IFAC/install/global_planner/share/global_planner/package.bash'
[0.893s] INFO:colcon.colcon_core.shell:Creating package script '/home/haejum-park/2026_IFAC/install/global_planner/share/global_planner/package.zsh'
[0.893s] Level 1:colcon.colcon_core.environment:create_file_with_runtime_dependencies(/home/haejum-park/2026_IFAC/install/global_planner/share/colcon-core/packages/global_planner)
[0.983s] DEBUG:colcon.colcon_core.event_handler.log_command:Invoking command in '/home/haejum-park/2026_IFAC/build/amcl_localization': PYTHONPATH=/home/haejum-park/2026_IFAC/build/amcl_localization/prefix_override:/usr/lib/python3/dist-packages/colcon_core/task/python/colcon_distutils_commands:/home/haejum-park/2026_IFAC/install/amcl_localization/lib/python3.10/site-packages:${PYTHONPATH} /usr/bin/python3 -W ignore:setup.py install is deprecated -W ignore:easy_install command is deprecated setup.py develop --editable --build-directory /home/haejum-park/2026_IFAC/build/amcl_localization/build --no-deps symlink_data
[0.989s] DEBUG:colcon.colcon_core.event_handler.log_command:Invoking command in '/home/haejum-park/2026_IFAC/build/new_map_con': PYTHONPATH=/home/haejum-park/2026_IFAC/build/new_map_con/prefix_override:/usr/lib/python3/dist-packages/colcon_core/task/python/colcon_distutils_commands:/home/haejum-park/2026_IFAC/install/new_map_con/lib/python3.10/site-packages:${PYTHONPATH} /usr/bin/python3 -W ignore:setup.py install is deprecated -W ignore:easy_install command is deprecated setup.py develop --editable --build-directory /home/haejum-park/2026_IFAC/build/new_map_con/build --no-deps symlink_data
[0.990s] DEBUG:colcon.colcon_core.event_handler.log_command:Invoking command in '/home/haejum-park/2026_IFAC/build/lap_timer': PYTHONPATH=/home/haejum-park/2026_IFAC/build/lap_timer/prefix_override:/usr/lib/python3/dist-packages/colcon_core/task/python/colcon_distutils_commands:/home/haejum-park/2026_IFAC/install/lap_timer/lib/python3.10/site-packages:${PYTHONPATH} /usr/bin/python3 -W ignore:setup.py install is deprecated -W ignore:easy_install command is deprecated setup.py develop --editable --build-directory /home/haejum-park/2026_IFAC/build/lap_timer/build --no-deps symlink_data
[1.212s] Level 1:colcon.colcon_core.shell:create_environment_hook('amcl_localization', 'pythonpath_develop')
[1.212s] DEBUG:colcon.colcon_core.event_handler.log_command:Invoked command in '/home/haejum-park/2026_IFAC/build/amcl_localization' returned '0': PYTHONPATH=/home/haejum-park/2026_IFAC/build/amcl_localization/prefix_override:/usr/lib/python3/dist-packages/colcon_core/task/python/colcon_distutils_commands:/home/haejum-park/2026_IFAC/install/amcl_localization/lib/python3.10/site-packages:${PYTHONPATH} /usr/bin/python3 -W ignore:setup.py install is deprecated -W ignore:easy_install command is deprecated setup.py develop --editable --build-directory /home/haejum-park/2026_IFAC/build/amcl_localization/build --no-deps symlink_data
[1.213s] INFO:colcon.colcon_core.shell:Creating environment hook '/home/haejum-park/2026_IFAC/build/amcl_localization/share/amcl_localization/hook/pythonpath_develop.ps1'
[1.213s] INFO:colcon.colcon_core.shell:Creating environment descriptor '/home/haejum-park/2026_IFAC/build/amcl_localization/share/amcl_localization/hook/pythonpath_develop.dsv'
[1.213s] INFO:colcon.colcon_core.shell:Creating environment hook '/home/haejum-park/2026_IFAC/build/amcl_localization/share/amcl_localization/hook/pythonpath_develop.sh'
[1.214s] Level 1:colcon.colcon_core.environment:checking '/home/haejum-park/2026_IFAC/install/amcl_localization' for CMake module files
[1.214s] Level 1:colcon.colcon_core.environment:checking '/home/haejum-park/2026_IFAC/install/amcl_localization' for CMake config files
[1.214s] Level 1:colcon.colcon_core.environment:checking '/home/haejum-park/2026_IFAC/install/amcl_localization/lib'
[1.215s] Level 1:colcon.colcon_core.environment:checking '/home/haejum-park/2026_IFAC/install/amcl_localization/bin'
[1.215s] Level 1:colcon.colcon_core.environment:checking '/home/haejum-park/2026_IFAC/install/amcl_localization/lib/pkgconfig/amcl_localization.pc'
[1.215s] Level 1:colcon.colcon_core.environment:checking '/home/haejum-park/2026_IFAC/install/amcl_localization/lib/python3.10/site-packages'
[1.215s] Level 1:colcon.colcon_core.shell:create_environment_hook('amcl_localization', 'pythonpath')
[1.215s] INFO:colcon.colcon_core.shell:Creating environment hook '/home/haejum-park/2026_IFAC/install/amcl_localization/share/amcl_localization/hook/pythonpath.ps1'
[1.215s] INFO:colcon.colcon_core.shell:Creating environment descriptor '/home/haejum-park/2026_IFAC/install/amcl_localization/share/amcl_localization/hook/pythonpath.dsv'
[1.215s] INFO:colcon.colcon_core.shell:Creating environment hook '/home/haejum-park/2026_IFAC/install/amcl_localization/share/amcl_localization/hook/pythonpath.sh'
[1.216s] Level 1:colcon.colcon_core.environment:checking '/home/haejum-park/2026_IFAC/install/amcl_localization/bin'
[1.216s] Level 1:colcon.colcon_core.environment:create_environment_scripts_only(amcl_localization)
[1.216s] INFO:colcon.colcon_core.shell:Creating package script '/home/haejum-park/2026_IFAC/install/amcl_localization/share/amcl_localization/package.ps1'
[1.216s] INFO:colcon.colcon_core.shell:Creating package descriptor '/home/haejum-park/2026_IFAC/install/amcl_localization/share/amcl_localization/package.dsv'
[1.216s] INFO:colcon.colcon_core.shell:Creating package script '/home/haejum-park/2026_IFAC/install/amcl_localization/share/amcl_localization/package.sh'
[1.217s] INFO:colcon.colcon_core.shell:Creating package script '/home/haejum-park/2026_IFAC/install/amcl_localization/share/amcl_localization/package.bash'
[1.217s] INFO:colcon.colcon_core.shell:Creating package script '/home/haejum-park/2026_IFAC/install/amcl_localization/share/amcl_localization/package.zsh'
[1.217s] Level 1:colcon.colcon_core.environment:create_file_with_runtime_dependencies(/home/haejum-park/2026_IFAC/install/amcl_localization/share/colcon-core/packages/amcl_localization)
[1.224s] Level 1:colcon.colcon_core.shell:create_environment_hook('new_map_con', 'pythonpath_develop')
[1.224s] INFO:colcon.colcon_core.shell:Creating environment hook '/home/haejum-park/2026_IFAC/build/new_map_con/share/new_map_con/hook/pythonpath_develop.ps1'
[1.224s] DEBUG:colcon.colcon_core.event_handler.log_command:Invoked command in '/home/haejum-park/2026_IFAC/build/new_map_con' returned '0': PYTHONPATH=/home/haejum-park/2026_IFAC/build/new_map_con/prefix_override:/usr/lib/python3/dist-packages/colcon_core/task/python/colcon_distutils_commands:/home/haejum-park/2026_IFAC/install/new_map_con/lib/python3.10/site-packages:${PYTHONPATH} /usr/bin/python3 -W ignore:setup.py install is deprecated -W ignore:easy_install command is deprecated setup.py develop --editable --build-directory /home/haejum-park/2026_IFAC/build/new_map_con/build --no-deps symlink_data
[1.225s] INFO:colcon.colcon_core.shell:Creating environment descriptor '/home/haejum-park/2026_IFAC/build/new_map_con/share/new_map_con/hook/pythonpath_develop.dsv'
[1.225s] INFO:colcon.colcon_core.shell:Creating environment hook '/home/haejum-park/2026_IFAC/build/new_map_con/share/new_map_con/hook/pythonpath_develop.sh'
[1.225s] Level 1:colcon.colcon_core.environment:checking '/home/haejum-park/2026_IFAC/install/new_map_con' for CMake module files
[1.225s] Level 1:colcon.colcon_core.environment:checking '/home/haejum-park/2026_IFAC/install/new_map_con' for CMake config files
[1.226s] Level 1:colcon.colcon_core.environment:checking '/home/haejum-park/2026_IFAC/install/new_map_con/lib'
[1.226s] Level 1:colcon.colcon_core.environment:checking '/home/haejum-park/2026_IFAC/install/new_map_con/bin'
[1.226s] Level 1:colcon.colcon_core.environment:checking '/home/haejum-park/2026_IFAC/install/new_map_con/lib/pkgconfig/new_map_con.pc'
[1.226s] Level 1:colcon.colcon_core.environment:checking '/home/haejum-park/2026_IFAC/install/new_map_con/lib/python3.10/site-packages'
[1.226s] Level 1:colcon.colcon_core.shell:create_environment_hook('new_map_con', 'pythonpath')
[1.226s] INFO:colcon.colcon_core.shell:Creating environment hook '/home/haejum-park/2026_IFAC/install/new_map_con/share/new_map_con/hook/pythonpath.ps1'
[1.226s] INFO:colcon.colcon_core.shell:Creating environment descriptor '/home/haejum-park/2026_IFAC/install/new_map_con/share/new_map_con/hook/pythonpath.dsv'
[1.227s] INFO:colcon.colcon_core.shell:Creating environment hook '/home/haejum-park/2026_IFAC/install/new_map_con/share/new_map_con/hook/pythonpath.sh'
[1.227s] Level 1:colcon.colcon_core.environment:checking '/home/haejum-park/2026_IFAC/install/new_map_con/bin'
[1.227s] Level 1:colcon.colcon_core.environment:create_environment_scripts_only(new_map_con)
[1.227s] INFO:colcon.colcon_core.shell:Creating package script '/home/haejum-park/2026_IFAC/install/new_map_con/share/new_map_con/package.ps1'
[1.227s] INFO:colcon.colcon_core.shell:Creating package descriptor '/home/haejum-park/2026_IFAC/install/new_map_con/share/new_map_con/package.dsv'
[1.228s] INFO:colcon.colcon_core.shell:Creating package script '/home/haejum-park/2026_IFAC/install/new_map_con/share/new_map_con/package.sh'
[1.228s] INFO:colcon.colcon_core.shell:Creating package script '/home/haejum-park/2026_IFAC/install/new_map_con/share/new_map_con/package.bash'
[1.228s] INFO:colcon.colcon_core.shell:Creating package script '/home/haejum-park/2026_IFAC/install/new_map_con/share/new_map_con/package.zsh'
[1.228s] Level 1:colcon.colcon_core.environment:create_file_with_runtime_dependencies(/home/haejum-park/2026_IFAC/install/new_map_con/share/colcon-core/packages/new_map_con)
[1.229s] Level 1:colcon.colcon_core.shell:create_environment_hook('lap_timer', 'pythonpath_develop')
[1.229s] INFO:colcon.colcon_core.shell:Creating environment hook '/home/haejum-park/2026_IFAC/build/lap_timer/share/lap_timer/hook/pythonpath_develop.ps1'
[1.229s] DEBUG:colcon.colcon_core.event_handler.log_command:Invoked command in '/home/haejum-park/2026_IFAC/build/lap_timer' returned '0': PYTHONPATH=/home/haejum-park/2026_IFAC/build/lap_timer/prefix_override:/usr/lib/python3/dist-packages/colcon_core/task/python/colcon_distutils_commands:/home/haejum-park/2026_IFAC/install/lap_timer/lib/python3.10/site-packages:${PYTHONPATH} /usr/bin/python3 -W ignore:setup.py install is deprecated -W ignore:easy_install command is deprecated setup.py develop --editable --build-directory /home/haejum-park/2026_IFAC/build/lap_timer/build --no-deps symlink_data
[1.229s] INFO:colcon.colcon_core.shell:Creating environment descriptor '/home/haejum-park/2026_IFAC/build/lap_timer/share/lap_timer/hook/pythonpath_develop.dsv'
[1.230s] INFO:colcon.colcon_core.shell:Creating environment hook '/home/haejum-park/2026_IFAC/build/lap_timer/share/lap_timer/hook/pythonpath_develop.sh'
[1.230s] Level 1:colcon.colcon_core.environment:checking '/home/haejum-park/2026_IFAC/install/lap_timer' for CMake module files
[1.230s] Level 1:colcon.colcon_core.environment:checking '/home/haejum-park/2026_IFAC/install/lap_timer' for CMake config files
[1.230s] Level 1:colcon.colcon_core.environment:checking '/home/haejum-park/2026_IFAC/install/lap_timer/lib'
[1.230s] Level 1:colcon.colcon_core.environment:checking '/home/haejum-park/2026_IFAC/install/lap_timer/bin'
[1.230s] Level 1:colcon.colcon_core.environment:checking '/home/haejum-park/2026_IFAC/install/lap_timer/lib/pkgconfig/lap_timer.pc'
[1.231s] Level 1:colcon.colcon_core.environment:checking '/home/haejum-park/2026_IFAC/install/lap_timer/lib/python3.10/site-packages'
[1.231s] Level 1:colcon.colcon_core.shell:create_environment_hook('lap_timer', 'pythonpath')
[1.231s] INFO:colcon.colcon_core.shell:Creating environment hook '/home/haejum-park/2026_IFAC/install/lap_timer/share/lap_timer/hook/pythonpath.ps1'
[1.231s] INFO:colcon.colcon_core.shell:Creating environment descriptor '/home/haejum-park/2026_IFAC/install/lap_timer/share/lap_timer/hook/pythonpath.dsv'
[1.231s] INFO:colcon.colcon_core.shell:Creating environment hook '/home/haejum-park/2026_IFAC/install/lap_timer/share/lap_timer/hook/pythonpath.sh'
[1.231s] Level 1:colcon.colcon_core.environment:checking '/home/haejum-park/2026_IFAC/install/lap_timer/bin'
[1.231s] Level 1:colcon.colcon_core.environment:create_environment_scripts_only(lap_timer)
[1.232s] INFO:colcon.colcon_core.shell:Creating package script '/home/haejum-park/2026_IFAC/install/lap_timer/share/lap_timer/package.ps1'
[1.232s] INFO:colcon.colcon_core.shell:Creating package descriptor '/home/haejum-park/2026_IFAC/install/lap_timer/share/lap_timer/package.dsv'
[1.232s] INFO:colcon.colcon_core.shell:Creating package script '/home/haejum-park/2026_IFAC/install/lap_timer/share/lap_timer/package.sh'
[1.232s] INFO:colcon.colcon_core.shell:Creating package script '/home/haejum-park/2026_IFAC/install/lap_timer/share/lap_timer/package.bash'
[1.232s] INFO:colcon.colcon_core.shell:Creating package script '/home/haejum-park/2026_IFAC/install/lap_timer/share/lap_timer/package.zsh'
[1.233s] Level 1:colcon.colcon_core.environment:create_file_with_runtime_dependencies(/home/haejum-park/2026_IFAC/install/lap_timer/share/colcon-core/packages/lap_timer)
[26.311s] DEBUG:colcon.colcon_core.event_handler.log_command:Invoked command in '/home/haejum-park/2026_IFAC/build/particle_filter_cpp' returned '0': CMAKE_PREFIX_PATH=/home/haejum-park/2026_IFAC/install/wpnt_publisher:/home/haejum-park/2026_IFAC/install/particle_filter_cpp:/home/haejum-park/2026_IFAC/install/global_planner:/home/haejum-park/2026_IFAC/install/new_map_con:/home/haejum-park/2026_IFAC/install/lap_timer:/home/haejum-park/sim_ws/install/f1tenth_gym_ros:/home/haejum-park/install/launch_testing_examples:/home/haejum-park/install/examples_rclpy_pointcloud_publisher:/home/haejum-park/install/examples_rclpy_minimal_subscriber:/home/haejum-park/install/examples_rclpy_minimal_service:/home/haejum-park/install/examples_rclpy_minimal_publisher:/home/haejum-park/install/examples_rclpy_minimal_client:/home/haejum-park/install/examples_rclpy_minimal_action_server:/home/haejum-park/install/examples_rclpy_minimal_action_client:/home/haejum-park/install/examples_rclpy_guard_conditions:/home/haejum-park/install/examples_rclpy_executors:/opt/ros/humble:/home/haejum-park/2026_IFAC/install/f110_msgs:/home/haejum-park/sim_ws/install/wall_follow:/home/haejum-park/sim_ws/install/lab5_pkg:/home/haejum-park/sim_ws/install/homework:/home/haejum-park/sim_ws/install/gap_follow:/home/haejum-park/install/wall_follow:/home/haejum-park/install/my_new_package:/home/haejum-park/install/homework:/home/haejum-park/install/gap_follow:/home/haejum-park/install/examples_rclcpp_wait_set:/home/haejum-park/install/examples_rclcpp_multithreaded_executor:/home/haejum-park/install/examples_rclcpp_minimal_timer:/home/haejum-park/install/examples_rclcpp_minimal_subscriber:/home/haejum-park/install/examples_rclcpp_minimal_service:/home/haejum-park/install/examples_rclcpp_minimal_publisher:/home/haejum-park/install/examples_rclcpp_minimal_composition:/home/haejum-park/install/examples_rclcpp_minimal_client:/home/haejum-park/install/examples_rclcpp_minimal_action_server:/home/haejum-park/install/examples_rclcpp_minimal_action_client:/home/haejum-park/install/examples_rclcpp_cbg_executor:/home/haejum-park/install/examples_rclcpp_async_client /usr/bin/cmake --build /home/haejum-park/2026_IFAC/build/particle_filter_cpp -- -j14 -l14
[26.312s] DEBUG:colcon.colcon_core.event_handler.log_command:Invoking command in '/home/haejum-park/2026_IFAC/build/particle_filter_cpp': CMAKE_PREFIX_PATH=/home/haejum-park/2026_IFAC/install/wpnt_publisher:/home/haejum-park/2026_IFAC/install/particle_filter_cpp:/home/haejum-park/2026_IFAC/install/global_planner:/home/haejum-park/2026_IFAC/install/new_map_con:/home/haejum-park/2026_IFAC/install/lap_timer:/home/haejum-park/sim_ws/install/f1tenth_gym_ros:/home/haejum-park/install/launch_testing_examples:/home/haejum-park/install/examples_rclpy_pointcloud_publisher:/home/haejum-park/install/examples_rclpy_minimal_subscriber:/home/haejum-park/install/examples_rclpy_minimal_service:/home/haejum-park/install/examples_rclpy_minimal_publisher:/home/haejum-park/install/examples_rclpy_minimal_client:/home/haejum-park/install/examples_rclpy_minimal_action_server:/home/haejum-park/install/examples_rclpy_minimal_action_client:/home/haejum-park/install/examples_rclpy_guard_conditions:/home/haejum-park/install/examples_rclpy_executors:/opt/ros/humble:/home/haejum-park/2026_IFAC/install/f110_msgs:/home/haejum-park/sim_ws/install/wall_follow:/home/haejum-park/sim_ws/install/lab5_pkg:/home/haejum-park/sim_ws/install/homework:/home/haejum-park/sim_ws/install/gap_follow:/home/haejum-park/install/wall_follow:/home/haejum-park/install/my_new_package:/home/haejum-park/install/homework:/home/haejum-park/install/gap_follow:/home/haejum-park/install/examples_rclcpp_wait_set:/home/haejum-park/install/examples_rclcpp_multithreaded_executor:/home/haejum-park/install/examples_rclcpp_minimal_timer:/home/haejum-park/install/examples_rclcpp_minimal_subscriber:/home/haejum-park/install/examples_rclcpp_minimal_service:/home/haejum-park/install/examples_rclcpp_minimal_publisher:/home/haejum-park/install/examples_rclcpp_minimal_composition:/home/haejum-park/install/examples_rclcpp_minimal_client:/home/haejum-park/install/examples_rclcpp_minimal_action_server:/home/haejum-park/install/examples_rclcpp_minimal_action_client:/home/haejum-park/install/examples_rclcpp_cbg_executor:/home/haejum-park/install/examples_rclcpp_async_client /usr/bin/cmake --install /home/haejum-park/2026_IFAC/build/particle_filter_cpp
[26.324s] Level 1:colcon.colcon_core.environment:create_environment_scripts_only(particle_filter_cpp)
[26.324s] Level 1:colcon.colcon_core.environment:checking '/home/haejum-park/2026_IFAC/install/particle_filter_cpp' for CMake module files
[26.325s] DEBUG:colcon.colcon_core.event_handler.log_command:Invoked command in '/home/haejum-park/2026_IFAC/build/particle_filter_cpp' returned '0': CMAKE_PREFIX_PATH=/home/haejum-park/2026_IFAC/install/wpnt_publisher:/home/haejum-park/2026_IFAC/install/particle_filter_cpp:/home/haejum-park/2026_IFAC/install/global_planner:/home/haejum-park/2026_IFAC/install/new_map_con:/home/haejum-park/2026_IFAC/install/lap_timer:/home/haejum-park/sim_ws/install/f1tenth_gym_ros:/home/haejum-park/install/launch_testing_examples:/home/haejum-park/install/examples_rclpy_pointcloud_publisher:/home/haejum-park/install/examples_rclpy_minimal_subscriber:/home/haejum-park/install/examples_rclpy_minimal_service:/home/haejum-park/install/examples_rclpy_minimal_publisher:/home/haejum-park/install/examples_rclpy_minimal_client:/home/haejum-park/install/examples_rclpy_minimal_action_server:/home/haejum-park/install/examples_rclpy_minimal_action_client:/home/haejum-park/install/examples_rclpy_guard_conditions:/home/haejum-park/install/examples_rclpy_executors:/opt/ros/humble:/home/haejum-park/2026_IFAC/install/f110_msgs:/home/haejum-park/sim_ws/install/wall_follow:/home/haejum-park/sim_ws/install/lab5_pkg:/home/haejum-park/sim_ws/install/homework:/home/haejum-park/sim_ws/install/gap_follow:/home/haejum-park/install/wall_follow:/home/haejum-park/install/my_new_package:/home/haejum-park/install/homework:/home/haejum-park/install/gap_follow:/home/haejum-park/install/examples_rclcpp_wait_set:/home/haejum-park/install/examples_rclcpp_multithreaded_executor:/home/haejum-park/install/examples_rclcpp_minimal_timer:/home/haejum-park/install/examples_rclcpp_minimal_subscriber:/home/haejum-park/install/examples_rclcpp_minimal_service:/home/haejum-park/install/examples_rclcpp_minimal_publisher:/home/haejum-park/install/examples_rclcpp_minimal_composition:/home/haejum-park/install/examples_rclcpp_minimal_client:/home/haejum-park/install/examples_rclcpp_minimal_action_server:/home/haejum-park/install/examples_rclcpp_minimal_action_client:/home/haejum-park/install/examples_rclcpp_cbg_executor:/home/haejum-park/install/examples_rclcpp_async_client /usr/bin/cmake --install /home/haejum-park/2026_IFAC/build/particle_filter_cpp
[26.325s] Level 1:colcon.colcon_core.environment:checking '/home/haejum-park/2026_IFAC/install/particle_filter_cpp' for CMake config files
[26.325s] Level 1:colcon.colcon_core.shell:create_environment_hook('particle_filter_cpp', 'cmake_prefix_path')
[26.325s] INFO:colcon.colcon_core.shell:Creating environment hook '/home/haejum-park/2026_IFAC/install/particle_filter_cpp/share/particle_filter_cpp/hook/cmake_prefix_path.ps1'
[26.326s] INFO:colcon.colcon_core.shell:Creating environment descriptor '/home/haejum-park/2026_IFAC/install/particle_filter_cpp/share/particle_filter_cpp/hook/cmake_prefix_path.dsv'
[26.326s] INFO:colcon.colcon_core.shell:Creating environment hook '/home/haejum-park/2026_IFAC/install/particle_filter_cpp/share/particle_filter_cpp/hook/cmake_prefix_path.sh'
[26.326s] Level 1:colcon.colcon_core.environment:checking '/home/haejum-park/2026_IFAC/install/particle_filter_cpp/lib'
[26.326s] Level 1:colcon.colcon_core.shell:create_environment_hook('particle_filter_cpp', 'ld_library_path_lib')
[26.326s] INFO:colcon.colcon_core.shell:Creating environment hook '/home/haejum-park/2026_IFAC/install/particle_filter_cpp/share/particle_filter_cpp/hook/ld_library_path_lib.ps1'
[26.326s] INFO:colcon.colcon_core.shell:Creating environment descriptor '/home/haejum-park/2026_IFAC/install/particle_filter_cpp/share/particle_filter_cpp/hook/ld_library_path_lib.dsv'
[26.327s] INFO:colcon.colcon_core.shell:Creating environment hook '/home/haejum-park/2026_IFAC/install/particle_filter_cpp/share/particle_filter_cpp/hook/ld_library_path_lib.sh'
[26.327s] Level 1:colcon.colcon_core.environment:checking '/home/haejum-park/2026_IFAC/install/particle_filter_cpp/bin'
[26.327s] Level 1:colcon.colcon_core.environment:checking '/home/haejum-park/2026_IFAC/install/particle_filter_cpp/lib/pkgconfig/particle_filter_cpp.pc'
[26.327s] Level 1:colcon.colcon_core.environment:checking '/home/haejum-park/2026_IFAC/install/particle_filter_cpp/lib/python3.10/site-packages'
[26.327s] Level 1:colcon.colcon_core.environment:checking '/home/haejum-park/2026_IFAC/install/particle_filter_cpp/bin'
[26.327s] INFO:colcon.colcon_core.shell:Creating package script '/home/haejum-park/2026_IFAC/install/particle_filter_cpp/share/particle_filter_cpp/package.ps1'
[26.327s] INFO:colcon.colcon_core.shell:Creating package descriptor '/home/haejum-park/2026_IFAC/install/particle_filter_cpp/share/particle_filter_cpp/package.dsv'
[26.328s] INFO:colcon.colcon_core.shell:Creating package script '/home/haejum-park/2026_IFAC/install/particle_filter_cpp/share/particle_filter_cpp/package.sh'
[26.328s] INFO:colcon.colcon_core.shell:Creating package script '/home/haejum-park/2026_IFAC/install/particle_filter_cpp/share/particle_filter_cpp/package.bash'
[26.328s] INFO:colcon.colcon_core.shell:Creating package script '/home/haejum-park/2026_IFAC/install/particle_filter_cpp/share/particle_filter_cpp/package.zsh'
[26.328s] Level 1:colcon.colcon_core.environment:create_file_with_runtime_dependencies(/home/haejum-park/2026_IFAC/install/particle_filter_cpp/share/colcon-core/packages/particle_filter_cpp)
[26.328s] Level 1:colcon.colcon_core.environment:create_environment_scripts_only(particle_filter_cpp)
[26.329s] Level 1:colcon.colcon_core.environment:checking '/home/haejum-park/2026_IFAC/install/particle_filter_cpp' for CMake module files
[26.329s] Level 1:colcon.colcon_core.environment:checking '/home/haejum-park/2026_IFAC/install/particle_filter_cpp' for CMake config files
[26.329s] Level 1:colcon.colcon_core.shell:create_environment_hook('particle_filter_cpp', 'cmake_prefix_path')
[26.329s] INFO:colcon.colcon_core.shell:Creating environment hook '/home/haejum-park/2026_IFAC/install/particle_filter_cpp/share/particle_filter_cpp/hook/cmake_prefix_path.ps1'
[26.329s] INFO:colcon.colcon_core.shell:Creating environment descriptor '/home/haejum-park/2026_IFAC/install/particle_filter_cpp/share/particle_filter_cpp/hook/cmake_prefix_path.dsv'
[26.329s] INFO:colcon.colcon_core.shell:Creating environment hook '/home/haejum-park/2026_IFAC/install/particle_filter_cpp/share/particle_filter_cpp/hook/cmake_prefix_path.sh'
[26.330s] Level 1:colcon.colcon_core.environment:checking '/home/haejum-park/2026_IFAC/install/particle_filter_cpp/lib'
[26.330s] Level 1:colcon.colcon_core.shell:create_environment_hook('particle_filter_cpp', 'ld_library_path_lib')
[26.330s] INFO:colcon.colcon_core.shell:Creating environment hook '/home/haejum-park/2026_IFAC/install/particle_filter_cpp/share/particle_filter_cpp/hook/ld_library_path_lib.ps1'
[26.330s] INFO:colcon.colcon_core.shell:Creating environment descriptor '/home/haejum-park/2026_IFAC/install/particle_filter_cpp/share/particle_filter_cpp/hook/ld_library_path_lib.dsv'
[26.330s] INFO:colcon.colcon_core.shell:Creating environment hook '/home/haejum-park/2026_IFAC/install/particle_filter_cpp/share/particle_filter_cpp/hook/ld_library_path_lib.sh'
[26.330s] Level 1:colcon.colcon_core.environment:checking '/home/haejum-park/2026_IFAC/install/particle_filter_cpp/bin'
[26.330s] Level 1:colcon.colcon_core.environment:checking '/home/haejum-park/2026_IFAC/install/particle_filter_cpp/lib/pkgconfig/particle_filter_cpp.pc'
[26.330s] Level 1:colcon.colcon_core.environment:checking '/home/haejum-park/2026_IFAC/install/particle_filter_cpp/lib/python3.10/site-packages'
[26.331s] Level 1:colcon.colcon_core.environment:checking '/home/haejum-park/2026_IFAC/install/particle_filter_cpp/bin'
[26.331s] INFO:colcon.colcon_core.shell:Creating package script '/home/haejum-park/2026_IFAC/install/particle_filter_cpp/share/particle_filter_cpp/package.ps1'
[26.331s] INFO:colcon.colcon_core.shell:Creating package descriptor '/home/haejum-park/2026_IFAC/install/particle_filter_cpp/share/particle_filter_cpp/package.dsv'
[26.331s] INFO:colcon.colcon_core.shell:Creating package script '/home/haejum-park/2026_IFAC/install/particle_filter_cpp/share/particle_filter_cpp/package.sh'
[26.331s] INFO:colcon.colcon_core.shell:Creating package script '/home/haejum-park/2026_IFAC/install/particle_filter_cpp/share/particle_filter_cpp/package.bash'
[26.332s] INFO:colcon.colcon_core.shell:Creating package script '/home/haejum-park/2026_IFAC/install/particle_filter_cpp/share/particle_filter_cpp/package.zsh'
[26.332s] Level 1:colcon.colcon_core.environment:create_file_with_runtime_dependencies(/home/haejum-park/2026_IFAC/install/particle_filter_cpp/share/colcon-core/packages/particle_filter_cpp)
[26.332s] DEBUG:colcon.colcon_parallel_executor.executor.parallel:closing loop
[26.332s] DEBUG:colcon.colcon_parallel_executor.executor.parallel:loop closed
[26.332s] DEBUG:colcon.colcon_parallel_executor.executor.parallel:run_until_complete finished with '0'
[26.332s] DEBUG:colcon.colcon_core.event_reactor:joining thread
[26.337s] INFO:colcon.colcon_core.plugin_system:Skipping extension 'colcon_notification.desktop_notification.notify_send': Could not find 'notify-send'
[26.337s] INFO:colcon.colcon_core.plugin_system:Skipping extension 'colcon_notification.desktop_notification.terminal_notifier': Not used on non-Darwin systems
[26.337s] INFO:colcon.colcon_core.plugin_system:Skipping extension 'colcon_notification.desktop_notification.win32': Not used on non-Windows systems
[26.337s] INFO:colcon.colcon_notification.desktop_notification:Sending desktop notification using 'notify2'
[26.351s] DEBUG:colcon.colcon_core.event_reactor:joined thread
[26.351s] INFO:colcon.colcon_core.shell:Creating prefix script '/home/haejum-park/2026_IFAC/install/local_setup.ps1'
[26.352s] INFO:colcon.colcon_core.shell:Creating prefix util module '/home/haejum-park/2026_IFAC/install/_local_setup_util_ps1.py'
[26.353s] INFO:colcon.colcon_core.shell:Creating prefix chain script '/home/haejum-park/2026_IFAC/install/setup.ps1'
[26.355s] INFO:colcon.colcon_core.shell:Creating prefix script '/home/haejum-park/2026_IFAC/install/local_setup.sh'
[26.355s] INFO:colcon.colcon_core.shell:Creating prefix util module '/home/haejum-park/2026_IFAC/install/_local_setup_util_sh.py'
[26.355s] INFO:colcon.colcon_core.shell:Creating prefix chain script '/home/haejum-park/2026_IFAC/install/setup.sh'
[26.357s] INFO:colcon.colcon_core.shell:Creating prefix script '/home/haejum-park/2026_IFAC/install/local_setup.bash'
[26.357s] INFO:colcon.colcon_core.shell:Creating prefix chain script '/home/haejum-park/2026_IFAC/install/setup.bash'
[26.358s] INFO:colcon.colcon_core.shell:Creating prefix script '/home/haejum-park/2026_IFAC/install/local_setup.zsh'
[26.359s] INFO:colcon.colcon_core.shell:Creating prefix chain script '/home/haejum-park/2026_IFAC/install/setup.zsh'
