dataset_role,development_oracle_selected,split_seed,split_algorithm_version,split_uses_oracle_outcomes,source_eligible_manifest_sha256,rank,episode_id,bag,elapsed_s,ros_time_ns,callback_sequence,evaluation_sequence,evaluation_role,clearance_pass,episode_offset_callbacks,ego_s_m,ego_d_m,ego_speed_mps,waypoint0_footprint_margin_m,waypoint0_footprint_margin_min_m,waypoint0_valid_returned_candidate_count,returned_candidate_count_with_waypoint0,production_constructed_candidate_count,production_returned_candidate_count,production_hard_valid_count,lifecycle_state,lifecycle_owner,safe_stop,safe_stop_active_previous_callback,fallback_reason,invalidation_reason,obstacle_count,obstacle_summary,input_snapshot_id,ego_snapshot_id,obstacle_snapshot_id,reference_snapshot_id,source_stamp_ns,obstacle_sequence,source_epoch,reference_generation,candidate_lineage_exact,candidate_path_digest_count,generator_stages,templates,first_failure_distribution,localization_label,localization_temporal_coverage,localization_join_offset_ms,pose_sample_gap_ms,distance_jump_m,unwrapped_dyaw_rad,backward_s_jump_m,abs_d_jump_m,localization_max_empirical_percentile,before_safe_stop_or_boundary_degradation,episode_start_before_preexisting_safe_stop_or_boundary_degradation,plan_evaluation_precedes_same_callback_fallback,exact_input_lineage_verification,obstacle_side_bin,obstacle_count_bin,obstacle_max_width_m,obstacle_width_bin,ego_speed_bin,reference_curvature_radpm,reference_curvature_abs_bin,reference_curvature_sign_bin,lifecycle_context_bin,pilot_event_id
PILOT_SEEN_DEVELOPMENT_DATA,False,p3_mapping_research_corpus_v1_seed_20260830,episode_iterative_stratification_v1,False,257577c116eb07064e5a3cc367b660a9eee4f5f26460b3582af2afc7205145b0,7,rosbag2_2026_08_24-19_00_30__EP0069,rosbag2_2026_08_24-19_00_30,552.200231483,1787566182340404457,19683,2,PLAN_PRIMARY,STRICT,0,0.6960327109381257,0.01025702800631967,0,0.6741798756689402,0.6741798756689402,2,2,2,2,0,IDLE,P0_BACKUP_ONLY,True,False,NO_HARD_VALID_M1_CANDIDATE,,3,"[{""d_center"":0.06875780352648705,""d_left"":0.08041860705208352,""d_right"":0.05703209172825144,""id"":79,""is_static"":true,""is_visible"":true,""s_center"":0.9219455042707978,""s_end"":0.9304951667200441,""s_start"":0.9133958418215515},{""d_center"":-0.5023179291249239,""d_left"":-0.3369776627993938,""d_right"":-0.670750326068339,""id"":85,""is_static"":true,""is_visible"":true,""s_center"":1.1944819129992421,""s_end"":1.3704537330696025,""s_start"":1.0185100929288817},{""d_center"":0.2387110394810606,""d_left"":0.33585096920821694,""d_right"":0.1409740260287423,""id"":79,""is_static"":true,""is_visible"":true,""s_center"":3.7699170327284808,""s_end"":3.8704298240572443,""s_start"":3.669404241399717}]",input_5d2a7fc65a9acf60,ego_c2651cfae2a2aef2,obs_66be48f5ca780bcd,ref_3f5d487564f4ee3d,1787566182309154131,7417,2,1,True,2,"{""M1"": 2}","{""ZERO_BOUNDARY_SHORT"": 1, ""ZERO_BOUNDARY_SPAN"": 1}","{""shifted race line exceeds right control steering curvature"": 2}",LOC_UNKNOWN,ACCEPTABLE_NOT_A_QUALITY_LABEL,-11.590319,19.742364,0.013508257158101139,0.001724765297510977,0.013617708373181658,0.0006078104872305704,0.9568855686819551,False,True,True,PASS_IDS_AND_CANDIDATE_DIGEST_SET,MIXED_OR_CENTER,THREE_PLUS,0.33377266326894517,MEDIUM,STOPPED,0.659405264656562,MEDIUM,POSITIVE,IDLE__P0_BACKUP_ONLY,V2E07
PILOT_SEEN_DEVELOPMENT_DATA,False,p3_mapping_research_corpus_v1_seed_20260830,episode_iterative_stratification_v1,False,257577c116eb07064e5a3cc367b660a9eee4f5f26460b3582af2afc7205145b0,5,rosbag2_2026_08_24-19_00_30__EP0077,rosbag2_2026_08_24-19_00_30,577.84009522,1787566207980268194,20689,2,PLAN_PRIMARY,STRICT,0,2.0759280031825122,-0.8184324002988727,0,0.028934894684715474,0.028934894684715474,2,2,2,2,0,IDLE,P0_BACKUP_ONLY,True,False,BOUNDARY_HANDOFF_UNRESOLVED,,2,"[{""d_center"":0.28226286304113646,""d_left"":0.3071422088901848,""d_right"":0.2573835171920882,""id"":79,""is_static"":true,""is_visible"":true,""s_center"":1.213026199261966,""s_end"":1.2608294368844053,""s_start"":1.1652229616395267},{""d_center"":0.30145830750993635,""d_left"":0.5022103296603543,""d_right"":0.09990961483831198,""id"":104,""is_static"":true,""is_visible"":true,""s_center"":2.8622599081177222,""s_end"":3.0854467311927865,""s_start"":2.639073085042658}]",input_ff0e4aabe90dd592,ego_a0caf5c61a06d65c,obs_df6fd9330849475b,ref_3f5d487564f4ee3d,1787566207919257596,8317,2,1,True,2,"{""M1"": 2}","{""ZERO_BOUNDARY_SHORT"": 1, ""ZERO_BOUNDARY_SPAN"": 1}","{""quintic d-offset exceeds maximum_lateral_slope"": 2}",LOC_UNKNOWN,ACCEPTABLE_NOT_A_QUALITY_LABEL,-11.080744,20.694164,0.0014425829960338686,-1.190180924770523e-05,0.001069054540580261,0.00021066472006148196,0.849345610377577,False,True,True,PASS_IDS_AND_CANDIDATE_DIGEST_SET,LEFT,TWO,0.4023007148220423,MEDIUM,STOPPED,0.4460251252637153,MEDIUM,POSITIVE,IDLE__P0_BACKUP_ONLY,V2E05
PILOT_SEEN_DEVELOPMENT_DATA,False,p3_mapping_research_corpus_v1_seed_20260830,episode_iterative_stratification_v1,False,257577c116eb07064e5a3cc367b660a9eee4f5f26460b3582af2afc7205145b0,6,rosbag2_2026_08_24-19_00_30__EP0100,rosbag2_2026_08_24-19_00_30,786.320082278,1787566416460255252,28885,2,PLAN_PRIMARY,STRICT,0,34.22626821054426,-0.4799868780324462,0,0.46442433563966284,0.419305284673079,16,16,22,16,0,IDLE,P0_BACKUP_ONLY,True,False,no static obstacle blocks the global race line,,3,"[{""d_center"":-0.32051204444659487,""d_left"":-0.30630765073311733,""d_right"":-0.334330985555709,""id"":189,""is_static"":true,""is_visible"":true,""s_center"":34.356326687295294,""s_end"":34.3710863174571,""s_start"":34.34156705713349},{""d_center"":0.6456821036882311,""d_left"":1.0471744520694521,""d_right"":0.270604889391889,""id"":192,""is_static"":true,""is_visible"":true,""s_center"":37.36481937220273,""s_end"":37.91403297610322,""s_start"":36.81560576830224},{""d_center"":-0.11501895159181824,""d_left"":-0.10838287593008206,""d_right"":-0.12146790418236997,""id"":185,""is_static"":true,""is_visible"":false,""s_center"":38.84321126938439,""s_end"":38.85005030824668,""s_start"":38.8363722305221}]",input_fe84e355d169104f,ego_8268cc3fba5172b1,obs_6336a74e373c764d,ref_3f5d487564f4ee3d,1787566416418151145,12308,2,1,True,22,"{""M0_V1"": 6, ""M0_V2"": 9, ""M1"": 7}","{""BRANCH_AWARE_ANALYTIC_ROOT"": 1, ""FAR_SPAN"": 2, ""FROZEN_V1_CURVATURE_CONTINUITY"": 6, ""NEAR_LONG"": 1, ""ZERO_BOUNDARY_SHORT"": 2, ""ZERO_BOUNDARY_SPAN"": 2, ""ZERO_INTERFACE_BOUNDARY_INSET"": 2, ""ZERO_INTERFACE_CENTER_LONG_EXIT"": 2, ""ZERO_INTERFACE_QUARTER_LONG_EXIT"": 2, ""ZERO_INTERFACE_QUARTER_SCALE"": 2}","{""d-offset intersects an inflated static-obstacle box"": 22}",LOC_UNKNOWN,ACCEPTABLE_NOT_A_QUALITY_LABEL,7.485597,29.864786000000002,0.004677948222740763,-0.001629112353795481,0.0036497802788986178,0.0007056580283819058,0.9060400741255501,False,True,True,PASS_IDS_AND_CANDIDATE_DIGEST_SET,MIXED_OR_CENTER,THREE_PLUS,0.7765695626775632,WIDE,STOPPED,0.6730946095956967,MEDIUM,POSITIVE,IDLE__P0_BACKUP_ONLY,V2E06
PILOT_SEEN_DEVELOPMENT_DATA,False,p3_mapping_research_corpus_v1_seed_20260830,episode_iterative_stratification_v1,False,257577c116eb07064e5a3cc367b660a9eee4f5f26460b3582af2afc7205145b0,2,rosbag2_2026_08_24-19_00_30__EP0103,rosbag2_2026_08_24-19_00_30,920.020217297,1787566550160390271,33976,2,PLAN_PRIMARY,STRICT,0,14.502267334817523,0.04971217579528224,0,0.630875767594429,0.6044804208870922,3,3,3,3,0,IDLE,P0_BACKUP_ONLY,True,False,BOUNDARY_HANDOFF_UNRESOLVED,,1,"[{""d_center"":-0.2712142568448862,""d_left"":-0.21161278078956397,""d_right"":-0.33081573290020844,""id"":228,""is_static"":true,""is_visible"":true,""s_center"":14.793834446851879,""s_end"":14.90220907502798,""s_start"":14.685459818675778}]",input_645b00b881df6758,ego_b58db822e7396c3d,obs_53c472e6879e97d8,ref_3f5d487564f4ee3d,1787566550116850084,13406,2,1,True,3,"{""M1"": 3}","{""NEAR_LONG"": 1, ""ZERO_BOUNDARY_SHORT"": 1, ""ZERO_BOUNDARY_SPAN"": 1}","{""quintic d-offset exceeds maximum_lateral_slope"": 1, ""shifted race line exceeds right control steering curvature"": 2}",LOC_UNKNOWN,ACCEPTABLE_NOT_A_QUALITY_LABEL,6.025670000000001,29.65848,0.003165793835799498,-0.0013151324820364074,0.0,0.002858621505812814,0.6698517488996989,False,True,True,PASS_IDS_AND_CANDIDATE_DIGEST_SET,RIGHT,ONE,0.11920295211064447,NARROW,STOPPED,-7.692898338592759e-16,LOW,NEAR_ZERO,IDLE__P0_BACKUP_ONLY,V2E02
PILOT_SEEN_DEVELOPMENT_DATA,False,p3_mapping_research_corpus_v1_seed_20260830,episode_iterative_stratification_v1,False,257577c116eb07064e5a3cc367b660a9eee4f5f26460b3582af2afc7205145b0,1,rosbag2_2026_08_24-19_24_17__EP0068,rosbag2_2026_08_24-19_24_17,721.860092154,1787567779600626439,28019,2,PLAN_PRIMARY,STRICT,0,5.827397535555104,-0.3587080756319552,0.1831657178522401,0.41309809353426247,0.40109495762985575,3,3,9,3,0,IDLE,P0_BACKUP_ONLY,True,False,BOUNDARY_HANDOFF_UNRESOLVED,,1,"[{""d_center"":-0.2177812582058834,""d_left"":-0.20833889746438952,""d_right"":-0.22687960954981945,""id"":145,""is_static"":true,""is_visible"":true,""s_center"":5.980465651496221,""s_end"":5.992197147040774,""s_start"":5.968734155951668}]",input_a8ec4988462399a8,ego_990e2e93806512d0,obs_2e1448b268b59468,ref_3f5d487564f4ee3d,1787567779563757177,15550,2,1,True,9,"{""M0_V1"": 6, ""M1"": 3}","{""FROZEN_V1_CURVATURE_CONTINUITY"": 6, ""NEAR_LONG"": 1, ""ZERO_BOUNDARY_SHORT"": 1, ""ZERO_BOUNDARY_SPAN"": 1}","{""footprint_track_bound"": 4, ""shifted race line exceeds left control steering curvature"": 4, ""shifted race line exceeds right control steering curvature"": 1}",LOC_UNKNOWN,ACCEPTABLE_NOT_A_QUALITY_LABEL,-13.460524999999999,21.959,0.0016401250480703215,1.185462924574443e-06,0.0,0.0004711432966039708,0.6477769824226517,False,True,True,PASS_IDS_AND_CANDIDATE_DIGEST_SET,RIGHT,ONE,0.018540712085429928,NARROW,LOW,0.23638448673222853,LOW,POSITIVE,IDLE__P0_BACKUP_ONLY,V2E01
PILOT_SEEN_DEVELOPMENT_DATA,False,p3_mapping_research_corpus_v1_seed_20260830,episode_iterative_stratification_v1,False,257577c116eb07064e5a3cc367b660a9eee4f5f26460b3582af2afc7205145b0,8,rosbag2_2026_08_25-09_23_32__EP0001,rosbag2_2026_08_25-09_23_32,6.410459678,1787617418821476652,358,2,PLAN_PRIMARY,STRICT,0,14.69679581265768,-0.008081264823471103,0,0.569763957993068,0.5549218154612722,3,3,9,3,0,IDLE,P0_BACKUP_ONLY,True,False,BOUNDARY_HANDOFF_UNRESOLVED,,1,"[{""d_center"":0.5183096106548408,""d_left"":0.8088555143865337,""d_right"":0.2277637069231479,""id"":110,""is_static"":true,""is_visible"":true,""s_center"":14.883890628588738,""s_end"":15.086168010789633,""s_start"":14.681613246387842}]",input_c188350a33bf060b,ego_6e54d6b4942b4df9,obs_9e69e85fcbed6bfe,ref_4dc0768eb37d9590,1787617418775362888,135,2,1,True,9,"{""M0_V1"": 6, ""M1"": 3}","{""FROZEN_V1_CURVATURE_CONTINUITY"": 6, ""NEAR_LONG"": 1, ""ZERO_BOUNDARY_SHORT"": 1, ""ZERO_BOUNDARY_SPAN"": 1}","{""quintic d-offset exceeds maximum_lateral_slope"": 1, ""shifted race line exceeds left control steering curvature"": 8}",LOC_UNKNOWN,ACCEPTABLE_NOT_A_QUALITY_LABEL,3.280457,19.231668,0.004999554380612411,0.0005019374166827518,0.004822813293253958,0.0013175795775316945,0.9771134983652499,False,True,True,PASS_IDS_AND_CANDIDATE_DIGEST_SET,LEFT,ONE,0.5810918074633857,WIDE,STOPPED,9.890869292476419e-16,LOW,NEAR_ZERO,IDLE__P0_BACKUP_ONLY,V2E08
PILOT_SEEN_DEVELOPMENT_DATA,False,p3_mapping_research_corpus_v1_seed_20260830,episode_iterative_stratification_v1,False,257577c116eb07064e5a3cc367b660a9eee4f5f26460b3582af2afc7205145b0,3,rosbag2_2026_08_25-09_59_22__EP0012,rosbag2_2026_08_25-09_59_22,157.790274414,1787619720016332899,6394,2,PLAN_PRIMARY,STRICT,0,23.434472774298154,-0.08101656681306549,0,0.2645634918555904,0.2297283237826667,3,3,9,3,0,IDLE,P0_BACKUP_ONLY,True,False,BOUNDARY_HANDOFF_UNRESOLVED,,1,"[{""d_center"":-0.14285637377915975,""d_left"":-0.04466548552656868,""d_right"":-0.2427860675751121,""id"":54,""is_static"":true,""is_visible"":true,""s_center"":23.839594528893358,""s_end"":23.896072411809158,""s_start"":23.783116645977557}]",input_24190b2cad858546,ego_5aad1456e138fa99,obs_5de923c94deee105,ref_4dc0768eb37d9590,1787619719982960006,2765,2,1,True,9,"{""M0_V1"": 6, ""M1"": 3}","{""FROZEN_V1_CURVATURE_CONTINUITY"": 6, ""NEAR_LONG"": 1, ""ZERO_BOUNDARY_SHORT"": 1, ""ZERO_BOUNDARY_SPAN"": 1}","{""quintic d-offset exceeds maximum_lateral_slope"": 3, ""shifted race line exceeds left control steering curvature"": 2, ""shifted race line exceeds right control steering curvature"": 4}",LOC_UNKNOWN,ACCEPTABLE_NOT_A_QUALITY_LABEL,-4.0729820000000005,30.03577,0.0013608427388391543,0.00018030072054209256,0.0006036730659353395,0.0012121871038663634,0.7668021852369458,False,True,True,PASS_IDS_AND_CANDIDATE_DIGEST_SET,RIGHT,ONE,0.1981205820485434,NARROW,STOPPED,0.4064701055805214,MEDIUM,POSITIVE,IDLE__P0_BACKUP_ONLY,V2E03
PILOT_SEEN_DEVELOPMENT_DATA,False,p3_mapping_research_corpus_v1_seed_20260830,episode_iterative_stratification_v1,False,257577c116eb07064e5a3cc367b660a9eee4f5f26460b3582af2afc7205145b0,9,rosbag2_2026_08_25-09_59_22__EP0032,rosbag2_2026_08_25-09_59_22,538.290114425,1787620100516172910,20095,2,PLAN_PRIMARY,STRICT,0,43.809683053995904,0.021796703726082802,0.28096247647390815,0.5303812848660122,0.530304915855272,2,2,2,2,0,IDLE,P0_BACKUP_ONLY,True,False,BOUNDARY_HANDOFF_UNRESOLVED,,1,"[{""d_center"":0.3151254707398029,""d_left"":0.4333394457517824,""d_right"":0.19715016544845712,""id"":319,""is_static"":true,""is_visible"":true,""s_center"":44.192105622431406,""s_end"":44.29405096370391,""s_start"":44.0901602811589}]",input_41612a91b96e6838,ego_3be254b1e844ebd0,obs_8686dbf1d67609d0,ref_4dc0768eb37d9590,1787620100478897017,11706,2,1,True,2,"{""M1"": 2}","{""ZERO_BOUNDARY_SHORT"": 1, ""ZERO_BOUNDARY_SPAN"": 1}","{""shifted race line exceeds left control steering curvature"": 2}",LOC_UNKNOWN,ACCEPTABLE_NOT_A_QUALITY_LABEL,-6.435661,31.625180000000004,0.001715400349536084,-0.0006213390188305468,0.0,0.0012137947062250166,0.9788146360055902,False,True,True,PASS_IDS_AND_CANDIDATE_DIGEST_SET,LEFT,ONE,0.23618928030332528,MEDIUM,LOW,0.3079236086367514,MEDIUM,POSITIVE,IDLE__P0_BACKUP_ONLY,V2E09
PILOT_SEEN_DEVELOPMENT_DATA,False,p3_mapping_research_corpus_v1_seed_20260830,episode_iterative_stratification_v1,False,257577c116eb07064e5a3cc367b660a9eee4f5f26460b3582af2afc7205145b0,4,rosbag2_2026_08_25-09_59_22__EP0035,rosbag2_2026_08_25-09_59_22,671.170114851,1787620233396173336,25383,2,PLAN_PRIMARY,STRICT,0,8.3353792118186,1.1225748368727917,0,0.01923443372142075,0.01911474603674934,6,6,6,6,0,IDLE,P0_BACKUP_ONLY,True,False,NO_HARD_VALID_M1_CANDIDATE,,1,"[{""d_center"":-0.44092950664246766,""d_left"":-0.191441099444064,""d_right"":-0.6898898438638759,""id"":445,""is_static"":true,""is_visible"":true,""s_center"":21.000203322568016,""s_end"":21.11111445740515,""s_start"":20.88929218773088}]",input_c3ff4ba7f2e4a225,ego_00b8ffdde7cd5cd0,obs_5b80cc6b78418464,ref_4dc0768eb37d9590,1787620233341807864,15450,2,1,True,6,"{""M0_V2"": 4, ""M1"": 2}","{""ZERO_BOUNDARY_SHORT"": 1, ""ZERO_BOUNDARY_SPAN"": 1, ""ZERO_INTERFACE_BOUNDARY_INSET"": 1, ""ZERO_INTERFACE_CENTER_LONG_EXIT"": 1, ""ZERO_INTERFACE_QUARTER_LONG_EXIT"": 1, ""ZERO_INTERFACE_QUARTER_SCALE"": 1}","{""footprint_track_bound"": 6}",LOC_UNKNOWN,ACCEPTABLE_NOT_A_QUALITY_LABEL,-5.214701000000001,19.993398,3.918945701405921e-05,4.655385604916684e-05,3.897470818436943e-05,4.097030990024564e-06,0.7921483928344556,False,True,True,PASS_IDS_AND_CANDIDATE_DIGEST_SET,RIGHT,ONE,0.49844874441981185,MEDIUM,STOPPED,-1.4286811200243574e-15,LOW,NEAR_ZERO,IDLE__P0_BACKUP_ONLY,V2E04
DEVELOPMENT,False,p3_mapping_research_corpus_v1_seed_20260830,episode_iterative_stratification_v1,False,257577c116eb07064e5a3cc367b660a9eee4f5f26460b3582af2afc7205145b0,193,rosbag2_2026_08_24-19_00_30__EP0003,rosbag2_2026_08_24-19_00_30,300.640084366,1787565930780257340,11405,1,PLAN_PRIMARY,STRICT,328,21.435159804381165,-1.10338681076523,0,0.0011877458396971977,-0.011907906896133157,2,4,10,4,0,IDLE,P0_BACKUP_ONLY,True,True,OBSTACLE_SOURCE_STALE,,1,"[{""d_center"":-0.084555629215071,""d_left"":0.039277207257504526,""d_right"":-0.20838846568764652,""id"":0,""is_static"":true,""is_visible"":true,""s_center"":23.38519969784716,""s_end"":23.483174402024975,""s_start"":23.287224993669344}]",input_494def741d3fca80,ego_384b358172d9c651,obs_b4d71df12210a038,ref_3f5d487564f4ee3d,1787565929061449391,430,2,1,True,10,"{""M0_V1"": 6, ""M1"": 4}","{""FROZEN_V1_CURVATURE_CONTINUITY"": 6, ""ZERO_BOUNDARY_SHORT"": 2, ""ZERO_BOUNDARY_SPAN"": 2}","{""footprint_track_bound"": 7, ""quintic d-offset exceeds maximum_lateral_slope"": 3}",LOC_UNKNOWN,ACCEPTABLE_NOT_A_QUALITY_LABEL,14.013772000000001,29.827498000000002,0.00324196225353859,0.0009287571441309872,0.0,0.0032411641132581437,0.7386784804262219,False,False,True,PASS_IDS_AND_CANDIDATE_DIGEST_SET,RIGHT,ONE,0.24766567294515104,MEDIUM,STOPPED,0.4491012925414909,MEDIUM,POSITIVE,IDLE__P0_BACKUP_ONLY,
DEVELOPMENT,False,p3_mapping_research_corpus_v1_seed_20260830,episode_iterative_stratification_v1,False,257577c116eb07064e5a3cc367b660a9eee4f5f26460b3582af2afc7205145b0,191,rosbag2_2026_08_24-19_00_30__EP0004,rosbag2_2026_08_24-19_00_30,330.180128347,1787565960320301321,11785,1,PLAN_PRIMARY,STRICT,16,21.433405345234718,-1.1044723549020843,0,0.0001565611010943338,-0.0026468479838428136,2,5,11,5,0,IDLE,P0_BACKUP_ONLY,True,True,SAFE_STOP_AUTHORITY,,1,"[{""d_center"":0.22473504212865603,""d_left"":0.3377018246159825,""d_right"":0.11189304177676489,""id"":0,""is_static"":true,""is_visible"":true,""s_center"":23.637721135176214,""s_end"":23.682986418620157,""s_start"":23.59245585173227}]",input_d9c0e79fcbdf1352,ego_d26effbcd3742a6c,obs_88465d5070ee20f1,ref_3f5d487564f4ee3d,1787565960262751930,457,2,1,True,11,"{""M0_V1"": 6, ""M1"": 5}","{""FROZEN_V1_CURVATURE_CONTINUITY"": 6, ""NEAR_LONG"": 1, ""ZERO_BOUNDARY_SHORT"": 2, ""ZERO_BOUNDARY_SPAN"": 2}","{""footprint_track_bound"": 8, ""quintic d-offset exceeds maximum_lateral_slope"": 3}",LOC_UNKNOWN,ACCEPTABLE_NOT_A_QUALITY_LABEL,-8.176054,30.014003000000002,0.0007492251154840715,0.00016480858597844872,0.00039325170644843865,0.00047439454888076327,0.7962705582580496,False,False,True,PASS_IDS_AND_CANDIDATE_DIGEST_SET,LEFT,ONE,0.22580878283921763,MEDIUM,STOPPED,0.4491012925414909,MEDIUM,POSITIVE,IDLE__P0_BACKUP_ONLY,
DEVELOPMENT,True,p3_mapping_research_corpus_v1_seed_20260830,episode_iterative_stratification_v1,False,257577c116eb07064e5a3cc367b660a9eee4f5f26460b3582af2afc7205145b0,81,rosbag2_2026_08_24-19_00_30__EP0009,rosbag2_2026_08_24-19_00_30,431.040090643,1787566061180263617,15245,1,PLAN_PRIMARY,STRICT,0,17.043566844071393,-0.02845353887425944,0,0.6699759136600789,0.6452577098637334,6,6,6,6,0,IDLE,P0_BACKUP_ONLY,True,True,SAFE_STOP_AUTHORITY,,1,"[{""d_center"":0.14834107863464097,""d_left"":0.6888774581532704,""d_right"":-0.39219530088398846,""id"":55,""is_static"":true,""is_visible"":true,""s_center"":17.55967446132672,""s_end"":17.966220983092274,""s_start"":17.153127939561163}]",input_f1b20b049f4f1e7b,ego_3c3fe730b31bbf53,obs_edc4090519e1cef8,ref_3f5d487564f4ee3d,1787566061139605183,3601,2,1,True,6,"{""M0_V2"": 4, ""M1"": 2}","{""ZERO_BOUNDARY_SHORT"": 1, ""ZERO_BOUNDARY_SPAN"": 1, ""ZERO_INTERFACE_BOUNDARY_INSET"": 1, ""ZERO_INTERFACE_CENTER_LONG_EXIT"": 1, ""ZERO_INTERFACE_QUARTER_LONG_EXIT"": 1, ""ZERO_INTERFACE_QUARTER_SCALE"": 1}","{""shifted race line exceeds right control steering curvature"": 6}",LOC_UNKNOWN,ACCEPTABLE_NOT_A_QUALITY_LABEL,10.893108999999999,32.023049,0.0007851472575568127,-0.0004014468076607436,0.00025538632068844436,0.0007424513743371566,0.8032777391707204,False,False,True,PASS_IDS_AND_CANDIDATE_DIGEST_SET,LEFT,ONE,1.0810727590372589,WIDE,STOPPED,7.692898338592898e-16,LOW,NEAR_ZERO,IDLE__P0_BACKUP_ONLY,
DEVELOPMENT,False,p3_mapping_research_corpus_v1_seed_20260830,episode_iterative_stratification_v1,False,257577c116eb07064e5a3cc367b660a9eee4f5f26460b3582af2afc7205145b0,53,rosbag2_2026_08_24-19_00_30__EP0010,rosbag2_2026_08_24-19_00_30,432.320190441,1787566062460363415,15296,1,PLAN_PRIMARY,STRICT,0,16.938928180305943,-0.01399751774940119,0,0.5644275152209062,0.5644275152209062,2,2,2,2,0,IDLE,P0_BACKUP_ONLY,True,True,SAFE_STOP_AUTHORITY,,1,"[{""d_center"":-0.14088241569337565,""d_left"":0.19135046852091922,""d_right"":-0.47311529990767043,""id"":75,""is_static"":true,""is_visible"":true,""s_center"":17.42469361689294,""s_end"":17.75388577556919,""s_start"":17.09550145821669}]",input_582a4aaed238befe,ego_7608cfbce827841d,obs_e0e63628aeb7789f,ref_3f5d487564f4ee3d,1787566062409394664,3651,2,1,True,2,"{""M1"": 2}","{""ZERO_BOUNDARY_SHORT"": 1, ""ZERO_BOUNDARY_SPAN"": 1}","{""shifted race line exceeds right control steering curvature"": 2}",LOC_UNKNOWN,ACCEPTABLE_NOT_A_QUALITY_LABEL,-1.165468,20.450035,0.0006525022209782668,0.00034853771181370114,0.0,0.00037563138577701924,0.7294706972434561,False,False,True,PASS_IDS_AND_CANDIDATE_DIGEST_SET,RIGHT,ONE,0.6644657684285896,WIDE,STOPPED,7.692898338592898e-16,LOW,NEAR_ZERO,IDLE__P0_BACKUP_ONLY,
DEVELOPMENT,True,p3_mapping_research_corpus_v1_seed_20260830,episode_iterative_stratification_v1,False,257577c116eb07064e5a3cc367b660a9eee4f5f26460b3582af2afc7205145b0,72,rosbag2_2026_08_24-19_00_30__EP0011,rosbag2_2026_08_24-19_00_30,432.890075117,1787566063030248091,15317,1,PLAN_PRIMARY,STRICT,0,16.9414585510836,-0.012465254150380162,0,0.5761389906024461,0.5563441745656695,4,4,4,4,0,IDLE,P0_BACKUP_ONLY,True,True,SAFE_STOP_AUTHORITY,,1,"[{""d_center"":-0.051754650927827925,""d_left"":0.329409077595664,""d_right"":-0.43291837945131995,""id"":75,""is_static"":true,""is_visible"":true,""s_center"":17.32773703890728,""s_end"":17.76813379710197,""s_start"":16.88734028071259}]",input_3e3ea10d7a0a3850,ego_0714c08f573ad8fb,obs_350b0082df3a7ced,ref_3f5d487564f4ee3d,1787566062989314530,3671,2,1,True,4,"{""M1"": 4}","{""ZERO_BOUNDARY_SHORT"": 2, ""ZERO_BOUNDARY_SPAN"": 2}","{""d-offset intersects an inflated static-obstacle box"": 4}",LOC_UNKNOWN,ACCEPTABLE_NOT_A_QUALITY_LABEL,9.407594999999999,30.327357,0.002857247389829452,-1.4831742164878035e-05,0.0017424337748686014,0.002264461787464424,0.7856439657169331,False,False,True,PASS_IDS_AND_CANDIDATE_DIGEST_SET,RIGHT,ONE,0.762327457046984,WIDE,STOPPED,7.692898338592898e-16,LOW,NEAR_ZERO,IDLE__P0_BACKUP_ONLY,
DEVELOPMENT,True,p3_mapping_research_corpus_v1_seed_20260830,episode_iterative_stratification_v1,False,257577c116eb07064e5a3cc367b660a9eee4f5f26460b3582af2afc7205145b0,141,rosbag2_2026_08_24-19_00_30__EP0014,rosbag2_2026_08_24-19_00_30,436.890084667,1787566067030257641,15424,1,PLAN_PRIMARY,STRICT,0,16.980931981823407,-0.18201242357416456,0,0.3747139378913935,0.3747139378913935,2,2,2,2,0,IDLE,P0_BACKUP_ONLY,True,True,SAFE_STOP_AUTHORITY,,1,"[{""d_center"":-0.25386094126615605,""d_left"":0.08223431778039209,""d_right"":-0.5899562003127041,""id"":75,""is_static"":true,""is_visible"":true,""s_center"":17.38143740218238,""s_end"":17.726947790615466,""s_start"":17.035927013749298}]",input_fbb87040f1e60f36,ego_935d3467e4889f84,obs_2f2f782c6f8cdc25,ref_3f5d487564f4ee3d,1787566066998904587,3769,2,1,True,2,"{""M1"": 2}","{""ZERO_BOUNDARY_SHORT"": 1, ""ZERO_BOUNDARY_SPAN"": 1}","{""d-offset intersects an inflated static-obstacle box"": 2}",LOC_UNKNOWN,ACCEPTABLE_NOT_A_QUALITY_LABEL,-11.790263000000001,19.400489,0.014917270634148171,0.003991477615333222,0.0,0.01476582264100873,0.9180275654389622,False,False,True,PASS_IDS_AND_CANDIDATE_DIGEST_SET,RIGHT,ONE,0.6721905180930963,WIDE,STOPPED,7.692898338592898e-16,LOW,NEAR_ZERO,IDLE__P0_BACKUP_ONLY,
DEVELOPMENT,False,p3_mapping_research_corpus_v1_seed_20260830,episode_iterative_stratification_v1,False,257577c116eb07064e5a3cc367b660a9eee4f5f26460b3582af2afc7205145b0,100,rosbag2_2026_08_24-19_00_30__EP0017,rosbag2_2026_08_24-19_00_30,446.440112972,1787566076580285946,15740,1,PLAN_PRIMARY,STRICT,0,17.14758176090888,-0.24249799655434015,0,0.38526782704862716,0.38526782704862716,2,2,8,2,0,IDLE,P0_BACKUP_ONLY,True,True,SAFE_STOP_AUTHORITY,,1,"[{""d_center"":-0.31965514654030763,""d_left"":-0.011237202660274316,""d_right"":-0.628073090420341,""id"":75,""is_static"":true,""is_visible"":true,""s_center"":17.435999257580885,""s_end"":17.7389803323152,""s_start"":17.13301818284657}]",input_83b662226d22f65b,ego_322a81cac452df04,obs_da365c81f36d8754,ref_3f5d487564f4ee3d,1787566076027072080,4012,2,1,True,8,"{""M0_V1"": 6, ""M1"": 2}","{""FROZEN_V1_CURVATURE_CONTINUITY"": 6, ""ZERO_BOUNDARY_SHORT"": 1, ""ZERO_BOUNDARY_SPAN"": 1}","{""d-offset intersects an inflated static-obstacle box"": 8}",LOC_UNKNOWN,ACCEPTABLE_NOT_A_QUALITY_LABEL,6.469404,30.296156,0.006160308487850337,-0.003114426453733471,0.002237110440102441,0.005739750651749864,0.8526754690757471,False,False,True,PASS_IDS_AND_CANDIDATE_DIGEST_SET,RIGHT,ONE,0.6168358877600667,WIDE,STOPPED,7.692898338592898e-16,LOW,NEAR_ZERO,IDLE__P0_BACKUP_ONLY,
DEVELOPMENT,False,p3_mapping_research_corpus_v1_seed_20260830,episode_iterative_stratification_v1,False,257577c116eb07064e5a3cc367b660a9eee4f5f26460b3582af2afc7205145b0,42,rosbag2_2026_08_24-19_00_30__EP0018,rosbag2_2026_08_24-19_00_30,453.270122104,1787566083410295078,15919,1,PLAN_PRIMARY,STRICT,0,17.03422339100203,-0.007939630790136062,0,0.7127078859898788,0.7003296066558677,2,2,2,2,0,IDLE,P0_BACKUP_ONLY,True,True,SAFE_STOP_AUTHORITY,,1,"[{""d_center"":-0.2981867390759966,""d_left"":-0.20083299179031824,""d_right"":-0.39554048636167494,""id"":0,""is_static"":true,""is_visible"":true,""s_center"":17.64014256207127,""s_end"":17.76303312996026,""s_start"":17.517251994182278}]",input_41166f2f394da5ce,ego_7eb9958a9b3fd079,obs_b1827fc4e56b9c58,ref_3f5d487564f4ee3d,1787566083365811411,4115,2,1,True,2,"{""M1"": 2}","{""ZERO_BOUNDARY_SHORT"": 1, ""ZERO_BOUNDARY_SPAN"": 1}","{""shifted race line exceeds left control steering curvature"": 2}",LOC_UNKNOWN,ACCEPTABLE_NOT_A_QUALITY_LABEL,5.202818,19.689562000000002,0.000721911347792875,-0.0003845512878063728,2.462479075049373e-05,0.0007214912430186307,0.6940873291637711,False,False,True,PASS_IDS_AND_CANDIDATE_DIGEST_SET,RIGHT,ONE,0.1947074945713567,NARROW,STOPPED,7.692898338592898e-16,LOW,NEAR_ZERO,IDLE__P0_BACKUP_ONLY,
DEVELOPMENT,True,p3_mapping_research_corpus_v1_seed_20260830,episode_iterative_stratification_v1,False,257577c116eb07064e5a3cc367b660a9eee4f5f26460b3582af2afc7205145b0,160,rosbag2_2026_08_24-19_00_30__EP0020,rosbag2_2026_08_24-19_00_30,456.340144384,1787566086480317358,16031,1,PLAN_PRIMARY,STRICT,0,17.025862720079342,0.03190756548771647,0.04957943274909116,0.7236465714101465,0.707482168457848,2,2,2,2,0,IDLE,P0_BACKUP_ONLY,True,True,SAFE_STOP_AUTHORITY,,1,"[{""d_center"":-0.23275784114603917,""d_left"":-0.13801027802617674,""d_right"":-0.32750540426590147,""id"":0,""is_static"":true,""is_visible"":true,""s_center"":17.622925352744254,""s_end"":17.734884340598054,""s_start"":17.510966364890454}]",input_12ff1878e70757bf,ego_b7c3ed2d9900bef6,obs_f24392646cc69e8c,ref_3f5d487564f4ee3d,1787566086445287489,4211,2,1,True,2,"{""M1"": 2}","{""ZERO_BOUNDARY_SHORT"": 1, ""ZERO_BOUNDARY_SPAN"": 1}","{""shifted race line exceeds left control steering curvature"": 2}",LOC_UNKNOWN,ACCEPTABLE_NOT_A_QUALITY_LABEL,-13.499561,20.440813,0.018565880117954917,-0.017759369571746564,0.000627723774648814,0.018555265220875028,0.9445216585591846,False,False,True,PASS_IDS_AND_CANDIDATE_DIGEST_SET,RIGHT,ONE,0.18949512623972473,NARROW,STOPPED,7.692898338592898e-16,LOW,NEAR_ZERO,IDLE__P0_BACKUP_ONLY,
DEVELOPMENT,False,p3_mapping_research_corpus_v1_seed_20260830,episode_iterative_stratification_v1,False,257577c116eb07064e5a3cc367b660a9eee4f5f26460b3582af2afc7205145b0,85,rosbag2_2026_08_24-19_00_30__EP0021,rosbag2_2026_08_24-19_00_30,456.990249158,1787566087130422132,16057,1,PLAN_PRIMARY,STRICT,0,16.95425945059834,-0.2575783932503609,0,0.3005034017373848,0.3005034017373848,2,2,2,2,0,IDLE,P0_BACKUP_ONLY,True,True,SAFE_STOP_AUTHORITY,,1,"[{""d_center"":-0.3153186437596616,""d_left"":0.0013556402889791097,""d_right"":-0.6319929278083025,""id"":0,""is_static"":true,""is_visible"":true,""s_center"":17.317499174171687,""s_end"":17.635725146332607,""s_start"":16.999273202010766}]",input_2ddc9a5c313540ed,ego_b3e7a4d55fc29040,obs_f740d63d9c140f4c,ref_3f5d487564f4ee3d,1787566087095145469,4229,2,1,True,2,"{""M1"": 2}","{""ZERO_BOUNDARY_SHORT"": 1, ""ZERO_BOUNDARY_SPAN"": 1}","{""d-offset intersects an inflated static-obstacle box"": 2}",LOC_UNKNOWN,ACCEPTABLE_NOT_A_QUALITY_LABEL,-5.5397989999999995,28.989015,0.002742149821826922,-0.0021281971009615703,0.0,0.0008029770385710733,0.8172052351169794,False,False,True,PASS_IDS_AND_CANDIDATE_DIGEST_SET,RIGHT,ONE,0.6333485680972817,WIDE,STOPPED,7.692898338592898e-16,LOW,NEAR_ZERO,IDLE__P0_BACKUP_ONLY,
DEVELOPMENT,False,p3_mapping_research_corpus_v1_seed_20260830,episode_iterative_stratification_v1,False,257577c116eb07064e5a3cc367b660a9eee4f5f26460b3582af2afc7205145b0,156,rosbag2_2026_08_24-19_00_30__EP0022,rosbag2_2026_08_24-19_00_30,458.71008396,1787566088850256934,16125,1,PLAN_PRIMARY,STRICT,0,16.911793925771825,-0.07549872918960261,0,0.5166717510889096,0.5166717510889096,2,2,8,2,0,IDLE,P0_BACKUP_ONLY,True,True,SAFE_STOP_AUTHORITY,,2,"[{""d_center"":-0.16735481938528018,""d_left"":0.1680892685353499,""d_right"":-0.5027989073059103,""id"":0,""is_static"":true,""is_visible"":true,""s_center"":17.341598068830606,""s_end"":17.721317141557876,""s_start"":16.961878996103337},{""d_center"":0.033199830477054854,""d_left"":0.24854922296138168,""d_right"":-0.18214956200727198,""id"":5,""is_static"":true,""is_visible"":true,""s_center"":19.5707715267656,""s_end"":19.8725135941811,""s_start"":19.2690294593501}]",input_77a3b9e3c48a97e7,ego_9927cc6fb261dc39,obs_e91af63ba69d4ec4,ref_3f5d487564f4ee3d,1787566088794861403,4280,2,1,True,8,"{""M0_V1"": 6, ""M1"": 2}","{""FROZEN_V1_CURVATURE_CONTINUITY"": 6, ""ZERO_BOUNDARY_SHORT"": 1, ""ZERO_BOUNDARY_SPAN"": 1}","{""d-offset intersects an inflated static-obstacle box"": 8}",LOC_UNKNOWN,ACCEPTABLE_NOT_A_QUALITY_LABEL,-5.696025000000001,19.646657,0.012530837896060262,-0.0019734830277561566,0.002088651939260444,0.01235554253984679,0.9408153810516563,False,False,True,PASS_IDS_AND_CANDIDATE_DIGEST_SET,MIXED_OR_CENTER,TWO,0.6708881758412601,WIDE,STOPPED,-1.2088840246360203e-15,LOW,NEAR_ZERO,IDLE__P0_BACKUP_ONLY,
DEVELOPMENT,True,p3_mapping_research_corpus_v1_seed_20260830,episode_iterative_stratification_v1,False,257577c116eb07064e5a3cc367b660a9eee4f5f26460b3582af2afc7205145b0,139,rosbag2_2026_08_24-19_00_30__EP0023,rosbag2_2026_08_24-19_00_30,463.120114542,1787566093260287516,16296,1,PLAN_PRIMARY,STRICT,0,17.126759640618875,-0.13085719454182937,0,0.5041165877542659,0.5041165877542659,2,2,8,2,0,IDLE,P0_BACKUP_ONLY,True,True,SAFE_STOP_AUTHORITY,,2,"[{""d_center"":-0.18332285171803245,""d_left"":0.15161069420339232,""d_right"":-0.5182563976394572,""id"":0,""is_static"":true,""is_visible"":true,""s_center"":17.459511099942542,""s_end"":17.77645276396469,""s_start"":17.142569435920393},{""d_center"":0.7877040406139203,""d_left"":0.8023405811018554,""d_right"":0.7730675001259851,""id"":7,""is_static"":true,""is_visible"":false,""s_center"":16.296827629483182,""s_end"":16.34374154452671,""s_start"":16.249913714439653}]",input_9d39f739df3c334c,ego_a1a8a27bec1727a7,obs_3c867bb75f212e3f,ref_3f5d487564f4ee3d,1787566093204252763,4420,2,1,True,8,"{""M0_V1"": 6, ""M1"": 2}","{""FROZEN_V1_CURVATURE_CONTINUITY"": 6, ""ZERO_BOUNDARY_SHORT"": 1, ""ZERO_BOUNDARY_SPAN"": 1}","{""d-offset intersects an inflated static-obstacle box"": 8}",LOC_UNKNOWN,ACCEPTABLE_NOT_A_QUALITY_LABEL,-6.511958,29.585727,0.004965937783624098,-0.0006551201257816719,0.004965836019749759,3.179144203097062e-05,0.9152478573083159,False,False,True,PASS_IDS_AND_CANDIDATE_DIGEST_SET,MIXED_OR_CENTER,TWO,0.6698670918428495,WIDE,STOPPED,7.692898338592898e-16,LOW,NEAR_ZERO,IDLE__P0_BACKUP_ONLY,
DEVELOPMENT,False,p3_mapping_research_corpus_v1_seed_20260830,episode_iterative_stratification_v1,False,257577c116eb07064e5a3cc367b660a9eee4f5f26460b3582af2afc7205145b0,146,rosbag2_2026_08_24-19_00_30__EP0024,rosbag2_2026_08_24-19_00_30,498.120089559,1787566128260262533,17690,1,PLAN_PRIMARY,STRICT,0,5.055882822353083,-0.15838017107702368,0.14395029297983397,0.674445084194182,0.5980776900894738,24,24,30,24,0,IDLE,P0_BACKUP_ONLY,True,True,SAFE_STOP_AUTHORITY,,1,"[{""d_center"":-0.040172348617887446,""d_left"":-0.03280387561838126,""d_right"":-0.047438446197793305,""id"":56,""is_static"":true,""is_visible"":true,""s_center"":5.243554666096499,""s_end"":5.251054389728186,""s_start"":5.236054942464813}]",input_dc5df97527e3b9fa,ego_455b375c886d2d62,obs_05e607b5dcfb181f,ref_3f5d487564f4ee3d,1787566128228075611,5630,2,1,True,30,"{""M0_V1"": 6, ""M1"": 24}","{""FROZEN_V1_CURVATURE_CONTINUITY"": 6, ""NEAR_BISECTED"": 21, ""NEAR_LONG"": 1, ""ZERO_BOUNDARY_SHORT"": 1, ""ZERO_BOUNDARY_SPAN"": 1}","{""footprint_track_bound"": 26, ""quintic d-offset exceeds maximum_lateral_slope"": 2, ""shifted race line exceeds left control steering curvature"": 2}",LOC_UNKNOWN,ACCEPTABLE_NOT_A_QUALITY_LABEL,-12.882756,19.949811,0.013144983569244713,0.0015632882732595499,0.010461439176783216,0.007211504158029514,0.9258744498494325,False,False,True,PASS_IDS_AND_CANDIDATE_DIGEST_SET,MIXED_OR_CENTER,ONE,0.014634570579412046,NARROW,LOW,0.24645390860160377,LOW,POSITIVE,IDLE__P0_BACKUP_ONLY,
DEVELOPMENT,False,p3_mapping_research_corpus_v1_seed_20260830,episode_iterative_stratification_v1,False,257577c116eb07064e5a3cc367b660a9eee4f5f26460b3582af2afc7205145b0,54,rosbag2_2026_08_24-19_00_30__EP0026,rosbag2_2026_08_24-19_00_30,499.250086018,1787566129390258992,17717,1,PLAN_PRIMARY,STRICT,0,4.989528155913879,-0.16154677755060967,0,0.7987790349787188,0.7987790349787188,1,1,7,1,0,IDLE,P0_BACKUP_ONLY,True,True,SAFE_STOP_AUTHORITY,,1,"[{""d_center"":-0.0455639568218771,""d_left"":-0.034515674213375556,""d_right"":-0.05657513250114585,""id"":56,""is_static"":true,""is_visible"":true,""s_center"":5.169460676060407,""s_end"":5.180785931031009,""s_start"":5.1581354210898045}]",input_6d640128b957fc46,ego_bbbdd42286a68fd3,obs_eda6e75b6c9e79aa,ref_3f5d487564f4ee3d,1787566129347864705,5652,2,1,True,7,"{""M0_V1"": 6, ""M1"": 1}","{""FROZEN_V1_CURVATURE_CONTINUITY"": 6, ""NEAR_LONG"": 1}","{""footprint_track_bound"": 3, ""shifted race line exceeds left control steering curvature"": 4}",LOC_UNKNOWN,ACCEPTABLE_NOT_A_QUALITY_LABEL,-12.928619000000001,29.795327999999998,0.0002201786532461425,-4.358077878116595e-05,9.644658960272778e-05,0.00019364002619748355,0.7294996525364836,False,False,True,PASS_IDS_AND_CANDIDATE_DIGEST_SET,MIXED_OR_CENTER,ONE,0.02205945828777029,NARROW,STOPPED,0.24645390860160377,LOW,POSITIVE,IDLE__P0_BACKUP_ONLY,
DEVELOPMENT,False,p3_mapping_research_corpus_v1_seed_20260830,episode_iterative_stratification_v1,False,257577c116eb07064e5a3cc367b660a9eee4f5f26460b3582af2afc7205145b0,117,rosbag2_2026_08_24-19_00_30__EP0027,rosbag2_2026_08_24-19_00_30,500.820077722,1787566130960250696,17750,1,PLAN_PRIMARY,STRICT,0,4.9311995733711,-0.2617817778892241,0,0.6846062592798413,0.64776725915502,3,3,9,3,0,IDLE,P0_BACKUP_ONLY,True,True,SAFE_STOP_AUTHORITY,,1,"[{""d_center"":-0.12787747399596994,""d_left"":-0.11766711458508927,""d_right"":-0.138129102578616,""id"":56,""is_static"":true,""is_visible"":true,""s_center"":5.099362193033429,""s_end"":5.1097791605395875,""s_start"":5.088945225527271}]",input_15a838a9671faf2a,ego_e04a94dff5c411d8,obs_e6e7a99824ad0320,ref_3f5d487564f4ee3d,1787566130927641694,5684,2,1,True,9,"{""M0_V1"": 6, ""M1"": 3}","{""FROZEN_V1_CURVATURE_CONTINUITY"": 6, ""NEAR_LONG"": 1, ""ZERO_BOUNDARY_SHORT"": 1, ""ZERO_BOUNDARY_SPAN"": 1}","{""footprint_track_bound"": 4, ""shifted race line exceeds left control steering curvature"": 4, ""shifted race line exceeds right control steering curvature"": 1}",LOC_UNKNOWN,ACCEPTABLE_NOT_A_QUALITY_LABEL,-3.0766869999999997,29.786562,0.0038526735409897817,-3.4281590804985385e-05,0.002311945822370376,0.0029896844796877264,0.8769689599258744,False,False,True,PASS_IDS_AND_CANDIDATE_DIGEST_SET,RIGHT,ONE,0.02046198799352672,NARROW,STOPPED,0.24645390860160377,LOW,POSITIVE,IDLE__P0_BACKUP_ONLY,
DEVELOPMENT,True,p3_mapping_research_corpus_v1_seed_20260830,episode_iterative_stratification_v1,False,257577c116eb07064e5a3cc367b660a9eee4f5f26460b3582af2afc7205145b0,17,rosbag2_2026_08_24-19_00_30__EP0028,rosbag2_2026_08_24-19_00_30,501.330131488,1787566131470304462,17767,1,PLAN_PRIMARY,STRICT,0,4.921304134959817,-0.27695116317693014,0,0.6696250165099291,0.6413920687365045,3,3,9,3,0,IDLE,P0_BACKUP_ONLY,True,True,SAFE_STOP_AUTHORITY,,1,"[{""d_center"":-0.1447224373490622,""d_left"":-0.13178225898875226,""d_right"":-0.15769918093978333,""id"":56,""is_static"":true,""is_visible"":true,""s_center"":5.089672296943492,""s_end"":5.101353981292878,""s_start"":5.077990612594107}]",input_d0e3ce0e90063b06,ego_a72d5346799deb9b,obs_48fcafc5926e0ba2,ref_3f5d487564f4ee3d,1787566131427536732,5701,2,1,True,9,"{""M0_V1"": 6, ""M1"": 3}","{""FROZEN_V1_CURVATURE_CONTINUITY"": 6, ""NEAR_LONG"": 1, ""ZERO_BOUNDARY_SHORT"": 1, ""ZERO_BOUNDARY_SPAN"": 1}","{""footprint_track_bound"": 4, ""shifted race line exceeds left control steering curvature"": 4, ""shifted race line exceeds right control steering curvature"": 1}",LOC_UNKNOWN,ACCEPTABLE_NOT_A_QUALITY_LABEL,6.883523,19.543789999999998,0.00048026085547923073,-0.00029251559508475244,0.0,0.000342617978615567,0.6684618948343757,False,False,True,PASS_IDS_AND_CANDIDATE_DIGEST_SET,RIGHT,ONE,0.02591692195103107,NARROW,STOPPED,0.24645390860160377,LOW,POSITIVE,IDLE__P0_BACKUP_ONLY,
DEVELOPMENT,True,p3_mapping_research_corpus_v1_seed_20260830,episode_iterative_stratification_v1,False,257577c116eb07064e5a3cc367b660a9eee4f5f26460b3582af2afc7205145b0,19,rosbag2_2026_08_24-19_00_30__EP0032,rosbag2_2026_08_24-19_00_30,502.350083951,1787566132490256925,17797,1,PLAN_PRIMARY,STRICT,0,4.870954741048375,-0.3014258724217154,0,0.586987669159572,0.5566750115961284,24,24,30,24,0,IDLE,P0_BACKUP_ONLY,True,True,SAFE_STOP_AUTHORITY,,1,"[{""d_center"":-0.167792273530741,""d_left"":-0.15977152566588007,""d_right"":-0.17587382392667472,""id"":56,""is_static"":true,""is_visible"":true,""s_center"":5.0351638554154725,""s_end"":5.044019262907858,""s_start"":5.026308447923087}]",input_4035b9762e1920e7,ego_785617080d8afa27,obs_751927fce06197ef,ref_3f5d487564f4ee3d,1787566132458579716,5730,2,1,True,30,"{""M0_V1"": 6, ""M1"": 24}","{""FROZEN_V1_CURVATURE_CONTINUITY"": 6, ""NEAR_BISECTED"": 21, ""NEAR_LONG"": 1, ""ZERO_BOUNDARY_SHORT"": 1, ""ZERO_BOUNDARY_SPAN"": 1}","{""footprint_track_bound"": 26, ""shifted race line exceeds left control steering curvature"": 4}",LOC_UNKNOWN,ACCEPTABLE_NOT_A_QUALITY_LABEL,-12.899271,19.174116,0.000730819402097386,-6.6785929366181e-05,0.0,0.0007297325152578749,0.6684618948343757,False,False,True,PASS_IDS_AND_CANDIDATE_DIGEST_SET,RIGHT,ONE,0.01610229826079465,NARROW,STOPPED,0.24607367480059747,LOW,POSITIVE,IDLE__P0_BACKUP_ONLY,
DEVELOPMENT,False,p3_mapping_research_corpus_v1_seed_20260830,episode_iterative_stratification_v1,False,257577c116eb07064e5a3cc367b660a9eee4f5f26460b3582af2afc7205145b0,21,rosbag2_2026_08_24-19_00_30__EP0034,rosbag2_2026_08_24-19_00_30,503.020082665,1787566133160255639,17813,1,PLAN_PRIMARY,STRICT,0,4.8717795808121105,-0.29230488047075986,0,0.6003061448975782,0.6003061448975782,1,1,7,1,0,IDLE,P0_BACKUP_ONLY,True,True,SAFE_STOP_AUTHORITY,,1,"[{""d_center"":-0.15528770142946838,""d_left"":-0.14047704131471864,""d_right"":-0.170119460781808,""id"":56,""is_static"":true,""is_visible"":true,""s_center"":5.032455794382007,""s_end"":5.044895194469653,""s_start"":5.020016394294361}]",input_cb54147dc538c196,ego_1eb0687e52ff9a3c,obs_ff1b57762889ace7,ref_3f5d487564f4ee3d,1787566133107256669,5746,2,1,True,7,"{""M0_V1"": 6, ""M1"": 1}","{""FROZEN_V1_CURVATURE_CONTINUITY"": 6, ""NEAR_LONG"": 1}","{""footprint_track_bound"": 4, ""quintic d-offset exceeds maximum_lateral_slope"": 2, ""shifted race line exceeds left control steering curvature"": 1}",LOC_UNKNOWN,ACCEPTABLE_NOT_A_QUALITY_LABEL,-3.313578,30.171305,0.000673144568694081,0.00040436745621166836,0.0,0.0006221182247710955,0.6684618948343757,False,False,True,PASS_IDS_AND_CANDIDATE_DIGEST_SET,RIGHT,ONE,0.02964241946708937,NARROW,STOPPED,0.24607367480059747,LOW,POSITIVE,IDLE__P0_BACKUP_ONLY,
DEVELOPMENT,False,p3_mapping_research_corpus_v1_seed_20260830,episode_iterative_stratification_v1,False,257577c116eb07064e5a3cc367b660a9eee4f5f26460b3582af2afc7205145b0,22,rosbag2_2026_08_24-19_00_30__EP0035,rosbag2_2026_08_24-19_00_30,503.100090623,1787566133240263597,17816,1,PLAN_PRIMARY,STRICT,0,4.872705159955503,-0.2910602859686957,0,0.5960326750431717,0.5906713895705127,3,3,9,3,0,IDLE,P0_BACKUP_ONLY,True,True,SAFE_STOP_AUTHORITY,,1,"[{""d_center"":-0.15818911646398504,""d_left"":-0.14609561780533556,""d_right"":-0.1703543046648724,""id"":56,""is_static"":true,""is_visible"":true,""s_center"":5.037756928338323,""s_end"":5.049700756827763,""s_start"":5.025813099848882}]",input_505ee1570cd5b94d,ego_6df1c07cf0535df3,obs_24dc388b473582fb,ref_3f5d487564f4ee3d,1787566133207206464,5749,2,1,True,9,"{""M0_V1"": 6, ""M1"": 3}","{""FROZEN_V1_CURVATURE_CONTINUITY"": 6, ""NEAR_LONG"": 1, ""ZERO_BOUNDARY_SHORT"": 1, ""ZERO_BOUNDARY_SPAN"": 1}","{""footprint_track_bound"": 4, ""quintic d-offset exceeds maximum_lateral_slope"": 1, ""shifted race line exceeds left control steering curvature"": 4}",LOC_UNKNOWN,ACCEPTABLE_NOT_A_QUALITY_LABEL,-3.021499,30.660066,0.0004586883652869546,4.602789696750431e-05,0.0,0.00033505307905040693,0.6684618948343757,False,False,True,PASS_IDS_AND_CANDIDATE_DIGEST_SET,RIGHT,ONE,0.024258686859536832,NARROW,STOPPED,0.24607367480059747,LOW,POSITIVE,IDLE__P0_BACKUP_ONLY,
DEVELOPMENT,False,p3_mapping_research_corpus_v1_seed_20260830,episode_iterative_stratification_v1,False,257577c116eb07064e5a3cc367b660a9eee4f5f26460b3582af2afc7205145b0,46,rosbag2_2026_08_24-19_00_30__EP0038,rosbag2_2026_08_24-19_00_30,503.550093217,1787566133690266191,17832,1,PLAN_PRIMARY,STRICT,0,4.872969573713972,-0.28710949922547796,0,0.6079222184270276,0.5944513322873283,3,3,9,3,0,IDLE,P0_BACKUP_ONLY,True,True,SAFE_STOP_AUTHORITY,,1,"[{""d_center"":-0.1539661638146342,""d_left"":-0.1417973171016898,""d_right"":-0.16624209648597404,""id"":56,""is_static"":true,""is_visible"":true,""s_center"":5.037047943148347,""s_end"":5.050007402963139,""s_start"":5.024088483333555}]",input_31a2cc64b945da49,ego_7cba4a9eae0dc90f,obs_4b97d61c86ffb78d,ref_3f5d487564f4ee3d,1787566133657165350,5763,2,1,True,9,"{""M0_V1"": 6, ""M1"": 3}","{""FROZEN_V1_CURVATURE_CONTINUITY"": 6, ""NEAR_LONG"": 1, ""ZERO_BOUNDARY_SHORT"": 1, ""ZERO_BOUNDARY_SPAN"": 1}","{""footprint_track_bound"": 4, ""quintic d-offset exceeds maximum_lateral_slope"": 3, ""shifted race line exceeds left control steering curvature"": 2}",LOC_UNKNOWN,ACCEPTABLE_NOT_A_QUALITY_LABEL,-13.718766,19.333869,0.00010425492531659244,-0.00029743137982561613,4.216291159941932e-05,9.380731146024779e-05,0.7047139217048877,False,False,True,PASS_IDS_AND_CANDIDATE_DIGEST_SET,RIGHT,ONE,0.024444779384284243,NARROW,STOPPED,0.24607367480059747,LOW,POSITIVE,IDLE__P0_BACKUP_ONLY,
DEVELOPMENT,True,p3_mapping_research_corpus_v1_seed_20260830,episode_iterative_stratification_v1,False,257577c116eb07064e5a3cc367b660a9eee4f5f26460b3582af2afc7205145b0,24,rosbag2_2026_08_24-19_00_30__EP0039,rosbag2_2026_08_24-19_00_30,503.810092178,1787566133950265152,17837,1,PLAN_PRIMARY,STRICT,0,4.8720930780183584,-0.284914874967086,0,0.5985053754121782,0.5962073581693504,3,3,9,3,0,IDLE,P0_BACKUP_ONLY,True,True,SAFE_STOP_AUTHORITY,,1,"[{""d_center"":-0.14981957301901602,""d_left"":-0.13640523660447376,""d_right"":-0.16325266281210604,""id"":56,""is_static"":true,""is_visible"":true,""s_center"":5.037205205171686,""s_end"":5.048497132939768,""s_start"":5.025913277403604}]",input_1f3c869a13cb35c2,ego_374e7a381894d78b,obs_929fe85a3e5d8c06,ref_3f5d487564f4ee3d,1787566133907105494,5768,2,1,True,9,"{""M0_V1"": 6, ""M1"": 3}","{""FROZEN_V1_CURVATURE_CONTINUITY"": 6, ""NEAR_LONG"": 1, ""ZERO_BOUNDARY_SHORT"": 1, ""ZERO_BOUNDARY_SPAN"": 1}","{""footprint_track_bound"": 4, ""quintic d-offset exceeds maximum_lateral_slope"": 1, ""shifted race line exceeds left control steering curvature"": 4}",LOC_UNKNOWN,ACCEPTABLE_NOT_A_QUALITY_LABEL,6.348353,19.639649,7.40002267570528e-05,-1.0456000303735169e-05,0.0,2.501315830572004e-05,0.6684618948343757,False,False,True,PASS_IDS_AND_CANDIDATE_DIGEST_SET,RIGHT,ONE,0.02684742620763228,NARROW,STOPPED,0.24607367480059747,LOW,POSITIVE,IDLE__P0_BACKUP_ONLY,
DEVELOPMENT,False,p3_mapping_research_corpus_v1_seed_20260830,episode_iterative_stratification_v1,False,257577c116eb07064e5a3cc367b660a9eee4f5f26460b3582af2afc7205145b0,76,rosbag2_2026_08_24-19_00_30__EP0040,rosbag2_2026_08_24-19_00_30,504.380081083,1787566134520254057,17849,1,PLAN_PRIMARY,STRICT,0,4.742593884768603,-0.32652718806619424,0,0.7541919822304586,0.7347547947020058,24,24,30,24,0,IDLE,P0_BACKUP_ONLY,True,True,SAFE_STOP_AUTHORITY,,1,"[{""d_center"":-0.19117730522599022,""d_left"":-0.1811398435259555,""d_right"":-0.2011983129271803,""id"":56,""is_static"":true,""is_visible"":true,""s_center"":4.901417705372081,""s_end"":4.912336963485383,""s_start"":4.890498447258779}]",input_d3aa4fb9e83c44b0,ego_fb0c7d00856da221,obs_c165583508da1ada,ref_3f5d487564f4ee3d,1787566134486995461,5780,2,1,True,30,"{""M0_V1"": 6, ""M1"": 24}","{""FROZEN_V1_CURVATURE_CONTINUITY"": 6, ""NEAR_BISECTED"": 21, ""NEAR_LONG"": 1, ""ZERO_BOUNDARY_SHORT"": 1, ""ZERO_BOUNDARY_SPAN"": 1}","{""footprint_track_bound"": 26, ""shifted race line exceeds left control steering curvature"": 4}",LOC_UNKNOWN,ACCEPTABLE_NOT_A_QUALITY_LABEL,-13.739741,20.018154,0.00278617642189579,-0.0008239125999953412,0.00040616887595579243,0.002740965993819733,0.7979499652536484,False,False,True,PASS_IDS_AND_CANDIDATE_DIGEST_SET,RIGHT,ONE,0.0200584694012248,NARROW,STOPPED,0.24607367480059747,LOW,POSITIVE,IDLE__P0_BACKUP_ONLY,
DEVELOPMENT,False,p3_mapping_research_corpus_v1_seed_20260830,episode_iterative_stratification_v1,False,257577c116eb07064e5a3cc367b660a9eee4f5f26460b3582af2afc7205145b0,60,rosbag2_2026_08_24-19_00_30__EP0041,rosbag2_2026_08_24-19_00_30,504.790076675,1787566134930249649,17857,1,PLAN_PRIMARY,STRICT,0,4.839186538594301,-0.22757623534273014,0,0.6614747322629556,0.6185226408883228,24,24,30,24,0,IDLE,P0_BACKUP_ONLY,True,True,SAFE_STOP_AUTHORITY,,2,"[{""d_center"":0.5464905805615117,""d_left"":0.6824748563489317,""d_right"":0.4097292217212823,""id"":54,""is_static"":true,""is_visible"":true,""s_center"":4.935236922720113,""s_end"":5.080537727342672,""s_start"":4.789936118097555},{""d_center"":-0.09671313378577569,""d_left"":-0.08873336145788879,""d_right"":-0.10455510464239624,""id"":56,""is_static"":true,""is_visible"":true,""s_center"":5.00518314147477,""s_end"":5.013298506813023,""s_start"":4.997067776136517}]",input_a2d7213af5964de9,ego_f98fec56a6ca9af5,obs_be5e0131f3828d47,ref_3f5d487564f4ee3d,1787566134886929120,5787,2,1,True,30,"{""M0_V1"": 6, ""M1"": 24}","{""FROZEN_V1_CURVATURE_CONTINUITY"": 6, ""NEAR_BISECTED"": 21, ""NEAR_LONG"": 1, ""ZERO_BOUNDARY_SHORT"": 1, ""ZERO_BOUNDARY_SPAN"": 1}","{""footprint_track_bound"": 24, ""quintic d-offset exceeds maximum_lateral_slope"": 2, ""shifted race line exceeds left control steering curvature"": 4}",LOC_UNKNOWN,ACCEPTABLE_NOT_A_QUALITY_LABEL,6.424983,30.309141,0.004736087906588289,-3.824518002035204e-05,0.0,0.0031426063632760404,0.7470176048181607,False,False,True,PASS_IDS_AND_CANDIDATE_DIGEST_SET,MIXED_OR_CENTER,TWO,0.2727456346276494,MEDIUM,STOPPED,0.24607367480059747,LOW,POSITIVE,IDLE__P0_BACKUP_ONLY,
DEVELOPMENT,False,p3_mapping_research_corpus_v1_seed_20260830,episode_iterative_stratification_v1,False,257577c116eb07064e5a3cc367b660a9eee4f5f26460b3582af2afc7205145b0,26,rosbag2_2026_08_24-19_00_30__EP0043,rosbag2_2026_08_24-19_00_30,505.460199394,1787566135600372368,17873,1,PLAN_PRIMARY,STRICT,0,4.865379275067571,-0.1916540509114183,0.13987835326936818,0.6704065284704974,0.6704065284704974,1,1,7,1,0,IDLE,P0_BACKUP_ONLY,True,True,SAFE_STOP_AUTHORITY,,2,"[{""d_center"":0.5793212287197465,""d_left"":0.716246571084681,""d_right"":0.44105984656557623,""id"":54,""is_static"":true,""is_visible"":true,""s_center"":4.965587807244764,""s_end"":5.111458461383624,""s_start"":4.819717153105904},{""d_center"":-0.06672986304105455,""d_left"":-0.05571944318904323,""d_right"":-0.07784792885315596,""id"":56,""is_static"":true,""is_visible"":true,""s_center"":5.03459356132188,""s_end"":5.045924316403869,""s_start"":5.023262806239891}]",input_0e7225a2e7d30aec,ego_f595386ce660d67e,obs_616f7a3a841404bc,ref_3f5d487564f4ee3d,1787566135556810390,5801,2,1,True,7,"{""M0_V1"": 6, ""M1"": 1}","{""FROZEN_V1_CURVATURE_CONTINUITY"": 6, ""NEAR_LONG"": 1}","{""footprint_track_bound"": 4, ""quintic d-offset exceeds maximum_lateral_slope"": 1, ""shifted race line exceeds left control steering curvature"": 2}",LOC_UNKNOWN,ACCEPTABLE_NOT_A_QUALITY_LABEL,5.784168,18.921128,0.004070313118205518,-0.00023717995912719836,0.0,0.0032180869986055405,0.6684618948343757,False,False,True,PASS_IDS_AND_CANDIDATE_DIGEST_SET,MIXED_OR_CENTER,TWO,0.2751867245191048,MEDIUM,LOW,0.24607367480059747,LOW,POSITIVE,IDLE__P0_BACKUP_ONLY,
DEVELOPMENT,True,p3_mapping_research_corpus_v1_seed_20260830,episode_iterative_stratification_v1,False,257577c116eb07064e5a3cc367b660a9eee4f5f26460b3582af2afc7205145b0,145,rosbag2_2026_08_24-19_00_30__EP0046,rosbag2_2026_08_24-19_00_30,521.070291282,1787566151210464256,18496,1,PLAN_PRIMARY,STRICT,0,4.282592778975391,-0.7136206839870988,3.5784287547469145,0.5237469731427404,0.5068656382159211,5,5,5,5,0,IDLE,P0_BACKUP_ONLY,True,True,SAFE_STOP_AUTHORITY,,1,"[{""d_center"":-0.2620784929967696,""d_left"":-0.1180729349779503,""d_right"":-0.4066515960958754,""id"":56,""is_static"":true,""is_visible"":true,""s_center"":5.322980367349808,""s_end"":5.439071089211143,""s_start"":5.206889645488473}]",input_0e0674e6cff1eda4,ego_51bfd7f2154e6834,obs_2e8bda070c814cf6,ref_3f5d487564f4ee3d,1787566151154110237,6344,2,1,True,5,"{""M1"": 5}","{""FAR_SPAN"": 1, ""ZERO_BOUNDARY_SHORT"": 2, ""ZERO_BOUNDARY_SPAN"": 2}","{""footprint_track_bound"": 1, ""quintic d-offset exceeds maximum_lateral_slope"": 2, ""shifted race line exceeds left control steering curvature"": 2}",LOC_UNKNOWN,ACCEPTABLE_NOT_A_QUALITY_LABEL,-4.030705,21.262773,0.08836538023012161,0.027701866303795786,0.0,0.010223073255444692,0.9255269863331017,False,False,True,PASS_IDS_AND_CANDIDATE_DIGEST_SET,RIGHT,ONE,0.28857866111792513,MEDIUM,MOVING,0.24713265880620555,LOW,POSITIVE,IDLE__P0_BACKUP_ONLY,
DEVELOPMENT,False,p3_mapping_research_corpus_v1_seed_20260830,episode_iterative_stratification_v1,False,257577c116eb07064e5a3cc367b660a9eee4f5f26460b3582af2afc7205145b0,123,rosbag2_2026_08_24-19_00_30__EP0047,rosbag2_2026_08_24-19_00_30,538.890225603,1787566169030398577,19207,1,PLAN_PRIMARY,STRICT,0,1.0043465215917953,0.18768081633554695,0,0.45946436650320865,0.45946436650320865,2,2,2,2,0,IDLE,P0_BACKUP_ONLY,True,True,SAFE_STOP_AUTHORITY,,2,"[{""d_center"":0.24922916398229392,""d_left"":0.3544702054625026,""d_right"":0.14393795396706704,""id"":76,""is_static"":true,""is_visible"":true,""s_center"":4.145850803862822,""s_end"":4.255449432909184,""s_start"":4.03625217481646},{""d_center"":0.04286195948642255,""d_left"":0.23256818863853834,""d_right"":-0.14684426966569153,""id"":79,""is_static"":true,""is_visible"":true,""s_center"":1.3469081681962645,""s_end"":1.4441603857705845,""s_start"":1.2496559506219445}]",input_b1297c50a31a6db9,ego_67538900a825e705,obs_4dac5a9d839a053c,ref_3f5d487564f4ee3d,1787566168979968142,6986,2,1,True,2,"{""M1"": 2}","{""ZERO_BOUNDARY_SHORT"": 1, ""ZERO_BOUNDARY_SPAN"": 1}","{""d-offset intersects an inflated static-obstacle box"": 2}",LOC_UNKNOWN,ACCEPTABLE_NOT_A_QUALITY_LABEL,1.1326699999999998,20.400018,0.0024588704800611798,-0.0010125441294785986,0.0005226814968077864,0.0024611931256435793,0.8856265925411165,False,False,True,PASS_IDS_AND_CANDIDATE_DIGEST_SET,MIXED_OR_CENTER,TWO,0.37941245830422987,MEDIUM,STOPPED,0.6926792346629709,MEDIUM,POSITIVE,IDLE__P0_BACKUP_ONLY,
DEVELOPMENT,True,p3_mapping_research_corpus_v1_seed_20260830,episode_iterative_stratification_v1,False,257577c116eb07064e5a3cc367b660a9eee4f5f26460b3582af2afc7205145b0,140,rosbag2_2026_08_24-19_00_30__EP0048,rosbag2_2026_08_24-19_00_30,539.020313429,1787566169160486403,19212,1,PLAN_PRIMARY,STRICT,0,0.9938057334246098,0.19086513023440893,0,0.637014022220749,0.637014022220749,2,2,2,2,0,IDLE,P0_BACKUP_ONLY,True,True,SAFE_STOP_AUTHORITY,,2,"[{""d_center"":0.2512920026224546,""d_left"":0.36325128153220365,""d_right"":0.1392282236989267,""id"":76,""is_static"":true,""is_visible"":true,""s_center"":4.156310277640087,""s_end"":4.269896246859153,""s_start"":4.042724308421022},{""d_center"":0.0394608436126369,""d_left"":0.2456921859053121,""d_right"":-0.1667704986800383,""id"":79,""is_static"":true,""is_visible"":true,""s_center"":1.3376002403458334,""s_end"":1.4417700128794042,""s_start"":1.2334304678122625}]",input_2260f7231b3f2993,ego_20621b9919566c7b,obs_bd4680c4cb8bd9eb,ref_3f5d487564f4ee3d,1787566169111062766,6991,2,1,True,2,"{""M1"": 2}","{""ZERO_BOUNDARY_SHORT"": 1, ""ZERO_BOUNDARY_SPAN"": 1}","{""shifted race line exceeds right control steering curvature"": 2}",LOC_UNKNOWN,ACCEPTABLE_NOT_A_QUALITY_LABEL,0.814091,30.425924,0.005983120011393586,-0.0005281231064884206,0.0,0.00407021623786144,0.9155953208246468,False,False,True,PASS_IDS_AND_CANDIDATE_DIGEST_SET,MIXED_OR_CENTER,TWO,0.4124626845853504,MEDIUM,STOPPED,0.6926792346629709,MEDIUM,POSITIVE,IDLE__P0_BACKUP_ONLY,
DEVELOPMENT,True,p3_mapping_research_corpus_v1_seed_20260830,episode_iterative_stratification_v1,False,257577c116eb07064e5a3cc367b660a9eee4f5f26460b3582af2afc7205145b0,134,rosbag2_2026_08_24-19_00_30__EP0050,rosbag2_2026_08_24-19_00_30,540.040086959,1787566170180259933,19245,1,PLAN_PRIMARY,STRICT,0,0.9949671771879947,0.13666459376074072,0,0.6801434924825243,0.6741749189039705,3,3,3,3,0,IDLE,P0_BACKUP_ONLY,True,True,SAFE_STOP_AUTHORITY,,2,"[{""d_center"":0.2615624833650801,""d_left"":0.37516650173996535,""d_right"":0.14790589239259175,""id"":76,""is_static"":true,""is_visible"":true,""s_center"":4.149471121319513,""s_end"":4.263445075324659,""s_start"":4.035497167314366},{""d_center"":0.06354298658272879,""d_left"":0.2388228254292527,""d_right"":-0.11173685226379511,""id"":79,""is_static"":true,""is_visible"":true,""s_center"":1.3353783342138954,""s_end"":1.4400171552169154,""s_start"":1.2307395132108754}]",input_585b24804c5dfe9e,ego_f0a9d2972bef30c0,obs_6fbc221ca31df787,ref_3f5d487564f4ee3d,1787566170130881965,7023,2,1,True,3,"{""M1"": 3}","{""NEAR_LONG"": 1, ""ZERO_BOUNDARY_SHORT"": 1, ""ZERO_BOUNDARY_SPAN"": 1}","{""d-offset intersects an inflated static-obstacle box"": 2, ""shifted race line exceeds left control steering curvature"": 1}",LOC_UNKNOWN,ACCEPTABLE_NOT_A_QUALITY_LABEL,2.012074,20.974335,0.041549507532973505,-0.0011502074631457582,0.0,0.038265180234729745,0.9118021774380357,False,False,True,PASS_IDS_AND_CANDIDATE_DIGEST_SET,LEFT,TWO,0.3505596776930478,MEDIUM,STOPPED,0.6926792346629709,MEDIUM,POSITIVE,IDLE__P0_BACKUP_ONLY,
DEVELOPMENT,True,p3_mapping_research_corpus_v1_seed_20260830,episode_iterative_stratification_v1,False,257577c116eb07064e5a3cc367b660a9eee4f5f26460b3582af2afc7205145b0,119,rosbag2_2026_08_24-19_00_30__EP0051,rosbag2_2026_08_24-19_00_30,540.240106205,1787566170380279179,19253,1,PLAN_PRIMARY,STRICT,0,1.0219655075481469,0.023883519789027467,0,0.6108901139217109,0.6108901139217109,2,2,2,2,0,IDLE,P0_BACKUP_ONLY,True,True,SAFE_STOP_AUTHORITY,,1,"[{""d_center"":-0.12255969340920156,""d_left"":0.08054882697326152,""d_right"":-0.32566821379166455,""id"":79,""is_static"":true,""is_visible"":true,""s_center"":1.3580533999881634,""s_end"":1.4719931752514472,""s_start"":1.2441136247248796}]",input_2591f04a7eb6aab9,ego_86dc1b95239f10b4,obs_2ab7cea8dde3b7cb,ref_3f5d487564f4ee3d,1787566170330871879,7031,2,1,True,2,"{""M1"": 2}","{""ZERO_BOUNDARY_SHORT"": 1, ""ZERO_BOUNDARY_SPAN"": 1}","{""d-offset intersects an inflated static-obstacle box"": 2}",LOC_UNKNOWN,ACCEPTABLE_NOT_A_QUALITY_LABEL,10.283938,30.162986999999998,0.0016388363097555021,-0.00021896821048850157,0.0005227398695080154,0.0015176861120573988,0.8811095668288164,False,False,True,PASS_IDS_AND_CANDIDATE_DIGEST_SET,RIGHT,ONE,0.40621704076492604,MEDIUM,STOPPED,0.6926792346629709,MEDIUM,POSITIVE,IDLE__P0_BACKUP_ONLY,
DEVELOPMENT,True,p3_mapping_research_corpus_v1_seed_20260830,episode_iterative_stratification_v1,False,257577c116eb07064e5a3cc367b660a9eee4f5f26460b3582af2afc7205145b0,128,rosbag2_2026_08_24-19_00_30__EP0052,rosbag2_2026_08_24-19_00_30,540.620135977,1787566170760308951,19268,1,PLAN_PRIMARY,STRICT,0,0.9833038890518194,0.15582772957225538,0,0.6776932229046283,0.6776932229046283,2,2,2,2,0,IDLE,P0_BACKUP_ONLY,True,True,SAFE_STOP_AUTHORITY,,2,"[{""d_center"":0.16978735755983992,""d_left"":0.18795442595556652,""d_right"":0.15092404769358128,""id"":79,""is_static"":true,""is_visible"":true,""s_center"":1.2300295846019336,""s_end"":1.2404950256290332,""s_start"":1.219564143574834},{""d_center"":-0.31180442657814145,""d_left"":-0.23663448510725615,""d_right"":-0.38595358963391163,""id"":85,""is_static"":true,""is_visible"":true,""s_center"":1.4296057176218229,""s_end"":1.5547828668256014,""s_start"":1.3044285684180443}]",input_39d145f2d675ebb8,ego_d06d66a917236d82,obs_cee7eec9ebeb4e8f,ref_3f5d487564f4ee3d,1787566170710805621,7045,2,1,True,2,"{""M1"": 2}","{""ZERO_BOUNDARY_SHORT"": 1, ""ZERO_BOUNDARY_SPAN"": 1}","{""shifted race line exceeds right control steering curvature"": 2}",LOC_UNKNOWN,ACCEPTABLE_NOT_A_QUALITY_LABEL,-0.067885,29.867733,0.010890081001038105,-0.0003744449196216859,0.003067796276371104,0.010308840215671744,0.8979905026638869,False,False,True,PASS_IDS_AND_CANDIDATE_DIGEST_SET,MIXED_OR_CENTER,TWO,0.14931910452665548,NARROW,STOPPED,0.6926792346629709,MEDIUM,POSITIVE,IDLE__P0_BACKUP_ONLY,
DEVELOPMENT,True,p3_mapping_research_corpus_v1_seed_20260830,episode_iterative_stratification_v1,False,257577c116eb07064e5a3cc367b660a9eee4f5f26460b3582af2afc7205145b0,28,rosbag2_2026_08_24-19_00_30__EP0054,rosbag2_2026_08_24-19_00_30,541.540084109,1787566171680257083,19304,1,PLAN_PRIMARY,STRICT,0,0.9811832081743939,0.20151923796426296,0,0.6342908192399093,0.6342908192399093,2,2,2,2,0,IDLE,P0_BACKUP_ONLY,True,True,SAFE_STOP_AUTHORITY,,3,"[{""d_center"":0.23745669942513653,""d_left"":0.365729901171686,""d_right"":0.10902729248639702,""id"":76,""is_static"":true,""is_visible"":true,""s_center"":4.170681887002689,""s_end"":4.297781698565977,""s_start"":4.043582075439401},{""d_center"":0.23827850815192417,""d_left"":0.252473732234475,""d_right"":0.22315215725886164,""id"":79,""is_static"":true,""is_visible"":true,""s_center"":1.2333868391906515,""s_end"":1.2429264206417598,""s_start"":1.2238472577395432},{""d_center"":-0.3403219779621082,""d_left"":-0.2266363250473109,""d_right"":-0.4524150099138832,""id"":85,""is_static"":true,""is_visible"":true,""s_center"":1.4600027797855915,""s_end"":1.5938251014497724,""s_start"":1.3261804581214105}]",input_2ea57706fda35620,ego_09a34acdef3981c0,obs_2729f14befdd0639,ref_3f5d487564f4ee3d,1787566171640621039,7080,2,1,True,2,"{""M1"": 2}","{""ZERO_BOUNDARY_SHORT"": 1, ""ZERO_BOUNDARY_SPAN"": 1}","{""shifted race line exceeds right control steering curvature"": 2}",LOC_UNKNOWN,ACCEPTABLE_NOT_A_QUALITY_LABEL,10.385204,30.068056,0.0023186689327001873,-2.7286590633002206e-05,0.0,0.0022905622914579926,0.6684618948343757,False,False,True,PASS_IDS_AND_CANDIDATE_DIGEST_SET,MIXED_OR_CENTER,THREE_PLUS,0.256702608685289,MEDIUM,STOPPED,0.6926792346629709,MEDIUM,POSITIVE,IDLE__P0_BACKUP_ONLY,
DEVELOPMENT,False,p3_mapping_research_corpus_v1_seed_20260830,episode_iterative_stratification_v1,False,257577c116eb07064e5a3cc367b660a9eee4f5f26460b3582af2afc7205145b0,75,rosbag2_2026_08_24-19_00_30__EP0055,rosbag2_2026_08_24-19_00_30,542.770081584,1787566172910254558,19348,1,PLAN_PRIMARY,STRICT,0,0.9833898132820552,0.20631023810969415,0,0.6296559575207876,0.6296559575207876,2,2,2,2,0,IDLE,P0_BACKUP_ONLY,True,True,SAFE_STOP_AUTHORITY,,3,"[{""d_center"":0.25387183124598633,""d_left"":0.3675177126997603,""d_right"":0.14008041595870055,""id"":76,""is_static"":true,""is_visible"":true,""s_center"":4.162714103717535,""s_end"":4.277869198160518,""s_start"":4.047559009274552},{""d_center"":0.23292531363718078,""d_left"":0.2526880348600689,""d_right"":0.21199149276365398,""id"":79,""is_static"":true,""is_visible"":true,""s_center"":1.2458764626061354,""s_end"":1.257840635268369,""s_start"":1.2339122899439017},{""d_center"":-0.31595411907664284,""d_left"":-0.223515674520387,""d_right"":-0.40656050714680214,""id"":85,""is_static"":true,""is_visible"":true,""s_center"":1.4682046024342355,""s_end"":1.6061454238212733,""s_start"":1.3302637810471976}]",input_b4a4ae0130a4194c,ego_a132bbee552a2839,obs_4b4748eccc79be9e,ref_3f5d487564f4ee3d,1787566172860432488,7121,2,1,True,2,"{""M1"": 2}","{""ZERO_BOUNDARY_SHORT"": 1, ""ZERO_BOUNDARY_SPAN"": 1}","{""shifted race line exceeds right control steering curvature"": 2}",LOC_UNKNOWN,ACCEPTABLE_NOT_A_QUALITY_LABEL,-0.117896,20.223660000000002,0.0010011183413231803,-0.0003587814455523475,0.0003707301002758845,0.0009766350655942002,0.7928827889738245,False,False,True,PASS_IDS_AND_CANDIDATE_DIGEST_SET,MIXED_OR_CENTER,THREE_PLUS,0.22743729674105975,MEDIUM,STOPPED,0.6926792346629709,MEDIUM,POSITIVE,IDLE__P0_BACKUP_ONLY,
DEVELOPMENT,True,p3_mapping_research_corpus_v1_seed_20260830,episode_iterative_stratification_v1,False,257577c116eb07064e5a3cc367b660a9eee4f5f26460b3582af2afc7205145b0,29,rosbag2_2026_08_24-19_00_30__EP0056,rosbag2_2026_08_24-19_00_30,542.840073923,1787566172980246897,19351,1,PLAN_PRIMARY,STRICT,0,0.9819206345652735,0.20795213566231097,0,0.6288422615778055,0.6288422615778055,2,2,2,2,0,IDLE,P0_BACKUP_ONLY,True,True,SAFE_STOP_AUTHORITY,,3,"[{""d_center"":0.24372280346117534,""d_left"":0.3656306061334164,""d_right"":0.12156630775453277,""id"":76,""is_static"":true,""is_visible"":true,""s_center"":4.181134114012289,""s_end"":4.303389915427569,""s_start"":4.058878312597008},{""d_center"":0.23956911515718587,""d_left"":0.2527832121837458,""d_right"":0.22538246464592543,""id"":79,""is_static"":true,""is_visible"":true,""s_center"":1.239465670634459,""s_end"":1.2479254904618626,""s_start"":1.2310058508070552},{""d_center"":-0.31835048644556696,""d_left"":-0.22115896492849707,""d_right"":-0.41376197185084895,""id"":85,""is_static"":true,""is_visible"":true,""s_center"":1.4666523155094393,""s_end"":1.6049464333175028,""s_start"":1.3283581977013759}]",input_e4a71ad1a8c46e7c,ego_3eba85b77522f621,obs_517157fa9682b999,ref_3f5d487564f4ee3d,1787566172940427001,7124,2,1,True,2,"{""M1"": 2}","{""ZERO_BOUNDARY_SHORT"": 1, ""ZERO_BOUNDARY_SPAN"": 1}","{""shifted race line exceeds right control steering curvature"": 2}",LOC_UNKNOWN,ACCEPTABLE_NOT_A_QUALITY_LABEL,10.416457000000001,30.225602000000002,0.0024346009999175085,-0.00021804164579308782,0.0,0.0024218367635796823,0.6684618948343757,False,False,True,PASS_IDS_AND_CANDIDATE_DIGEST_SET,MIXED_OR_CENTER,THREE_PLUS,0.24406429837888366,MEDIUM,STOPPED,0.6926792346629709,MEDIUM,POSITIVE,IDLE__P0_BACKUP_ONLY,
DEVELOPMENT,False,p3_mapping_research_corpus_v1_seed_20260830,episode_iterative_stratification_v1,False,257577c116eb07064e5a3cc367b660a9eee4f5f26460b3582af2afc7205145b0,110,rosbag2_2026_08_24-19_00_30__EP0057,rosbag2_2026_08_24-19_00_30,543.220077047,1787566173360250021,19365,1,PLAN_PRIMARY,STRICT,0,0.9867330233547643,0.21032187985832357,0,0.7689403635066004,0.7412417773484763,2,2,2,2,0,IDLE,P0_BACKUP_ONLY,True,True,SAFE_STOP_AUTHORITY,,3,"[{""d_center"":0.24136510551579282,""d_left"":0.36675838099579566,""d_right"":0.11578788693576571,""id"":76,""is_static"":true,""is_visible"":true,""s_center"":4.177048167392677,""s_end"":4.301169685374708,""s_start"":4.0529266494106455},{""d_center"":0.24791870226530877,""d_left"":0.25929399369268114,""d_right"":0.23543898423282802,""id"":79,""is_static"":true,""is_visible"":true,""s_center"":1.24674394955253,""s_end"":1.2544762722552658,""s_start"":1.2390116268497944},{""d_center"":-0.3188000099015927,""d_left"":-0.21946207805210172,""d_right"":-0.41653847374517533,""id"":85,""is_static"":true,""is_visible"":true,""s_center"":1.456848789252534,""s_end"":1.5784229845866402,""s_start"":1.3352745939184276}]",input_558545ba5e9c29e7,ego_6de48f28a6edc592,obs_292e29172044fede,ref_3f5d487564f4ee3d,1787566173310338324,7137,2,1,True,2,"{""M1"": 2}","{""ZERO_BOUNDARY_SHORT"": 1, ""ZERO_BOUNDARY_SPAN"": 1}","{""d-offset intersects an inflated static-obstacle box"": 2}",LOC_UNKNOWN,ACCEPTABLE_NOT_A_QUALITY_LABEL,0.0518,20.098494000000002,0.0013781150928134157,-8.950227701065573e-05,0.0015541678253635505,0.0004839296725957509,0.8676453555709984,False,False,True,PASS_IDS_AND_CANDIDATE_DIGEST_SET,MIXED_OR_CENTER,THREE_PLUS,0.25097049406002997,MEDIUM,STOPPED,0.6926792346629709,MEDIUM,POSITIVE,IDLE__P0_BACKUP_ONLY,
DEVELOPMENT,False,p3_mapping_research_corpus_v1_seed_20260830,episode_iterative_stratification_v1,False,257577c116eb07064e5a3cc367b660a9eee4f5f26460b3582af2afc7205145b0,30,rosbag2_2026_08_24-19_00_30__EP0061,rosbag2_2026_08_24-19_00_30,547.47018765,1787566177610360624,19530,1,PLAN_PRIMARY,STRICT,0,0.9907584676021796,0.20401484122946884,0,0.62882261985456,0.62882261985456,2,2,2,2,0,IDLE,P0_BACKUP_ONLY,True,True,SAFE_STOP_AUTHORITY,,4,"[{""d_center"":0.24186980969751437,""d_left"":0.3539014552988799,""d_right"":0.12964876119500743,""id"":76,""is_static"":true,""is_visible"":true,""s_center"":4.165125946714564,""s_end"":4.2802588265709165,""s_start"":4.049993066858212},{""d_center"":0.23613661336687625,""d_left"":0.24939743167505968,""d_right"":0.2218296500338322,""id"":79,""is_static"":true,""is_visible"":true,""s_center"":1.243960269762488,""s_end"":1.2525817732777857,""s_start"":1.2353387662471904},{""d_center"":-0.3338157529473168,""d_left"":-0.22763234637761798,""d_right"":-0.438139048874991,""id"":85,""is_static"":true,""is_visible"":true,""s_center"":1.4690532031628194,""s_end"":1.6084547692651343,""s_start"":1.3296516370605045},{""d_center"":-0.970391906001117,""d_left"":-0.9161316896474468,""d_right"":-1.0240600742898547,""id"":91,""is_static"":true,""is_visible"":true,""s_center"":5.4268053055728185,""s_end"":5.543755830102896,""s_start"":5.309854781042741}]",input_d936ccefdd8af11f,ego_a1bdb6cbc70e4c83,obs_40399e6cfde22111,ref_3f5d487564f4ee3d,1787566177569608543,7288,2,1,True,2,"{""M1"": 2}","{""ZERO_BOUNDARY_SHORT"": 1, ""ZERO_BOUNDARY_SPAN"": 1}","{""shifted race line exceeds right control steering curvature"": 2}",LOC_UNKNOWN,ACCEPTABLE_NOT_A_QUALITY_LABEL,8.914211,29.120258,0.0036684631245242007,0.00021025733165713767,0.0,0.0019782077121240083,0.6684618948343757,False,False,True,PASS_IDS_AND_CANDIDATE_DIGEST_SET,MIXED_OR_CENTER,THREE_PLUS,0.22425269410387247,MEDIUM,STOPPED,0.6926792346629709,MEDIUM,POSITIVE,IDLE__P0_BACKUP_ONLY,
DEVELOPMENT,True,p3_mapping_research_corpus_v1_seed_20260830,episode_iterative_stratification_v1,False,257577c116eb07064e5a3cc367b660a9eee4f5f26460b3582af2afc7205145b0,151,rosbag2_2026_08_24-19_00_30__EP0064,rosbag2_2026_08_24-19_00_30,549.62009893,1787566179760271904,19593,1,PLAN_PRIMARY,STRICT,0,0.8542816192692234,-0.008292162020816451,0,0.623468686890923,0.623468686890923,2,2,2,2,0,IDLE,P0_BACKUP_ONLY,True,True,SAFE_STOP_AUTHORITY,,3,"[{""d_center"":0.03335000895279651,""d_left"":0.0432871958820671,""d_right"":0.023477972787126142,""id"":79,""is_static"":true,""is_visible"":true,""s_center"":1.0721553808054183,""s_end"":1.078920929263431,""s_start"":1.0653898323474056},{""d_center"":-0.5397360869479051,""d_left"":-0.4132523472702633,""d_right"":-0.673524705447811,""id"":85,""is_static"":true,""is_visible"":true,""s_center"":1.2864112592940629,""s_end"":1.4436086845132823,""s_start"":1.1292138340748434},{""d_center"":-0.989221951307652,""d_left"":-0.9365638061226426,""d_right"":-1.0425656761380095,""id"":91,""is_static"":true,""is_visible"":false,""s_center"":5.358679962468835,""s_end"":5.462612584848341,""s_start"":5.254747340089328}]",input_2303230a5b6e22c4,ego_7808ee5c3b4cf042,obs_eb85be7db25b4bf3,ref_3f5d487564f4ee3d,1787566179719313831,7341,2,1,True,2,"{""M1"": 2}","{""ZERO_BOUNDARY_SHORT"": 1, ""ZERO_BOUNDARY_SPAN"": 1}","{""shifted race line exceeds right control steering curvature"": 2}",LOC_UNKNOWN,ACCEPTABLE_NOT_A_QUALITY_LABEL,9.370138,30.620872000000002,0.00730810994074628,0.00019578765557382027,0.007148840191119721,0.0014534193777447453,0.9388753764188094,False,False,True,PASS_IDS_AND_CANDIDATE_DIGEST_SET,MIXED_OR_CENTER,THREE_PLUS,0.2602723581775477,MEDIUM,STOPPED,0.659405264656562,MEDIUM,POSITIVE,IDLE__P0_BACKUP_ONLY,
DEVELOPMENT,True,p3_mapping_research_corpus_v1_seed_20260830,episode_iterative_stratification_v1,False,257577c116eb07064e5a3cc367b660a9eee4f5f26460b3582af2afc7205145b0,147,rosbag2_2026_08_24-19_00_30__EP0066,rosbag2_2026_08_24-19_00_30,550.800105388,1787566180940278362,19637,1,PLAN_PRIMARY,STRICT,0,1.0085856107001545,0.06940892621532278,0,0.6123664716537465,0.6123664716537465,2,2,2,2,0,IDLE,P0_BACKUP_ONLY,True,True,SAFE_STOP_AUTHORITY,,5,"[{""d_center"":0.08349249966339685,""d_left"":0.09845595523645521,""d_right"":0.06795640053646597,""id"":79,""is_static"":true,""is_visible"":true,""s_center"":1.2470309086716154,""s_end"":1.2555927932897812,""s_start"":1.2384690240534495},{""d_center"":-0.47078437436142156,""d_left"":-0.380057558486973,""d_right"":-0.5605843957442487,""id"":85,""is_static"":true,""is_visible"":true,""s_center"":1.4351621449968732,""s_end"":1.5714726804801606,""s_start"":1.2988516095135858},{""d_center"":-0.989221951307652,""d_left"":-0.9365638061226426,""d_right"":-1.0425656761380095,""id"":91,""is_static"":true,""is_visible"":false,""s_center"":5.358679962468835,""s_end"":5.462612584848341,""s_start"":5.254747340089328},{""d_center"":-0.1273700105922568,""d_left"":0.1080114102383119,""d_right"":-0.3627514314228266,""id"":79,""is_static"":true,""is_visible"":true,""s_center"":4.009852738244528,""s_end"":4.25204246256994,""s_start"":3.7676630139191163},{""d_center"":-0.3330536987024025,""d_left"":-0.17227601056002093,""d_right"":-0.494373500317304,""id"":94,""is_static"":true,""is_visible"":true,""s_center"":3.1775498020275714,""s_end"":3.3444645859104822,""s_start"":3.0106350181446606}]",input_7a0606942b1aa59e,ego_7d95c0e82a9e5cf8,obs_8a7b8cac981f56cd,ref_3f5d487564f4ee3d,1787566180889193555,7377,2,1,True,2,"{""M1"": 2}","{""ZERO_BOUNDARY_SHORT"": 1, ""ZERO_BOUNDARY_SPAN"": 1}","{""d-offset intersects an inflated static-obstacle box"": 2}",LOC_UNKNOWN,ACCEPTABLE_NOT_A_QUALITY_LABEL,8.887936000000002,29.980006,0.00705938767789287,-0.0014815524559577131,0.005934591850111914,0.0037823715139797404,0.9265693768820941,False,False,True,PASS_IDS_AND_CANDIDATE_DIGEST_SET,MIXED_OR_CENTER,THREE_PLUS,0.4707628416611385,MEDIUM,STOPPED,0.6926792346629709,MEDIUM,POSITIVE,IDLE__P0_BACKUP_ONLY,
DEVELOPMENT,False,p3_mapping_research_corpus_v1_seed_20260830,episode_iterative_stratification_v1,False,257577c116eb07064e5a3cc367b660a9eee4f5f26460b3582af2afc7205145b0,131,rosbag2_2026_08_24-19_00_30__EP0067,rosbag2_2026_08_24-19_00_30,551.09009262,1787566181230265594,19646,1,PLAN_PRIMARY,STRICT,0,0.8961645541760982,0.014936696617206533,0,0.5870963403943124,0.5870963403943124,2,2,2,2,0,IDLE,P0_BACKUP_ONLY,True,True,SAFE_STOP_AUTHORITY,,5,"[{""d_center"":0.058028422964084954,""d_left"":0.07300716487900913,""d_right"":0.04305601541947781,""id"":79,""is_static"":true,""is_visible"":true,""s_center"":1.125891438242848,""s_end"":1.1341215795976374,""s_start"":1.1176612968880586},{""d_center"":-0.4902906233644722,""d_left"":-0.39375490984693046,""d_right"":-0.5906700004284386,""id"":85,""is_static"":true,""is_visible"":true,""s_center"":1.332927483230485,""s_end"":1.471924261887455,""s_start"":1.1939307045735148},{""d_center"":-0.989221951307652,""d_left"":-0.9365638061226426,""d_right"":-1.0425656761380095,""id"":91,""is_static"":true,""is_visible"":false,""s_center"":5.358679962468835,""s_end"":5.462612584848341,""s_start"":5.254747340089328},{""d_center"":-0.2967127474874892,""d_left"":-0.1879822463958291,""d_right"":-0.40495075146493464,""id"":94,""is_static"":true,""is_visible"":true,""s_center"":3.026931724270879,""s_end"":3.1376934634747453,""s_start"":2.916169985067013},{""d_center"":-0.2343976946255921,""d_left"":0.1398349878139283,""d_right"":-0.6086303770651127,""id"":79,""is_static"":true,""is_visible"":true,""s_center"":3.995374827031527,""s_end"":4.339564741568608,""s_start"":3.651184912494446}]",input_2503c597af8d0aa4,ego_8aa13de76cd4f850,obs_5cb33d7bbd95db31,ref_3f5d487564f4ee3d,1787566181170546282,7384,2,1,True,2,"{""M1"": 2}","{""ZERO_BOUNDARY_SHORT"": 1, ""ZERO_BOUNDARY_SPAN"": 1}","{""shifted race line exceeds right control steering curvature"": 2}",LOC_UNKNOWN,ACCEPTABLE_NOT_A_QUALITY_LABEL,-7.178742,24.793412,0.004285092765418376,-0.001608263305392654,0.0038545676363529457,0.0020181204400203188,0.9086750057910586,False,False,True,PASS_IDS_AND_CANDIDATE_DIGEST_SET,MIXED_OR_CENTER,THREE_PLUS,0.748465364879041,WIDE,STOPPED,0.6926792346629709,MEDIUM,POSITIVE,IDLE__P0_BACKUP_ONLY,
DEVELOPMENT,False,p3_mapping_research_corpus_v1_seed_20260830,episode_iterative_stratification_v1,False,257577c116eb07064e5a3cc367b660a9eee4f5f26460b3582af2afc7205145b0,163,rosbag2_2026_08_24-19_00_30__EP0068,rosbag2_2026_08_24-19_00_30,551.690063138,1787566181830236112,19667,1,PLAN_PRIMARY,STRICT,0,0.9934038917587171,0.08177640899361736,0,0.6146326598325145,0.6146326598325145,2,2,2,2,0,IDLE,P0_BACKUP_ONLY,True,True,SAFE_STOP_AUTHORITY,,4,"[{""d_center"":0.09851314914204916,""d_left"":0.11476001130172815,""d_right"":0.08163050183076659,""id"":79,""is_static"":true,""is_visible"":true,""s_center"":1.2425334921913196,""s_end"":1.252219171620827,""s_start"":1.232847812761812},{""d_center"":-0.47881932222240264,""d_left"":-0.367100922436256,""d_right"":-0.5896595343502828,""id"":85,""is_static"":true,""is_visible"":true,""s_center"":1.4400247499231118,""s_end"":1.5857038284215255,""s_start"":1.2943456714246981},{""d_center"":-0.989221951307652,""d_left"":-0.9365638061226426,""d_right"":-1.0425656761380095,""id"":91,""is_static"":true,""is_visible"":false,""s_center"":5.358679962468835,""s_end"":5.462612584848341,""s_start"":5.254747340089328},{""d_center"":-0.5143148123460312,""d_left"":-0.41276094155027,""d_right"":-0.6160894449577186,""id"":79,""is_static"":true,""is_visible"":false,""s_center"":4.16278176055792,""s_end"":4.245271840573704,""s_start"":4.080291680542135}]",input_b8fc3b00227592c0,ego_da6f970fcf7b30a3,obs_ca1fbdf8c08c80e1,ref_3f5d487564f4ee3d,1787566181775214431,7403,2,1,True,2,"{""M1"": 2}","{""ZERO_BOUNDARY_SHORT"": 1, ""ZERO_BOUNDARY_SPAN"": 1}","{""shifted race line exceeds right control steering curvature"": 2}",LOC_UNKNOWN,ACCEPTABLE_NOT_A_QUALITY_LABEL,-3.8497890000000003,30.833937,0.013334546937952448,-0.0023951924377803024,0.01300800692487547,0.004742210942384167,0.9561327310632384,False,False,True,PASS_IDS_AND_CANDIDATE_DIGEST_SET,MIXED_OR_CENTER,THREE_PLUS,0.22255861191402682,MEDIUM,STOPPED,0.6926792346629709,MEDIUM,POSITIVE,IDLE__P0_BACKUP_ONLY,
DEVELOPMENT,False,p3_mapping_research_corpus_v1_seed_20260830,episode_iterative_stratification_v1,False,257577c116eb07064e5a3cc367b660a9eee4f5f26460b3582af2afc7205145b0,111,rosbag2_2026_08_24-19_00_30__EP0071,rosbag2_2026_08_24-19_00_30,554.070113972,1787566184210286946,19741,1,PLAN_PRIMARY,STRICT,0,0.9895723217127292,0.24136096467620227,0,0.7309453974810006,0.68552228101848,2,2,2,2,0,IDLE,P0_BACKUP_ONLY,True,True,SAFE_STOP_AUTHORITY,,4,"[{""d_center"":0.27480146073516115,""d_left"":0.28621988327605175,""d_right"":0.26232614857770165,""id"":79,""is_static"":true,""is_visible"":true,""s_center"":1.2551243888829544,""s_end"":1.2626990369398934,""s_start"":1.2475497408260154},{""d_center"":-0.2933833946138687,""d_left"":-0.19524617089093788,""d_right"":-0.39167787196691295,""id"":85,""is_static"":true,""is_visible"":true,""s_center"":1.4836135699812272,""s_end"":1.6258506763166616,""s_start"":1.3413764636457928},{""d_center"":0.27526520435923674,""d_left"":0.3655182643837037,""d_right"":0.18457872258850325,""id"":79,""is_static"":true,""is_visible"":true,""s_center"":4.180407478643962,""s_end"":4.279280804164184,""s_start"":4.081534153123739},{""d_center"":-0.6120984393586784,""d_left"":-0.5037481903848132,""d_right"":-0.7202329197731684,""id"":96,""is_static"":true,""is_visible"":true,""s_center"":5.9256395753397895,""s_end"":6.079456762846382,""s_start"":5.771822387833197}]",input_3a613e6d18c62148,ego_6f87872b04d097db,obs_4dcd883bde029165,ref_3f5d487564f4ee3d,1787566184170918036,7468,2,1,True,2,"{""M1"": 2}","{""ZERO_BOUNDARY_SHORT"": 1, ""ZERO_BOUNDARY_SPAN"": 1}","{""d-offset intersects an inflated static-obstacle box"": 1, ""shifted race line exceeds left control steering curvature"": 1}",LOC_UNKNOWN,ACCEPTABLE_NOT_A_QUALITY_LABEL,10.756497,29.435334,0.0019073149503816109,-0.0018533074894435677,0.0015564504777605404,0.0015167155936901544,0.8677032661570535,False,False,True,PASS_IDS_AND_CANDIDATE_DIGEST_SET,MIXED_OR_CENTER,THREE_PLUS,0.21648472938835517,MEDIUM,STOPPED,0.6926792346629709,MEDIUM,POSITIVE,IDLE__P0_BACKUP_ONLY,
DEVELOPMENT,False,p3_mapping_research_corpus_v1_seed_20260830,episode_iterative_stratification_v1,False,257577c116eb07064e5a3cc367b660a9eee4f5f26460b3582af2afc7205145b0,73,rosbag2_2026_08_24-19_00_30__EP0073,rosbag2_2026_08_24-19_00_30,555.490095535,1787566185630268509,19798,2,PLAN_PRIMARY,STRICT,0,0.9967089938185812,0.23528416765872603,0,0.7291718554446478,0.5861767532119763,6,6,6,6,0,IDLE,P0_BACKUP_ONLY,True,False,BOUNDARY_HANDOFF_UNRESOLVED,,3,"[{""d_center"":0.28115983340430656,""d_left"":0.2915890951471809,""d_right"":0.26956788609440735,""id"":79,""is_static"":true,""is_visible"":true,""s_center"":1.2541898512959835,""s_end"":1.2608294368844053,""s_start"":1.2475502657075617},{""d_center"":-0.3288668763016582,""d_left"":-0.19394206060321828,""d_right"":-0.4656061292465678,""id"":85,""is_static"":true,""is_visible"":true,""s_center"":1.4934272977936711,""s_end"":1.6556358540377578,""s_start"":1.3312187415495844},{""d_center"":0.24693550863445088,""d_left"":0.32877005862949527,""d_right"":0.16473439860374134,""id"":79,""is_static"":true,""is_visible"":true,""s_center"":4.17518624546268,""s_end"":4.265774068274238,""s_start"":4.084598422651121}]",input_4e6bdccccfc0a8ee,ego_e521069962797552,obs_5dc71231e5053a45,ref_3f5d487564f4ee3d,1787566185578205768,7512,2,1,True,6,"{""M0_V2"": 4, ""M1"": 2}","{""ZERO_BOUNDARY_SHORT"": 1, ""ZERO_BOUNDARY_SPAN"": 1, ""ZERO_INTERFACE_BOUNDARY_INSET"": 1, ""ZERO_INTERFACE_CENTER_LONG_EXIT"": 1, ""ZERO_INTERFACE_QUARTER_LONG_EXIT"": 1, ""ZERO_INTERFACE_QUARTER_SCALE"": 1}","{""d-offset intersects an inflated static-obstacle box"": 4, ""shifted race line exceeds left control steering curvature"": 2}",LOC_UNKNOWN,ACCEPTABLE_NOT_A_QUALITY_LABEL,-2.0396989999999997,29.560959,0.008636066156251091,-0.0038829413881986685,0.0,0.007879311876457767,0.7863678480426222,False,False,True,PASS_IDS_AND_CANDIDATE_DIGEST_SET,MIXED_OR_CENTER,THREE_PLUS,0.2716640686433495,MEDIUM,STOPPED,0.6926792346629709,MEDIUM,POSITIVE,IDLE__P0_BACKUP_ONLY,
DEVELOPMENT,True,p3_mapping_research_corpus_v1_seed_20260830,episode_iterative_stratification_v1,False,257577c116eb07064e5a3cc367b660a9eee4f5f26460b3582af2afc7205145b0,150,rosbag2_2026_08_24-19_00_30__EP0075,rosbag2_2026_08_24-19_00_30,556.070105096,1787566186210278070,19818,1,PLAN_PRIMARY,STRICT,0,1.0185121231158745,0.24502107913697357,0,0.7291026678295783,0.6636905398367448,2,2,2,2,0,IDLE,P0_BACKUP_ONLY,True,True,SAFE_STOP_AUTHORITY,,3,"[{""d_center"":0.26717062765509114,""d_left"":0.27636452306648296,""d_right"":0.257571578269549,""id"":79,""is_static"":true,""is_visible"":true,""s_center"":1.2747815600912216,""s_end"":1.2801273705720386,""s_start"":1.2694357496104045},{""d_center"":-0.30281674804703457,""d_left"":-0.20917165361508872,""d_right"":-0.39612552681928,""id"":85,""is_static"":true,""is_visible"":true,""s_center"":1.480456176867634,""s_end"":1.615857442576405,""s_start"":1.3450549111588632},{""d_center"":0.19011294287941927,""d_left"":0.2904873216117178,""d_right"":0.08953727496275035,""id"":79,""is_static"":true,""is_visible"":true,""s_center"":4.157074582571414,""s_end"":4.266786521284983,""s_start"":4.047362643857845}]",input_c19b1459ec894f6f,ego_e87e892fce79b379,obs_42cda81b09bb185e,ref_3f5d487564f4ee3d,1787566186150833409,7530,2,1,True,2,"{""M1"": 2}","{""ZERO_BOUNDARY_SHORT"": 1, ""ZERO_BOUNDARY_SPAN"": 1}","{""shifted race line exceeds left control steering curvature"": 2}",LOC_UNKNOWN,ACCEPTABLE_NOT_A_QUALITY_LABEL,-9.168384,26.074327,0.0031921536038403402,0.002505710183164034,0.0,0.0023486662680632098,0.9319261060921936,False,False,True,PASS_IDS_AND_CANDIDATE_DIGEST_SET,MIXED_OR_CENTER,THREE_PLUS,0.20095004664896746,MEDIUM,STOPPED,0.6926792346629709,MEDIUM,POSITIVE,IDLE__P0_BACKUP_ONLY,
DEVELOPMENT,False,p3_mapping_research_corpus_v1_seed_20260830,episode_iterative_stratification_v1,False,257577c116eb07064e5a3cc367b660a9eee4f5f26460b3582af2afc7205145b0,177,rosbag2_2026_08_24-19_00_30__EP0076,rosbag2_2026_08_24-19_00_30,556.220083001,1787566186360255975,19824,1,PLAN_PRIMARY,STRICT,0,1.0589925638559998,0.2419626800483561,0,0.6718870083468526,0.6439657432025337,2,2,2,2,0,IDLE,P0_BACKUP_ONLY,True,True,SAFE_STOP_AUTHORITY,,3,"[{""d_center"":0.26195504094139027,""d_left"":0.2708060048532501,""d_right"":0.2530245901891553,""id"":79,""is_static"":true,""is_visible"":true,""s_center"":1.3129198111111295,""s_end"":1.3186146568336476,""s_start"":1.3072249653886114},{""d_center"":-0.3183337523503096,""d_left"":-0.2153481348281563,""d_right"":-0.4239805607820629,""id"":85,""is_static"":true,""is_visible"":true,""s_center"":1.5213322757643126,""s_end"":1.6680505333704991,""s_start"":1.3746140181581261},{""d_center"":0.19371193969122363,""d_left"":0.2947340085924851,""d_right"":0.09209838643280764,""id"":79,""is_static"":true,""is_visible"":true,""s_center"":4.196619599426967,""s_end"":4.305371229183276,""s_start"":4.087867969670658}]",input_31891ebe7cee6fa7,ego_9a254a62e7802710,obs_a0bc84faebc88fe6,ref_3f5d487564f4ee3d,1787566186301499450,7536,2,1,True,2,"{""M1"": 2}","{""ZERO_BOUNDARY_SHORT"": 1, ""ZERO_BOUNDARY_SPAN"": 1}","{""shifted race line exceeds left control steering curvature"": 2}",LOC_UNKNOWN,ACCEPTABLE_NOT_A_QUALITY_LABEL,-8.58987,22.685047,0.0045144876675214714,0.002182628941393094,0.0,0.0026267984005608758,0.9856671299513551,False,False,True,PASS_IDS_AND_CANDIDATE_DIGEST_SET,MIXED_OR_CENTER,THREE_PLUS,0.20863242595390663,MEDIUM,STOPPED,0.6926792346629709,MEDIUM,POSITIVE,IDLE__P0_BACKUP_ONLY,
DEVELOPMENT,False,p3_mapping_research_corpus_v1_seed_20260830,episode_iterative_stratification_v1,False,257577c116eb07064e5a3cc367b660a9eee4f5f26460b3582af2afc7205145b0,71,rosbag2_2026_08_24-19_00_30__EP0079,rosbag2_2026_08_24-19_00_30,589.490094599,1787566219630267573,21154,1,PLAN_PRIMARY,STRICT,0,2.1915929380631827,-0.77282149124493,0.32943104956943253,0.06389967047647563,0.027356948506952063,6,6,6,6,0,IDLE,P0_BACKUP_ONLY,True,True,SAFE_STOP_AUTHORITY,,1,"[{""d_center"":0.47262933835224663,""d_left"":0.8810656302866501,""d_right"":0.06451651906656872,""id"":107,""is_static"":true,""is_visible"":true,""s_center"":2.6468532941733818,""s_end"":3.0449525870207217,""s_start"":2.248754001326042}]",input_359b53940b367091,ego_b690cadb16ec0969,obs_315d5166197a0abf,ref_3f5d487564f4ee3d,1787566219576271703,8730,2,1,True,6,"{""M0_V2"": 4, ""M1"": 2}","{""ZERO_BOUNDARY_SHORT"": 1, ""ZERO_BOUNDARY_SPAN"": 1, ""ZERO_INTERFACE_BOUNDARY_INSET"": 1, ""ZERO_INTERFACE_CENTER_LONG_EXIT"": 1, ""ZERO_INTERFACE_QUARTER_LONG_EXIT"": 1, ""ZERO_INTERFACE_QUARTER_SCALE"": 1}","{""quintic d-offset exceeds maximum_lateral_slope"": 2, ""shifted race line exceeds left control steering curvature"": 3, ""shifted race line exceeds right control steering curvature"": 1}",LOC_UNKNOWN,ACCEPTABLE_NOT_A_QUALITY_LABEL,-3.2741670000000003,19.820507000000003,0.012470910575712028,0.0035316101109147398,0.0,0.006431129913214262,0.7855860551308779,False,False,True,PASS_IDS_AND_CANDIDATE_DIGEST_SET,LEFT,ONE,0.8165491112200813,WIDE,LOW,0.3815893470970062,MEDIUM,POSITIVE,IDLE__P0_BACKUP_ONLY,
DEVELOPMENT,False,p3_mapping_research_corpus_v1_seed_20260830,episode_iterative_stratification_v1,False,257577c116eb07064e5a3cc367b660a9eee4f5f26460b3582af2afc7205145b0,104,rosbag2_2026_08_24-19_00_30__EP0081,rosbag2_2026_08_24-19_00_30,590.280092285,1787566220420265259,21180,1,PLAN_PRIMARY,STRICT,0,3.036101633167813,-0.3519282577951857,1.9386132705524035,0.37495553928043407,0.1823126284577651,24,24,30,24,0,IDLE,P0_BACKUP_ONLY,True,True,SAFE_STOP_AUTHORITY,,1,"[{""d_center"":-0.32276722942452873,""d_left"":-0.17108314374108585,""d_right"":-0.47425936934444424,""id"":107,""is_static"":true,""is_visible"":true,""s_center"":4.168649348066531,""s_end"":4.3196535057046495,""s_start"":4.017645190428413}]",input_9f4a8cdeff18dfba,ego_a13d9bd2226f6b6b,obs_6a4ed766606cccb9,ref_3f5d487564f4ee3d,1787566220375741846,8756,2,1,True,30,"{""M0_V1"": 20, ""M0_V2"": 10}","{""FROZEN_V1_CURVATURE_CONTINUITY"": 20, ""ZERO_INTERFACE_BISECTED"": 6, ""ZERO_INTERFACE_BOUNDARY_INSET"": 1, ""ZERO_INTERFACE_CENTER_LONG_EXIT"": 1, ""ZERO_INTERFACE_QUARTER_LONG_EXIT"": 1, ""ZERO_INTERFACE_QUARTER_SCALE"": 1}","{""footprint_track_bound"": 15, ""quintic d-offset exceeds maximum_lateral_slope"": 2, ""shifted race line exceeds left control steering curvature"": 4, ""shifted race line exceeds right control steering curvature"": 9}",LOC_UNKNOWN,ACCEPTABLE_NOT_A_QUALITY_LABEL,6.530382,19.085958,0.05087397396299299,0.007845637112828763,0.0,0.009103723657262752,0.8563527912902479,False,False,True,PASS_IDS_AND_CANDIDATE_DIGEST_SET,RIGHT,ONE,0.3031762256033584,MEDIUM,MOVING,0.29185193577797297,MEDIUM,POSITIVE,IDLE__P0_BACKUP_ONLY,
DEVELOPMENT,False,p3_mapping_research_corpus_v1_seed_20260830,episode_iterative_stratification_v1,False,257577c116eb07064e5a3cc367b660a9eee4f5f26460b3582af2afc7205145b0,115,rosbag2_2026_08_24-19_00_30__EP0087,rosbag2_2026_08_24-19_00_30,660.140076265,1787566290280249239,23866,1,PLAN_PRIMARY,STRICT,0,1.1911957670245332,-0.1471658374863365,0.19677307580653086,0.3237870637001674,0.3237870637001674,2,2,2,2,0,IDLE,P0_BACKUP_ONLY,True,True,SAFE_STOP_AUTHORITY,,2,"[{""d_center"":-0.15213295434459345,""d_left"":-0.010760245998560436,""d_right"":-0.29313418550187237,""id"":153,""is_static"":true,""is_visible"":true,""s_center"":3.7281585975792546,""s_end"":3.869861007424843,""s_start"":3.586456187733666},{""d_center"":-0.0654306447484208,""d_left"":0.0708195571211681,""d_right"":-0.20168084661800967,""id"":155,""is_static"":true,""is_visible"":true,""s_center"":1.3878731912187143,""s_end"":1.5544678743882734,""s_start"":1.2212785080491553}]",input_bdcaa5ac9efc55fb,ego_80f0a8df0519b6fe,obs_62b151631825eba8,ref_3f5d487564f4ee3d,1787566290241698942,10321,2,1,True,2,"{""M1"": 2}","{""ZERO_BOUNDARY_SHORT"": 1, ""ZERO_BOUNDARY_SPAN"": 1}","{""d-offset intersects an inflated static-obstacle box"": 2}",LOC_UNKNOWN,ACCEPTABLE_NOT_A_QUALITY_LABEL,12.333768000000001,28.706463000000003,0.006392610112506749,0.014139518924117356,0.0,0.0014284526110141527,0.8734400787561166,False,False,True,PASS_IDS_AND_CANDIDATE_DIGEST_SET,RIGHT,TWO,0.2823739395033119,MEDIUM,LOW,0.6636512270917774,MEDIUM,POSITIVE,IDLE__P0_BACKUP_ONLY,
DEVELOPMENT,False,p3_mapping_research_corpus_v1_seed_20260830,episode_iterative_stratification_v1,False,257577c116eb07064e5a3cc367b660a9eee4f5f26460b3582af2afc7205145b0,120,rosbag2_2026_08_24-19_00_30__EP0088,rosbag2_2026_08_24-19_00_30,660.720273091,1787566290860446065,23889,1,PLAN_PRIMARY,STRICT,0,1.1780581370287333,-0.1614380222237481,0,0.33038471211118137,0.3112380144658601,4,4,4,4,0,IDLE,P0_BACKUP_ONLY,True,True,SAFE_STOP_AUTHORITY,,2,"[{""d_center"":-0.16740909705654777,""d_left"":0.013176069973573068,""d_right"":-0.3479942640866686,""id"":153,""is_static"":true,""is_visible"":true,""s_center"":3.789660554504365,""s_end"":3.967549995878723,""s_start"":3.611771113130007},{""d_center"":-0.1621042470667281,""d_left"":0.05690710746612887,""d_right"":-0.38111560159958685,""id"":155,""is_static"":true,""is_visible"":true,""s_center"":1.5128053380142208,""s_end"":1.8174116478084672,""s_start"":1.2081990282199744}]",input_ac8096746b800277,ego_b0aeff76e891b3e7,obs_d3f1f635ae01541b,ref_3f5d487564f4ee3d,1787566290811864269,10344,2,1,True,4,"{""M1"": 4}","{""ZERO_BOUNDARY_SHORT"": 2, ""ZERO_BOUNDARY_SPAN"": 2}","{""d-offset intersects an inflated static-obstacle box"": 4}",LOC_UNKNOWN,ACCEPTABLE_NOT_A_QUALITY_LABEL,2.283127,20.337264,0.013140983808017065,0.00060814606369064,0.0,0.012595934757469757,0.8820071809126708,False,False,True,PASS_IDS_AND_CANDIDATE_DIGEST_SET,RIGHT,TWO,0.4380227090657157,MEDIUM,STOPPED,0.6636512270917774,MEDIUM,POSITIVE,IDLE__P0_BACKUP_ONLY,
DEVELOPMENT,True,p3_mapping_research_corpus_v1_seed_20260830,episode_iterative_stratification_v1,False,257577c116eb07064e5a3cc367b660a9eee4f5f26460b3582af2afc7205145b0,78,rosbag2_2026_08_24-19_00_30__EP0096,rosbag2_2026_08_24-19_00_30,690.370080558,1787566320510253532,25075,1,PLAN_PRIMARY,STRICT,0,1.3944659014225946,0.6655301070989192,0,0.25197824973826277,0.14225716173449698,3,3,3,3,0,IDLE,P0_BACKUP_ONLY,True,True,SAFE_STOP_AUTHORITY,,1,"[{""d_center"":-0.131158375256852,""d_left"":0.02442498498172843,""d_right"":-0.28674173549543247,""id"":153,""is_static"":true,""is_visible"":true,""s_center"":2.5147682253041,""s_end"":2.7303102740437124,""s_start"":2.2992261765644875}]",input_3efc43506f140ae9,ego_767c4c16c7049274,obs_b0980d79e7351e19,ref_3f5d487564f4ee3d,1787566320450305293,10925,2,1,True,3,"{""M1"": 3}","{""FAR_SPAN"": 1, ""ZERO_BOUNDARY_SHORT"": 1, ""ZERO_BOUNDARY_SPAN"": 1}","{""shifted race line exceeds left control steering curvature"": 1, ""shifted race line exceeds right control steering curvature"": 2}",LOC_UNKNOWN,ACCEPTABLE_NOT_A_QUALITY_LABEL,-6.977286,22.563649,0.0029119072811463293,0.0004544572213061038,0.0008653219896552766,0.002874734801749379,0.8010481816075978,False,False,True,PASS_IDS_AND_CANDIDATE_DIGEST_SET,RIGHT,ONE,0.3111667204771609,MEDIUM,STOPPED,0.605537730392042,MEDIUM,POSITIVE,IDLE__P0_BACKUP_ONLY,
DEVELOPMENT,True,p3_mapping_research_corpus_v1_seed_20260830,episode_iterative_stratification_v1,False,257577c116eb07064e5a3cc367b660a9eee4f5f26460b3582af2afc7205145b0,159,rosbag2_2026_08_24-19_00_30__EP0099,rosbag2_2026_08_24-19_00_30,781.420081134,1787566411560254108,28697,1,PLAN_PRIMARY,STRICT,0,38.67957555313457,-0.2417432269895621,0,0.1645022108404072,0.04098471847206845,24,24,30,24,0,IDLE,P0_BACKUP_ONLY,True,True,SAFE_STOP_AUTHORITY,,1,"[{""d_center"":-0.162159831172841,""d_left"":-0.14717407349106185,""d_right"":-0.17695853087089278,""id"":185,""is_static"":true,""is_visible"":true,""s_center"":38.915343906845216,""s_end"":38.927395909433564,""s_start"":38.90329190425687}]",input_5415f847d940f8fe,ego_55983ac283c6ef7d,obs_0c8d49976ddfe16e,ref_3f5d487564f4ee3d,1787566411506694922,12126,2,1,True,30,"{""M0_V1"": 6, ""M1"": 24}","{""FROZEN_V1_CURVATURE_CONTINUITY"": 6, ""NEAR_BISECTED"": 21, ""NEAR_LONG"": 1, ""ZERO_BOUNDARY_SHORT"": 1, ""ZERO_BOUNDARY_SPAN"": 1}","{""footprint_track_bound"": 26, ""shifted race line exceeds left control steering curvature"": 3, ""shifted race line exceeds right control steering curvature"": 1}",LOC_UNKNOWN,ACCEPTABLE_NOT_A_QUALITY_LABEL,-2.623999,19.905205,0.010605650344470618,0.00439732081696631,0.009184234015336301,0.006337746853606024,0.9432765809589994,False,False,True,PASS_IDS_AND_CANDIDATE_DIGEST_SET,RIGHT,ONE,0.02978445737983093,NARROW,STOPPED,-0.2889085257440994,MEDIUM,NEGATIVE,IDLE__P0_BACKUP_ONLY,
DEVELOPMENT,False,p3_mapping_research_corpus_v1_seed_20260830,episode_iterative_stratification_v1,False,257577c116eb07064e5a3cc367b660a9eee4f5f26460b3582af2afc7205145b0,59,rosbag2_2026_08_24-19_00_30__EP0101,rosbag2_2026_08_24-19_00_30,894.420105599,1787566524560278573,32982,1,PLAN_PRIMARY,STRICT,0,40.297295796294456,0.17575096128007592,0,0.49629381138431045,0.35871628996892424,6,6,6,6,0,IDLE,P0_BACKUP_ONLY,True,True,SAFE_STOP_AUTHORITY,,3,"[{""d_center"":0.4140959585191724,""d_left"":0.6282438205095511,""d_right"":0.2010682112195124,""id"":207,""is_static"":true,""is_visible"":true,""s_center"":40.37312577033545,""s_end"":40.49019474016263,""s_start"":40.25605680050827},{""d_center"":0.6267176604326903,""d_left"":0.8312467611130321,""d_right"":0.42230314366993377,""id"":210,""is_static"":true,""is_visible"":true,""s_center"":41.50016862167467,""s_end"":41.72087134080877,""s_start"":41.279465902540565},{""d_center"":0.1069344157082467,""d_left"":0.11042491243018751,""d_right"":0.10309851488008528,""id"":189,""is_static"":true,""is_visible"":true,""s_center"":35.02909995821404,""s_end"":35.035453019555554,""s_start"":35.022746896872526}]",input_526084ac718455d7,ego_75ea202a1b47fed5,obs_9dad9ff7a8ad5752,ref_3f5d487564f4ee3d,1787566524519406010,12937,2,1,True,6,"{""M0_V2"": 4, ""M1"": 2}","{""ZERO_BOUNDARY_SHORT"": 1, ""ZERO_BOUNDARY_SPAN"": 1, ""ZERO_INTERFACE_BOUNDARY_INSET"": 1, ""ZERO_INTERFACE_CENTER_LONG_EXIT"": 1, ""ZERO_INTERFACE_QUARTER_LONG_EXIT"": 1, ""ZERO_INTERFACE_QUARTER_SCALE"": 1}","{""d-offset intersects an inflated static-obstacle box"": 6}",LOC_UNKNOWN,ACCEPTABLE_NOT_A_QUALITY_LABEL,8.811764,19.933054,0.01149354602235327,0.001309865531939014,0.0,0.008583602491688824,0.7466122307157749,False,False,True,PASS_IDS_AND_CANDIDATE_DIGEST_SET,LEFT,THREE_PLUS,0.42717560929003867,MEDIUM,STOPPED,-0.2756695892819249,MEDIUM,NEGATIVE,IDLE__P0_BACKUP_ONLY,
DEVELOPMENT,False,p3_mapping_research_corpus_v1_seed_20260830,episode_iterative_stratification_v1,False,257577c116eb07064e5a3cc367b660a9eee4f5f26460b3582af2afc7205145b0,173,rosbag2_2026_08_24-19_00_30__EP0102,rosbag2_2026_08_24-19_00_30,902.440204199,1787566532580377173,33301,1,PLAN_PRIMARY,STRICT,0,40.14624975700632,0.11341472940340651,0,0.5015357394148172,0.5015357394148172,2,2,2,2,0,IDLE,P0_BACKUP_ONLY,True,True,OBSTACLE_SOURCE_STALE,,2,"[{""d_center"":0.31390916963867876,""d_left"":0.5315137901423299,""d_right"":0.09677591424986816,""id"":207,""is_static"":true,""is_visible"":true,""s_center"":40.4463385922639,""s_end"":40.57030886182935,""s_start"":40.322368322698445},{""d_center"":0.1069344157082467,""d_left"":0.11042491243018751,""d_right"":0.10309851488008528,""id"":189,""is_static"":true,""is_visible"":true,""s_center"":35.02909995821404,""s_end"":35.035453019555554,""s_start"":35.022746896872526}]",input_50723ace73e72aba,ego_5178c2cfca56520f,obs_1f516cf417a4a964,ref_3f5d487564f4ee3d,1787566525029543406,12951,2,1,True,2,"{""M1"": 2}","{""ZERO_BOUNDARY_SHORT"": 1, ""ZERO_BOUNDARY_SPAN"": 1}","{""d-offset intersects an inflated static-obstacle box"": 2}",LOC_UNKNOWN,ACCEPTABLE_NOT_A_QUALITY_LABEL,-1.522691,1.376821,0.028315474066069667,-0.014284942074711537,0.04129643651529591,0.012308310395700864,0.9717404522685815,False,False,True,PASS_IDS_AND_CANDIDATE_DIGEST_SET,LEFT,TWO,0.43473787589246177,MEDIUM,STOPPED,-0.26334045973526254,MEDIUM,NEGATIVE,IDLE__P0_BACKUP_ONLY,
DEVELOPMENT,False,p3_mapping_research_corpus_v1_seed_20260830,episode_iterative_stratification_v1,False,257577c116eb07064e5a3cc367b660a9eee4f5f26460b3582af2afc7205145b0,122,rosbag2_2026_08_24-19_00_30__EP0104,rosbag2_2026_08_24-19_00_30,937.12011543,1787566567260288404,34660,1,PLAN_PRIMARY,STRICT,0,14.80662005366563,0.35657458450616214,0,0.4236174387066798,0.2911596171148365,15,15,15,15,0,IDLE,P0_BACKUP_ONLY,True,True,SAFE_STOP_AUTHORITY,,2,"[{""d_center"":0.03265792282959658,""d_left"":0.5304488736297972,""d_right"":-0.4651330279706041,""id"":227,""is_static"":true,""is_visible"":true,""s_center"":16.566041585693483,""s_end"":16.925479233748305,""s_start"":16.20660393763866},{""d_center"":0.47841691256738117,""d_left"":0.5017161430647543,""d_right"":0.45511768207000797,""id"":228,""is_static"":true,""is_visible"":true,""s_center"":14.972967081439192,""s_end"":14.995286606427111,""s_start"":14.950647556451273}]",input_0efbdae5215f23fa,ego_e67fe49f61634845,obs_4438b5e866983ca5,ref_3f5d487564f4ee3d,1787566567207840797,13935,2,1,True,15,"{""M0_V1"": 6, ""M0_V2"": 5, ""M1"": 4}","{""BRANCH_AWARE_ANALYTIC_ROOT"": 1, ""FAR_SPAN"": 1, ""FROZEN_V1_CURVATURE_CONTINUITY"": 6, ""NEAR_LONG"": 1, ""ZERO_BOUNDARY_SHORT"": 1, ""ZERO_BOUNDARY_SPAN"": 1, ""ZERO_INTERFACE_BOUNDARY_INSET"": 1, ""ZERO_INTERFACE_CENTER_LONG_EXIT"": 1, ""ZERO_INTERFACE_QUARTER_LONG_EXIT"": 1, ""ZERO_INTERFACE_QUARTER_SCALE"": 1}","{""shifted race line exceeds right control steering curvature"": 15}",LOC_UNKNOWN,ACCEPTABLE_NOT_A_QUALITY_LABEL,6.672023,29.558285,0.010705578928665162,0.001236485389349253,0.0,0.01021040601548967,0.8827600185313875,False,False,True,PASS_IDS_AND_CANDIDATE_DIGEST_SET,MIXED_OR_CENTER,TWO,0.9955819016004013,WIDE,STOPPED,9.890869292476419e-16,LOW,NEAR_ZERO,IDLE__P0_BACKUP_ONLY,
DEVELOPMENT,False,p3_mapping_research_corpus_v1_seed_20260830,episode_iterative_stratification_v1,False,257577c116eb07064e5a3cc367b660a9eee4f5f26460b3582af2afc7205145b0,45,rosbag2_2026_08_24-19_00_30__EP0105,rosbag2_2026_08_24-19_00_30,937.340089552,1787566567480262526,34666,1,PLAN_PRIMARY,STRICT,0,14.8606353101325,0.293810547404741,0,0.4985861019908336,0.44877863405691276,13,13,13,13,0,IDLE,P0_BACKUP_ONLY,True,True,SAFE_STOP_AUTHORITY,,2,"[{""d_center"":-0.004785795611350773,""d_left"":0.5247073642714888,""d_right"":-0.5342789554941904,""id"":227,""is_static"":true,""is_visible"":true,""s_center"":16.56155656826459,""s_end"":16.95118254297955,""s_start"":16.17193059354963},{""d_center"":0.44264720548987596,""d_left"":0.5050002885725208,""d_right"":0.38029412240723115,""id"":228,""is_static"":true,""is_visible"":true,""s_center"":14.983884432032221,""s_end"":15.044448188063946,""s_start"":14.923320676000497}]",input_1734e8becdecf2b5,ego_1118753f5b271f2d,obs_03c656e85950aac9,ref_3f5d487564f4ee3d,1787566567436629759,13940,2,1,True,13,"{""M0_V1"": 6, ""M0_V2"": 4, ""M1"": 3}","{""FROZEN_V1_CURVATURE_CONTINUITY"": 6, ""NEAR_LONG"": 1, ""ZERO_BOUNDARY_SHORT"": 1, ""ZERO_BOUNDARY_SPAN"": 1, ""ZERO_INTERFACE_BOUNDARY_INSET"": 1, ""ZERO_INTERFACE_CENTER_LONG_EXIT"": 1, ""ZERO_INTERFACE_QUARTER_LONG_EXIT"": 1, ""ZERO_INTERFACE_QUARTER_SCALE"": 1}","{""footprint_track_bound"": 4, ""shifted race line exceeds left control steering curvature"": 9}",LOC_UNKNOWN,ACCEPTABLE_NOT_A_QUALITY_LABEL,5.352601,19.858975,0.010704693587951264,-0.0005812681792287527,0.0,0.005646768249286449,0.6998783877692842,False,False,True,PASS_IDS_AND_CANDIDATE_DIGEST_SET,MIXED_OR_CENTER,TWO,1.0589863197656793,WIDE,STOPPED,9.890869292476419e-16,LOW,NEAR_ZERO,IDLE__P0_BACKUP_ONLY,
DEVELOPMENT,False,p3_mapping_research_corpus_v1_seed_20260830,episode_iterative_stratification_v1,False,257577c116eb07064e5a3cc367b660a9eee4f5f26460b3582af2afc7205145b0,126,rosbag2_2026_08_24-19_00_30__EP0107,rosbag2_2026_08_24-19_00_30,938.09010189,1787566568230274864,34684,1,PLAN_PRIMARY,STRICT,0,14.860879972884456,0.3907550453645734,0,0.40249679909951297,0.33788874809515657,11,11,11,11,0,IDLE,P0_BACKUP_ONLY,True,True,SAFE_STOP_AUTHORITY,,1,"[{""d_center"":0.3903464918708646,""d_left"":0.5979178778797519,""d_right"":0.18277510586197737,""id"":228,""is_static"":true,""is_visible"":true,""s_center"":16.367777909685092,""s_end"":16.54153237675288,""s_start"":16.194023442617304}]",input_6898da8f37cb6e81,ego_0ea665609935deeb,obs_41f58d94a282004e,ref_3f5d487564f4ee3d,1787566568182799544,13956,2,1,True,11,"{""M0_V1"": 3, ""M0_V2"": 5, ""M1"": 3}","{""BRANCH_AWARE_ANALYTIC_ROOT"": 1, ""FROZEN_V1_CURVATURE_CONTINUITY"": 3, ""NEAR_LONG"": 1, ""ZERO_BOUNDARY_SHORT"": 1, ""ZERO_BOUNDARY_SPAN"": 1, ""ZERO_INTERFACE_BOUNDARY_INSET"": 1, ""ZERO_INTERFACE_CENTER_LONG_EXIT"": 1, ""ZERO_INTERFACE_QUARTER_LONG_EXIT"": 1, ""ZERO_INTERFACE_QUARTER_SCALE"": 1}","{""quintic d-offset exceeds maximum_lateral_slope"": 1, ""shifted race line exceeds right control steering curvature"": 10}",LOC_UNKNOWN,ACCEPTABLE_NOT_A_QUALITY_LABEL,1.8014240000000001,26.124444999999998,0.0059727293580711036,-0.0018370881540199068,0.002845992736647318,0.005251078110989682,0.8951818392402131,False,False,True,PASS_IDS_AND_CANDIDATE_DIGEST_SET,LEFT,ONE,0.41514277201777455,MEDIUM,STOPPED,9.890869292476419e-16,LOW,NEAR_ZERO,IDLE__P0_BACKUP_ONLY,
DEVELOPMENT,True,p3_mapping_research_corpus_v1_seed_20260830,episode_iterative_stratification_v1,False,257577c116eb07064e5a3cc367b660a9eee4f5f26460b3582af2afc7205145b0,184,rosbag2_2026_08_24-19_24_17__EP0009,rosbag2_2026_08_24-19_24_17,241.530096499,1787567299270630784,9676,1,PLAN_PRIMARY,STRICT,1,10.272790924773464,-0.8157377632142487,0,0.006187477251463104,-0.15964748892484845,4,5,8,5,0,IDLE,P0_BACKUP_ONLY,True,True,SAFE_STOP_AUTHORITY,,2,"[{""d_center"":-0.5670032495361391,""d_left"":-0.4814087718644313,""d_right"":-0.6525977272078469,""id"":91,""is_static"":true,""is_visible"":true,""s_center"":10.19196247554749,""s_end"":10.359929423623035,""s_start"":10.023995527471945},{""d_center"":-0.24825522265159766,""d_left"":-0.20108183339500352,""d_right"":-0.29542861190819186,""id"":103,""is_static"":true,""is_visible"":true,""s_center"":12.293951810119365,""s_end"":12.316526502598167,""s_start"":12.271377117640563}]",input_caeb287a1b212148,ego_9199b485dfda42ce,obs_89eb6c7d83b3733f,ref_3f5d487564f4ee3d,1787567299226296299,3655,2,1,True,8,"{""M0_V1"": 3, ""M1"": 5}","{""FROZEN_V1_CURVATURE_CONTINUITY"": 3, ""NEAR_LONG"": 1, ""ZERO_BOUNDARY_SHORT"": 2, ""ZERO_BOUNDARY_SPAN"": 2}","{""footprint_track_bound"": 8}",LOC_UNKNOWN,ACCEPTABLE_NOT_A_QUALITY_LABEL,5.751856,19.729439000000003,0.0011206756021890354,-0.0023767610948846048,0.001120154743347257,3.41636692792191e-05,0.8390598902409926,False,False,True,PASS_IDS_AND_CANDIDATE_DIGEST_SET,RIGHT,TWO,0.1711889553434156,NARROW,STOPPED,-2.08807240618944e-15,LOW,NEAR_ZERO,IDLE__P0_BACKUP_ONLY,
DEVELOPMENT,True,p3_mapping_research_corpus_v1_seed_20260830,episode_iterative_stratification_v1,False,257577c116eb07064e5a3cc367b660a9eee4f5f26460b3582af2afc7205145b0,106,rosbag2_2026_08_24-19_24_17__EP0011,rosbag2_2026_08_24-19_24_17,282.730123782,1787567340470658067,11297,2,PLAN_PRIMARY,STRICT,0,19.60073242925949,0.2503914123411305,0,0.425157836693972,0.425157836693972,2,2,2,2,0,IDLE,P0_BACKUP_ONLY,True,False,BOUNDARY_HANDOFF_UNRESOLVED,,1,"[{""d_center"":0.1694172970096938,""d_left"":0.22817864236554392,""d_right"":0.11062275964111197,""id"":127,""is_static"":true,""is_visible"":true,""s_center"":19.847274745462506,""s_end"":19.881658379442253,""s_start"":19.81289111148276}]",input_028ec84dd0c46e90,ego_74f6cc8988355e99,obs_a5bdd6440e736a0d,ref_3f5d487564f4ee3d,1787567340413032295,4629,2,1,True,2,"{""M1"": 2}","{""ZERO_BOUNDARY_SHORT"": 1, ""ZERO_BOUNDARY_SPAN"": 1}","{""d-offset intersects an inflated static-obstacle box"": 2}",LOC_UNKNOWN,ACCEPTABLE_NOT_A_QUALITY_LABEL,-6.890556,20.334493,0.0018499599464658176,0.006561803935448918,0.0017329455944512517,0.0004627449215744428,0.8635568281237572,False,False,True,PASS_IDS_AND_CANDIDATE_DIGEST_SET,LEFT,ONE,0.11755588272443195,NARROW,STOPPED,-0.23670338713013944,LOW,NEGATIVE,IDLE__P0_BACKUP_ONLY,
DEVELOPMENT,False,p3_mapping_research_corpus_v1_seed_20260830,episode_iterative_stratification_v1,False,257577c116eb07064e5a3cc367b660a9eee4f5f26460b3582af2afc7205145b0,185,rosbag2_2026_08_24-19_24_17__EP0013,rosbag2_2026_08_24-19_24_17,283.160080118,1787567340900614403,11314,1,PLAN_PRIMARY,STRICT,1,19.680242962243504,0.19120835615522244,0,0.4470163363905524,0.4470163363905524,2,2,2,2,0,IDLE,P0_BACKUP_ONLY,True,True,SAFE_STOP_AUTHORITY,,1,"[{""d_center"":0.10496371640075987,""d_left"":0.16424681130821203,""d_right"":0.04546236811038817,""id"":127,""is_static"":true,""is_visible"":true,""s_center"":19.91177647205023,""s_end"":19.94722833204282,""s_start"":19.876324612057644}]",input_a3c97b03df3188af,ego_2abf8c44d7b4b871,obs_9546d9b76a0873bb,ref_3f5d487564f4ee3d,1787567340843028164,4642,2,1,True,2,"{""M1"": 2}","{""ZERO_BOUNDARY_SHORT"": 1, ""ZERO_BOUNDARY_SPAN"": 1}","{""shifted race line exceeds right control steering curvature"": 2}",LOC_UNKNOWN,ACCEPTABLE_NOT_A_QUALITY_LABEL,-3.541057,32.961304,0.011140499535794882,-0.003491223136610655,0.0,0.0013141500544259777,0.842917362602402,False,False,True,PASS_IDS_AND_CANDIDATE_DIGEST_SET,LEFT,ONE,0.11878444319782386,NARROW,STOPPED,-0.23670338713013944,LOW,NEGATIVE,IDLE__P0_BACKUP_ONLY,
DEVELOPMENT,False,p3_mapping_research_corpus_v1_seed_20260830,episode_iterative_stratification_v1,False,257577c116eb07064e5a3cc367b660a9eee4f5f26460b3582af2afc7205145b0,148,rosbag2_2026_08_24-19_24_17__EP0014,rosbag2_2026_08_24-19_24_17,283.230131917,1787567340970666202,11317,1,PLAN_PRIMARY,STRICT,0,19.72144181906307,0.20838540725873939,0,0.0406282784263442,0.0406282784263442,1,1,1,1,0,IDLE,P0_BACKUP_ONLY,True,True,SAFE_STOP_AUTHORITY,,1,"[{""d_center"":0.1092300496497237,""d_left"":0.17729332638350678,""d_right"":0.040858585648365635,""id"":127,""is_static"":true,""is_visible"":true,""s_center"":19.93807343348106,""s_end"":19.976364113372718,""s_start"":19.8997827535894}]",input_4db51b727a1b340d,ego_a3b3b1f2638132df,obs_661fa023fda50106,ref_3f5d487564f4ee3d,1787567340912990329,4644,2,1,True,1,"{""M1"": 1}","{""NEAR_LONG"": 1}","{""path entry is discontinuous from the current ego d"": 1}",LOC_UNKNOWN,ACCEPTABLE_NOT_A_QUALITY_LABEL,-7.180357,18.988260999999998,0.01466907718712131,-0.019833587092675242,0.0,0.010744628267897266,0.926906863914738,False,False,True,PASS_IDS_AND_CANDIDATE_DIGEST_SET,LEFT,ONE,0.13643474073514114,NARROW,STOPPED,0.020857517016226755,LOW,NEAR_ZERO,IDLE__P0_BACKUP_ONLY,
DEVELOPMENT,True,p3_mapping_research_corpus_v1_seed_20260830,episode_iterative_stratification_v1,False,257577c116eb07064e5a3cc367b660a9eee4f5f26460b3582af2afc7205145b0,89,rosbag2_2026_08_24-19_24_17__EP0015,rosbag2_2026_08_24-19_24_17,283.560121394,1787567341300655679,11330,1,PLAN_PRIMARY,STRICT,0,19.760215389208106,0.20206882654792688,0,0.480350264864737,0.480350264864737,2,2,2,2,0,IDLE,P0_BACKUP_ONLY,True,True,SAFE_STOP_AUTHORITY,,1,"[{""d_center"":0.10073541193086107,""d_left"":0.16739048841144064,""d_right"":0.033718820698510385,""id"":127,""is_static"":true,""is_visible"":true,""s_center"":19.99665996448598,""s_end"":20.028020868620818,""s_start"":19.96529906035114}]",input_76b75ea160210fd8,ego_a857487f2932eeb3,obs_1b1f99f5c898e0c6,ref_3f5d487564f4ee3d,1787567341242987230,4655,2,1,True,2,"{""M1"": 2}","{""ZERO_BOUNDARY_SHORT"": 1, ""ZERO_BOUNDARY_SPAN"": 1}","{""shifted race line exceeds right control steering curvature"": 2}",LOC_UNKNOWN,ACCEPTABLE_NOT_A_QUALITY_LABEL,-8.286892,29.25398,0.003082256140999059,0.004729956292052306,0.0,0.0025037246763081056,0.8274477054004613,False,False,True,PASS_IDS_AND_CANDIDATE_DIGEST_SET,LEFT,ONE,0.13367166771293026,NARROW,STOPPED,0.020857517016226755,LOW,NEAR_ZERO,IDLE__P0_BACKUP_ONLY,
DEVELOPMENT,False,p3_mapping_research_corpus_v1_seed_20260830,episode_iterative_stratification_v1,False,257577c116eb07064e5a3cc367b660a9eee4f5f26460b3582af2afc7205145b0,97,rosbag2_2026_08_24-19_24_17__EP0016,rosbag2_2026_08_24-19_24_17,284.730168294,1787567342470702579,11369,2,PLAN_PRIMARY,STRICT,0,19.430210051694754,0.06920889767923319,0,0.5633000106478363,0.5429614085516961,5,5,5,5,0,IDLE,P0_BACKUP_ONLY,True,False,BOUNDARY_HANDOFF_UNRESOLVED,,2,"[{""d_center"":0.029289039741070524,""d_left"":0.15666435055321157,""d_right"":-0.09808627107107051,""id"":126,""is_static"":true,""is_visible"":true,""s_center"":19.810749930743018,""s_end"":20.005673984338127,""s_start"":19.61582587714791},{""d_center"":0.09354338815985452,""d_left"":0.15615850463216296,""d_right"":0.030753930420220062,""id"":127,""is_static"":true,""is_visible"":true,""s_center"":19.971122204242402,""s_end"":19.994855610201444,""s_start"":19.94738879828336}]",input_33b1f2b8161a5539,ego_95488ac7d0c22941,obs_6aa0223f5196bde4,ref_3f5d487564f4ee3d,1787567342392867193,4660,2,1,True,5,"{""M1"": 5}","{""NEAR_LONG"": 1, ""ZERO_BOUNDARY_SHORT"": 2, ""ZERO_BOUNDARY_SPAN"": 2}","{""shifted race line exceeds left control steering curvature"": 3, ""shifted race line exceeds right control steering curvature"": 2}",LOC_UNKNOWN,ACCEPTABLE_NOT_A_QUALITY_LABEL,-9.140374,17.533521,0.004428235641707021,-0.002825279317222762,0.0,0.003898476657197489,0.8473713513083592,False,False,True,PASS_IDS_AND_CANDIDATE_DIGEST_SET,MIXED_OR_CENTER,TWO,0.2547506216242821,MEDIUM,STOPPED,0.035935254690761316,LOW,NEAR_ZERO,IDLE__P0_BACKUP_ONLY,
DEVELOPMENT,False,p3_mapping_research_corpus_v1_seed_20260830,episode_iterative_stratification_v1,False,257577c116eb07064e5a3cc367b660a9eee4f5f26460b3582af2afc7205145b0,181,rosbag2_2026_08_24-19_24_17__EP0017,rosbag2_2026_08_24-19_24_17,287.030142213,1787567344770676498,11454,1,PLAN_PRIMARY,STRICT,0,18.76073730285235,-0.6444016536107823,0,0.023519914603757054,-0.023021826949394773,2,3,3,3,0,IDLE,P0_BACKUP_ONLY,True,True,SAFE_STOP_AUTHORITY,,2,"[{""d_center"":0.09354338815985452,""d_left"":0.15615850463216296,""d_right"":0.030753930420220062,""id"":127,""is_static"":true,""is_visible"":false,""s_center"":19.971122204242402,""s_end"":19.994855610201444,""s_start"":19.94738879828336},{""d_center"":0.38084898827211583,""d_left"":0.42719071281708354,""d_right"":0.33416351366047564,""id"":145,""is_static"":true,""is_visible"":false,""s_center"":28.357479962991857,""s_end"":28.402597736183594,""s_start"":28.31236218980012}]",input_af6302bfbf6f0543,ego_0bf0c06dae7fc3a3,obs_35742ea36d0151fd,ref_3f5d487564f4ee3d,1787567344722692352,4705,2,1,True,3,"{""M1"": 3}","{""FAR_SPAN"": 1, ""ZERO_BOUNDARY_SHORT"": 1, ""ZERO_BOUNDARY_SPAN"": 1}","{""footprint_track_bound"": 2, ""shifted race line exceeds right control steering curvature"": 1}",LOC_UNKNOWN,ACCEPTABLE_NOT_A_QUALITY_LABEL,2.6965969999999997,30.019119,0.09663882644655022,0.005446962581018956,0.0883916403228433,0.03803984175210795,0.9923645907897877,False,False,True,PASS_IDS_AND_CANDIDATE_DIGEST_SET,LEFT,TWO,0.1254045742119429,NARROW,STOPPED,-2.1979709538836268e-16,LOW,NEAR_ZERO,IDLE__P0_BACKUP_ONLY,
DEVELOPMENT,True,p3_mapping_research_corpus_v1_seed_20260830,episode_iterative_stratification_v1,False,257577c116eb07064e5a3cc367b660a9eee4f5f26460b3582af2afc7205145b0,192,rosbag2_2026_08_24-19_24_17__EP0021,rosbag2_2026_08_24-19_24_17,337.010090849,1787567394750625134,13306,1,PLAN_PRIMARY,STRICT,112,28.940258761991714,0.7328996045142494,0.7145730984090704,0.008785756194042538,0.008785756194042538,2,2,2,2,0,IDLE,P0_BACKUP_ONLY,True,True,OBSTACLE_SOURCE_STALE,,2,"[{""d_center"":0.20104821268946627,""d_left"":0.30327892574046955,""d_right"":0.09897517421129542,""id"":185,""is_static"":true,""is_visible"":true,""s_center"":29.203192277510837,""s_end"":29.29420568529361,""s_start"":29.112178869728066},{""d_center"":0.12773369370439802,""d_left"":0.205682152796757,""d_right"":0.07588392245479492,""id"":182,""is_static"":true,""is_visible"":true,""s_center"":30.668669533677853,""s_end"":31.041224337267245,""s_start"":30.296114730088462}]",input_d54cc5c4684ebcfb,ego_50ad95a27e386f83,obs_27983e1d0242eebf,ref_3f5d487564f4ee3d,1787567391838876744,5821,2,1,True,2,"{""M1"": 2}","{""ZERO_BOUNDARY_SHORT"": 1, ""ZERO_BOUNDARY_SPAN"": 1}","{""footprint_track_bound"": 2}",LOC_UNKNOWN,ACCEPTABLE_NOT_A_QUALITY_LABEL,-12.811214,13.232957,0.023445162679166298,-0.008182133119389423,0.0,0.01989245673375928,0.9916491032727562,False,False,True,PASS_IDS_AND_CANDIDATE_DIGEST_SET,LEFT,TWO,0.20430375152917413,MEDIUM,LOW,0.06753440641302363,LOW,POSITIVE,IDLE__P0_BACKUP_ONLY,
DEVELOPMENT,False,p3_mapping_research_corpus_v1_seed_20260830,episode_iterative_stratification_v1,False,257577c116eb07064e5a3cc367b660a9eee4f5f26460b3582af2afc7205145b0,169,rosbag2_2026_08_24-19_24_17__EP0023,rosbag2_2026_08_24-19_24_17,356.730112925,1787567414470647210,14058,1,PLAN_PRIMARY,STRICT,0,10.437586110147581,-0.6422396771526538,0,0.16404050291590536,0.07040924404577656,23,23,29,23,0,IDLE,P0_BACKUP_ONLY,True,True,SAFE_STOP_AUTHORITY,,2,"[{""d_center"":-0.3176419399756312,""d_left"":-0.20846061546725067,""d_right"":-0.4268232644840117,""id"":203,""is_static"":true,""is_visible"":true,""s_center"":11.959098136606,""s_end"":12.326821167324084,""s_start"":11.591375105887916},{""d_center"":-0.7163011759105975,""d_left"":-0.652699743691435,""d_right"":-0.77990260812976,""id"":204,""is_static"":true,""is_visible"":true,""s_center"":10.782710370624958,""s_end"":10.972940574041013,""s_start"":10.592480167208903}]",input_17c0c27b179c68d2,ego_7f5ff80624b58180,obs_e54c062b0ab2cf91,ref_3f5d487564f4ee3d,1787567414427013720,6264,2,1,True,29,"{""M0_V1"": 12, ""M0_V2"": 10, ""M1"": 7}","{""BRANCH_AWARE_ANALYTIC_ROOT"": 2, ""FAR_SPAN"": 1, ""FROZEN_V1_CURVATURE_CONTINUITY"": 12, ""NEAR_LONG"": 2, ""ZERO_BOUNDARY_SHORT"": 2, ""ZERO_BOUNDARY_SPAN"": 2, ""ZERO_INTERFACE_BOUNDARY_INSET"": 2, ""ZERO_INTERFACE_CENTER_LONG_EXIT"": 2, ""ZERO_INTERFACE_QUARTER_LONG_EXIT"": 2, ""ZERO_INTERFACE_QUARTER_SCALE"": 2}","{""d-offset intersects an inflated static-obstacle box"": 21, ""shifted race line exceeds left control steering curvature"": 8}",LOC_UNKNOWN,ACCEPTABLE_NOT_A_QUALITY_LABEL,3.9716530000000003,26.530253000000002,0.037150418782653016,0.0036904338425578502,0.0,0.03596066417414756,0.9672711365624751,False,False,True,PASS_IDS_AND_CANDIDATE_DIGEST_SET,RIGHT,TWO,0.21836264901676103,MEDIUM,STOPPED,6.593912861650898e-16,LOW,NEAR_ZERO,IDLE__P0_BACKUP_ONLY,
DEVELOPMENT,False,p3_mapping_research_corpus_v1_seed_20260830,episode_iterative_stratification_v1,False,257577c116eb07064e5a3cc367b660a9eee4f5f26460b3582af2afc7205145b0,182,rosbag2_2026_08_24-19_24_17__EP0025,rosbag2_2026_08_24-19_24_17,438.260105217,1787567496000639502,17257,1,PLAN_PRIMARY,STRICT,0,1.3836361029102744,-0.3476452981782944,2.446208066976928,0.16254157308074194,0.16254157308074194,2,2,2,2,0,IDLE,P0_BACKUP_ONLY,True,True,SAFE_STOP_AUTHORITY,,1,"[{""d_center"":-0.1698886308491206,""d_left"":-0.07180300894048686,""d_right"":-0.2688158854700291,""id"":17,""is_static"":true,""is_visible"":true,""s_center"":1.6486762985472287,""s_end"":1.7999776988253036,""s_start"":1.497374898269154}]",input_7a5b5937fbeb4e60,ego_446e1cbe9466508a,obs_1f7e9f359eebb824,ref_3f5d487564f4ee3d,1787567495940458991,7513,2,1,True,2,"{""M1"": 2}","{""ZERO_BOUNDARY_SHORT"": 1, ""ZERO_BOUNDARY_SPAN"": 1}","{""d-offset intersects an inflated static-obstacle box"": 2}",LOC_UNKNOWN,ACCEPTABLE_NOT_A_QUALITY_LABEL,-4.441345999999999,30.6459,0.07178565809962796,0.039492208523147505,0.007742902186629541,0.0711979921583602,0.9995625546806649,False,False,True,PASS_IDS_AND_CANDIDATE_DIGEST_SET,RIGHT,ONE,0.19701287652954225,NARROW,MOVING,0.605537730392042,MEDIUM,POSITIVE,IDLE__P0_BACKUP_ONLY,
DEVELOPMENT,True,p3_mapping_research_corpus_v1_seed_20260830,episode_iterative_stratification_v1,False,257577c116eb07064e5a3cc367b660a9eee4f5f26460b3582af2afc7205145b0,137,rosbag2_2026_08_24-19_24_17__EP0029,rosbag2_2026_08_24-19_24_17,440.410079648,1787567498150613933,17339,1,PLAN_PRIMARY,STRICT,0,1.4285176694345858,-0.3991337981715181,0.04239411349799556,0.2507859277856586,0.1396119529118959,24,24,30,24,0,IDLE,P0_BACKUP_ONLY,True,True,SAFE_STOP_AUTHORITY,,2,"[{""d_center"":0.44309731690277154,""d_left"":0.598416283934887,""d_right"":0.28832016446091663,""id"":18,""is_static"":true,""is_visible"":true,""s_center"":2.700040849288082,""s_end"":2.850925364955426,""s_start"":2.549156333620738},{""d_center"":-0.22807255993561037,""d_left"":-0.22570471546576468,""d_right"":-0.22966705945396312,""id"":17,""is_static"":true,""is_visible"":true,""s_center"":1.5500686155162682,""s_end"":1.5600556064009368,""s_start"":1.5400816246315996}]",input_ebee5dae5d3afcdb,ego_b5f0c6b097812319,obs_b04398ef3221888e,ref_3f5d487564f4ee3d,1787567498090139016,7572,2,1,True,30,"{""M0_V1"": 6, ""M1"": 24}","{""FROZEN_V1_CURVATURE_CONTINUITY"": 6, ""NEAR_BISECTED"": 21, ""NEAR_LONG"": 1, ""ZERO_BOUNDARY_SHORT"": 1, ""ZERO_BOUNDARY_SPAN"": 1}","{""footprint_track_bound"": 24, ""quintic d-offset exceeds maximum_lateral_slope"": 2, ""shifted race line exceeds left control steering curvature"": 4}",LOC_UNKNOWN,ACCEPTABLE_NOT_A_QUALITY_LABEL,-9.400607,27.556796000000002,0.007659294473925095,-0.0007788065827575297,0.006109944134867762,6.0420621957602005e-05,0.9145788594607492,False,False,True,PASS_IDS_AND_CANDIDATE_DIGEST_SET,MIXED_OR_CENTER,TWO,0.31009611947397037,MEDIUM,STOPPED,0.605537730392042,MEDIUM,POSITIVE,IDLE__P0_BACKUP_ONLY,
DEVELOPMENT,False,p3_mapping_research_corpus_v1_seed_20260830,episode_iterative_stratification_v1,False,257577c116eb07064e5a3cc367b660a9eee4f5f26460b3582af2afc7205145b0,95,rosbag2_2026_08_24-19_24_17__EP0030,rosbag2_2026_08_24-19_24_17,442.560104101,1787567500300638386,17419,1,PLAN_PRIMARY,STRICT,0,1.6879628456985485,-0.36470600924763935,0,0.144166974136594,0.144166974136594,1,1,7,1,0,IDLE,P0_BACKUP_ONLY,True,True,SAFE_STOP_AUTHORITY,,1,"[{""d_center"":-0.21750769434654796,""d_left"":-0.21404555809554018,""d_right"":-0.22051015880464292,""id"":17,""is_static"":true,""is_visible"":true,""s_center"":1.807904758484227,""s_end"":1.8155015370342795,""s_start"":1.8003079799341744}]",input_5565f2bd53e70de2,ego_1643b0e37ad60ffa,obs_c726ee117a8d01e7,ref_3f5d487564f4ee3d,1787567500239985890,7634,2,1,True,7,"{""M0_V1"": 6, ""M1"": 1}","{""FROZEN_V1_CURVATURE_CONTINUITY"": 6, ""NEAR_LONG"": 1}","{""footprint_track_bound"": 2, ""quintic d-offset exceeds maximum_lateral_slope"": 5}",LOC_UNKNOWN,ACCEPTABLE_NOT_A_QUALITY_LABEL,-8.492553,20.463024,0.008639234628801779,0.0016206233306835791,0.0,0.008597731887732718,0.8417243299133063,False,False,True,PASS_IDS_AND_CANDIDATE_DIGEST_SET,RIGHT,ONE,0.006464600709102736,NARROW,STOPPED,0.5306596273496218,MEDIUM,POSITIVE,IDLE__P0_BACKUP_ONLY,
DEVELOPMENT,False,p3_mapping_research_corpus_v1_seed_20260830,episode_iterative_stratification_v1,False,257577c116eb07064e5a3cc367b660a9eee4f5f26460b3582af2afc7205145b0,105,rosbag2_2026_08_24-19_24_17__EP0031,rosbag2_2026_08_24-19_24_17,447.630083425,1787567505370617710,17614,1,PLAN_PRIMARY,STRICT,0,1.6307311010967933,-0.41250983420618964,0.20386282282839105,0.20821394499049453,0.16238975055046426,3,3,9,3,0,IDLE,P0_BACKUP_ONLY,True,True,SAFE_STOP_AUTHORITY,,1,"[{""d_center"":-0.23194860786442995,""d_left"":-0.22865152958054463,""d_right"":-0.23443752887795985,""id"":17,""is_static"":true,""is_visible"":true,""s_center"":1.7733842692779995,""s_end"":1.7814348644093898,""s_start"":1.7653336741466092}]",input_64203baead1a8e98,ego_21019f081bd150fe,obs_a0398d7ec2cc0755,ref_3f5d487564f4ee3d,1787567505269590643,7770,2,1,True,9,"{""M0_V1"": 6, ""M1"": 3}","{""FROZEN_V1_CURVATURE_CONTINUITY"": 6, ""NEAR_LONG"": 1, ""ZERO_BOUNDARY_SHORT"": 1, ""ZERO_BOUNDARY_SPAN"": 1}","{""d-offset leaves the global waypoint track bounds"": 2, ""quintic d-offset exceeds maximum_lateral_slope"": 3, ""shifted race line exceeds left control steering curvature"": 4}",LOC_UNKNOWN,ACCEPTABLE_NOT_A_QUALITY_LABEL,-18.718542000000003,0.332749,1.3619730056635711e-05,0.00013069871790682974,1.3778993367186132e-05,4.786062521855428e-07,0.8612955819779695,False,False,True,PASS_IDS_AND_CANDIDATE_DIGEST_SET,RIGHT,ONE,0.0057859992974152175,NARROW,LOW,0.5306596273496218,MEDIUM,POSITIVE,IDLE__P0_BACKUP_ONLY,
DEVELOPMENT,True,p3_mapping_research_corpus_v1_seed_20260830,episode_iterative_stratification_v1,False,257577c116eb07064e5a3cc367b660a9eee4f5f26460b3582af2afc7205145b0,132,rosbag2_2026_08_24-19_24_17__EP0033,rosbag2_2026_08_24-19_24_17,451.360084483,1787567509100618768,17738,1,PLAN_PRIMARY,STRICT,0,1.6025152759605137,-0.3662871642814325,0,0.3304946593727915,0.3304946593727915,2,2,2,2,0,IDLE,P0_BACKUP_ONLY,True,True,SAFE_STOP_AUTHORITY,,1,"[{""d_center"":-0.06626040648422879,""d_left"":-0.031343917152148695,""d_right"":-0.10559383557115959,""id"":17,""is_static"":true,""is_visible"":true,""s_center"":1.7302393728138807,""s_end"":1.8226665409158598,""s_start"":1.6378122047119017}]",input_ddc7505b9aadb26d,ego_9f2d452de9a10016,obs_f239c2917f0ce8da,ref_3f5d487564f4ee3d,1787567509049316322,7845,2,1,True,2,"{""M1"": 2}","{""ZERO_BOUNDARY_SHORT"": 1, ""ZERO_BOUNDARY_SPAN"": 1}","{""shifted race line exceeds left control steering curvature"": 2}",LOC_UNKNOWN,ACCEPTABLE_NOT_A_QUALITY_LABEL,0.801562,19.759512,0.007071549085667535,-0.0032453156368673626,0.0040335126696378065,0.005193948867207199,0.909488586653941,False,False,True,PASS_IDS_AND_CANDIDATE_DIGEST_SET,RIGHT,ONE,0.0742499184190109,NARROW,STOPPED,0.605537730392042,MEDIUM,POSITIVE,IDLE__P0_BACKUP_ONLY,
DEVELOPMENT,False,p3_mapping_research_corpus_v1_seed_20260830,episode_iterative_stratification_v1,False,257577c116eb07064e5a3cc367b660a9eee4f5f26460b3582af2afc7205145b0,144,rosbag2_2026_08_24-19_24_17__EP0034,rosbag2_2026_08_24-19_24_17,451.760240154,1787567509500774439,17751,1,PLAN_PRIMARY,STRICT,0,1.5670908567885624,-0.33586658710009343,0,0.3304946593727915,0.3304946593727915,2,2,2,2,0,IDLE,P0_BACKUP_ONLY,True,True,SAFE_STOP_AUTHORITY,,1,"[{""d_center"":-0.06626040648422879,""d_left"":-0.031343917152148695,""d_right"":-0.10559383557115959,""id"":17,""is_static"":true,""is_visible"":true,""s_center"":1.7302393728138807,""s_end"":1.8226665409158598,""s_start"":1.6378122047119017}]",input_67ff71ec67039791,ego_7708bdce4fa9b7a2,obs_f239c2917f0ce8da,ref_3f5d487564f4ee3d,1787567509449216239,7858,2,1,True,2,"{""M1"": 2}","{""ZERO_BOUNDARY_SHORT"": 1, ""ZERO_BOUNDARY_SPAN"": 1}","{""shifted race line exceeds left control steering curvature"": 2}",LOC_UNKNOWN,ACCEPTABLE_NOT_A_QUALITY_LABEL,-1.461246,18.156979,0.007116304791782598,0.0012771942151561522,0.0053043259622274075,0.0030872950167466495,0.9231686948222382,False,False,True,PASS_IDS_AND_CANDIDATE_DIGEST_SET,RIGHT,ONE,0.0742499184190109,NARROW,STOPPED,0.605537730392042,MEDIUM,POSITIVE,IDLE__P0_BACKUP_ONLY,
DEVELOPMENT,False,p3_mapping_research_corpus_v1_seed_20260830,episode_iterative_stratification_v1,False,257577c116eb07064e5a3cc367b660a9eee4f5f26460b3582af2afc7205145b0,166,rosbag2_2026_08_24-19_24_17__EP0036,rosbag2_2026_08_24-19_24_17,452.860130213,1787567510600664498,17794,1,PLAN_PRIMARY,STRICT,0,1.5361697098589882,-0.4579539301647914,0,0.32292635762731986,0.32292635762731986,2,2,2,2,0,IDLE,P0_BACKUP_ONLY,True,True,SAFE_STOP_AUTHORITY,,1,"[{""d_center"":-0.06626040648422879,""d_left"":-0.031343917152148695,""d_right"":-0.10559383557115959,""id"":17,""is_static"":true,""is_visible"":true,""s_center"":1.7302393728138807,""s_end"":1.8226665409158598,""s_start"":1.6378122047119017}]",input_1a11dd6438693bd7,ego_87d6d22555400ae0,obs_f239c2917f0ce8da,ref_3f5d487564f4ee3d,1787567510549124245,7898,2,1,True,2,"{""M1"": 2}","{""ZERO_BOUNDARY_SHORT"": 1, ""ZERO_BOUNDARY_SPAN"": 1}","{""shifted race line exceeds left control steering curvature"": 2}",LOC_UNKNOWN,ACCEPTABLE_NOT_A_QUALITY_LABEL,1.214054,21.787556,0.021190289120374847,-0.005742372171226862,0.015236016288282306,0.008277271369402872,0.9623001670245764,False,False,True,PASS_IDS_AND_CANDIDATE_DIGEST_SET,RIGHT,ONE,0.0742499184190109,NARROW,STOPPED,0.605537730392042,MEDIUM,POSITIVE,IDLE__P0_BACKUP_ONLY,
DEVELOPMENT,False,p3_mapping_research_corpus_v1_seed_20260830,episode_iterative_stratification_v1,False,257577c116eb07064e5a3cc367b660a9eee4f5f26460b3582af2afc7205145b0,90,rosbag2_2026_08_24-19_24_17__EP0038,rosbag2_2026_08_24-19_24_17,469.130068456,1787567526870602741,18445,1,PLAN_PRIMARY,STRICT,0,1.547608722900255,-0.4464152384707841,0,0.316792940567341,0.316792940567341,2,2,2,2,0,IDLE,P0_BACKUP_ONLY,True,True,SAFE_STOP_AUTHORITY,,1,"[{""d_center"":-0.06626040648422879,""d_left"":-0.031343917152148695,""d_right"":-0.10559383557115959,""id"":17,""is_static"":true,""is_visible"":true,""s_center"":1.7302393728138807,""s_end"":1.8226665409158598,""s_start"":1.6378122047119017}]",input_adb0a6ad5d7aef44,ego_d99c7161fb8a32fb,obs_f239c2917f0ce8da,ref_3f5d487564f4ee3d,1787567526847828326,8373,2,1,True,2,"{""M1"": 2}","{""ZERO_BOUNDARY_SHORT"": 1, ""ZERO_BOUNDARY_SPAN"": 1}","{""shifted race line exceeds left control steering curvature"": 2}",LOC_UNKNOWN,ACCEPTABLE_NOT_A_QUALITY_LABEL,-3.072269,19.551939,0.0012018935467788961,-2.057564587876204e-05,0.0009582584474152611,1.802002085354859e-05,0.8294758609719239,False,False,True,PASS_IDS_AND_CANDIDATE_DIGEST_SET,RIGHT,ONE,0.0742499184190109,NARROW,STOPPED,0.605537730392042,MEDIUM,POSITIVE,IDLE__P0_BACKUP_ONLY,
DEVELOPMENT,False,p3_mapping_research_corpus_v1_seed_20260830,episode_iterative_stratification_v1,False,257577c116eb07064e5a3cc367b660a9eee4f5f26460b3582af2afc7205145b0,91,rosbag2_2026_08_24-19_24_17__EP0039,rosbag2_2026_08_24-19_24_17,470.930083402,1787567528670617687,18517,1,PLAN_PRIMARY,STRICT,0,1.5094551519696011,-0.5653915298127343,0,0.3175731890416546,0.3175731890416546,2,2,2,2,0,IDLE,P0_BACKUP_ONLY,True,True,SAFE_STOP_AUTHORITY,,1,"[{""d_center"":-0.06626040648422879,""d_left"":-0.031343917152148695,""d_right"":-0.10559383557115959,""id"":17,""is_static"":true,""is_visible"":true,""s_center"":1.7302393728138807,""s_end"":1.8226665409158598,""s_start"":1.6378122047119017}]",input_5a77c18fe61484f3,ego_46b99dee47cb19fa,obs_f239c2917f0ce8da,ref_3f5d487564f4ee3d,1787567528617671247,8431,2,1,True,2,"{""M1"": 2}","{""ZERO_BOUNDARY_SHORT"": 1, ""ZERO_BOUNDARY_SPAN"": 1}","{""shifted race line exceeds left control steering curvature"": 2}",LOC_UNKNOWN,ACCEPTABLE_NOT_A_QUALITY_LABEL,-1.8398830000000002,20.160351,0.0025014098489217597,9.197968960139581e-05,0.0009794178311102186,0.0022134475237303164,0.8309075001988387,False,False,True,PASS_IDS_AND_CANDIDATE_DIGEST_SET,RIGHT,ONE,0.0742499184190109,NARROW,STOPPED,0.605537730392042,MEDIUM,POSITIVE,IDLE__P0_BACKUP_ONLY,
DEVELOPMENT,True,p3_mapping_research_corpus_v1_seed_20260830,episode_iterative_stratification_v1,False,257577c116eb07064e5a3cc367b660a9eee4f5f26460b3582af2afc7205145b0,157,rosbag2_2026_08_24-19_24_17__EP0040,rosbag2_2026_08_24-19_24_17,475.030131896,1787567532770666181,18681,1,PLAN_PRIMARY,STRICT,0,1.4538636316329832,-0.48180131324627,0,0.030220112208792317,0.030220112208792317,2,2,2,2,0,IDLE,P0_BACKUP_ONLY,True,True,SAFE_STOP_AUTHORITY,,1,"[{""d_center"":-0.06626040648422879,""d_left"":-0.031343917152148695,""d_right"":-0.10559383557115959,""id"":17,""is_static"":true,""is_visible"":true,""s_center"":1.7302393728138807,""s_end"":1.8226665409158598,""s_start"":1.6378122047119017}]",input_31d67faaa5a5c3ba,ego_de240eede693bb32,obs_f239c2917f0ce8da,ref_3f5d487564f4ee3d,1787567532717289714,8568,2,1,True,2,"{""M1"": 2}","{""ZERO_BOUNDARY_SHORT"": 1, ""ZERO_BOUNDARY_SPAN"": 1}","{""shifted race line exceeds right control steering curvature"": 2}",LOC_UNKNOWN,ACCEPTABLE_NOT_A_QUALITY_LABEL,-1.6034840000000001,19.678715,0.0106894120856665,-0.0015559332578638507,0.00802999101857349,0.001713905910466329,0.9422572178477691,False,False,True,PASS_IDS_AND_CANDIDATE_DIGEST_SET,RIGHT,ONE,0.0742499184190109,NARROW,STOPPED,0.605537730392042,MEDIUM,POSITIVE,IDLE__P0_BACKUP_ONLY,
DEVELOPMENT,False,p3_mapping_research_corpus_v1_seed_20260830,episode_iterative_stratification_v1,False,257577c116eb07064e5a3cc367b660a9eee4f5f26460b3582af2afc7205145b0,154,rosbag2_2026_08_24-19_24_17__EP0045,rosbag2_2026_08_24-19_24_17,518.880074366,1787567576620608651,20426,1,PLAN_PRIMARY,STRICT,0,3.887221767722929,0.06725972687861084,0,0.7729908729285825,0.6254277911071441,3,3,9,3,0,IDLE,P0_BACKUP_ONLY,True,True,SAFE_STOP_AUTHORITY,,1,"[{""d_center"":0.21592659794630165,""d_left"":0.272025533576412,""d_right"":0.1588983999269659,""id"":23,""is_static"":true,""is_visible"":true,""s_center"":4.221826602591166,""s_end"":4.289826336299549,""s_start"":4.153826868882784}]",input_5b8933b8904d15ad,ego_1c3fc11fdf0bba74,obs_02139cd722bbd5cd,ref_3f5d487564f4ee3d,1787567576583621733,9632,2,1,True,9,"{""M0_V1"": 6, ""M1"": 3}","{""FROZEN_V1_CURVATURE_CONTINUITY"": 6, ""NEAR_LONG"": 1, ""ZERO_BOUNDARY_SHORT"": 1, ""ZERO_BOUNDARY_SPAN"": 1}","{""quintic d-offset exceeds maximum_lateral_slope"": 1, ""shifted race line exceeds left control steering curvature"": 8}",LOC_UNKNOWN,ACCEPTABLE_NOT_A_QUALITY_LABEL,13.438809,30.165471999999998,0.00846553654878893,0.00010374345341435108,0.007627904806315922,0.003922377075024408,0.940348365545216,False,False,True,PASS_IDS_AND_CANDIDATE_DIGEST_SET,LEFT,ONE,0.11312713364944613,NARROW,STOPPED,0.25816524610154745,MEDIUM,POSITIVE,IDLE__P0_BACKUP_ONLY,
DEVELOPMENT,False,p3_mapping_research_corpus_v1_seed_20260830,episode_iterative_stratification_v1,False,257577c116eb07064e5a3cc367b660a9eee4f5f26460b3582af2afc7205145b0,109,rosbag2_2026_08_24-19_24_17__EP0046,rosbag2_2026_08_24-19_24_17,534.660245369,1787567592400779654,21041,1,PLAN_PRIMARY,STRICT,0,5.682706534454584,-0.7769339308083213,0,0.08450301660198825,0.031910909339362394,3,3,3,3,0,IDLE,P0_BACKUP_ONLY,True,True,SAFE_STOP_AUTHORITY,,2,"[{""d_center"":-0.030508748934766593,""d_left"":0.1076475214940674,""d_right"":-0.1686650193636006,""id"":35,""is_static"":true,""is_visible"":true,""s_center"":6.7469073738581296,""s_end"":6.9013652443120455,""s_start"":6.592449503404214},{""d_center"":-0.6254272051982374,""d_left"":-0.5230782285342266,""d_right"":-0.7267826266377696,""id"":36,""is_static"":true,""is_visible"":true,""s_center"":5.940632262947821,""s_end"":6.065421179306601,""s_start"":5.81584334658904}]",input_64cd712ded68d891,ego_6ff743f54d3b02a0,obs_47bd69ecb306c0ce,ref_3f5d487564f4ee3d,1787567592362363643,10169,2,1,True,3,"{""M1"": 3}","{""FAR_SPAN"": 1, ""ZERO_BOUNDARY_SHORT"": 1, ""ZERO_BOUNDARY_SPAN"": 1}","{""d-offset intersects an inflated static-obstacle box"": 2, ""shifted race line exceeds right control steering curvature"": 1}",LOC_UNKNOWN,ACCEPTABLE_NOT_A_QUALITY_LABEL,12.071472,29.900910999999997,0.009005905438750586,0.0008811779371720729,0.0018226232699847245,0.008727061982628403,0.866658713115406,False,False,True,PASS_IDS_AND_CANDIDATE_DIGEST_SET,MIXED_OR_CENTER,TWO,0.276312540857668,MEDIUM,STOPPED,0.23638448673222853,LOW,POSITIVE,IDLE__P0_BACKUP_ONLY,
DEVELOPMENT,False,p3_mapping_research_corpus_v1_seed_20260830,episode_iterative_stratification_v1,False,257577c116eb07064e5a3cc367b660a9eee4f5f26460b3582af2afc7205145b0,62,rosbag2_2026_08_24-19_24_17__EP0048,rosbag2_2026_08_24-19_24_17,586.730135137,1787567644470669422,23113,1,PLAN_PRIMARY,STRICT,0,0.725065993284694,-0.04455813893269438,0.3238765687594496,0.7324922074396003,0.6502817115198625,3,3,9,3,0,IDLE,P0_BACKUP_ONLY,True,True,SAFE_STOP_AUTHORITY,,3,"[{""d_center"":-0.2883628783980115,""d_left"":-0.1407171426639566,""d_right"":-0.4391328789800135,""id"":15,""is_static"":true,""is_visible"":true,""s_center"":1.1574098882491428,""s_end"":1.3445708730756234,""s_start"":0.9702489034226622},{""d_center"":-0.6822585999539685,""d_left"":-0.5745264928119012,""d_right"":-0.789884201076444,""id"":17,""is_static"":true,""is_visible"":true,""s_center"":3.0989865153842207,""s_end"":3.2052845916902912,""s_start"":2.99268843907815},{""d_center"":0.004613527457144314,""d_left"":0.11617189174050209,""d_right"":-0.10694483682621346,""id"":19,""is_static"":true,""is_visible"":true,""s_center"":3.7978890902820694,""s_end"":3.9145873389845476,""s_start"":3.6811908415795913}]",input_e4985bb899abaaa1,ego_e637e6d6bbc85d0d,obs_429bc1a67b603a04,ref_3f5d487564f4ee3d,1787567644439182549,11274,2,1,True,9,"{""M0_V1"": 6, ""M1"": 3}","{""FROZEN_V1_CURVATURE_CONTINUITY"": 6, ""NEAR_LONG"": 1, ""ZERO_BOUNDARY_SHORT"": 1, ""ZERO_BOUNDARY_SPAN"": 1}","{""shifted race line exceeds left control steering curvature"": 3, ""shifted race line exceeds right control steering curvature"": 6}",LOC_UNKNOWN,ACCEPTABLE_NOT_A_QUALITY_LABEL,-8.886403,20.652639,0.009014479045132716,0.005969393743454843,0.0,0.0024323553941962422,0.7588483257774596,False,False,True,PASS_IDS_AND_CANDIDATE_DIGEST_SET,MIXED_OR_CENTER,THREE_PLUS,0.2984157363160569,MEDIUM,LOW,0.659405264656562,MEDIUM,POSITIVE,IDLE__P0_BACKUP_ONLY,
DEVELOPMENT,True,p3_mapping_research_corpus_v1_seed_20260830,episode_iterative_stratification_v1,False,257577c116eb07064e5a3cc367b660a9eee4f5f26460b3582af2afc7205145b0,114,rosbag2_2026_08_24-19_24_17__EP0050,rosbag2_2026_08_24-19_24_17,596.260105794,1787567654000640079,23493,1,PLAN_PRIMARY,STRICT,0,1.1881233467915455,0.11913705194592336,0,0.28596725519987953,0.28596725519987953,1,1,1,1,0,IDLE,P0_BACKUP_ONLY,True,True,SAFE_STOP_AUTHORITY,,4,"[{""d_center"":-0.17416163394162237,""d_left"":-0.08387634943793984,""d_right"":-0.2650899188648962,""id"":15,""is_static"":true,""is_visible"":true,""s_center"":1.2621157780895353,""s_end"":1.2969164070659698,""s_start"":1.227315149113101},{""d_center"":-0.7366067381635366,""d_left"":-0.6107895611424037,""d_right"":-0.8627891063177939,""id"":17,""is_static"":true,""is_visible"":true,""s_center"":3.2152353321194633,""s_end"":3.343454076309624,""s_start"":3.087016587929303},{""d_center"":-0.08921805137913204,""d_left"":0.02309555762298353,""d_right"":-0.2015316603812465,""id"":19,""is_static"":true,""is_visible"":true,""s_center"":3.924572926754741,""s_end"":4.041799312386772,""s_start"":3.80734654112271},{""d_center"":0.5685535296480323,""d_left"":0.7123671421900248,""d_right"":0.4256227974754239,""id"":15,""is_static"":true,""is_visible"":true,""s_center"":1.0574281361264346,""s_end"":1.1557300016222518,""s_start"":0.9591262706306174}]",input_bbcbf73ac85f2005,ego_7f7bdc344e0ec8eb,obs_a11d501c83cbc772,ref_3f5d487564f4ee3d,1787567653957692742,11595,2,1,True,1,"{""M1"": 1}","{""NEAR_LONG"": 1}","{""path entry is discontinuous from the current ego d"": 1}",LOC_UNKNOWN,ACCEPTABLE_NOT_A_QUALITY_LABEL,-12.13044,30.678272,0.004847601589762087,-0.0012252797788046,0.0,0.0048336866093926095,0.8727034120734908,False,False,True,PASS_IDS_AND_CANDIDATE_DIGEST_SET,MIXED_OR_CENTER,THREE_PLUS,0.2867443447146009,MEDIUM,STOPPED,0.6636512270917774,MEDIUM,POSITIVE,IDLE__P0_BACKUP_ONLY,
DEVELOPMENT,False,p3_mapping_research_corpus_v1_seed_20260830,episode_iterative_stratification_v1,False,257577c116eb07064e5a3cc367b660a9eee4f5f26460b3582af2afc7205145b0,11,rosbag2_2026_08_24-19_24_17__EP0051,rosbag2_2026_08_24-19_24_17,596.560066751,1787567654300601036,23505,1,PLAN_PRIMARY,STRICT,0,1.1688019860723897,0.14446295158302938,0,0.30210850771358344,0.30210850771358344,1,1,1,1,0,IDLE,P0_BACKUP_ONLY,True,True,SAFE_STOP_AUTHORITY,,3,"[{""d_center"":-0.13473769127136667,""d_left"":-0.05270388961814539,""d_right"":-0.21624938447434106,""id"":15,""is_static"":true,""is_visible"":true,""s_center"":1.2468479641390533,""s_end"":1.275888429815948,""s_start"":1.2178074984621585},{""d_center"":-0.6964479027444964,""d_left"":-0.5847123579795316,""d_right"":-0.808202113154069,""id"":17,""is_static"":true,""is_visible"":true,""s_center"":3.2039769660434767,""s_end"":3.3151653724244947,""s_start"":3.0927885596624587},{""d_center"":-0.06894611448640318,""d_left"":0.036255144237777454,""d_right"":-0.1741473732105827,""id"":19,""is_static"":true,""is_visible"":true,""s_center"":3.925143236669514,""s_end"":4.034873922099728,""s_start"":3.8154125512393}]",input_7e8266bf1fc7635b,ego_0783174799342fd4,obs_2558f895c154cc2b,ref_3f5d487564f4ee3d,1787567654237303085,11606,2,1,True,1,"{""M1"": 1}","{""NEAR_LONG"": 1}","{""shifted race line exceeds right control steering curvature"": 1}",LOC_UNKNOWN,ACCEPTABLE_NOT_A_QUALITY_LABEL,7.35718,19.092066000000003,0.005222679484363077,-0.0009091367399121086,0.0,0.0033702339613034815,0.6477769824226517,False,False,True,PASS_IDS_AND_CANDIDATE_DIGEST_SET,RIGHT,THREE_PLUS,0.2234897551745374,MEDIUM,STOPPED,0.6636512270917774,MEDIUM,POSITIVE,IDLE__P0_BACKUP_ONLY,
DEVELOPMENT,False,p3_mapping_research_corpus_v1_seed_20260830,episode_iterative_stratification_v1,False,257577c116eb07064e5a3cc367b660a9eee4f5f26460b3582af2afc7205145b0,41,rosbag2_2026_08_24-19_24_17__EP0052,rosbag2_2026_08_24-19_24_17,604.510118,1787567662250652285,23823,1,PLAN_PRIMARY,STRICT,0,1.0014842293762172,0.02230257427931497,0,0.5999335365062128,0.5999335365062128,2,2,2,2,0,IDLE,P0_BACKUP_ONLY,True,True,SAFE_STOP_AUTHORITY,,2,"[{""d_center"":-0.30143220864369746,""d_left"":-0.15758151429494807,""d_right"":-0.4467036668529707,""id"":15,""is_static"":true,""is_visible"":true,""s_center"":1.1669846040240328,""s_end"":1.3356665958265874,""s_start"":0.9983026122214782},{""d_center"":-0.28164009294733205,""d_left"":-0.1270097570484248,""d_right"":-0.43546969370078986,""id"":15,""is_static"":true,""is_visible"":true,""s_center"":3.72627778866655,""s_end"":3.8825851447968924,""s_start"":3.5699704325362074}]",input_2ef7b8a78c20bdcc,ego_4815671cfa827e78,obs_2ce7100c0b713c14,ref_3f5d487564f4ee3d,1787567662209770649,11858,2,1,True,2,"{""M1"": 2}","{""ZERO_BOUNDARY_SHORT"": 1, ""ZERO_BOUNDARY_SPAN"": 1}","{""d-offset intersects an inflated static-obstacle box"": 2}",LOC_UNKNOWN,ACCEPTABLE_NOT_A_QUALITY_LABEL,8.895089,20.087781999999997,0.003857008540622507,0.0019407094520018653,0.0,0.0036051338529591616,0.6905670882048834,False,False,True,PASS_IDS_AND_CANDIDATE_DIGEST_SET,RIGHT,TWO,0.30845993665236504,MEDIUM,STOPPED,0.6926792346629709,MEDIUM,POSITIVE,IDLE__P0_BACKUP_ONLY,
DEVELOPMENT,False,p3_mapping_research_corpus_v1_seed_20260830,episode_iterative_stratification_v1,False,257577c116eb07064e5a3cc367b660a9eee4f5f26460b3582af2afc7205145b0,83,rosbag2_2026_08_24-19_24_17__EP0054,rosbag2_2026_08_24-19_24_17,605.61011909,1787567663350653375,23853,1,PLAN_PRIMARY,STRICT,0,1.0624516179483212,0.18351293613182582,0,0.7632498742041975,0.6303375910329243,3,3,9,3,0,IDLE,P0_BACKUP_ONLY,True,True,SAFE_STOP_AUTHORITY,,2,"[{""d_center"":-0.09315006192199729,""d_left"":-0.013832070828006778,""d_right"":-0.17244642073942062,""id"":15,""is_static"":true,""is_visible"":true,""s_center"":1.1671039848237508,""s_end"":1.1980255889277704,""s_start"":1.136182380719731},{""d_center"":-0.17818849448855073,""d_left"":-0.036869374011261,""d_right"":-0.3191941253074167,""id"":15,""is_static"":true,""is_visible"":true,""s_center"":3.9531891384413087,""s_end"":4.094515145985969,""s_start"":3.811863130896648}]",input_c7a1aed0146d4525,ego_f542b6ce51027a34,obs_1344c2b7c346ca86,ref_3f5d487564f4ee3d,1787567663318070327,11887,2,1,True,9,"{""M0_V1"": 6, ""M1"": 3}","{""FROZEN_V1_CURVATURE_CONTINUITY"": 6, ""NEAR_LONG"": 1, ""ZERO_BOUNDARY_SHORT"": 1, ""ZERO_BOUNDARY_SPAN"": 1}","{""d-offset intersects an inflated static-obstacle box"": 2, ""footprint_track_bound"": 5, ""shifted race line exceeds left control steering curvature"": 2}",LOC_UNKNOWN,ACCEPTABLE_NOT_A_QUALITY_LABEL,-12.588165,20.175696,0.001507956547728925,0.00041885966951848985,0.0014298228414795222,0.0009085556325275079,0.8132108486439195,False,False,True,PASS_IDS_AND_CANDIDATE_DIGEST_SET,RIGHT,TWO,0.2823247512961557,MEDIUM,STOPPED,0.6926792346629709,MEDIUM,POSITIVE,IDLE__P0_BACKUP_ONLY,
DEVELOPMENT,False,p3_mapping_research_corpus_v1_seed_20260830,episode_iterative_stratification_v1,False,257577c116eb07064e5a3cc367b660a9eee4f5f26460b3582af2afc7205145b0,167,rosbag2_2026_08_24-19_24_17__EP0055,rosbag2_2026_08_24-19_24_17,605.980101253,1787567663720635538,23863,1,PLAN_PRIMARY,STRICT,0,1.036799869942632,0.10178781675642243,0,0.714931151957624,0.714931151957624,1,1,1,1,0,IDLE,P0_BACKUP_ONLY,True,True,SAFE_STOP_AUTHORITY,,2,"[{""d_center"":-0.15546107146068203,""d_left"":-0.07483184854154956,""d_right"":-0.23605458262833287,""id"":15,""is_static"":true,""is_visible"":true,""s_center"":1.150759037075845,""s_end"":1.1851261089381342,""s_start"":1.1163919652135557},{""d_center"":0.685252442688839,""d_left"":1.1053036898434683,""d_right"":0.2650132791888687,""id"":22,""is_static"":true,""is_visible"":true,""s_center"":3.9106820710762116,""s_end"":4.328194255012336,""s_start"":3.4931698871400876}]",input_492f84614de91454,ego_dd3d47b932eade4f,obs_0a1971eec7af2552,ref_3f5d487564f4ee3d,1787567663667809934,11895,2,1,True,1,"{""M1"": 1}","{""NEAR_LONG"": 1}","{""footprint_track_bound"": 1}",LOC_UNKNOWN,ACCEPTABLE_NOT_A_QUALITY_LABEL,-0.13980199999999998,31.995510999999997,0.01608569744139105,-0.0017660400098284956,0.009720701976968726,0.012749818623282588,0.9629364511254275,False,False,True,PASS_IDS_AND_CANDIDATE_DIGEST_SET,MIXED_OR_CENTER,TWO,0.8402904106545996,WIDE,STOPPED,0.6926792346629709,MEDIUM,POSITIVE,IDLE__P0_BACKUP_ONLY,
DEVELOPMENT,True,p3_mapping_research_corpus_v1_seed_20260830,episode_iterative_stratification_v1,False,257577c116eb07064e5a3cc367b660a9eee4f5f26460b3582af2afc7205145b0,127,rosbag2_2026_08_24-19_24_17__EP0056,rosbag2_2026_08_24-19_24_17,607.510060878,1787567665250595163,23923,1,PLAN_PRIMARY,STRICT,0,0.6452705720726006,-0.09211946865662855,0,0.4134844974325849,0.4134844974325849,1,1,1,1,0,IDLE,P0_BACKUP_ONLY,True,True,SAFE_STOP_AUTHORITY,,3,"[{""d_center"":0.027497753391401543,""d_left"":0.749374611590905,""d_right"":-0.6943791048081018,""id"":15,""is_static"":true,""is_visible"":true,""s_center"":3.808674333478023,""s_end"":4.474399857652157,""s_start"":3.1429488093038884},{""d_center"":0.7294922159624352,""d_left"":0.7977432008576407,""d_right"":0.6617249118420236,""id"":16,""is_static"":true,""is_visible"":false,""s_center"":0.117486056471008,""s_end"":0.18771621879792916,""s_start"":0.04725589414408683},{""d_center"":0.011318902376812861,""d_left"":0.020262981978984254,""d_right"":0.002403245330437675,""id"":28,""is_static"":true,""is_visible"":true,""s_center"":0.8319323540898054,""s_end"":0.8393046821661607,""s_start"":0.82456002601345}]",input_ec2de627746e8a6e,ego_cac1613222f1cc3f,obs_ce4198d3fda20362,ref_3f5d487564f4ee3d,1787567665211679546,11948,2,1,True,1,"{""M1"": 1}","{""NEAR_LONG"": 1}","{""shifted race line exceeds right control steering curvature"": 1}",LOC_UNKNOWN,ACCEPTABLE_NOT_A_QUALITY_LABEL,-13.906474000000001,24.892088,0.004941586000771074,0.003838422037554468,0.0,0.004129942493927299,0.8955698719478247,False,False,True,PASS_IDS_AND_CANDIDATE_DIGEST_SET,MIXED_OR_CENTER,THREE_PLUS,1.4437537163990068,WIDE,STOPPED,0.659405264656562,MEDIUM,POSITIVE,IDLE__P0_BACKUP_ONLY,
DEVELOPMENT,True,p3_mapping_research_corpus_v1_seed_20260830,episode_iterative_stratification_v1,False,257577c116eb07064e5a3cc367b660a9eee4f5f26460b3582af2afc7205145b0,57,rosbag2_2026_08_24-19_24_17__EP0057,rosbag2_2026_08_24-19_24_17,637.11014269,1787567694850676975,25100,1,PLAN_PRIMARY,STRICT,0,0.9700040375671524,-0.29147676794776134,0.32444270983246104,0.26857875732379083,0.26857875732379083,1,1,7,1,0,IDLE,P0_BACKUP_ONLY,True,True,SAFE_STOP_AUTHORITY,,1,"[{""d_center"":-0.15070885781926238,""d_left"":-0.1403663750569323,""d_right"":-0.16115057871499378,""id"":28,""is_static"":true,""is_visible"":true,""s_center"":1.109149425379058,""s_end"":1.1207882033431462,""s_start"":1.0975106474149696}]",input_9b8b5d73e1fdab91,ego_742f9c136eaf5ce9,obs_5d06b0a06c1d94c3,ref_3f5d487564f4ee3d,1787567694811719004,12992,2,1,True,7,"{""M0_V1"": 6, ""M1"": 1}","{""FROZEN_V1_CURVATURE_CONTINUITY"": 6, ""NEAR_LONG"": 1}","{""footprint_track_bound"": 5, ""shifted race line exceeds left control steering curvature"": 2}",LOC_UNKNOWN,ACCEPTABLE_NOT_A_QUALITY_LABEL,3.419391,20.9238,0.0003777750114902561,9.839246071763341e-05,0.00022730906901979875,0.00024784426943769144,0.743179829794003,False,False,True,PASS_IDS_AND_CANDIDATE_DIGEST_SET,RIGHT,ONE,0.020784203658061468,NARROW,LOW,0.6926792346629709,MEDIUM,POSITIVE,IDLE__P0_BACKUP_ONLY,
DEVELOPMENT,False,p3_mapping_research_corpus_v1_seed_20260830,episode_iterative_stratification_v1,False,257577c116eb07064e5a3cc367b660a9eee4f5f26460b3582af2afc7205145b0,50,rosbag2_2026_08_24-19_24_17__EP0059,rosbag2_2026_08_24-19_24_17,637.410089117,1787567695150623402,25108,1,PLAN_PRIMARY,STRICT,0,0.9678047727984237,-0.28612606725032685,0.25502484397827885,0.2847945538066435,0.25962088825947544,24,24,30,24,0,IDLE,P0_BACKUP_ONLY,True,True,SAFE_STOP_AUTHORITY,,1,"[{""d_center"":-0.15217227698203675,""d_left"":-0.14426708986025452,""d_right"":-0.1601107900282823,""id"":28,""is_static"":true,""is_visible"":true,""s_center"":1.1222330857965157,""s_end"":1.1311764119113135,""s_start"":1.113289759681718}]",input_89f8b77aacc6e3b2,ego_d2b1d44dbd524244,obs_4d3577569765b7df,ref_3f5d487564f4ee3d,1787567695101675448,13000,2,1,True,30,"{""M0_V1"": 6, ""M1"": 24}","{""FROZEN_V1_CURVATURE_CONTINUITY"": 6, ""NEAR_BISECTED"": 21, ""NEAR_LONG"": 1, ""ZERO_BOUNDARY_SHORT"": 1, ""ZERO_BOUNDARY_SPAN"": 1}","{""footprint_track_bound"": 28, ""shifted race line exceeds left control steering curvature"": 2}",LOC_UNKNOWN,ACCEPTABLE_NOT_A_QUALITY_LABEL,11.114815,29.486146,0.001918077657540119,-0.00015084695543010618,0.0,0.0019094100440740225,0.716495665314563,False,False,True,PASS_IDS_AND_CANDIDATE_DIGEST_SET,RIGHT,ONE,0.015843700168027774,NARROW,LOW,0.6926792346629709,MEDIUM,POSITIVE,IDLE__P0_BACKUP_ONLY,
DEVELOPMENT,False,p3_mapping_research_corpus_v1_seed_20260830,episode_iterative_stratification_v1,False,257577c116eb07064e5a3cc367b660a9eee4f5f26460b3582af2afc7205145b0,43,rosbag2_2026_08_24-19_24_17__EP0061,rosbag2_2026_08_24-19_24_17,644.030114902,1787567701770649187,25202,1,PLAN_PRIMARY,STRICT,0,0.8329811031909697,-0.28256570388146635,0,0.24169600086468082,0.23625861237001936,24,24,30,24,0,IDLE,P0_BACKUP_ONLY,True,True,SAFE_STOP_AUTHORITY,,1,"[{""d_center"":-0.1351313360093768,""d_left"":-0.12706050789475704,""d_right"":-0.14263892583023646,""id"":28,""is_static"":true,""is_visible"":true,""s_center"":0.9745585930507283,""s_end"":0.9822892820970024,""s_start"":0.9668279040044543}]",input_452b006e2af997b6,ego_c48bf499e47e58fa,obs_cb0eb2a0ad6ee254,ref_3f5d487564f4ee3d,1787567701742250889,13082,2,1,True,30,"{""M0_V1"": 6, ""M1"": 24}","{""FROZEN_V1_CURVATURE_CONTINUITY"": 6, ""NEAR_BISECTED"": 21, ""NEAR_LONG"": 1, ""ZERO_BOUNDARY_SHORT"": 1, ""ZERO_BOUNDARY_SPAN"": 1}","{""footprint_track_bound"": 28, ""shifted race line exceeds left control steering curvature"": 2}",LOC_UNKNOWN,ACCEPTABLE_NOT_A_QUALITY_LABEL,-8.557462,19.349197,0.002922146797113136,-0.0005324053283859431,0.0,0.0027968475879221466,0.6945040960788992,False,False,True,PASS_IDS_AND_CANDIDATE_DIGEST_SET,RIGHT,ONE,0.015578417935479427,NARROW,STOPPED,0.659405264656562,MEDIUM,POSITIVE,IDLE__P0_BACKUP_ONLY,
DEVELOPMENT,False,p3_mapping_research_corpus_v1_seed_20260830,episode_iterative_stratification_v1,False,257577c116eb07064e5a3cc367b660a9eee4f5f26460b3582af2afc7205145b0,84,rosbag2_2026_08_24-19_24_17__EP0063,rosbag2_2026_08_24-19_24_17,653.660067163,1787567711400601448,25489,1,PLAN_PRIMARY,STRICT,0,1.0325770109493404,-0.1574135895591618,0,0.3640744517367246,0.3426652199547457,24,24,30,24,0,IDLE,P0_BACKUP_ONLY,True,True,SAFE_STOP_AUTHORITY,,2,"[{""d_center"":-0.023772640708194948,""d_left"":-0.015402430788542854,""d_right"":-0.031770775675270514,""id"":28,""is_static"":true,""is_visible"":true,""s_center"":1.1943497398705682,""s_end"":1.2048932519039317,""s_start"":1.1838062278372048},{""d_center"":0.3672742307463913,""d_left"":0.422063172891579,""d_right"":0.3124382091562612,""id"":71,""is_static"":true,""is_visible"":true,""s_center"":6.102960900925683,""s_end"":6.117719541673882,""s_start"":6.088202260177484}]",input_5c3e025e54093bd9,ego_1b72e7e1804e4e5a,obs_03d2ddd2f048198c,ref_3f5d487564f4ee3d,1787567711353120492,13360,2,1,True,30,"{""M0_V1"": 6, ""M1"": 24}","{""FROZEN_V1_CURVATURE_CONTINUITY"": 6, ""NEAR_BISECTED"": 21, ""NEAR_LONG"": 1, ""ZERO_BOUNDARY_SHORT"": 1, ""ZERO_BOUNDARY_SPAN"": 1}","{""footprint_track_bound"": 24, ""quintic d-offset exceeds maximum_lateral_slope"": 2, ""shifted race line exceeds left control steering curvature"": 4}",LOC_UNKNOWN,ACCEPTABLE_NOT_A_QUALITY_LABEL,3.823986,30.148055,0.0004538444548601999,0.0002535537279533262,0.0,0.0004544284063999482,0.8142050425514993,False,False,True,PASS_IDS_AND_CANDIDATE_DIGEST_SET,MIXED_OR_CENTER,TWO,0.10962496373531783,NARROW,STOPPED,0.6926792346629709,MEDIUM,POSITIVE,IDLE__P0_BACKUP_ONLY,
DEVELOPMENT,True,p3_mapping_research_corpus_v1_seed_20260830,episode_iterative_stratification_v1,False,257577c116eb07064e5a3cc367b660a9eee4f5f26460b3582af2afc7205145b0,138,rosbag2_2026_08_24-19_24_17__EP0065,rosbag2_2026_08_24-19_24_17,688.580130043,1787567746320664328,26697,1,PLAN_PRIMARY,STRICT,0,34.07500411140238,-0.027174803773587428,0.18178430886035626,0.7486230033164474,0.7486230033164474,1,1,7,1,0,IDLE,P0_BACKUP_ONLY,True,True,SAFE_STOP_AUTHORITY,,1,"[{""d_center"":0.03952498974779401,""d_left"":0.04363242048970884,""d_right"":0.03541074447694631,""id"":94,""is_static"":true,""is_visible"":false,""s_center"":34.289390776000666,""s_end"":34.29241254276406,""s_start"":34.28636900923727}]",input_598015aa27edc053,ego_bdf2e563b39548ea,obs_1549e5381a20068c,ref_3f5d487564f4ee3d,1787567746284331535,14449,2,1,True,7,"{""M0_V1"": 6, ""M1"": 1}","{""FROZEN_V1_CURVATURE_CONTINUITY"": 6, ""NEAR_LONG"": 1}","{""footprint_track_bound"": 1, ""quintic d-offset exceeds maximum_lateral_slope"": 4, ""shifted race line exceeds right control steering curvature"": 2}",LOC_UNKNOWN,ACCEPTABLE_NOT_A_QUALITY_LABEL,-5.890504,30.598865999999997,0.00642791061010346,0.0008490174653479343,0.004491996635643147,0.004773509810576674,0.9146981627296588,False,False,True,PASS_IDS_AND_CANDIDATE_DIGEST_SET,MIXED_OR_CENTER,ONE,0.008221676012762531,NARROW,LOW,0.4480280820688903,MEDIUM,POSITIVE,IDLE__P0_BACKUP_ONLY,
DEVELOPMENT,True,p3_mapping_research_corpus_v1_seed_20260830,episode_iterative_stratification_v1,False,257577c116eb07064e5a3cc367b660a9eee4f5f26460b3582af2afc7205145b0,12,rosbag2_2026_08_24-19_24_17__EP0069,rosbag2_2026_08_24-19_24_17,724.130108493,1787567781870642778,28107,1,PLAN_PRIMARY,STRICT,0,5.945891771305087,-0.2613767724649473,0,0.4850571336319434,0.4128369877150501,3,3,9,3,0,IDLE,P0_BACKUP_ONLY,True,True,SAFE_STOP_AUTHORITY,,1,"[{""d_center"":-0.13577472228926754,""d_left"":-0.13095112373426657,""d_right"":-0.14068151566060735,""id"":145,""is_static"":true,""is_visible"":true,""s_center"":6.11394983109324,""s_end"":6.121372848120991,""s_start"":6.106526814065489}]",input_17d5ab52e7357889,ego_a0510f98e9e50943,obs_5960d55e739a2823,ref_3f5d487564f4ee3d,1787567781843903201,15626,2,1,True,9,"{""M0_V1"": 6, ""M1"": 3}","{""FROZEN_V1_CURVATURE_CONTINUITY"": 6, ""NEAR_LONG"": 1, ""ZERO_BOUNDARY_SHORT"": 1, ""ZERO_BOUNDARY_SPAN"": 1}","{""footprint_track_bound"": 2, ""quintic d-offset exceeds maximum_lateral_slope"": 2, ""shifted race line exceeds left control steering curvature"": 2, ""shifted race line exceeds right control steering curvature"": 3}",LOC_UNKNOWN,ACCEPTABLE_NOT_A_QUALITY_LABEL,-5.783719,19.700514,0.00037125205150901486,1.3066920290571991e-05,0.0,0.00018869657805076212,0.6477769824226517,False,False,True,PASS_IDS_AND_CANDIDATE_DIGEST_SET,RIGHT,ONE,0.009730391926340787,NARROW,STOPPED,0.30429655648995757,MEDIUM,POSITIVE,IDLE__P0_BACKUP_ONLY,
DEVELOPMENT,True,p3_mapping_research_corpus_v1_seed_20260830,episode_iterative_stratification_v1,False,257577c116eb07064e5a3cc367b660a9eee4f5f26460b3582af2afc7205145b0,31,rosbag2_2026_08_25-09_59_22__EP0001,rosbag2_2026_08_25-09_59_22,131.890234914,1787619694116293399,5379,1,PLAN_PRIMARY,STRICT,0,22.172031771694577,-0.9669925159671624,0,0.10602696301494177,0.10602696301494177,1,1,7,1,0,IDLE,P0_BACKUP_ONLY,True,True,SAFE_STOP_AUTHORITY,,2,"[{""d_center"":-1.0004760205080108,""d_left"":-0.9232123632613035,""d_right"":-1.0772279950061092,""id"":47,""is_static"":true,""is_visible"":true,""s_center"":22.330355525907425,""s_end"":22.406097284981662,""s_start"":22.254613766833188},{""d_center"":-0.27920375543628745,""d_left"":-0.15502446074603382,""d_right"":-0.40281825349754274,""id"":54,""is_static"":true,""is_visible"":true,""s_center"":23.48331403126272,""s_end"":23.57228720751293,""s_start"":23.39434085501251}]",input_081c8ef59fddf7ed,ego_44bcc650e8e00377,obs_1df9ca05a80f37e6,ref_4dc0768eb37d9590,1787619694083941774,2005,2,1,True,7,"{""M0_V1"": 6, ""M1"": 1}","{""FROZEN_V1_CURVATURE_CONTINUITY"": 6, ""NEAR_LONG"": 1}","{""d-offset intersects an inflated static-obstacle box"": 5, ""footprint_track_bound"": 2}",LOC_UNKNOWN,ACCEPTABLE_NOT_A_QUALITY_LABEL,-13.098056,19.862728,0.0001411246675408063,-9.34455789402544e-05,0.0,8.375947855843169e-05,0.6733578960741964,False,False,True,PASS_IDS_AND_CANDIDATE_DIGEST_SET,RIGHT,TWO,0.24779379275150892,MEDIUM,STOPPED,0.4027208463693154,MEDIUM,POSITIVE,IDLE__P0_BACKUP_ONLY,
DEVELOPMENT,False,p3_mapping_research_corpus_v1_seed_20260830,episode_iterative_stratification_v1,False,257577c116eb07064e5a3cc367b660a9eee4f5f26460b3582af2afc7205145b0,187,rosbag2_2026_08_25-09_59_22__EP0002,rosbag2_2026_08_25-09_59_22,132.450276454,1787619694676334939,5397,1,PLAN_PRIMARY,STRICT,4,22.175790045688174,-0.9634990613347463,0,0.1046345165902405,0.1046345165902405,1,1,1,1,0,IDLE,P0_BACKUP_ONLY,True,True,SAFE_STOP_AUTHORITY,,2,"[{""d_center"":-0.999438901943748,""d_left"":-0.9230977484990531,""d_right"":-1.07517068707604,""id"":47,""is_static"":true,""is_visible"":true,""s_center"":22.33302556158086,""s_end"":22.407799269488017,""s_start"":22.258251853673706},{""d_center"":-0.2791933329134488,""d_left"":-0.15596992062999399,""d_right"":-0.4019229036194894,""id"":54,""is_static"":true,""is_visible"":true,""s_center"":23.482806231624334,""s_end"":23.567705681181124,""s_start"":23.397906782067544}]",input_06298b5564b365ac,ego_fa4ba346d7b78ea1,obs_46fc60dda090572b,ref_4dc0768eb37d9590,1787619694553938725,2017,2,1,True,1,"{""M1"": 1}","{""NEAR_LONG"": 1}","{""d-offset intersects an inflated static-obstacle box"": 1}",LOC_UNKNOWN,ACCEPTABLE_NOT_A_QUALITY_LABEL,7.130755,20.012480999999998,0.000601638760923188,4.5255227120899466e-05,0.0,0.0003688015801500688,0.6788845127683903,False,False,True,PASS_IDS_AND_CANDIDATE_DIGEST_SET,RIGHT,TWO,0.24595298298949542,MEDIUM,STOPPED,0.4027208463693154,MEDIUM,POSITIVE,IDLE__P0_BACKUP_ONLY,
DEVELOPMENT,False,p3_mapping_research_corpus_v1_seed_20260830,episode_iterative_stratification_v1,False,257577c116eb07064e5a3cc367b660a9eee4f5f26460b3582af2afc7205145b0,92,rosbag2_2026_08_25-09_59_22__EP0006,rosbag2_2026_08_25-09_59_22,133.29029881,1787619695516357295,5420,1,PLAN_PRIMARY,STRICT,0,22.187623687128,-0.9574766251272269,0,0.08021188549865979,0.08021188549865979,1,1,7,1,0,IDLE,P0_BACKUP_ONLY,True,True,SAFE_STOP_AUTHORITY,,2,"[{""d_center"":-0.9898377803927048,""d_left"":-0.9107853722799931,""d_right"":-1.067997715932255,""id"":47,""is_static"":true,""is_visible"":true,""s_center"":22.345499944671175,""s_end"":22.422533900459587,""s_start"":22.268465988882763},{""d_center"":-0.2775843308701949,""d_left"":-0.1552243176076474,""d_right"":-0.3992865476988486,""id"":54,""is_static"":true,""is_visible"":true,""s_center"":23.49774912122277,""s_end"":23.579056666669167,""s_start"":23.416441575776375}]",input_be2d746684e699b1,ego_a994e928a6a797fa,obs_4ad5bd11028682f5,ref_4dc0768eb37d9590,1787619695463833743,2039,2,1,True,7,"{""M0_V1"": 6, ""M1"": 1}","{""FROZEN_V1_CURVATURE_CONTINUITY"": 6, ""NEAR_LONG"": 1}","{""d-offset intersects an inflated static-obstacle box"": 7}",LOC_UNKNOWN,ACCEPTABLE_NOT_A_QUALITY_LABEL,-3.0800799999999997,30.200065000000002,0.00046107696005384083,0.00016920024806604816,0.0,0.00013680329571530425,0.8346144073180028,False,False,True,PASS_IDS_AND_CANDIDATE_DIGEST_SET,RIGHT,TWO,0.24406223009120118,MEDIUM,STOPPED,0.4027208463693154,MEDIUM,POSITIVE,IDLE__P0_BACKUP_ONLY,
DEVELOPMENT,True,p3_mapping_research_corpus_v1_seed_20260830,episode_iterative_stratification_v1,False,257577c116eb07064e5a3cc367b660a9eee4f5f26460b3582af2afc7205145b0,143,rosbag2_2026_08_25-09_59_22__EP0010,rosbag2_2026_08_25-09_59_22,157.120087446,1787619719346145931,6368,1,PLAN_PRIMARY,STRICT,0,23.042763550765667,-0.42773070797098517,0.9947571993883536,0.0431336119603463,0.0431336119603463,1,1,7,1,0,IDLE,P0_BACKUP_ONLY,True,True,SAFE_STOP_AUTHORITY,,2,"[{""d_center"":-0.12966700019198996,""d_left"":-0.0038430974313063784,""d_right"":-0.2556331637632218,""id"":54,""is_static"":true,""is_visible"":true,""s_center"":23.790303511783,""s_end"":23.87144494834414,""s_start"":23.70916207522186},{""d_center"":0.5644800544701892,""d_left"":0.6766672724331121,""d_right"":0.4501337298626461,""id"":62,""is_static"":true,""is_visible"":true,""s_center"":22.060796951318075,""s_end"":22.167360605915487,""s_start"":21.954233296720663}]",input_b225bfe0b8cafdc8,ego_47c1391ce7245e6c,obs_14a66721633bb718,ref_4dc0768eb37d9590,1787619719282956525,2742,2,1,True,7,"{""M0_V1"": 6, ""M1"": 1}","{""FROZEN_V1_CURVATURE_CONTINUITY"": 6, ""NEAR_LONG"": 1}","{""footprint_track_bound"": 4, ""shifted race line exceeds left control steering curvature"": 3}",LOC_UNKNOWN,ACCEPTABLE_NOT_A_QUALITY_LABEL,-11.817708,20.240340999999997,0.03602010565426979,0.0005376267482841701,0.0,0.022933038822455898,0.9197370092745522,False,False,True,PASS_IDS_AND_CANDIDATE_DIGEST_SET,MIXED_OR_CENTER,TWO,0.2517900663319154,MEDIUM,LOW,0.4202351499585872,MEDIUM,POSITIVE,IDLE__P0_BACKUP_ONLY,
DEVELOPMENT,True,p3_mapping_research_corpus_v1_seed_20260830,episode_iterative_stratification_v1,False,257577c116eb07064e5a3cc367b660a9eee4f5f26460b3582af2afc7205145b0,149,rosbag2_2026_08_25-09_59_22__EP0011,rosbag2_2026_08_25-09_59_22,157.190081808,1787619719416140293,6371,1,PLAN_PRIMARY,STRICT,0,23.13860952331756,-0.3372931061411462,1.2460369489347636,0.45597173861316476,0.45597173861316476,1,1,7,1,0,IDLE,P0_BACKUP_ONLY,True,True,SAFE_STOP_AUTHORITY,,2,"[{""d_center"":-0.11503560781564796,""d_left"":0.00966517847176561,""d_right"":-0.23973639410306152,""id"":54,""is_static"":true,""is_visible"":true,""s_center"":23.796055988749416,""s_end"":23.87091915085414,""s_start"":23.721192826644693},{""d_center"":0.57289279017039,""d_left"":0.6824048505960097,""d_right"":0.46154714575962386,""id"":62,""is_static"":true,""is_visible"":false,""s_center"":22.069019040486037,""s_end"":22.174568388996317,""s_start"":21.963469691975757}]",input_7e7f963257cf07d9,ego_34e7fb29bb288f07,obs_7213ca3d71716bab,ref_4dc0768eb37d9590,1787619719382972026,2745,2,1,True,7,"{""M0_V1"": 6, ""M1"": 1}","{""FROZEN_V1_CURVATURE_CONTINUITY"": 6, ""NEAR_LONG"": 1}","{""path entry is discontinuous from the current ego d"": 7}",LOC_UNKNOWN,ACCEPTABLE_NOT_A_QUALITY_LABEL,-2.340948,30.106858,0.05352466788588832,0.00014594516949273384,0.0,0.031012519719006926,0.9302502858594842,False,False,True,PASS_IDS_AND_CANDIDATE_DIGEST_SET,MIXED_OR_CENTER,TWO,0.24940157257482715,MEDIUM,MOVING,0.4202351499585872,MEDIUM,POSITIVE,IDLE__P0_BACKUP_ONLY,
DEVELOPMENT,False,p3_mapping_research_corpus_v1_seed_20260830,episode_iterative_stratification_v1,False,257577c116eb07064e5a3cc367b660a9eee4f5f26460b3582af2afc7205145b0,108,rosbag2_2026_08_25-09_59_22__EP0013,rosbag2_2026_08_25-09_59_22,159.040113279,1787619721266171764,6428,1,PLAN_PRIMARY,STRICT,0,23.5294397720368,-0.059323860042440904,0,0.29266870357459673,0.1709367287910373,3,3,9,3,0,IDLE,P0_BACKUP_ONLY,True,True,SAFE_STOP_AUTHORITY,,1,"[{""d_center"":-0.20449397316503928,""d_left"":-0.07503550032247086,""d_right"":-0.33436967713674626,""id"":54,""is_static"":true,""is_visible"":true,""s_center"":23.926555267542675,""s_end"":23.991866541310497,""s_start"":23.861243993774853}]",input_b96a95ff7227720e,ego_4be7666ebc473f12,obs_f6c25ef119ad6f0f,ref_4dc0768eb37d9590,1787619721212982614,2793,2,1,True,9,"{""M0_V1"": 6, ""M1"": 3}","{""FROZEN_V1_CURVATURE_CONTINUITY"": 6, ""NEAR_LONG"": 1, ""ZERO_BOUNDARY_SHORT"": 1, ""ZERO_BOUNDARY_SPAN"": 1}","{""footprint_track_bound"": 1, ""shifted race line exceeds left control steering curvature"": 3, ""shifted race line exceeds right control steering curvature"": 5}",LOC_UNKNOWN,ACCEPTABLE_NOT_A_QUALITY_LABEL,-3.6413420000000003,30.157431,0.003960975501150058,0.006216736942546763,0.0038649919914028885,0.00032440079399926464,0.865582518104434,False,False,True,PASS_IDS_AND_CANDIDATE_DIGEST_SET,RIGHT,ONE,0.2593341768142754,MEDIUM,STOPPED,0.4142614494128863,MEDIUM,POSITIVE,IDLE__P0_BACKUP_ONLY,
DEVELOPMENT,False,p3_mapping_research_corpus_v1_seed_20260830,episode_iterative_stratification_v1,False,257577c116eb07064e5a3cc367b660a9eee4f5f26460b3582af2afc7205145b0,190,rosbag2_2026_08_25-09_59_22__EP0014,rosbag2_2026_08_25-09_59_22,189.390208183,1787619751616266668,7571,1,PLAN_PRIMARY,STRICT,13,9.234601716883269,1.017907313298241,0,0.012734873883878173,0.01209621547777262,21,21,21,21,0,IDLE,P0_BACKUP_ONLY,True,True,SAFE_STOP_AUTHORITY,,2,"[{""d_center"":0.7250112725689896,""d_left"":0.8421086912715363,""d_right"":0.6079138538664426,""id"":85,""is_static"":true,""is_visible"":true,""s_center"":15.589314016001834,""s_end"":15.702437477071399,""s_start"":15.47619055493227},{""d_center"":-0.16130068264417755,""d_left"":-0.01788533750535494,""d_right"":-0.30471602778300017,""id"":87,""is_static"":true,""is_visible"":true,""s_center"":17.385298637402947,""s_end"":17.41834290588155,""s_start"":17.352254368924346}]",input_24023e76348b3920,ego_4d2b2633a6229d0a,obs_f6f852919b7a6a77,ref_4dc0768eb37d9590,1787619751573864539,3607,2,1,True,21,"{""M0_V1"": 6, ""M0_V2"": 9, ""M1"": 6}","{""BRANCH_AWARE_ANALYTIC_ROOT"": 1, ""FAR_SPAN"": 1, ""FROZEN_V1_CURVATURE_CONTINUITY"": 6, ""NEAR_LONG"": 1, ""ZERO_BOUNDARY_SHORT"": 2, ""ZERO_BOUNDARY_SPAN"": 2, ""ZERO_INTERFACE_BOUNDARY_INSET"": 2, ""ZERO_INTERFACE_CENTER_LONG_EXIT"": 2, ""ZERO_INTERFACE_QUARTER_LONG_EXIT"": 2, ""ZERO_INTERFACE_QUARTER_SCALE"": 2}","{""footprint_track_bound"": 21}",LOC_UNKNOWN,ACCEPTABLE_NOT_A_QUALITY_LABEL,7.544735,27.033652,0.0023486835605745853,0.0003745705870847882,0.0,0.0020771366374139344,0.6989360012704462,False,False,True,PASS_IDS_AND_CANDIDATE_DIGEST_SET,MIXED_OR_CENTER,TWO,0.28683069027764524,MEDIUM,STOPPED,2.747463692354519e-15,LOW,NEAR_ZERO,IDLE__P0_BACKUP_ONLY,
DEVELOPMENT,False,p3_mapping_research_corpus_v1_seed_20260830,episode_iterative_stratification_v1,False,257577c116eb07064e5a3cc367b660a9eee4f5f26460b3582af2afc7205145b0,35,rosbag2_2026_08_25-09_59_22__EP0018,rosbag2_2026_08_25-09_59_22,295.890154185,1787619858116212670,11182,1,PLAN_PRIMARY,STRICT,0,12.537045749808467,1.1861584551197626,0.13042852771710733,0.29741538496675335,0.29391029360882426,21,21,21,21,0,IDLE,P0_BACKUP_ONLY,True,True,SAFE_STOP_AUTHORITY,,2,"[{""d_center"":-0.20795919354799844,""d_left"":-0.10505075934234478,""d_right"":-0.3108676277536522,""id"":134,""is_static"":true,""is_visible"":true,""s_center"":16.814562531158145,""s_end"":16.87658024280906,""s_start"":16.752544819507232},{""d_center"":1.3110933931246707,""d_left"":1.4011489644906368,""d_right"":1.2210378217587048,""id"":165,""is_static"":true,""is_visible"":true,""s_center"":12.75192983624096,""s_end"":12.76766445155209,""s_start"":12.73619522092983}]",input_0f1521de1def88d0,ego_7833e20a809ff392,obs_7ff232bb4d568da2,ref_4dc0768eb37d9590,1787619858074729910,6225,2,1,True,21,"{""M0_V1"": 6, ""M0_V2"": 9, ""M1"": 6}","{""BRANCH_AWARE_ANALYTIC_ROOT"": 1, ""FAR_SPAN"": 1, ""FROZEN_V1_CURVATURE_CONTINUITY"": 6, ""NEAR_LONG"": 1, ""ZERO_BOUNDARY_SHORT"": 2, ""ZERO_BOUNDARY_SPAN"": 2, ""ZERO_INTERFACE_BOUNDARY_INSET"": 2, ""ZERO_INTERFACE_CENTER_LONG_EXIT"": 2, ""ZERO_INTERFACE_QUARTER_LONG_EXIT"": 2, ""ZERO_INTERFACE_QUARTER_SCALE"": 2}","{""footprint_track_bound"": 21}",LOC_UNKNOWN,ACCEPTABLE_NOT_A_QUALITY_LABEL,7.921523,25.679894,0.002843473300113005,0.0003071317389394812,0.0,0.0018855567858202527,0.6733578960741964,False,False,True,PASS_IDS_AND_CANDIDATE_DIGEST_SET,MIXED_OR_CENTER,TWO,0.2058168684113074,MEDIUM,LOW,-1.3187825723301778e-15,LOW,NEAR_ZERO,IDLE__P0_BACKUP_ONLY,
DEVELOPMENT,False,p3_mapping_research_corpus_v1_seed_20260830,episode_iterative_stratification_v1,False,257577c116eb07064e5a3cc367b660a9eee4f5f26460b3582af2afc7205145b0,124,rosbag2_2026_08_25-09_59_22__EP0021,rosbag2_2026_08_25-09_59_22,359.730095427,1787619921956153912,13425,1,PLAN_PRIMARY,STRICT,0,4.065134109930741,-0.390051323011995,0.25173999175025774,0.6504045368208756,0.4575364495757724,16,16,22,16,0,IDLE,P0_BACKUP_ONLY,True,True,SAFE_STOP_AUTHORITY,,4,"[{""d_center"":-0.6080511921301469,""d_left"":-0.4851362235031645,""d_right"":-0.7309661607571294,""id"":204,""is_static"":true,""is_visible"":true,""s_center"":9.875535786475435,""s_end"":9.952773501292704,""s_start"":9.798298071658166},{""d_center"":0.27385378390077986,""d_left"":0.39363781490773525,""d_right"":0.15310462433413347,""id"":208,""is_static"":true,""is_visible"":true,""s_center"":3.466389736910361,""s_end"":3.584990867190495,""s_start"":3.3477886066302274},{""d_center"":-0.9454800590769472,""d_left"":-0.5852595974116377,""d_right"":-1.3058131453619128,""id"":211,""is_static"":true,""is_visible"":true,""s_center"":4.384029488413354,""s_end"":4.758780367987939,""s_start"":4.00927860883877},{""d_center"":0.000828657656736614,""d_left"":0.09782710107778608,""d_right"":-0.09616978576431276,""id"":213,""is_static"":true,""is_visible"":true,""s_center"":7.029002449404732,""s_end"":7.093450689801362,""s_start"":6.964554209008103}]",input_381addd9614311b7,ego_8f4b11e5df7ad6d3,obs_a6c980fb1a0084a7,ref_4dc0768eb37d9590,1787619921903374073,7228,2,1,True,22,"{""M0_V1"": 6, ""M0_V2"": 9, ""M1"": 7}","{""BRANCH_AWARE_ANALYTIC_ROOT"": 1, ""FAR_SPAN"": 2, ""FROZEN_V1_CURVATURE_CONTINUITY"": 6, ""NEAR_LONG"": 1, ""ZERO_BOUNDARY_SHORT"": 2, ""ZERO_BOUNDARY_SPAN"": 2, ""ZERO_INTERFACE_BOUNDARY_INSET"": 2, ""ZERO_INTERFACE_CENTER_LONG_EXIT"": 2, ""ZERO_INTERFACE_QUARTER_LONG_EXIT"": 2, ""ZERO_INTERFACE_QUARTER_SCALE"": 2}","{""d-offset intersects an inflated static-obstacle box"": 22}",LOC_UNKNOWN,ACCEPTABLE_NOT_A_QUALITY_LABEL,-3.071234,17.672598,0.022025003336675154,0.0022496069655473933,0.0,0.019551826939018246,0.8857197306568416,False,False,True,PASS_IDS_AND_CANDIDATE_DIGEST_SET,MIXED_OR_CENTER,THREE_PLUS,0.7205535479502752,WIDE,LOW,0.25816524610154745,MEDIUM,POSITIVE,IDLE__P0_BACKUP_ONLY,
DEVELOPMENT,False,p3_mapping_research_corpus_v1_seed_20260830,episode_iterative_stratification_v1,False,257577c116eb07064e5a3cc367b660a9eee4f5f26460b3582af2afc7205145b0,55,rosbag2_2026_08_25-09_59_22__EP0028,rosbag2_2026_08_25-09_59_22,449.890107603,1787620012116166088,16604,1,PLAN_PRIMARY,STRICT,0,4.879179097524457,-0.9770183546729871,0.21723445333378574,0.0523294371390202,0.051256645674186564,15,15,18,15,0,IDLE,P0_BACKUP_ONLY,True,True,OBSTACLE_SOURCE_STALE,,1,"[{""d_center"":-0.2931758091017734,""d_left"":-0.22970048529946424,""d_right"":-0.35665113290408257,""id"":271,""is_static"":true,""is_visible"":true,""s_center"":9.883938225163114,""s_end"":9.967394217800484,""s_start"":9.800482232525743}]",input_d5511c30a4e901a1,ego_1802f8ab638e01ab,obs_6450104be25d3565,ref_4dc0768eb37d9590,1787620004495068222,9241,2,1,True,18,"{""M0_V1"": 3, ""M0_V2"": 9, ""M1"": 6}","{""BRANCH_AWARE_ANALYTIC_ROOT"": 1, ""FAR_SPAN"": 1, ""FROZEN_V1_CURVATURE_CONTINUITY"": 3, ""NEAR_LONG"": 1, ""ZERO_BOUNDARY_SHORT"": 2, ""ZERO_BOUNDARY_SPAN"": 2, ""ZERO_INTERFACE_BOUNDARY_INSET"": 2, ""ZERO_INTERFACE_CENTER_LONG_EXIT"": 2, ""ZERO_INTERFACE_QUARTER_LONG_EXIT"": 2, ""ZERO_INTERFACE_QUARTER_SCALE"": 2}","{""footprint_track_bound"": 18}",LOC_UNKNOWN,ACCEPTABLE_NOT_A_QUALITY_LABEL,8.673435999999999,20.211931,0.002474152706651505,0.0019977129650793142,0.0,0.000589470424721128,0.7368822258925168,False,False,True,PASS_IDS_AND_CANDIDATE_DIGEST_SET,RIGHT,ONE,0.12695064760461833,NARROW,LOW,0.24607367480059747,LOW,POSITIVE,IDLE__P0_BACKUP_ONLY,
DEVELOPMENT,False,p3_mapping_research_corpus_v1_seed_20260830,episode_iterative_stratification_v1,False,257577c116eb07064e5a3cc367b660a9eee4f5f26460b3582af2afc7205145b0,178,rosbag2_2026_08_25-09_59_22__EP0036,rosbag2_2026_08_25-09_59_22,671.79029086,1787620234016349345,25396,1,PLAN_PRIMARY,STRICT,0,8.331599418077218,1.1218171429822839,0,0.020424004212987512,0.019872439927234753,21,21,21,21,0,IDLE,P0_BACKUP_ONLY,True,True,SAFE_STOP_AUTHORITY,,1,"[{""d_center"":-0.30732206471378304,""d_left"":-0.19689730141562586,""d_right"":-0.4173976074876986,""id"":445,""is_static"":true,""is_visible"":true,""s_center"":21.041103519814204,""s_end"":21.09776931882939,""s_start"":20.98443772079902}]",input_3440da09fb56772b,ego_d1fd75d41e86bb54,obs_5a5181b8f88f5a8f,ref_4dc0768eb37d9590,1787620233988614445,15462,2,1,True,21,"{""M0_V1"": 6, ""M0_V2"": 9, ""M1"": 6}","{""BRANCH_AWARE_ANALYTIC_ROOT"": 1, ""FAR_SPAN"": 1, ""FROZEN_V1_CURVATURE_CONTINUITY"": 6, ""NEAR_LONG"": 1, ""ZERO_BOUNDARY_SHORT"": 2, ""ZERO_BOUNDARY_SPAN"": 2, ""ZERO_INTERFACE_BOUNDARY_INSET"": 2, ""ZERO_INTERFACE_CENTER_LONG_EXIT"": 2, ""ZERO_INTERFACE_QUARTER_LONG_EXIT"": 2, ""ZERO_INTERFACE_QUARTER_SCALE"": 2}","{""footprint_track_bound"": 21}",LOC_UNKNOWN,ACCEPTABLE_NOT_A_QUALITY_LABEL,4.387196,32.215334999999996,0.0002062487821978476,0.0010712787040230987,0.00020370965730620583,3.226353480179078e-05,0.9858340744505145,False,False,True,PASS_IDS_AND_CANDIDATE_DIGEST_SET,RIGHT,ONE,0.22050030607207274,MEDIUM,STOPPED,-1.4286811200243574e-15,LOW,NEAR_ZERO,IDLE__P0_BACKUP_ONLY,
DEVELOPMENT,False,p3_mapping_research_corpus_v1_seed_20260830,episode_iterative_stratification_v1,False,257577c116eb07064e5a3cc367b660a9eee4f5f26460b3582af2afc7205145b0,88,rosbag2_2026_08_25-09_59_22__EP0040,rosbag2_2026_08_25-09_59_22,940.670136056,1787620502896194541,36020,1,PLAN_PRIMARY,STRICT,0,15.81089579011976,-0.51616888349838,0.5515217260157028,0.11263929683245391,0.045514445509367375,3,3,3,3,0,IDLE,P0_BACKUP_ONLY,True,True,SAFE_STOP_AUTHORITY,,1,"[{""d_center"":-0.06322925845447384,""d_left"":-0.01550288339398852,""d_right"":-0.11095563351495924,""id"":610,""is_static"":true,""is_visible"":true,""s_center"":16.322374627754485,""s_end"":16.416210520472376,""s_start"":16.228538735036594}]",input_8728349c8f61c652,ego_d2e8d2b6b723c374,obs_4f627e48603fb931,ref_4dc0768eb37d9590,1787620502850620522,22953,2,1,True,3,"{""M1"": 3}","{""FAR_SPAN"": 1, ""ZERO_BOUNDARY_SHORT"": 1, ""ZERO_BOUNDARY_SPAN"": 1}","{""shifted race line exceeds left control steering curvature"": 1, ""shifted race line exceeds right control steering curvature"": 2}",LOC_UNKNOWN,ACCEPTABLE_NOT_A_QUALITY_LABEL,5.172014,29.815227,0.013569842281798212,0.010814613115065,0.0,0.0011314542890241697,0.8245775632067082,False,False,True,PASS_IDS_AND_CANDIDATE_DIGEST_SET,RIGHT,ONE,0.09545275012097072,NARROW,LOW,-8.791883815534507e-16,LOW,NEAR_ZERO,IDLE__P0_BACKUP_ONLY,
DEVELOPMENT,True,p3_mapping_research_corpus_v1_seed_20260830,episode_iterative_stratification_v1,False,257577c116eb07064e5a3cc367b660a9eee4f5f26460b3582af2afc7205145b0,189,rosbag2_2026_08_25-09_59_22__EP0046,rosbag2_2026_08_25-09_59_22,943.440243488,1787620505666301973,36131,1,PLAN_PRIMARY,STRICT,10,16.042517265841344,-0.6895766687041971,0,0.019524939925474806,-0.03434004736260984,2,3,3,3,0,IDLE,P0_BACKUP_ONLY,True,True,SAFE_STOP_AUTHORITY,,1,"[{""d_center"":-0.1844022696168194,""d_left"":-0.09977811888821557,""d_right"":-0.26902642034542323,""id"":610,""is_static"":true,""is_visible"":true,""s_center"":16.57294262021698,""s_end"":16.675559082916585,""s_start"":16.470326157517377}]",input_0c2622817b125aa6,ego_aed34634d2980c06,obs_cfc5984889cad23c,ref_4dc0768eb37d9590,1787620505631950298,23060,2,1,True,3,"{""M1"": 3}","{""FAR_SPAN"": 1, ""ZERO_BOUNDARY_SHORT"": 1, ""ZERO_BOUNDARY_SPAN"": 1}","{""footprint_track_bound"": 1, ""shifted race line exceeds left control steering curvature"": 2}",LOC_UNKNOWN,ACCEPTABLE_NOT_A_QUALITY_LABEL,-14.454732,20.514702999999997,0.0122155705534286,0.0012434843803446997,0.011492161345302065,0.004141303123329498,0.9269152585440223,False,False,True,PASS_IDS_AND_CANDIDATE_DIGEST_SET,RIGHT,ONE,0.16924830145720765,NARROW,STOPPED,-6.593912861650967e-16,LOW,NEAR_ZERO,IDLE__P0_BACKUP_ONLY,
DEVELOPMENT,False,p3_mapping_research_corpus_v1_seed_20260830,episode_iterative_stratification_v1,False,257577c116eb07064e5a3cc367b660a9eee4f5f26460b3582af2afc7205145b0,164,rosbag2_2026_08_25-09_59_22__EP0049,rosbag2_2026_08_25-09_59_22,945.320218392,1787620507546276877,36206,1,PLAN_PRIMARY,STRICT,0,16.073813802608395,-0.7247748434670769,0,0.028636431337554148,-0.06920297020879693,1,2,2,2,0,IDLE,P0_BACKUP_ONLY,True,True,SAFE_STOP_AUTHORITY,,1,"[{""d_center"":-0.24669453584815593,""d_left"":-0.1807825726897913,""d_right"":-0.3126064990065205,""id"":610,""is_static"":true,""is_visible"":true,""s_center"":16.461315445731643,""s_end"":16.55640658553571,""s_start"":16.366224305927574}]",input_ee0c0033e13f5011,ego_e88c27487461302a,obs_4e08017198fcad52,ref_4dc0768eb37d9590,1787620507512783650,23126,2,1,True,2,"{""M1"": 2}","{""ZERO_BOUNDARY_SHORT"": 1, ""ZERO_BOUNDARY_SPAN"": 1}","{""footprint_track_bound"": 1, ""shifted race line exceeds right control steering curvature"": 1}",LOC_UNKNOWN,ACCEPTABLE_NOT_A_QUALITY_LABEL,-13.975483,18.806649,0.020709847345919352,-0.0014088245406788935,0.0,0.0013115454375367541,0.956771693558633,False,False,True,PASS_IDS_AND_CANDIDATE_DIGEST_SET,RIGHT,ONE,0.13182392631672918,NARROW,STOPPED,-6.593912861650967e-16,LOW,NEAR_ZERO,IDLE__P0_BACKUP_ONLY,
DEVELOPMENT,True,p3_mapping_research_corpus_v1_seed_20260830,episode_iterative_stratification_v1,False,257577c116eb07064e5a3cc367b660a9eee4f5f26460b3582af2afc7205145b0,58,rosbag2_2026_08_25-09_59_22__EP0072,rosbag2_2026_08_25-09_59_22,955.040083764,1787620517266142249,36595,1,PLAN_PRIMARY,STRICT,0,15.729411000472773,-0.6678188238445597,0.21940299579622805,0.049573440160353734,0.04652667872024733,2,2,2,2,0,IDLE,P0_BACKUP_ONLY,True,True,SAFE_STOP_AUTHORITY,,2,"[{""d_center"":-0.13914285915247437,""d_left"":-0.03383432433051088,""d_right"":-0.24445139397443796,""id"":610,""is_static"":true,""is_visible"":true,""s_center"":16.36169221189297,""s_end"":16.46000647603676,""s_start"":16.263377947749177},{""d_center"":-0.6355778779463921,""d_left"":-0.5338586130066731,""d_right"":-0.737290537034632,""id"":659,""is_static"":true,""is_visible"":false,""s_center"":20.032291002691736,""s_end"":20.118412388989384,""s_start"":19.946169616394087}]",input_4b8a8ea42f2361cd,ego_a58588c203576036,obs_00fd63085944bd55,ref_4dc0768eb37d9590,1787620517227412172,23477,2,1,True,2,"{""M1"": 2}","{""ZERO_BOUNDARY_SHORT"": 1, ""ZERO_BOUNDARY_SPAN"": 1}","{""footprint_track_bound"": 1, ""shifted race line exceeds left control steering curvature"": 1}",LOC_UNKNOWN,ACCEPTABLE_NOT_A_QUALITY_LABEL,-9.397157,29.993646,0.0016328760177867902,0.0008248408752755676,0.0,0.001616137829812958,0.7455215347478084,False,False,True,PASS_IDS_AND_CANDIDATE_DIGEST_SET,RIGHT,TWO,0.21061706964392707,MEDIUM,LOW,-8.791883815534507e-16,LOW,NEAR_ZERO,IDLE__P0_BACKUP_ONLY,
DEVELOPMENT,True,p3_mapping_research_corpus_v1_seed_20260830,episode_iterative_stratification_v1,False,257577c116eb07064e5a3cc367b660a9eee4f5f26460b3582af2afc7205145b0,67,rosbag2_2026_08_25-09_59_22__EP0074,rosbag2_2026_08_25-09_59_22,955.620097445,1787620517846155930,36618,1,PLAN_PRIMARY,STRICT,0,15.725968488127515,-0.669079293972638,0.20287498389138472,0.0454345981403779,0.039558494513163324,2,2,2,2,0,IDLE,P0_BACKUP_ONLY,True,True,SAFE_STOP_AUTHORITY,,2,"[{""d_center"":-0.13569489904367676,""d_left"":-0.033563341257065414,""d_right"":-0.23782645683028816,""id"":610,""is_static"":true,""is_visible"":true,""s_center"":16.364209155645,""s_end"":16.4720523509838,""s_start"":16.256365960306198},{""d_center"":-0.6355778779463921,""d_left"":-0.5338586130066731,""d_right"":-0.737290537034632,""id"":659,""is_static"":true,""is_visible"":false,""s_center"":20.032291002691736,""s_end"":20.118412388989384,""s_start"":19.946169616394087}]",input_39ddec62374c3dde,ego_c143e47b1df4dbeb,obs_adfc2fbef47b4d4d,ref_4dc0768eb37d9590,1787620517807650996,23498,2,1,True,2,"{""M1"": 2}","{""ZERO_BOUNDARY_SHORT"": 1, ""ZERO_BOUNDARY_SPAN"": 1}","{""footprint_track_bound"": 1, ""shifted race line exceeds left control steering curvature"": 1}",LOC_UNKNOWN,ACCEPTABLE_NOT_A_QUALITY_LABEL,10.855436,29.733709,0.0024754920863437955,0.00012355060559375575,0.0009886925286615167,0.0022694819129749355,0.7748062507940541,False,False,True,PASS_IDS_AND_CANDIDATE_DIGEST_SET,RIGHT,TWO,0.20426311557322274,MEDIUM,LOW,-8.791883815534507e-16,LOW,NEAR_ZERO,IDLE__P0_BACKUP_ONLY,
DEVELOPMENT,False,p3_mapping_research_corpus_v1_seed_20260830,episode_iterative_stratification_v1,False,257577c116eb07064e5a3cc367b660a9eee4f5f26460b3582af2afc7205145b0,36,rosbag2_2026_08_25-09_59_22__EP0076,rosbag2_2026_08_25-09_59_22,958.820122305,1787620521046180790,36746,1,PLAN_PRIMARY,STRICT,0,18.00875760095908,-0.60484255546867,0.3622917793434196,0.09705723843301797,0.09497217399402183,2,2,2,2,0,IDLE,P0_BACKUP_ONLY,True,True,SAFE_STOP_AUTHORITY,,2,"[{""d_center"":-0.07204957761957688,""d_left"":0.03345796328080555,""d_right"":-0.1775571185199593,""id"":634,""is_static"":true,""is_visible"":true,""s_center"":18.635550343411932,""s_end"":18.735410937799234,""s_start"":18.53568974902463},{""d_center"":-1.283082512384334,""d_left"":-1.168287159114729,""d_right"":-1.3979102325427188,""id"":660,""is_static"":true,""is_visible"":false,""s_center"":21.56725292477983,""s_end"":21.672677921849203,""s_start"":21.461827927710456}]",input_cce41e049554558d,ego_2e02235aad13c2a3,obs_aec4890793f64457,ref_4dc0768eb37d9590,1787620521019161627,23592,2,1,True,2,"{""M1"": 2}","{""ZERO_BOUNDARY_SHORT"": 1, ""ZERO_BOUNDARY_SPAN"": 1}","{""shifted race line exceeds left control steering curvature"": 2}",LOC_UNKNOWN,ACCEPTABLE_NOT_A_QUALITY_LABEL,-7.179019,20.149879,0.0012064531977217983,0.0003834117666952075,0.0006645620607343972,0.0010069193541325516,0.6733578960741964,False,False,True,PASS_IDS_AND_CANDIDATE_DIGEST_SET,RIGHT,TWO,0.22962307342798982,MEDIUM,LOW,-1.098985476941825e-16,LOW,NEAR_ZERO,IDLE__P0_BACKUP_ONLY,
DEVELOPMENT,False,p3_mapping_research_corpus_v1_seed_20260830,episode_iterative_stratification_v1,False,257577c116eb07064e5a3cc367b660a9eee4f5f26460b3582af2afc7205145b0,65,rosbag2_2026_08_25-09_59_22__EP0077,rosbag2_2026_08_25-09_59_22,959.090278724,1787620521316337209,36757,1,PLAN_PRIMARY,STRICT,0,18.000701148573754,-0.6434404513203948,0.2093516824734034,0.05747489719037339,0.04987753081299232,2,2,2,2,0,IDLE,P0_BACKUP_ONLY,True,True,SAFE_STOP_AUTHORITY,,2,"[{""d_center"":-0.10207532831649464,""d_left"":0.0025664644679001813,""d_right"":-0.2067171211008894,""id"":634,""is_static"":true,""is_visible"":true,""s_center"":18.625857129980734,""s_end"":18.72078971969915,""s_start"":18.530924540262316},{""d_center"":-1.283082512384334,""d_left"":-1.168287159114729,""d_right"":-1.3979102325427188,""id"":660,""is_static"":true,""is_visible"":false,""s_center"":21.56725292477983,""s_end"":21.672677921849203,""s_start"":21.461827927710456}]",input_79af827ff9960441,ego_f5812a75897fa112,obs_ce68e0a6b902c288,ref_4dc0768eb37d9590,1787620521286728917,23600,2,1,True,2,"{""M1"": 2}","{""ZERO_BOUNDARY_SHORT"": 1, ""ZERO_BOUNDARY_SPAN"": 1}","{""footprint_track_bound"": 1, ""shifted race line exceeds left control steering curvature"": 1}",LOC_UNKNOWN,ACCEPTABLE_NOT_A_QUALITY_LABEL,-5.69376,24.112914999999997,0.004276465532747233,0.0013850194632192836,0.0009709730167841713,0.004164777167322775,0.7735357641976878,False,False,True,PASS_IDS_AND_CANDIDATE_DIGEST_SET,RIGHT,TWO,0.22962307342798982,MEDIUM,LOW,-1.098985476941825e-16,LOW,NEAR_ZERO,IDLE__P0_BACKUP_ONLY,
DEVELOPMENT,True,p3_mapping_research_corpus_v1_seed_20260830,episode_iterative_stratification_v1,False,257577c116eb07064e5a3cc367b660a9eee4f5f26460b3582af2afc7205145b0,38,rosbag2_2026_08_25-09_59_22__EP0080,rosbag2_2026_08_25-09_59_22,1016.13025888,1787620578356317365,39020,1,PLAN_PRIMARY,STRICT,0,4.346345250516626,-1.0634893075228096,0,0.16772315162005882,0.1676938239648538,12,12,18,12,0,IDLE,P0_BACKUP_ONLY,True,True,SAFE_STOP_AUTHORITY,,1,"[{""d_center"":-0.07396108873415554,""d_left"":0.058931620812391436,""d_right"":-0.2068537982807025,""id"":690,""is_static"":true,""is_visible"":true,""s_center"":10.069116370590326,""s_end"":10.125017100373858,""s_start"":10.013215640806793}]",input_5a7b558eb17ae16d,ego_275068b987ed5725,obs_61d649fd8de7e3a3,ref_4dc0768eb37d9590,1787620578313001448,25565,2,1,True,18,"{""M0_V1"": 6, ""M0_V2"": 8, ""M1"": 4}","{""FROZEN_V1_CURVATURE_CONTINUITY"": 6, ""ZERO_BOUNDARY_SHORT"": 2, ""ZERO_BOUNDARY_SPAN"": 2, ""ZERO_INTERFACE_BOUNDARY_INSET"": 2, ""ZERO_INTERFACE_CENTER_LONG_EXIT"": 2, ""ZERO_INTERFACE_QUARTER_LONG_EXIT"": 2, ""ZERO_INTERFACE_QUARTER_SCALE"": 2}","{""footprint_track_bound"": 18}",LOC_UNKNOWN,ACCEPTABLE_NOT_A_QUALITY_LABEL,9.161273,19.777148,0.0001993810961690415,-0.00047112412219010863,9.599603554999447e-05,0.00015736807686117515,0.6807267183331216,False,False,True,PASS_IDS_AND_CANDIDATE_DIGEST_SET,RIGHT,ONE,0.26578541909309394,MEDIUM,STOPPED,0.24713265880620555,LOW,POSITIVE,IDLE__P0_BACKUP_ONLY,
DEVELOPMENT,False,p3_mapping_research_corpus_v1_seed_20260830,episode_iterative_stratification_v1,False,257577c116eb07064e5a3cc367b660a9eee4f5f26460b3582af2afc7205145b0,52,rosbag2_2026_08_25-09_59_22__EP0081,rosbag2_2026_08_25-09_59_22,1018.840085961,1787620581066144446,39099,1,PLAN_PRIMARY,STRICT,0,4.3364058477337695,-0.9476332265147893,0,0.2817412965157378,0.2816641336434427,12,12,18,12,0,IDLE,P0_BACKUP_ONLY,True,True,SAFE_STOP_AUTHORITY,,2,"[{""d_center"":-0.9556465036293237,""d_left"":-0.8760653946070676,""d_right"":-1.034513875363356,""id"":687,""is_static"":true,""is_visible"":true,""s_center"":5.481130846923566,""s_end"":5.558482492307356,""s_start"":5.403779201539776},{""d_center"":0.20829987098312183,""d_left"":0.35969853168969657,""d_right"":0.05690121027654715,""id"":690,""is_static"":true,""is_visible"":true,""s_center"":10.337287060085487,""s_end"":10.400509349346432,""s_start"":10.274064770824541}]",input_28a8fa94797197ed,ego_bd7409dd3b34a928,obs_876ff14799e53e0c,ref_4dc0768eb37d9590,1787620581017460138,25643,2,1,True,18,"{""M0_V1"": 6, ""M0_V2"": 8, ""M1"": 4}","{""FROZEN_V1_CURVATURE_CONTINUITY"": 6, ""ZERO_BOUNDARY_SHORT"": 2, ""ZERO_BOUNDARY_SPAN"": 2, ""ZERO_INTERFACE_BOUNDARY_INSET"": 2, ""ZERO_INTERFACE_CENTER_LONG_EXIT"": 2, ""ZERO_INTERFACE_QUARTER_LONG_EXIT"": 2, ""ZERO_INTERFACE_QUARTER_SCALE"": 2}","{""d-offset intersects an inflated static-obstacle box"": 9, ""footprint_track_bound"": 9}",LOC_UNKNOWN,ACCEPTABLE_NOT_A_QUALITY_LABEL,0.743005,19.942702,0.0010005007019482125,-0.002428917582450646,0.00032634849768342633,0.0009118412138200416,0.7250667005463093,False,False,True,PASS_IDS_AND_CANDIDATE_DIGEST_SET,MIXED_OR_CENTER,TWO,0.3027973214131494,MEDIUM,STOPPED,0.24713265880620555,LOW,POSITIVE,IDLE__P0_BACKUP_ONLY,
DEVELOPMENT,True,p3_mapping_research_corpus_v1_seed_20260830,episode_iterative_stratification_v1,False,257577c116eb07064e5a3cc367b660a9eee4f5f26460b3582af2afc7205145b0,172,rosbag2_2026_08_25-09_59_22__EP0083,rosbag2_2026_08_25-09_59_22,1019.770095303,1787620581996153788,39120,1,PLAN_PRIMARY,STRICT,0,4.300351397445039,-0.9799189488045283,0,0.251860183150785,0.21923407300058953,3,3,3,3,0,IDLE,P0_BACKUP_ONLY,True,True,SAFE_STOP_AUTHORITY,,2,"[{""d_center"":-0.2765768018717694,""d_left"":-0.220991840959663,""d_right"":-0.332044823089171,""id"":687,""is_static"":true,""is_visible"":true,""s_center"":5.437600051917169,""s_end"":5.476906087690704,""s_start"":5.398294016143634},{""d_center"":-0.0030118379449602965,""d_left"":0.14725510849580167,""d_right"":-0.15327878438572232,""id"":690,""is_static"":true,""is_visible"":true,""s_center"":10.302978813471823,""s_end"":10.349821769754403,""s_start"":10.256135857189243}]",input_66404f71ba20d6c5,ego_efbaac93080b88fd,obs_2f7cd8e2f6389967,ref_4dc0768eb37d9590,1787620581947935351,25663,2,1,True,3,"{""M1"": 3}","{""FAR_SPAN"": 1, ""ZERO_BOUNDARY_SHORT"": 1, ""ZERO_BOUNDARY_SPAN"": 1}","{""footprint_track_bound"": 1, ""shifted race line exceeds left control steering curvature"": 2}",LOC_UNKNOWN,ACCEPTABLE_NOT_A_QUALITY_LABEL,0.989022,29.453183,0.003247639102273461,-0.0009601531470489755,0.0024890694700614446,0.0010573281357436626,0.9696036081819337,False,False,True,PASS_IDS_AND_CANDIDATE_DIGEST_SET,MIXED_OR_CENTER,TWO,0.300533892881524,MEDIUM,STOPPED,0.24713265880620555,LOW,POSITIVE,IDLE__P0_BACKUP_ONLY,
DEVELOPMENT,False,p3_mapping_research_corpus_v1_seed_20260830,episode_iterative_stratification_v1,False,257577c116eb07064e5a3cc367b660a9eee4f5f26460b3582af2afc7205145b0,170,rosbag2_2026_08_25-09_59_22__EP0084,rosbag2_2026_08_25-09_59_22,1023.270129845,1787620585496188330,39246,1,PLAN_PRIMARY,STRICT,0,11.061599672030201,0.349386013519861,4.2053731615506456,0.4132788796324428,0.3412885939460514,3,3,3,3,0,IDLE,P0_BACKUP_ONLY,True,True,SAFE_STOP_AUTHORITY,,1,"[{""d_center"":0.23665284431413156,""d_left"":0.38340653630628163,""d_right"":0.08989915232198127,""id"":696,""is_static"":true,""is_visible"":true,""s_center"":11.524158122729895,""s_end"":11.656270403613465,""s_start"":11.392045841846326}]",input_a9e214afc6bd9da0,ego_4bd94bc624a7f454,obs_db03f9cffde6af2e,ref_4dc0768eb37d9590,1787620585459559566,25781,2,1,True,3,"{""M1"": 3}","{""NEAR_LONG"": 1, ""ZERO_BOUNDARY_SHORT"": 1, ""ZERO_BOUNDARY_SPAN"": 1}","{""quintic d-offset exceeds maximum_lateral_slope"": 1, ""shifted race line exceeds right control steering curvature"": 2}",LOC_UNKNOWN,ACCEPTABLE_NOT_A_QUALITY_LABEL,-15.051721,19.950034,0.03668619069294205,0.050965138995792025,0.0,0.0004262123742801993,0.9685236945750222,False,False,True,PASS_IDS_AND_CANDIDATE_DIGEST_SET,LEFT,ONE,0.2935073839843004,MEDIUM,MOVING,1.7583767631069107e-15,LOW,NEAR_ZERO,IDLE__P0_BACKUP_ONLY,
VALIDATION_UNSEEN,False,p3_mapping_research_corpus_v1_seed_20260830,episode_iterative_stratification_v1,False,257577c116eb07064e5a3cc367b660a9eee4f5f26460b3582af2afc7205145b0,44,rosbag2_2026_08_24-19_00_30__EP0012,rosbag2_2026_08_24-19_00_30,433.530074863,1787566063670247837,15342,1,PLAN_PRIMARY,STRICT,0,16.93234800333252,-0.025772911753660036,0,0.5997223839837675,0.5402438609521105,12,12,12,12,0,IDLE,P0_BACKUP_ONLY,True,True,SAFE_STOP_AUTHORITY,,1,"[{""d_center"":-0.17287411809688105,""d_left"":0.17331376680563623,""d_right"":-0.5190620029993983,""id"":75,""is_static"":true,""is_visible"":true,""s_center"":17.4145464569346,""s_end"":17.735718017497415,""s_start"":17.09337489637178}]",input_1f235cda6c6f65a5,ego_d3f995f4ebf59ffd,obs_0c5726faaf9ed959,ref_3f5d487564f4ee3d,1787566063639168682,3694,2,1,True,12,"{""M0_V1"": 6, ""M0_V2"": 4, ""M1"": 2}","{""FROZEN_V1_CURVATURE_CONTINUITY"": 6, ""ZERO_BOUNDARY_SHORT"": 1, ""ZERO_BOUNDARY_SPAN"": 1, ""ZERO_INTERFACE_BOUNDARY_INSET"": 1, ""ZERO_INTERFACE_CENTER_LONG_EXIT"": 1, ""ZERO_INTERFACE_QUARTER_LONG_EXIT"": 1, ""ZERO_INTERFACE_QUARTER_SCALE"": 1}","{""d-offset intersects an inflated static-obstacle box"": 5, ""shifted race line exceeds left control steering curvature"": 4, ""shifted race line exceeds right control steering curvature"": 3}",LOC_UNKNOWN,ACCEPTABLE_NOT_A_QUALITY_LABEL,-11.503501,20.1312,0.0030614364799614532,0.0003145211032435369,0.0,0.003060677510986723,0.6988649525133195,False,False,True,PASS_IDS_AND_CANDIDATE_DIGEST_SET,RIGHT,ONE,0.6923757698050346,WIDE,STOPPED,7.692898338592898e-16,LOW,NEAR_ZERO,IDLE__P0_BACKUP_ONLY,
VALIDATION_UNSEEN,False,p3_mapping_research_corpus_v1_seed_20260830,episode_iterative_stratification_v1,False,257577c116eb07064e5a3cc367b660a9eee4f5f26460b3582af2afc7205145b0,179,rosbag2_2026_08_24-19_00_30__EP0013,rosbag2_2026_08_24-19_00_30,436.540113945,1787566066680286919,15410,1,PLAN_PRIMARY,STRICT,0,16.97272108026779,0.012510667076417684,0,0.5667095920276373,0.5667095920276373,2,2,2,2,0,IDLE,P0_BACKUP_ONLY,True,True,SAFE_STOP_AUTHORITY,,1,"[{""d_center"":-0.10065297043301023,""d_left"":0.2658483501038412,""d_right"":-0.4671542909698617,""id"":75,""is_static"":true,""is_visible"":true,""s_center"":17.37186284376961,""s_end"":17.708291552278855,""s_start"":17.035434135260363}]",input_15498394e43a895d,ego_927b3a4a4f65f58b,obs_a8bef5325452d386,ref_3f5d487564f4ee3d,1787566066639083253,3757,2,1,True,2,"{""M1"": 2}","{""ZERO_BOUNDARY_SHORT"": 1, ""ZERO_BOUNDARY_SPAN"": 1}","{""d-offset intersects an inflated static-obstacle box"": 2}",LOC_UNKNOWN,ACCEPTABLE_NOT_A_QUALITY_LABEL,7.866214,17.365839,0.002153580255513738,-0.004690987031816918,0.0,0.002153462003085976,0.986941162844568,False,False,True,PASS_IDS_AND_CANDIDATE_DIGEST_SET,RIGHT,ONE,0.7330026410737029,WIDE,STOPPED,7.692898338592898e-16,LOW,NEAR_ZERO,IDLE__P0_BACKUP_ONLY,
VALIDATION_UNSEEN,False,p3_mapping_research_corpus_v1_seed_20260830,episode_iterative_stratification_v1,False,257577c116eb07064e5a3cc367b660a9eee4f5f26460b3582af2afc7205145b0,14,rosbag2_2026_08_24-19_00_30__EP0015,rosbag2_2026_08_24-19_00_30,444.400108014,1787566074540280988,15684,1,PLAN_PRIMARY,STRICT,0,17.147739072355403,-0.250271591062429,0,0.3729395701708103,0.3729395701708103,2,2,8,2,0,IDLE,P0_BACKUP_ONLY,True,True,SAFE_STOP_AUTHORITY,,2,"[{""d_center"":0.6662518971922279,""d_left"":0.6812289348490357,""d_right"":0.65127485953542,""id"":71,""is_static"":true,""is_visible"":false,""s_center"":16.10956255216033,""s_end"":16.15405260024142,""s_start"":16.06507250407924},{""d_center"":-0.3289407532747267,""d_left"":-0.0017831260267279112,""d_right"":-0.6560983805227254,""id"":75,""is_static"":true,""is_visible"":true,""s_center"":17.490409480733017,""s_end"":17.78863434165194,""s_start"":17.192184619814096}]",input_646525e368165125,ego_f9bd397f7bc185f6,obs_4802306c91da1826,ref_3f5d487564f4ee3d,1787566074507316105,3977,2,1,True,8,"{""M0_V1"": 6, ""M1"": 2}","{""FROZEN_V1_CURVATURE_CONTINUITY"": 6, ""ZERO_BOUNDARY_SHORT"": 1, ""ZERO_BOUNDARY_SPAN"": 1}","{""d-offset intersects an inflated static-obstacle box"": 8}",LOC_UNKNOWN,ACCEPTABLE_NOT_A_QUALITY_LABEL,9.012322999999999,22.41205,0.0013133334678000416,-0.00021664862402970275,0.0,0.0009662772746746318,0.6684618948343757,False,False,True,PASS_IDS_AND_CANDIDATE_DIGEST_SET,MIXED_OR_CENTER,TWO,0.6543152544959975,WIDE,STOPPED,7.692898338592898e-16,LOW,NEAR_ZERO,IDLE__P0_BACKUP_ONLY,
VALIDATION_UNSEEN,False,p3_mapping_research_corpus_v1_seed_20260830,episode_iterative_stratification_v1,False,257577c116eb07064e5a3cc367b660a9eee4f5f26460b3582af2afc7205145b0,16,rosbag2_2026_08_24-19_00_30__EP0025,rosbag2_2026_08_24-19_00_30,498.970095287,1787566129110268261,17707,1,PLAN_PRIMARY,STRICT,0,4.994418445041717,-0.16402332794630925,0,0.797872218114581,0.797872218114581,1,1,7,1,0,IDLE,P0_BACKUP_ONLY,True,True,SAFE_STOP_AUTHORITY,,1,"[{""d_center"":-0.04800052053562146,""d_left"":-0.03499900702158542,""d_right"":-0.0609543313009015,""id"":56,""is_static"":true,""is_visible"":true,""s_center"":5.173505298860135,""s_end"":5.186598050237153,""s_start"":5.1604125474831175}]",input_651ed287a1f0d776,ego_96d9dce3ec676b0e,obs_a24323e014de17d8,ref_3f5d487564f4ee3d,1787566129077964542,5644,2,1,True,7,"{""M0_V1"": 6, ""M1"": 1}","{""FROZEN_V1_CURVATURE_CONTINUITY"": 6, ""NEAR_LONG"": 1}","{""footprint_track_bound"": 2, ""quintic d-offset exceeds maximum_lateral_slope"": 1, ""shifted race line exceeds left control steering curvature"": 4}",LOC_UNKNOWN,ACCEPTABLE_NOT_A_QUALITY_LABEL,-12.688238,19.893531,0.0017599774891022065,0.0006429348477326736,0.0,0.0006914274107567009,0.6684618948343757,False,False,True,PASS_IDS_AND_CANDIDATE_DIGEST_SET,MIXED_OR_CENTER,ONE,0.02595532427931608,NARROW,STOPPED,0.24645390860160377,LOW,POSITIVE,IDLE__P0_BACKUP_ONLY,
VALIDATION_UNSEEN,False,p3_mapping_research_corpus_v1_seed_20260830,episode_iterative_stratification_v1,False,257577c116eb07064e5a3cc367b660a9eee4f5f26460b3582af2afc7205145b0,125,rosbag2_2026_08_24-19_00_30__EP0030,rosbag2_2026_08_24-19_00_30,501.54010667,1787566131680279644,17774,1,PLAN_PRIMARY,STRICT,0,4.918077285452109,-0.2861915137030292,0,0.6605659221623268,0.6182521290326527,3,3,9,3,0,IDLE,P0_BACKUP_ONLY,True,True,SAFE_STOP_AUTHORITY,,1,"[{""d_center"":-0.1504065899777685,""d_left"":-0.13879231841384465,""d_right"":-0.16206274713910096,""id"":56,""is_static"":true,""is_visible"":true,""s_center"":5.087235530453187,""s_end"":5.098266376198266,""s_start"":5.076204684708108}]",input_7da79143e944c491,ego_86adc8ba89dcea93,obs_874c99324e5dcc4a,ref_3f5d487564f4ee3d,1787566131657545813,5708,2,1,True,9,"{""M0_V1"": 6, ""M1"": 3}","{""FROZEN_V1_CURVATURE_CONTINUITY"": 6, ""NEAR_LONG"": 1, ""ZERO_BOUNDARY_SHORT"": 1, ""ZERO_BOUNDARY_SPAN"": 1}","{""footprint_track_bound"": 4, ""shifted race line exceeds left control steering curvature"": 4, ""shifted race line exceeds right control steering curvature"": 1}",LOC_UNKNOWN,ACCEPTABLE_NOT_A_QUALITY_LABEL,-2.870098,18.500868999999998,0.006412438682197533,-0.0012158262143646958,0.002371772539549788,0.005906817108855766,0.8862056984016679,False,False,True,PASS_IDS_AND_CANDIDATE_DIGEST_SET,RIGHT,ONE,0.02327042872525631,NARROW,STOPPED,0.24645390860160377,LOW,POSITIVE,IDLE__P0_BACKUP_ONLY,
VALIDATION_UNSEEN,False,p3_mapping_research_corpus_v1_seed_20260830,episode_iterative_stratification_v1,False,257577c116eb07064e5a3cc367b660a9eee4f5f26460b3582af2afc7205145b0,20,rosbag2_2026_08_24-19_00_30__EP0033,rosbag2_2026_08_24-19_00_30,502.78007765,1787566132920250624,17805,1,PLAN_PRIMARY,STRICT,0,4.870382830280617,-0.2948247260461124,0,0.5981075256745554,0.5884843685675686,3,3,9,3,0,IDLE,P0_BACKUP_ONLY,True,True,SAFE_STOP_AUTHORITY,,1,"[{""d_center"":-0.15915720251583546,""d_left"":-0.14558868849645545,""d_right"":-0.1727777836879641,""id"":56,""is_static"":true,""is_visible"":true,""s_center"":5.033509490054577,""s_end"":5.04594766083214,""s_start"":5.021071319277014}]",input_e35a0bf5cbf3b97f,ego_898fc86476377f4d,obs_f1c6a6a2e3297dfb,ref_3f5d487564f4ee3d,1787566132877285789,5738,2,1,True,9,"{""M0_V1"": 6, ""M1"": 3}","{""FROZEN_V1_CURVATURE_CONTINUITY"": 6, ""NEAR_LONG"": 1, ""ZERO_BOUNDARY_SHORT"": 1, ""ZERO_BOUNDARY_SPAN"": 1}","{""footprint_track_bound"": 4, ""quintic d-offset exceeds maximum_lateral_slope"": 2, ""shifted race line exceeds left control steering curvature"": 3}",LOC_UNKNOWN,ACCEPTABLE_NOT_A_QUALITY_LABEL,6.533737,20.017066,0.00020969495324078808,-4.313905365510573e-06,0.0,0.00010686061206360842,0.6684618948343757,False,False,True,PASS_IDS_AND_CANDIDATE_DIGEST_SET,RIGHT,ONE,0.02718909519150864,NARROW,STOPPED,0.24607367480059747,LOW,POSITIVE,IDLE__P0_BACKUP_ONLY,
VALIDATION_UNSEEN,False,p3_mapping_research_corpus_v1_seed_20260830,episode_iterative_stratification_v1,False,257577c116eb07064e5a3cc367b660a9eee4f5f26460b3582af2afc7205145b0,129,rosbag2_2026_08_24-19_00_30__EP0037,rosbag2_2026_08_24-19_00_30,503.410093389,1787566133550266363,17827,1,PLAN_PRIMARY,STRICT,0,4.873683202358678,-0.28727578120414704,0,0.5981713930935719,0.5832362252920162,3,3,9,3,0,IDLE,P0_BACKUP_ONLY,True,True,SAFE_STOP_AUTHORITY,,1,"[{""d_center"":-0.154192136030214,""d_left"":-0.1440707619683323,""d_right"":-0.1643765071604427,""id"":56,""is_static"":true,""is_visible"":true,""s_center"":5.038469869772001,""s_end"":5.048747005675915,""s_start"":5.028192733868087}]",input_e839a85422078786,ego_7c785a6ac299dc31,obs_cad93560223971c6,ref_3f5d487564f4ee3d,1787566133507152350,5759,2,1,True,9,"{""M0_V1"": 6, ""M1"": 3}","{""FROZEN_V1_CURVATURE_CONTINUITY"": 6, ""NEAR_LONG"": 1, ""ZERO_BOUNDARY_SHORT"": 1, ""ZERO_BOUNDARY_SPAN"": 1}","{""footprint_track_bound"": 4, ""quintic d-offset exceeds maximum_lateral_slope"": 1, ""shifted race line exceeds left control steering curvature"": 4}",LOC_UNKNOWN,ACCEPTABLE_NOT_A_QUALITY_LABEL,6.623724,30.347056000000002,0.00020487210474908867,4.324858935714215e-05,0.00018872931861313447,3.439373018415681e-05,0.9023627519110493,False,False,True,PASS_IDS_AND_CANDIDATE_DIGEST_SET,RIGHT,ONE,0.020305745192110397,NARROW,STOPPED,0.24607367480059747,LOW,POSITIVE,IDLE__P0_BACKUP_ONLY,
VALIDATION_UNSEEN,False,p3_mapping_research_corpus_v1_seed_20260830,episode_iterative_stratification_v1,False,257577c116eb07064e5a3cc367b660a9eee4f5f26460b3582af2afc7205145b0,47,rosbag2_2026_08_24-19_00_30__EP0045,rosbag2_2026_08_24-19_00_30,505.690112766,1787566135830285740,17881,1,PLAN_PRIMARY,STRICT,0,4.947037090979071,-0.15500764959482372,0.6198147309930818,0.7453802381330054,0.7453802381330054,1,1,7,1,0,IDLE,P0_BACKUP_ONLY,True,True,SAFE_STOP_AUTHORITY,,2,"[{""d_center"":0.5761414637243951,""d_left"":0.7094197656261321,""d_right"":0.4423482712441043,""id"":54,""is_static"":true,""is_visible"":true,""s_center"":4.923166989563283,""s_end"":5.062331591671432,""s_start"":4.784002387455134},{""d_center"":-0.03171152789022323,""d_left"":-0.020605089214719055,""d_right"":-0.04285951800775619,""id"":56,""is_static"":true,""is_visible"":true,""s_center"":5.109762797475743,""s_end"":5.1213720136681555,""s_start"":5.098153581283331}]",input_4264735fbcd3af5c,ego_592bf15dcf729994,obs_0e3a824784acdc76,ref_3f5d487564f4ee3d,1787566135786780982,5808,2,1,True,7,"{""M0_V1"": 6, ""M1"": 1}","{""FROZEN_V1_CURVATURE_CONTINUITY"": 6, ""NEAR_LONG"": 1}","{""footprint_track_bound"": 3, ""shifted race line exceeds left control steering curvature"": 3, ""shifted race line exceeds right control steering curvature"": 1}",LOC_UNKNOWN,ACCEPTABLE_NOT_A_QUALITY_LABEL,9.802669,32.432576999999995,0.017310558268461063,-0.00046806841220090045,0.0,0.004347757038987404,0.7089703497799398,False,False,True,PASS_IDS_AND_CANDIDATE_DIGEST_SET,MIXED_OR_CENTER,TWO,0.26707149438202776,MEDIUM,LOW,0.24645390860160377,LOW,POSITIVE,IDLE__P0_BACKUP_ONLY,
VALIDATION_UNSEEN,False,p3_mapping_research_corpus_v1_seed_20260830,episode_iterative_stratification_v1,False,257577c116eb07064e5a3cc367b660a9eee4f5f26460b3582af2afc7205145b0,102,rosbag2_2026_08_24-19_00_30__EP0049,rosbag2_2026_08_24-19_00_30,539.190120994,1787566169330293968,19219,1,PLAN_PRIMARY,STRICT,0,1.0098807165280375,0.18825632143662868,0,0.431845537158831,0.431845537158831,2,2,2,2,0,IDLE,P0_BACKUP_ONLY,True,True,SAFE_STOP_AUTHORITY,,2,"[{""d_center"":0.23538770790247915,""d_left"":0.34454375382847635,""d_right"":0.12606458715791094,""id"":76,""is_static"":true,""is_visible"":true,""s_center"":4.16103942114963,""s_end"":4.274008255315813,""s_start"":4.048070586983448},{""d_center"":0.07262936084257797,""d_left"":0.2500789231897545,""d_right"":-0.10482020150460038,""id"":79,""is_static"":true,""is_visible"":true,""s_center"":1.3555269358270647,""s_end"":1.4478234879988272,""s_start"":1.2632303836553023}]",input_7f788ae05ee79870,ego_d4549388c8f5c6ff,obs_fea550bf1f282478,ref_3f5d487564f4ee3d,1787566169281036584,6998,2,1,True,2,"{""M1"": 2}","{""ZERO_BOUNDARY_SHORT"": 1, ""ZERO_BOUNDARY_SPAN"": 1}","{""shifted race line exceeds right control steering curvature"": 2}",LOC_UNKNOWN,ACCEPTABLE_NOT_A_QUALITY_LABEL,1.111877,20.364567,0.012769506618736088,0.0002707531509429373,0.0,0.012624589140007192,0.8560632383599722,False,False,True,PASS_IDS_AND_CANDIDATE_DIGEST_SET,LEFT,TWO,0.35489912469435486,MEDIUM,STOPPED,0.6926792346629709,MEDIUM,POSITIVE,IDLE__P0_BACKUP_ONLY,
VALIDATION_UNSEEN,False,p3_mapping_research_corpus_v1_seed_20260830,episode_iterative_stratification_v1,False,257577c116eb07064e5a3cc367b660a9eee4f5f26460b3582af2afc7205145b0,27,rosbag2_2026_08_24-19_00_30__EP0053,rosbag2_2026_08_24-19_00_30,541.320107499,1787566171460280473,19295,1,PLAN_PRIMARY,STRICT,0,0.9774353908371103,0.20853669021388152,0,0.6293716605984345,0.6293716605984345,2,2,2,2,0,IDLE,P0_BACKUP_ONLY,True,True,SAFE_STOP_AUTHORITY,,3,"[{""d_center"":0.2400227415451798,""d_left"":0.36467804132266846,""d_right"":0.11516582851896959,""id"":76,""is_static"":true,""is_visible"":true,""s_center"":4.176595789133149,""s_end"":4.300770977727855,""s_start"":4.052420600538443},{""d_center"":0.24343678862115184,""d_left"":0.2582139178937495,""d_right"":0.22771305589855692,""id"":79,""is_static"":true,""is_visible"":true,""s_center"":1.2357772973072503,""s_end"":1.2450375602326393,""s_start"":1.2265170343818612},{""d_center"":-0.3361775003454237,""d_left"":-0.23309608455269704,""d_right"":-0.43757993944088025,""id"":85,""is_static"":true,""is_visible"":true,""s_center"":1.464153891665526,""s_end"":1.6082225259787482,""s_start"":1.3200852573523036}]",input_fa76011128d0afba,ego_93f2f5975f1f688e,obs_3c36a0018cb3bbe3,ref_3f5d487564f4ee3d,1787566171410647921,7071,2,1,True,2,"{""M1"": 2}","{""ZERO_BOUNDARY_SHORT"": 1, ""ZERO_BOUNDARY_SPAN"": 1}","{""shifted race line exceeds right control steering curvature"": 2}",LOC_UNKNOWN,ACCEPTABLE_NOT_A_QUALITY_LABEL,-0.18312499999999998,18.15644,0.0030215926188800223,0.00013005433695423285,0.0,0.002718332172004956,0.6684618948343757,False,False,True,PASS_IDS_AND_CANDIDATE_DIGEST_SET,MIXED_OR_CENTER,THREE_PLUS,0.24951221280369887,MEDIUM,STOPPED,0.6926792346629709,MEDIUM,POSITIVE,IDLE__P0_BACKUP_ONLY,
VALIDATION_UNSEEN,False,p3_mapping_research_corpus_v1_seed_20260830,episode_iterative_stratification_v1,False,257577c116eb07064e5a3cc367b660a9eee4f5f26460b3582af2afc7205145b0,162,rosbag2_2026_08_24-19_00_30__EP0059,rosbag2_2026_08_24-19_00_30,544.070097653,1787566174210270627,19399,1,PLAN_PRIMARY,STRICT,0,0.938794254137433,0.2525320596363928,0,0.6550063408094857,0.6292506813211832,2,2,2,2,0,IDLE,P0_BACKUP_ONLY,True,True,SAFE_STOP_AUTHORITY,,2,"[{""d_center"":0.24519625754692373,""d_left"":0.3688415350206017,""d_right"":0.121422202278505,""id"":76,""is_static"":true,""is_visible"":true,""s_center"":4.203624050407567,""s_end"":4.321481801613346,""s_start"":4.085766299201787},{""d_center"":-0.2747790875588744,""d_left"":-0.17841069507183605,""d_right"":-0.3696990535355047,""id"":85,""is_static"":true,""is_visible"":true,""s_center"":1.4568571983178322,""s_end"":1.597246330901078,""s_start"":1.3164680657345864}]",input_bf895abaff6e1a92,ego_f13bc7743234a367,obs_7ac265d4ee3ef0b9,ref_3f5d487564f4ee3d,1787566174160601533,7169,2,1,True,2,"{""M1"": 2}","{""ZERO_BOUNDARY_SHORT"": 1, ""ZERO_BOUNDARY_SPAN"": 1}","{""shifted race line exceeds left control steering curvature"": 2}",LOC_UNKNOWN,ACCEPTABLE_NOT_A_QUALITY_LABEL,0.5023719999999999,24.393423000000002,0.009896736893695727,-0.0006847796479951818,0.010884783055948644,0.003681442425240433,0.9482858466527682,False,False,True,PASS_IDS_AND_CANDIDATE_DIGEST_SET,MIXED_OR_CENTER,TWO,0.24741933274209668,MEDIUM,STOPPED,0.6926792346629709,MEDIUM,POSITIVE,IDLE__P0_BACKUP_ONLY,
VALIDATION_UNSEEN,False,p3_mapping_research_corpus_v1_seed_20260830,episode_iterative_stratification_v1,False,257577c116eb07064e5a3cc367b660a9eee4f5f26460b3582af2afc7205145b0,98,rosbag2_2026_08_24-19_00_30__EP0060,rosbag2_2026_08_24-19_00_30,545.120183266,1787566175260356240,19441,1,PLAN_PRIMARY,STRICT,0,0.991647664806308,0.19585256577145407,0,0.635456538434074,0.635456538434074,2,2,2,2,0,IDLE,P0_BACKUP_ONLY,True,True,SAFE_STOP_AUTHORITY,,3,"[{""d_center"":0.21750746222009115,""d_left"":0.3437285285625286,""d_right"":0.09125088882342458,""id"":76,""is_static"":true,""is_visible"":true,""s_center"":4.152666495774387,""s_end"":4.275084363566264,""s_start"":4.03024862798251},{""d_center"":0.23520329995460143,""d_left"":0.24347748594523072,""d_right"":0.22594211926260915,""id"":79,""is_static"":true,""is_visible"":true,""s_center"":1.2414149290183578,""s_end"":1.2482276273058033,""s_start"":1.2346022307309124},{""d_center"":-0.3414749728631953,""d_left"":-0.23816337942378318,""d_right"":-0.4432774776611872,""id"":85,""is_static"":true,""is_visible"":true,""s_center"":1.451115956939211,""s_end"":1.571038066116448,""s_start"":1.3311938477619738}]",input_1e6afcb4c28b1877,ego_db34b5de0375cff0,obs_f70402e8c2e2ef4f,ref_3f5d487564f4ee3d,1787566175220013808,7207,2,1,True,2,"{""M1"": 2}","{""ZERO_BOUNDARY_SHORT"": 1, ""ZERO_BOUNDARY_SPAN"": 1}","{""shifted race line exceeds right control steering curvature"": 2}",LOC_UNKNOWN,ACCEPTABLE_NOT_A_QUALITY_LABEL,1.0790710000000001,21.172226,0.0012447706477301918,-0.0003330957218889985,0.001043107033867341,0.000939641526020718,0.8483900857076674,False,False,True,PASS_IDS_AND_CANDIDATE_DIGEST_SET,MIXED_OR_CENTER,THREE_PLUS,0.25247763973910403,MEDIUM,STOPPED,0.6926792346629709,MEDIUM,POSITIVE,IDLE__P0_BACKUP_ONLY,
VALIDATION_UNSEEN,False,p3_mapping_research_corpus_v1_seed_20260830,episode_iterative_stratification_v1,False,257577c116eb07064e5a3cc367b660a9eee4f5f26460b3582af2afc7205145b0,118,rosbag2_2026_08_24-19_00_30__EP0063,rosbag2_2026_08_24-19_00_30,549.080081852,1787566179220254826,19577,1,PLAN_PRIMARY,STRICT,0,0.5621305094592545,-0.08561640317202641,0,0.7240479714256923,0.7240479714256923,2,2,8,2,0,IDLE,P0_BACKUP_ONLY,True,True,SAFE_STOP_AUTHORITY,,4,"[{""d_center"":0.264299076411178,""d_left"":0.39473338093821475,""d_right"":0.13384934646970933,""id"":76,""is_static"":true,""is_visible"":true,""s_center"":3.6536160979169505,""s_end"":3.783883714767083,""s_start"":3.523348481066818},{""d_center"":0.002396812001680423,""d_left"":0.017336802946083987,""d_right"":-0.012543178942721547,""id"":79,""is_static"":true,""is_visible"":true,""s_center"":0.7804659088856774,""s_end"":0.7912477758522531,""s_start"":0.7696840419191016},{""d_center"":-0.5224932993934066,""d_left"":-0.3790734535999149,""d_right"":-0.6709685399068276,""id"":85,""is_static"":true,""is_visible"":true,""s_center"":1.0530160791998,""s_end"":1.2202599849749638,""s_start"":0.8857721734246362},{""d_center"":-0.989221951307652,""d_left"":-0.9365638061226426,""d_right"":-1.0425656761380095,""id"":91,""is_static"":true,""is_visible"":false,""s_center"":5.358679962468835,""s_end"":5.462612584848341,""s_start"":5.254747340089328}]",input_8158a561bbc8f678,ego_c52b1c747f8a2417,obs_bf471391d2bad3b8,ref_3f5d487564f4ee3d,1787566179169341160,7327,2,1,True,8,"{""M0_V1"": 6, ""M1"": 2}","{""FROZEN_V1_CURVATURE_CONTINUITY"": 6, ""ZERO_BOUNDARY_SHORT"": 1, ""ZERO_BOUNDARY_SPAN"": 1}","{""quintic d-offset exceeds maximum_lateral_slope"": 2, ""shifted race line exceeds right control steering curvature"": 6}",LOC_UNKNOWN,ACCEPTABLE_NOT_A_QUALITY_LABEL,-1.202453,29.587646,0.01348360210686357,-0.0036935984884958195,0.00782958742590989,0.010397787328685515,0.8773164234422053,False,False,True,PASS_IDS_AND_CANDIDATE_DIGEST_SET,MIXED_OR_CENTER,THREE_PLUS,0.2918950863069127,MEDIUM,STOPPED,0.6179916592451704,MEDIUM,POSITIVE,IDLE__P0_BACKUP_ONLY,
VALIDATION_UNSEEN,False,p3_mapping_research_corpus_v1_seed_20260830,episode_iterative_stratification_v1,False,257577c116eb07064e5a3cc367b660a9eee4f5f26460b3582af2afc7205145b0,64,rosbag2_2026_08_24-19_00_30__EP0065,rosbag2_2026_08_24-19_00_30,550.420075785,1787566180560248759,19622,1,PLAN_PRIMARY,STRICT,0,1.0304011807456008,0.033024527030291365,0,0.6231857252859647,0.6231857252859647,2,2,2,2,0,IDLE,P0_BACKUP_ONLY,True,True,SAFE_STOP_AUTHORITY,,4,"[{""d_center"":-0.17149909296487242,""d_left"":0.4672262863258946,""d_right"":-0.8102244722556383,""id"":76,""is_static"":true,""is_visible"":true,""s_center"":3.6093336500792916,""s_end"":4.254432900313643,""s_start"":2.9642343998449405},{""d_center"":0.0583938336235742,""d_left"":0.07042149341828505,""d_right"":0.045915990158735924,""id"":79,""is_static"":true,""is_visible"":true,""s_center"":1.245103986287881,""s_end"":1.2523413681958142,""s_start"":1.2378666043799478},{""d_center"":-0.52073745307125,""d_left"":-0.41952388636924987,""d_right"":-0.6211422646821991,""id"":85,""is_static"":true,""is_visible"":true,""s_center"":1.4343363344821678,""s_end"":1.5760178932081141,""s_start"":1.2926547757562215},{""d_center"":-0.989221951307652,""d_left"":-0.9365638061226426,""d_right"":-1.0425656761380095,""id"":91,""is_static"":true,""is_visible"":false,""s_center"":5.358679962468835,""s_end"":5.462612584848341,""s_start"":5.254747340089328}]",input_1ea04a92c67c824a,ego_16e5cae00856f105,obs_88a4f3540b6ff3f5,ref_3f5d487564f4ee3d,1787566180489225555,7366,2,1,True,2,"{""M1"": 2}","{""ZERO_BOUNDARY_SHORT"": 1, ""ZERO_BOUNDARY_SPAN"": 1}","{""shifted race line exceeds right control steering curvature"": 2}",LOC_UNKNOWN,ACCEPTABLE_NOT_A_QUALITY_LABEL,8.357434,19.904218,0.002830610164424322,0.0009069646440318381,0.0,0.0005864314059432982,0.769921241602965,False,False,True,PASS_IDS_AND_CANDIDATE_DIGEST_SET,MIXED_OR_CENTER,THREE_PLUS,1.277450758581533,WIDE,STOPPED,0.6926792346629709,MEDIUM,POSITIVE,IDLE__P0_BACKUP_ONLY,
VALIDATION_UNSEEN,False,p3_mapping_research_corpus_v1_seed_20260830,episode_iterative_stratification_v1,False,257577c116eb07064e5a3cc367b660a9eee4f5f26460b3582af2afc7205145b0,96,rosbag2_2026_08_24-19_00_30__EP0070,rosbag2_2026_08_24-19_00_30,553.570171463,1787566183710344437,19721,1,PLAN_PRIMARY,STRICT,0,1.0011380746736391,0.2291608695999017,0,0.747967844204344,0.708641345496161,2,2,2,2,0,IDLE,P0_BACKUP_ONLY,True,True,SAFE_STOP_AUTHORITY,,4,"[{""d_center"":0.25969254645913453,""d_left"":0.2700979617316268,""d_right"":0.2486465630461216,""id"":79,""is_static"":true,""is_visible"":true,""s_center"":1.2574126193484167,""s_end"":1.2644140891671534,""s_start"":1.2504111495296801},{""d_center"":-0.31878520685383765,""d_left"":-0.21438882913848012,""d_right"":-0.4230152629359911,""id"":85,""is_static"":true,""is_visible"":true,""s_center"":1.4812357436228194,""s_end"":1.625207861716773,""s_start"":1.337263625528866},{""d_center"":0.24070606301968295,""d_left"":0.33265545127734936,""d_right"":0.14864121944523875,""id"":79,""is_static"":true,""is_visible"":true,""s_center"":4.150109513055539,""s_end"":4.251093354263725,""s_start"":4.049125671847353},{""d_center"":-0.6939372218660702,""d_left"":-0.5682729389422309,""d_right"":-0.8200994468110451,""id"":96,""is_static"":true,""is_visible"":true,""s_center"":5.839767837915496,""s_end"":5.938116617537833,""s_start"":5.741419058293159}]",input_3d79b9aec9307cff,ego_fbcd50244f9410eb,obs_a0c9097f05914010,ref_3f5d487564f4ee3d,1787566183668019450,7453,2,1,True,2,"{""M1"": 2}","{""ZERO_BOUNDARY_SHORT"": 1, ""ZERO_BOUNDARY_SPAN"": 1}","{""d-offset intersects an inflated static-obstacle box"": 2}",LOC_UNKNOWN,ACCEPTABLE_NOT_A_QUALITY_LABEL,7.740623,30.13987,0.0022386237886230713,2.4828323936354476e-05,0.0,0.0021221665549074342,0.8445390317350011,False,False,True,PASS_IDS_AND_CANDIDATE_DIGEST_SET,MIXED_OR_CENTER,THREE_PLUS,0.2518265078688142,MEDIUM,STOPPED,0.6926792346629709,MEDIUM,POSITIVE,IDLE__P0_BACKUP_ONLY,
VALIDATION_UNSEEN,False,p3_mapping_research_corpus_v1_seed_20260830,episode_iterative_stratification_v1,False,257577c116eb07064e5a3cc367b660a9eee4f5f26460b3582af2afc7205145b0,133,rosbag2_2026_08_24-19_00_30__EP0080,rosbag2_2026_08_24-19_00_30,590.020254282,1787566220160427256,21175,1,PLAN_PRIMARY,STRICT,0,2.5995376910908163,-0.6219444381356621,1.0500845494319144,0.34491757642349846,0.26099386546607045,3,3,3,3,0,IDLE,P0_BACKUP_ONLY,True,True,SAFE_STOP_AUTHORITY,,1,"[{""d_center"":-0.35514371946346673,""d_left"":-0.2016989451858617,""d_right"":-0.5077549394352024,""id"":107,""is_static"":true,""is_visible"":true,""s_center"":3.7931449484459647,""s_end"":3.9385614301451715,""s_start"":3.647728466746758}]",input_35ee7fcaae520775,ego_fa12f61d8820a52b,obs_de132fec58ee5108,ref_3f5d487564f4ee3d,1787566220105916865,8751,2,1,True,3,"{""M1"": 3}","{""NEAR_LONG"": 1, ""ZERO_BOUNDARY_SHORT"": 1, ""ZERO_BOUNDARY_SPAN"": 1}","{""quintic d-offset exceeds maximum_lateral_slope"": 1, ""shifted race line exceeds left control steering curvature"": 2}",LOC_UNKNOWN,ACCEPTABLE_NOT_A_QUALITY_LABEL,-2.366158,29.7196,0.03238234699087897,0.010048264612321223,0.0,0.0025970158281648503,0.9107597868890434,False,False,True,PASS_IDS_AND_CANDIDATE_DIGEST_SET,RIGHT,ONE,0.3060559942493407,MEDIUM,MOVING,0.33652535260741784,MEDIUM,POSITIVE,IDLE__P0_BACKUP_ONLY,
VALIDATION_UNSEEN,False,p3_mapping_research_corpus_v1_seed_20260830,episode_iterative_stratification_v1,False,257577c116eb07064e5a3cc367b660a9eee4f5f26460b3582af2afc7205145b0,77,rosbag2_2026_08_24-19_00_30__EP0083,rosbag2_2026_08_24-19_00_30,614.520110836,1787566244660283810,22137,1,PLAN_PRIMARY,STRICT,0,34.774550418797055,-0.6533466859907222,0,0.019419451462826566,0.019419451462826566,2,2,2,2,0,IDLE,P0_BACKUP_ONLY,True,True,SAFE_STOP_AUTHORITY,,1,"[{""d_center"":-0.3755072503178034,""d_left"":-0.15809441468846488,""d_right"":-0.5932760650575274,""id"":137,""is_static"":true,""is_visible"":true,""s_center"":34.955732784418466,""s_end"":35.03032000844784,""s_start"":34.88114556038909}]",input_00998810f8be290f,ego_80021a17ba0de595,obs_ed70ce38db10d3e6,ref_3f5d487564f4ee3d,1787566244621320708,9495,2,1,True,2,"{""M1"": 2}","{""ZERO_BOUNDARY_SHORT"": 1, ""ZERO_BOUNDARY_SPAN"": 1}","{""footprint_track_bound"": 2}",LOC_UNKNOWN,ACCEPTABLE_NOT_A_QUALITY_LABEL,11.496996000000001,30.04142,0.0,-0.0012854683871461603,0.0,0.0,0.800440120454019,False,False,True,PASS_IDS_AND_CANDIDATE_DIGEST_SET,RIGHT,ONE,0.43518165036906253,MEDIUM,STOPPED,0.690849974515209,MEDIUM,POSITIVE,IDLE__P0_BACKUP_ONLY,
VALIDATION_UNSEEN,False,p3_mapping_research_corpus_v1_seed_20260830,episode_iterative_stratification_v1,False,257577c116eb07064e5a3cc367b660a9eee4f5f26460b3582af2afc7205145b0,161,rosbag2_2026_08_24-19_00_30__EP0098,rosbag2_2026_08_24-19_00_30,779.27009916,1787566409410272134,28621,1,PLAN_PRIMARY,STRICT,0,38.720374548908076,-0.16605331331848563,0,0.25725860805350265,0.06795253970456341,3,3,9,3,0,IDLE,P0_BACKUP_ONLY,True,True,SAFE_STOP_AUTHORITY,,1,"[{""d_center"":-0.09744289896640185,""d_left"":-0.09158103237012453,""d_right"":-0.10327528261821749,""id"":185,""is_static"":true,""is_visible"":true,""s_center"":38.95738933593902,""s_end"":38.963667841252565,""s_start"":38.951110830625474}]",input_6cb8fb3a08a4f3b1,ego_0f7e1f973fe7c0f5,obs_6a36285907ebe568,ref_3f5d487564f4ee3d,1787566409356085861,12077,2,1,True,9,"{""M0_V1"": 6, ""M1"": 3}","{""FROZEN_V1_CURVATURE_CONTINUITY"": 6, ""NEAR_LONG"": 1, ""ZERO_BOUNDARY_SHORT"": 1, ""ZERO_BOUNDARY_SPAN"": 1}","{""footprint_track_bound"": 2, ""quintic d-offset exceeds maximum_lateral_slope"": 1, ""shifted race line exceeds left control steering curvature"": 3, ""shifted race line exceeds right control steering curvature"": 3}",LOC_UNKNOWN,ACCEPTABLE_NOT_A_QUALITY_LABEL,-4.016,20.080397,0.012382486662829584,0.00011026809414538263,0.011621217094962333,0.0054880489530740595,0.9446953903173501,False,False,True,PASS_IDS_AND_CANDIDATE_DIGEST_SET,RIGHT,ONE,0.011694250248092952,NARROW,STOPPED,-0.26122816555404177,MEDIUM,NEGATIVE,IDLE__P0_BACKUP_ONLY,
VALIDATION_UNSEEN,False,p3_mapping_research_corpus_v1_seed_20260830,episode_iterative_stratification_v1,False,257577c116eb07064e5a3cc367b660a9eee4f5f26460b3582af2afc7205145b0,69,rosbag2_2026_08_24-19_00_30__EP0108,rosbag2_2026_08_24-19_00_30,938.390120057,1787566568530293031,34691,1,PLAN_PRIMARY,STRICT,0,14.849219473890502,0.41869552579427294,0,0.3888422108580999,0.21936948951469037,24,24,30,24,0,IDLE,P0_BACKUP_ONLY,True,True,SAFE_STOP_AUTHORITY,,2,"[{""d_center"":0.2620782387198442,""d_left"":0.2990866054984639,""d_right"":0.22506987194122455,""id"":227,""is_static"":true,""is_visible"":true,""s_center"":16.57556993635418,""s_end"":16.730701493736284,""s_start"":16.42043837897208},{""d_center"":0.49795261662983886,""d_left"":0.5210418160298769,""d_right"":0.4748634172298008,""id"":228,""is_static"":true,""is_visible"":false,""s_center"":15.03740781913011,""s_end"":15.058323656403397,""s_start"":15.016491981856822}]",input_08f175897e6f5b7a,ego_4a2234ac45151bcf,obs_b0167e6b30251675,ref_3f5d487564f4ee3d,1787566568481354702,13963,2,1,True,30,"{""M0_V1"": 12, ""M0_V2"": 10, ""M1"": 8}","{""BRANCH_AWARE_ANALYTIC_ROOT"": 2, ""FAR_SPAN"": 2, ""FROZEN_V1_CURVATURE_CONTINUITY"": 12, ""NEAR_LONG"": 2, ""ZERO_BOUNDARY_SHORT"": 2, ""ZERO_BOUNDARY_SPAN"": 2, ""ZERO_INTERFACE_BOUNDARY_INSET"": 2, ""ZERO_INTERFACE_CENTER_LONG_EXIT"": 2, ""ZERO_INTERFACE_QUARTER_LONG_EXIT"": 2, ""ZERO_INTERFACE_QUARTER_SCALE"": 2}","{""d-offset intersects an inflated static-obstacle box"": 30}",LOC_UNKNOWN,ACCEPTABLE_NOT_A_QUALITY_LABEL,0.283026,19.97709,0.0017802332397965903,-0.0010926648769840307,0.00040213286065871046,0.0017342201562821624,0.7783472318739866,False,False,True,PASS_IDS_AND_CANDIDATE_DIGEST_SET,LEFT,TWO,0.07401673355723934,NARROW,STOPPED,9.890869292476419e-16,LOW,NEAR_ZERO,IDLE__P0_BACKUP_ONLY,
VALIDATION_UNSEEN,False,p3_mapping_research_corpus_v1_seed_20260830,episode_iterative_stratification_v1,False,257577c116eb07064e5a3cc367b660a9eee4f5f26460b3582af2afc7205145b0,121,rosbag2_2026_08_24-19_24_17__EP0010,rosbag2_2026_08_24-19_24_17,281.110131375,1787567338850665660,11232,1,PLAN_PRIMARY,STRICT,0,19.599895349612268,0.20134543693947543,0,0.46779955707777143,0.46779955707777143,2,2,2,2,0,IDLE,P0_BACKUP_ONLY,True,True,SAFE_STOP_AUTHORITY,,1,"[{""d_center"":0.10778887531368772,""d_left"":0.16854521537226763,""d_right"":0.047011686971329764,""id"":127,""is_static"":true,""is_visible"":true,""s_center"":19.841998654113905,""s_end"":19.878170647329714,""s_start"":19.805826660898095}]",input_eef8d557c17eba0a,ego_16787c3cb4196af3,obs_7a2056400b95aace,ref_3f5d487564f4ee3d,1787567338813200213,4577,2,1,True,2,"{""M1"": 2}","{""ZERO_BOUNDARY_SHORT"": 1, ""ZERO_BOUNDARY_SPAN"": 1}","{""d-offset intersects an inflated static-obstacle box"": 2}",LOC_UNKNOWN,ACCEPTABLE_NOT_A_QUALITY_LABEL,13.117367,29.869472000000002,0.0015612061356021264,0.0012547798589562786,0.0,0.0004124378873947565,0.8823669768551659,False,False,True,PASS_IDS_AND_CANDIDATE_DIGEST_SET,LEFT,ONE,0.12153352840093787,NARROW,STOPPED,-0.23670338713013944,LOW,NEGATIVE,IDLE__P0_BACKUP_ONLY,
VALIDATION_UNSEEN,False,p3_mapping_research_corpus_v1_seed_20260830,episode_iterative_stratification_v1,False,257577c116eb07064e5a3cc367b660a9eee4f5f26460b3582af2afc7205145b0,107,rosbag2_2026_08_24-19_24_17__EP0024,rosbag2_2026_08_24-19_24_17,358.410112695,1787567416150646980,14106,1,PLAN_PRIMARY,STRICT,0,10.458997190668992,-0.689690374102849,0,0.11978288464325651,0.02208468930777622,15,15,21,15,0,IDLE,P0_BACKUP_ONLY,True,True,SAFE_STOP_AUTHORITY,,2,"[{""d_center"":-0.31527304504969206,""d_left"":-0.2062189155089065,""d_right"":-0.42432717459047753,""id"":203,""is_static"":true,""is_visible"":true,""s_center"":11.943006677319174,""s_end"":12.302665726843516,""s_start"":11.583347627794831},{""d_center"":-0.7100680876458005,""d_left"":-0.6497818817852965,""d_right"":-0.7703542935063045,""id"":204,""is_static"":true,""is_visible"":true,""s_center"":10.801502848779556,""s_end"":10.970483479698682,""s_start"":10.63252221786043}]",input_1c72abfe93efba07,ego_cdfe122b1ad913d6,obs_371223f9baf8a3b3,ref_3f5d487564f4ee3d,1787567416106948777,6311,2,1,True,21,"{""M0_V1"": 6, ""M0_V2"": 9, ""M1"": 6}","{""BRANCH_AWARE_ANALYTIC_ROOT"": 1, ""FAR_SPAN"": 1, ""FROZEN_V1_CURVATURE_CONTINUITY"": 6, ""NEAR_LONG"": 1, ""ZERO_BOUNDARY_SHORT"": 2, ""ZERO_BOUNDARY_SPAN"": 2, ""ZERO_INTERFACE_BOUNDARY_INSET"": 2, ""ZERO_INTERFACE_CENTER_LONG_EXIT"": 2, ""ZERO_INTERFACE_QUARTER_LONG_EXIT"": 2, ""ZERO_INTERFACE_QUARTER_SCALE"": 2}","{""d-offset intersects an inflated static-obstacle box"": 13, ""shifted race line exceeds left control steering curvature"": 8}",LOC_UNKNOWN,ACCEPTABLE_NOT_A_QUALITY_LABEL,7.458098,29.696634,0.001802745313823148,-0.0008569823887154548,0.0017448122771384078,0.0004533440018967827,0.8638749701741828,False,False,True,PASS_IDS_AND_CANDIDATE_DIGEST_SET,RIGHT,TWO,0.21810825908157103,MEDIUM,STOPPED,6.593912861650898e-16,LOW,NEAR_ZERO,IDLE__P0_BACKUP_ONLY,
VALIDATION_UNSEEN,False,p3_mapping_research_corpus_v1_seed_20260830,episode_iterative_stratification_v1,False,257577c116eb07064e5a3cc367b660a9eee4f5f26460b3582af2afc7205145b0,155,rosbag2_2026_08_24-19_24_17__EP0028,rosbag2_2026_08_24-19_24_17,440.310096379,1787567498050630664,17335,1,PLAN_PRIMARY,STRICT,0,1.4567736350262663,-0.40839759465745235,0,0.22733730786207076,0.18335433117615432,6,6,6,6,0,IDLE,P0_BACKUP_ONLY,True,True,SAFE_STOP_AUTHORITY,,3,"[{""d_center"":-0.6773101242537555,""d_left"":-0.6011812893597251,""d_right"":-0.7516011708434488,""id"":17,""is_static"":true,""is_visible"":true,""s_center"":1.8433238462452757,""s_end"":1.9392189601518712,""s_start"":1.7474287323386801},{""d_center"":-0.24280230578542564,""d_left"":-0.24007779881295938,""d_right"":-0.24519015115878276,""id"":17,""is_static"":true,""is_visible"":true,""s_center"":1.5885415474814653,""s_end"":1.597475578275377,""s_start"":1.5796075166875536},{""d_center"":0.16296232853939038,""d_left"":0.6725109655153144,""d_right"":-0.3465863084365338,""id"":18,""is_static"":true,""is_visible"":true,""s_center"":3.0566384550874477,""s_end"":3.596679941089268,""s_start"":2.5165969690856276}]",input_01238d8b6112e394,ego_a3fb054066543525,obs_9c9c1e0e18b3bae3,ref_3f5d487564f4ee3d,1787567497990327815,7569,2,1,True,6,"{""M0_V2"": 4, ""M1"": 2}","{""ZERO_BOUNDARY_SHORT"": 1, ""ZERO_BOUNDARY_SPAN"": 1, ""ZERO_INTERFACE_BOUNDARY_INSET"": 1, ""ZERO_INTERFACE_CENTER_LONG_EXIT"": 1, ""ZERO_INTERFACE_QUARTER_LONG_EXIT"": 1, ""ZERO_INTERFACE_QUARTER_SCALE"": 1}","{""d-offset intersects an inflated static-obstacle box"": 6}",LOC_UNKNOWN,ACCEPTABLE_NOT_A_QUALITY_LABEL,-10.322269,17.956831,0.0124761269587693,-0.0011901457840834964,0.009833403003652874,0.001098000971696489,0.9405869720830351,False,False,True,PASS_IDS_AND_CANDIDATE_DIGEST_SET,MIXED_OR_CENTER,THREE_PLUS,1.0190972739518482,WIDE,STOPPED,0.605537730392042,MEDIUM,POSITIVE,IDLE__P0_BACKUP_ONLY,
VALIDATION_UNSEEN,False,p3_mapping_research_corpus_v1_seed_20260830,episode_iterative_stratification_v1,False,257577c116eb07064e5a3cc367b660a9eee4f5f26460b3582af2afc7205145b0,142,rosbag2_2026_08_24-19_24_17__EP0035,rosbag2_2026_08_24-19_24_17,452.42008608,1787567510160620365,17776,1,PLAN_PRIMARY,STRICT,0,1.576455628543488,-0.34892712030188855,0,0.3304946593727915,0.3304946593727915,2,2,2,2,0,IDLE,P0_BACKUP_ONLY,True,True,SAFE_STOP_AUTHORITY,,1,"[{""d_center"":-0.06626040648422879,""d_left"":-0.031343917152148695,""d_right"":-0.10559383557115959,""id"":17,""is_static"":true,""is_visible"":true,""s_center"":1.7302393728138807,""s_end"":1.8226665409158598,""s_start"":1.6378122047119017}]",input_d3e604b9fc22a70e,ego_d8cf92d1c2516439,obs_f239c2917f0ce8da,ref_3f5d487564f4ee3d,1787567510129669447,7882,2,1,True,2,"{""M1"": 2}","{""ZERO_BOUNDARY_SHORT"": 1, ""ZERO_BOUNDARY_SPAN"": 1}","{""shifted race line exceeds left control steering curvature"": 2}",LOC_UNKNOWN,ACCEPTABLE_NOT_A_QUALITY_LABEL,-9.594306,19.899824,0.017354892894576125,0.0010470549034879983,0.0,0.016310344080447348,0.9189533126541001,False,False,True,PASS_IDS_AND_CANDIDATE_DIGEST_SET,RIGHT,ONE,0.0742499184190109,NARROW,STOPPED,0.605537730392042,MEDIUM,POSITIVE,IDLE__P0_BACKUP_ONLY,
VALIDATION_UNSEEN,False,p3_mapping_research_corpus_v1_seed_20260830,episode_iterative_stratification_v1,False,257577c116eb07064e5a3cc367b660a9eee4f5f26460b3582af2afc7205145b0,37,rosbag2_2026_08_24-19_24_17__EP0043,rosbag2_2026_08_24-19_24_17,491.5600921,1787567549300626385,19342,1,PLAN_PRIMARY,STRICT,0,1.5106900848490032,-0.5287921946588791,0,0.32992380608948546,0.32992380608948546,2,2,2,2,0,IDLE,P0_BACKUP_ONLY,True,True,SAFE_STOP_AUTHORITY,,1,"[{""d_center"":-0.06626040648422879,""d_left"":-0.031343917152148695,""d_right"":-0.10559383557115959,""id"":17,""is_static"":true,""is_visible"":true,""s_center"":1.7302393728138807,""s_end"":1.8226665409158598,""s_start"":1.6378122047119017}]",input_f6f83252fd28d9c9,ego_347c6f340ef43421,obs_f239c2917f0ce8da,ref_3f5d487564f4ee3d,1787567549245909611,8663,2,1,True,2,"{""M1"": 2}","{""ZERO_BOUNDARY_SHORT"": 1, ""ZERO_BOUNDARY_SPAN"": 1}","{""shifted race line exceeds left control steering curvature"": 2}",LOC_UNKNOWN,ACCEPTABLE_NOT_A_QUALITY_LABEL,-4.621137,30.102278,1.139226211815603e-05,5.0590091430047224e-05,0.0,1.1042763767954433e-05,0.6743020758768791,False,False,True,PASS_IDS_AND_CANDIDATE_DIGEST_SET,RIGHT,ONE,0.0742499184190109,NARROW,STOPPED,0.605537730392042,MEDIUM,POSITIVE,IDLE__P0_BACKUP_ONLY,
VALIDATION_UNSEEN,False,p3_mapping_research_corpus_v1_seed_20260830,episode_iterative_stratification_v1,False,257577c116eb07064e5a3cc367b660a9eee4f5f26460b3582af2afc7205145b0,99,rosbag2_2026_08_24-19_24_17__EP0047,rosbag2_2026_08_24-19_24_17,586.530101883,1787567644270636168,23109,1,PLAN_PRIMARY,STRICT,0,0.6764751933031988,-0.04313132610648603,0.2636000774848289,0.774070517532468,0.6063425496661325,14,14,20,14,0,IDLE,P0_BACKUP_ONLY,True,True,SAFE_STOP_AUTHORITY,,2,"[{""d_center"":-0.2713929089113374,""d_left"":-0.1670672417340584,""d_right"":-0.3884576837610001,""id"":15,""is_static"":true,""is_visible"":true,""s_center"":1.2377334587528832,""s_end"":1.4353905665610034,""s_start"":1.040076350944763},{""d_center"":-0.03747050190852181,""d_left"":0.07200649462369091,""d_right"":-0.14694749844073435,""id"":19,""is_static"":true,""is_visible"":true,""s_center"":3.853751355425771,""s_end"":3.970704144663431,""s_start"":3.736798566188111}]",input_601ee535688dbee2,ego_ee8c43cf8210f5c2,obs_df185df79acea0e9,ref_3f5d487564f4ee3d,1787567644239089226,11271,2,1,True,20,"{""M0_V1"": 6, ""M0_V2"": 9, ""M1"": 5}","{""BRANCH_AWARE_ANALYTIC_ROOT"": 1, ""FROZEN_V1_CURVATURE_CONTINUITY"": 6, ""NEAR_LONG"": 1, ""ZERO_BOUNDARY_SHORT"": 2, ""ZERO_BOUNDARY_SPAN"": 2, ""ZERO_INTERFACE_BOUNDARY_INSET"": 2, ""ZERO_INTERFACE_CENTER_LONG_EXIT"": 2, ""ZERO_INTERFACE_QUARTER_LONG_EXIT"": 2, ""ZERO_INTERFACE_QUARTER_SCALE"": 2}","{""quintic d-offset exceeds maximum_lateral_slope"": 7, ""shifted race line exceeds left control steering curvature"": 5, ""shifted race line exceeds right control steering curvature"": 8}",LOC_UNKNOWN,ACCEPTABLE_NOT_A_QUALITY_LABEL,-9.356240999999999,17.695456,0.006632586315645247,0.01968576534126454,0.0,0.0020308395665978238,0.8495585779050346,False,False,True,PASS_IDS_AND_CANDIDATE_DIGEST_SET,MIXED_OR_CENTER,TWO,0.2213904420269417,MEDIUM,LOW,0.659405264656562,MEDIUM,POSITIVE,IDLE__P0_BACKUP_ONLY,
VALIDATION_UNSEEN,False,p3_mapping_research_corpus_v1_seed_20260830,episode_iterative_stratification_v1,False,257577c116eb07064e5a3cc367b660a9eee4f5f26460b3582af2afc7205145b0,103,rosbag2_2026_08_24-19_24_17__EP0058,rosbag2_2026_08_24-19_24_17,637.310133847,1787567695050668132,25104,1,PLAN_PRIMARY,STRICT,0,0.9712891908437301,-0.28803119895185103,0.33475879119546237,0.2719224410649869,0.2719224410649869,1,1,7,1,0,IDLE,P0_BACKUP_ONLY,True,True,SAFE_STOP_AUTHORITY,,1,"[{""d_center"":-0.15926703458953728,""d_left"":-0.15220514786655212,""d_right"":-0.1663851609308264,""id"":28,""is_static"":true,""is_visible"":false,""s_center"":1.1159766869842134,""s_end"":1.1248000450254305,""s_start"":1.1071533289429962}]",input_31d1e0278af7cd6b,ego_6a45d0c2adefe98c,obs_825d3c89a70d5a23,ref_3f5d487564f4ee3d,1787567695011662345,12996,2,1,True,7,"{""M0_V1"": 6, ""M1"": 1}","{""FROZEN_V1_CURVATURE_CONTINUITY"": 6, ""NEAR_LONG"": 1}","{""footprint_track_bound"": 7}",LOC_UNKNOWN,ACCEPTABLE_NOT_A_QUALITY_LABEL,3.513646,21.419324,0.001937351809743267,-0.0003128270277532596,0.0015388055648536403,0.0005193193506259908,0.8563190964765768,False,False,True,PASS_IDS_AND_CANDIDATE_DIGEST_SET,RIGHT,ONE,0.014180013064274272,NARROW,LOW,0.6926792346629709,MEDIUM,POSITIVE,IDLE__P0_BACKUP_ONLY,
VALIDATION_UNSEEN,False,p3_mapping_research_corpus_v1_seed_20260830,episode_iterative_stratification_v1,False,257577c116eb07064e5a3cc367b660a9eee4f5f26460b3582af2afc7205145b0,113,rosbag2_2026_08_24-19_24_17__EP0062,rosbag2_2026_08_24-19_24_17,647.720126932,1787567705460661217,25288,1,PLAN_PRIMARY,STRICT,0,0.8159553084530968,-0.24839526607178442,0,0.27969323506097393,0.2625290484705724,24,24,30,24,0,IDLE,P0_BACKUP_ONLY,True,True,SAFE_STOP_AUTHORITY,,2,"[{""d_center"":-0.09829774024929405,""d_left"":-0.09003144729767387,""d_right"":-0.10616946287250285,""id"":28,""is_static"":true,""is_visible"":true,""s_center"":0.9584518269653339,""s_end"":0.966779485519893,""s_start"":0.9501241684107748},{""d_center"":-0.9102943340639277,""d_left"":-0.8815642965550979,""d_right"":-0.9390243715727575,""id"":68,""is_static"":true,""is_visible"":false,""s_center"":7.63155269436866,""s_end"":7.796247682260399,""s_start"":7.46685770647692}]",input_e7d1af6737c1de1f,ego_0f3159436540dbd8,obs_cde02fb3750864f2,ref_3f5d487564f4ee3d,1787567705392547786,13164,2,1,True,30,"{""M0_V1"": 6, ""M1"": 24}","{""FROZEN_V1_CURVATURE_CONTINUITY"": 6, ""NEAR_BISECTED"": 21, ""NEAR_LONG"": 1, ""ZERO_BOUNDARY_SHORT"": 1, ""ZERO_BOUNDARY_SPAN"": 1}","{""footprint_track_bound"": 26, ""shifted race line exceeds left control steering curvature"": 4}",LOC_UNKNOWN,ACCEPTABLE_NOT_A_QUALITY_LABEL,-7.444189000000001,30.54261,0.0006318482458996188,-0.00017189567686037854,0.0004884445778849944,0.00029131045091274066,0.8695617593255388,False,False,True,PASS_IDS_AND_CANDIDATE_DIGEST_SET,RIGHT,TWO,0.057460075017659595,NARROW,STOPPED,0.659405264656562,MEDIUM,POSITIVE,IDLE__P0_BACKUP_ONLY,
VALIDATION_UNSEEN,False,p3_mapping_research_corpus_v1_seed_20260830,episode_iterative_stratification_v1,False,257577c116eb07064e5a3cc367b660a9eee4f5f26460b3582af2afc7205145b0,56,rosbag2_2026_08_24-19_24_17__EP0064,rosbag2_2026_08_24-19_24_17,661.310089263,1787567719050623548,25619,1,PLAN_PRIMARY,STRICT,0,1.1332232308408834,-0.10513660555763028,0,0.4012554633988606,0.28870310270674543,3,3,9,3,0,IDLE,P0_BACKUP_ONLY,True,True,SAFE_STOP_AUTHORITY,,2,"[{""d_center"":0.39450840463271647,""d_left"":0.4471236475255117,""d_right"":0.34181871839297984,""id"":71,""is_static"":true,""is_visible"":true,""s_center"":6.239307064222353,""s_end"":6.2529398021795135,""s_start"":6.225674326265192},{""d_center"":0.026735358091773093,""d_left"":0.03179061237046773,""d_right"":0.021970273480599902,""id"":72,""is_static"":true,""is_visible"":true,""s_center"":1.3036777036021916,""s_end"":1.3108014089881352,""s_start"":1.296553998216248}]",input_2f25938332751466,ego_c88d315c36a008cf,obs_df04fbd461cb010f,ref_3f5d487564f4ee3d,1787567718999964142,13489,2,1,True,9,"{""M0_V1"": 6, ""M1"": 3}","{""FROZEN_V1_CURVATURE_CONTINUITY"": 6, ""NEAR_LONG"": 1, ""ZERO_BOUNDARY_SHORT"": 1, ""ZERO_BOUNDARY_SPAN"": 1}","{""quintic d-offset exceeds maximum_lateral_slope"": 6, ""shifted race line exceeds left control steering curvature"": 2, ""shifted race line exceeds right control steering curvature"": 1}",LOC_UNKNOWN,ACCEPTABLE_NOT_A_QUALITY_LABEL,0.042952,20.039007,0.00024369553352837915,-0.0001523234066145296,0.00021533601392609292,7.800948572571353e-05,0.7395609639704128,False,False,True,PASS_IDS_AND_CANDIDATE_DIGEST_SET,MIXED_OR_CENTER,TWO,0.10530492913253187,NARROW,STOPPED,0.6636512270917774,MEDIUM,POSITIVE,IDLE__P0_BACKUP_ONLY,
VALIDATION_UNSEEN,False,p3_mapping_research_corpus_v1_seed_20260830,episode_iterative_stratification_v1,False,257577c116eb07064e5a3cc367b660a9eee4f5f26460b3582af2afc7205145b0,174,rosbag2_2026_08_24-19_24_17__EP0066,rosbag2_2026_08_24-19_24_17,695.780092773,1787567753520627058,26979,1,PLAN_PRIMARY,STRICT,0,34.070519799821184,0.026689331803374676,0.19826975404883473,0.7618203816440153,0.7618203816440153,1,1,7,1,0,IDLE,P0_BACKUP_ONLY,True,True,SAFE_STOP_AUTHORITY,,1,"[{""d_center"":0.11012975624433433,""d_left"":0.11850635925050755,""d_right"":0.10165824152834516,""id"":94,""is_static"":true,""is_visible"":false,""s_center"":34.306810853662675,""s_end"":34.31281958016018,""s_start"":34.30080212716517}]",input_634fec5aa015459a,ego_e259c8435c4fadfc,obs_11f1de79b1d7a654,ref_3f5d487564f4ee3d,1787567753473855812,14675,2,1,True,7,"{""M0_V1"": 6, ""M1"": 1}","{""FROZEN_V1_CURVATURE_CONTINUITY"": 6, ""NEAR_LONG"": 1}","{""quintic d-offset exceeds maximum_lateral_slope"": 3, ""shifted race line exceeds left control steering curvature"": 4}",LOC_UNKNOWN,ACCEPTABLE_NOT_A_QUALITY_LABEL,2.519759,25.416694,0.011882084430847529,0.014117787991927424,0.008338288115872672,0.008985452297211649,0.9727999363741202,False,False,True,PASS_IDS_AND_CANDIDATE_DIGEST_SET,LEFT,ONE,0.016848117722162395,NARROW,LOW,0.4480280820688903,MEDIUM,POSITIVE,IDLE__P0_BACKUP_ONLY,
VALIDATION_UNSEEN,False,p3_mapping_research_corpus_v1_seed_20260830,episode_iterative_stratification_v1,False,257577c116eb07064e5a3cc367b660a9eee4f5f26460b3582af2afc7205145b0,13,rosbag2_2026_08_24-19_24_17__EP0070,rosbag2_2026_08_24-19_24_17,726.630091478,1787567784370625763,28188,1,PLAN_PRIMARY,STRICT,0,5.939346663248889,-0.25830084411864085,0,0.488239360486922,0.42192141442662284,3,3,9,3,0,IDLE,P0_BACKUP_ONLY,True,True,SAFE_STOP_AUTHORITY,,1,"[{""d_center"":-0.13002752212266652,""d_left"":-0.12240568797537778,""d_right"":-0.1377671086238443,""id"":145,""is_static"":true,""is_visible"":true,""s_center"":6.105934600803696,""s_end"":6.115518316413569,""s_start"":6.096350885193823}]",input_b630a5b565e99d59,ego_a57e409f3dce1497,obs_319993672579b008,ref_3f5d487564f4ee3d,1787567784313893028,15705,2,1,True,9,"{""M0_V1"": 6, ""M1"": 3}","{""FROZEN_V1_CURVATURE_CONTINUITY"": 6, ""NEAR_LONG"": 1, ""ZERO_BOUNDARY_SHORT"": 1, ""ZERO_BOUNDARY_SPAN"": 1}","{""footprint_track_bound"": 4, ""shifted race line exceeds left control steering curvature"": 3, ""shifted race line exceeds right control steering curvature"": 2}",LOC_UNKNOWN,ACCEPTABLE_NOT_A_QUALITY_LABEL,-6.940892,18.867192000000003,0.00022147786088672956,-0.00020186314201670053,0.0,0.00018133941743631032,0.6477769824226517,False,False,True,PASS_IDS_AND_CANDIDATE_DIGEST_SET,RIGHT,ONE,0.015361420648466531,NARROW,STOPPED,0.30429655648995757,MEDIUM,POSITIVE,IDLE__P0_BACKUP_ONLY,
VALIDATION_UNSEEN,False,p3_mapping_research_corpus_v1_seed_20260830,episode_iterative_stratification_v1,False,257577c116eb07064e5a3cc367b660a9eee4f5f26460b3582af2afc7205145b0,48,rosbag2_2026_08_25-09_59_22__EP0004,rosbag2_2026_08_25-09_59_22,132.720148774,1787619694946207259,5406,1,PLAN_PRIMARY,STRICT,0,22.179877616401622,-0.9604835143144046,0,0.09142395707080034,0.09142395707080034,1,1,7,1,0,IDLE,P0_BACKUP_ONLY,True,True,SAFE_STOP_AUTHORITY,,2,"[{""d_center"":-0.9927551515095691,""d_left"":-0.9132050592323768,""d_right"":-1.0715354816634457,""id"":47,""is_static"":true,""is_visible"":true,""s_center"":22.338638893857727,""s_end"":22.416416237405485,""s_start"":22.26086155030997},{""d_center"":-0.2786815491461689,""d_left"":-0.15438494533890565,""d_right"":-0.40233234419810704,""id"":54,""is_static"":true,""is_visible"":true,""s_center"":23.487637899224747,""s_end"":23.576983198998644,""s_start"":23.39829259945085}]",input_4f4bad32b5f055d6,ego_8a750ae70dc4822d,obs_3ddf1385cf53fe0e,ref_4dc0768eb37d9590,1787619694903878233,2026,2,1,True,7,"{""M0_V1"": 6, ""M1"": 1}","{""FROZEN_V1_CURVATURE_CONTINUITY"": 6, ""NEAR_LONG"": 1}","{""d-offset intersects an inflated static-obstacle box"": 1, ""footprint_track_bound"": 6}",LOC_UNKNOWN,ACCEPTABLE_NOT_A_QUALITY_LABEL,6.981982,19.544056,0.0005460285158458962,6.734760393584116e-05,0.0,0.0001636522093031445,0.7119806886037352,False,False,True,PASS_IDS_AND_CANDIDATE_DIGEST_SET,RIGHT,TWO,0.2479473988592014,MEDIUM,STOPPED,0.4027208463693154,MEDIUM,POSITIVE,IDLE__P0_BACKUP_ONLY,
VALIDATION_UNSEEN,False,p3_mapping_research_corpus_v1_seed_20260830,episode_iterative_stratification_v1,False,257577c116eb07064e5a3cc367b660a9eee4f5f26460b3582af2afc7205145b0,51,rosbag2_2026_08_25-09_59_22__EP0034,rosbag2_2026_08_25-09_59_22,568.740102908,1787620130966161393,21309,1,PLAN_PRIMARY,STRICT,0,17.819895810342036,-0.34166332034245334,0,0.20156190461729953,0.07208982518153986,12,12,12,12,0,IDLE,P0_BACKUP_ONLY,True,True,SAFE_STOP_AUTHORITY,,2,"[{""d_center"":0.8433693753157913,""d_left"":0.8759652356314885,""d_right"":0.8160553086447447,""id"":356,""is_static"":true,""is_visible"":false,""s_center"":19.544504105697605,""s_end"":19.74801712629804,""s_start"":19.34099108509717},{""d_center"":-0.14950824227225162,""d_left"":0.05588955473411486,""d_right"":-0.3549060392786181,""id"":358,""is_static"":true,""is_visible"":true,""s_center"":18.49882492384149,""s_end"":18.721808279050506,""s_start"":18.275841568632472}]",input_2ebcd4cc88f7c67f,ego_6715d2aa3595740a,obs_a28d788c611d7153,ref_4dc0768eb37d9590,1787620130934229675,12424,2,1,True,12,"{""M0_V1"": 6, ""M0_V2"": 4, ""M1"": 2}","{""FROZEN_V1_CURVATURE_CONTINUITY"": 6, ""ZERO_BOUNDARY_SHORT"": 1, ""ZERO_BOUNDARY_SPAN"": 1, ""ZERO_INTERFACE_BOUNDARY_INSET"": 1, ""ZERO_INTERFACE_CENTER_LONG_EXIT"": 1, ""ZERO_INTERFACE_QUARTER_LONG_EXIT"": 1, ""ZERO_INTERFACE_QUARTER_SCALE"": 1}","{""shifted race line exceeds left control steering curvature"": 12}",LOC_UNKNOWN,ACCEPTABLE_NOT_A_QUALITY_LABEL,-12.610717000000001,20.144306,0.0009664375427824484,0.0023306733779004385,0.00027099420224629966,0.0009276657083504003,0.719667132511752,False,False,True,PASS_IDS_AND_CANDIDATE_DIGEST_SET,MIXED_OR_CENTER,TWO,0.4107955940127329,MEDIUM,STOPPED,2.1979709538836328e-15,LOW,NEAR_ZERO,IDLE__P0_BACKUP_ONLY,
VALIDATION_UNSEEN,False,p3_mapping_research_corpus_v1_seed_20260830,episode_iterative_stratification_v1,False,257577c116eb07064e5a3cc367b660a9eee4f5f26460b3582af2afc7205145b0,152,rosbag2_2026_08_25-09_59_22__EP0071,rosbag2_2026_08_25-09_59_22,953.570137629,1787620515796196114,36536,1,PLAN_PRIMARY,STRICT,0,15.773672034130847,-0.6785002743702311,0,0.04203061103485709,0.03284951035927167,2,2,2,2,0,IDLE,P0_BACKUP_ONLY,True,True,SAFE_STOP_AUTHORITY,,1,"[{""d_center"":-0.10022796465564586,""d_left"":0.042431949905312336,""d_right"":-0.24288787921660404,""id"":610,""is_static"":true,""is_visible"":true,""s_center"":16.394502448785172,""s_end"":16.49998527581251,""s_start"":16.289019621757834}]",input_8f2f3a66b170698c,ego_10f4fe51350b8a2a,obs_881ff2e13ce532f5,ref_4dc0768eb37d9590,1787620515756674014,23423,2,1,True,2,"{""M1"": 2}","{""ZERO_BOUNDARY_SHORT"": 1, ""ZERO_BOUNDARY_SPAN"": 1}","{""shifted race line exceeds left control steering curvature"": 2}",LOC_UNKNOWN,ACCEPTABLE_NOT_A_QUALITY_LABEL,10.020473,30.269401000000002,0.015502402788348826,-0.004077797529938067,0.014947771022729484,0.004109578283017723,0.9395566001778681,False,False,True,PASS_IDS_AND_CANDIDATE_DIGEST_SET,RIGHT,ONE,0.2853198291219164,MEDIUM,STOPPED,-8.791883815534507e-16,LOW,NEAR_ZERO,IDLE__P0_BACKUP_ONLY,
VALIDATION_UNSEEN,False,p3_mapping_research_corpus_v1_seed_20260830,episode_iterative_stratification_v1,False,257577c116eb07064e5a3cc367b660a9eee4f5f26460b3582af2afc7205145b0,74,rosbag2_2026_08_25-09_59_22__EP0075,rosbag2_2026_08_25-09_59_22,955.870054361,1787620518096112846,36628,1,PLAN_PRIMARY,STRICT,0,15.733055694172911,-0.6698417191953174,0.2008378072061656,0.04839894199670761,0.04263820711446679,2,2,2,2,0,IDLE,P0_BACKUP_ONLY,True,True,SAFE_STOP_AUTHORITY,,2,"[{""d_center"":-0.1411599813953662,""d_left"":-0.03646935998490341,""d_right"":-0.24585060280582915,""id"":610,""is_static"":true,""is_visible"":true,""s_center"":16.354979062430402,""s_end"":16.45035371066556,""s_start"":16.259604414195245},{""d_center"":-0.6355778779463921,""d_left"":-0.5338586130066731,""d_right"":-0.737290537034632,""id"":659,""is_static"":true,""is_visible"":false,""s_center"":20.032291002691736,""s_end"":20.118412388989384,""s_start"":19.946169616394087}]",input_3f63c2fc8421dc5c,ego_d44de594d5495c6d,obs_c309318e2f19997c,ref_4dc0768eb37d9590,1787620518057765054,23506,2,1,True,2,"{""M1"": 2}","{""ZERO_BOUNDARY_SHORT"": 1, ""ZERO_BOUNDARY_SPAN"": 1}","{""footprint_track_bound"": 1, ""shifted race line exceeds left control steering curvature"": 1}",LOC_UNKNOWN,ACCEPTABLE_NOT_A_QUALITY_LABEL,11.168431,29.846339999999998,0.0013071529321714345,-3.6940850930977653e-06,0.0012999050150508396,0.00013746177626128286,0.7914813873713632,False,False,True,PASS_IDS_AND_CANDIDATE_DIGEST_SET,RIGHT,TWO,0.20938124282092574,MEDIUM,LOW,-8.791883815534507e-16,LOW,NEAR_ZERO,IDLE__P0_BACKUP_ONLY,
VALIDATION_UNSEEN,False,p3_mapping_research_corpus_v1_seed_20260830,episode_iterative_stratification_v1,False,257577c116eb07064e5a3cc367b660a9eee4f5f26460b3582af2afc7205145b0,186,rosbag2_2026_08_25-09_59_22__EP0078,rosbag2_2026_08_25-09_59_22,960.620125831,1787620522846184316,36818,1,PLAN_PRIMARY,STRICT,2,18.148455945981407,-0.6844350417544801,0.20584983092576836,0.015872251144610362,-0.13759827318974346,1,3,3,3,0,IDLE,P0_BACKUP_ONLY,True,True,SAFE_STOP_AUTHORITY,,1,"[{""d_center"":-0.1332948315726933,""d_left"":-0.029957159520606756,""d_right"":-0.23663250362477978,""id"":634,""is_static"":true,""is_visible"":true,""s_center"":18.741180485868167,""s_end"":18.834951156735883,""s_start"":18.64740981500045}]",input_1ffd7b9d8dc0b6cf,ego_e7e5f1325c977b0d,obs_9cc60072db30649c,ref_4dc0768eb37d9590,1787620522789989990,23623,2,1,True,3,"{""M1"": 3}","{""FAR_SPAN"": 1, ""ZERO_BOUNDARY_SHORT"": 1, ""ZERO_BOUNDARY_SPAN"": 1}","{""footprint_track_bound"": 3}",LOC_UNKNOWN,ACCEPTABLE_NOT_A_QUALITY_LABEL,-6.444707,19.842333,0.01051570995385397,0.003041333975350967,0.0,9.836513815730807e-05,0.8228624063016136,False,False,True,PASS_IDS_AND_CANDIDATE_DIGEST_SET,RIGHT,ONE,0.20667534410417301,MEDIUM,LOW,-1.098985476941825e-16,LOW,NEAR_ZERO,IDLE__P0_BACKUP_ONLY,
VALIDATION_UNSEEN,False,p3_mapping_research_corpus_v1_seed_20260830,episode_iterative_stratification_v1,False,257577c116eb07064e5a3cc367b660a9eee4f5f26460b3582af2afc7205145b0,87,rosbag2_2026_08_25-09_59_22__EP0082,rosbag2_2026_08_25-09_59_22,1019.570122912,1787620581796181397,39112,1,PLAN_PRIMARY,STRICT,0,4.329029101812505,-0.9778536518205805,0,0.24225892190899392,0.22301286315595917,3,3,3,3,0,IDLE,P0_BACKUP_ONLY,True,True,SAFE_STOP_AUTHORITY,,2,"[{""d_center"":-0.2800283343332141,""d_left"":-0.22142917294498707,""d_right"":-0.33845276926292495,""id"":687,""is_static"":true,""is_visible"":true,""s_center"":5.464851993926221,""s_end"":5.504061343822977,""s_start"":5.425642644029464},{""d_center"":0.15073688389946946,""d_left"":0.2878542425705868,""d_right"":0.013619525228352051,""id"":690,""is_static"":true,""is_visible"":true,""s_center"":10.330159565894867,""s_end"":10.38247215896932,""s_start"":10.277846972820415}]",input_1527165b0505aaa6,ego_b55af36c4c660200,obs_5b6deb480ecfec96,ref_4dc0768eb37d9590,1787620581747797860,25655,2,1,True,3,"{""M1"": 3}","{""FAR_SPAN"": 1, ""ZERO_BOUNDARY_SHORT"": 1, ""ZERO_BOUNDARY_SPAN"": 1}","{""shifted race line exceeds left control steering curvature"": 3}",LOC_UNKNOWN,ACCEPTABLE_NOT_A_QUALITY_LABEL,1.83883,30.770098,0.0033276715158637752,-0.0009476860996875669,0.002535926990860915,0.0010441543204519066,0.8243869902172533,False,False,True,PASS_IDS_AND_CANDIDATE_DIGEST_SET,MIXED_OR_CENTER,TWO,0.27423471734223476,MEDIUM,STOPPED,0.24713265880620555,LOW,POSITIVE,IDLE__P0_BACKUP_ONLY,
VALIDATION_UNSEEN,False,p3_mapping_research_corpus_v1_seed_20260830,episode_iterative_stratification_v1,False,257577c116eb07064e5a3cc367b660a9eee4f5f26460b3582af2afc7205145b0,175,rosbag2_2026_08_25-09_59_22__EP0085,rosbag2_2026_08_25-09_59_22,1023.390284773,1787620585616343258,39250,1,PLAN_PRIMARY,STRICT,0,11.090407813677572,0.3537057290677534,4.204794956331535,0.7299201674702054,0.3805277901307281,5,5,17,5,0,IDLE,P0_BACKUP_ONLY,True,True,SAFE_STOP_AUTHORITY,,1,"[{""d_center"":0.3562674244047453,""d_left"":0.5125690718923644,""d_right"":0.1999657769171264,""id"":696,""is_static"":true,""is_visible"":true,""s_center"":11.64402354350625,""s_end"":11.753332812194838,""s_start"":11.534714274817663}]",input_86f7ffbac3fc0e87,ego_f308d6162a729cf1,obs_9c098fa4eb46330c,ref_4dc0768eb37d9590,1787620585579587518,25785,2,1,True,17,"{""M0_V1"": 12, ""M1"": 5}","{""FROZEN_V1_CURVATURE_CONTINUITY"": 12, ""NEAR_LONG"": 1, ""ZERO_BOUNDARY_SHORT"": 2, ""ZERO_BOUNDARY_SPAN"": 2}","{""quintic d-offset exceeds maximum_lateral_slope"": 2, ""shifted race line exceeds left control steering curvature"": 4, ""shifted race line exceeds right control steering curvature"": 11}",LOC_UNKNOWN,ACCEPTABLE_NOT_A_QUALITY_LABEL,15.115866,30.281149,0.03551550244589288,0.011062752650732657,0.034678993938515035,0.007662786268492872,0.9755113708550375,False,False,True,PASS_IDS_AND_CANDIDATE_DIGEST_SET,LEFT,ONE,0.3126032949752381,MEDIUM,MOVING,1.7583767631069107e-15,LOW,NEAR_ZERO,IDLE__P0_BACKUP_ONLY,
FINAL_HOLDOUT_UNSEEN,False,p3_mapping_research_corpus_v1_seed_20260830,episode_iterative_stratification_v1,False,257577c116eb07064e5a3cc367b660a9eee4f5f26460b3582af2afc7205145b0,183,rosbag2_2026_08_24-19_00_30__EP0005,rosbag2_2026_08_24-19_00_30,344.640089379,1787565974780262353,11936,1,PLAN_PRIMARY,STRICT,1,21.41656419661241,-1.128998120159746,0,0.0262744625919236,-0.027757713306088415,20,24,30,24,0,IDLE,P0_BACKUP_ONLY,True,True,SAFE_STOP_AUTHORITY,,1,"[{""d_center"":0.21386351319093114,""d_left"":0.32806637971263686,""d_right"":0.0997856423663813,""id"":0,""is_static"":true,""is_visible"":true,""s_center"":23.595856233196294,""s_end"":23.643924141870134,""s_start"":23.547788324522454}]",input_5294467843a4ff13,ego_89e1ca76dadc3ee0,obs_fabd879bcb03658b,ref_3f5d487564f4ee3d,1787565974742769189,607,2,1,True,30,"{""M0_V1"": 6, ""M1"": 24}","{""FROZEN_V1_CURVATURE_CONTINUITY"": 6, ""NEAR_BISECTED"": 19, ""NEAR_LONG"": 1, ""ZERO_BOUNDARY_SHORT"": 2, ""ZERO_BOUNDARY_SPAN"": 2}","{""footprint_track_bound"": 10, ""shifted race line exceeds left control steering curvature"": 20}",LOC_UNKNOWN,ACCEPTABLE_NOT_A_QUALITY_LABEL,-8.017204,29.759725,0.0012375552332155035,0.0005085711317802666,0.0,0.0012327798201925422,0.6905547834144081,False,False,True,PASS_IDS_AND_CANDIDATE_DIGEST_SET,LEFT,ONE,0.22828073734625556,MEDIUM,STOPPED,0.4491012925414909,MEDIUM,POSITIVE,IDLE__P0_BACKUP_ONLY,
FINAL_HOLDOUT_UNSEEN,False,p3_mapping_research_corpus_v1_seed_20260830,episode_iterative_stratification_v1,False,257577c116eb07064e5a3cc367b660a9eee4f5f26460b3582af2afc7205145b0,94,rosbag2_2026_08_24-19_00_30__EP0016,rosbag2_2026_08_24-19_00_30,445.140087209,1787566075280260183,15701,1,PLAN_PRIMARY,STRICT,0,17.139652605864345,-0.2120688930159699,0,0.42060218569393215,0.42060218569393215,2,2,8,2,0,IDLE,P0_BACKUP_ONLY,True,True,SAFE_STOP_AUTHORITY,,1,"[{""d_center"":-0.2999703864627629,""d_left"":0.03173006795405514,""d_right"":-0.631670840879581,""id"":75,""is_static"":true,""is_visible"":true,""s_center"":17.481306520672458,""s_end"":17.783718397665936,""s_start"":17.17889464367898}]",input_8dc0263662b42d71,ego_ad64495ce95d823a,obs_7a66f88b5a616c55,ref_3f5d487564f4ee3d,1787566075227208639,3993,2,1,True,8,"{""M0_V1"": 6, ""M1"": 2}","{""FROZEN_V1_CURVATURE_CONTINUITY"": 6, ""ZERO_BOUNDARY_SHORT"": 1, ""ZERO_BOUNDARY_SPAN"": 1}","{""d-offset intersects an inflated static-obstacle box"": 8}",LOC_UNKNOWN,ACCEPTABLE_NOT_A_QUALITY_LABEL,-3.359328,19.856355999999998,0.004851910244927944,-0.0008030433622159272,0.0008699314852300688,0.004773285266547966,0.8392402131109566,False,False,True,PASS_IDS_AND_CANDIDATE_DIGEST_SET,RIGHT,ONE,0.6634009088336361,WIDE,STOPPED,7.692898338592898e-16,LOW,NEAR_ZERO,IDLE__P0_BACKUP_ONLY,
FINAL_HOLDOUT_UNSEEN,False,p3_mapping_research_corpus_v1_seed_20260830,episode_iterative_stratification_v1,False,257577c116eb07064e5a3cc367b660a9eee4f5f26460b3582af2afc7205145b0,15,rosbag2_2026_08_24-19_00_30__EP0019,rosbag2_2026_08_24-19_00_30,455.470079578,1787566085610252552,16007,1,PLAN_PRIMARY,STRICT,0,17.013580301004573,-0.03351016880061364,0,0.6357578429754216,0.6283283454113832,6,6,6,6,0,IDLE,P0_BACKUP_ONLY,True,True,SAFE_STOP_AUTHORITY,,2,"[{""d_center"":-0.10799360604066018,""d_left"":0.22455016076034057,""d_right"":-0.4405373728416609,""id"":0,""is_static"":true,""is_visible"":true,""s_center"":17.405983274124797,""s_end"":17.746516353170694,""s_start"":17.0654501950789},{""d_center"":0.4878471980129419,""d_left"":0.5804106314254804,""d_right"":0.3952837646004033,""id"":2,""is_static"":true,""is_visible"":true,""s_center"":17.838277352748108,""s_end"":17.890223600338146,""s_start"":17.78633110515807}]",input_483970df06de91bc,ego_fa095fa86a7a7fcf,obs_45403c9b9c6c2316,ref_3f5d487564f4ee3d,1787566085565421974,4190,2,1,True,6,"{""M0_V2"": 4, ""M1"": 2}","{""ZERO_BOUNDARY_SHORT"": 1, ""ZERO_BOUNDARY_SPAN"": 1, ""ZERO_INTERFACE_BOUNDARY_INSET"": 1, ""ZERO_INTERFACE_CENTER_LONG_EXIT"": 1, ""ZERO_INTERFACE_QUARTER_LONG_EXIT"": 1, ""ZERO_INTERFACE_QUARTER_SCALE"": 1}","{""shifted race line exceeds right control steering curvature"": 6}",LOC_UNKNOWN,ACCEPTABLE_NOT_A_QUALITY_LABEL,14.612541,29.464818,0.0002251605479601428,0.0001926755969743621,0.0,0.00018525566708323116,0.6684618948343757,False,False,True,PASS_IDS_AND_CANDIDATE_DIGEST_SET,MIXED_OR_CENTER,TWO,0.6650875336020015,WIDE,STOPPED,7.692898338592898e-16,LOW,NEAR_ZERO,IDLE__P0_BACKUP_ONLY,
FINAL_HOLDOUT_UNSEEN,False,p3_mapping_research_corpus_v1_seed_20260830,episode_iterative_stratification_v1,False,257577c116eb07064e5a3cc367b660a9eee4f5f26460b3582af2afc7205145b0,18,rosbag2_2026_08_24-19_00_30__EP0029,rosbag2_2026_08_24-19_00_30,501.450112467,1787566131590285441,17771,1,PLAN_PRIMARY,STRICT,0,4.922507771213426,-0.27522652973283407,0,0.6713352718944815,0.6096120520635968,3,3,9,3,0,IDLE,P0_BACKUP_ONLY,True,True,SAFE_STOP_AUTHORITY,,1,"[{""d_center"":-0.14782175655567578,""d_left"":-0.138696582755096,""d_right"":-0.15699712233305096,""id"":56,""is_static"":true,""is_visible"":true,""s_center"":5.092308669654794,""s_end"":5.102281193735059,""s_start"":5.082336145574529}]",input_a6d9118c3ddd583a,ego_bc294a4dfb1445d4,obs_836f7a40878bfcb8,ref_3f5d487564f4ee3d,1787566131557708193,5705,2,1,True,9,"{""M0_V1"": 6, ""M1"": 3}","{""FROZEN_V1_CURVATURE_CONTINUITY"": 6, ""NEAR_LONG"": 1, ""ZERO_BOUNDARY_SHORT"": 1, ""ZERO_BOUNDARY_SPAN"": 1}","{""footprint_track_bound"": 4, ""shifted race line exceeds left control steering curvature"": 4, ""shifted race line exceeds right control steering curvature"": 1}",LOC_UNKNOWN,ACCEPTABLE_NOT_A_QUALITY_LABEL,-12.811164999999999,19.99998,0.0017439218534097483,0.0007662084912600092,0.0,0.0017407188220140979,0.6684618948343757,False,False,True,PASS_IDS_AND_CANDIDATE_DIGEST_SET,RIGHT,ONE,0.018300539577954966,NARROW,STOPPED,0.24645390860160377,LOW,POSITIVE,IDLE__P0_BACKUP_ONLY,
FINAL_HOLDOUT_UNSEEN,False,p3_mapping_research_corpus_v1_seed_20260830,episode_iterative_stratification_v1,False,257577c116eb07064e5a3cc367b660a9eee4f5f26460b3582af2afc7205145b0,82,rosbag2_2026_08_24-19_00_30__EP0031,rosbag2_2026_08_24-19_00_30,502.010116121,1787566132150289095,17789,1,PLAN_PRIMARY,STRICT,0,4.8737508053964955,-0.312400005960719,0,0.5734114110463863,0.5715925129888699,3,3,9,3,0,IDLE,P0_BACKUP_ONLY,True,True,SAFE_STOP_AUTHORITY,,1,"[{""d_center"":-0.17892131993294627,""d_left"":-0.16850937275270456,""d_right"":-0.18940850055908937,""id"":56,""is_static"":true,""is_visible"":true,""s_center"":5.0380983454770885,""s_end"":5.049147791202598,""s_start"":5.027048899751579}]",input_bfd8f247b10671d4,ego_15cc2b8a67a0dcb1,obs_62f428cc9cb227dc,ref_3f5d487564f4ee3d,1787566132107411529,5722,2,1,True,9,"{""M0_V1"": 6, ""M1"": 3}","{""FROZEN_V1_CURVATURE_CONTINUITY"": 6, ""NEAR_LONG"": 1, ""ZERO_BOUNDARY_SHORT"": 1, ""ZERO_BOUNDARY_SPAN"": 1}","{""footprint_track_bound"": 4, ""quintic d-offset exceeds maximum_lateral_slope"": 1, ""shifted race line exceeds left control steering curvature"": 4}",LOC_UNKNOWN,ACCEPTABLE_NOT_A_QUALITY_LABEL,6.708705,30.27721,0.0007558466301417874,0.0004362678001367942,0.0006485964041686998,0.000291306910517819,0.809966411860088,False,False,True,PASS_IDS_AND_CANDIDATE_DIGEST_SET,RIGHT,ONE,0.02089912780638481,NARROW,STOPPED,0.24607367480059747,LOW,POSITIVE,IDLE__P0_BACKUP_ONLY,
FINAL_HOLDOUT_UNSEEN,False,p3_mapping_research_corpus_v1_seed_20260830,episode_iterative_stratification_v1,False,257577c116eb07064e5a3cc367b660a9eee4f5f26460b3582af2afc7205145b0,23,rosbag2_2026_08_24-19_00_30__EP0036,rosbag2_2026_08_24-19_00_30,503.270083849,1787566133410256823,17822,1,PLAN_PRIMARY,STRICT,0,4.874404309011335,-0.2884996175499323,0,0.6070648504517377,0.6070648504517377,1,1,7,1,0,IDLE,P0_BACKUP_ONLY,True,True,SAFE_STOP_AUTHORITY,,1,"[{""d_center"":-0.15666230654735272,""d_left"":-0.1437936800776562,""d_right"":-0.16962237543613012,""id"":56,""is_static"":true,""is_visible"":true,""s_center"":5.0392373169536375,""s_end"":5.052290619954523,""s_start"":5.026184013952752}]",input_ee9933ffad7509bd,ego_fd5d0a3f84081308,obs_5a4596c493f02342,ref_3f5d487564f4ee3d,1787566133357418604,5754,2,1,True,7,"{""M0_V1"": 6, ""M1"": 1}","{""FROZEN_V1_CURVATURE_CONTINUITY"": 6, ""NEAR_LONG"": 1}","{""footprint_track_bound"": 4, ""quintic d-offset exceeds maximum_lateral_slope"": 3}",LOC_UNKNOWN,ACCEPTABLE_NOT_A_QUALITY_LABEL,-3.743908,19.151655,0.00028569390845191656,-5.8733025861623656e-05,0.0,0.00027039380173460303,0.6684618948343757,False,False,True,PASS_IDS_AND_CANDIDATE_DIGEST_SET,RIGHT,ONE,0.02582869535847393,NARROW,STOPPED,0.24607367480059747,LOW,POSITIVE,IDLE__P0_BACKUP_ONLY,
FINAL_HOLDOUT_UNSEEN,False,p3_mapping_research_corpus_v1_seed_20260830,episode_iterative_stratification_v1,False,257577c116eb07064e5a3cc367b660a9eee4f5f26460b3582af2afc7205145b0,25,rosbag2_2026_08_24-19_00_30__EP0042,rosbag2_2026_08_24-19_00_30,505.200080438,1787566135340253412,17868,1,PLAN_PRIMARY,STRICT,0,4.859351715197649,-0.20736769166272326,0,0.672015549763218,0.6669086779032298,3,3,9,3,0,IDLE,P0_BACKUP_ONLY,True,True,SAFE_STOP_AUTHORITY,,2,"[{""d_center"":0.6037984345126389,""d_left"":0.7777227440737017,""d_right"":0.4289824239728687,""id"":54,""is_static"":true,""is_visible"":true,""s_center"":4.952782272976198,""s_end"":5.117372941315054,""s_start"":4.788191604637342},{""d_center"":-0.0758433174920746,""d_left"":-0.06360799957980351,""d_right"":-0.08817371407293048,""id"":56,""is_static"":true,""is_visible"":true,""s_center"":5.030264830803103,""s_end"":5.042127668929526,""s_start"":5.018401992676679}]",input_a330c2b5b30efd30,ego_4b22def9d114d5cb,obs_da4a70841917408e,ref_3f5d487564f4ee3d,1787566135306874342,5796,2,1,True,9,"{""M0_V1"": 6, ""M1"": 3}","{""FROZEN_V1_CURVATURE_CONTINUITY"": 6, ""NEAR_LONG"": 1, ""ZERO_BOUNDARY_SHORT"": 1, ""ZERO_BOUNDARY_SPAN"": 1}","{""footprint_track_bound"": 4, ""quintic d-offset exceeds maximum_lateral_slope"": 1, ""shifted race line exceeds left control steering curvature"": 4}",LOC_UNKNOWN,ACCEPTABLE_NOT_A_QUALITY_LABEL,-9.732142,24.148785999999998,0.00044275225951574123,9.82363360263888e-05,0.0,0.0003024514414944335,0.6684618948343757,False,False,True,PASS_IDS_AND_CANDIDATE_DIGEST_SET,MIXED_OR_CENTER,TWO,0.348740320100833,MEDIUM,STOPPED,0.24607367480059747,LOW,POSITIVE,IDLE__P0_BACKUP_ONLY,
FINAL_HOLDOUT_UNSEEN,False,p3_mapping_research_corpus_v1_seed_20260830,episode_iterative_stratification_v1,False,257577c116eb07064e5a3cc367b660a9eee4f5f26460b3582af2afc7205145b0,40,rosbag2_2026_08_24-19_00_30__EP0044,rosbag2_2026_08_24-19_00_30,505.550086153,1787566135690259127,17876,1,PLAN_PRIMARY,STRICT,0,4.879696794841131,-0.18148890207178855,0.3564378580182001,0.6732587800303287,0.6732587800303287,1,1,7,1,0,IDLE,P0_BACKUP_ONLY,True,True,SAFE_STOP_AUTHORITY,,2,"[{""d_center"":0.5985909259028518,""d_left"":0.7549976384243697,""d_right"":0.44157810728366925,""id"":54,""is_static"":true,""is_visible"":true,""s_center"":4.9350886759666075,""s_end"":5.085619035792355,""s_start"":4.78455831614086},{""d_center"":-0.05451365412658993,""d_left"":-0.04189769056380116,""d_right"":-0.06719705215025987,""id"":56,""is_static"":true,""is_visible"":true,""s_center"":5.04160858139794,""s_end"":5.052923663386741,""s_start"":5.030293499409138}]",input_f97ad6f43355a2bc,ego_7c8a4df6f7b88258,obs_ed7dc58d6efecad1,ref_3f5d487564f4ee3d,1787566135636808647,5804,2,1,True,7,"{""M0_V1"": 6, ""M1"": 1}","{""FROZEN_V1_CURVATURE_CONTINUITY"": 6, ""NEAR_LONG"": 1}","{""footprint_track_bound"": 4, ""quintic d-offset exceeds maximum_lateral_slope"": 1, ""shifted race line exceeds left control steering curvature"": 2}",LOC_UNKNOWN,ACCEPTABLE_NOT_A_QUALITY_LABEL,-3.286821,29.127648,0.006733055731105353,-9.500580705219808e-05,0.0,0.003285206585333489,0.6820511335668993,False,False,True,PASS_IDS_AND_CANDIDATE_DIGEST_SET,MIXED_OR_CENTER,TWO,0.3134195311407005,MEDIUM,LOW,0.24607367480059747,LOW,POSITIVE,IDLE__P0_BACKUP_ONLY,
FINAL_HOLDOUT_UNSEEN,False,p3_mapping_research_corpus_v1_seed_20260830,episode_iterative_stratification_v1,False,257577c116eb07064e5a3cc367b660a9eee4f5f26460b3582af2afc7205145b0,70,rosbag2_2026_08_24-19_00_30__EP0058,rosbag2_2026_08_24-19_00_30,543.540085998,1787566173680258972,19378,1,PLAN_PRIMARY,STRICT,0,0.9768924351918771,0.20559059232685817,0,0.6324407677853383,0.6324407677853383,2,2,2,2,0,IDLE,P0_BACKUP_ONLY,True,True,SAFE_STOP_AUTHORITY,,3,"[{""d_center"":0.26270374265594665,""d_left"":0.3700832320832788,""d_right"":0.1552230287722708,""id"":76,""is_static"":true,""is_visible"":true,""s_center"":4.155348867895741,""s_end"":4.264852614627454,""s_start"":4.045845121164028},{""d_center"":0.23951226844594614,""d_left"":0.2536851104810297,""d_right"":0.2244284914845295,""id"":79,""is_static"":true,""is_visible"":true,""s_center"":1.2336854056963649,""s_end"":1.242836743809824,""s_start"":1.2245340675829057},{""d_center"":-0.3255992981866384,""d_left"":-0.22527408663786197,""d_right"":-0.424177835131058,""id"":85,""is_static"":true,""is_visible"":true,""s_center"":1.4659178534123398,""s_end"":1.6083621211313275,""s_start"":1.3234735856933522}]",input_6f99a6f8285a26e0,ego_05793759d9e9f147,obs_b3b2e9529096cf1a,ref_3f5d487564f4ee3d,1787566173640282067,7150,2,1,True,2,"{""M1"": 2}","{""ZERO_BOUNDARY_SHORT"": 1, ""ZERO_BOUNDARY_SPAN"": 1}","{""shifted race line exceeds right control steering curvature"": 2}",LOC_UNKNOWN,ACCEPTABLE_NOT_A_QUALITY_LABEL,11.051493,31.626166999999995,0.0004891532416383186,-0.0004946592267423,0.0003412472593200544,0.0003680744883527154,0.7844567987028028,False,False,True,PASS_IDS_AND_CANDIDATE_DIGEST_SET,MIXED_OR_CENTER,THREE_PLUS,0.21486020331100802,MEDIUM,STOPPED,0.6926792346629709,MEDIUM,POSITIVE,IDLE__P0_BACKUP_ONLY,
FINAL_HOLDOUT_UNSEEN,False,p3_mapping_research_corpus_v1_seed_20260830,episode_iterative_stratification_v1,False,257577c116eb07064e5a3cc367b660a9eee4f5f26460b3582af2afc7205145b0,165,rosbag2_2026_08_24-19_00_30__EP0062,rosbag2_2026_08_24-19_00_30,548.070106921,1787566178210279895,19551,1,PLAN_PRIMARY,STRICT,0,0.7940984003366969,0.1041973543770102,0,0.5473909870183593,0.5473909870183593,2,2,2,2,0,IDLE,P0_BACKUP_ONLY,True,True,SAFE_STOP_AUTHORITY,,3,"[{""d_center"":0.16447047085157412,""d_left"":0.1808166455736904,""d_right"":0.14801386384602852,""id"":79,""is_static"":true,""is_visible"":true,""s_center"":1.031364584534148,""s_end"":1.0431045877242895,""s_start"":1.0196245813440064},{""d_center"":-0.38858669022864434,""d_left"":-0.27484857251434347,""d_right"":-0.5093523750094058,""id"":85,""is_static"":true,""is_visible"":true,""s_center"":1.2937758983131296,""s_end"":1.4468840585416456,""s_start"":1.1406677380846135},{""d_center"":-0.989221951307652,""d_left"":-0.9365638061226426,""d_right"":-1.0425656761380095,""id"":91,""is_static"":true,""is_visible"":false,""s_center"":5.358679962468835,""s_end"":5.462612584848341,""s_start"":5.254747340089328}]",input_8c20cf8dc97fe9d6,ego_4e7f8fcc2149672e,obs_ed46645edf8344cb,ref_3f5d487564f4ee3d,1787566178169510006,7304,2,1,True,2,"{""M1"": 2}","{""ZERO_BOUNDARY_SHORT"": 1, ""ZERO_BOUNDARY_SPAN"": 1}","{""shifted race line exceeds right control steering curvature"": 2}",LOC_UNKNOWN,ACCEPTABLE_NOT_A_QUALITY_LABEL,9.457889,30.886369000000002,0.014109860739196607,-0.0018973546721370305,0.012348356459991883,0.0074677546295500025,0.9596652768126014,False,False,True,PASS_IDS_AND_CANDIDATE_DIGEST_SET,MIXED_OR_CENTER,THREE_PLUS,0.2345038024950623,MEDIUM,STOPPED,0.659405264656562,MEDIUM,POSITIVE,IDLE__P0_BACKUP_ONLY,
FINAL_HOLDOUT_UNSEEN,False,p3_mapping_research_corpus_v1_seed_20260830,episode_iterative_stratification_v1,False,257577c116eb07064e5a3cc367b660a9eee4f5f26460b3582af2afc7205145b0,79,rosbag2_2026_08_24-19_00_30__EP0072,rosbag2_2026_08_24-19_00_30,554.520097442,1787566184660270416,19759,1,PLAN_PRIMARY,STRICT,0,0.9880059229218259,0.238389986092988,0,0.7329380801995172,0.6895354931976715,2,2,2,2,0,IDLE,P0_BACKUP_ONLY,True,True,SAFE_STOP_AUTHORITY,,4,"[{""d_center"":0.26993143163936767,""d_left"":0.28207161013296395,""d_right"":0.2566069140177835,""id"":79,""is_static"":true,""is_visible"":true,""s_center"":1.2462713666123475,""s_end"":1.2544957875462797,""s_start"":1.2380469456784153},{""d_center"":-0.29893297256465623,""d_left"":-0.19980826186408152,""d_right"":-0.3977410946113888,""id"":85,""is_static"":true,""is_visible"":true,""s_center"":1.4803577420532317,""s_end"":1.6205741433119474,""s_start"":1.340141340794516},{""d_center"":0.2755627841527702,""d_left"":0.3660751137666738,""d_right"":0.1846186766060388,""id"":79,""is_static"":true,""is_visible"":true,""s_center"":4.179843948886994,""s_end"":4.279110787251301,""s_start"":4.080577110522687},{""d_center"":-0.6507987384861438,""d_left"":-0.5091778544729211,""d_right"":-0.7921711330249888,""id"":96,""is_static"":true,""is_visible"":true,""s_center"":5.892771548868302,""s_end"":5.996028561246522,""s_start"":5.789514536490081}]",input_9af83c7d2e6da836,ego_e5e985ca73683594,obs_680cf9a86fa23d2f,ref_3f5d487564f4ee3d,1787566184593236671,7480,2,1,True,2,"{""M1"": 2}","{""ZERO_BOUNDARY_SHORT"": 1, ""ZERO_BOUNDARY_SPAN"": 1}","{""d-offset intersects an inflated static-obstacle box"": 1, ""shifted race line exceeds left control steering curvature"": 1}",LOC_UNKNOWN,ACCEPTABLE_NOT_A_QUALITY_LABEL,12.832912,30.043498,0.0006975342491424435,0.0007129834062815643,0.0,9.335229481932661e-05,0.8011640027797081,False,False,True,PASS_IDS_AND_CANDIDATE_DIGEST_SET,MIXED_OR_CENTER,THREE_PLUS,0.2829932785520677,MEDIUM,STOPPED,0.6926792346629709,MEDIUM,POSITIVE,IDLE__P0_BACKUP_ONLY,
FINAL_HOLDOUT_UNSEEN,False,p3_mapping_research_corpus_v1_seed_20260830,episode_iterative_stratification_v1,False,257577c116eb07064e5a3cc367b660a9eee4f5f26460b3582af2afc7205145b0,168,rosbag2_2026_08_24-19_00_30__EP0074,rosbag2_2026_08_24-19_00_30,555.690261954,1787566185830434928,19805,1,PLAN_PRIMARY,STRICT,0,0.9790570530790996,0.22068620965791827,0,0.7175092031102532,0.6007504887356615,6,6,6,6,0,IDLE,P0_BACKUP_ONLY,True,True,SAFE_STOP_AUTHORITY,,3,"[{""d_center"":0.25136665198818986,""d_left"":0.2633526743081641,""d_right"":0.2385087876532449,""id"":79,""is_static"":true,""is_visible"":true,""s_center"":1.2356155533409505,""s_end"":1.242719282061724,""s_start"":1.228511824620177},{""d_center"":-0.32781154709621596,""d_left"":-0.22157866578504937,""d_right"":-0.43281873861773423,""id"":85,""is_static"":true,""is_visible"":true,""s_center"":1.4506311452084861,""s_end"":1.5936217844407998,""s_start"":1.3076405059761724},{""d_center"":0.18012526374535692,""d_left"":0.27624695513631514,""d_right"":0.08419915887719172,""id"":79,""is_static"":true,""is_visible"":true,""s_center"":4.119048620601472,""s_end"":4.222294175585548,""s_start"":4.015803065617396}]",input_00c8d8b06d9195a7,ego_32e9b3260a8ef053,obs_8b71cbca58eb121c,ref_3f5d487564f4ee3d,1787566185779163199,7518,2,1,True,6,"{""M0_V2"": 4, ""M1"": 2}","{""ZERO_BOUNDARY_SHORT"": 1, ""ZERO_BOUNDARY_SPAN"": 1, ""ZERO_INTERFACE_BOUNDARY_INSET"": 1, ""ZERO_INTERFACE_CENTER_LONG_EXIT"": 1, ""ZERO_INTERFACE_QUARTER_LONG_EXIT"": 1, ""ZERO_INTERFACE_QUARTER_SCALE"": 1}","{""quintic d-offset exceeds maximum_lateral_slope"": 1, ""shifted race line exceeds left control steering curvature"": 4, ""shifted race line exceeds right control steering curvature"": 1}",LOC_UNKNOWN,ACCEPTABLE_NOT_A_QUALITY_LABEL,-0.644242,30.975512000000002,0.002156064421864328,-0.0009152723869552126,0.00017130912164553536,0.0021632984876749917,0.9648482742645356,False,False,True,PASS_IDS_AND_CANDIDATE_DIGEST_SET,MIXED_OR_CENTER,THREE_PLUS,0.21124007283268487,MEDIUM,STOPPED,0.6926792346629709,MEDIUM,POSITIVE,IDLE__P0_BACKUP_ONLY,
FINAL_HOLDOUT_UNSEEN,False,p3_mapping_research_corpus_v1_seed_20260830,episode_iterative_stratification_v1,False,257577c116eb07064e5a3cc367b660a9eee4f5f26460b3582af2afc7205145b0,176,rosbag2_2026_08_24-19_00_30__EP0078,rosbag2_2026_08_24-19_00_30,589.140083577,1787566219280256551,21141,1,PLAN_PRIMARY,STRICT,0,2.23566486094281,-0.8230760777669398,0,0.0086621940730243,0.0086621940730243,2,2,2,2,0,IDLE,P0_BACKUP_ONLY,True,True,SAFE_STOP_AUTHORITY,,1,"[{""d_center"":0.47262933835224663,""d_left"":0.8810656302866501,""d_right"":0.06451651906656872,""id"":107,""is_static"":true,""is_visible"":true,""s_center"":2.6468532941733818,""s_end"":3.0449525870207217,""s_start"":2.248754001326042}]",input_0c23ae7260e05fbd,ego_dbfd1e26bf42e688,obs_315d5166197a0abf,ref_3f5d487564f4ee3d,1787566219226521894,8718,2,1,True,2,"{""M1"": 2}","{""ZERO_BOUNDARY_SHORT"": 1, ""ZERO_BOUNDARY_SPAN"": 1}","{""shifted race line exceeds left control steering curvature"": 2}",LOC_UNKNOWN,ACCEPTABLE_NOT_A_QUALITY_LABEL,-2.084969,19.788785,0.03806521439467289,-0.00599068829706917,0.028659314192786667,0.00140328309455362,0.9760829279592309,False,False,True,PASS_IDS_AND_CANDIDATE_DIGEST_SET,LEFT,ONE,0.8165491112200813,WIDE,STOPPED,0.3815893470970062,MEDIUM,POSITIVE,IDLE__P0_BACKUP_ONLY,
FINAL_HOLDOUT_UNSEEN,False,p3_mapping_research_corpus_v1_seed_20260830,episode_iterative_stratification_v1,False,257577c116eb07064e5a3cc367b660a9eee4f5f26460b3582af2afc7205145b0,171,rosbag2_2026_08_24-19_00_30__EP0082,rosbag2_2026_08_24-19_00_30,590.540089017,1787566220680261991,21185,1,PLAN_PRIMARY,STRICT,0,3.4399520627563085,-0.16906833551271475,3.047437375510184,0.4774611557374349,0.2748496074660522,22,22,26,22,0,IDLE,P0_BACKUP_ONLY,True,True,SAFE_STOP_AUTHORITY,,1,"[{""d_center"":-0.36854585730739964,""d_left"":-0.20641310061518472,""d_right"":-0.5323076086129759,""id"":107,""is_static"":true,""is_visible"":true,""s_center"":4.476218090012165,""s_end"":4.668739537810499,""s_start"":4.283696642213831}]",input_96514840d64d761a,ego_8c321a0544ae9757,obs_07a5aee8002ef435,ref_3f5d487564f4ee3d,1787566220625594051,8760,2,1,True,26,"{""M0_V1"": 10, ""M0_V2"": 10, ""M1"": 6}","{""BRANCH_AWARE_ANALYTIC_ROOT"": 2, ""FROZEN_V1_CURVATURE_CONTINUITY"": 10, ""NEAR_LONG"": 2, ""ZERO_BOUNDARY_SHORT"": 2, ""ZERO_BOUNDARY_SPAN"": 2, ""ZERO_INTERFACE_BOUNDARY_INSET"": 2, ""ZERO_INTERFACE_CENTER_LONG_EXIT"": 2, ""ZERO_INTERFACE_QUARTER_LONG_EXIT"": 2, ""ZERO_INTERFACE_QUARTER_SCALE"": 2}","{""quintic d-offset exceeds maximum_lateral_slope"": 1, ""shifted race line exceeds left control steering curvature"": 12, ""shifted race line exceeds right control steering curvature"": 13}",LOC_UNKNOWN,ACCEPTABLE_NOT_A_QUALITY_LABEL,6.048952,28.648028999999998,0.07386949446490927,0.0005479135078503838,0.0,0.03201851396996491,0.9688441047023396,False,False,True,PASS_IDS_AND_CANDIDATE_DIGEST_SET,RIGHT,ONE,0.3258945079977912,MEDIUM,MOVING,0.2822529023736895,MEDIUM,POSITIVE,IDLE__P0_BACKUP_ONLY,
FINAL_HOLDOUT_UNSEEN,False,p3_mapping_research_corpus_v1_seed_20260830,episode_iterative_stratification_v1,False,257577c116eb07064e5a3cc367b660a9eee4f5f26460b3582af2afc7205145b0,66,rosbag2_2026_08_24-19_00_30__EP0086,rosbag2_2026_08_24-19_00_30,659.660233304,1787566289800406278,23846,1,PLAN_PRIMARY,STRICT,0,1.1680774203424407,-0.09935635108856092,0,0.409250535110253,0.409250535110253,2,2,2,2,0,IDLE,P0_BACKUP_ONLY,True,True,SAFE_STOP_AUTHORITY,,2,"[{""d_center"":-0.05917505098139432,""d_left"":0.050807028482427616,""d_right"":-0.16915713044521746,""id"":153,""is_static"":true,""is_visible"":true,""s_center"":3.6030129443091186,""s_end"":3.7150584291730375,""s_start"":3.4909674594451996},{""d_center"":-0.2162577184738526,""d_left"":-0.10091053560007168,""d_right"":-0.3298023087538917,""id"":155,""is_static"":true,""is_visible"":true,""s_center"":1.4552382055357842,""s_end"":1.55034722341201,""s_start"":1.3601291876595585}]",input_fb10fa4d7c00482e,ego_2416abe74e068cdd,obs_ae59ccb6b63ef404,ref_3f5d487564f4ee3d,1787566289761572776,10302,2,1,True,2,"{""M1"": 2}","{""ZERO_BOUNDARY_SHORT"": 1, ""ZERO_BOUNDARY_SPAN"": 1}","{""shifted race line exceeds right control steering curvature"": 2}",LOC_UNKNOWN,ACCEPTABLE_NOT_A_QUALITY_LABEL,12.386695,29.911518,0.003361710264332343,0.007400428311674423,0.0,0.0003210009778031181,0.7743000260590092,False,False,True,PASS_IDS_AND_CANDIDATE_DIGEST_SET,RIGHT,TWO,0.22889177315382003,MEDIUM,STOPPED,0.6636512270917774,MEDIUM,POSITIVE,IDLE__P0_BACKUP_ONLY,
FINAL_HOLDOUT_UNSEEN,False,p3_mapping_research_corpus_v1_seed_20260830,episode_iterative_stratification_v1,False,257577c116eb07064e5a3cc367b660a9eee4f5f26460b3582af2afc7205145b0,130,rosbag2_2026_08_24-19_00_30__EP0095,rosbag2_2026_08_24-19_00_30,690.240079715,1787566320380252689,25070,1,PLAN_PRIMARY,STRICT,0,1.4038725490248167,0.6836238914522003,0,0.23340743884896964,0.1298705035693284,3,3,3,3,0,IDLE,P0_BACKUP_ONLY,True,True,SAFE_STOP_AUTHORITY,,1,"[{""d_center"":-0.15181573724733285,""d_left"":-0.03088210079118161,""d_right"":-0.27637035886577466,""id"":153,""is_static"":true,""is_visible"":true,""s_center"":2.5570292579221725,""s_end"":2.7349192272922123,""s_start"":2.3791392885521327}]",input_e79bda9201f7b4da,ego_541593a8dad21119,obs_038d9da2ea69d92b,ref_3f5d487564f4ee3d,1787566320310347136,10921,2,1,True,3,"{""M1"": 3}","{""FAR_SPAN"": 1, ""ZERO_BOUNDARY_SHORT"": 1, ""ZERO_BOUNDARY_SPAN"": 1}","{""shifted race line exceeds left control steering curvature"": 1, ""shifted race line exceeds right control steering curvature"": 2}",LOC_UNKNOWN,ACCEPTABLE_NOT_A_QUALITY_LABEL,-0.24708100000000002,29.91964,0.005750100412281166,0.002233117168898069,0.0034183693955516237,0.0054642449774334745,0.9030866342367385,False,False,True,PASS_IDS_AND_CANDIDATE_DIGEST_SET,RIGHT,ONE,0.24548825807459304,MEDIUM,STOPPED,0.605537730392042,MEDIUM,POSITIVE,IDLE__P0_BACKUP_ONLY,
FINAL_HOLDOUT_UNSEEN,False,p3_mapping_research_corpus_v1_seed_20260830,episode_iterative_stratification_v1,False,257577c116eb07064e5a3cc367b660a9eee4f5f26460b3582af2afc7205145b0,153,rosbag2_2026_08_24-19_00_30__EP0097,rosbag2_2026_08_24-19_00_30,778.620120181,1787566408760293155,28604,1,PLAN_PRIMARY,STRICT,0,38.756840224315596,-0.21260838175643285,0,0.14789490052352997,0.14789490052352997,1,1,7,1,0,IDLE,P0_BACKUP_ONLY,True,True,SAFE_STOP_AUTHORITY,,1,"[{""d_center"":-0.14222988997674055,""d_left"":-0.1322513669948047,""d_right"":-0.15222195025427881,""id"":185,""is_static"":true,""is_visible"":true,""s_center"":38.98231061409708,""s_end"":38.99402348795233,""s_start"":38.97059774024183}]",input_a1692048ef5ff55e,ego_e101aef9d8b1c9e3,obs_92cd75ecf66f8a2e,ref_3f5d487564f4ee3d,1787566408705878935,12061,2,1,True,7,"{""M0_V1"": 6, ""M1"": 1}","{""FROZEN_V1_CURVATURE_CONTINUITY"": 6, ""NEAR_LONG"": 1}","{""footprint_track_bound"": 5, ""shifted race line exceeds left control steering curvature"": 2}",LOC_UNKNOWN,ACCEPTABLE_NOT_A_QUALITY_LABEL,-2.218055,30.632326000000003,0.013374228226783153,-0.0010079954713915207,0.007663466963634846,0.011179708028274282,0.940033588139912,False,False,True,PASS_IDS_AND_CANDIDATE_DIGEST_SET,RIGHT,ONE,0.019970583259474123,NARROW,STOPPED,-0.26122816555404177,MEDIUM,NEGATIVE,IDLE__P0_BACKUP_ONLY,
FINAL_HOLDOUT_UNSEEN,False,p3_mapping_research_corpus_v1_seed_20260830,episode_iterative_stratification_v1,False,257577c116eb07064e5a3cc367b660a9eee4f5f26460b3582af2afc7205145b0,101,rosbag2_2026_08_24-19_00_30__EP0106,rosbag2_2026_08_24-19_00_30,937.840200134,1787566567980373108,34679,1,PLAN_PRIMARY,STRICT,0,14.916975975232289,0.3064518617696049,0,0.49587570178603524,0.3524669603202846,15,15,15,15,0,IDLE,P0_BACKUP_ONLY,True,True,SAFE_STOP_AUTHORITY,,2,"[{""d_center"":0.35634854974249197,""d_left"":0.5619185369875216,""d_right"":0.15077856249746238,""id"":227,""is_static"":true,""is_visible"":true,""s_center"":16.53252109938455,""s_end"":16.837049153783404,""s_start"":16.227993044985695},{""d_center"":0.445587251298579,""d_left"":0.5013142904489106,""d_right"":0.38986021214824756,""id"":228,""is_static"":true,""is_visible"":true,""s_center"":15.055240319381136,""s_end"":15.107874710614517,""s_start"":15.002605928147755}]",input_f98648361c3396c1,ego_d9fe3d6712749785,obs_2210ec32999a8913,ref_3f5d487564f4ee3d,1787566567933986015,13951,2,1,True,15,"{""M0_V1"": 6, ""M0_V2"": 5, ""M1"": 4}","{""BRANCH_AWARE_ANALYTIC_ROOT"": 1, ""FAR_SPAN"": 1, ""FROZEN_V1_CURVATURE_CONTINUITY"": 6, ""NEAR_LONG"": 1, ""ZERO_BOUNDARY_SHORT"": 1, ""ZERO_BOUNDARY_SPAN"": 1, ""ZERO_INTERFACE_BOUNDARY_INSET"": 1, ""ZERO_INTERFACE_CENTER_LONG_EXIT"": 1, ""ZERO_INTERFACE_QUARTER_LONG_EXIT"": 1, ""ZERO_INTERFACE_QUARTER_SCALE"": 1}","{""d-offset intersects an inflated static-obstacle box"": 15}",LOC_UNKNOWN,ACCEPTABLE_NOT_A_QUALITY_LABEL,2.6597109999999997,29.668613999999998,0.0012956690226009968,-8.858349056738851e-05,0.0012067550127188298,0.0004716996453322797,0.8554262219133658,False,False,True,PASS_IDS_AND_CANDIDATE_DIGEST_SET,LEFT,TWO,0.41113997449005923,MEDIUM,STOPPED,9.890869292476419e-16,LOW,NEAR_ZERO,IDLE__P0_BACKUP_ONLY,
FINAL_HOLDOUT_UNSEEN,False,p3_mapping_research_corpus_v1_seed_20260830,episode_iterative_stratification_v1,False,257577c116eb07064e5a3cc367b660a9eee4f5f26460b3582af2afc7205145b0,63,rosbag2_2026_08_24-19_00_30__EP0109,rosbag2_2026_08_24-19_00_30,939.220107808,1787566569360280782,34712,1,PLAN_PRIMARY,STRICT,0,14.84530715167267,0.5161085831573536,0,0.26103919503076567,0.20504103845984023,7,7,7,7,0,IDLE,P0_BACKUP_ONLY,True,True,SAFE_STOP_AUTHORITY,,3,"[{""d_center"":-0.043918045776236786,""d_left"":0.005709268818433151,""d_right"":-0.09354536037090672,""id"":221,""is_static"":true,""is_visible"":false,""s_center"":20.779119169336422,""s_end"":20.796509348084008,""s_start"":20.761728990588836},{""d_center"":0.48051801957288603,""d_left"":0.8161733031745486,""d_right"":0.14486273597122323,""id"":228,""is_static"":true,""is_visible"":true,""s_center"":16.395828233186858,""s_end"":16.63670969803197,""s_start"":16.154946768341745},{""d_center"":-0.5863069479860881,""d_left"":-0.5337662712167996,""d_right"":-0.6386608300151069,""id"":234,""is_static"":true,""is_visible"":false,""s_center"":20.631439246117083,""s_end"":20.642766836375205,""s_start"":20.62011165585896}]",input_9c5811cca4f748ec,ego_601bd56c665f84cc,obs_bffd68e5b1287f24,ref_3f5d487564f4ee3d,1787566569307608921,13982,2,1,True,7,"{""M0_V2"": 4, ""M1"": 3}","{""FAR_SPAN"": 1, ""ZERO_BOUNDARY_SHORT"": 1, ""ZERO_BOUNDARY_SPAN"": 1, ""ZERO_INTERFACE_BOUNDARY_INSET"": 1, ""ZERO_INTERFACE_CENTER_LONG_EXIT"": 1, ""ZERO_INTERFACE_QUARTER_LONG_EXIT"": 1, ""ZERO_INTERFACE_QUARTER_SCALE"": 1}","{""shifted race line exceeds right control steering curvature"": 7}",LOC_UNKNOWN,ACCEPTABLE_NOT_A_QUALITY_LABEL,-3.152835,30.115064,0.0021683208433016777,0.0033418786082613436,0.0007075845574160411,0.0020496193240701066,0.7682707899003938,False,False,True,PASS_IDS_AND_CANDIDATE_DIGEST_SET,MIXED_OR_CENTER,THREE_PLUS,0.6713105672033254,WIDE,STOPPED,9.890869292476419e-16,LOW,NEAR_ZERO,IDLE__P0_BACKUP_ONLY,
FINAL_HOLDOUT_UNSEEN,False,p3_mapping_research_corpus_v1_seed_20260830,episode_iterative_stratification_v1,False,257577c116eb07064e5a3cc367b660a9eee4f5f26460b3582af2afc7205145b0,136,rosbag2_2026_08_24-19_24_17__EP0012,rosbag2_2026_08_24-19_24_17,282.830188042,1787567340570722327,11301,1,PLAN_PRIMARY,STRICT,0,19.582752600891073,0.24176575034312928,0,0.413582760585851,0.413582760585851,2,2,2,2,0,IDLE,P0_BACKUP_ONLY,True,True,SAFE_STOP_AUTHORITY,,1,"[{""d_center"":0.16718040809644463,""d_left"":0.22520966685029492,""d_right"":0.10913516930490796,""id"":127,""is_static"":true,""is_visible"":true,""s_center"":19.830423150879028,""s_end"":19.866288086695175,""s_start"":19.79455821506288}]",input_33961fcf805f497f,ego_ac20c4eccb1df757,obs_06610e82268fba30,ref_3f5d487564f4ee3d,1787567340542989833,4633,2,1,True,2,"{""M1"": 2}","{""ZERO_BOUNDARY_SHORT"": 1, ""ZERO_BOUNDARY_SPAN"": 1}","{""d-offset intersects an inflated static-obstacle box"": 2}",LOC_UNKNOWN,ACCEPTABLE_NOT_A_QUALITY_LABEL,-7.833223,19.350897999999997,0.005602120616996258,0.004700886192060438,0.004298998586161673,0.003571920101110043,0.9123120973514675,False,False,True,PASS_IDS_AND_CANDIDATE_DIGEST_SET,LEFT,ONE,0.11607449754538696,NARROW,STOPPED,-0.23670338713013944,LOW,NEGATIVE,IDLE__P0_BACKUP_ONLY,
FINAL_HOLDOUT_UNSEEN,False,p3_mapping_research_corpus_v1_seed_20260830,episode_iterative_stratification_v1,False,257577c116eb07064e5a3cc367b660a9eee4f5f26460b3582af2afc7205145b0,93,rosbag2_2026_08_24-19_24_17__EP0022,rosbag2_2026_08_24-19_24_17,355.890122078,1787567413630656363,14050,1,PLAN_PRIMARY,STRICT,0,10.363957189968412,-0.6480543731887716,0,0.15787411958935274,0.06711619939178595,15,15,21,15,0,IDLE,P0_BACKUP_ONLY,True,True,SAFE_STOP_AUTHORITY,,2,"[{""d_center"":-0.24948305779791,""d_left"":-0.16483528069272116,""d_right"":-0.33413083490309886,""id"":203,""is_static"":true,""is_visible"":true,""s_center"":11.872448329814128,""s_end"":12.14374810586692,""s_start"":11.601148553761337},{""d_center"":-0.6418235158572445,""d_left"":-0.5683315769129302,""d_right"":-0.7153154548015588,""id"":204,""is_static"":true,""is_visible"":true,""s_center"":10.749800307650975,""s_end"":10.96220590079563,""s_start"":10.537394714506322}]",input_a9b1d28b1ae08005,ego_d4b29aa5a6a82f3a,obs_e75d4074dbb46d09,ref_3f5d487564f4ee3d,1787567413577129355,6256,2,1,True,21,"{""M0_V1"": 6, ""M0_V2"": 9, ""M1"": 6}","{""BRANCH_AWARE_ANALYTIC_ROOT"": 1, ""FAR_SPAN"": 1, ""FROZEN_V1_CURVATURE_CONTINUITY"": 6, ""NEAR_LONG"": 1, ""ZERO_BOUNDARY_SHORT"": 2, ""ZERO_BOUNDARY_SPAN"": 2, ""ZERO_INTERFACE_BOUNDARY_INSET"": 2, ""ZERO_INTERFACE_CENTER_LONG_EXIT"": 2, ""ZERO_INTERFACE_QUARTER_LONG_EXIT"": 2, ""ZERO_INTERFACE_QUARTER_SCALE"": 2}","{""d-offset intersects an inflated static-obstacle box"": 15, ""shifted race line exceeds left control steering curvature"": 6}",LOC_UNKNOWN,ACCEPTABLE_NOT_A_QUALITY_LABEL,-2.085472,27.458713,0.007117561956599636,0.0010901999075008106,0.0,0.007032257716491852,0.837469179988865,False,False,True,PASS_IDS_AND_CANDIDATE_DIGEST_SET,RIGHT,TWO,0.1692955542103777,NARROW,STOPPED,-2.08807240618944e-15,LOW,NEAR_ZERO,IDLE__P0_BACKUP_ONLY,
FINAL_HOLDOUT_UNSEEN,False,p3_mapping_research_corpus_v1_seed_20260830,episode_iterative_stratification_v1,False,257577c116eb07064e5a3cc367b660a9eee4f5f26460b3582af2afc7205145b0,10,rosbag2_2026_08_24-19_24_17__EP0026,rosbag2_2026_08_24-19_24_17,439.420109747,1787567497160644032,17300,1,PLAN_PRIMARY,STRICT,0,1.3510398773565708,-0.2843502008152374,0,0.29697637668090343,0.29697637668090343,2,2,2,2,0,IDLE,P0_BACKUP_ONLY,True,True,SAFE_STOP_AUTHORITY,,2,"[{""d_center"":0.3804741805187808,""d_left"":0.3951898065714685,""d_right"":0.36539869718165063,""id"":18,""is_static"":true,""is_visible"":false,""s_center"":2.8236715249846216,""s_end"":2.842926178501023,""s_start"":2.80441687146822},{""d_center"":-0.048423474338905946,""d_left"":0.03932360327798013,""d_right"":-0.13617055195579203,""id"":17,""is_static"":true,""is_visible"":true,""s_center"":1.5856277682840652,""s_end"":1.7241170505364527,""s_start"":1.4471384860316776}]",input_d817bad71d086ca0,ego_4c8b1b751179d620,obs_54b1392142b9fb2f,ref_3f5d487564f4ee3d,1787567497110230919,7544,2,1,True,2,"{""M1"": 2}","{""ZERO_BOUNDARY_SHORT"": 1, ""ZERO_BOUNDARY_SPAN"": 1}","{""d-offset intersects an inflated static-obstacle box"": 2}",LOC_UNKNOWN,ACCEPTABLE_NOT_A_QUALITY_LABEL,0.6188629999999999,18.870219000000002,0.0037450664115961647,0.00022494161405739452,0.0,0.0004773985447399931,0.6477769824226517,False,False,True,PASS_IDS_AND_CANDIDATE_DIGEST_SET,MIXED_OR_CENTER,TWO,0.17549415523377215,NARROW,STOPPED,0.6636512270917774,MEDIUM,POSITIVE,IDLE__P0_BACKUP_ONLY,
FINAL_HOLDOUT_UNSEEN,False,p3_mapping_research_corpus_v1_seed_20260830,episode_iterative_stratification_v1,False,257577c116eb07064e5a3cc367b660a9eee4f5f26460b3582af2afc7205145b0,135,rosbag2_2026_08_24-19_24_17__EP0027,rosbag2_2026_08_24-19_24_17,440.180095909,1787567497920630194,17331,1,PLAN_PRIMARY,STRICT,0,1.4826651706058844,-0.435800741490053,0.04451389335993779,0.19691782619970657,0.19338611357109695,6,6,6,6,0,IDLE,P0_BACKUP_ONLY,True,True,SAFE_STOP_AUTHORITY,,2,"[{""d_center"":-0.713075237678187,""d_left"":-0.6447245261081697,""d_right"":-0.7797541431888506,""id"":17,""is_static"":true,""is_visible"":true,""s_center"":1.8409780485987852,""s_end"":1.923288914964651,""s_start"":1.7586671822329194},{""d_center"":0.03922951581271939,""d_left"":0.48614046357554186,""d_right"":-0.40768143195010165,""id"":18,""is_static"":true,""is_visible"":true,""s_center"":3.017543655194788,""s_end"":3.514983562349915,""s_start"":2.520103748039661}]",input_52a4f66038bada40,ego_e61524de1a595538,obs_ac1ca39760e7bc1b,ref_3f5d487564f4ee3d,1787567497890221686,7566,2,1,True,6,"{""M0_V2"": 4, ""M1"": 2}","{""ZERO_BOUNDARY_SHORT"": 1, ""ZERO_BOUNDARY_SPAN"": 1, ""ZERO_INTERFACE_BOUNDARY_INSET"": 1, ""ZERO_INTERFACE_CENTER_LONG_EXIT"": 1, ""ZERO_INTERFACE_QUARTER_LONG_EXIT"": 1, ""ZERO_INTERFACE_QUARTER_SCALE"": 1}","{""shifted race line exceeds left control steering curvature"": 6}",LOC_UNKNOWN,ACCEPTABLE_NOT_A_QUALITY_LABEL,-9.957475,16.195748,0.013745978580933455,0.006521584418905824,0.0,0.013459988718585725,0.9119144197884356,False,False,True,PASS_IDS_AND_CANDIDATE_DIGEST_SET,MIXED_OR_CENTER,TWO,0.8938218955256435,WIDE,STOPPED,0.605537730392042,MEDIUM,POSITIVE,IDLE__P0_BACKUP_ONLY,
FINAL_HOLDOUT_UNSEEN,False,p3_mapping_research_corpus_v1_seed_20260830,episode_iterative_stratification_v1,False,257577c116eb07064e5a3cc367b660a9eee4f5f26460b3582af2afc7205145b0,86,rosbag2_2026_08_24-19_24_17__EP0032,rosbag2_2026_08_24-19_24_17,449.980058702,1787567507720592987,17683,1,PLAN_PRIMARY,STRICT,0,1.5295054128475667,-0.4460065277092186,0,0.3264325708805123,0.3264325708805123,2,2,2,2,0,IDLE,P0_BACKUP_ONLY,True,True,SAFE_STOP_AUTHORITY,,1,"[{""d_center"":-0.06626040648422879,""d_left"":-0.031343917152148695,""d_right"":-0.10559383557115959,""id"":17,""is_static"":true,""is_visible"":true,""s_center"":1.7302393728138807,""s_end"":1.8226665409158598,""s_start"":1.6378122047119017}]",input_25f4d7c3e0e7713e,ego_7097b6ddb37a3775,obs_f239c2917f0ce8da,ref_3f5d487564f4ee3d,1787567507669446692,7794,2,1,True,2,"{""M1"": 2}","{""ZERO_BOUNDARY_SHORT"": 1, ""ZERO_BOUNDARY_SPAN"": 1}","{""shifted race line exceeds left control steering curvature"": 2}",LOC_UNKNOWN,ACCEPTABLE_NOT_A_QUALITY_LABEL,9.666592999999999,27.580569999999998,0.001997306478722421,-0.0006686374723983146,0.000790173625919266,0.0016864899432670333,0.8181818181818182,False,False,True,PASS_IDS_AND_CANDIDATE_DIGEST_SET,RIGHT,ONE,0.0742499184190109,NARROW,STOPPED,0.605537730392042,MEDIUM,POSITIVE,IDLE__P0_BACKUP_ONLY,
FINAL_HOLDOUT_UNSEEN,False,p3_mapping_research_corpus_v1_seed_20260830,episode_iterative_stratification_v1,False,257577c116eb07064e5a3cc367b660a9eee4f5f26460b3582af2afc7205145b0,49,rosbag2_2026_08_24-19_24_17__EP0037,rosbag2_2026_08_24-19_24_17,452.960077092,1787567510700611377,17798,1,PLAN_PRIMARY,STRICT,0,1.5067484906303192,-0.4312151653685017,0,0.3304946593727915,0.3304946593727915,2,2,2,2,0,IDLE,P0_BACKUP_ONLY,True,True,SAFE_STOP_AUTHORITY,,1,"[{""d_center"":-0.06626040648422879,""d_left"":-0.031343917152148695,""d_right"":-0.10559383557115959,""id"":17,""is_static"":true,""is_visible"":true,""s_center"":1.7302393728138807,""s_end"":1.8226665409158598,""s_start"":1.6378122047119017}]",input_df18f1433bc15f02,ego_a551cec763b27e3d,obs_f239c2917f0ce8da,ref_3f5d487564f4ee3d,1787567510649172548,7902,2,1,True,2,"{""M1"": 2}","{""ZERO_BOUNDARY_SHORT"": 1, ""ZERO_BOUNDARY_SPAN"": 1}","{""shifted race line exceeds left control steering curvature"": 2}",LOC_UNKNOWN,ACCEPTABLE_NOT_A_QUALITY_LABEL,-0.198612,21.648939,0.004721398457748275,0.0017857087126876834,0.0,0.0009968873196318229,0.7152628648691641,False,False,True,PASS_IDS_AND_CANDIDATE_DIGEST_SET,RIGHT,ONE,0.0742499184190109,NARROW,STOPPED,0.605537730392042,MEDIUM,POSITIVE,IDLE__P0_BACKUP_ONLY,
FINAL_HOLDOUT_UNSEEN,False,p3_mapping_research_corpus_v1_seed_20260830,episode_iterative_stratification_v1,False,257577c116eb07064e5a3cc367b660a9eee4f5f26460b3582af2afc7205145b0,116,rosbag2_2026_08_24-19_24_17__EP0044,rosbag2_2026_08_24-19_24_17,518.460102485,1787567576200636770,20417,1,PLAN_PRIMARY,STRICT,0,3.7512136447708815,-0.18990234858811592,0,0.2834257150389463,0.1943495428034934,24,24,30,24,0,IDLE,P0_BACKUP_ONLY,True,True,SAFE_STOP_AUTHORITY,,1,"[{""d_center"":-0.043036130006219614,""d_left"":0.015258011721964441,""d_right"":-0.10133027173440473,""id"":23,""is_static"":true,""is_visible"":true,""s_center"":4.03701902925336,""s_end"":4.1033828164514565,""s_start"":3.9706552420552628}]",input_2bf13b0c04d5f0eb,ego_af1e933c7f55388a,obs_2ae6286acc77cabe,ref_3f5d487564f4ee3d,1787567576163751411,9623,2,1,True,30,"{""M0_V1"": 6, ""M1"": 24}","{""FROZEN_V1_CURVATURE_CONTINUITY"": 6, ""NEAR_BISECTED"": 21, ""NEAR_LONG"": 1, ""ZERO_BOUNDARY_SHORT"": 1, ""ZERO_BOUNDARY_SPAN"": 1}","{""footprint_track_bound"": 22, ""shifted race line exceeds left control steering curvature"": 8}",LOC_UNKNOWN,ACCEPTABLE_NOT_A_QUALITY_LABEL,-12.417921,21.388599000000003,0.0037206859958081135,-0.000647436127578338,0.0028427289551853363,0.002117616007091011,0.8738566770062833,False,False,True,PASS_IDS_AND_CANDIDATE_DIGEST_SET,MIXED_OR_CENTER,ONE,0.11658828345636918,NARROW,STOPPED,0.2774774331603031,MEDIUM,POSITIVE,IDLE__P0_BACKUP_ONLY,
FINAL_HOLDOUT_UNSEEN,False,p3_mapping_research_corpus_v1_seed_20260830,episode_iterative_stratification_v1,False,257577c116eb07064e5a3cc367b660a9eee4f5f26460b3582af2afc7205145b0,80,rosbag2_2026_08_24-19_24_17__EP0049,rosbag2_2026_08_24-19_24_17,587.760183171,1787567645500717456,23153,2,PLAN_PRIMARY,STRICT,0,0.9175266217197772,-0.023008447777081414,0.49142391759098314,0.5300182169832668,0.5300182169832668,2,2,2,2,0,IDLE,P0_BACKUP_ONLY,True,False,BOUNDARY_HANDOFF_UNRESOLVED,,4,"[{""d_center"":-0.12439141386748008,""d_left"":0.0543466782780931,""d_right"":-0.3031295060130515,""id"":14,""is_static"":true,""is_visible"":true,""s_center"":1.1321123806032398,""s_end"":1.2615621424314927,""s_start"":1.002662618774987},{""d_center"":-0.8017404415008687,""d_left"":-0.707402898956614,""d_right"":-0.8960658426284646,""id"":17,""is_static"":true,""is_visible"":false,""s_center"":3.0938191225592253,""s_end"":3.184635840606828,""s_start"":3.003002404511623},{""d_center"":-0.1412353629784304,""d_left"":-0.035956615946685117,""d_right"":-0.24759809588882495,""id"":19,""is_static"":true,""is_visible"":true,""s_center"":3.790690142160916,""s_end"":3.902059103945506,""s_start"":3.679321180376326},{""d_center"":-0.30143220864369746,""d_left"":-0.15758151429494807,""d_right"":-0.4467036668529707,""id"":15,""is_static"":true,""is_visible"":true,""s_center"":1.1669846040240328,""s_end"":1.3356665958265874,""s_start"":0.9983026122214782}]",input_d01315d9ea4d2cd2,ego_a144ed7af48eb952,obs_434542e9b03db9f4,ref_3f5d487564f4ee3d,1787567645438993100,11303,2,1,True,2,"{""M1"": 2}","{""ZERO_BOUNDARY_SHORT"": 1, ""ZERO_BOUNDARY_SPAN"": 1}","{""d-offset intersects an inflated static-obstacle box"": 2}",LOC_UNKNOWN,ACCEPTABLE_NOT_A_QUALITY_LABEL,-8.123764,17.150814,0.01978999873859098,0.015467629805798964,0.0,0.0012870338666283697,0.8012805217529627,False,False,True,PASS_IDS_AND_CANDIDATE_DIGEST_SET,RIGHT,THREE_PLUS,0.3574761842911446,MEDIUM,LOW,0.6926792346629709,MEDIUM,POSITIVE,IDLE__P0_BACKUP_ONLY,
FINAL_HOLDOUT_UNSEEN,False,p3_mapping_research_corpus_v1_seed_20260830,episode_iterative_stratification_v1,False,257577c116eb07064e5a3cc367b660a9eee4f5f26460b3582af2afc7205145b0,68,rosbag2_2026_08_24-19_24_17__EP0053,rosbag2_2026_08_24-19_24_17,604.780092475,1787567662520626760,23834,1,PLAN_PRIMARY,STRICT,0,1.0472194639994317,0.11696259524082886,0,0.7235177350240563,0.7235177350240563,1,1,7,1,0,IDLE,P0_BACKUP_ONLY,True,True,SAFE_STOP_AUTHORITY,,3,"[{""d_center"":-0.1796803269402888,""d_left"":-0.09448643737137119,""d_right"":-0.264868365629773,""id"":15,""is_static"":true,""is_visible"":true,""s_center"":1.1333121833350983,""s_end"":1.1725565131449394,""s_start"":1.0940678535252573},{""d_center"":-0.2564267670279149,""d_left"":-0.10331751958115196,""d_right"":-0.4101248228580116,""id"":15,""is_static"":true,""is_visible"":true,""s_center"":3.833595118946591,""s_end"":3.991817080202142,""s_start"":3.6753731576910402},{""d_center"":0.8965989178039113,""d_left"":1.069843046674169,""d_right"":0.7231850637689448,""id"":26,""is_static"":true,""is_visible"":true,""s_center"":4.021918119592491,""s_end"":4.191762837226706,""s_start"":3.8520734019582754}]",input_5a188acdd6957813,ego_99139736a8ec6c41,obs_1b015207a9b33d27,ref_3f5d487564f4ee3d,1787567662458668372,11868,2,1,True,7,"{""M0_V1"": 6, ""M1"": 1}","{""FROZEN_V1_CURVATURE_CONTINUITY"": 6, ""NEAR_LONG"": 1}","{""d-offset intersects an inflated static-obstacle box"": 2, ""footprint_track_bound"": 5}",LOC_UNKNOWN,ACCEPTABLE_NOT_A_QUALITY_LABEL,-9.157514,22.773616,0.004889698763130075,0.000555965555833593,0.0,0.004282916486232316,0.7766642806012884,False,False,True,PASS_IDS_AND_CANDIDATE_DIGEST_SET,MIXED_OR_CENTER,THREE_PLUS,0.3466579829052243,MEDIUM,STOPPED,0.6926792346629709,MEDIUM,POSITIVE,IDLE__P0_BACKUP_ONLY,
FINAL_HOLDOUT_UNSEEN,False,p3_mapping_research_corpus_v1_seed_20260830,episode_iterative_stratification_v1,False,257577c116eb07064e5a3cc367b660a9eee4f5f26460b3582af2afc7205145b0,61,rosbag2_2026_08_24-19_24_17__EP0060,rosbag2_2026_08_24-19_24_17,643.430098133,1787567701170632418,25196,1,PLAN_PRIMARY,STRICT,0,0.8233312471057888,-0.2949278973260331,0,0.23440449658736065,0.21556290513306778,24,24,30,24,0,IDLE,P0_BACKUP_ONLY,True,True,SAFE_STOP_AUTHORITY,,1,"[{""d_center"":-0.14667370656237447,""d_left"":-0.14021693937917665,""d_right"":-0.1526382891403143,""id"":28,""is_static"":true,""is_visible"":true,""s_center"":0.9653572048983269,""s_end"":0.9719254643121312,""s_start"":0.9587889454845225}]",input_2f0ed9e76a1d3707,ego_d6f8bd18ea45eef3,obs_6a3b30378aaa481e,ref_3f5d487564f4ee3d,1787567701142233655,13076,2,1,True,30,"{""M0_V1"": 6, ""M1"": 24}","{""FROZEN_V1_CURVATURE_CONTINUITY"": 6, ""NEAR_BISECTED"": 21, ""NEAR_LONG"": 1, ""ZERO_BOUNDARY_SHORT"": 1, ""ZERO_BOUNDARY_SPAN"": 1}","{""footprint_track_bound"": 28, ""shifted race line exceeds left control steering curvature"": 2}",LOC_UNKNOWN,ACCEPTABLE_NOT_A_QUALITY_LABEL,-7.316590000000001,19.405332,0.0003492942967012618,0.0003884516569143681,0.000288480395039481,3.8127465019244244e-05,0.7570587767438162,False,False,True,PASS_IDS_AND_CANDIDATE_DIGEST_SET,RIGHT,ONE,0.012421349761137651,NARROW,STOPPED,0.659405264656562,MEDIUM,POSITIVE,IDLE__P0_BACKUP_ONLY,
FINAL_HOLDOUT_UNSEEN,False,p3_mapping_research_corpus_v1_seed_20260830,episode_iterative_stratification_v1,False,257577c116eb07064e5a3cc367b660a9eee4f5f26460b3582af2afc7205145b0,180,rosbag2_2026_08_24-19_24_17__EP0067,rosbag2_2026_08_24-19_24_17,719.970073083,1787567777710607368,27943,1,PLAN_PRIMARY,STRICT,0,4.333314545277243,-0.6454517202466038,2.5063640780297343,0.5206715249556886,0.5200277071271117,2,2,2,2,0,IDLE,P0_BACKUP_ONLY,True,True,SAFE_STOP_AUTHORITY,,1,"[{""d_center"":-0.17729112621991983,""d_left"":-0.08404060458780352,""d_right"":-0.26979587308496855,""id"":141,""is_static"":true,""is_visible"":true,""s_center"":4.941873366639825,""s_end"":5.048571782570121,""s_start"":4.83517495070953}]",input_71766e6ab9b1bcd2,ego_7884540a9aeaee5b,obs_7d98bf9a9dc6a669,ref_3f5d487564f4ee3d,1787567777683705463,15488,2,1,True,2,"{""M1"": 2}","{""ZERO_BOUNDARY_SHORT"": 1, ""ZERO_BOUNDARY_SPAN"": 1}","{""shifted race line exceeds right control steering curvature"": 2}",LOC_UNKNOWN,ACCEPTABLE_NOT_A_QUALITY_LABEL,-2.0221620000000002,22.630589,0.11528026661666871,0.04016025004427881,0.0,0.06228909721028386,0.9871947824703731,False,False,True,PASS_IDS_AND_CANDIDATE_DIGEST_SET,RIGHT,ONE,0.18575526849716503,NARROW,MOVING,0.24713265880620555,LOW,POSITIVE,IDLE__P0_BACKUP_ONLY,
FINAL_HOLDOUT_UNSEEN,False,p3_mapping_research_corpus_v1_seed_20260830,episode_iterative_stratification_v1,False,257577c116eb07064e5a3cc367b660a9eee4f5f26460b3582af2afc7205145b0,32,rosbag2_2026_08_25-09_59_22__EP0003,rosbag2_2026_08_25-09_59_22,132.500304279,1787619694726362764,5399,1,PLAN_PRIMARY,STRICT,0,22.17674914240847,-0.9625069065252282,0,0.0957463485147341,0.0957463485147341,1,1,7,1,0,IDLE,P0_BACKUP_ONLY,True,True,SAFE_STOP_AUTHORITY,,2,"[{""d_center"":-0.9865430214116504,""d_left"":-0.900484632197755,""d_right"":-1.0719557270712423,""id"":47,""is_static"":true,""is_visible"":true,""s_center"":22.33429282068776,""s_end"":22.418748505725087,""s_start"":22.249837135650434},{""d_center"":-0.2785324274713854,""d_left"":-0.1556174301837784,""d_right"":-0.4008907498375358,""id"":54,""is_static"":true,""is_visible"":true,""s_center"":23.48782908290725,""s_end"":23.571787625060455,""s_start"":23.403870540754045}]",input_f35cbd39b40fd71a,ego_0288d2114be789f0,obs_e880cd939379f983,ref_4dc0768eb37d9590,1787619694683951979,2019,2,1,True,7,"{""M0_V1"": 6, ""M1"": 1}","{""FROZEN_V1_CURVATURE_CONTINUITY"": 6, ""NEAR_LONG"": 1}","{""d-offset intersects an inflated static-obstacle box"": 5, ""footprint_track_bound"": 2}",LOC_UNKNOWN,ACCEPTABLE_NOT_A_QUALITY_LABEL,7.512447,30.565508,0.0005149042234562749,9.888725901019413e-05,0.0,0.0002886574584053392,0.6733578960741964,False,False,True,PASS_IDS_AND_CANDIDATE_DIGEST_SET,RIGHT,TWO,0.2452733196537574,MEDIUM,STOPPED,0.4027208463693154,MEDIUM,POSITIVE,IDLE__P0_BACKUP_ONLY,
FINAL_HOLDOUT_UNSEEN,False,p3_mapping_research_corpus_v1_seed_20260830,episode_iterative_stratification_v1,False,257577c116eb07064e5a3cc367b660a9eee4f5f26460b3582af2afc7205145b0,33,rosbag2_2026_08_25-09_59_22__EP0005,rosbag2_2026_08_25-09_59_22,132.890221765,1787619695116280250,5410,1,PLAN_PRIMARY,STRICT,0,22.18242501878322,-0.9595468582047451,0,0.09049442854788484,0.09049442854788484,1,1,7,1,0,IDLE,P0_BACKUP_ONLY,True,True,SAFE_STOP_AUTHORITY,,2,"[{""d_center"":-1.001524089191923,""d_left"":-0.9315645353422712,""d_right"":-1.0706649093200804,""id"":47,""is_static"":true,""is_visible"":true,""s_center"":22.340021831259484,""s_end"":22.40807960196943,""s_start"":22.27196406054954},{""d_center"":-0.27864117877274414,""d_left"":-0.1560711479460518,""d_right"":-0.4006718234876674,""id"":54,""is_static"":true,""is_visible"":true,""s_center"":23.487642867885764,""s_end"":23.57069773120401,""s_start"":23.40458800456752}]",input_2b8188d70525b5fd,ego_cd2178c7190b60e5,obs_12cf0c4f02f3aadf,ref_4dc0768eb37d9590,1787619695083906922,2030,2,1,True,7,"{""M0_V1"": 6, ""M1"": 1}","{""FROZEN_V1_CURVATURE_CONTINUITY"": 6, ""NEAR_LONG"": 1}","{""d-offset intersects an inflated static-obstacle box"": 5, ""footprint_track_bound"": 2}",LOC_UNKNOWN,ACCEPTABLE_NOT_A_QUALITY_LABEL,-12.901867,20.079043000000002,0.0005679006096685497,-0.00022414862568370664,0.0,0.000152773190113753,0.6733578960741964,False,False,True,PASS_IDS_AND_CANDIDATE_DIGEST_SET,RIGHT,TWO,0.24460067554161558,MEDIUM,STOPPED,0.4027208463693154,MEDIUM,POSITIVE,IDLE__P0_BACKUP_ONLY,
FINAL_HOLDOUT_UNSEEN,False,p3_mapping_research_corpus_v1_seed_20260830,episode_iterative_stratification_v1,False,257577c116eb07064e5a3cc367b660a9eee4f5f26460b3582af2afc7205145b0,34,rosbag2_2026_08_25-09_59_22__EP0015,rosbag2_2026_08_25-09_59_22,245.57023652,1787619807796295005,9473,1,PLAN_PRIMARY,STRICT,0,9.524614960935692,0.9191803863726228,0,0.07250919653689447,0.06896286455578116,15,15,15,15,0,IDLE,P0_BACKUP_ONLY,True,True,SAFE_STOP_AUTHORITY,,2,"[{""d_center"":-0.3839106822787829,""d_left"":-0.26349440359257637,""d_right"":-0.5043269609649895,""id"":134,""is_static"":true,""is_visible"":false,""s_center"":17.09958113516561,""s_end"":17.369622363550334,""s_start"":16.829539906780887},{""d_center"":0.16479950054953807,""d_left"":0.3109255321732892,""d_right"":0.01867346892578688,""id"":135,""is_static"":true,""is_visible"":true,""s_center"":15.651732485962114,""s_end"":15.696359113465908,""s_start"":15.60710585845832}]",input_0ef28b8fc6beea0f,ego_53df211cfb3ff7ff,obs_c3fdc519084a191f,ref_4dc0768eb37d9590,1787619807748694445,5015,2,1,True,15,"{""M0_V2"": 9, ""M1"": 6}","{""BRANCH_AWARE_ANALYTIC_ROOT"": 1, ""FAR_SPAN"": 1, ""NEAR_LONG"": 1, ""ZERO_BOUNDARY_SHORT"": 2, ""ZERO_BOUNDARY_SPAN"": 2, ""ZERO_INTERFACE_BOUNDARY_INSET"": 2, ""ZERO_INTERFACE_CENTER_LONG_EXIT"": 2, ""ZERO_INTERFACE_QUARTER_LONG_EXIT"": 2, ""ZERO_INTERFACE_QUARTER_SCALE"": 2}","{""footprint_track_bound"": 15}",LOC_UNKNOWN,ACCEPTABLE_NOT_A_QUALITY_LABEL,-8.256995,19.674647999999998,0.0011073615305755766,0.00045002171637045785,0.0,0.001048180893659545,0.6733578960741964,False,False,True,PASS_IDS_AND_CANDIDATE_DIGEST_SET,MIXED_OR_CENTER,TWO,0.29225206324750236,MEDIUM,STOPPED,-3.4068549785196576e-15,LOW,NEAR_ZERO,IDLE__P0_BACKUP_ONLY,
FINAL_HOLDOUT_UNSEEN,False,p3_mapping_research_corpus_v1_seed_20260830,episode_iterative_stratification_v1,False,257577c116eb07064e5a3cc367b660a9eee4f5f26460b3582af2afc7205145b0,112,rosbag2_2026_08_25-09_59_22__EP0033,rosbag2_2026_08_25-09_59_22,540.240182545,1787620102466241030,20172,1,PLAN_PRIMARY,STRICT,0,43.70507822631169,0.04901421732203141,0.3053183700055344,0.6221888818994752,0.5023149336218407,3,3,9,3,0,IDLE,P0_BACKUP_ONLY,True,True,SAFE_STOP_AUTHORITY,,1,"[{""d_center"":0.3567090257631856,""d_left"":0.5046088810329408,""d_right"":0.20839465411378902,""id"":319,""is_static"":true,""is_visible"":true,""s_center"":44.09223302944845,""s_end"":44.20991742276163,""s_start"":43.974548636135275}]",input_55f9153c65c0608b,ego_5c6ca34c094f0a1c,obs_d0c4ee05c3adaaeb,ref_4dc0768eb37d9590,1787620102429194740,11773,2,1,True,9,"{""M0_V1"": 6, ""M1"": 3}","{""FROZEN_V1_CURVATURE_CONTINUITY"": 6, ""NEAR_LONG"": 1, ""ZERO_BOUNDARY_SHORT"": 1, ""ZERO_BOUNDARY_SPAN"": 1}","{""quintic d-offset exceeds maximum_lateral_slope"": 1, ""shifted race line exceeds left control steering curvature"": 8}",LOC_UNKNOWN,ACCEPTABLE_NOT_A_QUALITY_LABEL,-5.942396,30.199943,0.008790923408020674,-0.004561576197569028,0.0011641782439113513,0.00872050672691154,0.8693981260917898,False,False,True,PASS_IDS_AND_CANDIDATE_DIGEST_SET,LEFT,ONE,0.2962142269191518,MEDIUM,LOW,0.24496715607416236,LOW,POSITIVE,IDLE__P0_BACKUP_ONLY,
FINAL_HOLDOUT_UNSEEN,False,p3_mapping_research_corpus_v1_seed_20260830,episode_iterative_stratification_v1,False,257577c116eb07064e5a3cc367b660a9eee4f5f26460b3582af2afc7205145b0,158,rosbag2_2026_08_25-09_59_22__EP0047,rosbag2_2026_08_25-09_59_22,943.670262709,1787620505896321194,36140,1,PLAN_PRIMARY,STRICT,0,15.954817569452747,-0.6859231827990036,0,0.022088959921080654,-0.11160991456878308,1,3,3,3,0,IDLE,P0_BACKUP_ONLY,True,True,SAFE_STOP_AUTHORITY,,1,"[{""d_center"":-0.1679449435971564,""d_left"":-0.06553534293539721,""d_right"":-0.2703545442589156,""id"":610,""is_static"":true,""is_visible"":true,""s_center"":16.48614440693653,""s_end"":16.58983404896222,""s_start"":16.382454764910836}]",input_f6cc554fbbdecaae,ego_0c0b122b28e2b786,obs_c5aab18d84622445,ref_4dc0768eb37d9590,1787620505852057771,23069,2,1,True,3,"{""M1"": 3}","{""FAR_SPAN"": 1, ""ZERO_BOUNDARY_SHORT"": 1, ""ZERO_BOUNDARY_SPAN"": 1}","{""footprint_track_bound"": 3}",LOC_UNKNOWN,ACCEPTABLE_NOT_A_QUALITY_LABEL,6.216456,21.046009,0.019212996048817405,-0.003574154665600571,0.01619461859648119,0.010337966225827389,0.9432410113073307,False,False,True,PASS_IDS_AND_CANDIDATE_DIGEST_SET,RIGHT,ONE,0.20481920132351839,MEDIUM,STOPPED,-6.593912861650967e-16,LOW,NEAR_ZERO,IDLE__P0_BACKUP_ONLY,
FINAL_HOLDOUT_UNSEEN,False,p3_mapping_research_corpus_v1_seed_20260830,episode_iterative_stratification_v1,False,257577c116eb07064e5a3cc367b660a9eee4f5f26460b3582af2afc7205145b0,188,rosbag2_2026_08_25-09_59_22__EP0069,rosbag2_2026_08_25-09_59_22,953.290219501,1787620515516277986,36525,1,PLAN_PRIMARY,STRICT,7,15.961505392680134,-0.7206567973801296,0.19059698380541146,0.0015044821139940448,-0.09171077129054447,1,2,2,2,0,IDLE,P0_BACKUP_ONLY,True,True,SAFE_STOP_AUTHORITY,,1,"[{""d_center"":-0.18953053028550765,""d_left"":-0.0946936670150368,""d_right"":-0.28436739355597845,""id"":610,""is_static"":true,""is_visible"":true,""s_center"":16.54631318214978,""s_end"":16.645733114865237,""s_start"":16.446893249434325}]",input_2011e403e8132637,ego_6d0c7d2c29d92a7c,obs_47851b589bf4ccbd,ref_4dc0768eb37d9590,1787620515476556190,23412,2,1,True,2,"{""M1"": 2}","{""ZERO_BOUNDARY_SHORT"": 1, ""ZERO_BOUNDARY_SPAN"": 1}","{""footprint_track_bound"": 1, ""shifted race line exceeds left control steering curvature"": 1}",LOC_UNKNOWN,ACCEPTABLE_NOT_A_QUALITY_LABEL,-8.364376,31.84891,0.019934220020599747,-0.0012544952047203602,0.01953466487009692,0.003971145457257408,0.9824355228052344,False,False,True,PASS_IDS_AND_CANDIDATE_DIGEST_SET,RIGHT,ONE,0.18967372654094167,NARROW,LOW,-6.593912861650967e-16,LOW,NEAR_ZERO,IDLE__P0_BACKUP_ONLY,
FINAL_HOLDOUT_UNSEEN,False,p3_mapping_research_corpus_v1_seed_20260830,episode_iterative_stratification_v1,False,257577c116eb07064e5a3cc367b660a9eee4f5f26460b3582af2afc7205145b0,39,rosbag2_2026_08_25-09_59_22__EP0073,rosbag2_2026_08_25-09_59_22,955.140155401,1787620517366213886,36599,1,PLAN_PRIMARY,STRICT,0,15.733587529185597,-0.6699505093885135,0.31144527492042073,0.04723637663511752,0.04695864934129993,2,2,2,2,0,IDLE,P0_BACKUP_ONLY,True,True,SAFE_STOP_AUTHORITY,,2,"[{""d_center"":-0.14273224312851818,""d_left"":-0.0427532228984111,""d_right"":-0.2427112633586252,""id"":610,""is_static"":true,""is_visible"":true,""s_center"":16.361258344512102,""s_end"":16.457538944520344,""s_start"":16.26497774450386},{""d_center"":-0.6355778779463921,""d_left"":-0.5338586130066731,""d_right"":-0.737290537034632,""id"":659,""is_static"":true,""is_visible"":false,""s_center"":20.032291002691736,""s_end"":20.118412388989384,""s_start"":19.946169616394087}]",input_c85bad8aa1ef4130,ego_d217bd428b645e86,obs_8e1591841892510f,ref_4dc0768eb37d9590,1787620517327405763,23481,2,1,True,2,"{""M1"": 2}","{""ZERO_BOUNDARY_SHORT"": 1, ""ZERO_BOUNDARY_SPAN"": 1}","{""footprint_track_bound"": 1, ""shifted race line exceeds left control steering curvature"": 1}",LOC_UNKNOWN,ACCEPTABLE_NOT_A_QUALITY_LABEL,-9.322103,29.846083999999998,0.0019882278725756176,0.0002730761587887015,0.0,0.0002563372095053529,0.6815842967856689,False,False,True,PASS_IDS_AND_CANDIDATE_DIGEST_SET,RIGHT,TWO,0.20343192402795884,MEDIUM,LOW,-8.791883815534507e-16,LOW,NEAR_ZERO,IDLE__P0_BACKUP_ONLY,
