development_event_id,production_stage,production_template,probe_policy,station_forward_m,current_policy_d_probe,oracle_d_at_station,residual_m,branch_lower,branch_upper,is_minimum_abs_residual,minimum_abs_residual_m,zero_crossing_exists
DVE004,M1,NEAR_LONG,BOTTLENECK_CENTER,0.03919181232155539,0.5593118252810302,0.15000000433016417,-0.40931182095086605,0.14612365056206014,0.9725000000000001,False,0.3993118252810294,False
DVE004,M1,NEAR_LONG,BOTTLENECK_CENTER,0.03933101479746113,0.5593118252810302,0.1500601518387603,-0.40925167344226987,0.14612365056206014,0.9725000000000001,False,0.3993118252810294,False
DVE004,M1,NEAR_LONG,BOTTLENECK_CENTER,0.039470217273366866,0.5593118252810302,0.1501200465446916,-0.4091917787363386,0.14612365056206014,0.9725000000000001,False,0.3993118252810294,False
DVE004,M1,NEAR_LONG,BOTTLENECK_CENTER,0.03960941974927261,0.5593118252810302,0.1501796974073031,-0.4091321278737271,0.14612365056206014,0.9725000000000001,False,0.3993118252810294,False
DVE004,M1,NEAR_LONG,BOTTLENECK_CENTER,0.039748622225178346,0.5593118252810302,0.15023911318020852,-0.40907271210082163,0.14612365056206014,0.9725000000000001,False,0.3993118252810294,False
DVE004,M1,NEAR_LONG,BOTTLENECK_CENTER,0.03988782470108408,0.5593118252810302,0.15029830241288494,-0.40901352286814524,0.14612365056206014,0.9725000000000001,False,0.3993118252810294,False
DVE004,M1,NEAR_LONG,BOTTLENECK_CENTER,0.04002702717698982,0.5593118252810302,0.15035727345226776,-0.4089545518287624,0.14612365056206014,0.9725000000000001,False,0.3993118252810294,False
DVE004,M1,NEAR_LONG,BOTTLENECK_CENTER,0.040166229652895555,0.5593118252810302,0.15041603444434537,-0.4088957908366848,0.14612365056206014,0.9725000000000001,False,0.3993118252810294,False
DVE004,M1,NEAR_LONG,BOTTLENECK_CENTER,0.0403054321288013,0.5593118252810302,0.15047459333575394,-0.4088372319452762,0.14612365056206014,0.9725000000000001,False,0.3993118252810294,False
DVE004,M1,NEAR_LONG,BOTTLENECK_CENTER,0.040444634604707035,0.5593118252810302,0.1505329578753722,-0.408778867405658,0.14612365056206014,0.9725000000000001,False,0.3993118252810294,False
DVE004,M1,NEAR_LONG,BOTTLENECK_CENTER,0.04058383708061277,0.5593118252810302,0.15059113561591606,-0.4087206896651141,0.14612365056206014,0.9725000000000001,False,0.3993118252810294,False
DVE004,M1,NEAR_LONG,BOTTLENECK_CENTER,0.04072303955651851,0.5593118252810302,0.15064913391553372,-0.4086626913654965,0.14612365056206014,0.9725000000000001,False,0.3993118252810294,False
DVE004,M1,NEAR_LONG,BOTTLENECK_CENTER,0.040862242032424244,0.5593118252810302,0.15070695993940011,-0.4086048653416301,0.14612365056206014,0.9725000000000001,False,0.3993118252810294,False
DVE004,M1,NEAR_LONG,BOTTLENECK_CENTER,0.04100144450832999,0.5593118252810302,0.15076462066131177,-0.4085472046197184,0.14612365056206014,0.9725000000000001,False,0.3993118252810294,False
DVE004,M1,NEAR_LONG,BOTTLENECK_CENTER,0.041140646984235724,0.5593118252810302,0.15082212286528168,-0.4084897024157485,0.14612365056206014,0.9725000000000001,False,0.3993118252810294,False
DVE004,M1,NEAR_LONG,BOTTLENECK_CENTER,0.04127984946014146,0.5593118252810302,0.15087947314713396,-0.4084323521338962,0.14612365056206014,0.9725000000000001,False,0.3993118252810294,False
DVE004,M1,NEAR_LONG,BOTTLENECK_CENTER,0.041419051936047196,0.5593118252810302,0.15093667791609866,-0.4083751473649315,0.14612365056206014,0.9725000000000001,False,0.3993118252810294,False
DVE004,M1,NEAR_LONG,BOTTLENECK_CENTER,0.04155825441195293,0.5593118252810302,0.1509937433964065,-0.4083180818846237,0.14612365056206014,0.9725000000000001,False,0.3993118252810294,False
DVE004,M1,NEAR_LONG,BOTTLENECK_CENTER,0.04169745688785867,0.5593118252810302,0.15105067562888375,-0.40826114965214644,0.14612365056206014,0.9725000000000001,False,0.3993118252810294,False
DVE004,M1,NEAR_LONG,BOTTLENECK_CENTER,0.04183665936376441,0.5593118252810302,0.15110748047254682,-0.40820434480848333,0.14612365056206014,0.9725000000000001,False,0.3993118252810294,False
DVE004,M1,NEAR_LONG,BOTTLENECK_CENTER,0.04197586183967015,0.5593118252810302,0.15116416360619717,-0.408147661674833,0.14612365056206014,0.9725000000000001,False,0.3993118252810294,False
DVE004,M1,NEAR_LONG,BOTTLENECK_CENTER,0.042115064315575886,0.5593118252810302,0.15122073053001606,-0.4080910947510141,0.14612365056206014,0.9725000000000001,False,0.3993118252810294,False
DVE004,M1,NEAR_LONG,BOTTLENECK_CENTER,0.04225426679148162,0.5593118252810302,0.15127718656715922,-0.40803463871387097,0.14612365056206014,0.9725000000000001,False,0.3993118252810294,False
DVE004,M1,NEAR_LONG,BOTTLENECK_CENTER,0.04239346926738736,0.5593118252810302,0.1513335368653518,-0.4079782884156784,0.14612365056206014,0.9725000000000001,False,0.3993118252810294,False
DVE004,M1,NEAR_LONG,BOTTLENECK_CENTER,0.0425326717432931,0.5593118252810302,0.15138978639848297,-0.4079220388825472,0.14612365056206014,0.9725000000000001,False,0.3993118252810294,False
DVE004,M1,NEAR_LONG,BOTTLENECK_CENTER,0.04267187421919884,0.5593118252810302,0.15144593996820072,-0.40786588531282947,0.14612365056206014,0.9725000000000001,False,0.3993118252810294,False
DVE004,M1,NEAR_LONG,BOTTLENECK_CENTER,0.042811076695104575,0.5593118252810302,0.15150200220550675,-0.40780982307552344,0.14612365056206014,0.9725000000000001,False,0.3993118252810294,False
DVE004,M1,NEAR_LONG,BOTTLENECK_CENTER,0.04295027917101031,0.5593118252810302,0.15155797757235107,-0.4077538477086791,0.14612365056206014,0.9725000000000001,False,0.3993118252810294,False
DVE004,M1,NEAR_LONG,BOTTLENECK_CENTER,0.04308948164691605,0.5593118252810302,0.1516138703632269,-0.40769795491780325,0.14612365056206014,0.9725000000000001,False,0.3993118252810294,False
DVE004,M1,NEAR_LONG,BOTTLENECK_CENTER,0.043228684122821784,0.5593118252810302,0.1516696847067654,-0.4076421405742648,0.14612365056206014,0.9725000000000001,False,0.3993118252810294,False
DVE004,M1,NEAR_LONG,BOTTLENECK_CENTER,0.04336788659872753,0.5593118252810302,0.15172542456733037,-0.4075864007136998,0.14612365056206014,0.9725000000000001,False,0.3993118252810294,False
DVE004,M1,NEAR_LONG,BOTTLENECK_CENTER,0.043507089074633264,0.5593118252810302,0.15178109374661317,-0.407530731534417,0.14612365056206014,0.9725000000000001,False,0.3993118252810294,False
DVE004,M1,NEAR_LONG,BOTTLENECK_CENTER,0.043646291550539,0.5593118252810302,0.1518366958852273,-0.4074751293958029,0.14612365056206014,0.9725000000000001,False,0.3993118252810294,False
DVE004,M1,NEAR_LONG,BOTTLENECK_CENTER,0.043785494026444736,0.5593118252810302,0.15189223446430333,-0.40741959081672685,0.14612365056206014,0.9725000000000001,False,0.3993118252810294,False
DVE004,M1,NEAR_LONG,BOTTLENECK_CENTER,0.04392469650235048,0.5593118252810302,0.15194771280708358,-0.4073641124739466,0.14612365056206014,0.9725000000000001,False,0.3993118252810294,False
DVE004,M1,NEAR_LONG,BOTTLENECK_CENTER,0.044063898978256216,0.5593118252810302,0.15200313408051697,-0.4073086912005132,0.14612365056206014,0.9725000000000001,False,0.3993118252810294,False
DVE004,M1,NEAR_LONG,BOTTLENECK_CENTER,0.04420310145416195,0.5593118252810302,0.15205850129685364,-0.4072533239841766,0.14612365056206014,0.9725000000000001,False,0.3993118252810294,False
DVE004,M1,NEAR_LONG,BOTTLENECK_CENTER,0.04434230393006769,0.5593118252810302,0.15211381731523993,-0.40719800796579025,0.14612365056206014,0.9725000000000001,False,0.3993118252810294,False
DVE004,M1,NEAR_LONG,BOTTLENECK_CENTER,0.044481506405973426,0.5593118252810302,0.15216908484331293,-0.40714274043771725,0.14612365056206014,0.9725000000000001,False,0.3993118252810294,False
DVE004,M1,NEAR_LONG,BOTTLENECK_CENTER,0.04462070888187916,0.5593118252810302,0.15222430643879542,-0.40708751884223476,0.14612365056206014,0.9725000000000001,False,0.3993118252810294,False
DVE004,M1,NEAR_LONG,BOTTLENECK_CENTER,0.044759911357784905,0.5593118252810302,0.15227948451109055,-0.40703234076993966,0.14612365056206014,0.9725000000000001,False,0.3993118252810294,False
DVE004,M1,NEAR_LONG,BOTTLENECK_CENTER,0.04489911383369064,0.5593118252810302,0.15233462132287665,-0.4069772039581535,0.14612365056206014,0.9725000000000001,False,0.3993118252810294,False
DVE004,M1,NEAR_LONG,BOTTLENECK_CENTER,0.04503831630959638,0.5593118252810302,0.15238971899170195,-0.40692210628932823,0.14612365056206014,0.9725000000000001,False,0.3993118252810294,False
DVE004,M1,NEAR_LONG,BOTTLENECK_CENTER,0.045177518785502115,0.5593118252810302,0.15244477949157942,-0.40686704578945077,0.14612365056206014,0.9725000000000001,False,0.3993118252810294,False
DVE004,M1,NEAR_LONG,BOTTLENECK_CENTER,0.04531672126140785,0.5593118252810302,0.1524998046545815,-0.4068120206264487,0.14612365056206014,0.9725000000000001,False,0.3993118252810294,False
DVE004,M1,NEAR_LONG,BOTTLENECK_CENTER,0.045455923737313594,0.5593118252810302,0.1525547961724348,-0.40675702910859535,0.14612365056206014,0.9725000000000001,False,0.3993118252810294,False
DVE004,M1,NEAR_LONG,BOTTLENECK_CENTER,0.04559512621321933,0.5593118252810302,0.15260975559811507,-0.4067020696829151,0.14612365056206014,0.9725000000000001,False,0.3993118252810294,False
DVE004,M1,NEAR_LONG,BOTTLENECK_CENTER,0.04573432868912507,0.5593118252810302,0.1526646843474417,-0.40664714093358845,0.14612365056206014,0.9725000000000001,False,0.3993118252810294,False
DVE004,M1,NEAR_LONG,BOTTLENECK_CENTER,0.045873531165030804,0.5593118252810302,0.1527195837006727,-0.40659224158035745,0.14612365056206014,0.9725000000000001,False,0.3993118252810294,False
DVE004,M1,NEAR_LONG,BOTTLENECK_CENTER,0.04601273364093654,0.5593118252810302,0.15277445480409946,-0.4065373704769307,0.14612365056206014,0.9725000000000001,False,0.3993118252810294,False
DVE004,M1,NEAR_LONG,BOTTLENECK_CENTER,0.04615193611684228,0.5593118252810302,0.1528292986716413,-0.4064825266093889,0.14612365056206014,0.9725000000000001,False,0.3993118252810294,False
DVE004,M1,NEAR_LONG,BOTTLENECK_CENTER,0.04629113859274802,0.5593118252810302,0.15288411618644052,-0.4064277090945897,0.14612365056206014,0.9725000000000001,False,0.3993118252810294,False
DVE004,M1,NEAR_LONG,BOTTLENECK_CENTER,0.046430341068653756,0.5593118252810302,0.15293890810245703,-0.40637291717857316,0.14612365056206014,0.9725000000000001,False,0.3993118252810294,False
DVE004,M1,NEAR_LONG,BOTTLENECK_CENTER,0.04656954354455949,0.5593118252810302,0.1529936750460631,-0.4063181502349671,0.14612365056206014,0.9725000000000001,False,0.3993118252810294,False
DVE004,M1,NEAR_LONG,BOTTLENECK_CENTER,0.04670874602046523,0.5593118252810302,0.15304841751763817,-0.406263407763392,0.14612365056206014,0.9725000000000001,False,0.3993118252810294,False
DVE004,M1,NEAR_LONG,BOTTLENECK_CENTER,0.04684794849637097,0.5593118252810302,0.15310313589316368,-0.4062086893878665,0.14612365056206014,0.9725000000000001,False,0.3993118252810294,False
DVE004,M1,NEAR_LONG,BOTTLENECK_CENTER,0.04698715097227671,0.5593118252810302,0.15315783042581765,-0.40615399485521253,0.14612365056206014,0.9725000000000001,False,0.3993118252810294,False
DVE004,M1,NEAR_LONG,BOTTLENECK_CENTER,0.047126353448182445,0.5593118252810302,0.1532125012475697,-0.4060993240334605,0.14612365056206014,0.9725000000000001,False,0.3993118252810294,False
DVE004,M1,NEAR_LONG,BOTTLENECK_CENTER,0.04726555592408818,0.5593118252810302,0.15326714837077557,-0.4060446769102546,0.14612365056206014,0.9725000000000001,False,0.3993118252810294,False
DVE004,M1,NEAR_LONG,BOTTLENECK_CENTER,0.04740475839999392,0.5593118252810302,0.15332177168977215,-0.40599005359125806,0.14612365056206014,0.9725000000000001,False,0.3993118252810294,False
DVE004,M1,NEAR_LONG,BOTTLENECK_CENTER,0.047543960875899655,0.5593118252810302,0.153376370982472,-0.40593545429855815,0.14612365056206014,0.9725000000000001,False,0.3993118252810294,False
DVE004,M1,NEAR_LONG,BOTTLENECK_CENTER,0.0476831633518054,0.5593118252810302,0.1534309459119583,-0.4058808793690719,0.14612365056206014,0.9725000000000001,False,0.3993118252810294,False
DVE004,M1,NEAR_LONG,BOTTLENECK_CENTER,0.047822365827711134,0.5593118252810302,0.15348549602807948,-0.4058263292529507,0.14612365056206014,0.9725000000000001,False,0.3993118252810294,False
DVE004,M1,NEAR_LONG,BOTTLENECK_CENTER,0.04796156830361687,0.5593118252810302,0.15354002076904413,-0.405771804511986,0.14612365056206014,0.9725000000000001,False,0.3993118252810294,False
DVE004,M1,NEAR_LONG,BOTTLENECK_CENTER,0.04810077077952261,0.5593118252810302,0.15359451946301567,-0.4057173058180145,0.14612365056206014,0.9725000000000001,False,0.3993118252810294,False
DVE004,M1,NEAR_LONG,BOTTLENECK_CENTER,0.04823997325542835,0.5593118252810302,0.1536489913297071,-0.4056628339513231,0.14612365056206014,0.9725000000000001,False,0.3993118252810294,False
DVE004,M1,NEAR_LONG,BOTTLENECK_CENTER,0.04837917573133409,0.5593118252810302,0.15370343548197593,-0.4056083897990542,0.14612365056206014,0.9725000000000001,False,0.3993118252810294,False
DVE004,M1,NEAR_LONG,BOTTLENECK_CENTER,0.04851837820723982,0.5593118252810302,0.15375785092741873,-0.40555397435361146,0.14612365056206014,0.9725000000000001,False,0.3993118252810294,False
DVE004,M1,NEAR_LONG,BOTTLENECK_CENTER,0.04865758068314556,0.5593118252810302,0.15381223656996604,-0.4054995887110642,0.14612365056206014,0.9725000000000001,False,0.3993118252810294,False
DVE004,M1,NEAR_LONG,BOTTLENECK_CENTER,0.048796783159051296,0.5593118252810302,0.1538665912114771,-0.4054452340695531,0.14612365056206014,0.9725000000000001,False,0.3993118252810294,False
DVE004,M1,NEAR_LONG,BOTTLENECK_CENTER,0.04893598563495703,0.5593118252810302,0.1539209135533347,-0.4053909117276955,0.14612365056206014,0.9725000000000001,False,0.3993118252810294,False
DVE004,M1,NEAR_LONG,BOTTLENECK_CENTER,0.04907518811086277,0.5593118252810302,0.15397520219803976,-0.40533662308299045,0.14612365056206014,0.9725000000000001,False,0.3993118252810294,False
DVE004,M1,NEAR_LONG,BOTTLENECK_CENTER,0.04921439058676851,0.5593118252810302,0.15402945565080628,-0.4052823696302239,0.14612365056206014,0.9725000000000001,False,0.3993118252810294,False
DVE004,M1,NEAR_LONG,BOTTLENECK_CENTER,0.04935359306267425,0.5593118252810302,0.15408367232115602,-0.40522815295987413,0.14612365056206014,0.9725000000000001,False,0.3993118252810294,False
DVE004,M1,NEAR_LONG,BOTTLENECK_CENTER,0.049492795538579985,0.5593118252810302,0.15413785052451331,-0.40517397475651684,0.14612365056206014,0.9725000000000001,False,0.3993118252810294,False
DVE004,M1,NEAR_LONG,BOTTLENECK_CENTER,0.04963199801448572,0.5593118252810302,0.1541919884837998,-0.4051198367972304,0.14612365056206014,0.9725000000000001,False,0.3993118252810294,False
DVE004,M1,NEAR_LONG,BOTTLENECK_CENTER,0.049771200490391465,0.5593118252810302,0.1542460843310292,-0.405065740950001,0.14612365056206014,0.9725000000000001,False,0.3993118252810294,False
DVE004,M1,NEAR_LONG,BOTTLENECK_CENTER,0.0499104029662972,0.5593118252810302,0.15430013610890211,-0.40501168917212804,0.14612365056206014,0.9725000000000001,False,0.3993118252810294,False
DVE004,M1,NEAR_LONG,BOTTLENECK_CENTER,0.05004960544220294,0.5593118252810302,0.15435414177240075,-0.40495768350862943,0.14612365056206014,0.9725000000000001,False,0.3993118252810294,False
DVE004,M1,NEAR_LONG,BOTTLENECK_CENTER,0.050188807918108674,0.5593118252810302,0.15440809919038376,-0.4049037260906464,0.14612365056206014,0.9725000000000001,False,0.3993118252810294,False
DVE004,M1,NEAR_LONG,BOTTLENECK_CENTER,0.05032801039401441,0.5593118252810302,0.15446200614718092,-0.40484981913384926,0.14612365056206014,0.9725000000000001,False,0.3993118252810294,False
DVE004,M1,NEAR_LONG,BOTTLENECK_CENTER,0.05046721286992015,0.5593118252810302,0.15451586034418796,-0.4047959649368422,0.14612365056206014,0.9725000000000001,False,0.3993118252810294,False
DVE004,M1,NEAR_LONG,BOTTLENECK_CENTER,0.05060641534582589,0.5593118252810302,0.1545696594014613,-0.4047421658795689,0.14612365056206014,0.9725000000000001,False,0.3993118252810294,False
DVE004,M1,NEAR_LONG,BOTTLENECK_CENTER,0.05074561782173163,0.5593118252810302,0.1546234008593129,-0.40468842442171726,0.14612365056206014,0.9725000000000001,False,0.3993118252810294,False
DVE004,M1,NEAR_LONG,BOTTLENECK_CENTER,0.05088482029763736,0.5593118252810302,0.15467708217990486,-0.40463474310112535,0.14612365056206014,0.9725000000000001,False,0.3993118252810294,False
DVE004,M1,NEAR_LONG,BOTTLENECK_CENTER,0.0510240227735431,0.5593118252810302,0.1547307007488444,-0.40458112453218575,0.14612365056206014,0.9725000000000001,False,0.3993118252810294,False
DVE004,M1,NEAR_LONG,BOTTLENECK_CENTER,0.05116322524944884,0.5593118252810302,0.15478425387677847,-0.4045275714042517,0.14612365056206014,0.9725000000000001,False,0.3993118252810294,False
DVE004,M1,NEAR_LONG,BOTTLENECK_CENTER,0.05130242772535458,0.5593118252810302,0.15483773880098856,-0.40447408648004163,0.14612365056206014,0.9725000000000001,False,0.3993118252810294,False
DVE004,M1,NEAR_LONG,BOTTLENECK_CENTER,0.051441630201260316,0.5593118252810302,0.15489115268698553,-0.4044206725940447,0.14612365056206014,0.9725000000000001,False,0.3993118252810294,False
DVE004,M1,NEAR_LONG,BOTTLENECK_CENTER,0.05158083267716605,0.5593118252810302,0.1549444926301043,-0.4043673326509259,0.14612365056206014,0.9725000000000001,False,0.3993118252810294,False
DVE004,M1,NEAR_LONG,BOTTLENECK_CENTER,0.05172003515307179,0.5593118252810302,0.15499775565709867,-0.4043140696239315,0.14612365056206014,0.9725000000000001,False,0.3993118252810294,False
DVE004,M1,NEAR_LONG,BOTTLENECK_CENTER,0.051859237628977525,0.5593118252810302,0.15505093872773604,-0.4042608865532942,0.14612365056206014,0.9725000000000001,False,0.3993118252810294,False
DVE004,M1,NEAR_LONG,BOTTLENECK_CENTER,0.05199844010488326,0.5593118252810302,0.15510403873639228,-0.4042077865446379,0.14612365056206014,0.9725000000000001,False,0.3993118252810294,False
DVE004,M1,NEAR_LONG,BOTTLENECK_CENTER,0.052137642580789005,0.5593118252810302,0.15515705251364637,-0.4041547727673838,0.14612365056206014,0.9725000000000001,False,0.3993118252810294,False
DVE004,M1,NEAR_LONG,BOTTLENECK_CENTER,0.05227684505669474,0.5593118252810302,0.1552099768278752,-0.404101848453155,0.14612365056206014,0.9725000000000001,False,0.3993118252810294,False
DVE004,M1,NEAR_LONG,BOTTLENECK_CENTER,0.05241604753260048,0.5593118252810302,0.15526280838684847,-0.4040490168941817,0.14612365056206014,0.9725000000000001,False,0.3993118252810294,False
DVE004,M1,NEAR_LONG,BOTTLENECK_CENTER,0.05255525000850622,0.5593118252810302,0.15531554383932328,-0.4039962814417069,0.14612365056206014,0.9725000000000001,False,0.3993118252810294,False
DVE004,M1,NEAR_LONG,BOTTLENECK_CENTER,0.05269445248441196,0.5593118252810302,0.15536817977663903,-0.40394364550439116,0.14612365056206014,0.9725000000000001,False,0.3993118252810294,False
DVE004,M1,NEAR_LONG,BOTTLENECK_CENTER,0.052833654960317694,0.5593118252810302,0.15542071273431204,-0.40389111254671817,0.14612365056206014,0.9725000000000001,False,0.3993118252810294,False
DVE004,M1,NEAR_LONG,BOTTLENECK_CENTER,0.05297285743622343,0.5593118252810302,0.15547313919363057,-0.4038386860873996,0.14612365056206014,0.9725000000000001,False,0.3993118252810294,False
DVE004,M1,NEAR_LONG,BOTTLENECK_CENTER,0.05311205991212917,0.5593118252810302,0.15552545558324926,-0.4037863696977809,0.14612365056206014,0.9725000000000001,False,0.3993118252810294,False
DVE004,M1,NEAR_LONG,BOTTLENECK_CENTER,0.0532512623880349,0.5593118252810302,0.15557765828078424,-0.40373416700024595,0.14612365056206014,0.9725000000000001,False,0.3993118252810294,False
DVE004,M1,NEAR_LONG,BOTTLENECK_CENTER,0.05339046486394064,0.5593118252810302,0.15562974361440765,-0.40368208166662256,0.14612365056206014,0.9725000000000001,False,0.3993118252810294,False
DVE004,M1,NEAR_LONG,BOTTLENECK_CENTER,0.05352966733984638,0.5593118252810302,0.15568170786444246,-0.4036301174165877,0.14612365056206014,0.9725000000000001,False,0.3993118252810294,False
DVE004,M1,NEAR_LONG,BOTTLENECK_CENTER,0.05366886981575212,0.5593118252810302,0.15573354726495736,-0.4035782780160728,0.14612365056206014,0.9725000000000001,False,0.3993118252810294,False
DVE004,M1,NEAR_LONG,BOTTLENECK_CENTER,0.053808072291657856,0.5593118252810302,0.1557852580053614,-0.4035265672756688,0.14612365056206014,0.9725000000000001,False,0.3993118252810294,False
DVE004,M1,NEAR_LONG,BOTTLENECK_CENTER,0.05394727476756359,0.5593118252810302,0.15583683623199876,-0.40347498904903145,0.14612365056206014,0.9725000000000001,False,0.3993118252810294,False
DVE004,M1,NEAR_LONG,BOTTLENECK_CENTER,0.054086477243469336,0.5593118252810302,0.15588827804974367,-0.4034235472312865,0.14612365056206014,0.9725000000000001,False,0.3993118252810294,False
DVE004,M1,NEAR_LONG,BOTTLENECK_CENTER,0.05422567971937507,0.5593118252810302,0.15593957952359497,-0.40337224575743524,0.14612365056206014,0.9725000000000001,False,0.3993118252810294,False
DVE004,M1,NEAR_LONG,BOTTLENECK_CENTER,0.05436488219528081,0.5593118252810302,0.155990736680271,-0.4033210886007592,0.14612365056206014,0.9725000000000001,False,0.3993118252810294,False
DVE004,M1,NEAR_LONG,BOTTLENECK_CENTER,0.054504084671186545,0.5593118252810302,0.15604174550980437,-0.4032700797712258,0.14612365056206014,0.9725000000000001,False,0.3993118252810294,False
DVE004,M1,NEAR_LONG,BOTTLENECK_CENTER,0.05464328714709228,0.5593118252810302,0.15609260196713676,-0.4032192233138934,0.14612365056206014,0.9725000000000001,False,0.3993118252810294,False
DVE004,M1,NEAR_LONG,BOTTLENECK_CENTER,0.05478248962299802,0.5593118252810302,0.1561433019737135,-0.4031685233073167,0.14612365056206014,0.9725000000000001,False,0.3993118252810294,False
DVE004,M1,NEAR_LONG,BOTTLENECK_CENTER,0.054921692098903754,0.5593118252810302,0.15619384141907863,-0.4031179838619515,0.14612365056206014,0.9725000000000001,False,0.3993118252810294,False
DVE004,M1,NEAR_LONG,BOTTLENECK_CENTER,0.0550608945748095,0.5593118252810302,0.15624421616246942,-0.40306760911856077,0.14612365056206014,0.9725000000000001,False,0.3993118252810294,False
DVE004,M1,NEAR_LONG,BOTTLENECK_CENTER,0.055200097050715234,0.5593118252810302,0.15629442203441124,-0.40301740324661894,0.14612365056206014,0.9725000000000001,False,0.3993118252810294,False
DVE004,M1,NEAR_LONG,BOTTLENECK_CENTER,0.05533929952662097,0.5593118252810302,0.1563444548383124,-0.4029673704427178,0.14612365056206014,0.9725000000000001,False,0.3993118252810294,False
DVE004,M1,NEAR_LONG,BOTTLENECK_CENTER,0.055478502002526714,0.5593118252810302,0.15639431035205878,-0.40291751492897143,0.14612365056206014,0.9725000000000001,False,0.3993118252810294,False
DVE004,M1,NEAR_LONG,BOTTLENECK_CENTER,0.05561770447843245,0.5593118252810302,0.15644398432960865,-0.40286784095142153,0.14612365056206014,0.9725000000000001,False,0.3993118252810294,False
DVE004,M1,NEAR_LONG,BOTTLENECK_CENTER,0.05575690695433819,0.5593118252810302,0.15649347250258752,-0.4028183527784427,0.14612365056206014,0.9725000000000001,False,0.3993118252810294,False
DVE004,M1,NEAR_LONG,BOTTLENECK_CENTER,0.05589610943024392,0.5593118252810302,0.15654277058188276,-0.4027690546991474,0.14612365056206014,0.9725000000000001,False,0.3993118252810294,False
DVE004,M1,NEAR_LONG,BOTTLENECK_CENTER,0.05603531190614966,0.5593118252810302,0.15659187425923857,-0.4027199510217916,0.14612365056206014,0.9725000000000001,False,0.3993118252810294,False
DVE004,M1,NEAR_LONG,BOTTLENECK_CENTER,0.056174514382055396,0.5593118252810302,0.15664077920885053,-0.40267104607217963,0.14612365056206014,0.9725000000000001,False,0.3993118252810294,False
DVE004,M1,NEAR_LONG,BOTTLENECK_CENTER,0.05631371685796113,0.5593118252810302,0.15668948108896047,-0.4026223441920697,0.14612365056206014,0.9725000000000001,False,0.3993118252810294,False
DVE004,M1,NEAR_LONG,BOTTLENECK_CENTER,0.05645291933386687,0.5593118252810302,0.15673797554345134,-0.4025738497375788,0.14612365056206014,0.9725000000000001,False,0.3993118252810294,False
DVE004,M1,NEAR_LONG,BOTTLENECK_CENTER,0.05659212180977261,0.5593118252810302,0.15678625820344175,-0.40252556707758846,0.14612365056206014,0.9725000000000001,False,0.3993118252810294,False
DVE004,M1,NEAR_LONG,BOTTLENECK_CENTER,0.05673132428567835,0.5593118252810302,0.15683432468888098,-0.4024775005921492,0.14612365056206014,0.9725000000000001,False,0.3993118252810294,False
DVE004,M1,NEAR_LONG,BOTTLENECK_CENTER,0.05687052676158409,0.5593118252810302,0.1568821706101436,-0.4024296546708866,0.14612365056206014,0.9725000000000001,False,0.3993118252810294,False
DVE004,M1,NEAR_LONG,BOTTLENECK_CENTER,0.05700972923748983,0.5593118252810302,0.15692979156962422,-0.40238203371140596,0.14612365056206014,0.9725000000000001,False,0.3993118252810294,False
DVE004,M1,NEAR_LONG,BOTTLENECK_CENTER,0.057148931713395565,0.5593118252810302,0.1569771831633324,-0.40233464211769776,0.14612365056206014,0.9725000000000001,False,0.3993118252810294,False
DVE004,M1,NEAR_LONG,BOTTLENECK_CENTER,0.0572881341893013,0.5593118252810302,0.15702434098248733,-0.4022874842985429,0.14612365056206014,0.9725000000000001,False,0.3993118252810294,False
DVE004,M1,NEAR_LONG,BOTTLENECK_CENTER,0.05742733666520704,0.5593118252810302,0.15707126061511253,-0.4022405646659176,0.14612365056206014,0.9725000000000001,False,0.3993118252810294,False
DVE004,M1,NEAR_LONG,BOTTLENECK_CENTER,0.057566539141112774,0.5593118252810302,0.1571179376476308,-0.40219388763339936,0.14612365056206014,0.9725000000000001,False,0.3993118252810294,False
DVE004,M1,NEAR_LONG,BOTTLENECK_CENTER,0.05770574161701851,0.5593118252810302,0.1571643676664588,-0.4021474576145714,0.14612365056206014,0.9725000000000001,False,0.3993118252810294,False
DVE004,M1,NEAR_LONG,BOTTLENECK_CENTER,0.05784494409292425,0.5593118252810302,0.15721054625960196,-0.4021012790214282,0.14612365056206014,0.9725000000000001,False,0.3993118252810294,False
DVE004,M1,NEAR_LONG,BOTTLENECK_CENTER,0.05798414656882999,0.5593118252810302,0.15725646901824916,-0.402055356262781,0.14612365056206014,0.9725000000000001,False,0.3993118252810294,False
DVE004,M1,NEAR_LONG,BOTTLENECK_CENTER,0.05812334904473573,0.5593118252810302,0.15730213153836756,-0.4020096937426626,0.14612365056206014,0.9725000000000001,False,0.3993118252810294,False
DVE004,M1,NEAR_LONG,BOTTLENECK_CENTER,0.05826255152064146,0.5593118252810302,0.1573475294222973,-0.4019642958587329,0.14612365056206014,0.9725000000000001,False,0.3993118252810294,False
DVE004,M1,NEAR_LONG,BOTTLENECK_CENTER,0.05840175399654721,0.5593118252810302,0.15739265828034638,-0.4019191670006838,0.14612365056206014,0.9725000000000001,False,0.3993118252810294,False
DVE004,M1,NEAR_LONG,BOTTLENECK_CENTER,0.05854095647245294,0.5593118252810302,0.15743751373238526,-0.40187431154864495,0.14612365056206014,0.9725000000000001,False,0.3993118252810294,False
DVE004,M1,NEAR_LONG,BOTTLENECK_CENTER,0.05868015894835868,0.5593118252810302,0.15748209140944186,-0.4018297338715883,0.14612365056206014,0.9725000000000001,False,0.3993118252810294,False
DVE004,M1,NEAR_LONG,BOTTLENECK_CENTER,0.058819361424264416,0.5593118252810302,0.1575263869552961,-0.4017854383257341,0.14612365056206014,0.9725000000000001,False,0.3993118252810294,False
DVE004,M1,NEAR_LONG,BOTTLENECK_CENTER,0.05895856390017015,0.5593118252810302,0.15757039602807482,-0.40174142925295536,0.14612365056206014,0.9725000000000001,False,0.3993118252810294,False
DVE004,M1,NEAR_LONG,BOTTLENECK_CENTER,0.05909776637607589,0.5593118252810302,0.15761411430184644,-0.4016977109791837,0.14612365056206014,0.9725000000000001,False,0.3993118252810294,False
DVE004,M1,NEAR_LONG,BOTTLENECK_CENTER,0.059236968851981625,0.5593118252810302,0.15765753746821587,-0.4016542878128143,0.14612365056206014,0.9725000000000001,False,0.3993118252810294,False
DVE004,M1,NEAR_LONG,BOTTLENECK_CENTER,0.05937617132788737,0.5593118252810302,0.15770066123791915,-0.40161116404311104,0.14612365056206014,0.9725000000000001,False,0.3993118252810294,False
DVE004,M1,NEAR_LONG,BOTTLENECK_CENTER,0.059515373803793105,0.5593118252810302,0.15774348134241825,-0.40156834393861196,0.14612365056206014,0.9725000000000001,False,0.3993118252810294,False
DVE004,M1,NEAR_LONG,BOTTLENECK_CENTER,0.05965457627969884,0.5593118252810302,0.1577859935354959,-0.40152583174553425,0.14612365056206014,0.9725000000000001,False,0.3993118252810294,False
DVE004,M1,NEAR_LONG,BOTTLENECK_CENTER,0.059793778755604585,0.5593118252810302,0.1578281935948503,-0.40148363168617984,0.14612365056206014,0.9725000000000001,False,0.3993118252810294,False
DVE004,M1,NEAR_LONG,BOTTLENECK_CENTER,0.05993298123151032,0.5593118252810302,0.1578700773236899,-0.4014417479573403,0.14612365056206014,0.9725000000000001,False,0.3993118252810294,False
DVE004,M1,NEAR_LONG,BOTTLENECK_CENTER,0.06007218370741606,0.5593118252810302,0.15791164055232815,-0.40140018472870204,0.14612365056206014,0.9725000000000001,False,0.3993118252810294,False
DVE004,M1,NEAR_LONG,BOTTLENECK_CENTER,0.060211386183321794,0.5593118252810302,0.15795287913977835,-0.40135894614125184,0.14612365056206014,0.9725000000000001,False,0.3993118252810294,False
DVE004,M1,NEAR_LONG,BOTTLENECK_CENTER,0.06035058865922753,0.5593118252810302,0.1579937889753483,-0.40131803630568186,0.14612365056206014,0.9725000000000001,False,0.3993118252810294,False
DVE004,M1,NEAR_LONG,BOTTLENECK_CENTER,0.06048979113513327,0.5593118252810302,0.1580343659802352,-0.40127745930079495,0.14612365056206014,0.9725000000000001,False,0.3993118252810294,False
DVE004,M1,NEAR_LONG,BOTTLENECK_CENTER,0.060628993611039,0.5593118252810302,0.1580746061091203,-0.4012372191719099,0.14612365056206014,0.9725000000000001,False,0.3993118252810294,False
DVE004,M1,NEAR_LONG,BOTTLENECK_CENTER,0.06076819608694474,0.5593118252810302,0.15811450535176372,-0.40119731992926644,0.14612365056206014,0.9725000000000001,False,0.3993118252810294,False
DVE004,M1,NEAR_LONG,BOTTLENECK_CENTER,0.06090739856285048,0.5593118252810302,0.15815405973459928,-0.4011577655464309,0.14612365056206014,0.9725000000000001,False,0.3993118252810294,False
DVE004,M1,NEAR_LONG,BOTTLENECK_CENTER,0.06104660103875622,0.5593118252810302,0.15819326532232914,-0.40111855995870105,0.14612365056206014,0.9725000000000001,False,0.3993118252810294,False
DVE004,M1,NEAR_LONG,BOTTLENECK_CENTER,0.061185803514661956,0.5593118252810302,0.15823211821951866,-0.4010797070615115,0.14612365056206014,0.9725000000000001,False,0.3993118252810294,False
DVE004,M1,NEAR_LONG,BOTTLENECK_CENTER,0.0613250059905677,0.5593118252810302,0.1582706145721912,-0.401041210708839,0.14612365056206014,0.9725000000000001,False,0.3993118252810294,False
DVE004,M1,NEAR_LONG,BOTTLENECK_CENTER,0.061464208466473436,0.5593118252810302,0.15830875056942273,-0.40100307471160745,0.14612365056206014,0.9725000000000001,False,0.3993118252810294,False
DVE004,M1,NEAR_LONG,BOTTLENECK_CENTER,0.06160341094237917,0.5593118252810302,0.1583465224449368,-0.4009653028360934,0.14612365056206014,0.9725000000000001,False,0.3993118252810294,False
DVE004,M1,NEAR_LONG,BOTTLENECK_CENTER,0.06174261341828491,0.5593118252810302,0.15838392647869923,-0.40092789880233093,0.14612365056206014,0.9725000000000001,False,0.3993118252810294,False
DVE004,M1,NEAR_LONG,BOTTLENECK_CENTER,0.061881815894190645,0.5593118252810302,0.15842095899851277,-0.4008908662825174,0.14612365056206014,0.9725000000000001,False,0.3993118252810294,False
DVE004,M1,NEAR_LONG,BOTTLENECK_CENTER,0.06202101837009638,0.5593118252810302,0.15845761638161204,-0.40085420889941814,0.14612365056206014,0.9725000000000001,False,0.3993118252810294,False
DVE004,M1,NEAR_LONG,BOTTLENECK_CENTER,0.06216022084600212,0.5593118252810302,0.15849389505625822,-0.40081793022477197,0.14612365056206014,0.9725000000000001,False,0.3993118252810294,False
DVE004,M1,NEAR_LONG,BOTTLENECK_CENTER,0.06229942332190786,0.5593118252810302,0.15852979150333377,-0.4007820337776964,0.14612365056206014,0.9725000000000001,False,0.3993118252810294,False
DVE004,M1,NEAR_LONG,BOTTLENECK_CENTER,0.0624386257978136,0.5593118252810302,0.15856530225793736,-0.4007465230230928,0.14612365056206014,0.9725000000000001,False,0.3993118252810294,False
DVE004,M1,NEAR_LONG,BOTTLENECK_CENTER,0.06257782827371933,0.5593118252810302,0.1586004239109784,-0.4007114013700518,0.14612365056206014,0.9725000000000001,False,0.3993118252810294,False
DVE004,M1,NEAR_LONG,BOTTLENECK_CENTER,0.06271703074962508,0.5593118252810302,0.15863515311077203,-0.40067667217025815,0.14612365056206014,0.9725000000000001,False,0.3993118252810294,False
DVE004,M1,NEAR_LONG,BOTTLENECK_CENTER,0.06285623322553081,0.5593118252810302,0.1586694865646338,-0.4006423387163964,0.14612365056206014,0.9725000000000001,False,0.3993118252810294,False
DVE004,M1,NEAR_LONG,BOTTLENECK_CENTER,0.06299543570143655,0.5593118252810302,0.15870342104047444,-0.40060840424055577,0.14612365056206014,0.9725000000000001,False,0.3993118252810294,False
DVE004,M1,NEAR_LONG,BOTTLENECK_CENTER,0.06313463817734229,0.5593118252810302,0.15873695336839455,-0.40057487191263563,0.14612365056206014,0.9725000000000001,False,0.3993118252810294,False
DVE004,M1,NEAR_LONG,BOTTLENECK_CENTER,0.06327384065324802,0.5593118252810302,0.15877008044227958,-0.4005417448387506,0.14612365056206014,0.9725000000000001,False,0.3993118252810294,False
DVE004,M1,NEAR_LONG,BOTTLENECK_CENTER,0.06341304312915376,0.5593118252810302,0.15880279922139434,-0.40050902605963584,0.14612365056206014,0.9725000000000001,False,0.3993118252810294,False
DVE004,M1,NEAR_LONG,BOTTLENECK_CENTER,0.0635522456050595,0.5593118252810302,0.158835106731978,-0.4004767185490522,0.14612365056206014,0.9725000000000001,False,0.3993118252810294,False
DVE004,M1,NEAR_LONG,BOTTLENECK_CENTER,0.06369144808096523,0.5593118252810302,0.15886700006883872,-0.4004448252121915,0.14612365056206014,0.9725000000000001,False,0.3993118252810294,False
DVE004,M1,NEAR_LONG,BOTTLENECK_CENTER,0.06383065055687098,0.5593118252810302,0.15889847639694843,-0.40041334888408175,0.14612365056206014,0.9725000000000001,False,0.3993118252810294,False
DVE004,M1,NEAR_LONG,BOTTLENECK_CENTER,0.06396985303277672,0.5593118252810302,0.1589295329530377,-0.4003822923279925,0.14612365056206014,0.9725000000000001,False,0.3993118252810294,False
DVE004,M1,NEAR_LONG,BOTTLENECK_CENTER,0.06410905550868246,0.5593118252810302,0.15896016704719032,-0.4003516582338399,0.14612365056206014,0.9725000000000001,False,0.3993118252810294,False
DVE004,M1,NEAR_LONG,BOTTLENECK_CENTER,0.06424825798458819,0.5593118252810302,0.1589903760644383,-0.40032144921659185,0.14612365056206014,0.9725000000000001,False,0.3993118252810294,False
DVE004,M1,NEAR_LONG,BOTTLENECK_CENTER,0.06438746046049393,0.5593118252810302,0.1590201574663565,-0.4002916678146737,0.14612365056206014,0.9725000000000001,False,0.3993118252810294,False
DVE004,M1,NEAR_LONG,BOTTLENECK_CENTER,0.06452666293639966,0.5593118252810302,0.15904950879265736,-0.40026231648837285,0.14612365056206014,0.9725000000000001,False,0.3993118252810294,False
DVE004,M1,NEAR_LONG,BOTTLENECK_CENTER,0.0646658654123054,0.5593118252810302,0.1590784276627858,-0.4002333976182444,0.14612365056206014,0.9725000000000001,False,0.3993118252810294,False
DVE004,M1,NEAR_LONG,BOTTLENECK_CENTER,0.06480506788821114,0.5593118252810302,0.15910691177751388,-0.4002049135035163,0.14612365056206014,0.9725000000000001,False,0.3993118252810294,False
DVE004,M1,NEAR_LONG,BOTTLENECK_CENTER,0.06494427036411687,0.5593118252810302,0.15913495892053564,-0.40017686636049454,0.14612365056206014,0.9725000000000001,False,0.3993118252810294,False
DVE004,M1,NEAR_LONG,BOTTLENECK_CENTER,0.06508347284002261,0.5593118252810302,0.15916256696006187,-0.4001492583209683,0.14612365056206014,0.9725000000000001,False,0.3993118252810294,False
DVE004,M1,NEAR_LONG,BOTTLENECK_CENTER,0.06522267531592835,0.5593118252810302,0.15918973385041477,-0.4001220914306154,0.14612365056206014,0.9725000000000001,False,0.3993118252810294,False
DVE004,M1,NEAR_LONG,BOTTLENECK_CENTER,0.06536187779183408,0.5593118252810302,0.15921645763362285,-0.40009536764740733,0.14612365056206014,0.9725000000000001,False,0.3993118252810294,False
DVE004,M1,NEAR_LONG,BOTTLENECK_CENTER,0.06550108026773982,0.5593118252810302,0.1592427364410157,-0.40006908884001446,0.14612365056206014,0.9725000000000001,False,0.3993118252810294,False
DVE004,M1,NEAR_LONG,BOTTLENECK_CENTER,0.06564028274364557,0.5593118252810302,0.15926856849481857,-0.4000432567862116,0.14612365056206014,0.9725000000000001,False,0.3993118252810294,False
DVE004,M1,NEAR_LONG,BOTTLENECK_CENTER,0.0657794852195513,0.5593118252810302,0.15929395210974742,-0.4000178731712828,0.14612365056206014,0.9725000000000001,False,0.3993118252810294,False
DVE004,M1,NEAR_LONG,BOTTLENECK_CENTER,0.06591868769545704,0.5593118252810302,0.1593188856946035,-0.3999929395864267,0.14612365056206014,0.9725000000000001,False,0.3993118252810294,False
DVE004,M1,NEAR_LONG,BOTTLENECK_CENTER,0.06605789017136278,0.5593118252810302,0.15934336775386812,-0.39996845752716204,0.14612365056206014,0.9725000000000001,False,0.3993118252810294,False
DVE004,M1,NEAR_LONG,BOTTLENECK_CENTER,0.06619709264726852,0.5593118252810302,0.15936739688929752,-0.39994442839173266,0.14612365056206014,0.9725000000000001,False,0.3993118252810294,False
DVE004,M1,NEAR_LONG,BOTTLENECK_CENTER,0.06633629512317425,0.5593118252810302,0.1593909718015176,-0.39992085347951256,0.14612365056206014,0.9725000000000001,False,0.3993118252810294,False
DVE004,M1,NEAR_LONG,BOTTLENECK_CENTER,0.06647549759907999,0.5593118252810302,0.1594140912916186,-0.3998977339894116,0.14612365056206014,0.9725000000000001,False,0.3993118252810294,False
DVE004,M1,NEAR_LONG,BOTTLENECK_CENTER,0.06661470007498572,0.5593118252810302,0.15943675426275003,-0.3998750710182801,0.14612365056206014,0.9725000000000001,False,0.3993118252810294,False
DVE004,M1,NEAR_LONG,BOTTLENECK_CENTER,0.06675390255089148,0.5593118252810302,0.15945895972171528,-0.3998528655593149,0.14612365056206014,0.9725000000000001,False,0.3993118252810294,False
DVE004,M1,NEAR_LONG,BOTTLENECK_CENTER,0.06689310502679721,0.5593118252810302,0.15948070678056653,-0.39983111850046366,0.14612365056206014,0.9725000000000001,False,0.3993118252810294,False
DVE004,M1,NEAR_LONG,BOTTLENECK_CENTER,0.06703230750270295,0.5593118252810302,0.15950199465819942,-0.39980983062283076,0.14612365056206014,0.9725000000000001,False,0.3993118252810294,False
DVE004,M1,NEAR_LONG,BOTTLENECK_CENTER,0.06717150997860868,0.5593118252810302,0.15952282268194784,-0.39978900259908234,0.14612365056206014,0.9725000000000001,False,0.3993118252810294,False
DVE004,M1,NEAR_LONG,BOTTLENECK_CENTER,0.06731071245451442,0.5593118252810302,0.1595431902891787,-0.39976863499185145,0.14612365056206014,0.9725000000000001,False,0.3993118252810294,False
DVE004,M1,NEAR_LONG,BOTTLENECK_CENTER,0.06744991493042016,0.5593118252810302,0.15956309702888682,-0.39974872825214336,0.14612365056206014,0.9725000000000001,False,0.3993118252810294,False
DVE004,M1,NEAR_LONG,BOTTLENECK_CENTER,0.0675891174063259,0.5593118252810302,0.15958254256328944,-0.3997292827177408,0.14612365056206014,0.9725000000000001,False,0.3993118252810294,False
DVE004,M1,NEAR_LONG,BOTTLENECK_CENTER,0.06772831988223163,0.5593118252810302,0.15960152666942123,-0.39971029861160895,0.14612365056206014,0.9725000000000001,False,0.3993118252810294,False
DVE004,M1,NEAR_LONG,BOTTLENECK_CENTER,0.06786752235813737,0.5593118252810302,0.15962004924072892,-0.39969177604030126,0.14612365056206014,0.9725000000000001,False,0.3993118252810294,False
DVE004,M1,NEAR_LONG,BOTTLENECK_CENTER,0.0680067248340431,0.5593118252810302,0.15963811028866617,-0.39967371499236404,0.14612365056206014,0.9725000000000001,False,0.3993118252810294,False
DVE004,M1,NEAR_LONG,BOTTLENECK_CENTER,0.06814592730994884,0.5593118252810302,0.15965570994428827,-0.39965611533674195,0.14612365056206014,0.9725000000000001,False,0.3993118252810294,False
DVE004,M1,NEAR_LONG,BOTTLENECK_CENTER,0.06828512978585458,0.5593118252810302,0.15967284845984692,-0.39963897682118327,0.14612365056206014,0.9725000000000001,False,0.3993118252810294,False
DVE004,M1,NEAR_LONG,BOTTLENECK_CENTER,0.06842433226176031,0.5593118252810302,0.15968952621038499,-0.39962229907064517,0.14612365056206014,0.9725000000000001,False,0.3993118252810294,False
DVE004,M1,NEAR_LONG,BOTTLENECK_CENTER,0.06856353473766606,0.5593118252810302,0.1597057436953313,-0.3996060815856989,0.14612365056206014,0.9725000000000001,False,0.3993118252810294,False
DVE004,M1,NEAR_LONG,BOTTLENECK_CENTER,0.0687027372135718,0.5593118252810302,0.15972150154009546,-0.3995903237409347,0.14612365056206014,0.9725000000000001,False,0.3993118252810294,False
DVE004,M1,NEAR_LONG,BOTTLENECK_CENTER,0.06884193968947754,0.5593118252810302,0.15973680049766253,-0.39957502478336765,0.14612365056206014,0.9725000000000001,False,0.3993118252810294,False
DVE004,M1,NEAR_LONG,BOTTLENECK_CENTER,0.06898114216538327,0.5593118252810302,0.1597516414501878,-0.39956018383084235,0.14612365056206014,0.9725000000000001,False,0.3993118252810294,False
DVE004,M1,NEAR_LONG,BOTTLENECK_CENTER,0.06912034464128901,0.5593118252810302,0.15976602541059168,-0.3995457998704385,0.14612365056206014,0.9725000000000001,False,0.3993118252810294,False
DVE004,M1,NEAR_LONG,BOTTLENECK_CENTER,0.06925954711719474,0.5593118252810302,0.15977995352415428,-0.3995318717568759,0.14612365056206014,0.9725000000000001,False,0.3993118252810294,False
DVE004,M1,NEAR_LONG,BOTTLENECK_CENTER,0.06939874959310048,0.5593118252810302,0.15979342707011038,-0.39951839821091983,0.14612365056206014,0.9725000000000001,False,0.3993118252810294,False
DVE004,M1,NEAR_LONG,BOTTLENECK_CENTER,0.06953795206900622,0.5593118252810302,0.15980644746324404,-0.39950537781778617,0.14612365056206014,0.9725000000000001,False,0.3993118252810294,False
DVE004,M1,NEAR_LONG,BOTTLENECK_CENTER,0.06967715454491197,0.5593118252810302,0.15981901625548342,-0.39949280902554674,0.14612365056206014,0.9725000000000001,False,0.3993118252810294,False
DVE004,M1,NEAR_LONG,BOTTLENECK_CENTER,0.0698163570208177,0.5593118252810302,0.15983113513749564,-0.39948069014353454,0.14612365056206014,0.9725000000000001,False,0.3993118252810294,False
DVE004,M1,NEAR_LONG,BOTTLENECK_CENTER,0.06995555949672344,0.5593118252810302,0.15984280594028139,-0.3994690193407488,0.14612365056206014,0.9725000000000001,False,0.3993118252810294,False
DVE004,M1,NEAR_LONG,BOTTLENECK_CENTER,0.07009476197262918,0.5593118252810302,0.15985403063676978,-0.3994577946442604,0.14612365056206014,0.9725000000000001,False,0.3993118252810294,False
DVE004,M1,NEAR_LONG,BOTTLENECK_CENTER,0.07023396444853491,0.5593118252810302,0.15986481134341318,-0.399447013937617,0.14612365056206014,0.9725000000000001,False,0.3993118252810294,False
DVE004,M1,NEAR_LONG,BOTTLENECK_CENTER,0.07037316692444065,0.5593118252810302,0.15987515032178184,-0.39943667495924834,0.14612365056206014,0.9725000000000001,False,0.3993118252810294,False
DVE004,M1,NEAR_LONG,BOTTLENECK_CENTER,0.07051236940034639,0.5593118252810302,0.1598850499801588,-0.3994267753008714,0.14612365056206014,0.9725000000000001,False,0.3993118252810294,False
DVE004,M1,NEAR_LONG,BOTTLENECK_CENTER,0.07065157187625212,0.5593118252810302,0.15989451287513454,-0.3994173124058956,0.14612365056206014,0.9725000000000001,False,0.3993118252810294,False
DVE004,M1,NEAR_LONG,BOTTLENECK_CENTER,0.07079077435215786,0.5593118252810302,0.15990354171320184,-0.3994082835678283,0.14612365056206014,0.9725000000000001,False,0.3993118252810294,False
DVE004,M1,NEAR_LONG,BOTTLENECK_CENTER,0.0709299768280636,0.5593118252810302,0.1599121393523505,-0.3993996859286797,0.14612365056206014,0.9725000000000001,False,0.3993118252810294,False
DVE004,M1,NEAR_LONG,BOTTLENECK_CENTER,0.07106917930396933,0.5593118252810302,0.15992030880366215,-0.39939151647736804,0.14612365056206014,0.9725000000000001,False,0.3993118252810294,False
DVE004,M1,NEAR_LONG,BOTTLENECK_CENTER,0.07120838177987507,0.5593118252810302,0.15992805323290493,-0.39938377204812525,0.14612365056206014,0.9725000000000001,False,0.3993118252810294,False
DVE004,M1,NEAR_LONG,BOTTLENECK_CENTER,0.0713475842557808,0.5593118252810302,0.15993537596212845,-0.3993764493189017,0.14612365056206014,0.9725000000000001,False,0.3993118252810294,False
DVE004,M1,NEAR_LONG,BOTTLENECK_CENTER,0.07148678673168654,0.5593118252810302,0.15994228047125827,-0.39936954480977194,0.14612365056206014,0.9725000000000001,False,0.3993118252810294,False
DVE004,M1,NEAR_LONG,BOTTLENECK_CENTER,0.07162598920759229,0.5593118252810302,0.15994877039969096,-0.3993630548813392,0.14612365056206014,0.9725000000000001,False,0.3993118252810294,False
DVE004,M1,NEAR_LONG,BOTTLENECK_CENTER,0.07176519168349803,0.5593118252810302,0.1599548495478887,-0.3993569757331415,0.14612365056206014,0.9725000000000001,False,0.3993118252810294,False
DVE004,M1,NEAR_LONG,BOTTLENECK_CENTER,0.07190439415940376,0.5593118252810302,0.15996052187897403,-0.39935130340205616,0.14612365056206014,0.9725000000000001,False,0.3993118252810294,False
DVE004,M1,NEAR_LONG,BOTTLENECK_CENTER,0.0720435966353095,0.5593118252810302,0.1599657915203248,-0.3993460337607054,0.14612365056206014,0.9725000000000001,False,0.3993118252810294,False
DVE004,M1,NEAR_LONG,BOTTLENECK_CENTER,0.07218279911121524,0.5593118252810302,0.15997066276516872,-0.3993411625158615,0.14612365056206014,0.9725000000000001,False,0.3993118252810294,False
DVE004,M1,NEAR_LONG,BOTTLENECK_CENTER,0.07232200158712099,0.5593118252810302,0.1599751400741783,-0.3993366852068519,0.14612365056206014,0.9725000000000001,False,0.3993118252810294,False
DVE004,M1,NEAR_LONG,BOTTLENECK_CENTER,0.07246120406302672,0.5593118252810302,0.15997922807706547,-0.39933259720396475,0.14612365056206014,0.9725000000000001,False,0.3993118252810294,False
DVE004,M1,NEAR_LONG,BOTTLENECK_CENTER,0.07260040653893246,0.5593118252810302,0.15998293157417648,-0.3993288937068537,0.14612365056206014,0.9725000000000001,False,0.3993118252810294,False
DVE004,M1,NEAR_LONG,BOTTLENECK_CENTER,0.0727396090148382,0.5593118252810302,0.15998625553808662,-0.39932556974294353,0.14612365056206014,0.9725000000000001,False,0.3993118252810294,False
DVE004,M1,NEAR_LONG,BOTTLENECK_CENTER,0.07287881149074393,0.5593118252810302,0.15998920511519496,-0.3993226201658352,0.14612365056206014,0.9725000000000001,False,0.3993118252810294,False
DVE004,M1,NEAR_LONG,BOTTLENECK_CENTER,0.07301801396664967,0.5593118252810302,0.15999178562731917,-0.399320039653711,0.14612365056206014,0.9725000000000001,False,0.3993118252810294,False
DVE004,M1,NEAR_LONG,BOTTLENECK_CENTER,0.0731572164425554,0.5593118252810302,0.15999400257329027,-0.3993178227077399,0.14612365056206014,0.9725000000000001,False,0.3993118252810294,False
DVE004,M1,NEAR_LONG,BOTTLENECK_CENTER,0.07329641891846114,0.5593118252810302,0.15999586163054735,-0.39931596365048283,0.14612365056206014,0.9725000000000001,False,0.3993118252810294,False
DVE004,M1,NEAR_LONG,BOTTLENECK_CENTER,0.07343562139436688,0.5593118252810302,0.15999736865673242,-0.39931445662429776,0.14612365056206014,0.9725000000000001,False,0.3993118252810294,False
DVE004,M1,NEAR_LONG,BOTTLENECK_CENTER,0.07357482387027262,0.5593118252810302,0.15999852969128517,-0.39931329558974504,0.14612365056206014,0.9725000000000001,False,0.3993118252810294,False
DVE004,M1,NEAR_LONG,BOTTLENECK_CENTER,0.07371402634617835,0.5593118252810302,0.15999935095703763,-0.39931247432399253,0.14612365056206014,0.9725000000000001,False,0.3993118252810294,False
DVE004,M1,NEAR_LONG,BOTTLENECK_CENTER,0.07385322882208409,0.5593118252810302,0.15999983886180907,-0.3993119864192211,0.14612365056206014,0.9725000000000001,False,0.3993118252810294,False
DVE004,M1,NEAR_LONG,BOTTLENECK_CENTER,0.07399243129798982,0.5593118252810302,0.16000000000000078,-0.3993118252810294,0.14612365056206014,0.9725000000000001,True,0.3993118252810294,False
DVE004,M1,NEAR_LONG,BOTTLENECK_CENTER,0.07413163377389556,0.5593118252810302,0.1599998355834831,-0.3993119896975471,0.14612365056206014,0.9725000000000001,False,0.3993118252810294,False
DVE004,M1,NEAR_LONG,BOTTLENECK_CENTER,0.0742708362498013,0.5593118252810302,0.1599993249101825,-0.39931250037084765,0.14612365056206014,0.9725000000000001,False,0.3993118252810294,False
DVE004,M1,NEAR_LONG,BOTTLENECK_CENTER,0.07441003872570703,0.5593118252810302,0.15999844238778943,-0.39931338289324075,0.14612365056206014,0.9725000000000001,False,0.3993118252810294,False
DVE004,M1,NEAR_LONG,BOTTLENECK_CENTER,0.07454924120161278,0.5593118252810302,0.15999716314353266,-0.39931466213749756,0.14612365056206014,0.9725000000000001,False,0.3993118252810294,False
DVE004,M1,NEAR_LONG,BOTTLENECK_CENTER,0.07468844367751852,0.5593118252810302,0.15999546301808315,-0.39931636226294703,0.14612365056206014,0.9725000000000001,False,0.3993118252810294,False
DVE004,M1,NEAR_LONG,BOTTLENECK_CENTER,0.07482764615342426,0.5593118252810302,0.15999331855945775,-0.39931850672157243,0.14612365056206014,0.9725000000000001,False,0.3993118252810294,False
DVE004,M1,NEAR_LONG,BOTTLENECK_CENTER,0.07496684862933,0.5593118252810302,0.15999070701692286,-0.3993211182641073,0.14612365056206014,0.9725000000000001,False,0.3993118252810294,False
DVE004,M1,NEAR_LONG,BOTTLENECK_CENTER,0.07510605110523573,0.5593118252810302,0.15998760633489817,-0.399324218946132,0.14612365056206014,0.9725000000000001,False,0.3993118252810294,False
DVE004,M1,NEAR_LONG,BOTTLENECK_CENTER,0.07524525358114148,0.5593118252810302,0.15998399514686037,-0.39932783013416984,0.14612365056206014,0.9725000000000001,False,0.3993118252810294,False
DVE004,M1,NEAR_LONG,BOTTLENECK_CENTER,0.07538445605704722,0.5593118252810302,0.1599798527692469,-0.3993319725117833,0.14612365056206014,0.9725000000000001,False,0.3993118252810294,False
DVE004,M1,NEAR_LONG,BOTTLENECK_CENTER,0.07552365853295295,0.5593118252810302,0.15997515919535954,-0.39933666608567064,0.14612365056206014,0.9725000000000001,False,0.3993118252810294,False
DVE004,M1,NEAR_LONG,BOTTLENECK_CENTER,0.07566286100885869,0.5593118252810302,0.15996989508926823,-0.39934193019176195,0.14612365056206014,0.9725000000000001,False,0.3993118252810294,False
DVE004,M1,NEAR_LONG,BOTTLENECK_CENTER,0.07580206348476443,0.5593118252810302,0.15996404177971477,-0.3993477835013154,0.14612365056206014,0.9725000000000001,False,0.3993118252810294,False
DVE004,M1,NEAR_LONG,BOTTLENECK_CENTER,0.07594126596067016,0.5593118252810302,0.15995758125401646,-0.3993542440270137,0.14612365056206014,0.9725000000000001,False,0.3993118252810294,False
DVE004,M1,NEAR_LONG,BOTTLENECK_CENTER,0.0760804684365759,0.5593118252810302,0.15995049615196993,-0.39936132912906025,0.14612365056206014,0.9725000000000001,False,0.3993118252810294,False
DVE004,M1,NEAR_LONG,BOTTLENECK_CENTER,0.07621967091248164,0.5593118252810302,0.15994276975975472,-0.39936905552127544,0.14612365056206014,0.9725000000000001,False,0.3993118252810294,False
DVE004,M1,NEAR_LONG,BOTTLENECK_CENTER,0.07635887338838737,0.5593118252810302,0.15993438600383703,-0.39937743927719316,0.14612365056206014,0.9725000000000001,False,0.3993118252810294,False
DVE004,M1,NEAR_LONG,BOTTLENECK_CENTER,0.07649807586429311,0.5593118252810302,0.15992532944487353,-0.39938649583615665,0.14612365056206014,0.9725000000000001,False,0.3993118252810294,False
DVE004,M1,NEAR_LONG,BOTTLENECK_CENTER,0.07663727834019884,0.5593118252810302,0.1599155852716149,-0.3993962400094153,0.14612365056206014,0.9725000000000001,False,0.3993118252810294,False
DVE004,M1,NEAR_LONG,BOTTLENECK_CENTER,0.07677648081610458,0.5593118252810302,0.1599051392948097,-0.3994066859862205,0.14612365056206014,0.9725000000000001,False,0.3993118252810294,False
DVE004,M1,NEAR_LONG,BOTTLENECK_CENTER,0.07691568329201032,0.5593118252810302,0.159893977941108,-0.3994178473399222,0.14612365056206014,0.9725000000000001,False,0.3993118252810294,False
DVE004,M1,NEAR_LONG,BOTTLENECK_CENTER,0.07705488576791605,0.5593118252810302,0.15988208824696504,-0.39942973703406515,0.14612365056206014,0.9725000000000001,False,0.3993118252810294,False
DVE004,M1,NEAR_LONG,BOTTLENECK_CENTER,0.07719408824382179,0.5593118252810302,0.15986945785254505,-0.39944236742848516,0.14612365056206014,0.9725000000000001,False,0.3993118252810294,False
DVE004,M1,NEAR_LONG,BOTTLENECK_CENTER,0.07733329071972753,0.5593118252810302,0.15985607499562493,-0.39945575028540525,0.14612365056206014,0.9725000000000001,False,0.3993118252810294,False
DVE004,M1,NEAR_LONG,BOTTLENECK_CENTER,0.07747249319563328,0.5593118252810302,0.15984192850549786,-0.39946989677553235,0.14612365056206014,0.9725000000000001,False,0.3993118252810294,False
DVE004,M1,NEAR_LONG,BOTTLENECK_CENTER,0.07761169567153901,0.5593118252810302,0.1598270077968772,-0.399484817484153,0.14612365056206014,0.9725000000000001,False,0.3993118252810294,False
DVE004,M1,NEAR_LONG,BOTTLENECK_CENTER,0.07775089814744475,0.5593118252810302,0.1598113028638,-0.3995005224172302,0.14612365056206014,0.9725000000000001,False,0.3993118252810294,False
DVE004,M1,NEAR_LONG,BOTTLENECK_CENTER,0.07789010062335049,0.5593118252810302,0.15979480427353085,-0.3995170210074993,0.14612365056206014,0.9725000000000001,False,0.3993118252810294,False
DVE004,M1,NEAR_LONG,BOTTLENECK_CENTER,0.07802930309925622,0.5593118252810302,0.15977750316046554,-0.3995343221205646,0.14612365056206014,0.9725000000000001,False,0.3993118252810294,False
DVE004,M1,NEAR_LONG,BOTTLENECK_CENTER,0.07816850557516197,0.5593118252810302,0.1597593912200347,-0.3995524340609955,0.14612365056206014,0.9725000000000001,False,0.3993118252810294,False
DVE004,M1,NEAR_LONG,BOTTLENECK_CENTER,0.07830770805106771,0.5593118252810302,0.15974046070260775,-0.39957136457842246,0.14612365056206014,0.9725000000000001,False,0.3993118252810294,False
DVE004,M1,NEAR_LONG,BOTTLENECK_CENTER,0.07844691052697345,0.5593118252810302,0.15972070440739625,-0.3995911208736339,0.14612365056206014,0.9725000000000001,False,0.3993118252810294,False
DVE004,M1,NEAR_LONG,BOTTLENECK_CENTER,0.07858611300287918,0.5593118252810302,0.1597001156763579,-0.3996117096046723,0.14612365056206014,0.9725000000000001,False,0.3993118252810294,False
DVE004,M1,NEAR_LONG,BOTTLENECK_CENTER,0.07872531547878492,0.5593118252810302,0.15967868838810015,-0.39963313689293,0.14612365056206014,0.9725000000000001,False,0.3993118252810294,False
DVE004,M1,NEAR_LONG,BOTTLENECK_CENTER,0.07886451795469065,0.5593118252810302,0.15965641695178392,-0.3996554083292463,0.14612365056206014,0.9725000000000001,False,0.3993118252810294,False
DVE004,M1,NEAR_LONG,BOTTLENECK_CENTER,0.07900372043059639,0.5593118252810302,0.15963329630102727,-0.3996785289800029,0.14612365056206014,0.9725000000000001,False,0.3993118252810294,False
DVE004,M1,NEAR_LONG,BOTTLENECK_CENTER,0.07914292290650213,0.5593118252810302,0.15960932188780916,-0.399702503393221,0.14612365056206014,0.9725000000000001,False,0.3993118252810294,False
DVE004,M1,NEAR_LONG,BOTTLENECK_CENTER,0.07928212538240786,0.5593118252810302,0.15958448967637318,-0.399727335604657,0.14612365056206014,0.9725000000000001,False,0.3993118252810294,False
DVE004,M1,NEAR_LONG,BOTTLENECK_CENTER,0.0794213278583136,0.5593118252810302,0.15955879613713114,-0.39975302914389904,0.14612365056206014,0.9725000000000001,False,0.3993118252810294,False
DVE004,M1,NEAR_LONG,BOTTLENECK_CENTER,0.07956053033421934,0.5593118252810302,0.15953223824056695,-0.39977958704046324,0.14612365056206014,0.9725000000000001,False,0.3993118252810294,False
DVE004,M1,NEAR_LONG,BOTTLENECK_CENTER,0.07969973281012507,0.5593118252810302,0.15950481345114018,-0.39980701182989,0.14612365056206014,0.9725000000000001,False,0.3993118252810294,False
DVE004,M1,NEAR_LONG,BOTTLENECK_CENTER,0.07983893528603081,0.5593118252810302,0.1594765197211899,-0.39983530555984026,0.14612365056206014,0.9725000000000001,False,0.3993118252810294,False
DVE004,M1,NEAR_LONG,BOTTLENECK_CENTER,0.07997813776193655,0.5593118252810302,0.15944735548483827,-0.39986446979619195,0.14612365056206014,0.9725000000000001,False,0.3993118252810294,False
DVE004,M1,NEAR_LONG,BOTTLENECK_CENTER,0.08011734023784228,0.5593118252810302,0.15941731965189435,-0.39989450562913587,0.14612365056206014,0.9725000000000001,False,0.3993118252810294,False
DVE004,M1,NEAR_LONG,BOTTLENECK_CENTER,0.08025654271374802,0.5593118252810302,0.1593864116017577,-0.3999254136792725,0.14612365056206014,0.9725000000000001,False,0.3993118252810294,False
DVE004,M1,NEAR_LONG,BOTTLENECK_CENTER,0.08039574518965377,0.5593118252810302,0.15935463117732224,-0.39995719410370795,0.14612365056206014,0.9725000000000001,False,0.3993118252810294,False
DVE004,M1,NEAR_LONG,BOTTLENECK_CENTER,0.0805349476655595,0.5593118252810302,0.15932197867887982,-0.39998984660215037,0.14612365056206014,0.9725000000000001,False,0.3993118252810294,False
DVE004,M1,NEAR_LONG,BOTTLENECK_CENTER,0.08067415014146524,0.5593118252810302,0.15928845485802398,-0.4000233704230062,0.14612365056206014,0.9725000000000001,False,0.3993118252810294,False
DVE004,M1,NEAR_LONG,BOTTLENECK_CENTER,0.08081335261737098,0.5593118252810302,0.15925406091155372,-0.4000577643694765,0.14612365056206014,0.9725000000000001,False,0.3993118252810294,False
DVE004,M1,NEAR_LONG,BOTTLENECK_CENTER,0.08095255509327672,0.5593118252810302,0.15921879847537712,-0.40009302680565306,0.14612365056206014,0.9725000000000001,False,0.3993118252810294,False
DVE004,M1,NEAR_LONG,BOTTLENECK_CENTER,0.08109175756918247,0.5593118252810302,0.1591826696184151,-0.4001291556626151,0.14612365056206014,0.9725000000000001,False,0.3993118252810294,False
DVE004,M1,NEAR_LONG,BOTTLENECK_CENTER,0.0812309600450882,0.5593118252810302,0.1591456768365051,-0.4001661484445251,0.14612365056206014,0.9725000000000001,False,0.3993118252810294,False
DVE004,M1,NEAR_LONG,BOTTLENECK_CENTER,0.08137016252099394,0.5593118252810302,0.15910782304630483,-0.40020400223472535,0.14612365056206014,0.9725000000000001,False,0.3993118252810294,False
DVE004,M1,NEAR_LONG,BOTTLENECK_CENTER,0.08150936499689967,0.5593118252810302,0.15906911157919593,-0.4002427137018343,0.14612365056206014,0.9725000000000001,False,0.3993118252810294,False
DVE004,M1,NEAR_LONG,BOTTLENECK_CENTER,0.08164856747280541,0.5593118252810302,0.15902954617518772,-0.40028227910584246,0.14612365056206014,0.9725000000000001,False,0.3993118252810294,False
DVE004,M1,NEAR_LONG,BOTTLENECK_CENTER,0.08178776994871115,0.5593118252810302,0.15898913097682096,-0.4003226943042092,0.14612365056206014,0.9725000000000001,False,0.3993118252810294,False
DVE004,M1,NEAR_LONG,BOTTLENECK_CENTER,0.08192697242461688,0.5593118252810302,0.15894787052307138,-0.40036395475795883,0.14612365056206014,0.9725000000000001,False,0.3993118252810294,False
DVE004,M1,NEAR_LONG,BOTTLENECK_CENTER,0.08206617490052262,0.5593118252810302,0.15890576974325363,-0.40040605553777653,0.14612365056206014,0.9725000000000001,False,0.3993118252810294,False
DVE004,M1,NEAR_LONG,BOTTLENECK_CENTER,0.08220537737642836,0.5593118252810302,0.1588628339509248,-0.40044899133010536,0.14612365056206014,0.9725000000000001,False,0.3993118252810294,False
DVE004,M1,NEAR_LONG,BOTTLENECK_CENTER,0.0823445798523341,0.5593118252810302,0.15881906883778815,-0.400492756443242,0.14612365056206014,0.9725000000000001,False,0.3993118252810294,False
DVE004,M1,NEAR_LONG,BOTTLENECK_CENTER,0.08248378232823983,0.5593118252810302,0.15877448046759704,-0.40053734481343317,0.14612365056206014,0.9725000000000001,False,0.3993118252810294,False
DVE004,M1,NEAR_LONG,BOTTLENECK_CENTER,0.08262298480414557,0.5593118252810302,0.15872907527005828,-0.4005827500109719,0.14612365056206014,0.9725000000000001,False,0.3993118252810294,False
DVE004,M1,NEAR_LONG,BOTTLENECK_CENTER,0.0827621872800513,0.5593118252810302,0.15868286003473617,-0.400628965246294,0.14612365056206014,0.9725000000000001,False,0.3993118252810294,False
DVE004,M1,NEAR_LONG,BOTTLENECK_CENTER,0.08290138975595704,0.5593118252810302,0.15863584190495597,-0.40067598337607424,0.14612365056206014,0.9725000000000001,False,0.3993118252810294,False
DVE004,M1,NEAR_LONG,BOTTLENECK_CENTER,0.08304059223186278,0.5593118252810302,0.1585880283717078,-0.40072379690932236,0.14612365056206014,0.9725000000000001,False,0.3993118252810294,False
DVE004,M1,NEAR_LONG,BOTTLENECK_CENTER,0.08317979470776851,0.5593118252810302,0.1585394272675502,-0.40077239801347997,0.14612365056206014,0.9725000000000001,False,0.3993118252810294,False
DVE004,M1,NEAR_LONG,BOTTLENECK_CENTER,0.08331899718367426,0.5593118252810302,0.1584900467605139,-0.40082177852051626,0.14612365056206014,0.9725000000000001,False,0.3993118252810294,False
DVE004,M1,NEAR_LONG,BOTTLENECK_CENTER,0.08345819965958,0.5593118252810302,0.15843989534800557,-0.4008719299330246,0.14612365056206014,0.9725000000000001,False,0.3993118252810294,False
DVE004,M1,NEAR_LONG,BOTTLENECK_CENTER,0.08359740213548573,0.5593118252810302,0.1583889818507115,-0.4009228434303187,0.14612365056206014,0.9725000000000001,False,0.3993118252810294,False
DVE004,M1,NEAR_LONG,BOTTLENECK_CENTER,0.08373660461139147,0.5593118252810302,0.15833731540650126,-0.40097450987452893,0.14612365056206014,0.9725000000000001,False,0.3993118252810294,False
DVE004,M1,NEAR_LONG,BOTTLENECK_CENTER,0.08387580708729721,0.5593118252810302,0.15828490546433147,-0.4010269198166987,0.14612365056206014,0.9725000000000001,False,0.3993118252810294,False
DVE004,M1,NEAR_LONG,BOTTLENECK_CENTER,0.08401500956320296,0.5593118252810302,0.1582317617781495,-0.4010800635028807,0.14612365056206014,0.9725000000000001,False,0.3993118252810294,False
DVE004,M1,NEAR_LONG,BOTTLENECK_CENTER,0.0841542120391087,0.5593118252810302,0.15817789440079713,-0.4011339308802331,0.14612365056206014,0.9725000000000001,False,0.3993118252810294,False
DVE004,M1,NEAR_LONG,BOTTLENECK_CENTER,0.08429341451501443,0.5593118252810302,0.1581233136779144,-0.40118851160311575,0.14612365056206014,0.9725000000000001,False,0.3993118252810294,False
DVE004,M1,NEAR_LONG,BOTTLENECK_CENTER,0.08443261699092017,0.5593118252810302,0.15806803024184313,-0.40124379503918706,0.14612365056206014,0.9725000000000001,False,0.3993118252810294,False
DVE004,M1,NEAR_LONG,BOTTLENECK_CENTER,0.0845718194668259,0.5593118252810302,0.15801205500553075,-0.40129977027549946,0.14612365056206014,0.9725000000000001,False,0.3993118252810294,False
DVE004,M1,NEAR_LONG,BOTTLENECK_CENTER,0.08471102194273164,0.5593118252810302,0.15795539915643403,-0.40135642612459616,0.14612365056206014,0.9725000000000001,False,0.3993118252810294,False
DVE004,M1,NEAR_LONG,BOTTLENECK_CENTER,0.08485022441863738,0.5593118252810302,0.15789807415042267,-0.4014137511306075,0.14612365056206014,0.9725000000000001,False,0.3993118252810294,False
DVE004,M1,NEAR_LONG,BOTTLENECK_CENTER,0.08498942689454311,0.5593118252810302,0.15784009170568314,-0.40147173357534705,0.14612365056206014,0.9725000000000001,False,0.3993118252810294,False
DVE004,M1,NEAR_LONG,BOTTLENECK_CENTER,0.08512862937044885,0.5593118252810302,0.15778146379662233,-0.40153036148440785,0.14612365056206014,0.9725000000000001,False,0.3993118252810294,False
DVE004,M1,NEAR_LONG,BOTTLENECK_CENTER,0.08526783184635459,0.5593118252810302,0.15772220264777123,-0.4015896226332589,0.14612365056206014,0.9725000000000001,False,0.3993118252810294,False
DVE004,M1,NEAR_LONG,BOTTLENECK_CENTER,0.08540703432226032,0.5593118252810302,0.15766232072768874,-0.4016495045533415,0.14612365056206014,0.9725000000000001,False,0.3993118252810294,False
DVE004,M1,NEAR_LONG,BOTTLENECK_CENTER,0.08554623679816606,0.5593118252810302,0.1576018307428652,-0.40170999453816497,0.14612365056206014,0.9725000000000001,False,0.3993118252810294,False
DVE004,M1,NEAR_LONG,BOTTLENECK_CENTER,0.0856854392740718,0.5593118252810302,0.15754074563162637,-0.40177107964940384,0.14612365056206014,0.9725000000000001,False,0.3993118252810294,False
DVE004,M1,NEAR_LONG,BOTTLENECK_CENTER,0.08582464174997753,0.5593118252810302,0.15747907855803686,-0.4018327467229933,0.14612365056206014,0.9725000000000001,False,0.3993118252810294,False
DVE004,M1,NEAR_LONG,BOTTLENECK_CENTER,0.08596384422588327,0.5593118252810302,0.15741684290580404,-0.40189498237522614,0.14612365056206014,0.9725000000000001,False,0.3993118252810294,False
DVE004,M1,NEAR_LONG,BOTTLENECK_CENTER,0.08610304670178902,0.5593118252810302,0.15735405227218163,-0.40195777300884855,0.14612365056206014,0.9725000000000001,False,0.3993118252810294,False
DVE004,M1,NEAR_LONG,BOTTLENECK_CENTER,0.08624224917769475,0.5593118252810302,0.15729072046187348,-0.4020211048191567,0.14612365056206014,0.9725000000000001,False,0.3993118252810294,False
DVE004,M1,NEAR_LONG,BOTTLENECK_CENTER,0.08638145165360049,0.5593118252810302,0.15722686148093729,-0.4020849638000929,0.14612365056206014,0.9725000000000001,False,0.3993118252810294,False
DVE004,M1,NEAR_LONG,BOTTLENECK_CENTER,0.08652065412950623,0.5593118252810302,0.15716248953068823,-0.40214933575034195,0.14612365056206014,0.9725000000000001,False,0.3993118252810294,False
DVE004,M1,NEAR_LONG,BOTTLENECK_CENTER,0.08665985660541196,0.5593118252810302,0.15709761900160274,-0.40221420627942744,0.14612365056206014,0.9725000000000001,False,0.3993118252810294,False
DVE004,M1,NEAR_LONG,BOTTLENECK_CENTER,0.0867990590813177,0.5593118252810302,0.15703226446722218,-0.402279560813808,0.14612365056206014,0.9725000000000001,False,0.3993118252810294,False
DVE004,M1,NEAR_LONG,BOTTLENECK_CENTER,0.08693826155722345,0.5593118252810302,0.15696644067805662,-0.40234538460297353,0.14612365056206014,0.9725000000000001,False,0.3993118252810294,False
DVE004,M1,NEAR_LONG,BOTTLENECK_CENTER,0.08707746403312919,0.5593118252810302,0.15690016255548844,-0.40241166272554174,0.14612365056206014,0.9725000000000001,False,0.3993118252810294,False
DVE004,M1,NEAR_LONG,BOTTLENECK_CENTER,0.08721666650903492,0.5593118252810302,0.15683344518567616,-0.402478380095354,0.14612365056206014,0.9725000000000001,False,0.3993118252810294,False
DVE004,M1,NEAR_LONG,BOTTLENECK_CENTER,0.08735586898494066,0.5593118252810302,0.15676630381345805,-0.40254552146757216,0.14612365056206014,0.9725000000000001,False,0.3993118252810294,False
DVE004,M1,NEAR_LONG,BOTTLENECK_CENTER,0.0874950714608464,0.5593118252810302,0.15669875383625584,-0.4026130714447743,0.14612365056206014,0.9725000000000001,False,0.3993118252810294,False
DVE004,M1,NEAR_LONG,BOTTLENECK_CENTER,0.08763427393675213,0.5593118252810302,0.15663081079797858,-0.4026810144830516,0.14612365056206014,0.9725000000000001,False,0.3993118252810294,False
DVE004,M1,NEAR_LONG,BOTTLENECK_CENTER,0.08777347641265787,0.5593118252810302,0.15656249038292616,-0.40274933489810405,0.14612365056206014,0.9725000000000001,False,0.3993118252810294,False
DVE004,M1,NEAR_LONG,BOTTLENECK_CENTER,0.0879126788885636,0.5593118252810302,0.15649380840969307,-0.4028180168713371,0.14612365056206014,0.9725000000000001,False,0.3993118252810294,False
DVE004,M1,NEAR_LONG,BOTTLENECK_CENTER,0.08805188136446934,0.5593118252810302,0.15642478082507225,-0.4028870444559579,0.14612365056206014,0.9725000000000001,False,0.3993118252810294,False
DVE004,M1,NEAR_LONG,BOTTLENECK_CENTER,0.08819108384037508,0.5593118252810302,0.1563554236979586,-0.40295640158307156,0.14612365056206014,0.9725000000000001,False,0.3993118252810294,False
DVE004,M1,NEAR_LONG,BOTTLENECK_CENTER,0.08833028631628081,0.5593118252810302,0.15628575321325283,-0.40302607206777735,0.14612365056206014,0.9725000000000001,False,0.3993118252810294,False
DVE004,M1,NEAR_LONG,BOTTLENECK_CENTER,0.08846948879218655,0.5593118252810302,0.15621578566576505,-0.40309603961526513,0.14612365056206014,0.9725000000000001,False,0.3993118252810294,False
DVE004,M1,NEAR_LONG,BOTTLENECK_CENTER,0.08860869126809229,0.5593118252810302,0.1561455374541187,-0.4031662878269115,0.14612365056206014,0.9725000000000001,False,0.3993118252810294,False
DVE004,M1,NEAR_LONG,BOTTLENECK_CENTER,0.08874789374399802,0.5593118252810302,0.1560750250746539,-0.4032368002063763,0.14612365056206014,0.9725000000000001,False,0.3993118252810294,False
DVE004,M1,NEAR_LONG,BOTTLENECK_CENTER,0.08888709621990376,0.5593118252810302,0.15600426511533155,-0.40330756016569863,0.14612365056206014,0.9725000000000001,False,0.3993118252810294,False
DVE004,M1,NEAR_LONG,BOTTLENECK_CENTER,0.08902629869580951,0.5593118252810302,0.1559332742496368,-0.4033785510313934,0.14612365056206014,0.9725000000000001,False,0.3993118252810294,False
DVE004,M1,NEAR_LONG,BOTTLENECK_CENTER,0.08916550117171525,0.5593118252810302,0.15586206923048282,-0.40344975605054734,0.14612365056206014,0.9725000000000001,False,0.3993118252810294,False
DVE004,M1,NEAR_LONG,BOTTLENECK_CENTER,0.08930470364762098,0.5593118252810302,0.15579066688411453,-0.40352115839691566,0.14612365056206014,0.9725000000000001,False,0.3993118252810294,False
DVE004,M1,NEAR_LONG,BOTTLENECK_CENTER,0.08944390612352672,0.5593118252810302,0.15571908410401225,-0.40359274117701793,0.14612365056206014,0.9725000000000001,False,0.3993118252810294,False
DVE004,M1,NEAR_LONG,BOTTLENECK_CENTER,0.08958310859943246,0.5593118252810302,0.1556473378447955,-0.4036644874362347,0.14612365056206014,0.9725000000000001,False,0.3993118252810294,False
DVE004,M1,NEAR_LONG,BOTTLENECK_CENTER,0.08972231107533819,0.5593118252810302,0.15557544511612664,-0.40373638016490354,0.14612365056206014,0.9725000000000001,False,0.3993118252810294,False
DVE004,M1,NEAR_LONG,BOTTLENECK_CENTER,0.08986151355124394,0.5593118252810302,0.1555034229766146,-0.4038084023044156,0.14612365056206014,0.9725000000000001,False,0.3993118252810294,False
DVE004,M1,NEAR_LONG,BOTTLENECK_CENTER,0.09000071602714968,0.5593118252810302,0.15543128852771865,-0.40388053675331154,0.14612365056206014,0.9725000000000001,False,0.3993118252810294,False
DVE004,M1,NEAR_LONG,BOTTLENECK_CENTER,0.09013991850305542,0.5593118252810302,0.15535905890765198,-0.4039527663733782,0.14612365056206014,0.9725000000000001,False,0.3993118252810294,False
DVE004,M1,NEAR_LONG,BOTTLENECK_CENTER,0.09027912097896115,0.5593118252810302,0.1552867512852855,-0.4040250739957447,0.14612365056206014,0.9725000000000001,False,0.3993118252810294,False
DVE004,M1,NEAR_LONG,BOTTLENECK_CENTER,0.09041832345486689,0.5593118252810302,0.1552143828540516,-0.4040974424269786,0.14612365056206014,0.9725000000000001,False,0.3993118252810294,False
DVE004,M1,NEAR_LONG,BOTTLENECK_CENTER,0.09055752593077263,0.5593118252810302,0.15514197082584769,-0.4041698544551825,0.14612365056206014,0.9725000000000001,False,0.3993118252810294,False
DVE004,M1,NEAR_LONG,BOTTLENECK_CENTER,0.09069672840667836,0.5593118252810302,0.1550695324249401,-0.4042422928560901,0.14612365056206014,0.9725000000000001,False,0.3993118252810294,False
DVE004,M1,NEAR_LONG,BOTTLENECK_CENTER,0.0908359308825841,0.5593118252810302,0.15499708488186764,-0.40431474039916254,0.14612365056206014,0.9725000000000001,False,0.3993118252810294,False
DVE004,M1,NEAR_LONG,BOTTLENECK_CENTER,0.09097513335848983,0.5593118252810302,0.1549246454273455,-0.40438717985368466,0.14612365056206014,0.9725000000000001,False,0.3993118252810294,False
DVE004,M1,NEAR_LONG,BOTTLENECK_CENTER,0.09111433583439557,0.5593118252810302,0.15485223128616868,-0.40445959399486153,0.14612365056206014,0.9725000000000001,False,0.3993118252810294,False
DVE004,M1,NEAR_LONG,BOTTLENECK_CENTER,0.09125353831030131,0.5593118252810302,0.15477985967111593,-0.4045319656099142,0.14612365056206014,0.9725000000000001,False,0.3993118252810294,False
DVE004,M1,NEAR_LONG,BOTTLENECK_CENTER,0.09139274078620704,0.5593118252810302,0.15470754777685342,-0.40460427750417677,0.14612365056206014,0.9725000000000001,False,0.3993118252810294,False
DVE004,M1,NEAR_LONG,BOTTLENECK_CENTER,0.09153194326211278,0.5593118252810302,0.15463531277383835,-0.40467651250719183,0.14612365056206014,0.9725000000000001,False,0.3993118252810294,False
DVE004,M1,NEAR_LONG,BOTTLENECK_CENTER,0.09167114573801852,0.5593118252810302,0.15456317180222276,-0.4047486534788074,0.14612365056206014,0.9725000000000001,False,0.3993118252810294,False
DVE004,M1,NEAR_LONG,BOTTLENECK_CENTER,0.09181034821392425,0.5593118252810302,0.15449114196575725,-0.40482068331527293,0.14612365056206014,0.9725000000000001,False,0.3993118252810294,False
DVE004,M1,NEAR_LONG,BOTTLENECK_CENTER,0.09194955068983,0.5593118252810302,0.15441924032569454,-0.40489258495533564,0.14612365056206014,0.9725000000000001,False,0.3993118252810294,False
DVE004,M1,NEAR_LONG,BOTTLENECK_CENTER,0.09208875316573574,0.5593118252810302,0.15434748389469338,-0.4049643413863368,0.14612365056206014,0.9725000000000001,False,0.3993118252810294,False
DVE004,M1,NEAR_LONG,BOTTLENECK_CENTER,0.09222795564164148,0.5593118252810302,0.15427588963072217,-0.40503593565030804,0.14612365056206014,0.9725000000000001,False,0.3993118252810294,False
DVE004,M1,NEAR_LONG,BOTTLENECK_CENTER,0.09236715811754721,0.5593118252810302,0.1542044744309626,-0.40510735085006755,0.14612365056206014,0.9725000000000001,False,0.3993118252810294,False
DVE004,M1,NEAR_LONG,BOTTLENECK_CENTER,0.09250636059345295,0.5593118252810302,0.15413325512571352,-0.40517857015531666,0.14612365056206014,0.9725000000000001,False,0.3993118252810294,False
DVE004,M1,NEAR_LONG,BOTTLENECK_CENTER,0.0926455630693587,0.5593118252810302,0.15406224847229447,-0.40524957680873575,0.14612365056206014,0.9725000000000001,False,0.3993118252810294,False
DVE004,M1,NEAR_LONG,BOTTLENECK_CENTER,0.09278476554526444,0.5593118252810302,0.1539914711489495,-0.4053203541320807,0.14612365056206014,0.9725000000000001,False,0.3993118252810294,False
DVE004,M1,NEAR_LONG,BOTTLENECK_CENTER,0.09292396802117017,0.5593118252810302,0.15392093974875093,-0.40539088553227925,0.14612365056206014,0.9725000000000001,False,0.3993118252810294,False
DVE004,M1,NEAR_LONG,BOTTLENECK_CENTER,0.09306317049707591,0.5593118252810302,0.1538506707735029,-0.4054611545075273,0.14612365056206014,0.9725000000000001,False,0.3993118252810294,False
DVE004,M1,NEAR_LONG,BOTTLENECK_CENTER,0.09320237297298165,0.5593118252810302,0.15378068062764524,-0.4055311446533849,0.14612365056206014,0.9725000000000001,False,0.3993118252810294,False
DVE004,M1,NEAR_LONG,BOTTLENECK_CENTER,0.09334157544888738,0.5593118252810302,0.15371098561215704,-0.40560083966887317,0.14612365056206014,0.9725000000000001,False,0.3993118252810294,False
DVE004,M1,NEAR_LONG,BOTTLENECK_CENTER,0.09348077792479312,0.5593118252810302,0.15364160191846052,-0.40567022336256964,0.14612365056206014,0.9725000000000001,False,0.3993118252810294,False
DVE004,M1,NEAR_LONG,BOTTLENECK_CENTER,0.09361998040069885,0.5593118252810302,0.15357254562232459,-0.4057392796587056,0.14612365056206014,0.9725000000000001,False,0.3993118252810294,False
DVE004,M1,NEAR_LONG,BOTTLENECK_CENTER,0.09375918287660459,0.5593118252810302,0.1535038326777686,-0.4058079926032616,0.14612365056206014,0.9725000000000001,False,0.3993118252810294,False
DVE004,M1,NEAR_LONG,BOTTLENECK_CENTER,0.09389838535251033,0.5593118252810302,0.15343547891096612,-0.4058763463700641,0.14612365056206014,0.9725000000000001,False,0.3993118252810294,False
DVE004,M1,NEAR_LONG,BOTTLENECK_CENTER,0.09403758782841606,0.5593118252810302,0.15336750001414862,-0.40594432526688157,0.14612365056206014,0.9725000000000001,False,0.3993118252810294,False
DVE004,M1,NEAR_LONG,BOTTLENECK_CENTER,0.0941767903043218,0.5593118252810302,0.15329991153950911,-0.40601191374152107,0.14612365056206014,0.9725000000000001,False,0.3993118252810294,False
DVE004,M1,NEAR_LONG,BOTTLENECK_CENTER,0.09431599278022754,0.5593118252810302,0.1532327288931059,-0.4060790963879243,0.14612365056206014,0.9725000000000001,False,0.3993118252810294,False
DVE004,M1,NEAR_LONG,BOTTLENECK_CENTER,0.09445519525613327,0.5593118252810302,0.15316596732876636,-0.4061458579522638,0.14612365056206014,0.9725000000000001,False,0.3993118252810294,False
DVE004,M1,NEAR_LONG,BOTTLENECK_CENTER,0.09459439773203901,0.5593118252810302,0.15309964194199055,-0.40621218333903963,0.14612365056206014,0.9725000000000001,False,0.3993118252810294,False
DVE004,M1,NEAR_LONG,BOTTLENECK_CENTER,0.09473360020794475,0.5593118252810302,0.15303376766385499,-0.40627805761717517,0.14612365056206014,0.9725000000000001,False,0.3993118252810294,False
DVE004,M1,NEAR_LONG,BOTTLENECK_CENTER,0.0948728026838505,0.5593118252810302,0.1529683592549163,-0.4063434660261139,0.14612365056206014,0.9725000000000001,False,0.3993118252810294,False
DVE004,M1,NEAR_LONG,BOTTLENECK_CENTER,0.09501200515975623,0.5593118252810302,0.152903431299115,-0.4064083939819152,0.14612365056206014,0.9725000000000001,False,0.3993118252810294,False
DVE004,M1,NEAR_LONG,BOTTLENECK_CENTER,0.09515120763566197,0.5593118252810302,0.15283899819767913,-0.4064728270833511,0.14612365056206014,0.9725000000000001,False,0.3993118252810294,False
DVE004,M1,NEAR_LONG,BOTTLENECK_CENTER,0.0952904101115677,0.5593118252810302,0.15277507416302805,-0.40653675111800214,0.14612365056206014,0.9725000000000001,False,0.3993118252810294,False
DVE004,M1,NEAR_LONG,BOTTLENECK_CENTER,0.09542961258747344,0.5593118252810302,0.15271167321267606,-0.4066001520683541,0.14612365056206014,0.9725000000000001,False,0.3993118252810294,False
DVE004,M1,NEAR_LONG,BOTTLENECK_CENTER,0.09556881506337919,0.5593118252810302,0.1526488091631362,-0.406663016117894,0.14612365056206014,0.9725000000000001,False,0.3993118252810294,False
DVE004,M1,NEAR_LONG,BOTTLENECK_CENTER,0.09570801753928493,0.5593118252810302,0.1525864956238239,-0.4067253296572063,0.14612365056206014,0.9725000000000001,False,0.3993118252810294,False
DVE004,M1,NEAR_LONG,BOTTLENECK_CENTER,0.09584722001519067,0.5593118252810302,0.15252474599096066,-0.4067870792900695,0.14612365056206014,0.9725000000000001,False,0.3993118252810294,False
DVE004,M1,NEAR_LONG,BOTTLENECK_CENTER,0.0959864224910964,0.5593118252810302,0.1524635734414779,-0.4068482518395523,0.14612365056206014,0.9725000000000001,False,0.3993118252810294,False
DVE004,M1,NEAR_LONG,BOTTLENECK_CENTER,0.09612562496700214,0.5593118252810302,0.15240299092692045,-0.40690883435410974,0.14612365056206014,0.9725000000000001,False,0.3993118252810294,False
DVE004,M1,NEAR_LONG,BOTTLENECK_CENTER,0.09626482744290787,0.5593118252810302,0.15234301116735052,-0.4069688141136797,0.14612365056206014,0.9725000000000001,False,0.3993118252810294,False
DVE004,M1,NEAR_LONG,BOTTLENECK_CENTER,0.09640402991881361,0.5593118252810302,0.15228364664525118,-0.407028178635779,0.14612365056206014,0.9725000000000001,False,0.3993118252810294,False
DVE004,M1,NEAR_LONG,BOTTLENECK_CENTER,0.09654323239471935,0.5593118252810302,0.1522249095994302,-0.4070869156816,0.14612365056206014,0.9725000000000001,False,0.3993118252810294,False
DVE004,M1,NEAR_LONG,BOTTLENECK_CENTER,0.09668243487062508,0.5593118252810302,0.1521668120189237,-0.4071450132621065,0.14612365056206014,0.9725000000000001,False,0.3993118252810294,False
DVE004,M1,NEAR_LONG,BOTTLENECK_CENTER,0.09682163734653082,0.5593118252810302,0.1521093656369,-0.40720245964413015,0.14612365056206014,0.9725000000000001,False,0.3993118252810294,False
DVE004,M1,NEAR_LONG,BOTTLENECK_CENTER,0.09696083982243656,0.5593118252810302,0.15205258192456306,-0.4072592433564671,0.14612365056206014,0.9725000000000001,False,0.3993118252810294,False
DVE004,M1,NEAR_LONG,BOTTLENECK_CENTER,0.09710004229834229,0.5593118252810302,0.1519964720850564,-0.4073153531959738,0.14612365056206014,0.9725000000000001,False,0.3993118252810294,False
DVE004,M1,NEAR_LONG,BOTTLENECK_CENTER,0.09723924477424803,0.5593118252810302,0.15194104704736686,-0.4073707782336633,0.14612365056206014,0.9725000000000001,False,0.3993118252810294,False
DVE004,M1,NEAR_LONG,BOTTLENECK_CENTER,0.09737844725015377,0.5593118252810302,0.15188631746022804,-0.4074255078208021,0.14612365056206014,0.9725000000000001,False,0.3993118252810294,False
DVE004,M1,NEAR_LONG,BOTTLENECK_CENTER,0.0975176497260595,0.5593118252810302,0.15183229368602433,-0.40747953159500583,0.14612365056206014,0.9725000000000001,False,0.3993118252810294,False
DVE004,M1,NEAR_LONG,BOTTLENECK_CENTER,0.09765685220196524,0.5593118252810302,0.15177898579469434,-0.40753283948633584,0.14612365056206014,0.9725000000000001,False,0.3993118252810294,False
DVE004,M1,NEAR_LONG,BOTTLENECK_CENTER,0.09779605467787099,0.5593118252810302,0.15172640355763484,-0.40758542172339535,0.14612365056206014,0.9725000000000001,False,0.3993118252810294,False
DVE004,M1,NEAR_LONG,BOTTLENECK_CENTER,0.09793525715377673,0.5593118252810302,0.15167455644160435,-0.40763726883942586,0.14612365056206014,0.9725000000000001,False,0.3993118252810294,False
DVE004,M1,NEAR_LONG,BOTTLENECK_CENTER,0.09807445962968246,0.5593118252810302,0.15162345360262683,-0.4076883716784033,0.14612365056206014,0.9725000000000001,False,0.3993118252810294,False
DVE004,M1,NEAR_LONG,BOTTLENECK_CENTER,0.0982136621055882,0.5593118252810302,0.15157310387989542,-0.40773872140113476,0.14612365056206014,0.9725000000000001,False,0.3993118252810294,False
DVE004,M1,NEAR_LONG,BOTTLENECK_CENTER,0.09835286458149393,0.5593118252810302,0.15152351578967624,-0.4077883094913539,0.14612365056206014,0.9725000000000001,False,0.3993118252810294,False
DVE004,M1,NEAR_LONG,BOTTLENECK_CENTER,0.09849206705739968,0.5593118252810302,0.15147469751921194,-0.40783712776181824,0.14612365056206014,0.9725000000000001,False,0.3993118252810294,False
DVE004,M1,NEAR_LONG,BOTTLENECK_CENTER,0.09863126953330542,0.5593118252810302,0.15142665692062557,-0.4078851683604046,0.14612365056206014,0.9725000000000001,False,0.3993118252810294,False
DVE004,M1,NEAR_LONG,BOTTLENECK_CENTER,0.09877047200921116,0.5593118252810302,0.1513794015048241,-0.4079324237762061,0.14612365056206014,0.9725000000000001,False,0.3993118252810294,False
DVE004,M1,NEAR_LONG,BOTTLENECK_CENTER,0.0989096744851169,0.5593118252810302,0.15133293843540233,-0.4079788868456279,0.14612365056206014,0.9725000000000001,False,0.3993118252810294,False
DVE004,M1,NEAR_LONG,BOTTLENECK_CENTER,0.09904887696102263,0.5593118252810302,0.1512872745225465,-0.40802455075848365,0.14612365056206014,0.9725000000000001,False,0.3993118252810294,False
DVE004,M1,NEAR_LONG,BOTTLENECK_CENTER,0.09918807943692837,0.5593118252810302,0.15124241621693796,-0.4080694090640922,0.14612365056206014,0.9725000000000001,False,0.3993118252810294,False
DVE004,M1,NEAR_LONG,BOTTLENECK_CENTER,0.0993272819128341,0.5593118252810302,0.151198369603657,-0.40811345567737317,0.14612365056206014,0.9725000000000001,False,0.3993118252810294,False
DVE004,M1,NEAR_LONG,BOTTLENECK_CENTER,0.09946648438873984,0.5593118252810302,0.1511551403960865,-0.4081566848849437,0.14612365056206014,0.9725000000000001,False,0.3993118252810294,False
DVE004,M1,NEAR_LONG,BOTTLENECK_CENTER,0.09960568686464558,0.5593118252810302,0.15111273392981553,-0.4081990913512147,0.14612365056206014,0.9725000000000001,False,0.3993118252810294,False
DVE004,M1,NEAR_LONG,BOTTLENECK_CENTER,0.09974488934055131,0.5593118252810302,0.15107115515654324,-0.40824067012448695,0.14612365056206014,0.9725000000000001,False,0.3993118252810294,False
DVE004,M1,NEAR_LONG,BOTTLENECK_CENTER,0.09988409181645705,0.5593118252810302,0.15103040863798248,-0.40828141664304773,0.14612365056206014,0.9725000000000001,False,0.3993118252810294,False
DVE004,M1,NEAR_LONG,BOTTLENECK_CENTER,0.10002329429236279,0.5593118252810302,0.15099049853976357,-0.40832132674126664,0.14612365056206014,0.9725000000000001,False,0.3993118252810294,False
DVE004,M1,NEAR_LONG,BOTTLENECK_CENTER,0.10016249676826852,0.5593118252810302,0.15095142862533784,-0.40836039665569235,0.14612365056206014,0.9725000000000001,False,0.3993118252810294,False
DVE004,M1,NEAR_LONG,BOTTLENECK_CENTER,0.10030169924417426,0.5593118252810302,0.1509132022498816,-0.4083986230311486,0.14612365056206014,0.9725000000000001,False,0.3993118252810294,False
DVE004,M1,NEAR_LONG,BOTTLENECK_CENTER,0.10044090172008,0.5593118252810302,0.15087582235419963,-0.4084360029268306,0.14612365056206014,0.9725000000000001,False,0.3993118252810294,False
DVE004,M1,NEAR_LONG,BOTTLENECK_CENTER,0.10058010419598573,0.5593118252810302,0.15083929145862904,-0.4084725338224011,0.14612365056206014,0.9725000000000001,False,0.3993118252810294,False
DVE004,M1,NEAR_LONG,BOTTLENECK_CENTER,0.10071930667189148,0.5593118252810302,0.1508036116569428,-0.4085082136240874,0.14612365056206014,0.9725000000000001,False,0.3993118252810294,False
DVE004,M1,NEAR_LONG,BOTTLENECK_CENTER,0.10085850914779722,0.5593118252810302,0.1507687846102537,-0.4085430406707765,0.14612365056206014,0.9725000000000001,False,0.3993118252810294,False
DVE004,M1,NEAR_LONG,BOTTLENECK_CENTER,0.10099771162370295,0.5593118252810302,0.15073481154091783,-0.40857701374011235,0.14612365056206014,0.9725000000000001,False,0.3993118252810294,False
DVE004,M1,NEAR_LONG,BOTTLENECK_CENTER,0.10113691409960869,0.5593118252810302,0.15070169322643848,-0.40861013205459173,0.14612365056206014,0.9725000000000001,False,0.3993118252810294,False
DVE004,M1,NEAR_LONG,BOTTLENECK_CENTER,0.10127611657551443,0.5593118252810302,0.1506694299933696,-0.40864239528766055,0.14612365056206014,0.9725000000000001,False,0.3993118252810294,False
DVE004,M1,NEAR_LONG,BOTTLENECK_CENTER,0.10141531905142018,0.5593118252810302,0.15063802171121984,-0.4086738035698103,0.14612365056206014,0.9725000000000001,False,0.3993118252810294,False
DVE004,M1,NEAR_LONG,BOTTLENECK_CENTER,0.10155452152732591,0.5593118252810302,0.15060746778635598,-0.4087043574946742,0.14612365056206014,0.9725000000000001,False,0.3993118252810294,False
DVE004,M1,NEAR_LONG,BOTTLENECK_CENTER,0.10169372400323165,0.5593118252810302,0.15057776715590676,-0.4087340581251234,0.14612365056206014,0.9725000000000001,False,0.3993118252810294,False
DVE004,M1,NEAR_LONG,BOTTLENECK_CENTER,0.10183292647913739,0.5593118252810302,0.15054891828166664,-0.4087629069993636,0.14612365056206014,0.9725000000000001,False,0.3993118252810294,False
DVE004,M1,NEAR_LONG,BOTTLENECK_CENTER,0.10197212895504312,0.5593118252810302,0.15052091914399932,-0.40879090613703084,0.14612365056206014,0.9725000000000001,False,0.3993118252810294,False
DVE004,M1,NEAR_LONG,BOTTLENECK_CENTER,0.10211133143094886,0.5593118252810302,0.15049376723574173,-0.4088180580452885,0.14612365056206014,0.9725000000000001,False,0.3993118252810294,False
DVE004,M1,NEAR_LONG,BOTTLENECK_CENTER,0.1022505339068546,0.5593118252810302,0.15046745955610746,-0.4088443657249227,0.14612365056206014,0.9725000000000001,False,0.3993118252810294,False
DVE004,M1,NEAR_LONG,BOTTLENECK_CENTER,0.10238973638276033,0.5593118252810302,0.1504419926045907,-0.4088698326764395,0.14612365056206014,0.9725000000000001,False,0.3993118252810294,False
DVE004,M1,NEAR_LONG,BOTTLENECK_CENTER,0.10252893885866607,0.5593118252810302,0.15041736237486975,-0.40889446290616044,0.14612365056206014,0.9725000000000001,False,0.3993118252810294,False
DVE004,M1,NEAR_LONG,BOTTLENECK_CENTER,0.1026681413345718,0.5593118252810302,0.15039356434871093,-0.40891826093231926,0.14612365056206014,0.9725000000000001,False,0.3993118252810294,False
DVE004,M1,NEAR_LONG,BOTTLENECK_CENTER,0.10280734381047754,0.5593118252810302,0.15037059348987206,-0.40894123179115816,0.14612365056206014,0.9725000000000001,False,0.3993118252810294,False
DVE004,M1,NEAR_LONG,BOTTLENECK_CENTER,0.10294654628638328,0.5593118252810302,0.15034844423800645,-0.40896338104302377,0.14612365056206014,0.9725000000000001,False,0.3993118252810294,False
DVE004,M1,NEAR_LONG,BOTTLENECK_CENTER,0.10308574876228901,0.5593118252810302,0.15032711050256634,-0.4089847147784639,0.14612365056206014,0.9725000000000001,False,0.3993118252810294,False
DVE004,M1,NEAR_LONG,BOTTLENECK_CENTER,0.10322495123819475,0.5593118252810302,0.1503065856567068,-0.4090052396243234,0.14612365056206014,0.9725000000000001,False,0.3993118252810294,False
DVE004,M1,NEAR_LONG,BOTTLENECK_CENTER,0.10336415371410049,0.5593118252810302,0.1502868625311893,-0.4090249627498409,0.14612365056206014,0.9725000000000001,False,0.3993118252810294,False
DVE004,M1,NEAR_LONG,BOTTLENECK_CENTER,0.10350335619000622,0.5593118252810302,0.1502679334082856,-0.4090438918727446,0.14612365056206014,0.9725000000000001,False,0.3993118252810294,False
DVE004,M1,NEAR_LONG,BOTTLENECK_CENTER,0.10364255866591196,0.5593118252810302,0.15024979001568123,-0.40906203526534896,0.14612365056206014,0.9725000000000001,False,0.3993118252810294,False
DVE004,M1,NEAR_LONG,BOTTLENECK_CENTER,0.1037817611418177,0.5593118252810302,0.15023242352037938,-0.40907940176065083,0.14612365056206014,0.9725000000000001,False,0.3993118252810294,False
DVE004,M1,NEAR_LONG,BOTTLENECK_CENTER,0.10392096361772346,0.5593118252810302,0.15021582452260454,-0.40909600075842567,0.14612365056206014,0.9725000000000001,False,0.3993118252810294,False
DVE004,M1,NEAR_LONG,BOTTLENECK_CENTER,0.1040601660936292,0.5593118252810302,0.15019998304970628,-0.4091118422313239,0.14612365056206014,0.9725000000000001,False,0.3993118252810294,False
DVE004,M1,NEAR_LONG,BOTTLENECK_CENTER,0.10419936856953493,0.5593118252810302,0.15018488855006273,-0.40912693673096745,0.14612365056206014,0.9725000000000001,False,0.3993118252810294,False
DVE004,M1,NEAR_LONG,BOTTLENECK_CENTER,0.10433857104544067,0.5593118252810302,0.1501705298869847,-0.4091412953940455,0.14612365056206014,0.9725000000000001,False,0.3993118252810294,False
DVE004,M1,NEAR_LONG,BOTTLENECK_CENTER,0.1044777735213464,0.5593118252810302,0.15015689533261897,-0.4091549299484112,0.14612365056206014,0.9725000000000001,False,0.3993118252810294,False
DVE004,M1,NEAR_LONG,BOTTLENECK_CENTER,0.10461697599725214,0.5593118252810302,0.15014397256185227,-0.4091678527191779,0.14612365056206014,0.9725000000000001,False,0.3993118252810294,False
DVE004,M1,NEAR_LONG,BOTTLENECK_CENTER,0.10475617847315788,0.5593118252810302,0.15013174864621484,-0.40918007663481537,0.14612365056206014,0.9725000000000001,False,0.3993118252810294,False
DVE004,M1,NEAR_LONG,BOTTLENECK_CENTER,0.10489538094906362,0.5593118252810302,0.15012021004778425,-0.40919161523324593,0.14612365056206014,0.9725000000000001,False,0.3993118252810294,False
DVE004,M1,NEAR_LONG,BOTTLENECK_CENTER,0.10503458342496935,0.5593118252810302,0.15010934261308903,-0.4092024826679411,0.14612365056206014,0.9725000000000001,False,0.3993118252810294,False
DVE004,M1,NEAR_LONG,BOTTLENECK_CENTER,0.10517378590087509,0.5593118252810302,0.15009913156701246,-0.4092126937140177,0.14612365056206014,0.9725000000000001,False,0.3993118252810294,False
DVE004,M1,NEAR_LONG,BOTTLENECK_CENTER,0.10531298837678083,0.5593118252810302,0.15008956150669622,-0.40922226377433396,0.14612365056206014,0.9725000000000001,False,0.3993118252810294,False
DVE004,M1,NEAR_LONG,BOTTLENECK_CENTER,0.10545219085268656,0.5593118252810302,0.15008061639544407,-0.4092312088855861,0.14612365056206014,0.9725000000000001,False,0.3993118252810294,False
DVE004,M1,NEAR_LONG,BOTTLENECK_CENTER,0.1055913933285923,0.5593118252810302,0.15007227955662564,-0.4092395457244046,0.14612365056206014,0.9725000000000001,False,0.3993118252810294,False
DVE004,M1,NEAR_LONG,BOTTLENECK_CENTER,0.10573059580449803,0.5593118252810302,0.15006453366758007,-0.4092472916134501,0.14612365056206014,0.9725000000000001,False,0.3993118252810294,False
DVE004,M1,NEAR_LONG,BOTTLENECK_CENTER,0.10586979828040377,0.5593118252810302,0.15005736075351983,-0.40925446452751035,0.14612365056206014,0.9725000000000001,False,0.3993118252810294,False
DVE004,M1,NEAR_LONG,BOTTLENECK_CENTER,0.10600900075630951,0.5593118252810302,0.15005074218143427,-0.4092610830995959,0.14612365056206014,0.9725000000000001,False,0.3993118252810294,False
DVE004,M1,NEAR_LONG,BOTTLENECK_CENTER,0.10614820323221524,0.5593118252810302,0.15004465865399347,-0.4092671666270367,0.14612365056206014,0.9725000000000001,False,0.3993118252810294,False
DVE004,M1,NEAR_LONG,BOTTLENECK_CENTER,0.10628740570812098,0.5593118252810302,0.15003909020345185,-0.40927273507757833,0.14612365056206014,0.9725000000000001,False,0.3993118252810294,False
DVE004,M1,NEAR_LONG,BOTTLENECK_CENTER,0.10642660818402672,0.5593118252810302,0.150034016185552,-0.4092778090954782,0.14612365056206014,0.9725000000000001,False,0.3993118252810294,False
DVE004,M1,NEAR_LONG,BOTTLENECK_CENTER,0.10656581065993245,0.5593118252810302,0.15002941527342822,-0.40928241000760196,0.14612365056206014,0.9725000000000001,False,0.3993118252810294,False
DVE004,M1,NEAR_LONG,BOTTLENECK_CENTER,0.10670501313583819,0.5593118252810302,0.1500252654515104,-0.4092865598295198,0.14612365056206014,0.9725000000000001,False,0.3993118252810294,False
DVE004,M1,NEAR_LONG,BOTTLENECK_CENTER,0.10684421561174395,0.5593118252810302,0.1500215440094276,-0.4092902812716026,0.14612365056206014,0.9725000000000001,False,0.3993118252810294,False
DVE004,M1,NEAR_LONG,BOTTLENECK_CENTER,0.10698341808764969,0.5593118252810302,0.15001822753591187,-0.4092935977451183,0.14612365056206014,0.9725000000000001,False,0.3993118252810294,False
DVE004,M1,NEAR_LONG,BOTTLENECK_CENTER,0.10712262056355543,0.5593118252810302,0.1500152919127019,-0.4092965333683283,0.14612365056206014,0.9725000000000001,False,0.3993118252810294,False
DVE004,M1,NEAR_LONG,BOTTLENECK_CENTER,0.10726182303946116,0.5593118252810302,0.1500127123084467,-0.4092991129725835,0.14612365056206014,0.9725000000000001,False,0.3993118252810294,False
DVE004,M1,NEAR_LONG,BOTTLENECK_CENTER,0.1074010255153669,0.5593118252810302,0.15001046317260935,-0.40930136210842083,0.14612365056206014,0.9725000000000001,False,0.3993118252810294,False
DVE004,M1,NEAR_LONG,BOTTLENECK_CENTER,0.10754022799127264,0.5593118252810302,0.15000851822937075,-0.4093033070516594,0.14612365056206014,0.9725000000000001,False,0.3993118252810294,False
DVE004,M1,NEAR_LONG,BOTTLENECK_CENTER,0.10767943046717837,0.5593118252810302,0.15000685047153325,-0.4093049748094969,0.14612365056206014,0.9725000000000001,False,0.3993118252810294,False
DVE004,M1,NEAR_LONG,BOTTLENECK_CENTER,0.10781863294308411,0.5593118252810302,0.15000543215442438,-0.40930639312660577,0.14612365056206014,0.9725000000000001,False,0.3993118252810294,False
DVE004,M1,NEAR_LONG,BOTTLENECK_CENTER,0.10795783541898984,0.5593118252810302,0.15000423478980068,-0.4093075904912295,0.14612365056206014,0.9725000000000001,False,0.3993118252810294,False
DVE004,M1,NEAR_LONG,BOTTLENECK_CENTER,0.10809703789489558,0.5593118252810302,0.1500032291397512,-0.409308596141279,0.14612365056206014,0.9725000000000001,False,0.3993118252810294,False
DVE004,M1,NEAR_LONG,BOTTLENECK_CENTER,0.10823624037080132,0.5593118252810302,0.15000238521060133,-0.40930944007042885,0.14612365056206014,0.9725000000000001,False,0.3993118252810294,False
DVE004,M1,NEAR_LONG,BOTTLENECK_CENTER,0.10837544284670705,0.5593118252810302,0.15000167224681654,-0.40931015303421364,0.14612365056206014,0.9725000000000001,False,0.3993118252810294,False
DVE004,M1,NEAR_LONG,BOTTLENECK_CENTER,0.10851464532261279,0.5593118252810302,0.15000105872490607,-0.4093107665561241,0.14612365056206014,0.9725000000000001,False,0.3993118252810294,False
DVE004,M1,NEAR_LONG,BOTTLENECK_CENTER,0.10865384779851853,0.5593118252810302,0.15000051234732653,-0.40931131293370365,0.14612365056206014,0.9725000000000001,False,0.3993118252810294,False
DVE004,M1,NEAR_LONG,BOTTLENECK_CENTER,0.10879305027442426,0.5593118252810302,0.1500000000363858,-0.4093118252446444,0.14612365056206014,0.9725000000000001,False,0.3993118252810294,False
DVE005,M0_V1,FROZEN_V1_CURVATURE_CONTINUITY,CURVATURE_CONTINUITY,0.12750661984781725,-0.4711505787149938,-0.3911506012013096,0.07999997751368415,-0.71,-0.39115057871499376,False,0.021150578714993817,False
DVE005,M0_V1,FROZEN_V1_CURVATURE_CONTINUITY,CURVATURE_CONTINUITY,0.1275531749196736,-0.4711505787149938,-0.3912554165423385,0.0798951621726553,-0.71,-0.39115057871499376,False,0.021150578714993817,False
DVE005,M0_V1,FROZEN_V1_CURVATURE_CONTINUITY,CURVATURE_CONTINUITY,0.12759972999152996,-0.4711505787149938,-0.3913605806906098,0.07978999802438397,-0.71,-0.39115057871499376,False,0.021150578714993817,False
DVE005,M0_V1,FROZEN_V1_CURVATURE_CONTINUITY,CURVATURE_CONTINUITY,0.1276462850633863,-0.4711505787149938,-0.39146622407410275,0.07968435464089102,-0.71,-0.39115057871499376,False,0.021150578714993817,False
DVE005,M0_V1,FROZEN_V1_CURVATURE_CONTINUITY,CURVATURE_CONTINUITY,0.12769284013524265,-0.4711505787149938,-0.3915724738821773,0.07957810483281647,-0.71,-0.39115057871499376,False,0.021150578714993817,False
DVE005,M0_V1,FROZEN_V1_CURVATURE_CONTINUITY,CURVATURE_CONTINUITY,0.127739395207099,-0.4711505787149938,-0.39167945409125576,0.07947112462373801,-0.71,-0.39115057871499376,False,0.021150578714993817,False
DVE005,M0_V1,FROZEN_V1_CURVATURE_CONTINUITY,CURVATURE_CONTINUITY,0.12778595027895537,-0.4711505787149938,-0.3917872854905054,0.07936329322448837,-0.71,-0.39115057871499376,False,0.021150578714993817,False
DVE005,M0_V1,FROZEN_V1_CURVATURE_CONTINUITY,CURVATURE_CONTINUITY,0.12783250535081173,-0.4711505787149938,-0.3918960857075206,0.07925449300747317,-0.71,-0.39115057871499376,False,0.021150578714993817,False
DVE005,M0_V1,FROZEN_V1_CURVATURE_CONTINUITY,CURVATURE_CONTINUITY,0.12787906042266808,-0.4711505787149938,-0.3920059692340049,0.07914460948098889,-0.71,-0.39115057871499376,False,0.021150578714993817,False
DVE005,M0_V1,FROZEN_V1_CURVATURE_CONTINUITY,CURVATURE_CONTINUITY,0.12792561549452441,-0.4711505787149938,-0.39211704745145326,0.07903353126354051,-0.71,-0.39115057871499376,False,0.021150578714993817,False
DVE005,M0_V1,FROZEN_V1_CURVATURE_CONTINUITY,CURVATURE_CONTINUITY,0.12797217056638077,-0.4711505787149938,-0.39222942865683447,0.0789211500581593,-0.71,-0.39115057871499376,False,0.021150578714993817,False
DVE005,M0_V1,FROZEN_V1_CURVATURE_CONTINUITY,CURVATURE_CONTINUITY,0.12801872563823713,-0.4711505787149938,-0.39234321808827294,0.07880736062672083,-0.71,-0.39115057871499376,False,0.021150578714993817,False
DVE005,M0_V1,FROZEN_V1_CURVATURE_CONTINUITY,CURVATURE_CONTINUITY,0.1280652807100935,-0.4711505787149938,-0.3924585179507312,0.07869206076426255,-0.71,-0.39115057871499376,False,0.021150578714993817,False
DVE005,M0_V1,FROZEN_V1_CURVATURE_CONTINUITY,CURVATURE_CONTINUITY,0.12811183578194985,-0.4711505787149938,-0.39257542744169205,0.07857515127330172,-0.71,-0.39115057871499376,False,0.021150578714993817,False
DVE005,M0_V1,FROZEN_V1_CURVATURE_CONTINUITY,CURVATURE_CONTINUITY,0.1281583908538062,-0.4711505787149938,-0.3926940427768405,0.07845653593815327,-0.71,-0.39115057871499376,False,0.021150578714993817,False
DVE005,M0_V1,FROZEN_V1_CURVATURE_CONTINUITY,CURVATURE_CONTINUITY,0.12820494592566253,-0.4711505787149938,-0.3928144572157464,0.07833612149924735,-0.71,-0.39115057871499376,False,0.021150578714993817,False
DVE005,M0_V1,FROZEN_V1_CURVATURE_CONTINUITY,CURVATURE_CONTINUITY,0.1282515009975189,-0.4711505787149938,-0.39293676108754644,0.07821381762744734,-0.71,-0.39115057871499376,False,0.021150578714993817,False
DVE005,M0_V1,FROZEN_V1_CURVATURE_CONTINUITY,CURVATURE_CONTINUITY,0.12829805606937525,-0.4711505787149938,-0.39306104181662604,0.07808953689836773,-0.71,-0.39115057871499376,False,0.021150578714993817,False
DVE005,M0_V1,FROZEN_V1_CURVATURE_CONTINUITY,CURVATURE_CONTINUITY,0.1283446111412316,-0.4711505787149938,-0.3931873839483021,0.07796319476669167,-0.71,-0.39115057871499376,False,0.021150578714993817,False
DVE005,M0_V1,FROZEN_V1_CURVATURE_CONTINUITY,CURVATURE_CONTINUITY,0.12839116621308796,-0.4711505787149938,-0.3933158691745048,0.07783470954048899,-0.71,-0.39115057871499376,False,0.021150578714993817,False
DVE005,M0_V1,FROZEN_V1_CURVATURE_CONTINUITY,CURVATURE_CONTINUITY,0.12843772128494432,-0.4711505787149938,-0.39344657635945984,0.07770400235553393,-0.71,-0.39115057871499376,False,0.021150578714993817,False
DVE005,M0_V1,FROZEN_V1_CURVATURE_CONTINUITY,CURVATURE_CONTINUITY,0.12848427635680065,-0.4711505787149938,-0.39357958156537076,0.07757099714962301,-0.71,-0.39115057871499376,False,0.021150578714993817,False
DVE005,M0_V1,FROZEN_V1_CURVATURE_CONTINUITY,CURVATURE_CONTINUITY,0.128530831428657,-0.4711505787149938,-0.39371495807810125,0.07743562063689252,-0.71,-0.39115057871499376,False,0.021150578714993817,False
DVE005,M0_V1,FROZEN_V1_CURVATURE_CONTINUITY,CURVATURE_CONTINUITY,0.12857738650051337,-0.4711505787149938,-0.39385277643285693,0.07729780228213684,-0.71,-0.39115057871499376,False,0.021150578714993817,False
DVE005,M0_V1,FROZEN_V1_CURVATURE_CONTINUITY,CURVATURE_CONTINUITY,0.12862394157236973,-0.4711505787149938,-0.3939931044398679,0.07715747427512587,-0.71,-0.39115057871499376,False,0.021150578714993817,False
DVE005,M0_V1,FROZEN_V1_CURVATURE_CONTINUITY,CURVATURE_CONTINUITY,0.12867049664422608,-0.4711505787149938,-0.39413600721007086,0.07701457150492291,-0.71,-0.39115057871499376,False,0.021150578714993817,False
DVE005,M0_V1,FROZEN_V1_CURVATURE_CONTINUITY,CURVATURE_CONTINUITY,0.12871705171608244,-0.4711505787149938,-0.3942815471807912,0.07686903153420255,-0.71,-0.39115057871499376,False,0.021150578714993817,False
DVE005,M0_V1,FROZEN_V1_CURVATURE_CONTINUITY,CURVATURE_CONTINUITY,0.12876360678793877,-0.4711505787149938,-0.39442978414142527,0.07672079457356851,-0.71,-0.39115057871499376,False,0.021150578714993817,False
DVE005,M0_V1,FROZEN_V1_CURVATURE_CONTINUITY,CURVATURE_CONTINUITY,0.12881016185979513,-0.4711505787149938,-0.39458077525912266,0.07656980345587111,-0.71,-0.39115057871499376,False,0.021150578714993817,False
DVE005,M0_V1,FROZEN_V1_CURVATURE_CONTINUITY,CURVATURE_CONTINUITY,0.1288567169316515,-0.4711505787149938,-0.3947345751044683,0.07641600361052547,-0.71,-0.39115057871499376,False,0.021150578714993817,False
DVE005,M0_V1,FROZEN_V1_CURVATURE_CONTINUITY,CURVATURE_CONTINUITY,0.12890327200350785,-0.4711505787149938,-0.3948912356771646,0.07625934303782916,-0.71,-0.39115057871499376,False,0.021150578714993817,False
DVE005,M0_V1,FROZEN_V1_CURVATURE_CONTINUITY,CURVATURE_CONTINUITY,0.1289498270753642,-0.4711505787149938,-0.3950508064317137,0.07609977228328008,-0.71,-0.39115057871499376,False,0.021150578714993817,False
DVE005,M0_V1,FROZEN_V1_CURVATURE_CONTINUITY,CURVATURE_CONTINUITY,0.12899638214722056,-0.4711505787149938,-0.3952133343030997,0.07593724441189409,-0.71,-0.39115057871499376,False,0.021150578714993817,False
DVE005,M0_V1,FROZEN_V1_CURVATURE_CONTINUITY,CURVATURE_CONTINUITY,0.1290429372190769,-0.4711505787149938,-0.3953788637324708,0.075771714982523,-0.71,-0.39115057871499376,False,0.021150578714993817,False
DVE005,M0_V1,FROZEN_V1_CURVATURE_CONTINUITY,CURVATURE_CONTINUITY,0.12908949229093325,-0.4711505787149938,-0.39554743669282166,0.07560314202217211,-0.71,-0.39115057871499376,False,0.021150578714993817,False
DVE005,M0_V1,FROZEN_V1_CURVATURE_CONTINUITY,CURVATURE_CONTINUITY,0.1291360473627896,-0.4711505787149938,-0.3957190927146754,0.07543148600031835,-0.71,-0.39115057871499376,False,0.021150578714993817,False
DVE005,M0_V1,FROZEN_V1_CURVATURE_CONTINUITY,CURVATURE_CONTINUITY,0.12918260243464597,-0.4711505787149938,-0.39589386891176576,0.07525670980322802,-0.71,-0.39115057871499376,False,0.021150578714993817,False
DVE005,M0_V1,FROZEN_V1_CURVATURE_CONTINUITY,CURVATURE_CONTINUITY,0.12922915750650232,-0.4711505787149938,-0.3960718000067195,0.07507877870827429,-0.71,-0.39115057871499376,False,0.021150578714993817,False
DVE005,M0_V1,FROZEN_V1_CURVATURE_CONTINUITY,CURVATURE_CONTINUITY,0.12927571257835868,-0.4711505787149938,-0.3962529183567384,0.07489766035825535,-0.71,-0.39115057871499376,False,0.021150578714993817,False
DVE005,M0_V1,FROZEN_V1_CURVATURE_CONTINUITY,CURVATURE_CONTINUITY,0.129322267650215,-0.4711505787149938,-0.3964372539792816,0.07471332473571218,-0.71,-0.39115057871499376,False,0.021150578714993817,False
DVE005,M0_V1,FROZEN_V1_CURVATURE_CONTINUITY,CURVATURE_CONTINUITY,0.12936882272207137,-0.4711505787149938,-0.3966248345777478,0.074525744137246,-0.71,-0.39115057871499376,False,0.021150578714993817,False
DVE005,M0_V1,FROZEN_V1_CURVATURE_CONTINUITY,CURVATURE_CONTINUITY,0.12941537779392773,-0.4711505787149938,-0.3968156855671573,0.07433489314783648,-0.71,-0.39115057871499376,False,0.021150578714993817,False
DVE005,M0_V1,FROZEN_V1_CURVATURE_CONTINUITY,CURVATURE_CONTINUITY,0.12946193286578409,-0.4711505787149938,-0.3970098300998343,0.07414074861515946,-0.71,-0.39115057871499376,False,0.021150578714993817,False
DVE005,M0_V1,FROZEN_V1_CURVATURE_CONTINUITY,CURVATURE_CONTINUITY,0.12950848793764044,-0.4711505787149938,-0.39720728909108916,0.07394328962390462,-0.71,-0.39115057871499376,False,0.021150578714993817,False
DVE005,M0_V1,FROZEN_V1_CURVATURE_CONTINUITY,CURVATURE_CONTINUITY,0.1295550430094968,-0.4711505787149938,-0.39740808124490035,0.07374249747009343,-0.71,-0.39115057871499376,False,0.021150578714993817,False
DVE005,M0_V1,FROZEN_V1_CURVATURE_CONTINUITY,CURVATURE_CONTINUITY,0.12960159808135313,-0.4711505787149938,-0.3976122230795969,0.07353835563539685,-0.71,-0.39115057871499376,False,0.021150578714993817,False
DVE005,M0_V1,FROZEN_V1_CURVATURE_CONTINUITY,CURVATURE_CONTINUITY,0.1296481531532095,-0.4711505787149938,-0.39781972895354084,0.07333084976145293,-0.71,-0.39115057871499376,False,0.021150578714993817,False
DVE005,M0_V1,FROZEN_V1_CURVATURE_CONTINUITY,CURVATURE_CONTINUITY,0.12969470822506585,-0.4711505787149938,-0.3980306110908085,0.07311996762418527,-0.71,-0.39115057871499376,False,0.021150578714993817,False
DVE005,M0_V1,FROZEN_V1_CURVATURE_CONTINUITY,CURVATURE_CONTINUITY,0.1297412632969222,-0.4711505787149938,-0.39824487960687366,0.07290569910812011,-0.71,-0.39115057871499376,False,0.021150578714993817,False
DVE005,M0_V1,FROZEN_V1_CURVATURE_CONTINUITY,CURVATURE_CONTINUITY,0.12978781836877856,-0.4711505787149938,-0.39846254253428925,0.07268803618070452,-0.71,-0.39115057871499376,False,0.021150578714993817,False
DVE005,M0_V1,FROZEN_V1_CURVATURE_CONTINUITY,CURVATURE_CONTINUITY,0.12983437344063492,-0.4711505787149938,-0.39868360584836954,0.07246697286662424,-0.71,-0.39115057871499376,False,0.021150578714993817,False
DVE005,M0_V1,FROZEN_V1_CURVATURE_CONTINUITY,CURVATURE_CONTINUITY,0.12988092851249125,-0.4711505787149938,-0.3989080734928725,0.07224250522212128,-0.71,-0.39115057871499376,False,0.021150578714993817,False
DVE005,M0_V1,FROZEN_V1_CURVATURE_CONTINUITY,CURVATURE_CONTINUITY,0.1299274835843476,-0.4711505787149938,-0.39913594740568226,0.07201463130931152,-0.71,-0.39115057871499376,False,0.021150578714993817,False
DVE005,M0_V1,FROZEN_V1_CURVATURE_CONTINUITY,CURVATURE_CONTINUITY,0.12997403865620397,-0.4711505787149938,-0.39936722754449056,0.07178335117050322,-0.71,-0.39115057871499376,False,0.021150578714993817,False
DVE005,M0_V1,FROZEN_V1_CURVATURE_CONTINUITY,CURVATURE_CONTINUITY,0.13002059372806032,-0.4711505787149938,-0.39960191191247957,0.0715486668025142,-0.71,-0.39115057871499376,False,0.021150578714993817,False
DVE005,M0_V1,FROZEN_V1_CURVATURE_CONTINUITY,CURVATURE_CONTINUITY,0.13006714879991668,-0.4711505787149938,-0.3998399965840039,0.0713105821309899,-0.71,-0.39115057871499376,False,0.021150578714993817,False
DVE005,M0_V1,FROZEN_V1_CURVATURE_CONTINUITY,CURVATURE_CONTINUITY,0.13011370387177304,-0.4711505787149938,-0.40008147573027264,0.07106910298472113,-0.71,-0.39115057871499376,False,0.021150578714993817,False
DVE005,M0_V1,FROZEN_V1_CURVATURE_CONTINUITY,CURVATURE_CONTINUITY,0.13016025894362937,-0.4711505787149938,-0.4003263416450318,0.07082423706996199,-0.71,-0.39115057871499376,False,0.021150578714993817,False
DVE005,M0_V1,FROZEN_V1_CURVATURE_CONTINUITY,CURVATURE_CONTINUITY,0.13020681401548573,-0.4711505787149938,-0.4005745847702466,0.07057599394474717,-0.71,-0.39115057871499376,False,0.021150578714993817,False
DVE005,M0_V1,FROZEN_V1_CURVATURE_CONTINUITY,CURVATURE_CONTINUITY,0.13025336908734209,-0.4711505787149938,-0.40082619372178324,0.07032438499321053,-0.71,-0.39115057871499376,False,0.021150578714993817,False
DVE005,M0_V1,FROZEN_V1_CURVATURE_CONTINUITY,CURVATURE_CONTINUITY,0.13029992415919844,-0.4711505787149938,-0.4010811553150913,0.07006942339990246,-0.71,-0.39115057871499376,False,0.021150578714993817,False
DVE005,M0_V1,FROZEN_V1_CURVATURE_CONTINUITY,CURVATURE_CONTINUITY,0.1303464792310548,-0.4711505787149938,-0.4013394545908861,0.06981112412410767,-0.71,-0.39115057871499376,False,0.021150578714993817,False
DVE005,M0_V1,FROZEN_V1_CURVATURE_CONTINUITY,CURVATURE_CONTINUITY,0.13039303430291116,-0.4711505787149938,-0.40160107484083063,0.06954950387416314,-0.71,-0.39115057871499376,False,0.021150578714993817,False
DVE005,M0_V1,FROZEN_V1_CURVATURE_CONTINUITY,CURVATURE_CONTINUITY,0.1304395893747675,-0.4711505787149938,-0.40186599763321784,0.06928458108177593,-0.71,-0.39115057871499376,False,0.021150578714993817,False
DVE005,M0_V1,FROZEN_V1_CURVATURE_CONTINUITY,CURVATURE_CONTINUITY,0.13048614444662385,-0.4711505787149938,-0.40213420283865325,0.06901637587634052,-0.71,-0.39115057871499376,False,0.021150578714993817,False
DVE005,M0_V1,FROZEN_V1_CURVATURE_CONTINUITY,CURVATURE_CONTINUITY,0.1305326995184802,-0.4711505787149938,-0.40240566865573635,0.06874491005925742,-0.71,-0.39115057871499376,False,0.021150578714993817,False
DVE005,M0_V1,FROZEN_V1_CURVATURE_CONTINUITY,CURVATURE_CONTINUITY,0.13057925459033656,-0.4711505787149938,-0.40268037163674336,0.06847020707825041,-0.71,-0.39115057871499376,False,0.021150578714993817,False
DVE005,M0_V1,FROZEN_V1_CURVATURE_CONTINUITY,CURVATURE_CONTINUITY,0.13062580966219292,-0.4711505787149938,-0.40295828671330924,0.06819229200168453,-0.71,-0.39115057871499376,False,0.021150578714993817,False
DVE005,M0_V1,FROZEN_V1_CURVATURE_CONTINUITY,CURVATURE_CONTINUITY,0.13067236473404928,-0.4711505787149938,-0.40323938722210995,0.06791119149288383,-0.71,-0.39115057871499376,False,0.021150578714993817,False
DVE005,M0_V1,FROZEN_V1_CURVATURE_CONTINUITY,CURVATURE_CONTINUITY,0.1307189198059056,-0.4711505787149938,-0.40352364493054443,0.06762693378444934,-0.71,-0.39115057871499376,False,0.021150578714993817,False
DVE005,M0_V1,FROZEN_V1_CURVATURE_CONTINUITY,CURVATURE_CONTINUITY,0.13076547487776197,-0.4711505787149938,-0.40381103006241753,0.06733954865257624,-0.71,-0.39115057871499376,False,0.021150578714993817,False
DVE005,M0_V1,FROZEN_V1_CURVATURE_CONTINUITY,CURVATURE_CONTINUITY,0.13081202994961832,-0.4711505787149938,-0.40410151132362104,0.06704906739137273,-0.71,-0.39115057871499376,False,0.021150578714993817,False
DVE005,M0_V1,FROZEN_V1_CURVATURE_CONTINUITY,CURVATURE_CONTINUITY,0.13085858502147468,-0.4711505787149938,-0.4043950559278169,0.06675552278717689,-0.71,-0.39115057871499376,False,0.021150578714993817,False
DVE005,M0_V1,FROZEN_V1_CURVATURE_CONTINUITY,CURVATURE_CONTINUITY,0.13090514009333104,-0.4711505787149938,-0.4046916296221187,0.06645894909287509,-0.71,-0.39115057871499376,False,0.021150578714993817,False
DVE005,M0_V1,FROZEN_V1_CURVATURE_CONTINUITY,CURVATURE_CONTINUITY,0.1309516951651874,-0.4711505787149938,-0.40499119671277434,0.06615938200221944,-0.71,-0.39115057871499376,False,0.021150578714993817,False
DVE005,M0_V1,FROZEN_V1_CURVATURE_CONTINUITY,CURVATURE_CONTINUITY,0.13099825023704373,-0.4711505787149938,-0.4052937200908479,0.06585685862414586,-0.71,-0.39115057871499376,False,0.021150578714993817,False
DVE005,M0_V1,FROZEN_V1_CURVATURE_CONTINUITY,CURVATURE_CONTINUITY,0.1310448053089001,-0.4711505787149938,-0.4055991612579025,0.06555141745709125,-0.71,-0.39115057871499376,False,0.021150578714993817,False
DVE005,M0_V1,FROZEN_V1_CURVATURE_CONTINUITY,CURVATURE_CONTINUITY,0.13109136038075644,-0.4711505787149938,-0.40590748035168145,0.06524309836331232,-0.71,-0.39115057871499376,False,0.021150578714993817,False
DVE005,M0_V1,FROZEN_V1_CURVATURE_CONTINUITY,CURVATURE_CONTINUITY,0.1311379154526128,-0.4711505787149938,-0.4062186361717911,0.06493194254320267,-0.71,-0.39115057871499376,False,0.021150578714993817,False
DVE005,M0_V1,FROZEN_V1_CURVATURE_CONTINUITY,CURVATURE_CONTINUITY,0.13118447052446916,-0.4711505787149938,-0.4065325862053831,0.0646179925096107,-0.71,-0.39115057871499376,False,0.021150578714993817,False
DVE005,M0_V1,FROZEN_V1_CURVATURE_CONTINUITY,CURVATURE_CONTINUITY,0.13123102559632552,-0.4711505787149938,-0.4068492866528361,0.06430129206215768,-0.71,-0.39115057871499376,False,0.021150578714993817,False
DVE005,M0_V1,FROZEN_V1_CURVATURE_CONTINUITY,CURVATURE_CONTINUITY,0.13127758066818185,-0.4711505787149938,-0.40716869245343845,0.06398188626155532,-0.71,-0.39115057871499376,False,0.021150578714993817,False
DVE005,M0_V1,FROZEN_V1_CURVATURE_CONTINUITY,CURVATURE_CONTINUITY,0.1313241357400382,-0.4711505787149938,-0.4074907573110705,0.06365982140392329,-0.71,-0.39115057871499376,False,0.021150578714993817,False
DVE005,M0_V1,FROZEN_V1_CURVATURE_CONTINUITY,CURVATURE_CONTINUITY,0.13137069081189456,-0.4711505787149938,-0.407815433719886,0.06333514499510778,-0.71,-0.39115057871499376,False,0.021150578714993817,False
DVE005,M0_V1,FROZEN_V1_CURVATURE_CONTINUITY,CURVATURE_CONTINUITY,0.13141724588375092,-0.4711505787149938,-0.40814267298999507,0.0630079057249987,-0.71,-0.39115057871499376,False,0.021150578714993817,False
DVE005,M0_V1,FROZEN_V1_CURVATURE_CONTINUITY,CURVATURE_CONTINUITY,0.13146380095560728,-0.4711505787149938,-0.40847242527314603,0.06267815344184774,-0.71,-0.39115057871499376,False,0.021150578714993817,False
DVE005,M0_V1,FROZEN_V1_CURVATURE_CONTINUITY,CURVATURE_CONTINUITY,0.13151035602746364,-0.4711505787149938,-0.4088046395884078,0.06234593912658598,-0.71,-0.39115057871499376,False,0.021150578714993817,False
DVE005,M0_V1,FROZEN_V1_CURVATURE_CONTINUITY,CURVATURE_CONTINUITY,0.13155691109931997,-0.4711505787149938,-0.40913926384785154,0.06201131486714223,-0.71,-0.39115057871499376,False,0.021150578714993817,False
DVE005,M0_V1,FROZEN_V1_CURVATURE_CONTINUITY,CURVATURE_CONTINUITY,0.13160346617117633,-0.4711505787149938,-0.4094762448822342,0.061674333832759554,-0.71,-0.39115057871499376,False,0.021150578714993817,False
DVE005,M0_V1,FROZEN_V1_CURVATURE_CONTINUITY,CURVATURE_CONTINUITY,0.13165002124303268,-0.4711505787149938,-0.409815528466679,0.06133505024831476,-0.71,-0.39115057871499376,False,0.021150578714993817,False
DVE005,M0_V1,FROZEN_V1_CURVATURE_CONTINUITY,CURVATURE_CONTINUITY,0.13169657631488904,-0.4711505787149938,-0.41015705934635877,0.06099351936863501,-0.71,-0.39115057871499376,False,0.021150578714993817,False
DVE005,M0_V1,FROZEN_V1_CURVATURE_CONTINUITY,CURVATURE_CONTINUITY,0.1317431313867454,-0.4711505787149938,-0.4105007812621776,0.06064979745281618,-0.71,-0.39115057871499376,False,0.021150578714993817,False
DVE005,M0_V1,FROZEN_V1_CURVATURE_CONTINUITY,CURVATURE_CONTINUITY,0.13178968645860176,-0.4711505787149938,-0.4108466369764534,0.06030394173854037,-0.71,-0.39115057871499376,False,0.021150578714993817,False
DVE005,M0_V1,FROZEN_V1_CURVATURE_CONTINUITY,CURVATURE_CONTINUITY,0.1318362415304581,-0.4711505787149938,-0.41119456829859974,0.059956010416394034,-0.71,-0.39115057871499376,False,0.021150578714993817,False
DVE005,M0_V1,FROZEN_V1_CURVATURE_CONTINUITY,CURVATURE_CONTINUITY,0.13188279660231444,-0.4711505787149938,-0.4115445161108088,0.059606062604184995,-0.71,-0.39115057871499376,False,0.021150578714993817,False
DVE005,M0_V1,FROZEN_V1_CURVATURE_CONTINUITY,CURVATURE_CONTINUITY,0.1319293516741708,-0.4711505787149938,-0.41189642039373237,0.05925415832126141,-0.71,-0.39115057871499376,False,0.021150578714993817,False
DVE005,M0_V1,FROZEN_V1_CURVATURE_CONTINUITY,CURVATURE_CONTINUITY,0.13197590674602716,-0.4711505787149938,-0.4122502202521649,0.05890035846282887,-0.71,-0.39115057871499376,False,0.021150578714993817,False
DVE005,M0_V1,FROZEN_V1_CURVATURE_CONTINUITY,CURVATURE_CONTINUITY,0.13202246181788352,-0.4711505787149938,-0.4126058539407256,0.0585447247742682,-0.71,-0.39115057871499376,False,0.021150578714993817,False
DVE005,M0_V1,FROZEN_V1_CURVATURE_CONTINUITY,CURVATURE_CONTINUITY,0.13206901688973988,-0.4711505787149938,-0.41296325888954033,0.05818731982545344,-0.71,-0.39115057871499376,False,0.021150578714993817,False
DVE005,M0_V1,FROZEN_V1_CURVATURE_CONTINUITY,CURVATURE_CONTINUITY,0.1321155719615962,-0.4711505787149938,-0.4133223717299238,0.05782820698506996,-0.71,-0.39115057871499376,False,0.021150578714993817,False
DVE005,M0_V1,FROZEN_V1_CURVATURE_CONTINUITY,CURVATURE_CONTINUITY,0.13216212703345256,-0.4711505787149938,-0.41368312832006277,0.05746745039493101,-0.71,-0.39115057871499376,False,0.021150578714993817,False
DVE005,M0_V1,FROZEN_V1_CURVATURE_CONTINUITY,CURVATURE_CONTINUITY,0.13220868210530892,-0.4711505787149938,-0.41404546377069656,0.05710511494429721,-0.71,-0.39115057871499376,False,0.021150578714993817,False
DVE005,M0_V1,FROZEN_V1_CURVATURE_CONTINUITY,CURVATURE_CONTINUITY,0.13225523717716528,-0.4711505787149938,-0.4144093124708004,0.0567412662441934,-0.71,-0.39115057871499376,False,0.021150578714993817,False
DVE005,M0_V1,FROZEN_V1_CURVATURE_CONTINUITY,CURVATURE_CONTINUITY,0.13230179224902164,-0.4711505787149938,-0.4147746081132673,0.0563759706017265,-0.71,-0.39115057871499376,False,0.021150578714993817,False
DVE005,M0_V1,FROZEN_V1_CURVATURE_CONTINUITY,CURVATURE_CONTINUITY,0.132348347320878,-0.4711505787149938,-0.41514128372059034,0.056009294994403436,-0.71,-0.39115057871499376,False,0.021150578714993817,False
DVE005,M0_V1,FROZEN_V1_CURVATURE_CONTINUITY,CURVATURE_CONTINUITY,0.13239490239273433,-0.4711505787149938,-0.4155092716705445,0.05564130704444925,-0.71,-0.39115057871499376,False,0.021150578714993817,False
DVE005,M0_V1,FROZEN_V1_CURVATURE_CONTINUITY,CURVATURE_CONTINUITY,0.13244145746459068,-0.4711505787149938,-0.41587850372186996,0.05527207499312381,-0.71,-0.39115057871499376,False,0.021150578714993817,False
DVE005,M0_V1,FROZEN_V1_CURVATURE_CONTINUITY,CURVATURE_CONTINUITY,0.13248801253644704,-0.4711505787149938,-0.41624891103995265,0.05490166767504112,-0.71,-0.39115057871499376,False,0.021150578714993817,False
DVE005,M0_V1,FROZEN_V1_CURVATURE_CONTINUITY,CURVATURE_CONTINUITY,0.1325345676083034,-0.4711505787149938,-0.4166204242225076,0.05453015449248616,-0.71,-0.39115057871499376,False,0.021150578714993817,False
DVE005,M0_V1,FROZEN_V1_CURVATURE_CONTINUITY,CURVATURE_CONTINUITY,0.13258112268015976,-0.4711505787149938,-0.4169929733252608,0.054157605389732966,-0.71,-0.39115057871499376,False,0.021150578714993817,False
DVE005,M0_V1,FROZEN_V1_CURVATURE_CONTINUITY,CURVATURE_CONTINUITY,0.13262767775201612,-0.4711505787149938,-0.4173664878876315,0.053784090827362296,-0.71,-0.39115057871499376,False,0.021150578714993817,False
DVE005,M0_V1,FROZEN_V1_CURVATURE_CONTINUITY,CURVATURE_CONTINUITY,0.13267423282387245,-0.4711505787149938,-0.41774089695841393,0.05340968175657984,-0.71,-0.39115057871499376,False,0.021150578714993817,False
DVE005,M0_V1,FROZEN_V1_CURVATURE_CONTINUITY,CURVATURE_CONTINUITY,0.1327207878957288,-0.4711505787149938,-0.41811612912146073,0.05303444959353304,-0.71,-0.39115057871499376,False,0.021150578714993817,False
DVE005,M0_V1,FROZEN_V1_CURVATURE_CONTINUITY,CURVATURE_CONTINUITY,0.13276734296758516,-0.4711505787149938,-0.41849211252136354,0.05265846619363024,-0.71,-0.39115057871499376,False,0.021150578714993817,False
DVE005,M0_V1,FROZEN_V1_CURVATURE_CONTINUITY,CURVATURE_CONTINUITY,0.13281389803944152,-0.4711505787149938,-0.4188687748891362,0.052281803825857565,-0.71,-0.39115057871499376,False,0.021150578714993817,False
DVE005,M0_V1,FROZEN_V1_CURVATURE_CONTINUITY,CURVATURE_CONTINUITY,0.13286045311129788,-0.4711505787149938,-0.41924604356789674,0.05190453514709703,-0.71,-0.39115057871499376,False,0.021150578714993817,False
DVE005,M0_V1,FROZEN_V1_CURVATURE_CONTINUITY,CURVATURE_CONTINUITY,0.1329070081831542,-0.4711505787149938,-0.4196238455385492,0.05152673317644457,-0.71,-0.39115057871499376,False,0.021150578714993817,False
DVE005,M0_V1,FROZEN_V1_CURVATURE_CONTINUITY,CURVATURE_CONTINUITY,0.13295356325501057,-0.4711505787149938,-0.420002107445467,0.05114847126952676,-0.71,-0.39115057871499376,False,0.021150578714993817,False
DVE005,M0_V1,FROZEN_V1_CURVATURE_CONTINUITY,CURVATURE_CONTINUITY,0.13300011832686692,-0.4711505787149938,-0.4203807556221736,0.05076982309282019,-0.71,-0.39115057871499376,False,0.021150578714993817,False
DVE005,M0_V1,FROZEN_V1_CURVATURE_CONTINUITY,CURVATURE_CONTINUITY,0.13304667339872328,-0.4711505787149938,-0.42075971611702545,0.05039086259796832,-0.71,-0.39115057871499376,False,0.021150578714993817,False
DVE005,M0_V1,FROZEN_V1_CURVATURE_CONTINUITY,CURVATURE_CONTINUITY,0.13309322847057964,-0.4711505787149938,-0.42113891471889436,0.05001166399609941,-0.71,-0.39115057871499376,False,0.021150578714993817,False
DVE005,M0_V1,FROZEN_V1_CURVATURE_CONTINUITY,CURVATURE_CONTINUITY,0.133139783542436,-0.4711505787149938,-0.4215182769828493,0.049632301732144446,-0.71,-0.39115057871499376,False,0.021150578714993817,False
DVE005,M0_V1,FROZEN_V1_CURVATURE_CONTINUITY,CURVATURE_CONTINUITY,0.13318633861429235,-0.4711505787149938,-0.4218977282558389,0.049252850459154895,-0.71,-0.39115057871499376,False,0.021150578714993817,False
DVE005,M0_V1,FROZEN_V1_CURVATURE_CONTINUITY,CURVATURE_CONTINUITY,0.13323289368614868,-0.4711505787149938,-0.42227719370237315,0.04887338501262062,-0.71,-0.39115057871499376,False,0.021150578714993817,False
DVE005,M0_V1,FROZEN_V1_CURVATURE_CONTINUITY,CURVATURE_CONTINUITY,0.13327944875800504,-0.4711505787149938,-0.4226565983302067,0.04849398038478708,-0.71,-0.39115057871499376,False,0.021150578714993817,False
DVE005,M0_V1,FROZEN_V1_CURVATURE_CONTINUITY,CURVATURE_CONTINUITY,0.1333260038298614,-0.4711505787149938,-0.4230358670160196,0.04811471169897419,-0.71,-0.39115057871499376,False,0.021150578714993817,False
DVE005,M0_V1,FROZEN_V1_CURVATURE_CONTINUITY,CURVATURE_CONTINUITY,0.13337255890171776,-0.4711505787149938,-0.42341492453110047,0.047735654183893306,-0.71,-0.39115057871499376,False,0.021150578714993817,False
DVE005,M0_V1,FROZEN_V1_CURVATURE_CONTINUITY,CURVATURE_CONTINUITY,0.13341911397357412,-0.4711505787149938,-0.4237936955670284,0.04735688314796538,-0.71,-0.39115057871499376,False,0.021150578714993817,False
DVE005,M0_V1,FROZEN_V1_CURVATURE_CONTINUITY,CURVATURE_CONTINUITY,0.13346566904543045,-0.4711505787149938,-0.42417210476135503,0.046978473953638744,-0.71,-0.39115057871499376,False,0.021150578714993817,False
DVE005,M0_V1,FROZEN_V1_CURVATURE_CONTINUITY,CURVATURE_CONTINUITY,0.1335122241172868,-0.4711505787149938,-0.42455007672328743,0.046600501991706345,-0.71,-0.39115057871499376,False,0.021150578714993817,False
DVE005,M0_V1,FROZEN_V1_CURVATURE_CONTINUITY,CURVATURE_CONTINUITY,0.13355877918914316,-0.4711505787149938,-0.42492753605936917,0.0462230426556246,-0.71,-0.39115057871499376,False,0.021150578714993817,False
DVE005,M0_V1,FROZEN_V1_CURVATURE_CONTINUITY,CURVATURE_CONTINUITY,0.13360533426099952,-0.4711505787149938,-0.4253044073991633,0.045846171315830464,-0.71,-0.39115057871499376,False,0.021150578714993817,False
DVE005,M0_V1,FROZEN_V1_CURVATURE_CONTINUITY,CURVATURE_CONTINUITY,0.13365188933285588,-0.4711505787149938,-0.4256806154209344,0.04546996329405939,-0.71,-0.39115057871499376,False,0.021150578714993817,False
DVE005,M0_V1,FROZEN_V1_CURVATURE_CONTINUITY,CURVATURE_CONTINUITY,0.13369844440471224,-0.4711505787149938,-0.4260560848773306,0.045094493837663174,-0.71,-0.39115057871499376,False,0.021150578714993817,False
DVE005,M0_V1,FROZEN_V1_CURVATURE_CONTINUITY,CURVATURE_CONTINUITY,0.1337449994765686,-0.4711505787149938,-0.426430740621066,0.044719838093927766,-0.71,-0.39115057871499376,False,0.021150578714993817,False
DVE005,M0_V1,FROZEN_V1_CURVATURE_CONTINUITY,CURVATURE_CONTINUITY,0.13379155454842492,-0.4711505787149938,-0.4268045076306025,0.04434607108439126,-0.71,-0.39115057871499376,False,0.021150578714993817,False
DVE005,M0_V1,FROZEN_V1_CURVATURE_CONTINUITY,CURVATURE_CONTINUITY,0.13383810962028128,-0.4711505787149938,-0.42717731103583295,0.04397326767916082,-0.71,-0.39115057871499376,False,0.021150578714993817,False
DVE005,M0_V1,FROZEN_V1_CURVATURE_CONTINUITY,CURVATURE_CONTINUITY,0.13388466469213764,-0.4711505787149938,-0.42754907614376203,0.04360150257123174,-0.71,-0.39115057871499376,False,0.021150578714993817,False
DVE005,M0_V1,FROZEN_V1_CURVATURE_CONTINUITY,CURVATURE_CONTINUITY,0.133931219763994,-0.4711505787149938,-0.4279197284641892,0.04323085025080459,-0.71,-0.39115057871499376,False,0.021150578714993817,False
DVE005,M0_V1,FROZEN_V1_CURVATURE_CONTINUITY,CURVATURE_CONTINUITY,0.13397777483585036,-0.4711505787149938,-0.42828919373539076,0.04286138497960301,-0.71,-0.39115057871499376,False,0.021150578714993817,False
DVE005,M0_V1,FROZEN_V1_CURVATURE_CONTINUITY,CURVATURE_CONTINUITY,0.13402432990770669,-0.4711505787149938,-0.4286573979498019,0.042493180765191874,-0.71,-0.39115057871499376,False,0.021150578714993817,False
DVE005,M0_V1,FROZEN_V1_CURVATURE_CONTINUITY,CURVATURE_CONTINUITY,0.13407088497956304,-0.4711505787149938,-0.42902426737969973,0.04212631133529404,-0.71,-0.39115057871499376,False,0.021150578714993817,False
DVE005,M0_V1,FROZEN_V1_CURVATURE_CONTINUITY,CURVATURE_CONTINUITY,0.1341174400514194,-0.4711505787149938,-0.429389728602884,0.04176085011210978,-0.71,-0.39115057871499376,False,0.021150578714993817,False
DVE005,M0_V1,FROZEN_V1_CURVATURE_CONTINUITY,CURVATURE_CONTINUITY,0.13416399512327576,-0.4711505787149938,-0.4297537085283604,0.04139687018663335,-0.71,-0.39115057871499376,False,0.021150578714993817,False
DVE005,M0_V1,FROZEN_V1_CURVATURE_CONTINUITY,CURVATURE_CONTINUITY,0.13421055019513212,-0.4711505787149938,-0.4301161344220225,0.04103444429297126,-0.71,-0.39115057871499376,False,0.021150578714993817,False
DVE005,M0_V1,FROZEN_V1_CURVATURE_CONTINUITY,CURVATURE_CONTINUITY,0.13425710526698847,-0.4711505787149938,-0.43047693393233377,0.04067364478266,-0.71,-0.39115057871499376,False,0.021150578714993817,False
DVE005,M0_V1,FROZEN_V1_CURVATURE_CONTINUITY,CURVATURE_CONTINUITY,0.1343036603388448,-0.4711505787149938,-0.4308360351160097,0.040314543598984065,-0.71,-0.39115057871499376,False,0.021150578714993817,False
DVE005,M0_V1,FROZEN_V1_CURVATURE_CONTINUITY,CURVATURE_CONTINUITY,0.13435021541070116,-0.4711505787149938,-0.4311933664637009,0.039957212251292895,-0.71,-0.39115057871499376,False,0.021150578714993817,False
DVE005,M0_V1,FROZEN_V1_CURVATURE_CONTINUITY,CURVATURE_CONTINUITY,0.13439677048255752,-0.4711505787149938,-0.4315488569256738,0.03960172178931998,-0.71,-0.39115057871499376,False,0.021150578714993817,False
DVE005,M0_V1,FROZEN_V1_CURVATURE_CONTINUITY,CURVATURE_CONTINUITY,0.13444332555441388,-0.4711505787149938,-0.43190243593749406,0.03924814277749972,-0.71,-0.39115057871499376,False,0.021150578714993817,False
DVE005,M0_V1,FROZEN_V1_CURVATURE_CONTINUITY,CURVATURE_CONTINUITY,0.13448988062627024,-0.4711505787149938,-0.4322540334457081,0.038896545269285654,-0.71,-0.39115057871499376,False,0.021150578714993817,False
DVE005,M0_V1,FROZEN_V1_CURVATURE_CONTINUITY,CURVATURE_CONTINUITY,0.1345364356981266,-0.4711505787149938,-0.4326035799335258,0.038546998781468,-0.71,-0.39115057871499376,False,0.021150578714993817,False
DVE005,M0_V1,FROZEN_V1_CURVATURE_CONTINUITY,CURVATURE_CONTINUITY,0.13458299076998292,-0.4711505787149938,-0.4329510064465019,0.038199572268491855,-0.71,-0.39115057871499376,False,0.021150578714993817,False
DVE005,M0_V1,FROZEN_V1_CURVATURE_CONTINUITY,CURVATURE_CONTINUITY,0.13462954584183928,-0.4711505787149938,-0.4332962446182196,0.03785433409677419,-0.71,-0.39115057871499376,False,0.021150578714993817,False
DVE005,M0_V1,FROZEN_V1_CURVATURE_CONTINUITY,CURVATURE_CONTINUITY,0.13467610091369564,-0.4711505787149938,-0.43363922669597105,0.037511352019022726,-0.71,-0.39115057871499376,False,0.021150578714993817,False
DVE005,M0_V1,FROZEN_V1_CURVATURE_CONTINUITY,CURVATURE_CONTINUITY,0.134722655985552,-0.4711505787149938,-0.4339798855664408,0.03717069314855298,-0.71,-0.39115057871499376,False,0.021150578714993817,False
DVE005,M0_V1,FROZEN_V1_CURVATURE_CONTINUITY,CURVATURE_CONTINUITY,0.13476921105740836,-0.4711505787149938,-0.4343181547813874,0.03683242393360636,-0.71,-0.39115057871499376,False,0.021150578714993817,False
DVE005,M0_V1,FROZEN_V1_CURVATURE_CONTINUITY,CURVATURE_CONTINUITY,0.1348157661292647,-0.4711505787149938,-0.43465396858332583,0.03649661013166794,-0.71,-0.39115057871499376,False,0.021150578714993817,False
DVE005,M0_V1,FROZEN_V1_CURVATURE_CONTINUITY,CURVATURE_CONTINUITY,0.13486232120112104,-0.4711505787149938,-0.4349872619312094,0.03616331678378437,-0.71,-0.39115057871499376,False,0.021150578714993817,False
DVE005,M0_V1,FROZEN_V1_CURVATURE_CONTINUITY,CURVATURE_CONTINUITY,0.1349088762729774,-0.4711505787149938,-0.4353179705261127,0.035832608188881065,-0.71,-0.39115057871499376,False,0.021150578714993817,False
DVE005,M0_V1,FROZEN_V1_CURVATURE_CONTINUITY,CURVATURE_CONTINUITY,0.13495543134483376,-0.4711505787149938,-0.43564603083691295,0.03550454787808083,-0.71,-0.39115057871499376,False,0.021150578714993817,False
DVE005,M0_V1,FROZEN_V1_CURVATURE_CONTINUITY,CURVATURE_CONTINUITY,0.13500198641669012,-0.4711505787149938,-0.43597138012597236,0.03517919858902141,-0.71,-0.39115057871499376,False,0.021150578714993817,False
DVE005,M0_V1,FROZEN_V1_CURVATURE_CONTINUITY,CURVATURE_CONTINUITY,0.13504854148854648,-0.4711505787149938,-0.43629395647482067,0.03485662224017311,-0.71,-0.39115057871499376,False,0.021150578714993817,False
DVE005,M0_V1,FROZEN_V1_CURVATURE_CONTINUITY,CURVATURE_CONTINUITY,0.13509509656040283,-0.4711505787149938,-0.43661369880983714,0.03453687990515664,-0.71,-0.39115057871499376,False,0.021150578714993817,False
DVE005,M0_V1,FROZEN_V1_CURVATURE_CONTINUITY,CURVATURE_CONTINUITY,0.13514165163225916,-0.4711505787149938,-0.4369305469279326,0.03422003178706118,-0.71,-0.39115057871499376,False,0.021150578714993817,False
DVE005,M0_V1,FROZEN_V1_CURVATURE_CONTINUITY,CURVATURE_CONTINUITY,0.13518820670411552,-0.4711505787149938,-0.4372444415222322,0.03390613719276159,-0.71,-0.39115057871499376,False,0.021150578714993817,False
DVE005,M0_V1,FROZEN_V1_CURVATURE_CONTINUITY,CURVATURE_CONTINUITY,0.13523476177597188,-0.4711505787149938,-0.4375553242077568,0.03359525450723699,-0.71,-0.39115057871499376,False,0.021150578714993817,False
DVE005,M0_V1,FROZEN_V1_CURVATURE_CONTINUITY,CURVATURE_CONTINUITY,0.13528131684782824,-0.4711505787149938,-0.4378631375471058,0.033287441167887954,-0.71,-0.39115057871499376,False,0.021150578714993817,False
DVE005,M0_V1,FROZEN_V1_CURVATURE_CONTINUITY,CURVATURE_CONTINUITY,0.1353278719196846,-0.4711505787149938,-0.43816782507613905,0.03298275363885472,-0.71,-0.39115057871499376,False,0.021150578714993817,False
DVE005,M0_V1,FROZEN_V1_CURVATURE_CONTINUITY,CURVATURE_CONTINUITY,0.13537442699154095,-0.4711505787149938,-0.43846933132965904,0.03268124738533473,-0.71,-0.39115057871499376,False,0.021150578714993817,False
DVE005,M0_V1,FROZEN_V1_CURVATURE_CONTINUITY,CURVATURE_CONTINUITY,0.13542098206339728,-0.4711505787149938,-0.438767601867093,0.03238297684790076,-0.71,-0.39115057871499376,False,0.021150578714993817,False
DVE005,M0_V1,FROZEN_V1_CURVATURE_CONTINUITY,CURVATURE_CONTINUITY,0.13546753713525364,-0.4711505787149938,-0.439062583298176,0.03208799541681778,-0.71,-0.39115057871499376,False,0.021150578714993817,False
DVE005,M0_V1,FROZEN_V1_CURVATURE_CONTINUITY,CURVATURE_CONTINUITY,0.13551409220711,-0.4711505787149938,-0.43935422330863155,0.03179635540636222,-0.71,-0.39115057871499376,False,0.021150578714993817,False
DVE005,M0_V1,FROZEN_V1_CURVATURE_CONTINUITY,CURVATURE_CONTINUITY,0.13556064727896636,-0.4711505787149938,-0.4396424706858551,0.03150810802913867,-0.71,-0.39115057871499376,False,0.021150578714993817,False
DVE005,M0_V1,FROZEN_V1_CURVATURE_CONTINUITY,CURVATURE_CONTINUITY,0.13560720235082271,-0.4711505787149938,-0.4399272753445955,0.031223303370398248,-0.71,-0.39115057871499376,False,0.021150578714993817,False
DVE005,M0_V1,FROZEN_V1_CURVATURE_CONTINUITY,CURVATURE_CONTINUITY,0.13565375742267907,-0.4711505787149938,-0.4402085883526379,0.030941990362355898,-0.71,-0.39115057871499376,False,0.021150578714993817,False
DVE005,M0_V1,FROZEN_V1_CURVATURE_CONTINUITY,CURVATURE_CONTINUITY,0.1357003124945354,-0.4711505787149938,-0.44048636195648494,0.030664216758508833,-0.71,-0.39115057871499376,False,0.021150578714993817,False
DVE005,M0_V1,FROZEN_V1_CURVATURE_CONTINUITY,CURVATURE_CONTINUITY,0.13574686756639176,-0.4711505787149938,-0.44076054960704014,0.03039002910795363,-0.71,-0.39115057871499376,False,0.021150578714993817,False
DVE005,M0_V1,FROZEN_V1_CURVATURE_CONTINUITY,CURVATURE_CONTINUITY,0.13579342263824812,-0.4711505787149938,-0.44103110598528916,0.03011947272970461,-0.71,-0.39115057871499376,False,0.021150578714993817,False
DVE005,M0_V1,FROZEN_V1_CURVATURE_CONTINUITY,CURVATURE_CONTINUITY,0.13583997771010448,-0.4711505787149938,-0.44129798702798234,0.02985259168701143,-0.71,-0.39115057871499376,False,0.021150578714993817,False
DVE005,M0_V1,FROZEN_V1_CURVATURE_CONTINUITY,CURVATURE_CONTINUITY,0.13588653278196083,-0.4711505787149938,-0.4415611499533169,0.02958942876167686,-0.71,-0.39115057871499376,False,0.021150578714993817,False
DVE005,M0_V1,FROZEN_V1_CURVATURE_CONTINUITY,CURVATURE_CONTINUITY,0.1359330878538172,-0.4711505787149938,-0.4418205532866191,0.02933002542837465,-0.71,-0.39115057871499376,False,0.021150578714993817,False
DVE005,M0_V1,FROZEN_V1_CURVATURE_CONTINUITY,CURVATURE_CONTINUITY,0.13597964292567352,-0.4711505787149938,-0.44207615688602636,0.02907442182896741,-0.71,-0.39115057871499376,False,0.021150578714993817,False
DVE005,M0_V1,FROZEN_V1_CURVATURE_CONTINUITY,CURVATURE_CONTINUITY,0.13602619799752988,-0.4711505787149938,-0.4423279219681699,0.028822656746823883,-0.71,-0.39115057871499376,False,0.021150578714993817,False
DVE005,M0_V1,FROZEN_V1_CURVATURE_CONTINUITY,CURVATURE_CONTINUITY,0.13607275306938624,-0.4711505787149938,-0.4425758111338562,0.028574767581137583,-0.71,-0.39115057871499376,False,0.021150578714993817,False
DVE005,M0_V1,FROZEN_V1_CURVATURE_CONTINUITY,CURVATURE_CONTINUITY,0.1361193081412426,-0.4711505787149938,-0.4428197883937497,0.02833079032124408,-0.71,-0.39115057871499376,False,0.021150578714993817,False
DVE005,M0_V1,FROZEN_V1_CURVATURE_CONTINUITY,CURVATURE_CONTINUITY,0.13616586321309895,-0.4711505787149938,-0.44305981919405485,0.028090759520938924,-0.71,-0.39115057871499376,False,0.021150578714993817,False
DVE005,M0_V1,FROZEN_V1_CURVATURE_CONTINUITY,CURVATURE_CONTINUITY,0.1362124182849553,-0.4711505787149938,-0.44329587044219837,0.027854708272795403,-0.71,-0.39115057871499376,False,0.021150578714993817,False
DVE005,M0_V1,FROZEN_V1_CURVATURE_CONTINUITY,CURVATURE_CONTINUITY,0.13625897335681164,-0.4711505787149938,-0.44352791053251117,0.0276226681824826,-0.71,-0.39115057871499376,False,0.021150578714993817,False
DVE005,M0_V1,FROZEN_V1_CURVATURE_CONTINUITY,CURVATURE_CONTINUITY,0.136305528428668,-0.4711505787149938,-0.44375590937191134,0.027394669343082434,-0.71,-0.39115057871499376,False,0.021150578714993817,False
DVE005,M0_V1,FROZEN_V1_CURVATURE_CONTINUITY,CURVATURE_CONTINUITY,0.13635208350052436,-0.4711505787149938,-0.44397983840558525,0.027170740309408525,-0.71,-0.39115057871499376,False,0.021150578714993817,False
DVE005,M0_V1,FROZEN_V1_CURVATURE_CONTINUITY,CURVATURE_CONTINUITY,0.13639863857238071,-0.4711505787149938,-0.44419967064267046,0.02695090807232331,-0.71,-0.39115057871499376,False,0.021150578714993817,False
DVE005,M0_V1,FROZEN_V1_CURVATURE_CONTINUITY,CURVATURE_CONTINUITY,0.13644519364423707,-0.4711505787149938,-0.44441538068193764,0.02673519803305613,-0.71,-0.39115057871499376,False,0.021150578714993817,False
DVE005,M0_V1,FROZEN_V1_CURVATURE_CONTINUITY,CURVATURE_CONTINUITY,0.13649174871609343,-0.4711505787149938,-0.44462694473747305,0.026523633977520722,-0.71,-0.39115057871499376,False,0.021150578714993817,False
DVE005,M0_V1,FROZEN_V1_CURVATURE_CONTINUITY,CURVATURE_CONTINUITY,0.13653830378794976,-0.4711505787149938,-0.4448343406643602,0.0263162380506336,-0.71,-0.39115057871499376,False,0.021150578714993817,False
DVE005,M0_V1,FROZEN_V1_CURVATURE_CONTINUITY,CURVATURE_CONTINUITY,0.13658485885980612,-0.4711505787149938,-0.4450375479843629,0.02611303073063087,-0.71,-0.39115057871499376,False,0.021150578714993817,False
DVE005,M0_V1,FROZEN_V1_CURVATURE_CONTINUITY,CURVATURE_CONTINUITY,0.13663141393166248,-0.4711505787149938,-0.44523654791160655,0.025914030803387222,-0.71,-0.39115057871499376,False,0.021150578714993817,False
DVE005,M0_V1,FROZEN_V1_CURVATURE_CONTINUITY,CURVATURE_CONTINUITY,0.13667796900351883,-0.4711505787149938,-0.4454313233782608,0.02571925533673297,-0.71,-0.39115057871499376,False,0.021150578714993817,False
DVE005,M0_V1,FROZEN_V1_CURVATURE_CONTINUITY,CURVATURE_CONTINUITY,0.1367245240753752,-0.4711505787149938,-0.4456218590602218,0.025528719654771992,-0.71,-0.39115057871499376,False,0.021150578714993817,False
DVE005,M0_V1,FROZEN_V1_CURVATURE_CONTINUITY,CURVATURE_CONTINUITY,0.13677107914723155,-0.4711505787149938,-0.445808141402794,0.02534243731219976,-0.71,-0.39115057871499376,False,0.021150578714993817,False
DVE005,M0_V1,FROZEN_V1_CURVATURE_CONTINUITY,CURVATURE_CONTINUITY,0.13681763421908788,-0.4711505787149938,-0.4459901586463728,0.02516042006862096,-0.71,-0.39115057871499376,False,0.021150578714993817,False
DVE005,M0_V1,FROZEN_V1_CURVATURE_CONTINUITY,CURVATURE_CONTINUITY,0.13686418929094424,-0.4711505787149938,-0.44616790085212676,0.02498267786286701,-0.71,-0.39115057871499376,False,0.021150578714993817,False
DVE005,M0_V1,FROZEN_V1_CURVATURE_CONTINUITY,CURVATURE_CONTINUITY,0.1369107443628006,-0.4711505787149938,-0.4463413599276793,0.024809218787314458,-0.71,-0.39115057871499376,False,0.021150578714993817,False
DVE005,M0_V1,FROZEN_V1_CURVATURE_CONTINUITY,CURVATURE_CONTINUITY,0.13695729943465695,-0.4711505787149938,-0.44651052965279125,0.024640049062202518,-0.71,-0.39115057871499376,False,0.021150578714993817,False
DVE005,M0_V1,FROZEN_V1_CURVATURE_CONTINUITY,CURVATURE_CONTINUITY,0.1370038545065133,-0.4711505787149938,-0.44667540570504305,0.024475173009950724,-0.71,-0.39115057871499376,False,0.021150578714993817,False
DVE005,M0_V1,FROZEN_V1_CURVATURE_CONTINUITY,CURVATURE_CONTINUITY,0.13705040957836967,-0.4711505787149938,-0.44683598568551675,0.024314593029477027,-0.71,-0.39115057871499376,False,0.021150578714993817,False
DVE005,M0_V1,FROZEN_V1_CURVATURE_CONTINUITY,CURVATURE_CONTINUITY,0.137096964650226,-0.4711505787149938,-0.4469922691444785,0.02415830957051529,-0.71,-0.39115057871499376,False,0.021150578714993817,False
DVE005,M0_V1,FROZEN_V1_CURVATURE_CONTINUITY,CURVATURE_CONTINUITY,0.13714351972208236,-0.4711505787149938,-0.4471442576070605,0.02400632110793327,-0.71,-0.39115057871499376,False,0.021150578714993817,False
DVE005,M0_V1,FROZEN_V1_CURVATURE_CONTINUITY,CURVATURE_CONTINUITY,0.13719007479393872,-0.4711505787149938,-0.4472919545989434,0.023858624116050386,-0.71,-0.39115057871499376,False,0.021150578714993817,False
DVE005,M0_V1,FROZEN_V1_CURVATURE_CONTINUITY,CURVATURE_CONTINUITY,0.13723662986579507,-0.4711505787149938,-0.4474353656720381,0.023715213042955652,-0.71,-0.39115057871499376,False,0.021150578714993817,False
DVE005,M0_V1,FROZEN_V1_CURVATURE_CONTINUITY,CURVATURE_CONTINUITY,0.13728318493765143,-0.4711505787149938,-0.44757449843016855,0.023576080284825218,-0.71,-0.39115057871499376,False,0.021150578714993817,False
DVE005,M0_V1,FROZEN_V1_CURVATURE_CONTINUITY,CURVATURE_CONTINUITY,0.1373297400095078,-0.4711505787149938,-0.44770936255475335,0.02344121616024042,-0.71,-0.39115057871499376,False,0.021150578714993817,False
DVE005,M0_V1,FROZEN_V1_CURVATURE_CONTINUITY,CURVATURE_CONTINUITY,0.13737629508136412,-0.4711505787149938,-0.4478399698304882,0.02331060888450559,-0.71,-0.39115057871499376,False,0.021150578714993817,False
DVE005,M0_V1,FROZEN_V1_CURVATURE_CONTINUITY,CURVATURE_CONTINUITY,0.13742285015322048,-0.4711505787149938,-0.44796633417102844,0.023184244543965338,-0.71,-0.39115057871499376,False,0.021150578714993817,False
DVE005,M0_V1,FROZEN_V1_CURVATURE_CONTINUITY,CURVATURE_CONTINUITY,0.13746940522507684,-0.4711505787149938,-0.44808847164467064,0.023062107070323135,-0.71,-0.39115057871499376,False,0.021150578714993817,False
DVE005,M0_V1,FROZEN_V1_CURVATURE_CONTINUITY,CURVATURE_CONTINUITY,0.1375159602969332,-0.4711505787149938,-0.44820640050003496,0.02294417821495881,-0.71,-0.39115057871499376,False,0.021150578714993817,False
DVE005,M0_V1,FROZEN_V1_CURVATURE_CONTINUITY,CURVATURE_CONTINUITY,0.13756251536878955,-0.4711505787149938,-0.4483201411917478,0.022830437523245983,-0.71,-0.39115057871499376,False,0.021150578714993817,False
DVE005,M0_V1,FROZEN_V1_CURVATURE_CONTINUITY,CURVATURE_CONTINUITY,0.1376090704406459,-0.4711505787149938,-0.4484297164061233,0.022720862308870493,-0.71,-0.39115057871499376,False,0.021150578714993817,False
DVE005,M0_V1,FROZEN_V1_CURVATURE_CONTINUITY,CURVATURE_CONTINUITY,0.13765562551250224,-0.4711505787149938,-0.44853515108684605,0.022615427628147722,-0.71,-0.39115057871499376,False,0.021150578714993817,False
DVE005,M0_V1,FROZEN_V1_CURVATURE_CONTINUITY,CURVATURE_CONTINUITY,0.1377021805843586,-0.4711505787149938,-0.4486364724606532,0.022514106254340582,-0.71,-0.39115057871499376,False,0.021150578714993817,False
DVE005,M0_V1,FROZEN_V1_CURVATURE_CONTINUITY,CURVATURE_CONTINUITY,0.13774873565621495,-0.4711505787149938,-0.4487337100630163,0.02241686865197745,-0.71,-0.39115057871499376,False,0.021150578714993817,False
DVE005,M0_V1,FROZEN_V1_CURVATURE_CONTINUITY,CURVATURE_CONTINUITY,0.1377952907280713,-0.4711505787149938,-0.44882689576382423,0.022323682951169543,-0.71,-0.39115057871499376,False,0.021150578714993817,False
DVE005,M0_V1,FROZEN_V1_CURVATURE_CONTINUITY,CURVATURE_CONTINUITY,0.13784184579992767,-0.4711505787149938,-0.44891606379306437,0.022234514921929405,-0.71,-0.39115057871499376,False,0.021150578714993817,False
DVE005,M0_V1,FROZEN_V1_CURVATURE_CONTINUITY,CURVATURE_CONTINUITY,0.13788840087178403,-0.4711505787149938,-0.4490012507665057,0.022149327948488062,-0.71,-0.39115057871499376,False,0.021150578714993817,False
DVE005,M0_V1,FROZEN_V1_CURVATURE_CONTINUITY,CURVATURE_CONTINUITY,0.13793495594364036,-0.4711505787149938,-0.4490824957113806,0.02206808300361318,-0.71,-0.39115057871499376,False,0.021150578714993817,False
DVE005,M0_V1,FROZEN_V1_CURVATURE_CONTINUITY,CURVATURE_CONTINUITY,0.13798151101549672,-0.4711505787149938,-0.44915984009206716,0.02199073862292661,-0.71,-0.39115057871499376,False,0.021150578714993817,False
DVE005,M0_V1,FROZEN_V1_CURVATURE_CONTINUITY,CURVATURE_CONTINUITY,0.13802806608735307,-0.4711505787149938,-0.4492333278357712,0.021917250879222583,-0.71,-0.39115057871499376,False,0.021150578714993817,False
DVE005,M0_V1,FROZEN_V1_CURVATURE_CONTINUITY,CURVATURE_CONTINUITY,0.13807462115920943,-0.4711505787149938,-0.44930300535820855,0.02184757335678522,-0.71,-0.39115057871499376,False,0.021150578714993817,False
DVE005,M0_V1,FROZEN_V1_CURVATURE_CONTINUITY,CURVATURE_CONTINUITY,0.1381211762310658,-0.4711505787149938,-0.44936892158928743,0.021781657125706344,-0.71,-0.39115057871499376,False,0.021150578714993817,False
DVE005,M0_V1,FROZEN_V1_CURVATURE_CONTINUITY,CURVATURE_CONTINUITY,0.13816773130292215,-0.4711505787149938,-0.44943112799879037,0.021719450716203403,-0.71,-0.39115057871499376,False,0.021150578714993817,False
DVE005,M0_V1,FROZEN_V1_CURVATURE_CONTINUITY,CURVATURE_CONTINUITY,0.13821428637477848,-0.4711505787149938,-0.4494896786220566,0.021660900092937196,-0.71,-0.39115057871499376,False,0.021150578714993817,False
DVE005,M0_V1,FROZEN_V1_CURVATURE_CONTINUITY,CURVATURE_CONTINUITY,0.13826084144663484,-0.4711505787149938,-0.44954463008566414,0.02160594862932963,-0.71,-0.39115057871499376,False,0.021150578714993817,False
DVE005,M0_V1,FROZEN_V1_CURVATURE_CONTINUITY,CURVATURE_CONTINUITY,0.1383073965184912,-0.4711505787149938,-0.44959604163311195,0.02155453708188182,-0.71,-0.39115057871499376,False,0.021150578714993817,False
DVE005,M0_V1,FROZEN_V1_CURVATURE_CONTINUITY,CURVATURE_CONTINUITY,0.13835395159034755,-0.4711505787149938,-0.4496439751505024,0.021506603564491356,-0.71,-0.39115057871499376,False,0.021150578714993817,False
DVE005,M0_V1,FROZEN_V1_CURVATURE_CONTINUITY,CURVATURE_CONTINUITY,0.1384005066622039,-0.4711505787149938,-0.4496884951922231,0.02146208352277068,-0.71,-0.39115057871499376,False,0.021150578714993817,False
DVE005,M0_V1,FROZEN_V1_CURVATURE_CONTINUITY,CURVATURE_CONTINUITY,0.13844706173406024,-0.4711505787149938,-0.44972966900662925,0.02142090970836452,-0.71,-0.39115057871499376,False,0.021150578714993817,False
DVE005,M0_V1,FROZEN_V1_CURVATURE_CONTINUITY,CURVATURE_CONTINUITY,0.1384936168059166,-0.4711505787149938,-0.44976756656172606,0.02138301215326771,-0.71,-0.39115057871499376,False,0.021150578714993817,False
DVE005,M0_V1,FROZEN_V1_CURVATURE_CONTINUITY,CURVATURE_CONTINUITY,0.13854017187777296,-0.4711505787149938,-0.44980226057085054,0.02134831814414323,-0.71,-0.39115057871499376,False,0.021150578714993817,False
DVE005,M0_V1,FROZEN_V1_CURVATURE_CONTINUITY,CURVATURE_CONTINUITY,0.1385867269496293,-0.4711505787149938,-0.44983382651835385,0.02131675219663992,-0.71,-0.39115057871499376,False,0.021150578714993817,False
DVE005,M0_V1,FROZEN_V1_CURVATURE_CONTINUITY,CURVATURE_CONTINUITY,0.13863328202148567,-0.4711505787149938,-0.4498623426852837,0.021288236029710084,-0.71,-0.39115057871499376,False,0.021150578714993817,False
DVE005,M0_V1,FROZEN_V1_CURVATURE_CONTINUITY,CURVATURE_CONTINUITY,0.13867983709334203,-0.4711505787149938,-0.4498878901750662,0.021262688539927577,-0.71,-0.39115057871499376,False,0.021150578714993817,False
DVE005,M0_V1,FROZEN_V1_CURVATURE_CONTINUITY,CURVATURE_CONTINUITY,0.1387263921651984,-0.4711505787149938,-0.44991055293918847,0.021240025775805305,-0.71,-0.39115057871499376,False,0.021150578714993817,False
DVE005,M0_V1,FROZEN_V1_CURVATURE_CONTINUITY,CURVATURE_CONTINUITY,0.13877294723705472,-0.4711505787149938,-0.4499304178028804,0.021220160912113373,-0.71,-0.39115057871499376,False,0.021150578714993817,False
DVE005,M0_V1,FROZEN_V1_CURVATURE_CONTINUITY,CURVATURE_CONTINUITY,0.13881950230891107,-0.4711505787149938,-0.4499475744907972,0.021203004224196575,-0.71,-0.39115057871499376,False,0.021150578714993817,False
DVE005,M0_V1,FROZEN_V1_CURVATURE_CONTINUITY,CURVATURE_CONTINUITY,0.13886605738076743,-0.4711505787149938,-0.4499621156527013,0.021188463062292495,-0.71,-0.39115057871499376,False,0.021150578714993817,False
DVE005,M0_V1,FROZEN_V1_CURVATURE_CONTINUITY,CURVATURE_CONTINUITY,0.1389126124526238,-0.4711505787149938,-0.4499741368891447,0.021176441825849046,-0.71,-0.39115057871499376,False,0.021150578714993817,False
DVE005,M0_V1,FROZEN_V1_CURVATURE_CONTINUITY,CURVATURE_CONTINUITY,0.13895916752448015,-0.4711505787149938,-0.44998373677715137,0.021166841937842407,-0.71,-0.39115057871499376,False,0.021150578714993817,False
DVE005,M0_V1,FROZEN_V1_CURVATURE_CONTINUITY,CURVATURE_CONTINUITY,0.13900572259633648,-0.4711505787149938,-0.4499910168958989,0.021159561819094896,-0.71,-0.39115057871499376,False,0.021150578714993817,False
DVE005,M0_V1,FROZEN_V1_CURVATURE_CONTINUITY,CURVATURE_CONTINUITY,0.13905227766819284,-0.4711505787149938,-0.4499960818524012,0.021154496862592576,-0.71,-0.39115057871499376,False,0.021150578714993817,False
DVE005,M0_V1,FROZEN_V1_CURVATURE_CONTINUITY,CURVATURE_CONTINUITY,0.1390988327400492,-0.4711505787149938,-0.44999903930719065,0.02115153940780312,-0.71,-0.39115057871499376,False,0.021150578714993817,False
DVE005,M0_V1,FROZEN_V1_CURVATURE_CONTINUITY,CURVATURE_CONTINUITY,0.13914538781190555,-0.4711505787149938,-0.44999999999999996,0.021150578714993817,-0.71,-0.39115057871499376,True,0.021150578714993817,False
DVE005,M0_V1,FROZEN_V1_CURVATURE_CONTINUITY,CURVATURE_CONTINUITY,0.1391919428837619,-0.4711505787149938,-0.4499990330219997,0.0211515456929941,-0.71,-0.39115057871499376,False,0.021150578714993817,False
DVE005,M0_V1,FROZEN_V1_CURVATURE_CONTINUITY,CURVATURE_CONTINUITY,0.13923849795561827,-0.4711505787149938,-0.4499960319267093,0.02115454678828449,-0.71,-0.39115057871499376,False,0.021150578714993817,False
DVE005,M0_V1,FROZEN_V1_CURVATURE_CONTINUITY,CURVATURE_CONTINUITY,0.13928505302747463,-0.4711505787149938,-0.44999084959344715,0.021159729121546622,-0.71,-0.39115057871499376,False,0.021150578714993817,False
DVE005,M0_V1,FROZEN_V1_CURVATURE_CONTINUITY,CURVATURE_CONTINUITY,0.13933160809933096,-0.4711505787149938,-0.4499833430352091,0.02116723567978468,-0.71,-0.39115057871499376,False,0.021150578714993817,False
DVE005,M0_V1,FROZEN_V1_CURVATURE_CONTINUITY,CURVATURE_CONTINUITY,0.1393781631711873,-0.4711505787149938,-0.44997337336367765,0.02117720535131612,-0.71,-0.39115057871499376,False,0.021150578714993817,False
DVE005,M0_V1,FROZEN_V1_CURVATURE_CONTINUITY,CURVATURE_CONTINUITY,0.13942471824304367,-0.4711505787149938,-0.44996080575423114,0.02118977296076263,-0.71,-0.39115057871499376,False,0.021150578714993817,False
DVE005,M0_V1,FROZEN_V1_CURVATURE_CONTINUITY,CURVATURE_CONTINUITY,0.13947127331490003,-0.4711505787149938,-0.44994550941095296,0.021205069304040813,-0.71,-0.39115057871499376,False,0.021150578714993817,False
DVE005,M0_V1,FROZEN_V1_CURVATURE_CONTINUITY,CURVATURE_CONTINUITY,0.1395178283867564,-0.4711505787149938,-0.44992735753164065,0.021223221183353125,-0.71,-0.39115057871499376,False,0.021150578714993817,False
DVE005,M0_V1,FROZEN_V1_CURVATURE_CONTINUITY,CURVATURE_CONTINUITY,0.13956438345861272,-0.4711505787149938,-0.44990622727281526,0.02124435144217851,-0.71,-0.39115057871499376,False,0.021150578714993817,False
DVE005,M0_V1,FROZEN_V1_CURVATURE_CONTINUITY,CURVATURE_CONTINUITY,0.13961093853046908,-0.4711505787149938,-0.4498819997147303,0.021268579000263466,-0.71,-0.39115057871499376,False,0.021150578714993817,False
DVE005,M0_V1,FROZEN_V1_CURVATURE_CONTINUITY,CURVATURE_CONTINUITY,0.13965749360232543,-0.4711505787149938,-0.4498545598263812,0.0212960188886126,-0.71,-0.39115057871499376,False,0.021150578714993817,False
DVE005,M0_V1,FROZEN_V1_CURVATURE_CONTINUITY,CURVATURE_CONTINUITY,0.1397040486741818,-0.4711505787149938,-0.4498237964305141,0.02132678228447965,-0.71,-0.39115057871499376,False,0.021150578714993817,False
DVE005,M0_V1,FROZEN_V1_CURVATURE_CONTINUITY,CURVATURE_CONTINUITY,0.13975060374603815,-0.4711505787149938,-0.44978960216863556,0.021360976546358212,-0.71,-0.39115057871499376,False,0.021150578714993817,False
DVE005,M0_V1,FROZEN_V1_CURVATURE_CONTINUITY,CURVATURE_CONTINUITY,0.1397971588178945,-0.4711505787149938,-0.44975187346602125,0.021398705248972527,-0.71,-0.39115057871499376,False,0.021150578714993817,False
DVE005,M0_V1,FROZEN_V1_CURVATURE_CONTINUITY,CURVATURE_CONTINUITY,0.13984371388975086,-0.4711505787149938,-0.44971051049672545,0.021440068218268327,-0.71,-0.39115057871499376,False,0.021150578714993817,False
DVE005,M0_V1,FROZEN_V1_CURVATURE_CONTINUITY,CURVATURE_CONTINUITY,0.1398902689616072,-0.4711505787149938,-0.4496654171485901,0.021485161566403677,-0.71,-0.39115057871499376,False,0.021150578714993817,False
DVE005,M0_V1,FROZEN_V1_CURVATURE_CONTINUITY,CURVATURE_CONTINUITY,0.13993682403346355,-0.4711505787149938,-0.4496165009882539,0.021534077726739875,-0.71,-0.39115057871499376,False,0.021150578714993817,False
DVE005,M0_V1,FROZEN_V1_CURVATURE_CONTINUITY,CURVATURE_CONTINUITY,0.1399833791053199,-0.4711505787149938,-0.4495636732261618,0.021586905488831964,-0.71,-0.39115057871499376,False,0.021150578714993817,False
DVE005,M0_V1,FROZEN_V1_CURVATURE_CONTINUITY,CURVATURE_CONTINUITY,0.14002993417717627,-0.4711505787149938,-0.4495068486815739,0.02164373003341985,-0.71,-0.39115057871499376,False,0.021150578714993817,False
DVE005,M0_V1,FROZEN_V1_CURVATURE_CONTINUITY,CURVATURE_CONTINUITY,0.14007648924903263,-0.4711505787149938,-0.4494459457475746,0.021704632967419146,-0.71,-0.39115057871499376,False,0.021150578714993817,False
DVE005,M0_V1,FROZEN_V1_CURVATURE_CONTINUITY,CURVATURE_CONTINUITY,0.14012304432088896,-0.4711505787149938,-0.4493808863560822,0.021769692358911574,-0.71,-0.39115057871499376,False,0.021150578714993817,False
DVE005,M0_V1,FROZEN_V1_CURVATURE_CONTINUITY,CURVATURE_CONTINUITY,0.14016959939274531,-0.4711505787149938,-0.4493115959428574,0.02183898277213636,-0.71,-0.39115057871499376,False,0.021150578714993817,False
DVE005,M0_V1,FROZEN_V1_CURVATURE_CONTINUITY,CURVATURE_CONTINUITY,0.14021615446460167,-0.4711505787149938,-0.4492380034125132,0.021912575302480586,-0.71,-0.39115057871499376,False,0.021150578714993817,False
DVE005,M0_V1,FROZEN_V1_CURVATURE_CONTINUITY,CURVATURE_CONTINUITY,0.14026270953645803,-0.4711505787149938,-0.44916004110352353,0.02199053761147024,-0.71,-0.39115057871499376,False,0.021150578714993817,False
DVE005,M0_V1,FROZEN_V1_CURVATURE_CONTINUITY,CURVATURE_CONTINUITY,0.1403092646083144,-0.4711505787149938,-0.44907764475323286,0.02207293396176091,-0.71,-0.39115057871499376,False,0.021150578714993817,False
DVE005,M0_V1,FROZEN_V1_CURVATURE_CONTINUITY,CURVATURE_CONTINUITY,0.14035581968017075,-0.4711505787149938,-0.44899075346286504,0.02215982525212873,-0.71,-0.39115057871499376,False,0.021150578714993817,False
DVE005,M0_V1,FROZEN_V1_CURVATURE_CONTINUITY,CURVATURE_CONTINUITY,0.1404023747520271,-0.4711505787149938,-0.44889930966253266,0.02225126905246111,-0.71,-0.39115057871499376,False,0.021150578714993817,False
DVE005,M0_V1,FROZEN_V1_CURVATURE_CONTINUITY,CURVATURE_CONTINUITY,0.14044892982388343,-0.4711505787149938,-0.44880325907624635,0.02234731963874742,-0.71,-0.39115057871499376,False,0.021150578714993817,False
DVE005,M0_V1,FROZEN_V1_CURVATURE_CONTINUITY,CURVATURE_CONTINUITY,0.1404954848957398,-0.4711505787149938,-0.44870255068692344,0.022448028028070333,-0.71,-0.39115057871499376,False,0.021150578714993817,False
DVE005,M0_V1,FROZEN_V1_CURVATURE_CONTINUITY,CURVATURE_CONTINUITY,0.14054203996759615,-0.4711505787149938,-0.44859713670139795,0.022553442013595826,-0.71,-0.39115057871499376,False,0.021150578714993817,False
DVE005,M0_V1,FROZEN_V1_CURVATURE_CONTINUITY,CURVATURE_CONTINUITY,0.1405885950394525,-0.4711505787149938,-0.448486972515429,0.022663606199564756,-0.71,-0.39115057871499376,False,0.021150578714993817,False
DVE005,M0_V1,FROZEN_V1_CURVATURE_CONTINUITY,CURVATURE_CONTINUITY,0.14063515011130887,-0.4711505787149938,-0.4483720166787107,0.02277856203628309,-0.71,-0.39115057871499376,False,0.021150578714993817,False
DVE005,M0_V1,FROZEN_V1_CURVATURE_CONTINUITY,CURVATURE_CONTINUITY,0.1406817051831652,-0.4711505787149938,-0.44825223085988064,0.022898347855113133,-0.71,-0.39115057871499376,False,0.021150578714993817,False
DVE005,M0_V1,FROZEN_V1_CURVATURE_CONTINUITY,CURVATURE_CONTINUITY,0.14072826025502155,-0.4711505787149938,-0.44812757981152945,0.02302299890346432,-0.71,-0.39115057871499376,False,0.021150578714993817,False
DVE005,M0_V1,FROZEN_V1_CURVATURE_CONTINUITY,CURVATURE_CONTINUITY,0.1407748153268779,-0.4711505787149938,-0.4479980313352101,0.023152547379783672,-0.71,-0.39115057871499376,False,0.021150578714993817,False
DVE005,M0_V1,FROZEN_V1_CURVATURE_CONTINUITY,CURVATURE_CONTINUITY,0.14082137039873427,-0.4711505787149938,-0.4478635562464468,0.02328702246854697,-0.71,-0.39115057871499376,False,0.021150578714993817,False
DVE005,M0_V1,FROZEN_V1_CURVATURE_CONTINUITY,CURVATURE_CONTINUITY,0.14086792547059063,-0.4711505787149938,-0.44772412833974434,0.02342645037524943,-0.71,-0.39115057871499376,False,0.021150578714993817,False
DVE005,M0_V1,FROZEN_V1_CURVATURE_CONTINUITY,CURVATURE_CONTINUITY,0.14091448054244698,-0.4711505787149938,-0.4475797243535973,0.023570854361396498,-0.71,-0.39115057871499376,False,0.021150578714993817,False
DVE005,M0_V1,FROZEN_V1_CURVATURE_CONTINUITY,CURVATURE_CONTINUITY,0.14096103561430331,-0.4711505787149938,-0.44743032393549914,0.02372025477949463,-0.71,-0.39115057871499376,False,0.021150578714993817,False
DVE005,M0_V1,FROZEN_V1_CURVATURE_CONTINUITY,CURVATURE_CONTINUITY,0.14100759068615967,-0.4711505787149938,-0.44727590960695124,0.023874669108042534,-0.71,-0.39115057871499376,False,0.021150578714993817,False
DVE005,M0_V1,FROZEN_V1_CURVATURE_CONTINUITY,CURVATURE_CONTINUITY,0.14105414575801603,-0.4711505787149938,-0.4471164667284725,0.024034111986521278,-0.71,-0.39115057871499376,False,0.021150578714993817,False
DVE005,M0_V1,FROZEN_V1_CURVATURE_CONTINUITY,CURVATURE_CONTINUITY,0.1411007008298724,-0.4711505787149938,-0.4469519834646082,0.02419859525038559,-0.71,-0.39115057871499376,False,0.021150578714993817,False
DVE005,M0_V1,FROZEN_V1_CURVATURE_CONTINUITY,CURVATURE_CONTINUITY,0.14114725590172875,-0.4711505787149938,-0.44678245074893924,0.02436812796605453,-0.71,-0.39115057871499376,False,0.021150578714993817,False
DVE005,M0_V1,FROZEN_V1_CURVATURE_CONTINUITY,CURVATURE_CONTINUITY,0.1411938109735851,-0.4711505787149938,-0.44660786224909144,0.024542716465902337,-0.71,-0.39115057871499376,False,0.021150578714993817,False
DVE005,M0_V1,FROZEN_V1_CURVATURE_CONTINUITY,CURVATURE_CONTINUITY,0.14124036604544143,-0.4711505787149938,-0.4464282143317446,0.02472236438324915,-0.71,-0.39115057871499376,False,0.021150578714993817,False
DVE005,M0_V1,FROZEN_V1_CURVATURE_CONTINUITY,CURVATURE_CONTINUITY,0.1412869211172978,-0.4711505787149938,-0.4462435060276416,0.02490707268735215,-0.71,-0.39115057871499376,False,0.021150578714993817,False
DVE005,M0_V1,FROZEN_V1_CURVATURE_CONTINUITY,CURVATURE_CONTINUITY,0.14133347618915415,-0.4711505787149938,-0.4460537389965978,0.02509683971839599,-0.71,-0.39115057871499376,False,0.021150578714993817,False
DVE005,M0_V1,FROZEN_V1_CURVATURE_CONTINUITY,CURVATURE_CONTINUITY,0.1413800312610105,-0.4711505787149938,-0.44585891749251017,0.025291661222483608,-0.71,-0.39115057871499376,False,0.021150578714993817,False
DVE005,M0_V1,FROZEN_V1_CURVATURE_CONTINUITY,CURVATURE_CONTINUITY,0.14142658633286687,-0.4711505787149938,-0.44565904832836634,0.025491530386627437,-0.71,-0.39115057871499376,False,0.021150578714993817,False
DVE005,M0_V1,FROZEN_V1_CURVATURE_CONTINUITY,CURVATURE_CONTINUITY,0.14147314140472322,-0.4711505787149938,-0.445454140841254,0.025696437873739764,-0.71,-0.39115057871499376,False,0.021150578714993817,False
DVE005,M0_V1,FROZEN_V1_CURVATURE_CONTINUITY,CURVATURE_CONTINUITY,0.14151969647657955,-0.4711505787149938,-0.44524420685737004,0.025906371857623733,-0.71,-0.39115057871499376,False,0.021150578714993817,False
DVE005,M0_V1,FROZEN_V1_CURVATURE_CONTINUITY,CURVATURE_CONTINUITY,0.1415662515484359,-0.4711505787149938,-0.44502926065702914,0.026121318057964638,-0.71,-0.39115057871499376,False,0.021150578714993817,False
DVE005,M0_V1,FROZEN_V1_CURVATURE_CONTINUITY,CURVATURE_CONTINUITY,0.14161280662029227,-0.4711505787149938,-0.444809318939674,0.02634125977531976,-0.71,-0.39115057871499376,False,0.021150578714993817,False
DVE005,M0_V1,FROZEN_V1_CURVATURE_CONTINUITY,CURVATURE_CONTINUITY,0.14165936169214863,-0.4711505787149938,-0.44458440078888384,0.026566177926109935,-0.71,-0.39115057871499376,False,0.021150578714993817,False
DVE005,M0_V1,FROZEN_V1_CURVATURE_CONTINUITY,CURVATURE_CONTINUITY,0.14170591676400499,-0.4711505787149938,-0.44435452763738365,0.026796051077610128,-0.71,-0.39115057871499376,False,0.021150578714993817,False
DVE005,M0_V1,FROZEN_V1_CURVATURE_CONTINUITY,CURVATURE_CONTINUITY,0.14175247183586134,-0.4711505787149938,-0.4441197232320536,0.027030855482940153,-0.71,-0.39115057871499376,False,0.021150578714993817,False
DVE005,M0_V1,FROZEN_V1_CURVATURE_CONTINUITY,CURVATURE_CONTINUITY,0.14179902690771767,-0.4711505787149938,-0.44388001359893814,0.027270565116055634,-0.71,-0.39115057871499376,False,0.021150578714993817,False
DVE005,M0_V1,FROZEN_V1_CURVATURE_CONTINUITY,CURVATURE_CONTINUITY,0.14184558197957403,-0.4711505787149938,-0.44363542700825465,0.027515151706739127,-0.71,-0.39115057871499376,False,0.021150578714993817,False
DVE005,M0_V1,FROZEN_V1_CURVATURE_CONTINUITY,CURVATURE_CONTINUITY,0.1418921370514304,-0.4711505787149938,-0.4433859939394036,0.027764584775590184,-0.71,-0.39115057871499376,False,0.021150578714993817,False
DVE005,M0_V1,FROZEN_V1_CURVATURE_CONTINUITY,CURVATURE_CONTINUITY,0.14193869212328675,-0.4711505787149938,-0.4431317470459771,0.028018831669016697,-0.71,-0.39115057871499376,False,0.021150578714993817,False
DVE005,M0_V1,FROZEN_V1_CURVATURE_CONTINUITY,CURVATURE_CONTINUITY,0.1419852471951431,-0.4711505787149938,-0.44287272112076814,0.02827785759422563,-0.71,-0.39115057871499376,False,0.021150578714993817,False
DVE005,M0_V1,FROZEN_V1_CURVATURE_CONTINUITY,CURVATURE_CONTINUITY,0.14203180226699946,-0.4711505787149938,-0.44260895306077996,0.02854162565421381,-0.71,-0.39115057871499376,False,0.021150578714993817,False
DVE005,M0_V1,FROZEN_V1_CURVATURE_CONTINUITY,CURVATURE_CONTINUITY,0.1420783573388558,-0.4711505787149938,-0.4423404818322352,0.028810096882758596,-0.71,-0.39115057871499376,False,0.021150578714993817,False
DVE005,M0_V1,FROZEN_V1_CURVATURE_CONTINUITY,CURVATURE_CONTINUITY,0.14212491241071215,-0.4711505787149938,-0.4420673484355846,0.029083230279409178,-0.71,-0.39115057871499376,False,0.021150578714993817,False
DVE005,M0_V1,FROZEN_V1_CURVATURE_CONTINUITY,CURVATURE_CONTINUITY,0.1421714674825685,-0.4711505787149938,-0.4417895958705169,0.029360982844476857,-0.71,-0.39115057871499376,False,0.021150578714993817,False
DVE005,M0_V1,FROZEN_V1_CURVATURE_CONTINUITY,CURVATURE_CONTINUITY,0.14221802255442487,-0.4711505787149938,-0.4415072691009679,0.029643309614025892,-0.71,-0.39115057871499376,False,0.021150578714993817,False
DVE005,M0_V1,FROZEN_V1_CURVATURE_CONTINUITY,CURVATURE_CONTINUITY,0.14226457762628122,-0.4711505787149938,-0.44122041502012904,0.02993016369486473,-0.71,-0.39115057871499376,False,0.021150578714993817,False
DVE005,M0_V1,FROZEN_V1_CURVATURE_CONTINUITY,CURVATURE_CONTINUITY,0.14231113269813758,-0.4711505787149938,-0.44092908241545736,0.03022149629953641,-0.71,-0.39115057871499376,False,0.021150578714993817,False
DVE005,M0_V1,FROZEN_V1_CURVATURE_CONTINUITY,CURVATURE_CONTINUITY,0.1423576877699939,-0.4711505787149938,-0.44063332193368426,0.03051725678130951,-0.71,-0.39115057871499376,False,0.021150578714993817,False
DVE005,M0_V1,FROZEN_V1_CURVATURE_CONTINUITY,CURVATURE_CONTINUITY,0.14240424284185027,-0.4711505787149938,-0.4403331860458244,0.030817392669169386,-0.71,-0.39115057871499376,False,0.021150578714993817,False
DVE005,M0_V1,FROZEN_V1_CURVATURE_CONTINUITY,CURVATURE_CONTINUITY,0.14245079791370663,-0.4711505787149938,-0.4400287290121856,0.03112184970280818,-0.71,-0.39115057871499376,False,0.021150578714993817,False
DVE005,M0_V1,FROZEN_V1_CURVATURE_CONTINUITY,CURVATURE_CONTINUITY,0.142497352985563,-0.4711505787149938,-0.43972000684737766,0.03143057186761611,-0.71,-0.39115057871499376,False,0.021150578714993817,False
DVE005,M0_V1,FROZEN_V1_CURVATURE_CONTINUITY,CURVATURE_CONTINUITY,0.14254390805741934,-0.4711505787149938,-0.4394070772853214,0.03174350142967236,-0.71,-0.39115057871499376,False,0.021150578714993817,False
DVE005,M0_V1,FROZEN_V1_CURVATURE_CONTINUITY,CURVATURE_CONTINUITY,0.1425904631292757,-0.4711505787149938,-0.43908999974425805,0.03206057897073572,-0.71,-0.39115057871499376,False,0.021150578714993817,False
DVE005,M0_V1,FROZEN_V1_CURVATURE_CONTINUITY,CURVATURE_CONTINUITY,0.14263701820113203,-0.4711505787149938,-0.43876883529175853,0.03238174342323524,-0.71,-0.39115057871499376,False,0.021150578714993817,False
DVE005,M0_V1,FROZEN_V1_CURVATURE_CONTINUITY,CURVATURE_CONTINUITY,0.1426835732729884,-0.4711505787149938,-0.43844364660973195,0.03270693210526182,-0.71,-0.39115057871499376,False,0.021150578714993817,False
DVE005,M0_V1,FROZEN_V1_CURVATURE_CONTINUITY,CURVATURE_CONTINUITY,0.14273012834484475,-0.4711505787149938,-0.4381144979594359,0.03303608075555786,-0.71,-0.39115057871499376,False,0.021150578714993817,False
DVE005,M0_V1,FROZEN_V1_CURVATURE_CONTINUITY,CURVATURE_CONTINUITY,0.1427766834167011,-0.4711505787149938,-0.4377814551464848,0.03336912356850896,-0.71,-0.39115057871499376,False,0.021150578714993817,False
DVE005,M0_V1,FROZEN_V1_CURVATURE_CONTINUITY,CURVATURE_CONTINUITY,0.14282323848855746,-0.4711505787149938,-0.43744458548585935,0.03370599322913442,-0.71,-0.39115057871499376,False,0.021150578714993817,False
DVE005,M0_V1,FROZEN_V1_CURVATURE_CONTINUITY,CURVATURE_CONTINUITY,0.14286979356041382,-0.4711505787149938,-0.4371039577669157,0.03404662094807809,-0.71,-0.39115057871499376,False,0.021150578714993817,False
DVE005,M0_V1,FROZEN_V1_CURVATURE_CONTINUITY,CURVATURE_CONTINUITY,0.14291634863227015,-0.4711505787149938,-0.4367596422183949,0.034390936496598856,-0.71,-0.39115057871499376,False,0.021150578714993817,False
DVE005,M0_V1,FROZEN_V1_CURVATURE_CONTINUITY,CURVATURE_CONTINUITY,0.1429629037041265,-0.4711505787149938,-0.43641171047343114,0.03473886824156264,-0.71,-0.39115057871499376,False,0.021150578714993817,False
DVE005,M0_V1,FROZEN_V1_CURVATURE_CONTINUITY,CURVATURE_CONTINUITY,0.14300945877598287,-0.4711505787149938,-0.43606023553456225,0.03509034318043153,-0.71,-0.39115057871499376,False,0.021150578714993817,False
DVE005,M0_V1,FROZEN_V1_CURVATURE_CONTINUITY,CURVATURE_CONTINUITY,0.14305601384783923,-0.4711505787149938,-0.435705291738738,0.03544528697625576,-0.71,-0.39115057871499376,False,0.021150578714993817,False
DVE005,M0_V1,FROZEN_V1_CURVATURE_CONTINUITY,CURVATURE_CONTINUITY,0.14310256891969558,-0.4711505787149938,-0.43534695472232965,0.035803623992664124,-0.71,-0.39115057871499376,False,0.021150578714993817,False
DVE005,M0_V1,FROZEN_V1_CURVATURE_CONTINUITY,CURVATURE_CONTINUITY,0.14314912399155194,-0.4711505787149938,-0.43498530138613883,0.03616527732885494,-0.71,-0.39115057871499376,False,0.021150578714993817,False
DVE005,M0_V1,FROZEN_V1_CURVATURE_CONTINUITY,CURVATURE_CONTINUITY,0.14319567906340827,-0.4711505787149938,-0.4346204098604073,0.03653016885458649,-0.71,-0.39115057871499376,False,0.021150578714993817,False
DVE005,M0_V1,FROZEN_V1_CURVATURE_CONTINUITY,CURVATURE_CONTINUITY,0.14324223413526463,-0.4711505787149938,-0.43425235946982493,0.03689821924516884,-0.71,-0.39115057871499376,False,0.021150578714993817,False
DVE005,M0_V1,FROZEN_V1_CURVATURE_CONTINUITY,CURVATURE_CONTINUITY,0.143288789207121,-0.4711505787149938,-0.43388123069854057,0.03726934801645321,-0.71,-0.39115057871499376,False,0.021150578714993817,False
DVE005,M0_V1,FROZEN_V1_CURVATURE_CONTINUITY,CURVATURE_CONTINUITY,0.14333534427897734,-0.4711505787149938,-0.4335071051551698,0.03764347355982395,-0.71,-0.39115057871499376,False,0.021150578714993817,False
DVE005,M0_V1,FROZEN_V1_CURVATURE_CONTINUITY,CURVATURE_CONTINUITY,0.1433818993508337,-0.4711505787149938,-0.4331300655378051,0.038020513177188686,-0.71,-0.39115057871499376,False,0.021150578714993817,False
DVE005,M0_V1,FROZEN_V1_CURVATURE_CONTINUITY,CURVATURE_CONTINUITY,0.14342845442269003,-0.4711505787149938,-0.4327501955990244,0.03840038311596938,-0.71,-0.39115057871499376,False,0.021150578714993817,False
DVE005,M0_V1,FROZEN_V1_CURVATURE_CONTINUITY,CURVATURE_CONTINUITY,0.1434750094945464,-0.4711505787149938,-0.4323675801109001,0.03878299860409368,-0.71,-0.39115057871499376,False,0.021150578714993817,False
DVE005,M0_V1,FROZEN_V1_CURVATURE_CONTINUITY,CURVATURE_CONTINUITY,0.14352156456640275,-0.4711505787149938,-0.4319823048300092,0.03916827388498456,-0.71,-0.39115057871499376,False,0.021150578714993817,False
DVE005,M0_V1,FROZEN_V1_CURVATURE_CONTINUITY,CURVATURE_CONTINUITY,0.1435681196382591,-0.4711505787149938,-0.4315944564624417,0.03955612225255206,-0.71,-0.39115057871499376,False,0.021150578714993817,False
DVE005,M0_V1,FROZEN_V1_CURVATURE_CONTINUITY,CURVATURE_CONTINUITY,0.14361467471011546,-0.4711505787149938,-0.4312041226288099,0.03994645608618386,-0.71,-0.39115057871499376,False,0.021150578714993817,False
DVE005,M0_V1,FROZEN_V1_CURVATURE_CONTINUITY,CURVATURE_CONTINUITY,0.14366122978197182,-0.4711505787149938,-0.4308113918292578,0.040339186885735956,-0.71,-0.39115057871499376,False,0.021150578714993817,False
DVE005,M0_V1,FROZEN_V1_CURVATURE_CONTINUITY,CURVATURE_CONTINUITY,0.14370778485382818,-0.4711505787149938,-0.43041635340847006,0.04073422530652371,-0.71,-0.39115057871499376,False,0.021150578714993817,False
DVE005,M0_V1,FROZEN_V1_CURVATURE_CONTINUITY,CURVATURE_CONTINUITY,0.1437543399256845,-0.4711505787149938,-0.4300190975206817,0.04113148119431209,-0.71,-0.39115057871499376,False,0.021150578714993817,False
DVE005,M0_V1,FROZEN_V1_CURVATURE_CONTINUITY,CURVATURE_CONTINUITY,0.14380089499754087,-0.4711505787149938,-0.42961971509468583,0.041530863620307945,-0.71,-0.39115057871499376,False,0.021150578714993817,False
DVE005,M0_V1,FROZEN_V1_CURVATURE_CONTINUITY,CURVATURE_CONTINUITY,0.14384745006939723,-0.4711505787149938,-0.42921829779884496,0.04193228091614881,-0.71,-0.39115057871499376,False,0.021150578714993817,False
DVE005,M0_V1,FROZEN_V1_CURVATURE_CONTINUITY,CURVATURE_CONTINUITY,0.14389400514125358,-0.4711505787149938,-0.42881493800609854,0.04233564070889523,-0.71,-0.39115057871499376,False,0.021150578714993817,False
DVE005,M0_V1,FROZEN_V1_CURVATURE_CONTINUITY,CURVATURE_CONTINUITY,0.14394056021310994,-0.4711505787149938,-0.4284097287589729,0.0427408499560209,-0.71,-0.39115057871499376,False,0.021150578714993817,False
DVE005,M0_V1,FROZEN_V1_CURVATURE_CONTINUITY,CURVATURE_CONTINUITY,0.14398711528496627,-0.4711505787149938,-0.42800276373459034,0.04314781498040343,-0.71,-0.39115057871499376,False,0.021150578714993817,False
DVE005,M0_V1,FROZEN_V1_CURVATURE_CONTINUITY,CURVATURE_CONTINUITY,0.14403367035682263,-0.4711505787149938,-0.4275941372096776,0.04355644150531618,-0.71,-0.39115057871499376,False,0.021150578714993817,False
DVE005,M0_V1,FROZEN_V1_CURVATURE_CONTINUITY,CURVATURE_CONTINUITY,0.144080225428679,-0.4711505787149938,-0.42718394402557636,0.043966634689417416,-0.71,-0.39115057871499376,False,0.021150578714993817,False
DVE005,M0_V1,FROZEN_V1_CURVATURE_CONTINUITY,CURVATURE_CONTINUITY,0.14412678050053535,-0.4711505787149938,-0.42677227955325137,0.04437829916174241,-0.71,-0.39115057871499376,False,0.021150578714993817,False
DVE005,M0_V1,FROZEN_V1_CURVATURE_CONTINUITY,CURVATURE_CONTINUITY,0.1441733355723917,-0.4711505787149938,-0.4263592396583,0.044791339056693746,-0.71,-0.39115057871499376,False,0.021150578714993817,False
DVE005,M0_V1,FROZEN_V1_CURVATURE_CONTINUITY,CURVATURE_CONTINUITY,0.14421989064424806,-0.4711505787149938,-0.42594492066596157,0.045205658049032205,-0.71,-0.39115057871499376,False,0.021150578714993817,False
DVE005,M0_V1,FROZEN_V1_CURVATURE_CONTINUITY,CURVATURE_CONTINUITY,0.14426644571610442,-0.4711505787149938,-0.42552941932612615,0.04562115938886763,-0.71,-0.39115057871499376,False,0.021150578714993817,False
DVE005,M0_V1,FROZEN_V1_CURVATURE_CONTINUITY,CURVATURE_CONTINUITY,0.14431300078796075,-0.4711505787149938,-0.4251128327783443,0.0460377459366495,-0.71,-0.39115057871499376,False,0.021150578714993817,False
DVE005,M0_V1,FROZEN_V1_CURVATURE_CONTINUITY,CURVATURE_CONTINUITY,0.1443595558598171,-0.4711505787149938,-0.42469525851683515,0.04645532019815862,-0.71,-0.39115057871499376,False,0.021150578714993817,False
DVE005,M0_V1,FROZEN_V1_CURVATURE_CONTINUITY,CURVATURE_CONTINUITY,0.14440611093167346,-0.4711505787149938,-0.4242767943554972,0.04687378435949657,-0.71,-0.39115057871499376,False,0.021150578714993817,False
DVE005,M0_V1,FROZEN_V1_CURVATURE_CONTINUITY,CURVATURE_CONTINUITY,0.14445266600352982,-0.4711505787149938,-0.4238575383929162,0.047293040322077595,-0.71,-0.39115057871499376,False,0.021150578714993817,False
DVE005,M0_V1,FROZEN_V1_CURVATURE_CONTINUITY,CURVATURE_CONTINUITY,0.14449922107538618,-0.4711505787149938,-0.4234375889773749,0.047712989737618894,-0.71,-0.39115057871499376,False,0.021150578714993817,False
DVE005,M0_V1,FROZEN_V1_CURVATURE_CONTINUITY,CURVATURE_CONTINUITY,0.1445457761472425,-0.4711505787149938,-0.4230170446718624,0.048133534043131365,-0.71,-0.39115057871499376,False,0.021150578714993817,False
DVE005,M0_V1,FROZEN_V1_CURVATURE_CONTINUITY,CURVATURE_CONTINUITY,0.14459233121909887,-0.4711505787149938,-0.4225960042190822,0.04855457449591155,-0.71,-0.39115057871499376,False,0.021150578714993817,False
DVE005,M0_V1,FROZEN_V1_CURVATURE_CONTINUITY,CURVATURE_CONTINUITY,0.14463888629095523,-0.4711505787149938,-0.4221745665064632,0.048976012208530595,-0.71,-0.39115057871499376,False,0.021150578714993817,False
DVE005,M0_V1,FROZEN_V1_CURVATURE_CONTINUITY,CURVATURE_CONTINUITY,0.14468544136281158,-0.4711505787149938,-0.4217528305311673,0.04939774818382647,-0.71,-0.39115057871499376,False,0.021150578714993817,False
DVE005,M0_V1,FROZEN_V1_CURVATURE_CONTINUITY,CURVATURE_CONTINUITY,0.14473199643466794,-0.4711505787149938,-0.4213308953650996,0.04981968334989417,-0.71,-0.39115057871499376,False,0.021150578714993817,False
DVE005,M0_V1,FROZEN_V1_CURVATURE_CONTINUITY,CURVATURE_CONTINUITY,0.1447785515065243,-0.4711505787149938,-0.4209088601199169,0.05024171859507687,-0.71,-0.39115057871499376,False,0.021150578714993817,False
DVE005,M0_V1,FROZEN_V1_CURVATURE_CONTINUITY,CURVATURE_CONTINUITY,0.14482510657838066,-0.4711505787149938,-0.42048682391203734,0.05066375480295643,-0.71,-0.39115057871499376,False,0.021150578714993817,False
DVE005,M0_V1,FROZEN_V1_CURVATURE_CONTINUITY,CURVATURE_CONTINUITY,0.144871661650237,-0.4711505787149938,-0.42006488582764956,0.051085692887344214,-0.71,-0.39115057871499376,False,0.021150578714993817,False
DVE005,M0_V1,FROZEN_V1_CURVATURE_CONTINUITY,CURVATURE_CONTINUITY,0.14491821672209335,-0.4711505787149938,-0.41964314488772103,0.05150743382727274,-0.71,-0.39115057871499376,False,0.021150578714993817,False
DVE005,M0_V1,FROZEN_V1_CURVATURE_CONTINUITY,CURVATURE_CONTINUITY,0.1449647717939497,-0.4711505787149938,-0.41922170001300874,0.05192887870198504,-0.71,-0.39115057871499376,False,0.021150578714993817,False
DVE005,M0_V1,FROZEN_V1_CURVATURE_CONTINUITY,CURVATURE_CONTINUITY,0.14501132686580606,-0.4711505787149938,-0.41880064998906724,0.05234992872592653,-0.71,-0.39115057871499376,False,0.021150578714993817,False
DVE005,M0_V1,FROZEN_V1_CURVATURE_CONTINUITY,CURVATURE_CONTINUITY,0.14505788193766242,-0.4711505787149938,-0.41838009343125826,0.05277048528373551,-0.71,-0.39115057871499376,False,0.021150578714993817,False
DVE005,M0_V1,FROZEN_V1_CURVATURE_CONTINUITY,CURVATURE_CONTINUITY,0.14510443700951875,-0.4711505787149938,-0.41796012874975996,0.05319044996523381,-0.71,-0.39115057871499376,False,0.021150578714993817,False
DVE005,M0_V1,FROZEN_V1_CURVATURE_CONTINUITY,CURVATURE_CONTINUITY,0.1451509920813751,-0.4711505787149938,-0.4175408541145753,0.05360972460041846,-0.71,-0.39115057871499376,False,0.021150578714993817,False
DVE005,M0_V1,FROZEN_V1_CURVATURE_CONTINUITY,CURVATURE_CONTINUITY,0.14519754715323147,-0.4711505787149938,-0.41712236742054265,0.05402821129445112,-0.71,-0.39115057871499376,False,0.021150578714993817,False
DVE005,M0_V1,FROZEN_V1_CURVATURE_CONTINUITY,CURVATURE_CONTINUITY,0.14524410222508782,-0.4711505787149938,-0.4167047662523438,0.054445812462649956,-0.71,-0.39115057871499376,False,0.021150578714993817,False
DVE005,M0_V1,FROZEN_V1_CURVATURE_CONTINUITY,CURVATURE_CONTINUITY,0.14529065729694418,-0.4711505787149938,-0.41628814784951373,0.05486243086548004,-0.71,-0.39115057871499376,False,0.021150578714993817,False
DVE005,M0_V1,FROZEN_V1_CURVATURE_CONTINUITY,CURVATURE_CONTINUITY,0.14533721236880054,-0.4711505787149938,-0.41587260907144946,0.05527796964354431,-0.71,-0.39115057871499376,False,0.021150578714993817,False
DVE005,M0_V1,FROZEN_V1_CURVATURE_CONTINUITY,CURVATURE_CONTINUITY,0.1453837674406569,-0.4711505787149938,-0.4154582463624195,0.05569233235257426,-0.71,-0.39115057871499376,False,0.021150578714993817,False
DVE005,M0_V1,FROZEN_V1_CURVATURE_CONTINUITY,CURVATURE_CONTINUITY,0.14543032251251323,-0.4711505787149938,-0.41504515571657313,0.05610542299842064,-0.71,-0.39115057871499376,False,0.021150578714993817,False
DVE005,M0_V1,FROZEN_V1_CURVATURE_CONTINUITY,CURVATURE_CONTINUITY,0.14547687758436958,-0.4711505787149938,-0.4146334326429486,0.056517146072045166,-0.71,-0.39115057871499376,False,0.021150578714993817,False
DVE005,M0_V1,FROZEN_V1_CURVATURE_CONTINUITY,CURVATURE_CONTINUITY,0.14552343265622594,-0.4711505787149938,-0.41422317213048393,0.05692740658450984,-0.71,-0.39115057871499376,False,0.021150578714993817,False
DVE005,M0_V1,FROZEN_V1_CURVATURE_CONTINUITY,CURVATURE_CONTINUITY,0.1455699877280823,-0.4711505787149938,-0.41381446861302484,0.05733611010196893,-0.71,-0.39115057871499376,False,0.021150578714993817,False
DVE005,M0_V1,FROZEN_V1_CURVATURE_CONTINUITY,CURVATURE_CONTINUITY,0.14561654279993866,-0.4711505787149938,-0.41340741593433455,0.05774316278065922,-0.71,-0.39115057871499376,False,0.021150578714993817,False
DVE005,M0_V1,FROZEN_V1_CURVATURE_CONTINUITY,CURVATURE_CONTINUITY,0.145663097871795,-0.4711505787149938,-0.4130021073131028,0.058148471401891,-0.71,-0.39115057871499376,False,0.021150578714993817,False
DVE005,M0_V1,FROZEN_V1_CURVATURE_CONTINUITY,CURVATURE_CONTINUITY,0.14570965294365135,-0.4711505787149938,-0.4125986353079543,0.05855194340703945,-0.71,-0.39115057871499376,False,0.021150578714993817,False
DVE005,M0_V1,FROZEN_V1_CURVATURE_CONTINUITY,CURVATURE_CONTINUITY,0.1457562080155077,-0.4711505787149938,-0.4121970917824596,0.05895348693253416,-0.71,-0.39115057871499376,False,0.021150578714993817,False
DVE005,M0_V1,FROZEN_V1_CURVATURE_CONTINUITY,CURVATURE_CONTINUITY,0.14580276308736406,-0.4711505787149938,-0.4117975678701427,0.05935301084485106,-0.71,-0.39115057871499376,False,0.021150578714993817,False
DVE005,M0_V1,FROZEN_V1_CURVATURE_CONTINUITY,CURVATURE_CONTINUITY,0.14584931815922042,-0.4711505787149938,-0.411400153939491,0.0597504247755028,-0.71,-0.39115057871499376,False,0.021150578714993817,False
DVE005,M0_V1,FROZEN_V1_CURVATURE_CONTINUITY,CURVATURE_CONTINUITY,0.14589587323107678,-0.4711505787149938,-0.41100493955896417,0.06014563915602961,-0.71,-0.39115057871499376,False,0.021150578714993817,False
DVE005,M0_V1,FROZEN_V1_CURVATURE_CONTINUITY,CURVATURE_CONTINUITY,0.14594242830293314,-0.4711505787149938,-0.41061201346200354,0.06053856525299023,-0.71,-0.39115057871499376,False,0.021150578714993817,False
DVE005,M0_V1,FROZEN_V1_CURVATURE_CONTINUITY,CURVATURE_CONTINUITY,0.14598898337478947,-0.4711505787149938,-0.4102214635120416,0.06092911520295219,-0.71,-0.39115057871499376,False,0.021150578714993817,False
DVE005,M0_V1,FROZEN_V1_CURVATURE_CONTINUITY,CURVATURE_CONTINUITY,0.14603553844664582,-0.4711505787149938,-0.40983337666750974,0.06131720204748403,-0.71,-0.39115057871499376,False,0.021150578714993817,False
DVE005,M0_V1,FROZEN_V1_CURVATURE_CONTINUITY,CURVATURE_CONTINUITY,0.14608209351850218,-0.4711505787149938,-0.4094478389468495,0.06170273976814428,-0.71,-0.39115057871499376,False,0.021150578714993817,False
DVE005,M0_V1,FROZEN_V1_CURVATURE_CONTINUITY,CURVATURE_CONTINUITY,0.14612864859035854,-0.4711505787149938,-0.4090649353935203,0.06208564332147348,-0.71,-0.39115057871499376,False,0.021150578714993817,False
DVE005,M0_V1,FROZEN_V1_CURVATURE_CONTINUITY,CURVATURE_CONTINUITY,0.1461752036622149,-0.4711505787149938,-0.40868475004100924,0.062465828673984536,-0.71,-0.39115057871499376,False,0.021150578714993817,False
DVE005,M0_V1,FROZEN_V1_CURVATURE_CONTINUITY,CURVATURE_CONTINUITY,0.14622175873407123,-0.4711505787149938,-0.4083073658778401,0.06284321283715366,-0.71,-0.39115057871499376,False,0.021150578714993817,False
DVE005,M0_V1,FROZEN_V1_CURVATURE_CONTINUITY,CURVATURE_CONTINUITY,0.14626831380592759,-0.4711505787149938,-0.4079328648125822,0.0632177139024116,-0.71,-0.39115057871499376,False,0.021150578714993817,False
DVE005,M0_V1,FROZEN_V1_CURVATURE_CONTINUITY,CURVATURE_CONTINUITY,0.14631486887778394,-0.4711505787149938,-0.4075613276388601,0.06358925107613367,-0.71,-0.39115057871499376,False,0.021150578714993817,False
DVE005,M0_V1,FROZEN_V1_CURVATURE_CONTINUITY,CURVATURE_CONTINUITY,0.1463614239496403,-0.4711505787149938,-0.4071928340003628,0.06395774471463095,-0.71,-0.39115057871499376,False,0.021150578714993817,False
DVE005,M0_V1,FROZEN_V1_CURVATURE_CONTINUITY,CURVATURE_CONTINUITY,0.14640797902149666,-0.4711505787149938,-0.40682746235585265,0.06432311635914112,-0.71,-0.39115057871499376,False,0.021150578714993817,False
DVE005,M0_V1,FROZEN_V1_CURVATURE_CONTINUITY,CURVATURE_CONTINUITY,0.14645453409335302,-0.4711505787149938,-0.40646528994417436,0.06468528877081942,-0.71,-0.39115057871499376,False,0.021150578714993817,False
DVE005,M0_V1,FROZEN_V1_CURVATURE_CONTINUITY,CURVATURE_CONTINUITY,0.14650108916520937,-0.4711505787149938,-0.4061063927492647,0.06504418596572908,-0.71,-0.39115057871499376,False,0.021150578714993817,False
DVE005,M0_V1,FROZEN_V1_CURVATURE_CONTINUITY,CURVATURE_CONTINUITY,0.1465476442370657,-0.4711505787149938,-0.4057508454651615,0.06539973324983228,-0.71,-0.39115057871499376,False,0.021150578714993817,False
DVE005,M0_V1,FROZEN_V1_CURVATURE_CONTINUITY,CURVATURE_CONTINUITY,0.14659419930892206,-0.4711505787149938,-0.4053987214610121,0.0657518572539817,-0.71,-0.39115057871499376,False,0.021150578714993817,False
DVE005,M0_V1,FROZEN_V1_CURVATURE_CONTINUITY,CURVATURE_CONTINUITY,0.14664075438077842,-0.4711505787149938,-0.40505009274608383,0.06610048596890994,-0.71,-0.39115057871499376,False,0.021150578714993817,False
DVE005,M0_V1,FROZEN_V1_CURVATURE_CONTINUITY,CURVATURE_CONTINUITY,0.14668730945263478,-0.4711505787149938,-0.4047050299347724,0.06644554878022135,-0.71,-0.39115057871499376,False,0.021150578714993817,False
DVE005,M0_V1,FROZEN_V1_CURVATURE_CONTINUITY,CURVATURE_CONTINUITY,0.14673386452449114,-0.4711505787149938,-0.4043636022116112,0.06678697650338256,-0.71,-0.39115057871499376,False,0.021150578714993817,False
DVE005,M0_V1,FROZEN_V1_CURVATURE_CONTINUITY,CURVATURE_CONTINUITY,0.14678041959634747,-0.4711505787149938,-0.4040258772962806,0.06712470141871318,-0.71,-0.39115057871499376,False,0.021150578714993817,False
DVE005,M0_V1,FROZEN_V1_CURVATURE_CONTINUITY,CURVATURE_CONTINUITY,0.14682697466820382,-0.4711505787149938,-0.4036919214086166,0.06745865730637718,-0.71,-0.39115057871499376,False,0.021150578714993817,False
DVE005,M0_V1,FROZEN_V1_CURVATURE_CONTINUITY,CURVATURE_CONTINUITY,0.14687352974006018,-0.4711505787149938,-0.4033617992336209,0.06778877948137285,-0.71,-0.39115057871499376,False,0.021150578714993817,False
DVE005,M0_V1,FROZEN_V1_CURVATURE_CONTINUITY,CURVATURE_CONTINUITY,0.14692008481191654,-0.4711505787149938,-0.40303557388646966,0.06811500482852412,-0.71,-0.39115057871499376,False,0.021150578714993817,False
DVE005,M0_V1,FROZEN_V1_CURVATURE_CONTINUITY,CURVATURE_CONTINUITY,0.1469666398837729,-0.4711505787149938,-0.4027133068775225,0.06843727183747128,-0.71,-0.39115057871499376,False,0.021150578714993817,False
DVE005,M0_V1,FROZEN_V1_CURVATURE_CONTINUITY,CURVATURE_CONTINUITY,0.14701319495562926,-0.4711505787149938,-0.4023950580773318,0.068755520637662,-0.71,-0.39115057871499376,False,0.021150578714993817,False
DVE005,M0_V1,FROZEN_V1_CURVATURE_CONTINUITY,CURVATURE_CONTINUITY,0.14705975002748561,-0.4711505787149938,-0.4020808856816521,0.06906969303334165,-0.71,-0.39115057871499376,False,0.021150578714993817,False
DVE005,M0_V1,FROZEN_V1_CURVATURE_CONTINUITY,CURVATURE_CONTINUITY,0.14710630509934194,-0.4711505787149938,-0.40177084617644926,0.06937973253854451,-0.71,-0.39115057871499376,False,0.021150578714993817,False
DVE005,M0_V1,FROZEN_V1_CURVATURE_CONTINUITY,CURVATURE_CONTINUITY,0.1471528601711983,-0.4711505787149938,-0.40146499430290894,0.06968558441208483,-0.71,-0.39115057871499376,False,0.021150578714993817,False
DVE005,M0_V1,FROZEN_V1_CURVATURE_CONTINUITY,CURVATURE_CONTINUITY,0.14719941524305466,-0.4711505787149938,-0.40116338302244675,0.06998719569254702,-0.71,-0.39115057871499376,False,0.021150578714993817,False
DVE005,M0_V1,FROZEN_V1_CURVATURE_CONTINUITY,CURVATURE_CONTINUITY,0.14724597031491102,-0.4711505787149938,-0.4008660634817171,0.07028451523327667,-0.71,-0.39115057871499376,False,0.021150578714993817,False
DVE005,M0_V1,FROZEN_V1_CURVATURE_CONTINUITY,CURVATURE_CONTINUITY,0.14729252538676738,-0.4711505787149938,-0.4005730849776221,0.07057749373737165,-0.71,-0.39115057871499376,False,0.021150578714993817,False
DVE005,M0_V1,FROZEN_V1_CURVATURE_CONTINUITY,CURVATURE_CONTINUITY,0.1473390804586237,-0.4711505787149938,-0.4002844949223213,0.07086608379267245,-0.71,-0.39115057871499376,False,0.021150578714993817,False
DVE005,M0_V1,FROZEN_V1_CURVATURE_CONTINUITY,CURVATURE_CONTINUITY,0.14738563553048006,-0.4711505787149938,-0.4000003388082399,0.0711502399067539,-0.71,-0.39115057871499376,False,0.021150578714993817,False
DVE005,M0_V1,FROZEN_V1_CURVATURE_CONTINUITY,CURVATURE_CONTINUITY,0.14743219060233642,-0.4711505787149938,-0.3997206601730791,0.07142991854191466,-0.71,-0.39115057871499376,False,0.021150578714993817,False
DVE005,M0_V1,FROZEN_V1_CURVATURE_CONTINUITY,CURVATURE_CONTINUITY,0.14747874567419278,-0.4711505787149938,-0.39944550056482453,0.07170507815016924,-0.71,-0.39115057871499376,False,0.021150578714993817,False
DVE005,M0_V1,FROZEN_V1_CURVATURE_CONTINUITY,CURVATURE_CONTINUITY,0.14752530074604914,-0.4711505787149938,-0.3991748995067559,0.07197567920823789,-0.71,-0.39115057871499376,False,0.021150578714993817,False
DVE005,M0_V1,FROZEN_V1_CURVATURE_CONTINUITY,CURVATURE_CONTINUITY,0.1475718558179055,-0.4711505787149938,-0.39890889446245553,0.07224168425253824,-0.71,-0.39115057871499376,False,0.021150578714993817,False
DVE005,M0_V1,FROZEN_V1_CURVATURE_CONTINUITY,CURVATURE_CONTINUITY,0.14761841088976185,-0.4711505787149938,-0.39864752080081833,0.07250305791417544,-0.71,-0.39115057871499376,False,0.021150578714993817,False
DVE005,M0_V1,FROZEN_V1_CURVATURE_CONTINUITY,CURVATURE_CONTINUITY,0.14766496596161818,-0.4711505787149938,-0.39839081176106045,0.07275976695393332,-0.71,-0.39115057871499376,False,0.021150578714993817,False
DVE005,M0_V1,FROZEN_V1_CURVATURE_CONTINUITY,CURVATURE_CONTINUITY,0.14771152103347454,-0.4711505787149938,-0.39813879841772837,0.0730117802972654,-0.71,-0.39115057871499376,False,0.021150578714993817,False
DVE005,M0_V1,FROZEN_V1_CURVATURE_CONTINUITY,CURVATURE_CONTINUITY,0.1477580761053309,-0.4711505787149938,-0.3978915096457087,0.07325906906928509,-0.71,-0.39115057871499376,False,0.021150578714993817,False
DVE005,M0_V1,FROZEN_V1_CURVATURE_CONTINUITY,CURVATURE_CONTINUITY,0.14780463117718726,-0.4711505787149938,-0.3976489720852367,0.07350160662975708,-0.71,-0.39115057871499376,False,0.021150578714993817,False
DVE005,M0_V1,FROZEN_V1_CURVATURE_CONTINUITY,CURVATURE_CONTINUITY,0.14785118624904361,-0.4711505787149938,-0.397411210106906,0.07373936860808777,-0.71,-0.39115057871499376,False,0.021150578714993817,False
DVE005,M0_V1,FROZEN_V1_CURVATURE_CONTINUITY,CURVATURE_CONTINUITY,0.14789774132089994,-0.4711505787149938,-0.39717824577667754,0.07397233293831623,-0.71,-0.39115057871499376,False,0.021150578714993817,False
DVE005,M0_V1,FROZEN_V1_CURVATURE_CONTINUITY,CURVATURE_CONTINUITY,0.1479442963927563,-0.4711505787149938,-0.3969500988208882,0.07420047989410555,-0.71,-0.39115057871499376,False,0.021150578714993817,False
DVE005,M0_V1,FROZEN_V1_CURVATURE_CONTINUITY,CURVATURE_CONTINUITY,0.14799085146461266,-0.4711505787149938,-0.3967267865912612,0.07442379212373257,-0.71,-0.39115057871499376,False,0.021150578714993817,False
DVE005,M0_V1,FROZEN_V1_CURVATURE_CONTINUITY,CURVATURE_CONTINUITY,0.14803740653646902,-0.4711505787149938,-0.39650832402991437,0.0746422546850794,-0.71,-0.39115057871499376,False,0.021150578714993817,False
DVE005,M0_V1,FROZEN_V1_CURVATURE_CONTINUITY,CURVATURE_CONTINUITY,0.14808396160832538,-0.4711505787149938,-0.3962947236343695,0.07485585508062426,-0.71,-0.39115057871499376,False,0.021150578714993817,False
DVE005,M0_V1,FROZEN_V1_CURVATURE_CONTINUITY,CURVATURE_CONTINUITY,0.14813051668018173,-0.4711505787149938,-0.39608599542256173,0.07506458329243204,-0.71,-0.39115057871499376,False,0.021150578714993817,False
DVE005,M0_V1,FROZEN_V1_CURVATURE_CONTINUITY,CURVATURE_CONTINUITY,0.14817707175203806,-0.4711505787149938,-0.3958821468978487,0.0752684318171451,-0.71,-0.39115057871499376,False,0.021150578714993817,False
DVE005,M0_V1,FROZEN_V1_CURVATURE_CONTINUITY,CURVATURE_CONTINUITY,0.14822362682389442,-0.4711505787149938,-0.39568318301401906,0.07546739570097472,-0.71,-0.39115057871499376,False,0.021150578714993817,False
DVE005,M0_V1,FROZEN_V1_CURVATURE_CONTINUITY,CURVATURE_CONTINUITY,0.14827018189575078,-0.4711505787149938,-0.39548910614030297,0.0756614725746908,-0.71,-0.39115057871499376,False,0.021150578714993817,False
DVE005,M0_V1,FROZEN_V1_CURVATURE_CONTINUITY,CURVATURE_CONTINUITY,0.14831673696760714,-0.4711505787149938,-0.39529991602638015,0.07585066268861362,-0.71,-0.39115057871499376,False,0.021150578714993817,False
DVE005,M0_V1,FROZEN_V1_CURVATURE_CONTINUITY,CURVATURE_CONTINUITY,0.1483632920394635,-0.4711505787149938,-0.3951156097673896,0.0760349689476042,-0.71,-0.39115057871499376,False,0.021150578714993817,False
DVE005,M0_V1,FROZEN_V1_CURVATURE_CONTINUITY,CURVATURE_CONTINUITY,0.14840984711131985,-0.4711505787149938,-0.3949361817689386,0.0762143969460552,-0.71,-0.39115057871499376,False,0.021150578714993817,False
DVE005,M0_V1,FROZEN_V1_CURVATURE_CONTINUITY,CURVATURE_CONTINUITY,0.14845640218317618,-0.4711505787149938,-0.3947616237121119,0.0763889550028819,-0.71,-0.39115057871499376,False,0.021150578714993817,False
DVE005,M0_V1,FROZEN_V1_CURVATURE_CONTINUITY,CURVATURE_CONTINUITY,0.14850295725503254,-0.4711505787149938,-0.39459192451848096,0.07655865419651281,-0.71,-0.39115057871499376,False,0.021150578714993817,False
DVE005,M0_V1,FROZEN_V1_CURVATURE_CONTINUITY,CURVATURE_CONTINUITY,0.1485495123268889,-0.4711505787149938,-0.39442707031511315,0.07672350839988062,-0.71,-0.39115057871499376,False,0.021150578714993817,False
DVE005,M0_V1,FROZEN_V1_CURVATURE_CONTINUITY,CURVATURE_CONTINUITY,0.14859606739874526,-0.4711505787149938,-0.39426704439958093,0.07688353431541284,-0.71,-0.39115057871499376,False,0.021150578714993817,False
DVE005,M0_V1,FROZEN_V1_CURVATURE_CONTINUITY,CURVATURE_CONTINUITY,0.14864262247060162,-0.4711505787149938,-0.39411182720497084,0.07703875151002293,-0.71,-0.39115057871499376,False,0.021150578714993817,False
DVE005,M0_V1,FROZEN_V1_CURVATURE_CONTINUITY,CURVATURE_CONTINUITY,0.14868917754245797,-0.4711505787149938,-0.3939613962648931,0.07718918245010065,-0.71,-0.39115057871499376,False,0.021150578714993817,False
DVE005,M0_V1,FROZEN_V1_CURVATURE_CONTINUITY,CURVATURE_CONTINUITY,0.1487357326143143,-0.4711505787149938,-0.3938157261784905,0.0773348525365033,-0.71,-0.39115057871499376,False,0.021150578714993817,False
DVE005,M0_V1,FROZEN_V1_CURVATURE_CONTINUITY,CURVATURE_CONTINUITY,0.14878228768617066,-0.4711505787149938,-0.3936747885754473,0.07747579013954647,-0.71,-0.39115057871499376,False,0.021150578714993817,False
DVE005,M0_V1,FROZEN_V1_CURVATURE_CONTINUITY,CURVATURE_CONTINUITY,0.14882884275802702,-0.4711505787149938,-0.393538552080999,0.07761202663399475,-0.71,-0.39115057871499376,False,0.021150578714993817,False
DVE005,M0_V1,FROZEN_V1_CURVATURE_CONTINUITY,CURVATURE_CONTINUITY,0.14887539782988338,-0.4711505787149938,-0.3934069822809415,0.07774359643405226,-0.71,-0.39115057871499376,False,0.021150578714993817,False
DVE005,M0_V1,FROZEN_V1_CURVATURE_CONTINUITY,CURVATURE_CONTINUITY,0.14892195290173973,-0.4711505787149938,-0.3932800416866395,0.07787053702835428,-0.71,-0.39115057871499376,False,0.021150578714993817,False
DVE005,M0_V1,FROZEN_V1_CURVATURE_CONTINUITY,CURVATURE_CONTINUITY,0.1489685079735961,-0.4711505787149938,-0.3931576897000367,0.07799288901495705,-0.71,-0.39115057871499376,False,0.021150578714993817,False
DVE005,M0_V1,FROZEN_V1_CURVATURE_CONTINUITY,CURVATURE_CONTINUITY,0.14901506304545242,-0.4711505787149938,-0.3930398825786643,0.07811069613632948,-0.71,-0.39115057871499376,False,0.021150578714993817,False
DVE005,M0_V1,FROZEN_V1_CURVATURE_CONTINUITY,CURVATURE_CONTINUITY,0.14906161811730878,-0.4711505787149938,-0.39292657340065035,0.07822400531434343,-0.71,-0.39115057871499376,False,0.021150578714993817,False
DVE005,M0_V1,FROZEN_V1_CURVATURE_CONTINUITY,CURVATURE_CONTINUITY,0.14910817318916514,-0.4711505787149938,-0.39281771202972915,0.07833286668526462,-0.71,-0.39115057871499376,False,0.021150578714993817,False
DVE005,M0_V1,FROZEN_V1_CURVATURE_CONTINUITY,CURVATURE_CONTINUITY,0.1491547282610215,-0.4711505787149938,-0.3927132450802502,0.07843733363474359,-0.71,-0.39115057871499376,False,0.021150578714993817,False
DVE005,M0_V1,FROZEN_V1_CURVATURE_CONTINUITY,CURVATURE_CONTINUITY,0.14920128333287785,-0.4711505787149938,-0.3926131158821873,0.07853746283280649,-0.71,-0.39115057871499376,False,0.021150578714993817,False
DVE005,M0_V1,FROZEN_V1_CURVATURE_CONTINUITY,CURVATURE_CONTINUITY,0.1492478384047342,-0.4711505787149938,-0.3925172644461482,0.07863331426884557,-0.71,-0.39115057871499376,False,0.021150578714993817,False
DVE005,M0_V1,FROZEN_V1_CURVATURE_CONTINUITY,CURVATURE_CONTINUITY,0.14929439347659054,-0.4711505787149938,-0.3924256274283833,0.0787249512866105,-0.71,-0.39115057871499376,False,0.021150578714993817,False
DVE005,M0_V1,FROZEN_V1_CURVATURE_CONTINUITY,CURVATURE_CONTINUITY,0.1493409485484469,-0.4711505787149938,-0.39233813809579476,0.07881244061919901,-0.71,-0.39115057871499376,False,0.021150578714993817,False
DVE005,M0_V1,FROZEN_V1_CURVATURE_CONTINUITY,CURVATURE_CONTINUITY,0.14938750362030326,-0.4711505787149938,-0.3922547262909464,0.0788958524240474,-0.71,-0.39115057871499376,False,0.021150578714993817,False
DVE005,M0_V1,FROZEN_V1_CURVATURE_CONTINUITY,CURVATURE_CONTINUITY,0.14943405869215962,-0.4711505787149938,-0.392175318397072,0.07897526031792179,-0.71,-0.39115057871499376,False,0.021150578714993817,False
DVE005,M0_V1,FROZEN_V1_CURVATURE_CONTINUITY,CURVATURE_CONTINUITY,0.14948061376401597,-0.4711505787149938,-0.3920998373030851,0.07905074141190865,-0.71,-0.39115057871499376,False,0.021150578714993817,False
DVE005,M0_V1,FROZEN_V1_CURVATURE_CONTINUITY,CURVATURE_CONTINUITY,0.1495271688358723,-0.4711505787149938,-0.3920282023685881,0.07912237634640568,-0.71,-0.39115057871499376,False,0.021150578714993817,False
DVE005,M0_V1,FROZEN_V1_CURVATURE_CONTINUITY,CURVATURE_CONTINUITY,0.14957372390772866,-0.4711505787149938,-0.39196032938888087,0.0791902493261129,-0.71,-0.39115057871499376,False,0.021150578714993817,False
DVE005,M0_V1,FROZEN_V1_CURVATURE_CONTINUITY,CURVATURE_CONTINUITY,0.14962027897958502,-0.4711505787149938,-0.3918961305599709,0.07925444815502286,-0.71,-0.39115057871499376,False,0.021150578714993817,False
DVE005,M0_V1,FROZEN_V1_CURVATURE_CONTINUITY,CURVATURE_CONTINUITY,0.14966683405144138,-0.4711505787149938,-0.39183551444358167,0.0793150642714121,-0.71,-0.39115057871499376,False,0.021150578714993817,False
DVE005,M0_V1,FROZEN_V1_CURVATURE_CONTINUITY,CURVATURE_CONTINUITY,0.14971338912329774,-0.4711505787149938,-0.3917783859321622,0.07937219278283159,-0.71,-0.39115057871499376,False,0.021150578714993817,False
DVE005,M0_V1,FROZEN_V1_CURVATURE_CONTINUITY,CURVATURE_CONTINUITY,0.1497599441951541,-0.4711505787149938,-0.39172464621389613,0.07942593250109764,-0.71,-0.39115057871499376,False,0.021150578714993817,False
DVE005,M0_V1,FROZEN_V1_CURVATURE_CONTINUITY,CURVATURE_CONTINUITY,0.14980649926701045,-0.4711505787149938,-0.39167419273771104,0.07947638597728274,-0.71,-0.39115057871499376,False,0.021150578714993817,False
DVE005,M0_V1,FROZEN_V1_CURVATURE_CONTINUITY,CURVATURE_CONTINUITY,0.14985305433886678,-0.4711505787149938,-0.39162691917828746,0.07952365953670631,-0.71,-0.39115057871499376,False,0.021150578714993817,False
DVE005,M0_V1,FROZEN_V1_CURVATURE_CONTINUITY,CURVATURE_CONTINUITY,0.14989960941072314,-0.4711505787149938,-0.3915827154010682,0.07956786331392557,-0.71,-0.39115057871499376,False,0.021150578714993817,False
DVE005,M0_V1,FROZEN_V1_CURVATURE_CONTINUITY,CURVATURE_CONTINUITY,0.1499461644825795,-0.4711505787149938,-0.3915414674272673,0.07960911128772646,-0.71,-0.39115057871499376,False,0.021150578714993817,False
DVE005,M0_V1,FROZEN_V1_CURVATURE_CONTINUITY,CURVATURE_CONTINUITY,0.14999271955443585,-0.4711505787149938,-0.3915030573988796,0.07964752131611419,-0.71,-0.39115057871499376,False,0.021150578714993817,False
DVE005,M0_V1,FROZEN_V1_CURVATURE_CONTINUITY,CURVATURE_CONTINUITY,0.1500392746262922,-0.4711505787149938,-0.3914673635436894,0.07968321517130439,-0.71,-0.39115057871499376,False,0.021150578714993817,False
DVE005,M0_V1,FROZEN_V1_CURVATURE_CONTINUITY,CURVATURE_CONTINUITY,0.15008582969814854,-0.4711505787149938,-0.3914342601402804,0.0797163185747134,-0.71,-0.39115057871499376,False,0.021150578714993817,False
DVE005,M0_V1,FROZEN_V1_CURVATURE_CONTINUITY,CURVATURE_CONTINUITY,0.1501323847700049,-0.4711505787149938,-0.3914036174830438,0.07974696123194996,-0.71,-0.39115057871499376,False,0.021150578714993817,False
DVE005,M0_V1,FROZEN_V1_CURVATURE_CONTINUITY,CURVATURE_CONTINUITY,0.15017893984186126,-0.4711505787149938,-0.3913753018471887,0.07977527686780506,-0.71,-0.39115057871499376,False,0.021150578714993817,False
DVE005,M0_V1,FROZEN_V1_CURVATURE_CONTINUITY,CURVATURE_CONTINUITY,0.15022549491371762,-0.4711505787149938,-0.3913491754537505,0.0798014032612433,-0.71,-0.39115057871499376,False,0.021150578714993817,False
DVE005,M0_V1,FROZEN_V1_CURVATURE_CONTINUITY,CURVATURE_CONTINUITY,0.15027204998557397,-0.4711505787149938,-0.39132509643460006,0.07982548228039371,-0.71,-0.39115057871499376,False,0.021150578714993817,False
DVE005,M0_V1,FROZEN_V1_CURVATURE_CONTINUITY,CURVATURE_CONTINUITY,0.15031860505743033,-0.4711505787149938,-0.3913029187974534,0.07984765991754039,-0.71,-0.39115057871499376,False,0.021150578714993817,False
DVE005,M0_V1,FROZEN_V1_CURVATURE_CONTINUITY,CURVATURE_CONTINUITY,0.1503651601292867,-0.4711505787149938,-0.3912824923908804,0.07986808632411335,-0.71,-0.39115057871499376,False,0.021150578714993817,False
DVE005,M0_V1,FROZEN_V1_CURVATURE_CONTINUITY,CURVATURE_CONTINUITY,0.15041171520114302,-0.4711505787149938,-0.39126366286931435,0.07988691584567942,-0.71,-0.39115057871499376,False,0.021150578714993817,False
DVE005,M0_V1,FROZEN_V1_CURVATURE_CONTINUITY,CURVATURE_CONTINUITY,0.15045827027299938,-0.4711505787149938,-0.39124627165806064,0.07990430705693313,-0.71,-0.39115057871499376,False,0.021150578714993817,False
DVE005,M0_V1,FROZEN_V1_CURVATURE_CONTINUITY,CURVATURE_CONTINUITY,0.15050482534485574,-0.4711505787149938,-0.39123015591830657,0.07992042279668721,-0.71,-0.39115057871499376,False,0.021150578714993817,False
DVE005,M0_V1,FROZEN_V1_CURVATURE_CONTINUITY,CURVATURE_CONTINUITY,0.1505513804167121,-0.4711505787149938,-0.3912151485121301,0.0799354302028637,-0.71,-0.39115057871499376,False,0.021150578714993817,False
DVE005,M0_V1,FROZEN_V1_CURVATURE_CONTINUITY,CURVATURE_CONTINUITY,0.15059793548856845,-0.4711505787149938,-0.39120107796750914,0.07994950074748464,-0.71,-0.39115057871499376,False,0.021150578714993817,False
DVE005,M0_V1,FROZEN_V1_CURVATURE_CONTINUITY,CURVATURE_CONTINUITY,0.15064449056042478,-0.4711505787149938,-0.3911877684433309,0.07996281027166285,-0.71,-0.39115057871499376,False,0.021150578714993817,False
DVE005,M0_V1,FROZEN_V1_CURVATURE_CONTINUITY,CURVATURE_CONTINUITY,0.15069104563228114,-0.4711505787149938,-0.3911750396944006,0.07997553902059318,-0.71,-0.39115057871499376,False,0.021150578714993817,False
DVE005,M0_V1,FROZEN_V1_CURVATURE_CONTINUITY,CURVATURE_CONTINUITY,0.1507376007041375,-0.4711505787149938,-0.3911627070364513,0.07998787167854249,-0.71,-0.39115057871499376,False,0.021150578714993817,False
DVE005,M0_V1,FROZEN_V1_CURVATURE_CONTINUITY,CURVATURE_CONTINUITY,0.15078415577599386,-0.4711505787149938,-0.39115058131115255,0.07999999740384123,-0.71,-0.39115057871499376,False,0.021150578714993817,False
DVE014,M0_V1,FROZEN_V1_CURVATURE_CONTINUITY,CURVATURE_CONTINUITY,0.1606350527604024,-0.4506815156606074,-0.37068153431763906,0.07999998134296832,-0.8975000000000001,-0.37068151566060736,False,0.04068151566060735,False
DVE014,M0_V1,FROZEN_V1_CURVATURE_CONTINUITY,CURVATURE_CONTINUITY,0.16066474478851342,-0.4506815156606074,-0.3707369921292961,0.07994452353131126,-0.8975000000000001,-0.37068151566060736,False,0.04068151566060735,False
DVE014,M0_V1,FROZEN_V1_CURVATURE_CONTINUITY,CURVATURE_CONTINUITY,0.1606944368166244,-0.4506815156606074,-0.3707926384895027,0.07988887717110466,-0.8975000000000001,-0.37068151566060736,False,0.04068151566060735,False
DVE014,M0_V1,FROZEN_V1_CURVATURE_CONTINUITY,CURVATURE_CONTINUITY,0.16072412884473541,-0.4506815156606074,-0.3708485705747611,0.07983294508584626,-0.8975000000000001,-0.37068151566060736,False,0.04068151566060735,False
DVE014,M0_V1,FROZEN_V1_CURVATURE_CONTINUITY,CURVATURE_CONTINUITY,0.16075382087284643,-0.4506815156606074,-0.3709048831906286,0.07977663246997879,-0.8975000000000001,-0.37068151566060736,False,0.04068151566060735,False
DVE014,M0_V1,FROZEN_V1_CURVATURE_CONTINUITY,CURVATURE_CONTINUITY,0.16078351290095744,-0.4506815156606074,-0.3709616687904276,0.0797198468701798,-0.8975000000000001,-0.37068151566060736,False,0.04068151566060735,False
DVE014,M0_V1,FROZEN_V1_CURVATURE_CONTINUITY,CURVATURE_CONTINUITY,0.16081320492906842,-0.4506815156606074,-0.3710190174939545,0.07966249816665288,-0.8975000000000001,-0.37068151566060736,False,0.04068151566060735,False
DVE014,M0_V1,FROZEN_V1_CURVATURE_CONTINUITY,CURVATURE_CONTINUITY,0.16084289695717943,-0.4506815156606074,-0.3710770171061898,0.07960449855441759,-0.8975000000000001,-0.37068151566060736,False,0.04068151566060735,False
DVE014,M0_V1,FROZEN_V1_CURVATURE_CONTINUITY,CURVATURE_CONTINUITY,0.16087258898529044,-0.4506815156606074,-0.371135753136007,0.07954576252460038,-0.8975000000000001,-0.37068151566060736,False,0.04068151566060735,False
DVE014,M0_V1,FROZEN_V1_CURVATURE_CONTINUITY,CURVATURE_CONTINUITY,0.16090228101340145,-0.4506815156606074,-0.37119530881488233,0.07948620684572505,-0.8975000000000001,-0.37068151566060736,False,0.04068151566060735,False
DVE014,M0_V1,FROZEN_V1_CURVATURE_CONTINUITY,CURVATURE_CONTINUITY,0.16093197304151244,-0.4506815156606074,-0.37125576511560404,0.07942575054500334,-0.8975000000000001,-0.37068151566060736,False,0.04068151566060735,False
DVE014,M0_V1,FROZEN_V1_CURVATURE_CONTINUITY,CURVATURE_CONTINUITY,0.16096166506962345,-0.4506815156606074,-0.3713172007709824,0.07936431488962498,-0.8975000000000001,-0.37068151566060736,False,0.04068151566060735,False
DVE014,M0_V1,FROZEN_V1_CURVATURE_CONTINUITY,CURVATURE_CONTINUITY,0.16099135709773446,-0.4506815156606074,-0.37137969229255846,0.07930182336804892,-0.8975000000000001,-0.37068151566060736,False,0.04068151566060735,False
DVE014,M0_V1,FROZEN_V1_CURVATURE_CONTINUITY,CURVATURE_CONTINUITY,0.16102104912584544,-0.4506815156606074,-0.3714433139893138,0.07923820167129358,-0.8975000000000001,-0.37068151566060736,False,0.04068151566060735,False
DVE014,M0_V1,FROZEN_V1_CURVATURE_CONTINUITY,CURVATURE_CONTINUITY,0.16105074115395646,-0.4506815156606074,-0.3715081379863803,0.07917337767422705,-0.8975000000000001,-0.37068151566060736,False,0.04068151566060735,False
DVE014,M0_V1,FROZEN_V1_CURVATURE_CONTINUITY,CURVATURE_CONTINUITY,0.16108043318206747,-0.4506815156606074,-0.37157423424374914,0.07910728141685824,-0.8975000000000001,-0.37068151566060736,False,0.04068151566060735,False
DVE014,M0_V1,FROZEN_V1_CURVATURE_CONTINUITY,CURVATURE_CONTINUITY,0.16111012521017848,-0.4506815156606074,-0.3716416705749806,0.07903984508562678,-0.8975000000000001,-0.37068151566060736,False,0.04068151566060735,False
DVE014,M0_V1,FROZEN_V1_CURVATURE_CONTINUITY,CURVATURE_CONTINUITY,0.16113981723828946,-0.4506815156606074,-0.37171051266591315,0.07897100299469423,-0.8975000000000001,-0.37068151566060736,False,0.04068151566060735,False
DVE014,M0_V1,FROZEN_V1_CURVATURE_CONTINUITY,CURVATURE_CONTINUITY,0.16116950926640047,-0.4506815156606074,-0.3717808240933736,0.07890069156723378,-0.8975000000000001,-0.37068151566060736,False,0.04068151566060735,False
DVE014,M0_V1,FROZEN_V1_CURVATURE_CONTINUITY,CURVATURE_CONTINUITY,0.16119920129451148,-0.4506815156606074,-0.3718526663438858,0.07882884931672157,-0.8975000000000001,-0.37068151566060736,False,0.04068151566060735,False
DVE014,M0_V1,FROZEN_V1_CURVATURE_CONTINUITY,CURVATURE_CONTINUITY,0.1612288933226225,-0.4506815156606074,-0.37192609883238065,0.07875541682822673,-0.8975000000000001,-0.37068151566060736,False,0.04068151566060735,False
DVE014,M0_V1,FROZEN_V1_CURVATURE_CONTINUITY,CURVATURE_CONTINUITY,0.16125858535073348,-0.4506815156606074,-0.37200117892090506,0.07868033673970232,-0.8975000000000001,-0.37068151566060736,False,0.04068151566060735,False
DVE014,M0_V1,FROZEN_V1_CURVATURE_CONTINUITY,CURVATURE_CONTINUITY,0.1612882773788445,-0.4506815156606074,-0.3720779619373322,0.07860355372327515,-0.8975000000000001,-0.37068151566060736,False,0.04068151566060735,False
DVE014,M0_V1,FROZEN_V1_CURVATURE_CONTINUITY,CURVATURE_CONTINUITY,0.1613179694069555,-0.4506815156606074,-0.37215650119407023,0.07852501446653715,-0.8975000000000001,-0.37068151566060736,False,0.04068151566060735,False
DVE014,M0_V1,FROZEN_V1_CURVATURE_CONTINUITY,CURVATURE_CONTINUITY,0.1613476614350665,-0.4506815156606074,-0.3722368480067719,0.07844466765383545,-0.8975000000000001,-0.37068151566060736,False,0.04068151566060735,False
DVE014,M0_V1,FROZEN_V1_CURVATURE_CONTINUITY,CURVATURE_CONTINUITY,0.1613773534631775,-0.4506815156606074,-0.3723190517130446,0.0783624639475628,-0.8975000000000001,-0.37068151566060736,False,0.04068151566060735,False
DVE014,M0_V1,FROZEN_V1_CURVATURE_CONTINUITY,CURVATURE_CONTINUITY,0.1614070454912885,-0.4506815156606074,-0.37240315969115884,0.07827835596944854,-0.8975000000000001,-0.37068151566060736,False,0.04068151566060735,False
DVE014,M0_V1,FROZEN_V1_CURVATURE_CONTINUITY,CURVATURE_CONTINUITY,0.16143673751939952,-0.4506815156606074,-0.37248921737875873,0.07819229828184865,-0.8975000000000001,-0.37068151566060736,False,0.04068151566060735,False
DVE014,M0_V1,FROZEN_V1_CURVATURE_CONTINUITY,CURVATURE_CONTINUITY,0.1614664295475105,-0.4506815156606074,-0.37257726829157056,0.07810424736903682,-0.8975000000000001,-0.37068151566060736,False,0.04068151566060735,False
DVE014,M0_V1,FROZEN_V1_CURVATURE_CONTINUITY,CURVATURE_CONTINUITY,0.16149612157562152,-0.4506815156606074,-0.37266735404211326,0.07801416161849412,-0.8975000000000001,-0.37068151566060736,False,0.04068151566060735,False
DVE014,M0_V1,FROZEN_V1_CURVATURE_CONTINUITY,CURVATURE_CONTINUITY,0.16152581360373253,-0.4506815156606074,-0.37275951435840676,0.07792200130220062,-0.8975000000000001,-0.37068151566060736,False,0.04068151566060735,False
DVE014,M0_V1,FROZEN_V1_CURVATURE_CONTINUITY,CURVATURE_CONTINUITY,0.16155550563184354,-0.4506815156606074,-0.37285378710268224,0.07782772855792514,-0.8975000000000001,-0.37068151566060736,False,0.04068151566060735,False
DVE014,M0_V1,FROZEN_V1_CURVATURE_CONTINUITY,CURVATURE_CONTINUITY,0.16158519765995452,-0.4506815156606074,-0.37295020829009135,0.07773130737051603,-0.8975000000000001,-0.37068151566060736,False,0.04068151566060735,False
DVE014,M0_V1,FROZEN_V1_CURVATURE_CONTINUITY,CURVATURE_CONTINUITY,0.16161488968806553,-0.4506815156606074,-0.3730488121074157,0.07763270355319168,-0.8975000000000001,-0.37068151566060736,False,0.04068151566060735,False
DVE014,M0_V1,FROZEN_V1_CURVATURE_CONTINUITY,CURVATURE_CONTINUITY,0.16164458171617654,-0.4506815156606074,-0.3731496309317764,0.07753188472883099,-0.8975000000000001,-0.37068151566060736,False,0.04068151566060735,False
DVE014,M0_V1,FROZEN_V1_CURVATURE_CONTINUITY,CURVATURE_CONTINUITY,0.16167427374428753,-0.4506815156606074,-0.3732526953493431,0.0774288203112643,-0.8975000000000001,-0.37068151566060736,False,0.04068151566060735,False
DVE014,M0_V1,FROZEN_V1_CURVATURE_CONTINUITY,CURVATURE_CONTINUITY,0.16170396577239854,-0.4506815156606074,-0.3733580341740443,0.0773234814865631,-0.8975000000000001,-0.37068151566060736,False,0.04068151566060735,False
DVE014,M0_V1,FROZEN_V1_CURVATURE_CONTINUITY,CURVATURE_CONTINUITY,0.16173365780050955,-0.4506815156606074,-0.373465674466276,0.07721584119433139,-0.8975000000000001,-0.37068151566060736,False,0.04068151566060735,False
DVE014,M0_V1,FROZEN_V1_CURVATURE_CONTINUITY,CURVATURE_CONTINUITY,0.16176334982862056,-0.4506815156606074,-0.3735756415516116,0.07710587410899578,-0.8975000000000001,-0.37068151566060736,False,0.04068151566060735,False
DVE014,M0_V1,FROZEN_V1_CURVATURE_CONTINUITY,CURVATURE_CONTINUITY,0.16179304185673155,-0.4506815156606074,-0.3736879590395112,0.07699355662109619,-0.8975000000000001,-0.37068151566060736,False,0.04068151566060735,False
DVE014,M0_V1,FROZEN_V1_CURVATURE_CONTINUITY,CURVATURE_CONTINUITY,0.16182273388484256,-0.4506815156606074,-0.3738026488420313,0.07687886681857609,-0.8975000000000001,-0.37068151566060736,False,0.04068151566060735,False
DVE014,M0_V1,FROZEN_V1_CURVATURE_CONTINUITY,CURVATURE_CONTINUITY,0.16185242591295357,-0.4506815156606074,-0.3739197311925339,0.07676178446807347,-0.8975000000000001,-0.37068151566060736,False,0.04068151566060735,False
DVE014,M0_V1,FROZEN_V1_CURVATURE_CONTINUITY,CURVATURE_CONTINUITY,0.16188211794106458,-0.4506815156606074,-0.3740392246643963,0.07664229099621106,-0.8975000000000001,-0.37068151566060736,False,0.04068151566060735,False
DVE014,M0_V1,FROZEN_V1_CURVATURE_CONTINUITY,CURVATURE_CONTINUITY,0.16191180996917556,-0.4506815156606074,-0.37416114618972035,0.07652036947088703,-0.8975000000000001,-0.37068151566060736,False,0.04068151566060735,False
DVE014,M0_V1,FROZEN_V1_CURVATURE_CONTINUITY,CURVATURE_CONTINUITY,0.16194150199728657,-0.4506815156606074,-0.3742855110780422,0.07639600458256518,-0.8975000000000001,-0.37068151566060736,False,0.04068151566060735,False
DVE014,M0_V1,FROZEN_V1_CURVATURE_CONTINUITY,CURVATURE_CONTINUITY,0.16197119402539759,-0.4506815156606074,-0.3744123330350414,0.07626918262556598,-0.8975000000000001,-0.37068151566060736,False,0.04068151566060735,False
DVE014,M0_V1,FROZEN_V1_CURVATURE_CONTINUITY,CURVATURE_CONTINUITY,0.16200088605350857,-0.4506815156606074,-0.3745416241812505,0.0761398914793569,-0.8975000000000001,-0.37068151566060736,False,0.04068151566060735,False
DVE014,M0_V1,FROZEN_V1_CURVATURE_CONTINUITY,CURVATURE_CONTINUITY,0.16203057808161958,-0.4506815156606074,-0.3746733950707648,0.07600812058984258,-0.8975000000000001,-0.37068151566060736,False,0.04068151566060735,False
DVE014,M0_V1,FROZEN_V1_CURVATURE_CONTINUITY,CURVATURE_CONTINUITY,0.1620602701097306,-0.4506815156606074,-0.3748076547099515,0.0758738609506559,-0.8975000000000001,-0.37068151566060736,False,0.04068151566060735,False
DVE014,M0_V1,FROZEN_V1_CURVATURE_CONTINUITY,CURVATURE_CONTINUITY,0.1620899621378416,-0.4506815156606074,-0.37494441057615907,0.07573710508444831,-0.8975000000000001,-0.37068151566060736,False,0.04068151566060735,False
DVE014,M0_V1,FROZEN_V1_CURVATURE_CONTINUITY,CURVATURE_CONTINUITY,0.1621196541659526,-0.4506815156606074,-0.37508366863642706,0.07559784702418032,-0.8975000000000001,-0.37068151566060736,False,0.04068151566060735,False
DVE014,M0_V1,FROZEN_V1_CURVATURE_CONTINUITY,CURVATURE_CONTINUITY,0.1621493461940636,-0.4506815156606074,-0.37522543336619557,0.07545608229441181,-0.8975000000000001,-0.37068151566060736,False,0.04068151566060735,False
DVE014,M0_V1,FROZEN_V1_CURVATURE_CONTINUITY,CURVATURE_CONTINUITY,0.1621790382221746,-0.4506815156606074,-0.37536970776801437,0.07531180789259301,-0.8975000000000001,-0.37068151566060736,False,0.04068151566060735,False
DVE014,M0_V1,FROZEN_V1_CURVATURE_CONTINUITY,CURVATURE_CONTINUITY,0.16220873025028562,-0.4506815156606074,-0.3755164933902525,0.07516502227035488,-0.8975000000000001,-0.37068151566060736,False,0.04068151566060735,False
DVE014,M0_V1,FROZEN_V1_CURVATURE_CONTINUITY,CURVATURE_CONTINUITY,0.1622384222783966,-0.4506815156606074,-0.3756657903458078,0.07501572531479955,-0.8975000000000001,-0.37068151566060736,False,0.04068151566060735,False
DVE014,M0_V1,FROZEN_V1_CURVATURE_CONTINUITY,CURVATURE_CONTINUITY,0.16226811430650762,-0.4506815156606074,-0.3758175973308168,0.07486391832979056,-0.8975000000000001,-0.37068151566060736,False,0.04068151566060735,False
DVE014,M0_V1,FROZEN_V1_CURVATURE_CONTINUITY,CURVATURE_CONTINUITY,0.16229780633461863,-0.4506815156606074,-0.37597191164336335,0.07470960401724402,-0.8975000000000001,-0.37068151566060736,False,0.04068151566060735,False
DVE014,M0_V1,FROZEN_V1_CURVATURE_CONTINUITY,CURVATURE_CONTINUITY,0.16232749836272964,-0.4506815156606074,-0.37612872920218854,0.07455278645841884,-0.8975000000000001,-0.37068151566060736,False,0.04068151566060735,False
DVE014,M0_V1,FROZEN_V1_CURVATURE_CONTINUITY,CURVATURE_CONTINUITY,0.16235719039084062,-0.4506815156606074,-0.3762880445654001,0.07439347109520728,-0.8975000000000001,-0.37068151566060736,False,0.04068151566060735,False
DVE014,M0_V1,FROZEN_V1_CURVATURE_CONTINUITY,CURVATURE_CONTINUITY,0.16238688241895163,-0.4506815156606074,-0.3764498509491823,0.07423166471142506,-0.8975000000000001,-0.37068151566060736,False,0.04068151566060735,False
DVE014,M0_V1,FROZEN_V1_CURVATURE_CONTINUITY,CURVATURE_CONTINUITY,0.16241657444706264,-0.4506815156606074,-0.3766141402465047,0.07406737541410269,-0.8975000000000001,-0.37068151566060736,False,0.04068151566060735,False
DVE014,M0_V1,FROZEN_V1_CURVATURE_CONTINUITY,CURVATURE_CONTINUITY,0.16244626647517363,-0.4506815156606074,-0.3767809030458317,0.07390061261477565,-0.8975000000000001,-0.37068151566060736,False,0.04068151566060735,False
DVE014,M0_V1,FROZEN_V1_CURVATURE_CONTINUITY,CURVATURE_CONTINUITY,0.16247595850328464,-0.4506815156606074,-0.37695012864983307,0.07373138701077431,-0.8975000000000001,-0.37068151566060736,False,0.04068151566060735,False
DVE014,M0_V1,FROZEN_V1_CURVATURE_CONTINUITY,CURVATURE_CONTINUITY,0.16250565053139565,-0.4506815156606074,-0.37712180509409177,0.07355971056651561,-0.8975000000000001,-0.37068151566060736,False,0.04068151566060735,False
DVE014,M0_V1,FROZEN_V1_CURVATURE_CONTINUITY,CURVATURE_CONTINUITY,0.16253534255950666,-0.4506815156606074,-0.3772959191658146,0.07338559649479276,-0.8975000000000001,-0.37068151566060736,False,0.04068151566060735,False
DVE014,M0_V1,FROZEN_V1_CURVATURE_CONTINUITY,CURVATURE_CONTINUITY,0.16256503458761765,-0.4506815156606074,-0.37747245642254124,0.07320905923806614,-0.8975000000000001,-0.37068151566060736,False,0.04068151566060735,False
DVE014,M0_V1,FROZEN_V1_CURVATURE_CONTINUITY,CURVATURE_CONTINUITY,0.16259472661572866,-0.4506815156606074,-0.3776514012108541,0.07303011444975327,-0.8975000000000001,-0.37068151566060736,False,0.04068151566060735,False
DVE014,M0_V1,FROZEN_V1_CURVATURE_CONTINUITY,CURVATURE_CONTINUITY,0.16262441864383967,-0.4506815156606074,-0.3778327366850872,0.07284877897552017,-0.8975000000000001,-0.37068151566060736,False,0.04068151566060735,False
DVE014,M0_V1,FROZEN_V1_CURVATURE_CONTINUITY,CURVATURE_CONTINUITY,0.16265411067195068,-0.4506815156606074,-0.37801644482603586,0.07266507083457152,-0.8975000000000001,-0.37068151566060736,False,0.04068151566060735,False
DVE014,M0_V1,FROZEN_V1_CURVATURE_CONTINUITY,CURVATURE_CONTINUITY,0.16268380270006166,-0.4506815156606074,-0.3782025064596663,0.07247900920094108,-0.8975000000000001,-0.37068151566060736,False,0.04068151566060735,False
DVE014,M0_V1,FROZEN_V1_CURVATURE_CONTINUITY,CURVATURE_CONTINUITY,0.16271349472817268,-0.4506815156606074,-0.3783909012758254,0.07229061438478196,-0.8975000000000001,-0.37068151566060736,False,0.04068151566060735,False
DVE014,M0_V1,FROZEN_V1_CURVATURE_CONTINUITY,CURVATURE_CONTINUITY,0.1627431867562837,-0.4506815156606074,-0.3785816078469494,0.07209990781365799,-0.8975000000000001,-0.37068151566060736,False,0.04068151566060735,False
DVE014,M0_V1,FROZEN_V1_CURVATURE_CONTINUITY,CURVATURE_CONTINUITY,0.16277287878439467,-0.4506815156606074,-0.37877460364677373,0.07190691201383365,-0.8975000000000001,-0.37068151566060736,False,0.04068151566060735,False
DVE014,M0_V1,FROZEN_V1_CURVATURE_CONTINUITY,CURVATURE_CONTINUITY,0.16280257081250568,-0.4506815156606074,-0.3789698650690432,0.0717116505915642,-0.8975000000000001,-0.37068151566060736,False,0.04068151566060735,False
DVE014,M0_V1,FROZEN_V1_CURVATURE_CONTINUITY,CURVATURE_CONTINUITY,0.1628322628406167,-0.4506815156606074,-0.37916736744622,0.0715141482143874,-0.8975000000000001,-0.37068151566060736,False,0.04068151566060735,False
DVE014,M0_V1,FROZEN_V1_CURVATURE_CONTINUITY,CURVATURE_CONTINUITY,0.1628619548687277,-0.4506815156606074,-0.3793670850681944,0.07131443059241299,-0.8975000000000001,-0.37068151566060736,False,0.04068151566060735,False
DVE014,M0_V1,FROZEN_V1_CURVATURE_CONTINUITY,CURVATURE_CONTINUITY,0.1628916468968387,-0.4506815156606074,-0.37956899120099347,0.07111252445961391,-0.8975000000000001,-0.37068151566060736,False,0.04068151566060735,False
DVE014,M0_V1,FROZEN_V1_CURVATURE_CONTINUITY,CURVATURE_CONTINUITY,0.1629213389249497,-0.4506815156606074,-0.37977305810549156,0.07090845755511582,-0.8975000000000001,-0.37068151566060736,False,0.04068151566060735,False
DVE014,M0_V1,FROZEN_V1_CURVATURE_CONTINUITY,CURVATURE_CONTINUITY,0.1629510309530607,-0.4506815156606074,-0.37997925705611846,0.07070225860448892,-0.8975000000000001,-0.37068151566060736,False,0.04068151566060735,False
DVE014,M0_V1,FROZEN_V1_CURVATURE_CONTINUITY,CURVATURE_CONTINUITY,0.16298072298117172,-0.4506815156606074,-0.3801875583595696,0.0704939573010378,-0.8975000000000001,-0.37068151566060736,False,0.04068151566060735,False
DVE014,M0_V1,FROZEN_V1_CURVATURE_CONTINUITY,CURVATURE_CONTINUITY,0.1630104150092827,-0.4506815156606074,-0.38039793137351524,0.07028358428709214,-0.8975000000000001,-0.37068151566060736,False,0.04068151566060735,False
DVE014,M0_V1,FROZEN_V1_CURVATURE_CONTINUITY,CURVATURE_CONTINUITY,0.16304010703739372,-0.4506815156606074,-0.3806103445253109,0.07007117113529648,-0.8975000000000001,-0.37068151566060736,False,0.04068151566060735,False
DVE014,M0_V1,FROZEN_V1_CURVATURE_CONTINUITY,CURVATURE_CONTINUITY,0.16306979906550473,-0.4506815156606074,-0.38082476533070514,0.06985675032990224,-0.8975000000000001,-0.37068151566060736,False,0.04068151566060735,False
DVE014,M0_V1,FROZEN_V1_CURVATURE_CONTINUITY,CURVATURE_CONTINUITY,0.1630994910936157,-0.4506815156606074,-0.3810411604125502,0.06964035524805717,-0.8975000000000001,-0.37068151566060736,False,0.04068151566060735,False
DVE014,M0_V1,FROZEN_V1_CURVATURE_CONTINUITY,CURVATURE_CONTINUITY,0.16312918312172672,-0.4506815156606074,-0.38125949551951155,0.06942202014109583,-0.8975000000000001,-0.37068151566060736,False,0.04068151566060735,False
DVE014,M0_V1,FROZEN_V1_CURVATURE_CONTINUITY,CURVATURE_CONTINUITY,0.16315887514983773,-0.4506815156606074,-0.38147973554477665,0.06920178011583072,-0.8975000000000001,-0.37068151566060736,False,0.04068151566060735,False
DVE014,M0_V1,FROZEN_V1_CURVATURE_CONTINUITY,CURVATURE_CONTINUITY,0.16318856717794875,-0.4506815156606074,-0.38170184454476475,0.06897967111584263,-0.8975000000000001,-0.37068151566060736,False,0.04068151566060735,False
DVE014,M0_V1,FROZEN_V1_CURVATURE_CONTINUITY,CURVATURE_CONTINUITY,0.16321825920605973,-0.4506815156606074,-0.38192578575783637,0.06875572990277101,-0.8975000000000001,-0.37068151566060736,False,0.04068151566060735,False
DVE014,M0_V1,FROZEN_V1_CURVATURE_CONTINUITY,CURVATURE_CONTINUITY,0.16324795123417074,-0.4506815156606074,-0.38215152162300325,0.06852999403760413,-0.8975000000000001,-0.37068151566060736,False,0.04068151566060735,False
DVE014,M0_V1,FROZEN_V1_CURVATURE_CONTINUITY,CURVATURE_CONTINUITY,0.16327764326228175,-0.4506815156606074,-0.38237901379863687,0.06830250186197051,-0.8975000000000001,-0.37068151566060736,False,0.04068151566060735,False
DVE014,M0_V1,FROZEN_V1_CURVATURE_CONTINUITY,CURVATURE_CONTINUITY,0.16330733529039276,-0.4506815156606074,-0.3826082231811785,0.06807329247942889,-0.8975000000000001,-0.37068151566060736,False,0.04068151566060735,False
DVE014,M0_V1,FROZEN_V1_CURVATURE_CONTINUITY,CURVATURE_CONTINUITY,0.16333702731850375,-0.4506815156606074,-0.38283910992384834,0.06784240573675904,-0.8975000000000001,-0.37068151566060736,False,0.04068151566060735,False
DVE014,M0_V1,FROZEN_V1_CURVATURE_CONTINUITY,CURVATURE_CONTINUITY,0.16336671934661476,-0.4506815156606074,-0.38307163345535605,0.06760988220525133,-0.8975000000000001,-0.37068151566060736,False,0.04068151566060735,False
DVE014,M0_V1,FROZEN_V1_CURVATURE_CONTINUITY,CURVATURE_CONTINUITY,0.16339641137472577,-0.4506815156606074,-0.3833057524986085,0.06737576316199889,-0.8975000000000001,-0.37068151566060736,False,0.04068151566060735,False
DVE014,M0_V1,FROZEN_V1_CURVATURE_CONTINUITY,CURVATURE_CONTINUITY,0.16342610340283675,-0.4506815156606074,-0.3835414250894203,0.06714009057118708,-0.8975000000000001,-0.37068151566060736,False,0.04068151566060735,False
DVE014,M0_V1,FROZEN_V1_CURVATURE_CONTINUITY,CURVATURE_CONTINUITY,0.16345579543094776,-0.4506815156606074,-0.3837786085952237,0.06690290706538365,-0.8975000000000001,-0.37068151566060736,False,0.04068151566060735,False
DVE014,M0_V1,FROZEN_V1_CURVATURE_CONTINUITY,CURVATURE_CONTINUITY,0.16348548745905878,-0.4506815156606074,-0.38401725973377676,0.06666425592683062,-0.8975000000000001,-0.37068151566060736,False,0.04068151566060735,False
DVE014,M0_V1,FROZEN_V1_CURVATURE_CONTINUITY,CURVATURE_CONTINUITY,0.1635151794871698,-0.4506815156606074,-0.38425733459187383,0.06642418106873355,-0.8975000000000001,-0.37068151566060736,False,0.04068151566060735,False
DVE014,M0_V1,FROZEN_V1_CURVATURE_CONTINUITY,CURVATURE_CONTINUITY,0.16354487151528077,-0.4506815156606074,-0.38449878864405435,0.06618272701655303,-0.8975000000000001,-0.37068151566060736,False,0.04068151566060735,False
DVE014,M0_V1,FROZEN_V1_CURVATURE_CONTINUITY,CURVATURE_CONTINUITY,0.16357456354339178,-0.4506815156606074,-0.3847415767713135,0.06593993888929389,-0.8975000000000001,-0.37068151566060736,False,0.04068151566060735,False
DVE014,M0_V1,FROZEN_V1_CURVATURE_CONTINUITY,CURVATURE_CONTINUITY,0.1636042555715028,-0.4506815156606074,-0.38498565327981,0.06569586238079739,-0.8975000000000001,-0.37068151566060736,False,0.04068151566060735,False
DVE014,M0_V1,FROZEN_V1_CURVATURE_CONTINUITY,CURVATURE_CONTINUITY,0.1636339475996138,-0.4506815156606074,-0.3852309719195768,0.0654505437410306,-0.8975000000000001,-0.37068151566060736,False,0.04068151566060735,False
DVE014,M0_V1,FROZEN_V1_CURVATURE_CONTINUITY,CURVATURE_CONTINUITY,0.1636636396277248,-0.4506815156606074,-0.3854774859032299,0.06520402975737749,-0.8975000000000001,-0.37068151566060736,False,0.04068151566060735,False
DVE014,M0_V1,FROZEN_V1_CURVATURE_CONTINUITY,CURVATURE_CONTINUITY,0.1636933316558358,-0.4506815156606074,-0.38572514792467866,0.06495636773592872,-0.8975000000000001,-0.37068151566060736,False,0.04068151566060735,False
DVE014,M0_V1,FROZEN_V1_CURVATURE_CONTINUITY,CURVATURE_CONTINUITY,0.1637230236839468,-0.4506815156606074,-0.3859739101778342,0.06470760548277316,-0.8975000000000001,-0.37068151566060736,False,0.04068151566060735,False
DVE014,M0_V1,FROZEN_V1_CURVATURE_CONTINUITY,CURVATURE_CONTINUITY,0.1637527157120578,-0.4506815156606074,-0.38622372437531927,0.06445779128528811,-0.8975000000000001,-0.37068151566060736,False,0.04068151566060735,False
DVE014,M0_V1,FROZEN_V1_CURVATURE_CONTINUITY,CURVATURE_CONTINUITY,0.1637824077401688,-0.4506815156606074,-0.38647454176717844,0.06420697389342894,-0.8975000000000001,-0.37068151566060736,False,0.04068151566060735,False
DVE014,M0_V1,FROZEN_V1_CURVATURE_CONTINUITY,CURVATURE_CONTINUITY,0.16381209976827982,-0.4506815156606074,-0.38672631315958644,0.06395520250102094,-0.8975000000000001,-0.37068151566060736,False,0.04068151566060735,False
DVE014,M0_V1,FROZEN_V1_CURVATURE_CONTINUITY,CURVATURE_CONTINUITY,0.16384179179639083,-0.4506815156606074,-0.38697898893355825,0.06370252672704912,-0.8975000000000001,-0.37068151566060736,False,0.04068151566060735,False
DVE014,M0_V1,FROZEN_V1_CURVATURE_CONTINUITY,CURVATURE_CONTINUITY,0.1638714838245018,-0.4506815156606074,-0.3872325190636582,0.06344899659694919,-0.8975000000000001,-0.37068151566060736,False,0.04068151566060735,False
DVE014,M0_V1,FROZEN_V1_CURVATURE_CONTINUITY,CURVATURE_CONTINUITY,0.16390117585261282,-0.4506815156606074,-0.3874868531367104,0.063194662523897,-0.8975000000000001,-0.37068151566060736,False,0.04068151566060735,False
DVE014,M0_V1,FROZEN_V1_CURVATURE_CONTINUITY,CURVATURE_CONTINUITY,0.16393086788072384,-0.4506815156606074,-0.38774194037050685,0.06293957529010052,-0.8975000000000001,-0.37068151566060736,False,0.04068151566060735,False
DVE014,M0_V1,FROZEN_V1_CURVATURE_CONTINUITY,CURVATURE_CONTINUITY,0.16396055990883485,-0.4506815156606074,-0.38799772963251783,0.06268378602808955,-0.8975000000000001,-0.37068151566060736,False,0.04068151566060735,False
DVE014,M0_V1,FROZEN_V1_CURVATURE_CONTINUITY,CURVATURE_CONTINUITY,0.16399025193694583,-0.4506815156606074,-0.38825416945860075,0.06242734620200663,-0.8975000000000001,-0.37068151566060736,False,0.04068151566060735,False
DVE014,M0_V1,FROZEN_V1_CURVATURE_CONTINUITY,CURVATURE_CONTINUITY,0.16401994396505684,-0.4506815156606074,-0.3885112080717108,0.06217030758889658,-0.8975000000000001,-0.37068151566060736,False,0.04068151566060735,False
DVE014,M0_V1,FROZEN_V1_CURVATURE_CONTINUITY,CURVATURE_CONTINUITY,0.16404963599316785,-0.4506815156606074,-0.3887687934006088,0.061912722259998554,-0.8975000000000001,-0.37068151566060736,False,0.04068151566060735,False
DVE014,M0_V1,FROZEN_V1_CURVATURE_CONTINUITY,CURVATURE_CONTINUITY,0.16407932802127884,-0.4506815156606074,-0.38902687309857154,0.061654642562035844,-0.8975000000000001,-0.37068151566060736,False,0.04068151566060735,False
DVE014,M0_V1,FROZEN_V1_CURVATURE_CONTINUITY,CURVATURE_CONTINUITY,0.16410902004938985,-0.4506815156606074,-0.38928539456210176,0.06139612109850562,-0.8975000000000001,-0.37068151566060736,False,0.04068151566060735,False
DVE014,M0_V1,FROZEN_V1_CURVATURE_CONTINUITY,CURVATURE_CONTINUITY,0.16413871207750086,-0.4506815156606074,-0.3895443049496364,0.061137210710971,-0.8975000000000001,-0.37068151566060736,False,0.04068151566060735,False
DVE014,M0_V1,FROZEN_V1_CURVATURE_CONTINUITY,CURVATURE_CONTINUITY,0.16416840410561187,-0.4506815156606074,-0.3898035512002569,0.06087796446035049,-0.8975000000000001,-0.37068151566060736,False,0.04068151566060735,False
DVE014,M0_V1,FROZEN_V1_CURVATURE_CONTINUITY,CURVATURE_CONTINUITY,0.16419809613372285,-0.4506815156606074,-0.39006308005239826,0.06061843560820912,-0.8975000000000001,-0.37068151566060736,False,0.04068151566060735,False
DVE014,M0_V1,FROZEN_V1_CURVATURE_CONTINUITY,CURVATURE_CONTINUITY,0.16422778816183387,-0.4506815156606074,-0.39032283806255946,0.060358677598047916,-0.8975000000000001,-0.37068151566060736,False,0.04068151566060735,False
DVE014,M0_V1,FROZEN_V1_CURVATURE_CONTINUITY,CURVATURE_CONTINUITY,0.16425748018994488,-0.4506815156606074,-0.3905827716240114,0.060098744036595986,-0.8975000000000001,-0.37068151566060736,False,0.04068151566060735,False
DVE014,M0_V1,FROZEN_V1_CURVATURE_CONTINUITY,CURVATURE_CONTINUITY,0.1642871722180559,-0.4506815156606074,-0.3908428269855074,0.059838688675100005,-0.8975000000000001,-0.37068151566060736,False,0.04068151566060735,False
DVE014,M0_V1,FROZEN_V1_CURVATURE_CONTINUITY,CURVATURE_CONTINUITY,0.16431686424616687,-0.4506815156606074,-0.3911029502699922,0.05957856539061518,-0.8975000000000001,-0.37068151566060736,False,0.04068151566060735,False
DVE014,M0_V1,FROZEN_V1_CURVATURE_CONTINUITY,CURVATURE_CONTINUITY,0.16434655627427788,-0.4506815156606074,-0.3913630874933124,0.05931842816729499,-0.8975000000000001,-0.37068151566060736,False,0.04068151566060735,False
DVE014,M0_V1,FROZEN_V1_CURVATURE_CONTINUITY,CURVATURE_CONTINUITY,0.1643762483023889,-0.4506815156606074,-0.39162318458292444,0.059058331077682935,-0.8975000000000001,-0.37068151566060736,False,0.04068151566060735,False
DVE014,M0_V1,FROZEN_V1_CURVATURE_CONTINUITY,CURVATURE_CONTINUITY,0.16440594033049988,-0.4506815156606074,-0.3918831873966047,0.058798328264002664,-0.8975000000000001,-0.37068151566060736,False,0.04068151566060735,False
DVE014,M0_V1,FROZEN_V1_CURVATURE_CONTINUITY,CURVATURE_CONTINUITY,0.1644356323586109,-0.4506815156606074,-0.39214304174116005,0.05853847391944733,-0.8975000000000001,-0.37068151566060736,False,0.04068151566060735,False
DVE014,M0_V1,FROZEN_V1_CURVATURE_CONTINUITY,CURVATURE_CONTINUITY,0.1644653243867219,-0.4506815156606074,-0.3924026933911354,0.05827882226947195,-0.8975000000000001,-0.37068151566060736,False,0.04068151566060735,False
DVE014,M0_V1,FROZEN_V1_CURVATURE_CONTINUITY,CURVATURE_CONTINUITY,0.1644950164148329,-0.4506815156606074,-0.3926620881075245,0.05801942755308287,-0.8975000000000001,-0.37068151566060736,False,0.04068151566060735,False
DVE014,M0_V1,FROZEN_V1_CURVATURE_CONTINUITY,CURVATURE_CONTINUITY,0.1645247084429439,-0.4506815156606074,-0.39292117165647866,0.057760344004128716,-0.8975000000000001,-0.37068151566060736,False,0.04068151566060735,False
DVE014,M0_V1,FROZEN_V1_CURVATURE_CONTINUITY,CURVATURE_CONTINUITY,0.1645544004710549,-0.4506815156606074,-0.3931798898280174,0.05750162583259,-0.8975000000000001,-0.37068151566060736,False,0.04068151566060735,False
DVE014,M0_V1,FROZEN_V1_CURVATURE_CONTINUITY,CURVATURE_CONTINUITY,0.16458409249916592,-0.4506815156606074,-0.39343818845473627,0.05724332720587111,-0.8975000000000001,-0.37068151566060736,False,0.04068151566060735,False
DVE014,M0_V1,FROZEN_V1_CURVATURE_CONTINUITY,CURVATURE_CONTINUITY,0.16461378452727693,-0.4506815156606074,-0.39369601343051763,0.056985502230089746,-0.8975000000000001,-0.37068151566060736,False,0.04068151566060735,False
DVE014,M0_V1,FROZEN_V1_CURVATURE_CONTINUITY,CURVATURE_CONTINUITY,0.1646434765553879,-0.4506815156606074,-0.3939533107292392,0.056728204931368154,-0.8975000000000001,-0.37068151566060736,False,0.04068151566060735,False
DVE014,M0_V1,FROZEN_V1_CURVATURE_CONTINUITY,CURVATURE_CONTINUITY,0.16467316858349892,-0.4506815156606074,-0.39421002642348474,0.05647148923712264,-0.8975000000000001,-0.37068151566060736,False,0.04068151566060735,False
DVE014,M0_V1,FROZEN_V1_CURVATURE_CONTINUITY,CURVATURE_CONTINUITY,0.16470286061160994,-0.4506815156606074,-0.394466106703252,0.056215408957355384,-0.8975000000000001,-0.37068151566060736,False,0.04068151566060735,False
DVE014,M0_V1,FROZEN_V1_CURVATURE_CONTINUITY,CURVATURE_CONTINUITY,0.16473255263972092,-0.4506815156606074,-0.39472149789466304,0.055960017765944337,-0.8975000000000001,-0.37068151566060736,False,0.04068151566060735,False
DVE014,M0_V1,FROZEN_V1_CURVATURE_CONTINUITY,CURVATURE_CONTINUITY,0.16476224466783193,-0.4506815156606074,-0.39497614647867424,0.05570536918193314,-0.8975000000000001,-0.37068151566060736,False,0.04068151566060735,False
DVE014,M0_V1,FROZEN_V1_CURVATURE_CONTINUITY,CURVATURE_CONTINUITY,0.16479193669594294,-0.4506815156606074,-0.3952299991097844,0.05545151655082298,-0.8975000000000001,-0.37068151566060736,False,0.04068151566060735,False
DVE014,M0_V1,FROZEN_V1_CURVATURE_CONTINUITY,CURVATURE_CONTINUITY,0.16482162872405395,-0.4506815156606074,-0.3954830026347452,0.055198513025862206,-0.8975000000000001,-0.37068151566060736,False,0.04068151566060735,False
DVE014,M0_V1,FROZEN_V1_CURVATURE_CONTINUITY,CURVATURE_CONTINUITY,0.16485132075216494,-0.4506815156606074,-0.3957351041112702,0.05494641154933716,-0.8975000000000001,-0.37068151566060736,False,0.04068151566060735,False
DVE014,M0_V1,FROZEN_V1_CURVATURE_CONTINUITY,CURVATURE_CONTINUITY,0.16488101278027595,-0.4506815156606074,-0.39598625082674527,0.05469526483386211,-0.8975000000000001,-0.37068151566060736,False,0.04068151566060735,False
DVE014,M0_V1,FROZEN_V1_CURVATURE_CONTINUITY,CURVATURE_CONTINUITY,0.16491070480838696,-0.4506815156606074,-0.3962363903169364,0.054445125343670964,-0.8975000000000001,-0.37068151566060736,False,0.04068151566060735,False
DVE014,M0_V1,FROZEN_V1_CURVATURE_CONTINUITY,CURVATURE_CONTINUITY,0.16494039683649797,-0.4506815156606074,-0.39648547038470056,0.05419604527590682,-0.8975000000000001,-0.37068151566060736,False,0.04068151566060735,False
DVE014,M0_V1,FROZEN_V1_CURVATURE_CONTINUITY,CURVATURE_CONTINUITY,0.16497008886460895,-0.4506815156606074,-0.39673343911869424,0.05394807654191314,-0.8975000000000001,-0.37068151566060736,False,0.04068151566060735,False
DVE014,M0_V1,FROZEN_V1_CURVATURE_CONTINUITY,CURVATURE_CONTINUITY,0.16499978089271997,-0.4506815156606074,-0.39698024491208417,0.05370127074852321,-0.8975000000000001,-0.37068151566060736,False,0.04068151566060735,False
DVE014,M0_V1,FROZEN_V1_CURVATURE_CONTINUITY,CURVATURE_CONTINUITY,0.16502947292083098,-0.4506815156606074,-0.3972258364812553,0.05345567917935207,-0.8975000000000001,-0.37068151566060736,False,0.04068151566060735,False
DVE014,M0_V1,FROZEN_V1_CURVATURE_CONTINUITY,CURVATURE_CONTINUITY,0.16505916494894196,-0.4506815156606074,-0.3974701628845209,0.05321135277608646,-0.8975000000000001,-0.37068151566060736,False,0.04068151566060735,False
DVE014,M0_V1,FROZEN_V1_CURVATURE_CONTINUITY,CURVATURE_CONTINUITY,0.16508885697705297,-0.4506815156606074,-0.3977131735408328,0.05296834211977458,-0.8975000000000001,-0.37068151566060736,False,0.04068151566060735,False
DVE014,M0_V1,FROZEN_V1_CURVATURE_CONTINUITY,CURVATURE_CONTINUITY,0.16511854900516398,-0.4506815156606074,-0.39795481824848944,0.05272669741211794,-0.8975000000000001,-0.37068151566060736,False,0.04068151566060735,False
DVE014,M0_V1,FROZEN_V1_CURVATURE_CONTINUITY,CURVATURE_CONTINUITY,0.165148241033275,-0.4506815156606074,-0.39819504720384624,0.05248646845676114,-0.8975000000000001,-0.37068151566060736,False,0.04068151566060735,False
DVE014,M0_V1,FROZEN_V1_CURVATURE_CONTINUITY,CURVATURE_CONTINUITY,0.16517793306138598,-0.4506815156606074,-0.3984338110200247,0.052247704640582704,-0.8975000000000001,-0.37068151566060736,False,0.04068151566060735,False
DVE014,M0_V1,FROZEN_V1_CURVATURE_CONTINUITY,CURVATURE_CONTINUITY,0.165207625089497,-0.4506815156606074,-0.39867106074562264,0.05201045491498474,-0.8975000000000001,-0.37068151566060736,False,0.04068151566060735,False
DVE014,M0_V1,FROZEN_V1_CURVATURE_CONTINUITY,CURVATURE_CONTINUITY,0.165237317117608,-0.4506815156606074,-0.3989067478834225,0.05177476777718487,-0.8975000000000001,-0.37068151566060736,False,0.04068151566060735,False
DVE014,M0_V1,FROZEN_V1_CURVATURE_CONTINUITY,CURVATURE_CONTINUITY,0.165267009145719,-0.4506815156606074,-0.3991408244091015,0.0515406912515059,-0.8975000000000001,-0.37068151566060736,False,0.04068151566060735,False
DVE014,M0_V1,FROZEN_V1_CURVATURE_CONTINUITY,CURVATURE_CONTINUITY,0.16529670117383,-0.4506815156606074,-0.3993732427899408,0.05130827287066658,-0.8975000000000001,-0.37068151566060736,False,0.04068151566060735,False
DVE014,M0_V1,FROZEN_V1_CURVATURE_CONTINUITY,CURVATURE_CONTINUITY,0.165326393201941,-0.4506815156606074,-0.39960395600353577,0.051077559657071614,-0.8975000000000001,-0.37068151566060736,False,0.04068151566060735,False
DVE014,M0_V1,FROZEN_V1_CURVATURE_CONTINUITY,CURVATURE_CONTINUITY,0.16535608523005202,-0.4506815156606074,-0.3998329175565043,0.05084859810410308,-0.8975000000000001,-0.37068151566060736,False,0.04068151566060735,False
DVE014,M0_V1,FROZEN_V1_CURVATURE_CONTINUITY,CURVATURE_CONTINUITY,0.165385777258163,-0.4506815156606074,-0.40006008150319666,0.050621434157410716,-0.8975000000000001,-0.37068151566060736,False,0.04068151566060735,False
DVE014,M0_V1,FROZEN_V1_CURVATURE_CONTINUITY,CURVATURE_CONTINUITY,0.16541546928627401,-0.4506815156606074,-0.4002854024644059,0.050396113196201464,-0.8975000000000001,-0.37068151566060736,False,0.04068151566060735,False
DVE014,M0_V1,FROZEN_V1_CURVATURE_CONTINUITY,CURVATURE_CONTINUITY,0.16544516131438503,-0.4506815156606074,-0.40050883564607587,0.05017268001453151,-0.8975000000000001,-0.37068151566060736,False,0.04068151566060735,False
DVE014,M0_V1,FROZEN_V1_CURVATURE_CONTINUITY,CURVATURE_CONTINUITY,0.16547485334249604,-0.4506815156606074,-0.40073033685801146,0.04995117880259592,-0.8975000000000001,-0.37068151566060736,False,0.04068151566060735,False
DVE014,M0_V1,FROZEN_V1_CURVATURE_CONTINUITY,CURVATURE_CONTINUITY,0.16550454537060702,-0.4506815156606074,-0.4009498625325879,0.04973165312801947,-0.8975000000000001,-0.37068151566060736,False,0.04068151566060735,False
DVE014,M0_V1,FROZEN_V1_CURVATURE_CONTINUITY,CURVATURE_CONTINUITY,0.16553423739871803,-0.4506815156606074,-0.4011673697434609,0.04951414591714648,-0.8975000000000001,-0.37068151566060736,False,0.04068151566060735,False
DVE014,M0_V1,FROZEN_V1_CURVATURE_CONTINUITY,CURVATURE_CONTINUITY,0.16556392942682904,-0.4506815156606074,-0.4013828162242748,0.04929869943633258,-0.8975000000000001,-0.37068151566060736,False,0.04068151566060735,False
DVE014,M0_V1,FROZEN_V1_CURVATURE_CONTINUITY,CURVATURE_CONTINUITY,0.16559362145494005,-0.4506815156606074,-0.401596160387373,0.04908535527323438,-0.8975000000000001,-0.37068151566060736,False,0.04068151566060735,False
DVE014,M0_V1,FROZEN_V1_CURVATURE_CONTINUITY,CURVATURE_CONTINUITY,0.16562331348305104,-0.4506815156606074,-0.40180736134250705,0.04887415431810033,-0.8975000000000001,-0.37068151566060736,False,0.04068151566060735,False
DVE014,M0_V1,FROZEN_V1_CURVATURE_CONTINUITY,CURVATURE_CONTINUITY,0.16565300551116205,-0.4506815156606074,-0.4020163789155468,0.048665136745060567,-0.8975000000000001,-0.37068151566060736,False,0.04068151566060735,False
DVE014,M0_V1,FROZEN_V1_CURVATURE_CONTINUITY,CURVATURE_CONTINUITY,0.16568269753927306,-0.4506815156606074,-0.4022231736671888,0.048458341993418586,-0.8975000000000001,-0.37068151566060736,False,0.04068151566060735,False
DVE014,M0_V1,FROZEN_V1_CURVATURE_CONTINUITY,CURVATURE_CONTINUITY,0.16571238956738404,-0.4506815156606074,-0.4024277069116661,0.04825380874894125,-0.8975000000000001,-0.37068151566060736,False,0.04068151566060735,False
DVE014,M0_V1,FROZEN_V1_CURVATURE_CONTINUITY,CURVATURE_CONTINUITY,0.16574208159549506,-0.4506815156606074,-0.40262994073545877,0.04805157492514861,-0.8975000000000001,-0.37068151566060736,False,0.04068151566060735,False
DVE014,M0_V1,FROZEN_V1_CURVATURE_CONTINUITY,CURVATURE_CONTINUITY,0.16577177362360607,-0.4506815156606074,-0.40282983801600164,0.04785167764460574,-0.8975000000000001,-0.37068151566060736,False,0.04068151566060735,False
DVE014,M0_V1,FROZEN_V1_CURVATURE_CONTINUITY,CURVATURE_CONTINUITY,0.16580146565171708,-0.4506815156606074,-0.4030273624403951,0.04765415322021227,-0.8975000000000001,-0.37068151566060736,False,0.04068151566060735,False
DVE014,M0_V1,FROZEN_V1_CURVATURE_CONTINUITY,CURVATURE_CONTINUITY,0.16583115767982806,-0.4506815156606074,-0.40322247852411375,0.04745903713649363,-0.8975000000000001,-0.37068151566060736,False,0.04068151566060735,False
DVE014,M0_V1,FROZEN_V1_CURVATURE_CONTINUITY,CURVATURE_CONTINUITY,0.16586084970793907,-0.4506815156606074,-0.4034151516297168,0.04726636403089057,-0.8975000000000001,-0.37068151566060736,False,0.04068151566060735,False
DVE014,M0_V1,FROZEN_V1_CURVATURE_CONTINUITY,CURVATURE_CONTINUITY,0.16589054173605008,-0.4506815156606074,-0.40360534798555653,0.04707616767505085,-0.8975000000000001,-0.37068151566060736,False,0.04068151566060735,False
DVE014,M0_V1,FROZEN_V1_CURVATURE_CONTINUITY,CURVATURE_CONTINUITY,0.1659202337641611,-0.4506815156606074,-0.40379303470448824,0.04688848095611914,-0.8975000000000001,-0.37068151566060736,False,0.04068151566060735,False
DVE014,M0_V1,FROZEN_V1_CURVATURE_CONTINUITY,CURVATURE_CONTINUITY,0.16594992579227208,-0.4506815156606074,-0.40397817980257955,0.04670333585802783,-0.8975000000000001,-0.37068151566060736,False,0.04068151566060735,False
DVE014,M0_V1,FROZEN_V1_CURVATURE_CONTINUITY,CURVATURE_CONTINUITY,0.1659796178203831,-0.4506815156606074,-0.4041607522178205,0.04652076344278688,-0.8975000000000001,-0.37068151566060736,False,0.04068151566060735,False
DVE014,M0_V1,FROZEN_V1_CURVATURE_CONTINUITY,CURVATURE_CONTINUITY,0.1660093098484941,-0.4506815156606074,-0.4043407218288321,0.04634079383177531,-0.8975000000000001,-0.37068151566060736,False,0.04068151566060735,False
DVE014,M0_V1,FROZEN_V1_CURVATURE_CONTINUITY,CURVATURE_CONTINUITY,0.16603900187660509,-0.4506815156606074,-0.4045180594735761,0.04616345618703127,-0.8975000000000001,-0.37068151566060736,False,0.04068151566060735,False
DVE014,M0_V1,FROZEN_V1_CURVATURE_CONTINUITY,CURVATURE_CONTINUITY,0.1660686939047161,-0.4506815156606074,-0.40469273696806507,0.04598877869254231,-0.8975000000000001,-0.37068151566060736,False,0.04068151566060735,False
DVE014,M0_V1,FROZEN_V1_CURVATURE_CONTINUITY,CURVATURE_CONTINUITY,0.1660983859328271,-0.4506815156606074,-0.404864727125071,0.04581678853553639,-0.8975000000000001,-0.37068151566060736,False,0.04068151566060735,False
DVE014,M0_V1,FROZEN_V1_CURVATURE_CONTINUITY,CURVATURE_CONTINUITY,0.16612807796093812,-0.4506815156606074,-0.40503400377283516,0.04564751188777222,-0.8975000000000001,-0.37068151566060736,False,0.04068151566060735,False
DVE014,M0_V1,FROZEN_V1_CURVATURE_CONTINUITY,CURVATURE_CONTINUITY,0.1661577699890491,-0.4506815156606074,-0.4052005417737774,0.04548097388682998,-0.8975000000000001,-0.37068151566060736,False,0.04068151566060735,False
DVE014,M0_V1,FROZEN_V1_CURVATURE_CONTINUITY,CURVATURE_CONTINUITY,0.16618746201716011,-0.4506815156606074,-0.4053643170432063,0.04531719861740108,-0.8975000000000001,-0.37068151566060736,False,0.04068151566060735,False
DVE014,M0_V1,FROZEN_V1_CURVATURE_CONTINUITY,CURVATURE_CONTINUITY,0.16621715404527113,-0.4506815156606074,-0.4055253065680277,0.04515620909257967,-0.8975000000000001,-0.37068151566060736,False,0.04068151566060735,False
DVE014,M0_V1,FROZEN_V1_CURVATURE_CONTINUITY,CURVATURE_CONTINUITY,0.16624684607338214,-0.4506815156606074,-0.4056834884254546,0.04499802723515278,-0.8975000000000001,-0.37068151566060736,False,0.04068151566060735,False
DVE014,M0_V1,FROZEN_V1_CURVATURE_CONTINUITY,CURVATURE_CONTINUITY,0.16627653810149312,-0.4506815156606074,-0.40583884180171653,0.04484267385889085,-0.8975000000000001,-0.37068151566060736,False,0.04068151566060735,False
DVE014,M0_V1,FROZEN_V1_CURVATURE_CONTINUITY,CURVATURE_CONTINUITY,0.16630623012960413,-0.4506815156606074,-0.4059913470107695,0.04469016864983788,-0.8975000000000001,-0.37068151566060736,False,0.04068151566060735,False
DVE014,M0_V1,FROZEN_V1_CURVATURE_CONTINUITY,CURVATURE_CONTINUITY,0.16633592215771514,-0.4506815156606074,-0.4061409855130047,0.044540530147602675,-0.8975000000000001,-0.37068151566060736,False,0.04068151566060735,False
DVE014,M0_V1,FROZEN_V1_CURVATURE_CONTINUITY,CURVATURE_CONTINUITY,0.16636561418582613,-0.4506815156606074,-0.40628773993395817,0.04439377572664921,-0.8975000000000001,-0.37068151566060736,False,0.04068151566060735,False
DVE014,M0_V1,FROZEN_V1_CURVATURE_CONTINUITY,CURVATURE_CONTINUITY,0.16639530621393714,-0.4506815156606074,-0.4064315940830211,0.04424992157758628,-0.8975000000000001,-0.37068151566060736,False,0.04068151566060735,False
DVE014,M0_V1,FROZEN_V1_CURVATURE_CONTINUITY,CURVATURE_CONTINUITY,0.16642499824204815,-0.4506815156606074,-0.406572532972148,0.044108982688459364,-0.8975000000000001,-0.37068151566060736,False,0.04068151566060735,False
DVE014,M0_V1,FROZEN_V1_CURVATURE_CONTINUITY,CURVATURE_CONTINUITY,0.16645469027015916,-0.4506815156606074,-0.4067105428345671,0.04397097282604029,-0.8975000000000001,-0.37068151566060736,False,0.04068151566060735,False
DVE014,M0_V1,FROZEN_V1_CURVATURE_CONTINUITY,CURVATURE_CONTINUITY,0.16648438229827014,-0.4506815156606074,-0.40684561114348916,0.04383590451711822,-0.8975000000000001,-0.37068151566060736,False,0.04068151566060735,False
DVE014,M0_V1,FROZEN_V1_CURVATURE_CONTINUITY,CURVATURE_CONTINUITY,0.16651407432638116,-0.4506815156606074,-0.406977726630818,0.043703789029789386,-0.8975000000000001,-0.37068151566060736,False,0.04068151566060735,False
DVE014,M0_V1,FROZEN_V1_CURVATURE_CONTINUITY,CURVATURE_CONTINUITY,0.16654376635449217,-0.4506815156606074,-0.4071068793058586,0.043574636354748786,-0.8975000000000001,-0.37068151566060736,False,0.04068151566060735,False
DVE014,M0_V1,FROZEN_V1_CURVATURE_CONTINUITY,CURVATURE_CONTINUITY,0.16657345838260318,-0.4506815156606074,-0.40723306047402746,0.043448455186579915,-0.8975000000000001,-0.37068151566060736,False,0.04068151566060735,False
DVE014,M0_V1,FROZEN_V1_CURVATURE_CONTINUITY,CURVATURE_CONTINUITY,0.16660315041071416,-0.4506815156606074,-0.4073562627555619,0.043325252905045464,-0.8975000000000001,-0.37068151566060736,False,0.04068151566060735,False
DVE014,M0_V1,FROZEN_V1_CURVATURE_CONTINUITY,CURVATURE_CONTINUITY,0.16663284243882517,-0.4506815156606074,-0.40747648010422954,0.043205035556377835,-0.8975000000000001,-0.37068151566060736,False,0.04068151566060735,False
DVE014,M0_V1,FROZEN_V1_CURVATURE_CONTINUITY,CURVATURE_CONTINUITY,0.16666253446693619,-0.4506815156606074,-0.4075937078260376,0.04308780783456978,-0.8975000000000001,-0.37068151566060736,False,0.04068151566060735,False
DVE014,M0_V1,FROZEN_V1_CURVATURE_CONTINUITY,CURVATURE_CONTINUITY,0.1666922264950472,-0.4506815156606074,-0.40770794259794235,0.04297357306266503,-0.8975000000000001,-0.37068151566060736,False,0.04068151566060735,False
DVE014,M0_V1,FROZEN_V1_CURVATURE_CONTINUITY,CURVATURE_CONTINUITY,0.16672191852315818,-0.4506815156606074,-0.4078191824865588,0.042862333174048584,-0.8975000000000001,-0.37068151566060736,False,0.04068151566060735,False
DVE014,M0_V1,FROZEN_V1_CURVATURE_CONTINUITY,CURVATURE_CONTINUITY,0.1667516105512692,-0.4506815156606074,-0.40792742696687034,0.042754088693737036,-0.8975000000000001,-0.37068151566060736,False,0.04068151566060735,False
DVE014,M0_V1,FROZEN_V1_CURVATURE_CONTINUITY,CURVATURE_CONTINUITY,0.1667813025793802,-0.4506815156606074,-0.4080326769409376,0.04264883871966979,-0.8975000000000001,-0.37068151566060736,False,0.04068151566060735,False
DVE014,M0_V1,FROZEN_V1_CURVATURE_CONTINUITY,CURVATURE_CONTINUITY,0.1668109946074912,-0.4506815156606074,-0.4081349347566082,0.042546580903999154,-0.8975000000000001,-0.37068151566060736,False,0.04068151566060735,False
DVE014,M0_V1,FROZEN_V1_CURVATURE_CONTINUITY,CURVATURE_CONTINUITY,0.1668406866356022,-0.4506815156606074,-0.40823420422622675,0.04244731143438063,-0.8975000000000001,-0.37068151566060736,False,0.04068151566060735,False
DVE014,M0_V1,FROZEN_V1_CURVATURE_CONTINUITY,CURVATURE_CONTINUITY,0.1668703786637132,-0.4506815156606074,-0.4083304906453433,0.042351025015264054,-0.8975000000000001,-0.37068151566060736,False,0.04068151566060735,False
DVE014,M0_V1,FROZEN_V1_CURVATURE_CONTINUITY,CURVATURE_CONTINUITY,0.16690007069182422,-0.4506815156606074,-0.40842380081142377,0.042257714849183614,-0.8975000000000001,-0.37068151566060736,False,0.04068151566060735,False
DVE014,M0_V1,FROZEN_V1_CURVATURE_CONTINUITY,CURVATURE_CONTINUITY,0.1669297627199352,-0.4506815156606074,-0.4085141430425586,0.04216737261804876,-0.8975000000000001,-0.37068151566060736,False,0.04068151566060735,False
DVE014,M0_V1,FROZEN_V1_CURVATURE_CONTINUITY,CURVATURE_CONTINUITY,0.16695945474804622,-0.4506815156606074,-0.40860152719617315,0.042079988464434226,-0.8975000000000001,-0.37068151566060736,False,0.04068151566060735,False
DVE014,M0_V1,FROZEN_V1_CURVATURE_CONTINUITY,CURVATURE_CONTINUITY,0.16698914677615723,-0.4506815156606074,-0.40868596468773627,0.04199555097287111,-0.8975000000000001,-0.37068151566060736,False,0.04068151566060735,False
DVE014,M0_V1,FROZEN_V1_CURVATURE_CONTINUITY,CURVATURE_CONTINUITY,0.16701883880426824,-0.4506815156606074,-0.4087674685094701,0.04191404715113728,-0.8975000000000001,-0.37068151566060736,False,0.04068151566060735,False
DVE014,M0_V1,FROZEN_V1_CURVATURE_CONTINUITY,CURVATURE_CONTINUITY,0.16704853083237922,-0.4506815156606074,-0.4088460532490598,0.041835462411547564,-0.8975000000000001,-0.37068151566060736,False,0.04068151566060735,False
DVE014,M0_V1,FROZEN_V1_CURVATURE_CONTINUITY,CURVATURE_CONTINUITY,0.16707822286049023,-0.4506815156606074,-0.40892173510836277,0.04175978055224461,-0.8975000000000001,-0.37068151566060736,False,0.04068151566060735,False
DVE014,M0_V1,FROZEN_V1_CURVATURE_CONTINUITY,CURVATURE_CONTINUITY,0.16710791488860124,-0.4506815156606074,-0.40899453192211804,0.041686983738489336,-0.8975000000000001,-0.37068151566060736,False,0.04068151566060735,False
DVE014,M0_V1,FROZEN_V1_CURVATURE_CONTINUITY,CURVATURE_CONTINUITY,0.16713760691671223,-0.4506815156606074,-0.4090644631766559,0.04161705248395148,-0.8975000000000001,-0.37068151566060736,False,0.04068151566060735,False
DVE014,M0_V1,FROZEN_V1_CURVATURE_CONTINUITY,CURVATURE_CONTINUITY,0.16716729894482324,-0.4506815156606074,-0.4091315500286074,0.041549965631999974,-0.8975000000000001,-0.37068151566060736,False,0.04068151566060735,False
DVE014,M0_V1,FROZEN_V1_CURVATURE_CONTINUITY,CURVATURE_CONTINUITY,0.16719699097293425,-0.4506815156606074,-0.4091958153236137,0.04148570033699367,-0.8975000000000001,-0.37068151566060736,False,0.04068151566060735,False
DVE014,M0_V1,FROZEN_V1_CURVATURE_CONTINUITY,CURVATURE_CONTINUITY,0.16722668300104526,-0.4506815156606074,-0.40925728361503544,0.04142423204557194,-0.8975000000000001,-0.37068151566060736,False,0.04068151566060735,False
DVE014,M0_V1,FROZEN_V1_CURVATURE_CONTINUITY,CURVATURE_CONTINUITY,0.16725637502915625,-0.4506815156606074,-0.4093159811826624,0.041365534477945,-0.8975000000000001,-0.37068151566060736,False,0.04068151566060735,False
DVE014,M0_V1,FROZEN_V1_CURVATURE_CONTINUITY,CURVATURE_CONTINUITY,0.16728606705726726,-0.4506815156606074,-0.4093719360514231,0.0413095796091843,-0.8975000000000001,-0.37068151566060736,False,0.04068151566060735,False
DVE014,M0_V1,FROZEN_V1_CURVATURE_CONTINUITY,CURVATURE_CONTINUITY,0.16731575908537827,-0.4506815156606074,-0.409425178010094,0.0412563376505134,-0.8975000000000001,-0.37068151566060736,False,0.04068151566060735,False
DVE014,M0_V1,FROZEN_V1_CURVATURE_CONTINUITY,CURVATURE_CONTINUITY,0.16734545111348928,-0.4506815156606074,-0.40947573863000886,0.04120577703059852,-0.8975000000000001,-0.37068151566060736,False,0.04068151566060735,False
DVE014,M0_V1,FROZEN_V1_CURVATURE_CONTINUITY,CURVATURE_CONTINUITY,0.16737514314160026,-0.4506815156606074,-0.40952365128376866,0.041157864376838715,-0.8975000000000001,-0.37068151566060736,False,0.04068151566060735,False
DVE014,M0_V1,FROZEN_V1_CURVATURE_CONTINUITY,CURVATURE_CONTINUITY,0.16740483516971127,-0.4506815156606074,-0.40956895116395065,0.041112564496656734,-0.8975000000000001,-0.37068151566060736,False,0.04068151566060735,False
DVE014,M0_V1,FROZEN_V1_CURVATURE_CONTINUITY,CURVATURE_CONTINUITY,0.16743452719782229,-0.4506815156606074,-0.4096116753018181,0.0410698403587893,-0.8975000000000001,-0.37068151566060736,False,0.04068151566060735,False
DVE014,M0_V1,FROZEN_V1_CURVATURE_CONTINUITY,CURVATURE_CONTINUITY,0.16746421922593327,-0.4506815156606074,-0.4096518625860295,0.0410296530745779,-0.8975000000000001,-0.37068151566060736,False,0.04068151566060735,False
DVE014,M0_V1,FROZEN_V1_CURVATURE_CONTINUITY,CURVATURE_CONTINUITY,0.16749391125404428,-0.4506815156606074,-0.4096895537813483,0.040991961879259076,-0.8975000000000001,-0.37068151566060736,False,0.04068151566060735,False
DVE014,M0_V1,FROZEN_V1_CURVATURE_CONTINUITY,CURVATURE_CONTINUITY,0.1675236032821553,-0.4506815156606074,-0.40972479154735236,0.040956724113255016,-0.8975000000000001,-0.37068151566060736,False,0.04068151566060735,False
DVE014,M0_V1,FROZEN_V1_CURVATURE_CONTINUITY,CURVATURE_CONTINUITY,0.1675532953102663,-0.4506815156606074,-0.4097576204571431,0.04092389520346429,-0.8975000000000001,-0.37068151566060736,False,0.04068151566060735,False
DVE014,M0_V1,FROZEN_V1_CURVATURE_CONTINUITY,CURVATURE_CONTINUITY,0.1675829873383773,-0.4506815156606074,-0.4097880870160551,0.040893428644552254,-0.8975000000000001,-0.37068151566060736,False,0.04068151566060735,False
DVE014,M0_V1,FROZEN_V1_CURVATURE_CONTINUITY,CURVATURE_CONTINUITY,0.1676126793664883,-0.4506815156606074,-0.4098162396803661,0.040865275980241256,-0.8975000000000001,-0.37068151566060736,False,0.04068151566060735,False
DVE014,M0_V1,FROZEN_V1_CURVATURE_CONTINUITY,CURVATURE_CONTINUITY,0.1676423713945993,-0.4506815156606074,-0.4098421288760057,0.040839386784601694,-0.8975000000000001,-0.37068151566060736,False,0.04068151566060735,False
DVE014,M0_V1,FROZEN_V1_CURVATURE_CONTINUITY,CURVATURE_CONTINUITY,0.16767206342271032,-0.4506815156606074,-0.4098658070172651,0.040815708643342274,-0.8975000000000001,-0.37068151566060736,False,0.04068151566060735,False
DVE014,M0_V1,FROZEN_V1_CURVATURE_CONTINUITY,CURVATURE_CONTINUITY,0.1677017554508213,-0.4506815156606074,-0.4098873285255068,0.04079418713510058,-0.8975000000000001,-0.37068151566060736,False,0.04068151566060735,False
DVE014,M0_V1,FROZEN_V1_CURVATURE_CONTINUITY,CURVATURE_CONTINUITY,0.16773144747893232,-0.4506815156606074,-0.40990674984787384,0.04077476581273354,-0.8975000000000001,-0.37068151566060736,False,0.04068151566060735,False
DVE014,M0_V1,FROZEN_V1_CURVATURE_CONTINUITY,CURVATURE_CONTINUITY,0.16776113950704333,-0.4506815156606074,-0.4099241294759993,0.04075738618460806,-0.8975000000000001,-0.37068151566060736,False,0.04068151566060735,False
DVE014,M0_V1,FROZEN_V1_CURVATURE_CONTINUITY,CURVATURE_CONTINUITY,0.1677908315351543,-0.4506815156606074,-0.40993952796471583,0.040741987695891546,-0.8975000000000001,-0.37068151566060736,False,0.04068151566060735,False
DVE014,M0_V1,FROZEN_V1_CURVATURE_CONTINUITY,CURVATURE_CONTINUITY,0.16782052356326532,-0.4506815156606074,-0.40995300795076506,0.04072850770984232,-0.8975000000000001,-0.37068151566060736,False,0.04068151566060735,False
DVE014,M0_V1,FROZEN_V1_CURVATURE_CONTINUITY,CURVATURE_CONTINUITY,0.16785021559137633,-0.4506815156606074,-0.409964634171507,0.040716881489100354,-0.8975000000000001,-0.37068151566060736,False,0.04068151566060735,False
DVE014,M0_V1,FROZEN_V1_CURVATURE_CONTINUITY,CURVATURE_CONTINUITY,0.16787990761948735,-0.4506815156606074,-0.4099744734836298,0.04070704217697757,-0.8975000000000001,-0.37068151566060736,False,0.04068151566060735,False
DVE014,M0_V1,FROZEN_V1_CURVATURE_CONTINUITY,CURVATURE_CONTINUITY,0.16790959964759833,-0.4506815156606074,-0.40998259488185884,0.04069892077874854,-0.8975000000000001,-0.37068151566060736,False,0.04068151566060735,False
DVE014,M0_V1,FROZEN_V1_CURVATURE_CONTINUITY,CURVATURE_CONTINUITY,0.16793929167570934,-0.4506815156606074,-0.4099890695176665,0.040692446142940875,-0.8975000000000001,-0.37068151566060736,False,0.04068151566060735,False
DVE014,M0_V1,FROZEN_V1_CURVATURE_CONTINUITY,CURVATURE_CONTINUITY,0.16796898370382035,-0.4506815156606074,-0.4099939707179813,0.04068754494262605,-0.8975000000000001,-0.37068151566060736,False,0.04068151566060735,False
DVE014,M0_V1,FROZEN_V1_CURVATURE_CONTINUITY,CURVATURE_CONTINUITY,0.16799867573193136,-0.4506815156606074,-0.4099973740038979,0.04068414165670947,-0.8975000000000001,-0.37068151566060736,False,0.04068151566060735,False
DVE014,M0_V1,FROZEN_V1_CURVATURE_CONTINUITY,CURVATURE_CONTINUITY,0.16802836776004235,-0.4506815156606074,-0.40999935710938595,0.040682158551221426,-0.8975000000000001,-0.37068151566060736,False,0.04068151566060735,False
DVE014,M0_V1,FROZEN_V1_CURVATURE_CONTINUITY,CURVATURE_CONTINUITY,0.16805805978815336,-0.4506815156606074,-0.41000000000000003,0.04068151566060735,-0.8975000000000001,-0.37068151566060736,True,0.04068151566060735,False
DVE014,M0_V1,FROZEN_V1_CURVATURE_CONTINUITY,CURVATURE_CONTINUITY,0.16808775181626437,-0.4506815156606074,-0.40999935388656716,0.040682161774040215,-0.8975000000000001,-0.37068151566060736,False,0.04068151566060735,False
DVE014,M0_V1,FROZEN_V1_CURVATURE_CONTINUITY,CURVATURE_CONTINUITY,0.16811744384437535,-0.4506815156606074,-0.4099973484034868,0.040684167257120596,-0.8975000000000001,-0.37068151566060736,False,0.04068151566060735,False
DVE014,M0_V1,FROZEN_V1_CURVATURE_CONTINUITY,CURVATURE_CONTINUITY,0.16814713587248636,-0.4506815156606074,-0.40999388492917443,0.040687630731432944,-0.8975000000000001,-0.37068151566060736,False,0.04068151566060735,False
DVE014,M0_V1,FROZEN_V1_CURVATURE_CONTINUITY,CURVATURE_CONTINUITY,0.16817682790059738,-0.4506815156606074,-0.4099888676133927,0.040692648047214675,-0.8975000000000001,-0.37068151566060736,False,0.04068151566060735,False
DVE014,M0_V1,FROZEN_V1_CURVATURE_CONTINUITY,CURVATURE_CONTINUITY,0.1682065199287084,-0.4506815156606074,-0.40998220335378827,0.04069931230681911,-0.8975000000000001,-0.37068151566060736,False,0.04068151566060735,False
DVE014,M0_V1,FROZEN_V1_CURVATURE_CONTINUITY,CURVATURE_CONTINUITY,0.16823621195681937,-0.4506815156606074,-0.40997380177242837,0.04070771388817901,-0.8975000000000001,-0.37068151566060736,False,0.04068151566060735,False
DVE014,M0_V1,FROZEN_V1_CURVATURE_CONTINUITY,CURVATURE_CONTINUITY,0.16826590398493038,-0.4506815156606074,-0.40996357519233784,0.04071794046826954,-0.8975000000000001,-0.37068151566060736,False,0.04068151566060735,False
DVE014,M0_V1,FROZEN_V1_CURVATURE_CONTINUITY,CURVATURE_CONTINUITY,0.1682955960130414,-0.4506815156606074,-0.409951438614036,0.04073007704657139,-0.8975000000000001,-0.37068151566060736,False,0.04068151566060735,False
DVE014,M0_V1,FROZEN_V1_CURVATURE_CONTINUITY,CURVATURE_CONTINUITY,0.1683252880411524,-0.4506815156606074,-0.4099373096920731,0.040744205968534286,-0.8975000000000001,-0.37068151566060736,False,0.04068151566060735,False
DVE014,M0_V1,FROZEN_V1_CURVATURE_CONTINUITY,CURVATURE_CONTINUITY,0.1683549800692634,-0.4506815156606074,-0.40992110871156756,0.04076040694903982,-0.8975000000000001,-0.37068151566060736,False,0.04068151566060735,False
DVE014,M0_V1,FROZEN_V1_CURVATURE_CONTINUITY,CURVATURE_CONTINUITY,0.1683846720973744,-0.4506815156606074,-0.4099027585647425,0.04077875709586487,-0.8975000000000001,-0.37068151566060736,False,0.04068151566060735,False
DVE014,M0_V1,FROZEN_V1_CURVATURE_CONTINUITY,CURVATURE_CONTINUITY,0.1684143641254854,-0.4506815156606074,-0.40988218472746263,0.04079933093314475,-0.8975000000000001,-0.37068151566060736,False,0.04068151566060735,False
DVE014,M0_V1,FROZEN_V1_CURVATURE_CONTINUITY,CURVATURE_CONTINUITY,0.1684440561535964,-0.4506815156606074,-0.4098593152357712,0.0408222004248362,-0.8975000000000001,-0.37068151566060736,False,0.04068151566060735,False
DVE014,M0_V1,FROZEN_V1_CURVATURE_CONTINUITY,CURVATURE_CONTINUITY,0.1684737481817074,-0.4506815156606074,-0.4098340806624264,0.040847434998181,-0.8975000000000001,-0.37068151566060736,False,0.04068151566060735,False
DVE014,M0_V1,FROZEN_V1_CURVATURE_CONTINUITY,CURVATURE_CONTINUITY,0.16850344020981842,-0.4506815156606074,-0.4098064140934387,0.04087510156716867,-0.8975000000000001,-0.37068151566060736,False,0.04068151566060735,False
DVE014,M0_V1,FROZEN_V1_CURVATURE_CONTINUITY,CURVATURE_CONTINUITY,0.16853313223792943,-0.4506815156606074,-0.4097762511046073,0.040905264556000076,-0.8975000000000001,-0.37068151566060736,False,0.04068151566060735,False
DVE014,M0_V1,FROZEN_V1_CURVATURE_CONTINUITY,CURVATURE_CONTINUITY,0.1685628242660404,-0.4506815156606074,-0.40974352973805717,0.04093798592255021,-0.8975000000000001,-0.37068151566060736,False,0.04068151566060735,False
DVE014,M0_V1,FROZEN_V1_CURVATURE_CONTINUITY,CURVATURE_CONTINUITY,0.16859251629415142,-0.4506815156606074,-0.4097081904787755,0.04097332518183189,-0.8975000000000001,-0.37068151566060736,False,0.04068151566060735,False
DVE014,M0_V1,FROZEN_V1_CURVATURE_CONTINUITY,CURVATURE_CONTINUITY,0.16862220832226243,-0.4506815156606074,-0.40967017623114893,0.04101133942945845,-0.8975000000000001,-0.37068151566060736,False,0.04068151566060735,False
DVE014,M0_V1,FROZEN_V1_CURVATURE_CONTINUITY,CURVATURE_CONTINUITY,0.16865190035037345,-0.4506815156606074,-0.4096294322955002,0.041052083365107184,-0.8975000000000001,-0.37068151566060736,False,0.04068151566060735,False
DVE014,M0_V1,FROZEN_V1_CURVATURE_CONTINUITY,CURVATURE_CONTINUITY,0.16868159237848443,-0.4506815156606074,-0.40958590634462483,0.04109560931598255,-0.8975000000000001,-0.37068151566060736,False,0.04068151566060735,False
DVE014,M0_V1,FROZEN_V1_CURVATURE_CONTINUITY,CURVATURE_CONTINUITY,0.16871128440659544,-0.4506815156606074,-0.40953954840032814,0.041141967260279244,-0.8975000000000001,-0.37068151566060736,False,0.04068151566060735,False
DVE014,M0_V1,FROZEN_V1_CURVATURE_CONTINUITY,CURVATURE_CONTINUITY,0.16874097643470645,-0.4506815156606074,-0.40949031080996184,0.041191204850645535,-0.8975000000000001,-0.37068151566060736,False,0.04068151566060735,False
DVE014,M0_V1,FROZEN_V1_CURVATURE_CONTINUITY,CURVATURE_CONTINUITY,0.16877066846281746,-0.4506815156606074,-0.4094381482229611,0.04124336743764628,-0.8975000000000001,-0.37068151566060736,False,0.04068151566060735,False
DVE014,M0_V1,FROZEN_V1_CURVATURE_CONTINUITY,CURVATURE_CONTINUITY,0.16880036049092845,-0.4506815156606074,-0.4093830175673812,0.041298498093226166,-0.8975000000000001,-0.37068151566060736,False,0.04068151566060735,False
DVE014,M0_V1,FROZEN_V1_CURVATURE_CONTINUITY,CURVATURE_CONTINUITY,0.16883005251903946,-0.4506815156606074,-0.4093248780264342,0.04135663763417319,-0.8975000000000001,-0.37068151566060736,False,0.04068151566060735,False
DVE014,M0_V1,FROZEN_V1_CURVATURE_CONTINUITY,CURVATURE_CONTINUITY,0.16885974454715047,-0.4506815156606074,-0.40926369101502613,0.04141782464558125,-0.8975000000000001,-0.37068151566060736,False,0.04068151566060735,False
DVE014,M0_V1,FROZEN_V1_CURVATURE_CONTINUITY,CURVATURE_CONTINUITY,0.16888943657526145,-0.4506815156606074,-0.40919942015629346,0.04148209550431392,-0.8975000000000001,-0.37068151566060736,False,0.04068151566060735,False
DVE014,M0_V1,FROZEN_V1_CURVATURE_CONTINUITY,CURVATURE_CONTINUITY,0.16891912860337246,-0.4506815156606074,-0.40913203125814007,0.04154948440246731,-0.8975000000000001,-0.37068151566060736,False,0.04068151566060735,False
DVE014,M0_V1,FROZEN_V1_CURVATURE_CONTINUITY,CURVATURE_CONTINUITY,0.16894882063148348,-0.4506815156606074,-0.409061492289774,0.04162002337083337,-0.8975000000000001,-0.37068151566060736,False,0.04068151566060735,False
DVE014,M0_V1,FROZEN_V1_CURVATURE_CONTINUITY,CURVATURE_CONTINUITY,0.1689785126595945,-0.4506815156606074,-0.4089877733582444,0.041693742302363,-0.8975000000000001,-0.37068151566060736,False,0.04068151566060735,False
DVE014,M0_V1,FROZEN_V1_CURVATURE_CONTINUITY,CURVATURE_CONTINUITY,0.16900820468770547,-0.4506815156606074,-0.40891084668497807,0.04177066897562931,-0.8975000000000001,-0.37068151566060736,False,0.04068151566060735,False
DVE014,M0_V1,FROZEN_V1_CURVATURE_CONTINUITY,CURVATURE_CONTINUITY,0.16903789671581648,-0.4506815156606074,-0.4088306865823164,0.04185082907829096,-0.8975000000000001,-0.37068151566060736,False,0.04068151566060735,False
DVE014,M0_V1,FROZEN_V1_CURVATURE_CONTINUITY,CURVATURE_CONTINUITY,0.1690675887439275,-0.4506815156606074,-0.4087472694300524,0.04193424623055497,-0.8975000000000001,-0.37068151566060736,False,0.04068151566060735,False
DVE014,M0_V1,FROZEN_V1_CURVATURE_CONTINUITY,CURVATURE_CONTINUITY,0.1690972807720385,-0.4506815156606074,-0.4086605736519672,0.042020942008640205,-0.8975000000000001,-0.37068151566060736,False,0.04068151566060735,False
DVE014,M0_V1,FROZEN_V1_CURVATURE_CONTINUITY,CURVATURE_CONTINUITY,0.1691269728001495,-0.4506815156606074,-0.40857057969236704,0.04211093596824034,-0.8975000000000001,-0.37068151566060736,False,0.04068151566060735,False
DVE014,M0_V1,FROZEN_V1_CURVATURE_CONTINUITY,CURVATURE_CONTINUITY,0.1691566648282605,-0.4506815156606074,-0.40847726999261985,0.04220424566798753,-0.8975000000000001,-0.37068151566060736,False,0.04068151566060735,False
DVE014,M0_V1,FROZEN_V1_CURVATURE_CONTINUITY,CURVATURE_CONTINUITY,0.1691863568563715,-0.4506815156606074,-0.4083806289676924,0.042300886692914985,-0.8975000000000001,-0.37068151566060736,False,0.04068151566060735,False
DVE014,M0_V1,FROZEN_V1_CURVATURE_CONTINUITY,CURVATURE_CONTINUITY,0.1692160488844825,-0.4506815156606074,-0.408280642982687,0.042400872677920365,-0.8975000000000001,-0.37068151566060736,False,0.04068151566060735,False
DVE014,M0_V1,FROZEN_V1_CURVATURE_CONTINUITY,CURVATURE_CONTINUITY,0.1692457409125935,-0.4506815156606074,-0.408177300329378,0.04250421533122939,-0.8975000000000001,-0.37068151566060736,False,0.04068151566060735,False
DVE014,M0_V1,FROZEN_V1_CURVATURE_CONTINUITY,CURVATURE_CONTINUITY,0.16927543294070452,-0.4506815156606074,-0.40807059120274897,0.04261092445785841,-0.8975000000000001,-0.37068151566060736,False,0.04068151566060735,False
DVE014,M0_V1,FROZEN_V1_CURVATURE_CONTINUITY,CURVATURE_CONTINUITY,0.16930512496881553,-0.4506815156606074,-0.40796050767752945,0.04272100798307793,-0.8975000000000001,-0.37068151566060736,False,0.04068151566060735,False
DVE014,M0_V1,FROZEN_V1_CURVATURE_CONTINUITY,CURVATURE_CONTINUITY,0.1693348169969265,-0.4506815156606074,-0.40784704368473185,0.04283447197587553,-0.8975000000000001,-0.37068151566060736,False,0.04068151566060735,False
DVE014,M0_V1,FROZEN_V1_CURVATURE_CONTINUITY,CURVATURE_CONTINUITY,0.16936450902503752,-0.4506815156606074,-0.4077301949881876,0.0429513206724198,-0.8975000000000001,-0.37068151566060736,False,0.04068151566060735,False
DVE014,M0_V1,FROZEN_V1_CURVATURE_CONTINUITY,CURVATURE_CONTINUITY,0.16939420105314854,-0.4506815156606074,-0.40760995916108494,0.043071556499522434,-0.8975000000000001,-0.37068151566060736,False,0.04068151566060735,False
DVE014,M0_V1,FROZEN_V1_CURVATURE_CONTINUITY,CURVATURE_CONTINUITY,0.16942389308125955,-0.4506815156606074,-0.40748633556250513,0.04319518009810225,-0.8975000000000001,-0.37068151566060736,False,0.04068151566060735,False
DVE014,M0_V1,FROZEN_V1_CURVATURE_CONTINUITY,CURVATURE_CONTINUITY,0.16945358510937053,-0.4506815156606074,-0.4073593253139595,0.04332219034664786,-0.8975000000000001,-0.37068151566060736,False,0.04068151566060735,False
DVE014,M0_V1,FROZEN_V1_CURVATURE_CONTINUITY,CURVATURE_CONTINUITY,0.16948327713748154,-0.4506815156606074,-0.4072289312759258,0.04345258438468158,-0.8975000000000001,-0.37068151566060736,False,0.04068151566060735,False
DVE014,M0_V1,FROZEN_V1_CURVATURE_CONTINUITY,CURVATURE_CONTINUITY,0.16951296916559255,-0.4506815156606074,-0.4070951580243857,0.043586357636221706,-0.8975000000000001,-0.37068151566060736,False,0.04068151566060735,False
DVE014,M0_V1,FROZEN_V1_CURVATURE_CONTINUITY,CURVATURE_CONTINUITY,0.16954266119370354,-0.4506815156606074,-0.40695801182736124,0.043723503833246136,-0.8975000000000001,-0.37068151566060736,False,0.04068151566060735,False
DVE014,M0_V1,FROZEN_V1_CURVATURE_CONTINUITY,CURVATURE_CONTINUITY,0.16957235322181455,-0.4506815156606074,-0.40681750062145144,0.043864015039155935,-0.8975000000000001,-0.37068151566060736,False,0.04068151566060735,False
DVE014,M0_V1,FROZEN_V1_CURVATURE_CONTINUITY,CURVATURE_CONTINUITY,0.16960204524992556,-0.4506815156606074,-0.4066736339883696,0.04400788167223779,-0.8975000000000001,-0.37068151566060736,False,0.04068151566060735,False
DVE014,M0_V1,FROZEN_V1_CURVATURE_CONTINUITY,CURVATURE_CONTINUITY,0.16963173727803657,-0.4506815156606074,-0.40652642313147963,0.04415509252912775,-0.8975000000000001,-0.37068151566060736,False,0.04068151566060735,False
DVE014,M0_V1,FROZEN_V1_CURVATURE_CONTINUITY,CURVATURE_CONTINUITY,0.16966142930614755,-0.4506815156606074,-0.4063758808523334,0.044305634808273986,-0.8975000000000001,-0.37068151566060736,False,0.04068151566060735,False
DVE014,M0_V1,FROZEN_V1_CURVATURE_CONTINUITY,CURVATURE_CONTINUITY,0.16969112133425857,-0.4506815156606074,-0.4062220215272067,0.04445949413340067,-0.8975000000000001,-0.37068151566060736,False,0.04068151566060735,False
DVE014,M0_V1,FROZEN_V1_CURVATURE_CONTINUITY,CURVATURE_CONTINUITY,0.16972081336236958,-0.4506815156606074,-0.406064861083637,0.044616654576970394,-0.8975000000000001,-0.37068151566060736,False,0.04068151566060735,False
DVE014,M0_V1,FROZEN_V1_CURVATURE_CONTINUITY,CURVATURE_CONTINUITY,0.1697505053904806,-0.4506815156606074,-0.4059044169769597,0.044777098683647654,-0.8975000000000001,-0.37068151566060736,False,0.04068151566060735,False
DVE014,M0_V1,FROZEN_V1_CURVATURE_CONTINUITY,CURVATURE_CONTINUITY,0.16978019741859157,-0.4506815156606074,-0.4057407081668454,0.044940807493762,-0.8975000000000001,-0.37068151566060736,False,0.04068151566060735,False
DVE014,M0_V1,FROZEN_V1_CURVATURE_CONTINUITY,CURVATURE_CONTINUITY,0.16980988944670258,-0.4506815156606074,-0.4055737550938356,0.04510776056677179,-0.8975000000000001,-0.37068151566060736,False,0.04068151566060735,False
DVE014,M0_V1,FROZEN_V1_CURVATURE_CONTINUITY,CURVATURE_CONTINUITY,0.1698395814748136,-0.4506815156606074,-0.405403579655881,0.045277936004726405,-0.8975000000000001,-0.37068151566060736,False,0.04068151566060735,False
DVE014,M0_V1,FROZEN_V1_CURVATURE_CONTINUITY,CURVATURE_CONTINUITY,0.16986927350292458,-0.4506815156606074,-0.40523020518487757,0.04545131047572981,-0.8975000000000001,-0.37068151566060736,False,0.04068151566060735,False
DVE014,M0_V1,FROZEN_V1_CURVATURE_CONTINUITY,CURVATURE_CONTINUITY,0.1698989655310356,-0.4506815156606074,-0.4050536564232029,0.04562785923740448,-0.8975000000000001,-0.37068151566060736,False,0.04068151566060735,False
DVE014,M0_V1,FROZEN_V1_CURVATURE_CONTINUITY,CURVATURE_CONTINUITY,0.1699286575591466,-0.4506815156606074,-0.40487395950025395,0.045807556160353424,-0.8975000000000001,-0.37068151566060736,False,0.04068151566060735,False
DVE014,M0_V1,FROZEN_V1_CURVATURE_CONTINUITY,CURVATURE_CONTINUITY,0.1699583495872576,-0.4506815156606074,-0.4046911419089834,0.04599037375162396,-0.8975000000000001,-0.37068151566060736,False,0.04068151566060735,False
DVE014,M0_V1,FROZEN_V1_CURVATURE_CONTINUITY,CURVATURE_CONTINUITY,0.1699880416153686,-0.4506815156606074,-0.40450523248243647,0.04617628317817091,-0.8975000000000001,-0.37068151566060736,False,0.04068151566060735,False
DVE014,M0_V1,FROZEN_V1_CURVATURE_CONTINUITY,CURVATURE_CONTINUITY,0.1700177336434796,-0.4506815156606074,-0.4043162613702874,0.04636525429031996,-0.8975000000000001,-0.37068151566060736,False,0.04068151566060735,False
DVE014,M0_V1,FROZEN_V1_CURVATURE_CONTINUITY,CURVATURE_CONTINUITY,0.17004742567159062,-0.4506815156606074,-0.404124260015377,0.04655725564523039,-0.8975000000000001,-0.37068151566060736,False,0.04068151566060735,False
DVE014,M0_V1,FROZEN_V1_CURVATURE_CONTINUITY,CURVATURE_CONTINUITY,0.17007711769970163,-0.4506815156606074,-0.40392926113024885,0.04675225453035853,-0.8975000000000001,-0.37068151566060736,False,0.04068151566060735,False
DVE014,M0_V1,FROZEN_V1_CURVATURE_CONTINUITY,CURVATURE_CONTINUITY,0.1701068097278126,-0.4506815156606074,-0.40373129867368673,0.046950216986920645,-0.8975000000000001,-0.37068151566060736,False,0.04068151566060735,False
DVE014,M0_V1,FROZEN_V1_CURVATURE_CONTINUITY,CURVATURE_CONTINUITY,0.17013650175592362,-0.4506815156606074,-0.40353040782725025,0.04715110783335713,-0.8975000000000001,-0.37068151566060736,False,0.04068151566060735,False
DVE014,M0_V1,FROZEN_V1_CURVATURE_CONTINUITY,CURVATURE_CONTINUITY,0.17016619378403464,-0.4506815156606074,-0.40332662497181304,0.04735489068879434,-0.8975000000000001,-0.37068151566060736,False,0.04068151566060735,False
DVE014,M0_V1,FROZEN_V1_CURVATURE_CONTINUITY,CURVATURE_CONTINUITY,0.17019588581214562,-0.4506815156606074,-0.403119987664099,0.04756152799650837,-0.8975000000000001,-0.37068151566060736,False,0.04068151566060735,False
DVE014,M0_V1,FROZEN_V1_CURVATURE_CONTINUITY,CURVATURE_CONTINUITY,0.17022557784025663,-0.4506815156606074,-0.4029105346132185,0.04777098104738886,-0.8975000000000001,-0.37068151566060736,False,0.04068151566060735,False
DVE014,M0_V1,FROZEN_V1_CURVATURE_CONTINUITY,CURVATURE_CONTINUITY,0.17025526986836764,-0.4506815156606074,-0.4026983056572063,0.047983210003401056,-0.8975000000000001,-0.37068151566060736,False,0.04068151566060735,False
DVE014,M0_V1,FROZEN_V1_CURVATURE_CONTINUITY,CURVATURE_CONTINUITY,0.17028496189647865,-0.4506815156606074,-0.40248334173955763,0.04819817392104975,-0.8975000000000001,-0.37068151566060736,False,0.04068151566060735,False
DVE014,M0_V1,FROZEN_V1_CURVATURE_CONTINUITY,CURVATURE_CONTINUITY,0.17031465392458964,-0.4506815156606074,-0.4022656848857654,0.04841583077484196,-0.8975000000000001,-0.37068151566060736,False,0.04068151566060735,False
DVE014,M0_V1,FROZEN_V1_CURVATURE_CONTINUITY,CURVATURE_CONTINUITY,0.17034434595270065,-0.4506815156606074,-0.40204537817985614,0.04863613748075124,-0.8975000000000001,-0.37068151566060736,False,0.04068151566060735,False
DVE014,M0_V1,FROZEN_V1_CURVATURE_CONTINUITY,CURVATURE_CONTINUITY,0.17037403798081166,-0.4506815156606074,-0.4018224657409282,0.048859049919679154,-0.8975000000000001,-0.37068151566060736,False,0.04068151566060735,False
DVE014,M0_V1,FROZEN_V1_CURVATURE_CONTINUITY,CURVATURE_CONTINUITY,0.17040373000892267,-0.4506815156606074,-0.40159699269968746,0.04908452296091992,-0.8975000000000001,-0.37068151566060736,False,0.04068151566060735,False
DVE014,M0_V1,FROZEN_V1_CURVATURE_CONTINUITY,CURVATURE_CONTINUITY,0.17043342203703366,-0.4506815156606074,-0.40136900517498486,0.04931251048562252,-0.8975000000000001,-0.37068151566060736,False,0.04068151566060735,False
DVE014,M0_V1,FROZEN_V1_CURVATURE_CONTINUITY,CURVATURE_CONTINUITY,0.17046311406514467,-0.4506815156606074,-0.40113855025035217,0.04954296541025521,-0.8975000000000001,-0.37068151566060736,False,0.04068151566060735,False
DVE014,M0_V1,FROZEN_V1_CURVATURE_CONTINUITY,CURVATURE_CONTINUITY,0.17049280609325568,-0.4506815156606074,-0.40090567595054005,0.04977583971006733,-0.8975000000000001,-0.37068151566060736,False,0.04068151566060735,False
DVE014,M0_V1,FROZEN_V1_CURVATURE_CONTINUITY,CURVATURE_CONTINUITY,0.17052249812136666,-0.4506815156606074,-0.40067043121805446,0.05001108444255292,-0.8975000000000001,-0.37068151566060736,False,0.04068151566060735,False
DVE014,M0_V1,FROZEN_V1_CURVATURE_CONTINUITY,CURVATURE_CONTINUITY,0.17055219014947767,-0.4506815156606074,-0.40043286588969257,0.05024864977091481,-0.8975000000000001,-0.37068151566060736,False,0.04068151566060735,False
DVE014,M0_V1,FROZEN_V1_CURVATURE_CONTINUITY,CURVATURE_CONTINUITY,0.17058188217758868,-0.4506815156606074,-0.40019303067308093,0.05048848498752645,-0.8975000000000001,-0.37068151566060736,False,0.04068151566060735,False
DVE014,M0_V1,FROZEN_V1_CURVATURE_CONTINUITY,CURVATURE_CONTINUITY,0.1706115742056997,-0.4506815156606074,-0.3999509771232115,0.0507305385373959,-0.8975000000000001,-0.37068151566060736,False,0.04068151566060735,False
DVE014,M0_V1,FROZEN_V1_CURVATURE_CONTINUITY,CURVATURE_CONTINUITY,0.17064126623381068,-0.4506815156606074,-0.39970675761897884,0.05097475804162854,-0.8975000000000001,-0.37068151566060736,False,0.04068151566060735,False
DVE014,M0_V1,FROZEN_V1_CURVATURE_CONTINUITY,CURVATURE_CONTINUITY,0.1706709582619217,-0.4506815156606074,-0.39946042533971604,0.05122109032089134,-0.8975000000000001,-0.37068151566060736,False,0.04068151566060735,False
DVE014,M0_V1,FROZEN_V1_CURVATURE_CONTINUITY,CURVATURE_CONTINUITY,0.1707006502900327,-0.4506815156606074,-0.3992120342417328,0.051469481418874585,-0.8975000000000001,-0.37068151566060736,False,0.04068151566060735,False
DVE014,M0_V1,FROZEN_V1_CURVATURE_CONTINUITY,CURVATURE_CONTINUITY,0.1707303423181437,-0.4506815156606074,-0.3989616390348515,0.05171987662575589,-0.8975000000000001,-0.37068151566060736,False,0.04068151566060735,False
DVE014,M0_V1,FROZEN_V1_CURVATURE_CONTINUITY,CURVATURE_CONTINUITY,0.1707600343462547,-0.4506815156606074,-0.3987092951589443,0.05197222050166306,-0.8975000000000001,-0.37068151566060736,False,0.04068151566060735,False
DVE014,M0_V1,FROZEN_V1_CURVATURE_CONTINUITY,CURVATURE_CONTINUITY,0.1707897263743657,-0.4506815156606074,-0.39845505876046916,0.05222645690013822,-0.8975000000000001,-0.37068151566060736,False,0.04068151566060735,False
DVE014,M0_V1,FROZEN_V1_CURVATURE_CONTINUITY,CURVATURE_CONTINUITY,0.17081941840247672,-0.4506815156606074,-0.398198986669008,0.052482528991599386,-0.8975000000000001,-0.37068151566060736,False,0.04068151566060735,False
DVE014,M0_V1,FROZEN_V1_CURVATURE_CONTINUITY,CURVATURE_CONTINUITY,0.1708491104305877,-0.4506815156606074,-0.39794113637380263,0.05274037928680475,-0.8975000000000001,-0.37068151566060736,False,0.04068151566060735,False
DVE014,M0_V1,FROZEN_V1_CURVATURE_CONTINUITY,CURVATURE_CONTINUITY,0.17087880245869871,-0.4506815156606074,-0.39768156600029125,0.052999949660316126,-0.8975000000000001,-0.37068151566060736,False,0.04068151566060735,False
DVE014,M0_V1,FROZEN_V1_CURVATURE_CONTINUITY,CURVATURE_CONTINUITY,0.17090849448680973,-0.4506815156606074,-0.39742033428664625,0.05326118137396113,-0.8975000000000001,-0.37068151566060736,False,0.04068151566060735,False
DVE014,M0_V1,FROZEN_V1_CURVATURE_CONTINUITY,CURVATURE_CONTINUITY,0.17093818651492074,-0.4506815156606074,-0.3971575005603104,0.05352401510029697,-0.8975000000000001,-0.37068151566060736,False,0.04068151566060735,False
DVE014,M0_V1,FROZEN_V1_CURVATURE_CONTINUITY,CURVATURE_CONTINUITY,0.17096787854303172,-0.4506815156606074,-0.39689312471453403,0.05378839094607335,-0.8975000000000001,-0.37068151566060736,False,0.04068151566060735,False
DVE014,M0_V1,FROZEN_V1_CURVATURE_CONTINUITY,CURVATURE_CONTINUITY,0.17099757057114273,-0.4506815156606074,-0.3966272671849107,0.054054248475696676,-0.8975000000000001,-0.37068151566060736,False,0.04068151566060735,False
DVE014,M0_V1,FROZEN_V1_CURVATURE_CONTINUITY,CURVATURE_CONTINUITY,0.17102726259925374,-0.4506815156606074,-0.39635998892591573,0.05432152673469165,-0.8975000000000001,-0.37068151566060736,False,0.04068151566060735,False
DVE014,M0_V1,FROZEN_V1_CURVATURE_CONTINUITY,CURVATURE_CONTINUITY,0.17105695462736475,-0.4506815156606074,-0.39609135138744184,0.05459016427316554,-0.8975000000000001,-0.37068151566060736,False,0.04068151566060735,False
DVE014,M0_V1,FROZEN_V1_CURVATURE_CONTINUITY,CURVATURE_CONTINUITY,0.17108664665547574,-0.4506815156606074,-0.39582141649133673,0.05486009916927065,-0.8975000000000001,-0.37068151566060736,False,0.04068151566060735,False
DVE014,M0_V1,FROZEN_V1_CURVATURE_CONTINUITY,CURVATURE_CONTINUITY,0.17111633868358675,-0.4506815156606074,-0.39555024660793847,0.05513126905266891,-0.8975000000000001,-0.37068151566060736,False,0.04068151566060735,False
DVE014,M0_V1,FROZEN_V1_CURVATURE_CONTINUITY,CURVATURE_CONTINUITY,0.17114603071169776,-0.4506815156606074,-0.39527790453261413,0.055403611127993246,-0.8975000000000001,-0.37068151566060736,False,0.04068151566060735,False
DVE014,M0_V1,FROZEN_V1_CURVATURE_CONTINUITY,CURVATURE_CONTINUITY,0.17117572273980874,-0.4506815156606074,-0.39500445346229585,0.05567706219831153,-0.8975000000000001,-0.37068151566060736,False,0.04068151566060735,False
DVE014,M0_V1,FROZEN_V1_CURVATURE_CONTINUITY,CURVATURE_CONTINUITY,0.17120541476791976,-0.4506815156606074,-0.39472995697201657,0.05595155868859081,-0.8975000000000001,-0.37068151566060736,False,0.04068151566060735,False
DVE014,M0_V1,FROZEN_V1_CURVATURE_CONTINUITY,CURVATURE_CONTINUITY,0.17123510679603077,-0.4506815156606074,-0.39445447899144886,0.056227036669158514,-0.8975000000000001,-0.37068151566060736,False,0.04068151566060735,False
DVE014,M0_V1,FROZEN_V1_CURVATURE_CONTINUITY,CURVATURE_CONTINUITY,0.17126479882414178,-0.4506815156606074,-0.3941780837814402,0.056503431879167176,-0.8975000000000001,-0.37068151566060736,False,0.04068151566060735,False
DVE014,M0_V1,FROZEN_V1_CURVATURE_CONTINUITY,CURVATURE_CONTINUITY,0.17129449085225276,-0.4506815156606074,-0.39390083591055064,0.05678067975005674,-0.8975000000000001,-0.37068151566060736,False,0.04068151566060735,False
DVE014,M0_V1,FROZEN_V1_CURVATURE_CONTINUITY,CURVATURE_CONTINUITY,0.17132418288036377,-0.4506815156606074,-0.3936228002315885,0.05705871542901886,-0.8975000000000001,-0.37068151566060736,False,0.04068151566060735,False
DVE014,M0_V1,FROZEN_V1_CURVATURE_CONTINUITY,CURVATURE_CONTINUITY,0.17135387490847478,-0.4506815156606074,-0.39334404185814875,0.05733747380245863,-0.8975000000000001,-0.37068151566060736,False,0.04068151566060735,False
DVE014,M0_V1,FROZEN_V1_CURVATURE_CONTINUITY,CURVATURE_CONTINUITY,0.1713835669365858,-0.4506815156606074,-0.39306462614114857,0.057616889519458814,-0.8975000000000001,-0.37068151566060736,False,0.04068151566060735,False
DVE014,M0_V1,FROZEN_V1_CURVATURE_CONTINUITY,CURVATURE_CONTINUITY,0.17141325896469678,-0.4506815156606074,-0.39278461864536496,0.05789689701524242,-0.8975000000000001,-0.37068151566060736,False,0.04068151566060735,False
DVE014,M0_V1,FROZEN_V1_CURVATURE_CONTINUITY,CURVATURE_CONTINUITY,0.1714429509928078,-0.4506815156606074,-0.3925040851259705,0.058177430534636865,-0.8975000000000001,-0.37068151566060736,False,0.04068151566060735,False
DVE014,M0_V1,FROZEN_V1_CURVATURE_CONTINUITY,CURVATURE_CONTINUITY,0.1714726430209188,-0.4506815156606074,-0.39222309150507145,0.058458424155535926,-0.8975000000000001,-0.37068151566060736,False,0.04068151566060735,False
DVE014,M0_V1,FROZEN_V1_CURVATURE_CONTINUITY,CURVATURE_CONTINUITY,0.17150233504902979,-0.4506815156606074,-0.3919417038482441,0.05873981181236326,-0.8975000000000001,-0.37068151566060736,False,0.04068151566060735,False
DVE014,M0_V1,FROZEN_V1_CURVATURE_CONTINUITY,CURVATURE_CONTINUITY,0.1715320270771408,-0.4506815156606074,-0.3916599883410705,0.05902152731953686,-0.8975000000000001,-0.37068151566060736,False,0.04068151566060735,False
DVE014,M0_V1,FROZEN_V1_CURVATURE_CONTINUITY,CURVATURE_CONTINUITY,0.1715617191052518,-0.4506815156606074,-0.39137801126567723,0.05930350439493015,-0.8975000000000001,-0.37068151566060736,False,0.04068151566060735,False
DVE014,M0_V1,FROZEN_V1_CURVATURE_CONTINUITY,CURVATURE_CONTINUITY,0.17159141113336282,-0.4506815156606074,-0.3910958389772707,0.0595856766833367,-0.8975000000000001,-0.37068151566060736,False,0.04068151566060735,False
DVE014,M0_V1,FROZEN_V1_CURVATURE_CONTINUITY,CURVATURE_CONTINUITY,0.1716211031614738,-0.4506815156606074,-0.39081353788067474,0.059867977779932635,-0.8975000000000001,-0.37068151566060736,False,0.04068151566060735,False
DVE014,M0_V1,FROZEN_V1_CURVATURE_CONTINUITY,CURVATURE_CONTINUITY,0.17165079518958481,-0.4506815156606074,-0.39053117440686647,0.06015034125374091,-0.8975000000000001,-0.37068151566060736,False,0.04068151566060735,False
DVE014,M0_V1,FROZEN_V1_CURVATURE_CONTINUITY,CURVATURE_CONTINUITY,0.17168048721769583,-0.4506815156606074,-0.3902488149895144,0.060432700671092965,-0.8975000000000001,-0.37068151566060736,False,0.04068151566060735,False
DVE014,M0_V1,FROZEN_V1_CURVATURE_CONTINUITY,CURVATURE_CONTINUITY,0.17171017924580684,-0.4506815156606074,-0.38996652604151444,0.06071498961909294,-0.8975000000000001,-0.37068151566060736,False,0.04068151566060735,False
DVE014,M0_V1,FROZEN_V1_CURVATURE_CONTINUITY,CURVATURE_CONTINUITY,0.17173987127391782,-0.4506815156606074,-0.38968437393152705,0.06099714172908033,-0.8975000000000001,-0.37068151566060736,False,0.04068151566060735,False
DVE014,M0_V1,FROZEN_V1_CURVATURE_CONTINUITY,CURVATURE_CONTINUITY,0.17176956330202883,-0.4506815156606074,-0.38940242496051314,0.06127909070009424,-0.8975000000000001,-0.37068151566060736,False,0.04068151566060735,False
DVE014,M0_V1,FROZEN_V1_CURVATURE_CONTINUITY,CURVATURE_CONTINUITY,0.17179925533013984,-0.4506815156606074,-0.38912074533827234,0.061560770322335034,-0.8975000000000001,-0.37068151566060736,False,0.04068151566060735,False
DVE014,M0_V1,FROZEN_V1_CURVATURE_CONTINUITY,CURVATURE_CONTINUITY,0.17182894735825083,-0.4506815156606074,-0.38883940115997917,0.06184211450062821,-0.8975000000000001,-0.37068151566060736,False,0.04068151566060735,False
DVE014,M0_V1,FROZEN_V1_CURVATURE_CONTINUITY,CURVATURE_CONTINUITY,0.17185863938636184,-0.4506815156606074,-0.3885584583827189,0.06212305727788847,-0.8975000000000001,-0.37068151566060736,False,0.04068151566060735,False
DVE014,M0_V1,FROZEN_V1_CURVATURE_CONTINUITY,CURVATURE_CONTINUITY,0.17188833141447285,-0.4506815156606074,-0.3882779828020261,0.0624035328585813,-0.8975000000000001,-0.37068151566060736,False,0.04068151566060735,False
DVE014,M0_V1,FROZEN_V1_CURVATURE_CONTINUITY,CURVATURE_CONTINUITY,0.17191802344258386,-0.4506815156606074,-0.3879980400284201,0.06268347563218729,-0.8975000000000001,-0.37068151566060736,False,0.04068151566060735,False
DVE014,M0_V1,FROZEN_V1_CURVATURE_CONTINUITY,CURVATURE_CONTINUITY,0.17194771547069485,-0.4506815156606074,-0.3877186954639428,0.0629628201966646,-0.8975000000000001,-0.37068151566060736,False,0.04068151566060735,False
DVE014,M0_V1,FROZEN_V1_CURVATURE_CONTINUITY,CURVATURE_CONTINUITY,0.17197740749880586,-0.4506815156606074,-0.387440014278694,0.06324150138191337,-0.8975000000000001,-0.37068151566060736,False,0.04068151566060735,False
DVE014,M0_V1,FROZEN_V1_CURVATURE_CONTINUITY,CURVATURE_CONTINUITY,0.17200709952691687,-0.4506815156606074,-0.38716206138737,0.06351945427323735,-0.8975000000000001,-0.37068151566060736,False,0.04068151566060735,False
DVE014,M0_V1,FROZEN_V1_CURVATURE_CONTINUITY,CURVATURE_CONTINUITY,0.17203679155502788,-0.4506815156606074,-0.38688490142579934,0.06379661423480804,-0.8975000000000001,-0.37068151566060736,False,0.04068151566060735,False
DVE014,M0_V1,FROZEN_V1_CURVATURE_CONTINUITY,CURVATURE_CONTINUITY,0.17206648358313886,-0.4506815156606074,-0.38660859872748005,0.06407291693312733,-0.8975000000000001,-0.37068151566060736,False,0.04068151566060735,False
DVE014,M0_V1,FROZEN_V1_CURVATURE_CONTINUITY,CURVATURE_CONTINUITY,0.17209617561124987,-0.4506815156606074,-0.38633321730011544,0.06434829836049194,-0.8975000000000001,-0.37068151566060736,False,0.04068151566060735,False
DVE014,M0_V1,FROZEN_V1_CURVATURE_CONTINUITY,CURVATURE_CONTINUITY,0.17212586763936089,-0.4506815156606074,-0.3860588208021527,0.06462269485845468,-0.8975000000000001,-0.37068151566060736,False,0.04068151566060735,False
DVE014,M0_V1,FROZEN_V1_CURVATURE_CONTINUITY,CURVATURE_CONTINUITY,0.17215555966747187,-0.4506815156606074,-0.3857854725193185,0.06489604314128888,-0.8975000000000001,-0.37068151566060736,False,0.04068151566060735,False
DVE014,M0_V1,FROZEN_V1_CURVATURE_CONTINUITY,CURVATURE_CONTINUITY,0.17218525169558288,-0.4506815156606074,-0.38551323534115534,0.06516828031945204,-0.8975000000000001,-0.37068151566060736,False,0.04068151566060735,False
DVE014,M0_V1,FROZEN_V1_CURVATURE_CONTINUITY,CURVATURE_CONTINUITY,0.1722149437236939,-0.4506815156606074,-0.38524217173756,0.0654393439230474,-0.8975000000000001,-0.37068151566060736,False,0.04068151566060735,False
DVE014,M0_V1,FROZEN_V1_CURVATURE_CONTINUITY,CURVATURE_CONTINUITY,0.1722446357518049,-0.4506815156606074,-0.3849723437353188,0.06570917192528858,-0.8975000000000001,-0.37068151566060736,False,0.04068151566060735,False
DVE014,M0_V1,FROZEN_V1_CURVATURE_CONTINUITY,CURVATURE_CONTINUITY,0.1722743277799159,-0.4506815156606074,-0.3847038128946456,0.06597770276596177,-0.8975000000000001,-0.37068151566060736,False,0.04068151566060735,False
DVE014,M0_V1,FROZEN_V1_CURVATURE_CONTINUITY,CURVATURE_CONTINUITY,0.1723040198080269,-0.4506815156606074,-0.3844366402857172,0.06624487537489016,-0.8975000000000001,-0.37068151566060736,False,0.04068151566060735,False
DVE014,M0_V1,FROZEN_V1_CURVATURE_CONTINUITY,CURVATURE_CONTINUITY,0.1723337118361379,-0.4506815156606074,-0.3841708864652116,0.0665106291953958,-0.8975000000000001,-0.37068151566060736,False,0.04068151566060735,False
DVE014,M0_V1,FROZEN_V1_CURVATURE_CONTINUITY,CURVATURE_CONTINUITY,0.17236340386424892,-0.4506815156606074,-0.383906611452844,0.06677490420776339,-0.8975000000000001,-0.37068151566060736,False,0.04068151566060735,False
DVE014,M0_V1,FROZEN_V1_CURVATURE_CONTINUITY,CURVATURE_CONTINUITY,0.1723930958923599,-0.4506815156606074,-0.3836438747079041,0.06703764095270326,-0.8975000000000001,-0.37068151566060736,False,0.04068151566060735,False
DVE014,M0_V1,FROZEN_V1_CURVATURE_CONTINUITY,CURVATURE_CONTINUITY,0.17242278792047092,-0.4506815156606074,-0.3833827351057919,0.06729878055481547,-0.8975000000000001,-0.37068151566060736,False,0.04068151566060735,False
DVE014,M0_V1,FROZEN_V1_CURVATURE_CONTINUITY,CURVATURE_CONTINUITY,0.17245247994858193,-0.4506815156606074,-0.3831232509145558,0.06755826474605159,-0.8975000000000001,-0.37068151566060736,False,0.04068151566060735,False
DVE014,M0_V1,FROZEN_V1_CURVATURE_CONTINUITY,CURVATURE_CONTINUITY,0.1724821719766929,-0.4506815156606074,-0.382865479771429,0.0678160358891784,-0.8975000000000001,-0.37068151566060736,False,0.04068151566060735,False
DVE014,M0_V1,FROZEN_V1_CURVATURE_CONTINUITY,CURVATURE_CONTINUITY,0.17251186400480392,-0.4506815156606074,-0.38260947865936523,0.06807203700124215,-0.8975000000000001,-0.37068151566060736,False,0.04068151566060735,False
DVE014,M0_V1,FROZEN_V1_CURVATURE_CONTINUITY,CURVATURE_CONTINUITY,0.17254155603291493,-0.4506815156606074,-0.38235530388357747,0.06832621177702991,-0.8975000000000001,-0.37068151566060736,False,0.04068151566060735,False
DVE014,M0_V1,FROZEN_V1_CURVATURE_CONTINUITY,CURVATURE_CONTINUITY,0.17257124806102594,-0.4506815156606074,-0.3821030110480733,0.06857850461253406,-0.8975000000000001,-0.37068151566060736,False,0.04068151566060735,False
DVE014,M0_V1,FROZEN_V1_CURVATURE_CONTINUITY,CURVATURE_CONTINUITY,0.17260094008913693,-0.4506815156606074,-0.38185265503219246,0.06882886062841492,-0.8975000000000001,-0.37068151566060736,False,0.04068151566060735,False
DVE014,M0_V1,FROZEN_V1_CURVATURE_CONTINUITY,CURVATURE_CONTINUITY,0.17263063211724794,-0.4506815156606074,-0.38160428996714263,0.06907722569346475,-0.8975000000000001,-0.37068151566060736,False,0.04068151566060735,False
DVE014,M0_V1,FROZEN_V1_CURVATURE_CONTINUITY,CURVATURE_CONTINUITY,0.17266032414535895,-0.4506815156606074,-0.38135796921253784,0.06932354644806954,-0.8975000000000001,-0.37068151566060736,False,0.04068151566060735,False
DVE014,M0_V1,FROZEN_V1_CURVATURE_CONTINUITY,CURVATURE_CONTINUITY,0.17269001617346996,-0.4506815156606074,-0.381113745332934,0.06956777032767336,-0.8975000000000001,-0.37068151566060736,False,0.04068151566060735,False
DVE014,M0_V1,FROZEN_V1_CURVATURE_CONTINUITY,CURVATURE_CONTINUITY,0.17271970820158095,-0.4506815156606074,-0.38087167007436656,0.06980984558624082,-0.8975000000000001,-0.37068151566060736,False,0.04068151566060735,False
DVE014,M0_V1,FROZEN_V1_CURVATURE_CONTINUITY,CURVATURE_CONTINUITY,0.17274940022969196,-0.4506815156606074,-0.380631794340886,0.07004972131972137,-0.8975000000000001,-0.37068151566060736,False,0.04068151566060735,False
DVE014,M0_V1,FROZEN_V1_CURVATURE_CONTINUITY,CURVATURE_CONTINUITY,0.17277909225780297,-0.4506815156606074,-0.3803941681710964,0.07028734748951099,-0.8975000000000001,-0.37068151566060736,False,0.04068151566060735,False
DVE014,M0_V1,FROZEN_V1_CURVATURE_CONTINUITY,CURVATURE_CONTINUITY,0.17280878428591395,-0.4506815156606074,-0.3801588407146913,0.07052267494591608,-0.8975000000000001,-0.37068151566060736,False,0.04068151566060735,False
DVE014,M0_V1,FROZEN_V1_CURVATURE_CONTINUITY,CURVATURE_CONTINUITY,0.17283847631402496,-0.4506815156606074,-0.3799258602089899,0.0707556554516175,-0.8975000000000001,-0.37068151566060736,False,0.04068151566060735,False
DVE014,M0_V1,FROZEN_V1_CURVATURE_CONTINUITY,CURVATURE_CONTINUITY,0.17286816834213597,-0.4506815156606074,-0.37969527395547525,0.07098624170513212,-0.8975000000000001,-0.37068151566060736,False,0.04068151566060735,False
DVE014,M0_V1,FROZEN_V1_CURVATURE_CONTINUITY,CURVATURE_CONTINUITY,0.172897860370247,-0.4506815156606074,-0.3794671282963303,0.0712143873642771,-0.8975000000000001,-0.37068151566060736,False,0.04068151566060735,False
DVE014,M0_V1,FROZEN_V1_CURVATURE_CONTINUITY,CURVATURE_CONTINUITY,0.17292755239835797,-0.4506815156606074,-0.37924146859097474,0.07144004706963264,-0.8975000000000001,-0.37068151566060736,False,0.04068151566060735,False
DVE014,M0_V1,FROZEN_V1_CURVATURE_CONTINUITY,CURVATURE_CONTINUITY,0.17295724442646898,-0.4506815156606074,-0.3790183391926014,0.07166317646800596,-0.8975000000000001,-0.37068151566060736,False,0.04068151566060735,False
DVE014,M0_V1,FROZEN_V1_CURVATURE_CONTINUITY,CURVATURE_CONTINUITY,0.17298693645458,-0.4506815156606074,-0.3787977834247142,0.07188373223589317,-0.8975000000000001,-0.37068151566060736,False,0.04068151566060735,False
DVE014,M0_V1,FROZEN_V1_CURVATURE_CONTINUITY,CURVATURE_CONTINUITY,0.173016628482691,-0.4506815156606074,-0.37857984355766394,0.07210167210294344,-0.8975000000000001,-0.37068151566060736,False,0.04068151566060735,False
DVE014,M0_V1,FROZEN_V1_CURVATURE_CONTINUITY,CURVATURE_CONTINUITY,0.173046320510802,-0.4506815156606074,-0.37836456078518566,0.07231695487542172,-0.8975000000000001,-0.37068151566060736,False,0.04068151566060735,False
DVE014,M0_V1,FROZEN_V1_CURVATURE_CONTINUITY,CURVATURE_CONTINUITY,0.173076012538913,-0.4506815156606074,-0.37815197520093474,0.07252954045967264,-0.8975000000000001,-0.37068151566060736,False,0.04068151566060735,False
DVE014,M0_V1,FROZEN_V1_CURVATURE_CONTINUITY,CURVATURE_CONTINUITY,0.173105704567024,-0.4506815156606074,-0.37794212577502473,0.07273938988558265,-0.8975000000000001,-0.37068151566060736,False,0.04068151566060735,False
DVE014,M0_V1,FROZEN_V1_CURVATURE_CONTINUITY,CURVATURE_CONTINUITY,0.173135396595135,-0.4506815156606074,-0.37773505033056365,0.07294646533004373,-0.8975000000000001,-0.37068151566060736,False,0.04068151566060735,False
DVE014,M0_V1,FROZEN_V1_CURVATURE_CONTINUITY,CURVATURE_CONTINUITY,0.173165088623246,-0.4506815156606074,-0.3775307855201902,0.07315073014041718,-0.8975000000000001,-0.37068151566060736,False,0.04068151566060735,False
DVE014,M0_V1,FROZEN_V1_CURVATURE_CONTINUITY,CURVATURE_CONTINUITY,0.17319478065135702,-0.4506815156606074,-0.37732936680261175,0.07335214885799562,-0.8975000000000001,-0.37068151566060736,False,0.04068151566060735,False
DVE014,M0_V1,FROZEN_V1_CURVATURE_CONTINUITY,CURVATURE_CONTINUITY,0.17322447267946803,-0.4506815156606074,-0.3771308284191405,0.0735506872414669,-0.8975000000000001,-0.37068151566060736,False,0.04068151566060735,False
DVE014,M0_V1,FROZEN_V1_CURVATURE_CONTINUITY,CURVATURE_CONTINUITY,0.173254164707579,-0.4506815156606074,-0.3769352033702303,0.07374631229037709,-0.8975000000000001,-0.37068151566060736,False,0.04068151566060735,False
DVE014,M0_V1,FROZEN_V1_CURVATURE_CONTINUITY,CURVATURE_CONTINUITY,0.17328385673569002,-0.4506815156606074,-0.3767425233920131,0.0739389922685943,-0.8975000000000001,-0.37068151566060736,False,0.04068151566060735,False
DVE014,M0_V1,FROZEN_V1_CURVATURE_CONTINUITY,CURVATURE_CONTINUITY,0.17331354876380103,-0.4506815156606074,-0.37655281893283676,0.07412869672777062,-0.8975000000000001,-0.37068151566060736,False,0.04068151566060735,False
DVE014,M0_V1,FROZEN_V1_CURVATURE_CONTINUITY,CURVATURE_CONTINUITY,0.17334324079191205,-0.4506815156606074,-0.376366119129801,0.07431539653080638,-0.8975000000000001,-0.37068151566060736,False,0.04068151566060735,False
DVE014,M0_V1,FROZEN_V1_CURVATURE_CONTINUITY,CURVATURE_CONTINUITY,0.17337293282002303,-0.4506815156606074,-0.37618245178529475,0.07449906387531263,-0.8975000000000001,-0.37068151566060736,False,0.04068151566060735,False
DVE014,M0_V1,FROZEN_V1_CURVATURE_CONTINUITY,CURVATURE_CONTINUITY,0.17340262484813404,-0.4506815156606074,-0.37600184334353204,0.07467967231707534,-0.8975000000000001,-0.37068151566060736,False,0.04068151566060735,False
DVE014,M0_V1,FROZEN_V1_CURVATURE_CONTINUITY,CURVATURE_CONTINUITY,0.17343231687624505,-0.4506815156606074,-0.3758243188670902,0.07485719679351716,-0.8975000000000001,-0.37068151566060736,False,0.04068151566060735,False
DVE014,M0_V1,FROZEN_V1_CURVATURE_CONTINUITY,CURVATURE_CONTINUITY,0.17346200890435604,-0.4506815156606074,-0.3756499020134457,0.07503161364716165,-0.8975000000000001,-0.37068151566060736,False,0.04068151566060735,False
DVE014,M0_V1,FROZEN_V1_CURVATURE_CONTINUITY,CURVATURE_CONTINUITY,0.17349170093246705,-0.4506815156606074,-0.37547861501151086,0.07520290064909652,-0.8975000000000001,-0.37068151566060736,False,0.04068151566060735,False
DVE014,M0_V1,FROZEN_V1_CURVATURE_CONTINUITY,CURVATURE_CONTINUITY,0.17352139296057806,-0.4506815156606074,-0.37531047863817146,0.07537103702243592,-0.8975000000000001,-0.37068151566060736,False,0.04068151566060735,False
DVE014,M0_V1,FROZEN_V1_CURVATURE_CONTINUITY,CURVATURE_CONTINUITY,0.17355108498868907,-0.4506815156606074,-0.37514551219482284,0.07553600346578454,-0.8975000000000001,-0.37068151566060736,False,0.04068151566060735,False
DVE014,M0_V1,FROZEN_V1_CURVATURE_CONTINUITY,CURVATURE_CONTINUITY,0.17358077701680005,-0.4506815156606074,-0.3749837334839072,0.0756977821767002,-0.8975000000000001,-0.37068151566060736,False,0.04068151566060735,False
DVE014,M0_V1,FROZEN_V1_CURVATURE_CONTINUITY,CURVATURE_CONTINUITY,0.17361046904491106,-0.4506815156606074,-0.37482515878544964,0.07585635687515774,-0.8975000000000001,-0.37068151566060736,False,0.04068151566060735,False
DVE014,M0_V1,FROZEN_V1_CURVATURE_CONTINUITY,CURVATURE_CONTINUITY,0.17364016107302208,-0.4506815156606074,-0.3746698028335962,0.07601171282701119,-0.8975000000000001,-0.37068151566060736,False,0.04068151566060735,False
DVE014,M0_V1,FROZEN_V1_CURVATURE_CONTINUITY,CURVATURE_CONTINUITY,0.1736698531011331,-0.4506815156606074,-0.37451767879314934,0.07616383686745803,-0.8975000000000001,-0.37068151566060736,False,0.04068151566060735,False
DVE014,M0_V1,FROZEN_V1_CURVATURE_CONTINUITY,CURVATURE_CONTINUITY,0.17369954512924407,-0.4506815156606074,-0.3743687982361061,0.0763127174245013,-0.8975000000000001,-0.37068151566060736,False,0.04068151566060735,False
DVE014,M0_V1,FROZEN_V1_CURVATURE_CONTINUITY,CURVATURE_CONTINUITY,0.17372923715735508,-0.4506815156606074,-0.37422317111819325,0.07645834454241413,-0.8975000000000001,-0.37068151566060736,False,0.04068151566060735,False
DVE014,M0_V1,FROZEN_V1_CURVATURE_CONTINUITY,CURVATURE_CONTINUITY,0.1737589291854661,-0.4506815156606074,-0.37408080575540575,0.07660070990520162,-0.8975000000000001,-0.37068151566060736,False,0.04068151566060735,False
DVE014,M0_V1,FROZEN_V1_CURVATURE_CONTINUITY,CURVATURE_CONTINUITY,0.17378862121357708,-0.4506815156606074,-0.3739417088005429,0.07673980686006449,-0.8975000000000001,-0.37068151566060736,False,0.04068151566060735,False
DVE014,M0_V1,FROZEN_V1_CURVATURE_CONTINUITY,CURVATURE_CONTINUITY,0.1738183132416881,-0.4506815156606074,-0.3738058852197444,0.07687563044086299,-0.8975000000000001,-0.37068151566060736,False,0.04068151566060735,False
DVE014,M0_V1,FROZEN_V1_CURVATURE_CONTINUITY,CURVATURE_CONTINUITY,0.1738480052697991,-0.4506815156606074,-0.3736733382690286,0.07700817739157878,-0.8975000000000001,-0.37068151566060736,False,0.04068151566060735,False
DVE014,M0_V1,FROZEN_V1_CURVATURE_CONTINUITY,CURVATURE_CONTINUITY,0.1738776972979101,-0.4506815156606074,-0.37354406947082824,0.07713744618977914,-0.8975000000000001,-0.37068151566060736,False,0.04068151566060735,False
DVE014,M0_V1,FROZEN_V1_CURVATURE_CONTINUITY,CURVATURE_CONTINUITY,0.1739073893260211,-0.4506815156606074,-0.3734180785905278,0.0772634370700796,-0.8975000000000001,-0.37068151566060736,False,0.04068151566060735,False
DVE014,M0_V1,FROZEN_V1_CURVATURE_CONTINUITY,CURVATURE_CONTINUITY,0.1739370813541321,-0.4506815156606074,-0.37329536361299964,0.07738615204760774,-0.8975000000000001,-0.37068151566060736,False,0.04068151566060735,False
DVE014,M0_V1,FROZEN_V1_CURVATURE_CONTINUITY,CURVATURE_CONTINUITY,0.17396677338224312,-0.4506815156606074,-0.3731759207191418,0.07750559494146558,-0.8975000000000001,-0.37068151566060736,False,0.04068151566060735,False
DVE014,M0_V1,FROZEN_V1_CURVATURE_CONTINUITY,CURVATURE_CONTINUITY,0.17399646541035413,-0.4506815156606074,-0.373059744262414,0.07762177139819337,-0.8975000000000001,-0.37068151566060736,False,0.04068151566060735,False
DVE014,M0_V1,FROZEN_V1_CURVATURE_CONTINUITY,CURVATURE_CONTINUITY,0.1740261574384651,-0.4506815156606074,-0.37294682674537494,0.07773468891523244,-0.8975000000000001,-0.37068151566060736,False,0.04068151566060735,False
DVE014,M0_V1,FROZEN_V1_CURVATURE_CONTINUITY,CURVATURE_CONTINUITY,0.17405584946657612,-0.4506815156606074,-0.3728371587962186,0.07784435686438879,-0.8975000000000001,-0.37068151566060736,False,0.04068151566060735,False
DVE014,M0_V1,FROZEN_V1_CURVATURE_CONTINUITY,CURVATURE_CONTINUITY,0.17408554149468713,-0.4506815156606074,-0.37273072914531163,0.07795078651529574,-0.8975000000000001,-0.37068151566060736,False,0.04068151566060735,False
DVE014,M0_V1,FROZEN_V1_CURVATURE_CONTINUITY,CURVATURE_CONTINUITY,0.17411523352279812,-0.4506815156606074,-0.3726275246017299,0.0780539910588775,-0.8975000000000001,-0.37068151566060736,False,0.04068151566060735,False
DVE014,M0_V1,FROZEN_V1_CURVATURE_CONTINUITY,CURVATURE_CONTINUITY,0.17414492555090913,-0.4506815156606074,-0.3725275300297949,0.0781539856308125,-0.8975000000000001,-0.37068151566060736,False,0.04068151566060735,False
DVE014,M0_V1,FROZEN_V1_CURVATURE_CONTINUITY,CURVATURE_CONTINUITY,0.17417461757902014,-0.4506815156606074,-0.37243072832561147,0.07825078733499591,-0.8975000000000001,-0.37068151566060736,False,0.04068151566060735,False
DVE014,M0_V1,FROZEN_V1_CURVATURE_CONTINUITY,CURVATURE_CONTINUITY,0.17420430960713115,-0.4506815156606074,-0.3723371003936038,0.07834441526700359,-0.8975000000000001,-0.37068151566060736,False,0.04068151566060735,False
DVE014,M0_V1,FROZEN_V1_CURVATURE_CONTINUITY,CURVATURE_CONTINUITY,0.17423400163524214,-0.4506815156606074,-0.3722466251230526,0.07843489053755476,-0.8975000000000001,-0.37068151566060736,False,0.04068151566060735,False
DVE014,M0_V1,FROZEN_V1_CURVATURE_CONTINUITY,CURVATURE_CONTINUITY,0.17426369366335315,-0.4506815156606074,-0.3721592793646318,0.0785222362959756,-0.8975000000000001,-0.37068151566060736,False,0.04068151566060735,False
DVE014,M0_V1,FROZEN_V1_CURVATURE_CONTINUITY,CURVATURE_CONTINUITY,0.17429338569146416,-0.4506815156606074,-0.3720750379069455,0.07860647775366186,-0.8975000000000001,-0.37068151566060736,False,0.04068151566060735,False
DVE014,M0_V1,FROZEN_V1_CURVATURE_CONTINUITY,CURVATURE_CONTINUITY,0.17432307771957517,-0.4506815156606074,-0.3719938734530645,0.07868764220754287,-0.8975000000000001,-0.37068151566060736,False,0.04068151566060735,False
DVE014,M0_V1,FROZEN_V1_CURVATURE_CONTINUITY,CURVATURE_CONTINUITY,0.17435276974768615,-0.4506815156606074,-0.3719157565970636,0.07876575906354377,-0.8975000000000001,-0.37068151566060736,False,0.04068151566060735,False
DVE014,M0_V1,FROZEN_V1_CURVATURE_CONTINUITY,CURVATURE_CONTINUITY,0.17438246177579717,-0.4506815156606074,-0.3718406558005577,0.07884085986004968,-0.8975000000000001,-0.37068151566060736,False,0.04068151566060735,False
DVE014,M0_V1,FROZEN_V1_CURVATURE_CONTINUITY,CURVATURE_CONTINUITY,0.17441215380390818,-0.4506815156606074,-0.37176853736923926,0.07891297829136812,-0.8975000000000001,-0.37068151566060736,False,0.04068151566060735,False
DVE014,M0_V1,FROZEN_V1_CURVATURE_CONTINUITY,CURVATURE_CONTINUITY,0.1744418458320192,-0.4506815156606074,-0.3716993654294149,0.07898215023119248,-0.8975000000000001,-0.37068151566060736,False,0.04068151566060735,False
DVE014,M0_V1,FROZEN_V1_CURVATURE_CONTINUITY,CURVATURE_CONTINUITY,0.17447153786013017,-0.4506815156606074,-0.37163310190454213,0.07904841375606525,-0.8975000000000001,-0.37068151566060736,False,0.04068151566060735,False
DVE014,M0_V1,FROZEN_V1_CURVATURE_CONTINUITY,CURVATURE_CONTINUITY,0.17450122988824118,-0.4506815156606074,-0.371569706491766,0.07911180916884136,-0.8975000000000001,-0.37068151566060736,False,0.04068151566060735,False
DVE014,M0_V1,FROZEN_V1_CURVATURE_CONTINUITY,CURVATURE_CONTINUITY,0.1745309219163522,-0.4506815156606074,-0.37150913663845636,0.07917237902215102,-0.8975000000000001,-0.37068151566060736,False,0.04068151566060735,False
DVE014,M0_V1,FROZEN_V1_CURVATURE_CONTINUITY,CURVATURE_CONTINUITY,0.17456061394446318,-0.4506815156606074,-0.3714513475187445,0.0792301681418629,-0.8975000000000001,-0.37068151566060736,False,0.04068151566060735,False
DVE014,M0_V1,FROZEN_V1_CURVATURE_CONTINUITY,CURVATURE_CONTINUITY,0.1745903059725742,-0.4506815156606074,-0.3713962920100595,0.07928522365054785,-0.8975000000000001,-0.37068151566060736,False,0.04068151566060735,False
DVE014,M0_V1,FROZEN_V1_CURVATURE_CONTINUITY,CURVATURE_CONTINUITY,0.1746199980006852,-0.4506815156606074,-0.37134392066966576,0.07933759499094162,-0.8975000000000001,-0.37068151566060736,False,0.04068151566060735,False
DVE014,M0_V1,FROZEN_V1_CURVATURE_CONTINUITY,CURVATURE_CONTINUITY,0.1746496900287962,-0.4506815156606074,-0.3712941817111994,0.079387333949408,-0.8975000000000001,-0.37068151566060736,False,0.04068151566060735,False
DVE014,M0_V1,FROZEN_V1_CURVATURE_CONTINUITY,CURVATURE_CONTINUITY,0.1746793820569072,-0.4506815156606074,-0.37124702098120516,0.07943449467940222,-0.8975000000000001,-0.37068151566060736,False,0.04068151566060735,False
DVE014,M0_V1,FROZEN_V1_CURVATURE_CONTINUITY,CURVATURE_CONTINUITY,0.1747090740850182,-0.4506815156606074,-0.37120238193567306,0.07947913372493431,-0.8975000000000001,-0.37068151566060736,False,0.04068151566060735,False
DVE014,M0_V1,FROZEN_V1_CURVATURE_CONTINUITY,CURVATURE_CONTINUITY,0.17473876611312922,-0.4506815156606074,-0.37116020561657553,0.07952131004403185,-0.8975000000000001,-0.37068151566060736,False,0.04068151566060735,False
DVE014,M0_V1,FROZEN_V1_CURVATURE_CONTINUITY,CURVATURE_CONTINUITY,0.17476845814124023,-0.4506815156606074,-0.3711204306284039,0.0795610850322035,-0.8975000000000001,-0.37068151566060736,False,0.04068151566060735,False
DVE014,M0_V1,FROZEN_V1_CURVATURE_CONTINUITY,CURVATURE_CONTINUITY,0.1747981501693512,-0.4506815156606074,-0.3710829931147055,0.07959852254590188,-0.8975000000000001,-0.37068151566060736,False,0.04068151566060735,False
DVE014,M0_V1,FROZEN_V1_CURVATURE_CONTINUITY,CURVATURE_CONTINUITY,0.17482784219746222,-0.4506815156606074,-0.37104782673462006,0.07963368892598732,-0.8975000000000001,-0.37068151566060736,False,0.04068151566060735,False
DVE014,M0_V1,FROZEN_V1_CURVATURE_CONTINUITY,CURVATURE_CONTINUITY,0.17485753422557324,-0.4506815156606074,-0.3710148626394172,0.07966665302119019,-0.8975000000000001,-0.37068151566060736,False,0.04068151566060735,False
DVE014,M0_V1,FROZEN_V1_CURVATURE_CONTINUITY,CURVATURE_CONTINUITY,0.17488722625368422,-0.4506815156606074,-0.3709840294490323,0.07969748621157507,-0.8975000000000001,-0.37068151566060736,False,0.04068151566060735,False
DVE014,M0_V1,FROZEN_V1_CURVATURE_CONTINUITY,CURVATURE_CONTINUITY,0.17491691828179523,-0.4506815156606074,-0.37095525322860423,0.07972626243200315,-0.8975000000000001,-0.37068151566060736,False,0.04068151566060735,False
DVE014,M0_V1,FROZEN_V1_CURVATURE_CONTINUITY,CURVATURE_CONTINUITY,0.17494661030990624,-0.4506815156606074,-0.37092845746501163,0.07975305819559575,-0.8975000000000001,-0.37068151566060736,False,0.04068151566060735,False
DVE014,M0_V1,FROZEN_V1_CURVATURE_CONTINUITY,CURVATURE_CONTINUITY,0.17497630233801725,-0.4506815156606074,-0.3709035630434098,0.07977795261719756,-0.8975000000000001,-0.37068151566060736,False,0.04068151566060735,False
DVE014,M0_V1,FROZEN_V1_CURVATURE_CONTINUITY,CURVATURE_CONTINUITY,0.17500599436612824,-0.4506815156606074,-0.37088048822376773,0.07980102743683964,-0.8975000000000001,-0.37068151566060736,False,0.04068151566060735,False
DVE014,M0_V1,FROZEN_V1_CURVATURE_CONTINUITY,CURVATURE_CONTINUITY,0.17503568639423925,-0.4506815156606074,-0.37085914861740443,0.07982236704320295,-0.8975000000000001,-0.37068151566060736,False,0.04068151566060735,False
DVE014,M0_V1,FROZEN_V1_CURVATURE_CONTINUITY,CURVATURE_CONTINUITY,0.17506537842235026,-0.4506815156606074,-0.37083945716352645,0.07984205849708093,-0.8975000000000001,-0.37068151566060736,False,0.04068151566060735,False
DVE014,M0_V1,FROZEN_V1_CURVATURE_CONTINUITY,CURVATURE_CONTINUITY,0.17509507045046127,-0.4506815156606074,-0.37082132410576396,0.07986019155484342,-0.8975000000000001,-0.37068151566060736,False,0.04068151566060735,False
DVE014,M0_V1,FROZEN_V1_CURVATURE_CONTINUITY,CURVATURE_CONTINUITY,0.17512476247857225,-0.4506815156606074,-0.37080465696870807,0.07987685869189931,-0.8975000000000001,-0.37068151566060736,False,0.04068151566060735,False
DVE014,M0_V1,FROZEN_V1_CURVATURE_CONTINUITY,CURVATURE_CONTINUITY,0.17515445450668327,-0.4506815156606074,-0.3707893605344474,0.07989215512615999,-0.8975000000000001,-0.37068151566060736,False,0.04068151566060735,False
DVE014,M0_V1,FROZEN_V1_CURVATURE_CONTINUITY,CURVATURE_CONTINUITY,0.17518414653479428,-0.4506815156606074,-0.3707753368191051,0.0799061788415023,-0.8975000000000001,-0.37068151566060736,False,0.04068151566060735,False
DVE014,M0_V1,FROZEN_V1_CURVATURE_CONTINUITY,CURVATURE_CONTINUITY,0.17521383856290526,-0.4506815156606074,-0.3707624850493752,0.07991903061123218,-0.8975000000000001,-0.37068151566060736,False,0.04068151566060735,False
DVE014,M0_V1,FROZEN_V1_CURVATURE_CONTINUITY,CURVATURE_CONTINUITY,0.17524353059101627,-0.4506815156606074,-0.37075070163906,0.07993081402154739,-0.8975000000000001,-0.37068151566060736,False,0.04068151566060735,False
DVE014,M0_V1,FROZEN_V1_CURVATURE_CONTINUITY,CURVATURE_CONTINUITY,0.17527322261912728,-0.4506815156606074,-0.37073988016560655,0.07994163549500083,-0.8975000000000001,-0.37068151566060736,False,0.04068151566060735,False
DVE014,M0_V1,FROZEN_V1_CURVATURE_CONTINUITY,CURVATURE_CONTINUITY,0.1753029146472383,-0.4506815156606074,-0.37072991134664357,0.07995160431396381,-0.8975000000000001,-0.37068151566060736,False,0.04068151566060735,False
DVE014,M0_V1,FROZEN_V1_CURVATURE_CONTINUITY,CURVATURE_CONTINUITY,0.17533260667534928,-0.4506815156606074,-0.37072068301651817,0.07996083264408921,-0.8975000000000001,-0.37068151566060736,False,0.04068151566060735,False
DVE014,M0_V1,FROZEN_V1_CURVATURE_CONTINUITY,CURVATURE_CONTINUITY,0.1753622987034603,-0.4506815156606074,-0.3707120801028325,0.07996943555777486,-0.8975000000000001,-0.37068151566060736,False,0.04068151566060735,False
DVE014,M0_V1,FROZEN_V1_CURVATURE_CONTINUITY,CURVATURE_CONTINUITY,0.1753919907315713,-0.4506815156606074,-0.37070398460298126,0.07997753105762612,-0.8975000000000001,-0.37068151566060736,False,0.04068151566060735,False
DVE014,M0_V1,FROZEN_V1_CURVATURE_CONTINUITY,CURVATURE_CONTINUITY,0.1754216827596823,-0.4506815156606074,-0.3706962755606876,0.07998524009991975,-0.8975000000000001,-0.37068151566060736,False,0.04068151566060735,False
DVE014,M0_V1,FROZEN_V1_CURVATURE_CONTINUITY,CURVATURE_CONTINUITY,0.1754513747877933,-0.4506815156606074,-0.3706888290425405,0.07999268661806685,-0.8975000000000001,-0.37068151566060736,False,0.04068151566060735,False
DVE014,M0_V1,FROZEN_V1_CURVATURE_CONTINUITY,CURVATURE_CONTINUITY,0.1754810668159043,-0.4506815156606074,-0.3706815181145314,0.07999999754607595,-0.8975000000000001,-0.37068151566060736,False,0.04068151566060735,False
DVE039,M0_V1,FROZEN_V1_CURVATURE_CONTINUITY,CURVATURE_CONTINUITY,5.6668704002901675,0.36893162081239145,0.2889316232196205,-0.07999999759277093,0.28893162081239143,0.9474999999999999,False,7.623015664875998e-05,True
DVE039,M0_V1,FROZEN_V1_CURVATURE_CONTINUITY,CURVATURE_CONTINUITY,5.667094003169302,0.36893162081239145,0.2889855231220699,-0.07994609769032157,0.28893162081239143,0.9474999999999999,False,7.623015664875998e-05,True
DVE039,M0_V1,FROZEN_V1_CURVATURE_CONTINUITY,CURVATURE_CONTINUITY,5.667317606048436,0.36893162081239145,0.28903980057294043,-0.07989182023945102,0.28893162081239143,0.9474999999999999,False,7.623015664875998e-05,True
DVE039,M0_V1,FROZEN_V1_CURVATURE_CONTINUITY,CURVATURE_CONTINUITY,5.66754120892757,0.36893162081239145,0.28909479511091185,-0.0798368257014796,0.28893162081239143,0.9474999999999999,False,7.623015664875998e-05,True
DVE039,M0_V1,FROZEN_V1_CURVATURE_CONTINUITY,CURVATURE_CONTINUITY,5.667764811806704,0.36893162081239145,0.2891508382087568,-0.07978078260363464,0.28893162081239143,0.9474999999999999,False,7.623015664875998e-05,True
DVE039,M0_V1,FROZEN_V1_CURVATURE_CONTINUITY,CURVATURE_CONTINUITY,5.667988414685838,0.36893162081239145,0.28920825333650485,-0.0797233674758866,0.28893162081239143,0.9474999999999999,False,7.623015664875998e-05,True
DVE039,M0_V1,FROZEN_V1_CURVATURE_CONTINUITY,CURVATURE_CONTINUITY,5.668212017564972,0.36893162081239145,0.2892673560246031,-0.07966426478778837,0.28893162081239143,0.9474999999999999,False,7.623015664875998e-05,True
DVE039,M0_V1,FROZEN_V1_CURVATURE_CONTINUITY,CURVATURE_CONTINUITY,5.668435620444106,0.36893162081239145,0.28932845392707945,-0.079603166885312,0.28893162081239143,0.9474999999999999,False,7.623015664875998e-05,True
DVE039,M0_V1,FROZEN_V1_CURVATURE_CONTINUITY,CURVATURE_CONTINUITY,5.668659223323241,0.36893162081239145,0.2893918468847054,-0.07953977392768607,0.28893162081239143,0.9474999999999999,False,7.623015664875998e-05,True
DVE039,M0_V1,FROZEN_V1_CURVATURE_CONTINUITY,CURVATURE_CONTINUITY,5.668882826202375,0.36893162081239145,0.28945782698815753,-0.07947379382423392,0.28893162081239143,0.9474999999999999,False,7.623015664875998e-05,True
DVE039,M0_V1,FROZEN_V1_CURVATURE_CONTINUITY,CURVATURE_CONTINUITY,5.669106429081509,0.36893162081239145,0.28952667864118087,-0.07940494217121058,0.28893162081239143,0.9474999999999999,False,7.623015664875998e-05,True
DVE039,M0_V1,FROZEN_V1_CURVATURE_CONTINUITY,CURVATURE_CONTINUITY,5.669330031960643,0.36893162081239145,0.2895986786237504,-0.07933294218864106,0.28893162081239143,0.9474999999999999,False,7.623015664875998e-05,True
DVE039,M0_V1,FROZEN_V1_CURVATURE_CONTINUITY,CURVATURE_CONTINUITY,5.669553634839777,0.36893162081239145,0.2896740961552347,-0.07925752465715674,0.28893162081239143,0.9474999999999999,False,7.623015664875998e-05,True
DVE039,M0_V1,FROZEN_V1_CURVATURE_CONTINUITY,CURVATURE_CONTINUITY,5.669777237718911,0.36893162081239145,0.2897531929575569,-0.07917842785483453,0.28893162081239143,0.9474999999999999,False,7.623015664875998e-05,True
DVE039,M0_V1,FROZEN_V1_CURVATURE_CONTINUITY,CURVATURE_CONTINUITY,5.670000840598045,0.36893162081239145,0.2898362233183581,-0.07909539749403333,0.28893162081239143,0.9474999999999999,False,7.623015664875998e-05,True
DVE039,M0_V1,FROZEN_V1_CURVATURE_CONTINUITY,CURVATURE_CONTINUITY,5.67022444347718,0.36893162081239145,0.28992343415415944,-0.079008186658232,0.28893162081239143,0.9474999999999999,False,7.623015664875998e-05,True
DVE039,M0_V1,FROZEN_V1_CURVATURE_CONTINUITY,CURVATURE_CONTINUITY,5.670448046356314,0.36893162081239145,0.29001506507352454,-0.07891655573886691,0.28893162081239143,0.9474999999999999,False,7.623015664875998e-05,True
DVE039,M0_V1,FROZEN_V1_CURVATURE_CONTINUITY,CURVATURE_CONTINUITY,5.670671649235448,0.36893162081239145,0.29011134844022196,-0.07882027237216949,0.28893162081239143,0.9474999999999999,False,7.623015664875998e-05,True
DVE039,M0_V1,FROZEN_V1_CURVATURE_CONTINUITY,CURVATURE_CONTINUITY,5.6708952521145815,0.36893162081239145,0.29021250943638716,-0.07871911137600429,0.28893162081239143,0.9474999999999999,False,7.623015664875998e-05,True
DVE039,M0_V1,FROZEN_V1_CURVATURE_CONTINUITY,CURVATURE_CONTINUITY,5.671118854993716,0.36893162081239145,0.29031876612568674,-0.0786128546867047,0.28893162081239143,0.9474999999999999,False,7.623015664875998e-05,True
DVE039,M0_V1,FROZEN_V1_CURVATURE_CONTINUITY,CURVATURE_CONTINUITY,5.67134245787285,0.36893162081239145,0.290430329516478,-0.07850129129591343,0.28893162081239143,0.9474999999999999,False,7.623015664875998e-05,True
DVE039,M0_V1,FROZEN_V1_CURVATURE_CONTINUITY,CURVATURE_CONTINUITY,5.671566060751984,0.36893162081239145,0.29054740362497355,-0.07838421718741789,0.28893162081239143,0.9474999999999999,False,7.623015664875998e-05,True
DVE039,M0_V1,FROZEN_V1_CURVATURE_CONTINUITY,CURVATURE_CONTINUITY,5.6717896636311185,0.36893162081239145,0.29067018553840274,-0.07826143527398871,0.28893162081239143,0.9474999999999999,False,7.623015664875998e-05,True
DVE039,M0_V1,FROZEN_V1_CURVATURE_CONTINUITY,CURVATURE_CONTINUITY,5.672013266510253,0.36893162081239145,0.29079886547817446,-0.07813275533421699,0.28893162081239143,0.9474999999999999,False,7.623015664875998e-05,True
DVE039,M0_V1,FROZEN_V1_CURVATURE_CONTINUITY,CURVATURE_CONTINUITY,5.672236869389387,0.36893162081239145,0.2909336268630395,-0.07799799394935197,0.28893162081239143,0.9474999999999999,False,7.623015664875998e-05,True
DVE039,M0_V1,FROZEN_V1_CURVATURE_CONTINUITY,CURVATURE_CONTINUITY,5.67246047226852,0.36893162081239145,0.2910746463722521,-0.07785697444013934,0.28893162081239143,0.9474999999999999,False,7.623015664875998e-05,True
DVE039,M0_V1,FROZEN_V1_CURVATURE_CONTINUITY,CURVATURE_CONTINUITY,5.672684075147655,0.36893162081239145,0.2912220940087352,-0.07770952680365623,0.28893162081239143,0.9474999999999999,False,7.623015664875998e-05,True
DVE039,M0_V1,FROZEN_V1_CURVATURE_CONTINUITY,CURVATURE_CONTINUITY,5.672907678026789,0.36893162081239145,0.2913761331622389,-0.07755548765015252,0.28893162081239143,0.9474999999999999,False,7.623015664875998e-05,True
DVE039,M0_V1,FROZEN_V1_CURVATURE_CONTINUITY,CURVATURE_CONTINUITY,5.673131280905923,0.36893162081239145,0.2915369206725056,-0.07739470013988586,0.28893162081239143,0.9474999999999999,False,7.623015664875998e-05,True
DVE039,M0_V1,FROZEN_V1_CURVATURE_CONTINUITY,CURVATURE_CONTINUITY,5.673354883785057,0.36893162081239145,0.2917046068924313,-0.07722701391996017,0.28893162081239143,0.9474999999999999,False,7.623015664875998e-05,True
DVE039,M0_V1,FROZEN_V1_CURVATURE_CONTINUITY,CURVATURE_CONTINUITY,5.673578486664192,0.36893162081239145,0.2918793357512286,-0.07705228506116285,0.28893162081239143,0.9474999999999999,False,7.623015664875998e-05,True
DVE039,M0_V1,FROZEN_V1_CURVATURE_CONTINUITY,CURVATURE_CONTINUITY,5.673802089543326,0.36893162081239145,0.2920612448175888,-0.07687037599480262,0.28893162081239143,0.9474999999999999,False,7.623015664875998e-05,True
DVE039,M0_V1,FROZEN_V1_CURVATURE_CONTINUITY,CURVATURE_CONTINUITY,5.67402569242246,0.36893162081239145,0.2922504653628444,-0.07668115544954707,0.28893162081239143,0.9474999999999999,False,7.623015664875998e-05,True
DVE039,M0_V1,FROZEN_V1_CURVATURE_CONTINUITY,CURVATURE_CONTINUITY,5.6742492953015935,0.36893162081239145,0.2924471224241306,-0.07648449838826082,0.28893162081239143,0.9474999999999999,False,7.623015664875998e-05,True
DVE039,M0_V1,FROZEN_V1_CURVATURE_CONTINUITY,CURVATURE_CONTINUITY,5.674472898180728,0.36893162081239145,0.29265133486755107,-0.07628028594484038,0.28893162081239143,0.9474999999999999,False,7.623015664875998e-05,True
DVE039,M0_V1,FROZEN_V1_CURVATURE_CONTINUITY,CURVATURE_CONTINUITY,5.674696501059862,0.36893162081239145,0.29286321545133553,-0.07606840536105591,0.28893162081239143,0.9474999999999999,False,7.623015664875998e-05,True
DVE039,M0_V1,FROZEN_V1_CURVATURE_CONTINUITY,CURVATURE_CONTINUITY,5.674920103938996,0.36893162081239145,0.2930828708890053,-0.07584874992338614,0.28893162081239143,0.9474999999999999,False,7.623015664875998e-05,True
DVE039,M0_V1,FROZEN_V1_CURVATURE_CONTINUITY,CURVATURE_CONTINUITY,5.6751437068181305,0.36893162081239145,0.293310401912535,-0.07562121889985646,0.28893162081239143,0.9474999999999999,False,7.623015664875998e-05,True
DVE039,M0_V1,FROZEN_V1_CURVATURE_CONTINUITY,CURVATURE_CONTINUITY,5.675367309697265,0.36893162081239145,0.29354590333551495,-0.0753857174768765,0.28893162081239143,0.9474999999999999,False,7.623015664875998e-05,True
DVE039,M0_V1,FROZEN_V1_CURVATURE_CONTINUITY,CURVATURE_CONTINUITY,5.675590912576399,0.36893162081239145,0.2937894641163134,-0.07514215669607804,0.28893162081239143,0.9474999999999999,False,7.623015664875998e-05,True
DVE039,M0_V1,FROZEN_V1_CURVATURE_CONTINUITY,CURVATURE_CONTINUITY,5.675814515455532,0.36893162081239145,0.29404116742123837,-0.07489045339115308,0.28893162081239143,0.9474999999999999,False,7.623015664875998e-05,True
DVE039,M0_V1,FROZEN_V1_CURVATURE_CONTINUITY,CURVATURE_CONTINUITY,5.676038118334667,0.36893162081239145,0.29430109068770355,-0.0746305301246879,0.28893162081239143,0.9474999999999999,False,7.623015664875998e-05,True
DVE039,M0_V1,FROZEN_V1_CURVATURE_CONTINUITY,CURVATURE_CONTINUITY,5.676261721213801,0.36893162081239145,0.29456930568738515,-0.0743623151250063,0.28893162081239143,0.9474999999999999,False,7.623015664875998e-05,True
DVE039,M0_V1,FROZEN_V1_CURVATURE_CONTINUITY,CURVATURE_CONTINUITY,5.676485324092935,0.36893162081239145,0.2948458785893881,-0.07408574222300335,0.28893162081239143,0.9474999999999999,False,7.623015664875998e-05,True
DVE039,M0_V1,FROZEN_V1_CURVATURE_CONTINUITY,CURVATURE_CONTINUITY,5.676708926972069,0.36893162081239145,0.29513087002340754,-0.0738007507889839,0.28893162081239143,0.9474999999999999,False,7.623015664875998e-05,True
DVE039,M0_V1,FROZEN_V1_CURVATURE_CONTINUITY,CURVATURE_CONTINUITY,5.676932529851204,0.36893162081239145,0.29542433514289107,-0.07350728566950038,0.28893162081239143,0.9474999999999999,False,7.623015664875998e-05,True
DVE039,M0_V1,FROZEN_V1_CURVATURE_CONTINUITY,CURVATURE_CONTINUITY,5.677156132730338,0.36893162081239145,0.2957263236882014,-0.07320529712419005,0.28893162081239143,0.9474999999999999,False,7.623015664875998e-05,True
DVE039,M0_V1,FROZEN_V1_CURVATURE_CONTINUITY,CURVATURE_CONTINUITY,5.677379735609471,0.36893162081239145,0.29603688004977746,-0.07289474076261399,0.28893162081239143,0.9474999999999999,False,7.623015664875998e-05,True
DVE039,M0_V1,FROZEN_V1_CURVATURE_CONTINUITY,CURVATURE_CONTINUITY,5.6776033384886055,0.36893162081239145,0.2963560433313017,-0.07257557748108973,0.28893162081239143,0.9474999999999999,False,7.623015664875998e-05,True
DVE039,M0_V1,FROZEN_V1_CURVATURE_CONTINUITY,CURVATURE_CONTINUITY,5.67782694136774,0.36893162081239145,0.29668384741285514,-0.07224777339953631,0.28893162081239143,0.9474999999999999,False,7.623015664875998e-05,True
DVE039,M0_V1,FROZEN_V1_CURVATURE_CONTINUITY,CURVATURE_CONTINUITY,5.678050544246874,0.36893162081239145,0.2970203210140846,-0.07191129979830685,0.28893162081239143,0.9474999999999999,False,7.623015664875998e-05,True
DVE039,M0_V1,FROZEN_V1_CURVATURE_CONTINUITY,CURVATURE_CONTINUITY,5.678274147126008,0.36893162081239145,0.2973654877573642,-0.07156613305502724,0.28893162081239143,0.9474999999999999,False,7.623015664875998e-05,True
DVE039,M0_V1,FROZEN_V1_CURVATURE_CONTINUITY,CURVATURE_CONTINUITY,5.678497750005143,0.36893162081239145,0.29771936623095746,-0.07121225458143399,0.28893162081239143,0.9474999999999999,False,7.623015664875998e-05,True
DVE039,M0_V1,FROZEN_V1_CURVATURE_CONTINUITY,CURVATURE_CONTINUITY,5.678721352884277,0.36893162081239145,0.29808197005217973,-0.07084965076021171,0.28893162081239143,0.9474999999999999,False,7.623015664875998e-05,True
DVE039,M0_V1,FROZEN_V1_CURVATURE_CONTINUITY,CURVATURE_CONTINUITY,5.67894495576341,0.36893162081239145,0.29845330793055946,-0.07047831288183198,0.28893162081239143,0.9474999999999999,False,7.623015664875998e-05,True
DVE039,M0_V1,FROZEN_V1_CURVATURE_CONTINUITY,CURVATURE_CONTINUITY,5.679168558642544,0.36893162081239145,0.29883338373100604,-0.0700982370813854,0.28893162081239143,0.9474999999999999,False,7.623015664875998e-05,True
DVE039,M0_V1,FROZEN_V1_CURVATURE_CONTINUITY,CURVATURE_CONTINUITY,5.679392161521679,0.36893162081239145,0.29922219653696386,-0.06970942427542759,0.28893162081239143,0.9474999999999999,False,7.623015664875998e-05,True
DVE039,M0_V1,FROZEN_V1_CURVATURE_CONTINUITY,CURVATURE_CONTINUITY,5.679615764400813,0.36893162081239145,0.29961974071358016,-0.06931188009881128,0.28893162081239143,0.9474999999999999,False,7.623015664875998e-05,True
DVE039,M0_V1,FROZEN_V1_CURVATURE_CONTINUITY,CURVATURE_CONTINUITY,5.679839367279947,0.36893162081239145,0.3000260059708663,-0.06890561484152513,0.28893162081239143,0.9474999999999999,False,7.623015664875998e-05,True
DVE039,M0_V1,FROZEN_V1_CURVATURE_CONTINUITY,CURVATURE_CONTINUITY,5.6800629701590815,0.36893162081239145,0.30044097742686016,-0.06849064338553129,0.28893162081239143,0.9474999999999999,False,7.623015664875998e-05,True
DVE039,M0_V1,FROZEN_V1_CURVATURE_CONTINUITY,CURVATURE_CONTINUITY,5.680286573038216,0.36893162081239145,0.30086463567078825,-0.0680669851416032,0.28893162081239143,0.9474999999999999,False,7.623015664875998e-05,True
DVE039,M0_V1,FROZEN_V1_CURVATURE_CONTINUITY,CURVATURE_CONTINUITY,5.680510175917349,0.36893162081239145,0.3012969568262268,-0.06763466398616463,0.28893162081239143,0.9474999999999999,False,7.623015664875998e-05,True
DVE039,M0_V1,FROZEN_V1_CURVATURE_CONTINUITY,CURVATURE_CONTINUITY,5.680733778796483,0.36893162081239145,0.3017379126142708,-0.06719370819812065,0.28893162081239143,0.9474999999999999,False,7.623015664875998e-05,True
DVE039,M0_V1,FROZEN_V1_CURVATURE_CONTINUITY,CURVATURE_CONTINUITY,5.680957381675618,0.36893162081239145,0.30218747041668614,-0.0667441503957053,0.28893162081239143,0.9474999999999999,False,7.623015664875998e-05,True
DVE039,M0_V1,FROZEN_V1_CURVATURE_CONTINUITY,CURVATURE_CONTINUITY,5.681180984554752,0.36893162081239145,0.30264559333907914,-0.0662860274733123,0.28893162081239143,0.9474999999999999,False,7.623015664875998e-05,True
DVE039,M0_V1,FROZEN_V1_CURVATURE_CONTINUITY,CURVATURE_CONTINUITY,5.681404587433886,0.36893162081239145,0.3031122402740568,-0.06581938053833464,0.28893162081239143,0.9474999999999999,False,7.623015664875998e-05,True
DVE039,M0_V1,FROZEN_V1_CURVATURE_CONTINUITY,CURVATURE_CONTINUITY,5.68162819031302,0.36893162081239145,0.3035873659643896,-0.06534425484800183,0.28893162081239143,0.9474999999999999,False,7.623015664875998e-05,True
DVE039,M0_V1,FROZEN_V1_CURVATURE_CONTINUITY,CURVATURE_CONTINUITY,5.681851793192155,0.36893162081239145,0.30407092106617384,-0.06486069974621761,0.28893162081239143,0.9474999999999999,False,7.623015664875998e-05,True
DVE039,M0_V1,FROZEN_V1_CURVATURE_CONTINUITY,CURVATURE_CONTINUITY,5.682075396071288,0.36893162081239145,0.30456285221199186,-0.06436876860039958,0.28893162081239143,0.9474999999999999,False,7.623015664875998e-05,True
DVE039,M0_V1,FROZEN_V1_CURVATURE_CONTINUITY,CURVATURE_CONTINUITY,5.682298998950422,0.36893162081239145,0.3050631020740826,-0.06386851873830884,0.28893162081239143,0.9474999999999999,False,7.623015664875998e-05,True
DVE039,M0_V1,FROZEN_V1_CURVATURE_CONTINUITY,CURVATURE_CONTINUITY,5.6825226018295565,0.36893162081239145,0.3055716094274921,-0.06336001138489933,0.28893162081239143,0.9474999999999999,False,7.623015664875998e-05,True
DVE039,M0_V1,FROZEN_V1_CURVATURE_CONTINUITY,CURVATURE_CONTINUITY,5.682746204708691,0.36893162081239145,0.3060883092132439,-0.06284331159914752,0.28893162081239143,0.9474999999999999,False,7.623015664875998e-05,True
DVE039,M0_V1,FROZEN_V1_CURVATURE_CONTINUITY,CURVATURE_CONTINUITY,5.682969807587825,0.36893162081239145,0.3066131326014992,-0.06231848821089225,0.28893162081239143,0.9474999999999999,False,7.623015664875998e-05,True
DVE039,M0_V1,FROZEN_V1_CURVATURE_CONTINUITY,CURVATURE_CONTINUITY,5.683193410466959,0.36893162081239145,0.3071460070547196,-0.06178561375767183,0.28893162081239143,0.9474999999999999,False,7.623015664875998e-05,True
DVE039,M0_V1,FROZEN_V1_CURVATURE_CONTINUITY,CURVATURE_CONTINUITY,5.6834170133460935,0.36893162081239145,0.3076868563908294,-0.06124476442156207,0.28893162081239143,0.9474999999999999,False,7.623015664875998e-05,True
DVE039,M0_V1,FROZEN_V1_CURVATURE_CONTINUITY,CURVATURE_CONTINUITY,5.683640616225228,0.36893162081239145,0.30823560084637774,-0.0606960199660137,0.28893162081239143,0.9474999999999999,False,7.623015664875998e-05,True
DVE039,M0_V1,FROZEN_V1_CURVATURE_CONTINUITY,CURVATURE_CONTINUITY,5.683864219104361,0.36893162081239145,0.3087921571396995,-0.06013946367269196,0.28893162081239143,0.9474999999999999,False,7.623015664875998e-05,True
DVE039,M0_V1,FROZEN_V1_CURVATURE_CONTINUITY,CURVATURE_CONTINUITY,5.684087821983495,0.36893162081239145,0.3093564385340857,-0.05957518227830577,0.28893162081239143,0.9474999999999999,False,7.623015664875998e-05,True
DVE039,M0_V1,FROZEN_V1_CURVATURE_CONTINUITY,CURVATURE_CONTINUITY,5.68431142486263,0.36893162081239145,0.3099283549009333,-0.05900326591145816,0.28893162081239143,0.9474999999999999,False,7.623015664875998e-05,True
DVE039,M0_V1,FROZEN_V1_CURVATURE_CONTINUITY,CURVATURE_CONTINUITY,5.684535027741764,0.36893162081239145,0.3105078127829163,-0.058423808029475166,0.28893162081239143,0.9474999999999999,False,7.623015664875998e-05,True
DVE039,M0_V1,FROZEN_V1_CURVATURE_CONTINUITY,CURVATURE_CONTINUITY,5.684758630620898,0.36893162081239145,0.3110947154571457,-0.05783690535524577,0.28893162081239143,0.9474999999999999,False,7.623015664875998e-05,True
DVE039,M0_V1,FROZEN_V1_CURVATURE_CONTINUITY,CURVATURE_CONTINUITY,5.684982233500032,0.36893162081239145,0.3116889629983322,-0.05724265781405924,0.28893162081239143,0.9474999999999999,False,7.623015664875998e-05,True
DVE039,M0_V1,FROZEN_V1_CURVATURE_CONTINUITY,CURVATURE_CONTINUITY,5.685205836379167,0.36893162081239145,0.31229045234194847,-0.05664116847044298,0.28893162081239143,0.9474999999999999,False,7.623015664875998e-05,True
DVE039,M0_V1,FROZEN_V1_CURVATURE_CONTINUITY,CURVATURE_CONTINUITY,5.6854294392583,0.36893162081239145,0.31289907734738925,-0.056032543465002194,0.28893162081239143,0.9474999999999999,False,7.623015664875998e-05,True
DVE039,M0_V1,FROZEN_V1_CURVATURE_CONTINUITY,CURVATURE_CONTINUITY,5.685653042137434,0.36893162081239145,0.3135147288611433,-0.05541689195124816,0.28893162081239143,0.9474999999999999,False,7.623015664875998e-05,True
DVE039,M0_V1,FROZEN_V1_CURVATURE_CONTINUITY,CURVATURE_CONTINUITY,5.6858766450165685,0.36893162081239145,0.3141372947799415,-0.054794326032449936,0.28893162081239143,0.9474999999999999,False,7.623015664875998e-05,True
DVE039,M0_V1,FROZEN_V1_CURVATURE_CONTINUITY,CURVATURE_CONTINUITY,5.686100247895703,0.36893162081239145,0.3147666601139288,-0.05416496069846266,0.28893162081239143,0.9474999999999999,False,7.623015664875998e-05,True
DVE039,M0_V1,FROZEN_V1_CURVATURE_CONTINUITY,CURVATURE_CONTINUITY,5.686323850774837,0.36893162081239145,0.3154027070498241,-0.053528913762567354,0.28893162081239143,0.9474999999999999,False,7.623015664875998e-05,True
DVE039,M0_V1,FROZEN_V1_CURVATURE_CONTINUITY,CURVATURE_CONTINUITY,5.686547453653971,0.36893162081239145,0.31604531501408306,-0.052886305798308386,0.28893162081239143,0.9474999999999999,False,7.623015664875998e-05,True
DVE039,M0_V1,FROZEN_V1_CURVATURE_CONTINUITY,CURVATURE_CONTINUITY,5.6867710565331056,0.36893162081239145,0.3166943607360601,-0.05223726007633134,0.28893162081239143,0.9474999999999999,False,7.623015664875998e-05,True
DVE039,M0_V1,FROZEN_V1_CURVATURE_CONTINUITY,CURVATURE_CONTINUITY,5.686994659412239,0.36893162081239145,0.3173497183111684,-0.05158190250122302,0.28893162081239143,0.9474999999999999,False,7.623015664875998e-05,True
DVE039,M0_V1,FROZEN_V1_CURVATURE_CONTINUITY,CURVATURE_CONTINUITY,5.687218262291373,0.36893162081239145,0.31801125926405294,-0.05092036154833851,0.28893162081239143,0.9474999999999999,False,7.623015664875998e-05,True
DVE039,M0_V1,FROZEN_V1_CURVATURE_CONTINUITY,CURVATURE_CONTINUITY,5.687441865170507,0.36893162081239145,0.3186788526117366,-0.05025276820065483,0.28893162081239143,0.9474999999999999,False,7.623015664875998e-05,True
DVE039,M0_V1,FROZEN_V1_CURVATURE_CONTINUITY,CURVATURE_CONTINUITY,5.687665468049642,0.36893162081239145,0.31935236492679403,-0.04957925588559742,0.28893162081239143,0.9474999999999999,False,7.623015664875998e-05,True
DVE039,M0_V1,FROZEN_V1_CURVATURE_CONTINUITY,CURVATURE_CONTINUITY,5.687889070928776,0.36893162081239145,0.32003166040051045,-0.048899960411880994,0.28893162081239143,0.9474999999999999,False,7.623015664875998e-05,True
DVE039,M0_V1,FROZEN_V1_CURVATURE_CONTINUITY,CURVATURE_CONTINUITY,5.68811267380791,0.36893162081239145,0.3207166009060447,-0.048215019906346746,0.28893162081239143,0.9474999999999999,False,7.623015664875998e-05,True
DVE039,M0_V1,FROZEN_V1_CURVATURE_CONTINUITY,CURVATURE_CONTINUITY,5.6883362766870444,0.36893162081239145,0.32140704606159154,-0.04752457475079991,0.28893162081239143,0.9474999999999999,False,7.623015664875998e-05,True
DVE039,M0_V1,FROZEN_V1_CURVATURE_CONTINUITY,CURVATURE_CONTINUITY,5.688559879566178,0.36893162081239145,0.32210285329354105,-0.0468287675188504,0.28893162081239143,0.9474999999999999,False,7.623015664875998e-05,True
DVE039,M0_V1,FROZEN_V1_CURVATURE_CONTINUITY,CURVATURE_CONTINUITY,5.688783482445312,0.36893162081239145,0.3228038778996524,-0.04612774291273902,0.28893162081239143,0.9474999999999999,False,7.623015664875998e-05,True
DVE039,M0_V1,FROZEN_V1_CURVATURE_CONTINUITY,CURVATURE_CONTINUITY,5.689007085324446,0.36893162081239145,0.32350997311219964,-0.0454216477001918,0.28893162081239143,0.9474999999999999,False,7.623015664875998e-05,True
DVE039,M0_V1,FROZEN_V1_CURVATURE_CONTINUITY,CURVATURE_CONTINUITY,5.689230688203581,0.36893162081239145,0.32422099016114486,-0.044710630651246586,0.28893162081239143,0.9474999999999999,False,7.623015664875998e-05,True
DVE039,M0_V1,FROZEN_V1_CURVATURE_CONTINUITY,CURVATURE_CONTINUITY,5.689454291082715,0.36893162081239145,0.3249367783372984,-0.043994842475093054,0.28893162081239143,0.9474999999999999,False,7.623015664875998e-05,True
DVE039,M0_V1,FROZEN_V1_CURVATURE_CONTINUITY,CURVATURE_CONTINUITY,5.689677893961849,0.36893162081239145,0.3256571850554807,-0.043274435756910756,0.28893162081239143,0.9474999999999999,False,7.623015664875998e-05,True
DVE039,M0_V1,FROZEN_V1_CURVATURE_CONTINUITY,CURVATURE_CONTINUITY,5.689901496840983,0.36893162081239145,0.32638205591768504,-0.042549564894706404,0.28893162081239143,0.9474999999999999,False,7.623015664875998e-05,True
DVE039,M0_V1,FROZEN_V1_CURVATURE_CONTINUITY,CURVATURE_CONTINUITY,5.690125099720117,0.36893162081239145,0.32711123477623705,-0.0418203860361544,0.28893162081239143,0.9474999999999999,False,7.623015664875998e-05,True
DVE039,M0_V1,FROZEN_V1_CURVATURE_CONTINUITY,CURVATURE_CONTINUITY,5.690348702599251,0.36893162081239145,0.3278445637969685,-0.04108705701542292,0.28893162081239143,0.9474999999999999,False,7.623015664875998e-05,True
DVE039,M0_V1,FROZEN_V1_CURVATURE_CONTINUITY,CURVATURE_CONTINUITY,5.690572305478385,0.36893162081239145,0.3285818835223628,-0.040349737290028664,0.28893162081239143,0.9474999999999999,False,7.623015664875998e-05,True
DVE039,M0_V1,FROZEN_V1_CURVATURE_CONTINUITY,CURVATURE_CONTINUITY,5.6907959083575195,0.36893162081239145,0.3293230329347283,-0.03960858787766314,0.28893162081239143,0.9474999999999999,False,7.623015664875998e-05,True
DVE039,M0_V1,FROZEN_V1_CURVATURE_CONTINUITY,CURVATURE_CONTINUITY,5.691019511236654,0.36893162081239145,0.33006784951935847,-0.03886377129303298,0.28893162081239143,0.9474999999999999,False,7.623015664875998e-05,True
DVE039,M0_V1,FROZEN_V1_CURVATURE_CONTINUITY,CURVATURE_CONTINUITY,5.691243114115788,0.36893162081239145,0.3308161693276939,-0.03811545148469753,0.28893162081239143,0.9474999999999999,False,7.623015664875998e-05,True
DVE039,M0_V1,FROZEN_V1_CURVATURE_CONTINUITY,CURVATURE_CONTINUITY,5.691466716994922,0.36893162081239145,0.33156782704048504,-0.037363793771906406,0.28893162081239143,0.9474999999999999,False,7.623015664875998e-05,True
DVE039,M0_V1,FROZEN_V1_CURVATURE_CONTINUITY,CURVATURE_CONTINUITY,5.691690319874056,0.36893162081239145,0.33232265603095124,-0.03660896478144021,0.28893162081239143,0.9474999999999999,False,7.623015664875998e-05,True
DVE039,M0_V1,FROZEN_V1_CURVATURE_CONTINUITY,CURVATURE_CONTINUITY,5.69191392275319,0.36893162081239145,0.3330804884279555,-0.035851132384435935,0.28893162081239143,0.9474999999999999,False,7.623015664875998e-05,True
DVE039,M0_V1,FROZEN_V1_CURVATURE_CONTINUITY,CURVATURE_CONTINUITY,5.692137525632324,0.36893162081239145,0.3338411551791487,-0.03509046563324275,0.28893162081239143,0.9474999999999999,False,7.623015664875998e-05,True
DVE039,M0_V1,FROZEN_V1_CURVATURE_CONTINUITY,CURVATURE_CONTINUITY,5.692361128511458,0.36893162081239145,0.33460448611414406,-0.034327134698247386,0.28893162081239143,0.9474999999999999,False,7.623015664875998e-05,True
DVE039,M0_V1,FROZEN_V1_CURVATURE_CONTINUITY,CURVATURE_CONTINUITY,5.692584731390593,0.36893162081239145,0.3353703100076767,-0.03356131080471475,0.28893162081239143,0.9474999999999999,False,7.623015664875998e-05,True
DVE039,M0_V1,FROZEN_V1_CURVATURE_CONTINUITY,CURVATURE_CONTINUITY,5.692808334269727,0.36893162081239145,0.3361384546427657,-0.03279316616962574,0.28893162081239143,0.9474999999999999,False,7.623015664875998e-05,True
DVE039,M0_V1,FROZEN_V1_CURVATURE_CONTINUITY,CURVATURE_CONTINUITY,5.693031937148861,0.36893162081239145,0.33690874687387695,-0.032022873938514496,0.28893162081239143,0.9474999999999999,False,7.623015664875998e-05,True
DVE039,M0_V1,FROZEN_V1_CURVATURE_CONTINUITY,CURVATURE_CONTINUITY,5.6932555400279945,0.36893162081239145,0.3376810126900821,-0.03125060812230934,0.28893162081239143,0.9474999999999999,False,7.623015664875998e-05,True
DVE039,M0_V1,FROZEN_V1_CURVATURE_CONTINUITY,CURVATURE_CONTINUITY,5.693479142907129,0.36893162081239145,0.33845507727823376,-0.030476543534157685,0.28893162081239143,0.9474999999999999,False,7.623015664875998e-05,True
DVE039,M0_V1,FROZEN_V1_CURVATURE_CONTINUITY,CURVATURE_CONTINUITY,5.693702745786263,0.36893162081239145,0.3392307650861087,-0.029700855726282727,0.28893162081239143,0.9474999999999999,False,7.623015664875998e-05,True
DVE039,M0_V1,FROZEN_V1_CURVATURE_CONTINUITY,CURVATURE_CONTINUITY,5.693926348665397,0.36893162081239145,0.34000789988558355,-0.028923720926807894,0.28893162081239143,0.9474999999999999,False,7.623015664875998e-05,True
DVE039,M0_V1,FROZEN_V1_CURVATURE_CONTINUITY,CURVATURE_CONTINUITY,5.6941499515445315,0.36893162081239145,0.34078630483579325,-0.028145315976598195,0.28893162081239143,0.9474999999999999,False,7.623015664875998e-05,True
DVE039,M0_V1,FROZEN_V1_CURVATURE_CONTINUITY,CURVATURE_CONTINUITY,5.694373554423666,0.36893162081239145,0.34156580254629404,-0.027365818266097408,0.28893162081239143,0.9474999999999999,False,7.623015664875998e-05,True
DVE039,M0_V1,FROZEN_V1_CURVATURE_CONTINUITY,CURVATURE_CONTINUITY,5.6945971573028,0.36893162081239145,0.34234621514022556,-0.026585405672165885,0.28893162081239143,0.9474999999999999,False,7.623015664875998e-05,True
DVE039,M0_V1,FROZEN_V1_CURVATURE_CONTINUITY,CURVATURE_CONTINUITY,5.694820760181933,0.36893162081239145,0.3431273643174703,-0.02580425649492113,0.28893162081239143,0.9474999999999999,False,7.623015664875998e-05,True
DVE039,M0_V1,FROZEN_V1_CURVATURE_CONTINUITY,CURVATURE_CONTINUITY,5.695044363061068,0.36893162081239145,0.3439090714178286,-0.025022549394562832,0.28893162081239143,0.9474999999999999,False,7.623015664875998e-05,True
DVE039,M0_V1,FROZEN_V1_CURVATURE_CONTINUITY,CURVATURE_CONTINUITY,5.695267965940202,0.36893162081239145,0.34469115748416196,-0.02424046332822949,0.28893162081239143,0.9474999999999999,False,7.623015664875998e-05,True
DVE039,M0_V1,FROZEN_V1_CURVATURE_CONTINUITY,CURVATURE_CONTINUITY,5.695491568819336,0.36893162081239145,0.3454734433255684,-0.02345817748682305,0.28893162081239143,0.9474999999999999,False,7.623015664875998e-05,True
DVE039,M0_V1,FROZEN_V1_CURVATURE_CONTINUITY,CURVATURE_CONTINUITY,5.69571517169847,0.36893162081239145,0.3462557495805415,-0.022675871231849942,0.28893162081239143,0.9474999999999999,False,7.623015664875998e-05,True
DVE039,M0_V1,FROZEN_V1_CURVATURE_CONTINUITY,CURVATURE_CONTINUITY,5.695938774577605,0.36893162081239145,0.3470378967801327,-0.021893724032258755,0.28893162081239143,0.9474999999999999,False,7.623015664875998e-05,True
DVE039,M0_V1,FROZEN_V1_CURVATURE_CONTINUITY,CURVATURE_CONTINUITY,5.696162377456739,0.36893162081239145,0.3478197054111141,-0.021111915401277326,0.28893162081239143,0.9474999999999999,False,7.623015664875998e-05,True
DVE039,M0_V1,FROZEN_V1_CURVATURE_CONTINUITY,CURVATURE_CONTINUITY,5.696385980335873,0.36893162081239145,0.3486009959791406,-0.02033062483325082,0.28893162081239143,0.9474999999999999,False,7.623015664875998e-05,True
DVE039,M0_V1,FROZEN_V1_CURVATURE_CONTINUITY,CURVATURE_CONTINUITY,5.6966095832150065,0.36893162081239145,0.34938158907190914,-0.01955003174048231,0.28893162081239143,0.9474999999999999,False,7.623015664875998e-05,True
DVE039,M0_V1,FROZEN_V1_CURVATURE_CONTINUITY,CURVATURE_CONTINUITY,5.696833186094141,0.36893162081239145,0.3501613054223338,-0.018770315390057635,0.28893162081239143,0.9474999999999999,False,7.623015664875998e-05,True
DVE039,M0_V1,FROZEN_V1_CURVATURE_CONTINUITY,CURVATURE_CONTINUITY,5.697056788973275,0.36893162081239145,0.3509399659716893,-0.017991654840702143,0.28893162081239143,0.9474999999999999,False,7.623015664875998e-05,True
DVE039,M0_V1,FROZEN_V1_CURVATURE_CONTINUITY,CURVATURE_CONTINUITY,5.697280391852409,0.36893162081239145,0.3517173919327863,-0.017214228879605165,0.28893162081239143,0.9474999999999999,False,7.623015664875998e-05,True
DVE039,M0_V1,FROZEN_V1_CURVATURE_CONTINUITY,CURVATURE_CONTINUITY,5.697503994731544,0.36893162081239145,0.3524934048531299,-0.016438215959261537,0.28893162081239143,0.9474999999999999,False,7.623015664875998e-05,True
DVE039,M0_V1,FROZEN_V1_CURVATURE_CONTINUITY,CURVATURE_CONTINUITY,5.697727597610678,0.36893162081239145,0.353267826678083,-0.015663794134308462,0.28893162081239143,0.9474999999999999,False,7.623015664875998e-05,True
DVE039,M0_V1,FROZEN_V1_CURVATURE_CONTINUITY,CURVATURE_CONTINUITY,5.697951200489812,0.36893162081239145,0.35404047981402814,-0.014891140998363306,0.28893162081239143,0.9474999999999999,False,7.623015664875998e-05,True
DVE039,M0_V1,FROZEN_V1_CURVATURE_CONTINUITY,CURVATURE_CONTINUITY,5.698174803368945,0.36893162081239145,0.3548111871915269,-0.01412043362086457,0.28893162081239143,0.9474999999999999,False,7.623015664875998e-05,True
DVE039,M0_V1,FROZEN_V1_CURVATURE_CONTINUITY,CURVATURE_CONTINUITY,5.69839840624808,0.36893162081239145,0.35557977232849464,-0.013351848483896811,0.28893162081239143,0.9474999999999999,False,7.623015664875998e-05,True
DVE039,M0_V1,FROZEN_V1_CURVATURE_CONTINUITY,CURVATURE_CONTINUITY,5.698622009127214,0.36893162081239145,0.35634605939334474,-0.012585561419046709,0.28893162081239143,0.9474999999999999,False,7.623015664875998e-05,True
DVE039,M0_V1,FROZEN_V1_CURVATURE_CONTINUITY,CURVATURE_CONTINUITY,5.698845612006348,0.36893162081239145,0.3571098732681629,-0.011821747544228545,0.28893162081239143,0.9474999999999999,False,7.623015664875998e-05,True
DVE039,M0_V1,FROZEN_V1_CURVATURE_CONTINUITY,CURVATURE_CONTINUITY,5.6990692148854825,0.36893162081239145,0.3578710396118668,-0.011060581200524666,0.28893162081239143,0.9474999999999999,False,7.623015664875998e-05,True
DVE039,M0_V1,FROZEN_V1_CURVATURE_CONTINUITY,CURVATURE_CONTINUITY,5.699292817764617,0.36893162081239145,0.3586293849233682,-0.010302235889023237,0.28893162081239143,0.9474999999999999,False,7.623015664875998e-05,True
DVE039,M0_V1,FROZEN_V1_CURVATURE_CONTINUITY,CURVATURE_CONTINUITY,5.699516420643751,0.36893162081239145,0.3593847366047358,-0.009546884207655648,0.28893162081239143,0.9474999999999999,False,7.623015664875998e-05,True
DVE039,M0_V1,FROZEN_V1_CURVATURE_CONTINUITY,CURVATURE_CONTINUITY,5.699740023522884,0.36893162081239145,0.36013692302435424,-0.008794697788037209,0.28893162081239143,0.9474999999999999,False,7.623015664875998e-05,True
DVE039,M0_V1,FROZEN_V1_CURVATURE_CONTINUITY,CURVATURE_CONTINUITY,5.699963626402019,0.36893162081239145,0.36088577358009877,-0.00804584723229268,0.28893162081239143,0.9474999999999999,False,7.623015664875998e-05,True
DVE039,M0_V1,FROZEN_V1_CURVATURE_CONTINUITY,CURVATURE_CONTINUITY,5.700187229281153,0.36893162081239145,0.3616311187624795,-0.00730050204991195,0.28893162081239143,0.9474999999999999,False,7.623015664875998e-05,True
DVE039,M0_V1,FROZEN_V1_CURVATURE_CONTINUITY,CURVATURE_CONTINUITY,5.700410832160287,0.36893162081239145,0.36237279021781593,-0.006558830594575515,0.28893162081239143,0.9474999999999999,False,7.623015664875998e-05,True
DVE039,M0_V1,FROZEN_V1_CURVATURE_CONTINUITY,CURVATURE_CONTINUITY,5.700634435039421,0.36893162081239145,0.36311062081139633,-0.0058210000009951135,0.28893162081239143,0.9474999999999999,False,7.623015664875998e-05,True
DVE039,M0_V1,FROZEN_V1_CURVATURE_CONTINUITY,CURVATURE_CONTINUITY,5.700858037918556,0.36893162081239145,0.36384444469064015,-0.005087176121751302,0.28893162081239143,0.9474999999999999,False,7.623015664875998e-05,True
DVE039,M0_V1,FROZEN_V1_CURVATURE_CONTINUITY,CURVATURE_CONTINUITY,5.70108164079769,0.36893162081239145,0.3645740973482606,-0.004357523464130875,0.28893162081239143,0.9474999999999999,False,7.623015664875998e-05,True
DVE039,M0_V1,FROZEN_V1_CURVATURE_CONTINUITY,CURVATURE_CONTINUITY,5.701305243676823,0.36893162081239145,0.3652994156854237,-0.003632205126967769,0.28893162081239143,0.9474999999999999,False,7.623015664875998e-05,True
DVE039,M0_V1,FROZEN_V1_CURVATURE_CONTINUITY,CURVATURE_CONTINUITY,5.7015288465559575,0.36893162081239145,0.3660202380749229,-0.0029113827374685486,0.28893162081239143,0.9474999999999999,False,7.623015664875998e-05,True
DVE039,M0_V1,FROZEN_V1_CURVATURE_CONTINUITY,CURVATURE_CONTINUITY,5.701752449435092,0.36893162081239145,0.36673640442432365,-0.0021952163880678,0.28893162081239143,0.9474999999999999,False,7.623015664875998e-05,True
DVE039,M0_V1,FROZEN_V1_CURVATURE_CONTINUITY,CURVATURE_CONTINUITY,5.701976052314226,0.36893162081239145,0.3674477562391376,-0.0014838645732538347,0.28893162081239143,0.9474999999999999,False,7.623015664875998e-05,True
DVE039,M0_V1,FROZEN_V1_CURVATURE_CONTINUITY,CURVATURE_CONTINUITY,5.70219965519336,0.36893162081239145,0.3681541366859822,-0.0007774841264092669,0.28893162081239143,0.9474999999999999,False,7.623015664875998e-05,True
DVE039,M0_V1,FROZEN_V1_CURVATURE_CONTINUITY,CURVATURE_CONTINUITY,5.7024232580724945,0.36893162081239145,0.3688553906557427,-7.623015664875998e-05,0.28893162081239143,0.9474999999999999,True,7.623015664875998e-05,True
DVE039,M0_V1,FROZEN_V1_CURVATURE_CONTINUITY,CURVATURE_CONTINUITY,5.702646860951629,0.36893162081239145,0.3695513648267354,0.0006197440143439481,0.28893162081239143,0.9474999999999999,False,7.623015664875998e-05,True
DVE039,M0_V1,FROZEN_V1_CURVATURE_CONTINUITY,CURVATURE_CONTINUITY,5.702870463830762,0.36893162081239145,0.3702419077278662,0.0013102869154747454,0.28893162081239143,0.9474999999999999,False,7.623015664875998e-05,True
DVE039,M0_V1,FROZEN_V1_CURVATURE_CONTINUITY,CURVATURE_CONTINUITY,5.703094066709896,0.36893162081239145,0.370926869801805,0.001995248989413556,0.28893162081239143,0.9474999999999999,False,7.623015664875998e-05,True
DVE039,M0_V1,FROZEN_V1_CURVATURE_CONTINUITY,CURVATURE_CONTINUITY,5.703317669589031,0.36893162081239145,0.3716061034681312,0.002674482655739774,0.28893162081239143,0.9474999999999999,False,7.623015664875998e-05,True
DVE039,M0_V1,FROZEN_V1_CURVATURE_CONTINUITY,CURVATURE_CONTINUITY,5.703541272468165,0.36893162081239145,0.3722794631865069,0.0033478423741154506,0.28893162081239143,0.9474999999999999,False,7.623015664875998e-05,True
DVE039,M0_V1,FROZEN_V1_CURVATURE_CONTINUITY,CURVATURE_CONTINUITY,5.703764875347299,0.36893162081239145,0.37294680551983705,0.004015184707445607,0.28893162081239143,0.9474999999999999,False,7.623015664875998e-05,True
DVE039,M0_V1,FROZEN_V1_CURVATURE_CONTINUITY,CURVATURE_CONTINUITY,5.703988478226433,0.36893162081239145,0.37360798919743154,0.004676368385040097,0.28893162081239143,0.9474999999999999,False,7.623015664875998e-05,True
DVE039,M0_V1,FROZEN_V1_CURVATURE_CONTINUITY,CURVATURE_CONTINUITY,5.704212081105568,0.36893162081239145,0.3742628751781676,0.005331254365776139,0.28893162081239143,0.9474999999999999,False,7.623015664875998e-05,True
DVE039,M0_V1,FROZEN_V1_CURVATURE_CONTINUITY,CURVATURE_CONTINUITY,5.704435683984701,0.36893162081239145,0.3749113267136499,0.005979705901258459,0.28893162081239143,0.9474999999999999,False,7.623015664875998e-05,True
DVE039,M0_V1,FROZEN_V1_CURVATURE_CONTINUITY,CURVATURE_CONTINUITY,5.704659286863835,0.36893162081239145,0.3755532094113831,0.006621588598991646,0.28893162081239143,0.9474999999999999,False,7.623015664875998e-05,True
DVE039,M0_V1,FROZEN_V1_CURVATURE_CONTINUITY,CURVATURE_CONTINUITY,5.7048828897429695,0.36893162081239145,0.3761883912979187,0.007256770485527253,0.28893162081239143,0.9474999999999999,False,7.623015664875998e-05,True
DVE039,M0_V1,FROZEN_V1_CURVATURE_CONTINUITY,CURVATURE_CONTINUITY,5.705106492622104,0.36893162081239145,0.37681674288202804,0.007885122069636596,0.28893162081239143,0.9474999999999999,False,7.623015664875998e-05,True
DVE039,M0_V1,FROZEN_V1_CURVATURE_CONTINUITY,CURVATURE_CONTINUITY,5.705330095501238,0.36893162081239145,0.3774381372178618,0.008506516405470343,0.28893162081239143,0.9474999999999999,False,7.623015664875998e-05,True
DVE039,M0_V1,FROZEN_V1_CURVATURE_CONTINUITY,CURVATURE_CONTINUITY,5.705553698380372,0.36893162081239145,0.37805244996811277,0.009120829155721322,0.28893162081239143,0.9474999999999999,False,7.623015664875998e-05,True
DVE039,M0_V1,FROZEN_V1_CURVATURE_CONTINUITY,CURVATURE_CONTINUITY,5.7057773012595066,0.36893162081239145,0.37865955946717805,0.009727938654786605,0.28893162081239143,0.9474999999999999,False,7.623015664875998e-05,True
DVE039,M0_V1,FROZEN_V1_CURVATURE_CONTINUITY,CURVATURE_CONTINUITY,5.706000904138641,0.36893162081239145,0.37925934678432144,0.01032772597192999,0.28893162081239143,0.9474999999999999,False,7.623015664875998e-05,True
DVE039,M0_V1,FROZEN_V1_CURVATURE_CONTINUITY,CURVATURE_CONTINUITY,5.706224507017774,0.36893162081239145,0.3798516957868337,0.010920074974442251,0.28893162081239143,0.9474999999999999,False,7.623015664875998e-05,True
DVE039,M0_V1,FROZEN_V1_CURVATURE_CONTINUITY,CURVATURE_CONTINUITY,5.706448109896908,0.36893162081239145,0.38043649320320416,0.011504872390812715,0.28893162081239143,0.9474999999999999,False,7.623015664875998e-05,True
DVE039,M0_V1,FROZEN_V1_CURVATURE_CONTINUITY,CURVATURE_CONTINUITY,5.706671712776043,0.36893162081239145,0.3810136286862692,0.012082007873877754,0.28893162081239143,0.9474999999999999,False,7.623015664875998e-05,True
DVE039,M0_V1,FROZEN_V1_CURVATURE_CONTINUITY,CURVATURE_CONTINUITY,5.706895315655177,0.36893162081239145,0.3815829948763839,0.012651374063992471,0.28893162081239143,0.9474999999999999,False,7.623015664875998e-05,True
DVE039,M0_V1,FROZEN_V1_CURVATURE_CONTINUITY,CURVATURE_CONTINUITY,5.707118918534311,0.36893162081239145,0.38214448746458224,0.013212866652190791,0.28893162081239143,0.9474999999999999,False,7.623015664875998e-05,True
DVE039,M0_V1,FROZEN_V1_CURVATURE_CONTINUITY,CURVATURE_CONTINUITY,5.7073425214134454,0.36893162081239145,0.3826980052557396,0.013766384443348156,0.28893162081239143,0.9474999999999999,False,7.623015664875998e-05,True
DVE039,M0_V1,FROZEN_V1_CURVATURE_CONTINUITY,CURVATURE_CONTINUITY,5.70756612429258,0.36893162081239145,0.3832434502317348,0.014311829419343336,0.28893162081239143,0.9474999999999999,False,7.623015664875998e-05,True
DVE039,M0_V1,FROZEN_V1_CURVATURE_CONTINUITY,CURVATURE_CONTINUITY,5.707789727171713,0.36893162081239145,0.3837807276146108,0.014849106802219347,0.28893162081239143,0.9474999999999999,False,7.623015664875998e-05,True
DVE039,M0_V1,FROZEN_V1_CURVATURE_CONTINUITY,CURVATURE_CONTINUITY,5.708013330050847,0.36893162081239145,0.38430974592974554,0.015378125117354091,0.28893162081239143,0.9474999999999999,False,7.623015664875998e-05,True
DVE039,M0_V1,FROZEN_V1_CURVATURE_CONTINUITY,CURVATURE_CONTINUITY,5.708236932929982,0.36893162081239145,0.3848304170690014,0.01589879625660995,0.28893162081239143,0.9474999999999999,False,7.623015664875998e-05,True
DVE039,M0_V1,FROZEN_V1_CURVATURE_CONTINUITY,CURVATURE_CONTINUITY,5.708460535809116,0.36893162081239145,0.3853426563538962,0.016411035541504748,0.28893162081239143,0.9474999999999999,False,7.623015664875998e-05,True
DVE039,M0_V1,FROZEN_V1_CURVATURE_CONTINUITY,CURVATURE_CONTINUITY,5.70868413868825,0.36893162081239145,0.38584638259876375,0.0169147617863723,0.28893162081239143,0.9474999999999999,False,7.623015664875998e-05,True
DVE039,M0_V1,FROZEN_V1_CURVATURE_CONTINUITY,CURVATURE_CONTINUITY,5.708907741567384,0.36893162081239145,0.38634151817391577,0.017409897361524318,0.28893162081239143,0.9474999999999999,False,7.623015664875998e-05,True
DVE039,M0_V1,FROZEN_V1_CURVATURE_CONTINUITY,CURVATURE_CONTINUITY,5.709131344446519,0.36893162081239145,0.3868279890688049,0.017896368256413442,0.28893162081239143,0.9474999999999999,False,7.623015664875998e-05,True
DVE039,M0_V1,FROZEN_V1_CURVATURE_CONTINUITY,CURVATURE_CONTINUITY,5.709354947325652,0.36893162081239145,0.3873057249551846,0.01837410414279317,0.28893162081239143,0.9474999999999999,False,7.623015664875998e-05,True
DVE039,M0_V1,FROZEN_V1_CURVATURE_CONTINUITY,CURVATURE_CONTINUITY,5.709578550204786,0.36893162081239145,0.38777465925027965,0.018843038437888204,0.28893162081239143,0.9474999999999999,False,7.623015664875998e-05,True
DVE039,M0_V1,FROZEN_V1_CURVATURE_CONTINUITY,CURVATURE_CONTINUITY,5.7098021530839205,0.36893162081239145,0.38823472917993707,0.01930310836754562,0.28893162081239143,0.9474999999999999,False,7.623015664875998e-05,True
DVE039,M0_V1,FROZEN_V1_CURVATURE_CONTINUITY,CURVATURE_CONTINUITY,5.710025755963055,0.36893162081239145,0.3886858758417958,0.019754255029404366,0.28893162081239143,0.9474999999999999,False,7.623015664875998e-05,True
DVE039,M0_V1,FROZEN_V1_CURVATURE_CONTINUITY,CURVATURE_CONTINUITY,5.710249358842189,0.36893162081239145,0.38912804426844777,0.020196423456056323,0.28893162081239143,0.9474999999999999,False,7.623015664875998e-05,True
DVE039,M0_V1,FROZEN_V1_CURVATURE_CONTINUITY,CURVATURE_CONTINUITY,5.710472961721323,0.36893162081239145,0.3895611834905998,0.02062956267820837,0.28893162081239143,0.9474999999999999,False,7.623015664875998e-05,True
DVE039,M0_V1,FROZEN_V1_CURVATURE_CONTINUITY,CURVATURE_CONTINUITY,5.7106965646004575,0.36893162081239145,0.38998524660023626,0.02105362578784481,0.28893162081239143,0.9474999999999999,False,7.623015664875998e-05,True
DVE039,M0_V1,FROZEN_V1_CURVATURE_CONTINUITY,CURVATURE_CONTINUITY,5.710920167479591,0.36893162081239145,0.39040019081377986,0.02146857000138841,0.28893162081239143,0.9474999999999999,False,7.623015664875998e-05,True
DVE039,M0_V1,FROZEN_V1_CURVATURE_CONTINUITY,CURVATURE_CONTINUITY,5.711143770358725,0.36893162081239145,0.39080597753526086,0.021874356722869415,0.28893162081239143,0.9474999999999999,False,7.623015664875998e-05,True
DVE039,M0_V1,FROZEN_V1_CURVATURE_CONTINUITY,CURVATURE_CONTINUITY,5.711367373237859,0.36893162081239145,0.3912025724194689,0.022270951607077427,0.28893162081239143,0.9474999999999999,False,7.623015664875998e-05,True
DVE039,M0_V1,FROZEN_V1_CURVATURE_CONTINUITY,CURVATURE_CONTINUITY,5.711590976116994,0.36893162081239145,0.39158994543512265,0.022658324622731207,0.28893162081239143,0.9474999999999999,False,7.623015664875998e-05,True
DVE039,M0_V1,FROZEN_V1_CURVATURE_CONTINUITY,CURVATURE_CONTINUITY,5.711814578996128,0.36893162081239145,0.39196807092803054,0.023036450115639096,0.28893162081239143,0.9474999999999999,False,7.623015664875998e-05,True
DVE039,M0_V1,FROZEN_V1_CURVATURE_CONTINUITY,CURVATURE_CONTINUITY,5.712038181875262,0.36893162081239145,0.3923369276842528,0.023405306871861375,0.28893162081239143,0.9474999999999999,False,7.623015664875998e-05,True
DVE039,M0_V1,FROZEN_V1_CURVATURE_CONTINUITY,CURVATURE_CONTINUITY,5.712261784754396,0.36893162081239145,0.39269649899326436,0.023764878180872917,0.28893162081239143,0.9474999999999999,False,7.623015664875998e-05,True
DVE039,M0_V1,FROZEN_V1_CURVATURE_CONTINUITY,CURVATURE_CONTINUITY,5.71248538763353,0.36893162081239145,0.3930467727111154,0.02411515189872393,0.28893162081239143,0.9474999999999999,False,7.623015664875998e-05,True
DVE039,M0_V1,FROZEN_V1_CURVATURE_CONTINUITY,CURVATURE_CONTINUITY,5.712708990512664,0.36893162081239145,0.39338774132359966,0.024456120511208213,0.28893162081239143,0.9474999999999999,False,7.623015664875998e-05,True
DVE039,M0_V1,FROZEN_V1_CURVATURE_CONTINUITY,CURVATURE_CONTINUITY,5.712932593391798,0.36893162081239145,0.39371940200940825,0.0247877811970168,0.28893162081239143,0.9474999999999999,False,7.623015664875998e-05,True
DVE039,M0_V1,FROZEN_V1_CURVATURE_CONTINUITY,CURVATURE_CONTINUITY,5.7131561962709325,0.36893162081239145,0.3940417567032981,0.02511013589090666,0.28893162081239143,0.9474999999999999,False,7.623015664875998e-05,True
DVE039,M0_V1,FROZEN_V1_CURVATURE_CONTINUITY,CURVATURE_CONTINUITY,5.713379799150067,0.36893162081239145,0.39435481215925233,0.025423191346860885,0.28893162081239143,0.9474999999999999,False,7.623015664875998e-05,True
DVE039,M0_V1,FROZEN_V1_CURVATURE_CONTINUITY,CURVATURE_CONTINUITY,5.713603402029201,0.36893162081239145,0.3946585800136432,0.02572695920125173,0.28893162081239143,0.9474999999999999,False,7.623015664875998e-05,True
DVE039,M0_V1,FROZEN_V1_CURVATURE_CONTINUITY,CURVATURE_CONTINUITY,5.713827004908335,0.36893162081239145,0.3949530768483943,0.026021456036002866,0.28893162081239143,0.9474999999999999,False,7.623015664875998e-05,True
DVE039,M0_V1,FROZEN_V1_CURVATURE_CONTINUITY,CURVATURE_CONTINUITY,5.714050607787469,0.36893162081239145,0.39523832425414174,0.02630670344175029,0.28893162081239143,0.9474999999999999,False,7.623015664875998e-05,True
DVE039,M0_V1,FROZEN_V1_CURVATURE_CONTINUITY,CURVATURE_CONTINUITY,5.714274210666603,0.36893162081239145,0.3955143488934015,0.026582728081010032,0.28893162081239143,0.9474999999999999,False,7.623015664875998e-05,True
DVE039,M0_V1,FROZEN_V1_CURVATURE_CONTINUITY,CURVATURE_CONTINUITY,5.714497813545737,0.36893162081239145,0.3957811825637246,0.02684956175133313,0.28893162081239143,0.9474999999999999,False,7.623015664875998e-05,True
DVE039,M0_V1,FROZEN_V1_CURVATURE_CONTINUITY,CURVATURE_CONTINUITY,5.714721416424871,0.36893162081239145,0.39603886226086404,0.027107241448472597,0.28893162081239143,0.9474999999999999,False,7.623015664875998e-05,True
DVE039,M0_V1,FROZEN_V1_CURVATURE_CONTINUITY,CURVATURE_CONTINUITY,5.714945019304006,0.36893162081239145,0.3962874302419366,0.02735580942954513,0.28893162081239143,0.9474999999999999,False,7.623015664875998e-05,True
DVE039,M0_V1,FROZEN_V1_CURVATURE_CONTINUITY,CURVATURE_CONTINUITY,5.71516862218314,0.36893162081239145,0.3965269340885848,0.027595313276193356,0.28893162081239143,0.9474999999999999,False,7.623015664875998e-05,True
DVE039,M0_V1,FROZEN_V1_CURVATURE_CONTINUITY,CURVATURE_CONTINUITY,5.715392225062274,0.36893162081239145,0.3967574267701393,0.027825805957747862,0.28893162081239143,0.9474999999999999,False,7.623015664875998e-05,True
DVE039,M0_V1,FROZEN_V1_CURVATURE_CONTINUITY,CURVATURE_CONTINUITY,5.7156158279414075,0.36893162081239145,0.3969789667067809,0.028047345894389453,0.28893162081239143,0.9474999999999999,False,7.623015664875998e-05,True
DVE039,M0_V1,FROZEN_V1_CURVATURE_CONTINUITY,CURVATURE_CONTINUITY,5.715839430820542,0.36893162081239145,0.3971916178327058,0.028259997020314342,0.28893162081239143,0.9474999999999999,False,7.623015664875998e-05,True
DVE039,M0_V1,FROZEN_V1_CURVATURE_CONTINUITY,CURVATURE_CONTINUITY,5.716063033699676,0.36893162081239145,0.3973954496592832,0.028463828846891748,0.28893162081239143,0.9474999999999999,False,7.623015664875998e-05,True
DVE039,M0_V1,FROZEN_V1_CURVATURE_CONTINUITY,CURVATURE_CONTINUITY,5.71628663657881,0.36893162081239145,0.3975905373382213,0.02865891652582986,0.28893162081239143,0.9474999999999999,False,7.623015664875998e-05,True
DVE039,M0_V1,FROZEN_V1_CURVATURE_CONTINUITY,CURVATURE_CONTINUITY,5.716510239457945,0.36893162081239145,0.39777696172472854,0.028845340912337092,0.28893162081239143,0.9474999999999999,False,7.623015664875998e-05,True
DVE039,M0_V1,FROZEN_V1_CURVATURE_CONTINUITY,CURVATURE_CONTINUITY,5.716733842337079,0.36893162081239145,0.39795480944067585,0.029023188628284402,0.28893162081239143,0.9474999999999999,False,7.623015664875998e-05,True
DVE039,M0_V1,FROZEN_V1_CURVATURE_CONTINUITY,CURVATURE_CONTINUITY,5.716957445216213,0.36893162081239145,0.39812417293776003,0.029192552125368587,0.28893162081239143,0.9474999999999999,False,7.623015664875998e-05,True
DVE039,M0_V1,FROZEN_V1_CURVATURE_CONTINUITY,CURVATURE_CONTINUITY,5.717181048095346,0.36893162081239145,0.39828515056066427,0.029353529748272822,0.28893162081239143,0.9474999999999999,False,7.623015664875998e-05,True
DVE039,M0_V1,FROZEN_V1_CURVATURE_CONTINUITY,CURVATURE_CONTINUITY,5.717404650974481,0.36893162081239145,0.39843784661022386,0.02950622579783241,0.28893162081239143,0.9474999999999999,False,7.623015664875998e-05,True
DVE039,M0_V1,FROZEN_V1_CURVATURE_CONTINUITY,CURVATURE_CONTINUITY,5.717628253853615,0.36893162081239145,0.3985823714065848,0.029650750594193365,0.28893162081239143,0.9474999999999999,False,7.623015664875998e-05,True
DVE039,M0_V1,FROZEN_V1_CURVATURE_CONTINUITY,CURVATURE_CONTINUITY,5.717851856732749,0.36893162081239145,0.3987188413523684,0.029787220539976955,0.28893162081239143,0.9474999999999999,False,7.623015664875998e-05,True
DVE039,M0_V1,FROZEN_V1_CURVATURE_CONTINUITY,CURVATURE_CONTINUITY,5.7180754596118835,0.36893162081239145,0.3988473789958332,0.029915758183441776,0.28893162081239143,0.9474999999999999,False,7.623015664875998e-05,True
DVE039,M0_V1,FROZEN_V1_CURVATURE_CONTINUITY,CURVATURE_CONTINUITY,5.718299062491018,0.36893162081239145,0.39896811309403785,0.0300364922816464,0.28893162081239143,0.9474999999999999,False,7.623015664875998e-05,True
DVE039,M0_V1,FROZEN_V1_CURVATURE_CONTINUITY,CURVATURE_CONTINUITY,5.718522665370152,0.36893162081239145,0.3990811786760024,0.030149557863610954,0.28893162081239143,0.9474999999999999,False,7.623015664875998e-05,True
DVE039,M0_V1,FROZEN_V1_CURVATURE_CONTINUITY,CURVATURE_CONTINUITY,5.718746268249286,0.36893162081239145,0.39918671710587217,0.03025509629348072,0.28893162081239143,0.9474999999999999,False,7.623015664875998e-05,True
DVE039,M0_V1,FROZEN_V1_CURVATURE_CONTINUITY,CURVATURE_CONTINUITY,5.71896987112842,0.36893162081239145,0.39928487614607866,0.030353255333687212,0.28893162081239143,0.9474999999999999,False,7.623015664875998e-05,True
DVE039,M0_V1,FROZEN_V1_CURVATURE_CONTINUITY,CURVATURE_CONTINUITY,5.719193474007554,0.36893162081239145,0.39937581002050393,0.030444189208112482,0.28893162081239143,0.9474999999999999,False,7.623015664875998e-05,True
DVE039,M0_V1,FROZEN_V1_CURVATURE_CONTINUITY,CURVATURE_CONTINUITY,5.719417076886688,0.36893162081239145,0.39945967947764044,0.03052805866524899,0.28893162081239143,0.9474999999999999,False,7.623015664875998e-05,True
DVE039,M0_V1,FROZEN_V1_CURVATURE_CONTINUITY,CURVATURE_CONTINUITY,5.719640679765822,0.36893162081239145,0.39953665185375586,0.030605031041364417,0.28893162081239143,0.9474999999999999,False,7.623015664875998e-05,True
DVE039,M0_V1,FROZEN_V1_CURVATURE_CONTINUITY,CURVATURE_CONTINUITY,5.719864282644957,0.36893162081239145,0.39960690113605385,0.0306752803236624,0.28893162081239143,0.9474999999999999,False,7.623015664875998e-05,True
DVE039,M0_V1,FROZEN_V1_CURVATURE_CONTINUITY,CURVATURE_CONTINUITY,5.720087885524091,0.36893162081239145,0.3996706080258374,0.03073898721344598,0.28893162081239143,0.9474999999999999,False,7.623015664875998e-05,True
DVE039,M0_V1,FROZEN_V1_CURVATURE_CONTINUITY,CURVATURE_CONTINUITY,5.720311488403225,0.36893162081239145,0.39972796000167105,0.030796339189279598,0.28893162081239143,0.9474999999999999,False,7.623015664875998e-05,True
DVE039,M0_V1,FROZEN_V1_CURVATURE_CONTINUITY,CURVATURE_CONTINUITY,5.7205350912823585,0.36893162081239145,0.3997791513825426,0.03084753057015116,0.28893162081239143,0.9474999999999999,False,7.623015664875998e-05,True
DVE039,M0_V1,FROZEN_V1_CURVATURE_CONTINUITY,CURVATURE_CONTINUITY,5.720758694161493,0.36893162081239145,0.3998243833910271,0.030892762578635657,0.28893162081239143,0.9474999999999999,False,7.623015664875998e-05,True
DVE039,M0_V1,FROZEN_V1_CURVATURE_CONTINUITY,CURVATURE_CONTINUITY,5.720982297040627,0.36893162081239145,0.3998638642164478,0.03093224340405637,0.28893162081239143,0.9474999999999999,False,7.623015664875998e-05,True
DVE039,M0_V1,FROZEN_V1_CURVATURE_CONTINUITY,CURVATURE_CONTINUITY,5.721205899919761,0.36893162081239145,0.39989780907803857,0.03096618826564712,0.28893162081239143,0.9474999999999999,False,7.623015664875998e-05,True
DVE039,M0_V1,FROZEN_V1_CURVATURE_CONTINUITY,CURVATURE_CONTINUITY,5.7214295027988955,0.36893162081239145,0.39992644028810775,0.030994819475716306,0.28893162081239143,0.9474999999999999,False,7.623015664875998e-05,True
DVE039,M0_V1,FROZEN_V1_CURVATURE_CONTINUITY,CURVATURE_CONTINUITY,5.72165310567803,0.36893162081239145,0.39994998731519893,0.031018366502807482,0.28893162081239143,0.9474999999999999,False,7.623015664875998e-05,True
DVE039,M0_V1,FROZEN_V1_CURVATURE_CONTINUITY,CURVATURE_CONTINUITY,5.721876708557164,0.36893162081239145,0.39996868684725434,0.031037066034862892,0.28893162081239143,0.9474999999999999,False,7.623015664875998e-05,True
DVE039,M0_V1,FROZEN_V1_CURVATURE_CONTINUITY,CURVATURE_CONTINUITY,5.722100311436297,0.36893162081239145,0.39998278285477684,0.031051162042385394,0.28893162081239143,0.9474999999999999,False,7.623015664875998e-05,True
DVE039,M0_V1,FROZEN_V1_CURVATURE_CONTINUITY,CURVATURE_CONTINUITY,5.722323914315432,0.36893162081239145,0.39999252665399304,0.031060905841601594,0.28893162081239143,0.9474999999999999,False,7.623015664875998e-05,True
DVE039,M0_V1,FROZEN_V1_CURVATURE_CONTINUITY,CURVATURE_CONTINUITY,5.722547517194566,0.36893162081239145,0.3999981769700143,0.031066556157622827,0.28893162081239143,0.9474999999999999,False,7.623015664875998e-05,True
DVE039,M0_V1,FROZEN_V1_CURVATURE_CONTINUITY,CURVATURE_CONTINUITY,5.7227711200737,0.36893162081239145,0.40000000000000063,0.031068379187609185,0.28893162081239143,0.9474999999999999,False,7.623015664875998e-05,True
DVE039,M0_V1,FROZEN_V1_CURVATURE_CONTINUITY,CURVATURE_CONTINUITY,5.722994722952834,0.36893162081239145,0.3999981747567246,0.031066553944333164,0.28893162081239143,0.9474999999999999,False,7.623015664875998e-05,True
DVE039,M0_V1,FROZEN_V1_CURVATURE_CONTINUITY,CURVATURE_CONTINUITY,5.723218325831969,0.36893162081239145,0.3999925090715013,0.031060888259109853,0.28893162081239143,0.9474999999999999,False,7.623015664875998e-05,True
DVE039,M0_V1,FROZEN_V1_CURVATURE_CONTINUITY,CURVATURE_CONTINUITY,5.723441928711103,0.36893162081239145,0.3999827239303459,0.03105110311795445,0.28893162081239143,0.9474999999999999,False,7.623015664875998e-05,True
DVE039,M0_V1,FROZEN_V1_CURVATURE_CONTINUITY,CURVATURE_CONTINUITY,5.723665531590236,0.36893162081239145,0.39996854815833627,0.03103692734594482,0.28893162081239143,0.9474999999999999,False,7.623015664875998e-05,True
DVE039,M0_V1,FROZEN_V1_CURVATURE_CONTINUITY,CURVATURE_CONTINUITY,5.7238891344693705,0.36893162081239145,0.39994971835326204,0.031018097540870593,0.28893162081239143,0.9474999999999999,False,7.623015664875998e-05,True
DVE039,M0_V1,FROZEN_V1_CURVATURE_CONTINUITY,CURVATURE_CONTINUITY,5.724112737348505,0.36893162081239145,0.39992597881927383,0.030994358006882383,0.28893162081239143,0.9474999999999999,False,7.623015664875998e-05,True
DVE039,M0_V1,FROZEN_V1_CURVATURE_CONTINUITY,CURVATURE_CONTINUITY,5.724336340227639,0.36893162081239145,0.3998970815005321,0.030965460688140656,0.28893162081239143,0.9474999999999999,False,7.623015664875998e-05,True
DVE039,M0_V1,FROZEN_V1_CURVATURE_CONTINUITY,CURVATURE_CONTINUITY,5.724559943106773,0.36893162081239145,0.3998627859148566,0.03093116510246513,0.28893162081239143,0.9474999999999999,False,7.623015664875998e-05,True
DVE039,M0_V1,FROZEN_V1_CURVATURE_CONTINUITY,CURVATURE_CONTINUITY,5.7247835459859076,0.36893162081239145,0.399822859087375,0.03089123827498358,0.28893162081239143,0.9474999999999999,False,7.623015664875998e-05,True
DVE039,M0_V1,FROZEN_V1_CURVATURE_CONTINUITY,CURVATURE_CONTINUITY,5.725007148865042,0.36893162081239145,0.3997770754841724,0.03084545467178096,0.28893162081239143,0.9474999999999999,False,7.623015664875998e-05,True
DVE039,M0_V1,FROZEN_V1_CURVATURE_CONTINUITY,CURVATURE_CONTINUITY,5.725230751744175,0.36893162081239145,0.3997252169459404,0.03079359613354893,0.28893162081239143,0.9474999999999999,False,7.623015664875998e-05,True
DVE039,M0_V1,FROZEN_V1_CURVATURE_CONTINUITY,CURVATURE_CONTINUITY,5.725454354623309,0.36893162081239145,0.39966707262162526,0.030735451809233816,0.28893162081239143,0.9474999999999999,False,7.623015664875998e-05,True
DVE039,M0_V1,FROZEN_V1_CURVATURE_CONTINUITY,CURVATURE_CONTINUITY,5.725677957502444,0.36893162081239145,0.3996024389020786,0.030670818089687135,0.28893162081239143,0.9474999999999999,False,7.623015664875998e-05,True
DVE039,M0_V1,FROZEN_V1_CURVATURE_CONTINUITY,CURVATURE_CONTINUITY,5.725901560381578,0.36893162081239145,0.3995311193537051,0.030599498541313663,0.28893162081239143,0.9474999999999999,False,7.623015664875998e-05,True
DVE039,M0_V1,FROZEN_V1_CURVATURE_CONTINUITY,CURVATURE_CONTINUITY,5.726125163260712,0.36893162081239145,0.3994529246521125,0.03052130383972107,0.28893162081239143,0.9474999999999999,False,7.623015664875998e-05,True
DVE039,M0_V1,FROZEN_V1_CURVATURE_CONTINUITY,CURVATURE_CONTINUITY,5.7263487661398464,0.36893162081239145,0.39936767251576,0.03043605170336855,0.28893162081239143,0.9474999999999999,False,7.623015664875998e-05,True
DVE039,M0_V1,FROZEN_V1_CURVATURE_CONTINUITY,CURVATURE_CONTINUITY,5.726572369018981,0.36893162081239145,0.39927518763960773,0.030343566827216284,0.28893162081239143,0.9474999999999999,False,7.623015664875998e-05,True
DVE039,M0_V1,FROZEN_V1_CURVATURE_CONTINUITY,CURVATURE_CONTINUITY,5.726795971898114,0.36893162081239145,0.39917530162876624,0.030243680816374796,0.28893162081239143,0.9474999999999999,False,7.623015664875998e-05,True
DVE039,M0_V1,FROZEN_V1_CURVATURE_CONTINUITY,CURVATURE_CONTINUITY,5.727019574777248,0.36893162081239145,0.3990678529321438,0.03013623211975236,0.28893162081239143,0.9474999999999999,False,7.623015664875998e-05,True
DVE039,M0_V1,FROZEN_V1_CURVATURE_CONTINUITY,CURVATURE_CONTINUITY,5.727243177656383,0.36893162081239145,0.39895268677609796,0.030021065963706517,0.28893162081239143,0.9474999999999999,False,7.623015664875998e-05,True
DVE039,M0_V1,FROZEN_V1_CURVATURE_CONTINUITY,CURVATURE_CONTINUITY,5.727466780535517,0.36893162081239145,0.39882965509808316,0.02989803428569171,0.28893162081239143,0.9474999999999999,False,7.623015664875998e-05,True
DVE039,M0_V1,FROZEN_V1_CURVATURE_CONTINUITY,CURVATURE_CONTINUITY,5.727690383414651,0.36893162081239145,0.3986986164803001,0.029766995667908636,0.28893162081239143,0.9474999999999999,False,7.623015664875998e-05,True
DVE039,M0_V1,FROZEN_V1_CURVATURE_CONTINUITY,CURVATURE_CONTINUITY,5.727913986293785,0.36893162081239145,0.3985594360833447,0.02962781527095326,0.28893162081239143,0.9474999999999999,False,7.623015664875998e-05,True
DVE039,M0_V1,FROZEN_V1_CURVATURE_CONTINUITY,CURVATURE_CONTINUITY,5.72813758917292,0.36893162081239145,0.3984119855798575,0.029480364767466072,0.28893162081239143,0.9474999999999999,False,7.623015664875998e-05,True
DVE039,M0_V1,FROZEN_V1_CURVATURE_CONTINUITY,CURVATURE_CONTINUITY,5.728361192052053,0.36893162081239145,0.39825614308817314,0.029324522275781695,0.28893162081239143,0.9474999999999999,False,7.623015664875998e-05,True
DVE039,M0_V1,FROZEN_V1_CURVATURE_CONTINUITY,CURVATURE_CONTINUITY,5.728584794931187,0.36893162081239145,0.39809179310596693,0.02916017229357548,0.28893162081239143,0.9474999999999999,False,7.623015664875998e-05,True
DVE039,M0_V1,FROZEN_V1_CURVATURE_CONTINUITY,CURVATURE_CONTINUITY,5.7288083978103215,0.36893162081239145,0.3979188264439079,0.028987205631516466,0.28893162081239143,0.9474999999999999,False,7.623015664875998e-05,True
DVE039,M0_V1,FROZEN_V1_CURVATURE_CONTINUITY,CURVATURE_CONTINUITY,5.729032000689456,0.36893162081239145,0.3977371401593051,0.028805519346913666,0.28893162081239143,0.9474999999999999,False,7.623015664875998e-05,True
DVE039,M0_V1,FROZEN_V1_CURVATURE_CONTINUITY,CURVATURE_CONTINUITY,5.72925560356859,0.36893162081239145,0.39754663748975755,0.0286150166773661,0.28893162081239143,0.9474999999999999,False,7.623015664875998e-05,True
DVE039,M0_V1,FROZEN_V1_CURVATURE_CONTINUITY,CURVATURE_CONTINUITY,5.729479206447724,0.36893162081239145,0.3973472277868032,0.028415606974411756,0.28893162081239143,0.9474999999999999,False,7.623015664875998e-05,True
DVE039,M0_V1,FROZEN_V1_CURVATURE_CONTINUITY,CURVATURE_CONTINUITY,5.7297028093268585,0.36893162081239145,0.39713882644956805,0.028207205637176602,0.28893162081239143,0.9474999999999999,False,7.623015664875998e-05,True
DVE039,M0_V1,FROZEN_V1_CURVATURE_CONTINUITY,CURVATURE_CONTINUITY,5.729926412205993,0.36893162081239145,0.39692135485841523,0.027989734046023784,0.28893162081239143,0.9474999999999999,False,7.623015664875998e-05,True
DVE039,M0_V1,FROZEN_V1_CURVATURE_CONTINUITY,CURVATURE_CONTINUITY,5.730150015085126,0.36893162081239145,0.39669474030859503,0.02776311949620358,0.28893162081239143,0.9474999999999999,False,7.623015664875998e-05,True
DVE039,M0_V1,FROZEN_V1_CURVATURE_CONTINUITY,CURVATURE_CONTINUITY,5.73037361796426,0.36893162081239145,0.39645891594389027,0.02752729513149882,0.28893162081239143,0.9474999999999999,False,7.623015664875998e-05,True
DVE039,M0_V1,FROZEN_V1_CURVATURE_CONTINUITY,CURVATURE_CONTINUITY,5.730597220843395,0.36893162081239145,0.3962138206902709,0.027282199877879443,0.28893162081239143,0.9474999999999999,False,7.623015664875998e-05,True
DVE039,M0_V1,FROZEN_V1_CURVATURE_CONTINUITY,CURVATURE_CONTINUITY,5.730820823722529,0.36893162081239145,0.39595939918953943,0.027027778377147982,0.28893162081239143,0.9474999999999999,False,7.623015664875998e-05,True
DVE039,M0_V1,FROZEN_V1_CURVATURE_CONTINUITY,CURVATURE_CONTINUITY,5.731044426601663,0.36893162081239145,0.39569560173298096,0.026763980920589514,0.28893162081239143,0.9474999999999999,False,7.623015664875998e-05,True
DVE039,M0_V1,FROZEN_V1_CURVATURE_CONTINUITY,CURVATURE_CONTINUITY,5.731268029480797,0.36893162081239145,0.3954223841950123,0.026490763382620852,0.28893162081239143,0.9474999999999999,False,7.623015664875998e-05,True
DVE039,M0_V1,FROZEN_V1_CURVATURE_CONTINUITY,CURVATURE_CONTINUITY,5.731491632359932,0.36893162081239145,0.3951397079668308,0.02620808715443934,0.28893162081239143,0.9474999999999999,False,7.623015664875998e-05,True
DVE039,M0_V1,FROZEN_V1_CURVATURE_CONTINUITY,CURVATURE_CONTINUITY,5.731715235239065,0.36893162081239145,0.39484753989006494,0.025915919077673488,0.28893162081239143,0.9474999999999999,False,7.623015664875998e-05,True
DVE039,M0_V1,FROZEN_V1_CURVATURE_CONTINUITY,CURVATURE_CONTINUITY,5.731938838118199,0.36893162081239145,0.3945458521904187,0.025614231378027263,0.28893162081239143,0.9474999999999999,False,7.623015664875998e-05,True
DVE039,M0_V1,FROZEN_V1_CURVATURE_CONTINUITY,CURVATURE_CONTINUITY,5.7321624409973335,0.36893162081239145,0.3942346224113273,0.025303001598935837,0.28893162081239143,0.9474999999999999,False,7.623015664875998e-05,True
DVE039,M0_V1,FROZEN_V1_CURVATURE_CONTINUITY,CURVATURE_CONTINUITY,5.732386043876468,0.36893162081239145,0.39391383334760205,0.0249822125352106,0.28893162081239143,0.9474999999999999,False,7.623015664875998e-05,True
DVE039,M0_V1,FROZEN_V1_CURVATURE_CONTINUITY,CURVATURE_CONTINUITY,5.732609646755602,0.36893162081239145,0.3935834729790804,0.02465185216668897,0.28893162081239143,0.9474999999999999,False,7.623015664875998e-05,True
DVE039,M0_V1,FROZEN_V1_CURVATURE_CONTINUITY,CURVATURE_CONTINUITY,5.732833249634736,0.36893162081239145,0.393243534404275,0.02431191359188356,0.28893162081239143,0.9474999999999999,False,7.623015664875998e-05,True
DVE039,M0_V1,FROZEN_V1_CURVATURE_CONTINUITY,CURVATURE_CONTINUITY,5.7330568525138705,0.36893162081239145,0.3928940157740229,0.02396239496163144,0.28893162081239143,0.9474999999999999,False,7.623015664875998e-05,True
DVE039,M0_V1,FROZEN_V1_CURVATURE_CONTINUITY,CURVATURE_CONTINUITY,5.733280455393004,0.36893162081239145,0.3925349202251359,0.023603299412744472,0.28893162081239143,0.9474999999999999,False,7.623015664875998e-05,True
DVE039,M0_V1,FROZEN_V1_CURVATURE_CONTINUITY,CURVATURE_CONTINUITY,5.733504058272138,0.36893162081239145,0.39216625581404424,0.023234635001652792,0.28893162081239143,0.9474999999999999,False,7.623015664875998e-05,True
DVE039,M0_V1,FROZEN_V1_CURVATURE_CONTINUITY,CURVATURE_CONTINUITY,5.733727661151272,0.36893162081239145,0.39178803545045365,0.022856414638062206,0.28893162081239143,0.9474999999999999,False,7.623015664875998e-05,True
DVE039,M0_V1,FROZEN_V1_CURVATURE_CONTINUITY,CURVATURE_CONTINUITY,5.733951264030407,0.36893162081239145,0.3914002768309895,0.022468656018598043,0.28893162081239143,0.9474999999999999,False,7.623015664875998e-05,True
DVE039,M0_V1,FROZEN_V1_CURVATURE_CONTINUITY,CURVATURE_CONTINUITY,5.734174866909541,0.36893162081239145,0.39100300237284674,0.022071381560455294,0.28893162081239143,0.9474999999999999,False,7.623015664875998e-05,True
DVE039,M0_V1,FROZEN_V1_CURVATURE_CONTINUITY,CURVATURE_CONTINUITY,5.734398469788675,0.36893162081239145,0.39059623914743913,0.02166461833504768,0.28893162081239143,0.9474999999999999,False,7.623015664875998e-05,True
DVE039,M0_V1,FROZEN_V1_CURVATURE_CONTINUITY,CURVATURE_CONTINUITY,5.734622072667809,0.36893162081239145,0.39018001881404846,0.02124839800165701,0.28893162081239143,0.9474999999999999,False,7.623015664875998e-05,True
DVE039,M0_V1,FROZEN_V1_CURVATURE_CONTINUITY,CURVATURE_CONTINUITY,5.734845675546943,0.36893162081239145,0.3897543775534753,0.02082275674108386,0.28893162081239143,0.9474999999999999,False,7.623015664875998e-05,True
DVE039,M0_V1,FROZEN_V1_CURVATURE_CONTINUITY,CURVATURE_CONTINUITY,5.735069278426077,0.36893162081239145,0.38931935600168105,0.020387735189289602,0.28893162081239143,0.9474999999999999,False,7.623015664875998e-05,True
DVE039,M0_V1,FROZEN_V1_CURVATURE_CONTINUITY,CURVATURE_CONTINUITY,5.735292881305211,0.36893162081239145,0.38887499918344753,0.019943378371056086,0.28893162081239143,0.9474999999999999,False,7.623015664875998e-05,True
DVE039,M0_V1,FROZEN_V1_CURVATURE_CONTINUITY,CURVATURE_CONTINUITY,5.735516484184346,0.36893162081239145,0.3884213564460191,0.01948973563362766,0.28893162081239143,0.9474999999999999,False,7.623015664875998e-05,True
DVE039,M0_V1,FROZEN_V1_CURVATURE_CONTINUITY,CURVATURE_CONTINUITY,5.73574008706348,0.36893162081239145,0.38795848139275346,0.019026860580362015,0.28893162081239143,0.9474999999999999,False,7.623015664875998e-05,True
DVE039,M0_V1,FROZEN_V1_CURVATURE_CONTINUITY,CURVATURE_CONTINUITY,5.735963689942614,0.36893162081239145,0.38748643181677084,0.01855481100437939,0.28893162081239143,0.9474999999999999,False,7.623015664875998e-05,True
DVE039,M0_V1,FROZEN_V1_CURVATURE_CONTINUITY,CURVATURE_CONTINUITY,5.736187292821748,0.36893162081239145,0.3870052696346029,0.018073648822211463,0.28893162081239143,0.9474999999999999,False,7.623015664875998e-05,True
DVE039,M0_V1,FROZEN_V1_CURVATURE_CONTINUITY,CURVATURE_CONTINUITY,5.736410895700882,0.36893162081239145,0.386515060819844,0.017583440007452544,0.28893162081239143,0.9474999999999999,False,7.623015664875998e-05,True
DVE039,M0_V1,FROZEN_V1_CURVATURE_CONTINUITY,CURVATURE_CONTINUITY,5.736634498580016,0.36893162081239145,0.38601587533679227,0.01708425452440082,0.28893162081239143,0.9474999999999999,False,7.623015664875998e-05,True
DVE039,M0_V1,FROZEN_V1_CURVATURE_CONTINUITY,CURVATURE_CONTINUITY,5.73685810145915,0.36893162081239145,0.3855077870741105,0.01657616626171904,0.28893162081239143,0.9474999999999999,False,7.623015664875998e-05,True
DVE039,M0_V1,FROZEN_V1_CURVATURE_CONTINUITY,CURVATURE_CONTINUITY,5.7370817043382845,0.36893162081239145,0.3849908737784673,0.016059252966075854,0.28893162081239143,0.9474999999999999,False,7.623015664875998e-05,True
DVE039,M0_V1,FROZEN_V1_CURVATURE_CONTINUITY,CURVATURE_CONTINUITY,5.737305307217419,0.36893162081239145,0.38446521698818853,0.015533596175797082,0.28893162081239143,0.9474999999999999,False,7.623015664875998e-05,True
DVE039,M0_V1,FROZEN_V1_CURVATURE_CONTINUITY,CURVATURE_CONTINUITY,5.737528910096553,0.36893162081239145,0.3839309019669058,0.014999281154514377,0.28893162081239143,0.9474999999999999,False,7.623015664875998e-05,True
DVE039,M0_V1,FROZEN_V1_CURVATURE_CONTINUITY,CURVATURE_CONTINUITY,5.737752512975687,0.36893162081239145,0.38338801763720604,0.014456396824814588,0.28893162081239143,0.9474999999999999,False,7.623015664875998e-05,True
DVE039,M0_V1,FROZEN_V1_CURVATURE_CONTINUITY,CURVATURE_CONTINUITY,5.737976115854821,0.36893162081239145,0.3828366565142826,0.013905035701891166,0.28893162081239143,0.9474999999999999,False,7.623015664875998e-05,True
DVE039,M0_V1,FROZEN_V1_CURVATURE_CONTINUITY,CURVATURE_CONTINUITY,5.738199718733955,0.36893162081239145,0.38227691463957547,0.013345293827184024,0.28893162081239143,0.9474999999999999,False,7.623015664875998e-05,True
DVE039,M0_V1,FROZEN_V1_CURVATURE_CONTINUITY,CURVATURE_CONTINUITY,5.738423321613089,0.36893162081239145,0.3817088915144336,0.012777270702042154,0.28893162081239143,0.9474999999999999,False,7.623015664875998e-05,True
DVE039,M0_V1,FROZEN_V1_CURVATURE_CONTINUITY,CURVATURE_CONTINUITY,5.738646924492223,0.36893162081239145,0.3811326900337553,0.012201069221363825,0.28893162081239143,0.9474999999999999,False,7.623015664875998e-05,True
DVE039,M0_V1,FROZEN_V1_CURVATURE_CONTINUITY,CURVATURE_CONTINUITY,5.738870527371358,0.36893162081239145,0.38054841641963943,0.011616795607247987,0.28893162081239143,0.9474999999999999,False,7.623015664875998e-05,True
DVE039,M0_V1,FROZEN_V1_CURVATURE_CONTINUITY,CURVATURE_CONTINUITY,5.739094130250492,0.36893162081239145,0.3799561801550345,0.01102455934264307,0.28893162081239143,0.9474999999999999,False,7.623015664875998e-05,True
DVE039,M0_V1,FROZEN_V1_CURVATURE_CONTINUITY,CURVATURE_CONTINUITY,5.739317733129626,0.36893162081239145,0.3793560939173877,0.010424473104996279,0.28893162081239143,0.9474999999999999,False,7.623015664875998e-05,True
DVE039,M0_V1,FROZEN_V1_CURVATURE_CONTINUITY,CURVATURE_CONTINUITY,5.7395413360087595,0.36893162081239145,0.3787482735122967,0.009816652699905226,0.28893162081239143,0.9474999999999999,False,7.623015664875998e-05,True
DVE039,M0_V1,FROZEN_V1_CURVATURE_CONTINUITY,CURVATURE_CONTINUITY,5.739764938887894,0.36893162081239145,0.37813283780714846,0.009201216994757011,0.28893162081239143,0.9474999999999999,False,7.623015664875998e-05,True
DVE039,M0_V1,FROZEN_V1_CURVATURE_CONTINUITY,CURVATURE_CONTINUITY,5.739988541767028,0.36893162081239145,0.37750990866478346,0.008578287852392008,0.28893162081239143,0.9474999999999999,False,7.623015664875998e-05,True
DVE039,M0_V1,FROZEN_V1_CURVATURE_CONTINUITY,CURVATURE_CONTINUITY,5.740212144646162,0.36893162081239145,0.3768796108771347,0.007947990064743227,0.28893162081239143,0.9474999999999999,False,7.623015664875998e-05,True
DVE039,M0_V1,FROZEN_V1_CURVATURE_CONTINUITY,CURVATURE_CONTINUITY,5.7404357475252965,0.36893162081239145,0.37624207209887944,0.007310451286487996,0.28893162081239143,0.9474999999999999,False,7.623015664875998e-05,True
DVE039,M0_V1,FROZEN_V1_CURVATURE_CONTINUITY,CURVATURE_CONTINUITY,5.740659350404431,0.36893162081239145,0.37559742278108815,0.006665801968696705,0.28893162081239143,0.9474999999999999,False,7.623015664875998e-05,True
DVE039,M0_V1,FROZEN_V1_CURVATURE_CONTINUITY,CURVATURE_CONTINUITY,5.740882953283565,0.36893162081239145,0.3749457961048736,0.00601417529248216,0.28893162081239143,0.9474999999999999,False,7.623015664875998e-05,True
DVE039,M0_V1,FROZEN_V1_CURVATURE_CONTINUITY,CURVATURE_CONTINUITY,5.741106556162699,0.36893162081239145,0.37428732791504016,0.00535570710264871,0.28893162081239143,0.9474999999999999,False,7.623015664875998e-05,True
DVE039,M0_V1,FROZEN_V1_CURVATURE_CONTINUITY,CURVATURE_CONTINUITY,5.741330159041833,0.36893162081239145,0.37362215665373516,0.004690535841343713,0.28893162081239143,0.9474999999999999,False,7.623015664875998e-05,True
DVE039,M0_V1,FROZEN_V1_CURVATURE_CONTINUITY,CURVATURE_CONTINUITY,5.741553761920967,0.36893162081239145,0.3729504232940877,0.0040188024816962264,0.28893162081239143,0.9474999999999999,False,7.623015664875998e-05,True
DVE039,M0_V1,FROZEN_V1_CURVATURE_CONTINUITY,CURVATURE_CONTINUITY,5.741777364800101,0.36893162081239145,0.37227227127387336,0.003340650461481909,0.28893162081239143,0.9474999999999999,False,7.623015664875998e-05,True
DVE039,M0_V1,FROZEN_V1_CURVATURE_CONTINUITY,CURVATURE_CONTINUITY,5.742000967679235,0.36893162081239145,0.371587846429153,0.002656225616761543,0.28893162081239143,0.9474999999999999,False,7.623015664875998e-05,True
DVE039,M0_V1,FROZEN_V1_CURVATURE_CONTINUITY,CURVATURE_CONTINUITY,5.74222457055837,0.36893162081239145,0.3708972969279243,0.001965676115532833,0.28893162081239143,0.9474999999999999,False,7.623015664875998e-05,True
DVE039,M0_V1,FROZEN_V1_CURVATURE_CONTINUITY,CURVATURE_CONTINUITY,5.742448173437504,0.36893162081239145,0.3702007732037708,0.001269152391379369,0.28893162081239143,0.9474999999999999,False,7.623015664875998e-05,True
DVE039,M0_V1,FROZEN_V1_CURVATURE_CONTINUITY,CURVATURE_CONTINUITY,5.742671776316638,0.36893162081239145,0.36949842788951126,0.000566807077119813,0.28893162081239143,0.9474999999999999,False,7.623015664875998e-05,True
DVE039,M0_V1,FROZEN_V1_CURVATURE_CONTINUITY,CURVATURE_CONTINUITY,5.7428953791957715,0.36893162081239145,0.36879041575085103,-0.000141205061540417,0.28893162081239143,0.9474999999999999,False,7.623015664875998e-05,True
DVE039,M0_V1,FROZEN_V1_CURVATURE_CONTINUITY,CURVATURE_CONTINUITY,5.743118982074906,0.36893162081239145,0.3680768936200206,-0.000854727192370841,0.28893162081239143,0.9474999999999999,False,7.623015664875998e-05,True
DVE039,M0_V1,FROZEN_V1_CURVATURE_CONTINUITY,CURVATURE_CONTINUITY,5.74334258495404,0.36893162081239145,0.3673580203294409,-0.0015736004829505212,0.28893162081239143,0.9474999999999999,False,7.623015664875998e-05,True
DVE039,M0_V1,FROZEN_V1_CURVATURE_CONTINUITY,CURVATURE_CONTINUITY,5.743566187833174,0.36893162081239145,0.3666339566453616,-0.002297664167029867,0.28893162081239143,0.9474999999999999,False,7.623015664875998e-05,True
DVE039,M0_V1,FROZEN_V1_CURVATURE_CONTINUITY,CURVATURE_CONTINUITY,5.7437897907123086,0.36893162081239145,0.3659048652015126,-0.0030267556108788396,0.28893162081239143,0.9474999999999999,False,7.623015664875998e-05,True
DVE039,M0_V1,FROZEN_V1_CURVATURE_CONTINUITY,CURVATURE_CONTINUITY,5.744013393591443,0.36893162081239145,0.3651709104327536,-0.0037607103796378216,0.28893162081239143,0.9474999999999999,False,7.623015664875998e-05,True
DVE039,M0_V1,FROZEN_V1_CURVATURE_CONTINUITY,CURVATURE_CONTINUITY,5.744236996470577,0.36893162081239145,0.36443225850872285,-0.004499362303668597,0.28893162081239143,0.9474999999999999,False,7.623015664875998e-05,True
DVE039,M0_V1,FROZEN_V1_CURVATURE_CONTINUITY,CURVATURE_CONTINUITY,5.74446059934971,0.36893162081239145,0.36368907726748906,-0.005242543544902389,0.28893162081239143,0.9474999999999999,False,7.623015664875998e-05,True
DVE039,M0_V1,FROZEN_V1_CURVATURE_CONTINUITY,CURVATURE_CONTINUITY,5.744684202228845,0.36893162081239145,0.3629415361491892,-0.005990084663202222,0.28893162081239143,0.9474999999999999,False,7.623015664875998e-05,True
DVE039,M0_V1,FROZEN_V1_CURVATURE_CONTINUITY,CURVATURE_CONTINUITY,5.744907805107979,0.36893162081239145,0.36218980612969476,-0.00674181468269669,0.28893162081239143,0.9474999999999999,False,7.623015664875998e-05,True
DVE039,M0_V1,FROZEN_V1_CURVATURE_CONTINUITY,CURVATURE_CONTINUITY,5.745131407987113,0.36893162081239145,0.36143405965424935,-0.0074975611581420964,0.28893162081239143,0.9474999999999999,False,7.623015664875998e-05,True
DVE039,M0_V1,FROZEN_V1_CURVATURE_CONTINUITY,CURVATURE_CONTINUITY,5.7453550108662474,0.36893162081239145,0.36067447057112056,-0.008257150241270883,0.28893162081239143,0.9474999999999999,False,7.623015664875998e-05,True
DVE039,M0_V1,FROZEN_V1_CURVATURE_CONTINUITY,CURVATURE_CONTINUITY,5.745578613745382,0.36893162081239145,0.35991121406524923,-0.009020406747142218,0.28893162081239143,0.9474999999999999,False,7.623015664875998e-05,True
DVE039,M0_V1,FROZEN_V1_CURVATURE_CONTINUITY,CURVATURE_CONTINUITY,5.745802216624516,0.36893162081239145,0.3591444665918983,-0.009787154220493144,0.28893162081239143,0.9474999999999999,False,7.623015664875998e-05,True
DVE039,M0_V1,FROZEN_V1_CURVATURE_CONTINUITY,CURVATURE_CONTINUITY,5.746025819503649,0.36893162081239145,0.3583744058103052,-0.010557215002086229,0.28893162081239143,0.9474999999999999,False,7.623015664875998e-05,True
DVE039,M0_V1,FROZEN_V1_CURVATURE_CONTINUITY,CURVATURE_CONTINUITY,5.746249422382784,0.36893162081239145,0.35760121051731847,-0.011330410295072979,0.28893162081239143,0.9474999999999999,False,7.623015664875998e-05,True
DVE039,M0_V1,FROZEN_V1_CURVATURE_CONTINUITY,CURVATURE_CONTINUITY,5.746473025261918,0.36893162081239145,0.35682506058106545,-0.012106560231326002,0.28893162081239143,0.9474999999999999,False,7.623015664875998e-05,True
DVE039,M0_V1,FROZEN_V1_CURVATURE_CONTINUITY,CURVATURE_CONTINUITY,5.746696628141052,0.36893162081239145,0.35604613687458886,-0.012885483937802589,0.28893162081239143,0.9474999999999999,False,7.623015664875998e-05,True
DVE039,M0_V1,FROZEN_V1_CURVATURE_CONTINUITY,CURVATURE_CONTINUITY,5.746920231020186,0.36893162081239145,0.3552646212094991,-0.01366699960289236,0.28893162081239143,0.9474999999999999,False,7.623015664875998e-05,True
DVE039,M0_V1,FROZEN_V1_CURVATURE_CONTINUITY,CURVATURE_CONTINUITY,5.747143833899321,0.36893162081239145,0.3544806962696234,-0.014450924542768029,0.28893162081239143,0.9474999999999999,False,7.623015664875998e-05,True
DVE039,M0_V1,FROZEN_V1_CURVATURE_CONTINUITY,CURVATURE_CONTINUITY,5.747367436778455,0.36893162081239145,0.35369454554465474,-0.01523707526773671,0.28893162081239143,0.9474999999999999,False,7.623015664875998e-05,True
DVE039,M0_V1,FROZEN_V1_CURVATURE_CONTINUITY,CURVATURE_CONTINUITY,5.747591039657588,0.36893162081239145,0.3529063532638042,-0.01602526754858724,0.28893162081239143,0.9474999999999999,False,7.623015664875998e-05,True
DVE039,M0_V1,FROZEN_V1_CURVATURE_CONTINUITY,CURVATURE_CONTINUITY,5.7478146425367225,0.36893162081239145,0.3521163043294374,-0.016815316482954035,0.28893162081239143,0.9474999999999999,False,7.623015664875998e-05,True
DVE039,M0_V1,FROZEN_V1_CURVATURE_CONTINUITY,CURVATURE_CONTINUITY,5.748038245415857,0.36893162081239145,0.35132458425074253,-0.017607036561648914,0.28893162081239143,0.9474999999999999,False,7.623015664875998e-05,True
DVE039,M0_V1,FROZEN_V1_CURVATURE_CONTINUITY,CURVATURE_CONTINUITY,5.748261848294991,0.36893162081239145,0.35053137907736664,-0.018400241735024803,0.28893162081239143,0.9474999999999999,False,7.623015664875998e-05,True
DVE039,M0_V1,FROZEN_V1_CURVATURE_CONTINUITY,CURVATURE_CONTINUITY,5.748485451174125,0.36893162081239145,0.3497368753330683,-0.01919474547932315,0.28893162081239143,0.9474999999999999,False,7.623015664875998e-05,True
DVE039,M0_V1,FROZEN_V1_CURVATURE_CONTINUITY,CURVATURE_CONTINUITY,5.7487090540532595,0.36893162081239145,0.34894125994936626,-0.01999036086302519,0.28893162081239143,0.9474999999999999,False,7.623015664875998e-05,True
DVE039,M0_V1,FROZEN_V1_CURVATURE_CONTINUITY,CURVATURE_CONTINUITY,5.748932656932394,0.36893162081239145,0.34814472019918863,-0.02078690061320282,0.28893162081239143,0.9474999999999999,False,7.623015664875998e-05,True
DVE039,M0_V1,FROZEN_V1_CURVATURE_CONTINUITY,CURVATURE_CONTINUITY,5.749156259811527,0.36893162081239145,0.34734744363052544,-0.021584177181866004,0.28893162081239143,0.9474999999999999,False,7.623015664875998e-05,True
DVE039,M0_V1,FROZEN_V1_CURVATURE_CONTINUITY,CURVATURE_CONTINUITY,5.749379862690661,0.36893162081239145,0.3465496180000646,-0.02238200281232683,0.28893162081239143,0.9474999999999999,False,7.623015664875998e-05,True
DVE039,M0_V1,FROZEN_V1_CURVATURE_CONTINUITY,CURVATURE_CONTINUITY,5.749603465569796,0.36893162081239145,0.3457514312068603,-0.023180189605531143,0.28893162081239143,0.9474999999999999,False,7.623015664875998e-05,True
DVE039,M0_V1,FROZEN_V1_CURVATURE_CONTINUITY,CURVATURE_CONTINUITY,5.74982706844893,0.36893162081239145,0.3449530712259693,-0.02397854958642215,0.28893162081239143,0.9474999999999999,False,7.623015664875998e-05,True
DVE039,M0_V1,FROZEN_V1_CURVATURE_CONTINUITY,CURVATURE_CONTINUITY,5.750050671328064,0.36893162081239145,0.3441547260421033,-0.02477689477028816,0.28893162081239143,0.9474999999999999,False,7.623015664875998e-05,True
DVE039,M0_V1,FROZEN_V1_CURVATURE_CONTINUITY,CURVATURE_CONTINUITY,5.750274274207198,0.36893162081239145,0.34335658358327786,-0.025575037229113584,0.28893162081239143,0.9474999999999999,False,7.623015664875998e-05,True
DVE039,M0_V1,FROZEN_V1_CURVATURE_CONTINUITY,CURVATURE_CONTINUITY,5.750497877086333,0.36893162081239145,0.3425588316544616,-0.026372789157929843,0.28893162081239143,0.9474999999999999,False,7.623015664875998e-05,True
DVE039,M0_V1,FROZEN_V1_CURVATURE_CONTINUITY,CURVATURE_CONTINUITY,5.750721479965467,0.36893162081239145,0.34176165787122526,-0.027169962941166192,0.28893162081239143,0.9474999999999999,False,7.623015664875998e-05,True
DVE039,M0_V1,FROZEN_V1_CURVATURE_CONTINUITY,CURVATURE_CONTINUITY,5.7509450828446,0.36893162081239145,0.3409652495933939,-0.027966371218997532,0.28893162081239143,0.9474999999999999,False,7.623015664875998e-05,True
DVE039,M0_V1,FROZEN_V1_CURVATURE_CONTINUITY,CURVATURE_CONTINUITY,5.7511686857237345,0.36893162081239145,0.3401697938586835,-0.028761826953707936,0.28893162081239143,0.9474999999999999,False,7.623015664875998e-05,True
DVE039,M0_V1,FROZEN_V1_CURVATURE_CONTINUITY,CURVATURE_CONTINUITY,5.751392288602869,0.36893162081239145,0.33937547731636875,-0.029556143496022702,0.28893162081239143,0.9474999999999999,False,7.623015664875998e-05,True
DVE039,M0_V1,FROZEN_V1_CURVATURE_CONTINUITY,CURVATURE_CONTINUITY,5.751615891482003,0.36893162081239145,0.3385824861609197,-0.030349134651471765,0.28893162081239143,0.9474999999999999,False,7.623015664875998e-05,True
DVE039,M0_V1,FROZEN_V1_CURVATURE_CONTINUITY,CURVATURE_CONTINUITY,5.751839494361137,0.36893162081239145,0.33779100606565404,-0.031140614746737405,0.28893162081239143,0.9474999999999999,False,7.623015664875998e-05,True
DVE039,M0_V1,FROZEN_V1_CURVATURE_CONTINUITY,CURVATURE_CONTINUITY,5.7520630972402715,0.36893162081239145,0.33700122211638595,-0.0319303986960055,0.28893162081239143,0.9474999999999999,False,7.623015664875998e-05,True
DVE039,M0_V1,FROZEN_V1_CURVATURE_CONTINUITY,CURVATURE_CONTINUITY,5.752286700119406,0.36893162081239145,0.33621331874507543,-0.03271830206731602,0.28893162081239143,0.9474999999999999,False,7.623015664875998e-05,True
DVE039,M0_V1,FROZEN_V1_CURVATURE_CONTINUITY,CURVATURE_CONTINUITY,5.752510302998539,0.36893162081239145,0.3354274796634803,-0.03350414114891115,0.28893162081239143,0.9474999999999999,False,7.623015664875998e-05,True
DVE039,M0_V1,FROZEN_V1_CURVATURE_CONTINUITY,CURVATURE_CONTINUITY,5.752733905877673,0.36893162081239145,0.33464388779679294,-0.03428773301559851,0.28893162081239143,0.9474999999999999,False,7.623015664875998e-05,True
DVE039,M0_V1,FROZEN_V1_CURVATURE_CONTINUITY,CURVATURE_CONTINUITY,5.752957508756808,0.36893162081239145,0.33386272521730814,-0.035068895595083305,0.28893162081239143,0.9474999999999999,False,7.623015664875998e-05,True
DVE039,M0_V1,FROZEN_V1_CURVATURE_CONTINUITY,CURVATURE_CONTINUITY,5.753181111635942,0.36893162081239145,0.3330841730780596,-0.03584744773433185,0.28893162081239143,0.9474999999999999,False,7.623015664875998e-05,True
DVE039,M0_V1,FROZEN_V1_CURVATURE_CONTINUITY,CURVATURE_CONTINUITY,5.753404714515076,0.36893162081239145,0.33230841154647206,-0.03662320926591939,0.28893162081239143,0.9474999999999999,False,7.623015664875998e-05,True
DVE039,M0_V1,FROZEN_V1_CURVATURE_CONTINUITY,CURVATURE_CONTINUITY,5.75362831739421,0.36893162081239145,0.3315356197380107,-0.037396001074380736,0.28893162081239143,0.9474999999999999,False,7.623015664875998e-05,True
DVE039,M0_V1,FROZEN_V1_CURVATURE_CONTINUITY,CURVATURE_CONTINUITY,5.753851920273345,0.36893162081239145,0.3307659756498299,-0.038165645162561546,0.28893162081239143,0.9474999999999999,False,7.623015664875998e-05,True
DVE039,M0_V1,FROZEN_V1_CURVATURE_CONTINUITY,CURVATURE_CONTINUITY,5.754075523152478,0.36893162081239145,0.32999965609442533,-0.03893196471796612,0.28893162081239143,0.9474999999999999,False,7.623015664875998e-05,True
DVE039,M0_V1,FROZEN_V1_CURVATURE_CONTINUITY,CURVATURE_CONTINUITY,5.754299126031612,0.36893162081239145,0.32923683663327125,-0.0396947841791202,0.28893162081239143,0.9474999999999999,False,7.623015664875998e-05,True
DVE039,M0_V1,FROZEN_V1_CURVATURE_CONTINUITY,CURVATURE_CONTINUITY,5.754522728910747,0.36893162081239145,0.3284776915104876,-0.040453929301903835,0.28893162081239143,0.9474999999999999,False,7.623015664875998e-05,True
DVE039,M0_V1,FROZEN_V1_CURVATURE_CONTINUITY,CURVATURE_CONTINUITY,5.754746331789881,0.36893162081239145,0.3277223935864769,-0.041209227225914524,0.28893162081239143,0.9474999999999999,False,7.623015664875998e-05,True
DVE039,M0_V1,FROZEN_V1_CURVATURE_CONTINUITY,CURVATURE_CONTINUITY,5.754969934669015,0.36893162081239145,0.3269711142715764,-0.04196050654081507,0.28893162081239143,0.9474999999999999,False,7.623015664875998e-05,True
DVE039,M0_V1,FROZEN_V1_CURVATURE_CONTINUITY,CURVATURE_CONTINUITY,5.755193537548149,0.36893162081239145,0.326224023459707,-0.04270759735268442,0.28893162081239143,0.9474999999999999,False,7.623015664875998e-05,True
DVE039,M0_V1,FROZEN_V1_CURVATURE_CONTINUITY,CURVATURE_CONTINUITY,5.755417140427284,0.36893162081239145,0.32548128946202304,-0.04345033135036841,0.28893162081239143,0.9474999999999999,False,7.623015664875998e-05,True
DVE039,M0_V1,FROZEN_V1_CURVATURE_CONTINUITY,CURVATURE_CONTINUITY,5.755640743306417,0.36893162081239145,0.3247430789405632,-0.044188541871828246,0.28893162081239143,0.9474999999999999,False,7.623015664875998e-05,True
DVE039,M0_V1,FROZEN_V1_CURVATURE_CONTINUITY,CURVATURE_CONTINUITY,5.755864346185551,0.36893162081239145,0.3240095568418888,-0.044922063970502635,0.28893162081239143,0.9474999999999999,False,7.623015664875998e-05,True
DVE039,M0_V1,FROZEN_V1_CURVATURE_CONTINUITY,CURVATURE_CONTINUITY,5.7560879490646855,0.36893162081239145,0.32328088633075003,-0.04565073448164142,0.28893162081239143,0.9474999999999999,False,7.623015664875998e-05,True
DVE039,M0_V1,FROZEN_V1_CURVATURE_CONTINUITY,CURVATURE_CONTINUITY,5.75631155194382,0.36893162081239145,0.3225572287237235,-0.04637439208866795,0.28893162081239143,0.9474999999999999,False,7.623015664875998e-05,True
DVE039,M0_V1,FROZEN_V1_CURVATURE_CONTINUITY,CURVATURE_CONTINUITY,5.756535154822954,0.36893162081239145,0.32183874342286406,-0.04709287738952739,0.28893162081239143,0.9474999999999999,False,7.623015664875998e-05,True
DVE039,M0_V1,FROZEN_V1_CURVATURE_CONTINUITY,CURVATURE_CONTINUITY,5.756758757702088,0.36893162081239145,0.321125587849354,-0.047806032963037426,0.28893162081239143,0.9474999999999999,False,7.623015664875998e-05,True
DVE039,M0_V1,FROZEN_V1_CURVATURE_CONTINUITY,CURVATURE_CONTINUITY,5.7569823605812225,0.36893162081239145,0.3204179173771523,-0.04851370343523914,0.28893162081239143,0.9474999999999999,False,7.623015664875998e-05,True
DVE039,M0_V1,FROZEN_V1_CURVATURE_CONTINUITY,CURVATURE_CONTINUITY,5.757205963460356,0.36893162081239145,0.319715885266646,-0.04921573554574543,0.28893162081239143,0.9474999999999999,False,7.623015664875998e-05,True
DVE039,M0_V1,FROZEN_V1_CURVATURE_CONTINUITY,CURVATURE_CONTINUITY,5.75742956633949,0.36893162081239145,0.3190196425982888,-0.04991197821410265,0.28893162081239143,0.9474999999999999,False,7.623015664875998e-05,True
DVE039,M0_V1,FROZEN_V1_CURVATURE_CONTINUITY,CURVATURE_CONTINUITY,5.757653169218624,0.36893162081239145,0.3183293382062664,-0.05060228260612504,0.28893162081239143,0.9474999999999999,False,7.623015664875998e-05,True
DVE039,M0_V1,FROZEN_V1_CURVATURE_CONTINUITY,CURVATURE_CONTINUITY,5.757876772097759,0.36893162081239145,0.3176451186121345,-0.051286502200256934,0.28893162081239143,0.9474999999999999,False,7.623015664875998e-05,True
DVE039,M0_V1,FROZEN_V1_CURVATURE_CONTINUITY,CURVATURE_CONTINUITY,5.758100374976893,0.36893162081239145,0.316967127958471,-0.05196449285392046,0.28893162081239143,0.9474999999999999,False,7.623015664875998e-05,True
DVE039,M0_V1,FROZEN_V1_CURVATURE_CONTINUITY,CURVATURE_CONTINUITY,5.758323977856027,0.36893162081239145,0.3162955079425245,-0.05263611286986697,0.28893162081239143,0.9474999999999999,False,7.623015664875998e-05,True
DVE039,M0_V1,FROZEN_V1_CURVATURE_CONTINUITY,CURVATURE_CONTINUITY,5.758547580735161,0.36893162081239145,0.3156303977498639,-0.05330122306252755,0.28893162081239143,0.9474999999999999,False,7.623015664875998e-05,True
DVE039,M0_V1,FROZEN_V1_CURVATURE_CONTINUITY,CURVATURE_CONTINUITY,5.758771183614295,0.36893162081239145,0.31497193398803003,-0.05395968682436142,0.28893162081239143,0.9474999999999999,False,7.623015664875998e-05,True
DVE039,M0_V1,FROZEN_V1_CURVATURE_CONTINUITY,CURVATURE_CONTINUITY,5.758994786493429,0.36893162081239145,0.3143202506201739,-0.05461137019221757,0.28893162081239143,0.9474999999999999,False,7.623015664875998e-05,True
DVE039,M0_V1,FROZEN_V1_CURVATURE_CONTINUITY,CURVATURE_CONTINUITY,5.759218389372563,0.36893162081239145,0.31367547889872194,-0.05525614191366951,0.28893162081239143,0.9474999999999999,False,7.623015664875998e-05,True
DVE039,M0_V1,FROZEN_V1_CURVATURE_CONTINUITY,CURVATURE_CONTINUITY,5.7594419922516975,0.36893162081239145,0.3130377472990144,-0.055893873513377046,0.28893162081239143,0.9474999999999999,False,7.623015664875998e-05,True
DVE039,M0_V1,FROZEN_V1_CURVATURE_CONTINUITY,CURVATURE_CONTINUITY,5.759665595130832,0.36893162081239145,0.3124071814529571,-0.05652443935943435,0.28893162081239143,0.9474999999999999,False,7.623015664875998e-05,True
DVE039,M0_V1,FROZEN_V1_CURVATURE_CONTINUITY,CURVATURE_CONTINUITY,5.759889198009966,0.36893162081239145,0.3117839040826704,-0.05714771672972102,0.28893162081239143,0.9474999999999999,False,7.623015664875998e-05,True
DVE039,M0_V1,FROZEN_V1_CURVATURE_CONTINUITY,CURVATURE_CONTINUITY,5.7601128008891,0.36893162081239145,0.3111680349341385,-0.05776358587825292,0.28893162081239143,0.9474999999999999,False,7.623015664875998e-05,True
DVE039,M0_V1,FROZEN_V1_CURVATURE_CONTINUITY,CURVATURE_CONTINUITY,5.760336403768234,0.36893162081239145,0.31055969071086065,-0.0583719301015308,0.28893162081239143,0.9474999999999999,False,7.623015664875998e-05,True
DVE039,M0_V1,FROZEN_V1_CURVATURE_CONTINUITY,CURVATURE_CONTINUITY,5.760560006647368,0.36893162081239145,0.309958985007491,-0.058972635804900475,0.28893162081239143,0.9474999999999999,False,7.623015664875998e-05,True
DVE039,M0_V1,FROZEN_V1_CURVATURE_CONTINUITY,CURVATURE_CONTINUITY,5.760783609526502,0.36893162081239145,0.30936602824350157,-0.05956559256888988,0.28893162081239143,0.9474999999999999,False,7.623015664875998e-05,True
DVE039,M0_V1,FROZEN_V1_CURVATURE_CONTINUITY,CURVATURE_CONTINUITY,5.761007212405636,0.36893162081239145,0.3087809275968224,-0.06015069321556904,0.28893162081239143,0.9474999999999999,False,7.623015664875998e-05,True
DVE039,M0_V1,FROZEN_V1_CURVATURE_CONTINUITY,CURVATURE_CONTINUITY,5.761230815284771,0.36893162081239145,0.3082037869374925,-0.06072783387489894,0.28893162081239143,0.9474999999999999,False,7.623015664875998e-05,True
DVE039,M0_V1,FROZEN_V1_CURVATURE_CONTINUITY,CURVATURE_CONTINUITY,5.761454418163905,0.36893162081239145,0.30763470676130916,-0.061296914051082285,0.28893162081239143,0.9474999999999999,False,7.623015664875998e-05,True
DVE039,M0_V1,FROZEN_V1_CURVATURE_CONTINUITY,CURVATURE_CONTINUITY,5.761678021043039,0.36893162081239145,0.30707378412347697,-0.06185783668891448,0.28893162081239143,0.9474999999999999,False,7.623015664875998e-05,True
DVE039,M0_V1,FROZEN_V1_CURVATURE_CONTINUITY,CURVATURE_CONTINUITY,5.7619016239221725,0.36893162081239145,0.306521112572259,-0.062410508240132445,0.28893162081239143,0.9474999999999999,False,7.623015664875998e-05,True
DVE039,M0_V1,FROZEN_V1_CURVATURE_CONTINUITY,CURVATURE_CONTINUITY,5.762125226801307,0.36893162081239145,0.30597678208261747,-0.06295483872977398,0.28893162081239143,0.9474999999999999,False,7.623015664875998e-05,True
DVE039,M0_V1,FROZEN_V1_CURVATURE_CONTINUITY,CURVATURE_CONTINUITY,5.762348829680441,0.36893162081239145,0.30544087898987565,-0.0634907418225158,0.28893162081239143,0.9474999999999999,False,7.623015664875998e-05,True
DVE039,M0_V1,FROZEN_V1_CURVATURE_CONTINUITY,CURVATURE_CONTINUITY,5.762572432559575,0.36893162081239145,0.3049134859233583,-0.06401813488903313,0.28893162081239143,0.9474999999999999,False,7.623015664875998e-05,True
DVE039,M0_V1,FROZEN_V1_CURVATURE_CONTINUITY,CURVATURE_CONTINUITY,5.7627960354387096,0.36893162081239145,0.3043946817400428,-0.06453693907234864,0.28893162081239143,0.9474999999999999,False,7.623015664875998e-05,True
DVE039,M0_V1,FROZEN_V1_CURVATURE_CONTINUITY,CURVATURE_CONTINUITY,5.763019638317844,0.36893162081239145,0.3038845414582086,-0.06504707935418286,0.28893162081239143,0.9474999999999999,False,7.623015664875998e-05,True
DVE039,M0_V1,FROZEN_V1_CURVATURE_CONTINUITY,CURVATURE_CONTINUITY,5.763243241196978,0.36893162081239145,0.3033831361910859,-0.06554848462130552,0.28893162081239143,0.9474999999999999,False,7.623015664875998e-05,True
DVE039,M0_V1,FROZEN_V1_CURVATURE_CONTINUITY,CURVATURE_CONTINUITY,5.763466844076112,0.36893162081239145,0.30289053308050495,-0.0660410877318865,0.28893162081239143,0.9474999999999999,False,7.623015664875998e-05,True
DVE039,M0_V1,FROZEN_V1_CURVATURE_CONTINUITY,CURVATURE_CONTINUITY,5.763690446955246,0.36893162081239145,0.30240679523054703,-0.06652482558184442,0.28893162081239143,0.9474999999999999,False,7.623015664875998e-05,True
DVE039,M0_V1,FROZEN_V1_CURVATURE_CONTINUITY,CURVATURE_CONTINUITY,5.76391404983438,0.36893162081239145,0.30193198164118584,-0.0669996391712056,0.28893162081239143,0.9474999999999999,False,7.623015664875998e-05,True
DVE039,M0_V1,FROZEN_V1_CURVATURE_CONTINUITY,CURVATURE_CONTINUITY,5.764137652713514,0.36893162081239145,0.30146614714194814,-0.06746547367044331,0.28893162081239143,0.9474999999999999,False,7.623015664875998e-05,True
DVE039,M0_V1,FROZEN_V1_CURVATURE_CONTINUITY,CURVATURE_CONTINUITY,5.7643612555926484,0.36893162081239145,0.301009342325555,-0.06792227848683646,0.28893162081239143,0.9474999999999999,False,7.623015664875998e-05,True
DVE039,M0_V1,FROZEN_V1_CURVATURE_CONTINUITY,CURVATURE_CONTINUITY,5.764584858471783,0.36893162081239145,0.3005616134815731,-0.06837000733081833,0.28893162081239143,0.9474999999999999,False,7.623015664875998e-05,True
DVE039,M0_V1,FROZEN_V1_CURVATURE_CONTINUITY,CURVATURE_CONTINUITY,5.764808461350917,0.36893162081239145,0.30012300253006363,-0.06880861828232782,0.28893162081239143,0.9474999999999999,False,7.623015664875998e-05,True
DVE039,M0_V1,FROZEN_V1_CURVATURE_CONTINUITY,CURVATURE_CONTINUITY,5.765032064230051,0.36893162081239145,0.2996935469552312,-0.06923807385716024,0.28893162081239143,0.9474999999999999,False,7.623015664875998e-05,True
DVE039,M0_V1,FROZEN_V1_CURVATURE_CONTINUITY,CURVATURE_CONTINUITY,5.765255667109185,0.36893162081239145,0.29927327973907486,-0.06965834107331659,0.28893162081239143,0.9474999999999999,False,7.623015664875998e-05,True
DVE039,M0_V1,FROZEN_V1_CURVATURE_CONTINUITY,CURVATURE_CONTINUITY,5.765479269988319,0.36893162081239145,0.29886222929503053,-0.07006939151736091,0.28893162081239143,0.9474999999999999,False,7.623015664875998e-05,True
DVE039,M0_V1,FROZEN_V1_CURVATURE_CONTINUITY,CURVATURE_CONTINUITY,5.765702872867453,0.36893162081239145,0.29846041940163004,-0.07047120141076141,0.28893162081239143,0.9474999999999999,False,7.623015664875998e-05,True
DVE039,M0_V1,FROZEN_V1_CURVATURE_CONTINUITY,CURVATURE_CONTINUITY,5.765926475746587,0.36893162081239145,0.29806786913614325,-0.0708637516762482,0.28893162081239143,0.9474999999999999,False,7.623015664875998e-05,True
DVE039,M0_V1,FROZEN_V1_CURVATURE_CONTINUITY,CURVATURE_CONTINUITY,5.766150078625722,0.36893162081239145,0.29768459280822945,-0.071247028004162,0.28893162081239143,0.9474999999999999,False,7.623015664875998e-05,True
DVE039,M0_V1,FROZEN_V1_CURVATURE_CONTINUITY,CURVATURE_CONTINUITY,5.766373681504856,0.36893162081239145,0.29731059989358566,-0.07162102091880579,0.28893162081239143,0.9474999999999999,False,7.623015664875998e-05,True
DVE039,M0_V1,FROZEN_V1_CURVATURE_CONTINUITY,CURVATURE_CONTINUITY,5.76659728438399,0.36893162081239145,0.29694589496759644,-0.07198572584479501,0.28893162081239143,0.9474999999999999,False,7.623015664875998e-05,True
DVE039,M0_V1,FROZEN_V1_CURVATURE_CONTINUITY,CURVATURE_CONTINUITY,5.7668208872631235,0.36893162081239145,0.2965904776389837,-0.07234114317340773,0.28893162081239143,0.9474999999999999,False,7.623015664875998e-05,True
DVE039,M0_V1,FROZEN_V1_CURVATURE_CONTINUITY,CURVATURE_CONTINUITY,5.767044490142258,0.36893162081239145,0.2962443424834508,-0.07268727832894067,0.28893162081239143,0.9474999999999999,False,7.623015664875998e-05,True
DVE039,M0_V1,FROZEN_V1_CURVATURE_CONTINUITY,CURVATURE_CONTINUITY,5.767268093021392,0.36893162081239145,0.2959074789773397,-0.07302414183505174,0.28893162081239143,0.9474999999999999,False,7.623015664875998e-05,True
DVE039,M0_V1,FROZEN_V1_CURVATURE_CONTINUITY,CURVATURE_CONTINUITY,5.767491695900526,0.36893162081239145,0.2955798714312745,-0.07335174938111694,0.28893162081239143,0.9474999999999999,False,7.623015664875998e-05,True
DVE039,M0_V1,FROZEN_V1_CURVATURE_CONTINUITY,CURVATURE_CONTINUITY,5.7677152987796605,0.36893162081239145,0.29526149892381204,-0.07367012188857941,0.28893162081239143,0.9474999999999999,False,7.623015664875998e-05,True
DVE039,M0_V1,FROZEN_V1_CURVATURE_CONTINUITY,CURVATURE_CONTINUITY,5.767938901658795,0.36893162081239145,0.2949523352350907,-0.07397928557730077,0.28893162081239143,0.9474999999999999,False,7.623015664875998e-05,True
DVE039,M0_V1,FROZEN_V1_CURVATURE_CONTINUITY,CURVATURE_CONTINUITY,5.768162504537929,0.36893162081239145,0.29465234878047974,-0.0742792720319117,0.28893162081239143,0.9474999999999999,False,7.623015664875998e-05,True
DVE039,M0_V1,FROZEN_V1_CURVATURE_CONTINUITY,CURVATURE_CONTINUITY,5.768386107417062,0.36893162081239145,0.29436150254422955,-0.0745701182681619,0.28893162081239143,0.9474999999999999,False,7.623015664875998e-05,True
DVE039,M0_V1,FROZEN_V1_CURVATURE_CONTINUITY,CURVATURE_CONTINUITY,5.768609710296197,0.36893162081239145,0.294079754013116,-0.07485186679927547,0.28893162081239143,0.9474999999999999,False,7.623015664875998e-05,True
DVE039,M0_V1,FROZEN_V1_CURVATURE_CONTINUITY,CURVATURE_CONTINUITY,5.768833313175331,0.36893162081239145,0.29380705511009636,-0.07512456570229509,0.28893162081239143,0.9474999999999999,False,7.623015664875998e-05,True
DVE039,M0_V1,FROZEN_V1_CURVATURE_CONTINUITY,CURVATURE_CONTINUITY,5.769056916054465,0.36893162081239145,0.2935433521279542,-0.07538826868443727,0.28893162081239143,0.9474999999999999,False,7.623015664875998e-05,True
DVE039,M0_V1,FROZEN_V1_CURVATURE_CONTINUITY,CURVATURE_CONTINUITY,5.769280518933599,0.36893162081239145,0.293288585662949,-0.07564303514944243,0.28893162081239143,0.9474999999999999,False,7.623015664875998e-05,True
DVE039,M0_V1,FROZEN_V1_CURVATURE_CONTINUITY,CURVATURE_CONTINUITY,5.769504121812734,0.36893162081239145,0.2930426905484658,-0.07588893026392562,0.28893162081239143,0.9474999999999999,False,7.623015664875998e-05,True
DVE039,M0_V1,FROZEN_V1_CURVATURE_CONTINUITY,CURVATURE_CONTINUITY,5.769727724691868,0.36893162081239145,0.292805595788664,-0.07612602502372745,0.28893162081239143,0.9474999999999999,False,7.623015664875998e-05,True
DVE039,M0_V1,FROZEN_V1_CURVATURE_CONTINUITY,CURVATURE_CONTINUITY,5.769951327571001,0.36893162081239145,0.2925772244921273,-0.07635439632026414,0.28893162081239143,0.9474999999999999,False,7.623015664875998e-05,True
DVE039,M0_V1,FROZEN_V1_CURVATURE_CONTINUITY,CURVATURE_CONTINUITY,5.7701749304501355,0.36893162081239145,0.29235749380550935,-0.0765741270068821,0.28893162081239143,0.9474999999999999,False,7.623015664875998e-05,True
DVE039,M0_V1,FROZEN_V1_CURVATURE_CONTINUITY,CURVATURE_CONTINUITY,5.77039853332927,0.36893162081239145,0.2921463148471882,-0.07678530596520322,0.28893162081239143,0.9474999999999999,False,7.623015664875998e-05,True
DVE039,M0_V1,FROZEN_V1_CURVATURE_CONTINUITY,CURVATURE_CONTINUITY,5.770622136208404,0.36893162081239145,0.29194359264091174,-0.0769880281714797,0.28893162081239143,0.9474999999999999,False,7.623015664875998e-05,True
DVE039,M0_V1,FROZEN_V1_CURVATURE_CONTINUITY,CURVATURE_CONTINUITY,5.770845739087538,0.36893162081239145,0.2917492260494477,-0.07718239476294375,0.28893162081239143,0.9474999999999999,False,7.623015664875998e-05,True
DVE039,M0_V1,FROZEN_V1_CURVATURE_CONTINUITY,CURVATURE_CONTINUITY,5.7710693419666725,0.36893162081239145,0.2915631077082328,-0.07736851310415865,0.28893162081239143,0.9474999999999999,False,7.623015664875998e-05,True
DVE039,M0_V1,FROZEN_V1_CURVATURE_CONTINUITY,CURVATURE_CONTINUITY,5.771292944845807,0.36893162081239145,0.29138512395902155,-0.0775464968533699,0.28893162081239143,0.9474999999999999,False,7.623015664875998e-05,True
DVE039,M0_V1,FROZEN_V1_CURVATURE_CONTINUITY,CURVATURE_CONTINUITY,5.77151654772494,0.36893162081239145,0.29121515478353643,-0.07771646602885501,0.28893162081239143,0.9474999999999999,False,7.623015664875998e-05,True
DVE039,M0_V1,FROZEN_V1_CURVATURE_CONTINUITY,CURVATURE_CONTINUITY,5.771740150604074,0.36893162081239145,0.2910530737371141,-0.07787854707527736,0.28893162081239143,0.9474999999999999,False,7.623015664875998e-05,True
DVE039,M0_V1,FROZEN_V1_CURVATURE_CONTINUITY,CURVATURE_CONTINUITY,5.771963753483209,0.36893162081239145,0.29089874788235837,-0.07803287293003308,0.28893162081239143,0.9474999999999999,False,7.623015664875998e-05,True
DVE039,M0_V1,FROZEN_V1_CURVATURE_CONTINUITY,CURVATURE_CONTINUITY,5.772187356362343,0.36893162081239145,0.2907520377227869,-0.07817958308960454,0.28893162081239143,0.9474999999999999,False,7.623015664875998e-05,True
DVE039,M0_V1,FROZEN_V1_CURVATURE_CONTINUITY,CURVATURE_CONTINUITY,5.772410959241477,0.36893162081239145,0.29061279713648075,-0.0783188236759107,0.28893162081239143,0.9474999999999999,False,7.623015664875998e-05,True
DVE039,M0_V1,FROZEN_V1_CURVATURE_CONTINUITY,CURVATURE_CONTINUITY,5.772634562120611,0.36893162081239145,0.2904808733097333,-0.07845074750265812,0.28893162081239143,0.9474999999999999,False,7.623015664875998e-05,True
DVE039,M0_V1,FROZEN_V1_CURVATURE_CONTINUITY,CURVATURE_CONTINUITY,5.772858164999746,0.36893162081239145,0.2903561066706999,-0.07857551414169156,0.28893162081239143,0.9474999999999999,False,7.623015664875998e-05,True
DVE039,M0_V1,FROZEN_V1_CURVATURE_CONTINUITY,CURVATURE_CONTINUITY,5.77308176787888,0.36893162081239145,0.29023833082304634,-0.0786932899893451,0.28893162081239143,0.9474999999999999,False,7.623015664875998e-05,True
DVE039,M0_V1,FROZEN_V1_CURVATURE_CONTINUITY,CURVATURE_CONTINUITY,5.773305370758013,0.36893162081239145,0.29012737247959863,-0.07880424833279281,0.28893162081239143,0.9474999999999999,False,7.623015664875998e-05,True
DVE039,M0_V1,FROZEN_V1_CURVATURE_CONTINUITY,CURVATURE_CONTINUITY,5.773528973637148,0.36893162081239145,0.2900230513959905,-0.07890856941640095,0.28893162081239143,0.9474999999999999,False,7.623015664875998e-05,True
DVE039,M0_V1,FROZEN_V1_CURVATURE_CONTINUITY,CURVATURE_CONTINUITY,5.773752576516282,0.36893162081239145,0.2899251803043148,-0.07900644050807665,0.28893162081239143,0.9474999999999999,False,7.623015664875998e-05,True
DVE039,M0_V1,FROZEN_V1_CURVATURE_CONTINUITY,CURVATURE_CONTINUITY,5.773976179395416,0.36893162081239145,0.28983356484677114,-0.0790980559656203,0.28893162081239143,0.9474999999999999,False,7.623015664875998e-05,True
DVE039,M0_V1,FROZEN_V1_CURVATURE_CONTINUITY,CURVATURE_CONTINUITY,5.77419978227455,0.36893162081239145,0.2897480035093151,-0.07918361730307633,0.28893162081239143,0.9474999999999999,False,7.623015664875998e-05,True
DVE039,M0_V1,FROZEN_V1_CURVATURE_CONTINUITY,CURVATURE_CONTINUITY,5.774423385153685,0.36893162081239145,0.28966828755530766,-0.07926333325708379,0.28893162081239143,0.9474999999999999,False,7.623015664875998e-05,True
DVE039,M0_V1,FROZEN_V1_CURVATURE_CONTINUITY,CURVATURE_CONTINUITY,5.774646988032819,0.36893162081239145,0.28959420095916383,-0.07933741985322762,0.28893162081239143,0.9474999999999999,False,7.623015664875998e-05,True
DVE039,M0_V1,FROZEN_V1_CURVATURE_CONTINUITY,CURVATURE_CONTINUITY,5.774870590911952,0.36893162081239145,0.28952552034000256,-0.07940610047238889,0.28893162081239143,0.9474999999999999,False,7.623015664875998e-05,True
DVE039,M0_V1,FROZEN_V1_CURVATURE_CONTINUITY,CURVATURE_CONTINUITY,5.7750941937910865,0.36893162081239145,0.2894620148952943,-0.07946960591709717,0.28893162081239143,0.9474999999999999,False,7.623015664875998e-05,True
DVE039,M0_V1,FROZEN_V1_CURVATURE_CONTINUITY,CURVATURE_CONTINUITY,5.775317796670221,0.36893162081239145,0.28940344633451187,-0.07952817447787958,0.28893162081239143,0.9474999999999999,False,7.623015664875998e-05,True
DVE039,M0_V1,FROZEN_V1_CURVATURE_CONTINUITY,CURVATURE_CONTINUITY,5.775541399549355,0.36893162081239145,0.2893495688127785,-0.07958205199961293,0.28893162081239143,0.9474999999999999,False,7.623015664875998e-05,True
DVE039,M0_V1,FROZEN_V1_CURVATURE_CONTINUITY,CURVATURE_CONTINUITY,5.775765002428489,0.36893162081239145,0.2893001288645173,-0.07963149194787417,0.28893162081239143,0.9474999999999999,False,7.623015664875998e-05,True
DVE039,M0_V1,FROZEN_V1_CURVATURE_CONTINUITY,CURVATURE_CONTINUITY,5.7759886053076235,0.36893162081239145,0.28925486533709976,-0.07967675547529168,0.28893162081239143,0.9474999999999999,False,7.623015664875998e-05,True
DVE039,M0_V1,FROZEN_V1_CURVATURE_CONTINUITY,CURVATURE_CONTINUITY,5.776212208186758,0.36893162081239145,0.2892135093244959,-0.07971811148789554,0.28893162081239143,0.9474999999999999,False,7.623015664875998e-05,True
DVE039,M0_V1,FROZEN_V1_CURVATURE_CONTINUITY,CURVATURE_CONTINUITY,5.776435811065891,0.36893162081239145,0.2891757841009223,-0.07975583671146913,0.28893162081239143,0.9474999999999999,False,7.623015664875998e-05,True
DVE039,M0_V1,FROZEN_V1_CURVATURE_CONTINUITY,CURVATURE_CONTINUITY,5.776659413945025,0.36893162081239145,0.28914140505449154,-0.07979021575789991,0.28893162081239143,0.9474999999999999,False,7.623015664875998e-05,True
DVE039,M0_V1,FROZEN_V1_CURVATURE_CONTINUITY,CURVATURE_CONTINUITY,5.77688301682416,0.36893162081239145,0.28911007962086166,-0.07982154119152979,0.28893162081239143,0.9474999999999999,False,7.623015664875998e-05,True
DVE039,M0_V1,FROZEN_V1_CURVATURE_CONTINUITY,CURVATURE_CONTINUITY,5.777106619703294,0.36893162081239145,0.28908150721688464,-0.07985011359550681,0.28893162081239143,0.9474999999999999,False,7.623015664875998e-05,True
DVE039,M0_V1,FROZEN_V1_CURVATURE_CONTINUITY,CURVATURE_CONTINUITY,5.777330222582428,0.36893162081239145,0.289055379174256,-0.07987624163813545,0.28893162081239143,0.9474999999999999,False,7.623015664875998e-05,True
DVE039,M0_V1,FROZEN_V1_CURVATURE_CONTINUITY,CURVATURE_CONTINUITY,5.777553825461562,0.36893162081239145,0.28903137867316386,-0.07990024213922758,0.28893162081239143,0.9474999999999999,False,7.623015664875998e-05,True
DVE039,M0_V1,FROZEN_V1_CURVATURE_CONTINUITY,CURVATURE_CONTINUITY,5.777777428340697,0.36893162081239145,0.28900918067593756,-0.07992244013645389,0.28893162081239143,0.9474999999999999,False,7.623015664875998e-05,True
DVE039,M0_V1,FROZEN_V1_CURVATURE_CONTINUITY,CURVATURE_CONTINUITY,5.77800103121983,0.36893162081239145,0.2889884518606969,-0.07994316895169457,0.28893162081239143,0.9474999999999999,False,7.623015664875998e-05,True
DVE039,M0_V1,FROZEN_V1_CURVATURE_CONTINUITY,CURVATURE_CONTINUITY,5.778224634098964,0.36893162081239145,0.2889688505550016,-0.07996277025738985,0.28893162081239143,0.9474999999999999,False,7.623015664875998e-05,True
DVE039,M0_V1,FROZEN_V1_CURVATURE_CONTINUITY,CURVATURE_CONTINUITY,5.7784482369780985,0.36893162081239145,0.28895002666950026,-0.07998159414289119,0.28893162081239143,0.9474999999999999,False,7.623015664875998e-05,True
DVE039,M0_V1,FROZEN_V1_CURVATURE_CONTINUITY,CURVATURE_CONTINUITY,5.778671839857233,0.36893162081239145,0.28893162163157904,-0.07999999918081241,0.28893162081239143,0.9474999999999999,False,7.623015664875998e-05,True
