schema_version,bag_path,pose_topic,timestamp_ns,pose_header_timestamp_ns,localization_label,localization_age_s,pose_sample_gap_s,timestamp_regression,x_m,y_m,yaw_rad,unwrapped_yaw_rad,dx_m,dy_m,distance_jump_m,unwrapped_dyaw_rad,implied_speed_mps,implied_yaw_rate_radps,scan_pose_offset_s,odom_pose_offset_s,frenet_pose_offset_s,imu_pose_offset_s,tf_nearest_offset_s,tf_static_present,frenet_s_m,frenet_d_m,ds_m,dd_m,backward_s_jump_m,abs_d_jump_m,projection_branch_jump_proxy_m,track_bound_inconsistency,reference_available,odom_speed_mps,localization_minus_odom_speed_mps,imu_yaw_rate_radps,localization_minus_imu_yaw_rate_radps,short_window_s,localization_short_window_displacement_m,odom_short_window_distance_m,short_window_displacement_residual_m,covariance_xx,covariance_yy,covariance_yawyaw,particle_count,particle_x_std_m,particle_y_std_m,particle_yaw_circular_std_rad,particle_multimodality_proxy_m,particle_ess,gt_x_m,gt_y_m,gt_yaw_rad,gt_position_error_m,gt_yaw_error_rad,gt_frenet_s_error_m,gt_frenet_d_error_m,availability_note
localization_features/1,/home/sungho/.local/share/Trash/files/frenet_jump_20260728_153147,/pf/pose/odom,1785220308232852963,1785220308223560939,LOC_UNKNOWN,0.009292024,,0,-14.034796248899294,0.02408002498874406,-0.16334024350409865,-0.16334024350409865,,,,,,,,,0.715847928,,,0,10.002498134548134,0.23544535735429747,,,,,,0,1,,,,,,,,,0.0,0.0,0.0,,,,,,,-14.238584518432617,0.019627392292022705,-0.16638307572629277,0.20383690720112058,0.0030428322221941195,,,no particle cloud; GT Frenet errors unavailable without explicit GT-to-reference projection
localization_features/1,/home/sungho/.local/share/Trash/files/frenet_jump_20260728_153147,/pf/pose/odom,1785220308255263606,1785220308251087151,LOC_UNKNOWN,0.004176455,0.022410643,0,-14.035608271002836,0.024540687223378505,-0.1634826073565299,-0.1634826073565299,-0.0008120221035419206,0.0004606622346344444,0.0009335896266877892,-0.00014236385243124317,0.04165831505538637,-0.006352510832966424,,,0.693437285,,,0,10.002498134548134,0.23544535735429747,0.0,0.0,0.0,0.0,0.0009335896266877892,0,1,,,,,0.022410643,0.0009335896266877892,,,0.0,0.0,0.0,,,,,,,-14.238584518432617,0.019627392292022705,-0.16638307572629277,0.20303570495791676,0.0029004683697628764,,,no particle cloud; GT Frenet errors unavailable without explicit GT-to-reference projection
localization_features/1,/home/sungho/.local/share/Trash/files/frenet_jump_20260728_153147,/pf/pose/odom,1785220308292839762,1785220308290023553,LOC_UNKNOWN,0.002816209,0.037576156,0,-14.034015644734332,0.024742462030311003,-0.16349620871296602,-0.16349620871296602,0.0015926262685042047,0.0002017748069324983,0.0016053571265741073,-1.3601356436132583e-05,0.04272276085329503,-0.00036196774454876605,,,0.655861129,,,0,10.002498134548134,0.23544535735429747,0.0,0.0,0.0,0.0,0.0016053571265741073,0,1,,,,,0.059986799,0.0010237996368413246,,,0.0,0.0,0.0,,,,,,,-14.238584518432617,0.019627392292022705,-0.16638307572629277,0.204632812678252,0.0028868670133267438,,,no particle cloud; GT Frenet errors unavailable without explicit GT-to-reference projection
localization_features/1,/home/sungho/.local/share/Trash/files/frenet_jump_20260728_153147,/pf/pose/odom,1785220308332941386,1785220308328953338,LOC_UNKNOWN,0.003988048,0.040101624,0,-14.032816681673381,0.025204042855997963,-0.16351742271551614,-0.16351742271551614,0.0011989630609505753,0.0004615808256869594,0.001284744830760501,-2.1214002550118405e-05,0.03203722699012142,-0.0005290060709291575,,,0.615759505,,,0,10.002498134548134,0.23544535735429747,0.0,0.0,0.0,0.0,0.001284744830760501,0,1,,,,,0.100088423,0.0022764231961158593,,,0.0,0.0,0.0,,,,,,,-14.238584518432617,0.019627392292022705,-0.16638307572629277,0.20584339114017786,0.0028656530107766254,,,no particle cloud; GT Frenet errors unavailable without explicit GT-to-reference projection
localization_features/1,/home/sungho/.local/share/Trash/files/frenet_jump_20260728_153147,/pf/pose/odom,1785220308355123862,1785220308350562740,LOC_UNKNOWN,0.004561122,0.022182476,0,-14.033450281929781,0.02521157742561544,-0.16351948589754794,-0.16351948589754794,-0.0006336002563998022,7.534569617478198e-06,0.0006336450541503624,-2.0631820318028904e-06,0.028565118436299105,-9.300954644571194e-05,,,0.593577029,,,0,10.002498134548134,0.23544535735429747,0.0,0.0,0.0,0.0,0.0006336450541503624,0,1,,,,,0.122270899,0.0017584191765360505,,,0.0,0.0,0.0,,,,,,,-14.238584518432617,0.019627392292022705,-0.16638307572629277,0.2052102290559799,0.002863589828744822,,,no particle cloud; GT Frenet errors unavailable without explicit GT-to-reference projection
localization_features/1,/home/sungho/.local/share/Trash/files/frenet_jump_20260728_153147,/pf/pose/odom,1785220308387326806,1785220308382185999,LOC_UNKNOWN,0.005140807,0.032202944,0,-14.034868747506625,0.025405616756185287,-0.1635147642969947,-0.1635147642969947,-0.0014184655768438859,0.00019403933056984582,0.0014316758901717426,4.721600553231342e-06,0.04445791944276097,0.00014662015228270256,,,0.561374085,,,0,10.002498134548134,0.23544535735429747,0.0,0.0,0.0,0.0,0.0014316758901717426,0,1,,,,,0.154473843,0.0013275728160718203,,,0.0,0.0,0.0,,,,,,,-14.238584518432617,0.019627392292022705,-0.16638307572629277,0.2037977016600766,0.0028683114292980543,,,no particle cloud; GT Frenet errors unavailable without explicit GT-to-reference projection
localization_features/1,/home/sungho/.local/share/Trash/files/frenet_jump_20260728_153147,/pf/pose/odom,1785220308418970493,1785220308417789822,LOC_UNKNOWN,0.001180671,0.031643687,0,-14.03831988339723,0.025439918469778378,-0.1635253627703853,-0.1635253627703853,-0.003451135890605528,3.430171359309134e-05,0.003451306353104724,-1.059847339057729e-05,0.1090677692869584,-0.00033493168449609843,,,0.529730398,,,0,10.002498134548134,0.23544535735429747,0.0,0.0,0.0,0.0,0.003451306353104724,0,1,,,,,0.18611753,0.003776944579260706,,,0.0,0.0,0.0,,,,,,,-14.238584518432617,0.019627392292022705,-0.16638307572629277,0.20034896931709864,0.0028577129559074765,,,no particle cloud; GT Frenet errors unavailable without explicit GT-to-reference projection
localization_features/1,/home/sungho/.local/share/Trash/files/frenet_jump_20260728_153147,/pf/pose/odom,1785220308456890465,1785220308454572699,LOC_UNKNOWN,0.002317766,0.037919972,0,-14.040874113279708,0.025992022739296777,-0.16366122036262,-0.16366122036262,-0.0025542298824774434,0.0005521042695183984,0.002613218210743446,-0.0001358575922347227,0.0689140332367188,-0.0035827450567400923,,,0.491810426,,,0,10.002498134548134,0.23544535735429747,0.0,0.0,0.0,0.0,0.002613218210743446,0,1,,,,,0.224037502,0.0063715124440607875,,,0.0,0.0,0.0,,,,,,,-14.238584518432617,0.019627392292022705,-0.16638307572629277,0.19781282270484363,0.002721855363672754,,,no particle cloud; GT Frenet errors unavailable without explicit GT-to-reference projection
localization_features/1,/home/sungho/.local/share/Trash/files/frenet_jump_20260728_153147,/pf/pose/odom,1785220308484816452,1785220308481922118,LOC_UNKNOWN,0.002894334,0.027925987,0,-14.043236088290335,0.02587516559845461,-0.1637085795817263,-0.1637085795817263,-0.002361975010627404,-0.00011685714084216578,0.002364863958496161,-4.735921910628549e-05,0.08468327219718898,-0.0016958834474242752,,,0.463884439,,,0,10.002498134548134,0.23544535735429747,0.0,0.0,0.0,0.0,0.002364863958496161,0,1,,,,,0.251963489,0.008628639449832326,,,0.0,0.0,0.0,,,,,,,-14.238584518432617,0.019627392292022705,-0.16638307572629277,0.19544831498465917,0.0026744961445664683,,,no particle cloud; GT Frenet errors unavailable without explicit GT-to-reference projection
localization_features/1,/home/sungho/.local/share/Trash/files/frenet_jump_20260728_153147,/pf/pose/odom,1785220308522672691,1785220308518518130,LOC_UNKNOWN,0.004154561,0.037856239,0,-14.046365890211847,0.02600707518115352,-0.1636921297698147,-0.1636921297698147,-0.003129801921511799,0.00013190958269890946,0.0031325804388565586,1.6449811911595225e-05,0.08274938349941627,0.0004345337082110884,,,0.4260282,,,0,10.002498134548134,0.23544535735429747,0.0,0.0,0.0,0.0,0.0031325804388565586,0,1,,,,,0.289819728,0.011729029053813384,,,0.0,0.0,0.0,,,,,,,-14.238584518432617,0.019627392292022705,-0.16638307572629277,0.1923244690330393,0.0026909459564780636,,,no particle cloud; GT Frenet errors unavailable without explicit GT-to-reference projection
localization_features/1,/home/sungho/.local/share/Trash/files/frenet_jump_20260728_153147,/pf/pose/odom,1785220308556901719,1785220308555853458,LOC_UNKNOWN,0.001048261,0.034229028,0,-14.04741181833725,0.026083834737154775,-0.16366928390615015,-0.16366928390615015,-0.0010459281254036057,7.675955600125461e-05,0.0010487409942153546,2.2845863664550103e-05,0.03063893588258932,0.0006674412041308944,,,0.391799172,,,0,10.002498134548134,0.23544535735429747,0.0,0.0,0.0,0.0,0.0010487409942153546,0,1,,,,,0.324048756,0.012773716990435112,,,0.0,0.0,0.0,,,,,,,-14.238584518432617,0.019627392292022705,-0.16638307572629277,0.1912816951796492,0.0027137918201426137,,,no particle cloud; GT Frenet errors unavailable without explicit GT-to-reference projection
localization_features/1,/home/sungho/.local/share/Trash/files/frenet_jump_20260728_153147,/pf/pose/odom,1785220308589567530,1785220308585880699,LOC_UNKNOWN,0.003686831,0.032665811,0,-14.050731933632301,0.02609896545430584,-0.16374483294012251,-0.16374483294012251,-0.0033201152950503854,1.5130717151066314e-05,0.0033201497723791035,-7.554903397236079e-05,0.1016399002730746,-0.002312786110602329,,,0.359133361,,,0,10.002498134548134,0.23544535735429747,0.0,0.0,0.0,0.0,0.0033201497723791035,0,1,,,,,0.356714567,0.01606306846506218,,,0.0,0.0,0.0,,,,,,,-14.238584518432617,0.019627392292022705,-0.16638307572629277,0.18796402548188504,0.002638242786170253,,,no particle cloud; GT Frenet errors unavailable without explicit GT-to-reference projection
localization_features/1,/home/sungho/.local/share/Trash/files/frenet_jump_20260728_153147,/pf/pose/odom,1785220308622908613,1785220308617323439,LOC_UNKNOWN,0.005585174,0.033341083,0,-14.054578577788806,0.026252412984177458,-0.16376226786660164,-0.16376226786660164,-0.0038466441565052634,0.00015344752987161633,0.0038497035484826346,-1.7434926479126256e-05,0.11546426216816756,-0.0005229262192570726,,,0.325792278,,,0,10.002498134548134,0.23544535735429747,0.0,0.0,0.0,0.0,0.0038497035484826346,0,1,,,,,0.39005565,0.019901251365065827,,,0.0,0.0,0.0,,,,,,,-14.238584518432617,0.019627392292022705,-0.16638307572629277,0.18412516691475153,0.0026208078596911266,,,no particle cloud; GT Frenet errors unavailable without explicit GT-to-reference projection
localization_features/1,/home/sungho/.local/share/Trash/files/frenet_jump_20260728_153147,/pf/pose/odom,1785220308656159231,1785220308652122048,LOC_UNKNOWN,0.004037183,0.033250618,0,-14.059702031829145,0.026175779081167767,-0.16373193703348185,-0.16373193703348185,-0.005123454040338871,-7.663390300969089e-05,0.00512402713288632,3.0330833119790457e-05,0.1541032149503603,0.0009121885530004421,,,0.29254166,,,0,10.002498134548134,0.23544535735429747,0.0,0.0,0.0,0.0,0.00512402713288632,0,1,,,,,0.423306268,0.024993803403339288,,,0.0,0.0,0.0,,,,,,,-14.238584518432617,0.019627392292022705,-0.16638307572629277,0.17900230552420707,0.002651138692810917,,,no particle cloud; GT Frenet errors unavailable without explicit GT-to-reference projection
localization_features/1,/home/sungho/.local/share/Trash/files/frenet_jump_20260728_153147,/pf/pose/odom,1785220308687906730,1785220308686928352,LOC_UNKNOWN,0.000978378,0.031747499,0,-14.065731197640599,0.026151916601313337,-0.16374799860005795,-0.16374799860005795,-0.0060291658114532964,-2.386247985442999e-05,0.006029213033219351,-1.6061566576103244e-05,0.1899114331248377,-0.0005059159644702484,,,0.260794161,,,0,10.002498134548134,0.23544535735429747,0.0,0.0,0.0,0.0,0.006029213033219351,0,1,,,,,0.455053767,0.031004254360996446,,,0.0,0.0,0.0,,,,,,,-14.238584518432617,0.019627392292022705,-0.16638307572629277,0.17297641436418731,0.0026350771262348143,,,no particle cloud; GT Frenet errors unavailable without explicit GT-to-reference projection
localization_features/1,/home/sungho/.local/share/Trash/files/frenet_jump_20260728_153147,/pf/pose/odom,1785220308722745345,1785220308718455783,LOC_UNKNOWN,0.004289562,0.034838615,0,-14.069854176861245,0.026155435971505242,-0.16381947075325548,-0.16381947075325548,-0.004122979220646528,3.5193701919053466e-06,0.004122980722711373,-7.147215319752709e-05,0.11834513865466159,-0.002051521083646037,,,0.225955546,,,0,10.002498134548134,0.23544535735429747,0.0,0.0,0.0,0.0,0.004122980722711373,0,1,,,,,0.489892382,0.03511930585493837,,,0.0,0.0,0.0,,,,,,,-14.238584518432617,0.019627392292022705,-0.16638307572629277,0.16885657677766994,0.0025636049730372867,,,no particle cloud; GT Frenet errors unavailable without explicit GT-to-reference projection
localization_features/1,/home/sungho/.local/share/Trash/files/frenet_jump_20260728_153147,/pf/pose/odom,1785220308749236264,1785220308746145543,LOC_UNKNOWN,0.003090721,0.026490919,0,-14.074519497316013,0.026273835837483838,-0.16388843673335454,-0.16388843673335454,-0.004665320454767752,0.00011839986597859606,0.004666822631506165,-6.896598009906163e-05,0.17616688313101425,-0.002603381940017318,,,0.199464627,,,0,10.002498134548134,0.23544535735429747,0.0,0.0,0.0,0.0,0.004666822631506165,0,1,,,,,0.516383301,0.039783781504733724,,,0.0,0.0,0.0,,,,,,,-14.238584518432617,0.019627392292022705,-0.16638307572629277,0.1641995930743887,0.002494638992938225,,,no particle cloud; GT Frenet errors unavailable without explicit GT-to-reference projection
localization_features/1,/home/sungho/.local/share/Trash/files/frenet_jump_20260728_153147,/pf/pose/odom,1785220308783683487,1785220308778370879,LOC_UNKNOWN,0.005312608,0.034447223,0,-14.0783660220725,0.02622581845364876,-0.16390170143575195,-0.16390170143575195,-0.0038465247564865024,-4.80173838350792e-05,0.003846824452897989,-1.3264702397403072e-05,0.1116729918373388,-0.00038507320016487463,,,0.165017404,,,0,10.002498134548134,0.23544535735429747,0.0,0.0,0.0,0.0,0.003846824452897989,0,1,,,,,0.528419881,0.04279094464718586,,,0.0,0.0,0.0,,,,,,,-14.238584518432617,0.019627392292022705,-0.16638307572629277,0.16035431333053543,0.002481374290540822,,,no particle cloud; GT Frenet errors unavailable without explicit GT-to-reference projection
localization_features/1,/home/sungho/.local/share/Trash/files/frenet_jump_20260728_153147,/pf/pose/odom,1785220308815558295,1785220308813847293,LOC_UNKNOWN,0.001711002,0.031874808,0,-14.082333925210914,0.02597268754931288,-0.163834826884539,-0.163834826884539,-0.0039679031384149965,-0.00025313090433587773,0.003975969136018724,6.68745512129587e-05,0.12473703797741227,0.002098037773685059,,,0.133142596,,,0,10.002498134548134,0.23544535735429747,0.0,0.0,0.0,0.0,0.003975969136018724,0,1,,,,,0.522718533,0.048333939246054586,,,0.0,0.0,0.0,,,,,,,-14.238584518432617,0.019627392292022705,-0.16638307572629277,0.15637938052708947,0.0025482488417537807,,,no particle cloud; GT Frenet errors unavailable without explicit GT-to-reference projection
localization_features/1,/home/sungho/.local/share/Trash/files/frenet_jump_20260728_153147,/pf/pose/odom,1785220308850752030,1785220308846499339,LOC_UNKNOWN,0.004252691,0.035193735,0,-14.083926478590287,0.02577730735214122,-0.16380027485998871,-0.16380027485998871,-0.0015925533793730295,-0.00019538019717166288,0.0016044935922587208,3.455202455027173e-05,0.04559031862513942,0.0009817663442164275,,,0.097948861,,,0,10.002498134548134,0.23544535735429747,0.0,0.0,0.0,0.0,0.0016044935922587208,0,1,,,,,0.517810644,0.05111301177850824,,,0.0,0.0,0.0,,,,,,,-14.238584518432617,0.019627392292022705,-0.16638307572629277,0.154780266000283,0.0025828008663040525,,,no particle cloud; GT Frenet errors unavailable without explicit GT-to-reference projection
localization_features/1,/home/sungho/.local/share/Trash/files/frenet_jump_20260728_153147,/pf/pose/odom,1785220308883852013,1785220308880892274,LOC_UNKNOWN,0.002959739,0.033099983,0,-14.08440095716347,0.0256305395654719,-0.16376246761120372,-0.16376246761120372,-0.00047447857318339004,-0.000146767786669319,0.0004966595409472734,3.780724878499342e-05,0.015004827674602534,0.0011422135408647618,,,0.064848878,,,0,10.002498134548134,0.23544535735429747,0.0,0.0,0.0,0.0,0.0004966595409472734,0,1,,,,,0.528728151,0.05095239774577397,,,0.0,0.0,0.0,,,,,,,-14.238584518432617,0.019627392292022705,-0.16638307572629277,0.1543003834824248,0.002620608115089046,,,no particle cloud; GT Frenet errors unavailable without explicit GT-to-reference projection
localization_features/1,/home/sungho/.local/share/Trash/files/frenet_jump_20260728_153147,/pf/pose/odom,1785220308920423007,1785220308916414355,LOC_UNKNOWN,0.004008652,0.036570994,0,-14.08340113578112,0.02578355146903922,-0.16372996862382116,-0.16372996862382116,0.000999821382350774,0.0001530119035673197,0.0010114620305474186,3.249898738255652e-05,0.02765749354659101,0.0008886547459595033,,,0.028277884,,,0,10.002498134548134,0.23544535735429747,0.0,0.0,0.0,0.0,0.0010114620305474186,0,1,,,,,0.501452514,0.04508256204052874,,,0.0,0.0,0.0,,,,,,,-14.238584518432617,0.019627392292022705,-0.16638307572629277,0.15530544274742522,0.0026531071024716024,,,no particle cloud; GT Frenet errors unavailable without explicit GT-to-reference projection
localization_features/1,/home/sungho/.local/share/Trash/files/frenet_jump_20260728_153147,/pf/pose/odom,1785220308947971358,1785220308947095795,LOC_UNKNOWN,0.000875563,0.027548351,0,-14.083144928578992,0.025626128167616398,-0.16367406109939087,-0.16367406109939087,0.00025620720212771175,-0.00015742330142282102,0.0003007062125280595,5.590752443029867e-05,0.01091557939450022,0.0020294327028974866,,,0.000729533,,,0,10.002498134548134,0.23544535735429747,0.0,0.0,0.0,0.0,0.0003007062125280595,0,1,,,,,0.529000865,0.04482543195105379,,,0.0,0.0,0.0,,,,,,,-14.238584518432617,0.019627392292022705,-0.16638307572629277,0.15555529861103504,0.002709014626901901,,,no particle cloud; GT Frenet errors unavailable without explicit GT-to-reference projection
localization_features/1,/home/sungho/.local/share/Trash/files/frenet_jump_20260728_153147,/pf/pose/odom,1785220308983203193,1785220308980376279,LOC_UNKNOWN,0.002826914,0.035231835,0,-14.082533646848658,0.02553369555288667,-0.16361954113691973,-0.16361954113691973,0.0006112817303343121,-9.243261472972886e-05,0.0006182306544537283,5.451996247113344e-05,0.01754750084557697,0.0015474630393544201,,,0.000444939,,,0,10.00310843558756,0.2353466568812425,0.0006103010394262753,-9.870047305496343e-05,0.0,9.870047305496343e-05,7.929615027452955e-06,0,1,,,,,0.526312728,0.04166205468999671,,,0.0,0.0,0.0,,,,,,,-14.238584518432617,0.019627392292022705,-0.16638307572629277,0.1561626041673314,0.002763534589373035,,,no particle cloud; GT Frenet errors unavailable without explicit GT-to-reference projection
localization_features/1,/home/sungho/.local/share/Trash/files/frenet_jump_20260728_153147,/pf/pose/odom,1785220309016549602,1785220309013591090,LOC_UNKNOWN,0.002958512,0.033346409,0,-14.083033480992734,0.025643567101807725,-0.16365873835567277,-0.16365873835567277,-0.0004998341440760612,0.00010987154892105541,0.000511767455829853,-3.919721875303428e-05,0.015347003505830358,-0.0011754554666751158,,,0.00317893,,,0,10.002609755217769,0.23546165174039974,-0.0004986803697910602,0.00011499485915722474,0.0004986803697910602,0.00011499485915722474,1.3087086038792795e-05,0,1,,,,,0.53173315,0.0397980665833478,,,0.0,0.0,0.0,,,,,,,-14.238584518432617,0.019627392292022705,-0.16638307572629277,0.15566733635533767,0.0027243373706200007,,,no particle cloud; GT Frenet errors unavailable without explicit GT-to-reference projection
localization_features/1,/home/sungho/.local/share/Trash/files/frenet_jump_20260728_153147,/pf/pose/odom,1785220309050961399,1785220309045466129,LOC_UNKNOWN,0.00549527,0.034411797,0,-14.083914630694007,0.025564512061799025,-0.16361780836607712,-0.16361780836607712,-0.0008811497012732872,-7.905504000869923e-05,0.0008846889257839618,4.0929989595650536e-05,0.025708884827606117,0.0011894173848477176,,,0.001207553,,,0,10.00172784067965,0.2353916428634054,-0.0008819145381195881,-7.000887699434855e-05,0.0008819145381195881,7.000887699434855e-05,2.7743876643736764e-06,0,1,,,,,0.528288708,0.037551348496575016,,,0.0,0.0,0.0,,,,,,,-14.238584518432617,0.019627392292022705,-0.16638307572629277,0.1547837961940295,0.0027652673602156508,,,no particle cloud; GT Frenet errors unavailable without explicit GT-to-reference projection
localization_features/1,/home/sungho/.local/share/Trash/files/frenet_jump_20260728_153147,/pf/pose/odom,1785220309083517252,1785220309082246577,LOC_UNKNOWN,0.001270675,0.032555853,0,-14.081302831383182,0.02533739256871907,-0.16359486837764586,-0.16359486837764586,0.0026117993108254467,-0.00022711949307995666,0.0026216557562283374,2.293998843125311e-05,0.0805279393609603,0.000704634844961768,,,0.001207279,,,0,10.004337171867142,0.23513773410391542,0.002609331187493069,-0.00025390875948996805,0.0,0.00025390875948996805,1.2324568735268271e-05,0,1,,,,,0.526615533,0.03389923216225247,,,0.0,0.0,0.0,,,,,,,-14.238584518432617,0.019627392292022705,-0.16638307572629277,0.15738530167800419,0.002788207348646904,,,no particle cloud; GT Frenet errors unavailable without explicit GT-to-reference projection
localization_features/1,/home/sungho/.local/share/Trash/files/frenet_jump_20260728_153147,/pf/pose/odom,1785220309114821225,1785220309112920494,LOC_UNKNOWN,0.001900731,0.031303973,0,-14.082716940632224,0.025419178624053802,-0.1636189842512087,-0.1636189842512087,-0.0014141092490422835,8.178605533473368e-05,0.0014164723530920562,-2.4115873562824408e-05,0.045248964183941004,-0.0007703774074563765,,,0.002806701,,,0,10.002923976328443,0.235234026868325,-0.0014131955386993411,9.6292764409589e-05,0.0014131955386993411,9.6292764409589e-05,3.2768143927151307e-06,0,1,,,,,0.525253695,0.031992230039803546,,,0.0,0.0,0.0,,,,,,,-14.238584518432617,0.019627392292022705,-0.16638307572629277,0.15597514737379634,0.00276409147508408,,,no particle cloud; GT Frenet errors unavailable without explicit GT-to-reference projection
localization_features/1,/home/sungho/.local/share/Trash/files/frenet_jump_20260728_153147,/pf/pose/odom,1785220309152900049,1785220309147941080,LOC_UNKNOWN,0.004958969,0.038078824,0,-14.086368642846498,0.02512823018169423,-0.16356719245535709,-0.16356719245535709,-0.003651702214273911,-0.0002909484423595718,0.003663274499385003,5.179179585160231e-05,0.09620240633967592,0.0013601206763003582,,,0.001048995,,,0,9.999269480787087,0.23498056603103162,-0.0036544955413564395,-0.0002534608372933844,0.0036544955413564395,0.0002534608372933844,8.778958028563683e-06,0,1,,,,,0.529991436,0.03180993592174727,,,0.0,0.0,0.0,,,,,,,-14.238584518432617,0.019627392292022705,-0.16638307572629277,0.15231523888940776,0.002815883270935682,,,no particle cloud; GT Frenet errors unavailable without explicit GT-to-reference projection
localization_features/1,/home/sungho/.local/share/Trash/files/frenet_jump_20260728_153147,/pf/pose/odom,1785220309180543431,1785220309175434378,LOC_UNKNOWN,0.005109053,0.027643382,0,-14.087909781477894,0.024688013963927537,-0.1635683990135764,-0.1635683990135764,-0.001541138631395711,-0.0004402162177666938,0.001602778400018249,-1.2065582193077073e-06,0.05798054666459585,-4.364727222261398e-05,,,-0.000193871,,,0,9.997723905978841,0.23455618753053567,-0.0015455748082455756,-0.00042437850049595327,0.0015455748082455756,0.00042437850049595327,5.720359177267343e-05,0,1,,,,,0.5243842,0.028246957097899025,,,0.0,0.0,0.0,,,,,,,-14.238584518432617,0.019627392292022705,-0.16638307572629277,0.15075969702835454,0.002814676712716374,,,no particle cloud; GT Frenet errors unavailable without explicit GT-to-reference projection
localization_features/1,/home/sungho/.local/share/Trash/files/frenet_jump_20260728_153147,/pf/pose/odom,1785220309215581719,1785220309214479793,LOC_UNKNOWN,0.001101926,0.035038288,0,-14.090089983962702,0.024018097220752117,-0.16341191579822562,-0.16341191579822562,-0.0021802024848085466,-0.0006699167431754201,0.0022808049713976255,0.0001564832153507778,0.06509464650206727,0.004466063391875134,,,0.001476421,,,0,9.995536943871308,0.23390867841263574,-0.002186962107533219,-0.0006475091178999304,0.002186962107533219,0.0006475091178999304,9.384286386440645e-05,0,1,,,,,0.527674989,0.024452068547155016,,,0.0,0.0,0.0,,,,,,,-14.238584518432617,0.019627392292022705,-0.16638307572629277,0.1485594327439625,0.002971159928067152,,,no particle cloud; GT Frenet errors unavailable without explicit GT-to-reference projection
localization_features/1,/home/sungho/.local/share/Trash/files/frenet_jump_20260728_153147,/pf/pose/odom,1785220309248034245,1785220309245978690,LOC_UNKNOWN,0.002055555,0.032452526,0,-14.094930286593836,0.02360031572343005,-0.16337693058511876,-0.16337693058511876,-0.004840302631134108,-0.00041778149732206796,0.00485829918186071,3.4985213106852875e-05,0.14970480824391633,0.0010780428342266138,,,0.001432866,,,0,9.990692608985398,0.23354058813345346,-0.004844334885909518,-0.000368090279182276,0.004844334885909518,0.000368090279182276,1.3964295951191495e-05,0,1,,,,,0.5252889,0.02520595006745601,,,0.0,0.0,0.0,,,,,,,-14.238584518432617,0.019627392292022705,-0.16638307572629277,0.14370915922717664,0.003006145141174005,,,no particle cloud; GT Frenet errors unavailable without explicit GT-to-reference projection
localization_features/1,/home/sungho/.local/share/Trash/files/frenet_jump_20260728_153147,/pf/pose/odom,1785220309279879370,1785220309276903508,LOC_UNKNOWN,0.002975862,0.031845125,0,-14.097900604072873,0.023112373444448706,-0.16329771024707826,-0.16329771024707826,-0.0029703174790363107,-0.0004879422789813431,0.003010128501224845,7.922033804050323e-05,0.0945239970395734,0.0024876755246055157,,,0.001033681,,,0,9.987717440832512,0.23308315173793584,-0.0029751681528864538,-0.00045743639551762416,0.0029751681528864538,0.00045743639551762416,3.496034833839123e-05,0,1,,,,,0.530643106,0.02359387627411517,,,0.0,0.0,0.0,,,,,,,-14.238584518432617,0.019627392292022705,-0.16638307572629277,0.14072707221147138,0.003085365479214508,,,no particle cloud; GT Frenet errors unavailable without explicit GT-to-reference projection
localization_features/1,/home/sungho/.local/share/Trash/files/frenet_jump_20260728_153147,/pf/pose/odom,1785220309313969017,1785220309309834761,LOC_UNKNOWN,0.004134256,0.034089647,0,-14.098959201834871,0.023030121963713457,-0.1632481758828816,-0.1632481758828816,-0.0010585977619985698,-8.225148073524868e-05,0.0010617883629949621,4.9534364196662795e-05,0.031146945082621773,0.0014530618107210906,,,0.001163112,,,0,9.986658054776004,0.23301176748849933,-0.0010593860565073498,-7.13842494365069e-05,0.0010593860565073498,7.13842494365069e-05,2.402306487612289e-06,0,1,,,,,0.53028553,0.020839662396045452,,,0.0,0.0,0.0,,,,,,,-14.238584518432617,0.019627392292022705,-0.16638307572629277,0.1396667734439347,0.003134899843411171,,,no particle cloud; GT Frenet errors unavailable without explicit GT-to-reference projection
localization_features/1,/home/sungho/.local/share/Trash/files/frenet_jump_20260728_153147,/pf/pose/odom,1785220309344497045,1785220309342432968,LOC_UNKNOWN,0.002064077,0.030528028,0,-14.10268261785779,0.023310216798425477,-0.16330628943905762,-0.16330628943905762,-0.003723416022918258,0.0002800948347120198,0.003733936260323249,-5.811355617602043e-05,0.12231174120789096,-0.0019036131706908954,,,2.1791e-05,,,0,9.982937709016213,0.23333005575996876,-0.0037203457597918543,0.0003182882714694302,0.0037203457597918543,0.0003182882714694302,1.35905005313945e-05,0,1,,,,,0.52893875,0.02052213543801728,,,0.0,0.0,0.0,,,,,,,-14.238584518432617,0.019627392292022705,-0.16638307572629277,0.13595179210365452,0.0030767862872351504,,,no particle cloud; GT Frenet errors unavailable without explicit GT-to-reference projection
localization_features/1,/home/sungho/.local/share/Trash/files/frenet_jump_20260728_153147,/pf/pose/odom,1785220309379686865,1785220309376836857,LOC_UNKNOWN,0.002850008,0.03518982,0,-14.102303224483956,0.023516281086921696,-0.16330632579764698,-0.16330632579764698,0.00037939337383363636,0.00020606428849621883,0.00043174277423290163,-3.6358589361462634e-08,0.012268967963828791,-1.0332132804732346e-06,,,0.000215825,,,0,9.983319196962503,0.233532216018026,0.0003814879462904486,0.00020216025805724902,0.0,0.00020216025805724902,5.025482794245305e-05,0,1,,,,,0.528934835,0.018515318776960787,,,0.0,0.0,0.0,,,,,,,-14.238584518432617,0.019627392292022705,-0.16638307572629277,0.13633676883504506,0.003076749928645789,,,no particle cloud; GT Frenet errors unavailable without explicit GT-to-reference projection
localization_features/1,/home/sungho/.local/share/Trash/files/frenet_jump_20260728_153147,/pf/pose/odom,1785220309410026704,1785220309406136036,LOC_UNKNOWN,0.003890668,0.030339839,0,-14.100604027883437,0.023386995313250208,-0.16325948378505417,-0.16325948378505417,0.0016991966005193149,-0.0001292857736714878,0.0017041079480156858,4.684201259280707e-05,0.05616733655098453,0.001543911046884826,,,-0.000240735,,,0,9.985016977419555,0.23338550058550703,0.001697780457051934,-0.00014671543251898456,0.0,0.00014671543251898456,6.32749096375184e-06,0,1,,,,,0.526174691,0.016357658498938398,,,0.0,0.0,0.0,,,,,,,-14.238584518432617,0.019627392292022705,-0.16638307572629277,0.13803170065991993,0.0031235919412385955,,,no particle cloud; GT Frenet errors unavailable without explicit GT-to-reference projection
localization_features/1,/home/sungho/.local/share/Trash/files/frenet_jump_20260728_153147,/pf/pose/odom,1785220309443637982,1785220309438312092,LOC_UNKNOWN,0.00532589,0.033611278,0,-14.099450905797315,0.023253751602515072,-0.16322211848058077,-0.16322211848058077,0.0011531220861211722,-0.00013324371073513558,0.0011607947415244921,3.736530447340237e-05,0.034535870416010125,0.0011116894892661436,,,-7.2449e-05,,,0,9.986168671499133,0.23324043101937356,0.0011516940795779362,-0.0001450695661334711,0.0,0.0001450695661334711,9.100661946555896e-06,0,1,,,,,0.523214975,0.016247923096120075,,,0.0,0.0,0.0,,,,,,,-14.238584518432617,0.019627392292022705,-0.16638307572629277,0.13918086307678582,0.0031609572457119988,,,no particle cloud; GT Frenet errors unavailable without explicit GT-to-reference projection
localization_features/1,/home/sungho/.local/share/Trash/files/frenet_jump_20260728_153147,/pf/pose/odom,1785220309474974663,1785220309473742522,LOC_UNKNOWN,0.001232141,0.031336681,0,-14.09686985592921,0.02328172123945675,-0.16322056064160204,-0.16322056064160204,0.0025810498681053673,2.796963694167917e-05,0.0025812014106298222,1.5578389787329616e-06,0.08236996798192579,4.9712953925559686e-05,,,0.001043347,,,0,9.988749872484041,0.23324191349737117,0.002581200984907994,1.4824779976108093e-06,0.0,1.4824779976108093e-06,4.2572182801584035e-10,0,1,,,,,0.527003305,0.013923716264473342,,,0.0,0.0,0.0,,,,,,,-14.238584518432617,0.019627392292022705,-0.16638307572629277,0.1417617708993177,0.0031625150846907313,,,no particle cloud; GT Frenet errors unavailable without explicit GT-to-reference projection
localization_features/1,/home/sungho/.local/share/Trash/files/frenet_jump_20260728_153147,/pf/pose/odom,1785220309507854253,1785220309505915768,LOC_UNKNOWN,0.001938485,0.03287959,0,-14.093420970348909,0.023045760048144112,-0.16317975439210522,-0.16317975439210522,0.0034488855803012086,-0.00023596119131263915,0.0034569479935074644,4.080624949681644e-05,0.10513963201814452,0.0012410814580357127,,,0.001738366,,,0,9.992196155137206,0.2329705736655883,0.003446282653165156,-0.00027133983178287413,0.0,0.00027133983178287413,1.066534034230857e-05,0,1,,,,,0.52465106,0.011167973678106253,,,0.0,0.0,0.0,,,,,,,-14.238584518432617,0.019627392292022705,-0.16638307572629277,0.14520379103304154,0.0032033213341875477,,,no particle cloud; GT Frenet errors unavailable without explicit GT-to-reference projection
localization_features/1,/home/sungho/.local/share/Trash/files/frenet_jump_20260728_153147,/pf/pose/odom,1785220309542576933,1785220309538410000,LOC_UNKNOWN,0.004166933,0.03472268,0,-14.093268144398712,0.022958280264185508,-0.16321063588464704,-0.16321063588464704,0.00015282595019705525,-8.747978395860431e-05,0.00017609225893001912,-3.088149254182326e-05,0.005071390195976207,-0.0008893752596810864,,,2.0958e-05,,,0,9.992348075358839,0.23288153024969455,0.0001519202216329063,-8.904341589374698e-05,0.0,8.904341589374698e-05,2.417203729711281e-05,0,1,,,,,0.526027331,0.010581072744952088,,,0.0,0.0,0.0,,,,,,,-14.238584518432617,0.019627392292022705,-0.16638307572629277,0.14535454370966527,0.0031724398416457245,,,no particle cloud; GT Frenet errors unavailable without explicit GT-to-reference projection
localization_features/1,/home/sungho/.local/share/Trash/files/frenet_jump_20260728_153147,/pf/pose/odom,1785220309573811328,1785220309569720447,LOC_UNKNOWN,0.004090881,0.031234395,0,-14.094344931830987,0.022842287722215755,-0.163221146545981,-0.163221146545981,-0.001076787432275239,-0.00011599254196975259,0.0010830168253995445,-1.0510661333951178e-05,0.03467385314809345,-0.0003365092019215092,,,0.000841864,,,0,9.99127015435269,0.23277659337055712,-0.0010779210061482303,-0.00010493687913742944,0.0010779210061482303,0.00010493687913742944,5.09581925131424e-06,0,1,,,,,0.522849929,0.010779688639432048,,,0.0,0.0,0.0,,,,,,,-14.238584518432617,0.019627392292022705,-0.16638307572629277,0.1442754098785938,0.0031619291803117733,,,no particle cloud; GT Frenet errors unavailable without explicit GT-to-reference projection
localization_features/1,/home/sungho/.local/share/Trash/files/frenet_jump_20260728_153147,/pf/pose/odom,1785220309609031009,1785220309608015052,LOC_UNKNOWN,0.001015957,0.035219681,0,-14.097347313279943,0.02300157900855155,-0.1632155761348638,-0.1632155761348638,-0.0030023814489563705,0.00015929128633579426,0.00300660407751667,5.570411117206131e-06,0.08536715813856094,0.00015816188446471537,,,0.001168365,,,0,9.98826956556629,0.23296668548995733,-0.0030005887864010816,0.00019009211940021475,0.0030005887864010816,0.00019009211940021475,6.0152911155885065e-06,0,1,,,,,0.525513757,0.01621361848334207,,,0.0,0.0,0.0,,,,,,,-14.238584518432617,0.019627392292022705,-0.16638307572629277,0.14127750442068426,0.0031674995914289794,,,no particle cloud; GT Frenet errors unavailable without explicit GT-to-reference projection
localization_features/1,/home/sungho/.local/share/Trash/files/frenet_jump_20260728_153147,/pf/pose/odom,1785220309646157041,1785220309643910553,LOC_UNKNOWN,0.002246488,0.037126032,0,-14.101443831317317,0.023509071350782323,-0.16335315710262632,-0.16335315710262632,-0.004096518037373542,0.0005074923422307732,0.004127833391496034,-0.00013758096776253503,0.11118434072071139,-0.003705781640293124,,,0.003669524,,,0,9.984178470897378,0.23351618791757503,-0.004091094668911666,0.0005495024276176985,0.004091094668911666,0.0005495024276176985,3.673872258436878e-05,0,1,,,,,0.531335816,0.018824052287613857,,,0.0,0.0,0.0,,,,,,,-14.238584518432617,0.019627392292022705,-0.16638307572629277,0.13719561033346472,0.003029918623666445,,,no particle cloud; GT Frenet errors unavailable without explicit GT-to-reference projection
localization_features/1,/home/sungho/.local/share/Trash/files/frenet_jump_20260728_153147,/pf/pose/odom,1785220309677230865,1785220309674236819,LOC_UNKNOWN,0.002994046,0.031073824,0,-14.101833902524943,0.023663986712065706,-0.16337403466127354,-0.16337403466127354,-0.0003900712076259083,0.00015491536128338368,0.00041970741735201174,-2.08775586472143e-05,0.013506783630878896,-0.0006718696304392501,,,0.000953592,,,0,9.983790009906173,0.2336750978747587,-0.0003884609912052639,0.00015890995718367829,0.0003884609912052639,0.00015890995718367829,3.1246426146747846e-05,0,1,,,,,0.524330816,0.015534421967362693,,,0.0,0.0,0.0,,,,,,,-14.238584518432617,0.019627392292022705,-0.16638307572629277,0.13681017888169067,0.00300904106501923,,,no particle cloud; GT Frenet errors unavailable without explicit GT-to-reference projection
localization_features/1,/home/sungho/.local/share/Trash/files/frenet_jump_20260728_153147,/pf/pose/odom,1785220309708868490,1785220309702177208,LOC_UNKNOWN,0.006691282,0.031637625,0,-14.100879022713755,0.02414884181358949,-0.16353433962608185,-0.16353433962608185,0.0009548798111875811,0.0004848551015237852,0.0010709247981475034,-0.00016030496480831657,0.033849721594067295,-0.0050669089354310436,,,2.382e-05,,,0,9.984749814827751,0.23415012885880185,0.0009598049215782112,0.0004750309840431399,0.0,0.0004750309840431399,0.00011111987656929221,0,1,,,,,0.528325059,0.01298044393854351,,,0.0,0.0,0.0,,,,,,,-14.238584518432617,0.019627392292022705,-0.16638307572629277,0.1377797048079055,0.0028487361002109135,,,no particle cloud; GT Frenet errors unavailable without explicit GT-to-reference projection
localization_features/1,/home/sungho/.local/share/Trash/files/frenet_jump_20260728_153147,/pf/pose/odom,1785220309749314517,1785220309748234772,LOC_UNKNOWN,0.001079745,0.040446027,0,-14.098417706785941,0.02442224083090983,-0.16359244849809965,-0.16359244849809965,0.0024613159278139563,0.0002733990173203367,0.0024764537385508338,-5.810887201779247e-05,0.06122860320868682,-0.001436701607744871,,,0.001048172,,,0,9.987213806673246,0.23439825645604695,0.0024639918454951726,0.00024812759724510136,0.0,0.00024812759724510136,1.2461893055661175e-05,0,1,,,,,0.501280272,0.003582968110185558,,,0.0,0.0,0.0,,,,,,,-14.238584518432617,0.019627392292022705,-0.16638307572629277,0.14024879913819435,0.002790627228193121,,,no particle cloud; GT Frenet errors unavailable without explicit GT-to-reference projection
localization_features/1,/home/sungho/.local/share/Trash/files/frenet_jump_20260728_153147,/pf/pose/odom,1785220309780424058,1785220309778403250,LOC_UNKNOWN,0.002020808,0.031109541,0,-14.095481874327925,0.02459928308692125,-0.16370414593897306,-0.16370414593897306,0.0029358324580162076,0.00017704225601142265,0.0029411657862070785,-0.00011169744087341503,0.09454224304392914,-0.0035904560878418303,,,0.003428887,,,0,9.990151301290936,0.23454516306925172,0.0029374946176901062,0.00014690661320476694,0.0,0.00014690661320476694,3.6711685169723077e-06,0,1,,,,,0.500544688,0.002839217121667903,,,0.0,0.0,0.0,,,,,,,-14.238584518432617,0.019627392292022705,-0.16638307572629277,0.14318898857045734,0.002678929787319706,,,no particle cloud; GT Frenet errors unavailable without explicit GT-to-reference projection
localization_features/1,/home/sungho/.local/share/Trash/files/frenet_jump_20260728_153147,/pf/pose/odom,1785220309806012548,1785220309802170470,LOC_UNKNOWN,0.003842078,0.02558849,0,-14.092372137541542,0.02466309099502392,-0.16372132458621869,-0.16372132458621869,0.003109736786383266,6.380790810266851e-05,0.0031103913467153553,-1.717864724562479e-05,0.12155431394018777,-0.0006713427500264686,,,0.003850844,,,0,9.993261529115735,0.23457705676086746,0.0031102278247985282,3.189369161574196e-05,0.0,3.189369161574196e-05,1.6352191682710362e-07,0,1,,,,,0.526133178,0.005741834820831026,,,0.0,0.0,0.0,,,,,,,-14.238584518432617,0.019627392292022705,-0.16638307572629277,0.14629907240739534,0.0026617511400740816,,,no particle cloud; GT Frenet errors unavailable without explicit GT-to-reference projection
localization_features/1,/home/sungho/.local/share/Trash/files/frenet_jump_20260728_153147,/pf/pose/odom,1785220309838384553,1785220309834364865,LOC_UNKNOWN,0.004019688,0.032372005,0,-14.088280286065492,0.024854866505287062,-0.16374301202453087,-0.16374301202453087,0.004091851476049513,0.00019177551026314243,0.004096343045740343,-2.168743831218456e-05,0.1265396766663153,-0.0006699442407779363,,,0.001002734,,,0,9.997355133071947,0.23472683325457033,0.004093603956212277,0.0001497764937028745,0.0,0.0001497764937028745,2.739089528065383e-06,0,1,,,,,0.524415536,0.010833694413795015,,,0.0,0.0,0.0,,,,,,,-14.238584518432617,0.019627392292022705,-0.16638307572629277,0.15039510881049625,0.002640063701761897,,,no particle cloud; GT Frenet errors unavailable without explicit GT-to-reference projection
localization_features/1,/home/sungho/.local/share/Trash/files/frenet_jump_20260728_153147,/pf/pose/odom,1785220309873761098,1785220309872667540,LOC_UNKNOWN,0.001093558,0.035376545,0,-14.086529222555662,0.024899034987560974,-0.1637352358291291,-0.1637352358291291,0.0017510635098307858,4.416848227391246e-05,0.001751620469818531,7.776195401765216e-06,0.049513610495839286,0.0002198121778643227,,,0.000898574,,,0,9.999106557624621,0.23475303070818776,0.0017514245526744077,2.619745361742698e-05,0.0,2.619745361742698e-05,1.9591714412337674e-07,0,1,,,,,0.529264053,0.016231343845317887,,,0.0,0.0,0.0,,,,,,,-14.238584518432617,0.019627392292022705,-0.16638307572629277,0.15214665037698974,0.002647839897163662,,,no particle cloud; GT Frenet errors unavailable without explicit GT-to-reference projection
localization_features/1,/home/sungho/.local/share/Trash/files/frenet_jump_20260728_153147,/pf/pose/odom,1785220309905558262,1785220309902028914,LOC_UNKNOWN,0.003529348,0.031797164,0,-14.084645090762168,0.024916039474481826,-0.1636944928162332,-0.1636944928162332,0.0018841317934938928,1.700448692085188e-05,0.0018842085255698093,4.074301289591631e-05,0.05925712511876245,0.0012813410936873585,,,-0.00026253,,,0,10.000990764708813,0.23475070010395357,0.0018842070841920133,-2.330604234185296e-06,0.0,2.330604234185296e-06,1.4413777959815938e-09,0,1,,,,,0.525871397,0.01771352618989513,,,0.0,0.0,0.0,,,,,,,-14.238584518432617,0.019627392292022705,-0.16638307572629277,0.1540302476156099,0.002688582910059578,,,no particle cloud; GT Frenet errors unavailable without explicit GT-to-reference projection
localization_features/1,/home/sungho/.local/share/Trash/files/frenet_jump_20260728_153147,/pf/pose/odom,1785220309937489286,1785220309934431653,LOC_UNKNOWN,0.003057633,0.031931024,0,-14.084057618098793,0.024885955552281982,-0.16369189784132868,-0.16369189784132868,0.0005874726633745553,-3.008392219984446e-05,0.0005882424437145962,2.594974904512881e-06,0.018422285602697746,8.12681392401597e-05,,,0.001222974,,,0,10.001577897731844,0.23471458935965653,0.0005871330230302618,-3.6110744297046526e-05,0.0,3.6110744297046526e-05,1.109420684334379e-06,0,1,,,,,0.527462582,0.016614167404945226,,,0.0,0.0,0.0,,,,,,,-14.238584518432617,0.019627392292022705,-0.16638307572629277,0.15461634911723196,0.002691177884964091,,,no particle cloud; GT Frenet errors unavailable without explicit GT-to-reference projection
localization_features/1,/home/sungho/.local/share/Trash/files/frenet_jump_20260728_153147,/pf/pose/odom,1785220309973863537,1785220309969769640,LOC_UNKNOWN,0.004093897,0.036374251,0,-14.083184769697498,0.02481453572328427,-0.1636895610466316,-0.1636895610466316,0.0008728484012952009,-7.14198289977104e-05,0.0008757654501164397,2.336794697077593e-06,0.02407652188127364,6.424310144771346e-05,,,0.001322162,,,0,10.002449967295021,0.23463421647495003,0.0008720695631776465,-8.037288470649773e-05,0.0,8.037288470649773e-05,3.6958869387932e-06,0,1,,,,,0.530225555,0.016340845470459366,,,0.0,0.0,0.0,,,,,,,-14.238584518432617,0.019627392292022705,-0.16638307572629277,0.15548629638625616,0.0026935146796611686,,,no particle cloud; GT Frenet errors unavailable without explicit GT-to-reference projection
localization_features/1,/home/sungho/.local/share/Trash/files/frenet_jump_20260728_153147,/pf/pose/odom,1785220310009504077,1785220310008507307,LOC_UNKNOWN,0.00099677,0.03564054,0,-14.084419138230544,0.024700340493271116,-0.163645807981401,-0.163645807981401,-0.0012343685330460374,-0.00011419523001315532,0.0012396395548432552,4.375306523060618e-05,0.03478172762935845,0.0012276207159208638,,,0.001045584,,,0,10.001214491928277,0.23453269384644415,-0.0012354753667445095,-0.00010152262850587901,0.0012354753667445095,0.00010152262850587901,4.164188098745641e-06,0,1,,,,,0.501649824,0.009152629017753471,,,0.0,0.0,0.0,,,,,,,-14.238584518432617,0.019627392292022705,-0.16638307572629277,0.15424882254429806,0.002737267744891775,,,no particle cloud; GT Frenet errors unavailable without explicit GT-to-reference projection
localization_features/1,/home/sungho/.local/share/Trash/files/frenet_jump_20260728_153147,/pf/pose/odom,1785220310036075994,1785220310033879557,LOC_UNKNOWN,0.002196437,0.026571917,0,-14.08592448087927,0.02436328691918706,-0.16354869191905066,-0.16354869191905066,-0.0015053426487252608,-0.00033705357408405495,0.0015426151826926958,9.711606235032755e-05,0.058054342962635924,0.0036548383901066506,,,0.000898277,,,0,9.999705769831172,0.23421110523411104,-0.001508722097105064,-0.0003215886123331124,0.001508722097105064,0.0003215886123331124,3.389308558763172e-05,0,1,,,,,0.528221741,0.00761138827181602,,,0.0,0.0,0.0,,,,,,,-14.238584518432617,0.019627392292022705,-0.16638307572629277,0.15273347951156363,0.0028343838072421024,,,no particle cloud; GT Frenet errors unavailable without explicit GT-to-reference projection
localization_features/1,/home/sungho/.local/share/Trash/files/frenet_jump_20260728_153147,/pf/pose/odom,1785220310071817754,1785220310066132617,LOC_UNKNOWN,0.005685137,0.03574176,0,-14.084386627084314,0.024404425431831037,-0.16355973050104733,-0.16355973050104733,0.0015378537949555238,4.113851264397547e-05,0.0015384039365139654,-1.1038581996664076e-05,0.043042198719759894,-0.00030884270938711685,,,2.131e-05,,,0,10.001243964802473,0.2342364607492,0.0015381949713013654,2.53555150889484e-05,0.0,2.53555150889484e-05,2.0896521259997254e-07,0,1,,,,,0.529240821,0.008998482408265195,,,0.0,0.0,0.0,,,,,,,-14.238584518432617,0.019627392292022705,-0.16638307572629277,0.15427186957408032,0.0028233452252454383,,,no particle cloud; GT Frenet errors unavailable without explicit GT-to-reference projection
localization_features/1,/home/sungho/.local/share/Trash/files/frenet_jump_20260728_153147,/pf/pose/odom,1785220310106514118,1785220310102533282,LOC_UNKNOWN,0.003980836,0.034696364,0,-14.082614048378545,0.024239945673966156,-0.1635551165193394,-0.1635551165193394,0.0017725787057685238,-0.0001644797578648806,0.0017801934891722598,4.613981707923819e-06,0.05130778225557755,0.00013298170689942667,,,0.001261645,,,0,10.003014762354711,0.23405380016812122,0.0017707975522380792,-0.0001826605810787696,0.0,0.0001826605810787696,9.395936934180563e-06,0,1,,,,,0.53270279,0.01181385095237222,,,0.0,0.0,0.0,,,,,,,-14.238584518432617,0.019627392292022705,-0.16638307572629277,0.15603865924055316,0.002827959206953362,,,no particle cloud; GT Frenet errors unavailable without explicit GT-to-reference projection
localization_features/1,/home/sungho/.local/share/Trash/files/frenet_jump_20260728_153147,/pf/pose/odom,1785220310135483505,1785220310134605382,LOC_UNKNOWN,0.000878123,0.028969387,0,-14.08147665097068,0.02394111529945569,-0.16354746062618222,-0.16354746062618222,0.001137397407864782,-0.0002988303745104677,0.0011759984932590653,7.655893157182403e-06,0.04059452460140304,0.00026427529022904085,,,0.002610939,,,0,10.004149033400816,0.23374331401687268,0.0011342710461050842,-0.0003104861512485402,0.0,0.0003104861512485402,4.172744715398103e-05,0,1,,,,,0.526452496,0.015898448055599274,,,0.0,0.0,0.0,,,,,,,-14.238584518432617,0.019627392292022705,-0.16638307572629277,0.15716707741961217,0.0028356151001105445,,,no particle cloud; GT Frenet errors unavailable without explicit GT-to-reference projection
localization_features/1,/home/sungho/.local/share/Trash/files/frenet_jump_20260728_153147,/pf/pose/odom,1785220310173607045,1785220310170462186,LOC_UNKNOWN,0.003144859,0.03812354,0,-14.080349267852116,0.023571116906818734,-0.1634621536716169,-0.1634621536716169,0.001127383118564751,-0.00036999839263695405,0.0011865460406485341,8.530695456532289e-05,0.031123710984041205,0.0022376451548130863,,,-0.00027444,,,0,10.005272560387567,0.23336176635717645,0.001123526986750889,-0.00038154765969622417,0.0,0.00038154765969622417,6.301905389764512e-05,0,1,,,,,0.527450004,0.02109465471247232,,,0.0,0.0,0.0,,,,,,,-14.238584518432617,0.019627392292022705,-0.16638307572629277,0.1582843880176168,0.0029209220546758674,,,no particle cloud; GT Frenet errors unavailable without explicit GT-to-reference projection
localization_features/1,/home/sungho/.local/share/Trash/files/frenet_jump_20260728_153147,/pf/pose/odom,1785220310202878749,1785220310198617200,LOC_UNKNOWN,0.004261549,0.029271704,0,-14.080251189246862,0.023397258968050984,-0.16341046140010412,-0.16341046140010412,9.807860525334888e-05,-0.00017385793876775052,0.00019961461790413327,5.1692271512776555e-05,0.006819371291269319,0.0017659467830358135,,,2.3113e-05,,,0,10.00536884976922,0.23318691112945295,9.628938165207046e-05,-0.00017485522772350826,0.0,0.00017485522772350826,0.00010332523625206281,0,1,,,,,0.525647884,0.021584361378860932,,,0.0,0.0,0.0,,,,,,,-14.238584518432617,0.019627392292022705,-0.16638307572629277,0.15837820249579695,0.002972614326188644,,,no particle cloud; GT Frenet errors unavailable without explicit GT-to-reference projection
localization_features/1,/home/sungho/.local/share/Trash/files/frenet_jump_20260728_153147,/pf/pose/odom,1785220310236966830,1785220310232846108,LOC_UNKNOWN,0.004120722,0.034088081,0,-14.082032312194576,0.023320837343662575,-0.16339499234674498,-0.16339499234674498,-0.0017811229477135981,-7.642162438840916e-05,0.0017827616833290254,1.546905335914062e-05,0.052298681270119766,0.0004537965442859814,,,0.001333769,,,0,10.003587036392682,0.23312877068965146,-0.0017818133765370447,-5.814043980148509e-05,0.0017818133765370447,5.814043980148509e-05,9.483067919806732e-07,0,1,,,,,0.52809834,0.0188648903732825,,,0.0,0.0,0.0,,,,,,,-14.238584518432617,0.019627392292022705,-0.16638307572629277,0.15659576882645238,0.0029880833795477846,,,no particle cloud; GT Frenet errors unavailable without explicit GT-to-reference projection
localization_features/1,/home/sungho/.local/share/Trash/files/frenet_jump_20260728_153147,/pf/pose/odom,1785220310270858630,1785220310269753542,LOC_UNKNOWN,0.001105088,0.0338918,0,-14.083235707986061,0.02353630754396692,-0.16348125200158337,-0.16348125200158337,-0.0012033957914852067,0.00021547020030434488,0.0012225337779315144,-8.625965483838316e-05,0.036071668602184435,-0.002545148231677962,,,0.000900083,,,0,10.002385915029596,0.23335657830436482,-0.001201121363086699,0.00022780761471336008,0.001201121363086699,0.00022780761471336008,2.141241484481535e-05,0,1,,,,,0.521544113,0.015207825792942222,,,0.0,0.0,0.0,,,,,,,-14.238584518432617,0.019627392292022705,-0.16638307572629277,0.15539798108600675,0.0029018237247094014,,,no particle cloud; GT Frenet errors unavailable without explicit GT-to-reference projection
localization_features/1,/home/sungho/.local/share/Trash/files/frenet_jump_20260728_153147,/pf/pose/odom,1785220310305751781,1785220310302601834,LOC_UNKNOWN,0.003149947,0.034893151,0,-14.080975911318518,0.02371674311068871,-0.16356530211477555,-0.16356530211477555,0.002259796667543057,0.00018043556672179065,0.0022669887455338015,-8.405011319218003e-05,0.06496944760115822,-0.00240878541442646,,,0.000144202,,,0,10.004647444271917,0.2335138152545485,0.0022615292423218136,0.00015723695018368677,0.0,0.00015723695018368677,5.459503211987897e-06,0,1,,,,,0.525327723,0.014532784992558568,,,0.0,0.0,0.0,,,,,,,-14.238584518432617,0.019627392292022705,-0.16638307572629277,0.15766164982824643,0.0028177736115172214,,,no particle cloud; GT Frenet errors unavailable without explicit GT-to-reference projection
localization_features/1,/home/sungho/.local/share/Trash/files/frenet_jump_20260728_153147,/pf/pose/odom,1785220310337149257,1785220310332924558,LOC_UNKNOWN,0.004224699,0.031397476,0,-14.077191321011457,0.024058596743462998,-0.16368140844670703,-0.16368140844670703,0.003784590307061464,0.00034185363277428743,0.003799998381387098,-0.00011610633193148702,0.12102878528793518,-0.0036979511324887076,,,0.001560478,,,0,10.008435343277704,0.2338168149583405,0.003787899005786244,0.00030299970379199515,0.0,0.00030299970379199515,1.2099375600854029e-05,0,1,,,,,0.531136709,0.015192847126864705,,,0.0,0.0,0.0,,,,,,,-14.238584518432617,0.019627392292022705,-0.16638307572629277,0.1614540174375237,0.0027016672795857344,,,no particle cloud; GT Frenet errors unavailable without explicit GT-to-reference projection
localization_features/1,/home/sungho/.local/share/Trash/files/frenet_jump_20260728_153147,/pf/pose/odom,1785220310368894166,1785220310364887781,LOC_UNKNOWN,0.004006385,0.031744909,0,-14.07049872573156,0.02401341328905139,-0.16373888211795531,-0.16373888211795531,0.006692595279895741,-4.518345441160629e-05,0.006692747800794179,-5.747367124828151e-05,0.21082901200926984,-0.0018104846748271198,,,0.001064167,,,0,10.015127122527854,0.23370295718614803,0.006691779250150631,-0.00011385777219247162,0.0,0.00011385777219247162,9.685506435477484e-07,0,1,,,,,0.530509613,0.017801458688106443,,,0.0,0.0,0.0,,,,,,,-14.238584518432617,0.019627392292022705,-0.16638307572629277,0.1681430072531382,0.002644193608337453,,,no particle cloud; GT Frenet errors unavailable without explicit GT-to-reference projection
localization_features/1,/home/sungho/.local/share/Trash/files/frenet_jump_20260728_153147,/pf/pose/odom,1785220310403352111,1785220310402333733,LOC_UNKNOWN,0.001018378,0.034457945,0,-14.06791158041447,0.02354236485082223,-0.16359122913876234,-0.16359122913876234,0.002587145317090034,-0.000471048438229163,0.0026296782166073144,0.00014765297919297482,0.07631558459470855,0.004285019875473562,,,0.00099937,,,0,10.01770929791984,0.23320538531402293,0.002582175391985686,-0.0004975718721250966,0.0,0.0004975718721250966,4.750282462162841e-05,0,1,,,,,0.529591013,0.018667007064801823,,,0.0,0.0,0.0,,,,,,,-14.238584518432617,0.019627392292022705,-0.16638307572629277,0.17071783381323172,0.0027918465875304277,,,no particle cloud; GT Frenet errors unavailable without explicit GT-to-reference projection
localization_features/1,/home/sungho/.local/share/Trash/files/frenet_jump_20260728_153147,/pf/pose/odom,1785220310440078040,1785220310436285390,LOC_UNKNOWN,0.00379265,0.036725929,0,-14.068200472793109,0.023151127873154854,-0.1634986554083007,-0.1634986554083007,-0.0002888923786379394,-0.0003912369776673738,0.0004863385437423068,9.257373046164806e-05,0.013242375536431138,0.0025206640916189777,,,0.000752843,,,0,10.01741640603674,0.23281713343193702,-0.0002928918831006655,-0.00038825188208591044,0.0002928918831006655,0.00038825188208591044,0.00019344666064164133,0,1,,,,,0.502588754,0.01595176116677572,,,0.0,0.0,0.0,,,,,,,-14.238584518432617,0.019627392292022705,-0.16638307572629277,0.17042047917117192,0.0028844203179920758,,,no particle cloud; GT Frenet errors unavailable without explicit GT-to-reference projection
localization_features/1,/home/sungho/.local/share/Trash/files/frenet_jump_20260728_153147,/pf/pose/odom,1785220310470871994,1785220310467297538,LOC_UNKNOWN,0.003574456,0.030793954,0,-14.064395293310971,0.02311601318931676,-0.16350543252432553,-0.16350543252432553,0.003805179482137433,-3.5114683838093075e-05,0.0038053415000891514,-6.777116024841989e-06,0.12357430618001025,-0.00022007943588023772,,,0.003850221,,,0,10.021221024837667,0.23274297338932132,0.0038046188009275284,-7.41600426157063e-05,0.0,7.41600426157063e-05,7.226991616230034e-07,0,1,,,,,0.533382708,0.019741826461348786,,,0.0,0.0,0.0,,,,,,,-14.238584518432617,0.019627392292022705,-0.16638307572629277,0.17422415625924115,0.0028776432019672338,,,no particle cloud; GT Frenet errors unavailable without explicit GT-to-reference projection
localization_features/1,/home/sungho/.local/share/Trash/files/frenet_jump_20260728_153147,/pf/pose/odom,1785220310501079782,1785220310497124994,LOC_UNKNOWN,0.003954788,0.030207788,0,-14.060840853035886,0.02343034398462504,-0.16360453490943827,-0.16360453490943827,0.0035544402750851134,0.0003143307953082791,0.003568311858291855,-9.910238511273704e-05,0.11812555948458904,-0.003280689903965727,,,0.000902689,,,0,10.024778503501045,0.23302081341099537,0.0035574786633780775,0.00027784002167405286,0.0,0.00027784002167405286,1.0833194913777416e-05,0,1,,,,,0.527216245,0.02238675051342697,,,0.0,0.0,0.0,,,,,,,-14.238584518432617,0.019627392292022705,-0.16638307572629277,0.17778434416517486,0.0027785408168544967,,,no particle cloud; GT Frenet errors unavailable without explicit GT-to-reference projection
localization_features/1,/home/sungho/.local/share/Trash/files/frenet_jump_20260728_153147,/pf/pose/odom,1785220310537849047,1785220310534356022,LOC_UNKNOWN,0.003493025,0.036769265,0,-14.059421072316137,0.023689194312035654,-0.16365139859890682,-0.16365139859890682,0.0014197807197486867,0.00025885032741061395,0.00144318425163618,-4.686368946854592e-05,0.03924974436220522,-0.0012745343010948386,,,2.813e-05,,,0,10.026200865684158,0.23326508089596895,0.0014223621831135347,0.00024426748497358153,0.0,0.00024426748497358153,2.0822068522645225e-05,0,1,,,,,0.501773053,0.026511979675371278,,,0.0,0.0,0.0,,,,,,,-14.238584518432617,0.019627392292022705,-0.16638307572629277,0.17920948261736183,0.002731677127385951,,,no particle cloud; GT Frenet errors unavailable without explicit GT-to-reference projection
localization_features/1,/home/sungho/.local/share/Trash/files/frenet_jump_20260728_153147,/pf/pose/odom,1785220310568160008,1785220310566114467,LOC_UNKNOWN,0.002045541,0.030310961,0,-14.058993200034337,0.023753518155127686,-0.16365981956198358,-0.16365981956198358,0.0004278722818007452,6.432384309203176e-05,0.0004326803049868397,-8.420963076766208e-06,0.014274714186291873,-0.0002778190726703191,,,0.001786728,,,0,10.026629375502997,0.23332501070059553,0.00042850981883901795,5.9929804626573935e-05,0.0,5.9929804626573935e-05,4.170486147821769e-06,0,1,,,,,0.532084014,0.026938183047381804,,,0.0,0.0,0.0,,,,,,,-14.238584518432617,0.019627392292022705,-0.16638307572629277,0.17963871119185512,0.0027232561643091846,,,no particle cloud; GT Frenet errors unavailable without explicit GT-to-reference projection
localization_features/1,/home/sungho/.local/share/Trash/files/frenet_jump_20260728_153147,/pf/pose/odom,1785220310598622850,1785220310595549641,LOC_UNKNOWN,0.003073209,0.030462842,0,-14.058782831082715,0.023962503115254687,-0.1636860123084878,-0.1636860123084878,0.00021036895162218627,0.00020898496012700107,0.0002965296095938852,-2.619274650422776e-05,0.009734141338286336,-0.0008598260958129829,,,0.003517904,,,0,10.026841877897219,0.23353182593653263,0.00021250239422165862,0.00020681523593710227,0.0,0.00020681523593710227,8.402721537222659e-05,0,1,,,,,0.526805096,0.025607609514075917,,,0.0,0.0,0.0,,,,,,,-14.238584518432617,0.019627392292022705,-0.16638307572629277,0.17985394062883872,0.002697063417804957,,,no particle cloud; GT Frenet errors unavailable without explicit GT-to-reference projection
localization_features/1,/home/sungho/.local/share/Trash/files/frenet_jump_20260728_153147,/pf/pose/odom,1785220310632973786,1785220310629128781,LOC_UNKNOWN,0.003845005,0.034350936,0,-14.057634782140653,0.02422488610806407,-0.16366768057429273,-0.16366768057429273,0.0011480489420616635,0.0002623829928093818,0.0011776507157406702,1.833173419507617e-05,0.03428292945905958,0.0005336603985136291,,,0.000973109,,,0,10.027992558860523,0.23378241430213256,0.0011506809633043957,0.00025058836559993525,0.0,0.00025058836559993525,2.696975243627448e-05,0,1,,,,,0.526459668,0.02497927077746725,,,0.0,0.0,0.0,,,,,,,-14.238584518432617,0.019627392292022705,-0.16638307572629277,0.18100813245133482,0.002715395152000033,,,no particle cloud; GT Frenet errors unavailable without explicit GT-to-reference projection
localization_features/1,/home/sungho/.local/share/Trash/files/frenet_jump_20260728_153147,/pf/pose/odom,1785220310661676344,1785220310660785756,LOC_UNKNOWN,0.000890588,0.028702558,0,-14.057281807227731,0.02416674587005116,-0.16366734191972596,-0.16366734191972596,0.00035297491292141103,-5.8140238012909656e-05,0.00035773115104513264,3.386545667782848e-07,0.012463389187999642,1.1798759078486482e-05,,,0.002635432,,,0,10.028344918577243,0.23372065503998152,0.00035235971671987443,-6.175926215104544e-05,0.0,6.175926215104544e-05,5.371434325258213e-06,0,1,,,,,0.526192839,0.02419589578627128,,,0.0,0.0,0.0,,,,,,,-14.238584518432617,0.019627392292022705,-0.16638307572629277,0.18135952917106,0.0027157338065668113,,,no particle cloud; GT Frenet errors unavailable without explicit GT-to-reference projection
localization_features/1,/home/sungho/.local/share/Trash/files/frenet_jump_20260728_153147,/pf/pose/odom,1785220310698689072,1785220310695632892,LOC_UNKNOWN,0.00305618,0.037012728,0,-14.056482006757536,0.024542799311093315,-0.16375328828963437,-0.16375328828963437,0.0007998004701956773,0.0003760534410421554,0.0008837969125567663,-8.594636990841287e-05,0.023878188945077657,-0.0023220760682220684,,,0.000443053,,,0,10.029148535844511,0.23408848145338104,0.0008036172672678532,0.0003678264133995246,0.0,0.0003678264133995246,8.017964528891312e-05,0,1,,,,,0.525082027,0.023887032441297938,,,0.0,0.0,0.0,,,,,,,-14.238584518432617,0.019627392292022705,-0.16638307572629277,0.18216883922486932,0.0026297874366583984,,,no particle cloud; GT Frenet errors unavailable without explicit GT-to-reference projection
localization_features/1,/home/sungho/.local/share/Trash/files/frenet_jump_20260728_153147,/pf/pose/odom,1785220310730838644,1785220310727802302,LOC_UNKNOWN,0.003036342,0.032149572,0,-14.054664943140583,0.024928894814478374,-0.1639084445106272,-0.1639084445106272,0.0018170636169525523,0.0003860955033850588,0.0018576301908040938,-0.00015515622099282478,0.05778086846083343,-0.004826074231807029,,,0.002023779,,,0,10.03096946574563,0.2344559106588092,0.0018209299011182623,0.00036742920542814916,0.0,0.00036742920542814916,3.67002896858315e-05,0,1,,,,,0.527959895,0.025632048263397517,,,0.0,0.0,0.0,,,,,,,-14.238584518432617,0.019627392292022705,-0.16638307572629277,0.1839959676313526,0.002474631215665574,,,no particle cloud; GT Frenet errors unavailable without explicit GT-to-reference projection
localization_features/1,/home/sungho/.local/share/Trash/files/frenet_jump_20260728_153147,/pf/pose/odom,1785220310769695168,1785220310763423757,LOC_UNKNOWN,0.006271411,0.038856524,0,-14.049779108462882,0.024997886129423087,-0.1639376043655191,-0.1639376043655191,0.004885834677700984,6.899131494471356e-05,0.004886321755611605,-2.9159854891908088e-05,0.12575293033446855,-0.0007504493940813668,,,2.5039e-05,,,0,10.035855751137468,0.23447476188857155,0.004886285391838996,1.8851229762362198e-05,0.0,1.8851229762362198e-05,3.636377260939072e-08,0,1,,,,,0.532728338,0.03229677450749463,,,0.0,0.0,0.0,,,,,,,-14.238584518432617,0.019627392292022705,-0.16638307572629277,0.18888177529316386,0.0024454713607736656,,,no particle cloud; GT Frenet errors unavailable without explicit GT-to-reference projection
localization_features/1,/home/sungho/.local/share/Trash/files/frenet_jump_20260728_153147,/pf/pose/odom,1785220310801476123,1785220310800382421,LOC_UNKNOWN,0.001093702,0.031780955,0,-14.045458587147522,0.02536487728254593,-0.16396007250816524,-0.16396007250816524,0.004320521315360537,0.00036699115312284133,0.004336079674424258,-2.2468142646142608e-05,0.1364364184280887,-0.0007069687693822482,,,0.000866408,,,0,10.040179810884991,0.23479739828266838,0.004324059747522924,0.00032263639409682576,0.0,0.00032263639409682576,1.2019926901334597e-05,0,1,,,,,0.530617493,0.037821350136377344,,,0.0,0.0,0.0,,,,,,,-14.238584518432617,0.019627392292022705,-0.16638307572629277,0.193211138573199,0.002423003218127523,,,no particle cloud; GT Frenet errors unavailable without explicit GT-to-reference projection
localization_features/1,/home/sungho/.local/share/Trash/files/frenet_jump_20260728_153147,/pf/pose/odom,1785220310832652688,1785220310830567379,LOC_UNKNOWN,0.002085309,0.031176565,0,-14.046833233503007,0.025580452826346446,-0.16395436311569378,-0.16395436311569378,-0.0013746463554848987,0.0002155755438005176,0.001391447238573135,5.709392471464625e-06,0.04463119136354936,0.00018313090205622796,,,0.000788004,,,0,10.038807449055504,0.2350270685391219,-0.0013723618294871898,0.00022967025645351247,0.0013723618294871898,0.00022967025645351247,1.9085409085945306e-05,0,1,,,,,0.526900907,0.03419350614251265,,,0.0,0.0,0.0,,,,,,,-14.238584518432617,0.019627392292022705,-0.16638307572629277,0.19184367125835042,0.0024287126105989876,,,no particle cloud; GT Frenet errors unavailable without explicit GT-to-reference projection
localization_features/1,/home/sungho/.local/share/Trash/files/frenet_jump_20260728_153147,/pf/pose/odom,1785220310869010758,1785220310865849673,LOC_UNKNOWN,0.003161085,0.03635807,0,-14.047061502389553,0.025921626253805584,-0.16397955259062783,-0.16397955259062783,-0.00022826888654670086,0.0003411734274591377,0.00041049481381557804,-2.518947493404533e-05,0.011290335648057722,-0.0006928166135893718,,,0.001796824,,,0,10.038582693170925,0.2353705664059506,-0.00022475588457915308,0.0003434978668287181,0.00022475588457915308,0.0003434978668287181,0.00018573892923642497,0,1,,,,,0.500116592,0.023514776518223524,,,0.0,0.0,0.0,,,,,,,-14.238584518432617,0.019627392292022705,-0.16638307572629277,0.19162641533827576,0.0024035231356649422,,,no particle cloud; GT Frenet errors unavailable without explicit GT-to-reference projection
localization_features/1,/home/sungho/.local/share/Trash/files/frenet_jump_20260728_153147,/pf/pose/odom,1785220310898956648,1785220310894585929,LOC_UNKNOWN,0.004370719,0.02994589,0,-14.047629182558433,0.026111876152516887,-0.16396973904776677,-0.16396973904776677,-0.0005676801688796473,0.00019024989871130327,0.0005987117821614053,9.813542861059066e-06,0.019993120330082204,0.0003277091734812045,,,0.001092378,,,0,10.038016995158534,0.235566631591227,-0.000565698012390925,0.0001960651852764006,0.000565698012390925,0.0001960651852764006,3.301376977048035e-05,0,1,,,,,0.530062482,0.022965616720151495,,,0.0,0.0,0.0,,,,,,,-14.238584518432617,0.019627392292022705,-0.16638307572629277,0.19106540458638638,0.0024133366785260013,,,no particle cloud; GT Frenet errors unavailable without explicit GT-to-reference projection
localization_features/1,/home/sungho/.local/share/Trash/files/frenet_jump_20260728_153147,/pf/pose/odom,1785220310931584679,1785220310930506003,LOC_UNKNOWN,0.001078676,0.032628031,0,-14.049633004136272,0.026276000054321815,-0.1640043984684409,-0.1640043984684409,-0.002003821577838849,0.000164123901804928,0.002010531663753707,-3.465942067412686e-05,0.06161976687326633,-0.0010622590334711543,,,0.003226938,,,0,10.03601496325787,0.2357513092554919,-0.0020020319006643916,0.0001846776642648873,0.0020020319006643916,0.0001846776642648873,8.49976308931518e-06,0,1,,,,,0.528232568,0.018481859002377164,,,0.0,0.0,0.0,,,,,,,-14.238584518432617,0.019627392292022705,-0.16638307572629277,0.18906844988008686,0.0023786772578518744,,,no particle cloud; GT Frenet errors unavailable without explicit GT-to-reference projection
localization_features/1,/home/sungho/.local/share/Trash/files/frenet_jump_20260728_153147,/pf/pose/odom,1785220310965259273,1785220310963209162,LOC_UNKNOWN,0.002050111,0.033674594,0,-14.050933441613319,0.026245744054156514,-0.16405302105303535,-0.16405302105303535,-0.0013004374770471117,-3.025600016530114e-05,0.0013007893977330304,-4.862258459445435e-05,0.038628213237939274,-0.0014438951986905722,,,0.004387641,,,0,10.034714283776069,0.23573439940999502,-0.0013006794818011258,-1.6909845496876352e-05,0.0013006794818011258,1.6909845496876352e-05,1.0991593190463021e-07,0,1,,,,,0.525181233,0.01754214967076583,,,0.0,0.0,0.0,,,,,,,-14.238584518432617,0.019627392292022705,-0.16638307572629277,0.18776775338563734,0.00233005467325742,,,no particle cloud; GT Frenet errors unavailable without explicit GT-to-reference projection
localization_features/1,/home/sungho/.local/share/Trash/files/frenet_jump_20260728_153147,/pf/pose/odom,1785220311000398012,1785220310996379931,LOC_UNKNOWN,0.004018081,0.035138739,0,-14.05388185631329,0.026300296991333624,-0.16406277096649968,-0.16406277096649968,-0.0029484146999703142,5.45529371771096e-05,0.002948919338665554,-9.749913464335293e-06,0.08392217315099308,-0.00027746907663178503,,,0.001054582,,,0,10.031766584114786,0.23581920490999514,-0.002947699661282499,8.4805500000118e-05,0.002947699661282499,8.4805500000118e-05,1.219677383054816e-06,0,1,,,,,0.529526018,0.010985081740069867,,,0.0,0.0,0.0,,,,,,,-14.238584518432617,0.019627392292022705,-0.16638307572629277,0.18482316156556977,0.002320304759793085,,,no particle cloud; GT Frenet errors unavailable without explicit GT-to-reference projection
localization_features/1,/home/sungho/.local/share/Trash/files/frenet_jump_20260728_153147,/pf/pose/odom,1785220311035861873,1785220311028349099,LOC_UNKNOWN,0.007512774,0.035463861,0,-14.056824638527308,0.026476613377022517,-0.16404011380204137,-0.16404011380204137,-0.002942782214018891,0.0001763163856888933,0.002948059468024402,2.2657164458317336e-05,0.08312855354425178,0.0006388803649528555,,,5.4071e-05,,,0,10.02882576612999,0.23602570964918845,-0.0029408179847951743,0.0002065047391933139,0.0029408179847951743,0.0002065047391933139,7.241483229227744e-06,0,1,,,,,0.534782091,0.005040807097079828,,,0.0,0.0,0.0,,,,,,,-14.238584518432617,0.019627392292022705,-0.16638307572629277,0.18188888303759407,0.002342961924251402,,,no particle cloud; GT Frenet errors unavailable without explicit GT-to-reference projection
localization_features/1,/home/sungho/.local/share/Trash/files/frenet_jump_20260728_153147,/pf/pose/odom,1785220311062571137,1785220311061510721,LOC_UNKNOWN,0.001060416,0.026709264,0,-14.061193726212382,0.026180495020398875,-0.16394120210005841,-0.16394120210005841,-0.004369087685073936,-0.0002961183566236418,0.0043791110149200615,9.891170198295107e-05,0.16395476172312579,0.0037032732157258647,,,0.00099554,,,0,10.024453869837723,0.23577444068840545,-0.004371896292267863,-0.00025126896078300764,0.004371896292267863,0.00025126896078300764,7.214722652198677e-06,0,1,,,,,0.52472209,0.003057593997796669,,,0.0,0.0,0.0,,,,,,,-14.238584518432617,0.019627392292022705,-0.16638307572629277,0.17751179205870038,0.0024418736262343532,,,no particle cloud; GT Frenet errors unavailable without explicit GT-to-reference projection
localization_features/1,/home/sungho/.local/share/Trash/files/frenet_jump_20260728_153147,/pf/pose/odom,1785220311095049106,1785220311093213212,LOC_UNKNOWN,0.001835894,0.032477969,0,-14.062777362875934,0.025942302876497143,-0.1638712423863229,-0.1638712423863229,-0.0015836366635522126,-0.00023819214390173246,0.0016014495245131165,6.995971373552345e-05,0.049308795279443624,0.0021540667686308665,,,0.001208902,,,0,10.02286787232397,0.23555251172245448,-0.0015859975137537674,-0.00022192896595096823,0.0015859975137537674,0.00022192896595096823,1.545201075934914e-05,0,1,,,,,0.526889098,0.004371574884206836,,,0.0,0.0,0.0,,,,,,,-14.238584518432617,0.019627392292022705,-0.16638307572629277,0.17592053331155408,0.002511833339969877,,,no particle cloud; GT Frenet errors unavailable without explicit GT-to-reference projection
localization_features/1,/home/sungho/.local/share/Trash/files/frenet_jump_20260728_153147,/pf/pose/odom,1785220311136610257,1785220311132627018,LOC_UNKNOWN,0.003983239,0.041561151,0,-14.063650247920009,0.026050215802118446,-0.16388018642503308,-0.16388018642503308,-0.0008728850440746783,0.0001079129256213035,0.0008795302721824884,-8.944038710184676e-06,0.021162317477263524,-0.00021520190117411996,,,0.000773058,,,0,10.021996140597288,0.23566937615837993,-0.0008717317266810909,0.0001168644359254567,0.0008717317266810909,0.0001168644359254567,7.798545501397467e-06,0,1,,,,,0.503636471,0.006286307106290677,,,0.0,0.0,0.0,,,,,,,-14.238584518432617,0.019627392292022705,-0.16638307572629277,0.17505213983730744,0.0025028893012596924,,,no particle cloud; GT Frenet errors unavailable without explicit GT-to-reference projection
localization_features/1,/home/sungho/.local/share/Trash/files/frenet_jump_20260728_153147,/pf/pose/odom,1785220311169840552,1785220311164294960,LOC_UNKNOWN,0.005545592,0.033230295,0,-14.062537708626913,0.025992239476939294,-0.1638630975895335,-0.1638630975895335,0.001112539293096404,-5.7976325179152216e-05,0.0011140488916401852,1.708883549958462e-05,0.0335250978554414,0.0005142547034139968,,,-0.00013408,,,0,10.023108026383952,0.235599986459011,0.0011118857866634357,-6.938969936892692e-05,0.0,6.938969936892692e-05,2.16310497674942e-06,0,1,,,,,0.508164208,0.005563894897165396,,,0.0,0.0,0.0,,,,,,,-14.238584518432617,0.019627392292022705,-0.16638307572629277,0.17616183049245737,0.0025199781367592766,,,no particle cloud; GT Frenet errors unavailable without explicit GT-to-reference projection
localization_features/1,/home/sungho/.local/share/Trash/files/frenet_jump_20260728_153147,/pf/pose/odom,1785220311193854378,1785220311190567840,LOC_UNKNOWN,0.003286538,0.024013826,0,-14.059941257582443,0.02574517795563446,-0.16379087749547763,-0.16379087749547763,0.0025964510444698163,-0.00024706152130483244,0.0026081789473956455,7.222009405585818e-05,0.10861155350237174,0.0030074380507237033,,,0.001539734,,,0,10.025701805476197,0.23532629421895546,0.002593779092245896,-0.0002736922400555508,0.0,0.0002736922400555508,1.4399855149749632e-05,0,1,,,,,0.532178034,0.0030925917994414883,,,0.0,0.0,0.0,,,,,,,-14.238584518432617,0.019627392292022705,-0.16638307572629277,0.17874798446027124,0.002592198230815135,,,no particle cloud; GT Frenet errors unavailable without explicit GT-to-reference projection
localization_features/1,/home/sungho/.local/share/Trash/files/frenet_jump_20260728_153147,/pf/pose/odom,1785220311232905143,1785220311229986031,LOC_UNKNOWN,0.002919112,0.039050765,0,-14.059655307166617,0.025795796694965775,-0.16386385174407703,-0.16386385174407703,0.0002859504158259085,5.061873933131372e-05,0.0002903961037660483,-7.29742485993945e-05,0.007436374262221195,-0.0018687021521702455,,,0.000774,,,0,10.025988260265255,0.23537397598600973,0.000286454789057089,4.768176705427507e-05,0.0,4.768176705427507e-05,3.941314708959286e-06,0,1,,,,,0.502066499,0.005065101379313425,,,0.0,0.0,0.0,,,,,,,-14.238584518432617,0.019627392292022705,-0.16638307572629277,0.17903550445973346,0.00251922398221574,,,no particle cloud; GT Frenet errors unavailable without explicit GT-to-reference projection
localization_features/1,/home/sungho/.local/share/Trash/files/frenet_jump_20260728_153147,/pf/pose/odom,1785220311258186416,1785220311255121365,LOC_UNKNOWN,0.003065051,0.025281273,0,-14.056723124817784,0.025821782705819654,-0.1638487679521382,-0.1638487679521382,0.002932182348832413,2.598601085387897e-05,0.002932297495064998,1.5083791938819147e-05,0.11598694001939688,0.0005966389405636,,,0.001558479,,,0,10.028920554888057,0.2353698717633406,0.0029322946228020896,-4.1042226691379025e-06,0.0,4.1042226691379025e-06,2.872262908418244e-09,0,1,,,,,0.527347772,0.0022435152334830547,,,0.0,0.0,0.0,,,,,,,-14.238584518432617,0.019627392292022705,-0.16638307572629277,0.18196685676278435,0.0025343077741545594,,,no particle cloud; GT Frenet errors unavailable without explicit GT-to-reference projection
localization_features/1,/home/sungho/.local/share/Trash/files/frenet_jump_20260728_153147,/pf/pose/odom,1785220311294086616,1785220311286666031,LOC_UNKNOWN,0.007420585,0.0359002,0,-14.053952843149096,0.025629238145880244,-0.1638080095583311,-0.1638080095583311,0.0027702816686883125,-0.00019254455993941016,0.0027769648776015806,4.075839380709989e-05,0.0773523511735751,0.001135324978888694,,,6.0477e-05,,,0,10.031688714883003,0.23514890983492684,0.0027681599949467284,-0.00022096192841375428,0.0,0.00022096192841375428,8.804882654852263e-06,0,1,,,,,0.524391448,0.004221216246485025,,,0.0,0.0,0.0,,,,,,,-14.238584518432617,0.019627392292022705,-0.16638307572629277,0.18472920091759462,0.0025750661679616593,,,no particle cloud; GT Frenet errors unavailable without explicit GT-to-reference projection
localization_features/1,/home/sungho/.local/share/Trash/files/frenet_jump_20260728_153147,/pf/pose/odom,1785220311325817821,1785220311322609403,LOC_UNKNOWN,0.003208418,0.031731205,0,-14.054545493841648,0.02553886677889265,-0.163777314709905,-0.163777314709905,-0.000592650692551544,-9.037136698759538e-05,0.0005995013155557137,3.0694848426104926e-05,0.018893115327820478,0.0009673395140873133,,,3.4538e-05,,,0,10.031095168040133,0.23506462476702739,-0.0005935468428699409,-8.428506789945334e-05,0.0005935468428699409,8.428506789945334e-05,5.954472685772865e-06,0,1,,,,,0.524341698,0.009088572253802553,,,0.0,0.0,0.0,,,,,,,-14.238584518432617,0.019627392292022705,-0.16638307572629277,0.1841339406600652,0.0026057610163877643,,,no particle cloud; GT Frenet errors unavailable without explicit GT-to-reference projection
localization_features/1,/home/sungho/.local/share/Trash/files/frenet_jump_20260728_153147,/pf/pose/odom,1785220311357951723,1785220311354971436,LOC_UNKNOWN,0.002980287,0.032133902,0,-14.057452321070208,0.025427733749882612,-0.16373305872443622,-0.16373305872443622,-0.0029068272285606156,-0.0001111330290100368,0.002908950856724523,4.425598546878295e-05,0.09052591424236381,0.0013772365854847926,,,0.000923359,,,0,10.02818735345847,0.2349833262707078,-0.002907814581663004,-8.12984963195762e-05,0.002907814581663004,8.12984963195762e-05,1.1362750615188065e-06,0,1,,,,,0.525299035,0.01062018567993105,,,0.0,0.0,0.0,,,,,,,-14.238584518432617,0.019627392292022705,-0.16638307572629277,0.1812250448540776,0.0026500170018565476,,,no particle cloud; GT Frenet errors unavailable without explicit GT-to-reference projection
localization_features/1,/home/sungho/.local/share/Trash/files/frenet_jump_20260728_153147,/pf/pose/odom,1785220311392021966,1785220311389031426,LOC_UNKNOWN,0.00299054,0.034070243,0,-14.06018739402841,0.025204435104597467,-0.16371348769015132,-0.16371348769015132,-0.0027350729582025224,-0.000223298645285145,0.0027441731672175644,1.9571034284904254e-05,0.08054457278797701,0.0005744318960362053,,,0.003825019,,,0,10.025450133106002,0.23478810559118518,-0.0027372203524684835,-0.00019522067952262856,0.0027372203524684835,0.00019522067952262856,6.952814749080875e-06,0,1,,,,,0.523011208,0.013145470492132674,,,0.0,0.0,0.0,,,,,,,-14.238584518432617,0.019627392292022705,-0.16638307572629277,0.178484277745193,0.0026695880361414515,,,no particle cloud; GT Frenet errors unavailable without explicit GT-to-reference projection
localization_features/1,/home/sungho/.local/share/Trash/files/frenet_jump_20260728_153147,/pf/pose/odom,1785220311423603632,1785220311419525155,LOC_UNKNOWN,0.004078477,0.031581666,0,-14.060804146416695,0.025033619869505308,-0.16372329473779865,-0.16372329473779865,-0.0006167523882840698,-0.0001708152350921588,0.0006399698063140896,-9.80704764733109e-06,0.020263966008445836,-0.0003105297753237936,,,0.000988241,,,0,10.024831660354062,0.23462362821249566,-0.0006184727519400468,-0.0001644773786895204,0.0006184727519400468,0.0001644773786895204,2.14970543740428e-05,0,1,,,,,0.524646984,0.01321901317339388,,,0.0,0.0,0.0,,,,,,,-14.238584518432617,0.019627392292022705,-0.16638307572629277,0.17786255359332745,0.0026597809884941204,,,no particle cloud; GT Frenet errors unavailable without explicit GT-to-reference projection
localization_features/1,/home/sungho/.local/share/Trash/files/frenet_jump_20260728_153147,/pf/pose/odom,1785220311460878047,1785220311458952693,LOC_UNKNOWN,0.001925354,0.037274415,0,-14.059797949312477,0.025038306467198037,-0.16374988570714044,-0.16374988570714044,0.0010061971042176765,4.6865976927289166e-06,0.0010062080186193961,-2.659096934179428e-05,0.026994602561016618,-0.0007133839482603356,,,0.000523386,,,0,10.025837852572412,0.23461798937708528,0.001006192218349966,-5.638835410382015e-06,0.0,5.638835410382015e-06,1.5800269430061437e-08,0,1,,,,,0.529293368,0.010240019328637424,,,0.0,0.0,0.0,,,,,,,-14.238584518432617,0.019627392292022705,-0.16638307572629277,0.17886843010984838,0.0026331900191523265,,,no particle cloud; GT Frenet errors unavailable without explicit GT-to-reference projection
localization_features/1,/home/sungho/.local/share/Trash/files/frenet_jump_20260728_153147,/pf/pose/odom,1785220311488930077,1785220311486944742,LOC_UNKNOWN,0.001985335,0.02805203,0,-14.061229553786267,0.024673746543242017,-0.16366602938229827,-0.16366602938229827,-0.0014316044737903155,-0.00036455992395601974,0.001477293236812267,8.38563248421742e-05,0.052662614321040836,0.0029893139584612665,,,0.001059477,,,0,10.024402582508813,0.2342681391919053,-0.0014352700635988924,-0.00034985018517996735,0.0014352700635988924,0.00034985018517996735,4.202317321337461e-05,0,1,,,,,0.523670804,0.010415426157976497,,,0.0,0.0,0.0,,,,,,,-14.238584518432617,0.019627392292022705,-0.16638307572629277,0.1774267431249775,0.0027170463439945003,,,no particle cloud; GT Frenet errors unavailable without explicit GT-to-reference projection
localization_features/1,/home/sungho/.local/share/Trash/files/frenet_jump_20260728_153147,/pf/pose/odom,1785220311522315940,1785220311518819417,LOC_UNKNOWN,0.003496523,0.033385863,0,-14.063669605380515,0.02430102088650751,-0.16357496967658702,-0.16357496967658702,-0.0024400515942470946,-0.0003727256567345079,0.002468354957816229,9.105970571124389e-05,0.07393413666785337,0.002727492942484185,,,0.000961394,,,0,10.02195883462762,0.23392047197898544,-0.002443747881192948,-0.0003476672129198721,0.002443747881192948,0.0003476672129198721,2.460707662328091e-05,0,1,,,,,0.521917928,0.009989851687903048,,,0.0,0.0,0.0,,,,,,,-14.238584518432617,0.019627392292022705,-0.16638307572629277,0.17497734028228856,0.0028081060497057446,,,no particle cloud; GT Frenet errors unavailable without explicit GT-to-reference projection
localization_features/1,/home/sungho/.local/share/Trash/files/frenet_jump_20260728_153147,/pf/pose/odom,1785220311559608254,1785220311555474570,LOC_UNKNOWN,0.004133684,0.037292314,0,-14.065767855959582,0.02410375729973211,-0.16355257058796902,-0.16355257058796902,-0.0020982505790669848,-0.0001972635867753987,0.0021075028861717916,2.2399088618008097e-05,0.0565130628839978,0.0006006355255404129,,,0.001130361,,,0,10.019858670285812,0.23374475017436835,-0.002100164341808153,-0.00017572180461708498,0.002100164341808153,0.00017572180461708498,7.338544363638764e-06,0,1,,,,,0.523746381,0.009252652809030154,,,0.0,0.0,0.0,,,,,,,-14.238584518432617,0.019627392292022705,-0.16638307572629277,0.17287462703358572,0.0028305051383237523,,,no particle cloud; GT Frenet errors unavailable without explicit GT-to-reference projection
localization_features/1,/home/sungho/.local/share/Trash/files/frenet_jump_20260728_153147,/pf/pose/odom,1785220311591804932,1785220311589127919,LOC_UNKNOWN,0.002677013,0.032196678,0,-14.06720431655503,0.023752144798457723,-0.16347425043218763,-0.16347425043218763,-0.001436460595447997,-0.00035161250127438773,0.0014788679431670853,7.832015578138063e-05,0.04593231460609338,0.0024325539355762303,,,2.6659e-05,,,0,10.018418677217436,0.233407896561718,-0.0014399930683755002,-0.0003368536126503452,0.0014399930683755002,0.0003368536126503452,3.887487479158503e-05,0,1,,,,,0.529233795,0.006482598326869334,,,0.0,0.0,0.0,,,,,,,-14.238584518432617,0.019627392292022705,-0.16638307572629277,0.17142983164794287,0.002908825294105133,,,no particle cloud; GT Frenet errors unavailable without explicit GT-to-reference projection
localization_features/1,/home/sungho/.local/share/Trash/files/frenet_jump_20260728_153147,/pf/pose/odom,1785220311627971707,1785220311625985359,LOC_UNKNOWN,0.001986348,0.036166775,0,-14.068208229282483,0.023398967074506092,-0.16334776253716723,-0.16334776253716723,-0.001003912727453482,-0.00035317772395163094,0.0010642251965814113,0.00012648789502039956,0.029425493331418445,0.003497350676702569,,,0.001000885,,,0,10.017411193181061,0.23306503917811794,-0.0010074840363749615,-0.00034285738360007034,0.0010074840363749615,0.00034285738360007034,5.6741160206449795e-05,0,1,,,,,0.532922601,0.005996904778922995,,,0.0,0.0,0.0,,,,,,,-14.238584518432617,0.019627392292022705,-0.16638307572629277,0.17041802921319676,0.003035313189125532,,,no particle cloud; GT Frenet errors unavailable without explicit GT-to-reference projection
localization_features/1,/home/sungho/.local/share/Trash/files/frenet_jump_20260728_153147,/pf/pose/odom,1785220311656020507,1785220311653114716,LOC_UNKNOWN,0.002905791,0.0280488,0,-14.069236234582227,0.023165857420863738,-0.16330875699112216,-0.16330875699112216,-0.00102800529974445,-0.00023310965364235423,0.0010541038881077779,3.900554604507889e-05,0.037581068997881474,0.0013906315437765212,,,0.001231672,,,0,10.016380849930718,0.23284249077125743,-0.0010303432503437904,-0.0002225484068605066,0.0010303432503437904,0.0002225484068605066,2.376063776398751e-05,0,1,,,,,0.51941025,0.006286713788776913,,,0.0,0.0,0.0,,,,,,,-14.238584518432617,0.019627392292022705,-0.16638307572629277,0.16938524722814613,0.0030743187351706114,,,no particle cloud; GT Frenet errors unavailable without explicit GT-to-reference projection
localization_features/1,/home/sungho/.local/share/Trash/files/frenet_jump_20260728_153147,/pf/pose/odom,1785220311688800678,1785220311684759567,LOC_UNKNOWN,0.004041111,0.032780171,0,-14.073431661231313,0.022928661698485894,-0.1633444418300066,-0.1633444418300066,-0.004195426649085121,-0.00023719572237784411,0.004202126435338179,-3.568483888444218e-05,0.12819110782973583,-0.0010886105165358103,,,0.000947747,,,0,10.012183210171077,0.23264835930327674,-0.004197639759640381,-0.00019413146798069603,0.004197639759640381,0.00019413146798069603,4.486675697797787e-06,0,1,,,,,0.518960126,0.011316523854591946,,,0.0,0.0,0.0,,,,,,,-14.238584518432617,0.019627392292022705,-0.16638307572629277,0.1651858487324158,0.0030386338962861696,,,no particle cloud; GT Frenet errors unavailable without explicit GT-to-reference projection
localization_features/1,/home/sungho/.local/share/Trash/files/frenet_jump_20260728_153147,/pf/pose/odom,1785220311725653899,1785220311722405786,LOC_UNKNOWN,0.003248113,0.036853221,0,-14.074204146078477,0.022697355849246988,-0.16330297695812201,-0.16330297695812201,-0.000772484847164634,-0.00023130584923890599,0.0008063716481815933,4.1464871884583365e-05,0.02188062878361686,0.0011251356261256884,,,6.051e-06,,,0,10.011408392429678,0.23242499255865806,-0.0007748177413997581,-0.0002233667446186749,0.0007748177413997581,0.0002233667446186749,3.1553906781835194e-05,0,1,,,,,0.531799521,0.014584896566054146,,,0.0,0.0,0.0,,,,,,,-14.238584518432617,0.019627392292022705,-0.16638307572629277,0.1644090371346064,0.0030800987681707526,,,no particle cloud; GT Frenet errors unavailable without explicit GT-to-reference projection
localization_features/1,/home/sungho/.local/share/Trash/files/frenet_jump_20260728_153147,/pf/pose/odom,1785220311757520047,1785220311755489521,LOC_UNKNOWN,0.002030526,0.031866148,0,-14.074465008939386,0.022725384673339576,-0.16323204594871807,-0.16323204594871807,-0.00026086286090887256,2.8028824092588694e-05,0.00026236434052968226,7.093100940394614e-05,0.008233324609227393,0.0022259047251003213,,,0.001211918,,,0,10.011147830924019,0.23245569677580452,-0.0002605615056587851,3.070421714645999e-05,0.0002605615056587851,3.070421714645999e-05,1.802834870897154e-06,0,1,,,,,0.524614904,0.01512463872563285,,,0.0,0.0,0.0,,,,,,,-14.238584518432617,0.019627392292022705,-0.16638307572629277,0.16414874642559246,0.003151029777574699,,,no particle cloud; GT Frenet errors unavailable without explicit GT-to-reference projection
localization_features/1,/home/sungho/.local/share/Trash/files/frenet_jump_20260728_153147,/pf/pose/odom,1785220311800231540,1785220311790617279,LOC_UNKNOWN,0.009614261,0.042711493,0,-14.072868259238446,0.023046735390881624,-0.16327624956840348,-0.16327624956840348,0.0015967497009405918,0.0003213507175420481,0.001628765143020521,-4.420361968540675e-05,0.038134118679029105,-0.0010349350158611113,,,0.000835361,,,0,10.012747794124275,0.23276064537630045,0.001599963200256127,0.0003049486004959301,0.0,0.0003049486004959301,2.880194276439407e-05,0,1,,,,,0.506144924,0.019090895377451393,,,0.0,0.0,0.0,,,,,,,-14.238584518432617,0.019627392292022705,-0.16638307572629277,0.16575153232636372,0.003106826157889292,,,no particle cloud; GT Frenet errors unavailable without explicit GT-to-reference projection
localization_features/1,/home/sungho/.local/share/Trash/files/frenet_jump_20260728_153147,/pf/pose/odom,1785220311826351118,1785220311822144001,LOC_UNKNOWN,0.004207117,0.026119578,0,-14.070020872020628,0.023414082476062505,-0.16335900815394472,-0.16335900815394472,0.002847387217817854,0.0003673470851808802,0.002870985518804194,-8.27585855412427e-05,0.10991699478468579,-0.0031684503302941073,,,0.001075778,,,0,10.015598800989471,0.23309875438799357,0.0028510068651961262,0.0003381090116931218,0.0,0.0003381090116931218,1.9978653608067765e-05,0,1,,,,,0.500533297,0.015620564590180627,,,0.0,0.0,0.0,,,,,,,-14.238584518432617,0.019627392292022705,-0.16638307572629277,0.16860617400989836,0.003024067572348049,,,no particle cloud; GT Frenet errors unavailable without explicit GT-to-reference projection
localization_features/1,/home/sungho/.local/share/Trash/files/frenet_jump_20260728_153147,/pf/pose/odom,1785220311852470655,1785220311851460565,LOC_UNKNOWN,0.00101009,0.026119537,0,-14.06487001121168,0.023978761623718522,-0.16348449562984793,-0.16348449562984793,0.00515086080894811,0.0005646791476560178,0.005181720719312756,-0.00012548747590321319,0.19838486108359255,-0.004804352998416977,,,0.002657019,,,0,10.0207551851059,0.23361054776113233,0.005156384116428825,0.0005117933731387525,0.0,0.0005117933731387525,2.533660288393108e-05,0,1,,,,,0.526652834,0.01044172337400737,,,0.0,0.0,0.0,,,,,,,-14.238584518432617,0.019627392292022705,-0.16638307572629277,0.1737689973328787,0.002898580096444836,,,no particle cloud; GT Frenet errors unavailable without explicit GT-to-reference projection
localization_features/1,/home/sungho/.local/share/Trash/files/frenet_jump_20260728_153147,/pf/pose/odom,1785220311903844357,1785220311900336055,LOC_UNKNOWN,0.003508302,0.051373702,0,-14.061438192729346,0.024086440500568185,-0.16347522243080523,-0.16347522243080523,0.0034318184823334263,0.00010767887684966226,0.003433507366557542,9.273199042703073e-06,0.06683394874983979,0.0001805047851662135,,,4.1342e-05,,,0,10.02418792785463,0.23368300503996486,0.0034327427487301776,7.245727883253839e-05,0.0,7.245727883253839e-05,7.646178273642418e-07,0,1,,,,,0.511822391,0.0016776201372480548,,,0.0,0.0,0.0,,,,,,,-14.238584518432617,0.019627392292022705,-0.16638307572629277,0.17720243740167774,0.002907853295487539,,,no particle cloud; GT Frenet errors unavailable without explicit GT-to-reference projection
localization_features/1,/home/sungho/.local/share/Trash/files/frenet_jump_20260728_153147,/pf/pose/odom,1785220311932094466,1785220311928713192,LOC_UNKNOWN,0.003381274,0.028250109,0,-14.05708625835608,0.02390560301888271,-0.16345897428248896,-0.16345897428248896,0.0043519343732665305,-0.0001808374816854759,0.004355689954990035,1.6248148316272415e-05,0.1541831203196432,0.0005751534734351792,,,0.001252232,,,0,10.028537777410984,0.2334575192952244,0.0043498495563536466,-0.00022548574474046124,0.0,0.00022548574474046124,5.8403986363886676e-06,0,1,,,,,0.508490834,0.003885243061451093,,,0.0,0.0,0.0,,,,,,,-14.238584518432617,0.019627392292022705,-0.16638307572629277,0.18154867528526308,0.0029241014438038115,,,no particle cloud; GT Frenet errors unavailable without explicit GT-to-reference projection
localization_features/1,/home/sungho/.local/share/Trash/files/frenet_jump_20260728_153147,/pf/pose/odom,1785220311977889829,1785220311948533595,LOC_UNKNOWN,0.029356234,0.045795363,0,-14.053954304064419,0.023836956500915288,-0.16344838301363696,-0.16344838301363696,0.003131954291660577,-6.864651796742102e-05,0.0031327065022884217,1.0591268852000457e-05,0.06840663108813924,0.00023127382682828517,,,1.5882e-05,,,0,10.031668862377707,0.23335673754767722,0.0031310849667232077,-0.00010078174754718505,0.0,0.00010078174754718505,1.6215355652139662e-06,0,1,,,,,0.517011782,0.0059658554731605775,,,0.0,0.0,0.0,,,,,,,-14.238584518432617,0.019627392292022705,-0.16638307572629277,0.18467819711182906,0.002934692712655812,,,no particle cloud; GT Frenet errors unavailable without explicit GT-to-reference projection
localization_features/1,/home/sungho/.local/share/Trash/files/frenet_jump_20260728_153147,/pf/pose/odom,1785220312006416016,1785220312001167496,LOC_UNKNOWN,0.00524852,0.028526187,0,-14.055754596633673,0.023538490788933955,-0.16339057655353847,-0.16339057655353847,-0.0018002925692535143,-0.00029846571198133276,0.001824865780307676,5.780646009848067e-05,0.0639715984582053,0.002026434871876871,,,0.001885936,,,0,10.029865601862625,0.23307676142212364,-0.0018032605150821723,-0.00027997612555358264,0.0018032605150821723,0.00027997612555358264,2.160526522550373e-05,0,1,,,,,0.517485939,0.00559141855439566,,,0.0,0.0,0.0,,,,,,,-14.238584518432617,0.019627392292022705,-0.16638307572629277,0.1828717501323284,0.0029924991727542927,,,no particle cloud; GT Frenet errors unavailable without explicit GT-to-reference projection
localization_features/1,/home/sungho/.local/share/Trash/files/frenet_jump_20260728_153147,/pf/pose/odom,1785220312043260668,1785220312030356190,LOC_UNKNOWN,0.012904478,0.036844652,0,-14.057470563393595,0.023499549747695764,-0.16340291416601033,-0.16340291416601033,-0.0017159667599226935,-3.8941041238190616e-05,0.0017164085544683998,-1.2337612471852166e-05,0.04658501197048624,-0.0003348549057228758,,,0.001245951,,,0,10.028149325853839,0.23305543098570455,-0.0017162760087856554,-2.133043641908139e-05,0.0017162760087856554,2.133043641908139e-05,1.3254568274434324e-07,0,1,,,,,0.520944728,0.0062506381707740115,,,0.0,0.0,0.0,,,,,,,-14.238584518432617,0.019627392292022705,-0.16638307572629277,0.1811553430435834,0.0029801615602824405,,,no particle cloud; GT Frenet errors unavailable without explicit GT-to-reference projection
localization_features/1,/home/sungho/.local/share/Trash/files/frenet_jump_20260728_153147,/pf/pose/odom,1785220312062093715,1785220312047567028,LOC_UNKNOWN,0.014526687,0.018833047,0,-14.060904602421127,0.023534950612873123,-0.1634455373541989,-0.1634455373541989,-0.00343403902753181,3.540086517735824e-05,0.003434221493128672,-4.2623188188567473e-05,0.18235081626083513,-0.0022632125427482592,,,0.002809161,,,0,10.024715830903075,0.23312606870186345,-0.003433494950764171,7.063771615889447e-05,0.003433494950764171,7.063771615889447e-05,7.265423645009053e-07,0,1,,,,,0.502485461,0.004896404397750033,,,0.0,0.0,0.0,,,,,,,-14.238584518432617,0.019627392292022705,-0.16638307572629277,0.17772287856626967,0.002937538372093873,,,no particle cloud; GT Frenet errors unavailable without explicit GT-to-reference projection
localization_features/1,/home/sungho/.local/share/Trash/files/frenet_jump_20260728_153147,/pf/pose/odom,1785220312089435995,1785220312082557216,LOC_UNKNOWN,0.006878779,0.02734228,0,-14.06469535723997,0.023505689603467748,-0.16346089384960427,-0.16346089384960427,-0.003790754818842501,-2.926100940537496e-05,0.0037908677506936408,-1.5356495405377538e-05,0.1386449027181947,-0.0005616391685469368,,,0.002284587,,,0,10.02092497540872,0.23313570842067438,-0.0037908554943548722,9.639718810933173e-06,0.0037908554943548722,9.639718810933173e-06,1.2256338768543151e-08,0,1,,,,,0.529827741,0.0012279814627608886,,,0.0,0.0,0.0,,,,,,,-14.238584518432617,0.019627392292022705,-0.16638307572629277,0.17393240517602968,0.0029221818766884955,,,no particle cloud; GT Frenet errors unavailable without explicit GT-to-reference projection
localization_features/1,/home/sungho/.local/share/Trash/files/frenet_jump_20260728_153147,/pf/pose/odom,1785220312129207130,1785220312118628182,LOC_UNKNOWN,0.010578948,0.039771135,0,-14.064366883325542,0.023374897636776634,-0.16336697396551456,-0.16336697396551456,0.00032847391442736296,-0.0001307919666911142,0.00035355572546652965,9.391988408971597e-05,0.008889756992515542,0.0023615087698582392,,,0.005790505,,,0,10.021252089894405,0.23300155267437433,0.0003271144856853425,-0.00013415574630004645,0.0,0.00013415574630004645,2.6441239781187134e-05,0,1,,,,,0.501235423,0.003841421364383042,,,0.0,0.0,0.0,,,,,,,-14.238584518432617,0.019627392292022705,-0.16638307572629277,0.17425793576939586,0.0030161017607782115,,,no particle cloud; GT Frenet errors unavailable without explicit GT-to-reference projection
localization_features/1,/home/sungho/.local/share/Trash/files/frenet_jump_20260728_153147,/pf/pose/odom,1785220312153153049,1785220312146584262,LOC_UNKNOWN,0.006568787,0.023945919,0,-14.062311426422763,0.023560039797958336,-0.16333622644855186,-0.16333622644855186,0.0020554569027790848,0.00018514216118170265,0.0020637782582024694,3.074751696269251e-05,0.08618496781027571,0.0012840399636653123,,,0.001724076,,,0,10.023309338427929,0.23316559282294894,0.0020572485335232926,0.00016404014857460125,0.0,0.00016404014857460125,6.52972467917682e-06,0,1,,,,,0.525181342,0.005899002321464333,,,0.0,0.0,0.0,,,,,,,-14.238584518432617,0.019627392292022705,-0.16638307572629277,0.17631695517765847,0.003046849277740904,,,no particle cloud; GT Frenet errors unavailable without explicit GT-to-reference projection
localization_features/1,/home/sungho/.local/share/Trash/files/frenet_jump_20260728_153147,/pf/pose/odom,1785220312183871524,1785220312181226892,LOC_UNKNOWN,0.002644632,0.030718475,0,-14.061689605848233,0.02311158121382572,-0.16351805195399816,-0.16351805195399816,0.0006218205745298633,-0.0004484585841326161,0.000766665460674263,-0.0001818255054462925,0.024957796917791753,-0.005919092840588359,,,0.003269721,,,0,10.02392652436265,0.2327107769804657,0.0006171859347219311,-0.00045481584248324713,0.0,0.00045481584248324713,0.00014947952595233192,0,1,,,,,0.527851017,0.007546823911778924,,,0.0,0.0,0.0,,,,,,,-14.236005393340882,0.01919421067022663,-0.16647371879645537,0.174359799154387,0.002955666842457211,,,no particle cloud; GT Frenet errors unavailable without explicit GT-to-reference projection
localization_features/1,/home/sungho/.local/share/Trash/files/frenet_jump_20260728_153147,/pf/pose/odom,1785220312219463956,1785220312215503855,LOC_UNKNOWN,0.003960101,0.035592432,0,-14.04936450209805,0.021224755277840797,-0.1652074593220184,-0.1652074593220184,0.012325103750182365,-0.0018868259359849232,0.012468692576427761,-0.0016894073680202568,0.3503186457286134,-0.04746535353415178,,,0.000935155,,,0,10.036231617335055,0.23069757517589345,0.012305092972404452,-0.0020132018045722344,0.0,0.0020132018045722344,0.00016359960402330918,0,1,,,,,0.530663278,0.02412740031242611,,,0.0,0.0,0.0,,,,,,,-14.219877090834942,0.016467464596692193,-0.16706417043711344,0.17057893988526543,0.001856711115095028,,,no particle cloud; GT Frenet errors unavailable without explicit GT-to-reference projection
localization_features/1,/home/sungho/.local/share/Trash/files/frenet_jump_20260728_153147,/pf/pose/odom,1785220312249901810,1785220312242053388,LOC_UNKNOWN,0.007848422,0.030437854,0,-14.028638461052125,0.020124050108186416,-0.16412019856382812,-0.16412019856382812,0.02072604104592557,-0.0011007051696543813,0.020755248235275227,0.0010872607581902949,0.6818893419777632,0.03572067722613739,,,-0.000372696,,,0,10.056945272133165,0.22938424573793673,0.020713654798109715,-0.0013133294379567284,0.0,0.0013133294379567284,4.1593437165511615e-05,0,1,,,,,0.524247911,0.04563829044078765,,,0.0,0.0,0.0,,,,,,,-14.197957818072458,0.012625825585726527,-0.1679609969773515,0.16948530329432177,0.0038407984135233886,,,no particle cloud; GT Frenet errors unavailable without explicit GT-to-reference projection
localization_features/1,/home/sungho/.local/share/Trash/files/frenet_jump_20260728_153147,/pf/pose/odom,1785220312292175981,1785220312290152103,LOC_UNKNOWN,0.002023878,0.042274171,0,-13.940780845669954,0.010075232174465633,-0.1662654078825152,-0.1662654078825152,0.08785761538217152,-0.010048817933720783,0.08843042079797342,-0.0021452093186870853,2.0918309858275737,-0.050745154025305085,,,0.000806054,,,0,10.144695144784663,0.21843439769549844,0.08774987265149825,-0.010949848042438287,0.0,0.010949848042438287,0.0006805481464751684,0,1,,,,,0.534655934,0.13428135338643638,,,0.0,0.0,0.0,,,,,,,-14.155724962338004,0.0051326689702436215,-0.16971142887324425,0.21500093539618886,0.003446020990729048,,,no particle cloud; GT Frenet errors unavailable without explicit GT-to-reference projection
localization_features/1,/home/sungho/.local/share/Trash/files/frenet_jump_20260728_153147,/pf/pose/odom,1785220312316196997,1785220312313087043,LOC_UNKNOWN,0.003109954,0.024021016,0,-13.919801282810557,0.00810515981927392,-0.16579831295175232,-0.16579831295175232,0.02097956285939695,-0.0019700723551917126,0.02107185902705498,0.00046709493076288466,0.8772259685874645,0.019445261214716507,,,0.000866173,,,0,10.16565338695468,0.21624914530756356,0.020958242170017627,-0.0021852523879348773,0.0,0.0021852523879348773,0.00011361685703735469,0,1,,,,,0.515965457,0.1537945056019164,,,0.0,0.0,0.0,,,,,,,-14.129432866874168,0.0004327183252346451,-0.1708168033072142,0.20977194139230945,0.005018490355461869,,,no particle cloud; GT Frenet errors unavailable without explicit GT-to-reference projection
localization_features/1,/home/sungho/.local/share/Trash/files/frenet_jump_20260728_153147,/pf/pose/odom,1785220312352527671,1785220312348467533,LOC_UNKNOWN,0.004060138,0.036330674,0,-13.878794968795054,-0.0033818908924771462,-0.168328839040791,-0.168328839040791,0.04100631401550281,-0.011487050711751066,0.042584857909735506,-0.002530526089038671,1.172146101934016,-0.06965260509724293,,,0.000914887,,,0,10.206539666471746,0.20434190925360396,0.040886279517065915,-0.011907236053959602,0.0,0.011907236053959602,0.0016985783926695905,0,1,,,,,0.500057016,0.18807585362417206,,,0.0,0.0,0.0,,,,,,,-14.0680010126363,-0.010532867156742554,-0.17235575652718563,0.18934112994166769,0.004026917486394637,,,no particle cloud; GT Frenet errors unavailable without explicit GT-to-reference projection
localization_features/1,/home/sungho/.local/share/Trash/files/frenet_jump_20260728_153147,/pf/pose/odom,1785220312383026508,1785220312380585310,LOC_UNKNOWN,0.002441198,0.030498837,0,-13.864680124783822,-0.012200972758171842,-0.1648328240735244,-0.1648328240735244,0.014114844011231753,-0.008819081865694696,0.01664346798041892,0.003496014967266592,0.5457082832508965,0.11462781243975276,,,-0.000406345,,,0,10.220563269475525,0.1953784509250547,0.014023603003778362,-0.00896345832854925,0.0,0.00896345832854925,0.0026198649766405596,0,1,,,,,0.530555853,0.20343294671203713,,,0.0,0.0,0.0,,,,,,,-14.015178982188717,-0.019628034670126825,-0.17118334974025665,0.15068200731614495,0.006350525666732249,,,no particle cloud; GT Frenet errors unavailable without explicit GT-to-reference projection
localization_features/1,/home/sungho/.local/share/Trash/files/frenet_jump_20260728_153147,/pf/pose/odom,1785220312412873249,1785220312410922727,LOC_UNKNOWN,0.001950522,0.029846741,0,-13.833868218842055,-0.024135587737992653,-0.16419847737208285,-0.16419847737208285,0.030811905941767748,-0.011934614979820811,0.03304252687796298,0.0006343467014415516,1.1070731936181235,0.02125346621400144,,,0.001822766,,,0,10.25125108494729,0.18312828504651188,0.030687815471765134,-0.012250165878542829,0.0,0.012250165878542829,0.0023547114061978486,0,1,,,,,0.509028892,0.2326229933228939,,,0.0,0.0,0.0,,,,,,,-13.957438855394935,-0.029326164298565317,-0.16906446792214272,0.12367960342398933,0.004865990550059873,,,no particle cloud; GT Frenet errors unavailable without explicit GT-to-reference projection
localization_features/1,/home/sungho/.local/share/Trash/files/frenet_jump_20260728_153147,/pf/pose/odom,1785220312445534788,1785220312442663688,LOC_UNKNOWN,0.0028711,0.032661539,0,-13.80091462563254,-0.03862911265001477,-0.1612136261442312,-0.1612136261442312,0.03295359320951441,-0.014493524912022118,0.03600002180268173,0.002984851227851637,1.1022144976904402,0.09138734178605719,,,0.00117859,,,0,10.284054216428398,0.16829736684072805,0.03280313148110814,-0.014830918205783833,0.0,0.014830918205783833,0.003196890321573588,0,1,,,,,0.513440322,0.2636939439502429,,,0.0,0.0,0.0,,,,,,,-13.895452877650627,-0.03956226608583204,-0.16667717894213152,0.09454285731862559,0.005463552797900312,,,no particle cloud; GT Frenet errors unavailable without explicit GT-to-reference projection
localization_features/1,/home/sungho/.local/share/Trash/files/frenet_jump_20260728_153147,/pf/pose/odom,1785220312481221486,1785220312477035839,LOC_UNKNOWN,0.004185647,0.035686698,0,-13.72811522769667,-0.056295019449617414,-0.15748231453794878,-0.15748231453794878,0.07279939793587076,-0.017665906799602643,0.07491219261827484,0.003731311606282428,2.099162904292093,0.10455749103720462,,,0.009459129,,,0,10.35666850099723,0.14988535230037178,0.07261428456883223,-0.018412014540356264,0.0,0.018412014540356264,0.002297908049442604,0,1,,,,,0.503331657,0.3355476676389287,,,0.0,0.0,0.0,,,,,,,-13.80712022627649,-0.053862445665059724,-0.16302903193046994,0.07904243933365683,0.005546717392521161,,,no particle cloud; GT Frenet errors unavailable without explicit GT-to-reference projection
localization_features/1,/home/sungho/.local/share/Trash/files/frenet_jump_20260728_153147,/pf/pose/odom,1785220312512899798,1785220312511603554,LOC_UNKNOWN,0.001296244,0.031678312,0,-13.643773436701814,-0.0684996725253823,-0.15510282689348512,-0.15510282689348512,0.08434179099485561,-0.01220465307576489,0.08522025149528535,0.0023794876444636626,2.690176531353228,0.07511409207863293,,,0.001027552,,,0,10.440880612069652,0.13681586058700093,0.08421211107242144,-0.013069491713370851,0.0,0.013069491713370851,0.0010081404228639151,0,1,,,,,0.506483782,0.42213682573908734,,,0.0,0.0,0.0,,,,,,,-13.736817736411094,-0.06501938190635101,-0.16004778041036816,0.09310936650618624,0.004944953516883038,,,no particle cloud; GT Frenet errors unavailable without explicit GT-to-reference projection
localization_features/1,/home/sungho/.local/share/Trash/files/frenet_jump_20260728_153147,/pf/pose/odom,1785220312549544867,1785220312546103815,LOC_UNKNOWN,0.003441052,0.036645069,0,-13.542445796156766,-0.08366474330920848,-0.15192357772613457,-0.15192357772613457,0.10132764054504761,-0.015165070783826173,0.10245618629592278,0.003179249167350545,2.7959064914278855,0.08675789824138536,,,-0.000128373,,,0,10.54204729975595,0.12061180514127932,0.10116668768629822,-0.016204055445721607,0.0,0.016204055445721607,0.0012894986096245592,0,1,,,,,0.506284199,0.5260557922632694,,,0.0,0.0,0.0,,,,,,,-13.66228292481933,-0.07665939527386754,-0.15712865755998645,0.12004171069750755,0.005205079833851878,,,no particle cloud; GT Frenet errors unavailable without explicit GT-to-reference projection
localization_features/1,/home/sungho/.local/share/Trash/files/frenet_jump_20260728_153147,/pf/pose/odom,1785220312583029584,1785220312578150751,LOC_UNKNOWN,0.004878833,0.033484717,0,-13.439915350599179,-0.09437641434994773,-0.14318272533117996,-0.14318272533117996,0.10253044555758706,-0.010711671040739251,0.10308846765144167,0.008740852394954618,3.0786722089197194,0.26104005582471007,,,-0.000713867,,,0,10.64446242810612,0.10884857226335991,0.10241512835017019,-0.011763232877919416,0.0,0.011763232877919416,0.000673339301271475,0,1,,,,,0.520935869,0.6320844412464036,,,0.0,0.0,0.0,,,,,,,-13.555557195749921,-0.09223764882269353,-0.14657515721147196,0.11566162141284744,0.0033924318802920073,,,no particle cloud; GT Frenet errors unavailable without explicit GT-to-reference projection
localization_features/1,/home/sungho/.local/share/Trash/files/frenet_jump_20260728_153147,/pf/pose/odom,1785220312634040789,1785220312631048340,LOC_UNKNOWN,0.002992449,0.051011205,0,-13.146644243671666,-0.14057640538314012,-0.09740936250021731,-0.09740936250021731,0.2932711069275129,-0.04619999103319239,0.2968878261733811,0.045773362830962644,5.820051225478425,0.8973197718219487,,,0.00096716,,,0,10.937244008298146,0.05964158464760566,0.2927815801920257,-0.04920698761575425,0.0,0.04920698761575425,0.004106245981355394,0,1,,,,,0.504833659,0.9322525800957627,,,0.0,0.0,0.0,,,,,,,-13.410653851883733,-0.10973154312803479,-0.11740727815464629,0.26580533996860484,0.019997915654428974,,,no particle cloud; GT Frenet errors unavailable without explicit GT-to-reference projection
localization_features/1,/home/sungho/.local/share/Trash/files/frenet_jump_20260728_153147,/pf/pose/odom,1785220312641817468,1785220312640869774,LOC_UNKNOWN,0.000947694,0.007776679,0,-13.31587302907437,-0.11486550792563033,-0.11124605723410357,-0.11124605723410357,-0.16922878540270325,0.02571089745750979,0.17117076869881953,-0.013836694733886252,22.010779755576838,-1.7792549665334332,,,0.001824182,,,0,10.76828796784788,0.08708768550570448,-0.1689560404502668,0.027446100858098815,0.1689560404502668,0.027446100858098815,0.002214728248552733,0,1,,,,,0.512610338,0.7611527176472765,,,0.0,0.0,0.0,,,,,,,-13.380406809996582,-0.11254209795391243,-0.10755657874425785,0.06457559224670625,-0.0036894784898457156,,,no particle cloud; GT Frenet errors unavailable without explicit GT-to-reference projection
localization_features/1,/home/sungho/.local/share/Trash/files/frenet_jump_20260728_153147,/pf/pose/odom,1785220312679798402,1785220312676821793,LOC_UNKNOWN,0.002976609,0.037980934,0,-13.199142377904511,-0.12988243974092564,-0.06928132981884691,-0.06928132981884691,0.11673065116985804,-0.015016931815295315,0.1176926215345903,0.041964727415256656,3.0987289974119725,1.104889295646512,,,0.000179909,,,0,10.88485837530868,0.07087370178461803,0.1165704074608005,-0.016213983721086442,0.0,0.016213983721086442,0.001122214073789804,0,1,,,,,0.526645353,0.8767014319863661,,,0.0,0.0,0.0,,,,,,,-13.255815413478409,-0.12064115852494628,-0.05975517686644529,0.057421548565613184,-0.00952615295240162,,,no particle cloud; GT Frenet errors unavailable without explicit GT-to-reference projection
localization_features/1,/home/sungho/.local/share/Trash/files/frenet_jump_20260728_153147,/pf/pose/odom,1785220312712068729,1785220312709644447,LOC_UNKNOWN,0.002424282,0.032270327,0,-13.10764903454461,-0.13396451904774645,-0.02848344657657874,-0.02848344657657874,0.09149334335990211,-0.004082079306820807,0.09158436138686625,0.04079788324226817,2.8380363603649337,1.2642537908670144,,,0.000865096,,,0,10.976305012761573,0.06585296984603174,0.0914466374528935,-0.0050207319385862925,0.0,0.0050207319385862925,0.00013772393397275262,0,1,,,,,0.528197205,0.9668848499003015,,,0.0,0.0,0.0,,,,,,,-13.159426410334927,-0.12301100111605172,-0.018780833224276063,0.05292330487423961,-0.009702613352302675,,,no particle cloud; GT Frenet errors unavailable without explicit GT-to-reference projection
localization_features/1,/home/sungho/.local/share/Trash/files/frenet_jump_20260728_153147,/pf/pose/odom,1785220312744001975,1785220312739875673,LOC_UNKNOWN,0.004126302,0.031933246,0,-13.011891547868956,-0.13436198414140707,0.008014536673170682,0.008014536673170682,0.09575748667565342,-0.00039746509366062055,0.09575831156060878,0.03649798324974942,2.998702717556768,1.1429462338325838,,,0.003652493,,,0,11.072053379032248,0.06447290121175678,0.09574836627067462,-0.001380068634274964,0.0,0.001380068634274964,9.945289934157331e-06,0,1,,,,,0.524538019,1.0490745274955249,,,0.0,0.0,0.0,,,,,,,-13.061348911351715,-0.12176547313170534,0.024740192834583882,0.05103628995414211,-0.0167256561614132,,,no particle cloud; GT Frenet errors unavailable without explicit GT-to-reference projection
localization_features/1,/home/sungho/.local/share/Trash/files/frenet_jump_20260728_153147,/pf/pose/odom,1785220312786202744,1785220312780118358,LOC_UNKNOWN,0.006084386,0.042200769,0,-12.881990058527258,-0.1417379207754508,0.07045431061644312,0.07045431061644314,0.1299014893416981,-0.007375936634043734,0.13011072736104712,0.06243977394327245,3.0831364082736767,1.47958853411587,,,-0.00019532,,,0,11.20187233999159,0.05576435656542803,0.12981896095934253,-0.008708544646328746,0.0,0.008708544646328746,0.0002917664017045851,0,1,,,,,0.536300934,1.1580163455803056,,,0.0,0.0,0.0,,,,,,,-12.92859812806943,-0.11397002659933952,0.08465044714820243,0.05425281645614038,-0.014196136531759301,,,no particle cloud; GT Frenet errors unavailable without explicit GT-to-reference projection
localization_features/1,/home/sungho/.local/share/Trash/files/frenet_jump_20260728_153147,/pf/pose/odom,1785220312817951141,1785220312816445614,LOC_UNKNOWN,0.001505527,0.031748397,0,-12.738070380425121,-0.14072309157820367,0.14296395356808245,0.14296395356808245,0.14391967810213657,0.0010148291972471302,0.14392325601973502,0.07250964295163932,4.533244812950242,2.283883591087743,,,0.000820118,,,0,11.345794854265899,0.0553022869994475,0.14392251427430836,-0.0004620695659805288,0.0,0.0004620695659805288,7.417454266633872e-07,0,1,,,,,0.501754144,1.1910658143304789,,,0.0,0.0,0.0,,,,,,,-12.828152421803024,-0.10320381526123343,0.13077762522336447,0.09758314544099986,0.012186328344717973,,,no particle cloud; GT Frenet errors unavailable without explicit GT-to-reference projection
localization_features/1,/home/sungho/.local/share/Trash/files/frenet_jump_20260728_153147,/pf/pose/odom,1785220312845100435,1785220312838445523,LOC_UNKNOWN,0.006654912,0.027149294,0,-12.764645841927445,-0.12625088338950852,0.148766301736986,0.148766301736986,-0.026575461502323705,0.014472208188695157,0.030260534759293738,0.005802348168903543,1.1145974830613914,0.2137200388674395,,,0.000704236,,,0,11.319369299929937,0.07004643980507017,-0.02642555433596172,0.014744152805622662,0.02642555433596172,0.014744152805622662,0.003834980423332017,0,1,,,,,0.528903438,1.162942663654824,,,0.0,0.0,0.0,,,,,,,-12.727478507389488,-0.08799280205246579,0.17797015074143052,0.0533393995490028,-0.029203849004444532,,,no particle cloud; GT Frenet errors unavailable without explicit GT-to-reference projection
localization_features/1,/home/sungho/.local/share/Trash/files/frenet_jump_20260728_153147,/pf/pose/odom,1785220312882086881,1785220312877739884,LOC_UNKNOWN,0.004346997,0.036986446,0,-12.582505531338095,-0.10919168133122426,0.23212515529552483,0.23212515529552483,0.1821403105893502,0.017059202058284262,0.1829374459110281,0.08335885355853884,4.946067159602955,2.2537675979611245,,,0.000829012,,,0,11.5016750751593,0.0852356937193211,0.18230577522936287,0.015189253914250939,0.0,0.015189253914250939,0.0006316706816652251,0,1,,,,,0.52955921,1.3006006371731376,,,0.0,0.0,0.0,,,,,,,-12.59345505696089,-0.060576523951200174,0.2416958918251075,0.04983297741906215,-0.00957073652958268,,,no particle cloud; GT Frenet errors unavailable without explicit GT-to-reference projection
localization_features/1,/home/sungho/.local/share/Trash/files/frenet_jump_20260728_153147,/pf/pose/odom,1785220312915519151,1785220312906418087,LOC_UNKNOWN,0.009101064,0.03343227,0,-12.509267561952825,-0.08628203928763936,0.2652075851223439,0.2652075851223439,0.07323796938526961,0.022909642043584894,0.07673755181293498,0.033082429826819054,2.2953138333991374,0.9895358534379823,,,0.001474204,,,0,11.575144277901842,0.1073925912146404,0.0734692027425421,0.022156897495319294,0.0,0.022156897495319294,0.0032683490703928897,0,1,,,,,0.502645902,1.3260577218475789,,,0.0,0.0,0.0,,,,,,,-12.493419920696212,-0.034513938540936054,0.2896870005699293,0.05413948640612625,-0.024479415447585418,,,no particle cloud; GT Frenet errors unavailable without explicit GT-to-reference projection
localization_features/1,/home/sungho/.local/share/Trash/files/frenet_jump_20260728_153147,/pf/pose/odom,1785220312944815097,1785220312942561480,LOC_UNKNOWN,0.002253617,0.029295946,0,-12.398986978602492,-0.05701219345435324,0.31737083143786976,0.31737083143786976,0.11028058335033286,0.029269845833286123,0.11409877711524366,0.05216324631552588,3.894695092462406,1.780561935618187,,,0.0020999,,,0,11.685719410088822,0.135529241353314,0.11057513218698034,0.028136650138673613,0.0,0.028136650138673613,0.0035236449282633198,0,1,,,,,0.531941848,1.4352578321663512,,,0.0,0.0,0.0,,,,,,,-12.393282092612417,-0.0035998965866223167,0.33465355897141374,0.05371609796742854,-0.017282727533543984,,,no particle cloud; GT Frenet errors unavailable without explicit GT-to-reference projection
localization_features/1,/home/sungho/.local/share/Trash/files/frenet_jump_20260728_153147,/pf/pose/odom,1785220312992192306,1785220312988309158,LOC_UNKNOWN,0.003883148,0.047377209,0,-12.13528714298599,0.022933828482531976,0.3794678067210927,0.3794678067210927,0.263699835616503,0.07994602193688521,0.2755521179880562,0.062096975283222944,5.816132351486896,1.310692980737277,,,0.000440953,,,0,11.950225735135183,0.21276507331085126,0.2645063250463604,0.07723583195753725,0.0,0.07723583195753725,0.011045792941695776,0,1,,,,,0.51097082,1.59479732812284,,,0.0,0.0,0.0,,,,,,,-12.223093140232725,0.05577855714185409,0.3723728119744942,0.09374790319360932,0.007094994746598526,,,no particle cloud; GT Frenet errors unavailable without explicit GT-to-reference projection
localization_features/1,/home/sungho/.local/share/Trash/files/frenet_jump_20260728_153147,/pf/pose/odom,1785220313009814428,1785220313005708546,LOC_UNKNOWN,0.004105882,0.017622122,0,-12.183622286912946,0.03687389616639594,0.3438590058876726,0.3438590058876726,-0.04833514392695726,0.013940067683863966,0.05030518487661467,-0.03560880083342011,2.8546610264424834,-2.0206874537254995,,,0.003041588,,,0,11.90203618344555,0.22720040266014416,-0.04818955168963335,0.014435329349292897,0.04818955168963335,0.014435329349292897,0.002115633186981325,0,1,,,,,0.528592942,1.5473005173423218,,,0.0,0.0,0.0,,,,,,,-12.188140690109453,0.06834455287796165,0.3724665492197596,0.03179336725330325,-0.02860754333208698,,,no particle cloud; GT Frenet errors unavailable without explicit GT-to-reference projection
localization_features/1,/home/sungho/.local/share/Trash/files/frenet_jump_20260728_153147,/pf/pose/odom,1785220313043074568,1785220313038668042,LOC_UNKNOWN,0.004406526,0.03326014,0,-12.048897018296941,0.08362824813762701,0.32829164281977685,0.32829164281977685,0.13472526861600542,0.04675435197123107,0.14260738912098692,-0.015567363067895745,4.28763646578117,-0.4680486332257094,,,0.00080061,,,0,12.037234132754177,0.2725697969105212,0.13519794930862794,0.04536939425037703,0.0,0.04536939425037703,0.0074094398123589755,0,1,,,,,0.53017477,1.602115381060055,,,0.0,0.0,0.0,,,,,,,-12.04373205199882,0.11893486745841682,0.3483867155231746,0.035682408056686654,-0.02009507270339772,,,no particle cloud; GT Frenet errors unavailable without explicit GT-to-reference projection
localization_features/1,/home/sungho/.local/share/Trash/files/frenet_jump_20260728_153147,/pf/pose/odom,1785220313077198071,1785220313075160688,LOC_UNKNOWN,0.002037383,0.034123503,0,-11.80052500931111,0.14745628333108413,0.30356838724800245,0.30356838724800245,0.24837200898583056,0.06382803519345712,0.25644233840049635,-0.024723255571774405,7.515123473709495,-0.7245227892275422,,,0.000984485,,,0,12.28624804196467,0.33384577869802623,0.24901390921049327,0.06127598178750504,0.0,0.06127598178750504,0.007428429190003083,0,1,,,,,0.527653204,1.7571866595783872,,,0.0,0.0,0.0,,,,,,,-11.929671327432203,0.15634895923266812,0.31587245956655613,0.12945211921372726,-0.012304072318553683,,,no particle cloud; GT Frenet errors unavailable without explicit GT-to-reference projection
localization_features/1,/home/sungho/.local/share/Trash/files/frenet_jump_20260728_153147,/pf/pose/odom,1785220313107954814,1785220313103753503,LOC_UNKNOWN,0.004201311,0.030756743,0,-11.30383674211658,0.15756080904272513,0.2911283049082147,0.2911283049082147,0.4966882671945303,0.010104525711641,0.49679103877642794,-0.012440082339787772,16.15226419703894,-0.4044668299171916,,,1.8605e-05,,,0,12.783013846297445,0.3388529589598965,0.4967658043327745,0.005007180261870248,0.0,0.005007180261870248,2.5234443653432415e-05,0,1,,,,,0.52492523,2.1508845125082297,,,0.0,0.0,0.0,,,,,,,-11.809976666111954,0.19268951030540818,0.28034552195116347,0.5073575152833014,0.010782782957051207,,,no particle cloud; GT Frenet errors unavailable without explicit GT-to-reference projection
localization_features/1,/home/sungho/.local/share/Trash/files/frenet_jump_20260728_153147,/pf/pose/odom,1785220313143478823,1785220313137973033,LOC_UNKNOWN,0.00550579,0.035524009,0,-11.637840854531847,0.23007541516356905,0.2549792735131432,0.2549792735131432,-0.3340041124152666,0.07251460612084393,0.3417851886948456,-0.036149031395071474,9.621244851470609,-1.0175943654071102,,,-0.000172678,,,0,12.449771435174261,0.41479116173016095,-0.33324241112318376,0.07593820277026447,0.33324241112318376,0.07593820277026447,0.00854277757166183,0,1,,,,,0.501661355,1.713118857295528,,,0.0,0.0,0.0,,,,,,,-11.64071985251047,0.23857503644559336,0.23316499200756652,0.008973972994095601,0.021814281505576683,,,no particle cloud; GT Frenet errors unavailable without explicit GT-to-reference projection
localization_features/1,/home/sungho/.local/share/Trash/files/frenet_jump_20260728_153147,/pf/pose/odom,1785220313174658377,1785220313173674603,LOC_UNKNOWN,0.000983774,0.031179554,0,-11.504197849363106,0.25661198018042064,0.2211357180133675,0.2211357180133675,0.13364300516874117,0.026536565016851588,0.13625212700514355,-0.03384355549977569,4.369919050322001,-1.0854406544678505,,,0.0010681,,,0,12.583679711293565,0.43995493927213986,0.13390827611930334,0.025163777541978904,0.0,0.025163777541978904,0.002343850885840215,0,1,,,,,0.532840909,1.8493681301870164,,,0.0,0.0,0.0,,,,,,,-11.506300115835499,0.27043682045265205,0.19856562778725526,0.013983766762702403,0.022570090226112255,,,no particle cloud; GT Frenet errors unavailable without explicit GT-to-reference projection
localization_features/1,/home/sungho/.local/share/Trash/files/frenet_jump_20260728_153147,/pf/pose/odom,1785220313209621381,1785220313206333866,LOC_UNKNOWN,0.003287515,0.034963004,0,-11.292157839498286,0.2950699988187176,0.18542566217357795,0.18542566217357795,0.21204000986482008,0.038458018638296954,0.2154993851059826,-0.035710055839789555,6.163640432783825,-1.0213669237285663,,,-0.000454775,,,0,12.796103197504706,0.47623506450567143,0.21242348621114182,0.03628012523353158,0.0,0.03628012523353158,0.0030758988948407784,0,1,,,,,0.529822979,1.9537590958862339,,,0.0,0.0,0.0,,,,,,,-11.365160190500575,0.2997229180785922,0.1654182844656642,0.07315048126636184,0.020007377707913748,,,no particle cloud; GT Frenet errors unavailable without explicit GT-to-reference projection
localization_features/1,/home/sungho/.local/share/Trash/files/frenet_jump_20260728_153147,/pf/pose/odom,1785220313240194154,1785220313235827592,LOC_UNKNOWN,0.004366562,0.030572773,0,-11.336211228026109,0.32992221579441594,0.16512219122989144,0.16512219122989144,-0.044053388527823145,0.03485221697569835,0.05617275201469567,-0.020303470943686508,1.8373456674896864,-0.6641030221133852,,,-0.000376175,,,0,12.752409767762598,0.5115375044535828,-0.04369342974210788,0.03530243994791138,0.04369342974210788,0.03530243994791138,0.012479322272587787,0,1,,,,,0.528125425,1.831169791451792,,,0.0,0.0,0.0,,,,,,,-11.165991269878011,0.33428410878760745,0.12315475935746485,0.17027583581478617,0.04196743187242659,,,no particle cloud; GT Frenet errors unavailable without explicit GT-to-reference projection
localization_features/1,/home/sungho/.local/share/Trash/files/frenet_jump_20260728_153147,/pf/pose/odom,1785220313270212052,1785220313266934710,LOC_UNKNOWN,0.003277342,0.030017898,0,-11.335369285012566,0.36299819797091826,0.13044163663757774,0.13044163663757774,0.0008419430135422346,0.03307598217650232,0.03308669619315823,-0.0346805545923137,1.102232281326235,-1.1553292169995946,,,0.001291305,,,0,12.753591078752672,0.5446031054510405,0.0011813109900735697,0.0330656009974577,0.0,0.0330656009974577,0.03190538520308466,0,1,,,,,0.526210077,1.7487407036504623,,,0.0,0.0,0.0,,,,,,,-11.009321405958227,0.3561888447778221,0.09004336392192241,0.32611897633646153,0.040398272715655326,,,no particle cloud; GT Frenet errors unavailable without explicit GT-to-reference projection
localization_features/1,/home/sungho/.local/share/Trash/files/frenet_jump_20260728_153147,/pf/pose/odom,1785220313306495198,1785220313305571841,LOC_UNKNOWN,0.000923357,0.036283146,0,-10.37444673069693,0.37424667552463864,0.07205232597783967,0.07205232597783967,0.960922554315637,0.011248477553720382,0.9609883889203682,-0.058389310659738076,26.485806631000745,-1.6092681340184247,,,0.00091117,,,0,13.714578466324294,0.5459903934662377,0.9609873875716222,0.0013872880151971634,0.0,0.0013872880151971634,1.0013487460325265e-06,0,1,,,,,0.520292454,2.560080788679405,,,0.0,0.0,0.0,,,,,,,-10.847454724846001,0.3740287831745331,0.05443374378865896,0.4730080443354048,0.017618582189180713,,,no particle cloud; GT Frenet errors unavailable without explicit GT-to-reference projection
localization_features/1,/home/sungho/.local/share/Trash/files/frenet_jump_20260728_153147,/pf/pose/odom,1785220313335638039,1785220313333577345,LOC_UNKNOWN,0.002060694,0.029142841,0,-10.566829808681039,0.3883331332000589,0.05083119554673427,0.05083119554673427,-0.19238307798410936,0.014086457675420272,0.1928981000022585,-0.0212211304311054,6.619056117495837,-0.7281764475572371,,,0.001316075,,,0,13.522350067118277,0.562050266540893,-0.19222839920601764,0.016059873074655284,0.19222839920601764,0.016059873074655284,0.0006697007962408463,0,1,,,,,0.517686898,2.234767573902082,,,0.0,0.0,0.0,,,,,,,-10.681172351994471,0.38721655026840635,0.015918571576786042,0.11434799503632485,0.03491262396994823,,,no particle cloud; GT Frenet errors unavailable without explicit GT-to-reference projection
localization_features/1,/home/sungho/.local/share/Trash/files/frenet_jump_20260728_153147,/pf/pose/odom,1785220313369307607,1785220313366359620,LOC_UNKNOWN,0.002947987,0.033669568,0,-10.320754464696146,0.4014819550678976,0.0024220433930535194,0.002422043393053519,0.24607534398489328,0.013148821867838667,0.24642639151234533,-0.04840915215368075,7.318965052130914,-1.4377717039220923,,,0.0025971,,,0,13.768547382730388,0.5726732707857936,0.2461973156121111,0.010623004244900591,0.0,0.010623004244900591,0.00022907590023421576,0,1,,,,,0.524207172,2.5002213926954164,,,0.0,0.0,0.0,,,,,,,-10.454210900996626,0.39655061551143966,-0.04030815880797459,0.13354751401596884,0.04273020220102811,,,no particle cloud; GT Frenet errors unavailable without explicit GT-to-reference projection
localization_features/1,/home/sungho/.local/share/Trash/files/frenet_jump_20260728_153147,/pf/pose/odom,1785220313403650192,1785220313398558555,LOC_UNKNOWN,0.005091637,0.034342585,0,-10.18845593479672,0.40030690856017986,-0.04810739925910648,-0.04810739925910648,0.13229852989942614,-0.0011750465077177141,0.1323037480491186,-0.05052944265216,3.8524691152142037,-1.4713348646340978,,,0.000408425,,,0,13.90082688905759,0.5701406923219223,0.13227950632720287,-0.0025325784638712268,0.0,0.0025325784638712268,2.424172191572982e-05,0,1,,,,,0.521563311,2.447664659180512,,,0.0,0.0,0.0,,,,,,,-10.280828109374387,0.39663795191824913,-0.08517825147743731,0.09244501002783967,0.03707085221833083,,,no particle cloud; GT Frenet errors unavailable without explicit GT-to-reference projection
localization_features/1,/home/sungho/.local/share/Trash/files/frenet_jump_20260728_153147,/pf/pose/odom,1785220313438822215,1785220313436892980,LOC_UNKNOWN,0.001929235,0.035172023,0,-9.973569865097327,0.39414669578154543,-0.10657091667766762,-0.1065709166776676,0.21488606969939283,-0.006160212778634433,0.21497435003351067,-0.05846351741856113,6.112083744330279,-1.662216512782365,,,-7.3955e-05,,,0,14.115638431070126,0.561775730246252,0.21481154201253538,-0.00836496207567028,0.0,0.00836496207567028,0.00016280802097529135,0,1,,,,,0.523303064,2.580808900193592,,,0.0,0.0,0.0,,,,,,,-10.04685009894642,0.3864993397074008,-0.14892705560935962,0.07367818352743623,0.042356138931692,,,no particle cloud; GT Frenet errors unavailable without explicit GT-to-reference projection
localization_features/1,/home/sungho/.local/share/Trash/files/frenet_jump_20260728_153147,/pf/pose/odom,1785220313466272757,1785220313464853636,LOC_UNKNOWN,0.001419121,0.027450542,0,-9.854954329961949,0.3838713198376098,-0.13687916555355933,-0.13687916555355933,0.11861553513537793,-0.010275375943935627,0.11905976871404247,-0.030308248875891716,4.3372465546961685,-1.1041038415886912,,,0.001249321,,,0,14.234142279176517,0.5502837108319628,0.11850384810639092,-0.011492019414289234,0.0,0.011492019414289234,0.0005559206076515555,0,1,,,,,0.52145766,2.5819528248288512,,,0.0,0.0,0.0,,,,,,,-9.929074080463398,0.3767295071169168,-0.18183350670482867,0.07446303044689027,0.04495434115126934,,,no particle cloud; GT Frenet errors unavailable without explicit GT-to-reference projection
localization_features/1,/home/sungho/.local/share/Trash/files/frenet_jump_20260728_153147,/pf/pose/odom,1785220313506807253,1785220313498979851,LOC_UNKNOWN,0.007827402,0.040534496,0,-9.641829371621375,0.36288970807434445,-0.18999588112526883,-0.18999588112526883,0.21312495834057366,-0.02098161176326535,0.21415526120050296,-0.053116715571709494,5.28328417357164,-1.3104076974759842,,,1.7045e-05,,,0,14.447040711373933,0.5271162019512634,0.21289843219741655,-0.023167508880699406,0.0,0.023167508880699406,0.001256829003086407,0,1,,,,,0.514614947,2.5165257117000874,,,0.0,0.0,0.0,,,,,,,-9.692615881163933,0.3485486404991284,0.0,0.05277249066240137,-0.18999588112526883,,,no particle cloud; GT Frenet errors unavailable without explicit GT-to-reference projection
localization_features/1,/home/sungho/.local/share/Trash/files/frenet_jump_20260728_153147,/pf/pose/odom,1785220313536326371,1785220313531360619,LOC_UNKNOWN,0.004965752,0.029519118,0,-9.78084049230843,0.37304193785014295,-0.14507243186254823,-0.14507243186254823,-0.139011120687055,0.010152229775798494,0.13938134539489702,0.04492344926272059,4.721731367275168,1.5218425314306678,,,0.000575971,,,0,14.308141087898926,0.538694372903204,-0.13889962347500706,0.01157817095194058,0.13889962347500706,0.01157817095194058,0.00048172191988996027,0,1,,,,,0.526511943,2.426184103635251,,,0.0,0.0,0.0,,,,,,,-9.689238277778253,0.3485481961963531,-0.0003699824930383462,0.0948204043813098,-0.14470244936950988,,,no particle cloud; GT Frenet errors unavailable without explicit GT-to-reference projection
localization_features/1,/home/sungho/.local/share/Trash/files/frenet_jump_20260728_153147,/pf/pose/odom,1785220313568827155,1785220313563871433,LOC_UNKNOWN,0.004955722,0.032500784,0,-9.74870543018643,0.367444065782433,-0.12789082295964063,-0.12789082295964063,0.032135062122000235,-0.0055978720677099525,0.03261898817056197,0.017181608902907597,1.0036369636671525,0.528652136604077,,,0.004104791,,,0,14.340217014968882,0.5327670386057206,0.03207592706995577,-0.005927334297483378,0.0,0.005927334297483378,0.0005430611006062014,0,1,,,,,0.525752587,2.317635165499468,,,0.0,0.0,0.0,,,,,,,-9.671664119448465,0.34835967575762244,-0.005222883240626498,0.07936987780539106,-0.12266793971901413,,,no particle cloud; GT Frenet errors unavailable without explicit GT-to-reference projection
localization_features/1,/home/sungho/.local/share/Trash/files/frenet_jump_20260728_153147,/pf/pose/odom,1785220313598152237,1785220313596236600,LOC_UNKNOWN,0.001915637,0.029325082,0,-9.7528405935689,0.36624009863537094,-0.11648675683723239,-0.11648675683723239,-0.004135163382469997,-0.0012039671470620572,0.004306868130199189,0.011404066122408242,0.14686636273341672,0.38888437285216265,,,0.001099536,,,0,14.33606971468688,0.5316055682178777,-0.004147300282001609,-0.0011614703878428667,0.004147300282001609,0.0011614703878428667,0.0001595678481975801,0,1,,,,,0.520954166,2.0593391717520984,,,0.0,0.0,0.0,,,,,,,-9.664308607832716,0.3480662217972312,-9.570339814259989e-05,0.09037810740284256,-0.1163910534390898,,,no particle cloud; GT Frenet errors unavailable without explicit GT-to-reference projection
localization_features/1,/home/sungho/.local/share/Trash/files/frenet_jump_20260728_153147,/pf/pose/odom,1785220313634692646,1785220313630580965,LOC_UNKNOWN,0.004111681,0.036540409,0,-9.733220758336508,0.36388125282081546,-0.10554063920508336,-0.10554063920508336,0.01961983523239219,-0.002358845814555477,0.019761125679552363,0.010946117632149033,0.540801983895483,0.2995619899095555,,,9.807e-06,,,0,14.355664311386183,0.5290455158132027,0.01959459669930297,-0.0025600524046750506,0.0,0.0025600524046750506,0.00016652898024939466,0,1,,,,,0.526737832,1.5841094324655205,,,0.0,0.0,0.0,,,,,,,-9.65825838856012,0.3480594326860745,0.0,0.07661388173737237,-0.10554063920508337,,,no particle cloud; GT Frenet errors unavailable without explicit GT-to-reference projection
localization_features/1,/home/sungho/.local/share/Trash/files/frenet_jump_20260728_153147,/pf/pose/odom,1785220313665798264,1785220313661752897,LOC_UNKNOWN,0.004045367,0.031105618,0,-9.7306692048144,0.36291968120661017,-0.09692742325123777,-0.09692742325123777,0.0025515535221067864,-0.0009615716142052921,0.0027267279558879573,0.008613215953845593,0.08766030483264975,0.2769022609949622,,,0.001269879,,,0,14.358205863307381,0.5280578118204601,0.002541551921197538,-0.0009877039927426168,0.0,0.0009877039927426168,0.00018517603469041938,0,1,,,,,0.522319441,1.9117926928687845,,,0.0,0.0,0.0,,,,,,,-9.656602405863865,0.34805909214573105,-0.00046061786569164887,0.07554288724966408,-0.09646680538554611,,,no particle cloud; GT Frenet errors unavailable without explicit GT-to-reference projection
localization_features/1,/home/sungho/.local/share/Trash/files/frenet_jump_20260728_153147,/pf/pose/odom,1785220313697815166,1785220313696215967,LOC_UNKNOWN,0.001599199,0.032016902,0,-9.724164957717939,0.362253699839876,-0.09037068425643009,-0.09037068425643009,0.006504247096462024,-0.0006659813667341807,0.0065382537020730385,0.006556738994807673,0.20421256566525514,0.20478992610864327,,,0.000509879,,,0,14.364702933914678,0.5273251215745359,0.006497070607297317,-0.0007326902459241502,0.0,0.0007326902459241502,4.118309477572132e-05,0,1,,,,,0.523156789,1.7831649582333267,,,0.0,0.0,0.0,,,,,,,-9.651322807423755,0.34805249160222573,-0.0001053583251498187,0.07421356462864166,-0.09026532593128025,,,no particle cloud; GT Frenet errors unavailable without explicit GT-to-reference projection
localization_features/1,/home/sungho/.local/share/Trash/files/frenet_jump_20260728_153147,/pf/pose/odom,1785220313733796446,1785220313729364407,LOC_UNKNOWN,0.004432039,0.03598128,0,-9.717658798549337,0.3615934939398191,-0.08397633962871569,-0.08397633962871569,0.006506159168601755,-0.0006602059000568872,0.006539570242580976,0.0063943446277144045,0.1817492385646363,0.17771309491253243,,,1.8689e-05,,,0,14.371201975758936,0.5265981868702935,0.006499041844257647,-0.0007269347042424545,0.0,0.0007269347042424545,4.0528398323328926e-05,0,1,,,,,0.524175065,1.575903742413313,,,0.0,0.0,0.0,,,,,,,-9.648601083399763,0.34805186076702155,0.0,0.07037289144739141,-0.08397633962871569,,,no particle cloud; GT Frenet errors unavailable without explicit GT-to-reference projection
localization_features/1,/home/sungho/.local/share/Trash/files/frenet_jump_20260728_153147,/pf/pose/odom,1785220313765789149,1785220313762847014,LOC_UNKNOWN,0.002942135,0.031992703,0,-9.71302809410041,0.3613655905017787,-0.07915346771079577,-0.07915346771079577,0.004630704448926437,-0.00022790343804041102,0.004636309272511675,0.004822871917919913,0.14491771053266975,0.15074912294593906,,,0.001177184,,,0,14.375830097741533,0.526322777021908,0.004628121982596767,-0.0002754098483854772,0.0,0.0002754098483854772,8.18728991490783e-06,0,1,,,,,0.525594995,1.6234876568898942,,,0.0,0.0,0.0,,,,,,,-9.647715721339532,0.3480518162677621,0.0,0.06665555205690166,-0.07915346771079577,,,no particle cloud; GT Frenet errors unavailable without explicit GT-to-reference projection
localization_features/1,/home/sungho/.local/share/Trash/files/frenet_jump_20260728_153147,/pf/pose/odom,1785220313798499055,1785220313794333158,LOC_UNKNOWN,0.004165897,0.032709906,0,-9.707117811791706,0.3609793429625197,-0.07476436805722815,-0.07476436805722815,0.005910282308704495,-0.00038624753925897704,0.00592288984619577,0.004389099653567624,0.1810732762789282,0.13418258229074778,,,0.001201243,,,0,14.38173610534925,0.5258759009006492,0.005906007607716646,-0.00044687612125882126,0.0,0.00044687612125882126,1.688223847912465e-05,0,1,,,,,0.528287003,1.6282527248008667,,,0.0,0.0,0.0,,,,,,,-9.646830359279301,0.34805177176850266,0.0,0.06165791942169211,-0.07476436805722815,,,no particle cloud; GT Frenet errors unavailable without explicit GT-to-reference projection
localization_features/1,/home/sungho/.local/share/Trash/files/frenet_jump_20260728_153147,/pf/pose/odom,1785220313830575194,1785220313829606119,LOC_UNKNOWN,0.000969075,0.032076139,0,-9.699856704099783,0.3607366506301638,-0.07050994701824514,-0.07050994701824514,0.007261107691922675,-0.00024269233235590937,0.0072651623851007615,0.004254421038983005,0.22649740933909665,0.13263507303615954,,,0.000910576,,,0,14.38899434032242,0.5255587108060025,0.007258234973170019,-0.0003171900946467021,0.0,0.0003171900946467021,6.927411930742443e-06,0,1,,,,,0.524079996,0.6747252957737597,,,0.0,0.0,0.0,,,,,,,-9.645649876532326,0.34805171243615673,0.0,0.055671247623111465,-0.07050994701824514,,,no particle cloud; GT Frenet errors unavailable without explicit GT-to-reference projection
localization_features/1,/home/sungho/.local/share/Trash/files/frenet_jump_20260728_153147,/pf/pose/odom,1785220313864641654,1785220313861708692,LOC_UNKNOWN,0.002932962,0.03406646,0,-9.693192954657885,0.3606164579915887,-0.06661789674235764,-0.06661789674235764,0.006663749441898403,-0.00012019263857510065,0.006664833298348049,0.0038920502758875014,0.1956420860385273,0.1142487442454397,,,0.000250773,,,0,14.395656505539543,0.5253701438032791,0.006662165217123928,-0.00018856700272340543,0.0,0.00018856700272340543,2.66808122412112e-06,0,1,,,,,0.529003615,0.8740764078683769,,,0.0,0.0,0.0,,,,,,,-9.643993893831102,0.348051392475123,0.0,0.05077822818561717,-0.06661789674235764,,,no particle cloud; GT Frenet errors unavailable without explicit GT-to-reference projection
localization_features/1,/home/sungho/.local/share/Trash/files/frenet_jump_20260728_153147,/pf/pose/odom,1785220313898722444,1785220313894252275,LOC_UNKNOWN,0.004470169,0.03408079,0,-9.68653260913758,0.3604721279744907,-0.06301266534495503,-0.06301266534495503,0.00666034552030581,-0.00014433001709801552,0.00666190915606729,0.0036052313974026117,0.19547402381421586,0.10578485408943313,,,-0.000442192,,,0,14.402315019326313,0.525157475622565,0.006658513786769404,-0.00021266818071408178,0.0,0.00021266818071408178,3.3953692978854616e-06,0,1,,,,,0.529414837,0.6355463539242296,,,0.0,0.0,0.0,,,,,,,-9.642817273759768,0.3480513335297912,0.0,0.0454456453560956,-0.06301266534495503,,,no particle cloud; GT Frenet errors unavailable without explicit GT-to-reference projection
localization_features/1,/home/sungho/.local/share/Trash/files/frenet_jump_20260728_153147,/pf/pose/odom,1785220313935007102,1785220313931415324,LOC_UNKNOWN,0.003591778,0.036284658,0,-9.679475913535006,0.36024117439042846,-0.05953064438968611,-0.05953064438968611,0.007056695602573271,-0.00023095358406222122,0.007060473949060935,0.003482020955268922,0.1945856551565385,0.09596400096340779,,,0.000943262,,,0,14.409368973431016,0.5248541212520546,0.007053954104703664,-0.00030335437051043357,0.0,0.00030335437051043357,6.51984435727157e-06,0,1,,,,,0.53135691,0.510554527056744,,,0.0,0.0,0.0,,,,,,,-9.641937705712998,0.34805128961105286,0.0,0.03946783927988362,-0.05953064438968611,,,no particle cloud; GT Frenet errors unavailable without explicit GT-to-reference projection
localization_features/1,/home/sungho/.local/share/Trash/files/frenet_jump_20260728_153147,/pf/pose/odom,1785220313965868037,1785220313962499798,LOC_UNKNOWN,0.003368239,0.030860935,0,-9.671963377203845,0.36017451894157604,-0.05617868729273513,-0.05617868729273513,0.007512536331161002,-6.665544885242625e-05,0.007512832027662786,0.0033519570969509777,0.24344149092251371,0.10861489118689949,,,0.000274759,,,0,14.416880430224376,0.5247103787136371,0.007511456793359628,-0.00014374253841742402,0.0,0.00014374253841742402,1.3752343031581127e-06,0,1,,,,,0.527045822,0.3035137267714379,,,0.0,0.0,0.0,,,,,,,-9.641058137666228,0.34805124569231455,-9.507709303615621e-05,0.03319800574061259,-0.05608361019969898,,,no particle cloud; GT Frenet errors unavailable without explicit GT-to-reference projection
localization_features/1,/home/sungho/.local/share/Trash/files/frenet_jump_20260728_153147,/pf/pose/odom,1785220313996119899,1785220313993935664,LOC_UNKNOWN,0.002184235,0.030251862,0,-9.666028702129926,0.3598562213450438,-0.052856028609796143,-0.052856028609796143,0.005934675073918427,-0.00031829759653223544,0.005943204656828409,0.0033226586829389892,0.1964574827436542,0.1098331958191198,,,0.000938805,,,0,14.422811526587727,0.5243311986487781,0.005931096363351429,-0.00037918006485904154,0.0,0.00037918006485904154,1.2108293476979955e-05,0,1,,,,,0.529847142,0.19044583956424826,,,0.0,0.0,0.0,,,,,,,-9.639409880315734,0.34805092850056035,0.0,0.02911917948568872,-0.052856028609796143,,,no particle cloud; GT Frenet errors unavailable without explicit GT-to-reference projection
localization_features/1,/home/sungho/.local/share/Trash/files/frenet_jump_20260728_153147,/pf/pose/odom,1785220314036156330,1785220314031361998,LOC_UNKNOWN,0.004794332,0.040036431,0,-9.660537899878138,0.35952992644244935,-0.04974573683393241,-0.04974573683393241,0.005490802251788551,-0.0003262949025944484,0.005500488862974395,0.0031102917758637355,0.13738709284487408,0.07768653943863617,,,-0.000508368,,,0,14.42829869143443,0.5239485765416948,0.005487164846702086,-0.0003826221070832858,0.0,0.0003826221070832858,1.3324016272308475e-05,0,1,,,,,0.529349077,0.019007818447894467,,,0.0,0.0,0.0,,,,,,,-9.63823712292004,0.3480508699422426,-0.0001046688359747312,0.025081734211767473,-0.04964106799795768,,,no particle cloud; GT Frenet errors unavailable without explicit GT-to-reference projection
localization_features/1,/home/sungho/.local/share/Trash/files/frenet_jump_20260728_153147,/pf/pose/odom,1785220314063274914,1785220314057809494,LOC_UNKNOWN,0.00546542,0.027118584,0,-9.65191568690943,0.35941764913519336,-0.04675013568387288,-0.04675013568387288,0.008622212968708354,-0.00011227730725599239,0.008622943967780794,0.002995601150059528,0.3179717631193721,0.11046303708407222,,,-0.000213949,,,0,14.436919298286153,0.5237478274956117,0.008620606851723167,-0.00020074904608313737,0.0,0.00020074904608313737,2.3371160576268757e-06,0,1,,,,,0.526948543,0.12964268853336247,,,0.0,0.0,0.0,,,,,,,-9.63658886557444,0.34805053237995404,0.0,0.01908200187511588,-0.04675013568387288,,,no particle cloud; GT Frenet errors unavailable without explicit GT-to-reference projection
localization_features/1,/home/sungho/.local/share/Trash/files/frenet_jump_20260728_153147,/pf/pose/odom,1785220314099055616,1785220314096820818,LOC_UNKNOWN,0.002234798,0.035780702,0,-9.642356888898307,0.35934626288892907,-0.044055127592154776,-0.044055127592154776,0.00955879801112225,-7.138624626429335e-05,0.009559064567916171,0.002695008091718104,0.26715698780633684,0.0753201569862465,,,-0.00045102,,,0,14.446476860475116,0.5235783565019244,0.009557562188962976,-0.0001694709936872485,0.0,0.0001694709936872485,1.50237895319566e-06,0,1,,,,,0.500903379,0.11069857257000926,,,0.0,0.0,0.0,,,,,,,-9.635416108178747,0.3480504738216363,0.0,0.013257801011094972,-0.044055127592154776,,,no particle cloud; GT Frenet errors unavailable without explicit GT-to-reference projection
localization_features/1,/home/sungho/.local/share/Trash/files/frenet_jump_20260728_153147,/pf/pose/odom,1785220314132500352,1785220314129102727,LOC_UNKNOWN,0.003397625,0.033444736,0,-9.633485142854694,0.3592454300117214,-0.04131894125695427,-0.04131894125695427,0.008871746043613626,-0.00010083287720769052,0.008872319039095699,0.002736186335200508,0.2652829742502885,0.0818121672480987,,,-0.00022246,,,0,14.45534710470154,0.523386490676174,0.008870244226423907,-0.00019186582575037026,0.0,0.00019186582575037026,2.0748126717921866e-06,0,1,,,,,0.534348115,0.11956023170078728,,,0.0,0.0,0.0,,,,,,,-9.634536540131977,0.348050429902898,0.0,0.011244263589548009,-0.04131894125695427,,,no particle cloud; GT Frenet errors unavailable without explicit GT-to-reference projection
localization_features/1,/home/sungho/.local/share/Trash/files/frenet_jump_20260728_153147,/pf/pose/odom,1785220314167841097,1785220314162308584,LOC_UNKNOWN,0.005532513,0.035340745,0,-9.625236222721083,0.3590764881041333,-0.03859301331055283,-0.03859301331055283,0.008248920133610227,-0.0001689419075880938,0.008250649958568092,0.00272592794640144,0.2334599895550615,0.07713272446298004,,,5.7256e-05,,,0,14.463593856903476,0.5231329105928209,0.008246752201936047,-0.0002535800833531887,0.0,0.0002535800833531887,3.897756632044447e-06,0,1,,,,,0.502042833,0.10550300396819369,,,0.0,0.0,0.0,,,,,,,-9.633656972085207,0.34805038598415966,0.0,0.013873858432803657,-0.03859301331055283,,,no particle cloud; GT Frenet errors unavailable without explicit GT-to-reference projection
localization_features/1,/home/sungho/.local/share/Trash/files/frenet_jump_20260728_153147,/pf/pose/odom,1785220314203955184,1785220314199960325,LOC_UNKNOWN,0.003994859,0.036114087,0,-9.615504876408615,0.35902946282939074,-0.036046712512603975,-0.036046712512603975,0.009731346312468858,-4.702527474254037e-05,0.009731459933106947,0.002546300797948854,0.26946437641098187,0.07050713473523099,,,0.000993566,,,0,14.473324208291254,0.5229860286673681,0.009730351387778668,-0.00014688192545275758,0.0,0.00014688192545275758,1.108545328278726e-06,0,1,,,,,0.506140018,0.10870790667862534,,,0.0,0.0,0.0,,,,,,,-9.632484214689514,0.3480503274258419,0.0,0.02021977602909276,-0.03604671251260397,,,no particle cloud; GT Frenet errors unavailable without explicit GT-to-reference projection
localization_features/1,/home/sungho/.local/share/Trash/files/frenet_jump_20260728_153147,/pf/pose/odom,1785220314233869111,1785220314225196450,LOC_UNKNOWN,0.008672661,0.029913927,0,-9.606702241075384,0.35897058653683234,-0.03375916891251705,-0.03375916891251705,0.008802635333230668,-5.887629255840743e-05,0.008802832227622336,0.0022875436000869276,0.29427203682158937,0.0764708558688041,,,1.6245e-05,,,0,14.482125775987527,0.5228368264032514,0.008801567696272272,-0.00014920226411674342,0.0,0.00014920226411674342,1.2645313500637273e-06,0,1,,,,,0.500072665,0.11098755466139115,,,0.0,0.0,0.0,,,,,,,-9.631604646642744,0.3480502835071036,0.0,0.027191594681121426,-0.03375916891251705,,,no particle cloud; GT Frenet errors unavailable without explicit GT-to-reference projection
localization_features/1,/home/sungho/.local/share/Trash/files/frenet_jump_20260728_153147,/pf/pose/odom,1785220314264592367,1785220314262458643,LOC_UNKNOWN,0.002133724,0.030723256,0,-9.594397374421197,0.35898787535465443,-0.031573520233929564,-0.031573520233929564,0.012304866654186952,1.7288817822092017e-05,0.01230487879991281,0.0021856486785874836,0.40050699053227984,0.07113987783675935,,,0.001097053,,,0,14.494430172182321,0.5227278467627716,0.01230439619479462,-0.00010897964047973385,0.0,0.00010897964047973385,4.826051181894969e-07,0,1,,,,,0.530795921,0.12328896108860911,,,0.0,0.0,0.0,,,,,,,-9.630725078595974,0.3480502395883653,0.0,0.03793855514863644,-0.031573520233929564,,,no particle cloud; GT Frenet errors unavailable without explicit GT-to-reference projection
localization_features/1,/home/sungho/.local/share/Trash/files/frenet_jump_20260728_153147,/pf/pose/odom,1785220314298968991,1785220314296074416,LOC_UNKNOWN,0.002894575,0.034376624,0,-9.577535468102575,0.3590860351813574,-0.029454311513865905,-0.029454311513865905,0.01686190631862239,9.815982670297041e-05,0.016862192029791855,0.002119208720063659,0.490513321779121,0.06164679580122989,,,0.001648411,,,0,14.511292197971855,0.5226529713815001,0.016862025789533774,-7.487538127148863e-05,0.0,7.487538127148863e-05,1.6624025808015253e-07,0,1,,,,,0.500469936,0.1295961743660761,,,0.0,0.0,0.0,,,,,,,-9.629552321200281,0.34805018103004753,0.0,0.053174646994948095,-0.02945431151386591,,,no particle cloud; GT Frenet errors unavailable without explicit GT-to-reference projection
localization_features/1,/home/sungho/.local/share/Trash/files/frenet_jump_20260728_153147,/pf/pose/odom,1785220314327022734,1785220314322907536,LOC_UNKNOWN,0.004115198,0.028053743,0,-9.562573129368124,0.35916586555038466,-0.027378188300414257,-0.027378188300414257,0.014962338734450853,7.983036902725615e-05,0.014962551697229567,0.002076123213451648,0.5333531321374679,0.07400521254691925,,,0.001635011,,,0,14.526254568102924,0.5225792600992892,0.014962370131069491,-7.371128221089762e-05,0.0,7.371128221089762e-05,1.8156616007555804e-07,0,1,,,,,0.528523679,0.14455605804413246,,,0.0,0.0,0.0,,,,,,,-9.628965942502434,0.34805015175088866,0.0,0.0673168977980996,-0.027378188300414257,,,no particle cloud; GT Frenet errors unavailable without explicit GT-to-reference projection
localization_features/1,/home/sungho/.local/share/Trash/files/frenet_jump_20260728_153147,/pf/pose/odom,1785220314358947659,1785220314353956693,LOC_UNKNOWN,0.004990966,0.031924925,0,-9.547237630577476,0.3591083663770449,-0.025221846512169525,-0.025221846512169525,0.015335498790648217,-5.7499173339747855e-05,0.015335606584446135,0.0021563417882447325,0.4803646863523136,0.06754414578091358,,,0.003770633,,,0,14.541588669422707,0.5223643972882639,0.015334101319782079,-0.00021486281102534033,0.0,0.00021486281102534033,1.505264664056899e-06,0,1,,,,,0.528372465,0.15262775931139316,,,0.0,0.0,0.0,,,,,,,-9.628086374455664,0.34805010783215035,0.0,0.08160149795638995,-0.025221846512169525,,,no particle cloud; GT Frenet errors unavailable without explicit GT-to-reference projection
localization_features/1,/home/sungho/.local/share/Trash/files/frenet_jump_20260728_153147,/pf/pose/odom,1785220314398825366,1785220314395538812,LOC_UNKNOWN,0.003286554,0.039877707,0,-9.522944370647103,0.35944095100730783,-0.023646479060132793,-0.023646479060132793,0.024293259930372457,0.00033258463026292207,0.02429553643328188,0.001575367452036732,0.609251089419005,0.03950496582054561,,,3.566e-05,,,0,14.56588406312395,0.5224476768327679,0.024295393701242674,8.327954450404462e-05,0.0,8.327954450404462e-05,1.4273203920514566e-07,0,1,,,,,0.500102922,0.16359148846548996,,,0.0,0.0,0.0,,,,,,,-9.625851738407324,0.3480497613612373,0.0,0.10353591425631027,-0.023646479060132793,,,no particle cloud; GT Frenet errors unavailable without explicit GT-to-reference projection
localization_features/1,/home/sungho/.local/share/Trash/files/frenet_jump_20260728_153147,/pf/pose/odom,1785220314429005246,1785220314425042036,LOC_UNKNOWN,0.00396321,0.03017988,0,-9.506634884789836,0.35947228707049983,-0.021308443931541667,-0.021308443931541667,0.016309485857266992,3.133606319200011e-05,0.016309515960850843,0.0023380351285911265,0.5404102322756368,0.07746999420114084,,,0.001232241,,,0,14.582193011819575,0.5223116499209496,0.016308948695625602,-0.00013602691181835436,0.0,0.00013602691181835436,5.672652252410038e-07,0,1,,,,,0.530282802,0.17990050279899122,,,0.0,0.0,0.0,,,,,,,-9.625265359709477,0.3480497320820784,0.0,0.1191791271243546,-0.021308443931541667,,,no particle cloud; GT Frenet errors unavailable without explicit GT-to-reference projection
localization_features/1,/home/sungho/.local/share/Trash/files/frenet_jump_20260728_153147,/pf/pose/odom,1785220314475841804,1785220314464239413,LOC_UNKNOWN,0.011602391,0.046836558,0,-9.484755544742075,0.35978158611547784,-0.019917823789857143,-0.019917823789857143,0.02187934004776082,0.0003092990449780064,0.02188152615392205,0.0013906201416845239,0.4671890311393517,0.029690912421116083,,,-0.002022203,,,0,14.604074373787586,0.5223964157724041,0.021881361968011603,8.476585145456017e-05,0.0,8.476585145456017e-05,1.6418591044717323e-07,0,1,,,,,0.509973767,0.18720824482709045,,,0.0,0.0,0.0,,,,,,,-9.62303072366603,0.34804936524063096,0.0,0.13877200767124448,-0.019917823789857143,,,no particle cloud; GT Frenet errors unavailable without explicit GT-to-reference projection
localization_features/1,/home/sungho/.local/share/Trash/files/frenet_jump_20260728_153147,/pf/pose/odom,1785220314492236855,1785220314491146543,LOC_UNKNOWN,0.001090312,0.016395051,0,-9.460481798702402,0.3601375848270344,-0.018298612646277277,-0.018298612646277277,0.024273746039673583,0.00035599871155655993,0.024276356437513413,0.0016192111435798656,1.4807124685073205,0.09876219010113879,,,0.001569188,,,0,14.628350494891368,0.5225033084090416,0.024276121103781634,0.00010689263663743453,0.0,0.00010689263663743453,2.353337317795301e-07,0,1,,,,,0.526368818,0.21148158172661494,,,0.0,0.0,0.0,,,,,,,-9.622444344968184,0.3480493359614721,0.0,0.16241302950666028,-0.018298612646277277,,,no particle cloud; GT Frenet errors unavailable without explicit GT-to-reference projection
localization_features/1,/home/sungho/.local/share/Trash/files/frenet_jump_20260728_153147,/pf/pose/odom,1785220314526733887,1785220314524700659,LOC_UNKNOWN,0.002033228,0.034497032,0,-9.43883737286726,0.3603595639742213,-0.016994227336968402,-0.016994227336968402,0.02164442583514159,0.00022197914718691258,0.021645564083080177,0.0013043853093088753,0.6274616344698923,0.03781152272198012,,,0.001342596,,,0,14.649996058974002,0.5225031695545491,0.021645564082634294,-1.388544924596502e-07,0.0,1.388544924596502e-07,4.4588291392422263e-13,0,1,,,,,0.530613988,0.22719188684004463,,,0.0,0.0,0.0,,,,,,,-9.621583947126933,0.3480492653706447,0.0,0.18316073229640473,-0.0169942273369684,,,no particle cloud; GT Frenet errors unavailable without explicit GT-to-reference projection
localization_features/1,/home/sungho/.local/share/Trash/files/frenet_jump_20260728_153147,/pf/pose/odom,1785220314561367785,1785220314558295186,LOC_UNKNOWN,0.003072599,0.034633898,0,-9.412963634289685,0.3604480215615393,-0.01524737298565589,-0.01524737298565589,0.025873738577574912,8.845758731801379e-05,0.02587388978730184,0.0017468543513125111,0.7470683717813639,0.05043770560600805,,,0.001507825,,,0,14.675869342975163,0.5223261166792893,0.025873284001161068,-0.00017705287525981994,0.0,0.00017705287525981994,6.057861407712806e-07,0,1,,,,,0.525211455,0.2475759678973495,,,0.0,0.0,0.0,,,,,,,-9.620449530142277,0.34804915346814874,0.0,0.20785602927928276,-0.01524737298565589,,,no particle cloud; GT Frenet errors unavailable without explicit GT-to-reference projection
localization_features/1,/home/sungho/.local/share/Trash/files/frenet_jump_20260728_153147,/pf/pose/odom,1785220314613141968,1785220314604132989,LOC_UNKNOWN,0.009008979,0.051774183,0,-9.383988777520145,0.3606272805506571,-0.013737118725208594,-0.013737118725208594,0.02897485676954048,0.00017925898911780314,0.028975411275779423,0.0015102542604472965,0.5596498022147336,0.029170025926769264,,,2.0606e-05,,,0,14.704844513656768,0.5222080380086117,0.028975170681604823,-0.00011807867067759048,0.0,0.00011807867067759048,2.4059417460045585e-07,0,1,,,,,0.514086352,0.25837128707224477,,,0.0,0.0,0.0,,,,,,,-9.619668346649975,0.34804909491771674,-2.5463082945510046e-05,0.23601497846331554,-0.013711655642263084,,,no particle cloud; GT Frenet errors unavailable without explicit GT-to-reference projection
localization_features/1,/home/sungho/.local/share/Trash/files/frenet_jump_20260728_153147,/pf/pose/odom,1785220314630882485,1785220314622000968,LOC_UNKNOWN,0.008881517,0.017740517,0,-9.354325201948583,0.36089308679477644,-0.012593255011840897,-0.012593255011840897,0.029663575571561296,0.0002658062441193154,0.029664766451956787,0.0011438637133676965,1.6721477988469438,0.06447747342243162,,,2.082e-05,,,0,14.734509254991094,0.5221694346832401,0.02966474133432584,-3.860332537164446e-05,0.0,3.860332537164446e-05,2.5117630947368852e-08,0,1,,,,,0.531826869,0.28803584039369035,,,0.0,0.0,0.0,,,,,,,-9.617986909018086,0.34804858507776376,0.0,0.2639743870135178,-0.012593255011840897,,,no particle cloud; GT Frenet errors unavailable without explicit GT-to-reference projection
localization_features/1,/home/sungho/.local/share/Trash/files/frenet_jump_20260728_153147,/pf/pose/odom,1785220314656005686,1785220314654017711,LOC_UNKNOWN,0.001987975,0.025123201,0,-9.324754413650048,0.36099274490988265,-0.011150355798747853,-0.011150355798747853,0.029570788298535433,9.965811510620481e-05,0.029570956229664044,0.0014428992130930442,1.1770377600236548,0.05743293671427634,,,0.000992942,,,0,14.764079508993111,0.5219656441221512,0.029570254002017293,-0.00020379056108887905,0.0,0.00020379056108887905,7.022276467504029e-07,0,1,,,,,0.523505334,0.30873567378031586,,,0.0,0.0,0.0,,,,,,,-9.617419700525575,0.3480485314407152,-0.00019782707325279936,0.29295140007221343,-0.010952528725495054,,,no particle cloud; GT Frenet errors unavailable without explicit GT-to-reference projection
localization_features/1,/home/sungho/.local/share/Trash/files/frenet_jump_20260728_153147,/pf/pose/odom,1785220314689226001,1785220314686807987,LOC_UNKNOWN,0.002418014,0.033220315,0,-9.287730025205661,0.36111364429051895,-0.009843666145193707,-0.009843666145193707,0.0370243884443866,0.0001208993806363079,0.03702458583618548,0.0013066896535541463,1.1145163986610447,0.039334053682337035,,,0.000942971,,,0,14.801103188666676,0.5217066078883457,0.03702367967356501,-0.00025903623380552077,0.0,0.00025903623380552077,9.061626204676099e-07,0,1,,,,,0.521384904,0.337512345502571,,,0.0,0.0,0.0,,,,,,,-9.614481383764025,0.3480475385785075,0.0,0.3270124973731333,-0.009843666145193707,,,no particle cloud; GT Frenet errors unavailable without explicit GT-to-reference projection
localization_features/1,/home/sungho/.local/share/Trash/files/frenet_jump_20260728_153147,/pf/pose/odom,1785220314721846631,1785220314717614413,LOC_UNKNOWN,0.004232218,0.03262063,0,-9.245172782600784,0.3612807999819357,-0.00848451849809862,-0.00848451849809862,0.04255724260487703,0.0001671556914167316,0.042557570879404455,0.0013591476470950874,1.304621366276631,0.04166527890770618,,,0.000694737,,,0,14.843659905850906,0.5214370496258139,0.0425567171842296,-0.00026955826253172166,0.0,0.00026955826253172166,8.536951748572275e-07,0,1,,,,,0.517891447,0.37033893695244363,,,0.0,0.0,0.0,,,,,,,-9.612728621141844,0.3480470027855989,-0.0005961747845193661,0.367794001900324,-0.007888343713579254,,,no particle cloud; GT Frenet errors unavailable without explicit GT-to-reference projection
localization_features/1,/home/sungho/.local/share/Trash/files/frenet_jump_20260728_153147,/pf/pose/odom,1785220314758894911,1785220314757909379,LOC_UNKNOWN,0.000985532,0.03704828,0,-9.20540831805376,0.36122390135276167,-0.006624704600829618,-0.006624704600829618,0.03976446454702476,-5.689862917401811e-05,0.03976450525488266,0.0018598138972690014,1.0733158261296518,0.05019973659422249,,,0.000893155,,,0,14.88342169286685,0.5209721071945559,0.03976178701594435,-0.000464942431258053,0.0,0.000464942431258053,2.718238938312356e-06,0,1,,,,,0.5250258,0.40130024929190494,,,0.0,0.0,0.0,,,,,,,-9.609133428162355,0.34804481335969195,0.0,0.40394016003923994,-0.006624704600829618,,,no particle cloud; GT Frenet errors unavailable without explicit GT-to-reference projection
localization_features/1,/home/sungho/.local/share/Trash/files/frenet_jump_20260728_153147,/pf/pose/odom,1785220314799818062,1785220314794824457,LOC_UNKNOWN,0.004993605,0.040923151,0,-9.162252386959521,0.36146172440122665,-0.005387263011966639,-0.005387263011966639,0.04315593109423865,0.00023782304846498015,0.04315658638508212,0.001237441588862979,1.05457632979147,0.030238179578668783,,,-0.001412029,,,0,14.926577792178309,0.5207670690700101,0.04315609931145836,-0.00020503812454575332,0.0,0.00020503812454575332,4.870736237602702e-07,0,1,,,,,0.500849071,0.415289876330904,,,0.0,0.0,0.0,,,,,,,-9.608423569670045,0.3480447556756546,-2.312967258724165e-05,0.44637287029017625,-0.005364133339379398,,,no particle cloud; GT Frenet errors unavailable without explicit GT-to-reference projection
localization_features/1,/home/sungho/.local/share/Trash/files/frenet_jump_20260728_153147,/pf/pose/odom,1785220314825176048,1785220314818352420,LOC_UNKNOWN,0.006823628,0.025357986,0,-9.0955327923695,0.3618117632119345,-0.004146006265651534,-0.004146006265651534,0.06671959459002075,0.00035003881070783116,0.06672051280847388,0.0012412567463151057,2.6311440036473672,0.048949342677100056,,,1.819e-05,,,0,14.993297465834905,0.5204324400472347,0.06671967365659626,-0.0003346290227754789,0.0,0.0003346290227754789,8.39151877624067e-07,0,1,,,,,0.526207057,0.48201038267566393,,,0.0,0.0,0.0,,,,,,,-9.606742132047856,0.3480442207491407,0.0,0.5113946951229014,-0.004146006265651534,,,no particle cloud; GT Frenet errors unavailable without explicit GT-to-reference projection
localization_features/1,/home/sungho/.local/share/Trash/files/frenet_jump_20260728_153147,/pf/pose/odom,1785220314853805490,1785220314849867575,LOC_UNKNOWN,0.003937915,0.028629442,0,-9.042979453847076,0.3619704861104847,-0.002578441247329047,-0.002578441247329047,0.05255333852242394,0.00015872289855023425,0.05255357821129797,0.0015675650183224867,1.8356480091822245,0.05475360009889423,,,0.001129909,,,0,15.045849666092906,0.5200518735561663,0.05255220025800078,-0.00038056649106832374,0.0,0.00038056649106832374,1.3779532971880393e-06,0,1,,,,,0.526782756,0.5196012447425022,,,0.0,0.0,0.0,,,,,,,-9.606103598555537,0.34804416393149806,-2.5463082945510046e-05,0.5632963206013937,-0.0025529781643835367,,,no particle cloud; GT Frenet errors unavailable without explicit GT-to-reference projection
localization_features/1,/home/sungho/.local/share/Trash/files/frenet_jump_20260728_153147,/pf/pose/odom,1785220314888055213,1785220314881867267,LOC_UNKNOWN,0.006187946,0.034249723,0,-8.981692263037433,0.3625036095507863,-0.0017613774210922045,-0.0017613774210922045,0.06128719080964373,0.0005331234403015972,0.06128950952602148,0.0008170638262368424,1.789489203343965,0.023856071076453447,,,1.3083e-05,,,0,15.10713910073374,0.5199560646463014,0.06128943464083392,-9.580890986493618e-05,0.0,9.580890986493618e-05,7.488518756482154e-08,0,1,,,,,0.529107554,0.5655555590940745,,,0.0,0.0,0.0,,,,,,,-9.605040506570873,0.3480440528953968,-0.00018860438548376005,0.6235159272182996,-0.0015727730356084443,,,no particle cloud; GT Frenet errors unavailable without explicit GT-to-reference projection
localization_features/1,/home/sungho/.local/share/Trash/files/frenet_jump_20260728_153147,/pf/pose/odom,1785220314921811232,1785220314917346992,LOC_UNKNOWN,0.00446424,0.033756019,0,-8.9120769654037,0.36297371977606496,-0.0005648213621860853,-0.000564821362186085,0.06961529763373164,0.00047011022527865265,0.06961688493646462,0.0011965560589061194,2.0623547147684866,0.03544719117814572,,,0.001003752,,,0,15.176755557094943,0.5197117861866571,0.06961645636120295,-0.00024427845964425376,0.0,0.00024427845964425376,4.2857526166839577e-07,0,1,,,,,0.522985866,0.6108776205132911,,,0.0,0.0,0.0,,,,,,,-9.603216418938818,0.34804354363685386,0.0,0.6913006975205274,-0.0005648213621860854,,,no particle cloud; GT Frenet errors unavailable without explicit GT-to-reference projection
localization_features/1,/home/sungho/.local/share/Trash/files/frenet_jump_20260728_153147,/pf/pose/odom,1785220314955818290,1785220314952793386,LOC_UNKNOWN,0.003024904,0.034007058,0,-8.803721856163188,0.364129975126916,-6.611724229910296e-05,-6.611724229910274e-05,0.10835510924051306,0.0011562553508510098,0.10836127825454944,0.0004987041198869823,3.1864349528427143,0.014664724007792214,,,0.00316818,,,0,15.28511682629487,0.5197560845007464,0.10836126919992672,4.429831408925278e-05,0.0,4.429831408925278e-05,9.054622718274175e-09,0,1,,,,,0.526813044,0.7029284599951251,,,0.0,0.0,0.0,,,,,,,-9.601463656306937,0.3480430329305062,0.0,0.7979039850795455,-6.611724229910296e-05,,,no particle cloud; GT Frenet errors unavailable without explicit GT-to-reference projection
localization_features/1,/home/sungho/.local/share/Trash/files/frenet_jump_20260728_153147,/pf/pose/odom,1785220314994158708,1785220314985107876,LOC_UNKNOWN,0.009050832,0.038340418,0,-8.687199721506296,0.3652437349769416,0.001284563100665468,0.0012845631006654682,0.11652213465689165,0.001113759850025653,0.11652745739096138,0.001350680342964571,3.0392850018213515,0.035228628518462445,,,0.000845154,,,0,15.401644254833096,0.5196740828510006,0.11652742853822673,-8.200164974581092e-05,0.0,8.200164974581092e-05,2.8852734645923306e-08,0,1,,,,,0.501921853,0.7732989355236932,,,0.0,0.0,0.0,,,,,,,-9.597868463327448,0.34804084350459924,-0.00122902808134231,0.9108312120284022,0.002513591182007778,,,no particle cloud; GT Frenet errors unavailable without explicit GT-to-reference projection
localization_features/1,/home/sungho/.local/share/Trash/files/frenet_jump_20260728_153147,/pf/pose/odom,1785220315022380567,1785220315021370970,LOC_UNKNOWN,0.001009597,0.028221859,0,-8.598719968693825,0.3657314308908548,0.0029076316308821325,0.002907631630882133,0.08847975281247145,0.00048769591391317757,0.08848109687984489,0.0016230685302166645,3.1351973262939516,0.057511042423415995,,,0.001811896,,,0,15.490124353587554,0.5192538097706451,0.08848009875445761,-0.0004202730803555266,0.0,0.0004202730803555266,9.981253872720641e-07,0,1,,,,,0.530143712,0.861779985131656,,,0.0,0.0,0.0,,,,,,,-9.5922651118785,0.3480288723428072,-2.312967258724165e-05,0.9937028389438187,0.0029307613034693742,,,no particle cloud; GT Frenet errors unavailable without explicit GT-to-reference projection
localization_features/1,/home/sungho/.local/share/Trash/files/frenet_jump_20260728_153147,/pf/pose/odom,1785220315053404572,1785220315051458334,LOC_UNKNOWN,0.001946238,0.031024005,0,-8.44036818689876,0.36732600368319257,0.002715420751160721,0.0027154207511607214,0.15835178179506393,0.0015945727923377673,0.15835981011627162,-0.00019221087972141155,5.104428332714349,-0.006195553401999889,,,0.001425574,,,0,15.648484160775752,0.5192233568841292,0.15835980718819798,-3.0452886515819344e-05,0.0,3.0452886515819344e-05,2.9280736446590794e-09,0,1,,,,,0.526670685,0.9984934885169839,,,0.0,0.0,0.0,,,,,,,-9.588741243899003,0.34802668378329493,-0.00122902808134231,1.1485352157390212,0.00394444883250303,,,no particle cloud; GT Frenet errors unavailable without explicit GT-to-reference projection
localization_features/1,/home/sungho/.local/share/Trash/files/frenet_jump_20260728_153147,/pf/pose/odom,1785220315089682674,1785220315085229370,LOC_UNKNOWN,0.004453304,0.036278102,0,-8.344286821553533,0.36781556182142144,0.0046935987767100645,0.0046935987767100645,0.09608136534522771,0.0004895581382288738,0.09608261254656761,0.0019781780255493436,2.648501637339451,0.05452815655982619,,,0.003205636,,,0,15.744565490935722,0.5187269412671313,0.09608133015997034,-0.0004964156169979805,0.0,0.0004964156169979805,1.2823865972733106e-06,0,1,,,,,0.528314889,1.0687022086294113,,,0.0,0.0,0.0,,,,,,,-9.582642008956004,0.3480146707243767,-0.0001377958051967061,1.2385134821449646,0.00483139458190677,,,no particle cloud; GT Frenet errors unavailable without explicit GT-to-reference projection
localization_features/1,/home/sungho/.local/share/Trash/files/frenet_jump_20260728_153147,/pf/pose/odom,1785220315125891663,1785220315120488545,LOC_UNKNOWN,0.005403118,0.036208989,0,-8.163464891648252,0.36998121944771317,0.004135961181131408,0.004135961181131408,0.18082192990528156,0.002165657626291728,0.1808348982017157,-0.0005576375955786564,4.994199042721566,-0.015400529287869828,,,-0.000176382,,,0,15.92540012338696,0.519036963605046,0.18083463245123887,0.00031002233791477263,0.0,0.00031002233791477263,2.657504768188712e-07,0,1,,,,,0.512749695,1.2205597290410315,,,0.0,0.0,0.0,,,,,,,-9.57714595221817,0.34801026413323527,-0.001477551077069062,1.4138517828582748,0.00561351225820047,,,no particle cloud; GT Frenet errors unavailable without explicit GT-to-reference projection
localization_features/1,/home/sungho/.local/share/Trash/files/frenet_jump_20260728_153147,/pf/pose/odom,1785220315157246628,1785220315155993151,LOC_UNKNOWN,0.001253477,0.031354965,0,-7.849102142815244,0.3739241741919493,0.0027948124540407063,0.0027948124540407063,0.3143627488330072,0.003942954744236116,0.3143874754915651,-0.0013411487270907018,10.02672066422543,-0.04277308959173457,,,0.000775355,,,0,16.23978678153743,0.5197538477934426,0.3143866581504682,0.0007168841883965493,0.0,0.0007168841883965493,8.17341096914781e-07,0,1,,,,,0.501240942,1.4757089300682535,,,0.0,0.0,0.0,,,,,,,-9.56627841052099,0.34797978345469494,-0.0041118683682193295,1.717372250207439,0.006906680822260036,,,no particle cloud; GT Frenet errors unavailable without explicit GT-to-reference projection
localization_features/1,/home/sungho/.local/share/Trash/files/frenet_jump_20260728_153147,/pf/pose/odom,1785220315186264155,1785220315183078587,LOC_UNKNOWN,0.003185568,0.029017527,0,-7.738680221226362,0.37368864538207563,0.008440975019351454,0.008440975019351454,0.1104219215888822,-0.000235528809873653,0.11042217277884696,0.005646162565310748,3.805361248697966,0.1945776621595199,,,7.2173e-05,,,0,16.350200472340624,0.5183852264368309,0.11041369080319541,-0.0013686213566116434,0.0,0.0013686213566116434,8.481975651550289e-06,0,1,,,,,0.530258469,1.586125004456221,,,0.0,0.0,0.0,,,,,,,-9.561024290008108,0.3479579862275827,-8.25867297049816e-05,1.8225257122588239,0.008523561749056434,,,no particle cloud; GT Frenet errors unavailable without explicit GT-to-reference projection
localization_features/1,/home/sungho/.local/share/Trash/files/frenet_jump_20260728_153147,/pf/pose/odom,1785220315218931887,1785220315214441728,LOC_UNKNOWN,0.004490159,0.032667732,0,-7.498264330627064,0.37616911785323937,0.010057333360988466,0.010057333360988466,0.2404158905992979,0.0024804724711637305,0.240428686300811,0.0016163583416370123,7.3598218052239135,0.04947874378414187,,,-0.000113272,,,0,16.590629158274037,0.5183985180040321,0.24042868593341282,1.3291567201201282e-05,0.0,1.3291567201201282e-05,3.67398167444577e-10,0,1,,,,,0.529705886,1.7895290272465152,,,0.0,0.0,0.0,,,,,,,-9.55552823187852,0.34795535293092494,0.0,2.057457357012158,0.010057333360988466,,,no particle cloud; GT Frenet errors unavailable without explicit GT-to-reference projection
localization_features/1,/home/sungho/.local/share/Trash/files/frenet_jump_20260728_153147,/pf/pose/odom,1785220315254890813,1785220315250125174,LOC_UNKNOWN,0.004765639,0.035958926,0,-7.294552160947201,0.37830724374558067,0.011411863451337097,0.011411863451337097,0.2037121696798634,0.0021381258923413027,0.20372339006115364,0.001354530090348631,5.66544701755424,0.03766881386692781,,,-0.000364724,,,0,16.79435254277392,0.5184461197063823,0.20372338449988447,4.760170235018624e-05,0.0,4.760170235018624e-05,5.561269167397853e-09,0,1,,,,,0.533044182,1.9506949298666487,,,0.0,0.0,0.0,,,,,,,-9.551933038125414,0.34795454391099917,-0.0003382413894430731,2.2575849288647207,0.01175010484078017,,,no particle cloud; GT Frenet errors unavailable without explicit GT-to-reference projection
localization_features/1,/home/sungho/.local/share/Trash/files/frenet_jump_20260728_153147,/pf/pose/odom,1785220315306693078,1785220315300097864,LOC_UNKNOWN,0.006595214,0.051802265,0,-6.967437713724523,0.3821619536041265,0.013349772333641537,0.013349772333641537,0.32711444722267746,0.0038547098585458572,0.3271371583447704,0.00193790888230444,6.315113023431898,0.03740973261119837,,,-6.5608e-05,,,0,17.121489322384253,0.5189439109013636,0.3271367796103313,0.0004977911949812786,0.0,0.0004977911949812786,3.787344391437131e-07,0,1,,,,,0.506875016,2.1949122873902507,,,0.0,0.0,0.0,,,,,,,-9.533910420008134,0.3479406484742537,0.0,2.566700849305098,0.013349772333641537,,,no particle cloud; GT Frenet errors unavailable without explicit GT-to-reference projection
localization_features/1,/home/sungho/.local/share/Trash/files/frenet_jump_20260728_153147,/pf/pose/odom,1785220315323162520,1785220315311346846,LOC_UNKNOWN,0.011815674,0.016469442,0,-6.870911309200048,0.38320903400763334,0.01426010758071898,0.01426010758071898,0.09652640452447514,0.001047080403506817,0.0965320835152439,0.0009103352470774419,5.861284402667916,0.05527420097641692,,,-0.000773239,,,0,17.218021389358704,0.5190004213837851,0.09653206697445071,5.651048242150125e-05,0.0,5.651048242150125e-05,1.65407931795869e-08,0,1,,,,,0.523344458,2.291444278201645,,,0.0,0.0,0.0,,,,,,,-9.53334321151195,0.34794064182154893,-3.204394507097043e-05,2.662665486676004,0.01429215152578995,,,no particle cloud; GT Frenet errors unavailable without explicit GT-to-reference projection
localization_features/1,/home/sungho/.local/share/Trash/files/frenet_jump_20260728_153147,/pf/pose/odom,1785220315352933226,1785220315349784586,LOC_UNKNOWN,0.00314864,0.029770706,0,-6.627746114263263,0.3868397688002008,0.014124701139766521,0.014124701139766521,0.24316519493678523,0.0036307347925674804,0.24319229894011596,-0.00013540644095245795,8.168845540314562,-0.004548311382083379,,,0.000400454,,,0,17.46121103839963,0.5201357024639202,0.2431896490409251,0.0011352810801350532,0.0,0.0011352810801350532,2.6498991908541214e-06,0,1,,,,,0.527757178,2.4679135904043203,,,0.0,0.0,0.0,,,,,,,-9.527847152711244,0.3479397157952586,-0.000293213846579899,2.900361916611588,0.014417914986346422,,,no particle cloud; GT Frenet errors unavailable without explicit GT-to-reference projection
localization_features/1,/home/sungho/.local/share/Trash/files/frenet_jump_20260728_153147,/pf/pose/odom,1785220315386294951,1785220315382143854,LOC_UNKNOWN,0.004151097,0.033361725,0,-6.293355080284197,0.39107576590489923,0.01605482545222402,0.01605482545222402,0.3343910339790659,0.004235997104698408,0.33441786327446654,0.0019301243124574992,10.023997957973291,0.057854451844366536,,,0.0015301,,,0,17.795627934257805,0.5209400914493973,0.33441689585817613,0.0008043889854771891,0.0,0.0008043889854771891,9.674162904094175e-07,0,1,,,,,0.532489461,2.7497784116184647,,,0.0,0.0,0.0,,,,,,,-9.516979566811534,0.34793375135368826,-0.0008243820106239814,3.2239131600522635,0.016879207462848003,,,no particle cloud; GT Frenet errors unavailable without explicit GT-to-reference projection
localization_features/1,/home/sungho/.local/share/Trash/files/frenet_jump_20260728_153147,/pf/pose/odom,1785220315422675661,1785220315417721732,LOC_UNKNOWN,0.004953929,0.03638071,0,-5.892499125149984,0.3972138581562864,0.017332452335140584,0.017332452335140584,0.40085595513421346,0.006138092251387173,0.40090294703712154,0.0012776268829165632,11.019657039049584,0.03511825038369409,,,0.00078861,,,0,18.196525770318917,0.5229644393853548,0.4008978360611124,0.0020243479359574046,0.0,0.0020243479359574046,5.110976009137236e-06,0,1,,,,,0.500864429,3.0197719649714614,,,0.0,0.0,0.0,,,,,,,-9.495381995955713,0.3478207854685267,-0.0016521341787243632,3.603221427608199,0.01898458651386495,,,no particle cloud; GT Frenet errors unavailable without explicit GT-to-reference projection
localization_features/1,/home/sungho/.local/share/Trash/files/frenet_jump_20260728_153147,/pf/pose/odom,1785220315448454674,1785220315442219525,LOC_UNKNOWN,0.006235149,0.025779013,0,-5.491907635614479,0.4035484397021603,0.018830216448403433,0.018830216448403433,0.40059148953550494,0.006334581545873907,0.40064157099786324,0.001497764113262849,15.54138519569633,0.05810013413868285,,,0.002421451,,,0,18.597161170999243,0.5251879801089822,0.40063540068032566,0.002223540723627404,0.0,0.002223540723627404,6.170317537579351e-06,0,1,,,,,0.526643442,3.4204099976944193,,,0.0,0.0,0.0,,,,,,,-9.481953112035828,0.34769233388445503,-0.0022535496103331058,3.9904364182965746,0.02108376605873654,,,no particle cloud; GT Frenet errors unavailable without explicit GT-to-reference projection
localization_features/1,/home/sungho/.local/share/Trash/files/frenet_jump_20260728_153147,/pf/pose/odom,1785220315482592434,1785220315479356996,LOC_UNKNOWN,0.003235438,0.03413776,0,-5.054205389477314,0.4086828212890226,0.031307498155463465,0.031307498155463465,0.4377022461371647,0.005134381586862302,0.4377323590366591,0.012477281707060032,12.822527284644893,0.3654979619945782,,,0.001721814,,,0,19.034893058377698,0.5258305685420961,0.4377318873784546,0.0006425884331139331,0.0,0.0006425884331139331,4.716582044927975e-07,0,1,,,,,0.526774144,3.749781152287379,,,0.0,0.0,0.0,,,,,,,-9.45007814642988,0.3475605420189836,-0.0022615774274668218,4.396297672853933,0.033569075582930284,,,no particle cloud; GT Frenet errors unavailable without explicit GT-to-reference projection
localization_features/1,/home/sungho/.local/share/Trash/files/frenet_jump_20260728_153147,/pf/pose/odom,1785220315513952850,1785220315510137688,LOC_UNKNOWN,0.003815162,0.031360416,0,-4.641977547735546,0.41166832004768633,0.059452406172535804,0.059452406172535804,0.4122278417417684,0.0029854987586637183,0.4122386526151016,0.02814490801707234,13.14519082320533,0.8974660290562579,,,0.002432006,,,0,19.44712983166395,0.5245857952888395,0.41223677328625286,-0.0012447732532565592,0.0,0.0012447732532565592,1.8793288487639614e-06,0,1,,,,,0.519794142,4.045488558538455,,,0.0,0.0,0.0,,,,,,,-9.420878740656068,0.347715389784297,-0.0007994407522311737,4.77932909402423,0.060251846924766976,,,no particle cloud; GT Frenet errors unavailable without explicit GT-to-reference projection
localization_features/1,/home/sungho/.local/share/Trash/files/frenet_jump_20260728_153147,/pf/pose/odom,1785220315551278950,1785220315546366245,LOC_UNKNOWN,0.004912705,0.0373261,0,-4.231675272191813,0.4156389511480534,0.10156971803920141,0.10156971803920141,0.41030227554373244,0.00397063110036705,0.4103214876504765,0.042117311866665605,10.992884004770831,1.1283609020676042,,,0.001304671,,,0,19.857451249164505,0.5243458618874348,0.41032141750055473,-0.00023993340140471275,0.0,0.00023993340140471275,7.014992176035406e-08,0,1,,,,,0.528898383,4.367329864095975,,,0.0,0.0,0.0,,,,,,,-9.373947759848448,0.34858193606579874,0.0046218685909237365,5.14270969242695,0.09694784944827767,,,no particle cloud; GT Frenet errors unavailable without explicit GT-to-reference projection
localization_features/1,/home/sungho/.local/share/Trash/files/frenet_jump_20260728_153147,/pf/pose/odom,1785220315583874346,1785220315581064431,LOC_UNKNOWN,0.002809915,0.032595396,0,-3.8534725539427805,0.4234958894358799,0.1459409261119532,0.1459409261119532,0.3782027182490326,0.00785693828782652,0.378284321073734,0.044371208072751786,11.605452533042827,1.3612722506194368,,,0.00038348,,,0,20.235714679168805,0.528321423683667,0.3782634300042993,0.003975561796232152,0.0,0.003975561796232152,2.089106943470309e-05,0,1,,,,,0.530469774,4.587239540692868,,,0.0,0.0,0.0,,,,,,,-9.332200654609096,0.34968423267746473,0.00992043198581155,5.479225288460419,0.13602049412614164,,,no particle cloud; GT Frenet errors unavailable without explicit GT-to-reference projection
localization_features/1,/home/sungho/.local/share/Trash/files/frenet_jump_20260728_153147,/pf/pose/odom,1785220315613702289,1785220315609870203,LOC_UNKNOWN,0.003832086,0.029827943,0,-3.5236794361907435,0.43700078638505047,0.1924079760667497,0.1924079760667497,0.329793117752037,0.013504896949170564,0.3300695120095412,0.0464670499547965,11.065781908244267,1.5578362193731061,,,0.000416493,,,0,20.566771111955457,0.5384426177020072,0.331056432786653,0.010121194018340218,0.0,0.010121194018340218,0.000986920777111766,0,1,,,,,0.524019615,4.821103832019405,,,0.0,0.0,0.0,,,,,,,-9.284499418835225,0.3511803115847722,0.01581987002988788,5.76145919245558,0.1765881060368618,,,no particle cloud; GT Frenet errors unavailable without explicit GT-to-reference projection
localization_features/1,/home/sungho/.local/share/Trash/files/frenet_jump_20260728_153147,/pf/pose/odom,1785220315647274944,1785220315642364449,LOC_UNKNOWN,0.004910495,0.033572655,0,-3.2079594824951774,0.46394497413150587,0.24767918257043714,0.24767918257043714,0.31571995369556616,0.026944187746455406,0.31686760392133284,0.05527120650368744,9.43826468062573,1.6463162208555577,,,-9.6025e-05,,,0,20.888458742913414,0.5606064493799278,0.3216876309579568,0.022163831677920576,0.0,0.022163831677920576,0.004820027036623986,0,1,,,,,0.521383281,4.956396175381832,,,0.0,0.0,0.0,,,,,,,-9.230561046529665,0.35316172539032653,0.022489491559980302,6.023620383732055,0.22518969101045685,,,no particle cloud; GT Frenet errors unavailable without explicit GT-to-reference projection
localization_features/1,/home/sungho/.local/share/Trash/files/frenet_jump_20260728_153147,/pf/pose/odom,1785220315681839303,1785220315680734348,LOC_UNKNOWN,0.001104955,0.034564359,0,-2.904715425701197,0.5180890526553189,0.32107898333034024,0.32107898333034024,0.3032440567939805,0.05414407852381303,0.3080398338203416,0.0733998007599031,8.912065570790466,2.123568985031752,,,0.0010263,,,0,21.180909273799934,0.606591329054677,0.2924505308865193,0.04598487967474929,0.0,0.04598487967474929,0.015589302933822324,0,1,,,,,0.524592675,4.9464879986265196,,,0.0,0.0,0.0,,,,,,,-9.149889252021543,0.35690473453849975,0.03477957136616705,6.24725351697556,0.28629941196417313,,,no particle cloud; GT Frenet errors unavailable without explicit GT-to-reference projection
localization_features/1,/home/sungho/.local/share/Trash/files/frenet_jump_20260728_153147,/pf/pose/odom,1785220315715185948,1785220315713167104,LOC_UNKNOWN,0.002018844,0.033346645,0,-2.5979377009252316,0.618543062896862,0.43409999797282606,0.43409999797282606,0.3067777247759653,0.1004540102415431,0.32280579392620257,0.11302101464248582,9.68030798679155,3.3892769315319673,,,0.002701407,,,0,21.479840761745518,0.7133024383056153,0.298931487945584,0.1067111092509383,0.0,0.1067111092509383,0.02387430598061857,0,1,,,,,0.528921793,5.14657044504479,,,0.0,0.0,0.0,,,,,,,-9.087838155450791,0.36070549736892293,0.046781988312258625,6.495020255537964,0.38731800966056745,,,no particle cloud; GT Frenet errors unavailable without explicit GT-to-reference projection
localization_features/1,/home/sungho/.local/share/Trash/files/frenet_jump_20260728_153147,/pf/pose/odom,1785220315746001369,1785220315743138816,LOC_UNKNOWN,0.002862553,0.030815421,0,-2.383085498064788,0.7224245807760608,0.5494045982077581,0.5494045982077581,0.2148522028604436,0.10388151787919875,0.23864793908783602,0.11530460023493207,7.744432214242214,3.741782409363548,,,0.001459905,,,0,21.724940565945104,0.8170641495880832,0.24509980419958666,0.1037617112824678,0.0,0.1037617112824678,0.006451865111750638,0,1,,,,,0.527069482,5.126884759256548,,,0.0,0.0,0.0,,,,,,,-9.025874763283092,0.36489650109617655,0.05645395728790862,6.652403742246792,0.4929506409198495,,,no particle cloud; GT Frenet errors unavailable without explicit GT-to-reference projection
localization_features/1,/home/sungho/.local/share/Trash/files/frenet_jump_20260728_153147,/pf/pose/odom,1785220315776122226,1785220315772176062,LOC_UNKNOWN,0.003946164,0.030120857,0,-2.219253418618995,0.7757688366527158,0.9516119871355645,0.9516119871355646,0.1638320794457928,0.05334425587665503,0.17229788127126408,0.40220738892780644,5.7202184277580175,13.353119034023715,,,0.000957411,,,0,21.932870787998848,0.8631428752321811,0.20793022205374356,0.046078725644097984,0.0,0.046078725644097984,0.03563234078247948,0,1,,,,,0.521231413,5.090838147271484,,,0.0,0.0,0.0,,,,,,,-8.966147689197335,0.36938394952279807,0.06551767847711834,6.759122056513732,0.8860943086584462,,,no particle cloud; GT Frenet errors unavailable without explicit GT-to-reference projection
localization_features/1,/home/sungho/.local/share/Trash/files/frenet_jump_20260728_153147,/pf/pose/odom,1785220315810829403,1785220315809795166,LOC_UNKNOWN,0.001034237,0.034707177,0,-2.213869820538755,0.7465483810127933,1.0314023403185093,1.0314023403185093,0.005383598080240137,-0.029220455639922482,0.02971225599132861,0.0797903531829448,0.8560839157655666,2.2989583158245575,,,0.001371404,,,0,21.936913197396,0.833463888144189,0.004042409397150948,-0.029678987087992104,0.0,0.029678987087992104,0.02566984659417766,0,1,,,,,0.504136325,4.7675135221209635,,,0.0,0.0,0.0,,,,,,,-8.926615186905732,0.3725851154930983,0.0,6.723153938267327,1.0314023403185093,,,no particle cloud; GT Frenet errors unavailable without explicit GT-to-reference projection
localization_features/1,/home/sungho/.local/share/Trash/files/frenet_jump_20260728_153147,/pf/pose/odom,1785220315847618814,1785220315844805065,LOC_UNKNOWN,0.002813749,0.036789411,0,-2.1686917654081466,0.7452946979289836,1.1816019382110972,1.1816019382110972,0.04517805513060846,-0.0012536830838096868,0.04519544652571682,0.15019959789258783,1.228490625351866,4.082685582886549,,,0.000585169,,,0,21.995922999229634,0.8269544170228126,0.05900980183363558,-0.006509471121376453,0.0,0.006509471121376453,0.01381435530791876,0,1,,,,,0.524456294,4.716139805607535,,,0.0,0.0,0.0,,,,,,,-8.923999936975664,0.3725856358722168,0.0003781848070191481,6.765582054619255,1.181223753404078,,,no particle cloud; GT Frenet errors unavailable without explicit GT-to-reference projection
localization_features/1,/home/sungho/.local/share/Trash/files/frenet_jump_20260728_153147,/pf/pose/odom,1785220315880918971,1785220315874745656,LOC_UNKNOWN,0.006173315,0.033300157,0,-2.0939480821399217,0.7580680852875503,1.441882028132283,1.441882028132283,0.07474368326822489,0.012773387358566701,0.07582728805062669,0.2602800899211859,2.277085001449894,7.816182065483533,,,0.001072026,,,0,22.09537440727497,0.8314791401431482,0.09945140804533636,0.004524723120335583,0.0,0.004524723120335583,0.023624119994709675,0,1,,,,,0.527985745,4.5489707692012615,,,0.0,0.0,0.0,,,,,,,-8.907643525329544,0.3726836105452534,0.0,6.82458546623276,1.441882028132283,,,no particle cloud; GT Frenet errors unavailable without explicit GT-to-reference projection
localization_features/1,/home/sungho/.local/share/Trash/files/frenet_jump_20260728_153147,/pf/pose/odom,1785220315916266254,1785220315912884601,LOC_UNKNOWN,0.003381653,0.035347283,0,-2.016513334324503,0.7627817772458777,1.6685534675931917,1.6685534675931917,0.0774347478154187,0.004713691958327382,0.07757808363910192,0.22667143946090862,2.1947396533731296,6.412697673564009,,,0.001369823,,,0,22.198195903324166,0.8269387602453185,0.1028214960491951,-0.004540379897829627,0.0,0.004540379897829627,0.02524341241009319,0,1,,,,,0.529971303,4.292964090095628,,,0.0,0.0,0.0,,,,,,,-8.90502827538758,0.3726840852391656,0.0,6.899551746494709,1.6685534675931917,,,no particle cloud; GT Frenet errors unavailable without explicit GT-to-reference projection
localization_features/1,/home/sungho/.local/share/Trash/files/frenet_jump_20260728_153147,/pf/pose/odom,1785220315947201068,1785220315945899275,LOC_UNKNOWN,0.001301793,0.030934814,0,-1.9435087328389207,0.7831803494205272,1.8975631412464917,1.8975631412464917,0.0730046014855823,0.020398572174649465,0.07580088116132337,0.22900967365330005,2.450342231290719,7.402975613601557,,,0.00271474,,,0,22.30383640774414,0.8327971104953614,0.10564050441997352,0.0058583502500428875,0.0,0.0058583502500428875,0.029839623258650153,0,1,,,,,0.524525407,3.967807360614161,,,0.0,0.0,0.0,,,,,,,-8.902413025457511,0.3726846056182841,0.0003781848070191481,6.971001055049784,1.8971849564394725,,,no particle cloud; GT Frenet errors unavailable without explicit GT-to-reference projection
localization_features/1,/home/sungho/.local/share/Trash/files/frenet_jump_20260728_153147,/pf/pose/odom,1785220315978459179,1785220315976343604,LOC_UNKNOWN,0.002115575,0.031258111,0,-1.8935179805170574,0.8020269426833481,2.057669362775538,2.057669362775538,0.04999075232186323,0.0188465932628209,0.053425362846873395,0.16010622152904608,1.709167993128996,5.1220696455088435,,,0.001681643,,,0,22.3780308391516,0.8422529388802867,0.0741944314074594,0.009455828384925313,0.0,0.009455828384925313,0.02076906856058601,0,1,,,,,0.530004505,3.6203857843122558,,,0.0,0.0,0.0,,,,,,,-8.898846775894086,0.37268618391305663,0.00021396135901040575,7.018473125864344,2.0574554014165276,,,no particle cloud; GT Frenet errors unavailable without explicit GT-to-reference projection
localization_features/1,/home/sungho/.local/share/Trash/files/frenet_jump_20260728_153147,/pf/pose/odom,1785220316012187739,1785220316009985441,LOC_UNKNOWN,0.002202298,0.03372856,0,-1.85404581627199,0.8246259039235435,2.1947811204878516,2.1947811204878516,0.0394721642450675,0.022598961240195448,0.04548367618525839,0.1371117577123138,1.3485211401037696,4.065153024982798,,,0.001351492,,,0,22.44033291364354,0.8568326847450305,0.06230207449194225,0.014579745864743754,0.0,0.014579745864743754,0.016818398306683857,0,1,,,,,0.529595305,3.227077616353408,,,0.0,0.0,0.0,,,,,,,-8.890715732656846,0.3726956016962223,3.2318697331816624e-05,7.051167599073712,2.19474880179052,,,no particle cloud; GT Frenet errors unavailable without explicit GT-to-reference projection
localization_features/1,/home/sungho/.local/share/Trash/files/frenet_jump_20260728_153147,/pf/pose/odom,1785220316049574131,1785220316045454437,LOC_UNKNOWN,0.004119694,0.037386392,0,-1.824900301539612,0.8501720648595213,2.324559815171706,2.324559815171706,0.02914551473237803,0.025546160935977835,0.03875651387292393,0.1297786946838544,1.0366476089194145,3.4712816011733465,,,0.002954066,,,0,22.493104699870084,0.8726524373854685,0.05277178622654333,0.015819752640438,0.0,0.015819752640438,0.0140152723536194,0,1,,,,,0.535621281,2.8510015337156287,,,0.0,0.0,0.0,,,,,,,-8.887339682852344,0.37269655514617595,0.0,7.078561497726285,2.324559815171706,,,no particle cloud; GT Frenet errors unavailable without explicit GT-to-reference projection
localization_features/1,/home/sungho/.local/share/Trash/files/frenet_jump_20260728_153147,/pf/pose/odom,1785220316082615648,1785220316079711928,LOC_UNKNOWN,0.00290372,0.033041517,0,-1.8009479033218652,0.8809572824240508,2.463361575867877,2.463361575867877,0.02395239821774675,0.030785217564529455,0.039005730359486034,0.1388017606961709,1.180506644397896,4.200828935795257,,,-0.00049129,,,0,22.541460772823264,0.8953258372089367,0.04835607295317956,0.022673399823468166,0.0,0.022673399823468166,0.00935034259369353,0,1,,,,,0.531336698,2.4748649844375143,,,0.0,0.0,0.0,,,,,,,-8.884724433019912,0.37269736257265873,0.0,7.101986909930787,2.463361575867877,,,no particle cloud; GT Frenet errors unavailable without explicit GT-to-reference projection
localization_features/1,/home/sungho/.local/share/Trash/files/frenet_jump_20260728_153147,/pf/pose/odom,1785220316118553173,1785220316117340478,LOC_UNKNOWN,0.001212695,0.035937525,0,-1.786567025886354,0.9254188817937792,2.6396687978659563,2.6396687978659563,0.014380877435511197,0.04446159936972838,0.0467294709399692,0.17630722199807947,1.3002974172531137,4.905936677555827,,,0.002164373,,,0,22.583081691638473,0.9340975234476767,0.041620918815208796,0.038771686238740055,0.0,0.038771686238740055,0.005108552124760406,0,1,,,,,0.504850884,1.8044699393329378,,,0.0,0.0,0.0,,,,,,,-8.879446384430778,0.3727007141319654,0.0,7.114382261850216,2.6396687978659563,,,no particle cloud; GT Frenet errors unavailable without explicit GT-to-reference projection
localization_features/1,/home/sungho/.local/share/Trash/files/frenet_jump_20260728_153147,/pf/pose/odom,1785220316147877948,1785220316141222420,LOC_UNKNOWN,0.006655528,0.029324775,0,-1.7772779447592417,0.9526143892931884,2.758074043563323,2.758074043563323,0.009289081127112242,0.027195507499409244,0.028738174199772978,0.11840524569736655,0.9799964091718684,4.037720517799934,,,0.001871442,,,0,22.610323342009817,0.9578255218025615,0.027241650371344406,0.023727998354884816,0.0,0.023727998354884816,0.0014965238284285719,0,1,,,,,0.500603004,1.5118357912593954,,,0.0,0.0,0.0,,,,,,,-8.878542934438121,0.3727008096953367,0.000224783680904123,7.124904505566441,2.757849259882419,,,no particle cloud; GT Frenet errors unavailable without explicit GT-to-reference projection
localization_features/1,/home/sungho/.local/share/Trash/files/frenet_jump_20260728_153147,/pf/pose/odom,1785220316186288249,1785220316180900480,LOC_UNKNOWN,0.005387769,0.038410301,0,-1.7778001895296798,0.9790021693067114,2.860842879726162,2.860842879726162,-0.0005222447704380517,0.026387780013522932,0.026392947422414388,0.10276883616283916,0.68713201238424,2.675554043766519,,,0.000401811,,,0,22.62265589621651,0.983451033812808,0.012332554206693658,0.025625512010246432,0.0,0.025625512010246432,0.01406039321572073,0,1,,,,,0.504448946,1.217529815083313,,,0.0,0.0,0.0,,,,,,,-8.873264885848988,0.3727041612546434,0.0,7.121321263029885,2.860842879726162,,,no particle cloud; GT Frenet errors unavailable without explicit GT-to-reference projection
localization_features/1,/home/sungho/.local/share/Trash/files/frenet_jump_20260728_153147,/pf/pose/odom,1785220316216254647,1785220316211002222,LOC_UNKNOWN,0.005252425,0.029966398,0,-1.7838336249015327,1.0074355043177112,2.969030865726202,2.969030865726202,-0.006033435371852969,0.02843333501099987,0.029066421902843108,0.10818798600003987,0.9699671579761807,3.6103099878750813,,,0.000982392,,,0,22.627697869851968,1.0125141994189666,0.005041973635456998,0.029063165606158625,0.0,0.029063165606158625,0.02402444826738611,0,1,,,,,0.501068699,0.9022210248008351,,,0.0,0.0,0.0,,,,,,,-8.872218785856367,0.37270425928834117,3.2318697331816624e-05,7.116747005722574,2.9689985470288702,,,no particle cloud; GT Frenet errors unavailable without explicit GT-to-reference projection
localization_features/1,/home/sungho/.local/share/Trash/files/frenet_jump_20260728_153147,/pf/pose/odom,1785220316240932941,1785220316238989584,LOC_UNKNOWN,0.001943357,0.024678294,0,-1.7917564492703146,1.0308825824013221,3.0609285589332442,3.0609285589332442,-0.007922824368781889,0.023447078083610906,0.02474947709826434,0.09189769320704233,1.0028844416175746,3.723826825591847,,,0.001342171,,,0,22.62722751565984,1.0372471666847036,-0.00047035419212804186,0.024732967265737038,0.00047035419212804186,0.024732967265737038,0.024279122906136298,0,1,,,,,0.525746993,0.9055120594807435,,,0.0,0.0,0.0,,,,,,,-8.869603536043867,0.3727051125878594,3.695683528626687e-05,7.108383569104787,3.060891602097958,,,no particle cloud; GT Frenet errors unavailable without explicit GT-to-reference projection
localization_features/1,/home/sungho/.local/share/Trash/files/frenet_jump_20260728_153147,/pf/pose/odom,1785220316272989168,1785220316270020936,LOC_UNKNOWN,0.002968232,0.032056227,0,-1.803781263620974,1.0531849240328812,-3.1346611701760225,3.1485241370035637,-0.012024814350659385,0.022302341631559086,0.025337533471484503,0.08759557807031927,0.7904090980976801,2.7325604498096197,,,0.000969212,,,0,22.61936020554441,1.0619314288999013,-0.007867310115429405,0.024684262215197705,0.007867310115429405,0.024684262215197705,0.0174702233560551,0,1,,,,,0.526987799,0.6670800557023895,,,0.0,0.0,0.0,,,,,,,-8.866988286211434,0.37270592001434216,0.0,7.095910450314411,-3.1346611701760225,,,no particle cloud; GT Frenet errors unavailable without explicit GT-to-reference projection
localization_features/1,/home/sungho/.local/share/Trash/files/frenet_jump_20260728_153147,/pf/pose/odom,1785220316310274449,1785220316306360337,LOC_UNKNOWN,0.003914112,0.037285281,0,-1.8179887435364979,1.0739548508750862,-3.051071543735087,3.232113763444499,-0.014207479915523846,0.020769926842205022,0.025164306995833646,0.08358962644093547,0.6749126282790693,2.2418934281582983,,,0.001422032,,,0,22.6067312842897,1.0857085892183143,-0.012628921254709269,0.023777160318412927,0.012628921254709269,0.023777160318412927,0.012535385741124377,0,1,,,,,0.534152223,0.49992823339644044,,,0.0,0.0,0.0,,,,,,,-8.865181386227505,0.37270612525586605,0.0,7.08199646416043,-3.051071543735087,,,no particle cloud; GT Frenet errors unavailable without explicit GT-to-reference projection
localization_features/1,/home/sungho/.local/share/Trash/files/frenet_jump_20260728_153147,/pf/pose/odom,1785220316342954486,1785220316338352736,LOC_UNKNOWN,0.00460175,0.032680037,0,-1.8351346651567044,1.0952598586332143,-2.9621781571081844,3.321007150071402,-0.01714592162020656,0.021305007758128047,0.027347504159980725,0.08889338662690262,0.8368259852331478,2.7201127901691975,,,0.001213379,,,0,22.588918159787717,1.1108016132661083,-0.017813124501984134,0.02509302404779401,0.017813124501984134,0.02509302404779401,0.00953437965799659,0,1,,,,,0.532125083,0.5148203692031652,,,0.0,0.0,0.0,,,,,,,-8.862566136395072,0.37270693268234883,0.0006373447846429904,7.064479868592705,-2.9628155018928273,,,no particle cloud; GT Frenet errors unavailable without explicit GT-to-reference projection
localization_features/1,/home/sungho/.local/share/Trash/files/frenet_jump_20260728_153147,/pf/pose/odom,1785220316374166846,1785220316372241080,LOC_UNKNOWN,0.001925766,0.03121236,0,-1.8532116509856724,1.114668148417019,-2.87849814459567,3.404687162583916,-0.018076985828967995,0.0194082897838046,0.026522803942887405,0.08368001251251432,0.8497532369512399,2.6809895987523635,,,0.001058097,,,0,22.56782503717996,1.134370303017087,-0.021093122607755532,0.02356868975097881,0.021093122607755532,0.02356868975097881,0.005429681335131872,0,1,,,,,0.526548032,0.48576171990128497,,,0.0,0.0,0.0,,,,,,,-8.858999887723588,0.3727096405999474,0.00021396135901040575,7.044967795904924,-2.8787121059546803,,,no particle cloud; GT Frenet errors unavailable without explicit GT-to-reference projection
localization_features/1,/home/sungho/.local/share/Trash/files/frenet_jump_20260728_153147,/pf/pose/odom,1785220316405850523,1785220316402693178,LOC_UNKNOWN,0.003157345,0.031683677,0,-1.8736646586157537,1.1321378112399132,-2.800088895922682,3.4830964112569043,-0.020453007630081288,0.017469662822894305,0.026898227455759587,0.07840924867298815,0.8489616737274397,2.4747521783216055,,,0.001517089,,,0,22.54075429837848,1.1568218898765383,-0.027070738801480587,0.022451586859451256,0.027070738801480587,0.022451586859451256,0.00017251134572100063,0,1,,,,,0.524931552,0.4341116752099669,,,0.0,0.0,0.0,,,,,,,-8.856384637890462,0.3727104409690395,0.000224783680904123,7.023895517423271,-2.800313679603586,,,no particle cloud; GT Frenet errors unavailable without explicit GT-to-reference projection
localization_features/1,/home/sungho/.local/share/Trash/files/frenet_jump_20260728_153147,/pf/pose/odom,1785220316442425284,1785220316437395005,LOC_UNKNOWN,0.005030279,0.036574761,0,-1.927401101023616,1.1592250019548693,-2.6458843762453363,3.63730093093425,-0.05373644240786235,0.027087190714956133,0.06017741389825516,0.1542045196773456,1.6453262373540913,4.216145655123915,,,-0.000282103,,,0,22.456231430679747,1.1986217773319305,-0.08452286769873396,0.041799887455392204,0.08452286769873396,0.041799887455392204,0.024345453800478804,0,1,,,,,0.52615903,0.40633510867452216,,,0.0,0.0,0.0,,,,,,,-8.848281421077905,0.3727200272595535,2.9747822982440414e-05,6.96542708523571,-2.6459141240683186,,,no particle cloud; GT Frenet errors unavailable without explicit GT-to-reference projection
localization_features/1,/home/sungho/.local/share/Trash/files/frenet_jump_20260728_153147,/pf/pose/odom,1785220316475857460,1785220316473337705,LOC_UNKNOWN,0.002519755,0.033432176,0,-1.943241473978339,1.17522454391229,-2.5809593340056067,3.7022259731739795,-0.01584037295472296,0.015999541957420593,0.022514501064691186,0.06492504223972961,0.6734380994133072,1.9419927150338527,,,-3.3496e-05,,,0,22.43394375372219,1.2188618979459511,-0.022287676957557068,0.020240120614020585,0.022287676957557068,0.020240120614020585,0.00022682410713411802,1,1,,,,,0.528656392,0.3920442855877301,,,0.0,0.0,0.0,,,,,,,-8.846756301726725,0.37272019417538255,0.00019323906389625507,6.9500021732578245,-2.581152573069503,,,no particle cloud; GT Frenet errors unavailable without explicit GT-to-reference projection
localization_features/1,/home/sungho/.local/share/Trash/files/frenet_jump_20260728_153147,/pf/pose/odom,1785220316505754233,1785220316503835923,LOC_UNKNOWN,0.00191831,0.029896773,0,-1.9698478316540313,1.184601336650643,-2.52236304629624,3.760822260883346,-0.026606357675692305,0.009376792738353013,0.028210326315462934,0.058596287709366646,0.943591012831483,1.9599535946360045,,,0.000914386,,,0,22.392361171163746,1.2327092424909698,-0.04158258255844416,0.01384734454501868,0.04158258255844416,0.01384734454501868,0.013372256242981224,1,1,,,,,0.527295054,0.39011461532995084,,,0.0,0.0,0.0,,,,,,,-8.842378183686746,0.37272327570206143,2.9747822982440414e-05,6.9203193152816675,-2.5223927941192223,,,no particle cloud; GT Frenet errors unavailable without explicit GT-to-reference projection
localization_features/1,/home/sungho/.local/share/Trash/files/frenet_jump_20260728_153147,/pf/pose/odom,1785220316541446469,1785220316538317662,LOC_UNKNOWN,0.003128807,0.035692236,0,-2.0118785797092817,1.1927763718698943,-2.456123443846978,3.827061863332608,-0.04203074805525042,0.008175035219251336,0.04281839538002256,0.06623960244926197,1.1996557284901554,1.855854658398593,,,0.000896211,,,0,22.323586641767147,1.2480020247940302,-0.0687745293965989,0.015292782303060415,0.0687745293965989,0.015292782303060415,0.025956134016576336,1,1,,,,,0.52925873,0.40055704745188186,,,0.0,0.0,0.0,,,,,,,-8.839196916725966,0.372724079749722,0.0006031092067185155,6.876391600016378,-2.456726553053697,,,no particle cloud; GT Frenet errors unavailable without explicit GT-to-reference projection
localization_features/1,/home/sungho/.local/share/Trash/files/frenet_jump_20260728_153147,/pf/pose/odom,1785220316579833383,1785220316573323142,LOC_UNKNOWN,0.006510241,0.038386914,0,-2.0994810393306347,1.202479264927914,-2.368533521473596,3.91465178570599,-0.08760245962135293,0.009702893058019635,0.08813817030893106,0.08758992237338203,2.2960473016646,2.281765144585002,,,0.000472358,,,0,22.174547767118085,1.2746495932159472,-0.14903887464906163,0.026647568421916956,0.14903887464906163,0.026647568421916956,0.06090070434013056,1,1,,,,,0.530259252,0.44667095807304596,,,0.0,0.0,0.0,,,,,,,-8.835786111343177,0.3727266034233061,0.0,6.787215592752,-2.368533521473596,,,no particle cloud; GT Frenet errors unavailable without explicit GT-to-reference projection
localization_features/1,/home/sungho/.local/share/Trash/files/frenet_jump_20260728_153147,/pf/pose/odom,1785220316615456431,1785220316610383225,LOC_UNKNOWN,0.005073206,0.035623048,0,-2.2461608732725797,1.208855913169866,-2.2329112286123562,4.05027407856723,-0.14667983394194506,0.006376648241952054,0.146818375307855,0.13562229286123983,4.121443378675935,3.807150159111591,,,0.001405051,,,0,21.944377585393344,1.2966524391974978,-0.23017018172474124,0.022002845981550667,0.23017018172474124,0.022002845981550667,0.08335180641688625,0,1,,,,,0.532840783,0.5529304663855269,,,0.0,0.0,0.0,,,,,,,-8.833249049312704,0.37272730370616086,0.0,6.639942898134842,-2.2329112286123562,,,no particle cloud; GT Frenet errors unavailable without explicit GT-to-reference projection
localization_features/1,/home/sungho/.local/share/Trash/files/frenet_jump_20260728_153147,/pf/pose/odom,1785220316638024287,1785220316635991910,LOC_UNKNOWN,0.002032377,0.022567856,0,-2.344676163367636,1.2178363150380627,-2.1363271296318014,4.146858177547784,-0.09851529009505633,0.008980401868196708,0.09892375852254813,0.09658409898055487,4.383391959012329,4.279719747438785,,,0.000978745,,,0,21.801570462916487,1.3101832897082701,-0.14280712247685656,0.013530850510772297,0.14280712247685656,0.013530850510772297,0.04388336395430843,0,1,,,,,0.519471114,0.6300744119588381,,,0.0,0.0,0.0,,,,,,,-8.830864109697593,0.3727277401698712,0.0,6.54101235119089,-2.1363271296318014,,,no particle cloud; GT Frenet errors unavailable without explicit GT-to-reference projection
localization_features/1,/home/sungho/.local/share/Trash/files/frenet_jump_20260728_153147,/pf/pose/odom,1785220316671957581,1785220316669894536,LOC_UNKNOWN,0.002063045,0.033933294,0,-2.478485984446616,1.2148126489688873,-2.005900718292504,4.277284588887081,-0.13380982107897976,-0.003023666069175368,0.13384397922090652,0.13042641133929722,3.9443261600511437,3.843611862122705,,,0.00144512,,,0,21.618768166744733,1.3108117946156752,-0.18280229617175436,0.0006285049074050697,0.18280229617175436,0.0006285049074050697,0.04895831695084785,0,1,,,,,0.524079633,0.7486258359816172,,,0.0,0.0,0.0,,,,,,,-8.828677159156301,0.37272806875928155,0.0,6.405781325926414,-2.005900718292504,,,no particle cloud; GT Frenet errors unavailable without explicit GT-to-reference projection
localization_features/1,/home/sungho/.local/share/Trash/files/frenet_jump_20260728_153147,/pf/pose/odom,1785220316703903732,1785220316697980711,LOC_UNKNOWN,0.005923021,0.031946151,0,-2.5690583197092933,1.213574625593396,-1.9169117448305586,4.3662735623490265,-0.0905723352626775,-0.0012380233754913927,0.09058079607076279,0.08898897346194556,2.8354212709619633,2.7855929642962485,,,0.001127516,,,0,21.508626311054538,1.308570739465431,-0.11014185569019475,-0.002241055150244309,0.11014185569019475,0.002241055150244309,0.019561059619431956,0,1,,,,,0.517615483,0.8252961079659269,,,0.0,0.0,0.0,,,,,,,-8.827890262462024,0.3727281031515243,1.129540722852655e-05,6.315061374359279,-1.916923040237787,,,no particle cloud; GT Frenet errors unavailable without explicit GT-to-reference projection
localization_features/1,/home/sungho/.local/share/Trash/files/frenet_jump_20260728_153147,/pf/pose/odom,1785220316745032181,1785220316739902889,LOC_UNKNOWN,0.005129292,0.041128449,0,-2.6601811992646085,1.2055776674028906,-1.828712113271507,4.454473193908078,-0.09112287955531517,-0.007996958190505277,0.09147311363867071,0.08819963155905164,2.2240837148677968,2.1444920414832964,,,1.6351e-05,,,0,21.40496998546933,1.2994923540681276,-0.10365632558520943,-0.009078385397303324,0.10365632558520943,0.009078385397303324,0.012183211946538722,0,1,,,,,0.50409924,0.8858216068297031,,,0.0,0.0,0.0,,,,,,,-8.825136146446027,0.3727284932935936,9.548363891224967e-05,6.220957100606883,-1.8288075969104192,,,no particle cloud; GT Frenet errors unavailable without explicit GT-to-reference projection
localization_features/1,/home/sungho/.local/share/Trash/files/frenet_jump_20260728_153147,/pf/pose/odom,1785220316774491820,1785220316773500341,LOC_UNKNOWN,0.000991479,0.029459639,0,-2.7464342157743054,1.1932250881950024,-1.7416952071784584,4.541490100001127,-0.08625301650969686,-0.012352579207888237,0.08713305383210893,0.08701690609304857,2.9577094896549454,2.953766884008612,,,0.001009426,,,0,21.326665438051812,1.2852045424410268,-0.0783045474175168,-0.0142878116271008,0.0783045474175168,0.0142878116271008,0.008828506414592124,0,1,,,,,0.501502652,0.952998339863163,,,0.0,0.0,0.0,,,,,,,-8.82298938282793,0.3727288064817017,0.00010666408777549304,6.131699344109385,-1.741801871266234,,,no particle cloud; GT Frenet errors unavailable without explicit GT-to-reference projection
localization_features/1,/home/sungho/.local/share/Trash/files/frenet_jump_20260728_153147,/pf/pose/odom,1785220316811506685,1785220316808506031,LOC_UNKNOWN,0.003000654,0.037014865,0,-2.9199133625006746,1.1452614576591669,-1.5691046567112505,4.714080650468334,-0.17347914672636922,-0.04796363053583552,0.1799875668013968,0.17259055046720784,4.862575260004238,4.66273618631887,,,0.001020396,,,0,21.168645161352384,1.2337855543655094,-0.1580202766994283,-0.05141898807551737,0.1580202766994283,0.05141898807551737,0.02196729010196849,0,1,,,,,0.501232236,1.1042293684060416,,,0.0,0.0,0.0,,,,,,,-8.816278728216822,0.37273273455908557,1.153190611986423e-05,5.946757532809924,-1.5691161886173703,,,no particle cloud; GT Frenet errors unavailable without explicit GT-to-reference projection
localization_features/1,/home/sungho/.local/share/Trash/files/frenet_jump_20260728_153147,/pf/pose/odom,1785220316836948580,1785220316833003068,LOC_UNKNOWN,0.003945512,0.025441895,0,-3.0368238164174866,1.1305615558248445,-1.4692233897920066,4.813961917387578,-0.11691045391681198,-0.014699901834322349,0.11783098637019777,0.09988126691924393,4.63137617579971,3.92585799600399,,,0.000974075,,,0,21.062285223098165,1.2223758242455214,-0.10635993825421863,-0.011409730119988026,0.10635993825421863,0.011409730119988026,0.01147104811597914,0,1,,,,,0.526674131,1.220148865479157,,,0.0,0.0,0.0,,,,,,,-8.814597290501823,0.37273294525679745,0.00025589340811265737,5.827260979296197,-1.4694792832001193,,,no particle cloud; GT Frenet errors unavailable without explicit GT-to-reference projection
localization_features/1,/home/sungho/.local/share/Trash/files/frenet_jump_20260728_153147,/pf/pose/odom,1785220316867320350,1785220316862448624,LOC_UNKNOWN,0.004871726,0.03037177,0,-3.2297297670173792,1.080606415949165,-1.3157884700936637,4.967396837085921,-0.19290595059989268,-0.049955139875679455,0.1992692193411891,0.1534349196983429,6.561001197532745,5.051892586383437,,,0.000943557,,,0,20.88016319961509,1.1775606659758888,-0.1821220234830747,-0.04481515826963256,0.1821220234830747,0.04481515826963256,0.01714719585811439,0,1,,,,,0.524365864,1.3946720838664122,,,0.0,0.0,0.0,,,,,,,-8.807222821919659,0.3727388231302378,0.001323856800081815,5.622233124519689,-1.3171123268937455,,,no particle cloud; GT Frenet errors unavailable without explicit GT-to-reference projection
localization_features/1,/home/sungho/.local/share/Trash/files/frenet_jump_20260728_153147,/pf/pose/odom,1785220316904529056,1785220316902477577,LOC_UNKNOWN,0.002051479,0.037208706,0,-3.3270598198745507,1.0624878586006639,-1.2480106025669144,5.035174704612671,-0.09733005285717145,-0.018118557348501207,0.09900212780324832,0.06777786752674932,2.660724826153544,1.8215593825474423,,,0.001622971,,,0,20.777753409871035,1.1611414270626024,-0.10240978974405479,-0.01641923891328645,0.10240978974405479,0.01641923891328645,0.0034076619408064668,0,1,,,,,0.53036221,1.4747715781036799,,,0.0,0.0,0.0,,,,,,,-8.79885200695382,0.37275366055159415,7.795928715865469e-05,5.5150922932023665,-1.2480885618540731,,,no particle cloud; GT Frenet errors unavailable without explicit GT-to-reference projection
localization_features/1,/home/sungho/.local/share/Trash/files/frenet_jump_20260728_153147,/pf/pose/odom,1785220316937896281,1785220316931977886,LOC_UNKNOWN,0.005918395,0.033367225,0,-3.4973263004358914,1.0114866407272882,-1.1311452481199964,5.152040059059589,-0.17026648056134075,-0.05100121787337564,0.17774081868640348,0.11686535444691803,5.326808528021239,3.50239956864612,,,8.8867e-05,,,0,20.600785292630345,1.112630391883516,-0.1769681172406905,-0.04851103517908628,0.1769681172406905,0.04851103517908628,0.000772701445712981,0,1,,,,,0.532045758,1.628138148949324,,,0.0,0.0,0.0,,,,,,,-8.793355948812106,0.37275626841555864,0.0008827847711666353,5.3344077951534015,-1.132028032891163,,,no particle cloud; GT Frenet errors unavailable without explicit GT-to-reference projection
localization_features/1,/home/sungho/.local/share/Trash/files/frenet_jump_20260728_153147,/pf/pose/odom,1785220316970837052,1785220316966924896,LOC_UNKNOWN,0.003912156,0.032940771,0,-3.7128248832768054,0.9407116585457383,-0.983530837061704,5.299654470117881,-0.21549858284091394,-0.07077498218154987,0.22682314103556753,0.14761441105829243,6.8857872523860335,4.481206923125522,,,0.002103139,,,0,20.38166240284285,1.044066691266446,-0.21912288978749572,-0.06856370061707007,0.21912288978749572,0.06856370061707007,0.007700251248071804,0,1,,,,,0.528411768,1.7987457195176646,,,0.0,0.0,0.0,,,,,,,-8.777801432849653,0.3727874947592141,0.003145399380466293,5.096717110408963,-0.9866762364421703,,,no particle cloud; GT Frenet errors unavailable without explicit GT-to-reference projection
localization_features/1,/home/sungho/.local/share/Trash/files/frenet_jump_20260728_153147,/pf/pose/odom,1785220317002074376,1785220317000988516,LOC_UNKNOWN,0.00108586,0.031237324,0,-3.9570691788842267,0.8585700151822312,-0.8163777358192934,5.466807571360292,-0.24424429560742134,-0.08214164336350716,0.2576868749300651,0.16715310124241056,8.249326188442554,5.351069804904241,,,0.001030923,,,0,20.13658806286531,0.9644357086290581,-0.24507433997753836,-0.07963098263738788,0.24507433997753836,0.07963098263738788,0.012612534952526733,0,1,,,,,0.526216916,2.0385710965310406,,,0.0,0.0,0.0,,,,,,,-8.760894064855862,0.3731134329091511,0.005418291199437749,4.828291791964592,-0.8217960270187311,,,no particle cloud; GT Frenet errors unavailable without explicit GT-to-reference projection
localization_features/1,/home/sungho/.local/share/Trash/files/frenet_jump_20260728_153147,/pf/pose/odom,1785220317037268183,1785220317033807596,LOC_UNKNOWN,0.003460587,0.035193807,0,-4.191431455344299,0.7755015326631288,-0.6558312287332463,5.627354078446339,-0.23436227646007213,-0.08306848251910237,0.2486484454316449,0.16054650708604712,7.065119310100351,4.561782903624127,,,-0.000254943,,,0,19.901385710884274,0.8837765303654388,-0.23520235198103734,-0.08065917826361935,0.23520235198103734,0.08065917826361935,0.013446093450607571,0,1,,,,,0.53151395,2.2589370169775433,,,0.0,0.0,0.0,,,,,,,-8.740129747800298,0.37372092132140444,0.00816328627760471,4.5664081963226035,-0.663994515010851,,,no particle cloud; GT Frenet errors unavailable without explicit GT-to-reference projection
localization_features/1,/home/sungho/.local/share/Trash/files/frenet_jump_20260728_153147,/pf/pose/odom,1785220317063860083,1785220317061014171,LOC_UNKNOWN,0.002845912,0.0265919,0,-4.410507339639219,0.6980253449371736,-0.5063252605743598,5.776860046605226,-0.2190758842949201,-0.07747618772595521,0.2323721212713536,0.1495059681588865,8.738454990856372,5.622237153377024,,,0.001411535,,,0,19.681526332075936,0.8085524896991696,-0.21985937880833717,-0.0752240406662692,0.21985937880833717,0.0752240406662692,0.012512742463016424,0,1,,,,,0.522413614,2.449121986878973,,,0.0,0.0,0.0,,,,,,,-8.715311419114213,0.37454052357187456,0.011634207666496624,4.316941115224795,-0.5179594682408564,,,no particle cloud; GT Frenet errors unavailable without explicit GT-to-reference projection
localization_features/1,/home/sungho/.local/share/Trash/files/frenet_jump_20260728_153147,/pf/pose/odom,1785220317098477360,1785220317094482522,LOC_UNKNOWN,0.003994838,0.034617277,0,-4.593976970365554,0.6210492726576662,-0.3722675028797727,5.910917804299813,-0.18346963072633482,-0.07697607227950742,0.19896336623217253,0.13405775769458705,5.747516369706737,3.872567957745118,,,0.003101001,,,0,19.497276464093723,0.7334631612231803,-0.18424986798221354,-0.07508932847598926,0.18424986798221354,0.07508932847598926,0.01471349824995899,0,1,,,,,0.518643977,2.5613611197683834,,,0.0,0.0,0.0,,,,,,,-8.686058379679414,0.3755880292447523,0.015520846802629147,4.099436727462679,-0.38778834968240194,,,no particle cloud; GT Frenet errors unavailable without explicit GT-to-reference projection
localization_features/1,/home/sungho/.local/share/Trash/files/frenet_jump_20260728_153147,/pf/pose/odom,1785220317135397063,1785220317132983583,LOC_UNKNOWN,0.00241348,0.036919703,0,-4.778771536948431,0.5512405493518304,-0.2507612963339349,6.03242401084565,-0.18479456658287763,-0.06980872330583576,0.19754060263182435,0.12150620654583782,5.350546905315689,3.291093824504434,,,-0.000243571,,,0,19.311775278441388,0.6655544003029472,-0.18550118565233475,-0.06790876092023312,0.18550118565233475,0.06790876092023312,0.012039416979489598,0,1,,,,,0.519940632,2.6165960216460937,,,0.0,0.0,0.0,,,,,,,-8.639123449496056,0.37747078859874905,0.02174181696952382,3.864260966661321,-0.27250311330345867,,,no particle cloud; GT Frenet errors unavailable without explicit GT-to-reference projection
localization_features/1,/home/sungho/.local/share/Trash/files/frenet_jump_20260728_153147,/pf/pose/odom,1785220317177370619,1785220317175355251,LOC_UNKNOWN,0.002015368,0.041973556,0,-4.93256186510819,0.48852179745771523,-0.14725895642497813,6.135926350754607,-0.1537903281597588,-0.06271875189411519,0.16608764817000052,0.10350233990895677,3.9569591904483983,2.4658940002356906,,,0.000808394,,,0,19.157349453200514,0.6044170845840015,-0.15442582524087456,-0.06113731571894576,0.15442582524087456,0.06113731571894576,0.011661822929125959,0,1,,,,,0.505413038,2.5592942052514607,,,0.0,0.0,0.0,,,,,,,-8.566294375448443,0.3807393176430736,0.0301243396918719,3.6353306616673358,-0.17738329611685003,,,no particle cloud; GT Frenet errors unavailable without explicit GT-to-reference projection
localization_features/1,/home/sungho/.local/share/Trash/files/frenet_jump_20260728_153147,/pf/pose/odom,1785220317204473208,1785220317199611276,LOC_UNKNOWN,0.004861932,0.027102589,0,-5.214850623235508,0.454324335724715,-0.0792549023504484,6.203930404829137,-0.2822887581273177,-0.034197461733000256,0.2843526144666922,0.06800405407452974,10.491714074500122,2.5091349787479618,,,-0.000480553,,,0,18.87472463753784,0.5731181560770466,-0.28262481566267184,-0.031298928506954815,0.28262481566267184,0.031298928506954815,0.001727798804020353,0,1,,,,,0.500569476,2.7525765958578208,,,0.0,0.0,0.0,,,,,,,-8.53245077757263,0.3821820593822829,0.0322791425110336,3.3183844400692273,-0.11153404486148198,,,no particle cloud; GT Frenet errors unavailable without explicit GT-to-reference projection
localization_features/1,/home/sungho/.local/share/Trash/files/frenet_jump_20260728_153147,/pf/pose/odom,1785220317242333070,1785220317229895587,LOC_UNKNOWN,0.012437483,0.037859862,0,-5.494337937977917,0.42799766923489313,-0.02548317943220479,6.257702127747381,-0.2794873147424095,-0.02632666648982185,0.2807245134832172,0.0537717229182436,7.414831926308056,1.420283119844536,,,2.7242e-05,,,0,18.594981884666403,0.5496608611286229,-0.2797427528714387,-0.023457294948423746,0.2797427528714387,0.023457294948423746,0.000981760611778515,0,1,,,,,0.538429338,3.028925882127081,,,0.0,0.0,0.0,,,,,,,-8.476425724911087,0.3845422487327952,0.03517493600675829,2.9824043895063896,-0.06065811543896309,,,no particle cloud; GT Frenet errors unavailable without explicit GT-to-reference projection
localization_features/1,/home/sungho/.local/share/Trash/files/frenet_jump_20260728_153147,/pf/pose/odom,1785220317269831486,1785220317267543854,LOC_UNKNOWN,0.002287632,0.027498416,0,-5.646096594709342,0.41538648873067446,0.00996385796960663,6.293149165149192,-0.15175865673142486,-0.012611180504218666,0.15228175125942184,0.03544703740181142,5.537837207038465,1.289057427955538,,,0.002063574,,,0,18.443101807446077,0.5386076303708919,-0.15188007722032637,-0.011053230757731014,0.15188007722032637,0.011053230757731014,0.0004016740390954676,0,1,,,,,0.524799305,3.088704072520588,,,0.0,0.0,0.0,,,,,,,-8.391708880953614,0.38813168022467415,0.038182696550204655,2.74574755776313,-0.028218838580598028,,,no particle cloud; GT Frenet errors unavailable without explicit GT-to-reference projection
localization_features/1,/home/sungho/.local/share/Trash/files/frenet_jump_20260728_153147,/pf/pose/odom,1785220317302514815,1785220317300534476,LOC_UNKNOWN,0.001980339,0.032683329,0,-5.781290564300904,0.4120016219777704,0.027795351256830338,6.310980658436415,-0.13519396959156182,-0.003384866752904059,0.13523633659952142,0.017831493287223707,4.137777293112382,0.5455837527206518,,,0.00239944,,,0,18.30788022189674,0.5366102474877007,-0.13522158554933839,-0.001997382883191179,0.13522158554933839,0.001997382883191179,1.4751050183031689e-05,0,1,,,,,0.528022995,3.1337937328995773,,,0.0,0.0,0.0,,,,,,,-8.320167407080628,0.39087478813387333,0.037493520120643,2.5389647429437474,-0.009698168863812662,,,no particle cloud; GT Frenet errors unavailable without explicit GT-to-reference projection
localization_features/1,/home/sungho/.local/share/Trash/files/frenet_jump_20260728_153147,/pf/pose/odom,1785220317336669861,1785220317332069250,LOC_UNKNOWN,0.004600611,0.034155046,0,-5.874343574582878,0.41321947638621287,0.03565981243204752,6.318845119611632,-0.09305301028197377,0.0012178544084424647,0.09306097942691813,0.007864461175217184,2.7246626875255306,0.23025766603321757,,,7.162e-06,,,0,18.214844608127102,0.538782910002778,-0.09303561376963643,0.002172662515077306,0.09303561376963643,0.002172662515077306,2.5365657281700704e-05,0,1,,,,,0.525163176,3.043771236543595,,,0.0,0.0,0.0,,,,,,,-8.241578511654389,0.3936256310488779,0.035633328143607396,2.3673160258121566,2.648428844012618e-05,,,no particle cloud; GT Frenet errors unavailable without explicit GT-to-reference projection
localization_features/1,/home/sungho/.local/share/Trash/files/frenet_jump_20260728_153147,/pf/pose/odom,1785220317372025254,1785220317368033328,LOC_UNKNOWN,0.003991926,0.035355393,0,-5.939917633773002,0.41454333337401295,0.038260029119865965,6.32144533629945,-0.0655740591901246,0.001323856987800076,0.06558742132447434,0.002600216687818443,1.8550895849036197,0.07354512189465531,,,0.001411146,,,0,18.149287586395577,0.5407795916714734,-0.06555702173152511,0.001996681668695377,0.06555702173152511,0.001996681668695377,3.039959294923178e-05,0,1,,,,,0.504704904,2.7908346964804114,,,0.0,0.0,0.0,,,,,,,-8.12558304167576,0.39719742278618503,0.031115867223828076,2.1857342372568653,0.007144161896037889,,,no particle cloud; GT Frenet errors unavailable without explicit GT-to-reference projection
localization_features/1,/home/sungho/.local/share/Trash/files/frenet_jump_20260728_153147,/pf/pose/odom,1785220317398761529,1785220317396868062,LOC_UNKNOWN,0.001893467,0.026736275,0,-6.069663960744574,0.4109121449850378,0.0362688373460803,6.319454144525665,-0.1297463269715715,-0.0036311883889751373,0.12979712975150942,-0.001991191773785664,4.854720029305108,-0.07447528774242723,,,0.000369267,,,0,18.019510828986768,0.5384799986236326,-0.12977675740880912,-0.0022995930478407756,0.12977675740880912,0.0022995930478407756,2.0372342700303303e-05,0,1,,,,,0.531441179,2.917827383733161,,,0.0,0.0,0.0,,,,,,,-8.062693736996133,0.3987097349399564,0.026683166266375798,1.9930671307901917,0.009585671079704504,,,no particle cloud; GT Frenet errors unavailable without explicit GT-to-reference projection
localization_features/1,/home/sungho/.local/share/Trash/files/frenet_jump_20260728_153147,/pf/pose/odom,1785220317433958011,1785220317430995298,LOC_UNKNOWN,0.002962713,0.035196482,0,-6.079866842880939,0.41365348121924406,0.025852578680657132,6.309037885860241,-0.010202882136365332,0.0027413362342062486,0.010564739856595376,-0.010416258665423169,0.3001646544275469,-0.2959460171452127,,,-0.000107956,,,0,18.009336614527836,0.5413258883581833,-0.01017421445893163,0.0028458897345506884,0.01017421445893163,0.0028458897345506884,0.0003905253976637466,0,1,,,,,0.529428955,2.8282384190844363,,,0.0,0.0,0.0,,,,,,,-7.926978262113281,0.40096026313547134,0.015563985324833884,1.8471550321626604,0.010288593355823248,,,no particle cloud; GT Frenet errors unavailable without explicit GT-to-reference projection
localization_features/1,/home/sungho/.local/share/Trash/files/frenet_jump_20260728_153147,/pf/pose/odom,1785220317463929290,1785220317461228775,LOC_UNKNOWN,0.002700515,0.029971279,0,-6.475885289502347,0.3988363491118158,0.01717775610883136,6.300363063288415,-0.39601844662140806,-0.014817132107428244,0.3962955430841003,-0.008674822571825773,13.222510226677358,-0.28943785054437526,,,0.000958902,,,0,17.613186971492382,0.5305733169818397,-0.39614964303545364,-0.010752571376343556,0.39614964303545364,0.010752571376343556,0.00014590004864667439,0,1,,,,,0.526033009,3.0409133547612157,,,0.0,0.0,0.0,,,,,,,-7.816397038171465,0.4018380472402509,0.006360786806566131,1.3405151093932477,0.010816969302265228,,,no particle cloud; GT Frenet errors unavailable without explicit GT-to-reference projection
localization_features/1,/home/sungho/.local/share/Trash/files/frenet_jump_20260728_153147,/pf/pose/odom,1785220317495926776,1785220317492014875,LOC_UNKNOWN,0.003911901,0.031997486,0,-6.992815479473915,0.3896408675025613,0.01076129380437585,6.2939466009839595,-0.5169301899715677,-0.009195481609254486,0.5170119710278159,-0.006416462304455509,16.157893499127272,-0.20053020116816395,,,0.002009174,,,0,17.09618963839272,0.5266828473567,-0.5169973330996633,-0.0038904696251397253,0.5169973330996633,0.0038904696251397253,1.4637928152594348e-05,0,1,,,,,0.525089724,3.3259611134050293,,,0.0,0.0,0.0,,,,,,,-7.69837268314224,0.4018596679164755,-0.003360812783243428,0.7056629979897067,0.014122106587619277,,,no particle cloud; GT Frenet errors unavailable without explicit GT-to-reference projection
localization_features/1,/home/sungho/.local/share/Trash/files/frenet_jump_20260728_153147,/pf/pose/odom,1785220317528681078,1785220317523519144,LOC_UNKNOWN,0.005161934,0.032754302,0,-7.155288139392957,0.3906671898820188,-0.004483328208723821,6.27870197897086,-0.16247265991904225,0.0010263223794574894,0.16247590147094224,-0.015244622013099672,4.960444630172312,-0.46542350415831396,,,0.00073419,,,0,16.933736064613775,0.5293763441997996,-0.16245357377894365,0.0026934968430996076,0.16245357377894365,0.0026934968430996076,2.2327691998585975e-05,0,1,,,,,0.526606702,3.2322650840055593,,,0.0,0.0,0.0,,,,,,,-7.573325893840342,0.4007677675346458,-0.014758904812820073,0.4181597611109043,0.010275576604096252,,,no particle cloud; GT Frenet errors unavailable without explicit GT-to-reference projection
