dataset_role,event_id,budget_b,reserve_policy,strict_side_count,lateral_operator_candidates_generated,lateral_proposals_retained,transition_proposals,pair_proposals,pair_proxy_evaluations,reserve_pair_count,p3_reconstructions,raw_harness_validator_executions,logical_exact_validator_calls,selected_unique_path_digests,teacher_top12_unique_candidate_count,teacher_top12_recalled_count,teacher_top12_recall,teacher_final_selected_candidate_defined,teacher_final_selected_candidate_in_pair_pool,teacher_final_selected_candidate_present,teacher_hard_recovered,teacher_usable_recovered,bounded_hard_recovered,bounded_usable_recovered,additional_hard_failure_vs_teacher,additional_usable_failure_vs_teacher,hard_recovery_not_selected_by_teacher,usable_recovery_not_selected_by_teacher,best_hard_side,best_hard_d_target,best_hard_d_mid,best_hard_entry_scale,best_hard_exit_scale,best_hard_path_digest,best_usable_path_digest,geometry_context_preparation_ms,bounded_proposal_and_ranking_ms,exact_harness_wall_ms_including_process_start,offline_core_wall_proxy_ms,pair_pool_lateral_families,selected_lateral_families,selected_transition_families
PILOT_SEEN_DEVELOPMENT_DATA,V2E01,24,NO_RESERVES_DIAGONAL,2,38,16,7,24,24,0,12,12,10,10,12,4,0.3333333333333333,True,True,True,True,True,True,True,False,False,False,False,RIGHT,-0.4706489967513876,-0.4706489967513876,0.5145810930150512,7.397546202396385,e08dc6cd11cfc0b6,e08dc6cd11cfc0b6,7.452890000422485,22.95149200654123,22.046008001780137,52.45039000874385,COMPONENT|PRODUCTION,COMPONENT|PRODUCTION,LONG_ENTRY_LONG_EXIT|LONG_ENTRY_MEDIUM_EXIT|SHORT_ENTRY_LONG_EXIT|SHORT_ENTRY_SHORT_EXIT
PILOT_SEEN_DEVELOPMENT_DATA,V2E01,32,NO_RESERVES_DIAGONAL,2,38,20,7,32,32,0,12,12,10,10,12,5,0.4166666666666667,True,True,True,True,True,True,True,False,False,False,False,RIGHT,-0.4706489967513876,-0.4706489967513876,0.5145810930150512,7.397546202396385,e08dc6cd11cfc0b6,e08dc6cd11cfc0b6,7.452890000422485,32.21576599753462,23.580705994390883,63.249361992347986,COMPONENT|PRODUCTION|PRODUCTION_OFFSET,COMPONENT|PRODUCTION|PRODUCTION_OFFSET,LONG_ENTRY_LONG_EXIT|LONG_ENTRY_MEDIUM_EXIT|SHORT_ENTRY_LONG_EXIT|SHORT_ENTRY_SHORT_EXIT
PILOT_SEEN_DEVELOPMENT_DATA,V2E01,48,NO_RESERVES_DIAGONAL,2,38,28,7,48,48,0,12,12,10,10,12,5,0.4166666666666667,True,True,True,True,True,True,True,False,False,False,False,RIGHT,-0.4706489967513876,-0.4706489967513876,0.5145810930150512,7.397546202396385,e08dc6cd11cfc0b6,e08dc6cd11cfc0b6,7.452890000422485,40.43081200507004,23.808700003428385,71.69240200892091,COMPONENT|CORRIDOR_INTERPOLATION|PRODUCTION|PRODUCTION_OFFSET,COMPONENT|PRODUCTION|PRODUCTION_OFFSET,LONG_ENTRY_LONG_EXIT|LONG_ENTRY_MEDIUM_EXIT|SHORT_ENTRY_LONG_EXIT|SHORT_ENTRY_SHORT_EXIT
PILOT_SEEN_DEVELOPMENT_DATA,V2E01,64,NO_RESERVES_DIAGONAL,2,38,36,7,64,64,0,12,12,10,10,12,5,0.4166666666666667,True,True,True,True,True,True,True,False,False,False,False,RIGHT,-0.4706489967513876,-0.4706489967513876,0.5145810930150512,7.397546202396385,e08dc6cd11cfc0b6,e08dc6cd11cfc0b6,7.452890000422485,51.721644995268434,22.19221599807497,81.36675099376589,COMPONENT|CORRIDOR_INTERPOLATION|PRODUCTION|PRODUCTION_OFFSET,COMPONENT|PRODUCTION|PRODUCTION_OFFSET,LONG_ENTRY_LONG_EXIT|LONG_ENTRY_MEDIUM_EXIT|SHORT_ENTRY_LONG_EXIT|SHORT_ENTRY_SHORT_EXIT
PILOT_SEEN_DEVELOPMENT_DATA,V2E01,96,NO_RESERVES_DIAGONAL,2,38,38,7,96,96,0,12,12,8,8,12,7,0.5833333333333334,True,True,True,True,True,True,True,False,False,False,False,RIGHT,-0.4706489967513876,-0.4706489967513876,0.5145810930150512,7.397546202396385,e08dc6cd11cfc0b6,e08dc6cd11cfc0b6,7.452890000422485,79.28979500138666,25.08929101168178,111.83197601349093,COMPONENT|CORRIDOR|CORRIDOR_INTERPOLATION|PRODUCTION|PRODUCTION_OFFSET,COMPONENT|PRODUCTION|PRODUCTION_OFFSET,LONG_ENTRY_LONG_EXIT|LONG_ENTRY_MEDIUM_EXIT|SHORT_ENTRY_LONG_EXIT
PILOT_SEEN_DEVELOPMENT_DATA,V2E01,128,NO_RESERVES_DIAGONAL,2,38,38,7,128,128,0,12,12,9,9,12,8,0.6666666666666666,True,True,True,True,True,True,True,False,False,False,False,RIGHT,-0.4706489967513876,-0.4706489967513876,0.5145810930150512,7.397546202396385,e08dc6cd11cfc0b6,e08dc6cd11cfc0b6,7.452890000422485,117.07847799698357,25.515050001558848,150.0464179989649,COMPONENT|CORRIDOR|CORRIDOR_INTERPOLATION|PRODUCTION|PRODUCTION_OFFSET,COMPONENT|PRODUCTION|PRODUCTION_OFFSET,LONG_ENTRY_LONG_EXIT|LONG_ENTRY_MEDIUM_EXIT|SHORT_ENTRY_LONG_EXIT|SHORT_ENTRY_SHORT_EXIT
PILOT_SEEN_DEVELOPMENT_DATA,V2E02,24,NO_RESERVES_DIAGONAL,2,40,16,3,24,24,0,12,12,9,9,11,0,0.0,True,False,False,True,True,True,True,False,False,False,False,LEFT,0.15,0.13,1.310934367577036,6.630707249408404,f04ca0ec02a0d517,f04ca0ec02a0d517,7.305335006094538,30.421330011449754,24.15773599932436,61.88440101686865,COMPONENT|PRODUCTION,COMPONENT|PRODUCTION,LONG_ENTRY_MEDIUM_EXIT|MEDIUM_ENTRY_SHORT_EXIT|SHORT_ENTRY_SHORT_EXIT
PILOT_SEEN_DEVELOPMENT_DATA,V2E02,32,NO_RESERVES_DIAGONAL,2,40,20,3,32,32,0,12,12,9,9,11,0,0.0,True,False,False,True,True,True,True,False,False,False,False,LEFT,0.15,0.13,1.310934367577036,6.630707249408404,f04ca0ec02a0d517,f04ca0ec02a0d517,7.305335006094538,32.77598500426393,23.344667002675124,63.42598701303359,COMPONENT|PRODUCTION|PRODUCTION_OFFSET,COMPONENT|PRODUCTION|PRODUCTION_OFFSET,LONG_ENTRY_MEDIUM_EXIT|MEDIUM_ENTRY_SHORT_EXIT|SHORT_ENTRY_SHORT_EXIT
PILOT_SEEN_DEVELOPMENT_DATA,V2E02,48,NO_RESERVES_DIAGONAL,2,40,28,3,48,48,0,12,12,9,9,11,0,0.0,True,False,False,True,True,True,True,False,False,False,False,LEFT,0.15,0.13,1.310934367577036,6.630707249408404,f04ca0ec02a0d517,f04ca0ec02a0d517,7.305335006094538,57.1308950020466,24.30416300194338,88.74039301008452,COMPONENT|CORRIDOR_INTERPOLATION|PRODUCTION|PRODUCTION_OFFSET,COMPONENT|PRODUCTION|PRODUCTION_OFFSET,LONG_ENTRY_MEDIUM_EXIT|MEDIUM_ENTRY_SHORT_EXIT|SHORT_ENTRY_SHORT_EXIT
PILOT_SEEN_DEVELOPMENT_DATA,V2E02,64,NO_RESERVES_DIAGONAL,2,40,36,3,64,64,0,12,12,9,9,11,0,0.0,True,False,False,True,True,True,True,False,False,False,False,LEFT,0.15,0.13,1.310934367577036,6.630707249408404,f04ca0ec02a0d517,f04ca0ec02a0d517,7.305335006094538,98.12173699901905,22.222458996111527,127.64953100122511,COMPONENT|CORRIDOR_INTERPOLATION|PRODUCTION|PRODUCTION_OFFSET,COMPONENT|PRODUCTION|PRODUCTION_OFFSET,LONG_ENTRY_MEDIUM_EXIT|MEDIUM_ENTRY_SHORT_EXIT|SHORT_ENTRY_SHORT_EXIT
PILOT_SEEN_DEVELOPMENT_DATA,V2E02,96,NO_RESERVES_DIAGONAL,2,40,40,3,96,96,0,12,12,8,8,11,1,0.09090909090909091,True,True,True,True,True,True,True,False,False,False,False,LEFT,0.15,0.10999999999999999,1.310934367577036,6.630707249408404,2795736f29e94f82,2795736f29e94f82,7.305335006094538,164.70137400028761,22.743756999261677,194.75046600564383,COMPONENT|CORRIDOR|CORRIDOR_INTERPOLATION|PRODUCTION|PRODUCTION_OFFSET,COMPONENT|PRODUCTION|PRODUCTION_OFFSET,LONG_ENTRY_MEDIUM_EXIT|MEDIUM_ENTRY_SHORT_EXIT|SHORT_ENTRY_SHORT_EXIT
PILOT_SEEN_DEVELOPMENT_DATA,V2E02,128,NO_RESERVES_DIAGONAL,2,40,40,3,118,118,0,12,12,8,8,11,1,0.09090909090909091,True,True,True,True,True,True,True,False,False,False,False,LEFT,0.15,0.10999999999999999,1.310934367577036,6.630707249408404,2795736f29e94f82,2795736f29e94f82,7.305335006094538,227.91800599952694,20.92068899946753,256.144030005089,COMPONENT|CORRIDOR|CORRIDOR_INTERPOLATION|PRODUCTION|PRODUCTION_OFFSET,COMPONENT|PRODUCTION|PRODUCTION_OFFSET,LONG_ENTRY_MEDIUM_EXIT|MEDIUM_ENTRY_SHORT_EXIT|SHORT_ENTRY_SHORT_EXIT
PILOT_SEEN_DEVELOPMENT_DATA,V2E03,24,NO_RESERVES_DIAGONAL,1,32,16,7,24,24,0,12,12,11,11,11,1,0.09090909090909091,True,True,True,True,True,True,True,False,False,False,False,LEFT,0.1953345144734313,0.1853345144734313,1.310934367577036,6.620727869394503,0e80da04fd67df6e,0e80da04fd67df6e,4.9717009969754145,46.507666003890336,34.53468000225257,86.01404700311832,COMPONENT|PRODUCTION|PRODUCTION_OFFSET,COMPONENT|PRODUCTION|PRODUCTION_OFFSET,LONG_ENTRY_LONG_EXIT|LONG_ENTRY_MEDIUM_EXIT|MEDIUM_ENTRY_SHORT_EXIT|SHORT_ENTRY_LONG_EXIT|SHORT_ENTRY_SHORT_EXIT
PILOT_SEEN_DEVELOPMENT_DATA,V2E03,32,NO_RESERVES_DIAGONAL,1,32,20,7,32,32,0,12,12,11,11,11,1,0.09090909090909091,True,True,True,True,True,True,True,False,False,False,False,LEFT,0.1953345144734313,0.1853345144734313,1.310934367577036,6.620727869394503,0e80da04fd67df6e,0e80da04fd67df6e,4.9717009969754145,57.88382000173442,33.76945300260559,96.62497400131542,COMPONENT|CORRIDOR_INTERPOLATION|PRODUCTION|PRODUCTION_OFFSET,COMPONENT|CORRIDOR_INTERPOLATION|PRODUCTION|PRODUCTION_OFFSET,LONG_ENTRY_LONG_EXIT|LONG_ENTRY_MEDIUM_EXIT|MEDIUM_ENTRY_SHORT_EXIT|SHORT_ENTRY_LONG_EXIT|SHORT_ENTRY_SHORT_EXIT
PILOT_SEEN_DEVELOPMENT_DATA,V2E03,48,NO_RESERVES_DIAGONAL,1,32,28,7,48,48,0,12,12,11,11,11,1,0.09090909090909091,True,True,True,True,True,True,True,False,False,False,False,LEFT,0.1953345144734313,0.1853345144734313,1.310934367577036,6.620727869394503,0e80da04fd67df6e,0e80da04fd67df6e,4.9717009969754145,99.79180799564347,37.03553299419582,141.7990419868147,COMPONENT|CORRIDOR_INTERPOLATION|PRODUCTION|PRODUCTION_OFFSET,COMPONENT|CORRIDOR_INTERPOLATION|PRODUCTION|PRODUCTION_OFFSET,LONG_ENTRY_LONG_EXIT|LONG_ENTRY_MEDIUM_EXIT|MEDIUM_ENTRY_SHORT_EXIT|SHORT_ENTRY_LONG_EXIT|SHORT_ENTRY_SHORT_EXIT
PILOT_SEEN_DEVELOPMENT_DATA,V2E03,64,NO_RESERVES_DIAGONAL,1,32,32,7,64,64,0,12,12,11,11,11,1,0.09090909090909091,True,True,True,True,True,True,True,False,False,False,False,LEFT,0.1953345144734313,0.1853345144734313,1.310934367577036,6.620727869394503,0e80da04fd67df6e,0e80da04fd67df6e,4.9717009969754145,146.32537998841144,36.144059005891904,187.44113999127876,COMPONENT|CORRIDOR|CORRIDOR_INTERPOLATION|PRODUCTION|PRODUCTION_OFFSET,PRODUCTION|PRODUCTION_OFFSET,LONG_ENTRY_LONG_EXIT|LONG_ENTRY_MEDIUM_EXIT|SHORT_ENTRY_SHORT_EXIT
PILOT_SEEN_DEVELOPMENT_DATA,V2E03,96,NO_RESERVES_DIAGONAL,1,32,32,7,96,96,0,12,12,11,11,11,2,0.18181818181818182,True,True,True,True,True,True,True,False,False,False,False,LEFT,0.1953345144734313,0.1853345144734313,1.310934367577036,6.620727869394503,0e80da04fd67df6e,0e80da04fd67df6e,4.9717009969754145,220.63779200834688,36.93660499993712,262.5460980052594,COMPONENT|CORRIDOR|CORRIDOR_INTERPOLATION|PRODUCTION|PRODUCTION_OFFSET,PRODUCTION|PRODUCTION_OFFSET,LONG_ENTRY_LONG_EXIT|LONG_ENTRY_MEDIUM_EXIT|SHORT_ENTRY_SHORT_EXIT
PILOT_SEEN_DEVELOPMENT_DATA,V2E03,128,NO_RESERVES_DIAGONAL,1,32,32,7,128,128,0,12,12,11,11,11,2,0.18181818181818182,True,True,True,True,True,True,True,False,False,False,False,LEFT,0.1953345144734313,0.1853345144734313,1.310934367577036,6.620727869394503,0e80da04fd67df6e,0e80da04fd67df6e,4.9717009969754145,289.18704099487513,35.711361997528,329.87010398937855,COMPONENT|CORRIDOR|CORRIDOR_INTERPOLATION|PRODUCTION|PRODUCTION_OFFSET,PRODUCTION|PRODUCTION_OFFSET,LONG_ENTRY_LONG_EXIT|LONG_ENTRY_MEDIUM_EXIT|SHORT_ENTRY_SHORT_EXIT
PILOT_SEEN_DEVELOPMENT_DATA,V2E04,24,NO_RESERVES_DIAGONAL,1,32,16,5,24,24,0,12,12,10,10,10,0,0.0,False,,,False,False,False,False,False,False,False,False,,,,,,,,6.161897996207699,66.36608799453825,29.485932012903504,102.01391800364945,COMPONENT|PRODUCTION|PRODUCTION_OFFSET,COMPONENT|PRODUCTION|PRODUCTION_OFFSET,LONG_ENTRY_LONG_EXIT|MEDIUM_ENTRY_SHORT_EXIT|SHORT_ENTRY_LONG_EXIT
PILOT_SEEN_DEVELOPMENT_DATA,V2E04,32,NO_RESERVES_DIAGONAL,1,32,20,5,32,32,0,12,12,10,10,10,0,0.0,False,,,False,False,False,False,False,False,False,False,,,,,,,,6.161897996207699,80.68485400872305,32.33368700603023,119.18043901096098,COMPONENT|PRODUCTION|PRODUCTION_OFFSET,COMPONENT|PRODUCTION|PRODUCTION_OFFSET,LONG_ENTRY_LONG_EXIT|MEDIUM_ENTRY_SHORT_EXIT|SHORT_ENTRY_LONG_EXIT
PILOT_SEEN_DEVELOPMENT_DATA,V2E04,48,NO_RESERVES_DIAGONAL,1,32,28,5,48,48,0,12,12,10,10,10,0,0.0,False,,,False,False,False,False,False,False,False,False,,,,,,,,6.161897996207699,130.81070499902125,30.609704001108184,167.58230699633714,COMPONENT|CORRIDOR_INTERPOLATION|PRODUCTION|PRODUCTION_OFFSET,COMPONENT|PRODUCTION|PRODUCTION_OFFSET,LONG_ENTRY_LONG_EXIT|MEDIUM_ENTRY_SHORT_EXIT
PILOT_SEEN_DEVELOPMENT_DATA,V2E04,64,NO_RESERVES_DIAGONAL,1,32,32,5,64,64,0,12,12,10,10,10,0,0.0,False,,,False,False,False,False,False,False,False,False,,,,,,,,6.161897996207699,181.3137010030914,30.553425996913575,218.02902499621268,COMPONENT|CORRIDOR_INTERPOLATION|PRODUCTION|PRODUCTION_OFFSET,CORRIDOR_INTERPOLATION|PRODUCTION|PRODUCTION_OFFSET,LONG_ENTRY_LONG_EXIT|LONG_ENTRY_SHORT_EXIT
PILOT_SEEN_DEVELOPMENT_DATA,V2E04,96,NO_RESERVES_DIAGONAL,1,32,32,5,96,96,0,12,12,10,10,10,0,0.0,False,,,False,False,False,False,False,False,False,False,,,,,,,,6.161897996207699,296.7736170103308,28.434884996386245,331.3704000029247,COMPONENT|CORRIDOR_INTERPOLATION|PRODUCTION|PRODUCTION_OFFSET,PRODUCTION|PRODUCTION_OFFSET,LONG_ENTRY_LONG_EXIT|LONG_ENTRY_SHORT_EXIT
PILOT_SEEN_DEVELOPMENT_DATA,V2E04,128,NO_RESERVES_DIAGONAL,1,32,32,5,128,128,0,12,12,10,10,10,0,0.0,False,,,False,False,False,False,False,False,False,False,,,,,,,,6.161897996207699,430.3866120026214,26.967746001901105,463.5162560007302,COMPONENT|CORRIDOR_INTERPOLATION|PRODUCTION|PRODUCTION_OFFSET,COMPONENT|PRODUCTION|PRODUCTION_OFFSET,LONG_ENTRY_LONG_EXIT|LONG_ENTRY_SHORT_EXIT
PILOT_SEEN_DEVELOPMENT_DATA,V2E05,24,NO_RESERVES_DIAGONAL,2,32,16,2,24,24,0,12,10,8,8,11,0,0.0,False,,,False,False,False,False,False,False,False,False,,,,,,,,8.618396008387208,12.84044299973175,11.411907005822286,32.87074601394124,COMPONENT|PRODUCTION,COMPONENT|PRODUCTION,SHORT_ENTRY_SHORT_EXIT
PILOT_SEEN_DEVELOPMENT_DATA,V2E05,32,NO_RESERVES_DIAGONAL,2,32,20,2,32,32,0,12,12,10,10,11,0,0.0,False,,,False,False,False,False,False,False,False,False,,,,,,,,8.618396008387208,18.960561996209435,12.695836994680576,40.27479499927722,COMPONENT|PRODUCTION|PRODUCTION_OFFSET,COMPONENT|PRODUCTION|PRODUCTION_OFFSET,LONG_ENTRY_SHORT_EXIT|SHORT_ENTRY_SHORT_EXIT
PILOT_SEEN_DEVELOPMENT_DATA,V2E05,48,NO_RESERVES_DIAGONAL,2,32,28,2,48,48,0,12,12,10,10,11,0,0.0,False,,,False,False,False,False,False,False,False,False,,,,,,,,8.618396008387208,36.6956320067402,12.28987000649795,57.603898021625355,COMPONENT|CORRIDOR_INTERPOLATION|PRODUCTION|PRODUCTION_OFFSET,COMPONENT|CORRIDOR_INTERPOLATION|PRODUCTION|PRODUCTION_OFFSET,LONG_ENTRY_SHORT_EXIT|SHORT_ENTRY_SHORT_EXIT
PILOT_SEEN_DEVELOPMENT_DATA,V2E05,64,NO_RESERVES_DIAGONAL,2,32,32,2,62,62,0,12,12,10,10,11,0,0.0,False,,,False,False,False,False,False,False,False,False,,,,,,,,8.618396008387208,52.8400619950844,11.8770900007803,73.3355480042519,COMPONENT|CORRIDOR|CORRIDOR_INTERPOLATION|PRODUCTION|PRODUCTION_OFFSET,COMPONENT|CORRIDOR,LONG_ENTRY_SHORT_EXIT|SHORT_ENTRY_SHORT_EXIT
PILOT_SEEN_DEVELOPMENT_DATA,V2E05,96,NO_RESERVES_DIAGONAL,2,32,32,2,62,62,0,12,12,10,10,11,0,0.0,False,,,False,False,False,False,False,False,False,False,,,,,,,,8.618396008387208,52.452940988587216,12.08043799852021,73.15177499549463,COMPONENT|CORRIDOR|CORRIDOR_INTERPOLATION|PRODUCTION|PRODUCTION_OFFSET,COMPONENT|CORRIDOR,LONG_ENTRY_SHORT_EXIT|SHORT_ENTRY_SHORT_EXIT
PILOT_SEEN_DEVELOPMENT_DATA,V2E05,128,NO_RESERVES_DIAGONAL,2,32,32,2,62,62,0,12,12,10,10,11,0,0.0,False,,,False,False,False,False,False,False,False,False,,,,,,,,8.618396008387208,53.028037000331096,12.822079006582499,74.4685120153008,COMPONENT|CORRIDOR|CORRIDOR_INTERPOLATION|PRODUCTION|PRODUCTION_OFFSET,COMPONENT|CORRIDOR,LONG_ENTRY_SHORT_EXIT|SHORT_ENTRY_SHORT_EXIT
PILOT_SEEN_DEVELOPMENT_DATA,V2E06,24,NO_RESERVES_DIAGONAL,2,64,16,7,24,24,0,12,12,10,10,12,1,0.08333333333333333,False,,,False,False,False,False,False,False,False,False,,,,,,,,8.480146992951632,85.92322500771843,49.02333400968928,143.42670601035934,PRODUCTION,PRODUCTION,LONG_ENTRY_LONG_EXIT|LONG_ENTRY_MEDIUM_EXIT|SHORT_ENTRY_SHORT_EXIT
PILOT_SEEN_DEVELOPMENT_DATA,V2E06,32,NO_RESERVES_DIAGONAL,2,64,20,7,32,32,0,12,12,10,10,12,1,0.08333333333333333,False,,,False,False,False,False,False,False,False,False,,,,,,,,8.480146992951632,98.68794700014405,48.41822299931664,155.58631699241232,COMPONENT|PRODUCTION,PRODUCTION,LONG_ENTRY_LONG_EXIT|LONG_ENTRY_MEDIUM_EXIT|SHORT_ENTRY_SHORT_EXIT
PILOT_SEEN_DEVELOPMENT_DATA,V2E06,48,NO_RESERVES_DIAGONAL,2,64,28,7,48,48,0,12,12,10,10,12,1,0.08333333333333333,False,,,False,False,False,False,False,False,False,False,,,,,,,,8.480146992951632,147.5519770028768,50.66542599524837,206.6975499910768,COMPONENT|PRODUCTION,COMPONENT|PRODUCTION,LONG_ENTRY_LONG_EXIT|LONG_ENTRY_MEDIUM_EXIT|SHORT_ENTRY_LONG_EXIT|SHORT_ENTRY_SHORT_EXIT
PILOT_SEEN_DEVELOPMENT_DATA,V2E06,64,NO_RESERVES_DIAGONAL,2,64,36,7,64,64,0,12,12,10,10,12,1,0.08333333333333333,False,,,False,False,False,False,False,False,False,False,,,,,,,,8.480146992951632,182.27541899250355,47.27671500586439,238.03228099131957,COMPONENT|PRODUCTION|PRODUCTION_OFFSET,COMPONENT|PRODUCTION,LONG_ENTRY_LONG_EXIT|LONG_ENTRY_MEDIUM_EXIT|SHORT_ENTRY_LONG_EXIT|SHORT_ENTRY_SHORT_EXIT
PILOT_SEEN_DEVELOPMENT_DATA,V2E06,96,NO_RESERVES_DIAGONAL,2,64,48,7,96,96,0,12,12,12,12,12,2,0.16666666666666666,False,,,False,False,False,False,False,False,False,False,,,,,,,,8.480146992951632,289.69860800134484,46.42487700039055,344.603631994687,COMPONENT|CORRIDOR_INTERPOLATION|PRODUCTION|PRODUCTION_OFFSET,COMPONENT|PRODUCTION|PRODUCTION_OFFSET,LONG_ENTRY_LONG_EXIT|LONG_ENTRY_MEDIUM_EXIT|MEDIUM_ENTRY_SHORT_EXIT|SHORT_ENTRY_LONG_EXIT|SHORT_ENTRY_SHORT_EXIT
PILOT_SEEN_DEVELOPMENT_DATA,V2E06,128,NO_RESERVES_DIAGONAL,2,64,64,7,128,128,0,12,12,12,12,12,2,0.16666666666666666,False,,,False,False,False,False,False,False,False,False,,,,,,,,8.480146992951632,381.56743899162393,50.393632001942024,440.4412179865176,COMPONENT|CORRIDOR_INTERPOLATION|PRODUCTION|PRODUCTION_OFFSET,COMPONENT|PRODUCTION|PRODUCTION_OFFSET,LONG_ENTRY_LONG_EXIT|LONG_ENTRY_MEDIUM_EXIT|MEDIUM_ENTRY_SHORT_EXIT|SHORT_ENTRY_LONG_EXIT|SHORT_ENTRY_SHORT_EXIT
PILOT_SEEN_DEVELOPMENT_DATA,V2E07,24,NO_RESERVES_DIAGONAL,1,23,16,2,24,24,0,12,12,10,10,10,0,0.0,False,,,False,False,False,False,False,False,False,False,,,,,,,,5.69837998773437,23.289050004677847,18.608600992592983,47.5960309850052,COMPONENT|PRODUCTION|PRODUCTION_OFFSET,COMPONENT|PRODUCTION|PRODUCTION_OFFSET,LONG_ENTRY_SHORT_EXIT|SHORT_ENTRY_SHORT_EXIT
PILOT_SEEN_DEVELOPMENT_DATA,V2E07,32,NO_RESERVES_DIAGONAL,1,23,20,2,32,32,0,12,12,10,10,10,0,0.0,False,,,False,False,False,False,False,False,False,False,,,,,,,,5.69837998773437,34.01493199635297,19.164276993251406,58.877588977338746,COMPONENT|CORRIDOR_INTERPOLATION|PRODUCTION|PRODUCTION_OFFSET,COMPONENT|CORRIDOR_INTERPOLATION|PRODUCTION|PRODUCTION_OFFSET,SHORT_ENTRY_SHORT_EXIT
PILOT_SEEN_DEVELOPMENT_DATA,V2E07,48,NO_RESERVES_DIAGONAL,1,23,23,2,44,44,0,12,12,10,10,10,0,0.0,False,,,False,False,False,False,False,False,False,False,,,,,,,,5.69837998773437,50.513462992967106,16.064807990915142,72.27665097161662,COMPONENT|CORRIDOR|CORRIDOR_INTERPOLATION|PRODUCTION|PRODUCTION_OFFSET,COMPONENT|CORRIDOR|CORRIDOR_INTERPOLATION|PRODUCTION|PRODUCTION_OFFSET,SHORT_ENTRY_SHORT_EXIT
PILOT_SEEN_DEVELOPMENT_DATA,V2E07,64,NO_RESERVES_DIAGONAL,1,23,23,2,44,44,0,12,12,10,10,10,0,0.0,False,,,False,False,False,False,False,False,False,False,,,,,,,,5.69837998773437,51.83658399619162,15.833551995456219,73.36851597938221,COMPONENT|CORRIDOR|CORRIDOR_INTERPOLATION|PRODUCTION|PRODUCTION_OFFSET,COMPONENT|CORRIDOR|CORRIDOR_INTERPOLATION|PRODUCTION|PRODUCTION_OFFSET,SHORT_ENTRY_SHORT_EXIT
PILOT_SEEN_DEVELOPMENT_DATA,V2E07,96,NO_RESERVES_DIAGONAL,1,23,23,2,44,44,0,12,12,10,10,10,0,0.0,False,,,False,False,False,False,False,False,False,False,,,,,,,,5.69837998773437,50.6591320008738,15.747836005175486,72.10534799378365,COMPONENT|CORRIDOR|CORRIDOR_INTERPOLATION|PRODUCTION|PRODUCTION_OFFSET,COMPONENT|CORRIDOR|CORRIDOR_INTERPOLATION|PRODUCTION|PRODUCTION_OFFSET,SHORT_ENTRY_SHORT_EXIT
PILOT_SEEN_DEVELOPMENT_DATA,V2E07,128,NO_RESERVES_DIAGONAL,1,23,23,2,44,44,0,12,12,10,10,10,0,0.0,False,,,False,False,False,False,False,False,False,False,,,,,,,,5.69837998773437,50.603516996488906,16.07199000136461,72.37388698558789,COMPONENT|CORRIDOR|CORRIDOR_INTERPOLATION|PRODUCTION|PRODUCTION_OFFSET,COMPONENT|CORRIDOR|CORRIDOR_INTERPOLATION|PRODUCTION|PRODUCTION_OFFSET,SHORT_ENTRY_SHORT_EXIT
PILOT_SEEN_DEVELOPMENT_DATA,V2E08,24,NO_RESERVES_DIAGONAL,1,32,16,7,24,24,0,12,12,10,10,11,0,0.0,True,False,False,True,True,True,True,False,False,False,False,RIGHT,-0.15,-0.0375,0.5145810930150512,0.4971684162574945,7319033bbf8afcc5,7319033bbf8afcc5,4.5677070011151955,37.13025500474032,24.297898999066092,65.99586100492161,COMPONENT|PRODUCTION|PRODUCTION_OFFSET,COMPONENT|PRODUCTION|PRODUCTION_OFFSET,LONG_ENTRY_LONG_EXIT|LONG_ENTRY_MEDIUM_EXIT|SHORT_ENTRY_LONG_EXIT|SHORT_ENTRY_SHORT_EXIT
PILOT_SEEN_DEVELOPMENT_DATA,V2E08,32,NO_RESERVES_DIAGONAL,1,32,20,7,32,32,0,12,12,10,10,11,0,0.0,True,False,False,True,True,True,True,False,False,False,False,RIGHT,-0.16999999999999998,-0.01999999999999999,1.310934367577036,3.94735730932694,bbade96bce9fdbe5,bbade96bce9fdbe5,4.5677070011151955,46.87755300255958,21.485213001142256,72.93047300481703,COMPONENT|CORRIDOR_INTERPOLATION|PRODUCTION|PRODUCTION_OFFSET,COMPONENT|PRODUCTION|PRODUCTION_OFFSET,LONG_ENTRY_LONG_EXIT|LONG_ENTRY_MEDIUM_EXIT|SHORT_ENTRY_LONG_EXIT|SHORT_ENTRY_SHORT_EXIT
PILOT_SEEN_DEVELOPMENT_DATA,V2E08,48,NO_RESERVES_DIAGONAL,1,32,28,7,48,48,0,12,12,11,11,11,0,0.0,True,False,False,True,True,True,True,False,False,False,False,RIGHT,-0.1793359375,-0.029335937499999992,1.310934367577036,3.94735730932694,47cf8a0890d46bd1,47cf8a0890d46bd1,4.5677070011151955,75.46089300012682,21.084890002384782,101.1134900036268,COMPONENT|CORRIDOR_INTERPOLATION|PRODUCTION|PRODUCTION_OFFSET,COMPONENT|PRODUCTION|PRODUCTION_OFFSET,LONG_ENTRY_LONG_EXIT|LONG_ENTRY_MEDIUM_EXIT|SHORT_ENTRY_SHORT_EXIT
PILOT_SEEN_DEVELOPMENT_DATA,V2E08,64,NO_RESERVES_DIAGONAL,1,32,32,7,64,64,0,12,12,11,11,11,0,0.0,True,False,False,True,True,True,True,False,False,False,False,RIGHT,-0.16999999999999998,-0.01999999999999999,1.310934367577036,3.94735730932694,bbade96bce9fdbe5,bbade96bce9fdbe5,4.5677070011151955,102.10788699623663,21.654106996720657,128.32970099407248,COMPONENT|CORRIDOR|CORRIDOR_INTERPOLATION|PRODUCTION|PRODUCTION_OFFSET,COMPONENT|PRODUCTION|PRODUCTION_OFFSET,LONG_ENTRY_LONG_EXIT|LONG_ENTRY_MEDIUM_EXIT|SHORT_ENTRY_SHORT_EXIT
PILOT_SEEN_DEVELOPMENT_DATA,V2E08,96,NO_RESERVES_DIAGONAL,1,32,32,7,96,96,0,12,12,11,11,11,0,0.0,True,False,False,True,True,True,True,False,False,False,False,RIGHT,-0.15,-0.0375,1.310934367577036,3.94735730932694,8dd7ec9d69ccda2b,8dd7ec9d69ccda2b,4.5677070011151955,171.04002898850013,24.988282995764166,200.5960189853795,COMPONENT|CORRIDOR|CORRIDOR_INTERPOLATION|PRODUCTION|PRODUCTION_OFFSET,COMPONENT|PRODUCTION,LONG_ENTRY_LONG_EXIT|LONG_ENTRY_MEDIUM_EXIT|LONG_ENTRY_SHORT_EXIT|SHORT_ENTRY_LONG_EXIT|SHORT_ENTRY_SHORT_EXIT
PILOT_SEEN_DEVELOPMENT_DATA,V2E08,128,NO_RESERVES_DIAGONAL,1,32,32,7,128,128,0,12,12,10,10,11,0,0.0,True,False,False,True,True,True,True,False,False,False,False,RIGHT,-0.15,-0.0375,1.310934367577036,3.94735730932694,8dd7ec9d69ccda2b,8dd7ec9d69ccda2b,4.5677070011151955,240.34043500432745,20.620095005142502,265.52823701058514,COMPONENT|CORRIDOR|CORRIDOR_INTERPOLATION|PRODUCTION|PRODUCTION_OFFSET,COMPONENT|PRODUCTION,LONG_ENTRY_LONG_EXIT|LONG_ENTRY_MEDIUM_EXIT|LONG_ENTRY_SHORT_EXIT|SHORT_ENTRY_SHORT_EXIT
PILOT_SEEN_DEVELOPMENT_DATA,V2E09,24,NO_RESERVES_DIAGONAL,2,32,16,2,24,24,0,12,12,10,10,11,1,0.09090909090909091,False,,,False,False,False,False,False,False,False,False,,,,,,,,7.616168004460633,10.92480999068357,10.88206899294164,29.423046988085844,COMPONENT|PRODUCTION,COMPONENT|PRODUCTION,LONG_ENTRY_SHORT_EXIT|SHORT_ENTRY_SHORT_EXIT
PILOT_SEEN_DEVELOPMENT_DATA,V2E09,32,NO_RESERVES_DIAGONAL,2,32,20,2,32,32,0,12,12,10,10,11,1,0.09090909090909091,False,,,False,False,False,False,False,False,False,False,,,,,,,,7.616168004460633,15.471397011424415,10.962547996314242,34.05011301219929,COMPONENT|PRODUCTION|PRODUCTION_OFFSET,COMPONENT|PRODUCTION|PRODUCTION_OFFSET,LONG_ENTRY_SHORT_EXIT|SHORT_ENTRY_SHORT_EXIT
PILOT_SEEN_DEVELOPMENT_DATA,V2E09,48,NO_RESERVES_DIAGONAL,2,32,28,2,48,48,0,12,12,10,10,11,1,0.09090909090909091,False,,,False,False,False,False,False,False,False,False,,,,,,,,7.616168004460633,30.27791899512522,13.810513002681546,51.7046000022674,COMPONENT|CORRIDOR_INTERPOLATION|PRODUCTION|PRODUCTION_OFFSET,COMPONENT|PRODUCTION|PRODUCTION_OFFSET,LONG_ENTRY_SHORT_EXIT|SHORT_ENTRY_SHORT_EXIT
PILOT_SEEN_DEVELOPMENT_DATA,V2E09,64,NO_RESERVES_DIAGONAL,2,32,32,2,62,62,0,12,12,11,11,11,1,0.09090909090909091,False,,,False,False,False,False,False,False,False,False,,,,,,,,7.616168004460633,43.26280999521259,10.611676989356056,61.49065498902928,COMPONENT|CORRIDOR|CORRIDOR_INTERPOLATION|PRODUCTION|PRODUCTION_OFFSET,COMPONENT|PRODUCTION|PRODUCTION_OFFSET,LONG_ENTRY_SHORT_EXIT|SHORT_ENTRY_SHORT_EXIT
PILOT_SEEN_DEVELOPMENT_DATA,V2E09,96,NO_RESERVES_DIAGONAL,2,32,32,2,62,62,0,12,12,11,11,11,1,0.09090909090909091,False,,,False,False,False,False,False,False,False,False,,,,,,,,7.616168004460633,41.95373300171923,11.710792998201214,61.280694004381076,COMPONENT|CORRIDOR|CORRIDOR_INTERPOLATION|PRODUCTION|PRODUCTION_OFFSET,COMPONENT|PRODUCTION|PRODUCTION_OFFSET,LONG_ENTRY_SHORT_EXIT|SHORT_ENTRY_SHORT_EXIT
PILOT_SEEN_DEVELOPMENT_DATA,V2E09,128,NO_RESERVES_DIAGONAL,2,32,32,2,62,62,0,12,12,11,11,11,1,0.09090909090909091,False,,,False,False,False,False,False,False,False,False,,,,,,,,7.616168004460633,42.82468699966557,11.153478000778705,61.59433300490491,COMPONENT|CORRIDOR|CORRIDOR_INTERPOLATION|PRODUCTION|PRODUCTION_OFFSET,COMPONENT|PRODUCTION|PRODUCTION_OFFSET,LONG_ENTRY_SHORT_EXIT|SHORT_ENTRY_SHORT_EXIT
DEVELOPMENT,DVE001,24,NO_RESERVES_DIAGONAL,2,31,16,2,24,24,0,12,12,10,10,12,0,0.0,True,False,False,True,True,True,True,False,False,False,False,RIGHT,-0.4678264568302881,-0.5078264568302882,0.7136694116555473,0.4971684162574945,dcb5cb23990d9f9a,dcb5cb23990d9f9a,7.264115003636107,12.290818995097652,12.918123000417836,32.473056999151595,COMPONENT|PRODUCTION,COMPONENT|PRODUCTION,LONG_ENTRY_SHORT_EXIT|SHORT_ENTRY_SHORT_EXIT
DEVELOPMENT,DVE001,32,NO_RESERVES_DIAGONAL,2,31,20,2,32,32,0,12,12,10,10,12,0,0.0,True,False,False,True,True,True,True,False,False,False,False,RIGHT,-0.4678264568302881,-0.5078264568302882,0.7136694116555473,0.4971684162574945,dcb5cb23990d9f9a,dcb5cb23990d9f9a,7.264115003636107,19.04142100829631,13.019837002502754,39.32537301443517,COMPONENT|PRODUCTION|PRODUCTION_OFFSET,COMPONENT|PRODUCTION|PRODUCTION_OFFSET,LONG_ENTRY_SHORT_EXIT|SHORT_ENTRY_SHORT_EXIT
DEVELOPMENT,DVE001,48,NO_RESERVES_DIAGONAL,2,31,28,2,48,48,0,12,12,10,10,12,1,0.08333333333333333,True,True,True,True,True,True,True,False,False,False,False,RIGHT,-0.4678264568302881,-0.5078264568302882,0.7136694116555473,0.4971684162574945,dcb5cb23990d9f9a,dcb5cb23990d9f9a,7.264115003636107,40.98194900143426,12.2880319977412,60.534096002811566,COMPONENT|CORRIDOR_INTERPOLATION|PRODUCTION|PRODUCTION_OFFSET,COMPONENT|PRODUCTION_OFFSET,LONG_ENTRY_SHORT_EXIT|SHORT_ENTRY_SHORT_EXIT
DEVELOPMENT,DVE001,64,NO_RESERVES_DIAGONAL,2,31,31,2,60,60,0,12,12,10,10,12,1,0.08333333333333333,True,True,True,True,True,True,True,False,False,False,False,RIGHT,-0.4965356497265021,-0.5705063337429835,0.7136694116555473,0.4971684162574945,1e0dd5e1cd2072f3,1e0dd5e1cd2072f3,7.264115003636107,50.48292000719812,11.85343500401359,69.60047001484782,COMPONENT|CORRIDOR|CORRIDOR_INTERPOLATION|PRODUCTION|PRODUCTION_OFFSET,COMPONENT|CORRIDOR|PRODUCTION_OFFSET,LONG_ENTRY_SHORT_EXIT|SHORT_ENTRY_SHORT_EXIT
DEVELOPMENT,DVE001,96,NO_RESERVES_DIAGONAL,2,31,31,2,60,60,0,12,12,10,10,12,1,0.08333333333333333,True,True,True,True,True,True,True,False,False,False,False,RIGHT,-0.4965356497265021,-0.5705063337429835,0.7136694116555473,0.4971684162574945,1e0dd5e1cd2072f3,1e0dd5e1cd2072f3,7.264115003636107,50.40274700149894,12.560265997308306,70.22712800244335,COMPONENT|CORRIDOR|CORRIDOR_INTERPOLATION|PRODUCTION|PRODUCTION_OFFSET,COMPONENT|CORRIDOR|PRODUCTION_OFFSET,LONG_ENTRY_SHORT_EXIT|SHORT_ENTRY_SHORT_EXIT
DEVELOPMENT,DVE001,128,NO_RESERVES_DIAGONAL,2,31,31,2,60,60,0,12,12,10,10,12,1,0.08333333333333333,True,True,True,True,True,True,True,False,False,False,False,RIGHT,-0.4965356497265021,-0.5705063337429835,0.7136694116555473,0.4971684162574945,1e0dd5e1cd2072f3,1e0dd5e1cd2072f3,7.264115003636107,51.524157999665476,14.93163700797595,73.71991001127753,COMPONENT|CORRIDOR|CORRIDOR_INTERPOLATION|PRODUCTION|PRODUCTION_OFFSET,COMPONENT|CORRIDOR|PRODUCTION_OFFSET,LONG_ENTRY_SHORT_EXIT|SHORT_ENTRY_SHORT_EXIT
DEVELOPMENT,DVE002,24,NO_RESERVES_DIAGONAL,2,32,16,2,24,24,0,12,7,5,5,11,0,0.0,False,,,False,False,False,False,False,False,False,False,,,,,,,,6.810987993958406,12.15866400161758,12.004887001239695,30.97453899681568,COMPONENT|PRODUCTION,COMPONENT|PRODUCTION,SHORT_ENTRY_SHORT_EXIT
DEVELOPMENT,DVE002,32,NO_RESERVES_DIAGONAL,2,32,20,2,32,32,0,12,11,9,9,11,0,0.0,False,,,False,False,False,False,False,False,False,False,,,,,,,,6.810987993958406,17.236009007319808,11.074613998061977,35.12161099934019,COMPONENT|PRODUCTION|PRODUCTION_OFFSET,COMPONENT|PRODUCTION|PRODUCTION_OFFSET,SHORT_ENTRY_SHORT_EXIT
DEVELOPMENT,DVE002,48,NO_RESERVES_DIAGONAL,2,32,28,2,48,48,0,12,12,10,10,11,0,0.0,False,,,False,False,False,False,False,False,False,False,,,,,,,,6.810987993958406,35.581011994509026,11.533688986673951,53.925688975141384,COMPONENT|CORRIDOR_INTERPOLATION|PRODUCTION|PRODUCTION_OFFSET,COMPONENT|CORRIDOR_INTERPOLATION|PRODUCTION|PRODUCTION_OFFSET,LONG_ENTRY_SHORT_EXIT|SHORT_ENTRY_SHORT_EXIT
DEVELOPMENT,DVE002,64,NO_RESERVES_DIAGONAL,2,32,32,2,62,62,0,12,12,10,10,11,0,0.0,False,,,False,False,False,False,False,False,False,False,,,,,,,,6.810987993958406,50.46774398942944,11.296903001493774,68.57563498488162,COMPONENT|CORRIDOR|CORRIDOR_INTERPOLATION|PRODUCTION|PRODUCTION_OFFSET,COMPONENT|CORRIDOR|CORRIDOR_INTERPOLATION|PRODUCTION|PRODUCTION_OFFSET,LONG_ENTRY_SHORT_EXIT|SHORT_ENTRY_SHORT_EXIT
DEVELOPMENT,DVE002,96,NO_RESERVES_DIAGONAL,2,32,32,2,62,62,0,12,12,10,10,11,0,0.0,False,,,False,False,False,False,False,False,False,False,,,,,,,,6.810987993958406,50.82855399814434,13.833060991601087,71.47260298370384,COMPONENT|CORRIDOR|CORRIDOR_INTERPOLATION|PRODUCTION|PRODUCTION_OFFSET,COMPONENT|CORRIDOR|CORRIDOR_INTERPOLATION|PRODUCTION|PRODUCTION_OFFSET,LONG_ENTRY_SHORT_EXIT|SHORT_ENTRY_SHORT_EXIT
DEVELOPMENT,DVE002,128,NO_RESERVES_DIAGONAL,2,32,32,2,62,62,0,12,12,10,10,11,0,0.0,False,,,False,False,False,False,False,False,False,False,,,,,,,,6.810987993958406,50.925678995554335,11.4286159951007,69.16528298461344,COMPONENT|CORRIDOR|CORRIDOR_INTERPOLATION|PRODUCTION|PRODUCTION_OFFSET,COMPONENT|CORRIDOR|CORRIDOR_INTERPOLATION|PRODUCTION|PRODUCTION_OFFSET,LONG_ENTRY_SHORT_EXIT|SHORT_ENTRY_SHORT_EXIT
DEVELOPMENT,DVE003,24,NO_RESERVES_DIAGONAL,2,40,16,2,24,24,0,12,12,12,12,12,2,0.16666666666666666,False,,,False,False,False,False,False,False,False,False,,,,,,,,6.645041998126544,13.815551996231079,13.088168008835055,33.54876200319268,COMPONENT|PRODUCTION,COMPONENT|PRODUCTION,LONG_ENTRY_SHORT_EXIT|SHORT_ENTRY_SHORT_EXIT
DEVELOPMENT,DVE003,32,NO_RESERVES_DIAGONAL,2,40,20,2,32,32,0,12,12,12,12,12,2,0.16666666666666666,False,,,False,False,False,False,False,False,False,False,,,,,,,,6.645041998126544,18.65842699771747,12.089385010767728,37.39285400661174,COMPONENT|PRODUCTION|PRODUCTION_OFFSET,COMPONENT|PRODUCTION,LONG_ENTRY_SHORT_EXIT|SHORT_ENTRY_SHORT_EXIT
DEVELOPMENT,DVE003,48,NO_RESERVES_DIAGONAL,2,40,28,2,48,48,0,12,12,12,12,12,2,0.16666666666666666,False,,,False,False,False,False,False,False,False,False,,,,,,,,6.645041998126544,35.339308000402525,11.164997995365411,53.14934799389448,COMPONENT|CORRIDOR_INTERPOLATION|PRODUCTION|PRODUCTION_OFFSET,COMPONENT|PRODUCTION|PRODUCTION_OFFSET,LONG_ENTRY_SHORT_EXIT|SHORT_ENTRY_SHORT_EXIT
DEVELOPMENT,DVE003,64,NO_RESERVES_DIAGONAL,2,40,36,2,64,64,0,12,12,12,12,12,3,0.25,False,,,False,False,False,False,False,False,False,False,,,,,,,,6.645041998126544,62.0039130008081,11.252632990363054,79.9015879892977,COMPONENT|CORRIDOR_INTERPOLATION|PRODUCTION|PRODUCTION_OFFSET,COMPONENT|PRODUCTION|PRODUCTION_OFFSET,LONG_ENTRY_SHORT_EXIT|SHORT_ENTRY_SHORT_EXIT
DEVELOPMENT,DVE003,96,NO_RESERVES_DIAGONAL,2,40,40,2,78,78,0,12,12,12,12,12,3,0.25,False,,,False,False,False,False,False,False,False,False,,,,,,,,6.645041998126544,82.54378999117762,11.323796003125608,100.51262799242977,COMPONENT|CORRIDOR|CORRIDOR_INTERPOLATION|PRODUCTION|PRODUCTION_OFFSET,COMPONENT|PRODUCTION|PRODUCTION_OFFSET,LONG_ENTRY_SHORT_EXIT|SHORT_ENTRY_SHORT_EXIT
DEVELOPMENT,DVE003,128,NO_RESERVES_DIAGONAL,2,40,40,2,78,78,0,12,12,12,12,12,3,0.25,False,,,False,False,False,False,False,False,False,False,,,,,,,,6.645041998126544,82.9066279984545,11.874792995513417,101.42646299209446,COMPONENT|CORRIDOR|CORRIDOR_INTERPOLATION|PRODUCTION|PRODUCTION_OFFSET,COMPONENT|PRODUCTION|PRODUCTION_OFFSET,LONG_ENTRY_SHORT_EXIT|SHORT_ENTRY_SHORT_EXIT
DEVELOPMENT,DVE004,24,NO_RESERVES_DIAGONAL,2,29,16,1,16,16,0,12,6,4,4,10,0,0.0,False,,,False,False,True,False,False,False,True,False,LEFT,0.15,0.15,1.310934367577036,6.677829896219816,02ad20ab80135e1b,,7.084383993060328,19.02037199761253,20.502143001067452,46.60689899174031,COMPONENT|PRODUCTION,COMPONENT|PRODUCTION,SHORT_ENTRY_SHORT_EXIT
DEVELOPMENT,DVE004,32,NO_RESERVES_DIAGONAL,2,29,20,1,20,20,0,12,7,5,5,10,0,0.0,False,,,False,False,True,False,False,False,True,False,LEFT,0.15,0.15,1.310934367577036,6.677829896219816,02ad20ab80135e1b,,7.084383993060328,23.52635200077202,25.89097099553328,56.50170698936563,COMPONENT|PRODUCTION|PRODUCTION_OFFSET,COMPONENT|PRODUCTION|PRODUCTION_OFFSET,SHORT_ENTRY_SHORT_EXIT
DEVELOPMENT,DVE004,48,NO_RESERVES_DIAGONAL,2,29,28,1,28,28,0,12,12,10,10,10,4,0.4,False,,,False,False,True,False,False,False,True,False,LEFT,0.15,0.15,1.310934367577036,6.677829896219816,02ad20ab80135e1b,,7.084383993060328,50.03942899929825,27.170973989996128,84.29478698235471,COMPONENT|CORRIDOR|CORRIDOR_INTERPOLATION|PRODUCTION|PRODUCTION_OFFSET,COMPONENT|CORRIDOR_INTERPOLATION|PRODUCTION|PRODUCTION_OFFSET,SHORT_ENTRY_SHORT_EXIT
DEVELOPMENT,DVE004,64,NO_RESERVES_DIAGONAL,2,29,29,1,29,29,0,12,12,10,10,10,4,0.4,False,,,False,False,True,False,False,False,True,False,LEFT,0.15,0.15,1.310934367577036,6.677829896219816,02ad20ab80135e1b,,7.084383993060328,49.80196399264969,27.29560900479555,84.18195699050557,COMPONENT|CORRIDOR|CORRIDOR_INTERPOLATION|PRODUCTION|PRODUCTION_OFFSET,COMPONENT|CORRIDOR_INTERPOLATION|PRODUCTION|PRODUCTION_OFFSET,SHORT_ENTRY_SHORT_EXIT
DEVELOPMENT,DVE004,96,NO_RESERVES_DIAGONAL,2,29,29,1,29,29,0,12,12,10,10,10,4,0.4,False,,,False,False,True,False,False,False,True,False,LEFT,0.15,0.15,1.310934367577036,6.677829896219816,02ad20ab80135e1b,,7.084383993060328,49.71758999454323,31.530620995908976,88.33259498351254,COMPONENT|CORRIDOR|CORRIDOR_INTERPOLATION|PRODUCTION|PRODUCTION_OFFSET,COMPONENT|CORRIDOR_INTERPOLATION|PRODUCTION|PRODUCTION_OFFSET,SHORT_ENTRY_SHORT_EXIT
DEVELOPMENT,DVE004,128,NO_RESERVES_DIAGONAL,2,29,29,1,29,29,0,12,12,10,10,10,4,0.4,False,,,False,False,True,False,False,False,True,False,LEFT,0.15,0.15,1.310934367577036,6.677829896219816,02ad20ab80135e1b,,7.084383993060328,49.29666001407895,27.763527003116906,84.14457101025619,COMPONENT|CORRIDOR|CORRIDOR_INTERPOLATION|PRODUCTION|PRODUCTION_OFFSET,COMPONENT|CORRIDOR_INTERPOLATION|PRODUCTION|PRODUCTION_OFFSET,SHORT_ENTRY_SHORT_EXIT
DEVELOPMENT,DVE005,24,NO_RESERVES_DIAGONAL,2,28,16,6,24,24,0,12,10,8,8,12,3,0.25,False,,,False,False,False,False,False,False,False,False,,,,,,,,7.868355009122752,14.270862011471763,18.019868002738804,40.15908502333332,COMPONENT|PRODUCTION,COMPONENT|PRODUCTION,LONG_ENTRY_LONG_EXIT|LONG_ENTRY_MEDIUM_EXIT|SHORT_ENTRY_SHORT_EXIT
DEVELOPMENT,DVE005,32,NO_RESERVES_DIAGONAL,2,28,20,6,32,32,0,12,11,9,9,12,3,0.25,False,,,False,False,False,False,False,False,False,False,,,,,,,,7.868355009122752,17.81632199708838,19.129154999973252,44.813832006184384,COMPONENT|PRODUCTION|PRODUCTION_OFFSET,COMPONENT|PRODUCTION|PRODUCTION_OFFSET,LONG_ENTRY_LONG_EXIT|LONG_ENTRY_MEDIUM_EXIT|SHORT_ENTRY_SHORT_EXIT
DEVELOPMENT,DVE005,48,NO_RESERVES_DIAGONAL,2,28,28,6,48,48,0,12,12,10,10,12,4,0.3333333333333333,False,,,False,False,False,False,False,False,False,False,,,,,,,,7.868355009122752,24.936654008342884,17.515756000648253,50.32076501811389,COMPONENT|CORRIDOR|CORRIDOR_INTERPOLATION|PRODUCTION|PRODUCTION_OFFSET,COMPONENT|CORRIDOR_INTERPOLATION|PRODUCTION|PRODUCTION_OFFSET,LONG_ENTRY_LONG_EXIT|LONG_ENTRY_MEDIUM_EXIT|SHORT_ENTRY_SHORT_EXIT
DEVELOPMENT,DVE005,64,NO_RESERVES_DIAGONAL,2,28,28,6,64,64,0,12,12,10,10,12,5,0.4166666666666667,False,,,False,False,False,False,False,False,False,False,,,,,,,,7.868355009122752,41.94082799949683,18.41052999952808,68.21971300814766,COMPONENT|CORRIDOR|CORRIDOR_INTERPOLATION|PRODUCTION|PRODUCTION_OFFSET,COMPONENT|CORRIDOR_INTERPOLATION|PRODUCTION,LONG_ENTRY_LONG_EXIT|LONG_ENTRY_MEDIUM_EXIT|LONG_ENTRY_SHORT_EXIT|SHORT_ENTRY_LONG_EXIT|SHORT_ENTRY_SHORT_EXIT
DEVELOPMENT,DVE005,96,NO_RESERVES_DIAGONAL,2,28,28,6,96,96,0,12,12,11,11,12,8,0.6666666666666666,False,,,False,False,False,False,False,False,False,False,,,,,,,,7.868355009122752,61.937895996379666,17.816362000303343,87.62261300580576,COMPONENT|CORRIDOR|CORRIDOR_INTERPOLATION|PRODUCTION|PRODUCTION_OFFSET,COMPONENT|CORRIDOR_INTERPOLATION|PRODUCTION|PRODUCTION_OFFSET,LONG_ENTRY_LONG_EXIT|LONG_ENTRY_MEDIUM_EXIT|LONG_ENTRY_SHORT_EXIT|SHORT_ENTRY_LONG_EXIT|SHORT_ENTRY_SHORT_EXIT
DEVELOPMENT,DVE005,128,NO_RESERVES_DIAGONAL,2,28,28,6,128,128,0,12,12,12,12,12,8,0.6666666666666666,False,,,False,False,False,False,False,False,False,False,,,,,,,,7.868355009122752,93.58676499687135,17.586213012691587,119.04133301868569,COMPONENT|CORRIDOR|CORRIDOR_INTERPOLATION|PRODUCTION|PRODUCTION_OFFSET,COMPONENT|CORRIDOR_INTERPOLATION|PRODUCTION|PRODUCTION_OFFSET,LONG_ENTRY_LONG_EXIT|LONG_ENTRY_MEDIUM_EXIT|LONG_ENTRY_SHORT_EXIT|SHORT_ENTRY_LONG_EXIT|SHORT_ENTRY_SHORT_EXIT
DEVELOPMENT,DVE006,24,NO_RESERVES_DIAGONAL,2,32,16,2,24,24,0,12,12,10,10,11,0,0.0,True,False,False,True,False,False,False,True,False,False,False,,,,,,,,7.3586070066085085,15.05348899809178,11.712079998687841,34.12417600338813,COMPONENT|PRODUCTION,COMPONENT|PRODUCTION,LONG_ENTRY_SHORT_EXIT|SHORT_ENTRY_SHORT_EXIT
DEVELOPMENT,DVE006,32,NO_RESERVES_DIAGONAL,2,32,20,2,32,32,0,12,12,10,10,11,0,0.0,True,False,False,True,False,True,False,False,False,False,False,LEFT,0.4537500000000001,0.4037500000000001,0.7136694116555473,0.4971684162574945,53d28b956e04c9bf,,7.3586070066085085,22.02523899904918,13.583687003119849,42.96753300877754,COMPONENT|PRODUCTION|PRODUCTION_OFFSET,COMPONENT|PRODUCTION_OFFSET,LONG_ENTRY_SHORT_EXIT|SHORT_ENTRY_SHORT_EXIT
DEVELOPMENT,DVE006,48,NO_RESERVES_DIAGONAL,2,32,28,2,48,48,0,12,12,10,10,11,0,0.0,True,False,False,True,False,True,False,False,False,False,False,LEFT,0.16265625,0.20362599039905696,0.5145810930150512,0.4971684162574945,90118fa097762722,,7.3586070066085085,42.44291300710756,14.020336006069556,63.82185601978563,COMPONENT|CORRIDOR_INTERPOLATION|PRODUCTION|PRODUCTION_OFFSET,COMPONENT|CORRIDOR_INTERPOLATION|PRODUCTION|PRODUCTION_OFFSET,LONG_ENTRY_SHORT_EXIT|SHORT_ENTRY_SHORT_EXIT
DEVELOPMENT,DVE006,64,NO_RESERVES_DIAGONAL,2,32,32,2,62,62,0,12,12,11,11,11,0,0.0,True,False,False,True,False,True,False,False,False,False,False,LEFT,0.16265625,0.20362599039905696,0.5145810930150512,0.4971684162574945,90118fa097762722,,7.3586070066085085,60.11235699406825,12.42057299532462,79.89153699600138,COMPONENT|CORRIDOR|CORRIDOR_INTERPOLATION|PRODUCTION|PRODUCTION_OFFSET,COMPONENT|CORRIDOR|CORRIDOR_INTERPOLATION|PRODUCTION_OFFSET,LONG_ENTRY_SHORT_EXIT|SHORT_ENTRY_SHORT_EXIT
DEVELOPMENT,DVE006,96,NO_RESERVES_DIAGONAL,2,32,32,2,62,62,0,12,12,11,11,11,0,0.0,True,False,False,True,False,True,False,False,False,False,False,LEFT,0.16265625,0.20362599039905696,0.5145810930150512,0.4971684162574945,90118fa097762722,,7.3586070066085085,59.895876998780295,11.863559004268609,79.11804300965741,COMPONENT|CORRIDOR|CORRIDOR_INTERPOLATION|PRODUCTION|PRODUCTION_OFFSET,COMPONENT|CORRIDOR|CORRIDOR_INTERPOLATION|PRODUCTION_OFFSET,LONG_ENTRY_SHORT_EXIT|SHORT_ENTRY_SHORT_EXIT
DEVELOPMENT,DVE006,128,NO_RESERVES_DIAGONAL,2,32,32,2,62,62,0,12,12,11,11,11,0,0.0,True,False,False,True,False,True,False,False,False,False,False,LEFT,0.16265625,0.20362599039905696,0.5145810930150512,0.4971684162574945,90118fa097762722,,7.3586070066085085,59.26825299684424,11.825430992757902,78.45229099621065,COMPONENT|CORRIDOR|CORRIDOR_INTERPOLATION|PRODUCTION|PRODUCTION_OFFSET,COMPONENT|CORRIDOR|CORRIDOR_INTERPOLATION|PRODUCTION_OFFSET,LONG_ENTRY_SHORT_EXIT|SHORT_ENTRY_SHORT_EXIT
DEVELOPMENT,DVE007,24,NO_RESERVES_DIAGONAL,2,28,16,1,16,16,0,12,6,4,4,10,3,0.3,True,True,True,True,False,True,False,False,False,False,False,RIGHT,-0.2275967546695623,-0.2275967546695623,1.310934367577036,7.397546202396385,19d0c38394f7bb60,,6.989900008193217,13.256466001621448,14.675362006528303,34.92172801634297,COMPONENT|PRODUCTION,COMPONENT|PRODUCTION,SHORT_ENTRY_SHORT_EXIT
DEVELOPMENT,DVE007,32,NO_RESERVES_DIAGONAL,2,28,20,1,20,20,0,12,7,5,5,10,4,0.4,True,True,True,True,False,True,False,False,False,False,False,RIGHT,-0.2275967546695623,-0.2275967546695623,1.310934367577036,7.397546202396385,19d0c38394f7bb60,,6.989900008193217,16.619838002952747,15.365732004283927,38.97547001542989,COMPONENT|PRODUCTION|PRODUCTION_OFFSET,COMPONENT|PRODUCTION|PRODUCTION_OFFSET,SHORT_ENTRY_SHORT_EXIT
DEVELOPMENT,DVE007,48,NO_RESERVES_DIAGONAL,2,28,28,1,28,28,0,12,12,10,10,10,6,0.6,True,True,True,True,False,True,False,False,False,False,False,RIGHT,-0.2275967546695623,-0.2275967546695623,1.310934367577036,7.397546202396385,19d0c38394f7bb60,,6.989900008193217,31.07595599431079,18.552770008682273,56.61862601118628,COMPONENT|CORRIDOR|CORRIDOR_INTERPOLATION|PRODUCTION|PRODUCTION_OFFSET,COMPONENT|CORRIDOR_INTERPOLATION|PRODUCTION|PRODUCTION_OFFSET,SHORT_ENTRY_SHORT_EXIT
DEVELOPMENT,DVE007,64,NO_RESERVES_DIAGONAL,2,28,28,1,28,28,0,12,12,10,10,10,6,0.6,True,True,True,True,False,True,False,False,False,False,False,RIGHT,-0.2275967546695623,-0.2275967546695623,1.310934367577036,7.397546202396385,19d0c38394f7bb60,,6.989900008193217,31.832776992814615,18.086684998706914,56.90936199971475,COMPONENT|CORRIDOR|CORRIDOR_INTERPOLATION|PRODUCTION|PRODUCTION_OFFSET,COMPONENT|CORRIDOR_INTERPOLATION|PRODUCTION|PRODUCTION_OFFSET,SHORT_ENTRY_SHORT_EXIT
DEVELOPMENT,DVE007,96,NO_RESERVES_DIAGONAL,2,28,28,1,28,28,0,12,12,10,10,10,6,0.6,True,True,True,True,False,True,False,False,False,False,False,RIGHT,-0.2275967546695623,-0.2275967546695623,1.310934367577036,7.397546202396385,19d0c38394f7bb60,,6.989900008193217,31.509206994087435,20.35288099432364,58.851987996604294,COMPONENT|CORRIDOR|CORRIDOR_INTERPOLATION|PRODUCTION|PRODUCTION_OFFSET,COMPONENT|CORRIDOR_INTERPOLATION|PRODUCTION|PRODUCTION_OFFSET,SHORT_ENTRY_SHORT_EXIT
DEVELOPMENT,DVE007,128,NO_RESERVES_DIAGONAL,2,28,28,1,28,28,0,12,12,10,10,10,6,0.6,True,True,True,True,False,True,False,False,False,False,False,RIGHT,-0.2275967546695623,-0.2275967546695623,1.310934367577036,7.397546202396385,19d0c38394f7bb60,,6.989900008193217,31.35529400606174,20.562245001201518,58.907439015456475,COMPONENT|CORRIDOR|CORRIDOR_INTERPOLATION|PRODUCTION|PRODUCTION_OFFSET,COMPONENT|CORRIDOR_INTERPOLATION|PRODUCTION|PRODUCTION_OFFSET,SHORT_ENTRY_SHORT_EXIT
DEVELOPMENT,DVE008,24,NO_RESERVES_DIAGONAL,1,22,16,2,24,24,0,12,12,10,10,12,0,0.0,False,,,False,False,False,False,False,False,False,False,,,,,,,,4.554676008410752,20.02267399802804,12.540752999484539,37.11810300592333,COMPONENT|PRODUCTION|PRODUCTION_OFFSET,COMPONENT|PRODUCTION|PRODUCTION_OFFSET,LONG_ENTRY_SHORT_EXIT|SHORT_ENTRY_SHORT_EXIT
DEVELOPMENT,DVE008,32,NO_RESERVES_DIAGONAL,1,22,20,2,32,32,0,12,12,10,10,12,0,0.0,False,,,False,False,False,False,False,False,False,False,,,,,,,,4.554676008410752,30.045471008634195,12.855591994593851,47.4557390116388,COMPONENT|CORRIDOR_INTERPOLATION|PRODUCTION|PRODUCTION_OFFSET,COMPONENT|PRODUCTION|PRODUCTION_OFFSET,LONG_ENTRY_SHORT_EXIT|SHORT_ENTRY_SHORT_EXIT
DEVELOPMENT,DVE008,48,NO_RESERVES_DIAGONAL,1,22,22,2,42,42,0,12,12,10,10,12,0,0.0,False,,,False,False,False,False,False,False,False,False,,,,,,,,4.554676008410752,42.74632899614517,16.446684006950818,63.747689011506736,COMPONENT|CORRIDOR|CORRIDOR_INTERPOLATION|PRODUCTION|PRODUCTION_OFFSET,COMPONENT|PRODUCTION|PRODUCTION_OFFSET,LONG_ENTRY_SHORT_EXIT|SHORT_ENTRY_SHORT_EXIT
DEVELOPMENT,DVE008,64,NO_RESERVES_DIAGONAL,1,22,22,2,42,42,0,12,12,10,10,12,0,0.0,False,,,False,False,False,False,False,False,False,False,,,,,,,,4.554676008410752,43.05796300468501,14.418125996598974,62.03076500969473,COMPONENT|CORRIDOR|CORRIDOR_INTERPOLATION|PRODUCTION|PRODUCTION_OFFSET,COMPONENT|PRODUCTION|PRODUCTION_OFFSET,LONG_ENTRY_SHORT_EXIT|SHORT_ENTRY_SHORT_EXIT
DEVELOPMENT,DVE008,96,NO_RESERVES_DIAGONAL,1,22,22,2,42,42,0,12,12,10,10,12,0,0.0,False,,,False,False,False,False,False,False,False,False,,,,,,,,4.554676008410752,42.22651799500454,13.891266004065983,60.67246000748128,COMPONENT|CORRIDOR|CORRIDOR_INTERPOLATION|PRODUCTION|PRODUCTION_OFFSET,COMPONENT|PRODUCTION|PRODUCTION_OFFSET,LONG_ENTRY_SHORT_EXIT|SHORT_ENTRY_SHORT_EXIT
DEVELOPMENT,DVE008,128,NO_RESERVES_DIAGONAL,1,22,22,2,42,42,0,12,12,10,10,12,0,0.0,False,,,False,False,False,False,False,False,False,False,,,,,,,,4.554676008410752,42.55381799885072,12.550041006761603,59.65853501402307,COMPONENT|CORRIDOR|CORRIDOR_INTERPOLATION|PRODUCTION|PRODUCTION_OFFSET,COMPONENT|PRODUCTION|PRODUCTION_OFFSET,LONG_ENTRY_SHORT_EXIT|SHORT_ENTRY_SHORT_EXIT
DEVELOPMENT,DVE009,24,NO_RESERVES_DIAGONAL,2,41,16,3,24,24,0,12,12,10,10,10,0,0.0,False,,,False,False,False,False,False,False,False,False,,,,,,,,8.08457400125917,26.803386004758067,22.201953994226642,57.08991400024388,COMPONENT|PRODUCTION,COMPONENT|PRODUCTION,LONG_ENTRY_MEDIUM_EXIT|SHORT_ENTRY_SHORT_EXIT
DEVELOPMENT,DVE009,32,NO_RESERVES_DIAGONAL,2,41,20,3,32,32,0,12,12,10,10,10,0,0.0,False,,,False,False,False,False,False,False,False,False,,,,,,,,8.08457400125917,30.709394995938055,21.2565980036743,60.050567000871524,COMPONENT|PRODUCTION|PRODUCTION_OFFSET,COMPONENT|PRODUCTION|PRODUCTION_OFFSET,LONG_ENTRY_MEDIUM_EXIT|SHORT_ENTRY_SHORT_EXIT
DEVELOPMENT,DVE009,48,NO_RESERVES_DIAGONAL,2,41,28,3,48,48,0,12,12,10,10,10,0,0.0,False,,,False,False,False,False,False,False,False,False,,,,,,,,8.08457400125917,52.10850200091954,19.36169200052973,79.55476800270844,COMPONENT|CORRIDOR_INTERPOLATION|PRODUCTION|PRODUCTION_OFFSET,COMPONENT|CORRIDOR_INTERPOLATION|PRODUCTION|PRODUCTION_OFFSET,LONG_ENTRY_MEDIUM_EXIT|SHORT_ENTRY_SHORT_EXIT
DEVELOPMENT,DVE009,64,NO_RESERVES_DIAGONAL,2,41,36,3,64,64,0,12,12,10,10,10,1,0.1,False,,,False,False,False,False,False,False,False,False,,,,,,,,8.08457400125917,82.94329399359412,20.53186199918855,111.55972999404185,COMPONENT|CORRIDOR_INTERPOLATION|PRODUCTION|PRODUCTION_OFFSET,CORRIDOR_INTERPOLATION|PRODUCTION|PRODUCTION_OFFSET,LONG_ENTRY_MEDIUM_EXIT|SHORT_ENTRY_SHORT_EXIT
DEVELOPMENT,DVE009,96,NO_RESERVES_DIAGONAL,2,41,41,3,96,96,0,12,12,10,10,10,1,0.1,False,,,False,False,False,False,False,False,False,False,,,,,,,,8.08457400125917,133.40686401352286,23.330456999246962,164.821895014029,COMPONENT|CORRIDOR|CORRIDOR_INTERPOLATION|PRODUCTION|PRODUCTION_OFFSET,COMPONENT|CORRIDOR_INTERPOLATION|PRODUCTION|PRODUCTION_OFFSET,LONG_ENTRY_MEDIUM_EXIT|SHORT_ENTRY_SHORT_EXIT
DEVELOPMENT,DVE009,128,NO_RESERVES_DIAGONAL,2,41,41,3,121,121,0,12,12,10,10,10,1,0.1,False,,,False,False,False,False,False,False,False,False,,,,,,,,8.08457400125917,177.78939800336957,24.7687200026121,210.64269200724084,COMPONENT|CORRIDOR|CORRIDOR_INTERPOLATION|PRODUCTION|PRODUCTION_OFFSET,COMPONENT|CORRIDOR_INTERPOLATION|PRODUCTION|PRODUCTION_OFFSET,LONG_ENTRY_MEDIUM_EXIT|SHORT_ENTRY_SHORT_EXIT
DEVELOPMENT,DVE010,24,NO_RESERVES_DIAGONAL,2,32,16,2,24,24,0,12,8,6,6,11,0,0.0,False,,,False,False,False,False,False,False,False,False,,,,,,,,7.117739995010197,13.485168004990555,11.379948002286255,31.982856002287008,COMPONENT|PRODUCTION,COMPONENT|PRODUCTION,SHORT_ENTRY_SHORT_EXIT
DEVELOPMENT,DVE010,32,NO_RESERVES_DIAGONAL,2,32,20,2,32,32,0,12,12,10,10,11,0,0.0,False,,,False,False,False,False,False,False,False,False,,,,,,,,7.117739995010197,20.81787900533527,15.318552003009245,43.25417100335471,COMPONENT|PRODUCTION|PRODUCTION_OFFSET,COMPONENT|PRODUCTION|PRODUCTION_OFFSET,LONG_ENTRY_SHORT_EXIT|SHORT_ENTRY_SHORT_EXIT
DEVELOPMENT,DVE010,48,NO_RESERVES_DIAGONAL,2,32,28,2,48,48,0,12,12,11,11,11,0,0.0,False,,,False,False,False,False,False,False,False,False,,,,,,,,7.117739995010197,38.04525198938791,13.371467997785658,58.53445998218376,COMPONENT|CORRIDOR_INTERPOLATION|PRODUCTION|PRODUCTION_OFFSET,COMPONENT|CORRIDOR_INTERPOLATION|PRODUCTION|PRODUCTION_OFFSET,SHORT_ENTRY_SHORT_EXIT
DEVELOPMENT,DVE010,64,NO_RESERVES_DIAGONAL,2,32,32,2,62,62,0,12,12,11,11,11,0,0.0,False,,,False,False,False,False,False,False,False,False,,,,,,,,7.117739995010197,54.78641300578602,12.272467007278465,74.17662000807468,COMPONENT|CORRIDOR|CORRIDOR_INTERPOLATION|PRODUCTION|PRODUCTION_OFFSET,COMPONENT|CORRIDOR|CORRIDOR_INTERPOLATION|PRODUCTION|PRODUCTION_OFFSET,SHORT_ENTRY_SHORT_EXIT
DEVELOPMENT,DVE010,96,NO_RESERVES_DIAGONAL,2,32,32,2,62,62,0,12,12,11,11,11,0,0.0,False,,,False,False,False,False,False,False,False,False,,,,,,,,7.117739995010197,54.23968899413012,12.656385995796882,74.0138149849372,COMPONENT|CORRIDOR|CORRIDOR_INTERPOLATION|PRODUCTION|PRODUCTION_OFFSET,COMPONENT|CORRIDOR|CORRIDOR_INTERPOLATION|PRODUCTION|PRODUCTION_OFFSET,SHORT_ENTRY_SHORT_EXIT
DEVELOPMENT,DVE010,128,NO_RESERVES_DIAGONAL,2,32,32,2,62,62,0,12,12,11,11,11,0,0.0,False,,,False,False,False,False,False,False,False,False,,,,,,,,7.117739995010197,55.91109399392735,11.776369996368885,74.80520398530643,COMPONENT|CORRIDOR|CORRIDOR_INTERPOLATION|PRODUCTION|PRODUCTION_OFFSET,COMPONENT|CORRIDOR|CORRIDOR_INTERPOLATION|PRODUCTION|PRODUCTION_OFFSET,SHORT_ENTRY_SHORT_EXIT
DEVELOPMENT,DVE011,24,NO_RESERVES_DIAGONAL,1,23,16,2,24,24,0,12,12,10,10,10,0,0.0,False,,,False,False,False,False,False,False,False,False,,,,,,,,6.231211998965591,24.45129099942278,19.134551999741234,49.817054998129606,COMPONENT|PRODUCTION|PRODUCTION_OFFSET,COMPONENT|PRODUCTION|PRODUCTION_OFFSET,LONG_ENTRY_SHORT_EXIT|SHORT_ENTRY_SHORT_EXIT
DEVELOPMENT,DVE011,32,NO_RESERVES_DIAGONAL,1,23,20,2,32,32,0,12,12,10,10,10,0,0.0,False,,,False,False,False,False,False,False,False,False,,,,,,,,6.231211998965591,32.216239007539116,17.47202499245759,55.9194759989623,COMPONENT|CORRIDOR_INTERPOLATION|PRODUCTION|PRODUCTION_OFFSET,COMPONENT|CORRIDOR_INTERPOLATION|PRODUCTION|PRODUCTION_OFFSET,LONG_ENTRY_SHORT_EXIT|SHORT_ENTRY_SHORT_EXIT
DEVELOPMENT,DVE011,48,NO_RESERVES_DIAGONAL,1,23,23,2,44,44,0,12,12,10,10,10,0,0.0,False,,,False,False,False,False,False,False,False,False,,,,,,,,6.231211998965591,57.185601006494835,16.962434994638897,80.37924800009932,COMPONENT|CORRIDOR|CORRIDOR_INTERPOLATION|PRODUCTION|PRODUCTION_OFFSET,COMPONENT|CORRIDOR|PRODUCTION|PRODUCTION_OFFSET,LONG_ENTRY_SHORT_EXIT|SHORT_ENTRY_SHORT_EXIT
DEVELOPMENT,DVE011,64,NO_RESERVES_DIAGONAL,1,23,23,2,44,44,0,12,12,10,10,10,0,0.0,False,,,False,False,False,False,False,False,False,False,,,,,,,,6.231211998965591,48.848714999621734,17.872957003419288,72.95288400200661,COMPONENT|CORRIDOR|CORRIDOR_INTERPOLATION|PRODUCTION|PRODUCTION_OFFSET,COMPONENT|CORRIDOR|PRODUCTION|PRODUCTION_OFFSET,LONG_ENTRY_SHORT_EXIT|SHORT_ENTRY_SHORT_EXIT
DEVELOPMENT,DVE011,96,NO_RESERVES_DIAGONAL,1,23,23,2,44,44,0,12,12,10,10,10,0,0.0,False,,,False,False,False,False,False,False,False,False,,,,,,,,6.231211998965591,50.061248999554664,20.203880994813517,76.49634199333377,COMPONENT|CORRIDOR|CORRIDOR_INTERPOLATION|PRODUCTION|PRODUCTION_OFFSET,COMPONENT|CORRIDOR|PRODUCTION|PRODUCTION_OFFSET,LONG_ENTRY_SHORT_EXIT|SHORT_ENTRY_SHORT_EXIT
DEVELOPMENT,DVE011,128,NO_RESERVES_DIAGONAL,1,23,23,2,44,44,0,12,12,10,10,10,0,0.0,False,,,False,False,False,False,False,False,False,False,,,,,,,,6.231211998965591,50.25733800721355,16.612806997727603,73.10135700390674,COMPONENT|CORRIDOR|CORRIDOR_INTERPOLATION|PRODUCTION|PRODUCTION_OFFSET,COMPONENT|CORRIDOR|PRODUCTION|PRODUCTION_OFFSET,LONG_ENTRY_SHORT_EXIT|SHORT_ENTRY_SHORT_EXIT
DEVELOPMENT,DVE012,24,NO_RESERVES_DIAGONAL,2,40,16,7,24,24,0,12,12,10,10,12,4,0.3333333333333333,True,True,True,True,True,True,True,False,False,False,False,RIGHT,-0.4058738239266747,-0.4058738239266747,1.310934367577036,3.94735730932694,c9592fe79d4433fa,c9592fe79d4433fa,6.880868008011021,19.646507993456908,44.656978992861696,71.18435499432962,COMPONENT|PRODUCTION,COMPONENT|PRODUCTION,LONG_ENTRY_LONG_EXIT|LONG_ENTRY_MEDIUM_EXIT|MEDIUM_ENTRY_SHORT_EXIT|SHORT_ENTRY_SHORT_EXIT
DEVELOPMENT,DVE012,32,NO_RESERVES_DIAGONAL,2,40,20,7,32,32,0,12,12,10,10,12,5,0.4166666666666667,True,True,True,True,True,True,True,False,False,False,False,RIGHT,-0.4058738239266747,-0.4058738239266747,1.310934367577036,3.94735730932694,c9592fe79d4433fa,c9592fe79d4433fa,6.880868008011021,25.826098994002678,44.53129100147635,77.23825800349005,COMPONENT|PRODUCTION|PRODUCTION_OFFSET,COMPONENT|PRODUCTION|PRODUCTION_OFFSET,LONG_ENTRY_LONG_EXIT|LONG_ENTRY_MEDIUM_EXIT|MEDIUM_ENTRY_SHORT_EXIT|SHORT_ENTRY_SHORT_EXIT
DEVELOPMENT,DVE012,48,NO_RESERVES_DIAGONAL,2,40,28,7,48,48,0,12,12,10,10,12,6,0.5,True,True,True,True,True,True,True,False,False,False,False,RIGHT,-0.4058738239266747,-0.4058738239266747,1.310934367577036,3.94735730932694,c9592fe79d4433fa,c9592fe79d4433fa,6.880868008011021,35.05371601204388,46.28461399988737,88.21919801994227,COMPONENT|CORRIDOR_INTERPOLATION|PRODUCTION|PRODUCTION_OFFSET,COMPONENT|PRODUCTION|PRODUCTION_OFFSET,LONG_ENTRY_LONG_EXIT|LONG_ENTRY_MEDIUM_EXIT|MEDIUM_ENTRY_SHORT_EXIT|SHORT_ENTRY_SHORT_EXIT
DEVELOPMENT,DVE012,64,NO_RESERVES_DIAGONAL,2,40,36,7,64,64,0,12,12,10,10,12,7,0.5833333333333334,True,True,True,True,True,True,True,False,False,False,False,RIGHT,-0.4058738239266747,-0.4058738239266747,1.310934367577036,3.94735730932694,c9592fe79d4433fa,c9592fe79d4433fa,6.880868008011021,51.64255200361367,48.698806000174955,107.22222601179965,COMPONENT|CORRIDOR_INTERPOLATION|PRODUCTION|PRODUCTION_OFFSET,PRODUCTION|PRODUCTION_OFFSET,LONG_ENTRY_LONG_EXIT|LONG_ENTRY_MEDIUM_EXIT|SHORT_ENTRY_SHORT_EXIT
DEVELOPMENT,DVE012,96,NO_RESERVES_DIAGONAL,2,40,40,7,96,96,0,12,12,10,10,12,7,0.5833333333333334,True,True,True,True,True,True,True,False,False,False,False,RIGHT,-0.4058738239266747,-0.4058738239266747,1.310934367577036,3.94735730932694,c9592fe79d4433fa,c9592fe79d4433fa,6.880868008011021,84.00533000531141,48.93050699320156,139.816705006524,COMPONENT|CORRIDOR|CORRIDOR_INTERPOLATION|PRODUCTION|PRODUCTION_OFFSET,PRODUCTION|PRODUCTION_OFFSET,LONG_ENTRY_LONG_EXIT|LONG_ENTRY_MEDIUM_EXIT|SHORT_ENTRY_LONG_EXIT|SHORT_ENTRY_SHORT_EXIT
DEVELOPMENT,DVE012,128,NO_RESERVES_DIAGONAL,2,40,40,7,128,128,0,12,12,11,11,12,9,0.75,True,True,True,True,True,True,True,False,False,False,False,RIGHT,-0.4058738239266747,-0.4058738239266747,1.310934367577036,3.94735730932694,c9592fe79d4433fa,c9592fe79d4433fa,6.880868008011021,125.33820199314505,48.62816999957431,180.84724000073038,COMPONENT|CORRIDOR|CORRIDOR_INTERPOLATION|PRODUCTION|PRODUCTION_OFFSET,PRODUCTION|PRODUCTION_OFFSET,LONG_ENTRY_LONG_EXIT|LONG_ENTRY_MEDIUM_EXIT|SHORT_ENTRY_LONG_EXIT|SHORT_ENTRY_SHORT_EXIT
DEVELOPMENT,DVE013,24,NO_RESERVES_DIAGONAL,2,45,16,2,24,24,0,12,12,10,10,12,0,0.0,False,,,False,False,False,False,False,False,False,False,,,,,,,,9.721855007228442,21.667213994078338,14.0239039901644,45.41297299147118,COMPONENT|PRODUCTION,COMPONENT|PRODUCTION,SHORT_ENTRY_SHORT_EXIT
DEVELOPMENT,DVE013,32,NO_RESERVES_DIAGONAL,2,45,20,2,32,32,0,12,12,10,10,12,0,0.0,False,,,False,False,False,False,False,False,False,False,,,,,,,,9.721855007228442,27.946765985689126,15.250648008077405,52.91926900099497,COMPONENT|PRODUCTION|PRODUCTION_OFFSET,COMPONENT|PRODUCTION|PRODUCTION_OFFSET,LONG_ENTRY_SHORT_EXIT|SHORT_ENTRY_SHORT_EXIT
DEVELOPMENT,DVE013,48,NO_RESERVES_DIAGONAL,2,45,28,2,48,48,0,12,12,10,10,12,0,0.0,False,,,False,False,False,False,False,False,False,False,,,,,,,,9.721855007228442,46.39641899848357,15.129149993299507,71.24742399901152,COMPONENT|PRODUCTION|PRODUCTION_OFFSET,COMPONENT|PRODUCTION|PRODUCTION_OFFSET,SHORT_ENTRY_SHORT_EXIT
DEVELOPMENT,DVE013,64,NO_RESERVES_DIAGONAL,2,45,36,2,64,64,0,12,12,10,10,12,0,0.0,False,,,False,False,False,False,False,False,False,False,,,,,,,,9.721855007228442,69.9439390009502,14.644812006736174,94.31060601491481,COMPONENT|CORRIDOR_INTERPOLATION|PRODUCTION|PRODUCTION_OFFSET,COMPONENT|PRODUCTION|PRODUCTION_OFFSET,SHORT_ENTRY_SHORT_EXIT
DEVELOPMENT,DVE013,96,NO_RESERVES_DIAGONAL,2,45,45,2,86,86,0,12,12,10,10,12,0,0.0,False,,,False,False,False,False,False,False,False,False,,,,,,,,9.721855007228442,101.9384480023291,15.516195999225602,127.17649900878314,COMPONENT|CORRIDOR|CORRIDOR_INTERPOLATION|PRODUCTION|PRODUCTION_OFFSET,COMPONENT|PRODUCTION|PRODUCTION_OFFSET,SHORT_ENTRY_SHORT_EXIT
DEVELOPMENT,DVE013,128,NO_RESERVES_DIAGONAL,2,45,45,2,86,86,0,12,12,10,10,12,0,0.0,False,,,False,False,False,False,False,False,False,False,,,,,,,,9.721855007228442,101.66172999015544,13.84610500826966,125.22969000565354,COMPONENT|CORRIDOR|CORRIDOR_INTERPOLATION|PRODUCTION|PRODUCTION_OFFSET,COMPONENT|PRODUCTION|PRODUCTION_OFFSET,SHORT_ENTRY_SHORT_EXIT
DEVELOPMENT,DVE014,24,NO_RESERVES_DIAGONAL,2,38,16,7,24,24,0,12,12,9,9,12,4,0.3333333333333333,True,True,True,True,True,True,True,False,False,False,False,RIGHT,-0.37068151566060736,-0.37068151566060736,1.310934367577036,7.397546202396385,688f323ac5b5281a,688f323ac5b5281a,6.8312509974930435,21.987129002809525,26.481663007871248,55.300043008173816,COMPONENT|PRODUCTION,COMPONENT|PRODUCTION,LONG_ENTRY_LONG_EXIT|LONG_ENTRY_MEDIUM_EXIT|MEDIUM_ENTRY_SHORT_EXIT|SHORT_ENTRY_LONG_EXIT|SHORT_ENTRY_SHORT_EXIT
DEVELOPMENT,DVE014,32,NO_RESERVES_DIAGONAL,2,38,20,7,32,32,0,12,12,10,10,12,4,0.3333333333333333,True,True,True,True,True,True,True,False,False,False,False,RIGHT,-0.37068151566060736,-0.37068151566060736,1.310934367577036,7.397546202396385,688f323ac5b5281a,688f323ac5b5281a,6.8312509974930435,28.75803000642918,21.295355996699072,56.8846370006213,COMPONENT|PRODUCTION|PRODUCTION_OFFSET,COMPONENT|PRODUCTION|PRODUCTION_OFFSET,LONG_ENTRY_LONG_EXIT|LONG_ENTRY_MEDIUM_EXIT|SHORT_ENTRY_LONG_EXIT|SHORT_ENTRY_SHORT_EXIT
DEVELOPMENT,DVE014,48,NO_RESERVES_DIAGONAL,2,38,28,7,48,48,0,12,12,10,10,12,4,0.3333333333333333,True,True,True,True,True,True,True,False,False,False,False,RIGHT,-0.37068151566060736,-0.37068151566060736,1.310934367577036,7.397546202396385,688f323ac5b5281a,688f323ac5b5281a,6.8312509974930435,37.632626001141034,20.71446500485763,65.17834200349171,COMPONENT|CORRIDOR_INTERPOLATION|PRODUCTION|PRODUCTION_OFFSET,COMPONENT|CORRIDOR_INTERPOLATION|PRODUCTION|PRODUCTION_OFFSET,LONG_ENTRY_LONG_EXIT|LONG_ENTRY_MEDIUM_EXIT|SHORT_ENTRY_LONG_EXIT|SHORT_ENTRY_SHORT_EXIT
DEVELOPMENT,DVE014,64,NO_RESERVES_DIAGONAL,2,38,36,7,64,64,0,12,12,10,10,12,4,0.3333333333333333,True,True,True,True,True,True,True,False,False,False,False,RIGHT,-0.37068151566060736,-0.37068151566060736,1.310934367577036,7.397546202396385,688f323ac5b5281a,688f323ac5b5281a,6.8312509974930435,53.1101660017157,20.44727699831128,80.38869399752002,COMPONENT|CORRIDOR_INTERPOLATION|PRODUCTION|PRODUCTION_OFFSET,COMPONENT|CORRIDOR_INTERPOLATION|PRODUCTION|PRODUCTION_OFFSET,LONG_ENTRY_LONG_EXIT|LONG_ENTRY_MEDIUM_EXIT|LONG_ENTRY_SHORT_EXIT|SHORT_ENTRY_LONG_EXIT|SHORT_ENTRY_SHORT_EXIT
DEVELOPMENT,DVE014,96,NO_RESERVES_DIAGONAL,2,38,38,7,96,96,0,12,12,10,10,12,5,0.4166666666666667,True,True,True,True,True,True,True,False,False,False,False,RIGHT,-0.37068151566060736,-0.37068151566060736,1.310934367577036,7.397546202396385,688f323ac5b5281a,688f323ac5b5281a,6.8312509974930435,85.71556700917426,21.128636988578364,113.67545499524567,COMPONENT|CORRIDOR|CORRIDOR_INTERPOLATION|PRODUCTION|PRODUCTION_OFFSET,CORRIDOR_INTERPOLATION|PRODUCTION|PRODUCTION_OFFSET,LONG_ENTRY_LONG_EXIT|LONG_ENTRY_MEDIUM_EXIT|LONG_ENTRY_SHORT_EXIT
DEVELOPMENT,DVE014,128,NO_RESERVES_DIAGONAL,2,38,38,7,128,128,0,12,12,11,11,12,8,0.6666666666666666,True,True,True,True,True,True,True,False,False,False,False,RIGHT,-0.37068151566060736,-0.37068151566060736,1.310934367577036,7.397546202396385,688f323ac5b5281a,688f323ac5b5281a,6.8312509974930435,123.74513699614909,22.86156600166578,153.4379539953079,COMPONENT|CORRIDOR|CORRIDOR_INTERPOLATION|PRODUCTION|PRODUCTION_OFFSET,PRODUCTION|PRODUCTION_OFFSET,LONG_ENTRY_LONG_EXIT|LONG_ENTRY_MEDIUM_EXIT|LONG_ENTRY_SHORT_EXIT|SHORT_ENTRY_SHORT_EXIT
DEVELOPMENT,DVE015,24,NO_RESERVES_DIAGONAL,2,30,16,2,24,24,0,12,8,3,3,11,3,0.2727272727272727,True,True,True,True,True,True,True,False,False,False,False,RIGHT,-0.3855196061247646,-0.49785258987037595,0.5145810930150512,0.4971684162574945,9b0793775cd3b8b8,9b0793775cd3b8b8,6.483155011665076,6.6557990066939965,10.098754995851777,23.23770901421085,COMPONENT|PRODUCTION,COMPONENT|PRODUCTION,LONG_ENTRY_SHORT_EXIT|SHORT_ENTRY_SHORT_EXIT
DEVELOPMENT,DVE015,32,NO_RESERVES_DIAGONAL,2,30,20,2,32,32,0,12,9,4,4,11,3,0.2727272727272727,True,True,True,True,True,True,True,False,False,False,False,RIGHT,-0.3855196061247646,-0.49785258987037595,0.5145810930150512,0.4971684162574945,9b0793775cd3b8b8,9b0793775cd3b8b8,6.483155011665076,8.557573994039558,11.479426990263164,26.520155995967798,COMPONENT|PRODUCTION|PRODUCTION_OFFSET,COMPONENT|PRODUCTION|PRODUCTION_OFFSET,LONG_ENTRY_SHORT_EXIT|SHORT_ENTRY_SHORT_EXIT
DEVELOPMENT,DVE015,48,NO_RESERVES_DIAGONAL,2,30,28,2,48,48,0,12,12,7,7,11,4,0.36363636363636365,True,True,True,True,True,True,True,False,False,False,False,RIGHT,-0.3418345568903602,-0.4418345568903602,0.5145810930150512,0.4971684162574945,08f1832615bbac70,08f1832615bbac70,6.483155011665076,14.04482098587323,10.902260008151643,31.43023600568995,COMPONENT|CORRIDOR_INTERPOLATION|PRODUCTION|PRODUCTION_OFFSET,COMPONENT|CORRIDOR_INTERPOLATION|PRODUCTION|PRODUCTION_OFFSET,LONG_ENTRY_SHORT_EXIT|SHORT_ENTRY_SHORT_EXIT
DEVELOPMENT,DVE015,64,NO_RESERVES_DIAGONAL,2,30,30,2,58,58,0,12,12,5,5,11,5,0.45454545454545453,True,True,True,True,True,True,True,False,False,False,False,RIGHT,-0.3418345568903602,-0.4418345568903602,0.5145810930150512,0.4971684162574945,08f1832615bbac70,08f1832615bbac70,6.483155011665076,19.638868994661607,14.081736997468397,40.20376100379508,COMPONENT|CORRIDOR|CORRIDOR_INTERPOLATION|PRODUCTION|PRODUCTION_OFFSET,COMPONENT|CORRIDOR_INTERPOLATION|PRODUCTION,LONG_ENTRY_SHORT_EXIT|SHORT_ENTRY_SHORT_EXIT
DEVELOPMENT,DVE015,96,NO_RESERVES_DIAGONAL,2,30,30,2,58,58,0,12,12,5,5,11,5,0.45454545454545453,True,True,True,True,True,True,True,False,False,False,False,RIGHT,-0.3418345568903602,-0.4418345568903602,0.5145810930150512,0.4971684162574945,08f1832615bbac70,08f1832615bbac70,6.483155011665076,20.844653990934603,12.181949001387693,39.50975800398737,COMPONENT|CORRIDOR|CORRIDOR_INTERPOLATION|PRODUCTION|PRODUCTION_OFFSET,COMPONENT|CORRIDOR_INTERPOLATION|PRODUCTION,LONG_ENTRY_SHORT_EXIT|SHORT_ENTRY_SHORT_EXIT
DEVELOPMENT,DVE015,128,NO_RESERVES_DIAGONAL,2,30,30,2,58,58,0,12,12,5,5,11,5,0.45454545454545453,True,True,True,True,True,True,True,False,False,False,False,RIGHT,-0.3418345568903602,-0.4418345568903602,0.5145810930150512,0.4971684162574945,08f1832615bbac70,08f1832615bbac70,6.483155011665076,18.992013996466994,10.935299011180177,36.41046801931225,COMPONENT|CORRIDOR|CORRIDOR_INTERPOLATION|PRODUCTION|PRODUCTION_OFFSET,COMPONENT|CORRIDOR_INTERPOLATION|PRODUCTION,LONG_ENTRY_SHORT_EXIT|SHORT_ENTRY_SHORT_EXIT
DEVELOPMENT,DVE016,24,NO_RESERVES_DIAGONAL,1,21,16,6,24,24,0,12,12,10,10,10,2,0.2,False,,,False,False,False,False,False,False,False,False,,,,,,,,5.094004998682067,29.35675100889057,27.682332991389558,62.133088998962194,COMPONENT|CORRIDOR_INTERPOLATION|PRODUCTION|PRODUCTION_OFFSET,COMPONENT|PRODUCTION|PRODUCTION_OFFSET,LONG_ENTRY_LONG_EXIT|LONG_ENTRY_MEDIUM_EXIT|SHORT_ENTRY_SHORT_EXIT
DEVELOPMENT,DVE016,32,NO_RESERVES_DIAGONAL,1,21,20,6,32,32,0,12,12,10,10,10,2,0.2,False,,,False,False,False,False,False,False,False,False,,,,,,,,5.094004998682067,35.89872499287594,26.853200994082727,67.84593098564073,COMPONENT|CORRIDOR_INTERPOLATION|PRODUCTION|PRODUCTION_OFFSET,COMPONENT|CORRIDOR_INTERPOLATION|PRODUCTION|PRODUCTION_OFFSET,LONG_ENTRY_LONG_EXIT|LONG_ENTRY_MEDIUM_EXIT|SHORT_ENTRY_SHORT_EXIT
DEVELOPMENT,DVE016,48,NO_RESERVES_DIAGONAL,1,21,21,6,48,48,0,12,12,10,10,10,2,0.2,False,,,False,False,False,False,False,False,False,False,,,,,,,,5.094004998682067,64.69416899199132,28.405513003235683,98.19368699390907,COMPONENT|CORRIDOR|CORRIDOR_INTERPOLATION|PRODUCTION|PRODUCTION_OFFSET,COMPONENT|CORRIDOR_INTERPOLATION|PRODUCTION|PRODUCTION_OFFSET,LONG_ENTRY_LONG_EXIT|LONG_ENTRY_MEDIUM_EXIT|SHORT_ENTRY_SHORT_EXIT
DEVELOPMENT,DVE016,64,NO_RESERVES_DIAGONAL,1,21,21,6,64,64,0,12,12,10,10,10,3,0.3,False,,,False,False,False,False,False,False,False,False,,,,,,,,5.094004998682067,87.42798599996604,28.58029400522355,121.10228500387166,COMPONENT|CORRIDOR|CORRIDOR_INTERPOLATION|PRODUCTION|PRODUCTION_OFFSET,COMPONENT|CORRIDOR_INTERPOLATION|PRODUCTION|PRODUCTION_OFFSET,LONG_ENTRY_LONG_EXIT|LONG_ENTRY_MEDIUM_EXIT|SHORT_ENTRY_SHORT_EXIT
DEVELOPMENT,DVE016,96,NO_RESERVES_DIAGONAL,1,21,21,6,96,96,0,12,12,10,10,10,3,0.3,False,,,False,False,False,False,False,False,False,False,,,,,,,,5.094004998682067,157.04242400533985,26.959354989230633,189.09578399325255,COMPONENT|CORRIDOR|CORRIDOR_INTERPOLATION|PRODUCTION|PRODUCTION_OFFSET,COMPONENT|CORRIDOR_INTERPOLATION|PRODUCTION|PRODUCTION_OFFSET,LONG_ENTRY_LONG_EXIT|LONG_ENTRY_MEDIUM_EXIT|SHORT_ENTRY_SHORT_EXIT
DEVELOPMENT,DVE016,128,NO_RESERVES_DIAGONAL,1,21,21,6,126,126,0,12,12,10,10,10,3,0.3,False,,,False,False,False,False,False,False,False,False,,,,,,,,5.094004998682067,238.58015600126237,26.2577230023453,269.93188400228973,COMPONENT|CORRIDOR|CORRIDOR_INTERPOLATION|PRODUCTION|PRODUCTION_OFFSET,COMPONENT|CORRIDOR_INTERPOLATION|PRODUCTION|PRODUCTION_OFFSET,LONG_ENTRY_LONG_EXIT|LONG_ENTRY_MEDIUM_EXIT|SHORT_ENTRY_SHORT_EXIT
DEVELOPMENT,DVE017,24,NO_RESERVES_DIAGONAL,2,30,16,2,24,24,0,12,12,6,6,11,4,0.36363636363636365,True,True,True,True,True,True,True,False,False,False,False,RIGHT,-0.33559383557115957,-0.37559383557115955,0.5145810930150512,0.4971684162574945,82eaaab619268bd5,82eaaab619268bd5,7.442405010806397,12.954410005477257,12.036543994327076,32.43335901061073,COMPONENT|PRODUCTION,COMPONENT|PRODUCTION,LONG_ENTRY_SHORT_EXIT|SHORT_ENTRY_SHORT_EXIT
DEVELOPMENT,DVE017,32,NO_RESERVES_DIAGONAL,2,30,20,2,32,32,0,12,12,8,8,11,4,0.36363636363636365,True,True,True,True,True,True,True,False,False,False,False,RIGHT,-0.33559383557115957,-0.37559383557115955,0.5145810930150512,0.4971684162574945,82eaaab619268bd5,82eaaab619268bd5,7.442405010806397,17.157562004285865,13.775311002973467,38.37527801806573,COMPONENT|PRODUCTION|PRODUCTION_OFFSET,COMPONENT|PRODUCTION|PRODUCTION_OFFSET,LONG_ENTRY_SHORT_EXIT|SHORT_ENTRY_SHORT_EXIT
DEVELOPMENT,DVE017,48,NO_RESERVES_DIAGONAL,2,30,28,2,48,48,0,12,12,8,8,11,5,0.45454545454545453,True,True,True,True,True,True,True,False,False,False,False,RIGHT,-0.33559383557115957,-0.4229639340399684,0.5145810930150512,0.4971684162574945,fdfd2faa328387f9,fdfd2faa328387f9,7.442405010806397,33.49201001401525,12.033119011903182,52.96753403672483,COMPONENT|CORRIDOR_INTERPOLATION|PRODUCTION|PRODUCTION_OFFSET,COMPONENT|CORRIDOR_INTERPOLATION|PRODUCTION|PRODUCTION_OFFSET,LONG_ENTRY_SHORT_EXIT|SHORT_ENTRY_SHORT_EXIT
DEVELOPMENT,DVE017,64,NO_RESERVES_DIAGONAL,2,30,30,2,58,58,0,12,12,6,6,11,6,0.5454545454545454,True,True,True,True,True,True,True,False,False,False,False,RIGHT,-0.33559383557115957,-0.4229639340399684,0.5145810930150512,0.4971684162574945,fdfd2faa328387f9,fdfd2faa328387f9,7.442405010806397,45.540916005847976,12.185913001303561,65.16923401795793,COMPONENT|CORRIDOR|CORRIDOR_INTERPOLATION|PRODUCTION|PRODUCTION_OFFSET,COMPONENT|CORRIDOR|CORRIDOR_INTERPOLATION|PRODUCTION,LONG_ENTRY_SHORT_EXIT|SHORT_ENTRY_SHORT_EXIT
DEVELOPMENT,DVE017,96,NO_RESERVES_DIAGONAL,2,30,30,2,58,58,0,12,12,6,6,11,6,0.5454545454545454,True,True,True,True,True,True,True,False,False,False,False,RIGHT,-0.33559383557115957,-0.4229639340399684,0.5145810930150512,0.4971684162574945,fdfd2faa328387f9,fdfd2faa328387f9,7.442405010806397,45.24357400077861,11.628089006990194,64.3140680185752,COMPONENT|CORRIDOR|CORRIDOR_INTERPOLATION|PRODUCTION|PRODUCTION_OFFSET,COMPONENT|CORRIDOR|CORRIDOR_INTERPOLATION|PRODUCTION,LONG_ENTRY_SHORT_EXIT|SHORT_ENTRY_SHORT_EXIT
DEVELOPMENT,DVE017,128,NO_RESERVES_DIAGONAL,2,30,30,2,58,58,0,12,12,6,6,11,6,0.5454545454545454,True,True,True,True,True,True,True,False,False,False,False,RIGHT,-0.33559383557115957,-0.4229639340399684,0.5145810930150512,0.4971684162574945,fdfd2faa328387f9,fdfd2faa328387f9,7.442405010806397,47.115678011323325,11.756285995943472,66.3143690180732,COMPONENT|CORRIDOR|CORRIDOR_INTERPOLATION|PRODUCTION|PRODUCTION_OFFSET,COMPONENT|CORRIDOR|CORRIDOR_INTERPOLATION|PRODUCTION,LONG_ENTRY_SHORT_EXIT|SHORT_ENTRY_SHORT_EXIT
DEVELOPMENT,DVE018,24,NO_RESERVES_DIAGONAL,2,40,16,7,24,24,0,12,12,10,10,12,4,0.3333333333333333,True,False,False,True,True,True,True,False,False,False,False,RIGHT,-0.393252662812106,-0.393252662812106,1.310934367577036,3.94735730932694,a0699a49449cddb1,a0699a49449cddb1,7.640694995643571,21.969317996990867,21.513792002224363,51.1238049948588,COMPONENT|PRODUCTION,COMPONENT|PRODUCTION,LONG_ENTRY_LONG_EXIT|LONG_ENTRY_MEDIUM_EXIT|MEDIUM_ENTRY_SHORT_EXIT|SHORT_ENTRY_SHORT_EXIT
DEVELOPMENT,DVE018,32,NO_RESERVES_DIAGONAL,2,40,20,7,32,32,0,12,12,10,10,12,5,0.4166666666666667,True,False,False,True,True,True,True,False,False,False,False,RIGHT,-0.393252662812106,-0.40325266281210603,1.310934367577036,7.397546202396385,e2c991a5806b65b0,e2c991a5806b65b0,7.640694995643571,25.41601900884416,22.11452899791766,55.17124300240539,COMPONENT|PRODUCTION|PRODUCTION_OFFSET,PRODUCTION|PRODUCTION_OFFSET,LONG_ENTRY_LONG_EXIT|LONG_ENTRY_MEDIUM_EXIT|SHORT_ENTRY_SHORT_EXIT
DEVELOPMENT,DVE018,48,NO_RESERVES_DIAGONAL,2,40,28,7,48,48,0,12,12,10,10,12,6,0.5,True,False,False,True,True,True,True,False,False,False,False,RIGHT,-0.393252662812106,-0.40325266281210603,1.310934367577036,7.397546202396385,e2c991a5806b65b0,e2c991a5806b65b0,7.640694995643571,33.64933800185099,21.98020400828682,63.27023700578138,COMPONENT|CORRIDOR_INTERPOLATION|PRODUCTION|PRODUCTION_OFFSET,PRODUCTION|PRODUCTION_OFFSET,LONG_ENTRY_LONG_EXIT|LONG_ENTRY_MEDIUM_EXIT|SHORT_ENTRY_SHORT_EXIT
DEVELOPMENT,DVE018,64,NO_RESERVES_DIAGONAL,2,40,36,7,64,64,0,12,12,10,10,12,8,0.6666666666666666,True,False,False,True,True,True,True,False,False,False,False,RIGHT,-0.3948424649556669,-0.4048424649556669,1.310934367577036,7.397546202396385,08dd6c73cd03a774,08dd6c73cd03a774,7.640694995643571,50.58406200259924,23.355261000688188,81.580017998931,COMPONENT|CORRIDOR_INTERPOLATION|PRODUCTION|PRODUCTION_OFFSET,PRODUCTION|PRODUCTION_OFFSET,LONG_ENTRY_LONG_EXIT|LONG_ENTRY_MEDIUM_EXIT
DEVELOPMENT,DVE018,96,NO_RESERVES_DIAGONAL,2,40,40,7,96,96,0,12,12,10,10,12,8,0.6666666666666666,True,False,False,True,True,True,True,False,False,False,False,RIGHT,-0.3948424649556669,-0.4048424649556669,1.310934367577036,7.397546202396385,08dd6c73cd03a774,08dd6c73cd03a774,7.640694995643571,79.00025899289176,23.817747001885436,110.45870099042077,COMPONENT|CORRIDOR|CORRIDOR_INTERPOLATION|PRODUCTION|PRODUCTION_OFFSET,PRODUCTION|PRODUCTION_OFFSET,LONG_ENTRY_LONG_EXIT|LONG_ENTRY_MEDIUM_EXIT|SHORT_ENTRY_LONG_EXIT
DEVELOPMENT,DVE018,128,NO_RESERVES_DIAGONAL,2,40,40,7,128,128,0,12,12,11,11,12,10,0.8333333333333334,True,False,False,True,True,True,True,False,False,False,False,RIGHT,-0.3948424649556669,-0.4048424649556669,1.310934367577036,7.397546202396385,08dd6c73cd03a774,08dd6c73cd03a774,7.640694995643571,122.68764400505461,22.485377005068585,152.81371600576676,COMPONENT|CORRIDOR|CORRIDOR_INTERPOLATION|PRODUCTION|PRODUCTION_OFFSET,PRODUCTION|PRODUCTION_OFFSET,LONG_ENTRY_LONG_EXIT|LONG_ENTRY_MEDIUM_EXIT|SHORT_ENTRY_SHORT_EXIT
DEVELOPMENT,DVE019,24,NO_RESERVES_DIAGONAL,2,55,16,2,24,24,0,12,12,10,10,12,0,0.0,True,False,False,True,False,True,False,False,False,False,False,RIGHT,-0.6428757899068773,-0.6628757899068773,0.5145810930150512,0.4971684162574945,7ed967a7681d4297,,6.596605002414435,21.680513993487693,19.973033995484002,48.25015299138613,COMPONENT|PRODUCTION,COMPONENT|PRODUCTION,LONG_ENTRY_SHORT_EXIT|SHORT_ENTRY_SHORT_EXIT
DEVELOPMENT,DVE019,32,NO_RESERVES_DIAGONAL,2,55,20,2,32,32,0,12,12,10,10,12,0,0.0,True,False,False,True,False,True,False,False,False,False,False,RIGHT,-0.6428757899068773,-0.6628757899068773,0.5145810930150512,0.4971684162574945,7ed967a7681d4297,,6.596605002414435,26.843334999284707,20.52289800485596,53.9628380065551,COMPONENT|PRODUCTION,COMPONENT|PRODUCTION,LONG_ENTRY_SHORT_EXIT|SHORT_ENTRY_SHORT_EXIT
DEVELOPMENT,DVE019,48,NO_RESERVES_DIAGONAL,2,55,28,2,48,48,0,12,12,10,10,12,0,0.0,True,False,False,True,False,True,False,False,False,False,False,RIGHT,-0.6428757899068773,-0.6628757899068773,0.5145810930150512,0.4971684162574945,7ed967a7681d4297,,6.596605002414435,47.35134600196034,20.181830012006685,74.12978101638146,COMPONENT|PRODUCTION|PRODUCTION_OFFSET,COMPONENT|PRODUCTION|PRODUCTION_OFFSET,LONG_ENTRY_SHORT_EXIT|SHORT_ENTRY_SHORT_EXIT
DEVELOPMENT,DVE019,64,NO_RESERVES_DIAGONAL,2,55,36,2,64,64,0,12,12,11,11,12,1,0.08333333333333333,True,False,False,True,False,True,False,False,False,False,False,RIGHT,-0.6428757899068773,-0.6628757899068773,0.5145810930150512,0.4971684162574945,7ed967a7681d4297,,6.596605002414435,71.19858900841791,19.4102700043004,97.20546401513275,COMPONENT|CORRIDOR_INTERPOLATION|PRODUCTION|PRODUCTION_OFFSET,COMPONENT|CORRIDOR_INTERPOLATION|PRODUCTION|PRODUCTION_OFFSET,LONG_ENTRY_SHORT_EXIT|SHORT_ENTRY_SHORT_EXIT
DEVELOPMENT,DVE019,96,NO_RESERVES_DIAGONAL,2,55,48,2,92,92,0,12,12,11,11,12,2,0.16666666666666666,True,False,False,True,False,True,False,False,False,False,False,RIGHT,-0.6428757899068773,-0.6669945409245099,0.5145810930150512,0.4971684162574945,ee1bffaedaceae25,,6.596605002414435,122.70841001009103,19.656040996778756,148.96105600928422,COMPONENT|CORRIDOR_INTERPOLATION|PRODUCTION|PRODUCTION_OFFSET,COMPONENT|CORRIDOR_INTERPOLATION|PRODUCTION,LONG_ENTRY_SHORT_EXIT|SHORT_ENTRY_SHORT_EXIT
DEVELOPMENT,DVE019,128,NO_RESERVES_DIAGONAL,2,55,55,2,106,106,0,12,12,11,11,12,2,0.16666666666666666,True,False,False,True,False,True,False,False,False,False,False,RIGHT,-0.6428757899068773,-0.6669945409245099,0.5145810930150512,0.4971684162574945,ee1bffaedaceae25,,6.596605002414435,140.65438200486824,20.303140001487918,167.5541270087706,COMPONENT|CORRIDOR|CORRIDOR_INTERPOLATION|PRODUCTION|PRODUCTION_OFFSET,COMPONENT|CORRIDOR_INTERPOLATION|PRODUCTION,LONG_ENTRY_SHORT_EXIT|SHORT_ENTRY_SHORT_EXIT
DEVELOPMENT,DVE020,24,NO_RESERVES_DIAGONAL,2,40,16,2,24,24,0,12,12,10,10,12,0,0.0,True,False,False,True,True,False,False,True,True,False,False,,,,,,,,6.564846000401303,16.682179004419595,14.70704899111297,37.95407399593387,COMPONENT|PRODUCTION,COMPONENT|PRODUCTION,LONG_ENTRY_SHORT_EXIT|SHORT_ENTRY_SHORT_EXIT
DEVELOPMENT,DVE020,32,NO_RESERVES_DIAGONAL,2,40,20,2,32,32,0,12,12,10,10,12,1,0.08333333333333333,True,False,False,True,True,True,True,False,False,False,False,RIGHT,-0.6313421401151411,-0.6272072738723374,0.5145810930150512,0.4971684162574945,f7534bb55aa505c4,f7534bb55aa505c4,6.564846000401303,23.022215988021344,13.296652992721647,42.883714981144294,COMPONENT|PRODUCTION|PRODUCTION_OFFSET,COMPONENT|PRODUCTION,LONG_ENTRY_SHORT_EXIT|SHORT_ENTRY_SHORT_EXIT
DEVELOPMENT,DVE020,48,NO_RESERVES_DIAGONAL,2,40,28,2,48,48,0,12,12,10,10,12,1,0.08333333333333333,True,False,False,True,True,True,True,False,False,False,False,RIGHT,-0.6313421401151411,-0.6272072738723374,0.7136694116555473,0.4971684162574945,cf86fe0c77b35947,cf86fe0c77b35947,6.564846000401303,42.082506988663226,16.55717300309334,65.20452599215787,COMPONENT|CORRIDOR_INTERPOLATION|PRODUCTION|PRODUCTION_OFFSET,COMPONENT|PRODUCTION|PRODUCTION_OFFSET,LONG_ENTRY_SHORT_EXIT|SHORT_ENTRY_SHORT_EXIT
DEVELOPMENT,DVE020,64,NO_RESERVES_DIAGONAL,2,40,36,2,64,64,0,12,12,10,10,12,1,0.08333333333333333,True,False,False,True,True,True,True,False,False,False,False,RIGHT,-0.6375,-0.6575,0.5145810930150512,0.4971684162574945,2e852d2d166e9db1,2e852d2d166e9db1,6.564846000401303,70.48650599608663,12.881722010206431,89.93307400669437,COMPONENT|CORRIDOR_INTERPOLATION|PRODUCTION|PRODUCTION_OFFSET,COMPONENT|PRODUCTION|PRODUCTION_OFFSET,LONG_ENTRY_SHORT_EXIT|SHORT_ENTRY_SHORT_EXIT
DEVELOPMENT,DVE020,96,NO_RESERVES_DIAGONAL,2,40,40,2,78,78,0,12,12,10,10,12,2,0.16666666666666666,True,True,True,True,True,True,True,False,False,False,False,RIGHT,-0.6375,-0.6575,0.7136694116555473,0.4971684162574945,c95cc95d0d3cbe89,c95cc95d0d3cbe89,6.564846000401303,95.02646799955983,15.010532006272115,116.60184600623325,COMPONENT|CORRIDOR|CORRIDOR_INTERPOLATION|PRODUCTION|PRODUCTION_OFFSET,COMPONENT|PRODUCTION|PRODUCTION_OFFSET,LONG_ENTRY_SHORT_EXIT|SHORT_ENTRY_SHORT_EXIT
DEVELOPMENT,DVE020,128,NO_RESERVES_DIAGONAL,2,40,40,2,78,78,0,12,12,10,10,12,2,0.16666666666666666,True,True,True,True,True,True,True,False,False,False,False,RIGHT,-0.6375,-0.6575,0.7136694116555473,0.4971684162574945,c95cc95d0d3cbe89,c95cc95d0d3cbe89,6.564846000401303,94.39606399973854,12.904924995382316,113.86583499552216,COMPONENT|CORRIDOR|CORRIDOR_INTERPOLATION|PRODUCTION|PRODUCTION_OFFSET,COMPONENT|PRODUCTION|PRODUCTION_OFFSET,LONG_ENTRY_SHORT_EXIT|SHORT_ENTRY_SHORT_EXIT
DEVELOPMENT,DVE021,24,NO_RESERVES_DIAGONAL,2,30,16,2,24,24,0,12,6,4,4,11,1,0.09090909090909091,False,,,False,False,False,False,False,False,False,False,,,,,,,,6.663423991994932,9.790315001737326,9.757036998053081,26.21077599178534,COMPONENT|PRODUCTION,COMPONENT|PRODUCTION,SHORT_ENTRY_SHORT_EXIT
DEVELOPMENT,DVE021,32,NO_RESERVES_DIAGONAL,2,30,20,2,32,32,0,12,10,8,8,11,4,0.36363636363636365,False,,,False,False,False,False,False,False,False,False,,,,,,,,6.663423991994932,14.042623006389476,10.774520007544197,31.480567005928606,COMPONENT|PRODUCTION|PRODUCTION_OFFSET,COMPONENT|PRODUCTION|PRODUCTION_OFFSET,LONG_ENTRY_SHORT_EXIT|SHORT_ENTRY_SHORT_EXIT
DEVELOPMENT,DVE021,48,NO_RESERVES_DIAGONAL,2,30,28,2,48,48,0,12,12,10,10,11,4,0.36363636363636365,False,,,False,False,False,False,False,False,False,False,,,,,,,,6.663423991994932,26.9789819867583,11.812218988779932,45.454624967533164,COMPONENT|CORRIDOR_INTERPOLATION|PRODUCTION|PRODUCTION_OFFSET,COMPONENT|CORRIDOR_INTERPOLATION|PRODUCTION|PRODUCTION_OFFSET,LONG_ENTRY_SHORT_EXIT|SHORT_ENTRY_SHORT_EXIT
DEVELOPMENT,DVE021,64,NO_RESERVES_DIAGONAL,2,30,30,2,58,58,0,12,12,10,10,11,4,0.36363636363636365,False,,,False,False,False,False,False,False,False,False,,,,,,,,6.663423991994932,34.38096599711571,12.048614007653669,53.09300399676431,COMPONENT|CORRIDOR|CORRIDOR_INTERPOLATION|PRODUCTION|PRODUCTION_OFFSET,COMPONENT|CORRIDOR_INTERPOLATION|PRODUCTION|PRODUCTION_OFFSET,LONG_ENTRY_SHORT_EXIT|SHORT_ENTRY_SHORT_EXIT
DEVELOPMENT,DVE021,96,NO_RESERVES_DIAGONAL,2,30,30,2,58,58,0,12,12,10,10,11,4,0.36363636363636365,False,,,False,False,False,False,False,False,False,False,,,,,,,,6.663423991994932,34.47283299465198,11.239226994803175,52.37548398145009,COMPONENT|CORRIDOR|CORRIDOR_INTERPOLATION|PRODUCTION|PRODUCTION_OFFSET,COMPONENT|CORRIDOR_INTERPOLATION|PRODUCTION|PRODUCTION_OFFSET,LONG_ENTRY_SHORT_EXIT|SHORT_ENTRY_SHORT_EXIT
DEVELOPMENT,DVE021,128,NO_RESERVES_DIAGONAL,2,30,30,2,58,58,0,12,12,10,10,11,4,0.36363636363636365,False,,,False,False,False,False,False,False,False,False,,,,,,,,6.663423991994932,35.925595002481714,11.133646999951452,53.7226659944281,COMPONENT|CORRIDOR|CORRIDOR_INTERPOLATION|PRODUCTION|PRODUCTION_OFFSET,COMPONENT|CORRIDOR_INTERPOLATION|PRODUCTION|PRODUCTION_OFFSET,LONG_ENTRY_SHORT_EXIT|SHORT_ENTRY_SHORT_EXIT
DEVELOPMENT,DVE022,24,NO_RESERVES_DIAGONAL,2,31,16,2,24,24,0,12,12,10,10,11,1,0.09090909090909091,False,,,False,False,False,False,False,False,False,False,,,,,,,,7.6163089979672804,14.636480991612189,11.435374995926395,33.688164985505864,COMPONENT|PRODUCTION,COMPONENT|PRODUCTION,LONG_ENTRY_SHORT_EXIT|SHORT_ENTRY_SHORT_EXIT
DEVELOPMENT,DVE022,32,NO_RESERVES_DIAGONAL,2,31,20,2,32,32,0,12,12,11,11,11,1,0.09090909090909091,False,,,False,False,False,False,False,False,False,False,,,,,,,,7.6163089979672804,21.94101898930967,13.69950600201264,43.25683398928959,COMPONENT|PRODUCTION|PRODUCTION_OFFSET,COMPONENT|PRODUCTION|PRODUCTION_OFFSET,LONG_ENTRY_SHORT_EXIT|SHORT_ENTRY_SHORT_EXIT
DEVELOPMENT,DVE022,48,NO_RESERVES_DIAGONAL,2,31,28,2,48,48,0,12,12,11,11,11,2,0.18181818181818182,False,,,False,False,False,False,False,False,False,False,,,,,,,,7.6163089979672804,41.848937995382585,11.425302000134252,60.89054899348412,COMPONENT|CORRIDOR_INTERPOLATION|PRODUCTION|PRODUCTION_OFFSET,COMPONENT|PRODUCTION|PRODUCTION_OFFSET,LONG_ENTRY_SHORT_EXIT|SHORT_ENTRY_SHORT_EXIT
DEVELOPMENT,DVE022,64,NO_RESERVES_DIAGONAL,2,31,31,2,60,60,0,12,12,11,11,11,2,0.18181818181818182,False,,,False,False,False,False,False,False,False,False,,,,,,,,7.6163089979672804,56.466711990651675,11.431636012275703,75.51465700089466,COMPONENT|CORRIDOR|CORRIDOR_INTERPOLATION|PRODUCTION|PRODUCTION_OFFSET,COMPONENT|PRODUCTION|PRODUCTION_OFFSET,LONG_ENTRY_SHORT_EXIT|SHORT_ENTRY_SHORT_EXIT
DEVELOPMENT,DVE022,96,NO_RESERVES_DIAGONAL,2,31,31,2,60,60,0,12,12,11,11,11,2,0.18181818181818182,False,,,False,False,False,False,False,False,False,False,,,,,,,,7.6163089979672804,55.97786800353788,11.062992009101436,74.6571690106066,COMPONENT|CORRIDOR|CORRIDOR_INTERPOLATION|PRODUCTION|PRODUCTION_OFFSET,COMPONENT|PRODUCTION|PRODUCTION_OFFSET,LONG_ENTRY_SHORT_EXIT|SHORT_ENTRY_SHORT_EXIT
DEVELOPMENT,DVE022,128,NO_RESERVES_DIAGONAL,2,31,31,2,60,60,0,12,12,11,11,11,2,0.18181818181818182,False,,,False,False,False,False,False,False,False,False,,,,,,,,7.6163089979672804,56.15527399640996,11.72669799416326,75.4982809885405,COMPONENT|CORRIDOR|CORRIDOR_INTERPOLATION|PRODUCTION|PRODUCTION_OFFSET,COMPONENT|PRODUCTION|PRODUCTION_OFFSET,LONG_ENTRY_SHORT_EXIT|SHORT_ENTRY_SHORT_EXIT
DEVELOPMENT,DVE023,24,NO_RESERVES_DIAGONAL,2,32,16,2,24,24,0,12,10,8,8,12,0,0.0,False,,,False,False,True,False,False,False,True,False,LEFT,0.5381815600229108,0.5492124871584038,0.5145810930150512,0.4971684162574945,65bfeb4d036004e8,,7.165535003878176,11.659846000839025,12.955176993273199,31.7805579979904,COMPONENT|PRODUCTION,COMPONENT|PRODUCTION,SHORT_ENTRY_SHORT_EXIT
DEVELOPMENT,DVE023,32,NO_RESERVES_DIAGONAL,2,32,20,2,32,32,0,12,12,10,10,12,1,0.08333333333333333,False,,,False,False,True,False,False,False,True,False,LEFT,0.5381815600229108,0.5492124871584038,0.5145810930150512,0.4971684162574945,65bfeb4d036004e8,,7.165535003878176,17.63742699404247,11.475256993435323,36.27821899135597,COMPONENT|PRODUCTION|PRODUCTION_OFFSET,COMPONENT|PRODUCTION|PRODUCTION_OFFSET,SHORT_ENTRY_SHORT_EXIT
DEVELOPMENT,DVE023,48,NO_RESERVES_DIAGONAL,2,32,28,2,48,48,0,12,12,10,10,12,1,0.08333333333333333,False,,,False,False,True,False,False,False,True,False,LEFT,0.5350636300257747,0.5372918591313323,0.5145810930150512,0.4971684162574945,d364e8adf45b4478,,7.165535003878176,34.72697599499952,11.632423993432894,53.52493499231059,COMPONENT|CORRIDOR_INTERPOLATION|PRODUCTION|PRODUCTION_OFFSET,COMPONENT|CORRIDOR_INTERPOLATION|PRODUCTION|PRODUCTION_OFFSET,SHORT_ENTRY_SHORT_EXIT
DEVELOPMENT,DVE023,64,NO_RESERVES_DIAGONAL,2,32,32,2,62,62,0,12,12,10,10,12,1,0.08333333333333333,False,,,False,False,True,False,False,False,True,False,LEFT,0.5350636300257747,0.5850636300257748,0.5145810930150512,0.4971684162574945,b8843e9bda3eaf0e,,7.165535003878176,50.23537600936834,11.843054002383724,69.24396501563024,COMPONENT|CORRIDOR|CORRIDOR_INTERPOLATION|PRODUCTION|PRODUCTION_OFFSET,COMPONENT|CORRIDOR|PRODUCTION|PRODUCTION_OFFSET,SHORT_ENTRY_SHORT_EXIT
DEVELOPMENT,DVE023,96,NO_RESERVES_DIAGONAL,2,32,32,2,62,62,0,12,12,10,10,12,1,0.08333333333333333,False,,,False,False,True,False,False,False,True,False,LEFT,0.5350636300257747,0.5850636300257748,0.5145810930150512,0.4971684162574945,b8843e9bda3eaf0e,,7.165535003878176,49.47904299478978,11.388036989956163,68.03261498862412,COMPONENT|CORRIDOR|CORRIDOR_INTERPOLATION|PRODUCTION|PRODUCTION_OFFSET,COMPONENT|CORRIDOR|PRODUCTION|PRODUCTION_OFFSET,SHORT_ENTRY_SHORT_EXIT
DEVELOPMENT,DVE023,128,NO_RESERVES_DIAGONAL,2,32,32,2,62,62,0,12,12,10,10,12,1,0.08333333333333333,False,,,False,False,True,False,False,False,True,False,LEFT,0.5350636300257747,0.5850636300257748,0.5145810930150512,0.4971684162574945,b8843e9bda3eaf0e,,7.165535003878176,49.15053700096905,13.790362994768657,70.10643499961589,COMPONENT|CORRIDOR|CORRIDOR_INTERPOLATION|PRODUCTION|PRODUCTION_OFFSET,COMPONENT|CORRIDOR|PRODUCTION|PRODUCTION_OFFSET,SHORT_ENTRY_SHORT_EXIT
DEVELOPMENT,DVE024,24,NO_RESERVES_DIAGONAL,2,38,16,7,24,24,0,12,12,10,10,12,4,0.3333333333333333,True,False,False,True,True,True,True,False,False,False,False,RIGHT,-0.46279726164999496,-0.46279726164999496,1.310934367577036,3.94735730932694,bb4dc9c07d907e5c,bb4dc9c07d907e5c,7.794229008140974,22.71355398988817,47.55779598781373,78.06557898584288,COMPONENT|PRODUCTION,COMPONENT|PRODUCTION,LONG_ENTRY_LONG_EXIT|LONG_ENTRY_MEDIUM_EXIT|MEDIUM_ENTRY_SHORT_EXIT|SHORT_ENTRY_LONG_EXIT|SHORT_ENTRY_SHORT_EXIT
DEVELOPMENT,DVE024,32,NO_RESERVES_DIAGONAL,2,38,20,7,32,32,0,12,12,10,10,12,5,0.4166666666666667,True,False,False,True,True,True,True,False,False,False,False,RIGHT,-0.46279726164999496,-0.46279726164999496,1.310934367577036,3.94735730932694,bb4dc9c07d907e5c,bb4dc9c07d907e5c,7.794229008140974,30.829406998236664,50.327628006925806,88.95126401330344,COMPONENT|PRODUCTION|PRODUCTION_OFFSET,COMPONENT|PRODUCTION|PRODUCTION_OFFSET,LONG_ENTRY_LONG_EXIT|LONG_ENTRY_MEDIUM_EXIT|MEDIUM_ENTRY_SHORT_EXIT|SHORT_ENTRY_LONG_EXIT|SHORT_ENTRY_SHORT_EXIT
DEVELOPMENT,DVE024,48,NO_RESERVES_DIAGONAL,2,38,28,7,48,48,0,12,12,10,10,12,6,0.5,True,True,True,True,True,True,True,False,False,False,False,RIGHT,-0.46966705945396314,-0.46966705945396314,1.310934367577036,3.94735730932694,9f99c6723d90def5,9f99c6723d90def5,7.794229008140974,42.52087000350002,49.276288991677575,99.59138800331857,COMPONENT|CORRIDOR_INTERPOLATION|PRODUCTION|PRODUCTION_OFFSET,COMPONENT|CORRIDOR_INTERPOLATION|PRODUCTION|PRODUCTION_OFFSET,LONG_ENTRY_LONG_EXIT|LONG_ENTRY_MEDIUM_EXIT|SHORT_ENTRY_LONG_EXIT|SHORT_ENTRY_SHORT_EXIT
DEVELOPMENT,DVE024,64,NO_RESERVES_DIAGONAL,2,38,36,7,64,64,0,12,12,10,10,12,7,0.5833333333333334,True,True,True,True,True,True,True,False,False,False,False,RIGHT,-0.46966705945396314,-0.46966705945396314,1.310934367577036,3.94735730932694,9f99c6723d90def5,9f99c6723d90def5,7.794229008140974,65.39415699080564,49.83565700240433,123.02404300135095,COMPONENT|CORRIDOR_INTERPOLATION|PRODUCTION|PRODUCTION_OFFSET,COMPONENT|CORRIDOR_INTERPOLATION|PRODUCTION|PRODUCTION_OFFSET,LONG_ENTRY_LONG_EXIT|LONG_ENTRY_MEDIUM_EXIT|LONG_ENTRY_SHORT_EXIT|SHORT_ENTRY_LONG_EXIT
DEVELOPMENT,DVE024,96,NO_RESERVES_DIAGONAL,2,38,38,7,96,96,0,12,12,10,10,12,7,0.5833333333333334,True,True,True,True,True,True,True,False,False,False,False,RIGHT,-0.47279726164999497,-0.47279726164999497,1.310934367577036,3.94735730932694,ba34849e0919dfa8,ba34849e0919dfa8,7.794229008140974,102.12554900499526,50.480717996833846,160.40049600997008,COMPONENT|CORRIDOR|CORRIDOR_INTERPOLATION|PRODUCTION|PRODUCTION_OFFSET,CORRIDOR_INTERPOLATION|PRODUCTION|PRODUCTION_OFFSET,LONG_ENTRY_LONG_EXIT|LONG_ENTRY_MEDIUM_EXIT|LONG_ENTRY_SHORT_EXIT
DEVELOPMENT,DVE024,128,NO_RESERVES_DIAGONAL,2,38,38,7,128,128,0,12,12,11,11,12,8,0.6666666666666666,True,True,True,True,True,True,True,False,False,False,False,RIGHT,-0.47279726164999497,-0.47279726164999497,1.310934367577036,3.94735730932694,ba34849e0919dfa8,ba34849e0919dfa8,7.794229008140974,157.49693199177273,50.18648000259418,215.47764100250788,COMPONENT|CORRIDOR|CORRIDOR_INTERPOLATION|PRODUCTION|PRODUCTION_OFFSET,CORRIDOR_INTERPOLATION|PRODUCTION|PRODUCTION_OFFSET,LONG_ENTRY_LONG_EXIT|LONG_ENTRY_MEDIUM_EXIT|LONG_ENTRY_SHORT_EXIT|SHORT_ENTRY_SHORT_EXIT
DEVELOPMENT,DVE025,24,NO_RESERVES_DIAGONAL,1,21,16,6,24,24,0,12,12,10,10,10,3,0.3,False,,,False,False,False,False,False,False,False,False,,,,,,,,5.045363999670371,29.508633000659756,28.972540007089265,63.52653700741939,COMPONENT|CORRIDOR_INTERPOLATION|PRODUCTION|PRODUCTION_OFFSET,COMPONENT|PRODUCTION|PRODUCTION_OFFSET,LONG_ENTRY_LONG_EXIT|LONG_ENTRY_MEDIUM_EXIT|SHORT_ENTRY_SHORT_EXIT
DEVELOPMENT,DVE025,32,NO_RESERVES_DIAGONAL,1,21,20,6,32,32,0,12,12,10,10,10,3,0.3,False,,,False,False,False,False,False,False,False,False,,,,,,,,5.045363999670371,38.35789299046155,26.440374000230804,69.84363099036273,COMPONENT|CORRIDOR_INTERPOLATION|PRODUCTION|PRODUCTION_OFFSET,COMPONENT|CORRIDOR_INTERPOLATION|PRODUCTION|PRODUCTION_OFFSET,LONG_ENTRY_LONG_EXIT|LONG_ENTRY_MEDIUM_EXIT|SHORT_ENTRY_SHORT_EXIT
DEVELOPMENT,DVE025,48,NO_RESERVES_DIAGONAL,1,21,21,6,48,48,0,12,12,10,10,10,3,0.3,False,,,False,False,False,False,False,False,False,False,,,,,,,,5.045363999670371,64.02736299787648,24.978878995170817,94.05160599271767,COMPONENT|CORRIDOR|CORRIDOR_INTERPOLATION|PRODUCTION|PRODUCTION_OFFSET,COMPONENT|CORRIDOR_INTERPOLATION|PRODUCTION|PRODUCTION_OFFSET,LONG_ENTRY_LONG_EXIT|LONG_ENTRY_MEDIUM_EXIT|SHORT_ENTRY_SHORT_EXIT
DEVELOPMENT,DVE025,64,NO_RESERVES_DIAGONAL,1,21,21,6,64,64,0,12,12,10,10,10,4,0.4,False,,,False,False,False,False,False,False,False,False,,,,,,,,5.045363999670371,84.62219900684431,25.16439299506601,114.83195600158069,COMPONENT|CORRIDOR|CORRIDOR_INTERPOLATION|PRODUCTION|PRODUCTION_OFFSET,COMPONENT|CORRIDOR_INTERPOLATION|PRODUCTION|PRODUCTION_OFFSET,LONG_ENTRY_LONG_EXIT|LONG_ENTRY_MEDIUM_EXIT|SHORT_ENTRY_SHORT_EXIT
DEVELOPMENT,DVE025,96,NO_RESERVES_DIAGONAL,1,21,21,6,96,96,0,12,12,10,10,10,4,0.4,False,,,False,False,False,False,False,False,False,False,,,,,,,,5.045363999670371,151.58160899591167,27.63669400883373,184.26366700441577,COMPONENT|CORRIDOR|CORRIDOR_INTERPOLATION|PRODUCTION|PRODUCTION_OFFSET,COMPONENT|CORRIDOR_INTERPOLATION|PRODUCTION|PRODUCTION_OFFSET,LONG_ENTRY_LONG_EXIT|LONG_ENTRY_MEDIUM_EXIT|SHORT_ENTRY_SHORT_EXIT
DEVELOPMENT,DVE025,128,NO_RESERVES_DIAGONAL,1,21,21,6,126,126,0,12,12,10,10,10,4,0.4,False,,,False,False,False,False,False,False,False,False,,,,,,,,5.045363999670371,236.5348330058623,27.97651798755396,269.55671499308664,COMPONENT|CORRIDOR|CORRIDOR_INTERPOLATION|PRODUCTION|PRODUCTION_OFFSET,COMPONENT|CORRIDOR_INTERPOLATION|PRODUCTION|PRODUCTION_OFFSET,LONG_ENTRY_LONG_EXIT|LONG_ENTRY_MEDIUM_EXIT|SHORT_ENTRY_SHORT_EXIT
DEVELOPMENT,DVE026,24,NO_RESERVES_DIAGONAL,2,32,16,2,24,24,0,12,6,4,4,11,0,0.0,False,,,False,False,False,False,False,False,False,False,,,,,,,,57.068000998697244,10.90361300157383,10.432840004796162,78.40445400506724,COMPONENT|PRODUCTION,COMPONENT|PRODUCTION,SHORT_ENTRY_SHORT_EXIT
DEVELOPMENT,DVE026,32,NO_RESERVES_DIAGONAL,2,32,20,2,32,32,0,12,10,8,8,11,0,0.0,False,,,False,False,False,False,False,False,False,False,,,,,,,,57.068000998697244,14.5575639908202,10.200097996857949,81.82566298637539,COMPONENT|PRODUCTION|PRODUCTION_OFFSET,COMPONENT|PRODUCTION|PRODUCTION_OFFSET,LONG_ENTRY_SHORT_EXIT|SHORT_ENTRY_SHORT_EXIT
DEVELOPMENT,DVE026,48,NO_RESERVES_DIAGONAL,2,32,28,2,48,48,0,12,12,10,10,11,0,0.0,False,,,False,False,False,False,False,False,False,False,,,,,,,,57.068000998697244,31.53921599732712,13.865806002286263,102.47302299831063,COMPONENT|CORRIDOR_INTERPOLATION|PRODUCTION|PRODUCTION_OFFSET,COMPONENT|PRODUCTION|PRODUCTION_OFFSET,SHORT_ENTRY_SHORT_EXIT
DEVELOPMENT,DVE026,64,NO_RESERVES_DIAGONAL,2,32,32,2,62,62,0,12,12,10,10,11,0,0.0,False,,,False,False,False,False,False,False,False,False,,,,,,,,57.068000998697244,42.35435799637344,12.935110004036687,112.35746899910737,COMPONENT|CORRIDOR|CORRIDOR_INTERPOLATION|PRODUCTION|PRODUCTION_OFFSET,COMPONENT|PRODUCTION|PRODUCTION_OFFSET,SHORT_ENTRY_SHORT_EXIT
DEVELOPMENT,DVE026,96,NO_RESERVES_DIAGONAL,2,32,32,2,62,62,0,12,12,10,10,11,0,0.0,False,,,False,False,False,False,False,False,False,False,,,,,,,,57.068000998697244,40.981041005579755,11.967943995841779,110.01698600011878,COMPONENT|CORRIDOR|CORRIDOR_INTERPOLATION|PRODUCTION|PRODUCTION_OFFSET,COMPONENT|PRODUCTION|PRODUCTION_OFFSET,SHORT_ENTRY_SHORT_EXIT
DEVELOPMENT,DVE026,128,NO_RESERVES_DIAGONAL,2,32,32,2,62,62,0,12,12,10,10,11,0,0.0,False,,,False,False,False,False,False,False,False,False,,,,,,,,57.068000998697244,40.65920900029596,13.585788998170756,111.31299899716396,COMPONENT|CORRIDOR|CORRIDOR_INTERPOLATION|PRODUCTION|PRODUCTION_OFFSET,COMPONENT|PRODUCTION|PRODUCTION_OFFSET,SHORT_ENTRY_SHORT_EXIT
DEVELOPMENT,DVE027,24,NO_RESERVES_DIAGONAL,2,54,16,5,24,24,0,12,12,10,10,11,0,0.0,False,,,False,False,False,False,False,False,False,False,,,,,,,,7.370263003394939,56.29332399985287,37.44134500448126,101.10493200772908,COMPONENT|PRODUCTION,COMPONENT|PRODUCTION,LONG_ENTRY_MEDIUM_EXIT|MEDIUM_ENTRY_SHORT_EXIT|SHORT_ENTRY_LONG_EXIT|SHORT_ENTRY_SHORT_EXIT
DEVELOPMENT,DVE027,32,NO_RESERVES_DIAGONAL,2,54,20,5,32,32,0,12,12,10,10,11,0,0.0,False,,,False,False,False,False,False,False,False,False,,,,,,,,7.370263003394939,64.60841299849562,37.043446995085105,109.02212299697567,COMPONENT|PRODUCTION,COMPONENT|PRODUCTION,LONG_ENTRY_MEDIUM_EXIT|MEDIUM_ENTRY_SHORT_EXIT|SHORT_ENTRY_LONG_EXIT|SHORT_ENTRY_SHORT_EXIT
DEVELOPMENT,DVE027,48,NO_RESERVES_DIAGONAL,2,54,28,5,48,48,0,12,12,10,10,11,0,0.0,False,,,False,False,False,False,False,False,False,False,,,,,,,,7.370263003394939,90.19726600672584,36.49219500948675,134.05972401960753,COMPONENT|PRODUCTION|PRODUCTION_OFFSET,COMPONENT|PRODUCTION|PRODUCTION_OFFSET,LONG_ENTRY_MEDIUM_EXIT|MEDIUM_ENTRY_SHORT_EXIT|SHORT_ENTRY_LONG_EXIT|SHORT_ENTRY_SHORT_EXIT
DEVELOPMENT,DVE027,64,NO_RESERVES_DIAGONAL,2,54,36,5,64,64,0,12,12,10,10,11,0,0.0,False,,,False,False,False,False,False,False,False,False,,,,,,,,7.370263003394939,142.2386960039148,35.999493004055694,185.60845201136544,COMPONENT|CORRIDOR_INTERPOLATION|PRODUCTION|PRODUCTION_OFFSET,COMPONENT|CORRIDOR_INTERPOLATION|PRODUCTION|PRODUCTION_OFFSET,LONG_ENTRY_MEDIUM_EXIT|MEDIUM_ENTRY_SHORT_EXIT
DEVELOPMENT,DVE027,96,NO_RESERVES_DIAGONAL,2,54,48,5,96,96,0,12,12,10,10,11,0,0.0,False,,,False,False,False,False,False,False,False,False,,,,,,,,7.370263003394939,244.50985400471836,39.43573900323827,291.31585601135157,COMPONENT|CORRIDOR_INTERPOLATION|PRODUCTION|PRODUCTION_OFFSET,CORRIDOR_INTERPOLATION|PRODUCTION|PRODUCTION_OFFSET,LONG_ENTRY_MEDIUM_EXIT
DEVELOPMENT,DVE027,128,NO_RESERVES_DIAGONAL,2,54,54,5,128,128,0,12,12,10,10,11,0,0.0,False,,,False,False,False,False,False,False,False,False,,,,,,,,7.370263003394939,357.86353501316626,40.26154500024859,405.4953430168098,COMPONENT|CORRIDOR|CORRIDOR_INTERPOLATION|PRODUCTION|PRODUCTION_OFFSET,CORRIDOR|PRODUCTION|PRODUCTION_OFFSET,LONG_ENTRY_MEDIUM_EXIT
DEVELOPMENT,DVE028,24,NO_RESERVES_DIAGONAL,2,30,16,2,24,24,0,12,6,4,4,11,1,0.09090909090909091,False,,,False,False,False,False,False,False,False,False,,,,,,,,7.584906998090446,10.137816992937587,12.201354998978786,29.92407899000682,COMPONENT|PRODUCTION,COMPONENT|PRODUCTION,SHORT_ENTRY_SHORT_EXIT
DEVELOPMENT,DVE028,32,NO_RESERVES_DIAGONAL,2,30,20,2,32,32,0,12,10,8,8,11,2,0.18181818181818182,False,,,False,False,False,False,False,False,False,False,,,,,,,,7.584906998090446,15.536716993665323,12.477508003939874,35.59913199569564,COMPONENT|PRODUCTION|PRODUCTION_OFFSET,COMPONENT|PRODUCTION|PRODUCTION_OFFSET,SHORT_ENTRY_SHORT_EXIT
DEVELOPMENT,DVE028,48,NO_RESERVES_DIAGONAL,2,30,28,2,48,48,0,12,12,10,10,11,3,0.2727272727272727,False,,,False,False,False,False,False,False,False,False,,,,,,,,7.584906998090446,28.374536996125244,14.134098993963562,50.09354298817925,COMPONENT|CORRIDOR_INTERPOLATION|PRODUCTION|PRODUCTION_OFFSET,COMPONENT|CORRIDOR_INTERPOLATION|PRODUCTION|PRODUCTION_OFFSET,SHORT_ENTRY_SHORT_EXIT
DEVELOPMENT,DVE028,64,NO_RESERVES_DIAGONAL,2,30,30,2,58,58,0,12,12,10,10,11,3,0.2727272727272727,False,,,False,False,False,False,False,False,False,False,,,,,,,,7.584906998090446,37.565202001133,13.076023999019526,58.226132998242974,COMPONENT|CORRIDOR|CORRIDOR_INTERPOLATION|PRODUCTION|PRODUCTION_OFFSET,COMPONENT|CORRIDOR_INTERPOLATION|PRODUCTION|PRODUCTION_OFFSET,SHORT_ENTRY_SHORT_EXIT
DEVELOPMENT,DVE028,96,NO_RESERVES_DIAGONAL,2,30,30,2,58,58,0,12,12,10,10,11,3,0.2727272727272727,False,,,False,False,False,False,False,False,False,False,,,,,,,,7.584906998090446,35.0304169987794,12.820514995837584,55.43583899270743,COMPONENT|CORRIDOR|CORRIDOR_INTERPOLATION|PRODUCTION|PRODUCTION_OFFSET,COMPONENT|CORRIDOR_INTERPOLATION|PRODUCTION|PRODUCTION_OFFSET,SHORT_ENTRY_SHORT_EXIT
DEVELOPMENT,DVE028,128,NO_RESERVES_DIAGONAL,2,30,30,2,58,58,0,12,12,10,10,11,3,0.2727272727272727,False,,,False,False,False,False,False,False,False,False,,,,,,,,7.584906998090446,35.34700100135524,12.372119992505759,55.30402799195144,COMPONENT|CORRIDOR|CORRIDOR_INTERPOLATION|PRODUCTION|PRODUCTION_OFFSET,COMPONENT|CORRIDOR_INTERPOLATION|PRODUCTION|PRODUCTION_OFFSET,SHORT_ENTRY_SHORT_EXIT
DEVELOPMENT,DVE029,24,NO_RESERVES_DIAGONAL,2,38,16,7,24,24,0,12,12,10,10,12,4,0.3333333333333333,True,False,False,True,True,True,True,False,False,False,False,RIGHT,-0.409740428826035,-0.409740428826035,1.310934367577036,3.576248316686247,3e8a23c784a6d3d4,3e8a23c784a6d3d4,7.26736499927938,33.97418399981689,77.62346300296485,118.86501200206112,COMPONENT|PRODUCTION,COMPONENT|PRODUCTION,LONG_ENTRY_LONG_EXIT|LONG_ENTRY_MEDIUM_EXIT|MEDIUM_ENTRY_SHORT_EXIT|SHORT_ENTRY_LONG_EXIT|SHORT_ENTRY_SHORT_EXIT
DEVELOPMENT,DVE029,32,NO_RESERVES_DIAGONAL,2,38,20,7,32,32,0,12,12,10,10,12,5,0.4166666666666667,True,False,False,True,True,True,True,False,False,False,False,RIGHT,-0.409740428826035,-0.409740428826035,1.310934367577036,3.576248316686247,3e8a23c784a6d3d4,3e8a23c784a6d3d4,7.26736499927938,44.76500900636893,77.2384290030459,129.2708030086942,COMPONENT|PRODUCTION|PRODUCTION_OFFSET,COMPONENT|PRODUCTION|PRODUCTION_OFFSET,LONG_ENTRY_LONG_EXIT|LONG_ENTRY_MEDIUM_EXIT|MEDIUM_ENTRY_SHORT_EXIT|SHORT_ENTRY_LONG_EXIT|SHORT_ENTRY_SHORT_EXIT
DEVELOPMENT,DVE029,48,NO_RESERVES_DIAGONAL,2,38,28,7,48,48,0,12,12,10,10,12,6,0.5,True,True,True,True,True,True,True,False,False,False,False,RIGHT,-0.41695853087089274,-0.41695853087089274,1.310934367577036,3.576248316686247,773b52090be7cece,773b52090be7cece,7.26736499927938,55.75966399919707,81.91931400506292,144.94634300353937,COMPONENT|CORRIDOR_INTERPOLATION|PRODUCTION|PRODUCTION_OFFSET,COMPONENT|CORRIDOR_INTERPOLATION|PRODUCTION|PRODUCTION_OFFSET,LONG_ENTRY_LONG_EXIT|LONG_ENTRY_MEDIUM_EXIT|MEDIUM_ENTRY_SHORT_EXIT|SHORT_ENTRY_SHORT_EXIT
DEVELOPMENT,DVE029,64,NO_RESERVES_DIAGONAL,2,38,36,7,64,64,0,12,12,10,10,12,7,0.5833333333333334,True,True,True,True,True,True,True,False,False,False,False,RIGHT,-0.41695853087089274,-0.41695853087089274,1.310934367577036,3.576248316686247,773b52090be7cece,773b52090be7cece,7.26736499927938,79.00126100867055,81.97131099586841,168.23993700381834,COMPONENT|CORRIDOR_INTERPOLATION|PRODUCTION|PRODUCTION_OFFSET,CORRIDOR_INTERPOLATION|PRODUCTION|PRODUCTION_OFFSET,LONG_ENTRY_LONG_EXIT|LONG_ENTRY_MEDIUM_EXIT|LONG_ENTRY_SHORT_EXIT|MEDIUM_ENTRY_SHORT_EXIT
DEVELOPMENT,DVE029,96,NO_RESERVES_DIAGONAL,2,38,38,7,96,96,0,12,12,10,10,12,8,0.6666666666666666,True,True,True,True,True,True,True,False,False,False,False,RIGHT,-0.419740428826035,-0.419740428826035,1.310934367577036,3.576248316686247,1cb49b9c4b90cccf,1cb49b9c4b90cccf,7.26736499927938,122.97643999045249,79.2857320047915,209.52953699452337,COMPONENT|CORRIDOR|CORRIDOR_INTERPOLATION|PRODUCTION|PRODUCTION_OFFSET,CORRIDOR_INTERPOLATION|PRODUCTION|PRODUCTION_OFFSET,LONG_ENTRY_LONG_EXIT|LONG_ENTRY_MEDIUM_EXIT|LONG_ENTRY_SHORT_EXIT
DEVELOPMENT,DVE029,128,NO_RESERVES_DIAGONAL,2,38,38,7,128,128,0,12,12,11,11,12,9,0.75,True,True,True,True,True,True,True,False,False,False,False,RIGHT,-0.419740428826035,-0.419740428826035,1.310934367577036,3.576248316686247,1cb49b9c4b90cccf,1cb49b9c4b90cccf,7.26736499927938,173.15739499463234,77.05784500285517,257.4826049967669,COMPONENT|CORRIDOR|CORRIDOR_INTERPOLATION|PRODUCTION|PRODUCTION_OFFSET,CORRIDOR_INTERPOLATION|PRODUCTION|PRODUCTION_OFFSET,LONG_ENTRY_LONG_EXIT|LONG_ENTRY_MEDIUM_EXIT|LONG_ENTRY_SHORT_EXIT|SHORT_ENTRY_SHORT_EXIT
DEVELOPMENT,DVE030,24,NO_RESERVES_DIAGONAL,1,23,16,2,24,24,0,12,12,10,10,11,1,0.09090909090909091,True,True,True,True,True,True,True,False,False,False,False,LEFT,0.27328719588206707,0.06832179897051677,0.5145810930150512,0.4971684162574945,7bfffdb6149d2531,7bfffdb6149d2531,7.734674014500342,22.630364997894503,16.5293699974427,46.894409009837545,COMPONENT|PRODUCTION|PRODUCTION_OFFSET,COMPONENT|PRODUCTION|PRODUCTION_OFFSET,LONG_ENTRY_SHORT_EXIT|SHORT_ENTRY_SHORT_EXIT
DEVELOPMENT,DVE030,32,NO_RESERVES_DIAGONAL,1,23,20,2,32,32,0,12,12,10,10,11,1,0.09090909090909091,True,True,True,True,True,True,True,False,False,False,False,LEFT,0.27328719588206707,0.06832179897051677,0.5145810930150512,0.4971684162574945,7bfffdb6149d2531,7bfffdb6149d2531,7.734674014500342,36.78654100804124,19.946107000578195,64.46732202311978,COMPONENT|CORRIDOR_INTERPOLATION|PRODUCTION|PRODUCTION_OFFSET,COMPONENT|PRODUCTION|PRODUCTION_OFFSET,LONG_ENTRY_SHORT_EXIT|SHORT_ENTRY_SHORT_EXIT
DEVELOPMENT,DVE030,48,NO_RESERVES_DIAGONAL,1,23,23,2,44,44,0,12,12,10,10,11,1,0.09090909090909091,True,True,True,True,True,True,True,False,False,False,False,LEFT,0.27328719588206707,0.06832179897051677,0.5145810930150512,0.4971684162574945,7bfffdb6149d2531,7bfffdb6149d2531,7.734674014500342,49.03406399535015,16.598076006630436,73.36681401648093,COMPONENT|CORRIDOR|CORRIDOR_INTERPOLATION|PRODUCTION|PRODUCTION_OFFSET,COMPONENT|PRODUCTION|PRODUCTION_OFFSET,LONG_ENTRY_SHORT_EXIT|SHORT_ENTRY_SHORT_EXIT
DEVELOPMENT,DVE030,64,NO_RESERVES_DIAGONAL,1,23,23,2,44,44,0,12,12,10,10,11,1,0.09090909090909091,True,True,True,True,True,True,True,False,False,False,False,LEFT,0.27328719588206707,0.06832179897051677,0.5145810930150512,0.4971684162574945,7bfffdb6149d2531,7bfffdb6149d2531,7.734674014500342,52.090611003222875,15.67423999949824,75.49952501722146,COMPONENT|CORRIDOR|CORRIDOR_INTERPOLATION|PRODUCTION|PRODUCTION_OFFSET,COMPONENT|PRODUCTION|PRODUCTION_OFFSET,LONG_ENTRY_SHORT_EXIT|SHORT_ENTRY_SHORT_EXIT
DEVELOPMENT,DVE030,96,NO_RESERVES_DIAGONAL,1,23,23,2,44,44,0,12,12,10,10,11,1,0.09090909090909091,True,True,True,True,True,True,True,False,False,False,False,LEFT,0.27328719588206707,0.06832179897051677,0.5145810930150512,0.4971684162574945,7bfffdb6149d2531,7bfffdb6149d2531,7.734674014500342,57.05114199372474,15.752919993246906,80.53873600147199,COMPONENT|CORRIDOR|CORRIDOR_INTERPOLATION|PRODUCTION|PRODUCTION_OFFSET,COMPONENT|PRODUCTION|PRODUCTION_OFFSET,LONG_ENTRY_SHORT_EXIT|SHORT_ENTRY_SHORT_EXIT
DEVELOPMENT,DVE030,128,NO_RESERVES_DIAGONAL,1,23,23,2,44,44,0,12,12,10,10,11,1,0.09090909090909091,True,True,True,True,True,True,True,False,False,False,False,LEFT,0.27328719588206707,0.06832179897051677,0.5145810930150512,0.4971684162574945,7bfffdb6149d2531,7bfffdb6149d2531,7.734674014500342,50.99274899112061,18.306977988686413,77.03440099430736,COMPONENT|CORRIDOR|CORRIDOR_INTERPOLATION|PRODUCTION|PRODUCTION_OFFSET,COMPONENT|PRODUCTION|PRODUCTION_OFFSET,LONG_ENTRY_SHORT_EXIT|SHORT_ENTRY_SHORT_EXIT
DEVELOPMENT,DVE031,24,NO_RESERVES_DIAGONAL,2,40,16,7,24,24,0,12,12,10,10,12,5,0.4166666666666667,True,True,True,True,True,True,True,False,False,False,False,RIGHT,-0.3876991809397833,-0.4076991809397833,1.310934367577036,3.94735730932694,48f18152a68e6dc7,48f18152a68e6dc7,6.992504000663757,19.059397003729828,20.26736701373011,46.319268018123694,COMPONENT|PRODUCTION,COMPONENT|PRODUCTION,LONG_ENTRY_LONG_EXIT|LONG_ENTRY_MEDIUM_EXIT|MEDIUM_ENTRY_SHORT_EXIT|SHORT_ENTRY_SHORT_EXIT
DEVELOPMENT,DVE031,32,NO_RESERVES_DIAGONAL,2,40,20,7,32,32,0,12,12,10,10,12,6,0.5,True,True,True,True,True,True,True,False,False,False,False,RIGHT,-0.3876991809397833,-0.4076991809397833,1.310934367577036,3.94735730932694,48f18152a68e6dc7,48f18152a68e6dc7,6.992504000663757,25.582610003766604,22.032205000869,54.60731900529936,COMPONENT|PRODUCTION|PRODUCTION_OFFSET,COMPONENT|PRODUCTION|PRODUCTION_OFFSET,LONG_ENTRY_LONG_EXIT|LONG_ENTRY_MEDIUM_EXIT|MEDIUM_ENTRY_SHORT_EXIT|SHORT_ENTRY_SHORT_EXIT
DEVELOPMENT,DVE031,48,NO_RESERVES_DIAGONAL,2,40,28,7,48,48,0,12,12,10,10,12,7,0.5833333333333334,True,True,True,True,True,True,True,False,False,False,False,RIGHT,-0.3876991809397833,-0.4076991809397833,1.310934367577036,3.94735730932694,48f18152a68e6dc7,48f18152a68e6dc7,6.992504000663757,34.40774799673818,25.216370006091893,66.61662200349383,COMPONENT|CORRIDOR_INTERPOLATION|PRODUCTION|PRODUCTION_OFFSET,COMPONENT|PRODUCTION|PRODUCTION_OFFSET,LONG_ENTRY_LONG_EXIT|LONG_ENTRY_MEDIUM_EXIT|MEDIUM_ENTRY_SHORT_EXIT
DEVELOPMENT,DVE031,64,NO_RESERVES_DIAGONAL,2,40,36,7,64,64,0,12,12,10,10,12,8,0.6666666666666666,True,True,True,True,True,True,True,False,False,False,False,RIGHT,-0.3876991809397833,-0.4076991809397833,1.310934367577036,3.94735730932694,48f18152a68e6dc7,48f18152a68e6dc7,6.992504000663757,51.10133599373512,23.63999299996067,81.73383299435955,COMPONENT|CORRIDOR_INTERPOLATION|PRODUCTION|PRODUCTION_OFFSET,PRODUCTION|PRODUCTION_OFFSET,LONG_ENTRY_LONG_EXIT|LONG_ENTRY_MEDIUM_EXIT
DEVELOPMENT,DVE031,96,NO_RESERVES_DIAGONAL,2,40,40,7,96,96,0,12,12,10,10,12,8,0.6666666666666666,True,True,True,True,True,True,True,False,False,False,False,RIGHT,-0.3876991809397833,-0.4076991809397833,1.310934367577036,3.94735730932694,48f18152a68e6dc7,48f18152a68e6dc7,6.992504000663757,79.8482099926332,23.05886399699375,109.89957799029071,COMPONENT|CORRIDOR|CORRIDOR_INTERPOLATION|PRODUCTION|PRODUCTION_OFFSET,PRODUCTION|PRODUCTION_OFFSET,LONG_ENTRY_LONG_EXIT|LONG_ENTRY_MEDIUM_EXIT
DEVELOPMENT,DVE031,128,NO_RESERVES_DIAGONAL,2,40,40,7,128,128,0,12,12,11,11,12,10,0.8333333333333334,True,True,True,True,True,True,True,False,False,False,False,RIGHT,-0.3876991809397833,-0.4076991809397833,1.310934367577036,3.94735730932694,48f18152a68e6dc7,48f18152a68e6dc7,6.992504000663757,125.72878500213847,26.718879002146423,159.44016800494865,COMPONENT|CORRIDOR|CORRIDOR_INTERPOLATION|PRODUCTION|PRODUCTION_OFFSET,PRODUCTION|PRODUCTION_OFFSET,LONG_ENTRY_LONG_EXIT|LONG_ENTRY_MEDIUM_EXIT|SHORT_ENTRY_SHORT_EXIT
DEVELOPMENT,DVE032,24,NO_RESERVES_DIAGONAL,1,23,16,2,24,24,0,12,12,10,10,11,0,0.0,False,,,False,False,False,False,False,False,False,False,,,,,,,,6.182569995871745,27.411852002842352,17.43301200622227,51.02743400493637,COMPONENT|PRODUCTION|PRODUCTION_OFFSET,COMPONENT|PRODUCTION|PRODUCTION_OFFSET,SHORT_ENTRY_SHORT_EXIT
DEVELOPMENT,DVE032,32,NO_RESERVES_DIAGONAL,1,23,20,2,32,32,0,12,12,10,10,11,0,0.0,False,,,False,False,False,False,False,False,False,False,,,,,,,,6.182569995871745,33.083656991948374,19.243040995206684,58.5092679830268,COMPONENT|CORRIDOR_INTERPOLATION|PRODUCTION|PRODUCTION_OFFSET,COMPONENT|CORRIDOR_INTERPOLATION|PRODUCTION|PRODUCTION_OFFSET,SHORT_ENTRY_SHORT_EXIT
DEVELOPMENT,DVE032,48,NO_RESERVES_DIAGONAL,1,23,23,2,44,44,0,12,12,10,10,11,0,0.0,False,,,False,False,False,False,False,False,False,False,,,,,,,,6.182569995871745,55.877142993267626,18.6903559952043,80.75006898434367,COMPONENT|CORRIDOR|CORRIDOR_INTERPOLATION|PRODUCTION|PRODUCTION_OFFSET,COMPONENT|CORRIDOR|CORRIDOR_INTERPOLATION|PRODUCTION|PRODUCTION_OFFSET,SHORT_ENTRY_SHORT_EXIT
DEVELOPMENT,DVE032,64,NO_RESERVES_DIAGONAL,1,23,23,2,44,44,0,12,12,10,10,11,0,0.0,False,,,False,False,False,False,False,False,False,False,,,,,,,,6.182569995871745,54.825032988446765,17.150786996353418,78.15838998067193,COMPONENT|CORRIDOR|CORRIDOR_INTERPOLATION|PRODUCTION|PRODUCTION_OFFSET,COMPONENT|CORRIDOR|CORRIDOR_INTERPOLATION|PRODUCTION|PRODUCTION_OFFSET,SHORT_ENTRY_SHORT_EXIT
DEVELOPMENT,DVE032,96,NO_RESERVES_DIAGONAL,1,23,23,2,44,44,0,12,12,10,10,11,0,0.0,False,,,False,False,False,False,False,False,False,False,,,,,,,,6.182569995871745,55.60663300275337,16.434138000477105,78.22334099910222,COMPONENT|CORRIDOR|CORRIDOR_INTERPOLATION|PRODUCTION|PRODUCTION_OFFSET,COMPONENT|CORRIDOR|CORRIDOR_INTERPOLATION|PRODUCTION|PRODUCTION_OFFSET,SHORT_ENTRY_SHORT_EXIT
DEVELOPMENT,DVE032,128,NO_RESERVES_DIAGONAL,1,23,23,2,44,44,0,12,12,10,10,11,0,0.0,False,,,False,False,False,False,False,False,False,False,,,,,,,,6.182569995871745,53.70766499254387,16.914475010707974,76.80470999912359,COMPONENT|CORRIDOR|CORRIDOR_INTERPOLATION|PRODUCTION|PRODUCTION_OFFSET,COMPONENT|CORRIDOR|CORRIDOR_INTERPOLATION|PRODUCTION|PRODUCTION_OFFSET,SHORT_ENTRY_SHORT_EXIT
DEVELOPMENT,DVE033,24,NO_RESERVES_DIAGONAL,2,32,16,2,24,24,0,12,7,5,5,12,0,0.0,False,,,False,False,False,False,False,False,False,False,,,,,,,,7.180273998528719,12.107487011235207,11.440161004429683,30.72792201419361,COMPONENT|PRODUCTION,COMPONENT|PRODUCTION,LONG_ENTRY_SHORT_EXIT|SHORT_ENTRY_SHORT_EXIT
DEVELOPMENT,DVE033,32,NO_RESERVES_DIAGONAL,2,32,20,2,32,32,0,12,11,9,9,12,0,0.0,False,,,False,False,False,False,False,False,False,False,,,,,,,,7.180273998528719,20.637253997847438,12.634063998120837,40.451591994496994,COMPONENT|PRODUCTION|PRODUCTION_OFFSET,COMPONENT|PRODUCTION|PRODUCTION_OFFSET,LONG_ENTRY_SHORT_EXIT|SHORT_ENTRY_SHORT_EXIT
DEVELOPMENT,DVE033,48,NO_RESERVES_DIAGONAL,2,32,28,2,48,48,0,12,12,10,10,12,0,0.0,False,,,False,False,False,False,False,False,False,False,,,,,,,,7.180273998528719,37.61220299929846,11.733151986845769,56.52562898467295,COMPONENT|CORRIDOR_INTERPOLATION|PRODUCTION|PRODUCTION_OFFSET,COMPONENT|CORRIDOR_INTERPOLATION|PRODUCTION|PRODUCTION_OFFSET,SHORT_ENTRY_SHORT_EXIT
DEVELOPMENT,DVE033,64,NO_RESERVES_DIAGONAL,2,32,32,2,62,62,0,12,12,10,10,12,0,0.0,False,,,False,False,False,False,False,False,False,False,,,,,,,,7.180273998528719,44.72710999834817,11.554598007933237,63.461982004810125,COMPONENT|CORRIDOR|CORRIDOR_INTERPOLATION|PRODUCTION|PRODUCTION_OFFSET,COMPONENT|CORRIDOR_INTERPOLATION|PRODUCTION|PRODUCTION_OFFSET,SHORT_ENTRY_SHORT_EXIT
DEVELOPMENT,DVE033,96,NO_RESERVES_DIAGONAL,2,32,32,2,62,62,0,12,12,10,10,12,0,0.0,False,,,False,False,False,False,False,False,False,False,,,,,,,,7.180273998528719,44.874347004224546,11.35297400469426,63.407595007447526,COMPONENT|CORRIDOR|CORRIDOR_INTERPOLATION|PRODUCTION|PRODUCTION_OFFSET,COMPONENT|CORRIDOR_INTERPOLATION|PRODUCTION|PRODUCTION_OFFSET,SHORT_ENTRY_SHORT_EXIT
DEVELOPMENT,DVE033,128,NO_RESERVES_DIAGONAL,2,32,32,2,62,62,0,12,12,10,10,12,0,0.0,False,,,False,False,False,False,False,False,False,False,,,,,,,,7.180273998528719,45.10985699016601,11.710307997418568,64.0004389861133,COMPONENT|CORRIDOR|CORRIDOR_INTERPOLATION|PRODUCTION|PRODUCTION_OFFSET,COMPONENT|CORRIDOR_INTERPOLATION|PRODUCTION|PRODUCTION_OFFSET,SHORT_ENTRY_SHORT_EXIT
DEVELOPMENT,DVE034,24,NO_RESERVES_DIAGONAL,1,32,16,5,24,24,0,12,12,10,10,12,3,0.25,False,,,False,False,False,False,False,False,False,False,,,,,,,,4.499759990721941,37.135714999749325,18.917198001872748,60.552672992344014,COMPONENT|PRODUCTION|PRODUCTION_OFFSET,COMPONENT|PRODUCTION|PRODUCTION_OFFSET,LONG_ENTRY_LONG_EXIT|SHORT_ENTRY_LONG_EXIT|SHORT_ENTRY_SHORT_EXIT
DEVELOPMENT,DVE034,32,NO_RESERVES_DIAGONAL,1,32,20,5,32,32,0,12,12,11,11,12,3,0.25,False,,,False,False,False,False,False,False,False,False,,,,,,,,4.499759990721941,46.37728200759739,19.63128399802372,70.50832599634305,COMPONENT|PRODUCTION|PRODUCTION_OFFSET,COMPONENT|PRODUCTION|PRODUCTION_OFFSET,LONG_ENTRY_LONG_EXIT|SHORT_ENTRY_LONG_EXIT|SHORT_ENTRY_SHORT_EXIT
DEVELOPMENT,DVE034,48,NO_RESERVES_DIAGONAL,1,32,28,5,48,48,0,12,12,11,11,12,4,0.3333333333333333,False,,,False,False,False,False,False,False,False,False,,,,,,,,4.499759990721941,79.70955201017205,22.572332993149757,106.78164499404375,COMPONENT|CORRIDOR_INTERPOLATION|PRODUCTION|PRODUCTION_OFFSET,COMPONENT|PRODUCTION|PRODUCTION_OFFSET,LONG_ENTRY_LONG_EXIT|SHORT_ENTRY_LONG_EXIT|SHORT_ENTRY_SHORT_EXIT
DEVELOPMENT,DVE034,64,NO_RESERVES_DIAGONAL,1,32,32,5,64,64,0,12,12,11,11,12,4,0.3333333333333333,False,,,False,False,False,False,False,False,False,False,,,,,,,,4.499759990721941,104.28963499725796,16.736239995225333,125.52563498320524,COMPONENT|CORRIDOR_INTERPOLATION|PRODUCTION|PRODUCTION_OFFSET,COMPONENT|PRODUCTION|PRODUCTION_OFFSET,LONG_ENTRY_LONG_EXIT|SHORT_ENTRY_LONG_EXIT|SHORT_ENTRY_SHORT_EXIT
DEVELOPMENT,DVE034,96,NO_RESERVES_DIAGONAL,1,32,32,5,96,96,0,12,12,11,11,12,4,0.3333333333333333,False,,,False,False,False,False,False,False,False,False,,,,,,,,4.499759990721941,180.66091899527237,17.027606998453848,202.18828598444816,COMPONENT|CORRIDOR_INTERPOLATION|PRODUCTION|PRODUCTION_OFFSET,COMPONENT|PRODUCTION|PRODUCTION_OFFSET,LONG_ENTRY_LONG_EXIT|LONG_ENTRY_SHORT_EXIT|SHORT_ENTRY_LONG_EXIT|SHORT_ENTRY_SHORT_EXIT
DEVELOPMENT,DVE034,128,NO_RESERVES_DIAGONAL,1,32,32,5,128,128,0,12,12,11,11,12,5,0.4166666666666667,False,,,False,False,False,False,False,False,False,False,,,,,,,,4.499759990721941,267.3348529933719,16.352770006051287,288.1873829901451,COMPONENT|CORRIDOR_INTERPOLATION|PRODUCTION|PRODUCTION_OFFSET,COMPONENT|PRODUCTION|PRODUCTION_OFFSET,LONG_ENTRY_LONG_EXIT|LONG_ENTRY_SHORT_EXIT|SHORT_ENTRY_LONG_EXIT|SHORT_ENTRY_SHORT_EXIT
DEVELOPMENT,DVE035,24,NO_RESERVES_DIAGONAL,1,31,16,7,24,24,0,12,12,10,10,12,0,0.0,False,,,False,False,False,False,False,False,False,False,,,,,,,,6.668157991953194,31.97731199907139,27.61425799690187,66.25972798792645,COMPONENT|PRODUCTION|PRODUCTION_OFFSET,COMPONENT|PRODUCTION|PRODUCTION_OFFSET,LONG_ENTRY_LONG_EXIT|LONG_ENTRY_MEDIUM_EXIT|MEDIUM_ENTRY_SHORT_EXIT|SHORT_ENTRY_SHORT_EXIT
DEVELOPMENT,DVE035,32,NO_RESERVES_DIAGONAL,1,31,20,7,32,32,0,12,12,10,10,12,0,0.0,False,,,False,False,False,False,False,False,False,False,,,,,,,,6.668157991953194,38.0629649880575,28.771073004463688,73.50219598447438,COMPONENT|CORRIDOR_INTERPOLATION|PRODUCTION|PRODUCTION_OFFSET,COMPONENT|PRODUCTION|PRODUCTION_OFFSET,LONG_ENTRY_LONG_EXIT|LONG_ENTRY_MEDIUM_EXIT|MEDIUM_ENTRY_SHORT_EXIT|SHORT_ENTRY_SHORT_EXIT
DEVELOPMENT,DVE035,48,NO_RESERVES_DIAGONAL,1,31,28,7,48,48,0,12,12,10,10,12,1,0.08333333333333333,False,,,False,False,False,False,False,False,False,False,,,,,,,,6.668157991953194,55.39531300019007,26.959401002386585,89.02287199452985,COMPONENT|CORRIDOR_INTERPOLATION|PRODUCTION|PRODUCTION_OFFSET,COMPONENT|CORRIDOR_INTERPOLATION|PRODUCTION|PRODUCTION_OFFSET,LONG_ENTRY_LONG_EXIT|LONG_ENTRY_MEDIUM_EXIT|SHORT_ENTRY_SHORT_EXIT
DEVELOPMENT,DVE035,64,NO_RESERVES_DIAGONAL,1,31,31,7,64,64,0,12,12,10,10,12,1,0.08333333333333333,False,,,False,False,False,False,False,False,False,False,,,,,,,,6.668157991953194,84.46005299629178,26.23623599356506,117.36444698181003,COMPONENT|CORRIDOR|CORRIDOR_INTERPOLATION|PRODUCTION|PRODUCTION_OFFSET,COMPONENT|CORRIDOR_INTERPOLATION|PRODUCTION,LONG_ENTRY_LONG_EXIT|LONG_ENTRY_MEDIUM_EXIT|LONG_ENTRY_SHORT_EXIT|SHORT_ENTRY_SHORT_EXIT
DEVELOPMENT,DVE035,96,NO_RESERVES_DIAGONAL,1,31,31,7,96,96,0,12,12,10,10,12,2,0.16666666666666666,False,,,False,False,False,False,False,False,False,False,,,,,,,,6.668157991953194,137.28235100279562,27.15876599540934,171.10927499015816,COMPONENT|CORRIDOR|CORRIDOR_INTERPOLATION|PRODUCTION|PRODUCTION_OFFSET,CORRIDOR_INTERPOLATION|PRODUCTION,LONG_ENTRY_LONG_EXIT|LONG_ENTRY_MEDIUM_EXIT|LONG_ENTRY_SHORT_EXIT|SHORT_ENTRY_SHORT_EXIT
DEVELOPMENT,DVE035,128,NO_RESERVES_DIAGONAL,1,31,31,7,128,128,0,12,12,10,10,12,2,0.16666666666666666,False,,,False,False,False,False,False,False,False,False,,,,,,,,6.668157991953194,191.93517600069754,26.576930002192967,225.1802639948437,COMPONENT|CORRIDOR|CORRIDOR_INTERPOLATION|PRODUCTION|PRODUCTION_OFFSET,CORRIDOR_INTERPOLATION|PRODUCTION,LONG_ENTRY_LONG_EXIT|LONG_ENTRY_MEDIUM_EXIT|LONG_ENTRY_SHORT_EXIT|SHORT_ENTRY_SHORT_EXIT
DEVELOPMENT,DVE036,24,NO_RESERVES_DIAGONAL,2,37,16,6,24,24,0,12,12,10,10,12,4,0.3333333333333333,False,,,False,False,False,False,False,False,False,False,,,,,,,,7.060812000418082,21.941824990790337,20.250642992323264,49.253279983531684,COMPONENT|PRODUCTION,COMPONENT|PRODUCTION,LONG_ENTRY_LONG_EXIT|LONG_ENTRY_MEDIUM_EXIT|SHORT_ENTRY_SHORT_EXIT
DEVELOPMENT,DVE036,32,NO_RESERVES_DIAGONAL,2,37,20,6,32,32,0,12,12,10,10,12,4,0.3333333333333333,False,,,False,False,False,False,False,False,False,False,,,,,,,,7.060812000418082,25.55681500234641,19.55101700150408,52.16864400426857,COMPONENT|PRODUCTION|PRODUCTION_OFFSET,COMPONENT|PRODUCTION|PRODUCTION_OFFSET,LONG_ENTRY_LONG_EXIT|LONG_ENTRY_MEDIUM_EXIT|SHORT_ENTRY_SHORT_EXIT
DEVELOPMENT,DVE036,48,NO_RESERVES_DIAGONAL,2,37,28,6,48,48,0,12,12,10,10,12,5,0.4166666666666667,False,,,False,False,False,False,False,False,False,False,,,,,,,,7.060812000418082,33.783382998080924,19.825971001409926,60.67016599990893,COMPONENT|CORRIDOR_INTERPOLATION|PRODUCTION|PRODUCTION_OFFSET,COMPONENT|CORRIDOR_INTERPOLATION|PRODUCTION|PRODUCTION_OFFSET,LONG_ENTRY_LONG_EXIT|LONG_ENTRY_MEDIUM_EXIT|SHORT_ENTRY_SHORT_EXIT
DEVELOPMENT,DVE036,64,NO_RESERVES_DIAGONAL,2,37,36,6,64,64,0,12,12,10,10,12,5,0.4166666666666667,False,,,False,False,False,False,False,False,False,False,,,,,,,,7.060812000418082,44.125130007159896,20.37052600644529,71.55646801402327,COMPONENT|CORRIDOR|CORRIDOR_INTERPOLATION|PRODUCTION|PRODUCTION_OFFSET,COMPONENT|PRODUCTION|PRODUCTION_OFFSET,LONG_ENTRY_LONG_EXIT|LONG_ENTRY_MEDIUM_EXIT|SHORT_ENTRY_SHORT_EXIT
DEVELOPMENT,DVE036,96,NO_RESERVES_DIAGONAL,2,37,37,6,96,96,0,12,12,10,10,12,7,0.5833333333333334,False,,,False,False,False,False,False,False,False,False,,,,,,,,7.060812000418082,72.35633599339053,19.700667005963624,99.11781499977224,COMPONENT|CORRIDOR|CORRIDOR_INTERPOLATION|PRODUCTION|PRODUCTION_OFFSET,PRODUCTION|PRODUCTION_OFFSET,LONG_ENTRY_LONG_EXIT|LONG_ENTRY_MEDIUM_EXIT|LONG_ENTRY_SHORT_EXIT|SHORT_ENTRY_LONG_EXIT|SHORT_ENTRY_SHORT_EXIT
DEVELOPMENT,DVE036,128,NO_RESERVES_DIAGONAL,2,37,37,6,128,128,0,12,12,10,10,12,8,0.6666666666666666,False,,,False,False,False,False,False,False,False,False,,,,,,,,7.060812000418082,112.95977400732227,20.418738000444137,140.43932400818449,COMPONENT|CORRIDOR|CORRIDOR_INTERPOLATION|PRODUCTION|PRODUCTION_OFFSET,PRODUCTION|PRODUCTION_OFFSET,LONG_ENTRY_LONG_EXIT|LONG_ENTRY_MEDIUM_EXIT|LONG_ENTRY_SHORT_EXIT|SHORT_ENTRY_LONG_EXIT|SHORT_ENTRY_SHORT_EXIT
DEVELOPMENT,DVE037,24,NO_RESERVES_DIAGONAL,2,41,16,2,24,24,0,12,12,10,10,11,0,0.0,True,False,False,True,True,False,False,True,True,False,False,,,,,,,,7.2585369925946,18.77973800583277,14.24960300209932,40.28787800052669,COMPONENT|PRODUCTION,COMPONENT|PRODUCTION,LONG_ENTRY_SHORT_EXIT|SHORT_ENTRY_SHORT_EXIT
DEVELOPMENT,DVE037,32,NO_RESERVES_DIAGONAL,2,41,20,2,32,32,0,12,12,10,10,11,0,0.0,True,False,False,True,True,True,True,False,False,False,False,LEFT,0.6331416616605761,0.6220880155143621,0.5145810930150512,0.4971684162574945,8fcb73876affa556,8fcb73876affa556,7.2585369925946,25.012990008690394,11.894608003785834,44.16613500507083,COMPONENT|PRODUCTION|PRODUCTION_OFFSET,COMPONENT|PRODUCTION,LONG_ENTRY_SHORT_EXIT|SHORT_ENTRY_SHORT_EXIT
DEVELOPMENT,DVE037,48,NO_RESERVES_DIAGONAL,2,41,28,2,48,48,0,12,12,10,10,11,1,0.09090909090909091,True,True,True,True,True,True,True,False,False,False,False,LEFT,0.6331416616605761,0.6220880155143621,0.7136694116555473,0.4971684162574945,237b14031c68c366,237b14031c68c366,7.2585369925946,44.54180199536495,13.94234100007452,65.74267998803407,COMPONENT|CORRIDOR_INTERPOLATION|PRODUCTION|PRODUCTION_OFFSET,COMPONENT|PRODUCTION,LONG_ENTRY_SHORT_EXIT|SHORT_ENTRY_SHORT_EXIT
DEVELOPMENT,DVE037,64,NO_RESERVES_DIAGONAL,2,41,36,2,64,64,0,12,12,11,11,11,1,0.09090909090909091,True,True,True,True,True,True,True,False,False,False,False,LEFT,0.6331416616605761,0.6220880155143621,0.7136694116555473,0.4971684162574945,237b14031c68c366,237b14031c68c366,7.2585369925946,80.58428000367712,14.397249004105106,102.24006600037683,COMPONENT|CORRIDOR_INTERPOLATION|PRODUCTION|PRODUCTION_OFFSET,COMPONENT|PRODUCTION|PRODUCTION_OFFSET,LONG_ENTRY_SHORT_EXIT|SHORT_ENTRY_SHORT_EXIT
DEVELOPMENT,DVE037,96,NO_RESERVES_DIAGONAL,2,41,41,2,80,80,0,12,12,11,11,11,1,0.09090909090909091,True,True,True,True,True,True,True,False,False,False,False,LEFT,0.6331416616605761,0.6220880155143621,0.7136694116555473,0.4971684162574945,237b14031c68c366,237b14031c68c366,7.2585369925946,101.52144799940288,12.660460008191876,121.44044500018936,COMPONENT|CORRIDOR|CORRIDOR_INTERPOLATION|PRODUCTION|PRODUCTION_OFFSET,COMPONENT|PRODUCTION|PRODUCTION_OFFSET,LONG_ENTRY_SHORT_EXIT|SHORT_ENTRY_SHORT_EXIT
DEVELOPMENT,DVE037,128,NO_RESERVES_DIAGONAL,2,41,41,2,80,80,0,12,12,11,11,11,1,0.09090909090909091,True,True,True,True,True,True,True,False,False,False,False,LEFT,0.6331416616605761,0.6220880155143621,0.7136694116555473,0.4971684162574945,237b14031c68c366,237b14031c68c366,7.2585369925946,100.55874800309539,13.841754000168294,121.65903899585828,COMPONENT|CORRIDOR|CORRIDOR_INTERPOLATION|PRODUCTION|PRODUCTION_OFFSET,COMPONENT|PRODUCTION|PRODUCTION_OFFSET,LONG_ENTRY_SHORT_EXIT|SHORT_ENTRY_SHORT_EXIT
DEVELOPMENT,DVE038,24,NO_RESERVES_DIAGONAL,2,31,16,2,24,24,0,12,12,10,10,12,0,0.0,True,False,False,True,True,True,True,False,False,False,False,RIGHT,-0.47832715344358734,-0.49832715344358736,0.7136694116555473,0.4971684162574945,f582b9b1a8f10444,f582b9b1a8f10444,7.055484005832113,12.334758997894824,14.396537007996812,33.78678001172375,COMPONENT|PRODUCTION,COMPONENT|PRODUCTION,LONG_ENTRY_SHORT_EXIT|SHORT_ENTRY_SHORT_EXIT
DEVELOPMENT,DVE038,32,NO_RESERVES_DIAGONAL,2,31,20,2,32,32,0,12,12,10,10,12,0,0.0,True,False,False,True,True,True,True,False,False,False,False,RIGHT,-0.47832715344358734,-0.49832715344358736,0.7136694116555473,0.4971684162574945,f582b9b1a8f10444,f582b9b1a8f10444,7.055484005832113,17.903675994602963,12.66447699163109,37.62363699206617,COMPONENT|PRODUCTION|PRODUCTION_OFFSET,COMPONENT|PRODUCTION|PRODUCTION_OFFSET,LONG_ENTRY_SHORT_EXIT|SHORT_ENTRY_SHORT_EXIT
DEVELOPMENT,DVE038,48,NO_RESERVES_DIAGONAL,2,31,28,2,48,48,0,12,12,10,10,12,0,0.0,True,False,False,True,True,True,True,False,False,False,False,RIGHT,-0.4744513939744379,-0.514451393974438,0.7136694116555473,0.4971684162574945,6fb36be907fe1eaf,6fb36be907fe1eaf,7.055484005832113,35.35096300765872,13.335085997823626,55.74153301131446,COMPONENT|CORRIDOR_INTERPOLATION|PRODUCTION|PRODUCTION_OFFSET,COMPONENT|PRODUCTION_OFFSET,LONG_ENTRY_SHORT_EXIT|SHORT_ENTRY_SHORT_EXIT
DEVELOPMENT,DVE038,64,NO_RESERVES_DIAGONAL,2,31,31,2,60,60,0,12,12,10,10,12,0,0.0,True,False,False,True,True,True,True,False,False,False,False,RIGHT,-0.5580946212340236,-0.6080946212340237,0.7136694116555473,0.4971684162574945,108ef23f9f73ad79,108ef23f9f73ad79,7.055484005832113,53.176565998001024,14.606181008275598,74.83823101210874,COMPONENT|CORRIDOR|CORRIDOR_INTERPOLATION|PRODUCTION|PRODUCTION_OFFSET,COMPONENT|CORRIDOR|PRODUCTION_OFFSET,LONG_ENTRY_SHORT_EXIT|SHORT_ENTRY_SHORT_EXIT
DEVELOPMENT,DVE038,96,NO_RESERVES_DIAGONAL,2,31,31,2,60,60,0,12,12,10,10,12,0,0.0,True,False,False,True,True,True,True,False,False,False,False,RIGHT,-0.5580946212340236,-0.6080946212340237,0.7136694116555473,0.4971684162574945,108ef23f9f73ad79,108ef23f9f73ad79,7.055484005832113,50.746300010359846,13.682103002793156,71.48388701898511,COMPONENT|CORRIDOR|CORRIDOR_INTERPOLATION|PRODUCTION|PRODUCTION_OFFSET,COMPONENT|CORRIDOR|PRODUCTION_OFFSET,LONG_ENTRY_SHORT_EXIT|SHORT_ENTRY_SHORT_EXIT
DEVELOPMENT,DVE038,128,NO_RESERVES_DIAGONAL,2,31,31,2,60,60,0,12,12,10,10,12,0,0.0,True,False,False,True,True,True,True,False,False,False,False,RIGHT,-0.5580946212340236,-0.6080946212340237,0.7136694116555473,0.4971684162574945,108ef23f9f73ad79,108ef23f9f73ad79,7.055484005832113,50.719394988846034,12.400587002048269,70.17546599672642,COMPONENT|CORRIDOR|CORRIDOR_INTERPOLATION|PRODUCTION|PRODUCTION_OFFSET,COMPONENT|CORRIDOR|PRODUCTION_OFFSET,LONG_ENTRY_SHORT_EXIT|SHORT_ENTRY_SHORT_EXIT
DEVELOPMENT,DVE039,24,NO_RESERVES_DIAGONAL,2,64,16,7,24,24,0,12,12,10,10,12,1,0.08333333333333333,True,False,False,True,True,False,False,True,True,False,False,,,,,,,,9.288216999266297,71.61743400502019,43.88682600983884,124.79247701412532,COMPONENT|PRODUCTION,PRODUCTION,LONG_ENTRY_LONG_EXIT|LONG_ENTRY_MEDIUM_EXIT
DEVELOPMENT,DVE039,32,NO_RESERVES_DIAGONAL,2,64,20,7,32,32,0,12,12,10,10,12,1,0.08333333333333333,True,False,False,True,True,False,False,True,True,False,False,,,,,,,,9.288216999266297,89.04529899882618,43.69241799577139,142.02593399386387,COMPONENT|PRODUCTION,PRODUCTION,LONG_ENTRY_LONG_EXIT|LONG_ENTRY_MEDIUM_EXIT
DEVELOPMENT,DVE039,48,NO_RESERVES_DIAGONAL,2,64,28,7,48,48,0,12,12,10,10,12,1,0.08333333333333333,True,False,False,True,True,False,False,True,True,False,False,,,,,,,,9.288216999266297,122.04514899349306,43.96685500978492,175.30022100254428,COMPONENT|PRODUCTION,PRODUCTION,LONG_ENTRY_LONG_EXIT|LONG_ENTRY_MEDIUM_EXIT
DEVELOPMENT,DVE039,64,NO_RESERVES_DIAGONAL,2,64,36,7,64,64,0,12,12,10,10,12,1,0.08333333333333333,True,False,False,True,True,False,False,True,True,False,False,,,,,,,,9.288216999266297,174.86613400978968,44.482963989139535,228.6373149981955,COMPONENT|PRODUCTION|PRODUCTION_OFFSET,PRODUCTION|PRODUCTION_OFFSET,LONG_ENTRY_LONG_EXIT|LONG_ENTRY_MEDIUM_EXIT
DEVELOPMENT,DVE039,96,NO_RESERVES_DIAGONAL,2,64,48,7,96,96,0,12,12,11,11,12,1,0.08333333333333333,True,False,False,True,True,False,False,True,True,False,False,,,,,,,,9.288216999266297,275.57615499245003,44.17035399819724,329.03472598991357,COMPONENT|CORRIDOR_INTERPOLATION|PRODUCTION|PRODUCTION_OFFSET,PRODUCTION|PRODUCTION_OFFSET,LONG_ENTRY_LONG_EXIT|LONG_ENTRY_MEDIUM_EXIT
DEVELOPMENT,DVE039,128,NO_RESERVES_DIAGONAL,2,64,64,7,128,128,0,12,12,10,10,12,2,0.16666666666666666,True,True,True,True,True,True,True,False,False,False,False,RIGHT,-0.6496768991403512,-0.4996768991403512,1.310934367577036,3.1286619468037347,3dc1c37301f2f101,3dc1c37301f2f101,9.288216999266297,366.8658249953296,44.55670199240558,420.7107439870015,COMPONENT|CORRIDOR_INTERPOLATION|PRODUCTION|PRODUCTION_OFFSET,PRODUCTION|PRODUCTION_OFFSET,LONG_ENTRY_LONG_EXIT|LONG_ENTRY_MEDIUM_EXIT
DEVELOPMENT,DVE040,24,NO_RESERVES_DIAGONAL,1,21,16,6,24,24,0,12,12,10,10,10,3,0.3,False,,,False,False,False,False,False,False,False,False,,,,,,,,4.92446000862401,28.283824009122327,27.541431001736782,60.74971501948312,COMPONENT|CORRIDOR_INTERPOLATION|PRODUCTION|PRODUCTION_OFFSET,COMPONENT|PRODUCTION|PRODUCTION_OFFSET,LONG_ENTRY_LONG_EXIT|LONG_ENTRY_MEDIUM_EXIT|SHORT_ENTRY_SHORT_EXIT
DEVELOPMENT,DVE040,32,NO_RESERVES_DIAGONAL,1,21,20,6,32,32,0,12,12,10,10,10,3,0.3,False,,,False,False,False,False,False,False,False,False,,,,,,,,4.92446000862401,34.888026988483034,25.587476993678138,65.39996399078518,COMPONENT|CORRIDOR_INTERPOLATION|PRODUCTION|PRODUCTION_OFFSET,COMPONENT|CORRIDOR_INTERPOLATION|PRODUCTION|PRODUCTION_OFFSET,LONG_ENTRY_LONG_EXIT|LONG_ENTRY_MEDIUM_EXIT|SHORT_ENTRY_SHORT_EXIT
DEVELOPMENT,DVE040,48,NO_RESERVES_DIAGONAL,1,21,21,6,48,48,0,12,12,10,10,10,3,0.3,False,,,False,False,False,False,False,False,False,False,,,,,,,,4.92446000862401,62.21714100684039,25.270117010222748,92.41171802568715,COMPONENT|CORRIDOR|CORRIDOR_INTERPOLATION|PRODUCTION|PRODUCTION_OFFSET,COMPONENT|CORRIDOR_INTERPOLATION|PRODUCTION|PRODUCTION_OFFSET,LONG_ENTRY_LONG_EXIT|LONG_ENTRY_MEDIUM_EXIT|SHORT_ENTRY_SHORT_EXIT
DEVELOPMENT,DVE040,64,NO_RESERVES_DIAGONAL,1,21,21,6,64,64,0,12,12,10,10,10,4,0.4,False,,,False,False,False,False,False,False,False,False,,,,,,,,4.92446000862401,85.12259399867617,25.186598009895533,115.23365201719571,COMPONENT|CORRIDOR|CORRIDOR_INTERPOLATION|PRODUCTION|PRODUCTION_OFFSET,COMPONENT|CORRIDOR_INTERPOLATION|PRODUCTION|PRODUCTION_OFFSET,LONG_ENTRY_LONG_EXIT|LONG_ENTRY_MEDIUM_EXIT|SHORT_ENTRY_SHORT_EXIT
DEVELOPMENT,DVE040,96,NO_RESERVES_DIAGONAL,1,21,21,6,96,96,0,12,12,10,10,10,4,0.4,False,,,False,False,False,False,False,False,False,False,,,,,,,,4.92446000862401,152.60109399969224,25.173889996949583,182.69944400526583,COMPONENT|CORRIDOR|CORRIDOR_INTERPOLATION|PRODUCTION|PRODUCTION_OFFSET,COMPONENT|CORRIDOR_INTERPOLATION|PRODUCTION|PRODUCTION_OFFSET,LONG_ENTRY_LONG_EXIT|LONG_ENTRY_MEDIUM_EXIT|SHORT_ENTRY_SHORT_EXIT
DEVELOPMENT,DVE040,128,NO_RESERVES_DIAGONAL,1,21,21,6,126,126,0,12,12,10,10,10,4,0.4,False,,,False,False,False,False,False,False,False,False,,,,,,,,4.92446000862401,233.2538890041178,25.002430003951304,263.1807790166931,COMPONENT|CORRIDOR|CORRIDOR_INTERPOLATION|PRODUCTION|PRODUCTION_OFFSET,COMPONENT|CORRIDOR_INTERPOLATION|PRODUCTION|PRODUCTION_OFFSET,LONG_ENTRY_LONG_EXIT|LONG_ENTRY_MEDIUM_EXIT|SHORT_ENTRY_SHORT_EXIT
VALIDATION_SEEN_AFTER_V1,VUE001,24,NO_RESERVES_DIAGONAL,1,32,16,7,24,24,0,12,12,10,10,11,0,0.0,False,,,False,False,False,False,False,False,False,False,,,,,,,,5.260300997179002,58.05193600826897,37.6960989960935,101.00833600154147,COMPONENT|PRODUCTION|PRODUCTION_OFFSET,COMPONENT|PRODUCTION|PRODUCTION_OFFSET,LONG_ENTRY_LONG_EXIT|LONG_ENTRY_MEDIUM_EXIT|SHORT_ENTRY_LONG_EXIT|SHORT_ENTRY_SHORT_EXIT
VALIDATION_SEEN_AFTER_V1,VUE001,32,NO_RESERVES_DIAGONAL,1,32,20,7,32,32,0,12,12,10,10,11,0,0.0,False,,,False,False,False,False,False,False,False,False,,,,,,,,5.260300997179002,72.46805900649633,37.01941001054365,114.74777001421899,COMPONENT|PRODUCTION|PRODUCTION_OFFSET,COMPONENT|PRODUCTION|PRODUCTION_OFFSET,LONG_ENTRY_LONG_EXIT|LONG_ENTRY_MEDIUM_EXIT|SHORT_ENTRY_LONG_EXIT|SHORT_ENTRY_SHORT_EXIT
VALIDATION_SEEN_AFTER_V1,VUE001,48,NO_RESERVES_DIAGONAL,1,32,28,7,48,48,0,12,12,10,10,11,0,0.0,False,,,False,False,False,False,False,False,False,False,,,,,,,,5.260300997179002,117.79013600607868,36.642624996602535,159.69306199986022,COMPONENT|CORRIDOR_INTERPOLATION|PRODUCTION|PRODUCTION_OFFSET,COMPONENT|PRODUCTION|PRODUCTION_OFFSET,LONG_ENTRY_LONG_EXIT|LONG_ENTRY_MEDIUM_EXIT|SHORT_ENTRY_LONG_EXIT|SHORT_ENTRY_SHORT_EXIT
VALIDATION_SEEN_AFTER_V1,VUE001,64,NO_RESERVES_DIAGONAL,1,32,32,7,64,64,0,12,12,10,10,11,0,0.0,False,,,False,False,False,False,False,False,False,False,,,,,,,,5.260300997179002,159.62358300748747,36.63864600821398,201.52253001288045,COMPONENT|CORRIDOR_INTERPOLATION|PRODUCTION|PRODUCTION_OFFSET,COMPONENT|PRODUCTION|PRODUCTION_OFFSET,LONG_ENTRY_LONG_EXIT|LONG_ENTRY_MEDIUM_EXIT|SHORT_ENTRY_LONG_EXIT|SHORT_ENTRY_SHORT_EXIT
VALIDATION_SEEN_AFTER_V1,VUE001,96,NO_RESERVES_DIAGONAL,1,32,32,7,96,96,0,12,12,10,10,11,1,0.09090909090909091,False,,,False,False,False,False,False,False,False,False,,,,,,,,5.260300997179002,254.87061101011932,35.625183998490684,295.756096005789,COMPONENT|CORRIDOR_INTERPOLATION|PRODUCTION|PRODUCTION_OFFSET,PRODUCTION|PRODUCTION_OFFSET,LONG_ENTRY_LONG_EXIT|LONG_ENTRY_MEDIUM_EXIT|SHORT_ENTRY_SHORT_EXIT
VALIDATION_SEEN_AFTER_V1,VUE001,128,NO_RESERVES_DIAGONAL,1,32,32,7,128,128,0,12,12,10,10,11,1,0.09090909090909091,False,,,False,False,False,False,False,False,False,False,,,,,,,,5.260300997179002,337.157603004016,35.60003200254869,378.01793600374367,COMPONENT|CORRIDOR_INTERPOLATION|PRODUCTION|PRODUCTION_OFFSET,PRODUCTION|PRODUCTION_OFFSET,LONG_ENTRY_LONG_EXIT|LONG_ENTRY_MEDIUM_EXIT|LONG_ENTRY_SHORT_EXIT|SHORT_ENTRY_SHORT_EXIT
VALIDATION_SEEN_AFTER_V1,VUE002,24,NO_RESERVES_DIAGONAL,2,31,16,2,24,24,0,12,7,5,5,12,0,0.0,False,,,False,False,False,False,False,False,False,False,,,,,,,,6.7989669914823025,12.04421000147704,10.104140994371846,28.94731798733119,COMPONENT|PRODUCTION,COMPONENT|PRODUCTION,SHORT_ENTRY_SHORT_EXIT
VALIDATION_SEEN_AFTER_V1,VUE002,32,NO_RESERVES_DIAGONAL,2,31,20,2,32,32,0,12,11,9,9,12,1,0.08333333333333333,False,,,False,False,False,False,False,False,False,False,,,,,,,,6.7989669914823025,17.080199002521113,12.12574499368202,36.004910987685435,COMPONENT|PRODUCTION|PRODUCTION_OFFSET,COMPONENT|PRODUCTION|PRODUCTION_OFFSET,LONG_ENTRY_SHORT_EXIT|SHORT_ENTRY_SHORT_EXIT
VALIDATION_SEEN_AFTER_V1,VUE002,48,NO_RESERVES_DIAGONAL,2,31,28,2,48,48,0,12,12,10,10,12,1,0.08333333333333333,False,,,False,False,False,False,False,False,False,False,,,,,,,,6.7989669914823025,34.760647991788574,11.504669993882999,53.064284977153875,COMPONENT|CORRIDOR_INTERPOLATION|PRODUCTION|PRODUCTION_OFFSET,COMPONENT|PRODUCTION|PRODUCTION_OFFSET,SHORT_ENTRY_SHORT_EXIT
VALIDATION_SEEN_AFTER_V1,VUE002,64,NO_RESERVES_DIAGONAL,2,31,31,2,60,60,0,12,12,10,10,12,1,0.08333333333333333,False,,,False,False,False,False,False,False,False,False,,,,,,,,6.7989669914823025,44.71805399225559,14.556858004652895,66.07387898839079,COMPONENT|CORRIDOR|CORRIDOR_INTERPOLATION|PRODUCTION|PRODUCTION_OFFSET,COMPONENT|PRODUCTION|PRODUCTION_OFFSET,LONG_ENTRY_SHORT_EXIT|SHORT_ENTRY_SHORT_EXIT
VALIDATION_SEEN_AFTER_V1,VUE002,96,NO_RESERVES_DIAGONAL,2,31,31,2,60,60,0,12,12,10,10,12,1,0.08333333333333333,False,,,False,False,False,False,False,False,False,False,,,,,,,,6.7989669914823025,45.88412599696312,11.143933996208943,63.82702698465437,COMPONENT|CORRIDOR|CORRIDOR_INTERPOLATION|PRODUCTION|PRODUCTION_OFFSET,COMPONENT|PRODUCTION|PRODUCTION_OFFSET,LONG_ENTRY_SHORT_EXIT|SHORT_ENTRY_SHORT_EXIT
VALIDATION_SEEN_AFTER_V1,VUE002,128,NO_RESERVES_DIAGONAL,2,31,31,2,60,60,0,12,12,10,10,12,1,0.08333333333333333,False,,,False,False,False,False,False,False,False,False,,,,,,,,6.7989669914823025,44.28173000633251,11.161880000145175,62.242576997959986,COMPONENT|CORRIDOR|CORRIDOR_INTERPOLATION|PRODUCTION|PRODUCTION_OFFSET,COMPONENT|PRODUCTION|PRODUCTION_OFFSET,LONG_ENTRY_SHORT_EXIT|SHORT_ENTRY_SHORT_EXIT
VALIDATION_SEEN_AFTER_V1,VUE003,24,NO_RESERVES_DIAGONAL,1,31,16,7,24,24,0,12,12,11,11,12,0,0.0,False,,,False,False,False,False,False,False,False,False,,,,,,,,5.354392997105606,45.67250399850309,35.022223004489206,86.0491200000979,COMPONENT|PRODUCTION|PRODUCTION_OFFSET,COMPONENT|PRODUCTION|PRODUCTION_OFFSET,LONG_ENTRY_LONG_EXIT|LONG_ENTRY_MEDIUM_EXIT|MEDIUM_ENTRY_SHORT_EXIT|SHORT_ENTRY_LONG_EXIT|SHORT_ENTRY_SHORT_EXIT
VALIDATION_SEEN_AFTER_V1,VUE003,32,NO_RESERVES_DIAGONAL,1,31,20,7,32,32,0,12,12,11,11,12,0,0.0,False,,,False,False,False,False,False,False,False,False,,,,,,,,5.354392997105606,52.85021700547077,29.709593000006862,87.91420300258324,COMPONENT|CORRIDOR_INTERPOLATION|PRODUCTION|PRODUCTION_OFFSET,COMPONENT|PRODUCTION|PRODUCTION_OFFSET,LONG_ENTRY_LONG_EXIT|LONG_ENTRY_MEDIUM_EXIT|SHORT_ENTRY_LONG_EXIT|SHORT_ENTRY_SHORT_EXIT
VALIDATION_SEEN_AFTER_V1,VUE003,48,NO_RESERVES_DIAGONAL,1,31,28,7,48,48,0,12,12,12,12,12,0,0.0,False,,,False,False,False,False,False,False,False,False,,,,,,,,5.354392997105606,82.95126199664082,27.510716987308115,115.81637198105454,COMPONENT|CORRIDOR_INTERPOLATION|PRODUCTION|PRODUCTION_OFFSET,COMPONENT|CORRIDOR_INTERPOLATION|PRODUCTION|PRODUCTION_OFFSET,LONG_ENTRY_LONG_EXIT|LONG_ENTRY_MEDIUM_EXIT|MEDIUM_ENTRY_SHORT_EXIT|SHORT_ENTRY_LONG_EXIT|SHORT_ENTRY_SHORT_EXIT
VALIDATION_SEEN_AFTER_V1,VUE003,64,NO_RESERVES_DIAGONAL,1,31,31,7,64,64,0,12,12,12,12,12,0,0.0,False,,,False,False,False,False,False,False,False,False,,,,,,,,5.354392997105606,113.21166399284266,26.83572401292622,145.4017810028745,COMPONENT|CORRIDOR|CORRIDOR_INTERPOLATION|PRODUCTION|PRODUCTION_OFFSET,CORRIDOR_INTERPOLATION|PRODUCTION|PRODUCTION_OFFSET,LONG_ENTRY_LONG_EXIT|LONG_ENTRY_MEDIUM_EXIT|LONG_ENTRY_SHORT_EXIT|SHORT_ENTRY_SHORT_EXIT
VALIDATION_SEEN_AFTER_V1,VUE003,96,NO_RESERVES_DIAGONAL,1,31,31,7,96,96,0,12,12,12,12,12,0,0.0,False,,,False,False,False,False,False,False,False,False,,,,,,,,5.354392997105606,183.7274610006716,31.93470000405796,221.01655400183517,COMPONENT|CORRIDOR|CORRIDOR_INTERPOLATION|PRODUCTION|PRODUCTION_OFFSET,CORRIDOR_INTERPOLATION|PRODUCTION|PRODUCTION_OFFSET,LONG_ENTRY_LONG_EXIT|LONG_ENTRY_MEDIUM_EXIT|LONG_ENTRY_SHORT_EXIT|SHORT_ENTRY_SHORT_EXIT
VALIDATION_SEEN_AFTER_V1,VUE003,128,NO_RESERVES_DIAGONAL,1,31,31,7,128,128,0,12,12,12,12,12,0,0.0,False,,,False,False,False,False,False,False,False,False,,,,,,,,5.354392997105606,263.65660499141086,27.513310997164808,296.5243089856813,COMPONENT|CORRIDOR|CORRIDOR_INTERPOLATION|PRODUCTION|PRODUCTION_OFFSET,CORRIDOR_INTERPOLATION|PRODUCTION|PRODUCTION_OFFSET,LONG_ENTRY_LONG_EXIT|LONG_ENTRY_MEDIUM_EXIT|LONG_ENTRY_SHORT_EXIT|SHORT_ENTRY_SHORT_EXIT
VALIDATION_SEEN_AFTER_V1,VUE004,24,NO_RESERVES_DIAGONAL,2,37,16,6,24,24,0,12,12,10,10,12,1,0.08333333333333333,True,False,False,True,True,False,False,True,True,False,False,,,,,,,,7.217930993647315,22.377800996764563,18.390129000181332,47.98586099059321,COMPONENT|PRODUCTION,COMPONENT|PRODUCTION,LONG_ENTRY_LONG_EXIT|LONG_ENTRY_MEDIUM_EXIT|SHORT_ENTRY_SHORT_EXIT
VALIDATION_SEEN_AFTER_V1,VUE004,32,NO_RESERVES_DIAGONAL,2,37,20,6,32,32,0,12,12,10,10,12,1,0.08333333333333333,True,False,False,True,True,False,False,True,True,False,False,,,,,,,,7.217930993647315,26.69187300489284,19.28366500942502,53.19346900796518,COMPONENT|PRODUCTION|PRODUCTION_OFFSET,COMPONENT|PRODUCTION|PRODUCTION_OFFSET,LONG_ENTRY_LONG_EXIT|LONG_ENTRY_MEDIUM_EXIT|SHORT_ENTRY_SHORT_EXIT
VALIDATION_SEEN_AFTER_V1,VUE004,48,NO_RESERVES_DIAGONAL,2,37,28,6,48,48,0,12,12,10,10,12,2,0.16666666666666666,True,True,True,True,True,True,True,False,False,False,False,RIGHT,-0.2909543313009015,-0.33745718559459514,0.5145810930150512,0.6049868191659147,fd83e76f796eea5b,fd83e76f796eea5b,7.217930993647315,33.82620798947755,20.15355999174062,61.19769897486549,COMPONENT|CORRIDOR_INTERPOLATION|PRODUCTION|PRODUCTION_OFFSET,COMPONENT|CORRIDOR_INTERPOLATION|PRODUCTION|PRODUCTION_OFFSET,LONG_ENTRY_LONG_EXIT|LONG_ENTRY_MEDIUM_EXIT|SHORT_ENTRY_SHORT_EXIT
VALIDATION_SEEN_AFTER_V1,VUE004,64,NO_RESERVES_DIAGONAL,2,37,36,6,64,64,0,12,12,10,10,12,4,0.3333333333333333,True,True,True,True,True,True,True,False,False,False,False,RIGHT,-0.2909543313009015,-0.33745718559459514,0.5145810930150512,0.6049868191659147,fd83e76f796eea5b,fd83e76f796eea5b,7.217930993647315,45.57507399294991,19.1745659976732,71.96757098427042,COMPONENT|CORRIDOR|CORRIDOR_INTERPOLATION|PRODUCTION|PRODUCTION_OFFSET,COMPONENT|CORRIDOR_INTERPOLATION|PRODUCTION|PRODUCTION_OFFSET,LONG_ENTRY_LONG_EXIT|LONG_ENTRY_MEDIUM_EXIT|LONG_ENTRY_SHORT_EXIT|SHORT_ENTRY_SHORT_EXIT
VALIDATION_SEEN_AFTER_V1,VUE004,96,NO_RESERVES_DIAGONAL,2,37,37,6,96,96,0,12,12,11,11,12,5,0.4166666666666667,True,True,True,True,True,True,True,False,False,False,False,RIGHT,-0.2909543313009015,-0.33745718559459514,0.5145810930150512,0.6049868191659147,fd83e76f796eea5b,fd83e76f796eea5b,7.217930993647315,73.90369399217889,19.348378002177924,100.47000298800413,COMPONENT|CORRIDOR|CORRIDOR_INTERPOLATION|PRODUCTION|PRODUCTION_OFFSET,COMPONENT|CORRIDOR_INTERPOLATION|PRODUCTION|PRODUCTION_OFFSET,LONG_ENTRY_LONG_EXIT|LONG_ENTRY_MEDIUM_EXIT|LONG_ENTRY_SHORT_EXIT|SHORT_ENTRY_SHORT_EXIT
VALIDATION_SEEN_AFTER_V1,VUE004,128,NO_RESERVES_DIAGONAL,2,37,37,6,128,128,0,12,12,12,12,12,7,0.5833333333333334,True,True,True,True,True,True,True,False,False,False,False,RIGHT,-0.2909543313009015,-0.33745718559459514,0.5145810930150512,0.6049868191659147,fd83e76f796eea5b,fd83e76f796eea5b,7.217930993647315,107.52285399939865,20.960057998308912,135.70084299135488,COMPONENT|CORRIDOR|CORRIDOR_INTERPOLATION|PRODUCTION|PRODUCTION_OFFSET,COMPONENT|CORRIDOR_INTERPOLATION|PRODUCTION|PRODUCTION_OFFSET,LONG_ENTRY_LONG_EXIT|LONG_ENTRY_MEDIUM_EXIT|LONG_ENTRY_SHORT_EXIT|SHORT_ENTRY_SHORT_EXIT
VALIDATION_SEEN_AFTER_V1,VUE005,24,NO_RESERVES_DIAGONAL,2,40,16,7,24,24,0,12,12,10,10,12,4,0.3333333333333333,True,True,True,True,True,True,True,False,False,False,False,RIGHT,-0.39206274713910094,-0.39206274713910094,1.310934367577036,3.94735730932694,1fe5aee2e5533c11,1fe5aee2e5533c11,7.345848003751598,19.57525899342727,22.062775999074802,48.98388299625367,COMPONENT|PRODUCTION,COMPONENT|PRODUCTION,LONG_ENTRY_LONG_EXIT|LONG_ENTRY_MEDIUM_EXIT|MEDIUM_ENTRY_SHORT_EXIT|SHORT_ENTRY_SHORT_EXIT
VALIDATION_SEEN_AFTER_V1,VUE005,32,NO_RESERVES_DIAGONAL,2,40,20,7,32,32,0,12,12,10,10,12,5,0.4166666666666667,True,True,True,True,True,True,True,False,False,False,False,RIGHT,-0.39206274713910094,-0.39206274713910094,1.310934367577036,3.94735730932694,1fe5aee2e5533c11,1fe5aee2e5533c11,7.345848003751598,25.70974400441628,22.75311399716884,55.80870600533672,COMPONENT|PRODUCTION|PRODUCTION_OFFSET,COMPONENT|PRODUCTION|PRODUCTION_OFFSET,LONG_ENTRY_LONG_EXIT|LONG_ENTRY_MEDIUM_EXIT|MEDIUM_ENTRY_SHORT_EXIT|SHORT_ENTRY_SHORT_EXIT
VALIDATION_SEEN_AFTER_V1,VUE005,48,NO_RESERVES_DIAGONAL,2,40,28,7,48,48,0,12,12,10,10,12,6,0.5,True,True,True,True,True,True,True,False,False,False,False,RIGHT,-0.39206274713910094,-0.39206274713910094,1.310934367577036,3.94735730932694,1fe5aee2e5533c11,1fe5aee2e5533c11,7.345848003751598,36.4627569942968,22.109729994554073,65.91833499260247,COMPONENT|CORRIDOR_INTERPOLATION|PRODUCTION|PRODUCTION_OFFSET,COMPONENT|PRODUCTION|PRODUCTION_OFFSET,LONG_ENTRY_LONG_EXIT|LONG_ENTRY_MEDIUM_EXIT|MEDIUM_ENTRY_SHORT_EXIT|SHORT_ENTRY_SHORT_EXIT
VALIDATION_SEEN_AFTER_V1,VUE005,64,NO_RESERVES_DIAGONAL,2,40,36,7,64,64,0,12,12,10,10,12,7,0.5833333333333334,True,True,True,True,True,True,True,False,False,False,False,RIGHT,-0.39206274713910094,-0.39206274713910094,1.310934367577036,3.94735730932694,1fe5aee2e5533c11,1fe5aee2e5533c11,7.345848003751598,53.682495999964885,22.245390005991794,83.27373400970828,COMPONENT|CORRIDOR_INTERPOLATION|PRODUCTION|PRODUCTION_OFFSET,CORRIDOR_INTERPOLATION|PRODUCTION|PRODUCTION_OFFSET,LONG_ENTRY_LONG_EXIT|LONG_ENTRY_MEDIUM_EXIT|LONG_ENTRY_SHORT_EXIT
VALIDATION_SEEN_AFTER_V1,VUE005,96,NO_RESERVES_DIAGONAL,2,40,40,7,96,96,0,12,12,10,10,12,7,0.5833333333333334,True,True,True,True,True,True,True,False,False,False,False,RIGHT,-0.39206274713910094,-0.39206274713910094,1.310934367577036,3.94735730932694,1fe5aee2e5533c11,1fe5aee2e5533c11,7.345848003751598,87.38464298949111,22.71119500801433,117.44168600125704,COMPONENT|CORRIDOR|CORRIDOR_INTERPOLATION|PRODUCTION|PRODUCTION_OFFSET,CORRIDOR_INTERPOLATION|PRODUCTION|PRODUCTION_OFFSET,LONG_ENTRY_LONG_EXIT|LONG_ENTRY_MEDIUM_EXIT|LONG_ENTRY_SHORT_EXIT
VALIDATION_SEEN_AFTER_V1,VUE005,128,NO_RESERVES_DIAGONAL,2,40,40,7,128,128,0,12,12,11,11,12,9,0.75,True,True,True,True,True,True,True,False,False,False,False,RIGHT,-0.39206274713910094,-0.39206274713910094,1.310934367577036,3.94735730932694,1fe5aee2e5533c11,1fe5aee2e5533c11,7.345848003751598,131.64029800100252,21.949267989839427,160.93541399459355,COMPONENT|CORRIDOR|CORRIDOR_INTERPOLATION|PRODUCTION|PRODUCTION_OFFSET,PRODUCTION|PRODUCTION_OFFSET,LONG_ENTRY_LONG_EXIT|LONG_ENTRY_MEDIUM_EXIT|SHORT_ENTRY_SHORT_EXIT
VALIDATION_SEEN_AFTER_V1,VUE006,24,NO_RESERVES_DIAGONAL,2,40,16,7,24,24,0,12,12,10,10,12,4,0.3333333333333333,True,True,True,True,True,True,True,False,False,False,False,RIGHT,-0.4027777836879641,-0.402777783687964,1.310934367577036,3.94735730932694,d8bdaaae9fe32628,d8bdaaae9fe32628,7.011118999798782,26.180849003139883,22.252912996918894,55.44488099985756,COMPONENT|PRODUCTION,PRODUCTION,LONG_ENTRY_LONG_EXIT|LONG_ENTRY_MEDIUM_EXIT|SHORT_ENTRY_SHORT_EXIT
VALIDATION_SEEN_AFTER_V1,VUE006,32,NO_RESERVES_DIAGONAL,2,40,20,7,32,32,0,12,12,10,10,12,4,0.3333333333333333,True,True,True,True,True,True,True,False,False,False,False,RIGHT,-0.4027777836879641,-0.402777783687964,1.310934367577036,3.94735730932694,d8bdaaae9fe32628,d8bdaaae9fe32628,7.011118999798782,27.283575996989384,22.287818996119313,56.58251399290748,COMPONENT|PRODUCTION,PRODUCTION,LONG_ENTRY_LONG_EXIT|LONG_ENTRY_MEDIUM_EXIT|SHORT_ENTRY_SHORT_EXIT
VALIDATION_SEEN_AFTER_V1,VUE006,48,NO_RESERVES_DIAGONAL,2,40,28,7,48,48,0,12,12,10,10,12,5,0.4166666666666667,True,True,True,True,True,True,True,False,False,False,False,RIGHT,-0.4027777836879641,-0.4127777836879641,1.310934367577036,7.397546202396385,31c90ae3409b48bd,31c90ae3409b48bd,7.011118999798782,37.141909007914364,23.651583993341774,67.80461200105492,COMPONENT|CORRIDOR_INTERPOLATION|PRODUCTION|PRODUCTION_OFFSET,PRODUCTION|PRODUCTION_OFFSET,LONG_ENTRY_LONG_EXIT|LONG_ENTRY_MEDIUM_EXIT
VALIDATION_SEEN_AFTER_V1,VUE006,64,NO_RESERVES_DIAGONAL,2,40,36,7,64,64,0,12,12,10,10,12,7,0.5833333333333334,True,True,True,True,True,True,True,False,False,False,False,RIGHT,-0.4042187558178396,-0.4142187558178396,1.310934367577036,7.397546202396385,d5e23cc92a60f607,d5e23cc92a60f607,7.011118999798782,57.011833996511996,23.48374501161743,87.50669800792821,COMPONENT|CORRIDOR_INTERPOLATION|PRODUCTION|PRODUCTION_OFFSET,PRODUCTION|PRODUCTION_OFFSET,LONG_ENTRY_LONG_EXIT|LONG_ENTRY_MEDIUM_EXIT
VALIDATION_SEEN_AFTER_V1,VUE006,96,NO_RESERVES_DIAGONAL,2,40,40,7,96,96,0,12,12,10,10,12,7,0.5833333333333334,True,True,True,True,True,True,True,False,False,False,False,RIGHT,-0.4027777836879641,-0.402777783687964,1.310934367577036,3.94735730932694,d8bdaaae9fe32628,d8bdaaae9fe32628,7.011118999798782,92.13589399587363,22.821025995654054,121.96803899132647,COMPONENT|CORRIDOR|CORRIDOR_INTERPOLATION|PRODUCTION|PRODUCTION_OFFSET,PRODUCTION|PRODUCTION_OFFSET,LONG_ENTRY_LONG_EXIT|LONG_ENTRY_MEDIUM_EXIT|SHORT_ENTRY_LONG_EXIT
VALIDATION_SEEN_AFTER_V1,VUE006,128,NO_RESERVES_DIAGONAL,2,40,40,7,128,128,0,12,12,11,11,12,8,0.6666666666666666,True,True,True,True,True,True,True,False,False,False,False,RIGHT,-0.4027777836879641,-0.402777783687964,1.310934367577036,3.94735730932694,d8bdaaae9fe32628,d8bdaaae9fe32628,7.011118999798782,137.75559699570294,22.27583300555125,167.04254900105298,COMPONENT|CORRIDOR|CORRIDOR_INTERPOLATION|PRODUCTION|PRODUCTION_OFFSET,PRODUCTION|PRODUCTION_OFFSET,LONG_ENTRY_LONG_EXIT|LONG_ENTRY_MEDIUM_EXIT|SHORT_ENTRY_SHORT_EXIT
VALIDATION_SEEN_AFTER_V1,VUE007,24,NO_RESERVES_DIAGONAL,2,40,16,7,24,24,0,12,12,10,10,12,4,0.3333333333333333,True,True,True,True,True,True,True,False,False,False,False,RIGHT,-0.3943765071604427,-0.3943765071604427,1.310934367577036,3.94735730932694,27f98bf62a6b2b58,27f98bf62a6b2b58,8.385794993955642,18.9619099983247,23.390846006805077,50.73855099908542,COMPONENT|PRODUCTION,COMPONENT|PRODUCTION,LONG_ENTRY_LONG_EXIT|LONG_ENTRY_MEDIUM_EXIT|MEDIUM_ENTRY_SHORT_EXIT|SHORT_ENTRY_SHORT_EXIT
VALIDATION_SEEN_AFTER_V1,VUE007,32,NO_RESERVES_DIAGONAL,2,40,20,7,32,32,0,12,12,10,10,12,5,0.4166666666666667,True,True,True,True,True,True,True,False,False,False,False,RIGHT,-0.3943765071604427,-0.3943765071604427,1.310934367577036,3.94735730932694,27f98bf62a6b2b58,27f98bf62a6b2b58,8.385794993955642,26.24899499642197,21.437953007989563,56.072742998367175,COMPONENT|PRODUCTION|PRODUCTION_OFFSET,COMPONENT|PRODUCTION|PRODUCTION_OFFSET,LONG_ENTRY_LONG_EXIT|LONG_ENTRY_MEDIUM_EXIT|MEDIUM_ENTRY_SHORT_EXIT|SHORT_ENTRY_SHORT_EXIT
VALIDATION_SEEN_AFTER_V1,VUE007,48,NO_RESERVES_DIAGONAL,2,40,28,7,48,48,0,12,12,10,10,12,6,0.5,True,True,True,True,True,True,True,False,False,False,False,RIGHT,-0.3943765071604427,-0.3943765071604427,1.310934367577036,3.94735730932694,27f98bf62a6b2b58,27f98bf62a6b2b58,8.385794993955642,33.875957000418566,21.019367006374523,63.28111900074873,COMPONENT|CORRIDOR_INTERPOLATION|PRODUCTION|PRODUCTION_OFFSET,COMPONENT|PRODUCTION|PRODUCTION_OFFSET,LONG_ENTRY_LONG_EXIT|LONG_ENTRY_MEDIUM_EXIT|MEDIUM_ENTRY_SHORT_EXIT|SHORT_ENTRY_SHORT_EXIT
VALIDATION_SEEN_AFTER_V1,VUE007,64,NO_RESERVES_DIAGONAL,2,40,36,7,64,64,0,12,12,10,10,12,7,0.5833333333333334,True,True,True,True,True,True,True,False,False,False,False,RIGHT,-0.3943765071604427,-0.3943765071604427,1.310934367577036,3.94735730932694,27f98bf62a6b2b58,27f98bf62a6b2b58,8.385794993955642,51.06341099599376,24.930163999670185,84.37936998961959,COMPONENT|CORRIDOR_INTERPOLATION|PRODUCTION|PRODUCTION_OFFSET,PRODUCTION|PRODUCTION_OFFSET,LONG_ENTRY_LONG_EXIT|LONG_ENTRY_MEDIUM_EXIT|SHORT_ENTRY_SHORT_EXIT
VALIDATION_SEEN_AFTER_V1,VUE007,96,NO_RESERVES_DIAGONAL,2,40,40,7,96,96,0,12,12,10,10,12,7,0.5833333333333334,True,True,True,True,True,True,True,False,False,False,False,RIGHT,-0.3943765071604427,-0.3943765071604427,1.310934367577036,3.94735730932694,27f98bf62a6b2b58,27f98bf62a6b2b58,8.385794993955642,79.44936699641403,23.063977001584135,110.8991389919538,COMPONENT|CORRIDOR|CORRIDOR_INTERPOLATION|PRODUCTION|PRODUCTION_OFFSET,PRODUCTION|PRODUCTION_OFFSET,LONG_ENTRY_LONG_EXIT|LONG_ENTRY_MEDIUM_EXIT|SHORT_ENTRY_LONG_EXIT|SHORT_ENTRY_SHORT_EXIT
VALIDATION_SEEN_AFTER_V1,VUE007,128,NO_RESERVES_DIAGONAL,2,40,40,7,128,128,0,12,12,11,11,12,9,0.75,True,True,True,True,True,True,True,False,False,False,False,RIGHT,-0.3943765071604427,-0.3943765071604427,1.310934367577036,3.94735730932694,27f98bf62a6b2b58,27f98bf62a6b2b58,8.385794993955642,130.33624000672717,21.537146996706724,160.25918199738953,COMPONENT|CORRIDOR|CORRIDOR_INTERPOLATION|PRODUCTION|PRODUCTION_OFFSET,PRODUCTION|PRODUCTION_OFFSET,LONG_ENTRY_LONG_EXIT|LONG_ENTRY_MEDIUM_EXIT|SHORT_ENTRY_SHORT_EXIT
VALIDATION_SEEN_AFTER_V1,VUE008,24,NO_RESERVES_DIAGONAL,2,37,16,6,24,24,0,12,12,10,10,12,6,0.5,True,True,True,True,True,True,True,False,False,False,False,RIGHT,-0.27285951800775615,-0.29285951800775617,1.310934367577036,3.94735730932694,66717e3ce272da88,66717e3ce272da88,7.01421000121627,21.05905300413724,20.397881991812028,48.47114499716554,COMPONENT|PRODUCTION,COMPONENT|PRODUCTION,LONG_ENTRY_LONG_EXIT|LONG_ENTRY_MEDIUM_EXIT|SHORT_ENTRY_SHORT_EXIT
VALIDATION_SEEN_AFTER_V1,VUE008,32,NO_RESERVES_DIAGONAL,2,37,20,6,32,32,0,12,12,10,10,12,6,0.5,True,True,True,True,True,True,True,False,False,False,False,RIGHT,-0.27285951800775615,-0.29285951800775617,1.310934367577036,3.94735730932694,66717e3ce272da88,66717e3ce272da88,7.01421000121627,26.242044012178667,21.84384000429418,55.100094017689116,COMPONENT|PRODUCTION|PRODUCTION_OFFSET,COMPONENT|PRODUCTION|PRODUCTION_OFFSET,LONG_ENTRY_LONG_EXIT|LONG_ENTRY_MEDIUM_EXIT|SHORT_ENTRY_SHORT_EXIT
VALIDATION_SEEN_AFTER_V1,VUE008,48,NO_RESERVES_DIAGONAL,2,37,28,6,48,48,0,12,12,10,10,12,6,0.5,True,True,True,True,True,True,True,False,False,False,False,RIGHT,-0.27285951800775615,-0.29285951800775617,1.310934367577036,3.94735730932694,66717e3ce272da88,66717e3ce272da88,7.01421000121627,32.21597301308066,20.422325003892183,59.65250801818911,COMPONENT|CORRIDOR_INTERPOLATION|PRODUCTION|PRODUCTION_OFFSET,COMPONENT|CORRIDOR_INTERPOLATION|PRODUCTION|PRODUCTION_OFFSET,LONG_ENTRY_LONG_EXIT|LONG_ENTRY_MEDIUM_EXIT|SHORT_ENTRY_SHORT_EXIT
VALIDATION_SEEN_AFTER_V1,VUE008,64,NO_RESERVES_DIAGONAL,2,37,36,6,64,64,0,12,12,10,10,12,6,0.5,True,True,True,True,True,True,True,False,False,False,False,RIGHT,-0.27285951800775615,-0.29285951800775617,1.310934367577036,3.94735730932694,66717e3ce272da88,66717e3ce272da88,7.01421000121627,43.459727996378206,21.38263199594803,71.85656999354251,COMPONENT|CORRIDOR|CORRIDOR_INTERPOLATION|PRODUCTION|PRODUCTION_OFFSET,COMPONENT|CORRIDOR_INTERPOLATION|PRODUCTION|PRODUCTION_OFFSET,LONG_ENTRY_LONG_EXIT|LONG_ENTRY_MEDIUM_EXIT|LONG_ENTRY_SHORT_EXIT|SHORT_ENTRY_SHORT_EXIT
VALIDATION_SEEN_AFTER_V1,VUE008,96,NO_RESERVES_DIAGONAL,2,37,37,6,96,96,0,12,12,10,10,12,9,0.75,True,True,True,True,True,True,True,False,False,False,False,RIGHT,-0.27285951800775615,-0.29285951800775617,1.310934367577036,3.94735730932694,66717e3ce272da88,66717e3ce272da88,7.01421000121627,70.62194599711802,20.240576996002346,97.87673299433663,COMPONENT|CORRIDOR|CORRIDOR_INTERPOLATION|PRODUCTION|PRODUCTION_OFFSET,COMPONENT|PRODUCTION|PRODUCTION_OFFSET,LONG_ENTRY_LONG_EXIT|LONG_ENTRY_MEDIUM_EXIT|LONG_ENTRY_SHORT_EXIT|SHORT_ENTRY_SHORT_EXIT
VALIDATION_SEEN_AFTER_V1,VUE008,128,NO_RESERVES_DIAGONAL,2,37,37,6,128,128,0,12,12,11,11,12,10,0.8333333333333334,True,True,True,True,True,True,True,False,False,False,False,RIGHT,-0.27285951800775615,-0.29285951800775617,1.310934367577036,3.94735730932694,66717e3ce272da88,66717e3ce272da88,7.01421000121627,109.27007200371008,19.556020997697487,135.84030300262384,COMPONENT|CORRIDOR|CORRIDOR_INTERPOLATION|PRODUCTION|PRODUCTION_OFFSET,COMPONENT|PRODUCTION|PRODUCTION_OFFSET,LONG_ENTRY_LONG_EXIT|LONG_ENTRY_MEDIUM_EXIT|LONG_ENTRY_SHORT_EXIT|SHORT_ENTRY_SHORT_EXIT
VALIDATION_SEEN_AFTER_V1,VUE009,24,NO_RESERVES_DIAGONAL,2,32,16,2,24,24,0,12,6,4,4,12,0,0.0,False,,,False,False,False,False,False,False,False,False,,,,,,,,7.041179997031577,9.919516000081785,10.167177999392152,27.127873996505514,COMPONENT|PRODUCTION,COMPONENT|PRODUCTION,SHORT_ENTRY_SHORT_EXIT
VALIDATION_SEEN_AFTER_V1,VUE009,32,NO_RESERVES_DIAGONAL,2,32,20,2,32,32,0,12,10,8,8,12,1,0.08333333333333333,False,,,False,False,False,False,False,False,False,False,,,,,,,,7.041179997031577,14.501611003652215,10.416840988909826,31.959631989593618,COMPONENT|PRODUCTION|PRODUCTION_OFFSET,COMPONENT|PRODUCTION|PRODUCTION_OFFSET,SHORT_ENTRY_SHORT_EXIT
VALIDATION_SEEN_AFTER_V1,VUE009,48,NO_RESERVES_DIAGONAL,2,32,28,2,48,48,0,12,12,10,10,12,1,0.08333333333333333,False,,,False,False,True,False,False,False,True,False,LEFT,0.4800789231897545,0.6300789231897544,0.5145810930150512,0.4971684162574945,d69ecf001e596f20,,7.041179997031577,27.408029010985047,11.608744986006059,46.05795399402268,COMPONENT|CORRIDOR_INTERPOLATION|PRODUCTION|PRODUCTION_OFFSET,COMPONENT|CORRIDOR_INTERPOLATION|PRODUCTION|PRODUCTION_OFFSET,SHORT_ENTRY_SHORT_EXIT
VALIDATION_SEEN_AFTER_V1,VUE009,64,NO_RESERVES_DIAGONAL,2,32,32,2,62,62,0,12,12,10,10,12,1,0.08333333333333333,False,,,False,False,True,False,False,False,True,False,LEFT,0.4800789231897545,0.6300789231897544,0.5145810930150512,0.4971684162574945,d69ecf001e596f20,,7.041179997031577,34.98640099132899,11.74480898771435,53.77238997607492,COMPONENT|CORRIDOR|CORRIDOR_INTERPOLATION|PRODUCTION|PRODUCTION_OFFSET,COMPONENT|CORRIDOR_INTERPOLATION|PRODUCTION|PRODUCTION_OFFSET,SHORT_ENTRY_SHORT_EXIT
VALIDATION_SEEN_AFTER_V1,VUE009,96,NO_RESERVES_DIAGONAL,2,32,32,2,62,62,0,12,12,10,10,12,1,0.08333333333333333,False,,,False,False,True,False,False,False,True,False,LEFT,0.4800789231897545,0.6300789231897544,0.5145810930150512,0.4971684162574945,d69ecf001e596f20,,7.041179997031577,35.28919699601829,11.348579995683394,53.67895698873326,COMPONENT|CORRIDOR|CORRIDOR_INTERPOLATION|PRODUCTION|PRODUCTION_OFFSET,COMPONENT|CORRIDOR_INTERPOLATION|PRODUCTION|PRODUCTION_OFFSET,SHORT_ENTRY_SHORT_EXIT
VALIDATION_SEEN_AFTER_V1,VUE009,128,NO_RESERVES_DIAGONAL,2,32,32,2,62,62,0,12,12,10,10,12,1,0.08333333333333333,False,,,False,False,True,False,False,False,True,False,LEFT,0.4800789231897545,0.6300789231897544,0.5145810930150512,0.4971684162574945,d69ecf001e596f20,,7.041179997031577,39.982115995371714,11.396084999432787,58.41938099183608,COMPONENT|CORRIDOR|CORRIDOR_INTERPOLATION|PRODUCTION|PRODUCTION_OFFSET,COMPONENT|CORRIDOR_INTERPOLATION|PRODUCTION|PRODUCTION_OFFSET,SHORT_ENTRY_SHORT_EXIT
VALIDATION_SEEN_AFTER_V1,VUE010,24,NO_RESERVES_DIAGONAL,1,23,16,2,24,24,0,12,12,10,10,11,0,0.0,False,,,False,False,False,False,False,False,False,False,,,,,,,,5.166610993910581,22.61890900263097,15.518158004852012,43.303678001393564,COMPONENT|PRODUCTION|PRODUCTION_OFFSET,COMPONENT|PRODUCTION|PRODUCTION_OFFSET,SHORT_ENTRY_SHORT_EXIT
VALIDATION_SEEN_AFTER_V1,VUE010,32,NO_RESERVES_DIAGONAL,1,23,20,2,32,32,0,12,12,11,11,11,0,0.0,False,,,False,False,False,False,False,False,False,False,,,,,,,,5.166610993910581,33.493937997263856,19.055115000810474,57.71566399198491,COMPONENT|CORRIDOR_INTERPOLATION|PRODUCTION|PRODUCTION_OFFSET,COMPONENT|CORRIDOR_INTERPOLATION|PRODUCTION|PRODUCTION_OFFSET,SHORT_ENTRY_SHORT_EXIT
VALIDATION_SEEN_AFTER_V1,VUE010,48,NO_RESERVES_DIAGONAL,1,23,23,2,44,44,0,12,12,11,11,11,0,0.0,False,,,False,False,False,False,False,False,False,False,,,,,,,,5.166610993910581,52.692911005578935,16.172157993423752,74.03167999291327,COMPONENT|CORRIDOR|CORRIDOR_INTERPOLATION|PRODUCTION|PRODUCTION_OFFSET,COMPONENT|CORRIDOR|CORRIDOR_INTERPOLATION|PRODUCTION|PRODUCTION_OFFSET,SHORT_ENTRY_SHORT_EXIT
VALIDATION_SEEN_AFTER_V1,VUE010,64,NO_RESERVES_DIAGONAL,1,23,23,2,44,44,0,12,12,11,11,11,0,0.0,False,,,False,False,False,False,False,False,False,False,,,,,,,,5.166610993910581,52.29730899736751,16.836327995406464,74.30024798668455,COMPONENT|CORRIDOR|CORRIDOR_INTERPOLATION|PRODUCTION|PRODUCTION_OFFSET,COMPONENT|CORRIDOR|CORRIDOR_INTERPOLATION|PRODUCTION|PRODUCTION_OFFSET,SHORT_ENTRY_SHORT_EXIT
VALIDATION_SEEN_AFTER_V1,VUE010,96,NO_RESERVES_DIAGONAL,1,23,23,2,44,44,0,12,12,11,11,11,0,0.0,False,,,False,False,False,False,False,False,False,False,,,,,,,,5.166610993910581,53.72308799996972,16.914948995690793,75.8046479895711,COMPONENT|CORRIDOR|CORRIDOR_INTERPOLATION|PRODUCTION|PRODUCTION_OFFSET,COMPONENT|CORRIDOR|CORRIDOR_INTERPOLATION|PRODUCTION|PRODUCTION_OFFSET,SHORT_ENTRY_SHORT_EXIT
VALIDATION_SEEN_AFTER_V1,VUE010,128,NO_RESERVES_DIAGONAL,1,23,23,2,44,44,0,12,12,11,11,11,0,0.0,False,,,False,False,False,False,False,False,False,False,,,,,,,,5.166610993910581,52.82512999838218,15.964979989803396,73.95672098209616,COMPONENT|CORRIDOR|CORRIDOR_INTERPOLATION|PRODUCTION|PRODUCTION_OFFSET,COMPONENT|CORRIDOR|CORRIDOR_INTERPOLATION|PRODUCTION|PRODUCTION_OFFSET,SHORT_ENTRY_SHORT_EXIT
VALIDATION_SEEN_AFTER_V1,VUE011,24,NO_RESERVES_DIAGONAL,2,32,16,2,24,24,0,12,12,10,10,12,0,0.0,True,False,False,True,False,True,False,False,False,False,False,LEFT,0.4537500000000001,0.4037500000000001,0.5145810930150512,0.4971684162574945,c550be10bb7d5367,,7.774630998028442,15.192187012871727,12.13295898924116,35.09977700014133,COMPONENT|PRODUCTION,COMPONENT|PRODUCTION,LONG_ENTRY_SHORT_EXIT|SHORT_ENTRY_SHORT_EXIT
VALIDATION_SEEN_AFTER_V1,VUE011,32,NO_RESERVES_DIAGONAL,2,32,20,2,32,32,0,12,12,10,10,12,0,0.0,True,False,False,True,False,True,False,False,False,False,False,LEFT,0.4537500000000001,0.4037500000000001,0.5145810930150512,0.4971684162574945,c550be10bb7d5367,,7.774630998028442,22.629396989941597,11.824556000647135,42.228583988617174,COMPONENT|PRODUCTION|PRODUCTION_OFFSET,COMPONENT|PRODUCTION_OFFSET,LONG_ENTRY_SHORT_EXIT|SHORT_ENTRY_SHORT_EXIT
VALIDATION_SEEN_AFTER_V1,VUE011,48,NO_RESERVES_DIAGONAL,2,32,28,2,48,48,0,12,12,11,11,12,0,0.0,True,False,False,True,False,True,False,False,False,False,False,LEFT,0.4537500000000001,0.4037500000000001,0.5145810930150512,0.4971684162574945,c550be10bb7d5367,,7.774630998028442,42.420989004313014,12.329812001553364,62.52543200389482,COMPONENT|CORRIDOR_INTERPOLATION|PRODUCTION|PRODUCTION_OFFSET,COMPONENT|CORRIDOR_INTERPOLATION|PRODUCTION|PRODUCTION_OFFSET,LONG_ENTRY_SHORT_EXIT|SHORT_ENTRY_SHORT_EXIT
VALIDATION_SEEN_AFTER_V1,VUE011,64,NO_RESERVES_DIAGONAL,2,32,32,2,62,62,0,12,12,11,11,12,0,0.0,True,False,False,True,False,True,False,False,False,False,False,LEFT,0.5057946524640821,0.5057946524640821,0.5145810930150512,0.4971684162574945,c6533a9f9f84b522,,7.774630998028442,60.61401800252497,16.137277998495847,84.52592699904926,COMPONENT|CORRIDOR|CORRIDOR_INTERPOLATION|PRODUCTION|PRODUCTION_OFFSET,COMPONENT|CORRIDOR|CORRIDOR_INTERPOLATION|PRODUCTION_OFFSET,LONG_ENTRY_SHORT_EXIT|SHORT_ENTRY_SHORT_EXIT
VALIDATION_SEEN_AFTER_V1,VUE011,96,NO_RESERVES_DIAGONAL,2,32,32,2,62,62,0,12,12,11,11,12,0,0.0,True,False,False,True,False,True,False,False,False,False,False,LEFT,0.5057946524640821,0.5057946524640821,0.5145810930150512,0.4971684162574945,c6533a9f9f84b522,,7.774630998028442,60.79302099533379,11.958168004639447,80.52581999800168,COMPONENT|CORRIDOR|CORRIDOR_INTERPOLATION|PRODUCTION|PRODUCTION_OFFSET,COMPONENT|CORRIDOR|CORRIDOR_INTERPOLATION|PRODUCTION_OFFSET,LONG_ENTRY_SHORT_EXIT|SHORT_ENTRY_SHORT_EXIT
VALIDATION_SEEN_AFTER_V1,VUE011,128,NO_RESERVES_DIAGONAL,2,32,32,2,62,62,0,12,12,11,11,12,0,0.0,True,False,False,True,False,True,False,False,False,False,False,LEFT,0.5057946524640821,0.5057946524640821,0.5145810930150512,0.4971684162574945,c6533a9f9f84b522,,7.774630998028442,59.68281099922024,12.057593994541094,79.51503599178977,COMPONENT|CORRIDOR|CORRIDOR_INTERPOLATION|PRODUCTION|PRODUCTION_OFFSET,COMPONENT|CORRIDOR|CORRIDOR_INTERPOLATION|PRODUCTION_OFFSET,LONG_ENTRY_SHORT_EXIT|SHORT_ENTRY_SHORT_EXIT
VALIDATION_SEEN_AFTER_V1,VUE012,24,NO_RESERVES_DIAGONAL,1,23,16,2,24,24,0,12,12,10,10,12,0,0.0,False,,,False,False,False,False,False,False,False,False,,,,,,,,5.175191006856039,23.479337003664114,17.36355700995773,46.01808502047788,COMPONENT|PRODUCTION|PRODUCTION_OFFSET,COMPONENT|PRODUCTION|PRODUCTION_OFFSET,SHORT_ENTRY_SHORT_EXIT
VALIDATION_SEEN_AFTER_V1,VUE012,32,NO_RESERVES_DIAGONAL,1,23,20,2,32,32,0,12,12,10,10,12,0,0.0,False,,,False,False,False,False,False,False,False,False,,,,,,,,5.175191006856039,34.20775299309753,16.56434500182513,55.9472890017787,COMPONENT|CORRIDOR_INTERPOLATION|PRODUCTION|PRODUCTION_OFFSET,COMPONENT|CORRIDOR_INTERPOLATION|PRODUCTION|PRODUCTION_OFFSET,SHORT_ENTRY_SHORT_EXIT
VALIDATION_SEEN_AFTER_V1,VUE012,48,NO_RESERVES_DIAGONAL,1,23,23,2,44,44,0,12,12,10,10,12,0,0.0,False,,,False,False,False,False,False,False,False,False,,,,,,,,5.175191006856039,53.883959000813775,18.30147299915552,77.36062300682534,COMPONENT|CORRIDOR|CORRIDOR_INTERPOLATION|PRODUCTION|PRODUCTION_OFFSET,COMPONENT|CORRIDOR|CORRIDOR_INTERPOLATION|PRODUCTION|PRODUCTION_OFFSET,LONG_ENTRY_SHORT_EXIT|SHORT_ENTRY_SHORT_EXIT
VALIDATION_SEEN_AFTER_V1,VUE012,64,NO_RESERVES_DIAGONAL,1,23,23,2,44,44,0,12,12,10,10,12,0,0.0,False,,,False,False,False,False,False,False,False,False,,,,,,,,5.175191006856039,52.94482299359515,15.868949994910508,73.9889639953617,COMPONENT|CORRIDOR|CORRIDOR_INTERPOLATION|PRODUCTION|PRODUCTION_OFFSET,COMPONENT|CORRIDOR|CORRIDOR_INTERPOLATION|PRODUCTION|PRODUCTION_OFFSET,LONG_ENTRY_SHORT_EXIT|SHORT_ENTRY_SHORT_EXIT
VALIDATION_SEEN_AFTER_V1,VUE012,96,NO_RESERVES_DIAGONAL,1,23,23,2,44,44,0,12,12,10,10,12,0,0.0,False,,,False,False,False,False,False,False,False,False,,,,,,,,5.175191006856039,52.406556002097204,16.569252009503543,74.15099901845679,COMPONENT|CORRIDOR|CORRIDOR_INTERPOLATION|PRODUCTION|PRODUCTION_OFFSET,COMPONENT|CORRIDOR|CORRIDOR_INTERPOLATION|PRODUCTION|PRODUCTION_OFFSET,LONG_ENTRY_SHORT_EXIT|SHORT_ENTRY_SHORT_EXIT
VALIDATION_SEEN_AFTER_V1,VUE012,128,NO_RESERVES_DIAGONAL,1,23,23,2,44,44,0,12,12,10,10,12,0,0.0,False,,,False,False,False,False,False,False,False,False,,,,,,,,5.175191006856039,52.70014599955175,15.494521998334676,73.36985900474247,COMPONENT|CORRIDOR|CORRIDOR_INTERPOLATION|PRODUCTION|PRODUCTION_OFFSET,COMPONENT|CORRIDOR|CORRIDOR_INTERPOLATION|PRODUCTION|PRODUCTION_OFFSET,LONG_ENTRY_SHORT_EXIT|SHORT_ENTRY_SHORT_EXIT
VALIDATION_SEEN_AFTER_V1,VUE013,24,NO_RESERVES_DIAGONAL,1,32,16,7,24,24,0,12,12,10,10,10,0,0.0,False,,,False,False,True,False,False,False,True,False,LEFT,0.24733680294608396,0.24733680294608396,1.310934367577036,6.588919357859316,37b63f7febd7e276,,5.652366002323106,49.715799003024586,36.453003995120525,91.82116900046822,COMPONENT|PRODUCTION|PRODUCTION_OFFSET,COMPONENT|PRODUCTION|PRODUCTION_OFFSET,LONG_ENTRY_LONG_EXIT|LONG_ENTRY_MEDIUM_EXIT|SHORT_ENTRY_LONG_EXIT|SHORT_ENTRY_SHORT_EXIT
VALIDATION_SEEN_AFTER_V1,VUE013,32,NO_RESERVES_DIAGONAL,1,32,20,7,32,32,0,12,12,10,10,10,0,0.0,False,,,False,False,True,False,False,False,True,False,LEFT,0.24733680294608396,0.24733680294608396,1.310934367577036,6.588919357859316,37b63f7febd7e276,,5.652366002323106,59.087303990963846,36.288503994001076,101.02817398728803,COMPONENT|CORRIDOR_INTERPOLATION|PRODUCTION|PRODUCTION_OFFSET,COMPONENT|PRODUCTION|PRODUCTION_OFFSET,LONG_ENTRY_LONG_EXIT|LONG_ENTRY_MEDIUM_EXIT|SHORT_ENTRY_LONG_EXIT
VALIDATION_SEEN_AFTER_V1,VUE013,48,NO_RESERVES_DIAGONAL,1,32,28,7,48,48,0,12,12,10,10,10,0,0.0,False,,,False,False,False,False,False,False,False,False,,,,,,,,5.652366002323106,104.78615699685179,35.1098440005444,145.5483669997193,COMPONENT|CORRIDOR_INTERPOLATION|PRODUCTION|PRODUCTION_OFFSET,COMPONENT|CORRIDOR_INTERPOLATION|PRODUCTION|PRODUCTION_OFFSET,LONG_ENTRY_LONG_EXIT|LONG_ENTRY_MEDIUM_EXIT|SHORT_ENTRY_LONG_EXIT|SHORT_ENTRY_MEDIUM_EXIT
VALIDATION_SEEN_AFTER_V1,VUE013,64,NO_RESERVES_DIAGONAL,1,32,32,7,64,64,0,12,12,10,10,10,0,0.0,False,,,False,False,False,False,False,False,False,False,,,,,,,,5.652366002323106,145.67128599446733,34.74573900166433,186.06939099845476,COMPONENT|CORRIDOR|CORRIDOR_INTERPOLATION|PRODUCTION|PRODUCTION_OFFSET,COMPONENT|CORRIDOR_INTERPOLATION|PRODUCTION|PRODUCTION_OFFSET,LONG_ENTRY_LONG_EXIT|LONG_ENTRY_MEDIUM_EXIT|SHORT_ENTRY_LONG_EXIT|SHORT_ENTRY_MEDIUM_EXIT
VALIDATION_SEEN_AFTER_V1,VUE013,96,NO_RESERVES_DIAGONAL,1,32,32,7,96,96,0,12,12,10,10,10,0,0.0,False,,,False,False,False,False,False,False,False,False,,,,,,,,5.652366002323106,241.0962519934401,33.06266199797392,279.8112799937371,COMPONENT|CORRIDOR|CORRIDOR_INTERPOLATION|PRODUCTION|PRODUCTION_OFFSET,COMPONENT|CORRIDOR|CORRIDOR_INTERPOLATION|PRODUCTION_OFFSET,LONG_ENTRY_LONG_EXIT|LONG_ENTRY_MEDIUM_EXIT|SHORT_ENTRY_LONG_EXIT|SHORT_ENTRY_MEDIUM_EXIT
VALIDATION_SEEN_AFTER_V1,VUE013,128,NO_RESERVES_DIAGONAL,1,32,32,7,128,128,0,12,12,10,10,10,0,0.0,False,,,False,False,False,False,False,False,False,False,,,,,,,,5.652366002323106,319.06076399900485,32.81738900113851,357.53051900246646,COMPONENT|CORRIDOR|CORRIDOR_INTERPOLATION|PRODUCTION|PRODUCTION_OFFSET,COMPONENT|CORRIDOR|CORRIDOR_INTERPOLATION|PRODUCTION|PRODUCTION_OFFSET,LONG_ENTRY_MEDIUM_EXIT|SHORT_ENTRY_LONG_EXIT|SHORT_ENTRY_MEDIUM_EXIT
VALIDATION_SEEN_AFTER_V1,VUE014,24,NO_RESERVES_DIAGONAL,1,23,16,2,24,24,0,12,12,10,10,10,0,0.0,False,,,False,False,True,False,False,False,True,False,LEFT,0.3007274075836244,0.3007274075836244,0.5145810930150512,0.4971684162574945,e3c5d3dfd9280946,,5.303689991706051,20.117109990678728,18.008190003456548,43.428989985841326,COMPONENT|PRODUCTION|PRODUCTION_OFFSET,COMPONENT|PRODUCTION|PRODUCTION_OFFSET,SHORT_ENTRY_SHORT_EXIT
VALIDATION_SEEN_AFTER_V1,VUE014,32,NO_RESERVES_DIAGONAL,1,23,20,2,32,32,0,12,12,10,10,10,0,0.0,False,,,False,False,True,False,False,False,True,False,LEFT,0.3007274075836244,0.3007274075836244,0.5145810930150512,0.4971684162574945,e3c5d3dfd9280946,,5.303689991706051,30.42015498795081,17.327754001598805,53.051598981255665,COMPONENT|CORRIDOR_INTERPOLATION|PRODUCTION|PRODUCTION_OFFSET,COMPONENT|CORRIDOR_INTERPOLATION|PRODUCTION|PRODUCTION_OFFSET,SHORT_ENTRY_SHORT_EXIT
VALIDATION_SEEN_AFTER_V1,VUE014,48,NO_RESERVES_DIAGONAL,1,23,23,2,44,44,0,12,12,10,10,10,0,0.0,False,,,False,False,True,False,False,False,True,False,LEFT,0.3007274075836244,0.3007274075836244,0.5145810930150512,0.4971684162574945,e3c5d3dfd9280946,,5.303689991706051,49.06465599196963,18.477074001566507,72.84541998524219,COMPONENT|CORRIDOR|CORRIDOR_INTERPOLATION|PRODUCTION|PRODUCTION_OFFSET,COMPONENT|CORRIDOR|CORRIDOR_INTERPOLATION|PRODUCTION|PRODUCTION_OFFSET,SHORT_ENTRY_SHORT_EXIT
VALIDATION_SEEN_AFTER_V1,VUE014,64,NO_RESERVES_DIAGONAL,1,23,23,2,44,44,0,12,12,10,10,10,0,0.0,False,,,False,False,True,False,False,False,True,False,LEFT,0.3007274075836244,0.3007274075836244,0.5145810930150512,0.4971684162574945,e3c5d3dfd9280946,,5.303689991706051,49.18219699175097,17.012694996083155,71.49858197954018,COMPONENT|CORRIDOR|CORRIDOR_INTERPOLATION|PRODUCTION|PRODUCTION_OFFSET,COMPONENT|CORRIDOR|CORRIDOR_INTERPOLATION|PRODUCTION|PRODUCTION_OFFSET,SHORT_ENTRY_SHORT_EXIT
VALIDATION_SEEN_AFTER_V1,VUE014,96,NO_RESERVES_DIAGONAL,1,23,23,2,44,44,0,12,12,10,10,10,0,0.0,False,,,False,False,True,False,False,False,True,False,LEFT,0.3007274075836244,0.3007274075836244,0.5145810930150512,0.4971684162574945,e3c5d3dfd9280946,,5.303689991706051,49.05726500146557,18.428381998091936,72.78933699126355,COMPONENT|CORRIDOR|CORRIDOR_INTERPOLATION|PRODUCTION|PRODUCTION_OFFSET,COMPONENT|CORRIDOR|CORRIDOR_INTERPOLATION|PRODUCTION|PRODUCTION_OFFSET,SHORT_ENTRY_SHORT_EXIT
VALIDATION_SEEN_AFTER_V1,VUE014,128,NO_RESERVES_DIAGONAL,1,23,23,2,44,44,0,12,12,10,10,10,0,0.0,False,,,False,False,True,False,False,False,True,False,LEFT,0.3007274075836244,0.3007274075836244,0.5145810930150512,0.4971684162574945,e3c5d3dfd9280946,,5.303689991706051,48.83808099839371,17.91497399972286,72.05674498982262,COMPONENT|CORRIDOR|CORRIDOR_INTERPOLATION|PRODUCTION|PRODUCTION_OFFSET,COMPONENT|CORRIDOR|CORRIDOR_INTERPOLATION|PRODUCTION|PRODUCTION_OFFSET,SHORT_ENTRY_SHORT_EXIT
VALIDATION_SEEN_AFTER_V1,VUE015,24,NO_RESERVES_DIAGONAL,2,32,16,2,24,24,0,12,12,10,10,10,0,0.0,False,,,False,False,False,False,False,False,False,False,,,,,,,,7.675337998080067,15.172858009464107,13.381940996623598,36.23013700416777,COMPONENT|PRODUCTION,COMPONENT|PRODUCTION,LONG_ENTRY_SHORT_EXIT|SHORT_ENTRY_SHORT_EXIT
VALIDATION_SEEN_AFTER_V1,VUE015,32,NO_RESERVES_DIAGONAL,2,32,20,2,32,32,0,12,12,10,10,10,0,0.0,False,,,False,False,False,False,False,False,False,False,,,,,,,,7.675337998080067,22.514006996061653,14.361841007485054,44.551186001626775,COMPONENT|PRODUCTION|PRODUCTION_OFFSET,COMPONENT|PRODUCTION_OFFSET,LONG_ENTRY_SHORT_EXIT|SHORT_ENTRY_SHORT_EXIT
VALIDATION_SEEN_AFTER_V1,VUE015,48,NO_RESERVES_DIAGONAL,2,32,28,2,48,48,0,12,12,10,10,10,0,0.0,False,,,False,False,False,False,False,False,False,False,,,,,,,,7.675337998080067,43.674325992469676,15.580379011225887,66.93004300177563,COMPONENT|CORRIDOR_INTERPOLATION|PRODUCTION|PRODUCTION_OFFSET,COMPONENT|CORRIDOR_INTERPOLATION|PRODUCTION|PRODUCTION_OFFSET,LONG_ENTRY_SHORT_EXIT|SHORT_ENTRY_SHORT_EXIT
VALIDATION_SEEN_AFTER_V1,VUE015,64,NO_RESERVES_DIAGONAL,2,32,32,2,62,62,0,12,12,10,10,10,0,0.0,False,,,False,False,False,False,False,False,False,False,,,,,,,,7.675337998080067,61.658117003389634,14.147437002975494,83.4808920044452,COMPONENT|CORRIDOR|CORRIDOR_INTERPOLATION|PRODUCTION|PRODUCTION_OFFSET,COMPONENT|CORRIDOR,LONG_ENTRY_SHORT_EXIT|SHORT_ENTRY_SHORT_EXIT
VALIDATION_SEEN_AFTER_V1,VUE015,96,NO_RESERVES_DIAGONAL,2,32,32,2,62,62,0,12,12,10,10,10,0,0.0,False,,,False,False,False,False,False,False,False,False,,,,,,,,7.675337998080067,66.86177699884865,14.109542011283338,88.64665700821206,COMPONENT|CORRIDOR|CORRIDOR_INTERPOLATION|PRODUCTION|PRODUCTION_OFFSET,COMPONENT|CORRIDOR,LONG_ENTRY_SHORT_EXIT|SHORT_ENTRY_SHORT_EXIT
VALIDATION_SEEN_AFTER_V1,VUE015,128,NO_RESERVES_DIAGONAL,2,32,32,2,62,62,0,12,12,10,10,10,0,0.0,False,,,False,False,False,False,False,False,False,False,,,,,,,,7.675337998080067,60.6645249936264,14.984166002250277,83.32402899395674,COMPONENT|CORRIDOR|CORRIDOR_INTERPOLATION|PRODUCTION|PRODUCTION_OFFSET,COMPONENT|CORRIDOR,LONG_ENTRY_SHORT_EXIT|SHORT_ENTRY_SHORT_EXIT
VALIDATION_SEEN_AFTER_V1,VUE016,24,NO_RESERVES_DIAGONAL,1,32,16,3,24,24,0,12,12,10,10,11,0,0.0,False,,,False,False,False,False,False,False,False,False,,,,,,,,5.560613994020969,37.75228001177311,23.020093009108678,66.33298701490276,COMPONENT|PRODUCTION|PRODUCTION_OFFSET,COMPONENT|PRODUCTION|PRODUCTION_OFFSET,LONG_ENTRY_MEDIUM_EXIT|MEDIUM_ENTRY_SHORT_EXIT|SHORT_ENTRY_SHORT_EXIT
VALIDATION_SEEN_AFTER_V1,VUE016,32,NO_RESERVES_DIAGONAL,1,32,20,3,32,32,0,12,12,10,10,11,0,0.0,False,,,False,False,False,False,False,False,False,False,,,,,,,,5.560613994020969,53.88002899417188,25.779831004911102,85.22047399310395,COMPONENT|CORRIDOR_INTERPOLATION|PRODUCTION|PRODUCTION_OFFSET,COMPONENT|CORRIDOR_INTERPOLATION|PRODUCTION|PRODUCTION_OFFSET,LONG_ENTRY_MEDIUM_EXIT|MEDIUM_ENTRY_SHORT_EXIT|SHORT_ENTRY_SHORT_EXIT
VALIDATION_SEEN_AFTER_V1,VUE016,48,NO_RESERVES_DIAGONAL,1,32,28,3,48,48,0,12,12,10,10,11,1,0.09090909090909091,False,,,False,False,False,False,False,False,False,False,,,,,,,,5.560613994020969,91.77748300135136,27.24970900453627,124.5878059999086,COMPONENT|CORRIDOR_INTERPOLATION|PRODUCTION|PRODUCTION_OFFSET,COMPONENT|CORRIDOR_INTERPOLATION|PRODUCTION|PRODUCTION_OFFSET,LONG_ENTRY_MEDIUM_EXIT|MEDIUM_ENTRY_SHORT_EXIT|SHORT_ENTRY_SHORT_EXIT
VALIDATION_SEEN_AFTER_V1,VUE016,64,NO_RESERVES_DIAGONAL,1,32,32,3,64,64,0,12,12,10,10,11,1,0.09090909090909091,False,,,False,False,False,False,False,False,False,False,,,,,,,,5.560613994020969,151.5884700056631,27.454954994027503,184.60403899371158,COMPONENT|CORRIDOR|CORRIDOR_INTERPOLATION|PRODUCTION|PRODUCTION_OFFSET,COMPONENT|CORRIDOR_INTERPOLATION|PRODUCTION|PRODUCTION_OFFSET,LONG_ENTRY_MEDIUM_EXIT|SHORT_ENTRY_SHORT_EXIT
VALIDATION_SEEN_AFTER_V1,VUE016,96,NO_RESERVES_DIAGONAL,1,32,32,3,94,94,0,12,12,10,10,11,2,0.18181818181818182,False,,,False,False,False,False,False,False,False,False,,,,,,,,5.560613994020969,231.9976620055968,27.10137699614279,264.65965299576055,COMPONENT|CORRIDOR|CORRIDOR_INTERPOLATION|PRODUCTION|PRODUCTION_OFFSET,COMPONENT|CORRIDOR_INTERPOLATION|PRODUCTION|PRODUCTION_OFFSET,LONG_ENTRY_MEDIUM_EXIT|SHORT_ENTRY_SHORT_EXIT
VALIDATION_SEEN_AFTER_V1,VUE016,128,NO_RESERVES_DIAGONAL,1,32,32,3,94,94,0,12,12,10,10,11,2,0.18181818181818182,False,,,False,False,False,False,False,False,False,False,,,,,,,,5.560613994020969,234.59334899962414,27.361393003957346,267.51535599760246,COMPONENT|CORRIDOR|CORRIDOR_INTERPOLATION|PRODUCTION|PRODUCTION_OFFSET,COMPONENT|CORRIDOR_INTERPOLATION|PRODUCTION|PRODUCTION_OFFSET,LONG_ENTRY_MEDIUM_EXIT|SHORT_ENTRY_SHORT_EXIT
VALIDATION_SEEN_AFTER_V1,VUE017,24,NO_RESERVES_DIAGONAL,2,31,16,2,24,24,0,12,10,8,8,12,2,0.16666666666666666,False,,,False,False,False,False,False,False,False,False,,,,,,,,9.258618010790087,12.783035999746062,11.640786004136316,33.682440014672466,COMPONENT|PRODUCTION,COMPONENT|PRODUCTION,SHORT_ENTRY_SHORT_EXIT
VALIDATION_SEEN_AFTER_V1,VUE017,32,NO_RESERVES_DIAGONAL,2,31,20,2,32,32,0,12,12,10,10,12,3,0.25,False,,,False,False,False,False,False,False,False,False,,,,,,,,9.258618010790087,18.858955998439342,14.232781002647243,42.35035501187667,COMPONENT|PRODUCTION|PRODUCTION_OFFSET,COMPONENT|PRODUCTION|PRODUCTION_OFFSET,SHORT_ENTRY_SHORT_EXIT
VALIDATION_SEEN_AFTER_V1,VUE017,48,NO_RESERVES_DIAGONAL,2,31,28,2,48,48,0,12,12,12,12,12,4,0.3333333333333333,False,,,False,False,False,False,False,False,False,False,,,,,,,,9.258618010790087,34.42009199352469,11.340947996359318,55.0196580006741,COMPONENT|CORRIDOR_INTERPOLATION|PRODUCTION|PRODUCTION_OFFSET,COMPONENT|CORRIDOR_INTERPOLATION|PRODUCTION|PRODUCTION_OFFSET,SHORT_ENTRY_SHORT_EXIT
VALIDATION_SEEN_AFTER_V1,VUE017,64,NO_RESERVES_DIAGONAL,2,31,31,2,60,60,0,12,12,12,12,12,4,0.3333333333333333,False,,,False,False,False,False,False,False,False,False,,,,,,,,9.258618010790087,46.95621199789457,13.635476003400981,69.85030601208564,COMPONENT|CORRIDOR|CORRIDOR_INTERPOLATION|PRODUCTION|PRODUCTION_OFFSET,COMPONENT|CORRIDOR|CORRIDOR_INTERPOLATION|PRODUCTION|PRODUCTION_OFFSET,SHORT_ENTRY_SHORT_EXIT
VALIDATION_SEEN_AFTER_V1,VUE017,96,NO_RESERVES_DIAGONAL,2,31,31,2,60,60,0,12,12,12,12,12,4,0.3333333333333333,False,,,False,False,False,False,False,False,False,False,,,,,,,,9.258618010790087,45.060567994369194,11.739054010831751,66.05824001599103,COMPONENT|CORRIDOR|CORRIDOR_INTERPOLATION|PRODUCTION|PRODUCTION_OFFSET,COMPONENT|CORRIDOR|CORRIDOR_INTERPOLATION|PRODUCTION|PRODUCTION_OFFSET,SHORT_ENTRY_SHORT_EXIT
VALIDATION_SEEN_AFTER_V1,VUE017,128,NO_RESERVES_DIAGONAL,2,31,31,2,60,60,0,12,12,12,12,12,4,0.3333333333333333,False,,,False,False,False,False,False,False,False,False,,,,,,,,9.258618010790087,46.097807004116476,14.607580000301823,69.96400501520839,COMPONENT|CORRIDOR|CORRIDOR_INTERPOLATION|PRODUCTION|PRODUCTION_OFFSET,COMPONENT|CORRIDOR|CORRIDOR_INTERPOLATION|PRODUCTION|PRODUCTION_OFFSET,SHORT_ENTRY_SHORT_EXIT
VALIDATION_SEEN_AFTER_V1,VUE018,24,NO_RESERVES_DIAGONAL,2,38,16,7,24,24,0,12,12,10,10,12,0,0.0,True,False,False,True,True,False,False,True,True,False,False,,,,,,,,7.556092998129316,36.02795700135175,33.00165898690466,76.58570898638573,COMPONENT|PRODUCTION,COMPONENT|PRODUCTION,LONG_ENTRY_LONG_EXIT|LONG_ENTRY_MEDIUM_EXIT|MEDIUM_ENTRY_SHORT_EXIT|SHORT_ENTRY_LONG_EXIT|SHORT_ENTRY_SHORT_EXIT
VALIDATION_SEEN_AFTER_V1,VUE018,32,NO_RESERVES_DIAGONAL,2,38,20,7,32,32,0,12,12,10,10,12,0,0.0,True,False,False,True,True,False,False,True,True,False,False,,,,,,,,7.556092998129316,50.56025300291367,36.26727999653667,94.38362599757966,COMPONENT|PRODUCTION|PRODUCTION_OFFSET,COMPONENT|PRODUCTION|PRODUCTION_OFFSET,LONG_ENTRY_LONG_EXIT|LONG_ENTRY_MEDIUM_EXIT|MEDIUM_ENTRY_SHORT_EXIT|SHORT_ENTRY_LONG_EXIT|SHORT_ENTRY_SHORT_EXIT
VALIDATION_SEEN_AFTER_V1,VUE018,48,NO_RESERVES_DIAGONAL,2,38,28,7,48,48,0,12,12,10,10,12,0,0.0,True,False,False,True,True,False,False,True,True,False,False,,,,,,,,7.556092998129316,55.80989799636882,32.02057900489308,95.38656999939121,COMPONENT|CORRIDOR_INTERPOLATION|PRODUCTION|PRODUCTION_OFFSET,CORRIDOR_INTERPOLATION|PRODUCTION|PRODUCTION_OFFSET,LONG_ENTRY_LONG_EXIT|LONG_ENTRY_MEDIUM_EXIT|SHORT_ENTRY_SHORT_EXIT
VALIDATION_SEEN_AFTER_V1,VUE018,64,NO_RESERVES_DIAGONAL,2,38,36,7,64,64,0,12,12,10,10,12,1,0.08333333333333333,True,False,False,True,True,True,True,False,False,False,False,RIGHT,-0.3332752826182175,-0.3490080774545789,1.310934367577036,0.593401111722821,b9b59858bcbc39c5,b9b59858bcbc39c5,7.556092998129316,79.92385800753254,34.21648099902086,121.69643200468272,COMPONENT|CORRIDOR_INTERPOLATION|PRODUCTION|PRODUCTION_OFFSET,CORRIDOR_INTERPOLATION|PRODUCTION|PRODUCTION_OFFSET,LONG_ENTRY_LONG_EXIT|LONG_ENTRY_MEDIUM_EXIT|LONG_ENTRY_SHORT_EXIT|SHORT_ENTRY_SHORT_EXIT
VALIDATION_SEEN_AFTER_V1,VUE018,96,NO_RESERVES_DIAGONAL,2,38,38,7,96,96,0,12,12,10,10,12,2,0.16666666666666666,True,True,True,True,True,True,True,False,False,False,False,RIGHT,-0.33720848132730785,-0.35244962632503296,1.310934367577036,0.593401111722821,98ccabf32fa2e493,98ccabf32fa2e493,7.556092998129316,123.20313999953214,37.96267199504655,168.721904992708,COMPONENT|CORRIDOR|CORRIDOR_INTERPOLATION|PRODUCTION|PRODUCTION_OFFSET,CORRIDOR_INTERPOLATION|PRODUCTION|PRODUCTION_OFFSET,LONG_ENTRY_LONG_EXIT|LONG_ENTRY_MEDIUM_EXIT|LONG_ENTRY_SHORT_EXIT
VALIDATION_SEEN_AFTER_V1,VUE018,128,NO_RESERVES_DIAGONAL,2,38,38,7,128,128,0,12,12,11,11,12,5,0.4166666666666667,True,True,True,True,True,True,True,False,False,False,False,RIGHT,-0.33720848132730785,-0.35244962632503296,1.310934367577036,0.593401111722821,98ccabf32fa2e493,98ccabf32fa2e493,7.556092998129316,170.90589900908526,30.571732990210876,209.03372499742545,COMPONENT|CORRIDOR|CORRIDOR_INTERPOLATION|PRODUCTION|PRODUCTION_OFFSET,CORRIDOR_INTERPOLATION|PRODUCTION|PRODUCTION_OFFSET,LONG_ENTRY_LONG_EXIT|LONG_ENTRY_MEDIUM_EXIT|LONG_ENTRY_SHORT_EXIT|SHORT_ENTRY_SHORT_EXIT
VALIDATION_SEEN_AFTER_V1,VUE019,24,NO_RESERVES_DIAGONAL,2,64,16,7,24,24,0,12,12,10,10,12,0,0.0,False,,,False,False,False,False,False,False,False,False,,,,,,,,7.6544670009752735,83.47139199031517,59.93727799796034,151.06313698925078,PRODUCTION,PRODUCTION,LONG_ENTRY_LONG_EXIT|LONG_ENTRY_MEDIUM_EXIT
VALIDATION_SEEN_AFTER_V1,VUE019,32,NO_RESERVES_DIAGONAL,2,64,20,7,32,32,0,12,12,11,11,12,0,0.0,False,,,False,False,False,False,False,False,False,False,,,,,,,,7.6544670009752735,107.05853100807872,60.49650500062853,175.20950300968252,PRODUCTION,PRODUCTION,LONG_ENTRY_LONG_EXIT|LONG_ENTRY_MEDIUM_EXIT
VALIDATION_SEEN_AFTER_V1,VUE019,48,NO_RESERVES_DIAGONAL,2,64,28,7,48,48,0,12,12,11,11,12,0,0.0,False,,,False,False,False,False,False,False,False,False,,,,,,,,7.6544670009752735,146.43572400382254,62.55004700506106,216.64023800985888,COMPONENT|PRODUCTION,PRODUCTION,LONG_ENTRY_LONG_EXIT|LONG_ENTRY_MEDIUM_EXIT
VALIDATION_SEEN_AFTER_V1,VUE019,64,NO_RESERVES_DIAGONAL,2,64,36,7,64,64,0,12,12,11,11,12,0,0.0,False,,,False,False,False,False,False,False,False,False,,,,,,,,7.6544670009752735,182.1578710078029,60.358766990248114,250.17110499902628,COMPONENT|PRODUCTION,PRODUCTION,LONG_ENTRY_LONG_EXIT|LONG_ENTRY_MEDIUM_EXIT
VALIDATION_SEEN_AFTER_V1,VUE019,96,NO_RESERVES_DIAGONAL,2,64,48,7,96,96,0,12,12,11,11,12,0,0.0,False,,,False,False,False,False,False,False,False,False,,,,,,,,7.6544670009752735,274.94290001050103,64.17309999233112,346.7704670038074,COMPONENT|PRODUCTION|PRODUCTION_OFFSET,PRODUCTION|PRODUCTION_OFFSET,LONG_ENTRY_LONG_EXIT|LONG_ENTRY_MEDIUM_EXIT
VALIDATION_SEEN_AFTER_V1,VUE019,128,NO_RESERVES_DIAGONAL,2,64,64,7,128,128,0,12,12,11,11,12,0,0.0,False,,,False,False,False,False,False,False,False,False,,,,,,,,7.6544670009752735,357.73205501027405,59.19003099552356,424.5765530067729,COMPONENT|CORRIDOR_INTERPOLATION|PRODUCTION|PRODUCTION_OFFSET,CORRIDOR_INTERPOLATION|PRODUCTION|PRODUCTION_OFFSET,LONG_ENTRY_LONG_EXIT|LONG_ENTRY_MEDIUM_EXIT|LONG_ENTRY_SHORT_EXIT
VALIDATION_SEEN_AFTER_V1,VUE020,24,NO_RESERVES_DIAGONAL,2,30,16,2,24,24,0,12,6,4,4,10,2,0.2,True,False,False,True,True,False,False,True,True,False,False,,,,,,,,7.422155002132058,10.284129006322473,9.930306012392975,27.636590020847507,COMPONENT|PRODUCTION,COMPONENT|PRODUCTION,SHORT_ENTRY_SHORT_EXIT
VALIDATION_SEEN_AFTER_V1,VUE020,32,NO_RESERVES_DIAGONAL,2,30,20,2,32,32,0,12,10,8,8,10,5,0.5,True,True,True,True,True,True,True,False,False,False,False,LEFT,0.41575544638207595,0.41575544638207595,0.5145810930150512,0.4971684162574945,814707825e82708f,814707825e82708f,7.422155002132058,14.76319799257908,11.525395995704457,33.710748990415595,COMPONENT|PRODUCTION|PRODUCTION_OFFSET,COMPONENT|PRODUCTION|PRODUCTION_OFFSET,LONG_ENTRY_SHORT_EXIT|SHORT_ENTRY_SHORT_EXIT
VALIDATION_SEEN_AFTER_V1,VUE020,48,NO_RESERVES_DIAGONAL,2,30,28,2,48,48,0,12,12,10,10,10,5,0.5,True,True,True,True,True,True,True,False,False,False,False,LEFT,0.41575544638207595,0.41575544638207595,0.5145810930150512,0.4971684162574945,814707825e82708f,814707825e82708f,7.422155002132058,28.451678997953422,14.137537000351585,50.011371000437066,COMPONENT|CORRIDOR_INTERPOLATION|PRODUCTION|PRODUCTION_OFFSET,COMPONENT|CORRIDOR_INTERPOLATION|PRODUCTION|PRODUCTION_OFFSET,SHORT_ENTRY_SHORT_EXIT
VALIDATION_SEEN_AFTER_V1,VUE020,64,NO_RESERVES_DIAGONAL,2,30,30,2,58,58,0,12,12,10,10,10,5,0.5,True,True,True,True,True,True,True,False,False,False,False,LEFT,0.41575544638207595,0.41575544638207595,0.5145810930150512,0.4971684162574945,814707825e82708f,814707825e82708f,7.422155002132058,34.68104799685534,13.247636001324281,55.35083900031168,COMPONENT|CORRIDOR|CORRIDOR_INTERPOLATION|PRODUCTION|PRODUCTION_OFFSET,COMPONENT|CORRIDOR_INTERPOLATION|PRODUCTION|PRODUCTION_OFFSET,SHORT_ENTRY_SHORT_EXIT
VALIDATION_SEEN_AFTER_V1,VUE020,96,NO_RESERVES_DIAGONAL,2,30,30,2,58,58,0,12,12,10,10,10,5,0.5,True,True,True,True,True,True,True,False,False,False,False,LEFT,0.41575544638207595,0.41575544638207595,0.5145810930150512,0.4971684162574945,814707825e82708f,814707825e82708f,7.422155002132058,36.83370500220917,12.543149990960956,56.799009995302185,COMPONENT|CORRIDOR|CORRIDOR_INTERPOLATION|PRODUCTION|PRODUCTION_OFFSET,COMPONENT|CORRIDOR_INTERPOLATION|PRODUCTION|PRODUCTION_OFFSET,SHORT_ENTRY_SHORT_EXIT
VALIDATION_SEEN_AFTER_V1,VUE020,128,NO_RESERVES_DIAGONAL,2,30,30,2,58,58,0,12,12,10,10,10,5,0.5,True,True,True,True,True,True,True,False,False,False,False,LEFT,0.41575544638207595,0.41575544638207595,0.5145810930150512,0.4971684162574945,814707825e82708f,814707825e82708f,7.422155002132058,41.70787900511641,11.662142991553992,60.79217699880246,COMPONENT|CORRIDOR|CORRIDOR_INTERPOLATION|PRODUCTION|PRODUCTION_OFFSET,COMPONENT|CORRIDOR_INTERPOLATION|PRODUCTION|PRODUCTION_OFFSET,SHORT_ENTRY_SHORT_EXIT
VALIDATION_SEEN_AFTER_V1,VUE021,24,NO_RESERVES_DIAGONAL,2,64,16,7,24,24,0,12,12,11,11,12,1,0.08333333333333333,False,,,False,False,False,False,False,False,False,False,,,,,,,,9.057534000021406,77.6413060084451,37.4736550002126,124.1724950086791,PRODUCTION,PRODUCTION,LONG_ENTRY_LONG_EXIT|LONG_ENTRY_MEDIUM_EXIT
VALIDATION_SEEN_AFTER_V1,VUE021,32,NO_RESERVES_DIAGONAL,2,64,20,7,32,32,0,12,12,11,11,12,1,0.08333333333333333,False,,,False,False,False,False,False,False,False,False,,,,,,,,9.057534000021406,86.91121800802648,37.96534899447579,133.93410100252368,COMPONENT|PRODUCTION,PRODUCTION,LONG_ENTRY_LONG_EXIT|LONG_ENTRY_MEDIUM_EXIT
VALIDATION_SEEN_AFTER_V1,VUE021,48,NO_RESERVES_DIAGONAL,2,64,28,7,48,48,0,12,12,11,11,12,1,0.08333333333333333,False,,,False,False,False,False,False,False,False,False,,,,,,,,9.057534000021406,120.8236159873195,40.769170998828486,170.6503209861694,COMPONENT|PRODUCTION,COMPONENT|PRODUCTION,LONG_ENTRY_LONG_EXIT|LONG_ENTRY_MEDIUM_EXIT|SHORT_ENTRY_SHORT_EXIT
VALIDATION_SEEN_AFTER_V1,VUE021,64,NO_RESERVES_DIAGONAL,2,64,36,7,64,64,0,12,12,11,11,12,1,0.08333333333333333,False,,,False,False,False,False,False,False,False,False,,,,,,,,9.057534000021406,177.36751098709647,38.67444100615103,225.0994859932689,COMPONENT|PRODUCTION|PRODUCTION_OFFSET,PRODUCTION|PRODUCTION_OFFSET,LONG_ENTRY_LONG_EXIT|LONG_ENTRY_MEDIUM_EXIT
VALIDATION_SEEN_AFTER_V1,VUE021,96,NO_RESERVES_DIAGONAL,2,64,48,7,96,96,0,12,12,11,11,12,1,0.08333333333333333,False,,,False,False,False,False,False,False,False,False,,,,,,,,9.057534000021406,267.4169039964909,37.972806007019244,314.4472440035315,COMPONENT|CORRIDOR_INTERPOLATION|PRODUCTION|PRODUCTION_OFFSET,PRODUCTION|PRODUCTION_OFFSET,LONG_ENTRY_LONG_EXIT|LONG_ENTRY_MEDIUM_EXIT|MEDIUM_ENTRY_SHORT_EXIT|SHORT_ENTRY_MEDIUM_EXIT
VALIDATION_SEEN_AFTER_V1,VUE021,128,NO_RESERVES_DIAGONAL,2,64,64,7,128,128,0,12,12,11,11,12,1,0.08333333333333333,False,,,False,False,False,False,False,False,False,False,,,,,,,,9.057534000021406,353.7349649996031,37.83711999130901,400.6296189909335,COMPONENT|CORRIDOR_INTERPOLATION|PRODUCTION|PRODUCTION_OFFSET,PRODUCTION|PRODUCTION_OFFSET,LONG_ENTRY_LONG_EXIT|LONG_ENTRY_MEDIUM_EXIT|MEDIUM_ENTRY_SHORT_EXIT|SHORT_ENTRY_MEDIUM_EXIT
VALIDATION_SEEN_AFTER_V1,VUE022,24,NO_RESERVES_DIAGONAL,1,32,16,5,24,24,0,12,12,10,10,11,0,0.0,False,,,False,False,False,False,False,False,False,False,,,,,,,,4.851894002058543,36.7313680035295,18.35107999795582,59.93434200354386,COMPONENT|PRODUCTION|PRODUCTION_OFFSET,COMPONENT|PRODUCTION,MEDIUM_ENTRY_SHORT_EXIT|SHORT_ENTRY_SHORT_EXIT
VALIDATION_SEEN_AFTER_V1,VUE022,32,NO_RESERVES_DIAGONAL,1,32,20,5,32,32,0,12,12,10,10,11,0,0.0,False,,,False,False,False,False,False,False,False,False,,,,,,,,4.851894002058543,46.77561001153663,16.111246004584245,67.73875001817942,COMPONENT|PRODUCTION|PRODUCTION_OFFSET,COMPONENT|PRODUCTION|PRODUCTION_OFFSET,MEDIUM_ENTRY_SHORT_EXIT|SHORT_ENTRY_SHORT_EXIT
VALIDATION_SEEN_AFTER_V1,VUE022,48,NO_RESERVES_DIAGONAL,1,32,28,5,48,48,0,12,12,10,10,11,0,0.0,False,,,False,False,False,False,False,False,False,False,,,,,,,,4.851894002058543,85.43427199765574,16.180033999262378,106.46619999897666,COMPONENT|CORRIDOR_INTERPOLATION|PRODUCTION|PRODUCTION_OFFSET,COMPONENT|CORRIDOR_INTERPOLATION|PRODUCTION,MEDIUM_ENTRY_SHORT_EXIT|SHORT_ENTRY_SHORT_EXIT
VALIDATION_SEEN_AFTER_V1,VUE022,64,NO_RESERVES_DIAGONAL,1,32,32,5,64,64,0,12,12,10,10,11,0,0.0,False,,,False,False,False,False,False,False,False,False,,,,,,,,4.851894002058543,116.12095500458963,16.201762002310716,137.1746110089589,COMPONENT|CORRIDOR_INTERPOLATION|PRODUCTION|PRODUCTION_OFFSET,COMPONENT|CORRIDOR_INTERPOLATION|PRODUCTION,MEDIUM_ENTRY_SHORT_EXIT|SHORT_ENTRY_SHORT_EXIT
VALIDATION_SEEN_AFTER_V1,VUE022,96,NO_RESERVES_DIAGONAL,1,32,32,5,96,96,0,12,12,10,10,11,0,0.0,False,,,False,False,False,False,False,False,False,False,,,,,,,,4.851894002058543,187.75952300347853,16.231450004852377,208.84286701038945,COMPONENT|CORRIDOR_INTERPOLATION|PRODUCTION|PRODUCTION_OFFSET,COMPONENT|CORRIDOR_INTERPOLATION|PRODUCTION,MEDIUM_ENTRY_SHORT_EXIT|SHORT_ENTRY_SHORT_EXIT
VALIDATION_SEEN_AFTER_V1,VUE022,128,NO_RESERVES_DIAGONAL,1,32,32,5,128,128,0,12,12,10,10,11,0,0.0,False,,,False,False,False,False,False,False,False,False,,,,,,,,4.851894002058543,289.71154199098237,16.881853007362224,311.44528900040314,COMPONENT|CORRIDOR_INTERPOLATION|PRODUCTION|PRODUCTION_OFFSET,COMPONENT|CORRIDOR_INTERPOLATION|PRODUCTION,MEDIUM_ENTRY_SHORT_EXIT|SHORT_ENTRY_SHORT_EXIT
VALIDATION_SEEN_AFTER_V1,VUE023,24,NO_RESERVES_DIAGONAL,2,30,16,2,24,24,0,12,12,5,5,11,3,0.2727272727272727,True,True,True,True,True,True,True,False,False,False,False,RIGHT,-0.33559383557115957,-0.37559383557115955,0.5145810930150512,0.4971684162574945,46694de0feb73ab9,46694de0feb73ab9,7.191091004642658,9.39351599663496,12.177158001577482,28.7617650028551,COMPONENT|PRODUCTION,COMPONENT|PRODUCTION,LONG_ENTRY_SHORT_EXIT|SHORT_ENTRY_SHORT_EXIT
VALIDATION_SEEN_AFTER_V1,VUE023,32,NO_RESERVES_DIAGONAL,2,30,20,2,32,32,0,12,12,6,6,11,4,0.36363636363636365,True,True,True,True,True,True,True,False,False,False,False,RIGHT,-0.33559383557115957,-0.37559383557115955,0.5145810930150512,0.4971684162574945,46694de0feb73ab9,46694de0feb73ab9,7.191091004642658,12.347765994491056,12.00764300301671,31.546500002150424,COMPONENT|PRODUCTION|PRODUCTION_OFFSET,COMPONENT|PRODUCTION|PRODUCTION_OFFSET,LONG_ENTRY_SHORT_EXIT|SHORT_ENTRY_SHORT_EXIT
VALIDATION_SEEN_AFTER_V1,VUE023,48,NO_RESERVES_DIAGONAL,2,30,28,2,48,48,0,12,12,7,7,11,8,0.7272727272727273,True,True,True,True,True,True,True,False,False,False,False,RIGHT,-0.3418345568903602,-0.39020014711416506,0.5145810930150512,0.4971684162574945,74f692fee9117e37,74f692fee9117e37,7.191091004642658,23.48512099706568,12.18759099720046,42.863802998908795,COMPONENT|CORRIDOR_INTERPOLATION|PRODUCTION|PRODUCTION_OFFSET,COMPONENT|CORRIDOR_INTERPOLATION|PRODUCTION|PRODUCTION_OFFSET,LONG_ENTRY_SHORT_EXIT|SHORT_ENTRY_SHORT_EXIT
VALIDATION_SEEN_AFTER_V1,VUE023,64,NO_RESERVES_DIAGONAL,2,30,30,2,58,58,0,12,12,6,6,11,9,0.8181818181818182,True,True,True,True,True,True,True,False,False,False,False,RIGHT,-0.33559383557115957,-0.37559383557115955,0.5145810930150512,0.4971684162574945,46694de0feb73ab9,46694de0feb73ab9,7.191091004642658,30.266350993770175,11.704328004270792,49.161770002683625,COMPONENT|CORRIDOR|CORRIDOR_INTERPOLATION|PRODUCTION|PRODUCTION_OFFSET,COMPONENT|CORRIDOR_INTERPOLATION|PRODUCTION|PRODUCTION_OFFSET,LONG_ENTRY_SHORT_EXIT|SHORT_ENTRY_SHORT_EXIT
VALIDATION_SEEN_AFTER_V1,VUE023,96,NO_RESERVES_DIAGONAL,2,30,30,2,58,58,0,12,12,6,6,11,9,0.8181818181818182,True,True,True,True,True,True,True,False,False,False,False,RIGHT,-0.33559383557115957,-0.37559383557115955,0.5145810930150512,0.4971684162574945,46694de0feb73ab9,46694de0feb73ab9,7.191091004642658,36.71143499377649,12.256631001946516,56.15915700036567,COMPONENT|CORRIDOR|CORRIDOR_INTERPOLATION|PRODUCTION|PRODUCTION_OFFSET,COMPONENT|CORRIDOR_INTERPOLATION|PRODUCTION|PRODUCTION_OFFSET,LONG_ENTRY_SHORT_EXIT|SHORT_ENTRY_SHORT_EXIT
VALIDATION_SEEN_AFTER_V1,VUE023,128,NO_RESERVES_DIAGONAL,2,30,30,2,58,58,0,12,12,6,6,11,9,0.8181818181818182,True,True,True,True,True,True,True,False,False,False,False,RIGHT,-0.33559383557115957,-0.37559383557115955,0.5145810930150512,0.4971684162574945,46694de0feb73ab9,46694de0feb73ab9,7.191091004642658,32.10762499656994,11.776321000070311,51.07503700128291,COMPONENT|CORRIDOR|CORRIDOR_INTERPOLATION|PRODUCTION|PRODUCTION_OFFSET,COMPONENT|CORRIDOR_INTERPOLATION|PRODUCTION|PRODUCTION_OFFSET,LONG_ENTRY_SHORT_EXIT|SHORT_ENTRY_SHORT_EXIT
VALIDATION_SEEN_AFTER_V1,VUE024,24,NO_RESERVES_DIAGONAL,2,30,16,2,24,24,0,12,10,8,8,12,2,0.16666666666666666,True,True,True,True,True,True,True,False,False,False,False,RIGHT,-0.4853711472319747,-0.5353711472319748,0.5145810930150512,0.4971684162574945,e818f80ed497a8f9,e818f80ed497a8f9,7.134145998861641,11.326873995130882,11.259626000537537,29.72064599453006,COMPONENT|PRODUCTION,COMPONENT|PRODUCTION,LONG_ENTRY_SHORT_EXIT|SHORT_ENTRY_SHORT_EXIT
VALIDATION_SEEN_AFTER_V1,VUE024,32,NO_RESERVES_DIAGONAL,2,30,20,2,32,32,0,12,12,9,9,12,3,0.25,True,True,True,True,True,True,True,False,False,False,False,RIGHT,-0.4853711472319747,-0.5353711472319748,0.5145810930150512,0.4971684162574945,e818f80ed497a8f9,e818f80ed497a8f9,7.134145998861641,17.07756199175492,11.213334000785835,35.425041991402395,COMPONENT|PRODUCTION|PRODUCTION_OFFSET,COMPONENT|PRODUCTION|PRODUCTION_OFFSET,LONG_ENTRY_SHORT_EXIT|SHORT_ENTRY_SHORT_EXIT
VALIDATION_SEEN_AFTER_V1,VUE024,48,NO_RESERVES_DIAGONAL,2,30,28,2,48,48,0,12,12,10,10,12,4,0.3333333333333333,True,True,True,True,True,True,True,False,False,False,False,RIGHT,-0.4418345568903602,-0.4918345568903602,0.5145810930150512,0.4971684162574945,a9af489c299d4fe1,a9af489c299d4fe1,7.134145998861641,33.70606800308451,12.218860996654257,53.05907499860041,COMPONENT|CORRIDOR_INTERPOLATION|PRODUCTION|PRODUCTION_OFFSET,COMPONENT|CORRIDOR_INTERPOLATION|PRODUCTION|PRODUCTION_OFFSET,LONG_ENTRY_SHORT_EXIT|SHORT_ENTRY_SHORT_EXIT
VALIDATION_SEEN_AFTER_V1,VUE024,64,NO_RESERVES_DIAGONAL,2,30,30,2,58,58,0,12,12,11,11,12,4,0.3333333333333333,True,True,True,True,True,True,True,False,False,False,False,RIGHT,-0.4418345568903602,-0.4918345568903602,0.5145810930150512,0.4971684162574945,a9af489c299d4fe1,a9af489c299d4fe1,7.134145998861641,49.87621700274758,12.651573997572996,69.66193699918222,COMPONENT|CORRIDOR|CORRIDOR_INTERPOLATION|PRODUCTION|PRODUCTION_OFFSET,COMPONENT|CORRIDOR_INTERPOLATION|PRODUCTION|PRODUCTION_OFFSET,LONG_ENTRY_SHORT_EXIT|SHORT_ENTRY_SHORT_EXIT
VALIDATION_SEEN_AFTER_V1,VUE024,96,NO_RESERVES_DIAGONAL,2,30,30,2,58,58,0,12,12,11,11,12,4,0.3333333333333333,True,True,True,True,True,True,True,False,False,False,False,RIGHT,-0.4418345568903602,-0.4918345568903602,0.5145810930150512,0.4971684162574945,a9af489c299d4fe1,a9af489c299d4fe1,7.134145998861641,45.40136600553524,11.537970989593305,64.07348299399018,COMPONENT|CORRIDOR|CORRIDOR_INTERPOLATION|PRODUCTION|PRODUCTION_OFFSET,COMPONENT|CORRIDOR_INTERPOLATION|PRODUCTION|PRODUCTION_OFFSET,LONG_ENTRY_SHORT_EXIT|SHORT_ENTRY_SHORT_EXIT
VALIDATION_SEEN_AFTER_V1,VUE024,128,NO_RESERVES_DIAGONAL,2,30,30,2,58,58,0,12,12,11,11,12,4,0.3333333333333333,True,True,True,True,True,True,True,False,False,False,False,RIGHT,-0.4418345568903602,-0.4918345568903602,0.5145810930150512,0.4971684162574945,a9af489c299d4fe1,a9af489c299d4fe1,7.134145998861641,45.22613999142777,11.927491999813356,64.28777799010277,COMPONENT|CORRIDOR|CORRIDOR_INTERPOLATION|PRODUCTION|PRODUCTION_OFFSET,COMPONENT|CORRIDOR_INTERPOLATION|PRODUCTION|PRODUCTION_OFFSET,LONG_ENTRY_SHORT_EXIT|SHORT_ENTRY_SHORT_EXIT
VALIDATION_SEEN_AFTER_V1,VUE025,24,NO_RESERVES_DIAGONAL,2,64,16,7,24,24,0,12,12,10,10,11,0,0.0,True,False,False,True,True,False,False,True,True,False,False,,,,,,,,9.599448007065803,67.83797399839386,45.96099899208639,123.39842099754605,COMPONENT|PRODUCTION,PRODUCTION,LONG_ENTRY_LONG_EXIT|LONG_ENTRY_MEDIUM_EXIT
VALIDATION_SEEN_AFTER_V1,VUE025,32,NO_RESERVES_DIAGONAL,2,64,20,7,32,32,0,12,12,10,10,11,0,0.0,True,False,False,True,True,False,False,True,True,False,False,,,,,,,,9.599448007065803,81.216962003964,46.236610010964796,137.0530200219946,COMPONENT|PRODUCTION,COMPONENT|PRODUCTION,LONG_ENTRY_LONG_EXIT|LONG_ENTRY_MEDIUM_EXIT|SHORT_ENTRY_LONG_EXIT
VALIDATION_SEEN_AFTER_V1,VUE025,48,NO_RESERVES_DIAGONAL,2,64,28,7,48,48,0,12,12,10,10,11,0,0.0,True,False,False,True,True,False,False,True,True,False,False,,,,,,,,9.599448007065803,106.07119899941608,47.390462990733795,163.06110999721568,COMPONENT|PRODUCTION,COMPONENT|PRODUCTION,LONG_ENTRY_LONG_EXIT|LONG_ENTRY_MEDIUM_EXIT|SHORT_ENTRY_LONG_EXIT
VALIDATION_SEEN_AFTER_V1,VUE025,64,NO_RESERVES_DIAGONAL,2,64,36,7,64,64,0,12,12,10,10,11,0,0.0,True,False,False,True,True,False,False,True,True,False,False,,,,,,,,9.599448007065803,148.7905419926392,46.256305009592324,204.64629500929732,COMPONENT|PRODUCTION|PRODUCTION_OFFSET,COMPONENT|PRODUCTION|PRODUCTION_OFFSET,LONG_ENTRY_LONG_EXIT|LONG_ENTRY_MEDIUM_EXIT|SHORT_ENTRY_LONG_EXIT
VALIDATION_SEEN_AFTER_V1,VUE025,96,NO_RESERVES_DIAGONAL,2,64,48,7,96,96,0,12,12,10,10,11,1,0.09090909090909091,True,True,True,True,True,True,True,False,False,False,False,LEFT,0.21,0.34462591587067476,0.5145810930150512,3.534887747961509,90d5749d559fb39c,90d5749d559fb39c,9.599448007065803,236.51225499634165,49.938366006244905,296.05006900965236,COMPONENT|CORRIDOR_INTERPOLATION|PRODUCTION|PRODUCTION_OFFSET,CORRIDOR_INTERPOLATION|PRODUCTION|PRODUCTION_OFFSET,LONG_ENTRY_LONG_EXIT|LONG_ENTRY_MEDIUM_EXIT|SHORT_ENTRY_MEDIUM_EXIT
VALIDATION_SEEN_AFTER_V1,VUE025,128,NO_RESERVES_DIAGONAL,2,64,64,7,128,128,0,12,12,10,10,11,1,0.09090909090909091,True,True,True,True,True,True,True,False,False,False,False,LEFT,0.21,0.34462591587067476,0.5145810930150512,3.534887747961509,90d5749d559fb39c,90d5749d559fb39c,9.599448007065803,301.9267710042186,47.32851099106483,358.85473000234924,COMPONENT|CORRIDOR_INTERPOLATION|PRODUCTION|PRODUCTION_OFFSET,CORRIDOR_INTERPOLATION|PRODUCTION|PRODUCTION_OFFSET,LONG_ENTRY_LONG_EXIT|LONG_ENTRY_MEDIUM_EXIT|SHORT_ENTRY_MEDIUM_EXIT
VALIDATION_SEEN_AFTER_V1,VUE026,24,NO_RESERVES_DIAGONAL,2,28,16,6,24,24,0,12,10,8,8,12,3,0.25,True,False,False,True,True,False,False,True,True,False,False,,,,,,,,6.816969995270483,14.220851007848978,17.514477993245237,38.5522989963647,COMPONENT|PRODUCTION,COMPONENT|PRODUCTION,LONG_ENTRY_LONG_EXIT|LONG_ENTRY_MEDIUM_EXIT|SHORT_ENTRY_SHORT_EXIT
VALIDATION_SEEN_AFTER_V1,VUE026,32,NO_RESERVES_DIAGONAL,2,28,20,6,32,32,0,12,11,9,9,12,3,0.25,True,False,False,True,True,False,False,True,True,False,False,,,,,,,,6.816969995270483,18.333075000555255,20.66485700197518,45.814901997800916,COMPONENT|PRODUCTION|PRODUCTION_OFFSET,COMPONENT|PRODUCTION|PRODUCTION_OFFSET,LONG_ENTRY_LONG_EXIT|LONG_ENTRY_MEDIUM_EXIT|SHORT_ENTRY_SHORT_EXIT
VALIDATION_SEEN_AFTER_V1,VUE026,48,NO_RESERVES_DIAGONAL,2,28,28,6,48,48,0,12,12,10,10,12,5,0.4166666666666667,True,False,False,True,True,False,False,True,True,False,False,,,,,,,,6.816969995270483,25.154661008855328,20.28228600102011,52.25391700514592,COMPONENT|CORRIDOR|CORRIDOR_INTERPOLATION|PRODUCTION|PRODUCTION_OFFSET,COMPONENT|CORRIDOR_INTERPOLATION|PRODUCTION|PRODUCTION_OFFSET,LONG_ENTRY_LONG_EXIT|LONG_ENTRY_MEDIUM_EXIT|SHORT_ENTRY_SHORT_EXIT
VALIDATION_SEEN_AFTER_V1,VUE026,64,NO_RESERVES_DIAGONAL,2,28,28,6,64,64,0,12,12,10,10,12,9,0.75,True,True,True,True,True,True,True,False,False,False,False,RIGHT,-0.3963851609308264,-0.43558701581447307,1.310934367577036,0.6049868191659147,3c2c2e8b167ff096,3c2c2e8b167ff096,6.816969995270483,41.66201599582564,18.244478007545695,66.72346399864182,COMPONENT|CORRIDOR|CORRIDOR_INTERPOLATION|PRODUCTION|PRODUCTION_OFFSET,COMPONENT|CORRIDOR_INTERPOLATION|PRODUCTION,LONG_ENTRY_LONG_EXIT|LONG_ENTRY_MEDIUM_EXIT|LONG_ENTRY_SHORT_EXIT|SHORT_ENTRY_LONG_EXIT|SHORT_ENTRY_SHORT_EXIT
VALIDATION_SEEN_AFTER_V1,VUE026,96,NO_RESERVES_DIAGONAL,2,28,28,6,96,96,0,12,12,11,11,12,10,0.8333333333333334,True,True,True,True,True,True,True,False,False,False,False,RIGHT,-0.3963851609308264,-0.43638516093082635,1.310934367577036,0.6049868191659147,ceaed33058212144,ceaed33058212144,6.816969995270483,67.97616300173104,18.62161999451928,93.4147529915208,COMPONENT|CORRIDOR|CORRIDOR_INTERPOLATION|PRODUCTION|PRODUCTION_OFFSET,COMPONENT|CORRIDOR_INTERPOLATION|PRODUCTION,LONG_ENTRY_LONG_EXIT|LONG_ENTRY_MEDIUM_EXIT|LONG_ENTRY_SHORT_EXIT|SHORT_ENTRY_LONG_EXIT|SHORT_ENTRY_SHORT_EXIT
VALIDATION_SEEN_AFTER_V1,VUE026,128,NO_RESERVES_DIAGONAL,2,28,28,6,128,128,0,12,12,12,12,12,10,0.8333333333333334,True,True,True,True,True,True,True,False,False,False,False,RIGHT,-0.3963851609308264,-0.43638516093082635,1.310934367577036,0.6049868191659147,ceaed33058212144,ceaed33058212144,6.816969995270483,95.97493699402548,22.47193400398828,125.26384099328425,COMPONENT|CORRIDOR|CORRIDOR_INTERPOLATION|PRODUCTION|PRODUCTION_OFFSET,COMPONENT|CORRIDOR_INTERPOLATION|PRODUCTION,LONG_ENTRY_LONG_EXIT|LONG_ENTRY_MEDIUM_EXIT|LONG_ENTRY_SHORT_EXIT|SHORT_ENTRY_LONG_EXIT|SHORT_ENTRY_SHORT_EXIT
VALIDATION_SEEN_AFTER_V1,VUE027,24,NO_RESERVES_DIAGONAL,2,38,16,7,24,24,0,12,12,9,9,12,0,0.0,True,False,False,True,True,True,True,False,False,False,False,RIGHT,-0.34201056501511995,-0.34201056501511995,1.310934367577036,3.94735730932694,06f743bf56a80c71,06f743bf56a80c71,7.759567000903189,24.187217000871897,48.85025299154222,80.7970369933173,COMPONENT|PRODUCTION,COMPONENT|PRODUCTION,LONG_ENTRY_LONG_EXIT|LONG_ENTRY_MEDIUM_EXIT|MEDIUM_ENTRY_SHORT_EXIT|SHORT_ENTRY_LONG_EXIT|SHORT_ENTRY_SHORT_EXIT
VALIDATION_SEEN_AFTER_V1,VUE027,32,NO_RESERVES_DIAGONAL,2,38,20,7,32,32,0,12,12,10,10,12,0,0.0,True,False,False,True,True,True,True,False,False,False,False,RIGHT,-0.34201056501511995,-0.34201056501511995,1.310934367577036,3.94735730932694,06f743bf56a80c71,06f743bf56a80c71,7.759567000903189,29.889240991906263,48.31711600127164,85.9659239940811,COMPONENT|PRODUCTION|PRODUCTION_OFFSET,COMPONENT|PRODUCTION|PRODUCTION_OFFSET,LONG_ENTRY_LONG_EXIT|LONG_ENTRY_MEDIUM_EXIT|SHORT_ENTRY_LONG_EXIT|SHORT_ENTRY_SHORT_EXIT
VALIDATION_SEEN_AFTER_V1,VUE027,48,NO_RESERVES_DIAGONAL,2,38,28,7,48,48,0,12,12,10,10,12,0,0.0,True,False,False,True,True,True,True,False,False,False,False,RIGHT,-0.34616946287250283,-0.34616946287250283,1.310934367577036,3.94735730932694,d54c29b3b77176ad,d54c29b3b77176ad,7.759567000903189,37.87789199850522,47.23242598993238,92.86988498934079,COMPONENT|CORRIDOR_INTERPOLATION|PRODUCTION|PRODUCTION_OFFSET,COMPONENT|PRODUCTION|PRODUCTION_OFFSET,LONG_ENTRY_LONG_EXIT|LONG_ENTRY_MEDIUM_EXIT|SHORT_ENTRY_LONG_EXIT|SHORT_ENTRY_SHORT_EXIT
VALIDATION_SEEN_AFTER_V1,VUE027,64,NO_RESERVES_DIAGONAL,2,38,36,7,64,64,0,12,12,10,10,12,0,0.0,True,False,False,True,True,True,True,False,False,False,False,RIGHT,-0.34616946287250283,-0.34616946287250283,1.310934367577036,3.94735730932694,d54c29b3b77176ad,d54c29b3b77176ad,7.759567000903189,54.92913800117094,51.70919898955617,114.3979039916303,COMPONENT|CORRIDOR_INTERPOLATION|PRODUCTION|PRODUCTION_OFFSET,COMPONENT|PRODUCTION|PRODUCTION_OFFSET,LONG_ENTRY_LONG_EXIT|LONG_ENTRY_MEDIUM_EXIT|SHORT_ENTRY_LONG_EXIT|SHORT_ENTRY_SHORT_EXIT
VALIDATION_SEEN_AFTER_V1,VUE027,96,NO_RESERVES_DIAGONAL,2,38,38,7,96,96,0,12,12,8,8,12,1,0.08333333333333333,True,True,True,True,True,True,True,False,False,False,False,RIGHT,-0.34616946287250283,-0.34616946287250283,1.310934367577036,3.94735730932694,d54c29b3b77176ad,d54c29b3b77176ad,7.759567000903189,87.00000900716987,53.45133499940857,148.21091100748163,COMPONENT|CORRIDOR|CORRIDOR_INTERPOLATION|PRODUCTION|PRODUCTION_OFFSET,COMPONENT|PRODUCTION|PRODUCTION_OFFSET,LONG_ENTRY_LONG_EXIT|LONG_ENTRY_MEDIUM_EXIT|SHORT_ENTRY_LONG_EXIT
VALIDATION_SEEN_AFTER_V1,VUE027,128,NO_RESERVES_DIAGONAL,2,38,38,7,128,128,0,12,12,9,9,12,2,0.16666666666666666,True,True,True,True,True,True,True,False,False,False,False,RIGHT,-0.34616946287250283,-0.34616946287250283,1.310934367577036,3.94735730932694,d54c29b3b77176ad,d54c29b3b77176ad,7.759567000903189,124.65065300057177,50.77340699790511,183.18362699938007,COMPONENT|CORRIDOR|CORRIDOR_INTERPOLATION|PRODUCTION|PRODUCTION_OFFSET,COMPONENT|PRODUCTION|PRODUCTION_OFFSET,LONG_ENTRY_LONG_EXIT|LONG_ENTRY_MEDIUM_EXIT|SHORT_ENTRY_LONG_EXIT|SHORT_ENTRY_SHORT_EXIT
VALIDATION_SEEN_AFTER_V1,VUE028,24,NO_RESERVES_DIAGONAL,2,40,16,7,24,24,0,12,12,10,10,12,6,0.5,True,True,True,True,True,True,True,False,False,False,False,RIGHT,-0.2080297265194001,-0.2080297265194001,1.310934367577036,3.94735730932694,c5befcfebed2d72d,c5befcfebed2d72d,8.086545989499427,28.603771002963185,26.99496000423096,63.685276996693574,COMPONENT|PRODUCTION,COMPONENT|PRODUCTION,LONG_ENTRY_LONG_EXIT|LONG_ENTRY_MEDIUM_EXIT|SHORT_ENTRY_LONG_EXIT|SHORT_ENTRY_SHORT_EXIT
VALIDATION_SEEN_AFTER_V1,VUE028,32,NO_RESERVES_DIAGONAL,2,40,20,7,32,32,0,12,12,10,10,12,6,0.5,True,True,True,True,True,True,True,False,False,False,False,RIGHT,-0.2080297265194001,-0.2080297265194001,1.310934367577036,3.94735730932694,c5befcfebed2d72d,c5befcfebed2d72d,8.086545989499427,32.038696997915395,22.435797000071034,62.561039987485856,COMPONENT|PRODUCTION,COMPONENT|PRODUCTION,LONG_ENTRY_LONG_EXIT|LONG_ENTRY_MEDIUM_EXIT|SHORT_ENTRY_LONG_EXIT|SHORT_ENTRY_SHORT_EXIT
VALIDATION_SEEN_AFTER_V1,VUE028,48,NO_RESERVES_DIAGONAL,2,40,28,7,48,48,0,12,12,10,10,12,7,0.5833333333333334,True,True,True,True,True,True,True,False,False,False,False,RIGHT,-0.2080297265194001,-0.2080297265194001,1.310934367577036,3.94735730932694,c5befcfebed2d72d,c5befcfebed2d72d,8.086545989499427,43.81286499847192,23.393354000290856,75.2927649882622,COMPONENT|CORRIDOR_INTERPOLATION|PRODUCTION|PRODUCTION_OFFSET,COMPONENT|PRODUCTION|PRODUCTION_OFFSET,LONG_ENTRY_LONG_EXIT|LONG_ENTRY_MEDIUM_EXIT|SHORT_ENTRY_LONG_EXIT|SHORT_ENTRY_SHORT_EXIT
VALIDATION_SEEN_AFTER_V1,VUE028,64,NO_RESERVES_DIAGONAL,2,40,36,7,64,64,0,12,12,10,10,12,7,0.5833333333333334,True,True,True,True,True,True,True,False,False,False,False,RIGHT,-0.2080297265194001,-0.2080297265194001,1.310934367577036,3.94735730932694,c5befcfebed2d72d,c5befcfebed2d72d,8.086545989499427,65.03331800922751,24.493179997080006,97.61304399580695,COMPONENT|CORRIDOR_INTERPOLATION|PRODUCTION|PRODUCTION_OFFSET,COMPONENT|PRODUCTION|PRODUCTION_OFFSET,LONG_ENTRY_LONG_EXIT|LONG_ENTRY_MEDIUM_EXIT|SHORT_ENTRY_LONG_EXIT
VALIDATION_SEEN_AFTER_V1,VUE028,96,NO_RESERVES_DIAGONAL,2,40,40,7,96,96,0,12,12,10,10,12,7,0.5833333333333334,True,True,True,True,True,True,True,False,False,False,False,RIGHT,-0.2080297265194001,-0.2080297265194001,1.310934367577036,3.94735730932694,c5befcfebed2d72d,c5befcfebed2d72d,8.086545989499427,109.1338169935625,26.651894993847236,143.87225797690917,COMPONENT|CORRIDOR|CORRIDOR_INTERPOLATION|PRODUCTION|PRODUCTION_OFFSET,PRODUCTION|PRODUCTION_OFFSET,LONG_ENTRY_LONG_EXIT|LONG_ENTRY_MEDIUM_EXIT
VALIDATION_SEEN_AFTER_V1,VUE028,128,NO_RESERVES_DIAGONAL,2,40,40,7,128,128,0,12,12,11,11,12,9,0.75,True,True,True,True,True,True,True,False,False,False,False,RIGHT,-0.2080297265194001,-0.2080297265194001,1.310934367577036,3.94735730932694,c5befcfebed2d72d,c5befcfebed2d72d,8.086545989499427,157.59677000460215,24.147840013029054,189.83115600713063,COMPONENT|CORRIDOR|CORRIDOR_INTERPOLATION|PRODUCTION|PRODUCTION_OFFSET,PRODUCTION|PRODUCTION_OFFSET,LONG_ENTRY_LONG_EXIT|LONG_ENTRY_MEDIUM_EXIT|SHORT_ENTRY_SHORT_EXIT
VALIDATION_SEEN_AFTER_V1,VUE029,24,NO_RESERVES_DIAGONAL,2,37,16,6,24,24,0,12,12,10,10,12,4,0.3333333333333333,False,,,False,False,False,False,False,False,False,False,,,,,,,,8.478258998366073,23.520408998592757,22.524348998558708,54.52301699551754,COMPONENT|PRODUCTION,COMPONENT|PRODUCTION,LONG_ENTRY_LONG_EXIT|LONG_ENTRY_MEDIUM_EXIT|SHORT_ENTRY_SHORT_EXIT
VALIDATION_SEEN_AFTER_V1,VUE029,32,NO_RESERVES_DIAGONAL,2,37,20,6,32,32,0,12,12,10,10,12,4,0.3333333333333333,False,,,False,False,False,False,False,False,False,False,,,,,,,,8.478258998366073,29.595237007015385,21.372704999521375,59.44620100490283,COMPONENT|PRODUCTION|PRODUCTION_OFFSET,COMPONENT|PRODUCTION|PRODUCTION_OFFSET,LONG_ENTRY_LONG_EXIT|LONG_ENTRY_MEDIUM_EXIT|SHORT_ENTRY_SHORT_EXIT
VALIDATION_SEEN_AFTER_V1,VUE029,48,NO_RESERVES_DIAGONAL,2,37,28,6,48,48,0,12,12,10,10,12,5,0.4166666666666667,False,,,False,False,False,False,False,False,False,False,,,,,,,,8.478258998366073,33.02421700209379,19.92972100561019,61.432197006070055,COMPONENT|CORRIDOR_INTERPOLATION|PRODUCTION|PRODUCTION_OFFSET,COMPONENT|CORRIDOR_INTERPOLATION|PRODUCTION|PRODUCTION_OFFSET,LONG_ENTRY_LONG_EXIT|LONG_ENTRY_MEDIUM_EXIT|SHORT_ENTRY_SHORT_EXIT
VALIDATION_SEEN_AFTER_V1,VUE029,64,NO_RESERVES_DIAGONAL,2,37,36,6,64,64,0,12,12,10,10,12,5,0.4166666666666667,False,,,False,False,False,False,False,False,False,False,,,,,,,,8.478258998366073,48.495221009943634,20.46088500355836,77.43436501186807,COMPONENT|CORRIDOR|CORRIDOR_INTERPOLATION|PRODUCTION|PRODUCTION_OFFSET,COMPONENT|CORRIDOR_INTERPOLATION|PRODUCTION|PRODUCTION_OFFSET,LONG_ENTRY_LONG_EXIT|LONG_ENTRY_MEDIUM_EXIT|LONG_ENTRY_SHORT_EXIT|SHORT_ENTRY_SHORT_EXIT
VALIDATION_SEEN_AFTER_V1,VUE029,96,NO_RESERVES_DIAGONAL,2,37,37,6,96,96,0,12,12,10,10,12,7,0.5833333333333334,False,,,False,False,False,False,False,False,False,False,,,,,,,,8.478258998366073,76.18421700317413,22.42358600778971,107.08606200932991,COMPONENT|CORRIDOR|CORRIDOR_INTERPOLATION|PRODUCTION|PRODUCTION_OFFSET,PRODUCTION|PRODUCTION_OFFSET,LONG_ENTRY_LONG_EXIT|LONG_ENTRY_MEDIUM_EXIT|LONG_ENTRY_SHORT_EXIT|SHORT_ENTRY_LONG_EXIT|SHORT_ENTRY_SHORT_EXIT
VALIDATION_SEEN_AFTER_V1,VUE029,128,NO_RESERVES_DIAGONAL,2,37,37,6,128,128,0,12,12,11,11,12,8,0.6666666666666666,False,,,False,False,False,False,False,False,False,False,,,,,,,,8.478258998366073,121.37117200472858,19.813311999314465,149.66274300240912,COMPONENT|CORRIDOR|CORRIDOR_INTERPOLATION|PRODUCTION|PRODUCTION_OFFSET,PRODUCTION|PRODUCTION_OFFSET,LONG_ENTRY_LONG_EXIT|LONG_ENTRY_MEDIUM_EXIT|LONG_ENTRY_SHORT_EXIT|SHORT_ENTRY_LONG_EXIT|SHORT_ENTRY_SHORT_EXIT
VALIDATION_SEEN_AFTER_V1,VUE030,24,NO_RESERVES_DIAGONAL,2,38,16,7,24,24,0,12,12,10,10,12,4,0.3333333333333333,True,True,True,True,True,True,True,False,False,False,False,RIGHT,-0.3677671086238443,-0.3677671086238443,1.310934367577036,7.397546202396385,b8731f9e01f2fd83,b8731f9e01f2fd83,8.7153339991346,24.167088005924597,22.414235994801857,55.296657999861054,COMPONENT|PRODUCTION,COMPONENT|PRODUCTION,LONG_ENTRY_LONG_EXIT|LONG_ENTRY_MEDIUM_EXIT|MEDIUM_ENTRY_SHORT_EXIT|SHORT_ENTRY_SHORT_EXIT
VALIDATION_SEEN_AFTER_V1,VUE030,32,NO_RESERVES_DIAGONAL,2,38,20,7,32,32,0,12,12,10,10,12,5,0.4166666666666667,True,True,True,True,True,True,True,False,False,False,False,RIGHT,-0.3677671086238443,-0.3677671086238443,1.310934367577036,7.397546202396385,b8731f9e01f2fd83,b8731f9e01f2fd83,8.7153339991346,27.055569997173734,23.380676997476257,59.15158099378459,COMPONENT|PRODUCTION|PRODUCTION_OFFSET,COMPONENT|PRODUCTION|PRODUCTION_OFFSET,LONG_ENTRY_LONG_EXIT|LONG_ENTRY_MEDIUM_EXIT|MEDIUM_ENTRY_SHORT_EXIT|SHORT_ENTRY_SHORT_EXIT
VALIDATION_SEEN_AFTER_V1,VUE030,48,NO_RESERVES_DIAGONAL,2,38,28,7,48,48,0,12,12,10,10,12,6,0.5,True,True,True,True,True,True,True,False,False,False,False,RIGHT,-0.3677671086238443,-0.3677671086238443,1.310934367577036,7.397546202396385,b8731f9e01f2fd83,b8731f9e01f2fd83,8.7153339991346,33.96116499789059,22.3997419961961,65.07624099322129,COMPONENT|CORRIDOR_INTERPOLATION|PRODUCTION|PRODUCTION_OFFSET,COMPONENT|CORRIDOR_INTERPOLATION|PRODUCTION|PRODUCTION_OFFSET,LONG_ENTRY_LONG_EXIT|LONG_ENTRY_MEDIUM_EXIT|MEDIUM_ENTRY_SHORT_EXIT|SHORT_ENTRY_SHORT_EXIT
VALIDATION_SEEN_AFTER_V1,VUE030,64,NO_RESERVES_DIAGONAL,2,38,36,7,64,64,0,12,12,10,10,12,6,0.5,True,True,True,True,True,True,True,False,False,False,False,RIGHT,-0.3677671086238443,-0.3677671086238443,1.310934367577036,7.397546202396385,b8731f9e01f2fd83,b8731f9e01f2fd83,8.7153339991346,46.49216899997555,23.669268004596233,78.87677100370638,COMPONENT|CORRIDOR_INTERPOLATION|PRODUCTION|PRODUCTION_OFFSET,COMPONENT|CORRIDOR_INTERPOLATION|PRODUCTION|PRODUCTION_OFFSET,LONG_ENTRY_LONG_EXIT|LONG_ENTRY_MEDIUM_EXIT|LONG_ENTRY_SHORT_EXIT|MEDIUM_ENTRY_SHORT_EXIT|SHORT_ENTRY_SHORT_EXIT
VALIDATION_SEEN_AFTER_V1,VUE030,96,NO_RESERVES_DIAGONAL,2,38,38,7,96,96,0,12,12,10,10,12,7,0.5833333333333334,True,True,True,True,True,True,True,False,False,False,False,RIGHT,-0.3677671086238443,-0.3677671086238443,1.310934367577036,7.397546202396385,b8731f9e01f2fd83,b8731f9e01f2fd83,8.7153339991346,73.56242800597101,23.905769994598813,106.18353199970443,COMPONENT|CORRIDOR|CORRIDOR_INTERPOLATION|PRODUCTION|PRODUCTION_OFFSET,CORRIDOR_INTERPOLATION|PRODUCTION|PRODUCTION_OFFSET,LONG_ENTRY_LONG_EXIT|LONG_ENTRY_MEDIUM_EXIT|LONG_ENTRY_SHORT_EXIT|SHORT_ENTRY_LONG_EXIT
VALIDATION_SEEN_AFTER_V1,VUE030,128,NO_RESERVES_DIAGONAL,2,38,38,7,128,128,0,12,12,11,11,12,9,0.75,True,True,True,True,True,True,True,False,False,False,False,RIGHT,-0.3677671086238443,-0.3677671086238443,1.310934367577036,7.397546202396385,b8731f9e01f2fd83,b8731f9e01f2fd83,8.7153339991346,107.50613099662587,20.89634998992551,137.11781498568598,COMPONENT|CORRIDOR|CORRIDOR_INTERPOLATION|PRODUCTION|PRODUCTION_OFFSET,CORRIDOR_INTERPOLATION|PRODUCTION|PRODUCTION_OFFSET,LONG_ENTRY_LONG_EXIT|LONG_ENTRY_MEDIUM_EXIT|LONG_ENTRY_SHORT_EXIT|SHORT_ENTRY_SHORT_EXIT
VALIDATION_SEEN_AFTER_V1,VUE031,24,NO_RESERVES_DIAGONAL,1,21,16,6,24,24,0,12,12,10,10,10,1,0.1,False,,,False,False,False,False,False,False,False,False,,,,,,,,5.735922008170746,32.83031399769243,29.72541400231421,68.29165000817738,COMPONENT|CORRIDOR_INTERPOLATION|PRODUCTION|PRODUCTION_OFFSET,COMPONENT|PRODUCTION|PRODUCTION_OFFSET,LONG_ENTRY_LONG_EXIT|LONG_ENTRY_MEDIUM_EXIT|SHORT_ENTRY_SHORT_EXIT
VALIDATION_SEEN_AFTER_V1,VUE031,32,NO_RESERVES_DIAGONAL,1,21,20,6,32,32,0,12,12,10,10,10,1,0.1,False,,,False,False,False,False,False,False,False,False,,,,,,,,5.735922008170746,36.17293800925836,26.59100099117495,68.49986100860406,COMPONENT|CORRIDOR_INTERPOLATION|PRODUCTION|PRODUCTION_OFFSET,COMPONENT|CORRIDOR_INTERPOLATION|PRODUCTION|PRODUCTION_OFFSET,LONG_ENTRY_LONG_EXIT|LONG_ENTRY_MEDIUM_EXIT|SHORT_ENTRY_SHORT_EXIT
VALIDATION_SEEN_AFTER_V1,VUE031,48,NO_RESERVES_DIAGONAL,1,21,21,6,48,48,0,12,12,10,10,10,1,0.1,False,,,False,False,False,False,False,False,False,False,,,,,,,,5.735922008170746,65.13035400712397,26.155149986152537,97.02142600144725,COMPONENT|CORRIDOR|CORRIDOR_INTERPOLATION|PRODUCTION|PRODUCTION_OFFSET,COMPONENT|CORRIDOR_INTERPOLATION|PRODUCTION|PRODUCTION_OFFSET,LONG_ENTRY_LONG_EXIT|LONG_ENTRY_MEDIUM_EXIT|SHORT_ENTRY_SHORT_EXIT
VALIDATION_SEEN_AFTER_V1,VUE031,64,NO_RESERVES_DIAGONAL,1,21,21,6,64,64,0,12,12,10,10,10,2,0.2,False,,,False,False,False,False,False,False,False,False,,,,,,,,5.735922008170746,89.67742399545386,27.16850399156101,122.58184999518562,COMPONENT|CORRIDOR|CORRIDOR_INTERPOLATION|PRODUCTION|PRODUCTION_OFFSET,COMPONENT|CORRIDOR_INTERPOLATION|PRODUCTION|PRODUCTION_OFFSET,LONG_ENTRY_LONG_EXIT|LONG_ENTRY_MEDIUM_EXIT|SHORT_ENTRY_SHORT_EXIT
VALIDATION_SEEN_AFTER_V1,VUE031,96,NO_RESERVES_DIAGONAL,1,21,21,6,96,96,0,12,12,10,10,10,2,0.2,False,,,False,False,False,False,False,False,False,False,,,,,,,,5.735922008170746,164.96253899822477,27.46449800906703,198.16295901546255,COMPONENT|CORRIDOR|CORRIDOR_INTERPOLATION|PRODUCTION|PRODUCTION_OFFSET,COMPONENT|CORRIDOR_INTERPOLATION|PRODUCTION|PRODUCTION_OFFSET,LONG_ENTRY_LONG_EXIT|LONG_ENTRY_MEDIUM_EXIT|SHORT_ENTRY_SHORT_EXIT
VALIDATION_SEEN_AFTER_V1,VUE031,128,NO_RESERVES_DIAGONAL,1,21,21,6,126,126,0,12,12,10,10,10,2,0.2,False,,,False,False,False,False,False,False,False,False,,,,,,,,5.735922008170746,236.65038499166258,26.571890004561283,268.9581970043946,COMPONENT|CORRIDOR|CORRIDOR_INTERPOLATION|PRODUCTION|PRODUCTION_OFFSET,COMPONENT|CORRIDOR_INTERPOLATION|PRODUCTION|PRODUCTION_OFFSET,LONG_ENTRY_LONG_EXIT|LONG_ENTRY_MEDIUM_EXIT|SHORT_ENTRY_SHORT_EXIT
VALIDATION_SEEN_AFTER_V1,VUE032,24,NO_RESERVES_DIAGONAL,1,32,16,7,24,24,0,12,12,10,10,12,0,0.0,True,False,False,True,True,False,False,True,True,False,False,,,,,,,,6.097916004364379,47.31369300861843,20.83764600683935,74.24925501982216,COMPONENT|PRODUCTION|PRODUCTION_OFFSET,COMPONENT|PRODUCTION,LONG_ENTRY_MEDIUM_EXIT|MEDIUM_ENTRY_SHORT_EXIT|SHORT_ENTRY_SHORT_EXIT
VALIDATION_SEEN_AFTER_V1,VUE032,32,NO_RESERVES_DIAGONAL,1,32,20,7,32,32,0,12,12,10,10,12,0,0.0,True,False,False,True,True,False,False,True,True,False,False,,,,,,,,6.097916004364379,57.59905400918797,20.556218005367555,84.2531880189199,COMPONENT|PRODUCTION|PRODUCTION_OFFSET,COMPONENT|PRODUCTION,LONG_ENTRY_MEDIUM_EXIT|MEDIUM_ENTRY_SHORT_EXIT|SHORT_ENTRY_SHORT_EXIT
VALIDATION_SEEN_AFTER_V1,VUE032,48,NO_RESERVES_DIAGONAL,1,32,28,7,48,48,0,12,12,10,10,12,1,0.08333333333333333,True,True,True,True,True,True,True,False,False,False,False,RIGHT,-0.5849060392786181,-0.684906039278618,1.310934367577036,3.94735730932694,411e0416cb3c31b9,411e0416cb3c31b9,6.097916004364379,94.55411799717695,21.43085798888933,122.08289199043065,COMPONENT|CORRIDOR_INTERPOLATION|PRODUCTION|PRODUCTION_OFFSET,COMPONENT|PRODUCTION,LONG_ENTRY_MEDIUM_EXIT|MEDIUM_ENTRY_SHORT_EXIT|SHORT_ENTRY_SHORT_EXIT
VALIDATION_SEEN_AFTER_V1,VUE032,64,NO_RESERVES_DIAGONAL,1,32,32,7,64,64,0,12,12,10,10,12,1,0.08333333333333333,True,True,True,True,True,True,True,False,False,False,False,RIGHT,-0.5849060392786181,-0.684906039278618,1.310934367577036,3.94735730932694,411e0416cb3c31b9,411e0416cb3c31b9,6.097916004364379,135.81310499284882,21.10599199659191,163.0170129938051,COMPONENT|CORRIDOR_INTERPOLATION|PRODUCTION|PRODUCTION_OFFSET,COMPONENT|CORRIDOR_INTERPOLATION|PRODUCTION|PRODUCTION_OFFSET,LONG_ENTRY_MEDIUM_EXIT|LONG_ENTRY_SHORT_EXIT|MEDIUM_ENTRY_SHORT_EXIT|SHORT_ENTRY_SHORT_EXIT
VALIDATION_SEEN_AFTER_V1,VUE032,96,NO_RESERVES_DIAGONAL,1,32,32,7,96,96,0,12,12,10,10,12,1,0.08333333333333333,True,True,True,True,True,True,True,False,False,False,False,RIGHT,-0.5849060392786181,-0.684906039278618,1.310934367577036,3.94735730932694,411e0416cb3c31b9,411e0416cb3c31b9,6.097916004364379,215.24612400389742,21.504472009837627,242.84851201809943,COMPONENT|CORRIDOR_INTERPOLATION|PRODUCTION|PRODUCTION_OFFSET,COMPONENT|CORRIDOR_INTERPOLATION|PRODUCTION|PRODUCTION_OFFSET,LONG_ENTRY_MEDIUM_EXIT|LONG_ENTRY_SHORT_EXIT
VALIDATION_SEEN_AFTER_V1,VUE032,128,NO_RESERVES_DIAGONAL,1,32,32,7,128,128,0,12,12,11,11,12,2,0.16666666666666666,True,True,True,True,True,True,True,False,False,False,False,RIGHT,-0.5849060392786181,-0.684906039278618,1.310934367577036,3.94735730932694,411e0416cb3c31b9,411e0416cb3c31b9,6.097916004364379,292.2533819946693,22.696943997289054,321.04824199632276,COMPONENT|CORRIDOR_INTERPOLATION|PRODUCTION|PRODUCTION_OFFSET,COMPONENT|CORRIDOR_INTERPOLATION|PRODUCTION,LONG_ENTRY_MEDIUM_EXIT|LONG_ENTRY_SHORT_EXIT
VALIDATION_SEEN_AFTER_V1,VUE033,24,NO_RESERVES_DIAGONAL,2,31,16,2,24,24,0,12,12,10,10,11,1,0.09090909090909091,True,False,False,True,True,True,True,False,False,False,False,RIGHT,-0.585193939608302,-0.735193939608302,0.5145810930150512,0.4971684162574945,419812a968d5863a,419812a968d5863a,72.9604560037842,13.275714998599142,13.906530002714135,100.14270100509748,COMPONENT|PRODUCTION,COMPONENT|PRODUCTION,LONG_ENTRY_SHORT_EXIT|SHORT_ENTRY_SHORT_EXIT
VALIDATION_SEEN_AFTER_V1,VUE033,32,NO_RESERVES_DIAGONAL,2,31,20,2,32,32,0,12,12,10,10,11,2,0.18181818181818182,True,True,True,True,True,True,True,False,False,False,False,RIGHT,-0.585193939608302,-0.735193939608302,0.7136694116555473,0.4971684162574945,7c3ce75fe7740ebe,7c3ce75fe7740ebe,72.9604560037842,17.67024899891112,11.91835300414823,102.54905800684355,COMPONENT|PRODUCTION|PRODUCTION_OFFSET,COMPONENT|PRODUCTION|PRODUCTION_OFFSET,LONG_ENTRY_SHORT_EXIT|SHORT_ENTRY_SHORT_EXIT
VALIDATION_SEEN_AFTER_V1,VUE033,48,NO_RESERVES_DIAGONAL,2,31,28,2,48,48,0,12,12,10,10,11,2,0.18181818181818182,True,True,True,True,True,True,True,False,False,False,False,RIGHT,-0.5767880686038446,-0.6267880686038446,0.7136694116555473,0.4971684162574945,19709597790c3383,19709597790c3383,72.9604560037842,34.64234700368252,11.756239997339435,119.35904300480615,COMPONENT|CORRIDOR_INTERPOLATION|PRODUCTION|PRODUCTION_OFFSET,COMPONENT|PRODUCTION_OFFSET,LONG_ENTRY_SHORT_EXIT|SHORT_ENTRY_SHORT_EXIT
VALIDATION_SEEN_AFTER_V1,VUE033,64,NO_RESERVES_DIAGONAL,2,31,31,2,60,60,0,12,12,10,10,11,2,0.18181818181818182,True,True,True,True,True,True,True,False,False,False,False,RIGHT,-0.5767880686038446,-0.6267880686038446,0.7136694116555473,0.4971684162574945,19709597790c3383,19709597790c3383,72.9604560037842,49.557499994989485,11.805987989646383,134.32394398842007,COMPONENT|CORRIDOR|CORRIDOR_INTERPOLATION|PRODUCTION|PRODUCTION_OFFSET,COMPONENT|PRODUCTION_OFFSET,LONG_ENTRY_SHORT_EXIT|SHORT_ENTRY_SHORT_EXIT
VALIDATION_SEEN_AFTER_V1,VUE033,96,NO_RESERVES_DIAGONAL,2,31,31,2,60,60,0,12,12,10,10,11,2,0.18181818181818182,True,True,True,True,True,True,True,False,False,False,False,RIGHT,-0.5767880686038446,-0.6267880686038446,0.7136694116555473,0.4971684162574945,19709597790c3383,19709597790c3383,72.9604560037842,49.266385001828894,11.370004998752847,133.59684600436594,COMPONENT|CORRIDOR|CORRIDOR_INTERPOLATION|PRODUCTION|PRODUCTION_OFFSET,COMPONENT|PRODUCTION_OFFSET,LONG_ENTRY_SHORT_EXIT|SHORT_ENTRY_SHORT_EXIT
VALIDATION_SEEN_AFTER_V1,VUE033,128,NO_RESERVES_DIAGONAL,2,31,31,2,60,60,0,12,12,10,10,11,2,0.18181818181818182,True,True,True,True,True,True,True,False,False,False,False,RIGHT,-0.5767880686038446,-0.6267880686038446,0.7136694116555473,0.4971684162574945,19709597790c3383,19709597790c3383,72.9604560037842,49.63394100195728,11.422801995649934,134.01719900139142,COMPONENT|CORRIDOR|CORRIDOR_INTERPOLATION|PRODUCTION|PRODUCTION_OFFSET,COMPONENT|PRODUCTION_OFFSET,LONG_ENTRY_SHORT_EXIT|SHORT_ENTRY_SHORT_EXIT
VALIDATION_SEEN_AFTER_V1,VUE034,24,NO_RESERVES_DIAGONAL,2,31,16,2,24,24,0,12,12,10,10,12,0,0.0,True,False,False,True,True,True,True,False,False,False,False,RIGHT,-0.5035567774551005,-0.5752706704159611,0.7136694116555473,0.4971684162574945,184aa7c63ab2856c,184aa7c63ab2856c,7.206544003565796,12.075169986928813,11.202429988770746,30.484143979265355,COMPONENT|PRODUCTION,COMPONENT|PRODUCTION,LONG_ENTRY_SHORT_EXIT|SHORT_ENTRY_SHORT_EXIT
VALIDATION_SEEN_AFTER_V1,VUE034,32,NO_RESERVES_DIAGONAL,2,31,20,2,32,32,0,12,12,10,10,12,0,0.0,True,False,False,True,True,True,True,False,False,False,False,RIGHT,-0.5035567774551005,-0.5752706704159611,0.7136694116555473,0.4971684162574945,184aa7c63ab2856c,184aa7c63ab2856c,7.206544003565796,17.734879002091475,11.990086000878364,36.931509006535634,COMPONENT|PRODUCTION|PRODUCTION_OFFSET,COMPONENT|PRODUCTION|PRODUCTION_OFFSET,LONG_ENTRY_SHORT_EXIT|SHORT_ENTRY_SHORT_EXIT
VALIDATION_SEEN_AFTER_V1,VUE034,48,NO_RESERVES_DIAGONAL,2,31,28,2,48,48,0,12,12,10,10,12,1,0.08333333333333333,True,True,True,True,True,True,True,False,False,False,False,RIGHT,-0.5035567774551005,-0.5752706704159611,0.7136694116555473,0.4971684162574945,184aa7c63ab2856c,184aa7c63ab2856c,7.206544003565796,37.0765799889341,12.640667002415285,56.92379099491518,COMPONENT|CORRIDOR_INTERPOLATION|PRODUCTION|PRODUCTION_OFFSET,COMPONENT|PRODUCTION_OFFSET,LONG_ENTRY_SHORT_EXIT|SHORT_ENTRY_SHORT_EXIT
VALIDATION_SEEN_AFTER_V1,VUE034,64,NO_RESERVES_DIAGONAL,2,31,31,2,60,60,0,12,12,10,10,12,1,0.08333333333333333,True,True,True,True,True,True,True,False,False,False,False,RIGHT,-0.5589691267536432,-0.6089691267536432,0.7136694116555473,0.4971684162574945,8cb5c2f8b7c61be0,8cb5c2f8b7c61be0,7.206544003565796,50.77367200283334,14.35662699805107,72.3368430044502,COMPONENT|CORRIDOR|CORRIDOR_INTERPOLATION|PRODUCTION|PRODUCTION_OFFSET,COMPONENT|CORRIDOR|PRODUCTION_OFFSET,LONG_ENTRY_SHORT_EXIT|SHORT_ENTRY_SHORT_EXIT
VALIDATION_SEEN_AFTER_V1,VUE034,96,NO_RESERVES_DIAGONAL,2,31,31,2,60,60,0,12,12,10,10,12,1,0.08333333333333333,True,True,True,True,True,True,True,False,False,False,False,RIGHT,-0.5589691267536432,-0.6089691267536432,0.7136694116555473,0.4971684162574945,8cb5c2f8b7c61be0,8cb5c2f8b7c61be0,7.206544003565796,50.69574000663124,11.910783010534942,69.81306702073198,COMPONENT|CORRIDOR|CORRIDOR_INTERPOLATION|PRODUCTION|PRODUCTION_OFFSET,COMPONENT|CORRIDOR|PRODUCTION_OFFSET,LONG_ENTRY_SHORT_EXIT|SHORT_ENTRY_SHORT_EXIT
VALIDATION_SEEN_AFTER_V1,VUE034,128,NO_RESERVES_DIAGONAL,2,31,31,2,60,60,0,12,12,10,10,12,1,0.08333333333333333,True,True,True,True,True,True,True,False,False,False,False,RIGHT,-0.5589691267536432,-0.6089691267536432,0.7136694116555473,0.4971684162574945,8cb5c2f8b7c61be0,8cb5c2f8b7c61be0,7.206544003565796,50.7936990034068,12.817311988328584,70.81755499530118,COMPONENT|CORRIDOR|CORRIDOR_INTERPOLATION|PRODUCTION|PRODUCTION_OFFSET,COMPONENT|CORRIDOR|PRODUCTION_OFFSET,LONG_ENTRY_SHORT_EXIT|SHORT_ENTRY_SHORT_EXIT
VALIDATION_SEEN_AFTER_V1,VUE035,24,NO_RESERVES_DIAGONAL,2,41,16,2,24,24,0,12,12,10,10,12,2,0.16666666666666666,False,,,False,False,False,False,False,False,False,False,,,,,,,,6.924665998667479,13.630749002913944,12.217968993354589,32.77338399493601,COMPONENT|PRODUCTION,COMPONENT|PRODUCTION,LONG_ENTRY_SHORT_EXIT|SHORT_ENTRY_SHORT_EXIT
VALIDATION_SEEN_AFTER_V1,VUE035,32,NO_RESERVES_DIAGONAL,2,41,20,2,32,32,0,12,12,11,11,12,3,0.25,False,,,False,False,False,False,False,False,False,False,,,,,,,,6.924665998667479,18.65822599211242,14.597798988688737,40.180690979468636,COMPONENT|PRODUCTION|PRODUCTION_OFFSET,COMPONENT|PRODUCTION|PRODUCTION_OFFSET,LONG_ENTRY_SHORT_EXIT|SHORT_ENTRY_SHORT_EXIT
VALIDATION_SEEN_AFTER_V1,VUE035,48,NO_RESERVES_DIAGONAL,2,41,28,2,48,48,0,12,12,11,11,12,4,0.3333333333333333,False,,,False,False,False,False,False,False,False,False,,,,,,,,6.924665998667479,35.265978003735654,15.34146499761846,57.53210900002159,COMPONENT|CORRIDOR_INTERPOLATION|PRODUCTION|PRODUCTION_OFFSET,COMPONENT|CORRIDOR_INTERPOLATION|PRODUCTION|PRODUCTION_OFFSET,LONG_ENTRY_SHORT_EXIT|SHORT_ENTRY_SHORT_EXIT
VALIDATION_SEEN_AFTER_V1,VUE035,64,NO_RESERVES_DIAGONAL,2,41,36,2,64,64,0,12,12,11,11,12,6,0.5,False,,,False,False,False,False,False,False,False,False,,,,,,,,6.924665998667479,62.90927898953669,11.497638988657854,81.33158397686202,COMPONENT|CORRIDOR_INTERPOLATION|PRODUCTION|PRODUCTION_OFFSET,COMPONENT|CORRIDOR_INTERPOLATION|PRODUCTION|PRODUCTION_OFFSET,LONG_ENTRY_SHORT_EXIT|SHORT_ENTRY_SHORT_EXIT
VALIDATION_SEEN_AFTER_V1,VUE035,96,NO_RESERVES_DIAGONAL,2,41,41,2,80,80,0,12,12,11,11,12,6,0.5,False,,,False,False,False,False,False,False,False,False,,,,,,,,6.924665998667479,81.94182200531941,11.601263002376072,100.46775100636296,COMPONENT|CORRIDOR|CORRIDOR_INTERPOLATION|PRODUCTION|PRODUCTION_OFFSET,COMPONENT|CORRIDOR_INTERPOLATION|PRODUCTION|PRODUCTION_OFFSET,LONG_ENTRY_SHORT_EXIT|SHORT_ENTRY_SHORT_EXIT
VALIDATION_SEEN_AFTER_V1,VUE035,128,NO_RESERVES_DIAGONAL,2,41,41,2,80,80,0,12,12,11,11,12,6,0.5,False,,,False,False,False,False,False,False,False,False,,,,,,,,6.924665998667479,82.61064400721807,11.37748001201544,100.91279001790099,COMPONENT|CORRIDOR|CORRIDOR_INTERPOLATION|PRODUCTION|PRODUCTION_OFFSET,COMPONENT|CORRIDOR_INTERPOLATION|PRODUCTION|PRODUCTION_OFFSET,LONG_ENTRY_SHORT_EXIT|SHORT_ENTRY_SHORT_EXIT
VALIDATION_SEEN_AFTER_V1,VUE036,24,NO_RESERVES_DIAGONAL,2,40,16,2,24,24,0,12,12,12,12,12,2,0.16666666666666666,True,False,False,True,True,False,False,True,True,False,False,,,,,,,,7.380042006843723,13.670055996044539,11.681896008667536,32.7319940115558,COMPONENT|PRODUCTION,COMPONENT|PRODUCTION,LONG_ENTRY_SHORT_EXIT|SHORT_ENTRY_SHORT_EXIT
VALIDATION_SEEN_AFTER_V1,VUE036,32,NO_RESERVES_DIAGONAL,2,40,20,2,32,32,0,12,12,12,12,12,2,0.16666666666666666,True,False,False,True,True,False,False,True,True,False,False,,,,,,,,7.380042006843723,18.770266004139557,11.075695991166867,37.22600400215015,COMPONENT|PRODUCTION|PRODUCTION_OFFSET,COMPONENT|PRODUCTION|PRODUCTION_OFFSET,LONG_ENTRY_SHORT_EXIT|SHORT_ENTRY_SHORT_EXIT
VALIDATION_SEEN_AFTER_V1,VUE036,48,NO_RESERVES_DIAGONAL,2,40,28,2,48,48,0,12,12,12,12,12,3,0.25,True,True,True,True,True,True,True,False,False,False,False,RIGHT,-0.6749613197431916,-0.7249613197431917,0.5145810930150512,0.4971684162574945,f518c26be9229c24,f518c26be9229c24,7.380042006843723,35.553191002691165,12.549134000437334,55.48236700997222,COMPONENT|CORRIDOR_INTERPOLATION|PRODUCTION|PRODUCTION_OFFSET,COMPONENT|PRODUCTION|PRODUCTION_OFFSET,LONG_ENTRY_SHORT_EXIT|SHORT_ENTRY_SHORT_EXIT
VALIDATION_SEEN_AFTER_V1,VUE036,64,NO_RESERVES_DIAGONAL,2,40,36,2,64,64,0,12,12,12,12,12,4,0.3333333333333333,True,True,True,True,True,True,True,False,False,False,False,RIGHT,-0.6749613197431916,-0.7249613197431917,0.5145810930150512,0.4971684162574945,f518c26be9229c24,f518c26be9229c24,7.380042006843723,61.328597003011964,11.129748992971145,79.83838800282683,COMPONENT|CORRIDOR_INTERPOLATION|PRODUCTION|PRODUCTION_OFFSET,COMPONENT|PRODUCTION|PRODUCTION_OFFSET,LONG_ENTRY_SHORT_EXIT|SHORT_ENTRY_SHORT_EXIT
VALIDATION_SEEN_AFTER_V1,VUE036,96,NO_RESERVES_DIAGONAL,2,40,40,2,78,78,0,12,12,12,12,12,4,0.3333333333333333,True,True,True,True,True,True,True,False,False,False,False,RIGHT,-0.6749613197431916,-0.7249613197431917,0.5145810930150512,0.4971684162574945,f518c26be9229c24,f518c26be9229c24,7.380042006843723,82.9903359990567,11.293875009869225,101.66425301576965,COMPONENT|CORRIDOR|CORRIDOR_INTERPOLATION|PRODUCTION|PRODUCTION_OFFSET,COMPONENT|PRODUCTION|PRODUCTION_OFFSET,LONG_ENTRY_SHORT_EXIT|SHORT_ENTRY_SHORT_EXIT
VALIDATION_SEEN_AFTER_V1,VUE036,128,NO_RESERVES_DIAGONAL,2,40,40,2,78,78,0,12,12,12,12,12,4,0.3333333333333333,True,True,True,True,True,True,True,False,False,False,False,RIGHT,-0.6749613197431916,-0.7249613197431917,0.5145810930150512,0.4971684162574945,f518c26be9229c24,f518c26be9229c24,7.380042006843723,82.53464200242888,12.519445997895673,102.43413000716828,COMPONENT|CORRIDOR|CORRIDOR_INTERPOLATION|PRODUCTION|PRODUCTION_OFFSET,COMPONENT|PRODUCTION|PRODUCTION_OFFSET,LONG_ENTRY_SHORT_EXIT|SHORT_ENTRY_SHORT_EXIT
VALIDATION_SEEN_AFTER_V1,VUE037,24,NO_RESERVES_DIAGONAL,2,64,16,7,24,24,0,12,12,12,12,12,0,0.0,False,,,False,False,False,False,False,False,False,False,,,,,,,,9.248317001038231,63.50437900982797,35.808824992273,108.5615210031392,COMPONENT|PRODUCTION,COMPONENT|PRODUCTION,LONG_ENTRY_LONG_EXIT|LONG_ENTRY_MEDIUM_EXIT|SHORT_ENTRY_LONG_EXIT|SHORT_ENTRY_SHORT_EXIT
VALIDATION_SEEN_AFTER_V1,VUE037,32,NO_RESERVES_DIAGONAL,2,64,20,7,32,32,0,12,12,12,12,12,0,0.0,False,,,False,False,False,False,False,False,False,False,,,,,,,,9.248317001038231,71.69920300657395,35.660751003888436,116.60827101150062,COMPONENT|PRODUCTION,COMPONENT|PRODUCTION,LONG_ENTRY_LONG_EXIT|LONG_ENTRY_MEDIUM_EXIT|SHORT_ENTRY_LONG_EXIT|SHORT_ENTRY_SHORT_EXIT
VALIDATION_SEEN_AFTER_V1,VUE037,48,NO_RESERVES_DIAGONAL,2,64,28,7,48,48,0,12,12,12,12,12,0,0.0,False,,,False,False,False,False,False,False,False,False,,,,,,,,9.248317001038231,97.77287099859677,35.03283200552687,142.05402000516187,COMPONENT|PRODUCTION|PRODUCTION_OFFSET,COMPONENT|PRODUCTION|PRODUCTION_OFFSET,LONG_ENTRY_LONG_EXIT|LONG_ENTRY_MEDIUM_EXIT|SHORT_ENTRY_LONG_EXIT|SHORT_ENTRY_SHORT_EXIT
VALIDATION_SEEN_AFTER_V1,VUE037,64,NO_RESERVES_DIAGONAL,2,64,36,7,64,64,0,12,12,12,12,12,0,0.0,False,,,False,False,False,False,False,False,False,False,,,,,,,,9.248317001038231,123.49183599872049,31.29491700383369,164.0350700035924,COMPONENT|CORRIDOR_INTERPOLATION|PRODUCTION|PRODUCTION_OFFSET,COMPONENT|CORRIDOR_INTERPOLATION|PRODUCTION|PRODUCTION_OFFSET,LONG_ENTRY_LONG_EXIT|LONG_ENTRY_MEDIUM_EXIT|MEDIUM_ENTRY_SHORT_EXIT|SHORT_ENTRY_LONG_EXIT|SHORT_ENTRY_SHORT_EXIT
VALIDATION_SEEN_AFTER_V1,VUE037,96,NO_RESERVES_DIAGONAL,2,64,48,7,96,96,0,12,12,12,12,12,0,0.0,False,,,False,False,False,False,False,False,False,False,,,,,,,,9.248317001038231,200.57955500669777,32.17475500423461,242.00262701197062,COMPONENT|CORRIDOR_INTERPOLATION|PRODUCTION|PRODUCTION_OFFSET,COMPONENT|CORRIDOR_INTERPOLATION|PRODUCTION|PRODUCTION_OFFSET,LONG_ENTRY_LONG_EXIT|LONG_ENTRY_MEDIUM_EXIT|LONG_ENTRY_SHORT_EXIT|SHORT_ENTRY_LONG_EXIT|SHORT_ENTRY_SHORT_EXIT
VALIDATION_SEEN_AFTER_V1,VUE037,128,NO_RESERVES_DIAGONAL,2,64,64,7,128,128,0,12,12,12,12,12,0,0.0,False,,,False,False,False,False,False,False,False,False,,,,,,,,9.248317001038231,252.61655400390737,31.67846900760196,293.54334001254756,COMPONENT|CORRIDOR|CORRIDOR_INTERPOLATION|PRODUCTION|PRODUCTION_OFFSET,COMPONENT|CORRIDOR_INTERPOLATION|PRODUCTION|PRODUCTION_OFFSET,LONG_ENTRY_LONG_EXIT|LONG_ENTRY_MEDIUM_EXIT|LONG_ENTRY_SHORT_EXIT|SHORT_ENTRY_LONG_EXIT|SHORT_ENTRY_SHORT_EXIT
