development_event_id,selector,budget_k,oracle_valid_in_full_development_oracle,failure_mechanism,raw_prevalidation_pool_count,selected_exact_tuple_count,constructed_path_count,construction_guard_reject_count,raw_harness_validator_execution_count,duplicate_path_count,deduplicated_validator_call_count,hard_valid_candidate_count,hard_valid_side_availability,recovered,best_side,best_d_target,best_d_mid,best_entry_scale,best_exit_scale,best_minimum_normalized_safety_slack,best_footprint_track_margin_m,best_obstacle_margin_m,raw_harness_wall_runtime_s,runtime_contract
DVE001,H3_FIXED_BOUNDED,4,True,TEMPLATE_OR_TRANSITION_SELECTION,48,4,4,0,4,0,4,1,RIGHT,True,RIGHT,-0.47180573094231487,-0.59516322841514402,0.71366941165554731,0.49716841625749453,0.031669296727203942,0.0065669790498295369,0.04750394509080591,0.003147155002807267,raw subprocess wall; harness validates before offline digest dedup
DVE001,H3_FIXED_BOUNDED,8,True,TEMPLATE_OR_TRANSITION_SELECTION,48,8,8,0,8,0,8,2,RIGHT,True,RIGHT,-0.47180573094231487,-0.59516322841514402,0.71366941165554731,0.49716841625749453,0.031669296727203942,0.0065669790498295369,0.04750394509080591,0.0046907920004741754,raw subprocess wall; harness validates before offline digest dedup
DVE001,H3_FIXED_BOUNDED,12,True,TEMPLATE_OR_TRANSITION_SELECTION,48,12,12,0,12,0,12,4,RIGHT,True,RIGHT,-0.47180573094231487,-0.53348447967872947,0.71366941165554731,0.49716841625749453,0.017390270592529622,0.0039938966172860316,0.026085405888794433,0.004867042000114452,raw subprocess wall; harness validates before offline digest dedup
DVE001,H3_FIXED_BOUNDED,16,True,TEMPLATE_OR_TRANSITION_SELECTION,48,16,16,0,16,0,16,7,RIGHT,True,RIGHT,-0.47141510594231484,-0.53328916717872943,0.71366941165554731,0.49716841625749453,0.017175977699408634,0.0039115691758219509,0.025763966549112949,0.005612058001133846,raw subprocess wall; harness validates before offline digest dedup
DVE001,H3_FIXED_BOUNDED,24,True,TEMPLATE_OR_TRANSITION_SELECTION,48,24,24,0,24,0,24,10,RIGHT,True,RIGHT,-0.47141510594231484,-0.53328916717872943,0.71366941165554731,0.49716841625749453,0.017175977699408634,0.0039115691758219509,0.025763966549112949,0.006557980002980912,raw subprocess wall; harness validates before offline digest dedup
DVE001,H4A_GEOMETRY_TRANSITION,4,True,TEMPLATE_OR_TRANSITION_SELECTION,48,4,4,0,4,0,4,0,,False,,,,,,,,,0.004716785999335116,raw subprocess wall; harness validates before offline digest dedup
DVE001,H4A_GEOMETRY_TRANSITION,8,True,TEMPLATE_OR_TRANSITION_SELECTION,48,8,8,0,8,0,8,1,RIGHT,True,RIGHT,-0.52524484262271609,-0.59516322841514402,0.51458109301505117,0.49716841625749453,0.0356138040182414,0.00061037850722193282,0.082737027955280484,0.006142576999991434,raw subprocess wall; harness validates before offline digest dedup
DVE001,H4A_GEOMETRY_TRANSITION,12,True,TEMPLATE_OR_TRANSITION_SELECTION,48,12,12,0,12,0,12,2,RIGHT,True,RIGHT,-0.52524484262271609,-0.59516322841514402,0.51458109301505117,0.49716841625749453,0.0356138040182414,0.00061037850722193282,0.082737027955280484,0.0051122839977324475,raw subprocess wall; harness validates before offline digest dedup
DVE001,H4A_GEOMETRY_TRANSITION,16,True,TEMPLATE_OR_TRANSITION_SELECTION,48,16,16,0,16,0,16,3,RIGHT,True,RIGHT,-0.52524484262271609,-0.59516322841514402,0.51458109301505117,0.49716841625749453,0.0356138040182414,0.00061037850722193282,0.082737027955280484,0.010001732000091579,raw subprocess wall; harness validates before offline digest dedup
DVE001,H4A_GEOMETRY_TRANSITION,24,True,TEMPLATE_OR_TRANSITION_SELECTION,48,24,24,0,24,0,24,6,RIGHT,True,RIGHT,-0.47180573094231487,-0.59516322841514402,0.71366941165554731,0.49716841625749453,0.031669296727203942,0.0065669790498295369,0.04750394509080591,0.013409085000603227,raw subprocess wall; harness validates before offline digest dedup
DVE001,H4B_GEOMETRY_LATERAL_TRANSITION,4,True,TEMPLATE_OR_TRANSITION_SELECTION,48,4,4,0,4,0,4,1,RIGHT,True,RIGHT,-0.52524484262271609,-0.59516322841514402,0.51458109301505117,0.49716841625749453,0.0356138040182414,0.00061037850722193282,0.082737027955280484,0.009366628997668158,raw subprocess wall; harness validates before offline digest dedup
DVE001,H4B_GEOMETRY_LATERAL_TRANSITION,8,True,TEMPLATE_OR_TRANSITION_SELECTION,48,8,8,0,8,0,8,1,RIGHT,True,RIGHT,-0.52524484262271609,-0.59516322841514402,0.51458109301505117,0.49716841625749453,0.0356138040182414,0.00061037850722193282,0.082737027955280484,0.005941990999417612,raw subprocess wall; harness validates before offline digest dedup
DVE001,H4B_GEOMETRY_LATERAL_TRANSITION,12,True,TEMPLATE_OR_TRANSITION_SELECTION,48,12,12,0,12,0,12,4,RIGHT,True,RIGHT,-0.52524484262271609,-0.59516322841514402,0.51458109301505117,0.49716841625749453,0.0356138040182414,0.00061037850722193282,0.082737027955280484,0.00464969399763504,raw subprocess wall; harness validates before offline digest dedup
DVE001,H4B_GEOMETRY_LATERAL_TRANSITION,16,True,TEMPLATE_OR_TRANSITION_SELECTION,48,16,16,0,16,0,16,4,RIGHT,True,RIGHT,-0.52524484262271609,-0.59516322841514402,0.51458109301505117,0.49716841625749453,0.0356138040182414,0.00061037850722193282,0.082737027955280484,0.00627528399854782,raw subprocess wall; harness validates before offline digest dedup
DVE001,H4B_GEOMETRY_LATERAL_TRANSITION,24,True,TEMPLATE_OR_TRANSITION_SELECTION,48,24,24,0,24,0,24,7,RIGHT,True,RIGHT,-0.47180573094231487,-0.59516322841514402,0.71366941165554731,0.49716841625749453,0.031669296727203942,0.0065669790498295369,0.04750394509080591,0.0054919760004850104,raw subprocess wall; harness validates before offline digest dedup
DVE002,H3_FIXED_BOUNDED,4,True,OTHER,38,4,4,0,4,1,3,0,,False,,,,,,,,,0.004240807000314817,raw subprocess wall; harness validates before offline digest dedup
DVE002,H3_FIXED_BOUNDED,8,True,OTHER,38,8,8,0,8,3,5,0,,False,,,,,,,,,0.003884587000356987,raw subprocess wall; harness validates before offline digest dedup
DVE002,H3_FIXED_BOUNDED,12,True,OTHER,38,12,10,2,10,5,5,0,,False,,,,,,,,,0.0038382579987228382,raw subprocess wall; harness validates before offline digest dedup
DVE002,H3_FIXED_BOUNDED,16,True,OTHER,38,16,12,4,12,5,7,0,,False,,,,,,,,,0.007443447000696324,raw subprocess wall; harness validates before offline digest dedup
DVE002,H3_FIXED_BOUNDED,24,True,OTHER,38,24,16,8,16,8,8,0,,False,,,,,,,,,0.013528807001421228,raw subprocess wall; harness validates before offline digest dedup
DVE002,H4A_GEOMETRY_TRANSITION,4,True,OTHER,38,4,4,0,4,0,4,0,,False,,,,,,,,,0.008817718000500463,raw subprocess wall; harness validates before offline digest dedup
DVE002,H4A_GEOMETRY_TRANSITION,8,True,OTHER,38,8,7,1,7,0,7,0,,False,,,,,,,,,0.006425560997740831,raw subprocess wall; harness validates before offline digest dedup
DVE002,H4A_GEOMETRY_TRANSITION,12,True,OTHER,38,12,8,4,8,0,8,0,,False,,,,,,,,,0.008238025002356153,raw subprocess wall; harness validates before offline digest dedup
DVE002,H4A_GEOMETRY_TRANSITION,16,True,OTHER,38,16,10,6,10,1,9,0,,False,,,,,,,,,0.013267111000459408,raw subprocess wall; harness validates before offline digest dedup
DVE002,H4A_GEOMETRY_TRANSITION,24,True,OTHER,38,24,14,10,14,5,9,0,,False,,,,,,,,,0.012978233000467299,raw subprocess wall; harness validates before offline digest dedup
DVE002,H4B_GEOMETRY_LATERAL_TRANSITION,4,True,OTHER,38,4,4,0,4,0,4,0,,False,,,,,,,,,0.00859950099766138,raw subprocess wall; harness validates before offline digest dedup
DVE002,H4B_GEOMETRY_LATERAL_TRANSITION,8,True,OTHER,38,8,5,3,5,0,5,0,,False,,,,,,,,,0.00891975999911665,raw subprocess wall; harness validates before offline digest dedup
DVE002,H4B_GEOMETRY_LATERAL_TRANSITION,12,True,OTHER,38,12,8,4,8,0,8,0,,False,,,,,,,,,0.004450137999810977,raw subprocess wall; harness validates before offline digest dedup
DVE002,H4B_GEOMETRY_LATERAL_TRANSITION,16,True,OTHER,38,16,8,8,8,0,8,0,,False,,,,,,,,,0.0067247900005895644,raw subprocess wall; harness validates before offline digest dedup
DVE002,H4B_GEOMETRY_LATERAL_TRANSITION,24,True,OTHER,38,24,14,10,14,5,9,0,,False,,,,,,,,,0.004585103000863455,raw subprocess wall; harness validates before offline digest dedup
DVE003,H3_FIXED_BOUNDED,4,False,NOT_APPLICABLE_NO_ORACLE_VALID,45,4,4,0,4,0,4,0,,False,,,,,,,,,0.005406476000644034,raw subprocess wall; harness validates before offline digest dedup
DVE003,H3_FIXED_BOUNDED,8,False,NOT_APPLICABLE_NO_ORACLE_VALID,45,8,8,0,8,0,8,0,,False,,,,,,,,,0.003657487999589648,raw subprocess wall; harness validates before offline digest dedup
DVE003,H3_FIXED_BOUNDED,12,False,NOT_APPLICABLE_NO_ORACLE_VALID,45,12,12,0,12,0,12,0,,False,,,,,,,,,0.005498973001522245,raw subprocess wall; harness validates before offline digest dedup
DVE003,H3_FIXED_BOUNDED,16,False,NOT_APPLICABLE_NO_ORACLE_VALID,45,16,16,0,16,0,16,0,,False,,,,,,,,,0.00471472700155573,raw subprocess wall; harness validates before offline digest dedup
DVE003,H3_FIXED_BOUNDED,24,False,NOT_APPLICABLE_NO_ORACLE_VALID,45,24,24,0,24,0,24,0,,False,,,,,,,,,0.005338531998859253,raw subprocess wall; harness validates before offline digest dedup
DVE003,H4A_GEOMETRY_TRANSITION,4,False,NOT_APPLICABLE_NO_ORACLE_VALID,45,4,4,0,4,0,4,0,,False,,,,,,,,,0.006829789002949838,raw subprocess wall; harness validates before offline digest dedup
DVE003,H4A_GEOMETRY_TRANSITION,8,False,NOT_APPLICABLE_NO_ORACLE_VALID,45,8,8,0,8,0,8,0,,False,,,,,,,,,0.00857600699964678,raw subprocess wall; harness validates before offline digest dedup
DVE003,H4A_GEOMETRY_TRANSITION,12,False,NOT_APPLICABLE_NO_ORACLE_VALID,45,12,12,0,12,0,12,0,,False,,,,,,,,,0.0053760959999635816,raw subprocess wall; harness validates before offline digest dedup
DVE003,H4A_GEOMETRY_TRANSITION,16,False,NOT_APPLICABLE_NO_ORACLE_VALID,45,16,16,0,16,0,16,0,,False,,,,,,,,,0.004001309000159381,raw subprocess wall; harness validates before offline digest dedup
DVE003,H4A_GEOMETRY_TRANSITION,24,False,NOT_APPLICABLE_NO_ORACLE_VALID,45,24,24,0,24,0,24,0,,False,,,,,,,,,0.0057122939979308285,raw subprocess wall; harness validates before offline digest dedup
DVE003,H4B_GEOMETRY_LATERAL_TRANSITION,4,False,NOT_APPLICABLE_NO_ORACLE_VALID,45,4,4,0,4,0,4,0,,False,,,,,,,,,0.004531814000074519,raw subprocess wall; harness validates before offline digest dedup
DVE003,H4B_GEOMETRY_LATERAL_TRANSITION,8,False,NOT_APPLICABLE_NO_ORACLE_VALID,45,8,8,0,8,0,8,0,,False,,,,,,,,,0.004755480000312673,raw subprocess wall; harness validates before offline digest dedup
DVE003,H4B_GEOMETRY_LATERAL_TRANSITION,12,False,NOT_APPLICABLE_NO_ORACLE_VALID,45,12,12,0,12,0,12,0,,False,,,,,,,,,0.0049470970006950665,raw subprocess wall; harness validates before offline digest dedup
DVE003,H4B_GEOMETRY_LATERAL_TRANSITION,16,False,NOT_APPLICABLE_NO_ORACLE_VALID,45,16,16,0,16,0,16,0,,False,,,,,,,,,0.005765328001871239,raw subprocess wall; harness validates before offline digest dedup
DVE003,H4B_GEOMETRY_LATERAL_TRANSITION,24,False,NOT_APPLICABLE_NO_ORACLE_VALID,45,24,24,0,24,0,24,0,,False,,,,,,,,,0.004705172999820206,raw subprocess wall; harness validates before offline digest dedup
DVE004,H3_FIXED_BOUNDED,4,True,D_PROBE_DOMINANT,23,4,2,2,2,0,2,1,LEFT,True,LEFT,0.14999999999999999,0.14999999999999999,1.310934367577036,6.6778298962198157,-0.069340380086805542,0.41449329509706651,-0.10401057013020831,0.006243530002393527,raw subprocess wall; harness validates before offline digest dedup
DVE004,H3_FIXED_BOUNDED,8,True,D_PROBE_DOMINANT,23,8,4,4,4,0,4,1,LEFT,True,LEFT,0.14999999999999999,0.14999999999999999,1.310934367577036,6.6778298962198157,-0.069340380086805542,0.41449329509706651,-0.10401057013020831,0.00723822199870483,raw subprocess wall; harness validates before offline digest dedup
DVE004,H3_FIXED_BOUNDED,12,True,D_PROBE_DOMINANT,23,12,5,7,5,0,5,1,LEFT,True,LEFT,0.14999999999999999,0.14999999999999999,1.310934367577036,6.6778298962198157,-0.069340380086805542,0.41449329509706651,-0.10401057013020831,0.007398950998322107,raw subprocess wall; harness validates before offline digest dedup
DVE004,H3_FIXED_BOUNDED,16,True,D_PROBE_DOMINANT,23,16,5,11,5,0,5,1,LEFT,True,LEFT,0.14999999999999999,0.14999999999999999,1.310934367577036,6.6778298962198157,-0.069340380086805542,0.41449329509706651,-0.10401057013020831,0.00837035500080674,raw subprocess wall; harness validates before offline digest dedup
DVE004,H3_FIXED_BOUNDED,24,True,D_PROBE_DOMINANT,23,23,5,18,5,0,5,1,LEFT,True,LEFT,0.14999999999999999,0.14999999999999999,1.310934367577036,6.6778298962198157,-0.069340380086805542,0.41449329509706651,-0.10401057013020831,0.007358759001363069,raw subprocess wall; harness validates before offline digest dedup
DVE004,H4A_GEOMETRY_TRANSITION,4,True,D_PROBE_DOMINANT,23,4,2,2,2,0,2,1,LEFT,True,LEFT,0.14999999999999999,0.14999999999999999,1.310934367577036,6.6778298962198157,-0.069340380086805542,0.41449329509706651,-0.10401057013020831,0.007615522998094093,raw subprocess wall; harness validates before offline digest dedup
DVE004,H4A_GEOMETRY_TRANSITION,8,True,D_PROBE_DOMINANT,23,8,4,4,4,0,4,1,LEFT,True,LEFT,0.14999999999999999,0.14999999999999999,1.310934367577036,6.6778298962198157,-0.069340380086805542,0.41449329509706651,-0.10401057013020831,0.011191581997991307,raw subprocess wall; harness validates before offline digest dedup
DVE004,H4A_GEOMETRY_TRANSITION,12,True,D_PROBE_DOMINANT,23,12,5,7,5,0,5,1,LEFT,True,LEFT,0.14999999999999999,0.14999999999999999,1.310934367577036,6.6778298962198157,-0.069340380086805542,0.41449329509706651,-0.10401057013020831,0.008737408999877516,raw subprocess wall; harness validates before offline digest dedup
DVE004,H4A_GEOMETRY_TRANSITION,16,True,D_PROBE_DOMINANT,23,16,5,11,5,0,5,1,LEFT,True,LEFT,0.14999999999999999,0.14999999999999999,1.310934367577036,6.6778298962198157,-0.069340380086805542,0.41449329509706651,-0.10401057013020831,0.014373841000633547,raw subprocess wall; harness validates before offline digest dedup
DVE004,H4A_GEOMETRY_TRANSITION,24,True,D_PROBE_DOMINANT,23,23,5,18,5,0,5,1,LEFT,True,LEFT,0.14999999999999999,0.14999999999999999,1.310934367577036,6.6778298962198157,-0.069340380086805542,0.41449329509706651,-0.10401057013020831,0.016893742998945527,raw subprocess wall; harness validates before offline digest dedup
DVE004,H4B_GEOMETRY_LATERAL_TRANSITION,4,True,D_PROBE_DOMINANT,23,4,2,2,2,0,2,1,LEFT,True,LEFT,0.14999999999999999,0.14999999999999999,1.310934367577036,6.6778298962198157,-0.069340380086805542,0.41449329509706651,-0.10401057013020831,0.011125599998194957,raw subprocess wall; harness validates before offline digest dedup
DVE004,H4B_GEOMETRY_LATERAL_TRANSITION,8,True,D_PROBE_DOMINANT,23,8,4,4,4,0,4,1,LEFT,True,LEFT,0.14999999999999999,0.14999999999999999,1.310934367577036,6.6778298962198157,-0.069340380086805542,0.41449329509706651,-0.10401057013020831,0.013987055001052795,raw subprocess wall; harness validates before offline digest dedup
DVE004,H4B_GEOMETRY_LATERAL_TRANSITION,12,True,D_PROBE_DOMINANT,23,12,5,7,5,0,5,1,LEFT,True,LEFT,0.14999999999999999,0.14999999999999999,1.310934367577036,6.6778298962198157,-0.069340380086805542,0.41449329509706651,-0.10401057013020831,0.017647507000219775,raw subprocess wall; harness validates before offline digest dedup
DVE004,H4B_GEOMETRY_LATERAL_TRANSITION,16,True,D_PROBE_DOMINANT,23,16,5,11,5,0,5,1,LEFT,True,LEFT,0.14999999999999999,0.14999999999999999,1.310934367577036,6.6778298962198157,-0.069340380086805542,0.41449329509706651,-0.10401057013020831,0.017907247001858195,raw subprocess wall; harness validates before offline digest dedup
DVE004,H4B_GEOMETRY_LATERAL_TRANSITION,24,True,D_PROBE_DOMINANT,23,23,5,18,5,0,5,1,LEFT,True,LEFT,0.14999999999999999,0.14999999999999999,1.310934367577036,6.6778298962198157,-0.069340380086805542,0.41449329509706651,-0.10401057013020831,0.019662686998344725,raw subprocess wall; harness validates before offline digest dedup
DVE005,H3_FIXED_BOUNDED,4,True,D_PROBE_DOMINANT,149,4,4,0,4,0,4,0,,False,,,,,,,,,0.015923261998977978,raw subprocess wall; harness validates before offline digest dedup
DVE005,H3_FIXED_BOUNDED,8,True,D_PROBE_DOMINANT,149,8,8,0,8,0,8,0,,False,,,,,,,,,0.010863344999961555,raw subprocess wall; harness validates before offline digest dedup
DVE005,H3_FIXED_BOUNDED,12,True,D_PROBE_DOMINANT,149,12,12,0,12,0,12,0,,False,,,,,,,,,0.01874411500102724,raw subprocess wall; harness validates before offline digest dedup
DVE005,H3_FIXED_BOUNDED,16,True,D_PROBE_DOMINANT,149,16,16,0,16,0,16,0,,False,,,,,,,,,0.01886942900091526,raw subprocess wall; harness validates before offline digest dedup
DVE005,H3_FIXED_BOUNDED,24,True,D_PROBE_DOMINANT,149,24,21,3,21,0,21,0,,False,,,,,,,,,0.015440372000739444,raw subprocess wall; harness validates before offline digest dedup
DVE005,H4A_GEOMETRY_TRANSITION,4,True,D_PROBE_DOMINANT,149,4,3,1,3,0,3,0,,False,,,,,,,,,0.015561562999209855,raw subprocess wall; harness validates before offline digest dedup
DVE005,H4A_GEOMETRY_TRANSITION,8,True,D_PROBE_DOMINANT,149,8,6,2,6,0,6,0,,False,,,,,,,,,0.017894000000524102,raw subprocess wall; harness validates before offline digest dedup
DVE005,H4A_GEOMETRY_TRANSITION,12,True,D_PROBE_DOMINANT,149,12,8,4,8,0,8,0,,False,,,,,,,,,0.012461913996958174,raw subprocess wall; harness validates before offline digest dedup
DVE005,H4A_GEOMETRY_TRANSITION,16,True,D_PROBE_DOMINANT,149,16,9,7,9,0,9,0,,False,,,,,,,,,0.01708333200076595,raw subprocess wall; harness validates before offline digest dedup
DVE005,H4A_GEOMETRY_TRANSITION,24,True,D_PROBE_DOMINANT,149,24,14,10,14,0,14,0,,False,,,,,,,,,0.017226831001607934,raw subprocess wall; harness validates before offline digest dedup
DVE005,H4B_GEOMETRY_LATERAL_TRANSITION,4,True,D_PROBE_DOMINANT,149,4,2,2,2,0,2,0,,False,,,,,,,,,0.010789857999043306,raw subprocess wall; harness validates before offline digest dedup
DVE005,H4B_GEOMETRY_LATERAL_TRANSITION,8,True,D_PROBE_DOMINANT,149,8,4,4,4,0,4,0,,False,,,,,,,,,0.009576127002219437,raw subprocess wall; harness validates before offline digest dedup
DVE005,H4B_GEOMETRY_LATERAL_TRANSITION,12,True,D_PROBE_DOMINANT,149,12,5,7,5,0,5,0,,False,,,,,,,,,0.013127511003403924,raw subprocess wall; harness validates before offline digest dedup
DVE005,H4B_GEOMETRY_LATERAL_TRANSITION,16,True,D_PROBE_DOMINANT,149,16,7,9,7,0,7,0,,False,,,,,,,,,0.01842106100230012,raw subprocess wall; harness validates before offline digest dedup
DVE005,H4B_GEOMETRY_LATERAL_TRANSITION,24,True,D_PROBE_DOMINANT,149,24,9,15,9,0,9,0,,False,,,,,,,,,0.019230713998695137,raw subprocess wall; harness validates before offline digest dedup
DVE006,H3_FIXED_BOUNDED,4,True,TEMPLATE_OR_TRANSITION_SELECTION,44,4,4,0,4,0,4,0,,False,,,,,,,,,0.009523888998955954,raw subprocess wall; harness validates before offline digest dedup
DVE006,H3_FIXED_BOUNDED,8,True,TEMPLATE_OR_TRANSITION_SELECTION,44,8,8,0,8,0,8,1,LEFT,True,LEFT,0.2556212597886835,0.2556212597886835,0.51458109301505117,0.49716841625749453,-0.096959761693984223,0.54628474905640578,-0.14543964254097633,0.010258752001391258,raw subprocess wall; harness validates before offline digest dedup
DVE006,H3_FIXED_BOUNDED,12,True,TEMPLATE_OR_TRANSITION_SELECTION,44,12,12,0,12,0,12,2,LEFT,True,LEFT,0.2556212597886835,0.2556212597886835,0.51458109301505117,0.49716841625749453,-0.096959761693984223,0.54628474905640578,-0.14543964254097633,0.011498235999169992,raw subprocess wall; harness validates before offline digest dedup
DVE006,H3_FIXED_BOUNDED,16,True,TEMPLATE_OR_TRANSITION_SELECTION,44,16,16,0,16,0,16,2,LEFT,True,LEFT,0.2556212597886835,0.2556212597886835,0.51458109301505117,0.49716841625749453,-0.096959761693984223,0.54628474905640578,-0.14543964254097633,0.016500239999004407,raw subprocess wall; harness validates before offline digest dedup
DVE006,H3_FIXED_BOUNDED,24,True,TEMPLATE_OR_TRANSITION_SELECTION,44,24,23,1,23,0,23,2,LEFT,True,LEFT,0.2556212597886835,0.2556212597886835,0.51458109301505117,0.49716841625749453,-0.096959761693984223,0.54628474905640578,-0.14543964254097633,0.011617347001447342,raw subprocess wall; harness validates before offline digest dedup
DVE006,H4A_GEOMETRY_TRANSITION,4,True,TEMPLATE_OR_TRANSITION_SELECTION,44,4,4,0,4,0,4,0,,False,,,,,,,,,0.004784237000421854,raw subprocess wall; harness validates before offline digest dedup
DVE006,H4A_GEOMETRY_TRANSITION,8,True,TEMPLATE_OR_TRANSITION_SELECTION,44,8,8,0,8,0,8,1,LEFT,True,LEFT,0.2556212597886835,0.2556212597886835,0.71366941165554731,0.49716841625749453,-0.096959761693984223,0.54628474905640578,-0.14543964254097633,0.005076448000181699,raw subprocess wall; harness validates before offline digest dedup
DVE006,H4A_GEOMETRY_TRANSITION,12,True,TEMPLATE_OR_TRANSITION_SELECTION,44,12,12,0,12,0,12,1,LEFT,True,LEFT,0.2556212597886835,0.2556212597886835,0.71366941165554731,0.49716841625749453,-0.096959761693984223,0.54628474905640578,-0.14543964254097633,0.007207079997897381,raw subprocess wall; harness validates before offline digest dedup
DVE006,H4A_GEOMETRY_TRANSITION,16,True,TEMPLATE_OR_TRANSITION_SELECTION,44,16,14,2,14,0,14,1,LEFT,True,LEFT,0.2556212597886835,0.2556212597886835,0.71366941165554731,0.49716841625749453,-0.096959761693984223,0.54628474905640578,-0.14543964254097633,0.01127896499747294,raw subprocess wall; harness validates before offline digest dedup
DVE006,H4A_GEOMETRY_TRANSITION,24,True,TEMPLATE_OR_TRANSITION_SELECTION,44,24,20,4,20,0,20,1,LEFT,True,LEFT,0.2556212597886835,0.2556212597886835,0.71366941165554731,0.49716841625749453,-0.096959761693984223,0.54628474905640578,-0.14543964254097633,0.0057345929999428336,raw subprocess wall; harness validates before offline digest dedup
DVE006,H4B_GEOMETRY_LATERAL_TRANSITION,4,True,TEMPLATE_OR_TRANSITION_SELECTION,44,4,4,0,4,0,4,0,,False,,,,,,,,,0.0037881790012761485,raw subprocess wall; harness validates before offline digest dedup
DVE006,H4B_GEOMETRY_LATERAL_TRANSITION,8,True,TEMPLATE_OR_TRANSITION_SELECTION,44,8,8,0,8,0,8,1,LEFT,True,LEFT,0.2556212597886835,0.2556212597886835,0.71366941165554731,0.49716841625749453,-0.096959761693984223,0.54628474905640578,-0.14543964254097633,0.005150785997102503,raw subprocess wall; harness validates before offline digest dedup
DVE006,H4B_GEOMETRY_LATERAL_TRANSITION,12,True,TEMPLATE_OR_TRANSITION_SELECTION,44,12,12,0,12,0,12,1,LEFT,True,LEFT,0.2556212597886835,0.2556212597886835,0.71366941165554731,0.49716841625749453,-0.096959761693984223,0.54628474905640578,-0.14543964254097633,0.005690606001735432,raw subprocess wall; harness validates before offline digest dedup
DVE006,H4B_GEOMETRY_LATERAL_TRANSITION,16,True,TEMPLATE_OR_TRANSITION_SELECTION,44,16,16,0,16,0,16,1,LEFT,True,LEFT,0.2556212597886835,0.2556212597886835,0.71366941165554731,0.49716841625749453,-0.096959761693984223,0.54628474905640578,-0.14543964254097633,0.00606474099913612,raw subprocess wall; harness validates before offline digest dedup
DVE006,H4B_GEOMETRY_LATERAL_TRANSITION,24,True,TEMPLATE_OR_TRANSITION_SELECTION,44,24,19,5,19,0,19,1,LEFT,True,LEFT,0.2556212597886835,0.2556212597886835,0.71366941165554731,0.49716841625749453,-0.096959761693984223,0.54628474905640578,-0.14543964254097633,0.007217966998723568,raw subprocess wall; harness validates before offline digest dedup
DVE007,H3_FIXED_BOUNDED,4,True,OTHER,23,4,3,1,3,0,3,1,RIGHT,True,RIGHT,-0.22759675466956231,-0.22759675466956231,1.310934367577036,7.3975462023963852,-0.47440252329842242,0.2955118032347383,-0.71160378494763366,0.011106598998594563,raw subprocess wall; harness validates before offline digest dedup
DVE007,H3_FIXED_BOUNDED,8,True,OTHER,23,8,4,4,4,0,4,1,RIGHT,True,RIGHT,-0.22759675466956231,-0.22759675466956231,1.310934367577036,7.3975462023963852,-0.47440252329842242,0.2955118032347383,-0.71160378494763366,0.011684588000207441,raw subprocess wall; harness validates before offline digest dedup
DVE007,H3_FIXED_BOUNDED,12,True,OTHER,23,12,5,7,5,0,5,1,RIGHT,True,RIGHT,-0.22759675466956231,-0.22759675466956231,1.310934367577036,7.3975462023963852,-0.47440252329842242,0.2955118032347383,-0.71160378494763366,0.010748454998974921,raw subprocess wall; harness validates before offline digest dedup
DVE007,H3_FIXED_BOUNDED,16,True,OTHER,23,16,5,11,5,0,5,1,RIGHT,True,RIGHT,-0.22759675466956231,-0.22759675466956231,1.310934367577036,7.3975462023963852,-0.47440252329842242,0.2955118032347383,-0.71160378494763366,0.008821808998618508,raw subprocess wall; harness validates before offline digest dedup
DVE007,H3_FIXED_BOUNDED,24,True,OTHER,23,23,5,18,5,0,5,1,RIGHT,True,RIGHT,-0.22759675466956231,-0.22759675466956231,1.310934367577036,7.3975462023963852,-0.47440252329842242,0.2955118032347383,-0.71160378494763366,0.013467229997331742,raw subprocess wall; harness validates before offline digest dedup
DVE007,H4A_GEOMETRY_TRANSITION,4,True,OTHER,23,4,3,1,3,0,3,1,RIGHT,True,RIGHT,-0.22759675466956231,-0.22759675466956231,1.310934367577036,7.3975462023963852,-0.47440252329842242,0.2955118032347383,-0.71160378494763366,0.011437077999289613,raw subprocess wall; harness validates before offline digest dedup
DVE007,H4A_GEOMETRY_TRANSITION,8,True,OTHER,23,8,4,4,4,0,4,1,RIGHT,True,RIGHT,-0.22759675466956231,-0.22759675466956231,1.310934367577036,7.3975462023963852,-0.47440252329842242,0.2955118032347383,-0.71160378494763366,0.014934852999431314,raw subprocess wall; harness validates before offline digest dedup
DVE007,H4A_GEOMETRY_TRANSITION,12,True,OTHER,23,12,5,7,5,0,5,1,RIGHT,True,RIGHT,-0.22759675466956231,-0.22759675466956231,1.310934367577036,7.3975462023963852,-0.47440252329842242,0.2955118032347383,-0.71160378494763366,0.008759164997172775,raw subprocess wall; harness validates before offline digest dedup
DVE007,H4A_GEOMETRY_TRANSITION,16,True,OTHER,23,16,5,11,5,0,5,1,RIGHT,True,RIGHT,-0.22759675466956231,-0.22759675466956231,1.310934367577036,7.3975462023963852,-0.47440252329842242,0.2955118032347383,-0.71160378494763366,0.01137382799788611,raw subprocess wall; harness validates before offline digest dedup
DVE007,H4A_GEOMETRY_TRANSITION,24,True,OTHER,23,23,5,18,5,0,5,1,RIGHT,True,RIGHT,-0.22759675466956231,-0.22759675466956231,1.310934367577036,7.3975462023963852,-0.47440252329842242,0.2955118032347383,-0.71160378494763366,0.014781493999180384,raw subprocess wall; harness validates before offline digest dedup
DVE007,H4B_GEOMETRY_LATERAL_TRANSITION,4,True,OTHER,23,4,2,2,2,0,2,1,RIGHT,True,RIGHT,-0.22759675466956231,-0.22759675466956231,1.310934367577036,7.3975462023963852,-0.47440252329842242,0.2955118032347383,-0.71160378494763366,0.011453200997493695,raw subprocess wall; harness validates before offline digest dedup
DVE007,H4B_GEOMETRY_LATERAL_TRANSITION,8,True,OTHER,23,8,4,4,4,0,4,1,RIGHT,True,RIGHT,-0.22759675466956231,-0.22759675466956231,1.310934367577036,7.3975462023963852,-0.47440252329842242,0.2955118032347383,-0.71160378494763366,0.012525105001259362,raw subprocess wall; harness validates before offline digest dedup
DVE007,H4B_GEOMETRY_LATERAL_TRANSITION,12,True,OTHER,23,12,5,7,5,0,5,1,RIGHT,True,RIGHT,-0.22759675466956231,-0.22759675466956231,1.310934367577036,7.3975462023963852,-0.47440252329842242,0.2955118032347383,-0.71160378494763366,0.014403197001229273,raw subprocess wall; harness validates before offline digest dedup
DVE007,H4B_GEOMETRY_LATERAL_TRANSITION,16,True,OTHER,23,16,5,11,5,0,5,1,RIGHT,True,RIGHT,-0.22759675466956231,-0.22759675466956231,1.310934367577036,7.3975462023963852,-0.47440252329842242,0.2955118032347383,-0.71160378494763366,0.014715856003022054,raw subprocess wall; harness validates before offline digest dedup
DVE007,H4B_GEOMETRY_LATERAL_TRANSITION,24,True,OTHER,23,23,5,18,5,0,5,1,RIGHT,True,RIGHT,-0.22759675466956231,-0.22759675466956231,1.310934367577036,7.3975462023963852,-0.47440252329842242,0.2955118032347383,-0.71160378494763366,0.016913504998228746,raw subprocess wall; harness validates before offline digest dedup
DVE008,H3_FIXED_BOUNDED,4,False,NOT_APPLICABLE_NO_ORACLE_VALID,34,4,3,1,3,1,2,0,,False,,,,,,,,,0.01109800500125857,raw subprocess wall; harness validates before offline digest dedup
DVE008,H3_FIXED_BOUNDED,8,False,NOT_APPLICABLE_NO_ORACLE_VALID,34,8,5,3,5,2,3,0,,False,,,,,,,,,0.012192890000733314,raw subprocess wall; harness validates before offline digest dedup
DVE008,H3_FIXED_BOUNDED,12,False,NOT_APPLICABLE_NO_ORACLE_VALID,34,12,6,6,6,3,3,0,,False,,,,,,,,,0.011695333996613044,raw subprocess wall; harness validates before offline digest dedup
DVE008,H3_FIXED_BOUNDED,16,False,NOT_APPLICABLE_NO_ORACLE_VALID,34,16,8,8,8,4,4,0,,False,,,,,,,,,0.011309068999253213,raw subprocess wall; harness validates before offline digest dedup
DVE008,H3_FIXED_BOUNDED,24,False,NOT_APPLICABLE_NO_ORACLE_VALID,34,24,8,16,8,4,4,0,,False,,,,,,,,,0.012943647998326924,raw subprocess wall; harness validates before offline digest dedup
DVE008,H4A_GEOMETRY_TRANSITION,4,False,NOT_APPLICABLE_NO_ORACLE_VALID,34,4,3,1,3,0,3,0,,False,,,,,,,,,0.011185428997123381,raw subprocess wall; harness validates before offline digest dedup
DVE008,H4A_GEOMETRY_TRANSITION,8,False,NOT_APPLICABLE_NO_ORACLE_VALID,34,8,4,4,4,0,4,0,,False,,,,,,,,,0.009731750000355532,raw subprocess wall; harness validates before offline digest dedup
DVE008,H4A_GEOMETRY_TRANSITION,12,False,NOT_APPLICABLE_NO_ORACLE_VALID,34,12,5,7,5,1,4,0,,False,,,,,,,,,0.012201223002193728,raw subprocess wall; harness validates before offline digest dedup
DVE008,H4A_GEOMETRY_TRANSITION,16,False,NOT_APPLICABLE_NO_ORACLE_VALID,34,16,5,11,5,1,4,0,,False,,,,,,,,,0.01248543499968946,raw subprocess wall; harness validates before offline digest dedup
DVE008,H4A_GEOMETRY_TRANSITION,24,False,NOT_APPLICABLE_NO_ORACLE_VALID,34,24,8,16,8,4,4,0,,False,,,,,,,,,0.008251726001617499,raw subprocess wall; harness validates before offline digest dedup
DVE008,H4B_GEOMETRY_LATERAL_TRANSITION,4,False,NOT_APPLICABLE_NO_ORACLE_VALID,34,4,2,2,2,0,2,0,,False,,,,,,,,,0.007091780000337167,raw subprocess wall; harness validates before offline digest dedup
DVE008,H4B_GEOMETRY_LATERAL_TRANSITION,8,False,NOT_APPLICABLE_NO_ORACLE_VALID,34,8,3,5,3,0,3,0,,False,,,,,,,,,0.0049152600004163105,raw subprocess wall; harness validates before offline digest dedup
DVE008,H4B_GEOMETRY_LATERAL_TRANSITION,12,False,NOT_APPLICABLE_NO_ORACLE_VALID,34,12,4,8,4,0,4,0,,False,,,,,,,,,0.004104941999685252,raw subprocess wall; harness validates before offline digest dedup
DVE008,H4B_GEOMETRY_LATERAL_TRANSITION,16,False,NOT_APPLICABLE_NO_ORACLE_VALID,34,16,4,12,4,0,4,0,,False,,,,,,,,,0.005223872998612933,raw subprocess wall; harness validates before offline digest dedup
DVE008,H4B_GEOMETRY_LATERAL_TRANSITION,24,False,NOT_APPLICABLE_NO_ORACLE_VALID,34,24,7,17,7,3,4,0,,False,,,,,,,,,0.005741602999478346,raw subprocess wall; harness validates before offline digest dedup
DVE009,H3_FIXED_BOUNDED,4,False,NOT_APPLICABLE_NO_ORACLE_VALID,90,4,4,0,4,2,2,0,,False,,,,,,,,,0.009475449001911329,raw subprocess wall; harness validates before offline digest dedup
DVE009,H3_FIXED_BOUNDED,8,False,NOT_APPLICABLE_NO_ORACLE_VALID,90,8,8,0,8,2,6,0,,False,,,,,,,,,0.013560202001826838,raw subprocess wall; harness validates before offline digest dedup
DVE009,H3_FIXED_BOUNDED,12,False,NOT_APPLICABLE_NO_ORACLE_VALID,90,12,12,0,12,5,7,0,,False,,,,,,,,,0.013199762001022464,raw subprocess wall; harness validates before offline digest dedup
DVE009,H3_FIXED_BOUNDED,16,False,NOT_APPLICABLE_NO_ORACLE_VALID,90,16,15,1,15,5,10,0,,False,,,,,,,,,0.017747060999681707,raw subprocess wall; harness validates before offline digest dedup
DVE009,H3_FIXED_BOUNDED,24,False,NOT_APPLICABLE_NO_ORACLE_VALID,90,24,22,2,22,8,14,0,,False,,,,,,,,,0.009008787001221208,raw subprocess wall; harness validates before offline digest dedup
DVE009,H4A_GEOMETRY_TRANSITION,4,False,NOT_APPLICABLE_NO_ORACLE_VALID,90,4,4,0,4,1,3,0,,False,,,,,,,,,0.00797240999963833,raw subprocess wall; harness validates before offline digest dedup
DVE009,H4A_GEOMETRY_TRANSITION,8,False,NOT_APPLICABLE_NO_ORACLE_VALID,90,8,8,0,8,2,6,0,,False,,,,,,,,,0.00484055999913835,raw subprocess wall; harness validates before offline digest dedup
DVE009,H4A_GEOMETRY_TRANSITION,12,False,NOT_APPLICABLE_NO_ORACLE_VALID,90,12,12,0,12,2,10,0,,False,,,,,,,,,0.006970288999582408,raw subprocess wall; harness validates before offline digest dedup
DVE009,H4A_GEOMETRY_TRANSITION,16,False,NOT_APPLICABLE_NO_ORACLE_VALID,90,16,15,1,15,4,11,0,,False,,,,,,,,,0.009837744000833482,raw subprocess wall; harness validates before offline digest dedup
DVE009,H4A_GEOMETRY_TRANSITION,24,False,NOT_APPLICABLE_NO_ORACLE_VALID,90,24,21,3,21,5,16,0,,False,,,,,,,,,0.007713364000665024,raw subprocess wall; harness validates before offline digest dedup
DVE009,H4B_GEOMETRY_LATERAL_TRANSITION,4,False,NOT_APPLICABLE_NO_ORACLE_VALID,90,4,4,0,4,0,4,0,,False,,,,,,,,,0.006047440001566429,raw subprocess wall; harness validates before offline digest dedup
DVE009,H4B_GEOMETRY_LATERAL_TRANSITION,8,False,NOT_APPLICABLE_NO_ORACLE_VALID,90,8,7,1,7,0,7,0,,False,,,,,,,,,0.013456557000608882,raw subprocess wall; harness validates before offline digest dedup
DVE009,H4B_GEOMETRY_LATERAL_TRANSITION,12,False,NOT_APPLICABLE_NO_ORACLE_VALID,90,12,11,1,11,2,9,0,,False,,,,,,,,,0.017552549001266016,raw subprocess wall; harness validates before offline digest dedup
DVE009,H4B_GEOMETRY_LATERAL_TRANSITION,16,False,NOT_APPLICABLE_NO_ORACLE_VALID,90,16,15,1,15,3,12,0,,False,,,,,,,,,0.020543742000882048,raw subprocess wall; harness validates before offline digest dedup
DVE009,H4B_GEOMETRY_LATERAL_TRANSITION,24,False,NOT_APPLICABLE_NO_ORACLE_VALID,90,24,18,6,18,5,13,0,,False,,,,,,,,,0.014673859997856198,raw subprocess wall; harness validates before offline digest dedup
DVE010,H3_FIXED_BOUNDED,4,False,NOT_APPLICABLE_NO_ORACLE_VALID,38,4,4,0,4,1,3,0,,False,,,,,,,,,0.006165644001157489,raw subprocess wall; harness validates before offline digest dedup
DVE010,H3_FIXED_BOUNDED,8,False,NOT_APPLICABLE_NO_ORACLE_VALID,38,8,8,0,8,3,5,0,,False,,,,,,,,,0.0073048560007009655,raw subprocess wall; harness validates before offline digest dedup
DVE010,H3_FIXED_BOUNDED,12,False,NOT_APPLICABLE_NO_ORACLE_VALID,38,12,10,2,10,5,5,0,,False,,,,,,,,,0.011899476001417497,raw subprocess wall; harness validates before offline digest dedup
DVE010,H3_FIXED_BOUNDED,16,False,NOT_APPLICABLE_NO_ORACLE_VALID,38,16,12,4,12,5,7,0,,False,,,,,,,,,0.0063084450011956505,raw subprocess wall; harness validates before offline digest dedup
DVE010,H3_FIXED_BOUNDED,24,False,NOT_APPLICABLE_NO_ORACLE_VALID,38,24,16,8,16,8,8,0,,False,,,,,,,,,0.007948122998641338,raw subprocess wall; harness validates before offline digest dedup
DVE010,H4A_GEOMETRY_TRANSITION,4,False,NOT_APPLICABLE_NO_ORACLE_VALID,38,4,4,0,4,0,4,0,,False,,,,,,,,,0.01059727599931648,raw subprocess wall; harness validates before offline digest dedup
DVE010,H4A_GEOMETRY_TRANSITION,8,False,NOT_APPLICABLE_NO_ORACLE_VALID,38,8,7,1,7,0,7,0,,False,,,,,,,,,0.010025925999798346,raw subprocess wall; harness validates before offline digest dedup
DVE010,H4A_GEOMETRY_TRANSITION,12,False,NOT_APPLICABLE_NO_ORACLE_VALID,38,12,8,4,8,0,8,0,,False,,,,,,,,,0.011497745999804465,raw subprocess wall; harness validates before offline digest dedup
DVE010,H4A_GEOMETRY_TRANSITION,16,False,NOT_APPLICABLE_NO_ORACLE_VALID,38,16,10,6,10,1,9,0,,False,,,,,,,,,0.010694684999180026,raw subprocess wall; harness validates before offline digest dedup
DVE010,H4A_GEOMETRY_TRANSITION,24,False,NOT_APPLICABLE_NO_ORACLE_VALID,38,24,14,10,14,5,9,0,,False,,,,,,,,,0.014346560998092173,raw subprocess wall; harness validates before offline digest dedup
DVE010,H4B_GEOMETRY_LATERAL_TRANSITION,4,False,NOT_APPLICABLE_NO_ORACLE_VALID,38,4,4,0,4,0,4,0,,False,,,,,,,,,0.00988813300136826,raw subprocess wall; harness validates before offline digest dedup
DVE010,H4B_GEOMETRY_LATERAL_TRANSITION,8,False,NOT_APPLICABLE_NO_ORACLE_VALID,38,8,5,3,5,0,5,0,,False,,,,,,,,,0.012791157998435665,raw subprocess wall; harness validates before offline digest dedup
DVE010,H4B_GEOMETRY_LATERAL_TRANSITION,12,False,NOT_APPLICABLE_NO_ORACLE_VALID,38,12,7,5,7,0,7,0,,False,,,,,,,,,0.009864228999504121,raw subprocess wall; harness validates before offline digest dedup
DVE010,H4B_GEOMETRY_LATERAL_TRANSITION,16,False,NOT_APPLICABLE_NO_ORACLE_VALID,38,16,8,8,8,0,8,0,,False,,,,,,,,,0.012420490002114093,raw subprocess wall; harness validates before offline digest dedup
DVE010,H4B_GEOMETRY_LATERAL_TRANSITION,24,False,NOT_APPLICABLE_NO_ORACLE_VALID,38,24,14,10,14,5,9,0,,False,,,,,,,,,0.013386416001594625,raw subprocess wall; harness validates before offline digest dedup
DVE011,H3_FIXED_BOUNDED,4,False,NOT_APPLICABLE_NO_ORACLE_VALID,38,4,4,0,4,1,3,0,,False,,,,,,,,,0.015537608000158798,raw subprocess wall; harness validates before offline digest dedup
DVE011,H3_FIXED_BOUNDED,8,False,NOT_APPLICABLE_NO_ORACLE_VALID,38,8,8,0,8,3,5,0,,False,,,,,,,,,0.014347772998007713,raw subprocess wall; harness validates before offline digest dedup
DVE011,H3_FIXED_BOUNDED,12,False,NOT_APPLICABLE_NO_ORACLE_VALID,38,12,10,2,10,5,5,0,,False,,,,,,,,,0.014776408999750856,raw subprocess wall; harness validates before offline digest dedup
DVE011,H3_FIXED_BOUNDED,16,False,NOT_APPLICABLE_NO_ORACLE_VALID,38,16,12,4,12,5,7,0,,False,,,,,,,,,0.017880668998259353,raw subprocess wall; harness validates before offline digest dedup
DVE011,H3_FIXED_BOUNDED,24,False,NOT_APPLICABLE_NO_ORACLE_VALID,38,24,16,8,16,8,8,0,,False,,,,,,,,,0.016804504000901943,raw subprocess wall; harness validates before offline digest dedup
DVE011,H4A_GEOMETRY_TRANSITION,4,False,NOT_APPLICABLE_NO_ORACLE_VALID,38,4,4,0,4,0,4,0,,False,,,,,,,,,0.012951678996614646,raw subprocess wall; harness validates before offline digest dedup
DVE011,H4A_GEOMETRY_TRANSITION,8,False,NOT_APPLICABLE_NO_ORACLE_VALID,38,8,7,1,7,0,7,0,,False,,,,,,,,,0.016319564998411806,raw subprocess wall; harness validates before offline digest dedup
DVE011,H4A_GEOMETRY_TRANSITION,12,False,NOT_APPLICABLE_NO_ORACLE_VALID,38,12,8,4,8,0,8,0,,False,,,,,,,,,0.01455018900014693,raw subprocess wall; harness validates before offline digest dedup
DVE011,H4A_GEOMETRY_TRANSITION,16,False,NOT_APPLICABLE_NO_ORACLE_VALID,38,16,10,6,10,1,9,0,,False,,,,,,,,,0.015397711002151482,raw subprocess wall; harness validates before offline digest dedup
DVE011,H4A_GEOMETRY_TRANSITION,24,False,NOT_APPLICABLE_NO_ORACLE_VALID,38,24,14,10,14,5,9,0,,False,,,,,,,,,0.019212418999813963,raw subprocess wall; harness validates before offline digest dedup
DVE011,H4B_GEOMETRY_LATERAL_TRANSITION,4,False,NOT_APPLICABLE_NO_ORACLE_VALID,38,4,4,0,4,0,4,0,,False,,,,,,,,,0.011204709000594448,raw subprocess wall; harness validates before offline digest dedup
DVE011,H4B_GEOMETRY_LATERAL_TRANSITION,8,False,NOT_APPLICABLE_NO_ORACLE_VALID,38,8,5,3,5,0,5,0,,False,,,,,,,,,0.006949202001123922,raw subprocess wall; harness validates before offline digest dedup
DVE011,H4B_GEOMETRY_LATERAL_TRANSITION,12,False,NOT_APPLICABLE_NO_ORACLE_VALID,38,12,8,4,8,0,8,0,,False,,,,,,,,,0.009345652997581055,raw subprocess wall; harness validates before offline digest dedup
DVE011,H4B_GEOMETRY_LATERAL_TRANSITION,16,False,NOT_APPLICABLE_NO_ORACLE_VALID,38,16,8,8,8,0,8,0,,False,,,,,,,,,0.01261280499966233,raw subprocess wall; harness validates before offline digest dedup
DVE011,H4B_GEOMETRY_LATERAL_TRANSITION,24,False,NOT_APPLICABLE_NO_ORACLE_VALID,38,24,14,10,14,5,9,0,,False,,,,,,,,,0.015820582000742434,raw subprocess wall; harness validates before offline digest dedup
DVE012,H3_FIXED_BOUNDED,4,True,TEMPLATE_OR_TRANSITION_SELECTION,1246,4,4,0,4,0,4,0,,False,,,,,,,,,0.011521800999616971,raw subprocess wall; harness validates before offline digest dedup
DVE012,H3_FIXED_BOUNDED,8,True,TEMPLATE_OR_TRANSITION_SELECTION,1246,8,8,0,8,0,8,0,,False,,,,,,,,,0.017681362998700934,raw subprocess wall; harness validates before offline digest dedup
DVE012,H3_FIXED_BOUNDED,12,True,TEMPLATE_OR_TRANSITION_SELECTION,1246,12,12,0,12,0,12,0,,False,,,,,,,,,0.0212624150008196,raw subprocess wall; harness validates before offline digest dedup
DVE012,H3_FIXED_BOUNDED,16,True,TEMPLATE_OR_TRANSITION_SELECTION,1246,16,16,0,16,0,16,0,,False,,,,,,,,,0.01347004000126617,raw subprocess wall; harness validates before offline digest dedup
DVE012,H3_FIXED_BOUNDED,24,True,TEMPLATE_OR_TRANSITION_SELECTION,1246,24,24,0,24,0,24,0,,False,,,,,,,,,0.014631938000093214,raw subprocess wall; harness validates before offline digest dedup
DVE012,H4A_GEOMETRY_TRANSITION,4,True,TEMPLATE_OR_TRANSITION_SELECTION,1246,4,4,0,4,0,4,0,,False,,,,,,,,,0.017084055001760134,raw subprocess wall; harness validates before offline digest dedup
DVE012,H4A_GEOMETRY_TRANSITION,8,True,TEMPLATE_OR_TRANSITION_SELECTION,1246,8,8,0,8,0,8,0,,False,,,,,,,,,0.018463708001945633,raw subprocess wall; harness validates before offline digest dedup
DVE012,H4A_GEOMETRY_TRANSITION,12,True,TEMPLATE_OR_TRANSITION_SELECTION,1246,12,12,0,12,0,12,0,,False,,,,,,,,,0.020308896000642562,raw subprocess wall; harness validates before offline digest dedup
DVE012,H4A_GEOMETRY_TRANSITION,16,True,TEMPLATE_OR_TRANSITION_SELECTION,1246,16,16,0,16,0,16,0,,False,,,,,,,,,0.01470944600077928,raw subprocess wall; harness validates before offline digest dedup
DVE012,H4A_GEOMETRY_TRANSITION,24,True,TEMPLATE_OR_TRANSITION_SELECTION,1246,24,24,0,24,0,24,2,RIGHT,True,RIGHT,-0.41726642042782042,-0.41726642042782042,1.310934367577036,7.3975462023963852,0.24833333333333332,0.35637235455599287,1.5,0.016243557998677716,raw subprocess wall; harness validates before offline digest dedup
DVE012,H4B_GEOMETRY_LATERAL_TRANSITION,4,True,TEMPLATE_OR_TRANSITION_SELECTION,1246,4,4,0,4,0,4,2,RIGHT,True,RIGHT,-0.41726642042782042,-0.41726642042782042,1.310934367577036,7.3975462023963852,0.24833333333333332,0.35637235455599287,1.5,0.01488662799965823,raw subprocess wall; harness validates before offline digest dedup
DVE012,H4B_GEOMETRY_LATERAL_TRANSITION,8,True,TEMPLATE_OR_TRANSITION_SELECTION,1246,8,7,1,7,0,7,2,RIGHT,True,RIGHT,-0.41726642042782042,-0.41726642042782042,1.310934367577036,7.3975462023963852,0.24833333333333332,0.35637235455599287,1.5,0.015688670999224996,raw subprocess wall; harness validates before offline digest dedup
DVE012,H4B_GEOMETRY_LATERAL_TRANSITION,12,True,TEMPLATE_OR_TRANSITION_SELECTION,1246,12,11,1,11,0,11,2,RIGHT,True,RIGHT,-0.41726642042782042,-0.41726642042782042,1.310934367577036,7.3975462023963852,0.24833333333333332,0.35637235455599287,1.5,0.01979821900022216,raw subprocess wall; harness validates before offline digest dedup
DVE012,H4B_GEOMETRY_LATERAL_TRANSITION,16,True,TEMPLATE_OR_TRANSITION_SELECTION,1246,16,15,1,15,0,15,2,RIGHT,True,RIGHT,-0.41726642042782042,-0.41726642042782042,1.310934367577036,7.3975462023963852,0.24833333333333332,0.35637235455599287,1.5,0.029660483000043314,raw subprocess wall; harness validates before offline digest dedup
DVE012,H4B_GEOMETRY_LATERAL_TRANSITION,24,True,TEMPLATE_OR_TRANSITION_SELECTION,1246,24,23,1,23,0,23,2,RIGHT,True,RIGHT,-0.41726642042782042,-0.41726642042782042,1.310934367577036,7.3975462023963852,0.24833333333333332,0.35637235455599287,1.5,0.025606163002521498,raw subprocess wall; harness validates before offline digest dedup
DVE013,H3_FIXED_BOUNDED,4,False,NOT_APPLICABLE_NO_ORACLE_VALID,82,4,4,0,4,1,3,0,,False,,,,,,,,,0.005921031002799282,raw subprocess wall; harness validates before offline digest dedup
DVE013,H3_FIXED_BOUNDED,8,False,NOT_APPLICABLE_NO_ORACLE_VALID,82,8,7,1,7,3,4,0,,False,,,,,,,,,0.008858508997946046,raw subprocess wall; harness validates before offline digest dedup
DVE013,H3_FIXED_BOUNDED,12,False,NOT_APPLICABLE_NO_ORACLE_VALID,82,12,11,1,11,4,7,0,,False,,,,,,,,,0.012929135002195835,raw subprocess wall; harness validates before offline digest dedup
DVE013,H3_FIXED_BOUNDED,16,False,NOT_APPLICABLE_NO_ORACLE_VALID,82,16,14,2,14,7,7,0,,False,,,,,,,,,0.010812528998940252,raw subprocess wall; harness validates before offline digest dedup
DVE013,H3_FIXED_BOUNDED,24,False,NOT_APPLICABLE_NO_ORACLE_VALID,82,24,19,5,19,8,11,0,,False,,,,,,,,,0.014478932000201894,raw subprocess wall; harness validates before offline digest dedup
DVE013,H4A_GEOMETRY_TRANSITION,4,False,NOT_APPLICABLE_NO_ORACLE_VALID,82,4,4,0,4,0,4,0,,False,,,,,,,,,0.010880587000428932,raw subprocess wall; harness validates before offline digest dedup
DVE013,H4A_GEOMETRY_TRANSITION,8,False,NOT_APPLICABLE_NO_ORACLE_VALID,82,8,7,1,7,0,7,0,,False,,,,,,,,,0.012496980998548679,raw subprocess wall; harness validates before offline digest dedup
DVE013,H4A_GEOMETRY_TRANSITION,12,False,NOT_APPLICABLE_NO_ORACLE_VALID,82,12,9,3,9,0,9,0,,False,,,,,,,,,0.014062032001675107,raw subprocess wall; harness validates before offline digest dedup
DVE013,H4A_GEOMETRY_TRANSITION,16,False,NOT_APPLICABLE_NO_ORACLE_VALID,82,16,12,4,12,0,12,0,,False,,,,,,,,,0.01458423300209688,raw subprocess wall; harness validates before offline digest dedup
DVE013,H4A_GEOMETRY_TRANSITION,24,False,NOT_APPLICABLE_NO_ORACLE_VALID,82,24,15,9,15,0,15,0,,False,,,,,,,,,0.015830224998353515,raw subprocess wall; harness validates before offline digest dedup
DVE013,H4B_GEOMETRY_LATERAL_TRANSITION,4,False,NOT_APPLICABLE_NO_ORACLE_VALID,82,4,0,4,0,0,0,0,,False,,,,,,,,,0.012620968002011068,raw subprocess wall; harness validates before offline digest dedup
DVE013,H4B_GEOMETRY_LATERAL_TRANSITION,8,False,NOT_APPLICABLE_NO_ORACLE_VALID,82,8,1,7,1,0,1,0,,False,,,,,,,,,0.012366629001917318,raw subprocess wall; harness validates before offline digest dedup
DVE013,H4B_GEOMETRY_LATERAL_TRANSITION,12,False,NOT_APPLICABLE_NO_ORACLE_VALID,82,12,2,10,2,0,2,0,,False,,,,,,,,,0.012237696002557641,raw subprocess wall; harness validates before offline digest dedup
DVE013,H4B_GEOMETRY_LATERAL_TRANSITION,16,False,NOT_APPLICABLE_NO_ORACLE_VALID,82,16,4,12,4,0,4,0,,False,,,,,,,,,0.013368199997785268,raw subprocess wall; harness validates before offline digest dedup
DVE013,H4B_GEOMETRY_LATERAL_TRANSITION,24,False,NOT_APPLICABLE_NO_ORACLE_VALID,82,24,10,14,10,0,10,0,,False,,,,,,,,,0.01359251399844652,raw subprocess wall; harness validates before offline digest dedup
DVE014,H3_FIXED_BOUNDED,4,True,D_PROBE_DOMINANT,199,4,4,0,4,0,4,0,,False,,,,,,,,,0.015402408000227297,raw subprocess wall; harness validates before offline digest dedup
DVE014,H3_FIXED_BOUNDED,8,True,D_PROBE_DOMINANT,199,8,8,0,8,2,6,0,,False,,,,,,,,,0.01540825900156051,raw subprocess wall; harness validates before offline digest dedup
DVE014,H3_FIXED_BOUNDED,12,True,D_PROBE_DOMINANT,199,12,12,0,12,3,9,0,,False,,,,,,,,,0.012554382999951486,raw subprocess wall; harness validates before offline digest dedup
DVE014,H3_FIXED_BOUNDED,16,True,D_PROBE_DOMINANT,199,16,16,0,16,3,13,0,,False,,,,,,,,,0.017479232999903616,raw subprocess wall; harness validates before offline digest dedup
DVE014,H3_FIXED_BOUNDED,24,True,D_PROBE_DOMINANT,199,24,24,0,24,4,20,0,,False,,,,,,,,,0.018085422001604456,raw subprocess wall; harness validates before offline digest dedup
DVE014,H4A_GEOMETRY_TRANSITION,4,True,D_PROBE_DOMINANT,199,4,4,0,4,0,4,1,RIGHT,True,RIGHT,-0.37068151566060736,-0.37068151566060736,1.310934367577036,7.3975462023963852,0.010418885059601805,0.35611615163406934,1.5,0.01569025199933094,raw subprocess wall; harness validates before offline digest dedup
DVE014,H4A_GEOMETRY_TRANSITION,8,True,D_PROBE_DOMINANT,199,8,8,0,8,0,8,1,RIGHT,True,RIGHT,-0.37068151566060736,-0.37068151566060736,1.310934367577036,7.3975462023963852,0.010418885059601805,0.35611615163406934,1.5,0.01654549299928476,raw subprocess wall; harness validates before offline digest dedup
DVE014,H4A_GEOMETRY_TRANSITION,12,True,D_PROBE_DOMINANT,199,12,11,1,11,0,11,2,RIGHT,True,RIGHT,-0.37068151566060736,-0.37068151566060736,1.310934367577036,7.3975462023963852,0.010418885059601805,0.35611615163406934,1.5,0.021475899000506615,raw subprocess wall; harness validates before offline digest dedup
DVE014,H4A_GEOMETRY_TRANSITION,16,True,D_PROBE_DOMINANT,199,16,13,3,13,0,13,2,RIGHT,True,RIGHT,-0.37068151566060736,-0.37068151566060736,1.310934367577036,7.3975462023963852,0.010418885059601805,0.35611615163406934,1.5,0.0184202769996773,raw subprocess wall; harness validates before offline digest dedup
DVE014,H4A_GEOMETRY_TRANSITION,24,True,D_PROBE_DOMINANT,199,24,20,4,20,0,20,2,RIGHT,True,RIGHT,-0.37068151566060736,-0.37068151566060736,1.310934367577036,7.3975462023963852,0.010418885059601805,0.35611615163406934,1.5,0.008405261000007158,raw subprocess wall; harness validates before offline digest dedup
DVE014,H4B_GEOMETRY_LATERAL_TRANSITION,4,True,D_PROBE_DOMINANT,199,4,4,0,4,0,4,1,RIGHT,True,RIGHT,-0.37068151566060736,-0.37068151566060736,1.310934367577036,7.3975462023963852,0.010418885059601805,0.35611615163406934,1.5,0.006654093998804456,raw subprocess wall; harness validates before offline digest dedup
DVE014,H4B_GEOMETRY_LATERAL_TRANSITION,8,True,D_PROBE_DOMINANT,199,8,7,1,7,0,7,1,RIGHT,True,RIGHT,-0.37068151566060736,-0.37068151566060736,1.310934367577036,7.3975462023963852,0.010418885059601805,0.35611615163406934,1.5,0.0126269609972951,raw subprocess wall; harness validates before offline digest dedup
DVE014,H4B_GEOMETRY_LATERAL_TRANSITION,12,True,D_PROBE_DOMINANT,199,12,10,2,10,0,10,1,RIGHT,True,RIGHT,-0.37068151566060736,-0.37068151566060736,1.310934367577036,7.3975462023963852,0.010418885059601805,0.35611615163406934,1.5,0.015155043001868762,raw subprocess wall; harness validates before offline digest dedup
DVE014,H4B_GEOMETRY_LATERAL_TRANSITION,16,True,D_PROBE_DOMINANT,199,16,12,4,12,0,12,1,RIGHT,True,RIGHT,-0.37068151566060736,-0.37068151566060736,1.310934367577036,7.3975462023963852,0.010418885059601805,0.35611615163406934,1.5,0.016952023997873766,raw subprocess wall; harness validates before offline digest dedup
DVE014,H4B_GEOMETRY_LATERAL_TRANSITION,24,True,D_PROBE_DOMINANT,199,24,15,9,15,0,15,2,RIGHT,True,RIGHT,-0.37068151566060736,-0.37068151566060736,1.310934367577036,7.3975462023963852,0.010418885059601805,0.35611615163406934,1.5,0.01482842300174525,raw subprocess wall; harness validates before offline digest dedup
DVE015,H3_FIXED_BOUNDED,4,True,TEMPLATE_OR_TRANSITION_SELECTION,34,4,3,1,3,1,2,2,RIGHT,True,RIGHT,-0.34183455689036019,-0.43856573733797,0.51458109301505117,0.49716841625749453,0.059970343874634589,0.15053767827716438,0.089955515811951881,0.005450829998153495,raw subprocess wall; harness validates before offline digest dedup
DVE015,H3_FIXED_BOUNDED,8,True,TEMPLATE_OR_TRANSITION_SELECTION,34,8,5,3,5,2,3,2,RIGHT,True,RIGHT,-0.34183455689036019,-0.43856573733797,0.51458109301505117,0.49716841625749453,0.059970343874634589,0.15053767827716438,0.089955515811951881,0.008224336001148913,raw subprocess wall; harness validates before offline digest dedup
DVE015,H3_FIXED_BOUNDED,12,True,TEMPLATE_OR_TRANSITION_SELECTION,34,12,6,6,6,3,3,2,RIGHT,True,RIGHT,-0.34183455689036019,-0.43856573733797,0.51458109301505117,0.49716841625749453,0.059970343874634589,0.15053767827716438,0.089955515811951881,0.008909989999665413,raw subprocess wall; harness validates before offline digest dedup
DVE015,H3_FIXED_BOUNDED,16,True,TEMPLATE_OR_TRANSITION_SELECTION,34,16,8,8,8,4,4,2,RIGHT,True,RIGHT,-0.34183455689036019,-0.43856573733797,0.51458109301505117,0.49716841625749453,0.059970343874634589,0.15053767827716438,0.089955515811951881,0.008960877999925287,raw subprocess wall; harness validates before offline digest dedup
DVE015,H3_FIXED_BOUNDED,24,True,TEMPLATE_OR_TRANSITION_SELECTION,34,24,8,16,8,4,4,2,RIGHT,True,RIGHT,-0.34183455689036019,-0.43856573733797,0.51458109301505117,0.49716841625749453,0.059970343874634589,0.15053767827716438,0.089955515811951881,0.010967681002512109,raw subprocess wall; harness validates before offline digest dedup
DVE015,H4A_GEOMETRY_TRANSITION,4,True,TEMPLATE_OR_TRANSITION_SELECTION,34,4,3,1,3,0,3,2,RIGHT,True,RIGHT,-0.34183455689036019,-0.43856573733797,0.71366941165554731,0.49716841625749453,0.059970343874634589,0.15053767827716438,0.089955515811951881,0.009182633999444079,raw subprocess wall; harness validates before offline digest dedup
DVE015,H4A_GEOMETRY_TRANSITION,8,True,TEMPLATE_OR_TRANSITION_SELECTION,34,8,4,4,4,0,4,2,RIGHT,True,RIGHT,-0.34183455689036019,-0.43856573733797,0.71366941165554731,0.49716841625749453,0.059970343874634589,0.15053767827716438,0.089955515811951881,0.01077570299821673,raw subprocess wall; harness validates before offline digest dedup
DVE015,H4A_GEOMETRY_TRANSITION,12,True,TEMPLATE_OR_TRANSITION_SELECTION,34,12,5,7,5,1,4,2,RIGHT,True,RIGHT,-0.34183455689036019,-0.43856573733797,0.71366941165554731,0.49716841625749453,0.059970343874634589,0.15053767827716438,0.089955515811951881,0.00983166899823118,raw subprocess wall; harness validates before offline digest dedup
DVE015,H4A_GEOMETRY_TRANSITION,16,True,TEMPLATE_OR_TRANSITION_SELECTION,34,16,5,11,5,1,4,2,RIGHT,True,RIGHT,-0.34183455689036019,-0.43856573733797,0.71366941165554731,0.49716841625749453,0.059970343874634589,0.15053767827716438,0.089955515811951881,0.010721581998950569,raw subprocess wall; harness validates before offline digest dedup
DVE015,H4A_GEOMETRY_TRANSITION,24,True,TEMPLATE_OR_TRANSITION_SELECTION,34,24,8,16,8,4,4,2,RIGHT,True,RIGHT,-0.34183455689036019,-0.43856573733797,0.71366941165554731,0.49716841625749453,0.059970343874634589,0.15053767827716438,0.089955515811951881,0.011468650998722296,raw subprocess wall; harness validates before offline digest dedup
DVE015,H4B_GEOMETRY_LATERAL_TRANSITION,4,True,TEMPLATE_OR_TRANSITION_SELECTION,34,4,2,2,2,0,2,2,RIGHT,True,RIGHT,-0.34183455689036019,-0.43856573733797,0.71366941165554731,0.49716841625749453,0.059970343874634589,0.15053767827716438,0.089955515811951881,0.009363024000776932,raw subprocess wall; harness validates before offline digest dedup
DVE015,H4B_GEOMETRY_LATERAL_TRANSITION,8,True,TEMPLATE_OR_TRANSITION_SELECTION,34,8,3,5,3,0,3,2,RIGHT,True,RIGHT,-0.34183455689036019,-0.43856573733797,0.71366941165554731,0.49716841625749453,0.059970343874634589,0.15053767827716438,0.089955515811951881,0.00937753199832514,raw subprocess wall; harness validates before offline digest dedup
DVE015,H4B_GEOMETRY_LATERAL_TRANSITION,12,True,TEMPLATE_OR_TRANSITION_SELECTION,34,12,4,8,4,0,4,2,RIGHT,True,RIGHT,-0.34183455689036019,-0.43856573733797,0.71366941165554731,0.49716841625749453,0.059970343874634589,0.15053767827716438,0.089955515811951881,0.009685427998192608,raw subprocess wall; harness validates before offline digest dedup
DVE015,H4B_GEOMETRY_LATERAL_TRANSITION,16,True,TEMPLATE_OR_TRANSITION_SELECTION,34,16,4,12,4,0,4,2,RIGHT,True,RIGHT,-0.34183455689036019,-0.43856573733797,0.71366941165554731,0.49716841625749453,0.059970343874634589,0.15053767827716438,0.089955515811951881,0.01068113200017251,raw subprocess wall; harness validates before offline digest dedup
DVE015,H4B_GEOMETRY_LATERAL_TRANSITION,24,True,TEMPLATE_OR_TRANSITION_SELECTION,34,24,7,17,7,3,4,2,RIGHT,True,RIGHT,-0.34183455689036019,-0.43856573733797,0.71366941165554731,0.49716841625749453,0.059970343874634589,0.15053767827716438,0.089955515811951881,0.01112221899893484,raw subprocess wall; harness validates before offline digest dedup
DVE016,H3_FIXED_BOUNDED,4,False,NOT_APPLICABLE_NO_ORACLE_VALID,143,4,4,0,4,1,3,0,,False,,,,,,,,,0.020162761000392493,raw subprocess wall; harness validates before offline digest dedup
DVE016,H3_FIXED_BOUNDED,8,False,NOT_APPLICABLE_NO_ORACLE_VALID,143,8,8,0,8,2,6,0,,False,,,,,,,,,0.02288112500173156,raw subprocess wall; harness validates before offline digest dedup
DVE016,H3_FIXED_BOUNDED,12,False,NOT_APPLICABLE_NO_ORACLE_VALID,143,12,12,0,12,4,8,0,,False,,,,,,,,,0.023698615998000605,raw subprocess wall; harness validates before offline digest dedup
DVE016,H3_FIXED_BOUNDED,16,False,NOT_APPLICABLE_NO_ORACLE_VALID,143,16,16,0,16,5,11,0,,False,,,,,,,,,0.027407030000176746,raw subprocess wall; harness validates before offline digest dedup
DVE016,H3_FIXED_BOUNDED,24,False,NOT_APPLICABLE_NO_ORACLE_VALID,143,24,23,1,23,9,14,0,,False,,,,,,,,,0.02114145800078404,raw subprocess wall; harness validates before offline digest dedup
DVE016,H4A_GEOMETRY_TRANSITION,4,False,NOT_APPLICABLE_NO_ORACLE_VALID,143,4,4,0,4,0,4,0,,False,,,,,,,,,0.01988547599830781,raw subprocess wall; harness validates before offline digest dedup
DVE016,H4A_GEOMETRY_TRANSITION,8,False,NOT_APPLICABLE_NO_ORACLE_VALID,143,8,7,1,7,0,7,0,,False,,,,,,,,,0.01716139600102906,raw subprocess wall; harness validates before offline digest dedup
DVE016,H4A_GEOMETRY_TRANSITION,12,False,NOT_APPLICABLE_NO_ORACLE_VALID,143,12,9,3,9,0,9,0,,False,,,,,,,,,0.021797007997520268,raw subprocess wall; harness validates before offline digest dedup
DVE016,H4A_GEOMETRY_TRANSITION,16,False,NOT_APPLICABLE_NO_ORACLE_VALID,143,16,13,3,13,0,13,0,,False,,,,,,,,,0.0206999120018736,raw subprocess wall; harness validates before offline digest dedup
DVE016,H4A_GEOMETRY_TRANSITION,24,False,NOT_APPLICABLE_NO_ORACLE_VALID,143,24,18,6,18,1,17,0,,False,,,,,,,,,0.01860591500008013,raw subprocess wall; harness validates before offline digest dedup
DVE016,H4B_GEOMETRY_LATERAL_TRANSITION,4,False,NOT_APPLICABLE_NO_ORACLE_VALID,143,4,3,1,3,0,3,0,,False,,,,,,,,,0.017092270998546155,raw subprocess wall; harness validates before offline digest dedup
DVE016,H4B_GEOMETRY_LATERAL_TRANSITION,8,False,NOT_APPLICABLE_NO_ORACLE_VALID,143,8,6,2,6,0,6,0,,False,,,,,,,,,0.025837512002908625,raw subprocess wall; harness validates before offline digest dedup
DVE016,H4B_GEOMETRY_LATERAL_TRANSITION,12,False,NOT_APPLICABLE_NO_ORACLE_VALID,143,12,8,4,8,0,8,0,,False,,,,,,,,,0.02390825499969651,raw subprocess wall; harness validates before offline digest dedup
DVE016,H4B_GEOMETRY_LATERAL_TRANSITION,16,False,NOT_APPLICABLE_NO_ORACLE_VALID,143,16,11,5,11,0,11,0,,False,,,,,,,,,0.02528886300206068,raw subprocess wall; harness validates before offline digest dedup
DVE016,H4B_GEOMETRY_LATERAL_TRANSITION,24,False,NOT_APPLICABLE_NO_ORACLE_VALID,143,24,14,10,14,0,14,0,,False,,,,,,,,,0.027249224000115646,raw subprocess wall; harness validates before offline digest dedup
DVE017,H3_FIXED_BOUNDED,4,True,TEMPLATE_OR_TRANSITION_SELECTION,34,4,4,0,4,1,3,2,RIGHT,True,RIGHT,-0.43544537667836969,-0.43544537667836969,0.51458109301505117,0.49716841625749453,0.066552848119526262,0.11079971569864003,0.099829272179289386,0.005011250999814365,raw subprocess wall; harness validates before offline digest dedup
DVE017,H3_FIXED_BOUNDED,8,True,TEMPLATE_OR_TRANSITION_SELECTION,34,8,8,0,8,3,5,2,RIGHT,True,RIGHT,-0.43544537667836969,-0.43544537667836969,0.51458109301505117,0.49716841625749453,0.066552848119526262,0.11079971569864003,0.099829272179289386,0.008553613999538356,raw subprocess wall; harness validates before offline digest dedup
DVE017,H3_FIXED_BOUNDED,12,True,TEMPLATE_OR_TRANSITION_SELECTION,34,12,12,0,12,6,6,3,RIGHT,True,RIGHT,-0.43544537667836969,-0.43544537667836969,0.51458109301505117,0.49716841625749453,0.066552848119526262,0.11079971569864003,0.099829272179289386,0.012568057998578297,raw subprocess wall; harness validates before offline digest dedup
DVE017,H3_FIXED_BOUNDED,16,True,TEMPLATE_OR_TRANSITION_SELECTION,34,16,16,0,16,7,9,3,RIGHT,True,RIGHT,-0.43544537667836969,-0.43544537667836969,0.51458109301505117,0.49716841625749453,0.066552848119526262,0.11079971569864003,0.099829272179289386,0.012613232000148855,raw subprocess wall; harness validates before offline digest dedup
DVE017,H3_FIXED_BOUNDED,24,True,TEMPLATE_OR_TRANSITION_SELECTION,34,24,24,0,24,11,13,4,RIGHT,True,RIGHT,-0.43544537667836969,-0.43544537667836969,0.51458109301505117,0.49716841625749453,0.066552848119526262,0.11079971569864003,0.099829272179289386,0.013345022001885809,raw subprocess wall; harness validates before offline digest dedup
DVE017,H4A_GEOMETRY_TRANSITION,4,True,TEMPLATE_OR_TRANSITION_SELECTION,34,4,4,0,4,0,4,2,RIGHT,True,RIGHT,-0.43544537667836969,-0.43544537667836969,0.71366941165554731,0.49716841625749453,0.066552848119526262,0.11079971569864003,0.099829272179289386,0.00855025200144155,raw subprocess wall; harness validates before offline digest dedup
DVE017,H4A_GEOMETRY_TRANSITION,8,True,TEMPLATE_OR_TRANSITION_SELECTION,34,8,8,0,8,0,8,3,RIGHT,True,RIGHT,-0.43544537667836969,-0.43544537667836969,0.71366941165554731,0.49716841625749453,0.066552848119526262,0.11079971569864003,0.099829272179289386,0.01101025100069819,raw subprocess wall; harness validates before offline digest dedup
DVE017,H4A_GEOMETRY_TRANSITION,12,True,TEMPLATE_OR_TRANSITION_SELECTION,34,12,12,0,12,1,11,3,RIGHT,True,RIGHT,-0.43544537667836969,-0.43544537667836969,0.71366941165554731,0.49716841625749453,0.066552848119526262,0.11079971569864003,0.099829272179289386,0.012493522001022939,raw subprocess wall; harness validates before offline digest dedup
DVE017,H4A_GEOMETRY_TRANSITION,16,True,TEMPLATE_OR_TRANSITION_SELECTION,34,16,16,0,16,1,15,4,RIGHT,True,RIGHT,-0.43544537667836969,-0.43544537667836969,0.71366941165554731,0.49716841625749453,0.066552848119526262,0.11079971569864003,0.099829272179289386,0.012443978001101641,raw subprocess wall; harness validates before offline digest dedup
DVE017,H4A_GEOMETRY_TRANSITION,24,True,TEMPLATE_OR_TRANSITION_SELECTION,34,24,24,0,24,7,17,4,RIGHT,True,RIGHT,-0.43544537667836969,-0.43544537667836969,0.71366941165554731,0.49716841625749453,0.066552848119526262,0.11079971569864003,0.099829272179289386,0.013896550997742452,raw subprocess wall; harness validates before offline digest dedup
DVE017,H4B_GEOMETRY_LATERAL_TRANSITION,4,True,TEMPLATE_OR_TRANSITION_SELECTION,34,4,4,0,4,0,4,1,RIGHT,True,RIGHT,-0.34183455689036019,-0.43856573733797,0.71366941165554731,0.49716841625749453,0.059970343874634589,0.1150374099185856,0.089955515811951881,0.00555438399896957,raw subprocess wall; harness validates before offline digest dedup
DVE017,H4B_GEOMETRY_LATERAL_TRANSITION,8,True,TEMPLATE_OR_TRANSITION_SELECTION,34,8,8,0,8,0,8,3,RIGHT,True,RIGHT,-0.43544537667836969,-0.43544537667836969,0.71366941165554731,0.49716841625749453,0.066552848119526262,0.11079971569864003,0.099829272179289386,0.011502520999783883,raw subprocess wall; harness validates before offline digest dedup
DVE017,H4B_GEOMETRY_LATERAL_TRANSITION,12,True,TEMPLATE_OR_TRANSITION_SELECTION,34,12,12,0,12,0,12,4,RIGHT,True,RIGHT,-0.43544537667836969,-0.43544537667836969,0.71366941165554731,0.49716841625749453,0.066552848119526262,0.11079971569864003,0.099829272179289386,0.011118360998807475,raw subprocess wall; harness validates before offline digest dedup
DVE017,H4B_GEOMETRY_LATERAL_TRANSITION,16,True,TEMPLATE_OR_TRANSITION_SELECTION,34,16,16,0,16,0,16,4,RIGHT,True,RIGHT,-0.43544537667836969,-0.43544537667836969,0.71366941165554731,0.49716841625749453,0.066552848119526262,0.11079971569864003,0.099829272179289386,0.010896471998421475,raw subprocess wall; harness validates before offline digest dedup
DVE017,H4B_GEOMETRY_LATERAL_TRANSITION,24,True,TEMPLATE_OR_TRANSITION_SELECTION,34,24,24,0,24,7,17,4,RIGHT,True,RIGHT,-0.43544537667836969,-0.43544537667836969,0.71366941165554731,0.49716841625749453,0.066552848119526262,0.11079971569864003,0.099829272179289386,0.009008480999909807,raw subprocess wall; harness validates before offline digest dedup
DVE018,H3_FIXED_BOUNDED,4,True,TEMPLATE_OR_TRANSITION_SELECTION,199,4,4,0,4,0,4,0,,False,,,,,,,,,0.009009859000798315,raw subprocess wall; harness validates before offline digest dedup
DVE018,H3_FIXED_BOUNDED,8,True,TEMPLATE_OR_TRANSITION_SELECTION,199,8,8,0,8,0,8,1,RIGHT,True,RIGHT,-0.40484246495566689,-0.40484246495566689,0.51458109301505117,0.60498681916591468,0.065570334576404751,0.60187565388182218,1.5,0.007306658997549675,raw subprocess wall; harness validates before offline digest dedup
DVE018,H3_FIXED_BOUNDED,12,True,TEMPLATE_OR_TRANSITION_SELECTION,199,12,12,0,12,0,12,2,RIGHT,True,RIGHT,-0.40484246495566689,-0.40484246495566689,0.51458109301505117,3.9473573093269398,0.32702267626185239,0.47987416336014838,1.5,0.008515025998349302,raw subprocess wall; harness validates before offline digest dedup
DVE018,H3_FIXED_BOUNDED,16,True,TEMPLATE_OR_TRANSITION_SELECTION,199,16,16,0,16,0,16,3,RIGHT,True,RIGHT,-0.40484246495566689,-0.40484246495566689,0.51458109301505117,3.9473573093269398,0.32702267626185239,0.47987416336014838,1.5,0.013540645999455592,raw subprocess wall; harness validates before offline digest dedup
DVE018,H3_FIXED_BOUNDED,24,True,TEMPLATE_OR_TRANSITION_SELECTION,199,24,24,0,24,0,24,6,RIGHT,True,RIGHT,-0.40484246495566689,-0.40484246495566689,0.51458109301505117,3.9473573093269398,0.32702267626185239,0.47987416336014838,1.5,0.013340075998712564,raw subprocess wall; harness validates before offline digest dedup
DVE018,H4A_GEOMETRY_TRANSITION,4,True,TEMPLATE_OR_TRANSITION_SELECTION,199,4,4,0,4,0,4,2,RIGHT,True,RIGHT,-0.40484246495566689,-0.40484246495566689,1.310934367577036,7.3975462023963852,0.24833333333333332,0.35637235515732518,1.5,0.01232299599723774,raw subprocess wall; harness validates before offline digest dedup
DVE018,H4A_GEOMETRY_TRANSITION,8,True,TEMPLATE_OR_TRANSITION_SELECTION,199,8,8,0,8,0,8,3,RIGHT,True,RIGHT,-0.40484246495566689,-0.40484246495566689,1.310934367577036,3.9473573093269398,0.32702267626185239,0.47987416336014838,1.5,0.014521665001666406,raw subprocess wall; harness validates before offline digest dedup
DVE018,H4A_GEOMETRY_TRANSITION,12,True,TEMPLATE_OR_TRANSITION_SELECTION,199,12,11,1,11,0,11,4,RIGHT,True,RIGHT,-0.39325266281210602,-0.39325266281210602,1.310934367577036,3.9473573093269398,0.3345511729345077,0.49119066023256225,1.5,0.017081489000702277,raw subprocess wall; harness validates before offline digest dedup
DVE018,H4A_GEOMETRY_TRANSITION,16,True,TEMPLATE_OR_TRANSITION_SELECTION,199,16,13,3,13,0,13,4,RIGHT,True,RIGHT,-0.39325266281210602,-0.39325266281210602,1.310934367577036,3.9473573093269398,0.3345511729345077,0.49119066023256225,1.5,0.01988141000038013,raw subprocess wall; harness validates before offline digest dedup
DVE018,H4A_GEOMETRY_TRANSITION,24,True,TEMPLATE_OR_TRANSITION_SELECTION,199,24,20,4,20,0,20,5,RIGHT,True,RIGHT,-0.39325266281210602,-0.39325266281210602,1.310934367577036,3.9473573093269398,0.3345511729345077,0.49119066023256225,1.5,0.014079792999837082,raw subprocess wall; harness validates before offline digest dedup
DVE018,H4B_GEOMETRY_LATERAL_TRANSITION,4,True,TEMPLATE_OR_TRANSITION_SELECTION,199,4,4,0,4,0,4,2,RIGHT,True,RIGHT,-0.40484246495566689,-0.40484246495566689,1.310934367577036,7.3975462023963852,0.24833333333333332,0.35637235515732518,1.5,0.008532530002412386,raw subprocess wall; harness validates before offline digest dedup
DVE018,H4B_GEOMETRY_LATERAL_TRANSITION,8,True,TEMPLATE_OR_TRANSITION_SELECTION,199,8,7,1,7,0,7,2,RIGHT,True,RIGHT,-0.40484246495566689,-0.40484246495566689,1.310934367577036,7.3975462023963852,0.24833333333333332,0.35637235515732518,1.5,0.010617769999953452,raw subprocess wall; harness validates before offline digest dedup
DVE018,H4B_GEOMETRY_LATERAL_TRANSITION,12,True,TEMPLATE_OR_TRANSITION_SELECTION,199,12,10,2,10,0,10,2,RIGHT,True,RIGHT,-0.40484246495566689,-0.40484246495566689,1.310934367577036,7.3975462023963852,0.24833333333333332,0.35637235515732518,1.5,0.014643744001659798,raw subprocess wall; harness validates before offline digest dedup
DVE018,H4B_GEOMETRY_LATERAL_TRANSITION,16,True,TEMPLATE_OR_TRANSITION_SELECTION,199,16,11,5,11,0,11,2,RIGHT,True,RIGHT,-0.40484246495566689,-0.40484246495566689,1.310934367577036,7.3975462023963852,0.24833333333333332,0.35637235515732518,1.5,0.02256522999959998,raw subprocess wall; harness validates before offline digest dedup
DVE018,H4B_GEOMETRY_LATERAL_TRANSITION,24,True,TEMPLATE_OR_TRANSITION_SELECTION,199,24,16,8,16,0,16,4,RIGHT,True,RIGHT,-0.39325266281210602,-0.39325266281210602,1.310934367577036,3.9473573093269398,0.3345511729345077,0.49119066023256225,1.5,0.011707424000633182,raw subprocess wall; harness validates before offline digest dedup
DVE019,H3_FIXED_BOUNDED,4,True,TEMPLATE_OR_TRANSITION_SELECTION,103,4,4,0,4,0,4,0,,False,,,,,,,,,0.005132796999532729,raw subprocess wall; harness validates before offline digest dedup
DVE019,H3_FIXED_BOUNDED,8,True,TEMPLATE_OR_TRANSITION_SELECTION,103,8,8,0,8,0,8,0,,False,,,,,,,,,0.006511960000352701,raw subprocess wall; harness validates before offline digest dedup
DVE019,H3_FIXED_BOUNDED,12,True,TEMPLATE_OR_TRANSITION_SELECTION,103,12,12,0,12,1,11,0,,False,,,,,,,,,0.013983017001010012,raw subprocess wall; harness validates before offline digest dedup
DVE019,H3_FIXED_BOUNDED,16,True,TEMPLATE_OR_TRANSITION_SELECTION,103,16,16,0,16,2,14,1,RIGHT,True,RIGHT,-0.64287578990687733,-0.73935079397740755,0.51458109301505117,0.49716841625749453,0.035237323361054486,0.31397610000989701,0.052855985041581732,0.009730126999784261,raw subprocess wall; harness validates before offline digest dedup
DVE019,H3_FIXED_BOUNDED,24,True,TEMPLATE_OR_TRANSITION_SELECTION,103,24,23,1,23,2,21,2,RIGHT,True,RIGHT,-0.64287578990687733,-0.73935079397740755,0.71366941165554731,0.49716841625749453,0.035077265899485864,0.3134177120115626,0.052615898849228793,0.010931192002317403,raw subprocess wall; harness validates before offline digest dedup
DVE019,H4A_GEOMETRY_TRANSITION,4,True,TEMPLATE_OR_TRANSITION_SELECTION,103,4,4,0,4,0,4,0,,False,,,,,,,,,0.012467849999666214,raw subprocess wall; harness validates before offline digest dedup
DVE019,H4A_GEOMETRY_TRANSITION,8,True,TEMPLATE_OR_TRANSITION_SELECTION,103,8,8,0,8,0,8,0,,False,,,,,,,,,0.007424802999594249,raw subprocess wall; harness validates before offline digest dedup
DVE019,H4A_GEOMETRY_TRANSITION,12,True,TEMPLATE_OR_TRANSITION_SELECTION,103,12,12,0,12,0,12,1,RIGHT,True,RIGHT,-0.64287578990687733,-0.73935079397740755,0.51458109301505117,0.49716841625749453,0.035237323361054486,0.31397610000989701,0.052855985041581732,0.017890453000291018,raw subprocess wall; harness validates before offline digest dedup
DVE019,H4A_GEOMETRY_TRANSITION,16,True,TEMPLATE_OR_TRANSITION_SELECTION,103,16,15,1,15,0,15,2,RIGHT,True,RIGHT,-0.64209453990687737,-0.73896016897740757,0.51458109301505117,0.49716841625749453,0.034843158867775705,0.31474808208655697,0.05226473830166356,0.019354528998519527,raw subprocess wall; harness validates before offline digest dedup
DVE019,H4A_GEOMETRY_TRANSITION,24,True,TEMPLATE_OR_TRANSITION_SELECTION,103,24,21,3,21,0,21,2,RIGHT,True,RIGHT,-0.64209453990687737,-0.73896016897740757,0.51458109301505117,0.49716841625749453,0.034843158867775705,0.31474808208655697,0.05226473830166356,0.02257439599998179,raw subprocess wall; harness validates before offline digest dedup
DVE019,H4B_GEOMETRY_LATERAL_TRANSITION,4,True,TEMPLATE_OR_TRANSITION_SELECTION,103,4,4,0,4,0,4,0,,False,,,,,,,,,0.017928408000443596,raw subprocess wall; harness validates before offline digest dedup
DVE019,H4B_GEOMETRY_LATERAL_TRANSITION,8,True,TEMPLATE_OR_TRANSITION_SELECTION,103,8,7,1,7,0,7,1,RIGHT,True,RIGHT,-0.64287578990687733,-0.73935079397740755,0.51458109301505117,0.49716841625749453,0.035237323361054486,0.31397610000989701,0.052855985041581732,0.020020477000798564,raw subprocess wall; harness validates before offline digest dedup
DVE019,H4B_GEOMETRY_LATERAL_TRANSITION,12,True,TEMPLATE_OR_TRANSITION_SELECTION,103,12,11,1,11,0,11,2,RIGHT,True,RIGHT,-0.64209453990687737,-0.73896016897740757,0.51458109301505117,0.49716841625749453,0.034843158867775705,0.31474808208655697,0.05226473830166356,0.020112549998884788,raw subprocess wall; harness validates before offline digest dedup
DVE019,H4B_GEOMETRY_LATERAL_TRANSITION,16,True,TEMPLATE_OR_TRANSITION_SELECTION,103,16,13,3,13,0,13,2,RIGHT,True,RIGHT,-0.64209453990687737,-0.73896016897740757,0.51458109301505117,0.49716841625749453,0.034843158867775705,0.31474808208655697,0.05226473830166356,0.01947674300026847,raw subprocess wall; harness validates before offline digest dedup
DVE019,H4B_GEOMETRY_LATERAL_TRANSITION,24,True,TEMPLATE_OR_TRANSITION_SELECTION,103,24,20,4,20,0,20,2,RIGHT,True,RIGHT,-0.64209453990687737,-0.73896016897740757,0.51458109301505117,0.49716841625749453,0.034843158867775705,0.31474808208655697,0.05226473830166356,0.017112558998633176,raw subprocess wall; harness validates before offline digest dedup
DVE020,H3_FIXED_BOUNDED,4,True,OTHER,45,4,4,0,4,0,4,0,,False,,,,,,,,,0.010903661997872405,raw subprocess wall; harness validates before offline digest dedup
DVE020,H3_FIXED_BOUNDED,8,True,OTHER,45,8,8,0,8,0,8,0,,False,,,,,,,,,0.010840457998710917,raw subprocess wall; harness validates before offline digest dedup
DVE020,H3_FIXED_BOUNDED,12,True,OTHER,45,12,12,0,12,0,12,0,,False,,,,,,,,,0.0135232159991574,raw subprocess wall; harness validates before offline digest dedup
DVE020,H3_FIXED_BOUNDED,16,True,OTHER,45,16,16,0,16,0,16,0,,False,,,,,,,,,0.0138565200031735,raw subprocess wall; harness validates before offline digest dedup
DVE020,H3_FIXED_BOUNDED,24,True,OTHER,45,24,24,0,24,0,24,2,RIGHT,True,RIGHT,-0.59826321017271167,-0.59826321017271167,0.71366941165554731,0.49716841625749453,0.021948887530535328,0.00064643175964310823,0.099294201040053376,0.01586452400078997,raw subprocess wall; harness validates before offline digest dedup
DVE020,H4A_GEOMETRY_TRANSITION,4,True,OTHER,45,4,4,0,4,0,4,0,,False,,,,,,,,,0.00947167499907664,raw subprocess wall; harness validates before offline digest dedup
DVE020,H4A_GEOMETRY_TRANSITION,8,True,OTHER,45,8,8,0,8,0,8,0,,False,,,,,,,,,0.00944168800197076,raw subprocess wall; harness validates before offline digest dedup
DVE020,H4A_GEOMETRY_TRANSITION,12,True,OTHER,45,12,12,0,12,0,12,1,RIGHT,True,RIGHT,-0.59826321017271167,-0.59826321017271167,0.71366941165554731,0.49716841625749453,0.021948887530535328,0.00064643175964310823,0.099294201040053376,0.012112127002183115,raw subprocess wall; harness validates before offline digest dedup
DVE020,H4A_GEOMETRY_TRANSITION,16,True,OTHER,45,16,16,0,16,0,16,2,RIGHT,True,RIGHT,-0.59826321017271167,-0.59826321017271167,0.71366941165554731,0.49716841625749453,0.021948887530535328,0.00064643175964310823,0.099294201040053376,0.01424657300231047,raw subprocess wall; harness validates before offline digest dedup
DVE020,H4A_GEOMETRY_TRANSITION,24,True,OTHER,45,24,24,0,24,0,24,3,RIGHT,True,RIGHT,-0.59826321017271167,-0.59826321017271167,0.71366941165554731,0.49716841625749453,0.021948887530535328,0.00064643175964310823,0.099294201040053376,0.012250823998328997,raw subprocess wall; harness validates before offline digest dedup
DVE020,H4B_GEOMETRY_LATERAL_TRANSITION,4,True,OTHER,45,4,4,0,4,0,4,1,RIGHT,True,RIGHT,-0.59826321017271167,-0.59826321017271167,0.71366941165554731,0.49716841625749453,0.021948887530535328,0.00064643175964310823,0.099294201040053376,0.006565376002981793,raw subprocess wall; harness validates before offline digest dedup
DVE020,H4B_GEOMETRY_LATERAL_TRANSITION,8,True,OTHER,45,8,8,0,8,0,8,2,RIGHT,True,RIGHT,-0.59826321017271167,-0.59826321017271167,0.71366941165554731,0.49716841625749453,0.021948887530535328,0.00064643175964310823,0.099294201040053376,0.008898764997866238,raw subprocess wall; harness validates before offline digest dedup
DVE020,H4B_GEOMETRY_LATERAL_TRANSITION,12,True,OTHER,45,12,12,0,12,0,12,3,RIGHT,True,RIGHT,-0.59826321017271167,-0.59826321017271167,0.71366941165554731,0.49716841625749453,0.021948887530535328,0.00064643175964310823,0.099294201040053376,0.011866418000863632,raw subprocess wall; harness validates before offline digest dedup
DVE020,H4B_GEOMETRY_LATERAL_TRANSITION,16,True,OTHER,45,16,16,0,16,0,16,3,RIGHT,True,RIGHT,-0.59826321017271167,-0.59826321017271167,0.71366941165554731,0.49716841625749453,0.021948887530535328,0.00064643175964310823,0.099294201040053376,0.009882243997708429,raw subprocess wall; harness validates before offline digest dedup
DVE020,H4B_GEOMETRY_LATERAL_TRANSITION,24,True,OTHER,45,24,24,0,24,0,24,3,RIGHT,True,RIGHT,-0.59826321017271167,-0.59826321017271167,0.71366941165554731,0.49716841625749453,0.021948887530535328,0.00064643175964310823,0.099294201040053376,0.010073462999571348,raw subprocess wall; harness validates before offline digest dedup
DVE021,H3_FIXED_BOUNDED,4,False,NOT_APPLICABLE_NO_ORACLE_VALID,34,4,3,1,3,1,2,0,,False,,,,,,,,,0.003853099002299132,raw subprocess wall; harness validates before offline digest dedup
DVE021,H3_FIXED_BOUNDED,8,False,NOT_APPLICABLE_NO_ORACLE_VALID,34,8,5,3,5,2,3,0,,False,,,,,,,,,0.0034140489988203626,raw subprocess wall; harness validates before offline digest dedup
DVE021,H3_FIXED_BOUNDED,12,False,NOT_APPLICABLE_NO_ORACLE_VALID,34,12,6,6,6,3,3,0,,False,,,,,,,,,0.004386912998597836,raw subprocess wall; harness validates before offline digest dedup
DVE021,H3_FIXED_BOUNDED,16,False,NOT_APPLICABLE_NO_ORACLE_VALID,34,16,8,8,8,4,4,0,,False,,,,,,,,,0.007292002999747638,raw subprocess wall; harness validates before offline digest dedup
DVE021,H3_FIXED_BOUNDED,24,False,NOT_APPLICABLE_NO_ORACLE_VALID,34,24,8,16,8,4,4,0,,False,,,,,,,,,0.012012545998004498,raw subprocess wall; harness validates before offline digest dedup
DVE021,H4A_GEOMETRY_TRANSITION,4,False,NOT_APPLICABLE_NO_ORACLE_VALID,34,4,3,1,3,0,3,0,,False,,,,,,,,,0.00917972900060704,raw subprocess wall; harness validates before offline digest dedup
DVE021,H4A_GEOMETRY_TRANSITION,8,False,NOT_APPLICABLE_NO_ORACLE_VALID,34,8,4,4,4,0,4,0,,False,,,,,,,,,0.00787066699922434,raw subprocess wall; harness validates before offline digest dedup
DVE021,H4A_GEOMETRY_TRANSITION,12,False,NOT_APPLICABLE_NO_ORACLE_VALID,34,12,5,7,5,1,4,0,,False,,,,,,,,,0.006365021999954479,raw subprocess wall; harness validates before offline digest dedup
DVE021,H4A_GEOMETRY_TRANSITION,16,False,NOT_APPLICABLE_NO_ORACLE_VALID,34,16,5,11,5,1,4,0,,False,,,,,,,,,0.00923289999991539,raw subprocess wall; harness validates before offline digest dedup
DVE021,H4A_GEOMETRY_TRANSITION,24,False,NOT_APPLICABLE_NO_ORACLE_VALID,34,24,8,16,8,4,4,0,,False,,,,,,,,,0.013080002998322016,raw subprocess wall; harness validates before offline digest dedup
DVE021,H4B_GEOMETRY_LATERAL_TRANSITION,4,False,NOT_APPLICABLE_NO_ORACLE_VALID,34,4,3,1,3,0,3,0,,False,,,,,,,,,0.008524667002347996,raw subprocess wall; harness validates before offline digest dedup
DVE021,H4B_GEOMETRY_LATERAL_TRANSITION,8,False,NOT_APPLICABLE_NO_ORACLE_VALID,34,8,4,4,4,0,4,0,,False,,,,,,,,,0.009292617000028258,raw subprocess wall; harness validates before offline digest dedup
DVE021,H4B_GEOMETRY_LATERAL_TRANSITION,12,False,NOT_APPLICABLE_NO_ORACLE_VALID,34,12,4,8,4,0,4,0,,False,,,,,,,,,0.0090299010007584,raw subprocess wall; harness validates before offline digest dedup
DVE021,H4B_GEOMETRY_LATERAL_TRANSITION,16,False,NOT_APPLICABLE_NO_ORACLE_VALID,34,16,4,12,4,0,4,0,,False,,,,,,,,,0.009090775998629397,raw subprocess wall; harness validates before offline digest dedup
DVE021,H4B_GEOMETRY_LATERAL_TRANSITION,24,False,NOT_APPLICABLE_NO_ORACLE_VALID,34,24,7,17,7,3,4,0,,False,,,,,,,,,0.009002234000945464,raw subprocess wall; harness validates before offline digest dedup
DVE022,H3_FIXED_BOUNDED,4,True,TEMPLATE_OR_TRANSITION_SELECTION,44,4,4,0,4,0,4,2,LEFT,True,LEFT,0.10281800756798225,0.10281800756798225,0.71366941165554731,0.49716841625749453,0.0070127563942004685,0.35637235336999978,0.010519134591300702,0.0073351690007257275,raw subprocess wall; harness validates before offline digest dedup
DVE022,H3_FIXED_BOUNDED,8,True,TEMPLATE_OR_TRANSITION_SELECTION,44,8,8,0,8,0,8,5,LEFT,True,LEFT,0.10281800756798225,0.10281800756798225,0.71366941165554731,0.49716841625749453,0.0070127563942004685,0.35637235336999978,0.010519134591300702,0.010976531000778778,raw subprocess wall; harness validates before offline digest dedup
DVE022,H3_FIXED_BOUNDED,12,True,TEMPLATE_OR_TRANSITION_SELECTION,44,12,12,0,12,0,12,7,LEFT,True,LEFT,0.10281800756798225,0.10281800756798225,0.71366941165554731,0.49716841625749453,0.0070127563942004685,0.35637235336999978,0.010519134591300702,0.005410480996943079,raw subprocess wall; harness validates before offline digest dedup
DVE022,H3_FIXED_BOUNDED,16,True,TEMPLATE_OR_TRANSITION_SELECTION,44,16,16,0,16,0,16,8,LEFT,True,LEFT,0.10281800756798225,0.10281800756798225,0.71366941165554731,0.49716841625749453,0.0070127563942004685,0.35637235336999978,0.010519134591300702,0.008205370002542622,raw subprocess wall; harness validates before offline digest dedup
DVE022,H3_FIXED_BOUNDED,24,True,TEMPLATE_OR_TRANSITION_SELECTION,44,24,23,1,23,1,22,10,LEFT,True,LEFT,0.10281800756798225,0.077113505675986682,0.51458109301505117,0.49716841625749453,0.0013951133882592059,0.35637235336999978,0.0020926700823888089,0.01176219699846115,raw subprocess wall; harness validates before offline digest dedup
DVE022,H4A_GEOMETRY_TRANSITION,4,True,TEMPLATE_OR_TRANSITION_SELECTION,44,4,4,0,4,0,4,3,LEFT,True,LEFT,0.10281800756798225,0.10281800756798225,0.71366941165554731,0.49716841625749453,0.0070127563942004685,0.35637235336999978,0.010519134591300702,0.005253882001852617,raw subprocess wall; harness validates before offline digest dedup
DVE022,H4A_GEOMETRY_TRANSITION,8,True,TEMPLATE_OR_TRANSITION_SELECTION,44,8,8,0,8,0,8,4,LEFT,True,LEFT,0.10281800756798225,0.10281800756798225,0.71366941165554731,0.49716841625749453,0.0070127563942004685,0.35637235336999978,0.010519134591300702,0.006723688999045407,raw subprocess wall; harness validates before offline digest dedup
DVE022,H4A_GEOMETRY_TRANSITION,12,True,TEMPLATE_OR_TRANSITION_SELECTION,44,12,12,0,12,0,12,5,LEFT,True,LEFT,0.10281800756798225,0.077113505675986682,0.71366941165554731,0.49716841625749453,0.0015874308345239136,0.35637235336999978,0.0023811462517858706,0.010351580000133254,raw subprocess wall; harness validates before offline digest dedup
DVE022,H4A_GEOMETRY_TRANSITION,16,True,TEMPLATE_OR_TRANSITION_SELECTION,44,16,14,2,14,0,14,5,LEFT,True,LEFT,0.10281800756798225,0.077113505675986682,0.71366941165554731,0.49716841625749453,0.0015874308345239136,0.35637235336999978,0.0023811462517858706,0.005435030001535779,raw subprocess wall; harness validates before offline digest dedup
DVE022,H4A_GEOMETRY_TRANSITION,24,True,TEMPLATE_OR_TRANSITION_SELECTION,44,24,20,4,20,0,20,7,LEFT,True,LEFT,0.10281800756798225,0.077113505675986682,0.71366941165554731,0.49716841625749453,0.0015874308345239136,0.35637235336999978,0.0023811462517858706,0.00759005699728732,raw subprocess wall; harness validates before offline digest dedup
DVE022,H4B_GEOMETRY_LATERAL_TRANSITION,4,True,TEMPLATE_OR_TRANSITION_SELECTION,44,4,4,0,4,0,4,2,LEFT,True,LEFT,0.15992187499999999,0.29920836799345585,0.71366941165554731,0.49716841625749453,0.082646457409073268,0.35637235336999978,0.12396968611360989,0.007780985997669632,raw subprocess wall; harness validates before offline digest dedup
DVE022,H4B_GEOMETRY_LATERAL_TRANSITION,8,True,TEMPLATE_OR_TRANSITION_SELECTION,44,8,8,0,8,0,8,4,LEFT,True,LEFT,0.10281800756798225,0.10281800756798225,0.71366941165554731,0.49716841625749453,0.0070127563942004685,0.35637235336999978,0.010519134591300702,0.006961079998291098,raw subprocess wall; harness validates before offline digest dedup
DVE022,H4B_GEOMETRY_LATERAL_TRANSITION,12,True,TEMPLATE_OR_TRANSITION_SELECTION,44,12,12,0,12,0,12,5,LEFT,True,LEFT,0.10281800756798225,0.077113505675986682,0.71366941165554731,0.49716841625749453,0.0015874308345239136,0.35637235336999978,0.0023811462517858706,0.009271515998989344,raw subprocess wall; harness validates before offline digest dedup
DVE022,H4B_GEOMETRY_LATERAL_TRANSITION,16,True,TEMPLATE_OR_TRANSITION_SELECTION,44,16,16,0,16,0,16,5,LEFT,True,LEFT,0.10281800756798225,0.077113505675986682,0.71366941165554731,0.49716841625749453,0.0015874308345239136,0.35637235336999978,0.0023811462517858706,0.00974512299944763,raw subprocess wall; harness validates before offline digest dedup
DVE022,H4B_GEOMETRY_LATERAL_TRANSITION,24,True,TEMPLATE_OR_TRANSITION_SELECTION,44,24,19,5,19,0,19,6,LEFT,True,LEFT,0.10281800756798225,0.077113505675986682,0.71366941165554731,0.49716841625749453,0.0015874308345239136,0.35637235336999978,0.0023811462517858706,0.00646815399886691,raw subprocess wall; harness validates before offline digest dedup
DVE023,H3_FIXED_BOUNDED,4,True,TEMPLATE_OR_TRANSITION_SELECTION,48,4,4,0,4,2,2,1,LEFT,True,LEFT,0.53506363002577473,0.59038946287023475,0.51458109301505117,0.49716841625749453,-0.11188592522591938,0.013305155117852796,-0.16782888783887906,0.003403851998882601,raw subprocess wall; harness validates before offline digest dedup
DVE023,H3_FIXED_BOUNDED,8,True,TEMPLATE_OR_TRANSITION_SELECTION,48,8,8,0,8,3,5,3,LEFT,True,LEFT,0.53506363002577473,0.56272654644800468,0.51458109301505117,0.49716841625749453,-0.11062113828478866,0.0083788790764707244,-0.165931707427183,0.006231373998161871,raw subprocess wall; harness validates before offline digest dedup
DVE023,H3_FIXED_BOUNDED,12,True,TEMPLATE_OR_TRANSITION_SELECTION,48,12,12,0,12,5,7,4,LEFT,True,LEFT,0.53506363002577473,0.56272654644800468,0.51458109301505117,0.49716841625749453,-0.11062113828478866,0.0083788790764707244,-0.165931707427183,0.01020341500043287,raw subprocess wall; harness validates before offline digest dedup
DVE023,H3_FIXED_BOUNDED,16,True,TEMPLATE_OR_TRANSITION_SELECTION,48,16,16,0,16,7,9,5,LEFT,True,LEFT,0.53506363002577473,0.56272654644800468,0.51458109301505117,0.49716841625749453,-0.11062113828478866,0.0083788790764707244,-0.165931707427183,0.010134039999684319,raw subprocess wall; harness validates before offline digest dedup
DVE023,H3_FIXED_BOUNDED,24,True,TEMPLATE_OR_TRANSITION_SELECTION,48,24,24,0,24,10,14,6,LEFT,True,LEFT,0.54308419430535215,0.5667368285877934,0.51458109301505117,0.49716841625749453,-0.1105532496018516,0.00048722484385899101,-0.16582987440277741,0.011848887002997799,raw subprocess wall; harness validates before offline digest dedup
DVE023,H4A_GEOMETRY_TRANSITION,4,True,TEMPLATE_OR_TRANSITION_SELECTION,48,4,4,0,4,0,4,3,LEFT,True,LEFT,0.53506363002577473,0.56272654644800468,0.71366941165554731,0.49716841625749453,-0.11062113828478866,0.0083788790764707244,-0.165931707427183,0.005665337997925235,raw subprocess wall; harness validates before offline digest dedup
DVE023,H4A_GEOMETRY_TRANSITION,8,True,TEMPLATE_OR_TRANSITION_SELECTION,48,8,8,0,8,0,8,5,LEFT,True,LEFT,0.53506363002577473,0.56272654644800468,0.71366941165554731,0.49716841625749453,-0.11062113828478866,0.0083788790764707244,-0.165931707427183,0.004706416999397334,raw subprocess wall; harness validates before offline digest dedup
DVE023,H4A_GEOMETRY_TRANSITION,12,True,TEMPLATE_OR_TRANSITION_SELECTION,48,12,12,0,12,0,12,6,LEFT,True,LEFT,0.54308419430535215,0.5667368285877934,0.71366941165554731,0.49716841625749453,-0.1105532496018516,0.00048722484385899101,-0.16582987440277741,0.0049658629977784585,raw subprocess wall; harness validates before offline digest dedup
DVE023,H4A_GEOMETRY_TRANSITION,16,True,TEMPLATE_OR_TRANSITION_SELECTION,48,16,16,0,16,0,16,6,LEFT,True,LEFT,0.54308419430535215,0.5667368285877934,0.71366941165554731,0.49716841625749453,-0.1105532496018516,0.00048722484385899101,-0.16582987440277741,0.007480543998099165,raw subprocess wall; harness validates before offline digest dedup
DVE023,H4A_GEOMETRY_TRANSITION,24,True,TEMPLATE_OR_TRANSITION_SELECTION,48,24,24,0,24,2,22,6,LEFT,True,LEFT,0.54308419430535215,0.5667368285877934,0.71366941165554731,0.49716841625749453,-0.1105532496018516,0.00048722484385899101,-0.16582987440277741,0.00654501499957405,raw subprocess wall; harness validates before offline digest dedup
DVE023,H4B_GEOMETRY_LATERAL_TRANSITION,4,True,TEMPLATE_OR_TRANSITION_SELECTION,48,4,4,0,4,0,4,2,LEFT,True,LEFT,0.54308419430535215,0.59038946287023475,0.71366941165554731,0.49716841625749453,-0.11160847327577228,0.004448008249815727,-0.16741270991365842,0.004333496999606723,raw subprocess wall; harness validates before offline digest dedup
DVE023,H4B_GEOMETRY_LATERAL_TRANSITION,8,True,TEMPLATE_OR_TRANSITION_SELECTION,48,8,8,0,8,0,8,3,LEFT,True,LEFT,0.54308419430535215,0.59038946287023475,0.71366941165554731,0.49716841625749453,-0.11160847327577228,0.004448008249815727,-0.16741270991365842,0.0039266319981834386,raw subprocess wall; harness validates before offline digest dedup
DVE023,H4B_GEOMETRY_LATERAL_TRANSITION,12,True,TEMPLATE_OR_TRANSITION_SELECTION,48,12,12,0,12,0,12,6,LEFT,True,LEFT,0.54308419430535215,0.5667368285877934,0.71366941165554731,0.49716841625749453,-0.1105532496018516,0.00048722484385899101,-0.16582987440277741,0.006541964001371525,raw subprocess wall; harness validates before offline digest dedup
DVE023,H4B_GEOMETRY_LATERAL_TRANSITION,16,True,TEMPLATE_OR_TRANSITION_SELECTION,48,16,16,0,16,2,14,6,LEFT,True,LEFT,0.54308419430535215,0.5667368285877934,0.71366941165554731,0.49716841625749453,-0.1105532496018516,0.00048722484385899101,-0.16582987440277741,0.004819985999347409,raw subprocess wall; harness validates before offline digest dedup
DVE023,H4B_GEOMETRY_LATERAL_TRANSITION,24,True,TEMPLATE_OR_TRANSITION_SELECTION,48,24,24,0,24,8,16,6,LEFT,True,LEFT,0.54308419430535215,0.5667368285877934,0.71366941165554731,0.49716841625749453,-0.1105532496018516,0.00048722484385899101,-0.16582987440277741,0.007335790000070119,raw subprocess wall; harness validates before offline digest dedup
DVE024,H3_FIXED_BOUNDED,4,True,TEMPLATE_OR_TRANSITION_SELECTION,1101,4,4,0,4,0,4,0,,False,,,,,,,,,0.017144454999652226,raw subprocess wall; harness validates before offline digest dedup
DVE024,H3_FIXED_BOUNDED,8,True,TEMPLATE_OR_TRANSITION_SELECTION,1101,8,8,0,8,0,8,0,,False,,,,,,,,,0.01877725699887378,raw subprocess wall; harness validates before offline digest dedup
DVE024,H3_FIXED_BOUNDED,12,True,TEMPLATE_OR_TRANSITION_SELECTION,1101,12,12,0,12,0,12,0,,False,,,,,,,,,0.01706979499795125,raw subprocess wall; harness validates before offline digest dedup
DVE024,H3_FIXED_BOUNDED,16,True,TEMPLATE_OR_TRANSITION_SELECTION,1101,16,16,0,16,0,16,0,,False,,,,,,,,,0.02718555699902936,raw subprocess wall; harness validates before offline digest dedup
DVE024,H3_FIXED_BOUNDED,24,True,TEMPLATE_OR_TRANSITION_SELECTION,1101,24,24,0,24,0,24,0,,False,,,,,,,,,0.01797133700165432,raw subprocess wall; harness validates before offline digest dedup
DVE024,H4A_GEOMETRY_TRANSITION,4,True,TEMPLATE_OR_TRANSITION_SELECTION,1101,4,4,0,4,0,4,0,,False,,,,,,,,,0.01601042000038433,raw subprocess wall; harness validates before offline digest dedup
DVE024,H4A_GEOMETRY_TRANSITION,8,True,TEMPLATE_OR_TRANSITION_SELECTION,1101,8,8,0,8,0,8,0,,False,,,,,,,,,0.016968771000392735,raw subprocess wall; harness validates before offline digest dedup
DVE024,H4A_GEOMETRY_TRANSITION,12,True,TEMPLATE_OR_TRANSITION_SELECTION,1101,12,12,0,12,0,12,0,,False,,,,,,,,,0.028675845998805016,raw subprocess wall; harness validates before offline digest dedup
DVE024,H4A_GEOMETRY_TRANSITION,16,True,TEMPLATE_OR_TRANSITION_SELECTION,1101,16,16,0,16,0,16,0,,False,,,,,,,,,0.028943037999852095,raw subprocess wall; harness validates before offline digest dedup
DVE024,H4A_GEOMETRY_TRANSITION,24,True,TEMPLATE_OR_TRANSITION_SELECTION,1101,24,24,0,24,0,24,2,RIGHT,True,RIGHT,-0.45966705945396313,-0.45966705945396313,1.310934367577036,0.60498681916591468,0.011216144722224708,0.17113669186283789,0.086297604304531317,0.01926019199891016,raw subprocess wall; harness validates before offline digest dedup
DVE024,H4B_GEOMETRY_LATERAL_TRANSITION,4,True,TEMPLATE_OR_TRANSITION_SELECTION,1101,4,2,2,2,0,2,0,,False,,,,,,,,,0.02202825499989558,raw subprocess wall; harness validates before offline digest dedup
DVE024,H4B_GEOMETRY_LATERAL_TRANSITION,8,True,TEMPLATE_OR_TRANSITION_SELECTION,1101,8,6,2,6,0,6,0,,False,,,,,,,,,0.022932980999030406,raw subprocess wall; harness validates before offline digest dedup
DVE024,H4B_GEOMETRY_LATERAL_TRANSITION,12,True,TEMPLATE_OR_TRANSITION_SELECTION,1101,12,10,2,10,0,10,0,,False,,,,,,,,,0.013169689998903777,raw subprocess wall; harness validates before offline digest dedup
DVE024,H4B_GEOMETRY_LATERAL_TRANSITION,16,True,TEMPLATE_OR_TRANSITION_SELECTION,1101,16,14,2,14,0,14,0,,False,,,,,,,,,0.012966390000656247,raw subprocess wall; harness validates before offline digest dedup
DVE024,H4B_GEOMETRY_LATERAL_TRANSITION,24,True,TEMPLATE_OR_TRANSITION_SELECTION,1101,24,17,7,17,0,17,0,,False,,,,,,,,,0.012828435999836074,raw subprocess wall; harness validates before offline digest dedup
DVE025,H3_FIXED_BOUNDED,4,False,NOT_APPLICABLE_NO_ORACLE_VALID,143,4,4,0,4,1,3,0,,False,,,,,,,,,0.006441877998440759,raw subprocess wall; harness validates before offline digest dedup
DVE025,H3_FIXED_BOUNDED,8,False,NOT_APPLICABLE_NO_ORACLE_VALID,143,8,8,0,8,2,6,0,,False,,,,,,,,,0.009329704000265338,raw subprocess wall; harness validates before offline digest dedup
DVE025,H3_FIXED_BOUNDED,12,False,NOT_APPLICABLE_NO_ORACLE_VALID,143,12,11,1,11,4,7,0,,False,,,,,,,,,0.011463492999610025,raw subprocess wall; harness validates before offline digest dedup
DVE025,H3_FIXED_BOUNDED,16,False,NOT_APPLICABLE_NO_ORACLE_VALID,143,16,14,2,14,5,9,0,,False,,,,,,,,,0.017706769998767413,raw subprocess wall; harness validates before offline digest dedup
DVE025,H3_FIXED_BOUNDED,24,False,NOT_APPLICABLE_NO_ORACLE_VALID,143,24,17,7,17,7,10,0,,False,,,,,,,,,0.014181439997628331,raw subprocess wall; harness validates before offline digest dedup
DVE025,H4A_GEOMETRY_TRANSITION,4,False,NOT_APPLICABLE_NO_ORACLE_VALID,143,4,3,1,3,0,3,0,,False,,,,,,,,,0.008301800000481308,raw subprocess wall; harness validates before offline digest dedup
DVE025,H4A_GEOMETRY_TRANSITION,8,False,NOT_APPLICABLE_NO_ORACLE_VALID,143,8,5,3,5,0,5,0,,False,,,,,,,,,0.014820074000454042,raw subprocess wall; harness validates before offline digest dedup
DVE025,H4A_GEOMETRY_TRANSITION,12,False,NOT_APPLICABLE_NO_ORACLE_VALID,143,12,6,6,6,0,6,0,,False,,,,,,,,,0.010454305000166642,raw subprocess wall; harness validates before offline digest dedup
DVE025,H4A_GEOMETRY_TRANSITION,16,False,NOT_APPLICABLE_NO_ORACLE_VALID,143,16,8,8,8,0,8,0,,False,,,,,,,,,0.017166808000183664,raw subprocess wall; harness validates before offline digest dedup
DVE025,H4A_GEOMETRY_TRANSITION,24,False,NOT_APPLICABLE_NO_ORACLE_VALID,143,24,12,12,12,1,11,0,,False,,,,,,,,,0.020784603999345563,raw subprocess wall; harness validates before offline digest dedup
DVE025,H4B_GEOMETRY_LATERAL_TRANSITION,4,False,NOT_APPLICABLE_NO_ORACLE_VALID,143,4,2,2,2,0,2,0,,False,,,,,,,,,0.016236588002357166,raw subprocess wall; harness validates before offline digest dedup
DVE025,H4B_GEOMETRY_LATERAL_TRANSITION,8,False,NOT_APPLICABLE_NO_ORACLE_VALID,143,8,3,5,3,0,3,0,,False,,,,,,,,,0.015978359999280656,raw subprocess wall; harness validates before offline digest dedup
DVE025,H4B_GEOMETRY_LATERAL_TRANSITION,12,False,NOT_APPLICABLE_NO_ORACLE_VALID,143,12,4,8,4,0,4,0,,False,,,,,,,,,0.012918158998218132,raw subprocess wall; harness validates before offline digest dedup
DVE025,H4B_GEOMETRY_LATERAL_TRANSITION,16,False,NOT_APPLICABLE_NO_ORACLE_VALID,143,16,6,10,6,0,6,0,,False,,,,,,,,,0.01215683200280182,raw subprocess wall; harness validates before offline digest dedup
DVE025,H4B_GEOMETRY_LATERAL_TRANSITION,24,False,NOT_APPLICABLE_NO_ORACLE_VALID,143,24,8,16,8,0,8,0,,False,,,,,,,,,0.013307331999385497,raw subprocess wall; harness validates before offline digest dedup
DVE026,H3_FIXED_BOUNDED,4,False,NOT_APPLICABLE_NO_ORACLE_VALID,48,4,4,0,4,2,2,0,,False,,,,,,,,,0.004795731001649983,raw subprocess wall; harness validates before offline digest dedup
DVE026,H3_FIXED_BOUNDED,8,False,NOT_APPLICABLE_NO_ORACLE_VALID,48,8,7,1,7,3,4,0,,False,,,,,,,,,0.005073659998743096,raw subprocess wall; harness validates before offline digest dedup
DVE026,H3_FIXED_BOUNDED,12,False,NOT_APPLICABLE_NO_ORACLE_VALID,48,12,10,2,10,4,6,0,,False,,,,,,,,,0.0046389710005314555,raw subprocess wall; harness validates before offline digest dedup
DVE026,H3_FIXED_BOUNDED,16,False,NOT_APPLICABLE_NO_ORACLE_VALID,48,16,12,4,12,6,6,0,,False,,,,,,,,,0.005067543999757618,raw subprocess wall; harness validates before offline digest dedup
DVE026,H3_FIXED_BOUNDED,24,False,NOT_APPLICABLE_NO_ORACLE_VALID,48,24,15,9,15,7,8,0,,False,,,,,,,,,0.007117038003343623,raw subprocess wall; harness validates before offline digest dedup
DVE026,H4A_GEOMETRY_TRANSITION,4,False,NOT_APPLICABLE_NO_ORACLE_VALID,48,4,4,0,4,0,4,0,,False,,,,,,,,,0.007569638000859413,raw subprocess wall; harness validates before offline digest dedup
DVE026,H4A_GEOMETRY_TRANSITION,8,False,NOT_APPLICABLE_NO_ORACLE_VALID,48,8,6,2,6,0,6,0,,False,,,,,,,,,0.007162010999309132,raw subprocess wall; harness validates before offline digest dedup
DVE026,H4A_GEOMETRY_TRANSITION,12,False,NOT_APPLICABLE_NO_ORACLE_VALID,48,12,8,4,8,0,8,0,,False,,,,,,,,,0.006684104002488311,raw subprocess wall; harness validates before offline digest dedup
DVE026,H4A_GEOMETRY_TRANSITION,16,False,NOT_APPLICABLE_NO_ORACLE_VALID,48,16,9,7,9,0,9,0,,False,,,,,,,,,0.010295500000211177,raw subprocess wall; harness validates before offline digest dedup
DVE026,H4A_GEOMETRY_TRANSITION,24,False,NOT_APPLICABLE_NO_ORACLE_VALID,48,24,11,13,11,2,9,0,,False,,,,,,,,,0.00911912399897119,raw subprocess wall; harness validates before offline digest dedup
DVE026,H4B_GEOMETRY_LATERAL_TRANSITION,4,False,NOT_APPLICABLE_NO_ORACLE_VALID,48,4,3,1,3,0,3,0,,False,,,,,,,,,0.006782497999665793,raw subprocess wall; harness validates before offline digest dedup
DVE026,H4B_GEOMETRY_LATERAL_TRANSITION,8,False,NOT_APPLICABLE_NO_ORACLE_VALID,48,8,5,3,5,0,5,0,,False,,,,,,,,,0.006731540001055691,raw subprocess wall; harness validates before offline digest dedup
DVE026,H4B_GEOMETRY_LATERAL_TRANSITION,12,False,NOT_APPLICABLE_NO_ORACLE_VALID,48,12,6,6,6,0,6,0,,False,,,,,,,,,0.006771198000933509,raw subprocess wall; harness validates before offline digest dedup
DVE026,H4B_GEOMETRY_LATERAL_TRANSITION,16,False,NOT_APPLICABLE_NO_ORACLE_VALID,48,16,8,8,8,0,8,0,,False,,,,,,,,,0.007002397000178462,raw subprocess wall; harness validates before offline digest dedup
DVE026,H4B_GEOMETRY_LATERAL_TRANSITION,24,False,NOT_APPLICABLE_NO_ORACLE_VALID,48,24,9,15,9,0,9,0,,False,,,,,,,,,0.008755114999075886,raw subprocess wall; harness validates before offline digest dedup
DVE027,H3_FIXED_BOUNDED,4,False,NOT_APPLICABLE_NO_ORACLE_VALID,280,4,4,0,4,0,4,0,,False,,,,,,,,,0.01242794100107858,raw subprocess wall; harness validates before offline digest dedup
DVE027,H3_FIXED_BOUNDED,8,False,NOT_APPLICABLE_NO_ORACLE_VALID,280,8,8,0,8,0,8,0,,False,,,,,,,,,0.014268586000980577,raw subprocess wall; harness validates before offline digest dedup
DVE027,H3_FIXED_BOUNDED,12,False,NOT_APPLICABLE_NO_ORACLE_VALID,280,12,12,0,12,0,12,0,,False,,,,,,,,,0.0125958000026003,raw subprocess wall; harness validates before offline digest dedup
DVE027,H3_FIXED_BOUNDED,16,False,NOT_APPLICABLE_NO_ORACLE_VALID,280,16,16,0,16,0,16,0,,False,,,,,,,,,0.00994106600046507,raw subprocess wall; harness validates before offline digest dedup
DVE027,H3_FIXED_BOUNDED,24,False,NOT_APPLICABLE_NO_ORACLE_VALID,280,24,24,0,24,0,24,0,,False,,,,,,,,,0.01212352699803887,raw subprocess wall; harness validates before offline digest dedup
DVE027,H4A_GEOMETRY_TRANSITION,4,False,NOT_APPLICABLE_NO_ORACLE_VALID,280,4,4,0,4,0,4,0,,False,,,,,,,,,0.00920326999766985,raw subprocess wall; harness validates before offline digest dedup
DVE027,H4A_GEOMETRY_TRANSITION,8,False,NOT_APPLICABLE_NO_ORACLE_VALID,280,8,8,0,8,0,8,0,,False,,,,,,,,,0.011258283997449325,raw subprocess wall; harness validates before offline digest dedup
DVE027,H4A_GEOMETRY_TRANSITION,12,False,NOT_APPLICABLE_NO_ORACLE_VALID,280,12,12,0,12,0,12,0,,False,,,,,,,,,0.016460508999443846,raw subprocess wall; harness validates before offline digest dedup
DVE027,H4A_GEOMETRY_TRANSITION,16,False,NOT_APPLICABLE_NO_ORACLE_VALID,280,16,16,0,16,0,16,0,,False,,,,,,,,,0.025634521000029054,raw subprocess wall; harness validates before offline digest dedup
DVE027,H4A_GEOMETRY_TRANSITION,24,False,NOT_APPLICABLE_NO_ORACLE_VALID,280,24,24,0,24,0,24,0,,False,,,,,,,,,0.028343629997834796,raw subprocess wall; harness validates before offline digest dedup
DVE027,H4B_GEOMETRY_LATERAL_TRANSITION,4,False,NOT_APPLICABLE_NO_ORACLE_VALID,280,4,4,0,4,0,4,0,,False,,,,,,,,,0.012108050999813713,raw subprocess wall; harness validates before offline digest dedup
DVE027,H4B_GEOMETRY_LATERAL_TRANSITION,8,False,NOT_APPLICABLE_NO_ORACLE_VALID,280,8,8,0,8,0,8,0,,False,,,,,,,,,0.01749466099863639,raw subprocess wall; harness validates before offline digest dedup
DVE027,H4B_GEOMETRY_LATERAL_TRANSITION,12,False,NOT_APPLICABLE_NO_ORACLE_VALID,280,12,12,0,12,0,12,0,,False,,,,,,,,,0.012486001000070246,raw subprocess wall; harness validates before offline digest dedup
DVE027,H4B_GEOMETRY_LATERAL_TRANSITION,16,False,NOT_APPLICABLE_NO_ORACLE_VALID,280,16,16,0,16,0,16,0,,False,,,,,,,,,0.028272654002648778,raw subprocess wall; harness validates before offline digest dedup
DVE027,H4B_GEOMETRY_LATERAL_TRANSITION,24,False,NOT_APPLICABLE_NO_ORACLE_VALID,280,24,24,0,24,0,24,0,,False,,,,,,,,,0.028404109998518834,raw subprocess wall; harness validates before offline digest dedup
DVE028,H3_FIXED_BOUNDED,4,False,NOT_APPLICABLE_NO_ORACLE_VALID,34,4,3,1,3,1,2,0,,False,,,,,,,,,0.004044753997732187,raw subprocess wall; harness validates before offline digest dedup
DVE028,H3_FIXED_BOUNDED,8,False,NOT_APPLICABLE_NO_ORACLE_VALID,34,8,5,3,5,2,3,0,,False,,,,,,,,,0.004522726001596311,raw subprocess wall; harness validates before offline digest dedup
DVE028,H3_FIXED_BOUNDED,12,False,NOT_APPLICABLE_NO_ORACLE_VALID,34,12,6,6,6,3,3,0,,False,,,,,,,,,0.005218673002673313,raw subprocess wall; harness validates before offline digest dedup
DVE028,H3_FIXED_BOUNDED,16,False,NOT_APPLICABLE_NO_ORACLE_VALID,34,16,8,8,8,4,4,0,,False,,,,,,,,,0.007454434999090154,raw subprocess wall; harness validates before offline digest dedup
DVE028,H3_FIXED_BOUNDED,24,False,NOT_APPLICABLE_NO_ORACLE_VALID,34,24,8,16,8,4,4,0,,False,,,,,,,,,0.005040465002821293,raw subprocess wall; harness validates before offline digest dedup
DVE028,H4A_GEOMETRY_TRANSITION,4,False,NOT_APPLICABLE_NO_ORACLE_VALID,34,4,3,1,3,0,3,0,,False,,,,,,,,,0.004577450999931898,raw subprocess wall; harness validates before offline digest dedup
DVE028,H4A_GEOMETRY_TRANSITION,8,False,NOT_APPLICABLE_NO_ORACLE_VALID,34,8,4,4,4,0,4,0,,False,,,,,,,,,0.004233250001561828,raw subprocess wall; harness validates before offline digest dedup
DVE028,H4A_GEOMETRY_TRANSITION,12,False,NOT_APPLICABLE_NO_ORACLE_VALID,34,12,5,7,5,1,4,0,,False,,,,,,,,,0.004086541001015576,raw subprocess wall; harness validates before offline digest dedup
DVE028,H4A_GEOMETRY_TRANSITION,16,False,NOT_APPLICABLE_NO_ORACLE_VALID,34,16,5,11,5,1,4,0,,False,,,,,,,,,0.0044527450008899905,raw subprocess wall; harness validates before offline digest dedup
DVE028,H4A_GEOMETRY_TRANSITION,24,False,NOT_APPLICABLE_NO_ORACLE_VALID,34,24,8,16,8,4,4,0,,False,,,,,,,,,0.0048065929986478295,raw subprocess wall; harness validates before offline digest dedup
DVE028,H4B_GEOMETRY_LATERAL_TRANSITION,4,False,NOT_APPLICABLE_NO_ORACLE_VALID,34,4,3,1,3,0,3,0,,False,,,,,,,,,0.004229214999213582,raw subprocess wall; harness validates before offline digest dedup
DVE028,H4B_GEOMETRY_LATERAL_TRANSITION,8,False,NOT_APPLICABLE_NO_ORACLE_VALID,34,8,4,4,4,0,4,0,,False,,,,,,,,,0.004466401998797664,raw subprocess wall; harness validates before offline digest dedup
DVE028,H4B_GEOMETRY_LATERAL_TRANSITION,12,False,NOT_APPLICABLE_NO_ORACLE_VALID,34,12,4,8,4,0,4,0,,False,,,,,,,,,0.004572767000354361,raw subprocess wall; harness validates before offline digest dedup
DVE028,H4B_GEOMETRY_LATERAL_TRANSITION,16,False,NOT_APPLICABLE_NO_ORACLE_VALID,34,16,4,12,4,0,4,0,,False,,,,,,,,,0.004413301001477521,raw subprocess wall; harness validates before offline digest dedup
DVE028,H4B_GEOMETRY_LATERAL_TRANSITION,24,False,NOT_APPLICABLE_NO_ORACLE_VALID,34,24,8,16,8,4,4,0,,False,,,,,,,,,0.0052784130020882,raw subprocess wall; harness validates before offline digest dedup
DVE029,H3_FIXED_BOUNDED,4,True,TEMPLATE_OR_TRANSITION_SELECTION,1217,4,4,0,4,0,4,0,,False,,,,,,,,,0.02404205199854914,raw subprocess wall; harness validates before offline digest dedup
DVE029,H3_FIXED_BOUNDED,8,True,TEMPLATE_OR_TRANSITION_SELECTION,1217,8,8,0,8,0,8,0,,False,,,,,,,,,0.019903436001186492,raw subprocess wall; harness validates before offline digest dedup
DVE029,H3_FIXED_BOUNDED,12,True,TEMPLATE_OR_TRANSITION_SELECTION,1217,12,12,0,12,0,12,0,,False,,,,,,,,,0.023450860997400014,raw subprocess wall; harness validates before offline digest dedup
DVE029,H3_FIXED_BOUNDED,16,True,TEMPLATE_OR_TRANSITION_SELECTION,1217,16,16,0,16,0,16,0,,False,,,,,,,,,0.02228851000108989,raw subprocess wall; harness validates before offline digest dedup
DVE029,H3_FIXED_BOUNDED,24,True,TEMPLATE_OR_TRANSITION_SELECTION,1217,24,24,0,24,0,24,0,,False,,,,,,,,,0.022744294001313392,raw subprocess wall; harness validates before offline digest dedup
DVE029,H4A_GEOMETRY_TRANSITION,4,True,TEMPLATE_OR_TRANSITION_SELECTION,1217,4,4,0,4,0,4,0,,False,,,,,,,,,0.022738980002031894,raw subprocess wall; harness validates before offline digest dedup
DVE029,H4A_GEOMETRY_TRANSITION,8,True,TEMPLATE_OR_TRANSITION_SELECTION,1217,8,8,0,8,0,8,0,,False,,,,,,,,,0.023887497998657636,raw subprocess wall; harness validates before offline digest dedup
DVE029,H4A_GEOMETRY_TRANSITION,12,True,TEMPLATE_OR_TRANSITION_SELECTION,1217,12,12,0,12,0,12,0,,False,,,,,,,,,0.021852450001460966,raw subprocess wall; harness validates before offline digest dedup
DVE029,H4A_GEOMETRY_TRANSITION,16,True,TEMPLATE_OR_TRANSITION_SELECTION,1217,16,16,0,16,0,16,0,,False,,,,,,,,,0.022964242998568807,raw subprocess wall; harness validates before offline digest dedup
DVE029,H4A_GEOMETRY_TRANSITION,24,True,TEMPLATE_OR_TRANSITION_SELECTION,1217,24,24,0,24,0,24,0,,False,,,,,,,,,0.02505515999655472,raw subprocess wall; harness validates before offline digest dedup
DVE029,H4B_GEOMETRY_LATERAL_TRANSITION,4,True,TEMPLATE_OR_TRANSITION_SELECTION,1217,4,2,2,2,0,2,0,,False,,,,,,,,,0.02860217899797135,raw subprocess wall; harness validates before offline digest dedup
DVE029,H4B_GEOMETRY_LATERAL_TRANSITION,8,True,TEMPLATE_OR_TRANSITION_SELECTION,1217,8,6,2,6,0,6,0,,False,,,,,,,,,0.028072285997041035,raw subprocess wall; harness validates before offline digest dedup
DVE029,H4B_GEOMETRY_LATERAL_TRANSITION,12,True,TEMPLATE_OR_TRANSITION_SELECTION,1217,12,10,2,10,0,10,0,,False,,,,,,,,,0.03271819000292453,raw subprocess wall; harness validates before offline digest dedup
DVE029,H4B_GEOMETRY_LATERAL_TRANSITION,16,True,TEMPLATE_OR_TRANSITION_SELECTION,1217,16,14,2,14,0,14,0,,False,,,,,,,,,0.023586398998304503,raw subprocess wall; harness validates before offline digest dedup
DVE029,H4B_GEOMETRY_LATERAL_TRANSITION,24,True,TEMPLATE_OR_TRANSITION_SELECTION,1217,24,20,4,20,0,20,0,,False,,,,,,,,,0.02540948499881779,raw subprocess wall; harness validates before offline digest dedup
DVE030,H3_FIXED_BOUNDED,4,True,OTHER,48,4,4,0,4,2,2,0,,False,,,,,,,,,0.004436186998646008,raw subprocess wall; harness validates before offline digest dedup
DVE030,H3_FIXED_BOUNDED,8,True,OTHER,48,8,8,0,8,3,5,0,,False,,,,,,,,,0.005681427999661537,raw subprocess wall; harness validates before offline digest dedup
DVE030,H3_FIXED_BOUNDED,12,True,OTHER,48,12,12,0,12,5,7,0,,False,,,,,,,,,0.008147914002620382,raw subprocess wall; harness validates before offline digest dedup
DVE030,H3_FIXED_BOUNDED,16,True,OTHER,48,16,15,1,15,7,8,0,,False,,,,,,,,,0.008051757999055553,raw subprocess wall; harness validates before offline digest dedup
DVE030,H3_FIXED_BOUNDED,24,True,OTHER,48,24,20,4,20,9,11,0,,False,,,,,,,,,0.009198265001032269,raw subprocess wall; harness validates before offline digest dedup
DVE030,H4A_GEOMETRY_TRANSITION,4,True,OTHER,48,4,4,0,4,0,4,0,,False,,,,,,,,,0.008611613997345557,raw subprocess wall; harness validates before offline digest dedup
DVE030,H4A_GEOMETRY_TRANSITION,8,True,OTHER,48,8,8,0,8,0,8,0,,False,,,,,,,,,0.008897780997358495,raw subprocess wall; harness validates before offline digest dedup
DVE030,H4A_GEOMETRY_TRANSITION,12,True,OTHER,48,12,11,1,11,0,11,0,,False,,,,,,,,,0.00825866900049732,raw subprocess wall; harness validates before offline digest dedup
DVE030,H4A_GEOMETRY_TRANSITION,16,True,OTHER,48,16,13,3,13,0,13,0,,False,,,,,,,,,0.008105564000288723,raw subprocess wall; harness validates before offline digest dedup
DVE030,H4A_GEOMETRY_TRANSITION,24,True,OTHER,48,24,16,8,16,2,14,0,,False,,,,,,,,,0.00785786999767879,raw subprocess wall; harness validates before offline digest dedup
DVE030,H4B_GEOMETRY_LATERAL_TRANSITION,4,True,OTHER,48,4,4,0,4,0,4,0,,False,,,,,,,,,0.007542759998614201,raw subprocess wall; harness validates before offline digest dedup
DVE030,H4B_GEOMETRY_LATERAL_TRANSITION,8,True,OTHER,48,8,8,0,8,0,8,0,,False,,,,,,,,,0.00859154800127726,raw subprocess wall; harness validates before offline digest dedup
DVE030,H4B_GEOMETRY_LATERAL_TRANSITION,12,True,OTHER,48,12,9,3,9,0,9,0,,False,,,,,,,,,0.013197153002693085,raw subprocess wall; harness validates before offline digest dedup
DVE030,H4B_GEOMETRY_LATERAL_TRANSITION,16,True,OTHER,48,16,13,3,13,0,13,0,,False,,,,,,,,,0.01569815299808397,raw subprocess wall; harness validates before offline digest dedup
DVE030,H4B_GEOMETRY_LATERAL_TRANSITION,24,True,OTHER,48,24,14,10,14,0,14,0,,False,,,,,,,,,0.015510527002334129,raw subprocess wall; harness validates before offline digest dedup
DVE031,H3_FIXED_BOUNDED,4,True,TEMPLATE_OR_TRANSITION_SELECTION,191,4,4,0,4,0,4,0,,False,,,,,,,,,0.011336232000758173,raw subprocess wall; harness validates before offline digest dedup
DVE031,H3_FIXED_BOUNDED,8,True,TEMPLATE_OR_TRANSITION_SELECTION,191,8,8,0,8,0,8,0,,False,,,,,,,,,0.008997611999802757,raw subprocess wall; harness validates before offline digest dedup
DVE031,H3_FIXED_BOUNDED,12,True,TEMPLATE_OR_TRANSITION_SELECTION,191,12,12,0,12,0,12,0,,False,,,,,,,,,0.018976961000589654,raw subprocess wall; harness validates before offline digest dedup
DVE031,H3_FIXED_BOUNDED,16,True,TEMPLATE_OR_TRANSITION_SELECTION,191,16,16,0,16,0,16,0,,False,,,,,,,,,0.014383674999407958,raw subprocess wall; harness validates before offline digest dedup
DVE031,H3_FIXED_BOUNDED,24,True,TEMPLATE_OR_TRANSITION_SELECTION,191,24,24,0,24,0,24,1,RIGHT,True,RIGHT,-0.39937575623759919,-0.39937575623759919,1.310934367577036,3.9473573093269398,0.30300841011189494,0.48422769596434972,1.5,0.019947089000197593,raw subprocess wall; harness validates before offline digest dedup
DVE031,H4A_GEOMETRY_TRANSITION,4,True,TEMPLATE_OR_TRANSITION_SELECTION,191,4,4,0,4,0,4,2,RIGHT,True,RIGHT,-0.38769918093978328,-0.38769918093978328,1.310934367577036,7.3975462023963852,0.24833333333333332,0.35637238376957464,1.5,0.01826360300037777,raw subprocess wall; harness validates before offline digest dedup
DVE031,H4A_GEOMETRY_TRANSITION,8,True,TEMPLATE_OR_TRANSITION_SELECTION,191,8,8,0,8,0,8,3,RIGHT,True,RIGHT,-0.38769918093978328,-0.38769918093978328,1.310934367577036,7.3975462023963852,0.24833333333333332,0.35637238376957464,1.5,0.01736130800054525,raw subprocess wall; harness validates before offline digest dedup
DVE031,H4A_GEOMETRY_TRANSITION,12,True,TEMPLATE_OR_TRANSITION_SELECTION,191,12,11,1,11,0,11,4,RIGHT,True,RIGHT,-0.38769918093978328,-0.38769918093978328,1.310934367577036,3.9473573093269398,0.33751390071383519,0.49565679640157106,1.5,0.02166880000004312,raw subprocess wall; harness validates before offline digest dedup
DVE031,H4A_GEOMETRY_TRANSITION,16,True,TEMPLATE_OR_TRANSITION_SELECTION,191,16,13,3,13,0,13,4,RIGHT,True,RIGHT,-0.38769918093978328,-0.38769918093978328,1.310934367577036,3.9473573093269398,0.33751390071383519,0.49565679640157106,1.5,0.02197395799885271,raw subprocess wall; harness validates before offline digest dedup
DVE031,H4A_GEOMETRY_TRANSITION,24,True,TEMPLATE_OR_TRANSITION_SELECTION,191,24,19,5,19,0,19,4,RIGHT,True,RIGHT,-0.38769918093978328,-0.38769918093978328,1.310934367577036,3.9473573093269398,0.33751390071383519,0.49565679640157106,1.5,0.020029941999382572,raw subprocess wall; harness validates before offline digest dedup
DVE031,H4B_GEOMETRY_LATERAL_TRANSITION,4,True,TEMPLATE_OR_TRANSITION_SELECTION,191,4,4,0,4,0,4,2,RIGHT,True,RIGHT,-0.38769918093978328,-0.38769918093978328,1.310934367577036,7.3975462023963852,0.24833333333333332,0.35637238376957464,1.5,0.01947868400020525,raw subprocess wall; harness validates before offline digest dedup
DVE031,H4B_GEOMETRY_LATERAL_TRANSITION,8,True,TEMPLATE_OR_TRANSITION_SELECTION,191,8,7,1,7,0,7,2,RIGHT,True,RIGHT,-0.38769918093978328,-0.38769918093978328,1.310934367577036,7.3975462023963852,0.24833333333333332,0.35637238376957464,1.5,0.020975898998585762,raw subprocess wall; harness validates before offline digest dedup
DVE031,H4B_GEOMETRY_LATERAL_TRANSITION,12,True,TEMPLATE_OR_TRANSITION_SELECTION,191,12,10,2,10,0,10,2,RIGHT,True,RIGHT,-0.38769918093978328,-0.38769918093978328,1.310934367577036,7.3975462023963852,0.24833333333333332,0.35637238376957464,1.5,0.018525677001889562,raw subprocess wall; harness validates before offline digest dedup
DVE031,H4B_GEOMETRY_LATERAL_TRANSITION,16,True,TEMPLATE_OR_TRANSITION_SELECTION,191,16,11,5,11,0,11,3,RIGHT,True,RIGHT,-0.38769918093978328,-0.38769918093978328,1.310934367577036,7.3975462023963852,0.24833333333333332,0.35637238376957464,1.5,0.02109510900118039,raw subprocess wall; harness validates before offline digest dedup
DVE031,H4B_GEOMETRY_LATERAL_TRANSITION,24,True,TEMPLATE_OR_TRANSITION_SELECTION,191,24,15,9,15,0,15,4,RIGHT,True,RIGHT,-0.38769918093978328,-0.38769918093978328,1.310934367577036,3.9473573093269398,0.33751390071383519,0.49565679640157106,1.5,0.023132439000619343,raw subprocess wall; harness validates before offline digest dedup
DVE032,H3_FIXED_BOUNDED,4,True,OTHER,38,4,4,0,4,1,3,0,,False,,,,,,,,,0.01460099000178161,raw subprocess wall; harness validates before offline digest dedup
DVE032,H3_FIXED_BOUNDED,8,True,OTHER,38,8,8,0,8,3,5,0,,False,,,,,,,,,0.011289984002360143,raw subprocess wall; harness validates before offline digest dedup
DVE032,H3_FIXED_BOUNDED,12,True,OTHER,38,12,10,2,10,5,5,0,,False,,,,,,,,,0.015318622998165665,raw subprocess wall; harness validates before offline digest dedup
DVE032,H3_FIXED_BOUNDED,16,True,OTHER,38,16,12,4,12,5,7,0,,False,,,,,,,,,0.014497205000225222,raw subprocess wall; harness validates before offline digest dedup
DVE032,H3_FIXED_BOUNDED,24,True,OTHER,38,24,16,8,16,8,8,0,,False,,,,,,,,,0.018438150000292808,raw subprocess wall; harness validates before offline digest dedup
DVE032,H4A_GEOMETRY_TRANSITION,4,True,OTHER,38,4,4,0,4,0,4,0,,False,,,,,,,,,0.013517229999706615,raw subprocess wall; harness validates before offline digest dedup
DVE032,H4A_GEOMETRY_TRANSITION,8,True,OTHER,38,8,7,1,7,0,7,0,,False,,,,,,,,,0.015474209998501465,raw subprocess wall; harness validates before offline digest dedup
DVE032,H4A_GEOMETRY_TRANSITION,12,True,OTHER,38,12,8,4,8,0,8,0,,False,,,,,,,,,0.016581503998168046,raw subprocess wall; harness validates before offline digest dedup
DVE032,H4A_GEOMETRY_TRANSITION,16,True,OTHER,38,16,10,6,10,1,9,0,,False,,,,,,,,,0.015680721997341607,raw subprocess wall; harness validates before offline digest dedup
DVE032,H4A_GEOMETRY_TRANSITION,24,True,OTHER,38,24,14,10,14,5,9,0,,False,,,,,,,,,0.014968635001423536,raw subprocess wall; harness validates before offline digest dedup
DVE032,H4B_GEOMETRY_LATERAL_TRANSITION,4,True,OTHER,38,4,4,0,4,0,4,0,,False,,,,,,,,,0.013663575999089517,raw subprocess wall; harness validates before offline digest dedup
DVE032,H4B_GEOMETRY_LATERAL_TRANSITION,8,True,OTHER,38,8,5,3,5,0,5,0,,False,,,,,,,,,0.013371851997362683,raw subprocess wall; harness validates before offline digest dedup
DVE032,H4B_GEOMETRY_LATERAL_TRANSITION,12,True,OTHER,38,12,7,5,7,0,7,0,,False,,,,,,,,,0.015178629000729416,raw subprocess wall; harness validates before offline digest dedup
DVE032,H4B_GEOMETRY_LATERAL_TRANSITION,16,True,OTHER,38,16,8,8,8,0,8,0,,False,,,,,,,,,0.011589693000132684,raw subprocess wall; harness validates before offline digest dedup
DVE032,H4B_GEOMETRY_LATERAL_TRANSITION,24,True,OTHER,38,24,14,10,14,5,9,0,,False,,,,,,,,,0.008704349002073286,raw subprocess wall; harness validates before offline digest dedup
DVE033,H3_FIXED_BOUNDED,4,False,NOT_APPLICABLE_NO_ORACLE_VALID,48,4,4,0,4,2,2,0,,False,,,,,,,,,0.0056126540002878755,raw subprocess wall; harness validates before offline digest dedup
DVE033,H3_FIXED_BOUNDED,8,False,NOT_APPLICABLE_NO_ORACLE_VALID,48,8,7,1,7,3,4,0,,False,,,,,,,,,0.006107988003350329,raw subprocess wall; harness validates before offline digest dedup
DVE033,H3_FIXED_BOUNDED,12,False,NOT_APPLICABLE_NO_ORACLE_VALID,48,12,10,2,10,4,6,0,,False,,,,,,,,,0.007762789002299542,raw subprocess wall; harness validates before offline digest dedup
DVE033,H3_FIXED_BOUNDED,16,False,NOT_APPLICABLE_NO_ORACLE_VALID,48,16,12,4,12,6,6,0,,False,,,,,,,,,0.01212618499994278,raw subprocess wall; harness validates before offline digest dedup
DVE033,H3_FIXED_BOUNDED,24,False,NOT_APPLICABLE_NO_ORACLE_VALID,48,24,15,9,15,7,8,0,,False,,,,,,,,,0.009888798002066324,raw subprocess wall; harness validates before offline digest dedup
DVE033,H4A_GEOMETRY_TRANSITION,4,False,NOT_APPLICABLE_NO_ORACLE_VALID,48,4,4,0,4,0,4,0,,False,,,,,,,,,0.009418618999916362,raw subprocess wall; harness validates before offline digest dedup
DVE033,H4A_GEOMETRY_TRANSITION,8,False,NOT_APPLICABLE_NO_ORACLE_VALID,48,8,6,2,6,0,6,0,,False,,,,,,,,,0.010574634998192778,raw subprocess wall; harness validates before offline digest dedup
DVE033,H4A_GEOMETRY_TRANSITION,12,False,NOT_APPLICABLE_NO_ORACLE_VALID,48,12,8,4,8,0,8,0,,False,,,,,,,,,0.010639942000125302,raw subprocess wall; harness validates before offline digest dedup
DVE033,H4A_GEOMETRY_TRANSITION,16,False,NOT_APPLICABLE_NO_ORACLE_VALID,48,16,9,7,9,0,9,0,,False,,,,,,,,,0.012118061000364833,raw subprocess wall; harness validates before offline digest dedup
DVE033,H4A_GEOMETRY_TRANSITION,24,False,NOT_APPLICABLE_NO_ORACLE_VALID,48,24,11,13,11,2,9,0,,False,,,,,,,,,0.01270709500022349,raw subprocess wall; harness validates before offline digest dedup
DVE033,H4B_GEOMETRY_LATERAL_TRANSITION,4,False,NOT_APPLICABLE_NO_ORACLE_VALID,48,4,3,1,3,0,3,0,,False,,,,,,,,,0.00994247299968265,raw subprocess wall; harness validates before offline digest dedup
DVE033,H4B_GEOMETRY_LATERAL_TRANSITION,8,False,NOT_APPLICABLE_NO_ORACLE_VALID,48,8,5,3,5,0,5,0,,False,,,,,,,,,0.010562204999587266,raw subprocess wall; harness validates before offline digest dedup
DVE033,H4B_GEOMETRY_LATERAL_TRANSITION,12,False,NOT_APPLICABLE_NO_ORACLE_VALID,48,12,6,6,6,0,6,0,,False,,,,,,,,,0.010319257002265658,raw subprocess wall; harness validates before offline digest dedup
DVE033,H4B_GEOMETRY_LATERAL_TRANSITION,16,False,NOT_APPLICABLE_NO_ORACLE_VALID,48,16,7,9,7,0,7,0,,False,,,,,,,,,0.010574114003247814,raw subprocess wall; harness validates before offline digest dedup
DVE033,H4B_GEOMETRY_LATERAL_TRANSITION,24,False,NOT_APPLICABLE_NO_ORACLE_VALID,48,24,10,14,10,1,9,0,,False,,,,,,,,,0.011750054000003729,raw subprocess wall; harness validates before offline digest dedup
DVE034,H3_FIXED_BOUNDED,4,False,NOT_APPLICABLE_NO_ORACLE_VALID,84,4,4,0,4,2,2,0,,False,,,,,,,,,0.01206028900196543,raw subprocess wall; harness validates before offline digest dedup
DVE034,H3_FIXED_BOUNDED,8,False,NOT_APPLICABLE_NO_ORACLE_VALID,84,8,8,0,8,2,6,0,,False,,,,,,,,,0.014352824997331481,raw subprocess wall; harness validates before offline digest dedup
DVE034,H3_FIXED_BOUNDED,12,False,NOT_APPLICABLE_NO_ORACLE_VALID,84,12,12,0,12,3,9,0,,False,,,,,,,,,0.016456433000712423,raw subprocess wall; harness validates before offline digest dedup
DVE034,H3_FIXED_BOUNDED,16,False,NOT_APPLICABLE_NO_ORACLE_VALID,84,16,16,0,16,4,12,0,,False,,,,,,,,,0.015210885998385493,raw subprocess wall; harness validates before offline digest dedup
DVE034,H3_FIXED_BOUNDED,24,False,NOT_APPLICABLE_NO_ORACLE_VALID,84,24,24,0,24,6,18,0,,False,,,,,,,,,0.014880896000249777,raw subprocess wall; harness validates before offline digest dedup
DVE034,H4A_GEOMETRY_TRANSITION,4,False,NOT_APPLICABLE_NO_ORACLE_VALID,84,4,4,0,4,0,4,0,,False,,,,,,,,,0.00781660799839301,raw subprocess wall; harness validates before offline digest dedup
DVE034,H4A_GEOMETRY_TRANSITION,8,False,NOT_APPLICABLE_NO_ORACLE_VALID,84,8,8,0,8,0,8,0,,False,,,,,,,,,0.01786656500189565,raw subprocess wall; harness validates before offline digest dedup
DVE034,H4A_GEOMETRY_TRANSITION,12,False,NOT_APPLICABLE_NO_ORACLE_VALID,84,12,12,0,12,0,12,0,,False,,,,,,,,,0.017662220998317935,raw subprocess wall; harness validates before offline digest dedup
DVE034,H4A_GEOMETRY_TRANSITION,16,False,NOT_APPLICABLE_NO_ORACLE_VALID,84,16,16,0,16,0,16,0,,False,,,,,,,,,0.020409630000358447,raw subprocess wall; harness validates before offline digest dedup
DVE034,H4A_GEOMETRY_TRANSITION,24,False,NOT_APPLICABLE_NO_ORACLE_VALID,84,24,24,0,24,0,24,0,,False,,,,,,,,,0.015599927999573993,raw subprocess wall; harness validates before offline digest dedup
DVE034,H4B_GEOMETRY_LATERAL_TRANSITION,4,False,NOT_APPLICABLE_NO_ORACLE_VALID,84,4,4,0,4,0,4,0,,False,,,,,,,,,0.012783181002305355,raw subprocess wall; harness validates before offline digest dedup
DVE034,H4B_GEOMETRY_LATERAL_TRANSITION,8,False,NOT_APPLICABLE_NO_ORACLE_VALID,84,8,8,0,8,0,8,0,,False,,,,,,,,,0.017446524998376844,raw subprocess wall; harness validates before offline digest dedup
DVE034,H4B_GEOMETRY_LATERAL_TRANSITION,12,False,NOT_APPLICABLE_NO_ORACLE_VALID,84,12,12,0,12,0,12,0,,False,,,,,,,,,0.016766949000157183,raw subprocess wall; harness validates before offline digest dedup
DVE034,H4B_GEOMETRY_LATERAL_TRANSITION,16,False,NOT_APPLICABLE_NO_ORACLE_VALID,84,16,16,0,16,0,16,0,,False,,,,,,,,,0.01737527400109684,raw subprocess wall; harness validates before offline digest dedup
DVE034,H4B_GEOMETRY_LATERAL_TRANSITION,24,False,NOT_APPLICABLE_NO_ORACLE_VALID,84,24,24,0,24,0,24,0,,False,,,,,,,,,0.019815630999801215,raw subprocess wall; harness validates before offline digest dedup
DVE035,H3_FIXED_BOUNDED,4,False,NOT_APPLICABLE_NO_ORACLE_VALID,184,4,4,0,4,1,3,0,,False,,,,,,,,,0.017840019998402568,raw subprocess wall; harness validates before offline digest dedup
DVE035,H3_FIXED_BOUNDED,8,False,NOT_APPLICABLE_NO_ORACLE_VALID,184,8,8,0,8,2,6,0,,False,,,,,,,,,0.019765697998082032,raw subprocess wall; harness validates before offline digest dedup
DVE035,H3_FIXED_BOUNDED,12,False,NOT_APPLICABLE_NO_ORACLE_VALID,184,12,12,0,12,5,7,0,,False,,,,,,,,,0.019794018000538927,raw subprocess wall; harness validates before offline digest dedup
DVE035,H3_FIXED_BOUNDED,16,False,NOT_APPLICABLE_NO_ORACLE_VALID,184,16,16,0,16,6,10,0,,False,,,,,,,,,0.012863425999967149,raw subprocess wall; harness validates before offline digest dedup
DVE035,H3_FIXED_BOUNDED,24,False,NOT_APPLICABLE_NO_ORACLE_VALID,184,24,24,0,24,10,14,0,,False,,,,,,,,,0.024510888000804698,raw subprocess wall; harness validates before offline digest dedup
DVE035,H4A_GEOMETRY_TRANSITION,4,False,NOT_APPLICABLE_NO_ORACLE_VALID,184,4,4,0,4,0,4,0,,False,,,,,,,,,0.02008744900012971,raw subprocess wall; harness validates before offline digest dedup
DVE035,H4A_GEOMETRY_TRANSITION,8,False,NOT_APPLICABLE_NO_ORACLE_VALID,184,8,7,1,7,0,7,0,,False,,,,,,,,,0.01743615099985618,raw subprocess wall; harness validates before offline digest dedup
DVE035,H4A_GEOMETRY_TRANSITION,12,False,NOT_APPLICABLE_NO_ORACLE_VALID,184,12,10,2,10,0,10,0,,False,,,,,,,,,0.0213863630015112,raw subprocess wall; harness validates before offline digest dedup
DVE035,H4A_GEOMETRY_TRANSITION,16,False,NOT_APPLICABLE_NO_ORACLE_VALID,184,16,13,3,13,0,13,0,,False,,,,,,,,,0.013188921999244485,raw subprocess wall; harness validates before offline digest dedup
DVE035,H4A_GEOMETRY_TRANSITION,24,False,NOT_APPLICABLE_NO_ORACLE_VALID,184,24,18,6,18,1,17,0,,False,,,,,,,,,0.014114442001300631,raw subprocess wall; harness validates before offline digest dedup
DVE035,H4B_GEOMETRY_LATERAL_TRANSITION,4,False,NOT_APPLICABLE_NO_ORACLE_VALID,184,4,4,0,4,0,4,0,,False,,,,,,,,,0.012740133999614045,raw subprocess wall; harness validates before offline digest dedup
DVE035,H4B_GEOMETRY_LATERAL_TRANSITION,8,False,NOT_APPLICABLE_NO_ORACLE_VALID,184,8,6,2,6,0,6,0,,False,,,,,,,,,0.020249254997906974,raw subprocess wall; harness validates before offline digest dedup
DVE035,H4B_GEOMETRY_LATERAL_TRANSITION,12,False,NOT_APPLICABLE_NO_ORACLE_VALID,184,12,8,4,8,0,8,0,,False,,,,,,,,,0.022548959001142066,raw subprocess wall; harness validates before offline digest dedup
DVE035,H4B_GEOMETRY_LATERAL_TRANSITION,16,False,NOT_APPLICABLE_NO_ORACLE_VALID,184,16,10,6,10,0,10,0,,False,,,,,,,,,0.02172721399983857,raw subprocess wall; harness validates before offline digest dedup
DVE035,H4B_GEOMETRY_LATERAL_TRANSITION,24,False,NOT_APPLICABLE_NO_ORACLE_VALID,184,24,14,10,14,0,14,0,,False,,,,,,,,,0.019921615999919595,raw subprocess wall; harness validates before offline digest dedup
DVE036,H3_FIXED_BOUNDED,4,False,NOT_APPLICABLE_NO_ORACLE_VALID,149,4,4,0,4,0,4,0,,False,,,,,,,,,0.010958744998788461,raw subprocess wall; harness validates before offline digest dedup
DVE036,H3_FIXED_BOUNDED,8,False,NOT_APPLICABLE_NO_ORACLE_VALID,149,8,8,0,8,0,8,0,,False,,,,,,,,,0.0071928680008568335,raw subprocess wall; harness validates before offline digest dedup
DVE036,H3_FIXED_BOUNDED,12,False,NOT_APPLICABLE_NO_ORACLE_VALID,149,12,12,0,12,0,12,0,,False,,,,,,,,,0.006929713999852538,raw subprocess wall; harness validates before offline digest dedup
DVE036,H3_FIXED_BOUNDED,16,False,NOT_APPLICABLE_NO_ORACLE_VALID,149,16,16,0,16,0,16,0,,False,,,,,,,,,0.006704348998027854,raw subprocess wall; harness validates before offline digest dedup
DVE036,H3_FIXED_BOUNDED,24,False,NOT_APPLICABLE_NO_ORACLE_VALID,149,24,21,3,21,0,21,0,,False,,,,,,,,,0.00864060599997174,raw subprocess wall; harness validates before offline digest dedup
DVE036,H4A_GEOMETRY_TRANSITION,4,False,NOT_APPLICABLE_NO_ORACLE_VALID,149,4,3,1,3,0,3,0,,False,,,,,,,,,0.01119547700000112,raw subprocess wall; harness validates before offline digest dedup
DVE036,H4A_GEOMETRY_TRANSITION,8,False,NOT_APPLICABLE_NO_ORACLE_VALID,149,8,6,2,6,0,6,0,,False,,,,,,,,,0.016225775001657894,raw subprocess wall; harness validates before offline digest dedup
DVE036,H4A_GEOMETRY_TRANSITION,12,False,NOT_APPLICABLE_NO_ORACLE_VALID,149,12,8,4,8,0,8,0,,False,,,,,,,,,0.016183995998289902,raw subprocess wall; harness validates before offline digest dedup
DVE036,H4A_GEOMETRY_TRANSITION,16,False,NOT_APPLICABLE_NO_ORACLE_VALID,149,16,9,7,9,0,9,0,,False,,,,,,,,,0.011523917000886286,raw subprocess wall; harness validates before offline digest dedup
DVE036,H4A_GEOMETRY_TRANSITION,24,False,NOT_APPLICABLE_NO_ORACLE_VALID,149,24,14,10,14,0,14,0,,False,,,,,,,,,0.018684030997974332,raw subprocess wall; harness validates before offline digest dedup
DVE036,H4B_GEOMETRY_LATERAL_TRANSITION,4,False,NOT_APPLICABLE_NO_ORACLE_VALID,149,4,3,1,3,0,3,0,,False,,,,,,,,,0.012244244000612525,raw subprocess wall; harness validates before offline digest dedup
DVE036,H4B_GEOMETRY_LATERAL_TRANSITION,8,False,NOT_APPLICABLE_NO_ORACLE_VALID,149,8,5,3,5,0,5,0,,False,,,,,,,,,0.017768334000720643,raw subprocess wall; harness validates before offline digest dedup
DVE036,H4B_GEOMETRY_LATERAL_TRANSITION,12,False,NOT_APPLICABLE_NO_ORACLE_VALID,149,12,6,6,6,0,6,0,,False,,,,,,,,,0.01897905800069566,raw subprocess wall; harness validates before offline digest dedup
DVE036,H4B_GEOMETRY_LATERAL_TRANSITION,16,False,NOT_APPLICABLE_NO_ORACLE_VALID,149,16,6,10,6,0,6,0,,False,,,,,,,,,0.01773761600270518,raw subprocess wall; harness validates before offline digest dedup
DVE036,H4B_GEOMETRY_LATERAL_TRANSITION,24,False,NOT_APPLICABLE_NO_ORACLE_VALID,149,24,9,15,9,0,9,0,,False,,,,,,,,,0.013138964997779112,raw subprocess wall; harness validates before offline digest dedup
DVE037,H3_FIXED_BOUNDED,4,True,OTHER,45,4,4,0,4,0,4,0,,False,,,,,,,,,0.006577040003321599,raw subprocess wall; harness validates before offline digest dedup
DVE037,H3_FIXED_BOUNDED,8,True,OTHER,45,8,8,0,8,0,8,0,,False,,,,,,,,,0.010063458001241088,raw subprocess wall; harness validates before offline digest dedup
DVE037,H3_FIXED_BOUNDED,12,True,OTHER,45,12,12,0,12,0,12,0,,False,,,,,,,,,0.009965411001758184,raw subprocess wall; harness validates before offline digest dedup
DVE037,H3_FIXED_BOUNDED,16,True,OTHER,45,16,16,0,16,0,16,0,,False,,,,,,,,,0.012106594997021602,raw subprocess wall; harness validates before offline digest dedup
DVE037,H3_FIXED_BOUNDED,24,True,OTHER,45,24,24,0,24,0,24,0,,False,,,,,,,,,0.014747517001524102,raw subprocess wall; harness validates before offline digest dedup
DVE037,H4A_GEOMETRY_TRANSITION,4,True,OTHER,45,4,4,0,4,0,4,0,,False,,,,,,,,,0.009298265998950228,raw subprocess wall; harness validates before offline digest dedup
DVE037,H4A_GEOMETRY_TRANSITION,8,True,OTHER,45,8,8,0,8,0,8,0,,False,,,,,,,,,0.010442206999869086,raw subprocess wall; harness validates before offline digest dedup
DVE037,H4A_GEOMETRY_TRANSITION,12,True,OTHER,45,12,12,0,12,0,12,0,,False,,,,,,,,,0.01102275200173608,raw subprocess wall; harness validates before offline digest dedup
DVE037,H4A_GEOMETRY_TRANSITION,16,True,OTHER,45,16,16,0,16,0,16,0,,False,,,,,,,,,0.012233222998474957,raw subprocess wall; harness validates before offline digest dedup
DVE037,H4A_GEOMETRY_TRANSITION,24,True,OTHER,45,24,24,0,24,0,24,0,,False,,,,,,,,,0.01815600000190898,raw subprocess wall; harness validates before offline digest dedup
DVE037,H4B_GEOMETRY_LATERAL_TRANSITION,4,True,OTHER,45,4,4,0,4,0,4,0,,False,,,,,,,,,0.01049396799862734,raw subprocess wall; harness validates before offline digest dedup
DVE037,H4B_GEOMETRY_LATERAL_TRANSITION,8,True,OTHER,45,8,8,0,8,0,8,0,,False,,,,,,,,,0.010883361999731278,raw subprocess wall; harness validates before offline digest dedup
DVE037,H4B_GEOMETRY_LATERAL_TRANSITION,12,True,OTHER,45,12,12,0,12,0,12,0,,False,,,,,,,,,0.013032096001552418,raw subprocess wall; harness validates before offline digest dedup
DVE037,H4B_GEOMETRY_LATERAL_TRANSITION,16,True,OTHER,45,16,16,0,16,0,16,0,,False,,,,,,,,,0.014776300002267817,raw subprocess wall; harness validates before offline digest dedup
DVE037,H4B_GEOMETRY_LATERAL_TRANSITION,24,True,OTHER,45,24,24,0,24,0,24,0,,False,,,,,,,,,0.015981260999978986,raw subprocess wall; harness validates before offline digest dedup
DVE038,H3_FIXED_BOUNDED,4,True,TEMPLATE_OR_TRANSITION_SELECTION,48,4,4,0,4,0,4,1,RIGHT,True,RIGHT,-0.47832715344358734,-0.59847569698721892,0.71366941165554731,0.49716841625749453,0.014878018447071916,0.0035487050249241384,0.040085689492573628,0.010595226998702856,raw subprocess wall; harness validates before offline digest dedup
DVE038,H3_FIXED_BOUNDED,8,True,TEMPLATE_OR_TRANSITION_SELECTION,48,8,8,0,8,0,8,2,RIGHT,True,RIGHT,-0.47832715344358734,-0.59847569698721892,0.71366941165554731,0.49716841625749453,0.014878018447071916,0.0035487050249241384,0.040085689492573628,0.010605509996821638,raw subprocess wall; harness validates before offline digest dedup
DVE038,H3_FIXED_BOUNDED,12,True,TEMPLATE_OR_TRANSITION_SELECTION,48,12,12,0,12,0,12,4,RIGHT,True,RIGHT,-0.47832715344358734,-0.53840142521540313,0.71366941165554731,0.49716841625749453,0.014840376912801304,0.0017718122125404481,0.022260565369201957,0.009669032999227056,raw subprocess wall; harness validates before offline digest dedup
DVE038,H3_FIXED_BOUNDED,16,True,TEMPLATE_OR_TRANSITION_SELECTION,48,16,16,0,16,0,16,7,RIGHT,True,RIGHT,-0.47832715344358734,-0.53840142521540313,0.71366941165554731,0.49716841625749453,0.014840376912801304,0.0017718122125404481,0.022260565369201957,0.011254418001044542,raw subprocess wall; harness validates before offline digest dedup
DVE038,H3_FIXED_BOUNDED,24,True,TEMPLATE_OR_TRANSITION_SELECTION,48,24,24,0,24,0,24,11,RIGHT,True,RIGHT,-0.47832715344358734,-0.53840142521540313,0.71366941165554731,0.49716841625749453,0.014840376912801304,0.0017718122125404481,0.022260565369201957,0.012022498998703668,raw subprocess wall; harness validates before offline digest dedup
DVE038,H4A_GEOMETRY_TRANSITION,4,True,TEMPLATE_OR_TRANSITION_SELECTION,48,4,4,0,4,0,4,0,,False,,,,,,,,,0.010822117001225706,raw subprocess wall; harness validates before offline digest dedup
DVE038,H4A_GEOMETRY_TRANSITION,8,True,TEMPLATE_OR_TRANSITION_SELECTION,48,8,8,0,8,0,8,1,RIGHT,True,RIGHT,-0.53021354548082844,-0.59847569698721892,0.51458109301505117,0.49716841625749453,0.036454117436960254,0.0026604620982252705,0.076885893141130035,0.01138971700129332,raw subprocess wall; harness validates before offline digest dedup
DVE038,H4A_GEOMETRY_TRANSITION,12,True,TEMPLATE_OR_TRANSITION_SELECTION,48,12,12,0,12,0,12,3,RIGHT,True,RIGHT,-0.53021354548082844,-0.56434462123402374,0.51458109301505117,0.49716841625749453,0.036454117436960254,0.00065307013403218678,0.066680085453243554,0.005820883001433685,raw subprocess wall; harness validates before offline digest dedup
DVE038,H4A_GEOMETRY_TRANSITION,16,True,TEMPLATE_OR_TRANSITION_SELECTION,48,16,16,0,16,0,16,4,RIGHT,True,RIGHT,-0.53021354548082844,-0.56434462123402374,0.51458109301505117,0.49716841625749453,0.036454117436960254,0.00065307013403218678,0.066680085453243554,0.011722430997906486,raw subprocess wall; harness validates before offline digest dedup
DVE038,H4A_GEOMETRY_TRANSITION,24,True,TEMPLATE_OR_TRANSITION_SELECTION,48,24,24,0,24,0,24,7,RIGHT,True,RIGHT,-0.53021354548082844,-0.56434462123402374,0.51458109301505117,0.49716841625749453,0.036454117436960254,0.00065307013403218678,0.066680085453243554,0.010272937997797271,raw subprocess wall; harness validates before offline digest dedup
DVE038,H4B_GEOMETRY_LATERAL_TRANSITION,4,True,TEMPLATE_OR_TRANSITION_SELECTION,48,4,4,0,4,0,4,3,RIGHT,True,RIGHT,-0.58597569698721896,-0.59847569698721892,0.51458109301505117,0.49716841625749453,0.036454117436960254,0.024371598526763218,0.11568557807586277,0.009221141001034994,raw subprocess wall; harness validates before offline digest dedup
DVE038,H4B_GEOMETRY_LATERAL_TRANSITION,8,True,TEMPLATE_OR_TRANSITION_SELECTION,48,8,8,0,8,0,8,4,RIGHT,True,RIGHT,-0.53021354548082844,-0.59847569698721892,0.51458109301505117,0.49716841625749453,0.036454117436960254,0.0026604620982252705,0.076885893141130035,0.011192468999070115,raw subprocess wall; harness validates before offline digest dedup
DVE038,H4B_GEOMETRY_LATERAL_TRANSITION,12,True,TEMPLATE_OR_TRANSITION_SELECTION,48,12,12,0,12,0,12,5,RIGHT,True,RIGHT,-0.53021354548082844,-0.56434462123402374,0.51458109301505117,0.49716841625749453,0.036454117436960254,0.00065307013403218678,0.066680085453243554,0.013935218001279281,raw subprocess wall; harness validates before offline digest dedup
DVE038,H4B_GEOMETRY_LATERAL_TRANSITION,16,True,TEMPLATE_OR_TRANSITION_SELECTION,48,16,16,0,16,0,16,6,RIGHT,True,RIGHT,-0.53021354548082844,-0.56434462123402374,0.51458109301505117,0.49716841625749453,0.036454117436960254,0.00065307013403218678,0.066680085453243554,0.012659271000302397,raw subprocess wall; harness validates before offline digest dedup
DVE038,H4B_GEOMETRY_LATERAL_TRANSITION,24,True,TEMPLATE_OR_TRANSITION_SELECTION,48,24,24,0,24,0,24,9,RIGHT,True,RIGHT,-0.53021354548082844,-0.56434462123402374,0.51458109301505117,0.49716841625749453,0.036454117436960254,0.00065307013403218678,0.066680085453243554,0.015814082998986123,raw subprocess wall; harness validates before offline digest dedup
DVE039,H3_FIXED_BOUNDED,4,True,S_PROBE_DOMINANT,618,4,4,0,4,0,4,0,,False,,,,,,,,,0.026273565999872517,raw subprocess wall; harness validates before offline digest dedup
DVE039,H3_FIXED_BOUNDED,8,True,S_PROBE_DOMINANT,618,8,8,0,8,0,8,0,,False,,,,,,,,,0.022389054000086617,raw subprocess wall; harness validates before offline digest dedup
DVE039,H3_FIXED_BOUNDED,12,True,S_PROBE_DOMINANT,618,12,12,0,12,0,12,0,,False,,,,,,,,,0.017664425999100786,raw subprocess wall; harness validates before offline digest dedup
DVE039,H3_FIXED_BOUNDED,16,True,S_PROBE_DOMINANT,618,16,16,0,16,0,16,0,,False,,,,,,,,,0.016444409000541782,raw subprocess wall; harness validates before offline digest dedup
DVE039,H3_FIXED_BOUNDED,24,True,S_PROBE_DOMINANT,618,24,24,0,24,0,24,0,,False,,,,,,,,,0.021114056999067543,raw subprocess wall; harness validates before offline digest dedup
DVE039,H4A_GEOMETRY_TRANSITION,4,True,S_PROBE_DOMINANT,618,4,4,0,4,0,4,0,,False,,,,,,,,,0.015338344001065707,raw subprocess wall; harness validates before offline digest dedup
DVE039,H4A_GEOMETRY_TRANSITION,8,True,S_PROBE_DOMINANT,618,8,8,0,8,0,8,0,,False,,,,,,,,,0.021469772000273224,raw subprocess wall; harness validates before offline digest dedup
DVE039,H4A_GEOMETRY_TRANSITION,12,True,S_PROBE_DOMINANT,618,12,12,0,12,0,12,0,,False,,,,,,,,,0.018995893002283992,raw subprocess wall; harness validates before offline digest dedup
DVE039,H4A_GEOMETRY_TRANSITION,16,True,S_PROBE_DOMINANT,618,16,16,0,16,0,16,0,,False,,,,,,,,,0.016592228999797953,raw subprocess wall; harness validates before offline digest dedup
DVE039,H4A_GEOMETRY_TRANSITION,24,True,S_PROBE_DOMINANT,618,24,24,0,24,0,24,0,,False,,,,,,,,,0.020615486999304267,raw subprocess wall; harness validates before offline digest dedup
DVE039,H4B_GEOMETRY_LATERAL_TRANSITION,4,True,S_PROBE_DOMINANT,618,4,4,0,4,0,4,0,,False,,,,,,,,,0.01536257900079363,raw subprocess wall; harness validates before offline digest dedup
DVE039,H4B_GEOMETRY_LATERAL_TRANSITION,8,True,S_PROBE_DOMINANT,618,8,8,0,8,0,8,0,,False,,,,,,,,,0.024719163000554545,raw subprocess wall; harness validates before offline digest dedup
DVE039,H4B_GEOMETRY_LATERAL_TRANSITION,12,True,S_PROBE_DOMINANT,618,12,12,0,12,0,12,1,LEFT,True,LEFT,0.78285790520309773,0.78285790520309773,1.310934367577036,5.7601554773499748,0.0066477486681809266,0.0066564354858103317,0.49392055964199599,0.018519713998102816,raw subprocess wall; harness validates before offline digest dedup
DVE039,H4B_GEOMETRY_LATERAL_TRANSITION,16,True,S_PROBE_DOMINANT,618,16,16,0,16,0,16,1,LEFT,True,LEFT,0.78285790520309773,0.78285790520309773,1.310934367577036,5.7601554773499748,0.0066477486681809266,0.0066564354858103317,0.49392055964199599,0.0157063320002635,raw subprocess wall; harness validates before offline digest dedup
DVE039,H4B_GEOMETRY_LATERAL_TRANSITION,24,True,S_PROBE_DOMINANT,618,24,24,0,24,0,24,1,LEFT,True,LEFT,0.78285790520309773,0.78285790520309773,1.310934367577036,5.7601554773499748,0.0066477486681809266,0.0066564354858103317,0.49392055964199599,0.021319247000064934,raw subprocess wall; harness validates before offline digest dedup
DVE040,H3_FIXED_BOUNDED,4,False,NOT_APPLICABLE_NO_ORACLE_VALID,143,4,4,0,4,1,3,0,,False,,,,,,,,,0.008003025999641977,raw subprocess wall; harness validates before offline digest dedup
DVE040,H3_FIXED_BOUNDED,8,False,NOT_APPLICABLE_NO_ORACLE_VALID,143,8,8,0,8,2,6,0,,False,,,,,,,,,0.015446270997927058,raw subprocess wall; harness validates before offline digest dedup
DVE040,H3_FIXED_BOUNDED,12,False,NOT_APPLICABLE_NO_ORACLE_VALID,143,12,11,1,11,4,7,0,,False,,,,,,,,,0.01401971700033755,raw subprocess wall; harness validates before offline digest dedup
DVE040,H3_FIXED_BOUNDED,16,False,NOT_APPLICABLE_NO_ORACLE_VALID,143,16,14,2,14,5,9,0,,False,,,,,,,,,0.018811483998433687,raw subprocess wall; harness validates before offline digest dedup
DVE040,H3_FIXED_BOUNDED,24,False,NOT_APPLICABLE_NO_ORACLE_VALID,143,24,17,7,17,7,10,0,,False,,,,,,,,,0.020644492000428727,raw subprocess wall; harness validates before offline digest dedup
DVE040,H4A_GEOMETRY_TRANSITION,4,False,NOT_APPLICABLE_NO_ORACLE_VALID,143,4,3,1,3,0,3,0,,False,,,,,,,,,0.014389279000170063,raw subprocess wall; harness validates before offline digest dedup
DVE040,H4A_GEOMETRY_TRANSITION,8,False,NOT_APPLICABLE_NO_ORACLE_VALID,143,8,5,3,5,0,5,0,,False,,,,,,,,,0.01337211400095839,raw subprocess wall; harness validates before offline digest dedup
DVE040,H4A_GEOMETRY_TRANSITION,12,False,NOT_APPLICABLE_NO_ORACLE_VALID,143,12,6,6,6,0,6,0,,False,,,,,,,,,0.01995552799780853,raw subprocess wall; harness validates before offline digest dedup
DVE040,H4A_GEOMETRY_TRANSITION,16,False,NOT_APPLICABLE_NO_ORACLE_VALID,143,16,8,8,8,0,8,0,,False,,,,,,,,,0.022076952998759225,raw subprocess wall; harness validates before offline digest dedup
DVE040,H4A_GEOMETRY_TRANSITION,24,False,NOT_APPLICABLE_NO_ORACLE_VALID,143,24,12,12,12,1,11,0,,False,,,,,,,,,0.017633700001169927,raw subprocess wall; harness validates before offline digest dedup
DVE040,H4B_GEOMETRY_LATERAL_TRANSITION,4,False,NOT_APPLICABLE_NO_ORACLE_VALID,143,4,2,2,2,0,2,0,,False,,,,,,,,,0.012901733000035165,raw subprocess wall; harness validates before offline digest dedup
DVE040,H4B_GEOMETRY_LATERAL_TRANSITION,8,False,NOT_APPLICABLE_NO_ORACLE_VALID,143,8,3,5,3,0,3,0,,False,,,,,,,,,0.01990707100048894,raw subprocess wall; harness validates before offline digest dedup
DVE040,H4B_GEOMETRY_LATERAL_TRANSITION,12,False,NOT_APPLICABLE_NO_ORACLE_VALID,143,12,4,8,4,0,4,0,,False,,,,,,,,,0.01617083600285696,raw subprocess wall; harness validates before offline digest dedup
DVE040,H4B_GEOMETRY_LATERAL_TRANSITION,16,False,NOT_APPLICABLE_NO_ORACLE_VALID,143,16,6,10,6,0,6,0,,False,,,,,,,,,0.021069610000267858,raw subprocess wall; harness validates before offline digest dedup
DVE040,H4B_GEOMETRY_LATERAL_TRANSITION,24,False,NOT_APPLICABLE_NO_ORACLE_VALID,143,24,8,16,8,0,8,0,,False,,,,,,,,,0.02342557199881412,raw subprocess wall; harness validates before offline digest dedup
