control_event_id,selector,budget_k,dataset_role,production_digest_parity,production_hard_valid_count,production_hard_valid_side_availability,production_selected_side,production_selected_minimum_normalized_safety_slack,production_selected_footprint_track_margin_m,production_selected_obstacle_margin_m,proposed_selected_exact_tuple_count,proposed_construction_guard_reject_count,proposed_duplicate_path_count,proposed_deduplicated_validator_calls,proposed_hard_valid_count,proposed_generates_hard_valid,proposed_hard_valid_side_availability,production_selected_side_available_in_proposed,proposed_best_minimum_normalized_safety_slack,proposed_minus_production_normalized_safety_slack,proposed_best_footprint_track_margin_m,proposed_minus_production_footprint_margin_m,proposed_best_obstacle_margin_m,proposed_minus_production_obstacle_margin_m,offline_audit_harness_wall_runtime_s,deployment_fallback_behavior,deployment_additional_validator_calls_on_success,deployment_selected_path_changed
SCE001,H3_FIXED_BOUNDED,4,PILOT_SEEN_DEVELOPMENT_DATA_SUCCESS_CONTROL_AUXILIARY,True,2,LEFT,LEFT,0.017483366486120217,0.005189512818077814,0.026225049729180328,4,0,0,4,1,True,LEFT,True,0.017483366486120349,1.3183898417423734e-16,0.0051895128179982111,-7.960299086562372e-14,0.026225049729180522,1.942890293094024e-16,0.0070001659987610765,PRODUCTION_FIRST_SKIP_PROPOSED_STAGE_WHEN_PRODUCTION_HARD_VALID,0,False
SCE001,H3_FIXED_BOUNDED,8,PILOT_SEEN_DEVELOPMENT_DATA_SUCCESS_CONTROL_AUXILIARY,True,2,LEFT,LEFT,0.017483366486120217,0.005189512818077814,0.026225049729180328,8,0,0,8,2,True,LEFT,True,0.017483366486120349,1.3183898417423734e-16,0.0051895128179982111,-7.960299086562372e-14,0.026225049729180522,1.942890293094024e-16,0.008713819999684347,PRODUCTION_FIRST_SKIP_PROPOSED_STAGE_WHEN_PRODUCTION_HARD_VALID,0,False
SCE001,H3_FIXED_BOUNDED,12,PILOT_SEEN_DEVELOPMENT_DATA_SUCCESS_CONTROL_AUXILIARY,True,2,LEFT,LEFT,0.017483366486120217,0.005189512818077814,0.026225049729180328,12,0,0,12,3,True,LEFT,True,0.017483366486120349,1.3183898417423734e-16,0.0051895128179982111,-7.960299086562372e-14,0.026225049729180522,1.942890293094024e-16,0.007090243001584895,PRODUCTION_FIRST_SKIP_PROPOSED_STAGE_WHEN_PRODUCTION_HARD_VALID,0,False
SCE001,H3_FIXED_BOUNDED,16,PILOT_SEEN_DEVELOPMENT_DATA_SUCCESS_CONTROL_AUXILIARY,True,2,LEFT,LEFT,0.017483366486120217,0.005189512818077814,0.026225049729180328,16,0,0,16,5,True,LEFT,True,0.00201174176622713,-0.015471624719893088,0.0052368295716939475,4.731675361613341e-05,0.0030176126493406952,-0.023207437079839632,0.008169556000211742,PRODUCTION_FIRST_SKIP_PROPOSED_STAGE_WHEN_PRODUCTION_HARD_VALID,0,False
SCE001,H3_FIXED_BOUNDED,24,PILOT_SEEN_DEVELOPMENT_DATA_SUCCESS_CONTROL_AUXILIARY,True,2,LEFT,LEFT,0.017483366486120217,0.005189512818077814,0.026225049729180328,24,0,0,24,7,True,LEFT,True,0.00201174176622713,-0.015471624719893088,0.0052368295716939475,4.731675361613341e-05,0.0030176126493406952,-0.023207437079839632,0.017222474998561665,PRODUCTION_FIRST_SKIP_PROPOSED_STAGE_WHEN_PRODUCTION_HARD_VALID,0,False
SCE001,H4A_GEOMETRY_TRANSITION,4,PILOT_SEEN_DEVELOPMENT_DATA_SUCCESS_CONTROL_AUXILIARY,True,2,LEFT,LEFT,0.017483366486120217,0.005189512818077814,0.026225049729180328,4,0,0,4,2,True,LEFT,True,0.00201174176622713,-0.015471624719893088,0.0052368295716939475,4.731675361613341e-05,0.0030176126493406952,-0.023207437079839632,0.019912282998120645,PRODUCTION_FIRST_SKIP_PROPOSED_STAGE_WHEN_PRODUCTION_HARD_VALID,0,False
SCE001,H4A_GEOMETRY_TRANSITION,8,PILOT_SEEN_DEVELOPMENT_DATA_SUCCESS_CONTROL_AUXILIARY,True,2,LEFT,LEFT,0.017483366486120217,0.005189512818077814,0.026225049729180328,8,0,0,8,4,True,LEFT,True,0.00201174176622713,-0.015471624719893088,0.0052368295716939475,4.731675361613341e-05,0.0030176126493406952,-0.023207437079839632,0.01772333000189974,PRODUCTION_FIRST_SKIP_PROPOSED_STAGE_WHEN_PRODUCTION_HARD_VALID,0,False
SCE001,H4A_GEOMETRY_TRANSITION,12,PILOT_SEEN_DEVELOPMENT_DATA_SUCCESS_CONTROL_AUXILIARY,True,2,LEFT,LEFT,0.017483366486120217,0.005189512818077814,0.026225049729180328,12,0,0,12,5,True,LEFT,True,0.00201174176622713,-0.015471624719893088,0.0052368295716939475,4.731675361613341e-05,0.0030176126493406952,-0.023207437079839632,0.019023709999601124,PRODUCTION_FIRST_SKIP_PROPOSED_STAGE_WHEN_PRODUCTION_HARD_VALID,0,False
SCE001,H4A_GEOMETRY_TRANSITION,16,PILOT_SEEN_DEVELOPMENT_DATA_SUCCESS_CONTROL_AUXILIARY,True,2,LEFT,LEFT,0.017483366486120217,0.005189512818077814,0.026225049729180328,16,0,0,16,7,True,LEFT,True,0.00201174176622713,-0.015471624719893088,0.0052368295716939475,4.731675361613341e-05,0.0030176126493406952,-0.023207437079839632,0.025386084002093412,PRODUCTION_FIRST_SKIP_PROPOSED_STAGE_WHEN_PRODUCTION_HARD_VALID,0,False
SCE001,H4A_GEOMETRY_TRANSITION,24,PILOT_SEEN_DEVELOPMENT_DATA_SUCCESS_CONTROL_AUXILIARY,True,2,LEFT,LEFT,0.017483366486120217,0.005189512818077814,0.026225049729180328,24,0,0,24,9,True,LEFT,True,0.00201174176622713,-0.015471624719893088,0.0052368295716939475,4.731675361613341e-05,0.0030176126493406952,-0.023207437079839632,0.024593063000793336,PRODUCTION_FIRST_SKIP_PROPOSED_STAGE_WHEN_PRODUCTION_HARD_VALID,0,False
SCE001,H4B_GEOMETRY_LATERAL_TRANSITION,4,PILOT_SEEN_DEVELOPMENT_DATA_SUCCESS_CONTROL_AUXILIARY,True,2,LEFT,LEFT,0.017483366486120217,0.005189512818077814,0.026225049729180328,4,0,0,4,0,False,,False,,,,,,,0.007923418001155369,PRODUCTION_FIRST_SKIP_PROPOSED_STAGE_WHEN_PRODUCTION_HARD_VALID,0,False
SCE001,H4B_GEOMETRY_LATERAL_TRANSITION,8,PILOT_SEEN_DEVELOPMENT_DATA_SUCCESS_CONTROL_AUXILIARY,True,2,LEFT,LEFT,0.017483366486120217,0.005189512818077814,0.026225049729180328,8,0,0,8,3,True,LEFT,True,0.040367392535816372,0.022884026049696155,0.005703521165303628,0.0005140083472258139,0.41270403461816513,0.3864789848889848,0.01861844000086421,PRODUCTION_FIRST_SKIP_PROPOSED_STAGE_WHEN_PRODUCTION_HARD_VALID,0,False
SCE001,H4B_GEOMETRY_LATERAL_TRANSITION,12,PILOT_SEEN_DEVELOPMENT_DATA_SUCCESS_CONTROL_AUXILIARY,True,2,LEFT,LEFT,0.017483366486120217,0.005189512818077814,0.026225049729180328,12,0,0,12,3,True,LEFT,True,0.040367392535816372,0.022884026049696155,0.005703521165303628,0.0005140083472258139,0.41270403461816513,0.3864789848889848,0.01603940700078965,PRODUCTION_FIRST_SKIP_PROPOSED_STAGE_WHEN_PRODUCTION_HARD_VALID,0,False
SCE001,H4B_GEOMETRY_LATERAL_TRANSITION,16,PILOT_SEEN_DEVELOPMENT_DATA_SUCCESS_CONTROL_AUXILIARY,True,2,LEFT,LEFT,0.017483366486120217,0.005189512818077814,0.026225049729180328,16,0,0,16,4,True,LEFT,True,0.040814434451718985,0.023331067965598768,0.0047969197094975061,-0.00039259310858030805,0.20322350879012763,0.1769984590609473,0.025611333996494068,PRODUCTION_FIRST_SKIP_PROPOSED_STAGE_WHEN_PRODUCTION_HARD_VALID,0,False
SCE001,H4B_GEOMETRY_LATERAL_TRANSITION,24,PILOT_SEEN_DEVELOPMENT_DATA_SUCCESS_CONTROL_AUXILIARY,True,2,LEFT,LEFT,0.017483366486120217,0.005189512818077814,0.026225049729180328,24,0,0,24,5,True,LEFT,True,0.040814434451718985,0.023331067965598768,0.0047969197094975061,-0.00039259310858030805,0.20322350879012763,0.1769984590609473,0.020861036999122007,PRODUCTION_FIRST_SKIP_PROPOSED_STAGE_WHEN_PRODUCTION_HARD_VALID,0,False
SCE002,H3_FIXED_BOUNDED,4,PILOT_SEEN_DEVELOPMENT_DATA_SUCCESS_CONTROL_AUXILIARY,True,2,LEFT,LEFT,0.010550143915425617,0.530378934551757,0.015825215873138426,4,0,0,4,2,True,LEFT,True,0.0069365735414967005,-0.0036135703739289165,0.530378934551757,0.0,0.010404860312245051,-0.005420355560893375,0.007345216999965487,PRODUCTION_FIRST_SKIP_PROPOSED_STAGE_WHEN_PRODUCTION_HARD_VALID,0,False
SCE002,H3_FIXED_BOUNDED,8,PILOT_SEEN_DEVELOPMENT_DATA_SUCCESS_CONTROL_AUXILIARY,True,2,LEFT,LEFT,0.010550143915425617,0.530378934551757,0.015825215873138426,8,0,0,8,3,True,LEFT,True,0.1072414300248012,0.09669128610937558,0.46882894057408914,-0.06154999397766786,0.16086214503720181,0.14503692916406338,0.009021455000038259,PRODUCTION_FIRST_SKIP_PROPOSED_STAGE_WHEN_PRODUCTION_HARD_VALID,0,False
SCE002,H3_FIXED_BOUNDED,12,PILOT_SEEN_DEVELOPMENT_DATA_SUCCESS_CONTROL_AUXILIARY,True,2,LEFT,LEFT,0.010550143915425617,0.530378934551757,0.015825215873138426,12,0,1,11,3,True,LEFT,True,0.1072414300248012,0.09669128610937558,0.46882894057408914,-0.06154999397766786,0.16086214503720181,0.14503692916406338,0.01104721400042763,PRODUCTION_FIRST_SKIP_PROPOSED_STAGE_WHEN_PRODUCTION_HARD_VALID,0,False
SCE002,H3_FIXED_BOUNDED,16,PILOT_SEEN_DEVELOPMENT_DATA_SUCCESS_CONTROL_AUXILIARY,True,2,LEFT,LEFT,0.010550143915425617,0.530378934551757,0.015825215873138426,16,1,1,14,3,True,LEFT,True,0.1072414300248012,0.09669128610937558,0.46882894057408914,-0.06154999397766786,0.16086214503720181,0.14503692916406338,0.011638940999546321,PRODUCTION_FIRST_SKIP_PROPOSED_STAGE_WHEN_PRODUCTION_HARD_VALID,0,False
SCE002,H3_FIXED_BOUNDED,24,PILOT_SEEN_DEVELOPMENT_DATA_SUCCESS_CONTROL_AUXILIARY,True,2,LEFT,LEFT,0.010550143915425617,0.530378934551757,0.015825215873138426,24,3,2,19,4,True,LEFT,True,0.1072414300248012,0.09669128610937558,0.46882894057408914,-0.06154999397766786,0.16086214503720181,0.14503692916406338,0.013347831001738086,PRODUCTION_FIRST_SKIP_PROPOSED_STAGE_WHEN_PRODUCTION_HARD_VALID,0,False
SCE002,H4A_GEOMETRY_TRANSITION,4,PILOT_SEEN_DEVELOPMENT_DATA_SUCCESS_CONTROL_AUXILIARY,True,2,LEFT,LEFT,0.010550143915425617,0.530378934551757,0.015825215873138426,4,0,0,4,1,True,LEFT,True,0.0069351344651452278,-0.003615009450280389,0.530378934551757,0.0,0.010402701697717842,-0.005422514175420584,0.0079447549978795,PRODUCTION_FIRST_SKIP_PROPOSED_STAGE_WHEN_PRODUCTION_HARD_VALID,0,False
SCE002,H4A_GEOMETRY_TRANSITION,8,PILOT_SEEN_DEVELOPMENT_DATA_SUCCESS_CONTROL_AUXILIARY,True,2,LEFT,LEFT,0.010550143915425617,0.530378934551757,0.015825215873138426,8,0,0,8,2,True,LEFT,True,0.1072414300248012,0.09669128610937558,0.46882894057408914,-0.06154999397766786,0.16086214503720181,0.14503692916406338,0.011369947002094705,PRODUCTION_FIRST_SKIP_PROPOSED_STAGE_WHEN_PRODUCTION_HARD_VALID,0,False
SCE002,H4A_GEOMETRY_TRANSITION,12,PILOT_SEEN_DEVELOPMENT_DATA_SUCCESS_CONTROL_AUXILIARY,True,2,LEFT,LEFT,0.010550143915425617,0.530378934551757,0.015825215873138426,12,1,0,11,3,True,LEFT,True,0.1072414300248012,0.09669128610937558,0.46882894057408914,-0.06154999397766786,0.16086214503720181,0.14503692916406338,0.009257603000150993,PRODUCTION_FIRST_SKIP_PROPOSED_STAGE_WHEN_PRODUCTION_HARD_VALID,0,False
SCE002,H4A_GEOMETRY_TRANSITION,16,PILOT_SEEN_DEVELOPMENT_DATA_SUCCESS_CONTROL_AUXILIARY,True,2,LEFT,LEFT,0.010550143915425617,0.530378934551757,0.015825215873138426,16,3,0,13,3,True,LEFT,True,0.1072414300248012,0.09669128610937558,0.46882894057408914,-0.06154999397766786,0.16086214503720181,0.14503692916406338,0.011567542002012488,PRODUCTION_FIRST_SKIP_PROPOSED_STAGE_WHEN_PRODUCTION_HARD_VALID,0,False
SCE002,H4A_GEOMETRY_TRANSITION,24,PILOT_SEEN_DEVELOPMENT_DATA_SUCCESS_CONTROL_AUXILIARY,True,2,LEFT,LEFT,0.010550143915425617,0.530378934551757,0.015825215873138426,24,7,0,17,4,True,LEFT,True,0.1072414300248012,0.09669128610937558,0.46882894057408914,-0.06154999397766786,0.16086214503720181,0.14503692916406338,0.005609812000329839,PRODUCTION_FIRST_SKIP_PROPOSED_STAGE_WHEN_PRODUCTION_HARD_VALID,0,False
SCE002,H4B_GEOMETRY_LATERAL_TRANSITION,4,PILOT_SEEN_DEVELOPMENT_DATA_SUCCESS_CONTROL_AUXILIARY,True,2,LEFT,LEFT,0.010550143915425617,0.530378934551757,0.015825215873138426,4,0,0,4,0,False,,False,,,,,,,0.005497521000506822,PRODUCTION_FIRST_SKIP_PROPOSED_STAGE_WHEN_PRODUCTION_HARD_VALID,0,False
SCE002,H4B_GEOMETRY_LATERAL_TRANSITION,8,PILOT_SEEN_DEVELOPMENT_DATA_SUCCESS_CONTROL_AUXILIARY,True,2,LEFT,LEFT,0.010550143915425617,0.530378934551757,0.015825215873138426,8,0,0,8,3,True,LEFT,True,0.1072414300248012,0.09669128610937558,0.46882894057408914,-0.06154999397766786,0.16086214503720181,0.14503692916406338,0.01050847800070187,PRODUCTION_FIRST_SKIP_PROPOSED_STAGE_WHEN_PRODUCTION_HARD_VALID,0,False
SCE002,H4B_GEOMETRY_LATERAL_TRANSITION,12,PILOT_SEEN_DEVELOPMENT_DATA_SUCCESS_CONTROL_AUXILIARY,True,2,LEFT,LEFT,0.010550143915425617,0.530378934551757,0.015825215873138426,12,1,0,11,3,True,LEFT,True,0.1072414300248012,0.09669128610937558,0.46882894057408914,-0.06154999397766786,0.16086214503720181,0.14503692916406338,0.00655744000323466,PRODUCTION_FIRST_SKIP_PROPOSED_STAGE_WHEN_PRODUCTION_HARD_VALID,0,False
SCE002,H4B_GEOMETRY_LATERAL_TRANSITION,16,PILOT_SEEN_DEVELOPMENT_DATA_SUCCESS_CONTROL_AUXILIARY,True,2,LEFT,LEFT,0.010550143915425617,0.530378934551757,0.015825215873138426,16,3,0,13,3,True,LEFT,True,0.1072414300248012,0.09669128610937558,0.46882894057408914,-0.06154999397766786,0.16086214503720181,0.14503692916406338,0.008703385999979218,PRODUCTION_FIRST_SKIP_PROPOSED_STAGE_WHEN_PRODUCTION_HARD_VALID,0,False
SCE002,H4B_GEOMETRY_LATERAL_TRANSITION,24,PILOT_SEEN_DEVELOPMENT_DATA_SUCCESS_CONTROL_AUXILIARY,True,2,LEFT,LEFT,0.010550143915425617,0.530378934551757,0.015825215873138426,24,8,0,16,3,True,LEFT,True,0.1072414300248012,0.09669128610937558,0.46882894057408914,-0.06154999397766786,0.16086214503720181,0.14503692916406338,0.013575410001067212,PRODUCTION_FIRST_SKIP_PROPOSED_STAGE_WHEN_PRODUCTION_HARD_VALID,0,False
SCE003,H3_FIXED_BOUNDED,4,PILOT_SEEN_DEVELOPMENT_DATA_SUCCESS_CONTROL_AUXILIARY,True,7,LEFT|RIGHT,RIGHT,0.01613603753823571,0.013631181326625143,0.055172760048693315,4,0,0,4,1,True,LEFT,False,0.058580386860803281,0.042444349322567576,0.48553013162248587,0.4718989502958607,0.087870580291204925,0.03269782024251161,0.0069694739977421705,PRODUCTION_FIRST_SKIP_PROPOSED_STAGE_WHEN_PRODUCTION_HARD_VALID,0,False
SCE003,H3_FIXED_BOUNDED,8,PILOT_SEEN_DEVELOPMENT_DATA_SUCCESS_CONTROL_AUXILIARY,True,7,LEFT|RIGHT,RIGHT,0.01613603753823571,0.013631181326625143,0.055172760048693315,8,0,0,8,3,True,LEFT,False,0.058580452999187869,0.042444415460952165,0.48553013162248587,0.4718989502958607,0.087870679498781801,0.032697919450088486,0.008137118999002269,PRODUCTION_FIRST_SKIP_PROPOSED_STAGE_WHEN_PRODUCTION_HARD_VALID,0,False
SCE003,H3_FIXED_BOUNDED,12,PILOT_SEEN_DEVELOPMENT_DATA_SUCCESS_CONTROL_AUXILIARY,True,7,LEFT|RIGHT,RIGHT,0.01613603753823571,0.013631181326625143,0.055172760048693315,12,0,0,12,7,True,LEFT|RIGHT,True,0.036719268905676561,0.020583231367440852,0.030813488486040409,0.017182307159415267,0.055078903358514841,-9.38566901784732e-05,0.01543484500143677,PRODUCTION_FIRST_SKIP_PROPOSED_STAGE_WHEN_PRODUCTION_HARD_VALID,0,False
SCE003,H3_FIXED_BOUNDED,16,PILOT_SEEN_DEVELOPMENT_DATA_SUCCESS_CONTROL_AUXILIARY,True,7,LEFT|RIGHT,RIGHT,0.01613603753823571,0.013631181326625143,0.055172760048693315,16,0,0,16,11,True,LEFT|RIGHT,True,0.01628285552321836,0.00014681798498265147,0.013851882803833794,0.0002207014772086513,0.055075733113656544,-9.702693503677029e-05,0.02291028099716641,PRODUCTION_FIRST_SKIP_PROPOSED_STAGE_WHEN_PRODUCTION_HARD_VALID,0,False
SCE003,H3_FIXED_BOUNDED,24,PILOT_SEEN_DEVELOPMENT_DATA_SUCCESS_CONTROL_AUXILIARY,True,7,LEFT|RIGHT,RIGHT,0.01613603753823571,0.013631181326625143,0.055172760048693315,24,0,0,24,17,True,LEFT|RIGHT,True,0.01628285552321836,0.00014681798498265147,0.013851882803833794,0.0002207014772086513,0.055075733113656544,-9.702693503677029e-05,0.02258692499890458,PRODUCTION_FIRST_SKIP_PROPOSED_STAGE_WHEN_PRODUCTION_HARD_VALID,0,False
SCE003,H4A_GEOMETRY_TRANSITION,4,PILOT_SEEN_DEVELOPMENT_DATA_SUCCESS_CONTROL_AUXILIARY,True,7,LEFT|RIGHT,RIGHT,0.01613603753823571,0.013631181326625143,0.055172760048693315,4,0,0,4,2,True,LEFT,False,0.05858056851987934,0.042444530981643636,0.42111107835979728,0.4074798970331721,0.087870852779819014,0.0326980927311257,0.006657283000095049,PRODUCTION_FIRST_SKIP_PROPOSED_STAGE_WHEN_PRODUCTION_HARD_VALID,0,False
SCE003,H4A_GEOMETRY_TRANSITION,8,PILOT_SEEN_DEVELOPMENT_DATA_SUCCESS_CONTROL_AUXILIARY,True,7,LEFT|RIGHT,RIGHT,0.01613603753823571,0.013631181326625143,0.055172760048693315,8,0,0,8,3,True,LEFT,False,0.05858056851987934,0.042444530981643636,0.42111107835979728,0.4074798970331721,0.087870852779819014,0.0326980927311257,0.014811119999649236,PRODUCTION_FIRST_SKIP_PROPOSED_STAGE_WHEN_PRODUCTION_HARD_VALID,0,False
SCE003,H4A_GEOMETRY_TRANSITION,12,PILOT_SEEN_DEVELOPMENT_DATA_SUCCESS_CONTROL_AUXILIARY,True,7,LEFT|RIGHT,RIGHT,0.01613603753823571,0.013631181326625143,0.055172760048693315,12,0,0,12,6,True,LEFT|RIGHT,True,0.01628285552321836,0.00014681798498265147,0.013851882803833794,0.0002207014772086513,0.055075733113656544,-9.702693503677029e-05,0.01447268899937626,PRODUCTION_FIRST_SKIP_PROPOSED_STAGE_WHEN_PRODUCTION_HARD_VALID,0,False
SCE003,H4A_GEOMETRY_TRANSITION,16,PILOT_SEEN_DEVELOPMENT_DATA_SUCCESS_CONTROL_AUXILIARY,True,7,LEFT|RIGHT,RIGHT,0.01613603753823571,0.013631181326625143,0.055172760048693315,16,0,0,16,10,True,LEFT|RIGHT,True,0.01628285552321836,0.00014681798498265147,0.013851882803833794,0.0002207014772086513,0.055075733113656544,-9.702693503677029e-05,0.023329815001488896,PRODUCTION_FIRST_SKIP_PROPOSED_STAGE_WHEN_PRODUCTION_HARD_VALID,0,False
SCE003,H4A_GEOMETRY_TRANSITION,24,PILOT_SEEN_DEVELOPMENT_DATA_SUCCESS_CONTROL_AUXILIARY,True,7,LEFT|RIGHT,RIGHT,0.01613603753823571,0.013631181326625143,0.055172760048693315,24,0,0,24,14,True,LEFT|RIGHT,True,0.0096910947681554029,-0.0064449427700803055,0.005068664240744182,-0.00856251708588096,0.027214056832940536,-0.027958703215752778,0.029280468999786535,PRODUCTION_FIRST_SKIP_PROPOSED_STAGE_WHEN_PRODUCTION_HARD_VALID,0,False
SCE003,H4B_GEOMETRY_LATERAL_TRANSITION,4,PILOT_SEEN_DEVELOPMENT_DATA_SUCCESS_CONTROL_AUXILIARY,True,7,LEFT|RIGHT,RIGHT,0.01613603753823571,0.013631181326625143,0.055172760048693315,4,0,0,4,1,True,LEFT,False,0.023120508036514959,0.006984470498279251,0.048754771180780643,0.0351235898541555,0.68277800208790207,0.6276052420392088,0.011980406001384836,PRODUCTION_FIRST_SKIP_PROPOSED_STAGE_WHEN_PRODUCTION_HARD_VALID,0,False
SCE003,H4B_GEOMETRY_LATERAL_TRANSITION,8,PILOT_SEEN_DEVELOPMENT_DATA_SUCCESS_CONTROL_AUXILIARY,True,7,LEFT|RIGHT,RIGHT,0.01613603753823571,0.013631181326625143,0.055172760048693315,8,0,0,8,1,True,LEFT,False,0.023120508036514959,0.006984470498279251,0.048754771180780643,0.0351235898541555,0.68277800208790207,0.6276052420392088,0.016759398000431247,PRODUCTION_FIRST_SKIP_PROPOSED_STAGE_WHEN_PRODUCTION_HARD_VALID,0,False
SCE003,H4B_GEOMETRY_LATERAL_TRANSITION,12,PILOT_SEEN_DEVELOPMENT_DATA_SUCCESS_CONTROL_AUXILIARY,True,7,LEFT|RIGHT,RIGHT,0.01613603753823571,0.013631181326625143,0.055172760048693315,12,0,0,12,2,True,LEFT,False,0.17340519627499953,0.15726915873676384,0.27317962483772729,0.2595484435111021,0.45518533464019273,0.4000125745914994,0.018656731997907627,PRODUCTION_FIRST_SKIP_PROPOSED_STAGE_WHEN_PRODUCTION_HARD_VALID,0,False
SCE003,H4B_GEOMETRY_LATERAL_TRANSITION,16,PILOT_SEEN_DEVELOPMENT_DATA_SUCCESS_CONTROL_AUXILIARY,True,7,LEFT|RIGHT,RIGHT,0.01613603753823571,0.013631181326625143,0.055172760048693315,16,0,0,16,2,True,LEFT,False,0.17340519627499953,0.15726915873676384,0.27317962483772729,0.2595484435111021,0.45518533464019273,0.4000125745914994,0.02228949299751548,PRODUCTION_FIRST_SKIP_PROPOSED_STAGE_WHEN_PRODUCTION_HARD_VALID,0,False
SCE003,H4B_GEOMETRY_LATERAL_TRANSITION,24,PILOT_SEEN_DEVELOPMENT_DATA_SUCCESS_CONTROL_AUXILIARY,True,7,LEFT|RIGHT,RIGHT,0.01613603753823571,0.013631181326625143,0.055172760048693315,24,0,0,24,4,True,LEFT|RIGHT,True,0.010783124314505085,-0.005352913223730623,0.0064704398297773871,-0.007160741496847756,0.041198455033430115,-0.0139743050152632,0.015604922999045812,PRODUCTION_FIRST_SKIP_PROPOSED_STAGE_WHEN_PRODUCTION_HARD_VALID,0,False
SCE004,H3_FIXED_BOUNDED,4,PILOT_SEEN_DEVELOPMENT_DATA_SUCCESS_CONTROL_AUXILIARY,True,3,RIGHT,RIGHT,0.07417140848229054,0.005862025807701822,0.15746860744726177,4,0,0,4,2,True,RIGHT,True,0.075096277486095667,0.0009248690038051316,0.005862025807701822,0.0,0.15746860744726177,0.0,0.012943972000357462,PRODUCTION_FIRST_SKIP_PROPOSED_STAGE_WHEN_PRODUCTION_HARD_VALID,0,False
SCE004,H3_FIXED_BOUNDED,8,PILOT_SEEN_DEVELOPMENT_DATA_SUCCESS_CONTROL_AUXILIARY,True,3,RIGHT,RIGHT,0.07417140848229054,0.005862025807701822,0.15746860744726177,8,0,0,8,3,True,RIGHT,True,0.033390818769728749,-0.040780589712561786,0.0059927401665587424,0.0001307143588569204,0.050086228154593126,-0.10738237929266864,0.013752302998909727,PRODUCTION_FIRST_SKIP_PROPOSED_STAGE_WHEN_PRODUCTION_HARD_VALID,0,False
SCE004,H3_FIXED_BOUNDED,12,PILOT_SEEN_DEVELOPMENT_DATA_SUCCESS_CONTROL_AUXILIARY,True,3,RIGHT,RIGHT,0.07417140848229054,0.005862025807701822,0.15746860744726177,12,0,0,12,5,True,RIGHT,True,0.033390818769728749,-0.040780589712561786,0.0059927401665587424,0.0001307143588569204,0.050086228154593126,-0.10738237929266864,0.015638084001693642,PRODUCTION_FIRST_SKIP_PROPOSED_STAGE_WHEN_PRODUCTION_HARD_VALID,0,False
SCE004,H3_FIXED_BOUNDED,16,PILOT_SEEN_DEVELOPMENT_DATA_SUCCESS_CONTROL_AUXILIARY,True,3,RIGHT,RIGHT,0.07417140848229054,0.005862025807701822,0.15746860744726177,16,0,0,16,6,True,RIGHT,True,0.033390818769728749,-0.040780589712561786,0.0059927401665587424,0.0001307143588569204,0.050086228154593126,-0.10738237929266864,0.016556182003114372,PRODUCTION_FIRST_SKIP_PROPOSED_STAGE_WHEN_PRODUCTION_HARD_VALID,0,False
SCE004,H3_FIXED_BOUNDED,24,PILOT_SEEN_DEVELOPMENT_DATA_SUCCESS_CONTROL_AUXILIARY,True,3,RIGHT,RIGHT,0.07417140848229054,0.005862025807701822,0.15746860744726177,24,0,0,24,10,True,RIGHT,True,0.039307159471404764,-0.03486424901088577,0.0052435424819841439,-0.0006184833257176781,0.15559834803989092,-0.0018702594073708445,0.020725460999528877,PRODUCTION_FIRST_SKIP_PROPOSED_STAGE_WHEN_PRODUCTION_HARD_VALID,0,False
SCE004,H4A_GEOMETRY_TRANSITION,4,PILOT_SEEN_DEVELOPMENT_DATA_SUCCESS_CONTROL_AUXILIARY,True,3,RIGHT,RIGHT,0.07417140848229054,0.005862025807701822,0.15746860744726177,4,0,0,4,2,True,RIGHT,True,0.033390818769728749,-0.040780589712561786,0.0059927401665587424,0.0001307143588569204,0.050086228154593126,-0.10738237929266864,0.014842364002106478,PRODUCTION_FIRST_SKIP_PROPOSED_STAGE_WHEN_PRODUCTION_HARD_VALID,0,False
SCE004,H4A_GEOMETRY_TRANSITION,8,PILOT_SEEN_DEVELOPMENT_DATA_SUCCESS_CONTROL_AUXILIARY,True,3,RIGHT,RIGHT,0.07417140848229054,0.005862025807701822,0.15746860744726177,8,0,0,8,5,True,RIGHT,True,0.039307159471404764,-0.03486424901088577,0.0052435424819841439,-0.0006184833257176781,0.15559834803989092,-0.0018702594073708445,0.016273317000013776,PRODUCTION_FIRST_SKIP_PROPOSED_STAGE_WHEN_PRODUCTION_HARD_VALID,0,False
SCE004,H4A_GEOMETRY_TRANSITION,12,PILOT_SEEN_DEVELOPMENT_DATA_SUCCESS_CONTROL_AUXILIARY,True,3,RIGHT,RIGHT,0.07417140848229054,0.005862025807701822,0.15746860744726177,12,0,0,12,9,True,RIGHT,True,0.039307159471404764,-0.03486424901088577,0.0052435424819841439,-0.0006184833257176781,0.15559834803989092,-0.0018702594073708445,0.01511358399875462,PRODUCTION_FIRST_SKIP_PROPOSED_STAGE_WHEN_PRODUCTION_HARD_VALID,0,False
SCE004,H4A_GEOMETRY_TRANSITION,16,PILOT_SEEN_DEVELOPMENT_DATA_SUCCESS_CONTROL_AUXILIARY,True,3,RIGHT,RIGHT,0.07417140848229054,0.005862025807701822,0.15746860744726177,16,0,0,16,12,True,RIGHT,True,0.039307159471404764,-0.03486424901088577,0.0052435424819841439,-0.0006184833257176781,0.15559834803989092,-0.0018702594073708445,0.01691052100068191,PRODUCTION_FIRST_SKIP_PROPOSED_STAGE_WHEN_PRODUCTION_HARD_VALID,0,False
SCE004,H4A_GEOMETRY_TRANSITION,24,PILOT_SEEN_DEVELOPMENT_DATA_SUCCESS_CONTROL_AUXILIARY,True,3,RIGHT,RIGHT,0.07417140848229054,0.005862025807701822,0.15746860744726177,24,0,0,24,17,True,RIGHT,True,0.039307159471404764,-0.03486424901088577,0.0052435424819841439,-0.0006184833257176781,0.15559834803989092,-0.0018702594073708445,0.01805975299794227,PRODUCTION_FIRST_SKIP_PROPOSED_STAGE_WHEN_PRODUCTION_HARD_VALID,0,False
SCE004,H4B_GEOMETRY_LATERAL_TRANSITION,4,PILOT_SEEN_DEVELOPMENT_DATA_SUCCESS_CONTROL_AUXILIARY,True,3,RIGHT,RIGHT,0.07417140848229054,0.005862025807701822,0.15746860744726177,4,0,0,4,4,True,RIGHT,True,0.023609720342529134,-0.050561688139761404,0.001771663108941425,-0.004090362698760397,0.19971566151140913,0.04224705406414736,0.010879028999625007,PRODUCTION_FIRST_SKIP_PROPOSED_STAGE_WHEN_PRODUCTION_HARD_VALID,0,False
SCE004,H4B_GEOMETRY_LATERAL_TRANSITION,8,PILOT_SEEN_DEVELOPMENT_DATA_SUCCESS_CONTROL_AUXILIARY,True,3,RIGHT,RIGHT,0.07417140848229054,0.005862025807701822,0.15746860744726177,8,0,0,8,8,True,RIGHT,True,0.023609720342529134,-0.050561688139761404,0.001771663108941425,-0.004090362698760397,0.19971566151140913,0.04224705406414736,0.01907293799740728,PRODUCTION_FIRST_SKIP_PROPOSED_STAGE_WHEN_PRODUCTION_HARD_VALID,0,False
SCE004,H4B_GEOMETRY_LATERAL_TRANSITION,12,PILOT_SEEN_DEVELOPMENT_DATA_SUCCESS_CONTROL_AUXILIARY,True,3,RIGHT,RIGHT,0.07417140848229054,0.005862025807701822,0.15746860744726177,12,0,0,12,10,True,RIGHT,True,0.023609720342529134,-0.050561688139761404,0.001771663108941425,-0.004090362698760397,0.19971566151140913,0.04224705406414736,0.02158449200214818,PRODUCTION_FIRST_SKIP_PROPOSED_STAGE_WHEN_PRODUCTION_HARD_VALID,0,False
SCE004,H4B_GEOMETRY_LATERAL_TRANSITION,16,PILOT_SEEN_DEVELOPMENT_DATA_SUCCESS_CONTROL_AUXILIARY,True,3,RIGHT,RIGHT,0.07417140848229054,0.005862025807701822,0.15746860744726177,16,0,0,16,12,True,RIGHT,True,0.023609720342529134,-0.050561688139761404,0.001771663108941425,-0.004090362698760397,0.19971566151140913,0.04224705406414736,0.021493314001418184,PRODUCTION_FIRST_SKIP_PROPOSED_STAGE_WHEN_PRODUCTION_HARD_VALID,0,False
SCE004,H4B_GEOMETRY_LATERAL_TRANSITION,24,PILOT_SEEN_DEVELOPMENT_DATA_SUCCESS_CONTROL_AUXILIARY,True,3,RIGHT,RIGHT,0.07417140848229054,0.005862025807701822,0.15746860744726177,24,0,0,24,17,True,RIGHT,True,0.023609720342529134,-0.050561688139761404,0.001771663108941425,-0.004090362698760397,0.19971566151140913,0.04224705406414736,0.023264499999640975,PRODUCTION_FIRST_SKIP_PROPOSED_STAGE_WHEN_PRODUCTION_HARD_VALID,0,False
SCE005,H3_FIXED_BOUNDED,4,PILOT_SEEN_DEVELOPMENT_DATA_SUCCESS_CONTROL_AUXILIARY,True,4,LEFT,LEFT,0.01828328240435619,0.2264083070877254,0.027424923606534285,4,0,0,4,4,True,LEFT,True,0.01988493039462208,0.0016016479902658913,0.2285093875649396,0.00210108047721419,0.02982739559193312,0.0024024719853988352,0.01720285799819976,PRODUCTION_FIRST_SKIP_PROPOSED_STAGE_WHEN_PRODUCTION_HARD_VALID,0,False
SCE005,H3_FIXED_BOUNDED,8,PILOT_SEEN_DEVELOPMENT_DATA_SUCCESS_CONTROL_AUXILIARY,True,4,LEFT,LEFT,0.01828328240435619,0.2264083070877254,0.027424923606534285,8,0,0,8,6,True,LEFT,True,0.01988493039462208,0.0016016479902658913,0.2285093875649396,0.00210108047721419,0.02982739559193312,0.0024024719853988352,0.01924296799916192,PRODUCTION_FIRST_SKIP_PROPOSED_STAGE_WHEN_PRODUCTION_HARD_VALID,0,False
SCE005,H3_FIXED_BOUNDED,12,PILOT_SEEN_DEVELOPMENT_DATA_SUCCESS_CONTROL_AUXILIARY,True,4,LEFT,LEFT,0.01828328240435619,0.2264083070877254,0.027424923606534285,12,0,0,12,8,True,LEFT,True,0.018100503412826558,-0.00018277899152963073,0.2285093875649396,0.00210108047721419,0.027150755119239839,-0.0002741684872944461,0.012344825998297893,PRODUCTION_FIRST_SKIP_PROPOSED_STAGE_WHEN_PRODUCTION_HARD_VALID,0,False
SCE005,H3_FIXED_BOUNDED,16,PILOT_SEEN_DEVELOPMENT_DATA_SUCCESS_CONTROL_AUXILIARY,True,4,LEFT,LEFT,0.01828328240435619,0.2264083070877254,0.027424923606534285,16,0,0,16,8,True,LEFT,True,0.018100503412826558,-0.00018277899152963073,0.2285093875649396,0.00210108047721419,0.027150755119239839,-0.0002741684872944461,0.012898478002171032,PRODUCTION_FIRST_SKIP_PROPOSED_STAGE_WHEN_PRODUCTION_HARD_VALID,0,False
SCE005,H3_FIXED_BOUNDED,24,PILOT_SEEN_DEVELOPMENT_DATA_SUCCESS_CONTROL_AUXILIARY,True,4,LEFT,LEFT,0.01828328240435619,0.2264083070877254,0.027424923606534285,24,0,0,24,10,True,LEFT,True,0.0064473623883380586,-0.011835920016018131,0.40609451269889674,0.17968620561117132,0.0096710435825070884,-0.017753880024027197,0.014958643001591554,PRODUCTION_FIRST_SKIP_PROPOSED_STAGE_WHEN_PRODUCTION_HARD_VALID,0,False
SCE005,H4A_GEOMETRY_TRANSITION,4,PILOT_SEEN_DEVELOPMENT_DATA_SUCCESS_CONTROL_AUXILIARY,True,4,LEFT,LEFT,0.01828328240435619,0.2264083070877254,0.027424923606534285,4,0,0,4,2,True,LEFT,True,0.018283282404356189,0.0,0.35637235336999978,0.12996404628227437,0.027424923606534285,0.0,0.008230206000007456,PRODUCTION_FIRST_SKIP_PROPOSED_STAGE_WHEN_PRODUCTION_HARD_VALID,0,False
SCE005,H4A_GEOMETRY_TRANSITION,8,PILOT_SEEN_DEVELOPMENT_DATA_SUCCESS_CONTROL_AUXILIARY,True,4,LEFT,LEFT,0.01828328240435619,0.2264083070877254,0.027424923606534285,8,0,0,8,6,True,LEFT,True,0.018100503412826558,-0.00018277899152963073,0.2285093875649396,0.00210108047721419,0.027150755119239839,-0.0002741684872944461,0.019282753000879893,PRODUCTION_FIRST_SKIP_PROPOSED_STAGE_WHEN_PRODUCTION_HARD_VALID,0,False
SCE005,H4A_GEOMETRY_TRANSITION,12,PILOT_SEEN_DEVELOPMENT_DATA_SUCCESS_CONTROL_AUXILIARY,True,4,LEFT,LEFT,0.01828328240435619,0.2264083070877254,0.027424923606534285,12,0,0,12,7,True,LEFT,True,0.018100503412826558,-0.00018277899152963073,0.2285093875649396,0.00210108047721419,0.027150755119239839,-0.0002741684872944461,0.017487566998170223,PRODUCTION_FIRST_SKIP_PROPOSED_STAGE_WHEN_PRODUCTION_HARD_VALID,0,False
SCE005,H4A_GEOMETRY_TRANSITION,16,PILOT_SEEN_DEVELOPMENT_DATA_SUCCESS_CONTROL_AUXILIARY,True,4,LEFT,LEFT,0.01828328240435619,0.2264083070877254,0.027424923606534285,16,0,0,16,10,True,LEFT,True,0.018100503412826558,-0.00018277899152963073,0.2285093875649396,0.00210108047721419,0.027150755119239839,-0.0002741684872944461,0.01844226400135085,PRODUCTION_FIRST_SKIP_PROPOSED_STAGE_WHEN_PRODUCTION_HARD_VALID,0,False
SCE005,H4A_GEOMETRY_TRANSITION,24,PILOT_SEEN_DEVELOPMENT_DATA_SUCCESS_CONTROL_AUXILIARY,True,4,LEFT,LEFT,0.01828328240435619,0.2264083070877254,0.027424923606534285,24,0,0,24,14,True,LEFT,True,0.0065141431941742045,-0.011769139210181984,0.40609451269889674,0.17968620561117132,0.0097712147912613068,-0.017653708815272978,0.01577119300054619,PRODUCTION_FIRST_SKIP_PROPOSED_STAGE_WHEN_PRODUCTION_HARD_VALID,0,False
SCE005,H4B_GEOMETRY_LATERAL_TRANSITION,4,PILOT_SEEN_DEVELOPMENT_DATA_SUCCESS_CONTROL_AUXILIARY,True,4,LEFT,LEFT,0.01828328240435619,0.2264083070877254,0.027424923606534285,4,0,0,4,4,True,LEFT,True,0.038338459632970258,0.02005517722861407,0.13893694830379311,-0.08747135878393231,0.05750768944945539,0.030082765842921105,0.010662636999768438,PRODUCTION_FIRST_SKIP_PROPOSED_STAGE_WHEN_PRODUCTION_HARD_VALID,0,False
SCE005,H4B_GEOMETRY_LATERAL_TRANSITION,8,PILOT_SEEN_DEVELOPMENT_DATA_SUCCESS_CONTROL_AUXILIARY,True,4,LEFT,LEFT,0.01828328240435619,0.2264083070877254,0.027424923606534285,8,0,0,8,7,True,LEFT,True,0.111869464226888,0.09358618182253181,0.29257801362251967,0.06616970653479426,0.167804196340332,0.14037927273379772,0.01695765600015875,PRODUCTION_FIRST_SKIP_PROPOSED_STAGE_WHEN_PRODUCTION_HARD_VALID,0,False
SCE005,H4B_GEOMETRY_LATERAL_TRANSITION,12,PILOT_SEEN_DEVELOPMENT_DATA_SUCCESS_CONTROL_AUXILIARY,True,4,LEFT,LEFT,0.01828328240435619,0.2264083070877254,0.027424923606534285,12,0,0,12,9,True,LEFT,True,0.111869464226888,0.09358618182253181,0.29257801362251967,0.06616970653479426,0.167804196340332,0.14037927273379772,0.018670084999030223,PRODUCTION_FIRST_SKIP_PROPOSED_STAGE_WHEN_PRODUCTION_HARD_VALID,0,False
SCE005,H4B_GEOMETRY_LATERAL_TRANSITION,16,PILOT_SEEN_DEVELOPMENT_DATA_SUCCESS_CONTROL_AUXILIARY,True,4,LEFT,LEFT,0.01828328240435619,0.2264083070877254,0.027424923606534285,16,0,0,16,13,True,LEFT,True,0.10441065368557965,0.08612737128122347,0.35637235336999978,0.12996404628227437,0.15661598052836948,0.1291910569218352,0.016350311001588125,PRODUCTION_FIRST_SKIP_PROPOSED_STAGE_WHEN_PRODUCTION_HARD_VALID,0,False
SCE005,H4B_GEOMETRY_LATERAL_TRANSITION,24,PILOT_SEEN_DEVELOPMENT_DATA_SUCCESS_CONTROL_AUXILIARY,True,4,LEFT,LEFT,0.01828328240435619,0.2264083070877254,0.027424923606534285,24,0,0,24,20,True,LEFT,True,0.020621024183712477,0.0023377417793562887,0.29257801362251967,0.06616970653479426,0.030931536275568716,0.0035066126690344313,0.02480062600079691,PRODUCTION_FIRST_SKIP_PROPOSED_STAGE_WHEN_PRODUCTION_HARD_VALID,0,False
SCE006,H3_FIXED_BOUNDED,4,PILOT_SEEN_DEVELOPMENT_DATA_SUCCESS_CONTROL_AUXILIARY,True,8,LEFT|RIGHT,RIGHT,0.07055268502762913,0.09211331732904507,0.10582902754144369,4,0,0,4,4,True,LEFT|RIGHT,True,0.0057186196514060388,-0.06483406537622309,0.1828167374353015,0.09070342010625643,0.0085779294771090586,-0.09725109806433463,0.01459870400140062,PRODUCTION_FIRST_SKIP_PROPOSED_STAGE_WHEN_PRODUCTION_HARD_VALID,0,False
SCE006,H3_FIXED_BOUNDED,8,PILOT_SEEN_DEVELOPMENT_DATA_SUCCESS_CONTROL_AUXILIARY,True,8,LEFT|RIGHT,RIGHT,0.07055268502762913,0.09211331732904507,0.10582902754144369,8,0,0,8,6,True,LEFT|RIGHT,True,0.0057190816394360926,-0.06483360338819304,0.18281677490854067,0.0907034575794956,0.0085786224591541393,-0.09725040508228955,0.020456075999391032,PRODUCTION_FIRST_SKIP_PROPOSED_STAGE_WHEN_PRODUCTION_HARD_VALID,0,False
SCE006,H3_FIXED_BOUNDED,12,PILOT_SEEN_DEVELOPMENT_DATA_SUCCESS_CONTROL_AUXILIARY,True,8,LEFT|RIGHT,RIGHT,0.07055268502762913,0.09211331732904507,0.10582902754144369,12,0,0,12,9,True,LEFT|RIGHT,True,0.0057190816394360926,-0.06483360338819304,0.18281677490854067,0.0907034575794956,0.0085786224591541393,-0.09725040508228955,0.023192377000668785,PRODUCTION_FIRST_SKIP_PROPOSED_STAGE_WHEN_PRODUCTION_HARD_VALID,0,False
SCE006,H3_FIXED_BOUNDED,16,PILOT_SEEN_DEVELOPMENT_DATA_SUCCESS_CONTROL_AUXILIARY,True,8,LEFT|RIGHT,RIGHT,0.07055268502762913,0.09211331732904507,0.10582902754144369,16,0,0,16,13,True,LEFT|RIGHT,True,0.0057190816394360926,-0.06483360338819304,0.18281677490854067,0.0907034575794956,0.0085786224591541393,-0.09725040508228955,0.019898513997759437,PRODUCTION_FIRST_SKIP_PROPOSED_STAGE_WHEN_PRODUCTION_HARD_VALID,0,False
SCE006,H3_FIXED_BOUNDED,24,PILOT_SEEN_DEVELOPMENT_DATA_SUCCESS_CONTROL_AUXILIARY,True,8,LEFT|RIGHT,RIGHT,0.07055268502762913,0.09211331732904507,0.10582902754144369,24,0,0,24,21,True,LEFT|RIGHT,True,0.0057190816394360926,-0.06483360338819304,0.18281677490854067,0.0907034575794956,0.0085786224591541393,-0.09725040508228955,0.02531183199971565,PRODUCTION_FIRST_SKIP_PROPOSED_STAGE_WHEN_PRODUCTION_HARD_VALID,0,False
SCE006,H4A_GEOMETRY_TRANSITION,4,PILOT_SEEN_DEVELOPMENT_DATA_SUCCESS_CONTROL_AUXILIARY,True,8,LEFT|RIGHT,RIGHT,0.07055268502762913,0.09211331732904507,0.10582902754144369,4,0,0,4,3,True,LEFT|RIGHT,True,0.0057202806056912232,-0.0648324044219379,0.19026326706592869,0.09814994973688362,0.0085804209085368344,-0.09724860663290685,0.011675693000142928,PRODUCTION_FIRST_SKIP_PROPOSED_STAGE_WHEN_PRODUCTION_HARD_VALID,0,False
SCE006,H4A_GEOMETRY_TRANSITION,8,PILOT_SEEN_DEVELOPMENT_DATA_SUCCESS_CONTROL_AUXILIARY,True,8,LEFT|RIGHT,RIGHT,0.07055268502762913,0.09211331732904507,0.10582902754144369,8,0,0,8,7,True,LEFT|RIGHT,True,0.070552614686491211,-7.03411379143759e-08,0.092113308921984244,-8.407060825277313e-09,0.10582892202973682,-1.0551170687156386e-07,0.014782168000238016,PRODUCTION_FIRST_SKIP_PROPOSED_STAGE_WHEN_PRODUCTION_HARD_VALID,0,False
SCE006,H4A_GEOMETRY_TRANSITION,12,PILOT_SEEN_DEVELOPMENT_DATA_SUCCESS_CONTROL_AUXILIARY,True,8,LEFT|RIGHT,RIGHT,0.07055268502762913,0.09211331732904507,0.10582902754144369,12,0,0,12,10,True,LEFT|RIGHT,True,0.070552614686491211,-7.03411379143759e-08,0.092113308921984244,-8.407060825277313e-09,0.10582892202973682,-1.0551170687156386e-07,0.011086646001785994,PRODUCTION_FIRST_SKIP_PROPOSED_STAGE_WHEN_PRODUCTION_HARD_VALID,0,False
SCE006,H4A_GEOMETRY_TRANSITION,16,PILOT_SEEN_DEVELOPMENT_DATA_SUCCESS_CONTROL_AUXILIARY,True,8,LEFT|RIGHT,RIGHT,0.07055268502762913,0.09211331732904507,0.10582902754144369,16,0,0,16,11,True,LEFT|RIGHT,True,0.070552614686491211,-7.03411379143759e-08,0.092113308921984244,-8.407060825277313e-09,0.10582892202973682,-1.0551170687156386e-07,0.016497997999977088,PRODUCTION_FIRST_SKIP_PROPOSED_STAGE_WHEN_PRODUCTION_HARD_VALID,0,False
SCE006,H4A_GEOMETRY_TRANSITION,24,PILOT_SEEN_DEVELOPMENT_DATA_SUCCESS_CONTROL_AUXILIARY,True,8,LEFT|RIGHT,RIGHT,0.07055268502762913,0.09211331732904507,0.10582902754144369,24,0,0,24,12,True,LEFT|RIGHT,True,0.070552614686491211,-7.03411379143759e-08,0.092113308921984244,-8.407060825277313e-09,0.10582892202973682,-1.0551170687156386e-07,0.029840547998901457,PRODUCTION_FIRST_SKIP_PROPOSED_STAGE_WHEN_PRODUCTION_HARD_VALID,0,False
SCE006,H4B_GEOMETRY_LATERAL_TRANSITION,4,PILOT_SEEN_DEVELOPMENT_DATA_SUCCESS_CONTROL_AUXILIARY,True,8,LEFT|RIGHT,RIGHT,0.07055268502762913,0.09211331732904507,0.10582902754144369,4,0,0,4,2,True,RIGHT,True,0.066948524818739988,-0.0036041602088891372,0.093509491226405977,0.0013961738973609084,0.10900676479229493,0.0031777372508512425,0.011248109000007389,PRODUCTION_FIRST_SKIP_PROPOSED_STAGE_WHEN_PRODUCTION_HARD_VALID,0,False
SCE006,H4B_GEOMETRY_LATERAL_TRANSITION,8,PILOT_SEEN_DEVELOPMENT_DATA_SUCCESS_CONTROL_AUXILIARY,True,8,LEFT|RIGHT,RIGHT,0.07055268502762913,0.09211331732904507,0.10582902754144369,8,0,0,8,4,True,RIGHT,True,0.066948524818739988,-0.0036041602088891372,0.093509491226405977,0.0013961738973609084,0.10900676479229493,0.0031777372508512425,0.02022365599987097,PRODUCTION_FIRST_SKIP_PROPOSED_STAGE_WHEN_PRODUCTION_HARD_VALID,0,False
SCE006,H4B_GEOMETRY_LATERAL_TRANSITION,12,PILOT_SEEN_DEVELOPMENT_DATA_SUCCESS_CONTROL_AUXILIARY,True,8,LEFT|RIGHT,RIGHT,0.07055268502762913,0.09211331732904507,0.10582902754144369,12,0,0,12,5,True,LEFT|RIGHT,True,0.066948524818739988,-0.0036041602088891372,0.093509491226405977,0.0013961738973609084,0.10900676479229493,0.0031777372508512425,0.014744329997483874,PRODUCTION_FIRST_SKIP_PROPOSED_STAGE_WHEN_PRODUCTION_HARD_VALID,0,False
SCE006,H4B_GEOMETRY_LATERAL_TRANSITION,16,PILOT_SEEN_DEVELOPMENT_DATA_SUCCESS_CONTROL_AUXILIARY,True,8,LEFT|RIGHT,RIGHT,0.07055268502762913,0.09211331732904507,0.10582902754144369,16,0,0,16,7,True,LEFT|RIGHT,True,0.066948524818739988,-0.0036041602088891372,0.093509491226405977,0.0013961738973609084,0.10900676479229493,0.0031777372508512425,0.017496156997367507,PRODUCTION_FIRST_SKIP_PROPOSED_STAGE_WHEN_PRODUCTION_HARD_VALID,0,False
SCE006,H4B_GEOMETRY_LATERAL_TRANSITION,24,PILOT_SEEN_DEVELOPMENT_DATA_SUCCESS_CONTROL_AUXILIARY,True,8,LEFT|RIGHT,RIGHT,0.07055268502762913,0.09211331732904507,0.10582902754144369,24,0,0,24,12,True,LEFT|RIGHT,True,0.066948524818739988,-0.0036041602088891372,0.093509491226405977,0.0013961738973609084,0.10900676479229493,0.0031777372508512425,0.021246371001325315,PRODUCTION_FIRST_SKIP_PROPOSED_STAGE_WHEN_PRODUCTION_HARD_VALID,0,False
SCE007,H3_FIXED_BOUNDED,4,PILOT_SEEN_DEVELOPMENT_DATA_SUCCESS_CONTROL_AUXILIARY,True,5,LEFT|RIGHT,LEFT,0.020498415191532986,0.09584503584947501,0.07999999999999996,4,0,0,4,1,True,LEFT,True,0.020498415191532986,0.0,0.53125936880742308,0.43541433295794807,0.080009053549199682,9.053549199722344e-06,0.01040672000090126,PRODUCTION_FIRST_SKIP_PROPOSED_STAGE_WHEN_PRODUCTION_HARD_VALID,0,False
SCE007,H3_FIXED_BOUNDED,8,PILOT_SEEN_DEVELOPMENT_DATA_SUCCESS_CONTROL_AUXILIARY,True,5,LEFT|RIGHT,LEFT,0.020498415191532986,0.09584503584947501,0.07999999999999996,8,0,0,8,3,True,LEFT,True,0.020502068765375938,3.6535738429516185e-06,0.53125833852161142,0.4354133026721364,0.07999970541519949,-2.945848004698437e-07,0.017030361999786692,PRODUCTION_FIRST_SKIP_PROPOSED_STAGE_WHEN_PRODUCTION_HARD_VALID,0,False
SCE007,H3_FIXED_BOUNDED,12,PILOT_SEEN_DEVELOPMENT_DATA_SUCCESS_CONTROL_AUXILIARY,True,5,LEFT|RIGHT,LEFT,0.020498415191532986,0.09584503584947501,0.07999999999999996,12,0,0,12,5,True,LEFT,True,0.020502068765375938,3.6535738429516185e-06,0.53125833852161142,0.4354133026721364,0.07999970541519949,-2.945848004698437e-07,0.019539291999535635,PRODUCTION_FIRST_SKIP_PROPOSED_STAGE_WHEN_PRODUCTION_HARD_VALID,0,False
SCE007,H3_FIXED_BOUNDED,16,PILOT_SEEN_DEVELOPMENT_DATA_SUCCESS_CONTROL_AUXILIARY,True,5,LEFT|RIGHT,LEFT,0.020498415191532986,0.09584503584947501,0.07999999999999996,16,0,0,16,7,True,LEFT,True,0.020502068765375938,3.6535738429516185e-06,0.095927675471452312,8.263962197729846e-05,0.079990946554643033,-9.05344535692687e-06,0.023635458001081133,PRODUCTION_FIRST_SKIP_PROPOSED_STAGE_WHEN_PRODUCTION_HARD_VALID,0,False
SCE007,H3_FIXED_BOUNDED,24,PILOT_SEEN_DEVELOPMENT_DATA_SUCCESS_CONTROL_AUXILIARY,True,5,LEFT|RIGHT,LEFT,0.020498415191532986,0.09584503584947501,0.07999999999999996,24,0,0,24,7,True,LEFT,True,0.020502068765375938,3.6535738429516185e-06,0.095927675471452312,8.263962197729846e-05,0.079990946554643033,-9.05344535692687e-06,0.023812713003280805,PRODUCTION_FIRST_SKIP_PROPOSED_STAGE_WHEN_PRODUCTION_HARD_VALID,0,False
SCE007,H4A_GEOMETRY_TRANSITION,4,PILOT_SEEN_DEVELOPMENT_DATA_SUCCESS_CONTROL_AUXILIARY,True,5,LEFT|RIGHT,LEFT,0.020498415191532986,0.09584503584947501,0.07999999999999996,4,0,0,4,0,False,,False,,,,,,,0.013746468001045287,PRODUCTION_FIRST_SKIP_PROPOSED_STAGE_WHEN_PRODUCTION_HARD_VALID,0,False
SCE007,H4A_GEOMETRY_TRANSITION,8,PILOT_SEEN_DEVELOPMENT_DATA_SUCCESS_CONTROL_AUXILIARY,True,5,LEFT|RIGHT,LEFT,0.020498415191532986,0.09584503584947501,0.07999999999999996,8,0,0,8,0,False,,False,,,,,,,0.010741427999164443,PRODUCTION_FIRST_SKIP_PROPOSED_STAGE_WHEN_PRODUCTION_HARD_VALID,0,False
SCE007,H4A_GEOMETRY_TRANSITION,12,PILOT_SEEN_DEVELOPMENT_DATA_SUCCESS_CONTROL_AUXILIARY,True,5,LEFT|RIGHT,LEFT,0.020498415191532986,0.09584503584947501,0.07999999999999996,12,0,0,12,1,True,RIGHT,False,-4.1336613391488681e-09,-0.020498419325194327,0.0001383186361347058,-0.09570671721334031,-6.2004920087233018e-09,-0.08000000620049197,0.02199099200151977,PRODUCTION_FIRST_SKIP_PROPOSED_STAGE_WHEN_PRODUCTION_HARD_VALID,0,False
SCE007,H4A_GEOMETRY_TRANSITION,16,PILOT_SEEN_DEVELOPMENT_DATA_SUCCESS_CONTROL_AUXILIARY,True,5,LEFT|RIGHT,LEFT,0.020498415191532986,0.09584503584947501,0.07999999999999996,16,0,0,16,2,True,RIGHT,False,-5.5831902064558863e-09,-0.02049842077472319,0.0050248629202824038,-0.09082017292919262,-8.3747853096838298e-09,-0.08000000837478527,0.018591659998492105,PRODUCTION_FIRST_SKIP_PROPOSED_STAGE_WHEN_PRODUCTION_HARD_VALID,0,False
SCE007,H4A_GEOMETRY_TRANSITION,24,PILOT_SEEN_DEVELOPMENT_DATA_SUCCESS_CONTROL_AUXILIARY,True,5,LEFT|RIGHT,LEFT,0.020498415191532986,0.09584503584947501,0.07999999999999996,24,0,0,24,2,True,RIGHT,False,-5.5831902064558863e-09,-0.02049842077472319,0.0050248629202824038,-0.09082017292919262,-8.3747853096838298e-09,-0.08000000837478527,0.016154720000486122,PRODUCTION_FIRST_SKIP_PROPOSED_STAGE_WHEN_PRODUCTION_HARD_VALID,0,False
SCE007,H4B_GEOMETRY_LATERAL_TRANSITION,4,PILOT_SEEN_DEVELOPMENT_DATA_SUCCESS_CONTROL_AUXILIARY,True,5,LEFT|RIGHT,LEFT,0.020498415191532986,0.09584503584947501,0.07999999999999996,4,0,0,4,0,False,,False,,,,,,,0.014126706999377348,PRODUCTION_FIRST_SKIP_PROPOSED_STAGE_WHEN_PRODUCTION_HARD_VALID,0,False
SCE007,H4B_GEOMETRY_LATERAL_TRANSITION,8,PILOT_SEEN_DEVELOPMENT_DATA_SUCCESS_CONTROL_AUXILIARY,True,5,LEFT|RIGHT,LEFT,0.020498415191532986,0.09584503584947501,0.07999999999999996,8,0,0,8,0,False,,False,,,,,,,0.017516749001515564,PRODUCTION_FIRST_SKIP_PROPOSED_STAGE_WHEN_PRODUCTION_HARD_VALID,0,False
SCE007,H4B_GEOMETRY_LATERAL_TRANSITION,12,PILOT_SEEN_DEVELOPMENT_DATA_SUCCESS_CONTROL_AUXILIARY,True,5,LEFT|RIGHT,LEFT,0.020498415191532986,0.09584503584947501,0.07999999999999996,12,0,0,12,0,False,,False,,,,,,,0.0163541299989447,PRODUCTION_FIRST_SKIP_PROPOSED_STAGE_WHEN_PRODUCTION_HARD_VALID,0,False
SCE007,H4B_GEOMETRY_LATERAL_TRANSITION,16,PILOT_SEEN_DEVELOPMENT_DATA_SUCCESS_CONTROL_AUXILIARY,True,5,LEFT|RIGHT,LEFT,0.020498415191532986,0.09584503584947501,0.07999999999999996,16,0,0,16,0,False,,False,,,,,,,0.02012233200002811,PRODUCTION_FIRST_SKIP_PROPOSED_STAGE_WHEN_PRODUCTION_HARD_VALID,0,False
SCE007,H4B_GEOMETRY_LATERAL_TRANSITION,24,PILOT_SEEN_DEVELOPMENT_DATA_SUCCESS_CONTROL_AUXILIARY,True,5,LEFT|RIGHT,LEFT,0.020498415191532986,0.09584503584947501,0.07999999999999996,24,0,0,24,0,False,,False,,,,,,,0.031944769998517586,PRODUCTION_FIRST_SKIP_PROPOSED_STAGE_WHEN_PRODUCTION_HARD_VALID,0,False
SCE008,H3_FIXED_BOUNDED,4,PILOT_SEEN_DEVELOPMENT_DATA_SUCCESS_CONTROL_AUXILIARY,True,2,LEFT,LEFT,-0.12715483191099108,0.5224179408375218,-0.19073224786648663,4,0,2,2,0,False,,False,,,,,,,0.00642780799898901,PRODUCTION_FIRST_SKIP_PROPOSED_STAGE_WHEN_PRODUCTION_HARD_VALID,0,False
SCE008,H3_FIXED_BOUNDED,8,PILOT_SEEN_DEVELOPMENT_DATA_SUCCESS_CONTROL_AUXILIARY,True,2,LEFT,LEFT,-0.12715483191099108,0.5224179408375218,-0.19073224786648663,8,0,3,5,0,False,,False,,,,,,,0.01322032000098261,PRODUCTION_FIRST_SKIP_PROPOSED_STAGE_WHEN_PRODUCTION_HARD_VALID,0,False
SCE008,H3_FIXED_BOUNDED,12,PILOT_SEEN_DEVELOPMENT_DATA_SUCCESS_CONTROL_AUXILIARY,True,2,LEFT,LEFT,-0.12715483191099108,0.5224179408375218,-0.19073224786648663,12,0,5,7,1,True,LEFT,True,-0.13113114732708522,-0.003976315416094139,0.52081667240626173,-0.0016012684312600722,-0.19669672099062782,-0.005964473124141195,0.0078027189993008506,PRODUCTION_FIRST_SKIP_PROPOSED_STAGE_WHEN_PRODUCTION_HARD_VALID,0,False
SCE008,H3_FIXED_BOUNDED,16,PILOT_SEEN_DEVELOPMENT_DATA_SUCCESS_CONTROL_AUXILIARY,True,2,LEFT,LEFT,-0.12715483191099108,0.5224179408375218,-0.19073224786648663,16,1,7,8,1,True,LEFT,True,-0.13113114732708522,-0.003976315416094139,0.52081667240626173,-0.0016012684312600722,-0.19669672099062782,-0.005964473124141195,0.005011831999581773,PRODUCTION_FIRST_SKIP_PROPOSED_STAGE_WHEN_PRODUCTION_HARD_VALID,0,False
SCE008,H3_FIXED_BOUNDED,24,PILOT_SEEN_DEVELOPMENT_DATA_SUCCESS_CONTROL_AUXILIARY,True,2,LEFT,LEFT,-0.12715483191099108,0.5224179408375218,-0.19073224786648663,24,4,9,11,1,True,LEFT,True,-0.13113114732708522,-0.003976315416094139,0.52081667240626173,-0.0016012684312600722,-0.19669672099062782,-0.005964473124141195,0.008299248998810071,PRODUCTION_FIRST_SKIP_PROPOSED_STAGE_WHEN_PRODUCTION_HARD_VALID,0,False
SCE008,H4A_GEOMETRY_TRANSITION,4,PILOT_SEEN_DEVELOPMENT_DATA_SUCCESS_CONTROL_AUXILIARY,True,2,LEFT,LEFT,-0.12715483191099108,0.5224179408375218,-0.19073224786648663,4,0,0,4,0,False,,False,,,,,,,0.004169250001723412,PRODUCTION_FIRST_SKIP_PROPOSED_STAGE_WHEN_PRODUCTION_HARD_VALID,0,False
SCE008,H4A_GEOMETRY_TRANSITION,8,PILOT_SEEN_DEVELOPMENT_DATA_SUCCESS_CONTROL_AUXILIARY,True,2,LEFT,LEFT,-0.12715483191099108,0.5224179408375218,-0.19073224786648663,8,0,0,8,1,True,LEFT,True,-0.13113114732708522,-0.003976315416094139,0.52081667240626173,-0.0016012684312600722,-0.19669672099062782,-0.005964473124141195,0.004376515997137176,PRODUCTION_FIRST_SKIP_PROPOSED_STAGE_WHEN_PRODUCTION_HARD_VALID,0,False
SCE008,H4A_GEOMETRY_TRANSITION,12,PILOT_SEEN_DEVELOPMENT_DATA_SUCCESS_CONTROL_AUXILIARY,True,2,LEFT,LEFT,-0.12715483191099108,0.5224179408375218,-0.19073224786648663,12,1,0,11,1,True,LEFT,True,-0.13113114732708522,-0.003976315416094139,0.52081667240626173,-0.0016012684312600722,-0.19669672099062782,-0.005964473124141195,0.004963745999702951,PRODUCTION_FIRST_SKIP_PROPOSED_STAGE_WHEN_PRODUCTION_HARD_VALID,0,False
SCE008,H4A_GEOMETRY_TRANSITION,16,PILOT_SEEN_DEVELOPMENT_DATA_SUCCESS_CONTROL_AUXILIARY,True,2,LEFT,LEFT,-0.12715483191099108,0.5224179408375218,-0.19073224786648663,16,3,0,13,1,True,LEFT,True,-0.13113114732708522,-0.003976315416094139,0.52081667240626173,-0.0016012684312600722,-0.19669672099062782,-0.005964473124141195,0.006485070000053383,PRODUCTION_FIRST_SKIP_PROPOSED_STAGE_WHEN_PRODUCTION_HARD_VALID,0,False
SCE008,H4A_GEOMETRY_TRANSITION,24,PILOT_SEEN_DEVELOPMENT_DATA_SUCCESS_CONTROL_AUXILIARY,True,2,LEFT,LEFT,-0.12715483191099108,0.5224179408375218,-0.19073224786648663,24,8,2,14,1,True,LEFT,True,-0.13113114732708522,-0.003976315416094139,0.52081667240626173,-0.0016012684312600722,-0.19669672099062782,-0.005964473124141195,0.006070043997169705,PRODUCTION_FIRST_SKIP_PROPOSED_STAGE_WHEN_PRODUCTION_HARD_VALID,0,False
SCE008,H4B_GEOMETRY_LATERAL_TRANSITION,4,PILOT_SEEN_DEVELOPMENT_DATA_SUCCESS_CONTROL_AUXILIARY,True,2,LEFT,LEFT,-0.12715483191099108,0.5224179408375218,-0.19073224786648663,4,0,0,4,0,False,,False,,,,,,,0.0036797799984924495,PRODUCTION_FIRST_SKIP_PROPOSED_STAGE_WHEN_PRODUCTION_HARD_VALID,0,False
SCE008,H4B_GEOMETRY_LATERAL_TRANSITION,8,PILOT_SEEN_DEVELOPMENT_DATA_SUCCESS_CONTROL_AUXILIARY,True,2,LEFT,LEFT,-0.12715483191099108,0.5224179408375218,-0.19073224786648663,8,0,0,8,0,False,,False,,,,,,,0.005189804000110598,PRODUCTION_FIRST_SKIP_PROPOSED_STAGE_WHEN_PRODUCTION_HARD_VALID,0,False
SCE008,H4B_GEOMETRY_LATERAL_TRANSITION,12,PILOT_SEEN_DEVELOPMENT_DATA_SUCCESS_CONTROL_AUXILIARY,True,2,LEFT,LEFT,-0.12715483191099108,0.5224179408375218,-0.19073224786648663,12,2,0,10,1,True,LEFT,True,-0.13113114732708522,-0.003976315416094139,0.52081667240626173,-0.0016012684312600722,-0.19669672099062782,-0.005964473124141195,0.006864850998681504,PRODUCTION_FIRST_SKIP_PROPOSED_STAGE_WHEN_PRODUCTION_HARD_VALID,0,False
SCE008,H4B_GEOMETRY_LATERAL_TRANSITION,16,PILOT_SEEN_DEVELOPMENT_DATA_SUCCESS_CONTROL_AUXILIARY,True,2,LEFT,LEFT,-0.12715483191099108,0.5224179408375218,-0.19073224786648663,16,3,0,13,1,True,LEFT,True,-0.13113114732708522,-0.003976315416094139,0.52081667240626173,-0.0016012684312600722,-0.19669672099062782,-0.005964473124141195,0.006331305998173775,PRODUCTION_FIRST_SKIP_PROPOSED_STAGE_WHEN_PRODUCTION_HARD_VALID,0,False
SCE008,H4B_GEOMETRY_LATERAL_TRANSITION,24,PILOT_SEEN_DEVELOPMENT_DATA_SUCCESS_CONTROL_AUXILIARY,True,2,LEFT,LEFT,-0.12715483191099108,0.5224179408375218,-0.19073224786648663,24,10,0,14,1,True,LEFT,True,-0.13113114732708522,-0.003976315416094139,0.52081667240626173,-0.0016012684312600722,-0.19669672099062782,-0.005964473124141195,0.005126249998284038,PRODUCTION_FIRST_SKIP_PROPOSED_STAGE_WHEN_PRODUCTION_HARD_VALID,0,False
SCE009,H3_FIXED_BOUNDED,4,PILOT_SEEN_DEVELOPMENT_DATA_SUCCESS_CONTROL_AUXILIARY,True,2,LEFT,LEFT,0.16402430036450155,0.3694473700987303,0.24603645054675233,4,0,0,4,4,True,LEFT,True,0.086289927902396923,-0.07773437246210463,0.41940540505931517,0.049958034960584874,0.12943489185359539,-0.11660155869315694,0.007055309000861598,PRODUCTION_FIRST_SKIP_PROPOSED_STAGE_WHEN_PRODUCTION_HARD_VALID,0,False
SCE009,H3_FIXED_BOUNDED,8,PILOT_SEEN_DEVELOPMENT_DATA_SUCCESS_CONTROL_AUXILIARY,True,2,LEFT,LEFT,0.16402430036450155,0.3694473700987303,0.24603645054675233,8,0,0,8,6,True,LEFT,True,0.0064496034452973293,-0.15757469691920423,0.43148867702088345,0.06204130692215315,0.0096744051679459944,-0.23636204537880634,0.007225121000374202,PRODUCTION_FIRST_SKIP_PROPOSED_STAGE_WHEN_PRODUCTION_HARD_VALID,0,False
SCE009,H3_FIXED_BOUNDED,12,PILOT_SEEN_DEVELOPMENT_DATA_SUCCESS_CONTROL_AUXILIARY,True,2,LEFT,LEFT,0.16402430036450155,0.3694473700987303,0.24603645054675233,12,0,0,12,9,True,LEFT,True,0.0064496034452973293,-0.15757469691920423,0.43148867702088345,0.06204130692215315,0.0096744051679459944,-0.23636204537880634,0.008843331997923087,PRODUCTION_FIRST_SKIP_PROPOSED_STAGE_WHEN_PRODUCTION_HARD_VALID,0,False
SCE009,H3_FIXED_BOUNDED,16,PILOT_SEEN_DEVELOPMENT_DATA_SUCCESS_CONTROL_AUXILIARY,True,2,LEFT,LEFT,0.16402430036450155,0.3694473700987303,0.24603645054675233,16,0,0,16,12,True,LEFT,True,0.0064496034452973293,-0.15757469691920423,0.43148867702088345,0.06204130692215315,0.0096744051679459944,-0.23636204537880634,0.014961830998799996,PRODUCTION_FIRST_SKIP_PROPOSED_STAGE_WHEN_PRODUCTION_HARD_VALID,0,False
SCE009,H3_FIXED_BOUNDED,24,PILOT_SEEN_DEVELOPMENT_DATA_SUCCESS_CONTROL_AUXILIARY,True,2,LEFT,LEFT,0.16402430036450155,0.3694473700987303,0.24603645054675233,24,0,0,24,15,True,LEFT,True,0.0064496034452973293,-0.15757469691920423,0.43148867702088345,0.06204130692215315,0.0096744051679459944,-0.23636204537880634,0.013543196000682656,PRODUCTION_FIRST_SKIP_PROPOSED_STAGE_WHEN_PRODUCTION_HARD_VALID,0,False
SCE009,H4A_GEOMETRY_TRANSITION,4,PILOT_SEEN_DEVELOPMENT_DATA_SUCCESS_CONTROL_AUXILIARY,True,2,LEFT,LEFT,0.16402430036450155,0.3694473700987303,0.24603645054675233,4,0,0,4,0,False,,False,,,,,,,0.009075608002603985,PRODUCTION_FIRST_SKIP_PROPOSED_STAGE_WHEN_PRODUCTION_HARD_VALID,0,False
SCE009,H4A_GEOMETRY_TRANSITION,8,PILOT_SEEN_DEVELOPMENT_DATA_SUCCESS_CONTROL_AUXILIARY,True,2,LEFT,LEFT,0.16402430036450155,0.3694473700987303,0.24603645054675233,8,0,0,8,0,False,,False,,,,,,,0.014595512999221683,PRODUCTION_FIRST_SKIP_PROPOSED_STAGE_WHEN_PRODUCTION_HARD_VALID,0,False
SCE009,H4A_GEOMETRY_TRANSITION,12,PILOT_SEEN_DEVELOPMENT_DATA_SUCCESS_CONTROL_AUXILIARY,True,2,LEFT,LEFT,0.16402430036450155,0.3694473700987303,0.24603645054675233,12,0,0,12,0,False,,False,,,,,,,0.025407516997802304,PRODUCTION_FIRST_SKIP_PROPOSED_STAGE_WHEN_PRODUCTION_HARD_VALID,0,False
SCE009,H4A_GEOMETRY_TRANSITION,16,PILOT_SEEN_DEVELOPMENT_DATA_SUCCESS_CONTROL_AUXILIARY,True,2,LEFT,LEFT,0.16402430036450155,0.3694473700987303,0.24603645054675233,16,0,0,16,0,False,,False,,,,,,,0.02271056999961729,PRODUCTION_FIRST_SKIP_PROPOSED_STAGE_WHEN_PRODUCTION_HARD_VALID,0,False
SCE009,H4A_GEOMETRY_TRANSITION,24,PILOT_SEEN_DEVELOPMENT_DATA_SUCCESS_CONTROL_AUXILIARY,True,2,LEFT,LEFT,0.16402430036450155,0.3694473700987303,0.24603645054675233,24,0,0,24,2,True,LEFT,True,0.16402430046526154,1.0075998368996864e-10,0.36883825873629422,-0.0006091113624360767,0.24603645069789232,1.5113998941274076e-10,0.02534517399908509,PRODUCTION_FIRST_SKIP_PROPOSED_STAGE_WHEN_PRODUCTION_HARD_VALID,0,False
SCE009,H4B_GEOMETRY_LATERAL_TRANSITION,4,PILOT_SEEN_DEVELOPMENT_DATA_SUCCESS_CONTROL_AUXILIARY,True,2,LEFT,LEFT,0.16402430036450155,0.3694473700987303,0.24603645054675233,4,0,0,4,0,False,,False,,,,,,,0.009646802001952892,PRODUCTION_FIRST_SKIP_PROPOSED_STAGE_WHEN_PRODUCTION_HARD_VALID,0,False
SCE009,H4B_GEOMETRY_LATERAL_TRANSITION,8,PILOT_SEEN_DEVELOPMENT_DATA_SUCCESS_CONTROL_AUXILIARY,True,2,LEFT,LEFT,0.16402430036450155,0.3694473700987303,0.24603645054675233,8,0,0,8,0,False,,False,,,,,,,0.012794752001354937,PRODUCTION_FIRST_SKIP_PROPOSED_STAGE_WHEN_PRODUCTION_HARD_VALID,0,False
SCE009,H4B_GEOMETRY_LATERAL_TRANSITION,12,PILOT_SEEN_DEVELOPMENT_DATA_SUCCESS_CONTROL_AUXILIARY,True,2,LEFT,LEFT,0.16402430036450155,0.3694473700987303,0.24603645054675233,12,0,0,12,0,False,,False,,,,,,,0.019668351000291295,PRODUCTION_FIRST_SKIP_PROPOSED_STAGE_WHEN_PRODUCTION_HARD_VALID,0,False
SCE009,H4B_GEOMETRY_LATERAL_TRANSITION,16,PILOT_SEEN_DEVELOPMENT_DATA_SUCCESS_CONTROL_AUXILIARY,True,2,LEFT,LEFT,0.16402430036450155,0.3694473700987303,0.24603645054675233,16,0,0,16,0,False,,False,,,,,,,0.019261788998846896,PRODUCTION_FIRST_SKIP_PROPOSED_STAGE_WHEN_PRODUCTION_HARD_VALID,0,False
SCE009,H4B_GEOMETRY_LATERAL_TRANSITION,24,PILOT_SEEN_DEVELOPMENT_DATA_SUCCESS_CONTROL_AUXILIARY,True,2,LEFT,LEFT,0.16402430036450155,0.3694473700987303,0.24603645054675233,24,0,0,24,0,False,,False,,,,,,,0.022778983002353925,PRODUCTION_FIRST_SKIP_PROPOSED_STAGE_WHEN_PRODUCTION_HARD_VALID,0,False
SCE010,H3_FIXED_BOUNDED,4,PILOT_SEEN_DEVELOPMENT_DATA_SUCCESS_CONTROL_AUXILIARY,True,1,RIGHT,RIGHT,0.00708877686785601,0.03418686776548463,0.010633165301784014,4,0,0,4,0,False,,False,,,,,,,0.015299704999051755,PRODUCTION_FIRST_SKIP_PROPOSED_STAGE_WHEN_PRODUCTION_HARD_VALID,0,False
SCE010,H3_FIXED_BOUNDED,8,PILOT_SEEN_DEVELOPMENT_DATA_SUCCESS_CONTROL_AUXILIARY,True,1,RIGHT,RIGHT,0.00708877686785601,0.03418686776548463,0.010633165301784014,8,0,0,8,0,False,,False,,,,,,,0.014644513998064213,PRODUCTION_FIRST_SKIP_PROPOSED_STAGE_WHEN_PRODUCTION_HARD_VALID,0,False
SCE010,H3_FIXED_BOUNDED,12,PILOT_SEEN_DEVELOPMENT_DATA_SUCCESS_CONTROL_AUXILIARY,True,1,RIGHT,RIGHT,0.00708877686785601,0.03418686776548463,0.010633165301784014,12,0,0,12,0,False,,False,,,,,,,0.01496381299875793,PRODUCTION_FIRST_SKIP_PROPOSED_STAGE_WHEN_PRODUCTION_HARD_VALID,0,False
SCE010,H3_FIXED_BOUNDED,16,PILOT_SEEN_DEVELOPMENT_DATA_SUCCESS_CONTROL_AUXILIARY,True,1,RIGHT,RIGHT,0.00708877686785601,0.03418686776548463,0.010633165301784014,16,0,0,16,0,False,,False,,,,,,,0.02184995200150297,PRODUCTION_FIRST_SKIP_PROPOSED_STAGE_WHEN_PRODUCTION_HARD_VALID,0,False
SCE010,H3_FIXED_BOUNDED,24,PILOT_SEEN_DEVELOPMENT_DATA_SUCCESS_CONTROL_AUXILIARY,True,1,RIGHT,RIGHT,0.00708877686785601,0.03418686776548463,0.010633165301784014,24,0,0,24,0,False,,False,,,,,,,0.02564634200098226,PRODUCTION_FIRST_SKIP_PROPOSED_STAGE_WHEN_PRODUCTION_HARD_VALID,0,False
SCE010,H4A_GEOMETRY_TRANSITION,4,PILOT_SEEN_DEVELOPMENT_DATA_SUCCESS_CONTROL_AUXILIARY,True,1,RIGHT,RIGHT,0.00708877686785601,0.03418686776548463,0.010633165301784014,4,0,0,4,0,False,,False,,,,,,,0.013722011000936618,PRODUCTION_FIRST_SKIP_PROPOSED_STAGE_WHEN_PRODUCTION_HARD_VALID,0,False
SCE010,H4A_GEOMETRY_TRANSITION,8,PILOT_SEEN_DEVELOPMENT_DATA_SUCCESS_CONTROL_AUXILIARY,True,1,RIGHT,RIGHT,0.00708877686785601,0.03418686776548463,0.010633165301784014,8,0,0,8,1,True,RIGHT,True,0.0070887768678560099,0.0,0.03418686776548463,0.0,0.010633165301784014,0.0,0.01720053799726884,PRODUCTION_FIRST_SKIP_PROPOSED_STAGE_WHEN_PRODUCTION_HARD_VALID,0,False
SCE010,H4A_GEOMETRY_TRANSITION,12,PILOT_SEEN_DEVELOPMENT_DATA_SUCCESS_CONTROL_AUXILIARY,True,1,RIGHT,RIGHT,0.00708877686785601,0.03418686776548463,0.010633165301784014,12,0,0,12,2,True,RIGHT,True,0.0070887768678560099,0.0,0.03418686776548463,0.0,0.010633165301784014,0.0,0.023502125997765688,PRODUCTION_FIRST_SKIP_PROPOSED_STAGE_WHEN_PRODUCTION_HARD_VALID,0,False
SCE010,H4A_GEOMETRY_TRANSITION,16,PILOT_SEEN_DEVELOPMENT_DATA_SUCCESS_CONTROL_AUXILIARY,True,1,RIGHT,RIGHT,0.00708877686785601,0.03418686776548463,0.010633165301784014,16,0,0,16,2,True,RIGHT,True,0.0070887768678560099,0.0,0.03418686776548463,0.0,0.010633165301784014,0.0,0.025599019001674606,PRODUCTION_FIRST_SKIP_PROPOSED_STAGE_WHEN_PRODUCTION_HARD_VALID,0,False
SCE010,H4A_GEOMETRY_TRANSITION,24,PILOT_SEEN_DEVELOPMENT_DATA_SUCCESS_CONTROL_AUXILIARY,True,1,RIGHT,RIGHT,0.00708877686785601,0.03418686776548463,0.010633165301784014,24,0,0,24,3,True,RIGHT,True,0.0070887768678560099,0.0,0.03418686776548463,0.0,0.010633165301784014,0.0,0.022610522999457316,PRODUCTION_FIRST_SKIP_PROPOSED_STAGE_WHEN_PRODUCTION_HARD_VALID,0,False
SCE010,H4B_GEOMETRY_LATERAL_TRANSITION,4,PILOT_SEEN_DEVELOPMENT_DATA_SUCCESS_CONTROL_AUXILIARY,True,1,RIGHT,RIGHT,0.00708877686785601,0.03418686776548463,0.010633165301784014,4,0,0,4,0,False,,False,,,,,,,0.010764571001345757,PRODUCTION_FIRST_SKIP_PROPOSED_STAGE_WHEN_PRODUCTION_HARD_VALID,0,False
SCE010,H4B_GEOMETRY_LATERAL_TRANSITION,8,PILOT_SEEN_DEVELOPMENT_DATA_SUCCESS_CONTROL_AUXILIARY,True,1,RIGHT,RIGHT,0.00708877686785601,0.03418686776548463,0.010633165301784014,8,0,0,8,0,False,,False,,,,,,,0.010601242000120692,PRODUCTION_FIRST_SKIP_PROPOSED_STAGE_WHEN_PRODUCTION_HARD_VALID,0,False
SCE010,H4B_GEOMETRY_LATERAL_TRANSITION,12,PILOT_SEEN_DEVELOPMENT_DATA_SUCCESS_CONTROL_AUXILIARY,True,1,RIGHT,RIGHT,0.00708877686785601,0.03418686776548463,0.010633165301784014,12,0,0,12,0,False,,False,,,,,,,0.012278099999093683,PRODUCTION_FIRST_SKIP_PROPOSED_STAGE_WHEN_PRODUCTION_HARD_VALID,0,False
SCE010,H4B_GEOMETRY_LATERAL_TRANSITION,16,PILOT_SEEN_DEVELOPMENT_DATA_SUCCESS_CONTROL_AUXILIARY,True,1,RIGHT,RIGHT,0.00708877686785601,0.03418686776548463,0.010633165301784014,16,0,0,16,0,False,,False,,,,,,,0.013582200001110323,PRODUCTION_FIRST_SKIP_PROPOSED_STAGE_WHEN_PRODUCTION_HARD_VALID,0,False
SCE010,H4B_GEOMETRY_LATERAL_TRANSITION,24,PILOT_SEEN_DEVELOPMENT_DATA_SUCCESS_CONTROL_AUXILIARY,True,1,RIGHT,RIGHT,0.00708877686785601,0.03418686776548463,0.010633165301784014,24,0,0,24,0,False,,False,,,,,,,0.014197373999195406,PRODUCTION_FIRST_SKIP_PROPOSED_STAGE_WHEN_PRODUCTION_HARD_VALID,0,False
SCE011,H3_FIXED_BOUNDED,4,PILOT_SEEN_DEVELOPMENT_DATA_SUCCESS_CONTROL_AUXILIARY,True,2,LEFT,LEFT,0.16402429935966092,0.3694474912786592,0.2460364490394914,4,0,0,4,4,True,LEFT,True,0.086290054876241806,-0.07773424448341912,0.41311000086150923,0.043662509582850006,0.12943508231436271,-0.11660136672512869,0.007159340002544923,PRODUCTION_FIRST_SKIP_PROPOSED_STAGE_WHEN_PRODUCTION_HARD_VALID,0,False
SCE011,H3_FIXED_BOUNDED,8,PILOT_SEEN_DEVELOPMENT_DATA_SUCCESS_CONTROL_AUXILIARY,True,2,LEFT,LEFT,0.16402429935966092,0.3694474912786592,0.2460364490394914,8,0,0,8,7,True,LEFT,True,0.0064498618649807922,-0.15757443749468014,0.42390981311438597,0.054462321835726746,0.0096747927974711878,-0.2363616562420202,0.012050034001731547,PRODUCTION_FIRST_SKIP_PROPOSED_STAGE_WHEN_PRODUCTION_HARD_VALID,0,False
SCE011,H3_FIXED_BOUNDED,12,PILOT_SEEN_DEVELOPMENT_DATA_SUCCESS_CONTROL_AUXILIARY,True,2,LEFT,LEFT,0.16402429935966092,0.3694474912786592,0.2460364490394914,12,0,0,12,10,True,LEFT,True,0.0064498618649807922,-0.15757443749468014,0.42390981311438597,0.054462321835726746,0.0096747927974711878,-0.2363616562420202,0.012872535997303203,PRODUCTION_FIRST_SKIP_PROPOSED_STAGE_WHEN_PRODUCTION_HARD_VALID,0,False
SCE011,H3_FIXED_BOUNDED,16,PILOT_SEEN_DEVELOPMENT_DATA_SUCCESS_CONTROL_AUXILIARY,True,2,LEFT,LEFT,0.16402429935966092,0.3694474912786592,0.2460364490394914,16,0,0,16,13,True,LEFT,True,0.0064498618649807922,-0.15757443749468014,0.42390981311438597,0.054462321835726746,0.0096747927974711878,-0.2363616562420202,0.015595150001900038,PRODUCTION_FIRST_SKIP_PROPOSED_STAGE_WHEN_PRODUCTION_HARD_VALID,0,False
SCE011,H3_FIXED_BOUNDED,24,PILOT_SEEN_DEVELOPMENT_DATA_SUCCESS_CONTROL_AUXILIARY,True,2,LEFT,LEFT,0.16402429935966092,0.3694474912786592,0.2460364490394914,24,0,0,24,16,True,LEFT,True,0.0064498618649807922,-0.15757443749468014,0.42390981311438597,0.054462321835726746,0.0096747927974711878,-0.2363616562420202,0.015428820999659365,PRODUCTION_FIRST_SKIP_PROPOSED_STAGE_WHEN_PRODUCTION_HARD_VALID,0,False
SCE011,H4A_GEOMETRY_TRANSITION,4,PILOT_SEEN_DEVELOPMENT_DATA_SUCCESS_CONTROL_AUXILIARY,True,2,LEFT,LEFT,0.16402429935966092,0.3694474912786592,0.2460364490394914,4,0,0,4,0,False,,False,,,,,,,0.013567474001320079,PRODUCTION_FIRST_SKIP_PROPOSED_STAGE_WHEN_PRODUCTION_HARD_VALID,0,False
SCE011,H4A_GEOMETRY_TRANSITION,8,PILOT_SEEN_DEVELOPMENT_DATA_SUCCESS_CONTROL_AUXILIARY,True,2,LEFT,LEFT,0.16402429935966092,0.3694474912786592,0.2460364490394914,8,0,0,8,0,False,,False,,,,,,,0.02103461799924844,PRODUCTION_FIRST_SKIP_PROPOSED_STAGE_WHEN_PRODUCTION_HARD_VALID,0,False
SCE011,H4A_GEOMETRY_TRANSITION,12,PILOT_SEEN_DEVELOPMENT_DATA_SUCCESS_CONTROL_AUXILIARY,True,2,LEFT,LEFT,0.16402429935966092,0.3694474912786592,0.2460364490394914,12,0,0,12,0,False,,False,,,,,,,0.015210915997158736,PRODUCTION_FIRST_SKIP_PROPOSED_STAGE_WHEN_PRODUCTION_HARD_VALID,0,False
SCE011,H4A_GEOMETRY_TRANSITION,16,PILOT_SEEN_DEVELOPMENT_DATA_SUCCESS_CONTROL_AUXILIARY,True,2,LEFT,LEFT,0.16402429935966092,0.3694474912786592,0.2460364490394914,16,0,0,16,0,False,,False,,,,,,,0.032231863999186317,PRODUCTION_FIRST_SKIP_PROPOSED_STAGE_WHEN_PRODUCTION_HARD_VALID,0,False
SCE011,H4A_GEOMETRY_TRANSITION,24,PILOT_SEEN_DEVELOPMENT_DATA_SUCCESS_CONTROL_AUXILIARY,True,2,LEFT,LEFT,0.16402429935966092,0.3694474912786592,0.2460364490394914,24,0,0,24,2,True,LEFT,True,0.16402430016058864,8.009277130405223e-10,0.36883654770826302,-0.0006109435703962052,0.24603645024088294,1.201391541805208e-09,0.0227395539986901,PRODUCTION_FIRST_SKIP_PROPOSED_STAGE_WHEN_PRODUCTION_HARD_VALID,0,False
SCE011,H4B_GEOMETRY_LATERAL_TRANSITION,4,PILOT_SEEN_DEVELOPMENT_DATA_SUCCESS_CONTROL_AUXILIARY,True,2,LEFT,LEFT,0.16402429935966092,0.3694474912786592,0.2460364490394914,4,0,0,4,0,False,,False,,,,,,,0.005929658000241034,PRODUCTION_FIRST_SKIP_PROPOSED_STAGE_WHEN_PRODUCTION_HARD_VALID,0,False
SCE011,H4B_GEOMETRY_LATERAL_TRANSITION,8,PILOT_SEEN_DEVELOPMENT_DATA_SUCCESS_CONTROL_AUXILIARY,True,2,LEFT,LEFT,0.16402429935966092,0.3694474912786592,0.2460364490394914,8,0,0,8,0,False,,False,,,,,,,0.013545023000915535,PRODUCTION_FIRST_SKIP_PROPOSED_STAGE_WHEN_PRODUCTION_HARD_VALID,0,False
SCE011,H4B_GEOMETRY_LATERAL_TRANSITION,12,PILOT_SEEN_DEVELOPMENT_DATA_SUCCESS_CONTROL_AUXILIARY,True,2,LEFT,LEFT,0.16402429935966092,0.3694474912786592,0.2460364490394914,12,0,0,12,0,False,,False,,,,,,,0.019768493999436032,PRODUCTION_FIRST_SKIP_PROPOSED_STAGE_WHEN_PRODUCTION_HARD_VALID,0,False
SCE011,H4B_GEOMETRY_LATERAL_TRANSITION,16,PILOT_SEEN_DEVELOPMENT_DATA_SUCCESS_CONTROL_AUXILIARY,True,2,LEFT,LEFT,0.16402429935966092,0.3694474912786592,0.2460364490394914,16,0,0,16,0,False,,False,,,,,,,0.031094535999727668,PRODUCTION_FIRST_SKIP_PROPOSED_STAGE_WHEN_PRODUCTION_HARD_VALID,0,False
SCE011,H4B_GEOMETRY_LATERAL_TRANSITION,24,PILOT_SEEN_DEVELOPMENT_DATA_SUCCESS_CONTROL_AUXILIARY,True,2,LEFT,LEFT,0.16402429935966092,0.3694474912786592,0.2460364490394914,24,0,0,24,0,False,,False,,,,,,,0.03345598799933214,PRODUCTION_FIRST_SKIP_PROPOSED_STAGE_WHEN_PRODUCTION_HARD_VALID,0,False
SCE012,H3_FIXED_BOUNDED,4,PILOT_SEEN_DEVELOPMENT_DATA_SUCCESS_CONTROL_AUXILIARY,True,1,RIGHT,RIGHT,0.007086062974076508,0.02227053784734867,0.010629094461114763,4,0,0,4,0,False,,False,,,,,,,0.009232846001395956,PRODUCTION_FIRST_SKIP_PROPOSED_STAGE_WHEN_PRODUCTION_HARD_VALID,0,False
SCE012,H3_FIXED_BOUNDED,8,PILOT_SEEN_DEVELOPMENT_DATA_SUCCESS_CONTROL_AUXILIARY,True,1,RIGHT,RIGHT,0.007086062974076508,0.02227053784734867,0.010629094461114763,8,0,0,8,0,False,,False,,,,,,,0.007879868997406447,PRODUCTION_FIRST_SKIP_PROPOSED_STAGE_WHEN_PRODUCTION_HARD_VALID,0,False
SCE012,H3_FIXED_BOUNDED,12,PILOT_SEEN_DEVELOPMENT_DATA_SUCCESS_CONTROL_AUXILIARY,True,1,RIGHT,RIGHT,0.007086062974076508,0.02227053784734867,0.010629094461114763,12,0,0,12,0,False,,False,,,,,,,0.011622324000200024,PRODUCTION_FIRST_SKIP_PROPOSED_STAGE_WHEN_PRODUCTION_HARD_VALID,0,False
SCE012,H3_FIXED_BOUNDED,16,PILOT_SEEN_DEVELOPMENT_DATA_SUCCESS_CONTROL_AUXILIARY,True,1,RIGHT,RIGHT,0.007086062974076508,0.02227053784734867,0.010629094461114763,16,0,0,16,0,False,,False,,,,,,,0.009451203997741686,PRODUCTION_FIRST_SKIP_PROPOSED_STAGE_WHEN_PRODUCTION_HARD_VALID,0,False
SCE012,H3_FIXED_BOUNDED,24,PILOT_SEEN_DEVELOPMENT_DATA_SUCCESS_CONTROL_AUXILIARY,True,1,RIGHT,RIGHT,0.007086062974076508,0.02227053784734867,0.010629094461114763,24,0,0,24,0,False,,False,,,,,,,0.016105942999274703,PRODUCTION_FIRST_SKIP_PROPOSED_STAGE_WHEN_PRODUCTION_HARD_VALID,0,False
SCE012,H4A_GEOMETRY_TRANSITION,4,PILOT_SEEN_DEVELOPMENT_DATA_SUCCESS_CONTROL_AUXILIARY,True,1,RIGHT,RIGHT,0.007086062974076508,0.02227053784734867,0.010629094461114763,4,0,0,4,0,False,,False,,,,,,,0.008439312001428334,PRODUCTION_FIRST_SKIP_PROPOSED_STAGE_WHEN_PRODUCTION_HARD_VALID,0,False
SCE012,H4A_GEOMETRY_TRANSITION,8,PILOT_SEEN_DEVELOPMENT_DATA_SUCCESS_CONTROL_AUXILIARY,True,1,RIGHT,RIGHT,0.007086062974076508,0.02227053784734867,0.010629094461114763,8,0,0,8,1,True,RIGHT,True,0.0070860629740765084,0.0,0.02227053784734867,0.0,0.010629094461114763,0.0,0.015509251999901608,PRODUCTION_FIRST_SKIP_PROPOSED_STAGE_WHEN_PRODUCTION_HARD_VALID,0,False
SCE012,H4A_GEOMETRY_TRANSITION,12,PILOT_SEEN_DEVELOPMENT_DATA_SUCCESS_CONTROL_AUXILIARY,True,1,RIGHT,RIGHT,0.007086062974076508,0.02227053784734867,0.010629094461114763,12,0,0,12,2,True,RIGHT,True,0.0070860629740765084,0.0,0.02227053784734867,0.0,0.010629094461114763,0.0,0.02046334099941305,PRODUCTION_FIRST_SKIP_PROPOSED_STAGE_WHEN_PRODUCTION_HARD_VALID,0,False
SCE012,H4A_GEOMETRY_TRANSITION,16,PILOT_SEEN_DEVELOPMENT_DATA_SUCCESS_CONTROL_AUXILIARY,True,1,RIGHT,RIGHT,0.007086062974076508,0.02227053784734867,0.010629094461114763,16,0,0,16,2,True,RIGHT,True,0.0070860629740765084,0.0,0.02227053784734867,0.0,0.010629094461114763,0.0,0.01514515099916025,PRODUCTION_FIRST_SKIP_PROPOSED_STAGE_WHEN_PRODUCTION_HARD_VALID,0,False
SCE012,H4A_GEOMETRY_TRANSITION,24,PILOT_SEEN_DEVELOPMENT_DATA_SUCCESS_CONTROL_AUXILIARY,True,1,RIGHT,RIGHT,0.007086062974076508,0.02227053784734867,0.010629094461114763,24,0,0,24,3,True,RIGHT,True,0.0070860629740765084,0.0,0.02227053784734867,0.0,0.010629094461114763,0.0,0.02244049600267317,PRODUCTION_FIRST_SKIP_PROPOSED_STAGE_WHEN_PRODUCTION_HARD_VALID,0,False
SCE012,H4B_GEOMETRY_LATERAL_TRANSITION,4,PILOT_SEEN_DEVELOPMENT_DATA_SUCCESS_CONTROL_AUXILIARY,True,1,RIGHT,RIGHT,0.007086062974076508,0.02227053784734867,0.010629094461114763,4,0,0,4,0,False,,False,,,,,,,0.013683055000001332,PRODUCTION_FIRST_SKIP_PROPOSED_STAGE_WHEN_PRODUCTION_HARD_VALID,0,False
SCE012,H4B_GEOMETRY_LATERAL_TRANSITION,8,PILOT_SEEN_DEVELOPMENT_DATA_SUCCESS_CONTROL_AUXILIARY,True,1,RIGHT,RIGHT,0.007086062974076508,0.02227053784734867,0.010629094461114763,8,0,0,8,0,False,,False,,,,,,,0.01294928599963896,PRODUCTION_FIRST_SKIP_PROPOSED_STAGE_WHEN_PRODUCTION_HARD_VALID,0,False
SCE012,H4B_GEOMETRY_LATERAL_TRANSITION,12,PILOT_SEEN_DEVELOPMENT_DATA_SUCCESS_CONTROL_AUXILIARY,True,1,RIGHT,RIGHT,0.007086062974076508,0.02227053784734867,0.010629094461114763,12,0,0,12,0,False,,False,,,,,,,0.02555991600092966,PRODUCTION_FIRST_SKIP_PROPOSED_STAGE_WHEN_PRODUCTION_HARD_VALID,0,False
SCE012,H4B_GEOMETRY_LATERAL_TRANSITION,16,PILOT_SEEN_DEVELOPMENT_DATA_SUCCESS_CONTROL_AUXILIARY,True,1,RIGHT,RIGHT,0.007086062974076508,0.02227053784734867,0.010629094461114763,16,0,0,16,0,False,,False,,,,,,,0.020321961001172895,PRODUCTION_FIRST_SKIP_PROPOSED_STAGE_WHEN_PRODUCTION_HARD_VALID,0,False
SCE012,H4B_GEOMETRY_LATERAL_TRANSITION,24,PILOT_SEEN_DEVELOPMENT_DATA_SUCCESS_CONTROL_AUXILIARY,True,1,RIGHT,RIGHT,0.007086062974076508,0.02227053784734867,0.010629094461114763,24,0,0,24,0,False,,False,,,,,,,0.019444532998022623,PRODUCTION_FIRST_SKIP_PROPOSED_STAGE_WHEN_PRODUCTION_HARD_VALID,0,False
SCE013,H3_FIXED_BOUNDED,4,PILOT_SEEN_DEVELOPMENT_DATA_SUCCESS_CONTROL_AUXILIARY,True,6,LEFT|RIGHT,RIGHT,0.05002359120223362,0.09002846801787137,1.5,4,0,0,4,4,True,LEFT|RIGHT,True,0.34242148082395901,0.2923978896217254,0.482914412745792,0.3928859447279206,1.5,0.0,0.01351539600000251,PRODUCTION_FIRST_SKIP_PROPOSED_STAGE_WHEN_PRODUCTION_HARD_VALID,0,False
SCE013,H3_FIXED_BOUNDED,8,PILOT_SEEN_DEVELOPMENT_DATA_SUCCESS_CONTROL_AUXILIARY,True,6,LEFT|RIGHT,RIGHT,0.05002359120223362,0.09002846801787137,1.5,8,0,0,8,7,True,LEFT|RIGHT,True,0.098627476737829123,0.048603885535595505,0.13740434600502716,0.047375877987155784,1.5,0.0,0.017319533999398118,PRODUCTION_FIRST_SKIP_PROPOSED_STAGE_WHEN_PRODUCTION_HARD_VALID,0,False
SCE013,H3_FIXED_BOUNDED,12,PILOT_SEEN_DEVELOPMENT_DATA_SUCCESS_CONTROL_AUXILIARY,True,6,LEFT|RIGHT,RIGHT,0.05002359120223362,0.09002846801787137,1.5,12,0,0,12,9,True,LEFT|RIGHT,True,0.021245454779820649,-0.02877813642241297,0.026295648670862537,-0.06373281934700883,1.5,0.0,0.016861609001352917,PRODUCTION_FIRST_SKIP_PROPOSED_STAGE_WHEN_PRODUCTION_HARD_VALID,0,False
SCE013,H3_FIXED_BOUNDED,16,PILOT_SEEN_DEVELOPMENT_DATA_SUCCESS_CONTROL_AUXILIARY,True,6,LEFT|RIGHT,RIGHT,0.05002359120223362,0.09002846801787137,1.5,16,0,0,16,9,True,LEFT|RIGHT,True,0.021245454779820649,-0.02877813642241297,0.026295648670862537,-0.06373281934700883,1.5,0.0,0.015006392997747753,PRODUCTION_FIRST_SKIP_PROPOSED_STAGE_WHEN_PRODUCTION_HARD_VALID,0,False
SCE013,H3_FIXED_BOUNDED,24,PILOT_SEEN_DEVELOPMENT_DATA_SUCCESS_CONTROL_AUXILIARY,True,6,LEFT|RIGHT,RIGHT,0.05002359120223362,0.09002846801787137,1.5,24,0,0,24,15,True,LEFT|RIGHT,True,0.050023591202233618,0.0,0.090249587227907907,0.00022111921003653556,1.5,0.0,0.026576800002658274,PRODUCTION_FIRST_SKIP_PROPOSED_STAGE_WHEN_PRODUCTION_HARD_VALID,0,False
SCE013,H4A_GEOMETRY_TRANSITION,4,PILOT_SEEN_DEVELOPMENT_DATA_SUCCESS_CONTROL_AUXILIARY,True,6,LEFT|RIGHT,RIGHT,0.05002359120223362,0.09002846801787137,1.5,4,0,0,4,1,True,RIGHT,True,0.029716097046385486,-0.020307494155848132,0.030870744508120253,-0.05915772350975112,1.5,0.0,0.012812198001483921,PRODUCTION_FIRST_SKIP_PROPOSED_STAGE_WHEN_PRODUCTION_HARD_VALID,0,False
SCE013,H4A_GEOMETRY_TRANSITION,8,PILOT_SEEN_DEVELOPMENT_DATA_SUCCESS_CONTROL_AUXILIARY,True,6,LEFT|RIGHT,RIGHT,0.05002359120223362,0.09002846801787137,1.5,8,0,0,8,2,True,LEFT|RIGHT,True,0.029716097046385486,-0.020307494155848132,0.030870744508120253,-0.05915772350975112,1.5,0.0,0.019636779001302784,PRODUCTION_FIRST_SKIP_PROPOSED_STAGE_WHEN_PRODUCTION_HARD_VALID,0,False
SCE013,H4A_GEOMETRY_TRANSITION,12,PILOT_SEEN_DEVELOPMENT_DATA_SUCCESS_CONTROL_AUXILIARY,True,6,LEFT|RIGHT,RIGHT,0.05002359120223362,0.09002846801787137,1.5,12,0,0,12,4,True,LEFT|RIGHT,True,0.028618281855184596,-0.021405309347049022,0.029243708138733261,-0.06078475987913811,1.5,0.0,0.020123928999964846,PRODUCTION_FIRST_SKIP_PROPOSED_STAGE_WHEN_PRODUCTION_HARD_VALID,0,False
SCE013,H4A_GEOMETRY_TRANSITION,16,PILOT_SEEN_DEVELOPMENT_DATA_SUCCESS_CONTROL_AUXILIARY,True,6,LEFT|RIGHT,RIGHT,0.05002359120223362,0.09002846801787137,1.5,16,0,0,16,6,True,LEFT|RIGHT,True,0.028618281855184596,-0.021405309347049022,0.029243708138733261,-0.06078475987913811,1.5,0.0,0.013029805999394739,PRODUCTION_FIRST_SKIP_PROPOSED_STAGE_WHEN_PRODUCTION_HARD_VALID,0,False
SCE013,H4A_GEOMETRY_TRANSITION,24,PILOT_SEEN_DEVELOPMENT_DATA_SUCCESS_CONTROL_AUXILIARY,True,6,LEFT|RIGHT,RIGHT,0.05002359120223362,0.09002846801787137,1.5,24,0,0,24,9,True,LEFT|RIGHT,True,0.012151053987170571,-0.03787253721506305,0.0048386399086905243,-0.08518982810918085,1.5,0.0,0.02029026799937128,PRODUCTION_FIRST_SKIP_PROPOSED_STAGE_WHEN_PRODUCTION_HARD_VALID,0,False
SCE013,H4B_GEOMETRY_LATERAL_TRANSITION,4,PILOT_SEEN_DEVELOPMENT_DATA_SUCCESS_CONTROL_AUXILIARY,True,6,LEFT|RIGHT,RIGHT,0.05002359120223362,0.09002846801787137,1.5,4,0,0,4,3,True,LEFT|RIGHT,True,-0.01053016131190084,-0.06055375251413446,0.0004160003852653818,-0.089612467632606,1.5,0.0,0.014102201999776298,PRODUCTION_FIRST_SKIP_PROPOSED_STAGE_WHEN_PRODUCTION_HARD_VALID,0,False
SCE013,H4B_GEOMETRY_LATERAL_TRANSITION,8,PILOT_SEEN_DEVELOPMENT_DATA_SUCCESS_CONTROL_AUXILIARY,True,6,LEFT|RIGHT,RIGHT,0.05002359120223362,0.09002846801787137,1.5,8,0,0,8,5,True,LEFT|RIGHT,True,-0.01053016131190084,-0.06055375251413446,0.0004160003852653818,-0.089612467632606,1.5,0.0,0.018074872001307085,PRODUCTION_FIRST_SKIP_PROPOSED_STAGE_WHEN_PRODUCTION_HARD_VALID,0,False
SCE013,H4B_GEOMETRY_LATERAL_TRANSITION,12,PILOT_SEEN_DEVELOPMENT_DATA_SUCCESS_CONTROL_AUXILIARY,True,6,LEFT|RIGHT,RIGHT,0.05002359120223362,0.09002846801787137,1.5,12,0,0,12,7,True,LEFT|RIGHT,True,-0.01053016131190084,-0.06055375251413446,0.0004160003852653818,-0.089612467632606,1.5,0.0,0.018856144000892527,PRODUCTION_FIRST_SKIP_PROPOSED_STAGE_WHEN_PRODUCTION_HARD_VALID,0,False
SCE013,H4B_GEOMETRY_LATERAL_TRANSITION,16,PILOT_SEEN_DEVELOPMENT_DATA_SUCCESS_CONTROL_AUXILIARY,True,6,LEFT|RIGHT,RIGHT,0.05002359120223362,0.09002846801787137,1.5,16,0,0,16,10,True,LEFT|RIGHT,True,-0.01053016131190084,-0.06055375251413446,0.0004160003852653818,-0.089612467632606,1.5,0.0,0.011965319001319585,PRODUCTION_FIRST_SKIP_PROPOSED_STAGE_WHEN_PRODUCTION_HARD_VALID,0,False
SCE013,H4B_GEOMETRY_LATERAL_TRANSITION,24,PILOT_SEEN_DEVELOPMENT_DATA_SUCCESS_CONTROL_AUXILIARY,True,6,LEFT|RIGHT,RIGHT,0.05002359120223362,0.09002846801787137,1.5,24,0,0,24,11,True,LEFT|RIGHT,True,-0.01053016131190084,-0.06055375251413446,0.0004160003852653818,-0.089612467632606,1.5,0.0,0.012648689000343438,PRODUCTION_FIRST_SKIP_PROPOSED_STAGE_WHEN_PRODUCTION_HARD_VALID,0,False
SCE014,H3_FIXED_BOUNDED,4,PILOT_SEEN_DEVELOPMENT_DATA_SUCCESS_CONTROL_AUXILIARY,True,6,LEFT,LEFT,0.07429406629604268,0.34527306634531507,0.11144109944406402,4,0,0,4,4,True,LEFT,True,0.073963631566199881,-0.00033043472984280176,0.34080837021826504,-0.004464696127050027,0.11094544734929981,-0.0004956520947642096,0.012331767000432592,PRODUCTION_FIRST_SKIP_PROPOSED_STAGE_WHEN_PRODUCTION_HARD_VALID,0,False
SCE014,H3_FIXED_BOUNDED,8,PILOT_SEEN_DEVELOPMENT_DATA_SUCCESS_CONTROL_AUXILIARY,True,6,LEFT,LEFT,0.07429406629604268,0.34527306634531507,0.11144109944406402,8,0,0,8,8,True,LEFT,True,0.074659767830629956,0.0003657015345872733,0.34527306634531507,0.0,0.11198965174594494,0.0005485523018809169,0.019040163002500776,PRODUCTION_FIRST_SKIP_PROPOSED_STAGE_WHEN_PRODUCTION_HARD_VALID,0,False
SCE014,H3_FIXED_BOUNDED,12,PILOT_SEEN_DEVELOPMENT_DATA_SUCCESS_CONTROL_AUXILIARY,True,6,LEFT,LEFT,0.07429406629604268,0.34527306634531507,0.11144109944406402,12,0,0,12,11,True,LEFT,True,0.074659767830629956,0.0003657015345872733,0.34527306634531507,0.0,0.11198965174594494,0.0005485523018809169,0.015227091000269866,PRODUCTION_FIRST_SKIP_PROPOSED_STAGE_WHEN_PRODUCTION_HARD_VALID,0,False
SCE014,H3_FIXED_BOUNDED,16,PILOT_SEEN_DEVELOPMENT_DATA_SUCCESS_CONTROL_AUXILIARY,True,6,LEFT,LEFT,0.07429406629604268,0.34527306634531507,0.11144109944406402,16,0,0,16,14,True,LEFT,True,0.074659767830629956,0.0003657015345872733,0.34527306634531507,0.0,0.11198965174594494,0.0005485523018809169,0.015544535999651998,PRODUCTION_FIRST_SKIP_PROPOSED_STAGE_WHEN_PRODUCTION_HARD_VALID,0,False
SCE014,H3_FIXED_BOUNDED,24,PILOT_SEEN_DEVELOPMENT_DATA_SUCCESS_CONTROL_AUXILIARY,True,6,LEFT,LEFT,0.07429406629604268,0.34527306634531507,0.11144109944406402,24,0,0,24,19,True,LEFT,True,0.074659767830629956,0.0003657015345872733,0.34527306634531507,0.0,0.11198965174594494,0.0005485523018809169,0.01768468700174708,PRODUCTION_FIRST_SKIP_PROPOSED_STAGE_WHEN_PRODUCTION_HARD_VALID,0,False
SCE014,H4A_GEOMETRY_TRANSITION,4,PILOT_SEEN_DEVELOPMENT_DATA_SUCCESS_CONTROL_AUXILIARY,True,6,LEFT,LEFT,0.07429406629604268,0.34527306634531507,0.11144109944406402,4,0,0,4,3,True,LEFT,True,0.0084262450250004398,-0.06586782127104224,0.40758363835562195,0.062310572010306875,0.012639367537500661,-0.09880173190656336,0.0065014210013032425,PRODUCTION_FIRST_SKIP_PROPOSED_STAGE_WHEN_PRODUCTION_HARD_VALID,0,False
SCE014,H4A_GEOMETRY_TRANSITION,8,PILOT_SEEN_DEVELOPMENT_DATA_SUCCESS_CONTROL_AUXILIARY,True,6,LEFT,LEFT,0.07429406629604268,0.34527306634531507,0.11144109944406402,8,0,0,8,6,True,LEFT,True,0.0084262450250004398,-0.06586782127104224,0.40758363835562195,0.062310572010306875,0.012639367537500661,-0.09880173190656336,0.017469556998548796,PRODUCTION_FIRST_SKIP_PROPOSED_STAGE_WHEN_PRODUCTION_HARD_VALID,0,False
SCE014,H4A_GEOMETRY_TRANSITION,12,PILOT_SEEN_DEVELOPMENT_DATA_SUCCESS_CONTROL_AUXILIARY,True,6,LEFT,LEFT,0.07429406629604268,0.34527306634531507,0.11144109944406402,12,0,0,12,9,True,LEFT,True,0.0084262450250004398,-0.06586782127104224,0.40758363835562195,0.062310572010306875,0.012639367537500661,-0.09880173190656336,0.020005715003208024,PRODUCTION_FIRST_SKIP_PROPOSED_STAGE_WHEN_PRODUCTION_HARD_VALID,0,False
SCE014,H4A_GEOMETRY_TRANSITION,16,PILOT_SEEN_DEVELOPMENT_DATA_SUCCESS_CONTROL_AUXILIARY,True,6,LEFT,LEFT,0.07429406629604268,0.34527306634531507,0.11144109944406402,16,0,0,16,12,True,LEFT,True,0.0084262450250004398,-0.06586782127104224,0.40758363835562195,0.062310572010306875,0.012639367537500661,-0.09880173190656336,0.018407383002340794,PRODUCTION_FIRST_SKIP_PROPOSED_STAGE_WHEN_PRODUCTION_HARD_VALID,0,False
SCE014,H4A_GEOMETRY_TRANSITION,24,PILOT_SEEN_DEVELOPMENT_DATA_SUCCESS_CONTROL_AUXILIARY,True,6,LEFT,LEFT,0.07429406629604268,0.34527306634531507,0.11144109944406402,24,0,0,24,18,True,LEFT,True,0.0084262450250004398,-0.06586782127104224,0.40758363835562195,0.062310572010306875,0.012639367537500661,-0.09880173190656336,0.019460722000076203,PRODUCTION_FIRST_SKIP_PROPOSED_STAGE_WHEN_PRODUCTION_HARD_VALID,0,False
SCE014,H4B_GEOMETRY_LATERAL_TRANSITION,4,PILOT_SEEN_DEVELOPMENT_DATA_SUCCESS_CONTROL_AUXILIARY,True,6,LEFT,LEFT,0.07429406629604268,0.34527306634531507,0.11144109944406402,4,0,0,4,0,False,,False,,,,,,,0.01065381599983084,PRODUCTION_FIRST_SKIP_PROPOSED_STAGE_WHEN_PRODUCTION_HARD_VALID,0,False
SCE014,H4B_GEOMETRY_LATERAL_TRANSITION,8,PILOT_SEEN_DEVELOPMENT_DATA_SUCCESS_CONTROL_AUXILIARY,True,6,LEFT,LEFT,0.07429406629604268,0.34527306634531507,0.11144109944406402,8,0,0,8,1,True,LEFT,True,0.044579782156100069,-0.029714284139942614,0.054154626613249879,-0.2911184397320652,0.40393902530821391,0.2924979258641499,0.017999938001594273,PRODUCTION_FIRST_SKIP_PROPOSED_STAGE_WHEN_PRODUCTION_HARD_VALID,0,False
SCE014,H4B_GEOMETRY_LATERAL_TRANSITION,12,PILOT_SEEN_DEVELOPMENT_DATA_SUCCESS_CONTROL_AUXILIARY,True,6,LEFT,LEFT,0.07429406629604268,0.34527306634531507,0.11144109944406402,12,0,0,12,4,True,LEFT,True,0.044579782156100069,-0.029714284139942614,0.054154626613249879,-0.2911184397320652,0.40393902530821391,0.2924979258641499,0.02648036399841658,PRODUCTION_FIRST_SKIP_PROPOSED_STAGE_WHEN_PRODUCTION_HARD_VALID,0,False
SCE014,H4B_GEOMETRY_LATERAL_TRANSITION,16,PILOT_SEEN_DEVELOPMENT_DATA_SUCCESS_CONTROL_AUXILIARY,True,6,LEFT,LEFT,0.07429406629604268,0.34527306634531507,0.11144109944406402,16,0,0,16,7,True,LEFT,True,0.074659767830629956,0.0003657015345872733,0.34527306634531507,0.0,0.11198965174594494,0.0005485523018809169,0.02514020800299477,PRODUCTION_FIRST_SKIP_PROPOSED_STAGE_WHEN_PRODUCTION_HARD_VALID,0,False
SCE014,H4B_GEOMETRY_LATERAL_TRANSITION,24,PILOT_SEEN_DEVELOPMENT_DATA_SUCCESS_CONTROL_AUXILIARY,True,6,LEFT,LEFT,0.07429406629604268,0.34527306634531507,0.11144109944406402,24,0,0,24,12,True,LEFT,True,0.074659767830629956,0.0003657015345872733,0.34527306634531507,0.0,0.11198965174594494,0.0005485523018809169,0.017502549999335315,PRODUCTION_FIRST_SKIP_PROPOSED_STAGE_WHEN_PRODUCTION_HARD_VALID,0,False
SCE015,H3_FIXED_BOUNDED,4,PILOT_SEEN_DEVELOPMENT_DATA_SUCCESS_CONTROL_AUXILIARY,True,8,LEFT|RIGHT,LEFT,0.049343208646707104,0.38753811538611804,0.07401481297006066,4,0,0,4,4,True,LEFT|RIGHT,True,0.049343208646707104,0.0,0.65054726309492139,0.26300914770880335,0.074014812970060656,0.0,0.009971715000574477,PRODUCTION_FIRST_SKIP_PROPOSED_STAGE_WHEN_PRODUCTION_HARD_VALID,0,False
SCE015,H3_FIXED_BOUNDED,8,PILOT_SEEN_DEVELOPMENT_DATA_SUCCESS_CONTROL_AUXILIARY,True,8,LEFT|RIGHT,LEFT,0.049343208646707104,0.38753811538611804,0.07401481297006066,8,0,0,8,7,True,LEFT|RIGHT,True,0.049343208646707104,0.0,0.63238932760657462,0.24485121222045658,0.074014812970060656,0.0,0.013289768001413904,PRODUCTION_FIRST_SKIP_PROPOSED_STAGE_WHEN_PRODUCTION_HARD_VALID,0,False
SCE015,H3_FIXED_BOUNDED,12,PILOT_SEEN_DEVELOPMENT_DATA_SUCCESS_CONTROL_AUXILIARY,True,8,LEFT|RIGHT,LEFT,0.049343208646707104,0.38753811538611804,0.07401481297006066,12,0,0,12,9,True,LEFT|RIGHT,True,0.049343208646707361,2.5673907444456745e-16,0.35637235336999779,-0.031165762016120258,0.074014812970061045,3.885780586188048e-16,0.02059248599834973,PRODUCTION_FIRST_SKIP_PROPOSED_STAGE_WHEN_PRODUCTION_HARD_VALID,0,False
SCE015,H3_FIXED_BOUNDED,16,PILOT_SEEN_DEVELOPMENT_DATA_SUCCESS_CONTROL_AUXILIARY,True,8,LEFT|RIGHT,LEFT,0.049343208646707104,0.38753811538611804,0.07401481297006066,16,0,0,16,11,True,LEFT|RIGHT,True,0.049343208646707104,0.0,0.35637283690604948,-0.03116527848006856,0.074014812970060656,0.0,0.02496955400056322,PRODUCTION_FIRST_SKIP_PROPOSED_STAGE_WHEN_PRODUCTION_HARD_VALID,0,False
SCE015,H3_FIXED_BOUNDED,24,PILOT_SEEN_DEVELOPMENT_DATA_SUCCESS_CONTROL_AUXILIARY,True,8,LEFT|RIGHT,LEFT,0.049343208646707104,0.38753811538611804,0.07401481297006066,24,0,0,24,17,True,LEFT|RIGHT,True,0.049343208646707361,2.5673907444456745e-16,0.38753811538611804,0.0,0.074014812970061045,3.885780586188048e-16,0.015413946999615291,PRODUCTION_FIRST_SKIP_PROPOSED_STAGE_WHEN_PRODUCTION_HARD_VALID,0,False
SCE015,H4A_GEOMETRY_TRANSITION,4,PILOT_SEEN_DEVELOPMENT_DATA_SUCCESS_CONTROL_AUXILIARY,True,8,LEFT|RIGHT,LEFT,0.049343208646707104,0.38753811538611804,0.07401481297006066,4,0,0,4,1,True,LEFT,True,0.049286600502511581,-5.6608144195523236e-05,0.38753811538611804,0.0,0.073929900753767375,-8.491221629328138e-05,0.009009845001855865,PRODUCTION_FIRST_SKIP_PROPOSED_STAGE_WHEN_PRODUCTION_HARD_VALID,0,False
SCE015,H4A_GEOMETRY_TRANSITION,8,PILOT_SEEN_DEVELOPMENT_DATA_SUCCESS_CONTROL_AUXILIARY,True,8,LEFT|RIGHT,LEFT,0.049343208646707104,0.38753811538611804,0.07401481297006066,8,0,0,8,4,True,LEFT,True,0.038946424965015825,-0.01039678368169128,0.36922309169331213,-0.01831502369280591,0.058419637447523737,-0.01559517552253692,0.013697807997232303,PRODUCTION_FIRST_SKIP_PROPOSED_STAGE_WHEN_PRODUCTION_HARD_VALID,0,False
SCE015,H4A_GEOMETRY_TRANSITION,12,PILOT_SEEN_DEVELOPMENT_DATA_SUCCESS_CONTROL_AUXILIARY,True,8,LEFT|RIGHT,LEFT,0.049343208646707104,0.38753811538611804,0.07401481297006066,12,0,0,12,5,True,LEFT,True,0.0094368204295535076,-0.039906388217153595,0.36542814931652684,-0.022109966069591203,0.014155230644330261,-0.059859582325730396,0.016139662999194115,PRODUCTION_FIRST_SKIP_PROPOSED_STAGE_WHEN_PRODUCTION_HARD_VALID,0,False
SCE015,H4A_GEOMETRY_TRANSITION,16,PILOT_SEEN_DEVELOPMENT_DATA_SUCCESS_CONTROL_AUXILIARY,True,8,LEFT|RIGHT,LEFT,0.049343208646707104,0.38753811538611804,0.07401481297006066,16,0,0,16,6,True,LEFT,True,0.0094368204295535076,-0.039906388217153595,0.36542814931652684,-0.022109966069591203,0.014155230644330261,-0.059859582325730396,0.020168761002423707,PRODUCTION_FIRST_SKIP_PROPOSED_STAGE_WHEN_PRODUCTION_HARD_VALID,0,False
SCE015,H4A_GEOMETRY_TRANSITION,24,PILOT_SEEN_DEVELOPMENT_DATA_SUCCESS_CONTROL_AUXILIARY,True,8,LEFT|RIGHT,LEFT,0.049343208646707104,0.38753811538611804,0.07401481297006066,24,0,0,24,8,True,LEFT,True,0.0094368204295535076,-0.039906388217153595,0.36542814931652684,-0.022109966069591203,0.014155230644330261,-0.059859582325730396,0.02020838799944613,PRODUCTION_FIRST_SKIP_PROPOSED_STAGE_WHEN_PRODUCTION_HARD_VALID,0,False
SCE015,H4B_GEOMETRY_LATERAL_TRANSITION,4,PILOT_SEEN_DEVELOPMENT_DATA_SUCCESS_CONTROL_AUXILIARY,True,8,LEFT|RIGHT,LEFT,0.049343208646707104,0.38753811538611804,0.07401481297006066,4,0,0,4,2,True,LEFT,True,0.049657087662276465,0.0003138790155693613,0.076451920211290769,-0.3110861951748273,0.67943335601362431,0.6054185430435637,0.008407124998484505,PRODUCTION_FIRST_SKIP_PROPOSED_STAGE_WHEN_PRODUCTION_HARD_VALID,0,False
SCE015,H4B_GEOMETRY_LATERAL_TRANSITION,8,PILOT_SEEN_DEVELOPMENT_DATA_SUCCESS_CONTROL_AUXILIARY,True,8,LEFT|RIGHT,LEFT,0.049343208646707104,0.38753811538611804,0.07401481297006066,8,0,0,8,4,True,LEFT,True,0.049657087662276465,0.0003138790155693613,0.076451920211290769,-0.3110861951748273,0.67943335601362431,0.6054185430435637,0.0216482210016693,PRODUCTION_FIRST_SKIP_PROPOSED_STAGE_WHEN_PRODUCTION_HARD_VALID,0,False
SCE015,H4B_GEOMETRY_LATERAL_TRANSITION,12,PILOT_SEEN_DEVELOPMENT_DATA_SUCCESS_CONTROL_AUXILIARY,True,8,LEFT|RIGHT,LEFT,0.049343208646707104,0.38753811538611804,0.07401481297006066,12,0,0,12,7,True,LEFT,True,0.21455170425411163,0.16520849560740453,0.32363235364291287,-0.06390576174320517,0.46724727675866762,0.393232463788607,0.018879097002354683,PRODUCTION_FIRST_SKIP_PROPOSED_STAGE_WHEN_PRODUCTION_HARD_VALID,0,False
SCE015,H4B_GEOMETRY_LATERAL_TRANSITION,16,PILOT_SEEN_DEVELOPMENT_DATA_SUCCESS_CONTROL_AUXILIARY,True,8,LEFT|RIGHT,LEFT,0.049343208646707104,0.38753811538611804,0.07401481297006066,16,0,0,16,9,True,LEFT,True,0.23130085026796879,0.18195764162126168,0.34913626706080114,-0.0384018483253169,0.46051836945412483,0.3865035564840642,0.028561809998791432,PRODUCTION_FIRST_SKIP_PROPOSED_STAGE_WHEN_PRODUCTION_HARD_VALID,0,False
SCE015,H4B_GEOMETRY_LATERAL_TRANSITION,24,PILOT_SEEN_DEVELOPMENT_DATA_SUCCESS_CONTROL_AUXILIARY,True,8,LEFT|RIGHT,LEFT,0.049343208646707104,0.38753811538611804,0.07401481297006066,24,0,0,24,12,True,LEFT,True,0.23130085026796879,0.18195764162126168,0.34913626706080114,-0.0384018483253169,0.46051836945412483,0.3865035564840642,0.01942827099992428,PRODUCTION_FIRST_SKIP_PROPOSED_STAGE_WHEN_PRODUCTION_HARD_VALID,0,False
SCE016,H3_FIXED_BOUNDED,4,PILOT_SEEN_DEVELOPMENT_DATA_SUCCESS_CONTROL_AUXILIARY,True,2,RIGHT,RIGHT,0.01068723082136103,0.20529679143981397,0.03990077192125563,4,0,0,4,2,True,RIGHT,True,0.0040333291541667276,-0.006653901667194303,0.29494088017300785,0.08964408873319388,0.0060499937312500918,-0.03385077819000554,0.009656312999140937,PRODUCTION_FIRST_SKIP_PROPOSED_STAGE_WHEN_PRODUCTION_HARD_VALID,0,False
SCE016,H3_FIXED_BOUNDED,8,PILOT_SEEN_DEVELOPMENT_DATA_SUCCESS_CONTROL_AUXILIARY,True,2,RIGHT,RIGHT,0.01068723082136103,0.20529679143981397,0.03990077192125563,8,0,0,8,2,True,RIGHT,True,0.0040333291541667276,-0.006653901667194303,0.29494088017300785,0.08964408873319388,0.0060499937312500918,-0.03385077819000554,0.018551965997176012,PRODUCTION_FIRST_SKIP_PROPOSED_STAGE_WHEN_PRODUCTION_HARD_VALID,0,False
SCE016,H3_FIXED_BOUNDED,12,PILOT_SEEN_DEVELOPMENT_DATA_SUCCESS_CONTROL_AUXILIARY,True,2,RIGHT,RIGHT,0.01068723082136103,0.20529679143981397,0.03990077192125563,12,0,0,12,3,True,RIGHT,True,0.0041007502954217845,-0.006586480525939246,0.29198677322719852,0.08668998178738455,0.0061511254431326767,-0.03374964647812295,0.02003036499809241,PRODUCTION_FIRST_SKIP_PROPOSED_STAGE_WHEN_PRODUCTION_HARD_VALID,0,False
SCE016,H3_FIXED_BOUNDED,16,PILOT_SEEN_DEVELOPMENT_DATA_SUCCESS_CONTROL_AUXILIARY,True,2,RIGHT,RIGHT,0.01068723082136103,0.20529679143981397,0.03990077192125563,16,0,0,16,5,True,RIGHT,True,0.0040333291541667276,-0.006653901667194303,0.23683945832945422,0.03154266688964025,0.0060499937312500918,-0.03385077819000554,0.017745080000167945,PRODUCTION_FIRST_SKIP_PROPOSED_STAGE_WHEN_PRODUCTION_HARD_VALID,0,False
SCE016,H3_FIXED_BOUNDED,24,PILOT_SEEN_DEVELOPMENT_DATA_SUCCESS_CONTROL_AUXILIARY,True,2,RIGHT,RIGHT,0.01068723082136103,0.20529679143981397,0.03990077192125563,24,0,2,22,5,True,RIGHT,True,0.0040333291541667276,-0.006653901667194303,0.23683945832945422,0.03154266688964025,0.0060499937312500918,-0.03385077819000554,0.017718220999086043,PRODUCTION_FIRST_SKIP_PROPOSED_STAGE_WHEN_PRODUCTION_HARD_VALID,0,False
SCE016,H4A_GEOMETRY_TRANSITION,4,PILOT_SEEN_DEVELOPMENT_DATA_SUCCESS_CONTROL_AUXILIARY,True,2,RIGHT,RIGHT,0.01068723082136103,0.20529679143981397,0.03990077192125563,4,0,0,4,0,False,,False,,,,,,,0.013997460999235045,PRODUCTION_FIRST_SKIP_PROPOSED_STAGE_WHEN_PRODUCTION_HARD_VALID,0,False
SCE016,H4A_GEOMETRY_TRANSITION,8,PILOT_SEEN_DEVELOPMENT_DATA_SUCCESS_CONTROL_AUXILIARY,True,2,RIGHT,RIGHT,0.01068723082136103,0.20529679143981397,0.03990077192125563,8,0,0,8,0,False,,False,,,,,,,0.014321173999633174,PRODUCTION_FIRST_SKIP_PROPOSED_STAGE_WHEN_PRODUCTION_HARD_VALID,0,False
SCE016,H4A_GEOMETRY_TRANSITION,12,PILOT_SEEN_DEVELOPMENT_DATA_SUCCESS_CONTROL_AUXILIARY,True,2,RIGHT,RIGHT,0.01068723082136103,0.20529679143981397,0.03990077192125563,12,0,0,12,2,True,RIGHT,True,0.0041779130451040274,-0.006509317776257003,0.23683945832945422,0.03154266688964025,0.0062668695676560415,-0.03363390235359959,0.02095369200105779,PRODUCTION_FIRST_SKIP_PROPOSED_STAGE_WHEN_PRODUCTION_HARD_VALID,0,False
SCE016,H4A_GEOMETRY_TRANSITION,16,PILOT_SEEN_DEVELOPMENT_DATA_SUCCESS_CONTROL_AUXILIARY,True,2,RIGHT,RIGHT,0.01068723082136103,0.20529679143981397,0.03990077192125563,16,0,0,16,2,True,RIGHT,True,0.0041779130451040274,-0.006509317776257003,0.23683945832945422,0.03154266688964025,0.0062668695676560415,-0.03363390235359959,0.019529602999682538,PRODUCTION_FIRST_SKIP_PROPOSED_STAGE_WHEN_PRODUCTION_HARD_VALID,0,False
SCE016,H4A_GEOMETRY_TRANSITION,24,PILOT_SEEN_DEVELOPMENT_DATA_SUCCESS_CONTROL_AUXILIARY,True,2,RIGHT,RIGHT,0.01068723082136103,0.20529679143981397,0.03990077192125563,24,0,0,24,2,True,RIGHT,True,0.0041779130451040274,-0.006509317776257003,0.23683945832945422,0.03154266688964025,0.0062668695676560415,-0.03363390235359959,0.01934498799892026,PRODUCTION_FIRST_SKIP_PROPOSED_STAGE_WHEN_PRODUCTION_HARD_VALID,0,False
SCE016,H4B_GEOMETRY_LATERAL_TRANSITION,4,PILOT_SEEN_DEVELOPMENT_DATA_SUCCESS_CONTROL_AUXILIARY,True,2,RIGHT,RIGHT,0.01068723082136103,0.20529679143981397,0.03990077192125563,4,0,0,4,0,False,,False,,,,,,,0.013039134999417001,PRODUCTION_FIRST_SKIP_PROPOSED_STAGE_WHEN_PRODUCTION_HARD_VALID,0,False
SCE016,H4B_GEOMETRY_LATERAL_TRANSITION,8,PILOT_SEEN_DEVELOPMENT_DATA_SUCCESS_CONTROL_AUXILIARY,True,2,RIGHT,RIGHT,0.01068723082136103,0.20529679143981397,0.03990077192125563,8,0,0,8,0,False,,False,,,,,,,0.015498639000725234,PRODUCTION_FIRST_SKIP_PROPOSED_STAGE_WHEN_PRODUCTION_HARD_VALID,0,False
SCE016,H4B_GEOMETRY_LATERAL_TRANSITION,12,PILOT_SEEN_DEVELOPMENT_DATA_SUCCESS_CONTROL_AUXILIARY,True,2,RIGHT,RIGHT,0.01068723082136103,0.20529679143981397,0.03990077192125563,12,0,0,12,0,False,,False,,,,,,,0.010796933001984144,PRODUCTION_FIRST_SKIP_PROPOSED_STAGE_WHEN_PRODUCTION_HARD_VALID,0,False
SCE016,H4B_GEOMETRY_LATERAL_TRANSITION,16,PILOT_SEEN_DEVELOPMENT_DATA_SUCCESS_CONTROL_AUXILIARY,True,2,RIGHT,RIGHT,0.01068723082136103,0.20529679143981397,0.03990077192125563,16,0,0,16,0,False,,False,,,,,,,0.017078363998734858,PRODUCTION_FIRST_SKIP_PROPOSED_STAGE_WHEN_PRODUCTION_HARD_VALID,0,False
SCE016,H4B_GEOMETRY_LATERAL_TRANSITION,24,PILOT_SEEN_DEVELOPMENT_DATA_SUCCESS_CONTROL_AUXILIARY,True,2,RIGHT,RIGHT,0.01068723082136103,0.20529679143981397,0.03990077192125563,24,0,0,24,0,False,,False,,,,,,,0.030688135000673356,PRODUCTION_FIRST_SKIP_PROPOSED_STAGE_WHEN_PRODUCTION_HARD_VALID,0,False
SCE017,H3_FIXED_BOUNDED,4,PILOT_SEEN_DEVELOPMENT_DATA_SUCCESS_CONTROL_AUXILIARY,True,6,RIGHT,RIGHT,0.09739462633523895,0.3778823884598543,0.14609193950285843,4,0,0,4,4,True,RIGHT,True,0.0973943032855909,-3.2304964804608094e-07,0.37783621291493241,-4.617554492186704e-05,0.14609145492838635,-4.845744720760603e-07,0.011601713998970808,PRODUCTION_FIRST_SKIP_PROPOSED_STAGE_WHEN_PRODUCTION_HARD_VALID,0,False
SCE017,H3_FIXED_BOUNDED,8,PILOT_SEEN_DEVELOPMENT_DATA_SUCCESS_CONTROL_AUXILIARY,True,6,RIGHT,RIGHT,0.09739462633523895,0.3778823884598543,0.14609193950285843,8,0,0,8,8,True,RIGHT,True,0.097379372015698504,-1.5254319540441985e-05,0.45764962158158035,0.07976723312172607,0.14606905802354775,-2.2881479310676855e-05,0.015973722001945134,PRODUCTION_FIRST_SKIP_PROPOSED_STAGE_WHEN_PRODUCTION_HARD_VALID,0,False
SCE017,H3_FIXED_BOUNDED,12,PILOT_SEEN_DEVELOPMENT_DATA_SUCCESS_CONTROL_AUXILIARY,True,6,RIGHT,RIGHT,0.09739462633523895,0.3778823884598543,0.14609193950285843,12,0,0,12,12,True,RIGHT,True,0.097459193234293459,6.45668990545134e-05,0.38589936818549092,0.008016979725636642,0.14618878985144018,9.685034858175623e-05,0.014203140999597963,PRODUCTION_FIRST_SKIP_PROPOSED_STAGE_WHEN_PRODUCTION_HARD_VALID,0,False
SCE017,H3_FIXED_BOUNDED,16,PILOT_SEEN_DEVELOPMENT_DATA_SUCCESS_CONTROL_AUXILIARY,True,6,RIGHT,RIGHT,0.09739462633523895,0.3778823884598543,0.14609193950285843,16,0,0,16,16,True,RIGHT,True,0.097459193234293459,6.45668990545134e-05,0.38589936818549092,0.008016979725636642,0.14618878985144018,9.685034858175623e-05,0.016715827001462458,PRODUCTION_FIRST_SKIP_PROPOSED_STAGE_WHEN_PRODUCTION_HARD_VALID,0,False
SCE017,H3_FIXED_BOUNDED,24,PILOT_SEEN_DEVELOPMENT_DATA_SUCCESS_CONTROL_AUXILIARY,True,6,RIGHT,RIGHT,0.09739462633523895,0.3778823884598543,0.14609193950285843,24,0,0,24,24,True,RIGHT,True,0.097459193234293459,6.45668990545134e-05,0.38589936818549092,0.008016979725636642,0.14618878985144018,9.685034858175623e-05,0.02095721899968339,PRODUCTION_FIRST_SKIP_PROPOSED_STAGE_WHEN_PRODUCTION_HARD_VALID,0,False
SCE017,H4A_GEOMETRY_TRANSITION,4,PILOT_SEEN_DEVELOPMENT_DATA_SUCCESS_CONTROL_AUXILIARY,True,6,RIGHT,RIGHT,0.09739462633523895,0.3778823884598543,0.14609193950285843,4,0,0,4,4,True,RIGHT,True,0.097464548361539075,6.992202630012878e-05,0.35637235336999779,-0.021510035089856494,0.14619682254230862,0.00010488303945019317,0.01507925399710075,PRODUCTION_FIRST_SKIP_PROPOSED_STAGE_WHEN_PRODUCTION_HARD_VALID,0,False
SCE017,H4A_GEOMETRY_TRANSITION,8,PILOT_SEEN_DEVELOPMENT_DATA_SUCCESS_CONTROL_AUXILIARY,True,6,RIGHT,RIGHT,0.09739462633523895,0.3778823884598543,0.14609193950285843,8,0,0,8,6,True,RIGHT,True,0.097459193234293459,6.45668990545134e-05,0.38589936818549092,0.008016979725636642,0.14618878985144018,9.685034858175623e-05,0.01743488200008869,PRODUCTION_FIRST_SKIP_PROPOSED_STAGE_WHEN_PRODUCTION_HARD_VALID,0,False
SCE017,H4A_GEOMETRY_TRANSITION,12,PILOT_SEEN_DEVELOPMENT_DATA_SUCCESS_CONTROL_AUXILIARY,True,6,RIGHT,RIGHT,0.09739462633523895,0.3778823884598543,0.14609193950285843,12,0,0,12,9,True,RIGHT,True,0.097459193234293459,6.45668990545134e-05,0.38589936818549092,0.008016979725636642,0.14618878985144018,9.685034858175623e-05,0.020442625998839503,PRODUCTION_FIRST_SKIP_PROPOSED_STAGE_WHEN_PRODUCTION_HARD_VALID,0,False
SCE017,H4A_GEOMETRY_TRANSITION,16,PILOT_SEEN_DEVELOPMENT_DATA_SUCCESS_CONTROL_AUXILIARY,True,6,RIGHT,RIGHT,0.09739462633523895,0.3778823884598543,0.14609193950285843,16,0,0,16,12,True,RIGHT,True,0.097459193234293459,6.45668990545134e-05,0.38589936818549092,0.008016979725636642,0.14618878985144018,9.685034858175623e-05,0.024702792998141376,PRODUCTION_FIRST_SKIP_PROPOSED_STAGE_WHEN_PRODUCTION_HARD_VALID,0,False
SCE017,H4A_GEOMETRY_TRANSITION,24,PILOT_SEEN_DEVELOPMENT_DATA_SUCCESS_CONTROL_AUXILIARY,True,6,RIGHT,RIGHT,0.09739462633523895,0.3778823884598543,0.14609193950285843,24,0,0,24,20,True,RIGHT,True,0.097459193234293459,6.45668990545134e-05,0.38589936818549092,0.008016979725636642,0.14618878985144018,9.685034858175623e-05,0.01820021200182964,PRODUCTION_FIRST_SKIP_PROPOSED_STAGE_WHEN_PRODUCTION_HARD_VALID,0,False
SCE017,H4B_GEOMETRY_LATERAL_TRANSITION,4,PILOT_SEEN_DEVELOPMENT_DATA_SUCCESS_CONTROL_AUXILIARY,True,6,RIGHT,RIGHT,0.09739462633523895,0.3778823884598543,0.14609193950285843,4,0,0,4,4,True,RIGHT,True,0.031715467891212192,-0.06567915844402675,0.037796291185677656,-0.3400860972741766,0.37403037023992813,0.2279384307370697,0.008249581002019113,PRODUCTION_FIRST_SKIP_PROPOSED_STAGE_WHEN_PRODUCTION_HARD_VALID,0,False
SCE017,H4B_GEOMETRY_LATERAL_TRANSITION,8,PILOT_SEEN_DEVELOPMENT_DATA_SUCCESS_CONTROL_AUXILIARY,True,6,RIGHT,RIGHT,0.09739462633523895,0.3778823884598543,0.14609193950285843,8,0,0,8,7,True,RIGHT,True,0.15720111603409079,0.05980648969885184,0.22624942499338016,-0.15163296346647412,0.32263001124689139,0.17653807174403296,0.01207734200215782,PRODUCTION_FIRST_SKIP_PROPOSED_STAGE_WHEN_PRODUCTION_HARD_VALID,0,False
SCE017,H4B_GEOMETRY_LATERAL_TRANSITION,12,PILOT_SEEN_DEVELOPMENT_DATA_SUCCESS_CONTROL_AUXILIARY,True,6,RIGHT,RIGHT,0.09739462633523895,0.3778823884598543,0.14609193950285843,12,0,0,12,9,True,RIGHT,True,0.056948043378888112,-0.040446582956350834,0.074888853938727157,-0.3029935345211271,0.37403037023992813,0.2279384307370697,0.013487603999237763,PRODUCTION_FIRST_SKIP_PROPOSED_STAGE_WHEN_PRODUCTION_HARD_VALID,0,False
SCE017,H4B_GEOMETRY_LATERAL_TRANSITION,16,PILOT_SEEN_DEVELOPMENT_DATA_SUCCESS_CONTROL_AUXILIARY,True,6,RIGHT,RIGHT,0.09739462633523895,0.3778823884598543,0.14609193950285843,16,0,0,16,13,True,RIGHT,True,0.056948043378888112,-0.040446582956350834,0.074888853938727157,-0.3029935345211271,0.37403037023992813,0.2279384307370697,0.012635933002457023,PRODUCTION_FIRST_SKIP_PROPOSED_STAGE_WHEN_PRODUCTION_HARD_VALID,0,False
SCE017,H4B_GEOMETRY_LATERAL_TRANSITION,24,PILOT_SEEN_DEVELOPMENT_DATA_SUCCESS_CONTROL_AUXILIARY,True,6,RIGHT,RIGHT,0.09739462633523895,0.3778823884598543,0.14609193950285843,24,0,0,24,20,True,RIGHT,True,0.056948043378888112,-0.040446582956350834,0.074888853938727157,-0.3029935345211271,0.37403037023992813,0.2279384307370697,0.023585962000652216,PRODUCTION_FIRST_SKIP_PROPOSED_STAGE_WHEN_PRODUCTION_HARD_VALID,0,False
SCE018,H3_FIXED_BOUNDED,4,PILOT_SEEN_DEVELOPMENT_DATA_SUCCESS_CONTROL_AUXILIARY,True,4,LEFT|RIGHT,LEFT,0.21175466848104998,0.3156848907066788,1.5,4,0,0,4,4,True,LEFT|RIGHT,True,0.26177871847977202,0.05002404999872204,0.37116284564627483,0.05547795493959601,1.5,0.0,0.011131216000649147,PRODUCTION_FIRST_SKIP_PROPOSED_STAGE_WHEN_PRODUCTION_HARD_VALID,0,False
SCE018,H3_FIXED_BOUNDED,8,PILOT_SEEN_DEVELOPMENT_DATA_SUCCESS_CONTROL_AUXILIARY,True,4,LEFT|RIGHT,LEFT,0.21175466848104998,0.3156848907066788,1.5,8,0,0,8,6,True,LEFT|RIGHT,True,0.26938892370087902,0.05763425521982904,0.38189885931778039,0.06621396861110157,1.5,0.0,0.006590848999621812,PRODUCTION_FIRST_SKIP_PROPOSED_STAGE_WHEN_PRODUCTION_HARD_VALID,0,False
SCE018,H3_FIXED_BOUNDED,12,PILOT_SEEN_DEVELOPMENT_DATA_SUCCESS_CONTROL_AUXILIARY,True,4,LEFT|RIGHT,LEFT,0.21175466848104998,0.3156848907066788,1.5,12,0,0,12,6,True,LEFT|RIGHT,True,0.26938892370087902,0.05763425521982904,0.38189885931778039,0.06621396861110157,1.5,0.0,0.010019671000918606,PRODUCTION_FIRST_SKIP_PROPOSED_STAGE_WHEN_PRODUCTION_HARD_VALID,0,False
SCE018,H3_FIXED_BOUNDED,16,PILOT_SEEN_DEVELOPMENT_DATA_SUCCESS_CONTROL_AUXILIARY,True,4,LEFT|RIGHT,LEFT,0.21175466848104998,0.3156848907066788,1.5,16,0,0,16,7,True,LEFT|RIGHT,True,0.26938892370087902,0.05763425521982904,0.38189885931778039,0.06621396861110157,1.5,0.0,0.016855032998137176,PRODUCTION_FIRST_SKIP_PROPOSED_STAGE_WHEN_PRODUCTION_HARD_VALID,0,False
SCE018,H3_FIXED_BOUNDED,24,PILOT_SEEN_DEVELOPMENT_DATA_SUCCESS_CONTROL_AUXILIARY,True,4,LEFT|RIGHT,LEFT,0.21175466848104998,0.3156848907066788,1.5,24,0,0,24,12,True,LEFT|RIGHT,True,0.25388192373688023,0.04212725525583025,0.36308626806773558,0.04740137736105676,1.5,0.0,0.014743491999979597,PRODUCTION_FIRST_SKIP_PROPOSED_STAGE_WHEN_PRODUCTION_HARD_VALID,0,False
SCE018,H4A_GEOMETRY_TRANSITION,4,PILOT_SEEN_DEVELOPMENT_DATA_SUCCESS_CONTROL_AUXILIARY,True,4,LEFT|RIGHT,LEFT,0.21175466848104998,0.3156848907066788,1.5,4,0,0,4,0,False,,False,,,,,,,0.015163485000812216,PRODUCTION_FIRST_SKIP_PROPOSED_STAGE_WHEN_PRODUCTION_HARD_VALID,0,False
SCE018,H4A_GEOMETRY_TRANSITION,8,PILOT_SEEN_DEVELOPMENT_DATA_SUCCESS_CONTROL_AUXILIARY,True,4,LEFT|RIGHT,LEFT,0.21175466848104998,0.3156848907066788,1.5,8,0,0,8,1,True,LEFT,True,0.2178993087984106,0.006144640317360617,0.31368693110744073,-0.001997959599238097,1.5,0.0,0.02211444400018081,PRODUCTION_FIRST_SKIP_PROPOSED_STAGE_WHEN_PRODUCTION_HARD_VALID,0,False
SCE018,H4A_GEOMETRY_TRANSITION,12,PILOT_SEEN_DEVELOPMENT_DATA_SUCCESS_CONTROL_AUXILIARY,True,4,LEFT|RIGHT,LEFT,0.21175466848104998,0.3156848907066788,1.5,12,0,0,12,2,True,LEFT,True,0.2178993087984106,0.006144640317360617,0.31368693110744073,-0.001997959599238097,1.5,0.0,0.02540512500127079,PRODUCTION_FIRST_SKIP_PROPOSED_STAGE_WHEN_PRODUCTION_HARD_VALID,0,False
SCE018,H4A_GEOMETRY_TRANSITION,16,PILOT_SEEN_DEVELOPMENT_DATA_SUCCESS_CONTROL_AUXILIARY,True,4,LEFT|RIGHT,LEFT,0.21175466848104998,0.3156848907066788,1.5,16,0,0,16,2,True,LEFT,True,0.2178993087984106,0.006144640317360617,0.31368693110744073,-0.001997959599238097,1.5,0.0,0.021267192001687363,PRODUCTION_FIRST_SKIP_PROPOSED_STAGE_WHEN_PRODUCTION_HARD_VALID,0,False
SCE018,H4A_GEOMETRY_TRANSITION,24,PILOT_SEEN_DEVELOPMENT_DATA_SUCCESS_CONTROL_AUXILIARY,True,4,LEFT|RIGHT,LEFT,0.21175466848104998,0.3156848907066788,1.5,24,0,0,24,4,True,LEFT,True,0.2178993087984106,0.006144640317360617,0.31368693110744073,-0.001997959599238097,1.5,0.0,0.021764672997960588,PRODUCTION_FIRST_SKIP_PROPOSED_STAGE_WHEN_PRODUCTION_HARD_VALID,0,False
SCE018,H4B_GEOMETRY_LATERAL_TRANSITION,4,PILOT_SEEN_DEVELOPMENT_DATA_SUCCESS_CONTROL_AUXILIARY,True,4,LEFT|RIGHT,LEFT,0.21175466848104998,0.3156848907066788,1.5,4,0,0,4,0,False,,False,,,,,,,0.009224843997799326,PRODUCTION_FIRST_SKIP_PROPOSED_STAGE_WHEN_PRODUCTION_HARD_VALID,0,False
SCE018,H4B_GEOMETRY_LATERAL_TRANSITION,8,PILOT_SEEN_DEVELOPMENT_DATA_SUCCESS_CONTROL_AUXILIARY,True,4,LEFT|RIGHT,LEFT,0.21175466848104998,0.3156848907066788,1.5,8,0,0,8,0,False,,False,,,,,,,0.014584854998247465,PRODUCTION_FIRST_SKIP_PROPOSED_STAGE_WHEN_PRODUCTION_HARD_VALID,0,False
SCE018,H4B_GEOMETRY_LATERAL_TRANSITION,12,PILOT_SEEN_DEVELOPMENT_DATA_SUCCESS_CONTROL_AUXILIARY,True,4,LEFT|RIGHT,LEFT,0.21175466848104998,0.3156848907066788,1.5,12,0,0,12,0,False,,False,,,,,,,0.023564457002066774,PRODUCTION_FIRST_SKIP_PROPOSED_STAGE_WHEN_PRODUCTION_HARD_VALID,0,False
SCE018,H4B_GEOMETRY_LATERAL_TRANSITION,16,PILOT_SEEN_DEVELOPMENT_DATA_SUCCESS_CONTROL_AUXILIARY,True,4,LEFT|RIGHT,LEFT,0.21175466848104998,0.3156848907066788,1.5,16,0,0,16,0,False,,False,,,,,,,0.02617729800113011,PRODUCTION_FIRST_SKIP_PROPOSED_STAGE_WHEN_PRODUCTION_HARD_VALID,0,False
SCE018,H4B_GEOMETRY_LATERAL_TRANSITION,24,PILOT_SEEN_DEVELOPMENT_DATA_SUCCESS_CONTROL_AUXILIARY,True,4,LEFT|RIGHT,LEFT,0.21175466848104998,0.3156848907066788,1.5,24,0,0,24,0,False,,False,,,,,,,0.022589633001189213,PRODUCTION_FIRST_SKIP_PROPOSED_STAGE_WHEN_PRODUCTION_HARD_VALID,0,False
