dataset_role,event_id,bag,hypothesis,budget_k,production_first_invoked,oracle_v2_hard_feasible,oracle_v2_usable_feasible,failure_mechanism,lateral_factor_evaluations,pair_priority_evaluations,reconstruction_attempts,fully_reconstructed_candidate_count,constructed_unique_count,construction_guard_rejects,duplicate_constructed_paths,raw_harness_validator_executions,logical_exact_validator_calls,hard_valid_count,usable_valid_count,hard_recovered,usable_recovered,best_hard_side,best_hard_d_target,best_hard_d_mid,best_hard_entry_scale,best_hard_exit_scale,best_usable_path_digest,audit_harness_wall_runtime_s_shared_across_budgets
PILOT_SEEN_DEVELOPMENT_DATA,V2E01,rosbag2_2026_08_24-19_24_17,R1_FEASIBILITY_LEXICOGRAPHIC,8,True,True,True,NOT_IN_REMAINING_MISS_TABLE,1204,9623,8,8,4,0,4,8,4,4,4,True,True,RIGHT,-0.4706489967513876,-0.4706489967513876,0.51458109301505117,7.3975462023963852,e08dc6cd11cfc0b6,0.01211778300057631
PILOT_SEEN_DEVELOPMENT_DATA,V2E01,rosbag2_2026_08_24-19_24_17,R1_FEASIBILITY_LEXICOGRAPHIC,12,True,True,True,NOT_IN_REMAINING_MISS_TABLE,1204,9623,12,12,6,0,6,12,6,6,6,True,True,RIGHT,-0.4706489967513876,-0.4706489967513876,0.51458109301505117,7.3975462023963852,e08dc6cd11cfc0b6,0.01211778300057631
PILOT_SEEN_DEVELOPMENT_DATA,V2E01,rosbag2_2026_08_24-19_24_17,R1_FEASIBILITY_LEXICOGRAPHIC,16,True,True,True,NOT_IN_REMAINING_MISS_TABLE,1204,9623,16,16,8,0,8,16,8,8,8,True,True,RIGHT,-0.4706489967513876,-0.4706489967513876,0.51458109301505117,7.3975462023963852,e08dc6cd11cfc0b6,0.01211778300057631
PILOT_SEEN_DEVELOPMENT_DATA,V2E01,rosbag2_2026_08_24-19_24_17,R1_FEASIBILITY_LEXICOGRAPHIC,24,True,True,True,NOT_IN_REMAINING_MISS_TABLE,1204,9623,24,24,12,0,12,24,12,12,12,True,True,RIGHT,-0.4706489967513876,-0.4706489967513876,0.51458109301505117,7.3975462023963852,e08dc6cd11cfc0b6,0.01211778300057631
PILOT_SEEN_DEVELOPMENT_DATA,V2E01,rosbag2_2026_08_24-19_24_17,R2_BALANCED_PHYSICS_SCORE,8,True,True,True,NOT_IN_REMAINING_MISS_TABLE,1204,9623,8,8,4,0,4,8,4,4,4,True,True,RIGHT,-0.4706489967513876,-0.4706489967513876,0.51458109301505117,7.3975462023963852,e08dc6cd11cfc0b6,0.01393514999654144
PILOT_SEEN_DEVELOPMENT_DATA,V2E01,rosbag2_2026_08_24-19_24_17,R2_BALANCED_PHYSICS_SCORE,12,True,True,True,NOT_IN_REMAINING_MISS_TABLE,1204,9623,12,12,6,0,6,12,6,6,6,True,True,RIGHT,-0.4706489967513876,-0.4706489967513876,0.51458109301505117,7.3975462023963852,e08dc6cd11cfc0b6,0.01393514999654144
PILOT_SEEN_DEVELOPMENT_DATA,V2E01,rosbag2_2026_08_24-19_24_17,R2_BALANCED_PHYSICS_SCORE,16,True,True,True,NOT_IN_REMAINING_MISS_TABLE,1204,9623,16,16,8,0,8,16,8,8,8,True,True,RIGHT,-0.4706489967513876,-0.4706489967513876,0.51458109301505117,7.3975462023963852,e08dc6cd11cfc0b6,0.01393514999654144
PILOT_SEEN_DEVELOPMENT_DATA,V2E01,rosbag2_2026_08_24-19_24_17,R2_BALANCED_PHYSICS_SCORE,24,True,True,True,NOT_IN_REMAINING_MISS_TABLE,1204,9623,24,24,12,0,12,24,12,12,12,True,True,RIGHT,-0.4706489967513876,-0.4706489967513876,0.51458109301505117,7.3975462023963852,e08dc6cd11cfc0b6,0.01393514999654144
PILOT_SEEN_DEVELOPMENT_DATA,V2E01,rosbag2_2026_08_24-19_24_17,R3_LEXICOGRAPHIC_COVERAGE_RESERVE,8,True,True,True,NOT_IN_REMAINING_MISS_TABLE,1204,9623,8,8,4,0,4,8,4,4,4,True,True,RIGHT,-0.4706489967513876,-0.4706489967513876,0.51458109301505117,7.3975462023963852,e08dc6cd11cfc0b6,0.023865210001531523
PILOT_SEEN_DEVELOPMENT_DATA,V2E01,rosbag2_2026_08_24-19_24_17,R3_LEXICOGRAPHIC_COVERAGE_RESERVE,12,True,True,True,NOT_IN_REMAINING_MISS_TABLE,1204,9623,12,12,7,0,5,12,7,5,5,True,True,RIGHT,-0.4706489967513876,-0.4706489967513876,0.51458109301505117,7.3975462023963852,e08dc6cd11cfc0b6,0.023865210001531523
PILOT_SEEN_DEVELOPMENT_DATA,V2E01,rosbag2_2026_08_24-19_24_17,R3_LEXICOGRAPHIC_COVERAGE_RESERVE,16,True,True,True,NOT_IN_REMAINING_MISS_TABLE,1204,9623,16,16,9,0,7,16,9,7,7,True,True,RIGHT,-0.4706489967513876,-0.4706489967513876,0.51458109301505117,7.3975462023963852,e08dc6cd11cfc0b6,0.023865210001531523
PILOT_SEEN_DEVELOPMENT_DATA,V2E01,rosbag2_2026_08_24-19_24_17,R3_LEXICOGRAPHIC_COVERAGE_RESERVE,24,True,True,True,NOT_IN_REMAINING_MISS_TABLE,1204,9623,24,24,11,0,13,24,11,9,9,True,True,RIGHT,-0.4706489967513876,-0.4706489967513876,0.51458109301505117,7.3975462023963852,e08dc6cd11cfc0b6,0.023865210001531523
PILOT_SEEN_DEVELOPMENT_DATA,V2E02,rosbag2_2026_08_24-19_00_30,R1_FEASIBILITY_LEXICOGRAPHIC,8,True,True,True,NOT_IN_REMAINING_MISS_TABLE,1227,3678,8,8,8,0,0,8,8,8,8,True,True,LEFT,0.14999999999999999,0.10999999999999999,1.310934367577036,6.6307072494084043,2795736f29e94f82,0.01763397300237557
PILOT_SEEN_DEVELOPMENT_DATA,V2E02,rosbag2_2026_08_24-19_00_30,R1_FEASIBILITY_LEXICOGRAPHIC,12,True,True,True,NOT_IN_REMAINING_MISS_TABLE,1227,3678,12,12,12,0,0,12,12,12,12,True,True,LEFT,0.14999999999999999,0.10999999999999999,1.310934367577036,6.6307072494084043,2795736f29e94f82,0.01763397300237557
PILOT_SEEN_DEVELOPMENT_DATA,V2E02,rosbag2_2026_08_24-19_00_30,R1_FEASIBILITY_LEXICOGRAPHIC,16,True,True,True,NOT_IN_REMAINING_MISS_TABLE,1227,3678,16,16,16,0,0,16,16,16,16,True,True,LEFT,0.14999999999999999,0.10999999999999999,1.310934367577036,6.6307072494084043,2795736f29e94f82,0.01763397300237557
PILOT_SEEN_DEVELOPMENT_DATA,V2E02,rosbag2_2026_08_24-19_00_30,R1_FEASIBILITY_LEXICOGRAPHIC,24,True,True,True,NOT_IN_REMAINING_MISS_TABLE,1227,3678,24,24,22,0,2,24,22,22,22,True,True,LEFT,0.14999999999999999,0.10999999999999999,1.310934367577036,6.6307072494084043,2795736f29e94f82,0.01763397300237557
PILOT_SEEN_DEVELOPMENT_DATA,V2E02,rosbag2_2026_08_24-19_00_30,R2_BALANCED_PHYSICS_SCORE,8,True,True,True,NOT_IN_REMAINING_MISS_TABLE,1227,3678,8,8,8,0,0,8,8,8,8,True,True,LEFT,0.14999999999999999,0.10999999999999999,1.310934367577036,6.6307072494084043,2795736f29e94f82,0.024582785001257434
PILOT_SEEN_DEVELOPMENT_DATA,V2E02,rosbag2_2026_08_24-19_00_30,R2_BALANCED_PHYSICS_SCORE,12,True,True,True,NOT_IN_REMAINING_MISS_TABLE,1227,3678,12,12,12,0,0,12,12,12,12,True,True,LEFT,0.14999999999999999,0.10999999999999999,1.310934367577036,6.6307072494084043,2795736f29e94f82,0.024582785001257434
PILOT_SEEN_DEVELOPMENT_DATA,V2E02,rosbag2_2026_08_24-19_00_30,R2_BALANCED_PHYSICS_SCORE,16,True,True,True,NOT_IN_REMAINING_MISS_TABLE,1227,3678,16,16,16,0,0,16,16,16,16,True,True,LEFT,0.14999999999999999,0.10999999999999999,1.310934367577036,6.6307072494084043,2795736f29e94f82,0.024582785001257434
PILOT_SEEN_DEVELOPMENT_DATA,V2E02,rosbag2_2026_08_24-19_00_30,R2_BALANCED_PHYSICS_SCORE,24,True,True,True,NOT_IN_REMAINING_MISS_TABLE,1227,3678,24,24,22,0,2,24,22,22,22,True,True,LEFT,0.14999999999999999,0.10999999999999999,1.310934367577036,6.6307072494084043,2795736f29e94f82,0.024582785001257434
PILOT_SEEN_DEVELOPMENT_DATA,V2E02,rosbag2_2026_08_24-19_00_30,R3_LEXICOGRAPHIC_COVERAGE_RESERVE,8,True,True,True,NOT_IN_REMAINING_MISS_TABLE,1227,3678,8,8,8,0,0,8,8,8,8,True,True,LEFT,0.14999999999999999,0.10999999999999999,1.310934367577036,6.6307072494084043,2795736f29e94f82,0.05741976299759699
PILOT_SEEN_DEVELOPMENT_DATA,V2E02,rosbag2_2026_08_24-19_00_30,R3_LEXICOGRAPHIC_COVERAGE_RESERVE,12,True,True,True,NOT_IN_REMAINING_MISS_TABLE,1227,3678,12,12,11,0,1,12,11,11,11,True,True,LEFT,0.14999999999999999,0.10999999999999999,1.310934367577036,6.6307072494084043,2795736f29e94f82,0.05741976299759699
PILOT_SEEN_DEVELOPMENT_DATA,V2E02,rosbag2_2026_08_24-19_00_30,R3_LEXICOGRAPHIC_COVERAGE_RESERVE,16,True,True,True,NOT_IN_REMAINING_MISS_TABLE,1227,3678,16,16,15,0,1,16,15,15,15,True,True,LEFT,0.14999999999999999,0.10999999999999999,1.310934367577036,6.6307072494084043,2795736f29e94f82,0.05741976299759699
PILOT_SEEN_DEVELOPMENT_DATA,V2E02,rosbag2_2026_08_24-19_00_30,R3_LEXICOGRAPHIC_COVERAGE_RESERVE,24,True,True,True,NOT_IN_REMAINING_MISS_TABLE,1227,3678,24,24,20,0,4,24,20,18,18,True,True,LEFT,0.14999999999999999,0.10999999999999999,1.310934367577036,6.6307072494084043,2795736f29e94f82,0.05741976299759699
PILOT_SEEN_DEVELOPMENT_DATA,V2E03,rosbag2_2026_08_25-09_59_22,R1_FEASIBILITY_LEXICOGRAPHIC,8,True,True,True,NOT_IN_REMAINING_MISS_TABLE,779,6223,8,8,8,0,0,8,8,3,3,True,True,LEFT,0.19533451447343131,0.1853345144734313,1.310934367577036,6.6207278693945026,0e80da04fd67df6e,0.015124122000997886
PILOT_SEEN_DEVELOPMENT_DATA,V2E03,rosbag2_2026_08_25-09_59_22,R1_FEASIBILITY_LEXICOGRAPHIC,12,True,True,True,NOT_IN_REMAINING_MISS_TABLE,779,6223,12,12,12,0,0,12,12,3,3,True,True,LEFT,0.19533451447343131,0.1853345144734313,1.310934367577036,6.6207278693945026,0e80da04fd67df6e,0.015124122000997886
PILOT_SEEN_DEVELOPMENT_DATA,V2E03,rosbag2_2026_08_25-09_59_22,R1_FEASIBILITY_LEXICOGRAPHIC,16,True,True,True,NOT_IN_REMAINING_MISS_TABLE,779,6223,16,16,16,0,0,16,16,4,4,True,True,LEFT,0.19533451447343131,0.1853345144734313,1.310934367577036,6.6207278693945026,0e80da04fd67df6e,0.015124122000997886
PILOT_SEEN_DEVELOPMENT_DATA,V2E03,rosbag2_2026_08_25-09_59_22,R1_FEASIBILITY_LEXICOGRAPHIC,24,True,True,True,NOT_IN_REMAINING_MISS_TABLE,779,6223,24,24,24,0,0,24,24,6,6,True,True,LEFT,0.19533451447343131,0.1853345144734313,1.310934367577036,6.6207278693945026,0e80da04fd67df6e,0.015124122000997886
PILOT_SEEN_DEVELOPMENT_DATA,V2E03,rosbag2_2026_08_25-09_59_22,R2_BALANCED_PHYSICS_SCORE,8,True,True,True,NOT_IN_REMAINING_MISS_TABLE,779,6223,8,8,8,0,0,8,8,3,3,True,True,LEFT,0.19533451447343131,0.1853345144734313,1.310934367577036,6.6207278693945026,0e80da04fd67df6e,0.021046097004727926
PILOT_SEEN_DEVELOPMENT_DATA,V2E03,rosbag2_2026_08_25-09_59_22,R2_BALANCED_PHYSICS_SCORE,12,True,True,True,NOT_IN_REMAINING_MISS_TABLE,779,6223,12,12,12,0,0,12,12,4,4,True,True,LEFT,0.19533451447343131,0.1853345144734313,1.310934367577036,6.6207278693945026,0e80da04fd67df6e,0.021046097004727926
PILOT_SEEN_DEVELOPMENT_DATA,V2E03,rosbag2_2026_08_25-09_59_22,R2_BALANCED_PHYSICS_SCORE,16,True,True,True,NOT_IN_REMAINING_MISS_TABLE,779,6223,16,16,16,0,0,16,16,4,4,True,True,LEFT,0.19533451447343131,0.1853345144734313,1.310934367577036,6.6207278693945026,0e80da04fd67df6e,0.021046097004727926
PILOT_SEEN_DEVELOPMENT_DATA,V2E03,rosbag2_2026_08_25-09_59_22,R2_BALANCED_PHYSICS_SCORE,24,True,True,True,NOT_IN_REMAINING_MISS_TABLE,779,6223,24,24,24,0,0,24,24,6,6,True,True,LEFT,0.19533451447343131,0.1853345144734313,1.310934367577036,6.6207278693945026,0e80da04fd67df6e,0.021046097004727926
PILOT_SEEN_DEVELOPMENT_DATA,V2E03,rosbag2_2026_08_25-09_59_22,R3_LEXICOGRAPHIC_COVERAGE_RESERVE,8,True,True,True,NOT_IN_REMAINING_MISS_TABLE,779,6223,8,8,8,0,0,8,8,3,3,True,True,LEFT,0.19533451447343131,0.1853345144734313,1.310934367577036,6.6207278693945026,0e80da04fd67df6e,0.03658668200660031
PILOT_SEEN_DEVELOPMENT_DATA,V2E03,rosbag2_2026_08_25-09_59_22,R3_LEXICOGRAPHIC_COVERAGE_RESERVE,12,True,True,True,NOT_IN_REMAINING_MISS_TABLE,779,6223,12,12,10,0,2,12,10,3,3,True,True,LEFT,0.19533451447343131,0.1853345144734313,1.310934367577036,6.6207278693945026,0e80da04fd67df6e,0.03658668200660031
PILOT_SEEN_DEVELOPMENT_DATA,V2E03,rosbag2_2026_08_25-09_59_22,R3_LEXICOGRAPHIC_COVERAGE_RESERVE,16,True,True,True,NOT_IN_REMAINING_MISS_TABLE,779,6223,16,16,14,0,2,16,14,3,3,True,True,LEFT,0.19533451447343131,0.1853345144734313,1.310934367577036,6.6207278693945026,0e80da04fd67df6e,0.03658668200660031
PILOT_SEEN_DEVELOPMENT_DATA,V2E03,rosbag2_2026_08_25-09_59_22,R3_LEXICOGRAPHIC_COVERAGE_RESERVE,24,True,True,True,NOT_IN_REMAINING_MISS_TABLE,779,6223,24,24,18,0,6,24,18,5,5,True,True,LEFT,0.19533451447343131,0.1853345144734313,1.310934367577036,6.6207278693945026,0e80da04fd67df6e,0.03658668200660031
PILOT_SEEN_DEVELOPMENT_DATA,V2E04,rosbag2_2026_08_25-09_59_22,R1_FEASIBILITY_LEXICOGRAPHIC,8,True,False,False,NOT_IN_REMAINING_MISS_TABLE,1686,8424,8,8,8,0,0,8,8,0,0,False,False,,,,,,,0.01240335399779724
PILOT_SEEN_DEVELOPMENT_DATA,V2E04,rosbag2_2026_08_25-09_59_22,R1_FEASIBILITY_LEXICOGRAPHIC,12,True,False,False,NOT_IN_REMAINING_MISS_TABLE,1686,8424,12,12,12,0,0,12,12,0,0,False,False,,,,,,,0.01240335399779724
PILOT_SEEN_DEVELOPMENT_DATA,V2E04,rosbag2_2026_08_25-09_59_22,R1_FEASIBILITY_LEXICOGRAPHIC,16,True,False,False,NOT_IN_REMAINING_MISS_TABLE,1686,8424,16,16,16,0,0,16,16,0,0,False,False,,,,,,,0.01240335399779724
PILOT_SEEN_DEVELOPMENT_DATA,V2E04,rosbag2_2026_08_25-09_59_22,R1_FEASIBILITY_LEXICOGRAPHIC,24,True,False,False,NOT_IN_REMAINING_MISS_TABLE,1686,8424,24,24,24,0,0,24,24,0,0,False,False,,,,,,,0.01240335399779724
PILOT_SEEN_DEVELOPMENT_DATA,V2E04,rosbag2_2026_08_25-09_59_22,R2_BALANCED_PHYSICS_SCORE,8,True,False,False,NOT_IN_REMAINING_MISS_TABLE,1686,8424,8,8,8,0,0,8,8,0,0,False,False,,,,,,,0.01388629199936986
PILOT_SEEN_DEVELOPMENT_DATA,V2E04,rosbag2_2026_08_25-09_59_22,R2_BALANCED_PHYSICS_SCORE,12,True,False,False,NOT_IN_REMAINING_MISS_TABLE,1686,8424,12,12,12,0,0,12,12,0,0,False,False,,,,,,,0.01388629199936986
PILOT_SEEN_DEVELOPMENT_DATA,V2E04,rosbag2_2026_08_25-09_59_22,R2_BALANCED_PHYSICS_SCORE,16,True,False,False,NOT_IN_REMAINING_MISS_TABLE,1686,8424,16,16,16,0,0,16,16,0,0,False,False,,,,,,,0.01388629199936986
PILOT_SEEN_DEVELOPMENT_DATA,V2E04,rosbag2_2026_08_25-09_59_22,R2_BALANCED_PHYSICS_SCORE,24,True,False,False,NOT_IN_REMAINING_MISS_TABLE,1686,8424,24,24,24,0,0,24,24,0,0,False,False,,,,,,,0.01388629199936986
PILOT_SEEN_DEVELOPMENT_DATA,V2E04,rosbag2_2026_08_25-09_59_22,R3_LEXICOGRAPHIC_COVERAGE_RESERVE,8,True,False,False,NOT_IN_REMAINING_MISS_TABLE,1686,8424,8,8,8,0,0,8,8,0,0,False,False,,,,,,,0.042112709998036735
PILOT_SEEN_DEVELOPMENT_DATA,V2E04,rosbag2_2026_08_25-09_59_22,R3_LEXICOGRAPHIC_COVERAGE_RESERVE,12,True,False,False,NOT_IN_REMAINING_MISS_TABLE,1686,8424,12,12,10,0,2,12,10,0,0,False,False,,,,,,,0.042112709998036735
PILOT_SEEN_DEVELOPMENT_DATA,V2E04,rosbag2_2026_08_25-09_59_22,R3_LEXICOGRAPHIC_COVERAGE_RESERVE,16,True,False,False,NOT_IN_REMAINING_MISS_TABLE,1686,8424,16,16,14,0,2,16,14,0,0,False,False,,,,,,,0.042112709998036735
PILOT_SEEN_DEVELOPMENT_DATA,V2E04,rosbag2_2026_08_25-09_59_22,R3_LEXICOGRAPHIC_COVERAGE_RESERVE,24,True,False,False,NOT_IN_REMAINING_MISS_TABLE,1686,8424,24,24,18,0,6,24,18,0,0,False,False,,,,,,,0.042112709998036735
PILOT_SEEN_DEVELOPMENT_DATA,V2E05,rosbag2_2026_08_24-19_00_30,R1_FEASIBILITY_LEXICOGRAPHIC,8,True,False,False,NOT_IN_REMAINING_MISS_TABLE,1400,2798,8,8,8,0,0,8,8,0,0,False,False,,,,,,,0.006490157997177448
PILOT_SEEN_DEVELOPMENT_DATA,V2E05,rosbag2_2026_08_24-19_00_30,R1_FEASIBILITY_LEXICOGRAPHIC,12,True,False,False,NOT_IN_REMAINING_MISS_TABLE,1400,2798,12,12,12,0,0,12,12,0,0,False,False,,,,,,,0.006490157997177448
PILOT_SEEN_DEVELOPMENT_DATA,V2E05,rosbag2_2026_08_24-19_00_30,R1_FEASIBILITY_LEXICOGRAPHIC,16,True,False,False,NOT_IN_REMAINING_MISS_TABLE,1400,2798,16,16,16,0,0,16,16,0,0,False,False,,,,,,,0.006490157997177448
PILOT_SEEN_DEVELOPMENT_DATA,V2E05,rosbag2_2026_08_24-19_00_30,R1_FEASIBILITY_LEXICOGRAPHIC,24,True,False,False,NOT_IN_REMAINING_MISS_TABLE,1400,2798,24,24,24,0,0,24,24,0,0,False,False,,,,,,,0.006490157997177448
PILOT_SEEN_DEVELOPMENT_DATA,V2E05,rosbag2_2026_08_24-19_00_30,R2_BALANCED_PHYSICS_SCORE,8,True,False,False,NOT_IN_REMAINING_MISS_TABLE,1400,2798,8,8,8,0,0,8,8,0,0,False,False,,,,,,,0.005964796997432131
PILOT_SEEN_DEVELOPMENT_DATA,V2E05,rosbag2_2026_08_24-19_00_30,R2_BALANCED_PHYSICS_SCORE,12,True,False,False,NOT_IN_REMAINING_MISS_TABLE,1400,2798,12,12,12,0,0,12,12,0,0,False,False,,,,,,,0.005964796997432131
PILOT_SEEN_DEVELOPMENT_DATA,V2E05,rosbag2_2026_08_24-19_00_30,R2_BALANCED_PHYSICS_SCORE,16,True,False,False,NOT_IN_REMAINING_MISS_TABLE,1400,2798,16,16,16,0,0,16,16,0,0,False,False,,,,,,,0.005964796997432131
PILOT_SEEN_DEVELOPMENT_DATA,V2E05,rosbag2_2026_08_24-19_00_30,R2_BALANCED_PHYSICS_SCORE,24,True,False,False,NOT_IN_REMAINING_MISS_TABLE,1400,2798,24,24,24,0,0,24,24,0,0,False,False,,,,,,,0.005964796997432131
PILOT_SEEN_DEVELOPMENT_DATA,V2E05,rosbag2_2026_08_24-19_00_30,R3_LEXICOGRAPHIC_COVERAGE_RESERVE,8,True,False,False,NOT_IN_REMAINING_MISS_TABLE,1400,2798,8,8,8,0,0,8,8,0,0,False,False,,,,,,,0.016933650003920775
PILOT_SEEN_DEVELOPMENT_DATA,V2E05,rosbag2_2026_08_24-19_00_30,R3_LEXICOGRAPHIC_COVERAGE_RESERVE,12,True,False,False,NOT_IN_REMAINING_MISS_TABLE,1400,2798,12,12,11,0,1,12,11,0,0,False,False,,,,,,,0.016933650003920775
PILOT_SEEN_DEVELOPMENT_DATA,V2E05,rosbag2_2026_08_24-19_00_30,R3_LEXICOGRAPHIC_COVERAGE_RESERVE,16,True,False,False,NOT_IN_REMAINING_MISS_TABLE,1400,2798,16,16,15,0,1,16,15,0,0,False,False,,,,,,,0.016933650003920775
PILOT_SEEN_DEVELOPMENT_DATA,V2E05,rosbag2_2026_08_24-19_00_30,R3_LEXICOGRAPHIC_COVERAGE_RESERVE,24,True,False,False,NOT_IN_REMAINING_MISS_TABLE,1400,2798,24,24,21,0,3,24,21,0,0,False,False,,,,,,,0.016933650003920775
PILOT_SEEN_DEVELOPMENT_DATA,V2E06,rosbag2_2026_08_24-19_00_30,R1_FEASIBILITY_LEXICOGRAPHIC,8,True,False,False,NOT_IN_REMAINING_MISS_TABLE,2995,35918,8,8,8,0,0,8,8,0,0,False,False,,,,,,,0.01623674700385891
PILOT_SEEN_DEVELOPMENT_DATA,V2E06,rosbag2_2026_08_24-19_00_30,R1_FEASIBILITY_LEXICOGRAPHIC,12,True,False,False,NOT_IN_REMAINING_MISS_TABLE,2995,35918,12,12,12,0,0,12,12,0,0,False,False,,,,,,,0.01623674700385891
PILOT_SEEN_DEVELOPMENT_DATA,V2E06,rosbag2_2026_08_24-19_00_30,R1_FEASIBILITY_LEXICOGRAPHIC,16,True,False,False,NOT_IN_REMAINING_MISS_TABLE,2995,35918,16,16,16,0,0,16,16,0,0,False,False,,,,,,,0.01623674700385891
PILOT_SEEN_DEVELOPMENT_DATA,V2E06,rosbag2_2026_08_24-19_00_30,R1_FEASIBILITY_LEXICOGRAPHIC,24,True,False,False,NOT_IN_REMAINING_MISS_TABLE,2995,35918,24,24,24,0,0,24,24,0,0,False,False,,,,,,,0.01623674700385891
PILOT_SEEN_DEVELOPMENT_DATA,V2E06,rosbag2_2026_08_24-19_00_30,R2_BALANCED_PHYSICS_SCORE,8,True,False,False,NOT_IN_REMAINING_MISS_TABLE,2995,35918,8,8,8,0,0,8,8,0,0,False,False,,,,,,,0.023959236998052802
PILOT_SEEN_DEVELOPMENT_DATA,V2E06,rosbag2_2026_08_24-19_00_30,R2_BALANCED_PHYSICS_SCORE,12,True,False,False,NOT_IN_REMAINING_MISS_TABLE,2995,35918,12,12,12,0,0,12,12,0,0,False,False,,,,,,,0.023959236998052802
PILOT_SEEN_DEVELOPMENT_DATA,V2E06,rosbag2_2026_08_24-19_00_30,R2_BALANCED_PHYSICS_SCORE,16,True,False,False,NOT_IN_REMAINING_MISS_TABLE,2995,35918,16,16,16,0,0,16,16,0,0,False,False,,,,,,,0.023959236998052802
PILOT_SEEN_DEVELOPMENT_DATA,V2E06,rosbag2_2026_08_24-19_00_30,R2_BALANCED_PHYSICS_SCORE,24,True,False,False,NOT_IN_REMAINING_MISS_TABLE,2995,35918,24,24,24,0,0,24,24,0,0,False,False,,,,,,,0.023959236998052802
PILOT_SEEN_DEVELOPMENT_DATA,V2E06,rosbag2_2026_08_24-19_00_30,R3_LEXICOGRAPHIC_COVERAGE_RESERVE,8,True,False,False,NOT_IN_REMAINING_MISS_TABLE,2995,35918,8,8,8,0,0,8,8,0,0,False,False,,,,,,,0.05152134299714817
PILOT_SEEN_DEVELOPMENT_DATA,V2E06,rosbag2_2026_08_24-19_00_30,R3_LEXICOGRAPHIC_COVERAGE_RESERVE,12,True,False,False,NOT_IN_REMAINING_MISS_TABLE,2995,35918,12,12,12,0,0,12,12,0,0,False,False,,,,,,,0.05152134299714817
PILOT_SEEN_DEVELOPMENT_DATA,V2E06,rosbag2_2026_08_24-19_00_30,R3_LEXICOGRAPHIC_COVERAGE_RESERVE,16,True,False,False,NOT_IN_REMAINING_MISS_TABLE,2995,35918,16,16,16,0,0,16,16,0,0,False,False,,,,,,,0.05152134299714817
PILOT_SEEN_DEVELOPMENT_DATA,V2E06,rosbag2_2026_08_24-19_00_30,R3_LEXICOGRAPHIC_COVERAGE_RESERVE,24,True,False,False,NOT_IN_REMAINING_MISS_TABLE,2995,35918,24,24,24,0,0,24,24,0,0,False,False,,,,,,,0.05152134299714817
PILOT_SEEN_DEVELOPMENT_DATA,V2E07,rosbag2_2026_08_24-19_00_30,R1_FEASIBILITY_LEXICOGRAPHIC,8,True,False,False,NOT_IN_REMAINING_MISS_TABLE,1227,2452,8,8,8,0,0,8,8,0,0,False,False,,,,,,,0.009498804000031669
PILOT_SEEN_DEVELOPMENT_DATA,V2E07,rosbag2_2026_08_24-19_00_30,R1_FEASIBILITY_LEXICOGRAPHIC,12,True,False,False,NOT_IN_REMAINING_MISS_TABLE,1227,2452,12,12,12,0,0,12,12,0,0,False,False,,,,,,,0.009498804000031669
PILOT_SEEN_DEVELOPMENT_DATA,V2E07,rosbag2_2026_08_24-19_00_30,R1_FEASIBILITY_LEXICOGRAPHIC,16,True,False,False,NOT_IN_REMAINING_MISS_TABLE,1227,2452,16,16,16,0,0,16,16,0,0,False,False,,,,,,,0.009498804000031669
PILOT_SEEN_DEVELOPMENT_DATA,V2E07,rosbag2_2026_08_24-19_00_30,R1_FEASIBILITY_LEXICOGRAPHIC,24,True,False,False,NOT_IN_REMAINING_MISS_TABLE,1227,2452,24,24,24,0,0,24,24,0,0,False,False,,,,,,,0.009498804000031669
PILOT_SEEN_DEVELOPMENT_DATA,V2E07,rosbag2_2026_08_24-19_00_30,R2_BALANCED_PHYSICS_SCORE,8,True,False,False,NOT_IN_REMAINING_MISS_TABLE,1227,2452,8,8,8,0,0,8,8,0,0,False,False,,,,,,,0.010451965004904196
PILOT_SEEN_DEVELOPMENT_DATA,V2E07,rosbag2_2026_08_24-19_00_30,R2_BALANCED_PHYSICS_SCORE,12,True,False,False,NOT_IN_REMAINING_MISS_TABLE,1227,2452,12,12,12,0,0,12,12,0,0,False,False,,,,,,,0.010451965004904196
PILOT_SEEN_DEVELOPMENT_DATA,V2E07,rosbag2_2026_08_24-19_00_30,R2_BALANCED_PHYSICS_SCORE,16,True,False,False,NOT_IN_REMAINING_MISS_TABLE,1227,2452,16,16,16,0,0,16,16,0,0,False,False,,,,,,,0.010451965004904196
PILOT_SEEN_DEVELOPMENT_DATA,V2E07,rosbag2_2026_08_24-19_00_30,R2_BALANCED_PHYSICS_SCORE,24,True,False,False,NOT_IN_REMAINING_MISS_TABLE,1227,2452,24,24,24,0,0,24,24,0,0,False,False,,,,,,,0.010451965004904196
PILOT_SEEN_DEVELOPMENT_DATA,V2E07,rosbag2_2026_08_24-19_00_30,R3_LEXICOGRAPHIC_COVERAGE_RESERVE,8,True,False,False,NOT_IN_REMAINING_MISS_TABLE,1227,2452,8,8,8,0,0,8,8,0,0,False,False,,,,,,,0.018321431998629123
PILOT_SEEN_DEVELOPMENT_DATA,V2E07,rosbag2_2026_08_24-19_00_30,R3_LEXICOGRAPHIC_COVERAGE_RESERVE,12,True,False,False,NOT_IN_REMAINING_MISS_TABLE,1227,2452,12,12,10,0,2,12,10,0,0,False,False,,,,,,,0.018321431998629123
PILOT_SEEN_DEVELOPMENT_DATA,V2E07,rosbag2_2026_08_24-19_00_30,R3_LEXICOGRAPHIC_COVERAGE_RESERVE,16,True,False,False,NOT_IN_REMAINING_MISS_TABLE,1227,2452,16,16,14,0,2,16,14,0,0,False,False,,,,,,,0.018321431998629123
PILOT_SEEN_DEVELOPMENT_DATA,V2E07,rosbag2_2026_08_24-19_00_30,R3_LEXICOGRAPHIC_COVERAGE_RESERVE,24,True,False,False,NOT_IN_REMAINING_MISS_TABLE,1227,2452,24,24,18,0,6,24,18,0,0,False,False,,,,,,,0.018321431998629123
PILOT_SEEN_DEVELOPMENT_DATA,V2E08,rosbag2_2026_08_25-09_23_32,R1_FEASIBILITY_LEXICOGRAPHIC,8,True,True,True,NOT_IN_REMAINING_MISS_TABLE,1211,9679,8,8,8,0,0,8,8,8,8,True,True,RIGHT,-0.15000000000000002,-0.10000000000000002,0.51458109301505117,7.3975462023963852,f7162e74c257326c,0.014366412004164886
PILOT_SEEN_DEVELOPMENT_DATA,V2E08,rosbag2_2026_08_25-09_23_32,R1_FEASIBILITY_LEXICOGRAPHIC,12,True,True,True,NOT_IN_REMAINING_MISS_TABLE,1211,9679,12,12,12,0,0,12,12,12,12,True,True,RIGHT,-0.15000000000000002,-0.10000000000000002,0.51458109301505117,7.3975462023963852,f7162e74c257326c,0.014366412004164886
PILOT_SEEN_DEVELOPMENT_DATA,V2E08,rosbag2_2026_08_25-09_23_32,R1_FEASIBILITY_LEXICOGRAPHIC,16,True,True,True,NOT_IN_REMAINING_MISS_TABLE,1211,9679,16,16,16,0,0,16,16,16,16,True,True,RIGHT,-0.15000000000000002,-0.10000000000000002,0.51458109301505117,7.3975462023963852,f7162e74c257326c,0.014366412004164886
PILOT_SEEN_DEVELOPMENT_DATA,V2E08,rosbag2_2026_08_25-09_23_32,R1_FEASIBILITY_LEXICOGRAPHIC,24,True,True,True,NOT_IN_REMAINING_MISS_TABLE,1211,9679,24,24,24,0,0,24,24,24,24,True,True,RIGHT,-0.15000000000000002,-0.10000000000000002,0.51458109301505117,7.3975462023963852,f7162e74c257326c,0.014366412004164886
PILOT_SEEN_DEVELOPMENT_DATA,V2E08,rosbag2_2026_08_25-09_23_32,R2_BALANCED_PHYSICS_SCORE,8,True,True,True,NOT_IN_REMAINING_MISS_TABLE,1211,9679,8,8,8,0,0,8,8,8,8,True,True,RIGHT,-0.15000000000000002,-0.10000000000000002,0.51458109301505117,7.3975462023963852,f7162e74c257326c,0.015420796000398695
PILOT_SEEN_DEVELOPMENT_DATA,V2E08,rosbag2_2026_08_25-09_23_32,R2_BALANCED_PHYSICS_SCORE,12,True,True,True,NOT_IN_REMAINING_MISS_TABLE,1211,9679,12,12,12,0,0,12,12,12,12,True,True,RIGHT,-0.15000000000000002,-0.10000000000000002,0.51458109301505117,7.3975462023963852,f7162e74c257326c,0.015420796000398695
PILOT_SEEN_DEVELOPMENT_DATA,V2E08,rosbag2_2026_08_25-09_23_32,R2_BALANCED_PHYSICS_SCORE,16,True,True,True,NOT_IN_REMAINING_MISS_TABLE,1211,9679,16,16,16,0,0,16,16,16,16,True,True,RIGHT,-0.15000000000000002,-0.10000000000000002,0.51458109301505117,7.3975462023963852,f7162e74c257326c,0.015420796000398695
PILOT_SEEN_DEVELOPMENT_DATA,V2E08,rosbag2_2026_08_25-09_23_32,R2_BALANCED_PHYSICS_SCORE,24,True,True,True,NOT_IN_REMAINING_MISS_TABLE,1211,9679,24,24,24,0,0,24,24,24,24,True,True,RIGHT,-0.15000000000000002,-0.10000000000000002,0.51458109301505117,7.3975462023963852,f7162e74c257326c,0.015420796000398695
PILOT_SEEN_DEVELOPMENT_DATA,V2E08,rosbag2_2026_08_25-09_23_32,R3_LEXICOGRAPHIC_COVERAGE_RESERVE,8,True,True,True,NOT_IN_REMAINING_MISS_TABLE,1211,9679,8,8,8,0,0,8,8,8,8,True,True,RIGHT,-0.15000000000000002,-0.10000000000000002,0.51458109301505117,7.3975462023963852,f7162e74c257326c,0.04210067600070033
PILOT_SEEN_DEVELOPMENT_DATA,V2E08,rosbag2_2026_08_25-09_23_32,R3_LEXICOGRAPHIC_COVERAGE_RESERVE,12,True,True,True,NOT_IN_REMAINING_MISS_TABLE,1211,9679,12,12,11,0,1,12,11,10,10,True,True,RIGHT,-0.15000000000000002,-0.10000000000000002,0.51458109301505117,7.3975462023963852,f7162e74c257326c,0.04210067600070033
PILOT_SEEN_DEVELOPMENT_DATA,V2E08,rosbag2_2026_08_25-09_23_32,R3_LEXICOGRAPHIC_COVERAGE_RESERVE,16,True,True,True,NOT_IN_REMAINING_MISS_TABLE,1211,9679,16,16,15,0,1,16,15,14,14,True,True,RIGHT,-0.15000000000000002,-0.10000000000000002,0.51458109301505117,7.3975462023963852,f7162e74c257326c,0.04210067600070033
PILOT_SEEN_DEVELOPMENT_DATA,V2E08,rosbag2_2026_08_25-09_23_32,R3_LEXICOGRAPHIC_COVERAGE_RESERVE,24,True,True,True,NOT_IN_REMAINING_MISS_TABLE,1211,9679,24,24,23,0,1,24,23,21,21,True,True,RIGHT,-0.15000000000000002,-0.10000000000000002,0.51458109301505117,7.3975462023963852,f7162e74c257326c,0.04210067600070033
PILOT_SEEN_DEVELOPMENT_DATA,V2E09,rosbag2_2026_08_25-09_59_22,R1_FEASIBILITY_LEXICOGRAPHIC,8,True,True,True,NOT_IN_REMAINING_MISS_TABLE,1400,2798,8,8,8,0,0,8,8,0,0,False,False,,,,,,,0.005786077002994716
PILOT_SEEN_DEVELOPMENT_DATA,V2E09,rosbag2_2026_08_25-09_59_22,R1_FEASIBILITY_LEXICOGRAPHIC,12,True,True,True,NOT_IN_REMAINING_MISS_TABLE,1400,2798,12,12,12,0,0,12,12,0,0,False,False,,,,,,,0.005786077002994716
PILOT_SEEN_DEVELOPMENT_DATA,V2E09,rosbag2_2026_08_25-09_59_22,R1_FEASIBILITY_LEXICOGRAPHIC,16,True,True,True,NOT_IN_REMAINING_MISS_TABLE,1400,2798,16,16,16,0,0,16,16,0,0,False,False,,,,,,,0.005786077002994716
PILOT_SEEN_DEVELOPMENT_DATA,V2E09,rosbag2_2026_08_25-09_59_22,R1_FEASIBILITY_LEXICOGRAPHIC,24,True,True,True,NOT_IN_REMAINING_MISS_TABLE,1400,2798,24,24,24,0,0,24,24,0,0,False,False,,,,,,,0.005786077002994716
PILOT_SEEN_DEVELOPMENT_DATA,V2E09,rosbag2_2026_08_25-09_59_22,R2_BALANCED_PHYSICS_SCORE,8,True,True,True,NOT_IN_REMAINING_MISS_TABLE,1400,2798,8,8,8,0,0,8,8,0,0,False,False,,,,,,,0.005960745002084877
PILOT_SEEN_DEVELOPMENT_DATA,V2E09,rosbag2_2026_08_25-09_59_22,R2_BALANCED_PHYSICS_SCORE,12,True,True,True,NOT_IN_REMAINING_MISS_TABLE,1400,2798,12,12,12,0,0,12,12,0,0,False,False,,,,,,,0.005960745002084877
PILOT_SEEN_DEVELOPMENT_DATA,V2E09,rosbag2_2026_08_25-09_59_22,R2_BALANCED_PHYSICS_SCORE,16,True,True,True,NOT_IN_REMAINING_MISS_TABLE,1400,2798,16,16,16,0,0,16,16,0,0,False,False,,,,,,,0.005960745002084877
PILOT_SEEN_DEVELOPMENT_DATA,V2E09,rosbag2_2026_08_25-09_59_22,R2_BALANCED_PHYSICS_SCORE,24,True,True,True,NOT_IN_REMAINING_MISS_TABLE,1400,2798,24,24,24,0,0,24,24,0,0,False,False,,,,,,,0.005960745002084877
PILOT_SEEN_DEVELOPMENT_DATA,V2E09,rosbag2_2026_08_25-09_59_22,R3_LEXICOGRAPHIC_COVERAGE_RESERVE,8,True,True,True,NOT_IN_REMAINING_MISS_TABLE,1400,2798,8,8,8,0,0,8,8,0,0,False,False,,,,,,,0.015432165004312992
PILOT_SEEN_DEVELOPMENT_DATA,V2E09,rosbag2_2026_08_25-09_59_22,R3_LEXICOGRAPHIC_COVERAGE_RESERVE,12,True,True,True,NOT_IN_REMAINING_MISS_TABLE,1400,2798,12,12,11,0,1,12,11,0,0,False,False,,,,,,,0.015432165004312992
PILOT_SEEN_DEVELOPMENT_DATA,V2E09,rosbag2_2026_08_25-09_59_22,R3_LEXICOGRAPHIC_COVERAGE_RESERVE,16,True,True,True,NOT_IN_REMAINING_MISS_TABLE,1400,2798,16,16,15,0,1,16,15,0,0,False,False,,,,,,,0.015432165004312992
PILOT_SEEN_DEVELOPMENT_DATA,V2E09,rosbag2_2026_08_25-09_59_22,R3_LEXICOGRAPHIC_COVERAGE_RESERVE,24,True,True,True,NOT_IN_REMAINING_MISS_TABLE,1400,2798,24,24,21,0,3,24,21,0,0,False,False,,,,,,,0.015432165004312992
DEVELOPMENT,DVE001,rosbag2_2026_08_25-09_59_22,R1_FEASIBILITY_LEXICOGRAPHIC,8,True,True,True,NOT_IN_REMAINING_MISS_TABLE,1248,2494,8,8,8,0,0,8,8,6,6,True,True,RIGHT,-0.52524484262271609,-0.62524484262271607,0.71366941165554731,0.49716841625749453,e6967cc1577355fb,0.007010262001131196
DEVELOPMENT,DVE001,rosbag2_2026_08_25-09_59_22,R1_FEASIBILITY_LEXICOGRAPHIC,12,True,True,True,NOT_IN_REMAINING_MISS_TABLE,1248,2494,12,12,12,0,0,12,12,10,10,True,True,RIGHT,-0.53180573094231487,-0.61180573094231483,0.71366941165554731,0.49716841625749453,e2eb5f74d5b88b8d,0.007010262001131196
DEVELOPMENT,DVE001,rosbag2_2026_08_25-09_59_22,R1_FEASIBILITY_LEXICOGRAPHIC,16,True,True,True,NOT_IN_REMAINING_MISS_TABLE,1248,2494,16,16,16,0,0,16,16,14,14,True,True,RIGHT,-0.53180573094231487,-0.61180573094231483,0.71366941165554731,0.49716841625749453,e2eb5f74d5b88b8d,0.007010262001131196
DEVELOPMENT,DVE001,rosbag2_2026_08_25-09_59_22,R1_FEASIBILITY_LEXICOGRAPHIC,24,True,True,True,NOT_IN_REMAINING_MISS_TABLE,1248,2494,24,24,24,0,0,24,24,22,22,True,True,RIGHT,-0.53180573094231487,-0.61180573094231483,0.71366941165554731,0.49716841625749453,e2eb5f74d5b88b8d,0.007010262001131196
DEVELOPMENT,DVE001,rosbag2_2026_08_25-09_59_22,R2_BALANCED_PHYSICS_SCORE,8,True,True,True,NOT_IN_REMAINING_MISS_TABLE,1248,2494,8,8,8,0,0,8,8,7,7,True,True,RIGHT,-0.55180573094231489,-0.65180573094231486,0.71366941165554731,0.49716841625749453,82fdc64c04212022,0.007815614000719506
DEVELOPMENT,DVE001,rosbag2_2026_08_25-09_59_22,R2_BALANCED_PHYSICS_SCORE,12,True,True,True,NOT_IN_REMAINING_MISS_TABLE,1248,2494,12,12,12,0,0,12,12,11,11,True,True,RIGHT,-0.55395403551893008,-0.63395403551893004,0.71366941165554731,0.49716841625749453,d8cda9f2c4ff2054,0.007815614000719506
DEVELOPMENT,DVE001,rosbag2_2026_08_25-09_59_22,R2_BALANCED_PHYSICS_SCORE,16,True,True,True,NOT_IN_REMAINING_MISS_TABLE,1248,2494,16,16,16,0,0,16,16,15,15,True,True,RIGHT,-0.55180573094231489,-0.63180573094231485,0.71366941165554731,0.49716841625749453,05bd6edbaf07419d,0.007815614000719506
DEVELOPMENT,DVE001,rosbag2_2026_08_25-09_59_22,R2_BALANCED_PHYSICS_SCORE,24,True,True,True,NOT_IN_REMAINING_MISS_TABLE,1248,2494,24,24,24,0,0,24,24,22,22,True,True,RIGHT,-0.55180573094231489,-0.63180573094231485,0.71366941165554731,0.49716841625749453,05bd6edbaf07419d,0.007815614000719506
DEVELOPMENT,DVE001,rosbag2_2026_08_25-09_59_22,R3_LEXICOGRAPHIC_COVERAGE_RESERVE,8,True,True,True,NOT_IN_REMAINING_MISS_TABLE,1248,2494,8,8,8,0,0,8,8,6,6,True,True,RIGHT,-0.52524484262271609,-0.62524484262271607,0.71366941165554731,0.49716841625749453,e6967cc1577355fb,0.023782776996085886
DEVELOPMENT,DVE001,rosbag2_2026_08_25-09_59_22,R3_LEXICOGRAPHIC_COVERAGE_RESERVE,12,True,True,True,NOT_IN_REMAINING_MISS_TABLE,1248,2494,12,12,12,0,0,12,12,10,10,True,True,RIGHT,-0.53180573094231487,-0.61180573094231483,0.71366941165554731,0.49716841625749453,e2eb5f74d5b88b8d,0.023782776996085886
DEVELOPMENT,DVE001,rosbag2_2026_08_25-09_59_22,R3_LEXICOGRAPHIC_COVERAGE_RESERVE,16,True,True,True,NOT_IN_REMAINING_MISS_TABLE,1248,2494,16,16,16,0,0,16,16,14,14,True,True,RIGHT,-0.53180573094231487,-0.61180573094231483,0.71366941165554731,0.49716841625749453,e2eb5f74d5b88b8d,0.023782776996085886
DEVELOPMENT,DVE001,rosbag2_2026_08_25-09_59_22,R3_LEXICOGRAPHIC_COVERAGE_RESERVE,24,True,True,True,NOT_IN_REMAINING_MISS_TABLE,1248,2494,24,24,24,0,0,24,24,21,21,True,True,RIGHT,-0.53180573094231487,-0.61180573094231483,0.71366941165554731,0.49716841625749453,e2eb5f74d5b88b8d,0.023782776996085886
DEVELOPMENT,DVE002,rosbag2_2026_08_24-19_00_30,R1_FEASIBILITY_LEXICOGRAPHIC,8,True,True,True,MULTI_PARAMETER_OR_FACTOR_SPACE_COVERAGE,1981,3960,8,8,8,0,0,8,8,0,0,False,False,,,,,,,0.006461304998083506
DEVELOPMENT,DVE002,rosbag2_2026_08_24-19_00_30,R1_FEASIBILITY_LEXICOGRAPHIC,12,True,True,True,MULTI_PARAMETER_OR_FACTOR_SPACE_COVERAGE,1981,3960,12,12,12,0,0,12,12,1,1,True,True,LEFT,0.52642388805001084,0.39481791603750815,0.51458109301505117,0.49716841625749453,1a4480ab692d5d83,0.006461304998083506
DEVELOPMENT,DVE002,rosbag2_2026_08_24-19_00_30,R1_FEASIBILITY_LEXICOGRAPHIC,16,True,True,True,MULTI_PARAMETER_OR_FACTOR_SPACE_COVERAGE,1981,3960,16,16,16,0,0,16,16,1,1,True,True,LEFT,0.52642388805001084,0.39481791603750815,0.51458109301505117,0.49716841625749453,1a4480ab692d5d83,0.006461304998083506
DEVELOPMENT,DVE002,rosbag2_2026_08_24-19_00_30,R1_FEASIBILITY_LEXICOGRAPHIC,24,True,True,True,MULTI_PARAMETER_OR_FACTOR_SPACE_COVERAGE,1981,3960,24,24,24,0,0,24,24,2,2,True,True,LEFT,0.51958797108889787,0.36958797108889785,0.51458109301505117,0.49716841625749453,6ea1b4d48540cc48,0.006461304998083506
DEVELOPMENT,DVE002,rosbag2_2026_08_24-19_00_30,R2_BALANCED_PHYSICS_SCORE,8,True,True,True,MULTI_PARAMETER_OR_FACTOR_SPACE_COVERAGE,1981,3960,8,8,8,0,0,8,8,0,0,False,False,,,,,,,0.007423442002618685
DEVELOPMENT,DVE002,rosbag2_2026_08_24-19_00_30,R2_BALANCED_PHYSICS_SCORE,12,True,True,True,MULTI_PARAMETER_OR_FACTOR_SPACE_COVERAGE,1981,3960,12,12,12,0,0,12,12,0,0,False,False,,,,,,,0.007423442002618685
DEVELOPMENT,DVE002,rosbag2_2026_08_24-19_00_30,R2_BALANCED_PHYSICS_SCORE,16,True,True,True,MULTI_PARAMETER_OR_FACTOR_SPACE_COVERAGE,1981,3960,16,16,16,0,0,16,16,1,1,True,True,LEFT,0.52642388805001084,0.39481791603750815,0.51458109301505117,0.49716841625749453,1a4480ab692d5d83,0.007423442002618685
DEVELOPMENT,DVE002,rosbag2_2026_08_24-19_00_30,R2_BALANCED_PHYSICS_SCORE,24,True,True,True,MULTI_PARAMETER_OR_FACTOR_SPACE_COVERAGE,1981,3960,24,24,24,0,0,24,24,1,1,True,True,LEFT,0.52642388805001084,0.39481791603750815,0.51458109301505117,0.49716841625749453,1a4480ab692d5d83,0.007423442002618685
DEVELOPMENT,DVE002,rosbag2_2026_08_24-19_00_30,R3_LEXICOGRAPHIC_COVERAGE_RESERVE,8,True,True,True,MULTI_PARAMETER_OR_FACTOR_SPACE_COVERAGE,1981,3960,8,8,8,0,0,8,8,0,0,False,False,,,,,,,0.01699798300251132
DEVELOPMENT,DVE002,rosbag2_2026_08_24-19_00_30,R3_LEXICOGRAPHIC_COVERAGE_RESERVE,12,True,True,True,MULTI_PARAMETER_OR_FACTOR_SPACE_COVERAGE,1981,3960,12,12,11,0,1,12,11,0,0,False,False,,,,,,,0.01699798300251132
DEVELOPMENT,DVE002,rosbag2_2026_08_24-19_00_30,R3_LEXICOGRAPHIC_COVERAGE_RESERVE,16,True,True,True,MULTI_PARAMETER_OR_FACTOR_SPACE_COVERAGE,1981,3960,16,16,15,0,1,16,15,1,1,True,True,LEFT,0.52642388805001084,0.39481791603750815,0.51458109301505117,0.49716841625749453,1a4480ab692d5d83,0.01699798300251132
DEVELOPMENT,DVE002,rosbag2_2026_08_24-19_00_30,R3_LEXICOGRAPHIC_COVERAGE_RESERVE,24,True,True,True,MULTI_PARAMETER_OR_FACTOR_SPACE_COVERAGE,1981,3960,24,24,18,0,6,24,18,1,1,True,True,LEFT,0.52642388805001084,0.39481791603750815,0.51458109301505117,0.49716841625749453,1a4480ab692d5d83,0.01699798300251132
DEVELOPMENT,DVE003,rosbag2_2026_08_25-09_59_22,R1_FEASIBILITY_LEXICOGRAPHIC,8,True,False,False,NOT_IN_REMAINING_MISS_TABLE,1202,2401,8,8,8,0,0,8,8,0,0,False,False,,,,,,,0.0058986970034311526
DEVELOPMENT,DVE003,rosbag2_2026_08_25-09_59_22,R1_FEASIBILITY_LEXICOGRAPHIC,12,True,False,False,NOT_IN_REMAINING_MISS_TABLE,1202,2401,12,12,12,0,0,12,12,0,0,False,False,,,,,,,0.0058986970034311526
DEVELOPMENT,DVE003,rosbag2_2026_08_25-09_59_22,R1_FEASIBILITY_LEXICOGRAPHIC,16,True,False,False,NOT_IN_REMAINING_MISS_TABLE,1202,2401,16,16,16,0,0,16,16,0,0,False,False,,,,,,,0.0058986970034311526
DEVELOPMENT,DVE003,rosbag2_2026_08_25-09_59_22,R1_FEASIBILITY_LEXICOGRAPHIC,24,True,False,False,NOT_IN_REMAINING_MISS_TABLE,1202,2401,24,24,24,0,0,24,24,0,0,False,False,,,,,,,0.0058986970034311526
DEVELOPMENT,DVE003,rosbag2_2026_08_25-09_59_22,R2_BALANCED_PHYSICS_SCORE,8,True,False,False,NOT_IN_REMAINING_MISS_TABLE,1202,2401,8,8,8,0,0,8,8,0,0,False,False,,,,,,,0.007838042998628225
DEVELOPMENT,DVE003,rosbag2_2026_08_25-09_59_22,R2_BALANCED_PHYSICS_SCORE,12,True,False,False,NOT_IN_REMAINING_MISS_TABLE,1202,2401,12,12,12,0,0,12,12,0,0,False,False,,,,,,,0.007838042998628225
DEVELOPMENT,DVE003,rosbag2_2026_08_25-09_59_22,R2_BALANCED_PHYSICS_SCORE,16,True,False,False,NOT_IN_REMAINING_MISS_TABLE,1202,2401,16,16,16,0,0,16,16,0,0,False,False,,,,,,,0.007838042998628225
DEVELOPMENT,DVE003,rosbag2_2026_08_25-09_59_22,R2_BALANCED_PHYSICS_SCORE,24,True,False,False,NOT_IN_REMAINING_MISS_TABLE,1202,2401,24,24,24,0,0,24,24,0,0,False,False,,,,,,,0.007838042998628225
DEVELOPMENT,DVE003,rosbag2_2026_08_25-09_59_22,R3_LEXICOGRAPHIC_COVERAGE_RESERVE,8,True,False,False,NOT_IN_REMAINING_MISS_TABLE,1202,2401,8,8,8,0,0,8,8,0,0,False,False,,,,,,,0.013785982002445962
DEVELOPMENT,DVE003,rosbag2_2026_08_25-09_59_22,R3_LEXICOGRAPHIC_COVERAGE_RESERVE,12,True,False,False,NOT_IN_REMAINING_MISS_TABLE,1202,2401,12,12,12,0,0,12,12,0,0,False,False,,,,,,,0.013785982002445962
DEVELOPMENT,DVE003,rosbag2_2026_08_25-09_59_22,R3_LEXICOGRAPHIC_COVERAGE_RESERVE,16,True,False,False,NOT_IN_REMAINING_MISS_TABLE,1202,2401,16,16,16,0,0,16,16,0,0,False,False,,,,,,,0.013785982002445962
DEVELOPMENT,DVE003,rosbag2_2026_08_25-09_59_22,R3_LEXICOGRAPHIC_COVERAGE_RESERVE,24,True,False,False,NOT_IN_REMAINING_MISS_TABLE,1202,2401,24,24,24,0,0,24,24,0,0,False,False,,,,,,,0.013785982002445962
DEVELOPMENT,DVE004,rosbag2_2026_08_24-19_24_17,R1_FEASIBILITY_LEXICOGRAPHIC,8,True,True,False,NOT_IN_REMAINING_MISS_TABLE,1038,1037,8,8,8,0,0,8,8,0,0,False,False,,,,,,,0.013412132000667043
DEVELOPMENT,DVE004,rosbag2_2026_08_24-19_24_17,R1_FEASIBILITY_LEXICOGRAPHIC,12,True,True,False,NOT_IN_REMAINING_MISS_TABLE,1038,1037,12,12,12,0,0,12,12,1,0,True,False,LEFT,0.14999999999999999,0.16,1.310934367577036,6.6778298962198157,,0.013412132000667043
DEVELOPMENT,DVE004,rosbag2_2026_08_24-19_24_17,R1_FEASIBILITY_LEXICOGRAPHIC,16,True,True,False,NOT_IN_REMAINING_MISS_TABLE,1038,1037,16,16,16,0,0,16,16,2,0,True,False,LEFT,0.14999999999999999,0.14999999999999999,1.310934367577036,6.6778298962198157,,0.013412132000667043
DEVELOPMENT,DVE004,rosbag2_2026_08_24-19_24_17,R1_FEASIBILITY_LEXICOGRAPHIC,24,True,True,False,NOT_IN_REMAINING_MISS_TABLE,1038,1037,24,24,24,0,0,24,24,2,0,True,False,LEFT,0.14999999999999999,0.14999999999999999,1.310934367577036,6.6778298962198157,,0.013412132000667043
DEVELOPMENT,DVE004,rosbag2_2026_08_24-19_24_17,R2_BALANCED_PHYSICS_SCORE,8,True,True,False,NOT_IN_REMAINING_MISS_TABLE,1038,1037,8,8,8,0,0,8,8,0,0,False,False,,,,,,,0.01587511999969138
DEVELOPMENT,DVE004,rosbag2_2026_08_24-19_24_17,R2_BALANCED_PHYSICS_SCORE,12,True,True,False,NOT_IN_REMAINING_MISS_TABLE,1038,1037,12,12,12,0,0,12,12,1,0,True,False,LEFT,0.14999999999999999,0.16,1.310934367577036,6.6778298962198157,,0.01587511999969138
DEVELOPMENT,DVE004,rosbag2_2026_08_24-19_24_17,R2_BALANCED_PHYSICS_SCORE,16,True,True,False,NOT_IN_REMAINING_MISS_TABLE,1038,1037,16,16,16,0,0,16,16,2,0,True,False,LEFT,0.14999999999999999,0.14999999999999999,1.310934367577036,6.6778298962198157,,0.01587511999969138
DEVELOPMENT,DVE004,rosbag2_2026_08_24-19_24_17,R2_BALANCED_PHYSICS_SCORE,24,True,True,False,NOT_IN_REMAINING_MISS_TABLE,1038,1037,24,24,24,0,0,24,24,2,0,True,False,LEFT,0.14999999999999999,0.14999999999999999,1.310934367577036,6.6778298962198157,,0.01587511999969138
DEVELOPMENT,DVE004,rosbag2_2026_08_24-19_24_17,R3_LEXICOGRAPHIC_COVERAGE_RESERVE,8,True,True,False,NOT_IN_REMAINING_MISS_TABLE,1038,1037,8,8,8,0,0,8,8,0,0,False,False,,,,,,,0.04076746000646381
DEVELOPMENT,DVE004,rosbag2_2026_08_24-19_24_17,R3_LEXICOGRAPHIC_COVERAGE_RESERVE,12,True,True,False,NOT_IN_REMAINING_MISS_TABLE,1038,1037,12,12,10,0,2,12,10,0,0,False,False,,,,,,,0.04076746000646381
DEVELOPMENT,DVE004,rosbag2_2026_08_24-19_24_17,R3_LEXICOGRAPHIC_COVERAGE_RESERVE,16,True,True,False,NOT_IN_REMAINING_MISS_TABLE,1038,1037,16,16,14,0,2,16,14,2,0,True,False,LEFT,0.14999999999999999,0.14999999999999999,1.310934367577036,6.6778298962198157,,0.04076746000646381
DEVELOPMENT,DVE004,rosbag2_2026_08_24-19_24_17,R3_LEXICOGRAPHIC_COVERAGE_RESERVE,24,True,True,False,NOT_IN_REMAINING_MISS_TABLE,1038,1037,24,24,18,0,6,24,18,2,0,True,False,LEFT,0.14999999999999999,0.14999999999999999,1.310934367577036,6.6778298962198157,,0.04076746000646381
DEVELOPMENT,DVE005,rosbag2_2026_08_24-19_24_17,R1_FEASIBILITY_LEXICOGRAPHIC,8,True,True,True,PROBE_ROOT_OR_D_MID_SELECTION,1042,6245,8,8,8,0,0,8,8,0,0,False,False,,,,,,,0.008427067994489335
DEVELOPMENT,DVE005,rosbag2_2026_08_24-19_24_17,R1_FEASIBILITY_LEXICOGRAPHIC,12,True,True,True,PROBE_ROOT_OR_D_MID_SELECTION,1042,6245,12,12,12,0,0,12,12,0,0,False,False,,,,,,,0.008427067994489335
DEVELOPMENT,DVE005,rosbag2_2026_08_24-19_24_17,R1_FEASIBILITY_LEXICOGRAPHIC,16,True,True,True,PROBE_ROOT_OR_D_MID_SELECTION,1042,6245,16,16,16,0,0,16,16,1,1,True,True,RIGHT,-0.39115057871499376,-0.44115057871499375,1.310934367577036,0.60498681916591468,2f724a1ec34de00c,0.008427067994489335
DEVELOPMENT,DVE005,rosbag2_2026_08_24-19_24_17,R1_FEASIBILITY_LEXICOGRAPHIC,24,True,True,True,PROBE_ROOT_OR_D_MID_SELECTION,1042,6245,24,24,24,0,0,24,24,2,2,True,True,RIGHT,-0.39115057871499376,-0.44115057871499375,0.51458109301505117,0.60498681916591468,771c29cefdb584f1,0.008427067994489335
DEVELOPMENT,DVE005,rosbag2_2026_08_24-19_24_17,R2_BALANCED_PHYSICS_SCORE,8,True,True,True,PROBE_ROOT_OR_D_MID_SELECTION,1042,6245,8,8,8,0,0,8,8,0,0,False,False,,,,,,,0.00898790799692506
DEVELOPMENT,DVE005,rosbag2_2026_08_24-19_24_17,R2_BALANCED_PHYSICS_SCORE,12,True,True,True,PROBE_ROOT_OR_D_MID_SELECTION,1042,6245,12,12,12,0,0,12,12,0,0,False,False,,,,,,,0.00898790799692506
DEVELOPMENT,DVE005,rosbag2_2026_08_24-19_24_17,R2_BALANCED_PHYSICS_SCORE,16,True,True,True,PROBE_ROOT_OR_D_MID_SELECTION,1042,6245,16,16,16,0,0,16,16,1,1,True,True,RIGHT,-0.39115057871499376,-0.44115057871499375,0.51458109301505117,0.60498681916591468,771c29cefdb584f1,0.00898790799692506
DEVELOPMENT,DVE005,rosbag2_2026_08_24-19_24_17,R2_BALANCED_PHYSICS_SCORE,24,True,True,True,PROBE_ROOT_OR_D_MID_SELECTION,1042,6245,24,24,24,0,0,24,24,2,2,True,True,RIGHT,-0.39115057871499376,-0.44115057871499375,0.51458109301505117,0.60498681916591468,771c29cefdb584f1,0.00898790799692506
DEVELOPMENT,DVE005,rosbag2_2026_08_24-19_24_17,R3_LEXICOGRAPHIC_COVERAGE_RESERVE,8,True,True,True,PROBE_ROOT_OR_D_MID_SELECTION,1042,6245,8,8,8,0,0,8,8,0,0,False,False,,,,,,,0.02226614699611673
DEVELOPMENT,DVE005,rosbag2_2026_08_24-19_24_17,R3_LEXICOGRAPHIC_COVERAGE_RESERVE,12,True,True,True,PROBE_ROOT_OR_D_MID_SELECTION,1042,6245,12,12,12,0,0,12,12,0,0,False,False,,,,,,,0.02226614699611673
DEVELOPMENT,DVE005,rosbag2_2026_08_24-19_24_17,R3_LEXICOGRAPHIC_COVERAGE_RESERVE,16,True,True,True,PROBE_ROOT_OR_D_MID_SELECTION,1042,6245,16,16,15,0,1,16,15,0,0,False,False,,,,,,,0.02226614699611673
DEVELOPMENT,DVE005,rosbag2_2026_08_24-19_24_17,R3_LEXICOGRAPHIC_COVERAGE_RESERVE,24,True,True,True,PROBE_ROOT_OR_D_MID_SELECTION,1042,6245,24,24,20,0,4,24,20,2,2,True,True,RIGHT,-0.39115057871499376,-0.44115057871499375,0.51458109301505117,0.60498681916591468,771c29cefdb584f1,0.02226614699611673
DEVELOPMENT,DVE006,rosbag2_2026_08_24-19_00_30,R1_FEASIBILITY_LEXICOGRAPHIC,8,True,True,False,NOT_IN_REMAINING_MISS_TABLE,1400,2798,8,8,8,0,0,8,8,0,0,False,False,,,,,,,0.009085291996598244
DEVELOPMENT,DVE006,rosbag2_2026_08_24-19_00_30,R1_FEASIBILITY_LEXICOGRAPHIC,12,True,True,False,NOT_IN_REMAINING_MISS_TABLE,1400,2798,12,12,12,0,0,12,12,0,0,False,False,,,,,,,0.009085291996598244
DEVELOPMENT,DVE006,rosbag2_2026_08_24-19_00_30,R1_FEASIBILITY_LEXICOGRAPHIC,16,True,True,False,NOT_IN_REMAINING_MISS_TABLE,1400,2798,16,16,16,0,0,16,16,0,0,False,False,,,,,,,0.009085291996598244
DEVELOPMENT,DVE006,rosbag2_2026_08_24-19_00_30,R1_FEASIBILITY_LEXICOGRAPHIC,24,True,True,False,NOT_IN_REMAINING_MISS_TABLE,1400,2798,24,24,24,0,0,24,24,0,0,False,False,,,,,,,0.009085291996598244
DEVELOPMENT,DVE006,rosbag2_2026_08_24-19_00_30,R2_BALANCED_PHYSICS_SCORE,8,True,True,False,NOT_IN_REMAINING_MISS_TABLE,1400,2798,8,8,8,0,0,8,8,2,0,True,False,LEFT,0.55500000000000005,0.52270708659622789,0.51458109301505117,0.49716841625749453,,0.006866385003377218
DEVELOPMENT,DVE006,rosbag2_2026_08_24-19_00_30,R2_BALANCED_PHYSICS_SCORE,12,True,True,False,NOT_IN_REMAINING_MISS_TABLE,1400,2798,12,12,12,0,0,12,12,2,0,True,False,LEFT,0.55500000000000005,0.52270708659622789,0.51458109301505117,0.49716841625749453,,0.006866385003377218
DEVELOPMENT,DVE006,rosbag2_2026_08_24-19_00_30,R2_BALANCED_PHYSICS_SCORE,16,True,True,False,NOT_IN_REMAINING_MISS_TABLE,1400,2798,16,16,16,0,0,16,16,4,0,True,False,LEFT,0.55500000000000005,0.51124812989434176,0.51458109301505117,0.49716841625749453,,0.006866385003377218
DEVELOPMENT,DVE006,rosbag2_2026_08_24-19_00_30,R2_BALANCED_PHYSICS_SCORE,24,True,True,False,NOT_IN_REMAINING_MISS_TABLE,1400,2798,24,24,24,0,0,24,24,8,0,True,False,LEFT,0.4537500000000001,0.41375000000000012,0.71366941165554731,0.49716841625749453,,0.006866385003377218
DEVELOPMENT,DVE006,rosbag2_2026_08_24-19_00_30,R3_LEXICOGRAPHIC_COVERAGE_RESERVE,8,True,True,False,NOT_IN_REMAINING_MISS_TABLE,1400,2798,8,8,8,0,0,8,8,0,0,False,False,,,,,,,0.017811710000387393
DEVELOPMENT,DVE006,rosbag2_2026_08_24-19_00_30,R3_LEXICOGRAPHIC_COVERAGE_RESERVE,12,True,True,False,NOT_IN_REMAINING_MISS_TABLE,1400,2798,12,12,11,0,1,12,11,1,0,True,False,LEFT,0.14999999999999999,0.16999999999999998,0.71366941165554731,0.49716841625749453,,0.017811710000387393
DEVELOPMENT,DVE006,rosbag2_2026_08_24-19_00_30,R3_LEXICOGRAPHIC_COVERAGE_RESERVE,16,True,True,False,NOT_IN_REMAINING_MISS_TABLE,1400,2798,16,16,15,0,1,16,15,1,0,True,False,LEFT,0.14999999999999999,0.16999999999999998,0.71366941165554731,0.49716841625749453,,0.017811710000387393
DEVELOPMENT,DVE006,rosbag2_2026_08_24-19_00_30,R3_LEXICOGRAPHIC_COVERAGE_RESERVE,24,True,True,False,NOT_IN_REMAINING_MISS_TABLE,1400,2798,24,24,23,0,1,24,23,4,0,True,False,LEFT,0.35250000000000004,0.33250000000000002,0.51458109301505117,0.49716841625749453,,0.017811710000387393
DEVELOPMENT,DVE007,rosbag2_2026_08_24-19_24_17,R1_FEASIBILITY_LEXICOGRAPHIC,8,True,True,False,NOT_IN_REMAINING_MISS_TABLE,1013,1012,8,8,8,0,0,8,8,1,0,True,False,RIGHT,-0.22759675466956231,-0.22759675466956231,1.310934367577036,7.3975462023963852,,0.00827418499829946
DEVELOPMENT,DVE007,rosbag2_2026_08_24-19_24_17,R1_FEASIBILITY_LEXICOGRAPHIC,12,True,True,False,NOT_IN_REMAINING_MISS_TABLE,1013,1012,12,12,12,0,0,12,12,1,0,True,False,RIGHT,-0.22759675466956231,-0.22759675466956231,1.310934367577036,7.3975462023963852,,0.00827418499829946
DEVELOPMENT,DVE007,rosbag2_2026_08_24-19_24_17,R1_FEASIBILITY_LEXICOGRAPHIC,16,True,True,False,NOT_IN_REMAINING_MISS_TABLE,1013,1012,16,16,16,0,0,16,16,1,0,True,False,RIGHT,-0.22759675466956231,-0.22759675466956231,1.310934367577036,7.3975462023963852,,0.00827418499829946
DEVELOPMENT,DVE007,rosbag2_2026_08_24-19_24_17,R1_FEASIBILITY_LEXICOGRAPHIC,24,True,True,False,NOT_IN_REMAINING_MISS_TABLE,1013,1012,24,24,24,0,0,24,24,1,0,True,False,RIGHT,-0.22759675466956231,-0.22759675466956231,1.310934367577036,7.3975462023963852,,0.00827418499829946
DEVELOPMENT,DVE007,rosbag2_2026_08_24-19_24_17,R2_BALANCED_PHYSICS_SCORE,8,True,True,False,NOT_IN_REMAINING_MISS_TABLE,1013,1012,8,8,8,0,0,8,8,1,0,True,False,RIGHT,-0.22759675466956231,-0.22759675466956231,1.310934367577036,7.3975462023963852,,0.011865168002259452
DEVELOPMENT,DVE007,rosbag2_2026_08_24-19_24_17,R2_BALANCED_PHYSICS_SCORE,12,True,True,False,NOT_IN_REMAINING_MISS_TABLE,1013,1012,12,12,12,0,0,12,12,1,0,True,False,RIGHT,-0.22759675466956231,-0.22759675466956231,1.310934367577036,7.3975462023963852,,0.011865168002259452
DEVELOPMENT,DVE007,rosbag2_2026_08_24-19_24_17,R2_BALANCED_PHYSICS_SCORE,16,True,True,False,NOT_IN_REMAINING_MISS_TABLE,1013,1012,16,16,16,0,0,16,16,1,0,True,False,RIGHT,-0.22759675466956231,-0.22759675466956231,1.310934367577036,7.3975462023963852,,0.011865168002259452
DEVELOPMENT,DVE007,rosbag2_2026_08_24-19_24_17,R2_BALANCED_PHYSICS_SCORE,24,True,True,False,NOT_IN_REMAINING_MISS_TABLE,1013,1012,24,24,24,0,0,24,24,1,0,True,False,RIGHT,-0.22759675466956231,-0.22759675466956231,1.310934367577036,7.3975462023963852,,0.011865168002259452
DEVELOPMENT,DVE007,rosbag2_2026_08_24-19_24_17,R3_LEXICOGRAPHIC_COVERAGE_RESERVE,8,True,True,False,NOT_IN_REMAINING_MISS_TABLE,1013,1012,8,8,8,0,0,8,8,1,0,True,False,RIGHT,-0.22759675466956231,-0.22759675466956231,1.310934367577036,7.3975462023963852,,0.033305081007711124
DEVELOPMENT,DVE007,rosbag2_2026_08_24-19_24_17,R3_LEXICOGRAPHIC_COVERAGE_RESERVE,12,True,True,False,NOT_IN_REMAINING_MISS_TABLE,1013,1012,12,12,10,0,2,12,10,1,0,True,False,RIGHT,-0.22759675466956231,-0.22759675466956231,1.310934367577036,7.3975462023963852,,0.033305081007711124
DEVELOPMENT,DVE007,rosbag2_2026_08_24-19_24_17,R3_LEXICOGRAPHIC_COVERAGE_RESERVE,16,True,True,False,NOT_IN_REMAINING_MISS_TABLE,1013,1012,16,16,14,0,2,16,14,1,0,True,False,RIGHT,-0.22759675466956231,-0.22759675466956231,1.310934367577036,7.3975462023963852,,0.033305081007711124
DEVELOPMENT,DVE007,rosbag2_2026_08_24-19_24_17,R3_LEXICOGRAPHIC_COVERAGE_RESERVE,24,True,True,False,NOT_IN_REMAINING_MISS_TABLE,1013,1012,24,24,18,0,6,24,18,1,0,True,False,RIGHT,-0.22759675466956231,-0.22759675466956231,1.310934367577036,7.3975462023963852,,0.033305081007711124
DEVELOPMENT,DVE008,rosbag2_2026_08_24-19_00_30,R1_FEASIBILITY_LEXICOGRAPHIC,8,True,False,False,NOT_IN_REMAINING_MISS_TABLE,587,1172,8,8,8,0,0,8,8,0,0,False,False,,,,,,,0.006604467002034653
DEVELOPMENT,DVE008,rosbag2_2026_08_24-19_00_30,R1_FEASIBILITY_LEXICOGRAPHIC,12,True,False,False,NOT_IN_REMAINING_MISS_TABLE,587,1172,12,12,12,0,0,12,12,0,0,False,False,,,,,,,0.006604467002034653
DEVELOPMENT,DVE008,rosbag2_2026_08_24-19_00_30,R1_FEASIBILITY_LEXICOGRAPHIC,16,True,False,False,NOT_IN_REMAINING_MISS_TABLE,587,1172,16,16,16,0,0,16,16,0,0,False,False,,,,,,,0.006604467002034653
DEVELOPMENT,DVE008,rosbag2_2026_08_24-19_00_30,R1_FEASIBILITY_LEXICOGRAPHIC,24,True,False,False,NOT_IN_REMAINING_MISS_TABLE,587,1172,24,24,24,0,0,24,24,0,0,False,False,,,,,,,0.006604467002034653
DEVELOPMENT,DVE008,rosbag2_2026_08_24-19_00_30,R2_BALANCED_PHYSICS_SCORE,8,True,False,False,NOT_IN_REMAINING_MISS_TABLE,587,1172,8,8,8,0,0,8,8,0,0,False,False,,,,,,,0.0070051619986770675
DEVELOPMENT,DVE008,rosbag2_2026_08_24-19_00_30,R2_BALANCED_PHYSICS_SCORE,12,True,False,False,NOT_IN_REMAINING_MISS_TABLE,587,1172,12,12,12,0,0,12,12,0,0,False,False,,,,,,,0.0070051619986770675
DEVELOPMENT,DVE008,rosbag2_2026_08_24-19_00_30,R2_BALANCED_PHYSICS_SCORE,16,True,False,False,NOT_IN_REMAINING_MISS_TABLE,587,1172,16,16,16,0,0,16,16,0,0,False,False,,,,,,,0.0070051619986770675
DEVELOPMENT,DVE008,rosbag2_2026_08_24-19_00_30,R2_BALANCED_PHYSICS_SCORE,24,True,False,False,NOT_IN_REMAINING_MISS_TABLE,587,1172,24,24,24,0,0,24,24,0,0,False,False,,,,,,,0.0070051619986770675
DEVELOPMENT,DVE008,rosbag2_2026_08_24-19_00_30,R3_LEXICOGRAPHIC_COVERAGE_RESERVE,8,True,False,False,NOT_IN_REMAINING_MISS_TABLE,587,1172,8,8,8,0,0,8,8,0,0,False,False,,,,,,,0.021138694995897822
DEVELOPMENT,DVE008,rosbag2_2026_08_24-19_00_30,R3_LEXICOGRAPHIC_COVERAGE_RESERVE,12,True,False,False,NOT_IN_REMAINING_MISS_TABLE,587,1172,12,12,12,0,0,12,12,0,0,False,False,,,,,,,0.021138694995897822
DEVELOPMENT,DVE008,rosbag2_2026_08_24-19_00_30,R3_LEXICOGRAPHIC_COVERAGE_RESERVE,16,True,False,False,NOT_IN_REMAINING_MISS_TABLE,587,1172,16,16,16,0,0,16,16,0,0,False,False,,,,,,,0.021138694995897822
DEVELOPMENT,DVE008,rosbag2_2026_08_24-19_00_30,R3_LEXICOGRAPHIC_COVERAGE_RESERVE,24,True,False,False,NOT_IN_REMAINING_MISS_TABLE,587,1172,24,24,24,0,0,24,24,0,0,False,False,,,,,,,0.021138694995897822
DEVELOPMENT,DVE009,rosbag2_2026_08_24-19_00_30,R1_FEASIBILITY_LEXICOGRAPHIC,8,True,False,False,NOT_IN_REMAINING_MISS_TABLE,1571,4710,8,8,8,0,0,8,8,0,0,False,False,,,,,,,0.015580204999423586
DEVELOPMENT,DVE009,rosbag2_2026_08_24-19_00_30,R1_FEASIBILITY_LEXICOGRAPHIC,12,True,False,False,NOT_IN_REMAINING_MISS_TABLE,1571,4710,12,12,12,0,0,12,12,0,0,False,False,,,,,,,0.015580204999423586
DEVELOPMENT,DVE009,rosbag2_2026_08_24-19_00_30,R1_FEASIBILITY_LEXICOGRAPHIC,16,True,False,False,NOT_IN_REMAINING_MISS_TABLE,1571,4710,16,16,16,0,0,16,16,0,0,False,False,,,,,,,0.015580204999423586
DEVELOPMENT,DVE009,rosbag2_2026_08_24-19_00_30,R1_FEASIBILITY_LEXICOGRAPHIC,24,True,False,False,NOT_IN_REMAINING_MISS_TABLE,1571,4710,24,24,24,0,0,24,24,0,0,False,False,,,,,,,0.015580204999423586
DEVELOPMENT,DVE009,rosbag2_2026_08_24-19_00_30,R2_BALANCED_PHYSICS_SCORE,8,True,False,False,NOT_IN_REMAINING_MISS_TABLE,1571,4710,8,8,8,0,0,8,8,0,0,False,False,,,,,,,0.01591851700504776
DEVELOPMENT,DVE009,rosbag2_2026_08_24-19_00_30,R2_BALANCED_PHYSICS_SCORE,12,True,False,False,NOT_IN_REMAINING_MISS_TABLE,1571,4710,12,12,12,0,0,12,12,0,0,False,False,,,,,,,0.01591851700504776
DEVELOPMENT,DVE009,rosbag2_2026_08_24-19_00_30,R2_BALANCED_PHYSICS_SCORE,16,True,False,False,NOT_IN_REMAINING_MISS_TABLE,1571,4710,16,16,16,0,0,16,16,0,0,False,False,,,,,,,0.01591851700504776
DEVELOPMENT,DVE009,rosbag2_2026_08_24-19_00_30,R2_BALANCED_PHYSICS_SCORE,24,True,False,False,NOT_IN_REMAINING_MISS_TABLE,1571,4710,24,24,24,0,0,24,24,0,0,False,False,,,,,,,0.01591851700504776
DEVELOPMENT,DVE009,rosbag2_2026_08_24-19_00_30,R3_LEXICOGRAPHIC_COVERAGE_RESERVE,8,True,False,False,NOT_IN_REMAINING_MISS_TABLE,1571,4710,8,8,8,0,0,8,8,0,0,False,False,,,,,,,0.032546326001465786
DEVELOPMENT,DVE009,rosbag2_2026_08_24-19_00_30,R3_LEXICOGRAPHIC_COVERAGE_RESERVE,12,True,False,False,NOT_IN_REMAINING_MISS_TABLE,1571,4710,12,12,10,0,2,12,10,0,0,False,False,,,,,,,0.032546326001465786
DEVELOPMENT,DVE009,rosbag2_2026_08_24-19_00_30,R3_LEXICOGRAPHIC_COVERAGE_RESERVE,16,True,False,False,NOT_IN_REMAINING_MISS_TABLE,1571,4710,16,16,14,0,2,16,14,0,0,False,False,,,,,,,0.032546326001465786
DEVELOPMENT,DVE009,rosbag2_2026_08_24-19_00_30,R3_LEXICOGRAPHIC_COVERAGE_RESERVE,24,True,False,False,NOT_IN_REMAINING_MISS_TABLE,1571,4710,24,24,18,0,6,24,18,0,0,False,False,,,,,,,0.032546326001465786
DEVELOPMENT,DVE010,rosbag2_2026_08_24-19_00_30,R1_FEASIBILITY_LEXICOGRAPHIC,8,True,False,False,NOT_IN_REMAINING_MISS_TABLE,1940,3878,8,8,8,0,0,8,8,0,0,False,False,,,,,,,0.00681148700095946
DEVELOPMENT,DVE010,rosbag2_2026_08_24-19_00_30,R1_FEASIBILITY_LEXICOGRAPHIC,12,True,False,False,NOT_IN_REMAINING_MISS_TABLE,1940,3878,12,12,12,0,0,12,12,0,0,False,False,,,,,,,0.00681148700095946
DEVELOPMENT,DVE010,rosbag2_2026_08_24-19_00_30,R1_FEASIBILITY_LEXICOGRAPHIC,16,True,False,False,NOT_IN_REMAINING_MISS_TABLE,1940,3878,16,16,16,0,0,16,16,0,0,False,False,,,,,,,0.00681148700095946
DEVELOPMENT,DVE010,rosbag2_2026_08_24-19_00_30,R1_FEASIBILITY_LEXICOGRAPHIC,24,True,False,False,NOT_IN_REMAINING_MISS_TABLE,1940,3878,24,24,24,0,0,24,24,0,0,False,False,,,,,,,0.00681148700095946
DEVELOPMENT,DVE010,rosbag2_2026_08_24-19_00_30,R2_BALANCED_PHYSICS_SCORE,8,True,False,False,NOT_IN_REMAINING_MISS_TABLE,1940,3878,8,8,8,0,0,8,8,0,0,False,False,,,,,,,0.00960178900277242
DEVELOPMENT,DVE010,rosbag2_2026_08_24-19_00_30,R2_BALANCED_PHYSICS_SCORE,12,True,False,False,NOT_IN_REMAINING_MISS_TABLE,1940,3878,12,12,12,0,0,12,12,0,0,False,False,,,,,,,0.00960178900277242
DEVELOPMENT,DVE010,rosbag2_2026_08_24-19_00_30,R2_BALANCED_PHYSICS_SCORE,16,True,False,False,NOT_IN_REMAINING_MISS_TABLE,1940,3878,16,16,16,0,0,16,16,0,0,False,False,,,,,,,0.00960178900277242
DEVELOPMENT,DVE010,rosbag2_2026_08_24-19_00_30,R2_BALANCED_PHYSICS_SCORE,24,True,False,False,NOT_IN_REMAINING_MISS_TABLE,1940,3878,24,24,24,0,0,24,24,0,0,False,False,,,,,,,0.00960178900277242
DEVELOPMENT,DVE010,rosbag2_2026_08_24-19_00_30,R3_LEXICOGRAPHIC_COVERAGE_RESERVE,8,True,False,False,NOT_IN_REMAINING_MISS_TABLE,1940,3878,8,8,8,0,0,8,8,0,0,False,False,,,,,,,0.017758307003532536
DEVELOPMENT,DVE010,rosbag2_2026_08_24-19_00_30,R3_LEXICOGRAPHIC_COVERAGE_RESERVE,12,True,False,False,NOT_IN_REMAINING_MISS_TABLE,1940,3878,12,12,11,0,1,12,11,0,0,False,False,,,,,,,0.017758307003532536
DEVELOPMENT,DVE010,rosbag2_2026_08_24-19_00_30,R3_LEXICOGRAPHIC_COVERAGE_RESERVE,16,True,False,False,NOT_IN_REMAINING_MISS_TABLE,1940,3878,16,16,15,0,1,16,15,0,0,False,False,,,,,,,0.017758307003532536
DEVELOPMENT,DVE010,rosbag2_2026_08_24-19_00_30,R3_LEXICOGRAPHIC_COVERAGE_RESERVE,24,True,False,False,NOT_IN_REMAINING_MISS_TABLE,1940,3878,24,24,23,0,1,24,23,0,0,False,False,,,,,,,0.017758307003532536
DEVELOPMENT,DVE011,rosbag2_2026_08_24-19_00_30,R1_FEASIBILITY_LEXICOGRAPHIC,8,True,False,False,NOT_IN_REMAINING_MISS_TABLE,1004,2006,8,8,8,0,0,8,8,0,0,False,False,,,,,,,0.008070536001469009
DEVELOPMENT,DVE011,rosbag2_2026_08_24-19_00_30,R1_FEASIBILITY_LEXICOGRAPHIC,12,True,False,False,NOT_IN_REMAINING_MISS_TABLE,1004,2006,12,12,12,0,0,12,12,0,0,False,False,,,,,,,0.008070536001469009
DEVELOPMENT,DVE011,rosbag2_2026_08_24-19_00_30,R1_FEASIBILITY_LEXICOGRAPHIC,16,True,False,False,NOT_IN_REMAINING_MISS_TABLE,1004,2006,16,16,16,0,0,16,16,0,0,False,False,,,,,,,0.008070536001469009
DEVELOPMENT,DVE011,rosbag2_2026_08_24-19_00_30,R1_FEASIBILITY_LEXICOGRAPHIC,24,True,False,False,NOT_IN_REMAINING_MISS_TABLE,1004,2006,24,24,24,0,0,24,24,0,0,False,False,,,,,,,0.008070536001469009
DEVELOPMENT,DVE011,rosbag2_2026_08_24-19_00_30,R2_BALANCED_PHYSICS_SCORE,8,True,False,False,NOT_IN_REMAINING_MISS_TABLE,1004,2006,8,8,8,0,0,8,8,0,0,False,False,,,,,,,0.009472944999288302
DEVELOPMENT,DVE011,rosbag2_2026_08_24-19_00_30,R2_BALANCED_PHYSICS_SCORE,12,True,False,False,NOT_IN_REMAINING_MISS_TABLE,1004,2006,12,12,12,0,0,12,12,0,0,False,False,,,,,,,0.009472944999288302
DEVELOPMENT,DVE011,rosbag2_2026_08_24-19_00_30,R2_BALANCED_PHYSICS_SCORE,16,True,False,False,NOT_IN_REMAINING_MISS_TABLE,1004,2006,16,16,16,0,0,16,16,0,0,False,False,,,,,,,0.009472944999288302
DEVELOPMENT,DVE011,rosbag2_2026_08_24-19_00_30,R2_BALANCED_PHYSICS_SCORE,24,True,False,False,NOT_IN_REMAINING_MISS_TABLE,1004,2006,24,24,24,0,0,24,24,0,0,False,False,,,,,,,0.009472944999288302
DEVELOPMENT,DVE011,rosbag2_2026_08_24-19_00_30,R3_LEXICOGRAPHIC_COVERAGE_RESERVE,8,True,False,False,NOT_IN_REMAINING_MISS_TABLE,1004,2006,8,8,8,0,0,8,8,0,0,False,False,,,,,,,0.020798958001250867
DEVELOPMENT,DVE011,rosbag2_2026_08_24-19_00_30,R3_LEXICOGRAPHIC_COVERAGE_RESERVE,12,True,False,False,NOT_IN_REMAINING_MISS_TABLE,1004,2006,12,12,10,0,2,12,10,0,0,False,False,,,,,,,0.020798958001250867
DEVELOPMENT,DVE011,rosbag2_2026_08_24-19_00_30,R3_LEXICOGRAPHIC_COVERAGE_RESERVE,16,True,False,False,NOT_IN_REMAINING_MISS_TABLE,1004,2006,16,16,14,0,2,16,14,0,0,False,False,,,,,,,0.020798958001250867
DEVELOPMENT,DVE011,rosbag2_2026_08_24-19_00_30,R3_LEXICOGRAPHIC_COVERAGE_RESERVE,24,True,False,False,NOT_IN_REMAINING_MISS_TABLE,1004,2006,24,24,18,0,6,24,18,0,0,False,False,,,,,,,0.020798958001250867
DEVELOPMENT,DVE012,rosbag2_2026_08_24-19_00_30,R1_FEASIBILITY_LEXICOGRAPHIC,8,True,True,True,NOT_IN_REMAINING_MISS_TABLE,1249,36191,8,8,8,0,0,8,8,8,8,True,True,RIGHT,-0.4058738239266747,-0.4058738239266747,1.310934367577036,3.9473573093269398,c9592fe79d4433fa,0.021299633001035545
DEVELOPMENT,DVE012,rosbag2_2026_08_24-19_00_30,R1_FEASIBILITY_LEXICOGRAPHIC,12,True,True,True,NOT_IN_REMAINING_MISS_TABLE,1249,36191,12,12,12,0,0,12,12,12,12,True,True,RIGHT,-0.4058738239266747,-0.4058738239266747,1.310934367577036,3.9473573093269398,c9592fe79d4433fa,0.021299633001035545
DEVELOPMENT,DVE012,rosbag2_2026_08_24-19_00_30,R1_FEASIBILITY_LEXICOGRAPHIC,16,True,True,True,NOT_IN_REMAINING_MISS_TABLE,1249,36191,16,16,16,0,0,16,16,16,16,True,True,RIGHT,-0.4058738239266747,-0.4058738239266747,1.310934367577036,3.9473573093269398,c9592fe79d4433fa,0.021299633001035545
DEVELOPMENT,DVE012,rosbag2_2026_08_24-19_00_30,R1_FEASIBILITY_LEXICOGRAPHIC,24,True,True,True,NOT_IN_REMAINING_MISS_TABLE,1249,36191,24,24,24,0,0,24,24,24,24,True,True,RIGHT,-0.4058738239266747,-0.4058738239266747,1.310934367577036,3.9473573093269398,c9592fe79d4433fa,0.021299633001035545
DEVELOPMENT,DVE012,rosbag2_2026_08_24-19_00_30,R2_BALANCED_PHYSICS_SCORE,8,True,True,True,NOT_IN_REMAINING_MISS_TABLE,1249,36191,8,8,8,0,0,8,8,8,8,True,True,RIGHT,-0.4058738239266747,-0.4058738239266747,1.310934367577036,3.9473573093269398,c9592fe79d4433fa,0.023008011994534172
DEVELOPMENT,DVE012,rosbag2_2026_08_24-19_00_30,R2_BALANCED_PHYSICS_SCORE,12,True,True,True,NOT_IN_REMAINING_MISS_TABLE,1249,36191,12,12,12,0,0,12,12,12,12,True,True,RIGHT,-0.4058738239266747,-0.4058738239266747,1.310934367577036,3.9473573093269398,c9592fe79d4433fa,0.023008011994534172
DEVELOPMENT,DVE012,rosbag2_2026_08_24-19_00_30,R2_BALANCED_PHYSICS_SCORE,16,True,True,True,NOT_IN_REMAINING_MISS_TABLE,1249,36191,16,16,16,0,0,16,16,16,16,True,True,RIGHT,-0.4058738239266747,-0.4058738239266747,1.310934367577036,3.9473573093269398,c9592fe79d4433fa,0.023008011994534172
DEVELOPMENT,DVE012,rosbag2_2026_08_24-19_00_30,R2_BALANCED_PHYSICS_SCORE,24,True,True,True,NOT_IN_REMAINING_MISS_TABLE,1249,36191,24,24,24,0,0,24,24,24,24,True,True,RIGHT,-0.4058738239266747,-0.4058738239266747,1.310934367577036,3.9473573093269398,c9592fe79d4433fa,0.023008011994534172
DEVELOPMENT,DVE012,rosbag2_2026_08_24-19_00_30,R3_LEXICOGRAPHIC_COVERAGE_RESERVE,8,True,True,True,NOT_IN_REMAINING_MISS_TABLE,1249,36191,8,8,8,0,0,8,8,8,8,True,True,RIGHT,-0.4058738239266747,-0.4058738239266747,1.310934367577036,3.9473573093269398,c9592fe79d4433fa,0.0560261289938353
DEVELOPMENT,DVE012,rosbag2_2026_08_24-19_00_30,R3_LEXICOGRAPHIC_COVERAGE_RESERVE,12,True,True,True,NOT_IN_REMAINING_MISS_TABLE,1249,36191,12,12,12,0,0,12,12,11,11,True,True,RIGHT,-0.4058738239266747,-0.4058738239266747,1.310934367577036,3.9473573093269398,c9592fe79d4433fa,0.0560261289938353
DEVELOPMENT,DVE012,rosbag2_2026_08_24-19_00_30,R3_LEXICOGRAPHIC_COVERAGE_RESERVE,16,True,True,True,NOT_IN_REMAINING_MISS_TABLE,1249,36191,16,16,16,0,0,16,16,15,15,True,True,RIGHT,-0.4058738239266747,-0.4058738239266747,1.310934367577036,3.9473573093269398,c9592fe79d4433fa,0.0560261289938353
DEVELOPMENT,DVE012,rosbag2_2026_08_24-19_00_30,R3_LEXICOGRAPHIC_COVERAGE_RESERVE,24,True,True,True,NOT_IN_REMAINING_MISS_TABLE,1249,36191,24,24,24,0,0,24,24,23,23,True,True,RIGHT,-0.4058738239266747,-0.4058738239266747,0.51458109301505117,3.9473573093269398,c704a0c81f210de2,0.0560261289938353
DEVELOPMENT,DVE013,rosbag2_2026_08_24-19_00_30,R1_FEASIBILITY_LEXICOGRAPHIC,8,True,False,False,NOT_IN_REMAINING_MISS_TABLE,1307,2610,8,8,8,0,0,8,8,0,0,False,False,,,,,,,0.007107646997610573
DEVELOPMENT,DVE013,rosbag2_2026_08_24-19_00_30,R1_FEASIBILITY_LEXICOGRAPHIC,12,True,False,False,NOT_IN_REMAINING_MISS_TABLE,1307,2610,12,12,12,0,0,12,12,0,0,False,False,,,,,,,0.007107646997610573
DEVELOPMENT,DVE013,rosbag2_2026_08_24-19_00_30,R1_FEASIBILITY_LEXICOGRAPHIC,16,True,False,False,NOT_IN_REMAINING_MISS_TABLE,1307,2610,16,16,16,0,0,16,16,0,0,False,False,,,,,,,0.007107646997610573
DEVELOPMENT,DVE013,rosbag2_2026_08_24-19_00_30,R1_FEASIBILITY_LEXICOGRAPHIC,24,True,False,False,NOT_IN_REMAINING_MISS_TABLE,1307,2610,24,24,24,0,0,24,24,0,0,False,False,,,,,,,0.007107646997610573
DEVELOPMENT,DVE013,rosbag2_2026_08_24-19_00_30,R2_BALANCED_PHYSICS_SCORE,8,True,False,False,NOT_IN_REMAINING_MISS_TABLE,1307,2610,8,8,8,0,0,8,8,0,0,False,False,,,,,,,0.011028972003259696
DEVELOPMENT,DVE013,rosbag2_2026_08_24-19_00_30,R2_BALANCED_PHYSICS_SCORE,12,True,False,False,NOT_IN_REMAINING_MISS_TABLE,1307,2610,12,12,12,0,0,12,12,0,0,False,False,,,,,,,0.011028972003259696
DEVELOPMENT,DVE013,rosbag2_2026_08_24-19_00_30,R2_BALANCED_PHYSICS_SCORE,16,True,False,False,NOT_IN_REMAINING_MISS_TABLE,1307,2610,16,16,16,0,0,16,16,0,0,False,False,,,,,,,0.011028972003259696
DEVELOPMENT,DVE013,rosbag2_2026_08_24-19_00_30,R2_BALANCED_PHYSICS_SCORE,24,True,False,False,NOT_IN_REMAINING_MISS_TABLE,1307,2610,24,24,24,0,0,24,24,0,0,False,False,,,,,,,0.011028972003259696
DEVELOPMENT,DVE013,rosbag2_2026_08_24-19_00_30,R3_LEXICOGRAPHIC_COVERAGE_RESERVE,8,True,False,False,NOT_IN_REMAINING_MISS_TABLE,1307,2610,8,8,8,0,0,8,8,0,0,False,False,,,,,,,0.022077991998230573
DEVELOPMENT,DVE013,rosbag2_2026_08_24-19_00_30,R3_LEXICOGRAPHIC_COVERAGE_RESERVE,12,True,False,False,NOT_IN_REMAINING_MISS_TABLE,1307,2610,12,12,12,0,0,12,12,0,0,False,False,,,,,,,0.022077991998230573
DEVELOPMENT,DVE013,rosbag2_2026_08_24-19_00_30,R3_LEXICOGRAPHIC_COVERAGE_RESERVE,16,True,False,False,NOT_IN_REMAINING_MISS_TABLE,1307,2610,16,16,16,0,0,16,16,0,0,False,False,,,,,,,0.022077991998230573
DEVELOPMENT,DVE013,rosbag2_2026_08_24-19_00_30,R3_LEXICOGRAPHIC_COVERAGE_RESERVE,24,True,False,False,NOT_IN_REMAINING_MISS_TABLE,1307,2610,24,24,22,0,2,24,22,0,0,False,False,,,,,,,0.022077991998230573
DEVELOPMENT,DVE014,rosbag2_2026_08_24-19_24_17,R1_FEASIBILITY_LEXICOGRAPHIC,8,True,True,True,NOT_IN_REMAINING_MISS_TABLE,1204,9623,8,8,8,0,0,8,8,6,6,True,True,RIGHT,-0.37068151566060736,-0.37068151566060736,1.310934367577036,7.3975462023963852,688f323ac5b5281a,0.009972954001568723
DEVELOPMENT,DVE014,rosbag2_2026_08_24-19_24_17,R1_FEASIBILITY_LEXICOGRAPHIC,12,True,True,True,NOT_IN_REMAINING_MISS_TABLE,1204,9623,12,12,12,0,0,12,12,7,7,True,True,RIGHT,-0.37068151566060736,-0.37068151566060736,1.310934367577036,7.3975462023963852,688f323ac5b5281a,0.009972954001568723
DEVELOPMENT,DVE014,rosbag2_2026_08_24-19_24_17,R1_FEASIBILITY_LEXICOGRAPHIC,16,True,True,True,NOT_IN_REMAINING_MISS_TABLE,1204,9623,16,16,16,0,0,16,16,7,7,True,True,RIGHT,-0.37068151566060736,-0.37068151566060736,1.310934367577036,7.3975462023963852,688f323ac5b5281a,0.009972954001568723
DEVELOPMENT,DVE014,rosbag2_2026_08_24-19_24_17,R1_FEASIBILITY_LEXICOGRAPHIC,24,True,True,True,NOT_IN_REMAINING_MISS_TABLE,1204,9623,24,24,24,0,0,24,24,7,7,True,True,RIGHT,-0.37068151566060736,-0.37068151566060736,1.310934367577036,7.3975462023963852,688f323ac5b5281a,0.009972954001568723
DEVELOPMENT,DVE014,rosbag2_2026_08_24-19_24_17,R2_BALANCED_PHYSICS_SCORE,8,True,True,True,NOT_IN_REMAINING_MISS_TABLE,1204,9623,8,8,8,0,0,8,8,6,6,True,True,RIGHT,-0.37068151566060736,-0.37068151566060736,1.310934367577036,7.3975462023963852,688f323ac5b5281a,0.012386570000671782
DEVELOPMENT,DVE014,rosbag2_2026_08_24-19_24_17,R2_BALANCED_PHYSICS_SCORE,12,True,True,True,NOT_IN_REMAINING_MISS_TABLE,1204,9623,12,12,12,0,0,12,12,7,7,True,True,RIGHT,-0.37068151566060736,-0.37068151566060736,1.310934367577036,7.3975462023963852,688f323ac5b5281a,0.012386570000671782
DEVELOPMENT,DVE014,rosbag2_2026_08_24-19_24_17,R2_BALANCED_PHYSICS_SCORE,16,True,True,True,NOT_IN_REMAINING_MISS_TABLE,1204,9623,16,16,16,0,0,16,16,7,7,True,True,RIGHT,-0.37068151566060736,-0.37068151566060736,1.310934367577036,7.3975462023963852,688f323ac5b5281a,0.012386570000671782
DEVELOPMENT,DVE014,rosbag2_2026_08_24-19_24_17,R2_BALANCED_PHYSICS_SCORE,24,True,True,True,NOT_IN_REMAINING_MISS_TABLE,1204,9623,24,24,24,0,0,24,24,7,7,True,True,RIGHT,-0.37068151566060736,-0.37068151566060736,1.310934367577036,7.3975462023963852,688f323ac5b5281a,0.012386570000671782
DEVELOPMENT,DVE014,rosbag2_2026_08_24-19_24_17,R3_LEXICOGRAPHIC_COVERAGE_RESERVE,8,True,True,True,NOT_IN_REMAINING_MISS_TABLE,1204,9623,8,8,8,0,0,8,8,6,6,True,True,RIGHT,-0.37068151566060736,-0.37068151566060736,1.310934367577036,7.3975462023963852,688f323ac5b5281a,0.023989975001313724
DEVELOPMENT,DVE014,rosbag2_2026_08_24-19_24_17,R3_LEXICOGRAPHIC_COVERAGE_RESERVE,12,True,True,True,NOT_IN_REMAINING_MISS_TABLE,1204,9623,12,12,12,0,0,12,12,7,7,True,True,RIGHT,-0.37068151566060736,-0.37068151566060736,1.310934367577036,7.3975462023963852,688f323ac5b5281a,0.023989975001313724
DEVELOPMENT,DVE014,rosbag2_2026_08_24-19_24_17,R3_LEXICOGRAPHIC_COVERAGE_RESERVE,16,True,True,True,NOT_IN_REMAINING_MISS_TABLE,1204,9623,16,16,16,0,0,16,16,7,7,True,True,RIGHT,-0.37068151566060736,-0.37068151566060736,1.310934367577036,7.3975462023963852,688f323ac5b5281a,0.023989975001313724
DEVELOPMENT,DVE014,rosbag2_2026_08_24-19_24_17,R3_LEXICOGRAPHIC_COVERAGE_RESERVE,24,True,True,True,NOT_IN_REMAINING_MISS_TABLE,1204,9623,24,24,23,0,1,24,23,7,7,True,True,RIGHT,-0.37068151566060736,-0.37068151566060736,1.310934367577036,7.3975462023963852,688f323ac5b5281a,0.023989975001313724
DEVELOPMENT,DVE015,rosbag2_2026_08_24-19_24_17,R1_FEASIBILITY_LEXICOGRAPHIC,8,True,True,True,NOT_IN_REMAINING_MISS_TABLE,1012,2022,8,8,4,0,4,8,4,4,4,True,True,RIGHT,-0.34183455689036019,-0.36601735200226265,0.51458109301505117,0.49716841625749453,d9280aa66ff53535,0.010251036001136526
DEVELOPMENT,DVE015,rosbag2_2026_08_24-19_24_17,R1_FEASIBILITY_LEXICOGRAPHIC,12,True,True,True,NOT_IN_REMAINING_MISS_TABLE,1012,2022,12,12,6,0,6,12,6,6,6,True,True,RIGHT,-0.34183455689036019,-0.36601735200226265,0.51458109301505117,0.49716841625749453,d9280aa66ff53535,0.010251036001136526
DEVELOPMENT,DVE015,rosbag2_2026_08_24-19_24_17,R1_FEASIBILITY_LEXICOGRAPHIC,16,True,True,True,NOT_IN_REMAINING_MISS_TABLE,1012,2022,16,16,8,0,8,16,8,8,8,True,True,RIGHT,-0.34183455689036019,-0.36601735200226265,0.51458109301505117,0.49716841625749453,d9280aa66ff53535,0.010251036001136526
DEVELOPMENT,DVE015,rosbag2_2026_08_24-19_24_17,R1_FEASIBILITY_LEXICOGRAPHIC,24,True,True,True,NOT_IN_REMAINING_MISS_TABLE,1012,2022,24,24,12,0,12,24,12,12,12,True,True,RIGHT,-0.34183455689036019,-0.39020014711416506,0.51458109301505117,0.49716841625749453,809bf13cba496c2c,0.010251036001136526
DEVELOPMENT,DVE015,rosbag2_2026_08_24-19_24_17,R2_BALANCED_PHYSICS_SCORE,8,True,True,True,NOT_IN_REMAINING_MISS_TABLE,1012,2022,8,8,4,0,4,8,4,4,4,True,True,RIGHT,-0.38183455689036017,-0.49693132756177483,0.51458109301505117,0.49716841625749453,3a509017b2d6ed40,0.007906417995400261
DEVELOPMENT,DVE015,rosbag2_2026_08_24-19_24_17,R2_BALANCED_PHYSICS_SCORE,12,True,True,True,NOT_IN_REMAINING_MISS_TABLE,1012,2022,12,12,6,0,6,12,6,6,6,True,True,RIGHT,-0.38183455689036017,-0.49693132756177483,0.51458109301505117,0.49716841625749453,3a509017b2d6ed40,0.007906417995400261
DEVELOPMENT,DVE015,rosbag2_2026_08_24-19_24_17,R2_BALANCED_PHYSICS_SCORE,16,True,True,True,NOT_IN_REMAINING_MISS_TABLE,1012,2022,16,16,8,0,8,16,8,8,8,True,True,RIGHT,-0.38183455689036017,-0.49693132756177483,0.51458109301505117,0.49716841625749453,3a509017b2d6ed40,0.007906417995400261
DEVELOPMENT,DVE015,rosbag2_2026_08_24-19_24_17,R2_BALANCED_PHYSICS_SCORE,24,True,True,True,NOT_IN_REMAINING_MISS_TABLE,1012,2022,24,24,12,0,12,24,12,12,12,True,True,RIGHT,-0.38183455689036017,-0.49693132756177483,0.51458109301505117,0.49716841625749453,3a509017b2d6ed40,0.007906417995400261
DEVELOPMENT,DVE015,rosbag2_2026_08_24-19_24_17,R3_LEXICOGRAPHIC_COVERAGE_RESERVE,8,True,True,True,NOT_IN_REMAINING_MISS_TABLE,1012,2022,8,8,4,0,4,8,4,4,4,True,True,RIGHT,-0.34183455689036019,-0.36601735200226265,0.51458109301505117,0.49716841625749453,d9280aa66ff53535,0.015537656996457372
DEVELOPMENT,DVE015,rosbag2_2026_08_24-19_24_17,R3_LEXICOGRAPHIC_COVERAGE_RESERVE,12,True,True,True,NOT_IN_REMAINING_MISS_TABLE,1012,2022,12,12,6,0,6,12,6,6,6,True,True,RIGHT,-0.3855196061247646,-0.49785258987037595,0.51458109301505117,0.49716841625749453,9b0793775cd3b8b8,0.015537656996457372
DEVELOPMENT,DVE015,rosbag2_2026_08_24-19_24_17,R3_LEXICOGRAPHIC_COVERAGE_RESERVE,16,True,True,True,NOT_IN_REMAINING_MISS_TABLE,1012,2022,16,16,8,0,8,16,8,8,8,True,True,RIGHT,-0.3855196061247646,-0.49785258987037595,0.51458109301505117,0.49716841625749453,9b0793775cd3b8b8,0.015537656996457372
DEVELOPMENT,DVE015,rosbag2_2026_08_24-19_24_17,R3_LEXICOGRAPHIC_COVERAGE_RESERVE,24,True,True,True,NOT_IN_REMAINING_MISS_TABLE,1012,2022,24,24,11,0,13,24,11,11,11,True,True,RIGHT,-0.3855196061247646,-0.49785258987037595,0.51458109301505117,0.49716841625749453,9b0793775cd3b8b8,0.015537656996457372
DEVELOPMENT,DVE016,rosbag2_2026_08_25-09_59_22,R1_FEASIBILITY_LEXICOGRAPHIC,8,True,False,False,NOT_IN_REMAINING_MISS_TABLE,614,3677,8,8,8,0,0,8,8,0,0,False,False,,,,,,,0.01369568000518484
DEVELOPMENT,DVE016,rosbag2_2026_08_25-09_59_22,R1_FEASIBILITY_LEXICOGRAPHIC,12,True,False,False,NOT_IN_REMAINING_MISS_TABLE,614,3677,12,12,12,0,0,12,12,0,0,False,False,,,,,,,0.01369568000518484
DEVELOPMENT,DVE016,rosbag2_2026_08_25-09_59_22,R1_FEASIBILITY_LEXICOGRAPHIC,16,True,False,False,NOT_IN_REMAINING_MISS_TABLE,614,3677,16,16,16,0,0,16,16,0,0,False,False,,,,,,,0.01369568000518484
DEVELOPMENT,DVE016,rosbag2_2026_08_25-09_59_22,R1_FEASIBILITY_LEXICOGRAPHIC,24,True,False,False,NOT_IN_REMAINING_MISS_TABLE,614,3677,24,24,24,0,0,24,24,0,0,False,False,,,,,,,0.01369568000518484
DEVELOPMENT,DVE016,rosbag2_2026_08_25-09_59_22,R2_BALANCED_PHYSICS_SCORE,8,True,False,False,NOT_IN_REMAINING_MISS_TABLE,614,3677,8,8,8,0,0,8,8,0,0,False,False,,,,,,,0.014929443997971248
DEVELOPMENT,DVE016,rosbag2_2026_08_25-09_59_22,R2_BALANCED_PHYSICS_SCORE,12,True,False,False,NOT_IN_REMAINING_MISS_TABLE,614,3677,12,12,12,0,0,12,12,0,0,False,False,,,,,,,0.014929443997971248
DEVELOPMENT,DVE016,rosbag2_2026_08_25-09_59_22,R2_BALANCED_PHYSICS_SCORE,16,True,False,False,NOT_IN_REMAINING_MISS_TABLE,614,3677,16,16,16,0,0,16,16,0,0,False,False,,,,,,,0.014929443997971248
DEVELOPMENT,DVE016,rosbag2_2026_08_25-09_59_22,R2_BALANCED_PHYSICS_SCORE,24,True,False,False,NOT_IN_REMAINING_MISS_TABLE,614,3677,24,24,24,0,0,24,24,0,0,False,False,,,,,,,0.014929443997971248
DEVELOPMENT,DVE016,rosbag2_2026_08_25-09_59_22,R3_LEXICOGRAPHIC_COVERAGE_RESERVE,8,True,False,False,NOT_IN_REMAINING_MISS_TABLE,614,3677,8,8,8,0,0,8,8,0,0,False,False,,,,,,,0.04160861000127625
DEVELOPMENT,DVE016,rosbag2_2026_08_25-09_59_22,R3_LEXICOGRAPHIC_COVERAGE_RESERVE,12,True,False,False,NOT_IN_REMAINING_MISS_TABLE,614,3677,12,12,10,0,2,12,10,0,0,False,False,,,,,,,0.04160861000127625
DEVELOPMENT,DVE016,rosbag2_2026_08_25-09_59_22,R3_LEXICOGRAPHIC_COVERAGE_RESERVE,16,True,False,False,NOT_IN_REMAINING_MISS_TABLE,614,3677,16,16,14,0,2,16,14,0,0,False,False,,,,,,,0.04160861000127625
DEVELOPMENT,DVE016,rosbag2_2026_08_25-09_59_22,R3_LEXICOGRAPHIC_COVERAGE_RESERVE,24,True,False,False,NOT_IN_REMAINING_MISS_TABLE,614,3677,24,24,21,0,3,24,21,0,0,False,False,,,,,,,0.04160861000127625
DEVELOPMENT,DVE017,rosbag2_2026_08_24-19_24_17,R1_FEASIBILITY_LEXICOGRAPHIC,8,True,True,True,NOT_IN_REMAINING_MISS_TABLE,1012,2022,8,8,4,0,4,8,4,4,4,True,True,RIGHT,-0.33559383557115957,-0.37559383557115955,0.51458109301505117,0.49716841625749453,82eaaab619268bd5,0.009899452998070046
DEVELOPMENT,DVE017,rosbag2_2026_08_24-19_24_17,R1_FEASIBILITY_LEXICOGRAPHIC,12,True,True,True,NOT_IN_REMAINING_MISS_TABLE,1012,2022,12,12,6,0,6,12,6,6,6,True,True,RIGHT,-0.33559383557115957,-0.37559383557115955,0.51458109301505117,0.49716841625749453,82eaaab619268bd5,0.009899452998070046
DEVELOPMENT,DVE017,rosbag2_2026_08_24-19_24_17,R1_FEASIBILITY_LEXICOGRAPHIC,16,True,True,True,NOT_IN_REMAINING_MISS_TABLE,1012,2022,16,16,8,0,8,16,8,8,8,True,True,RIGHT,-0.35183455689036019,-0.37476735200226263,0.51458109301505117,0.49716841625749453,9375417acaa3ac45,0.009899452998070046
DEVELOPMENT,DVE017,rosbag2_2026_08_24-19_24_17,R1_FEASIBILITY_LEXICOGRAPHIC,24,True,True,True,NOT_IN_REMAINING_MISS_TABLE,1012,2022,24,24,12,0,12,24,12,12,12,True,True,RIGHT,-0.34807527820956086,-0.38807527820956084,0.51458109301505117,0.49716841625749453,9159db69fbe82507,0.009899452998070046
DEVELOPMENT,DVE017,rosbag2_2026_08_24-19_24_17,R2_BALANCED_PHYSICS_SCORE,8,True,True,True,NOT_IN_REMAINING_MISS_TABLE,1012,2022,8,8,4,0,4,8,4,4,4,True,True,RIGHT,-0.41048249140156712,-0.4416860979975703,0.51458109301505117,0.49716841625749453,68553f3566de5343,0.009602215999620967
DEVELOPMENT,DVE017,rosbag2_2026_08_24-19_24_17,R2_BALANCED_PHYSICS_SCORE,12,True,True,True,NOT_IN_REMAINING_MISS_TABLE,1012,2022,12,12,6,0,6,12,6,6,6,True,True,RIGHT,-0.41048249140156712,-0.4416860979975703,0.51458109301505117,0.49716841625749453,68553f3566de5343,0.009602215999620967
DEVELOPMENT,DVE017,rosbag2_2026_08_24-19_24_17,R2_BALANCED_PHYSICS_SCORE,16,True,True,True,NOT_IN_REMAINING_MISS_TABLE,1012,2022,16,16,8,0,8,16,8,8,8,True,True,RIGHT,-0.41048249140156712,-0.4416860979975703,0.51458109301505117,0.49716841625749453,68553f3566de5343,0.009602215999620967
DEVELOPMENT,DVE017,rosbag2_2026_08_24-19_24_17,R2_BALANCED_PHYSICS_SCORE,24,True,True,True,NOT_IN_REMAINING_MISS_TABLE,1012,2022,24,24,12,0,12,24,12,12,12,True,True,RIGHT,-0.3855196061247646,-0.43551960612476459,0.51458109301505117,0.49716841625749453,35f9de8a5142aab1,0.009602215999620967
DEVELOPMENT,DVE017,rosbag2_2026_08_24-19_24_17,R3_LEXICOGRAPHIC_COVERAGE_RESERVE,8,True,True,True,NOT_IN_REMAINING_MISS_TABLE,1012,2022,8,8,4,0,4,8,4,4,4,True,True,RIGHT,-0.33559383557115957,-0.37559383557115955,0.51458109301505117,0.49716841625749453,82eaaab619268bd5,0.019114097995043267
DEVELOPMENT,DVE017,rosbag2_2026_08_24-19_24_17,R3_LEXICOGRAPHIC_COVERAGE_RESERVE,12,True,True,True,NOT_IN_REMAINING_MISS_TABLE,1012,2022,12,12,6,0,6,12,6,6,6,True,True,RIGHT,-0.33559383557115957,-0.37559383557115955,0.51458109301505117,0.49716841625749453,82eaaab619268bd5,0.019114097995043267
DEVELOPMENT,DVE017,rosbag2_2026_08_24-19_24_17,R3_LEXICOGRAPHIC_COVERAGE_RESERVE,16,True,True,True,NOT_IN_REMAINING_MISS_TABLE,1012,2022,16,16,8,0,8,16,8,8,8,True,True,RIGHT,-0.33559383557115957,-0.37559383557115955,0.51458109301505117,0.49716841625749453,82eaaab619268bd5,0.019114097995043267
DEVELOPMENT,DVE017,rosbag2_2026_08_24-19_24_17,R3_LEXICOGRAPHIC_COVERAGE_RESERVE,24,True,True,True,NOT_IN_REMAINING_MISS_TABLE,1012,2022,24,24,12,0,12,24,12,12,12,True,True,RIGHT,-0.34183455689036019,-0.38183455689036017,0.51458109301505117,0.49716841625749453,6d92ec00c6f4121c,0.019114097995043267
DEVELOPMENT,DVE018,rosbag2_2026_08_24-19_00_30,R1_FEASIBILITY_LEXICOGRAPHIC,8,True,True,True,NOT_IN_REMAINING_MISS_TABLE,1231,9839,8,8,8,0,0,8,8,8,8,True,True,RIGHT,-0.39325266281210602,-0.39325266281210602,1.310934367577036,3.9473573093269398,a0699a49449cddb1,0.01294782599870814
DEVELOPMENT,DVE018,rosbag2_2026_08_24-19_00_30,R1_FEASIBILITY_LEXICOGRAPHIC,12,True,True,True,NOT_IN_REMAINING_MISS_TABLE,1231,9839,12,12,12,0,0,12,12,12,12,True,True,RIGHT,-0.40484246495566689,-0.4148424649556669,1.310934367577036,7.3975462023963852,c820f21153036bb8,0.01294782599870814
DEVELOPMENT,DVE018,rosbag2_2026_08_24-19_00_30,R1_FEASIBILITY_LEXICOGRAPHIC,16,True,True,True,NOT_IN_REMAINING_MISS_TABLE,1231,9839,16,16,16,0,0,16,16,16,16,True,True,RIGHT,-0.40484246495566689,-0.4148424649556669,1.310934367577036,7.3975462023963852,c820f21153036bb8,0.01294782599870814
DEVELOPMENT,DVE018,rosbag2_2026_08_24-19_00_30,R1_FEASIBILITY_LEXICOGRAPHIC,24,True,True,True,NOT_IN_REMAINING_MISS_TABLE,1231,9839,24,24,24,0,0,24,24,24,24,True,True,RIGHT,-0.40484246495566689,-0.4148424649556669,1.310934367577036,7.3975462023963852,c820f21153036bb8,0.01294782599870814
DEVELOPMENT,DVE018,rosbag2_2026_08_24-19_00_30,R2_BALANCED_PHYSICS_SCORE,8,True,True,True,NOT_IN_REMAINING_MISS_TABLE,1231,9839,8,8,8,0,0,8,8,8,8,True,True,RIGHT,-0.39325266281210602,-0.39325266281210602,1.310934367577036,3.9473573093269398,a0699a49449cddb1,0.012892676997580566
DEVELOPMENT,DVE018,rosbag2_2026_08_24-19_00_30,R2_BALANCED_PHYSICS_SCORE,12,True,True,True,NOT_IN_REMAINING_MISS_TABLE,1231,9839,12,12,12,0,0,12,12,12,12,True,True,RIGHT,-0.40484246495566689,-0.4148424649556669,1.310934367577036,7.3975462023963852,c820f21153036bb8,0.012892676997580566
DEVELOPMENT,DVE018,rosbag2_2026_08_24-19_00_30,R2_BALANCED_PHYSICS_SCORE,16,True,True,True,NOT_IN_REMAINING_MISS_TABLE,1231,9839,16,16,16,0,0,16,16,16,16,True,True,RIGHT,-0.40484246495566689,-0.4148424649556669,1.310934367577036,7.3975462023963852,c820f21153036bb8,0.012892676997580566
DEVELOPMENT,DVE018,rosbag2_2026_08_24-19_00_30,R2_BALANCED_PHYSICS_SCORE,24,True,True,True,NOT_IN_REMAINING_MISS_TABLE,1231,9839,24,24,24,0,0,24,24,24,24,True,True,RIGHT,-0.40484246495566689,-0.4148424649556669,1.310934367577036,7.3975462023963852,c820f21153036bb8,0.012892676997580566
DEVELOPMENT,DVE018,rosbag2_2026_08_24-19_00_30,R3_LEXICOGRAPHIC_COVERAGE_RESERVE,8,True,True,True,NOT_IN_REMAINING_MISS_TABLE,1231,9839,8,8,8,0,0,8,8,8,8,True,True,RIGHT,-0.39325266281210602,-0.39325266281210602,1.310934367577036,3.9473573093269398,a0699a49449cddb1,0.027519208000740036
DEVELOPMENT,DVE018,rosbag2_2026_08_24-19_00_30,R3_LEXICOGRAPHIC_COVERAGE_RESERVE,12,True,True,True,NOT_IN_REMAINING_MISS_TABLE,1231,9839,12,12,12,0,0,12,12,11,11,True,True,RIGHT,-0.40325266281210603,-0.41325266281210604,1.310934367577036,7.3975462023963852,05e5129feeb9bbf9,0.027519208000740036
DEVELOPMENT,DVE018,rosbag2_2026_08_24-19_00_30,R3_LEXICOGRAPHIC_COVERAGE_RESERVE,16,True,True,True,NOT_IN_REMAINING_MISS_TABLE,1231,9839,16,16,16,0,0,16,16,15,15,True,True,RIGHT,-0.40484246495566689,-0.4148424649556669,1.310934367577036,7.3975462023963852,c820f21153036bb8,0.027519208000740036
DEVELOPMENT,DVE018,rosbag2_2026_08_24-19_00_30,R3_LEXICOGRAPHIC_COVERAGE_RESERVE,24,True,True,True,NOT_IN_REMAINING_MISS_TABLE,1231,9839,24,24,24,0,0,24,24,22,22,True,True,RIGHT,-0.40484246495566689,-0.4148424649556669,1.310934367577036,7.3975462023963852,c820f21153036bb8,0.027519208000740036
DEVELOPMENT,DVE019,rosbag2_2026_08_24-19_00_30,R1_FEASIBILITY_LEXICOGRAPHIC,8,True,True,False,NOT_IN_REMAINING_MISS_TABLE,1945,3885,8,8,8,0,0,8,8,8,0,True,False,RIGHT,-0.63665159609587541,-0.71134192182789879,0.71366941165554731,0.49716841625749453,,0.013766057993052527
DEVELOPMENT,DVE019,rosbag2_2026_08_24-19_00_30,R1_FEASIBILITY_LEXICOGRAPHIC,12,True,True,False,NOT_IN_REMAINING_MISS_TABLE,1945,3885,12,12,12,0,0,12,12,12,0,True,False,RIGHT,-0.63665159609587541,-0.70196692182789877,0.71366941165554731,0.49716841625749453,,0.013766057993052527
DEVELOPMENT,DVE019,rosbag2_2026_08_24-19_00_30,R1_FEASIBILITY_LEXICOGRAPHIC,16,True,True,False,NOT_IN_REMAINING_MISS_TABLE,1945,3885,16,16,16,0,0,16,16,16,0,True,False,RIGHT,-0.63665159609587541,-0.70196692182789877,0.71366941165554731,0.49716841625749453,,0.013766057993052527
DEVELOPMENT,DVE019,rosbag2_2026_08_24-19_00_30,R1_FEASIBILITY_LEXICOGRAPHIC,24,True,True,False,NOT_IN_REMAINING_MISS_TABLE,1945,3885,24,24,24,0,0,24,24,24,0,True,False,RIGHT,-0.63665159609587541,-0.70196692182789877,0.71366941165554731,0.49716841625749453,,0.013766057993052527
DEVELOPMENT,DVE019,rosbag2_2026_08_24-19_00_30,R2_BALANCED_PHYSICS_SCORE,8,True,True,False,NOT_IN_REMAINING_MISS_TABLE,1945,3885,8,8,8,0,0,8,8,8,0,True,False,RIGHT,-0.64287578990687733,-0.73935079397740755,0.51458109301505117,0.49716841625749453,,0.00885143499908736
DEVELOPMENT,DVE019,rosbag2_2026_08_24-19_00_30,R2_BALANCED_PHYSICS_SCORE,12,True,True,False,NOT_IN_REMAINING_MISS_TABLE,1945,3885,12,12,12,0,0,12,12,12,0,True,False,RIGHT,-0.65842337133988316,-0.73462458469391045,0.71366941165554731,0.49716841625749453,,0.00885143499908736
DEVELOPMENT,DVE019,rosbag2_2026_08_24-19_00_30,R2_BALANCED_PHYSICS_SCORE,16,True,True,False,NOT_IN_REMAINING_MISS_TABLE,1945,3885,16,16,16,0,0,16,16,16,0,True,False,RIGHT,-0.64287578990687733,-0.72729141846859124,0.51458109301505117,0.49716841625749453,,0.00885143499908736
DEVELOPMENT,DVE019,rosbag2_2026_08_24-19_00_30,R2_BALANCED_PHYSICS_SCORE,24,True,True,False,NOT_IN_REMAINING_MISS_TABLE,1945,3885,24,24,24,0,0,24,24,24,0,True,False,RIGHT,-0.64287578990687733,-0.72287578990687729,0.71366941165554731,0.49716841625749453,,0.00885143499908736
DEVELOPMENT,DVE019,rosbag2_2026_08_24-19_00_30,R3_LEXICOGRAPHIC_COVERAGE_RESERVE,8,True,True,False,NOT_IN_REMAINING_MISS_TABLE,1945,3885,8,8,8,0,0,8,8,8,0,True,False,RIGHT,-0.63665159609587541,-0.71134192182789879,0.71366941165554731,0.49716841625749453,,0.021100426994962618
DEVELOPMENT,DVE019,rosbag2_2026_08_24-19_00_30,R3_LEXICOGRAPHIC_COVERAGE_RESERVE,12,True,True,False,NOT_IN_REMAINING_MISS_TABLE,1945,3885,12,12,12,0,0,12,12,12,0,True,False,RIGHT,-0.63665159609587541,-0.70196692182789877,0.71366941165554731,0.49716841625749453,,0.021100426994962618
DEVELOPMENT,DVE019,rosbag2_2026_08_24-19_00_30,R3_LEXICOGRAPHIC_COVERAGE_RESERVE,16,True,True,False,NOT_IN_REMAINING_MISS_TABLE,1945,3885,16,16,16,0,0,16,16,16,0,True,False,RIGHT,-0.63665159609587541,-0.70196692182789877,0.71366941165554731,0.49716841625749453,,0.021100426994962618
DEVELOPMENT,DVE019,rosbag2_2026_08_24-19_00_30,R3_LEXICOGRAPHIC_COVERAGE_RESERVE,24,True,True,False,NOT_IN_REMAINING_MISS_TABLE,1945,3885,24,24,23,0,1,24,23,23,0,True,False,RIGHT,-0.63665159609587541,-0.70196692182789877,0.71366941165554731,0.49716841625749453,,0.021100426994962618
DEVELOPMENT,DVE020,rosbag2_2026_08_25-09_59_22,R1_FEASIBILITY_LEXICOGRAPHIC,8,True,True,True,NOT_IN_REMAINING_MISS_TABLE,1202,2401,8,8,8,0,0,8,8,8,8,True,True,RIGHT,-0.63749999999999996,-0.65749999999999997,0.71366941165554731,0.49716841625749453,c95cc95d0d3cbe89,0.012030316996970214
DEVELOPMENT,DVE020,rosbag2_2026_08_25-09_59_22,R1_FEASIBILITY_LEXICOGRAPHIC,12,True,True,True,NOT_IN_REMAINING_MISS_TABLE,1202,2401,12,12,12,0,0,12,12,12,12,True,True,RIGHT,-0.63749999999999996,-0.65749999999999997,0.71366941165554731,0.49716841625749453,c95cc95d0d3cbe89,0.012030316996970214
DEVELOPMENT,DVE020,rosbag2_2026_08_25-09_59_22,R1_FEASIBILITY_LEXICOGRAPHIC,16,True,True,True,NOT_IN_REMAINING_MISS_TABLE,1202,2401,16,16,16,0,0,16,16,13,13,True,True,RIGHT,-0.63749999999999996,-0.65749999999999997,0.71366941165554731,0.49716841625749453,c95cc95d0d3cbe89,0.012030316996970214
DEVELOPMENT,DVE020,rosbag2_2026_08_25-09_59_22,R1_FEASIBILITY_LEXICOGRAPHIC,24,True,True,True,NOT_IN_REMAINING_MISS_TABLE,1202,2401,24,24,24,0,0,24,24,20,20,True,True,RIGHT,-0.63134214011514111,-0.65134214011514113,0.71366941165554731,0.49716841625749453,9b51d145b6b11dc1,0.012030316996970214
DEVELOPMENT,DVE020,rosbag2_2026_08_25-09_59_22,R2_BALANCED_PHYSICS_SCORE,8,True,True,True,NOT_IN_REMAINING_MISS_TABLE,1202,2401,8,8,8,0,0,8,8,8,8,True,True,RIGHT,-0.60212757002752593,-0.64212757002752596,0.71366941165554731,0.49716841625749453,c8888e1e0a2ede75,0.011144014999445062
DEVELOPMENT,DVE020,rosbag2_2026_08_25-09_59_22,R2_BALANCED_PHYSICS_SCORE,12,True,True,True,NOT_IN_REMAINING_MISS_TABLE,1202,2401,12,12,12,0,0,12,12,11,11,True,True,RIGHT,-0.60212757002752593,-0.64212757002752596,0.71366941165554731,0.49716841625749453,c8888e1e0a2ede75,0.011144014999445062
DEVELOPMENT,DVE020,rosbag2_2026_08_25-09_59_22,R2_BALANCED_PHYSICS_SCORE,16,True,True,True,NOT_IN_REMAINING_MISS_TABLE,1202,2401,16,16,16,0,0,16,16,13,13,True,True,RIGHT,-0.60212757002752593,-0.64212757002752596,0.71366941165554731,0.49716841625749453,c8888e1e0a2ede75,0.011144014999445062
DEVELOPMENT,DVE020,rosbag2_2026_08_25-09_59_22,R2_BALANCED_PHYSICS_SCORE,24,True,True,True,NOT_IN_REMAINING_MISS_TABLE,1202,2401,24,24,24,0,0,24,24,18,18,True,True,RIGHT,-0.62307240762953375,-0.63307240762953376,0.71366941165554731,0.49716841625749453,d518b45c824ca3cb,0.011144014999445062
DEVELOPMENT,DVE020,rosbag2_2026_08_25-09_59_22,R3_LEXICOGRAPHIC_COVERAGE_RESERVE,8,True,True,True,NOT_IN_REMAINING_MISS_TABLE,1202,2401,8,8,8,0,0,8,8,8,8,True,True,RIGHT,-0.63749999999999996,-0.65749999999999997,0.71366941165554731,0.49716841625749453,c95cc95d0d3cbe89,0.02017109999724198
DEVELOPMENT,DVE020,rosbag2_2026_08_25-09_59_22,R3_LEXICOGRAPHIC_COVERAGE_RESERVE,12,True,True,True,NOT_IN_REMAINING_MISS_TABLE,1202,2401,12,12,12,0,0,12,12,12,12,True,True,RIGHT,-0.63749999999999996,-0.65749999999999997,0.71366941165554731,0.49716841625749453,c95cc95d0d3cbe89,0.02017109999724198
DEVELOPMENT,DVE020,rosbag2_2026_08_25-09_59_22,R3_LEXICOGRAPHIC_COVERAGE_RESERVE,16,True,True,True,NOT_IN_REMAINING_MISS_TABLE,1202,2401,16,16,16,0,0,16,16,15,15,True,True,RIGHT,-0.63749999999999996,-0.65749999999999997,0.71366941165554731,0.49716841625749453,c95cc95d0d3cbe89,0.02017109999724198
DEVELOPMENT,DVE020,rosbag2_2026_08_25-09_59_22,R3_LEXICOGRAPHIC_COVERAGE_RESERVE,24,True,True,True,NOT_IN_REMAINING_MISS_TABLE,1202,2401,24,24,23,0,1,24,23,17,17,True,True,RIGHT,-0.63134214011514111,-0.65134214011514113,0.71366941165554731,0.49716841625749453,9b51d145b6b11dc1,0.02017109999724198
DEVELOPMENT,DVE021,rosbag2_2026_08_24-19_24_17,R1_FEASIBILITY_LEXICOGRAPHIC,8,True,False,False,NOT_IN_REMAINING_MISS_TABLE,1039,2076,8,8,8,0,0,8,8,0,0,False,False,,,,,,,0.006748656996933278
DEVELOPMENT,DVE021,rosbag2_2026_08_24-19_24_17,R1_FEASIBILITY_LEXICOGRAPHIC,12,True,False,False,NOT_IN_REMAINING_MISS_TABLE,1039,2076,12,12,12,0,0,12,12,0,0,False,False,,,,,,,0.006748656996933278
DEVELOPMENT,DVE021,rosbag2_2026_08_24-19_24_17,R1_FEASIBILITY_LEXICOGRAPHIC,16,True,False,False,NOT_IN_REMAINING_MISS_TABLE,1039,2076,16,16,16,0,0,16,16,0,0,False,False,,,,,,,0.006748656996933278
DEVELOPMENT,DVE021,rosbag2_2026_08_24-19_24_17,R1_FEASIBILITY_LEXICOGRAPHIC,24,True,False,False,NOT_IN_REMAINING_MISS_TABLE,1039,2076,24,24,24,0,0,24,24,0,0,False,False,,,,,,,0.006748656996933278
DEVELOPMENT,DVE021,rosbag2_2026_08_24-19_24_17,R2_BALANCED_PHYSICS_SCORE,8,True,False,False,NOT_IN_REMAINING_MISS_TABLE,1039,2076,8,8,8,0,0,8,8,0,0,False,False,,,,,,,0.009671177998825442
DEVELOPMENT,DVE021,rosbag2_2026_08_24-19_24_17,R2_BALANCED_PHYSICS_SCORE,12,True,False,False,NOT_IN_REMAINING_MISS_TABLE,1039,2076,12,12,12,0,0,12,12,0,0,False,False,,,,,,,0.009671177998825442
DEVELOPMENT,DVE021,rosbag2_2026_08_24-19_24_17,R2_BALANCED_PHYSICS_SCORE,16,True,False,False,NOT_IN_REMAINING_MISS_TABLE,1039,2076,16,16,16,0,0,16,16,0,0,False,False,,,,,,,0.009671177998825442
DEVELOPMENT,DVE021,rosbag2_2026_08_24-19_24_17,R2_BALANCED_PHYSICS_SCORE,24,True,False,False,NOT_IN_REMAINING_MISS_TABLE,1039,2076,24,24,24,0,0,24,24,0,0,False,False,,,,,,,0.009671177998825442
DEVELOPMENT,DVE021,rosbag2_2026_08_24-19_24_17,R3_LEXICOGRAPHIC_COVERAGE_RESERVE,8,True,False,False,NOT_IN_REMAINING_MISS_TABLE,1039,2076,8,8,8,0,0,8,8,0,0,False,False,,,,,,,0.01949739299743669
DEVELOPMENT,DVE021,rosbag2_2026_08_24-19_24_17,R3_LEXICOGRAPHIC_COVERAGE_RESERVE,12,True,False,False,NOT_IN_REMAINING_MISS_TABLE,1039,2076,12,12,10,0,2,12,10,0,0,False,False,,,,,,,0.01949739299743669
DEVELOPMENT,DVE021,rosbag2_2026_08_24-19_24_17,R3_LEXICOGRAPHIC_COVERAGE_RESERVE,16,True,False,False,NOT_IN_REMAINING_MISS_TABLE,1039,2076,16,16,14,0,2,16,14,0,0,False,False,,,,,,,0.01949739299743669
DEVELOPMENT,DVE021,rosbag2_2026_08_24-19_24_17,R3_LEXICOGRAPHIC_COVERAGE_RESERVE,24,True,False,False,NOT_IN_REMAINING_MISS_TABLE,1039,2076,24,24,18,0,6,24,18,0,0,False,False,,,,,,,0.01949739299743669
DEVELOPMENT,DVE022,rosbag2_2026_08_24-19_00_30,R1_FEASIBILITY_LEXICOGRAPHIC,8,True,True,True,NOT_IN_REMAINING_MISS_TABLE,1178,2354,8,8,8,0,0,8,8,0,0,False,False,,,,,,,0.006517305999295786
DEVELOPMENT,DVE022,rosbag2_2026_08_24-19_00_30,R1_FEASIBILITY_LEXICOGRAPHIC,12,True,True,True,NOT_IN_REMAINING_MISS_TABLE,1178,2354,12,12,12,0,0,12,12,0,0,False,False,,,,,,,0.006517305999295786
DEVELOPMENT,DVE022,rosbag2_2026_08_24-19_00_30,R1_FEASIBILITY_LEXICOGRAPHIC,16,True,True,True,NOT_IN_REMAINING_MISS_TABLE,1178,2354,16,16,16,0,0,16,16,0,0,False,False,,,,,,,0.006517305999295786
DEVELOPMENT,DVE022,rosbag2_2026_08_24-19_00_30,R1_FEASIBILITY_LEXICOGRAPHIC,24,True,True,True,NOT_IN_REMAINING_MISS_TABLE,1178,2354,24,24,24,0,0,24,24,0,0,False,False,,,,,,,0.006517305999295786
DEVELOPMENT,DVE022,rosbag2_2026_08_24-19_00_30,R2_BALANCED_PHYSICS_SCORE,8,True,True,True,NOT_IN_REMAINING_MISS_TABLE,1178,2354,8,8,8,0,0,8,8,0,0,False,False,,,,,,,0.00854040899866959
DEVELOPMENT,DVE022,rosbag2_2026_08_24-19_00_30,R2_BALANCED_PHYSICS_SCORE,12,True,True,True,NOT_IN_REMAINING_MISS_TABLE,1178,2354,12,12,12,0,0,12,12,0,0,False,False,,,,,,,0.00854040899866959
DEVELOPMENT,DVE022,rosbag2_2026_08_24-19_00_30,R2_BALANCED_PHYSICS_SCORE,16,True,True,True,NOT_IN_REMAINING_MISS_TABLE,1178,2354,16,16,16,0,0,16,16,0,0,False,False,,,,,,,0.00854040899866959
DEVELOPMENT,DVE022,rosbag2_2026_08_24-19_00_30,R2_BALANCED_PHYSICS_SCORE,24,True,True,True,NOT_IN_REMAINING_MISS_TABLE,1178,2354,24,24,24,0,0,24,24,0,0,False,False,,,,,,,0.00854040899866959
DEVELOPMENT,DVE022,rosbag2_2026_08_24-19_00_30,R3_LEXICOGRAPHIC_COVERAGE_RESERVE,8,True,True,True,NOT_IN_REMAINING_MISS_TABLE,1178,2354,8,8,8,0,0,8,8,0,0,False,False,,,,,,,0.016063641000073403
DEVELOPMENT,DVE022,rosbag2_2026_08_24-19_00_30,R3_LEXICOGRAPHIC_COVERAGE_RESERVE,12,True,True,True,NOT_IN_REMAINING_MISS_TABLE,1178,2354,12,12,11,0,1,12,11,0,0,False,False,,,,,,,0.016063641000073403
DEVELOPMENT,DVE022,rosbag2_2026_08_24-19_00_30,R3_LEXICOGRAPHIC_COVERAGE_RESERVE,16,True,True,True,NOT_IN_REMAINING_MISS_TABLE,1178,2354,16,16,15,0,1,16,15,0,0,False,False,,,,,,,0.016063641000073403
DEVELOPMENT,DVE022,rosbag2_2026_08_24-19_00_30,R3_LEXICOGRAPHIC_COVERAGE_RESERVE,24,True,True,True,NOT_IN_REMAINING_MISS_TABLE,1178,2354,24,24,23,0,1,24,23,0,0,False,False,,,,,,,0.016063641000073403
DEVELOPMENT,DVE023,rosbag2_2026_08_24-19_24_17,R1_FEASIBILITY_LEXICOGRAPHIC,8,True,True,False,NOT_IN_REMAINING_MISS_TABLE,1400,2798,8,8,8,0,0,8,8,0,0,False,False,,,,,,,0.006482340999355074
DEVELOPMENT,DVE023,rosbag2_2026_08_24-19_24_17,R1_FEASIBILITY_LEXICOGRAPHIC,12,True,True,False,NOT_IN_REMAINING_MISS_TABLE,1400,2798,12,12,12,0,0,12,12,0,0,False,False,,,,,,,0.006482340999355074
DEVELOPMENT,DVE023,rosbag2_2026_08_24-19_24_17,R1_FEASIBILITY_LEXICOGRAPHIC,16,True,True,False,NOT_IN_REMAINING_MISS_TABLE,1400,2798,16,16,16,0,0,16,16,0,0,False,False,,,,,,,0.006482340999355074
DEVELOPMENT,DVE023,rosbag2_2026_08_24-19_24_17,R1_FEASIBILITY_LEXICOGRAPHIC,24,True,True,False,NOT_IN_REMAINING_MISS_TABLE,1400,2798,24,24,24,0,0,24,24,0,0,False,False,,,,,,,0.006482340999355074
DEVELOPMENT,DVE023,rosbag2_2026_08_24-19_24_17,R2_BALANCED_PHYSICS_SCORE,8,True,True,False,NOT_IN_REMAINING_MISS_TABLE,1400,2798,8,8,8,0,0,8,8,8,0,True,False,LEFT,0.53506363002577473,0.5484330046591197,0.51458109301505117,0.49716841625749453,,0.00943213499704143
DEVELOPMENT,DVE023,rosbag2_2026_08_24-19_24_17,R2_BALANCED_PHYSICS_SCORE,12,True,True,False,NOT_IN_REMAINING_MISS_TABLE,1400,2798,12,12,12,0,0,12,12,12,0,True,False,LEFT,0.53327892574046953,0.54308419430535215,0.51458109301505117,0.49716841625749453,,0.00943213499704143
DEVELOPMENT,DVE023,rosbag2_2026_08_24-19_24_17,R2_BALANCED_PHYSICS_SCORE,16,True,True,False,NOT_IN_REMAINING_MISS_TABLE,1400,2798,16,16,16,0,0,16,16,16,0,True,False,LEFT,0.53327892574046953,0.54185853573474185,0.51458109301505117,0.49716841625749453,,0.00943213499704143
DEVELOPMENT,DVE023,rosbag2_2026_08_24-19_24_17,R2_BALANCED_PHYSICS_SCORE,24,True,True,False,NOT_IN_REMAINING_MISS_TABLE,1400,2798,24,24,24,0,0,24,24,24,0,True,False,LEFT,0.53327892574046953,0.54185853573474185,0.51458109301505117,0.49716841625749453,,0.00943213499704143
DEVELOPMENT,DVE023,rosbag2_2026_08_24-19_24_17,R3_LEXICOGRAPHIC_COVERAGE_RESERVE,8,True,True,False,NOT_IN_REMAINING_MISS_TABLE,1400,2798,8,8,8,0,0,8,8,0,0,False,False,,,,,,,0.014649138996901456
DEVELOPMENT,DVE023,rosbag2_2026_08_24-19_24_17,R3_LEXICOGRAPHIC_COVERAGE_RESERVE,12,True,True,False,NOT_IN_REMAINING_MISS_TABLE,1400,2798,12,12,12,0,0,12,12,0,0,False,False,,,,,,,0.014649138996901456
DEVELOPMENT,DVE023,rosbag2_2026_08_24-19_24_17,R3_LEXICOGRAPHIC_COVERAGE_RESERVE,16,True,True,False,NOT_IN_REMAINING_MISS_TABLE,1400,2798,16,16,16,0,0,16,16,0,0,False,False,,,,,,,0.014649138996901456
DEVELOPMENT,DVE023,rosbag2_2026_08_24-19_24_17,R3_LEXICOGRAPHIC_COVERAGE_RESERVE,24,True,True,False,NOT_IN_REMAINING_MISS_TABLE,1400,2798,24,24,24,0,0,24,24,0,0,False,False,,,,,,,0.014649138996901456
DEVELOPMENT,DVE024,rosbag2_2026_08_24-19_24_17,R1_FEASIBILITY_LEXICOGRAPHIC,8,True,True,True,NOT_IN_REMAINING_MISS_TABLE,1217,35263,8,8,8,0,0,8,8,8,8,True,True,RIGHT,-0.46592746384602679,-0.46592746384602679,1.310934367577036,3.9473573093269398,e728dadb3fb5fa0e,0.029668520000996068
DEVELOPMENT,DVE024,rosbag2_2026_08_24-19_24_17,R1_FEASIBILITY_LEXICOGRAPHIC,12,True,True,True,NOT_IN_REMAINING_MISS_TABLE,1217,35263,12,12,12,0,0,12,12,12,12,True,True,RIGHT,-0.47279726164999497,-0.47279726164999497,1.310934367577036,3.9473573093269398,ba34849e0919dfa8,0.029668520000996068
DEVELOPMENT,DVE024,rosbag2_2026_08_24-19_24_17,R1_FEASIBILITY_LEXICOGRAPHIC,16,True,True,True,NOT_IN_REMAINING_MISS_TABLE,1217,35263,16,16,16,0,0,16,16,16,16,True,True,RIGHT,-0.47966705945396315,-0.47966705945396315,1.310934367577036,3.9473573093269398,8f57910dabd4df6d,0.029668520000996068
DEVELOPMENT,DVE024,rosbag2_2026_08_24-19_24_17,R1_FEASIBILITY_LEXICOGRAPHIC,24,True,True,True,NOT_IN_REMAINING_MISS_TABLE,1217,35263,24,24,24,0,0,24,24,24,24,True,True,RIGHT,-0.48470867702221776,-0.48470867702221776,1.310934367577036,3.9473573093269398,25c06924342aac12,0.029668520000996068
DEVELOPMENT,DVE024,rosbag2_2026_08_24-19_24_17,R2_BALANCED_PHYSICS_SCORE,8,True,True,True,NOT_IN_REMAINING_MISS_TABLE,1217,35263,8,8,8,0,0,8,8,8,8,True,True,RIGHT,-0.46592746384602679,-0.46592746384602679,1.310934367577036,3.9473573093269398,e728dadb3fb5fa0e,0.024867225998605136
DEVELOPMENT,DVE024,rosbag2_2026_08_24-19_24_17,R2_BALANCED_PHYSICS_SCORE,12,True,True,True,NOT_IN_REMAINING_MISS_TABLE,1217,35263,12,12,12,0,0,12,12,12,12,True,True,RIGHT,-0.47279726164999497,-0.47279726164999497,1.310934367577036,3.9473573093269398,ba34849e0919dfa8,0.024867225998605136
DEVELOPMENT,DVE024,rosbag2_2026_08_24-19_24_17,R2_BALANCED_PHYSICS_SCORE,16,True,True,True,NOT_IN_REMAINING_MISS_TABLE,1217,35263,16,16,16,0,0,16,16,16,16,True,True,RIGHT,-0.47966705945396315,-0.47966705945396315,1.310934367577036,3.9473573093269398,8f57910dabd4df6d,0.024867225998605136
DEVELOPMENT,DVE024,rosbag2_2026_08_24-19_24_17,R2_BALANCED_PHYSICS_SCORE,24,True,True,True,NOT_IN_REMAINING_MISS_TABLE,1217,35263,24,24,24,0,0,24,24,24,24,True,True,RIGHT,-0.48470867702221776,-0.48470867702221776,1.310934367577036,3.9473573093269398,25c06924342aac12,0.024867225998605136
DEVELOPMENT,DVE024,rosbag2_2026_08_24-19_24_17,R3_LEXICOGRAPHIC_COVERAGE_RESERVE,8,True,True,True,NOT_IN_REMAINING_MISS_TABLE,1217,35263,8,8,8,0,0,8,8,8,8,True,True,RIGHT,-0.46592746384602679,-0.46592746384602679,1.310934367577036,3.9473573093269398,e728dadb3fb5fa0e,0.04577329300082056
DEVELOPMENT,DVE024,rosbag2_2026_08_24-19_24_17,R3_LEXICOGRAPHIC_COVERAGE_RESERVE,12,True,True,True,NOT_IN_REMAINING_MISS_TABLE,1217,35263,12,12,12,0,0,12,12,10,10,True,True,RIGHT,-0.46966705945396314,-0.46966705945396314,1.310934367577036,3.9473573093269398,9f99c6723d90def5,0.04577329300082056
DEVELOPMENT,DVE024,rosbag2_2026_08_24-19_24_17,R3_LEXICOGRAPHIC_COVERAGE_RESERVE,16,True,True,True,NOT_IN_REMAINING_MISS_TABLE,1217,35263,16,16,16,0,0,16,16,14,14,True,True,RIGHT,-0.47966705945396315,-0.47966705945396315,1.310934367577036,3.9473573093269398,8f57910dabd4df6d,0.04577329300082056
DEVELOPMENT,DVE024,rosbag2_2026_08_24-19_24_17,R3_LEXICOGRAPHIC_COVERAGE_RESERVE,24,True,True,True,NOT_IN_REMAINING_MISS_TABLE,1217,35263,24,24,24,0,0,24,24,22,22,True,True,RIGHT,-0.48470867702221776,-0.48470867702221776,1.310934367577036,3.9473573093269398,25c06924342aac12,0.04577329300082056
DEVELOPMENT,DVE025,rosbag2_2026_08_25-09_59_22,R1_FEASIBILITY_LEXICOGRAPHIC,8,True,False,False,NOT_IN_REMAINING_MISS_TABLE,589,3527,8,8,8,0,0,8,8,0,0,False,False,,,,,,,0.015766639000503346
DEVELOPMENT,DVE025,rosbag2_2026_08_25-09_59_22,R1_FEASIBILITY_LEXICOGRAPHIC,12,True,False,False,NOT_IN_REMAINING_MISS_TABLE,589,3527,12,12,12,0,0,12,12,0,0,False,False,,,,,,,0.015766639000503346
DEVELOPMENT,DVE025,rosbag2_2026_08_25-09_59_22,R1_FEASIBILITY_LEXICOGRAPHIC,16,True,False,False,NOT_IN_REMAINING_MISS_TABLE,589,3527,16,16,16,0,0,16,16,0,0,False,False,,,,,,,0.015766639000503346
DEVELOPMENT,DVE025,rosbag2_2026_08_25-09_59_22,R1_FEASIBILITY_LEXICOGRAPHIC,24,True,False,False,NOT_IN_REMAINING_MISS_TABLE,589,3527,24,24,24,0,0,24,24,0,0,False,False,,,,,,,0.015766639000503346
DEVELOPMENT,DVE025,rosbag2_2026_08_25-09_59_22,R2_BALANCED_PHYSICS_SCORE,8,True,False,False,NOT_IN_REMAINING_MISS_TABLE,589,3527,8,8,8,0,0,8,8,0,0,False,False,,,,,,,0.013984493001771625
DEVELOPMENT,DVE025,rosbag2_2026_08_25-09_59_22,R2_BALANCED_PHYSICS_SCORE,12,True,False,False,NOT_IN_REMAINING_MISS_TABLE,589,3527,12,12,12,0,0,12,12,0,0,False,False,,,,,,,0.013984493001771625
DEVELOPMENT,DVE025,rosbag2_2026_08_25-09_59_22,R2_BALANCED_PHYSICS_SCORE,16,True,False,False,NOT_IN_REMAINING_MISS_TABLE,589,3527,16,16,16,0,0,16,16,0,0,False,False,,,,,,,0.013984493001771625
DEVELOPMENT,DVE025,rosbag2_2026_08_25-09_59_22,R2_BALANCED_PHYSICS_SCORE,24,True,False,False,NOT_IN_REMAINING_MISS_TABLE,589,3527,24,24,24,0,0,24,24,0,0,False,False,,,,,,,0.013984493001771625
DEVELOPMENT,DVE025,rosbag2_2026_08_25-09_59_22,R3_LEXICOGRAPHIC_COVERAGE_RESERVE,8,True,False,False,NOT_IN_REMAINING_MISS_TABLE,589,3527,8,8,8,0,0,8,8,0,0,False,False,,,,,,,0.03859296599694062
DEVELOPMENT,DVE025,rosbag2_2026_08_25-09_59_22,R3_LEXICOGRAPHIC_COVERAGE_RESERVE,12,True,False,False,NOT_IN_REMAINING_MISS_TABLE,589,3527,12,12,10,0,2,12,10,0,0,False,False,,,,,,,0.03859296599694062
DEVELOPMENT,DVE025,rosbag2_2026_08_25-09_59_22,R3_LEXICOGRAPHIC_COVERAGE_RESERVE,16,True,False,False,NOT_IN_REMAINING_MISS_TABLE,589,3527,16,16,14,0,2,16,14,0,0,False,False,,,,,,,0.03859296599694062
DEVELOPMENT,DVE025,rosbag2_2026_08_25-09_59_22,R3_LEXICOGRAPHIC_COVERAGE_RESERVE,24,True,False,False,NOT_IN_REMAINING_MISS_TABLE,589,3527,24,24,18,0,6,24,18,0,0,False,False,,,,,,,0.03859296599694062
DEVELOPMENT,DVE026,rosbag2_2026_08_24-19_00_30,R1_FEASIBILITY_LEXICOGRAPHIC,8,True,False,False,NOT_IN_REMAINING_MISS_TABLE,1400,2798,8,8,8,0,0,8,8,0,0,False,False,,,,,,,0.009742050999193452
DEVELOPMENT,DVE026,rosbag2_2026_08_24-19_00_30,R1_FEASIBILITY_LEXICOGRAPHIC,12,True,False,False,NOT_IN_REMAINING_MISS_TABLE,1400,2798,12,12,12,0,0,12,12,0,0,False,False,,,,,,,0.009742050999193452
DEVELOPMENT,DVE026,rosbag2_2026_08_24-19_00_30,R1_FEASIBILITY_LEXICOGRAPHIC,16,True,False,False,NOT_IN_REMAINING_MISS_TABLE,1400,2798,16,16,16,0,0,16,16,0,0,False,False,,,,,,,0.009742050999193452
DEVELOPMENT,DVE026,rosbag2_2026_08_24-19_00_30,R1_FEASIBILITY_LEXICOGRAPHIC,24,True,False,False,NOT_IN_REMAINING_MISS_TABLE,1400,2798,24,24,24,0,0,24,24,0,0,False,False,,,,,,,0.009742050999193452
DEVELOPMENT,DVE026,rosbag2_2026_08_24-19_00_30,R2_BALANCED_PHYSICS_SCORE,8,True,False,False,NOT_IN_REMAINING_MISS_TABLE,1400,2798,8,8,8,0,0,8,8,0,0,False,False,,,,,,,0.009412425999471452
DEVELOPMENT,DVE026,rosbag2_2026_08_24-19_00_30,R2_BALANCED_PHYSICS_SCORE,12,True,False,False,NOT_IN_REMAINING_MISS_TABLE,1400,2798,12,12,12,0,0,12,12,0,0,False,False,,,,,,,0.009412425999471452
DEVELOPMENT,DVE026,rosbag2_2026_08_24-19_00_30,R2_BALANCED_PHYSICS_SCORE,16,True,False,False,NOT_IN_REMAINING_MISS_TABLE,1400,2798,16,16,16,0,0,16,16,0,0,False,False,,,,,,,0.009412425999471452
DEVELOPMENT,DVE026,rosbag2_2026_08_24-19_00_30,R2_BALANCED_PHYSICS_SCORE,24,True,False,False,NOT_IN_REMAINING_MISS_TABLE,1400,2798,24,24,24,0,0,24,24,0,0,False,False,,,,,,,0.009412425999471452
DEVELOPMENT,DVE026,rosbag2_2026_08_24-19_00_30,R3_LEXICOGRAPHIC_COVERAGE_RESERVE,8,True,False,False,NOT_IN_REMAINING_MISS_TABLE,1400,2798,8,8,8,0,0,8,8,0,0,False,False,,,,,,,0.016927785000007134
DEVELOPMENT,DVE026,rosbag2_2026_08_24-19_00_30,R3_LEXICOGRAPHIC_COVERAGE_RESERVE,12,True,False,False,NOT_IN_REMAINING_MISS_TABLE,1400,2798,12,12,10,0,2,12,10,0,0,False,False,,,,,,,0.016927785000007134
DEVELOPMENT,DVE026,rosbag2_2026_08_24-19_00_30,R3_LEXICOGRAPHIC_COVERAGE_RESERVE,16,True,False,False,NOT_IN_REMAINING_MISS_TABLE,1400,2798,16,16,14,0,2,16,14,0,0,False,False,,,,,,,0.016927785000007134
DEVELOPMENT,DVE026,rosbag2_2026_08_24-19_00_30,R3_LEXICOGRAPHIC_COVERAGE_RESERVE,24,True,False,False,NOT_IN_REMAINING_MISS_TABLE,1400,2798,24,24,18,0,6,24,18,0,0,False,False,,,,,,,0.016927785000007134
DEVELOPMENT,DVE027,rosbag2_2026_08_24-19_24_17,R1_FEASIBILITY_LEXICOGRAPHIC,8,True,False,False,NOT_IN_REMAINING_MISS_TABLE,1403,8410,8,8,8,0,0,8,8,0,0,False,False,,,,,,,0.016696196995326318
DEVELOPMENT,DVE027,rosbag2_2026_08_24-19_24_17,R1_FEASIBILITY_LEXICOGRAPHIC,12,True,False,False,NOT_IN_REMAINING_MISS_TABLE,1403,8410,12,12,12,0,0,12,12,0,0,False,False,,,,,,,0.016696196995326318
DEVELOPMENT,DVE027,rosbag2_2026_08_24-19_24_17,R1_FEASIBILITY_LEXICOGRAPHIC,16,True,False,False,NOT_IN_REMAINING_MISS_TABLE,1403,8410,16,16,16,0,0,16,16,0,0,False,False,,,,,,,0.016696196995326318
DEVELOPMENT,DVE027,rosbag2_2026_08_24-19_24_17,R1_FEASIBILITY_LEXICOGRAPHIC,24,True,False,False,NOT_IN_REMAINING_MISS_TABLE,1403,8410,24,24,24,0,0,24,24,0,0,False,False,,,,,,,0.016696196995326318
DEVELOPMENT,DVE027,rosbag2_2026_08_24-19_24_17,R2_BALANCED_PHYSICS_SCORE,8,True,False,False,NOT_IN_REMAINING_MISS_TABLE,1403,8410,8,8,8,0,0,8,8,0,0,False,False,,,,,,,0.02029073100129608
DEVELOPMENT,DVE027,rosbag2_2026_08_24-19_24_17,R2_BALANCED_PHYSICS_SCORE,12,True,False,False,NOT_IN_REMAINING_MISS_TABLE,1403,8410,12,12,12,0,0,12,12,0,0,False,False,,,,,,,0.02029073100129608
DEVELOPMENT,DVE027,rosbag2_2026_08_24-19_24_17,R2_BALANCED_PHYSICS_SCORE,16,True,False,False,NOT_IN_REMAINING_MISS_TABLE,1403,8410,16,16,16,0,0,16,16,0,0,False,False,,,,,,,0.02029073100129608
DEVELOPMENT,DVE027,rosbag2_2026_08_24-19_24_17,R2_BALANCED_PHYSICS_SCORE,24,True,False,False,NOT_IN_REMAINING_MISS_TABLE,1403,8410,24,24,24,0,0,24,24,0,0,False,False,,,,,,,0.02029073100129608
DEVELOPMENT,DVE027,rosbag2_2026_08_24-19_24_17,R3_LEXICOGRAPHIC_COVERAGE_RESERVE,8,True,False,False,NOT_IN_REMAINING_MISS_TABLE,1403,8410,8,8,8,0,0,8,8,0,0,False,False,,,,,,,0.05098098600137746
DEVELOPMENT,DVE027,rosbag2_2026_08_24-19_24_17,R3_LEXICOGRAPHIC_COVERAGE_RESERVE,12,True,False,False,NOT_IN_REMAINING_MISS_TABLE,1403,8410,12,12,11,0,1,12,11,0,0,False,False,,,,,,,0.05098098600137746
DEVELOPMENT,DVE027,rosbag2_2026_08_24-19_24_17,R3_LEXICOGRAPHIC_COVERAGE_RESERVE,16,True,False,False,NOT_IN_REMAINING_MISS_TABLE,1403,8410,16,16,15,0,1,16,15,0,0,False,False,,,,,,,0.05098098600137746
DEVELOPMENT,DVE027,rosbag2_2026_08_24-19_24_17,R3_LEXICOGRAPHIC_COVERAGE_RESERVE,24,True,False,False,NOT_IN_REMAINING_MISS_TABLE,1403,8410,24,24,21,0,3,24,21,0,0,False,False,,,,,,,0.05098098600137746
DEVELOPMENT,DVE028,rosbag2_2026_08_24-19_24_17,R1_FEASIBILITY_LEXICOGRAPHIC,8,True,False,False,NOT_IN_REMAINING_MISS_TABLE,1012,2022,8,8,8,0,0,8,8,0,0,False,False,,,,,,,0.006626501999562606
DEVELOPMENT,DVE028,rosbag2_2026_08_24-19_24_17,R1_FEASIBILITY_LEXICOGRAPHIC,12,True,False,False,NOT_IN_REMAINING_MISS_TABLE,1012,2022,12,12,12,0,0,12,12,0,0,False,False,,,,,,,0.006626501999562606
DEVELOPMENT,DVE028,rosbag2_2026_08_24-19_24_17,R1_FEASIBILITY_LEXICOGRAPHIC,16,True,False,False,NOT_IN_REMAINING_MISS_TABLE,1012,2022,16,16,16,0,0,16,16,0,0,False,False,,,,,,,0.006626501999562606
DEVELOPMENT,DVE028,rosbag2_2026_08_24-19_24_17,R1_FEASIBILITY_LEXICOGRAPHIC,24,True,False,False,NOT_IN_REMAINING_MISS_TABLE,1012,2022,24,24,24,0,0,24,24,0,0,False,False,,,,,,,0.006626501999562606
DEVELOPMENT,DVE028,rosbag2_2026_08_24-19_24_17,R2_BALANCED_PHYSICS_SCORE,8,True,False,False,NOT_IN_REMAINING_MISS_TABLE,1012,2022,8,8,8,0,0,8,8,0,0,False,False,,,,,,,0.007369714003289118
DEVELOPMENT,DVE028,rosbag2_2026_08_24-19_24_17,R2_BALANCED_PHYSICS_SCORE,12,True,False,False,NOT_IN_REMAINING_MISS_TABLE,1012,2022,12,12,12,0,0,12,12,0,0,False,False,,,,,,,0.007369714003289118
DEVELOPMENT,DVE028,rosbag2_2026_08_24-19_24_17,R2_BALANCED_PHYSICS_SCORE,16,True,False,False,NOT_IN_REMAINING_MISS_TABLE,1012,2022,16,16,16,0,0,16,16,0,0,False,False,,,,,,,0.007369714003289118
DEVELOPMENT,DVE028,rosbag2_2026_08_24-19_24_17,R2_BALANCED_PHYSICS_SCORE,24,True,False,False,NOT_IN_REMAINING_MISS_TABLE,1012,2022,24,24,24,0,0,24,24,0,0,False,False,,,,,,,0.007369714003289118
DEVELOPMENT,DVE028,rosbag2_2026_08_24-19_24_17,R3_LEXICOGRAPHIC_COVERAGE_RESERVE,8,True,False,False,NOT_IN_REMAINING_MISS_TABLE,1012,2022,8,8,8,0,0,8,8,0,0,False,False,,,,,,,0.015601664999849163
DEVELOPMENT,DVE028,rosbag2_2026_08_24-19_24_17,R3_LEXICOGRAPHIC_COVERAGE_RESERVE,12,True,False,False,NOT_IN_REMAINING_MISS_TABLE,1012,2022,12,12,11,0,1,12,11,0,0,False,False,,,,,,,0.015601664999849163
DEVELOPMENT,DVE028,rosbag2_2026_08_24-19_24_17,R3_LEXICOGRAPHIC_COVERAGE_RESERVE,16,True,False,False,NOT_IN_REMAINING_MISS_TABLE,1012,2022,16,16,14,0,2,16,14,0,0,False,False,,,,,,,0.015601664999849163
DEVELOPMENT,DVE028,rosbag2_2026_08_24-19_24_17,R3_LEXICOGRAPHIC_COVERAGE_RESERVE,24,True,False,False,NOT_IN_REMAINING_MISS_TABLE,1012,2022,24,24,18,0,6,24,18,0,0,False,False,,,,,,,0.015601664999849163
DEVELOPMENT,DVE029,rosbag2_2026_08_24-19_00_30,R1_FEASIBILITY_LEXICOGRAPHIC,8,True,True,True,CANDIDATE_BUDGET_TRUNCATION,1221,35379,8,8,8,0,0,8,8,5,5,True,True,RIGHT,-0.41252232678117734,-0.41252232678117734,1.310934367577036,3.5762483166862471,f48ccce28d87ac62,0.027365087997168303
DEVELOPMENT,DVE029,rosbag2_2026_08_24-19_00_30,R1_FEASIBILITY_LEXICOGRAPHIC,12,True,True,True,CANDIDATE_BUDGET_TRUNCATION,1221,35379,12,12,12,0,0,12,12,7,7,True,True,RIGHT,-0.41808612269146195,-0.41808612269146195,1.310934367577036,3.5762483166862471,b0f494b0208a31ec,0.027365087997168303
DEVELOPMENT,DVE029,rosbag2_2026_08_24-19_00_30,R1_FEASIBILITY_LEXICOGRAPHIC,16,True,True,True,CANDIDATE_BUDGET_TRUNCATION,1221,35379,16,16,16,0,0,16,16,10,10,True,True,RIGHT,-0.41974042882603502,-0.41974042882603502,1.310934367577036,3.5762483166862471,1cb49b9c4b90cccf,0.027365087997168303
DEVELOPMENT,DVE029,rosbag2_2026_08_24-19_00_30,R1_FEASIBILITY_LEXICOGRAPHIC,24,True,True,True,CANDIDATE_BUDGET_TRUNCATION,1221,35379,24,24,24,0,0,24,24,18,18,True,True,RIGHT,-0.41974042882603502,-0.41974042882603502,1.310934367577036,3.5762483166862471,1cb49b9c4b90cccf,0.027365087997168303
DEVELOPMENT,DVE029,rosbag2_2026_08_24-19_00_30,R2_BALANCED_PHYSICS_SCORE,8,True,True,True,CANDIDATE_BUDGET_TRUNCATION,1221,35379,8,8,8,0,0,8,8,5,5,True,True,RIGHT,-0.41252232678117734,-0.41252232678117734,1.310934367577036,3.5762483166862471,f48ccce28d87ac62,0.030896312004188076
DEVELOPMENT,DVE029,rosbag2_2026_08_24-19_00_30,R2_BALANCED_PHYSICS_SCORE,12,True,True,True,CANDIDATE_BUDGET_TRUNCATION,1221,35379,12,12,12,0,0,12,12,7,7,True,True,RIGHT,-0.41808612269146195,-0.41808612269146195,1.310934367577036,3.5762483166862471,b0f494b0208a31ec,0.030896312004188076
DEVELOPMENT,DVE029,rosbag2_2026_08_24-19_00_30,R2_BALANCED_PHYSICS_SCORE,16,True,True,True,CANDIDATE_BUDGET_TRUNCATION,1221,35379,16,16,16,0,0,16,16,10,10,True,True,RIGHT,-0.41974042882603502,-0.41974042882603502,1.310934367577036,3.5762483166862471,1cb49b9c4b90cccf,0.030896312004188076
DEVELOPMENT,DVE029,rosbag2_2026_08_24-19_00_30,R2_BALANCED_PHYSICS_SCORE,24,True,True,True,CANDIDATE_BUDGET_TRUNCATION,1221,35379,24,24,24,0,0,24,24,18,18,True,True,RIGHT,-0.41974042882603502,-0.41974042882603502,1.310934367577036,3.5762483166862471,1cb49b9c4b90cccf,0.030896312004188076
DEVELOPMENT,DVE029,rosbag2_2026_08_24-19_00_30,R3_LEXICOGRAPHIC_COVERAGE_RESERVE,8,True,True,True,CANDIDATE_BUDGET_TRUNCATION,1221,35379,8,8,8,0,0,8,8,5,5,True,True,RIGHT,-0.41252232678117734,-0.41252232678117734,1.310934367577036,3.5762483166862471,f48ccce28d87ac62,0.08015847900242079
DEVELOPMENT,DVE029,rosbag2_2026_08_24-19_00_30,R3_LEXICOGRAPHIC_COVERAGE_RESERVE,12,True,True,True,CANDIDATE_BUDGET_TRUNCATION,1221,35379,12,12,12,0,0,12,12,6,6,True,True,RIGHT,-0.41695853087089274,-0.41695853087089274,1.310934367577036,3.5762483166862471,773b52090be7cece,0.08015847900242079
DEVELOPMENT,DVE029,rosbag2_2026_08_24-19_00_30,R3_LEXICOGRAPHIC_COVERAGE_RESERVE,16,True,True,True,CANDIDATE_BUDGET_TRUNCATION,1221,35379,16,16,16,0,0,16,16,8,8,True,True,RIGHT,-0.41974042882603502,-0.41974042882603502,1.310934367577036,3.5762483166862471,1cb49b9c4b90cccf,0.08015847900242079
DEVELOPMENT,DVE029,rosbag2_2026_08_24-19_00_30,R3_LEXICOGRAPHIC_COVERAGE_RESERVE,24,True,True,True,CANDIDATE_BUDGET_TRUNCATION,1221,35379,24,24,24,0,0,24,24,12,12,True,True,RIGHT,-0.41974042882603502,-0.41974042882603502,1.310934367577036,3.5762483166862471,1cb49b9c4b90cccf,0.08015847900242079
DEVELOPMENT,DVE030,rosbag2_2026_08_24-19_00_30,R1_FEASIBILITY_LEXICOGRAPHIC,8,True,True,True,MULTI_PARAMETER_OR_FACTOR_SPACE_COVERAGE,1086,2170,8,8,8,0,0,8,8,4,4,True,True,LEFT,0.27328719588206707,0.068321798970516767,0.51458109301505117,0.49716841625749453,7bfffdb6149d2531,0.0091017670056317
DEVELOPMENT,DVE030,rosbag2_2026_08_24-19_00_30,R1_FEASIBILITY_LEXICOGRAPHIC,12,True,True,True,MULTI_PARAMETER_OR_FACTOR_SPACE_COVERAGE,1086,2170,12,12,12,0,0,12,12,4,4,True,True,LEFT,0.27328719588206707,0.068321798970516767,0.51458109301505117,0.49716841625749453,7bfffdb6149d2531,0.0091017670056317
DEVELOPMENT,DVE030,rosbag2_2026_08_24-19_00_30,R1_FEASIBILITY_LEXICOGRAPHIC,16,True,True,True,MULTI_PARAMETER_OR_FACTOR_SPACE_COVERAGE,1086,2170,16,16,16,0,0,16,16,4,4,True,True,LEFT,0.27328719588206707,0.068321798970516767,0.51458109301505117,0.49716841625749453,7bfffdb6149d2531,0.0091017670056317
DEVELOPMENT,DVE030,rosbag2_2026_08_24-19_00_30,R1_FEASIBILITY_LEXICOGRAPHIC,24,True,True,True,MULTI_PARAMETER_OR_FACTOR_SPACE_COVERAGE,1086,2170,24,24,24,0,0,24,24,4,4,True,True,LEFT,0.27328719588206707,0.068321798970516767,0.51458109301505117,0.49716841625749453,7bfffdb6149d2531,0.0091017670056317
DEVELOPMENT,DVE030,rosbag2_2026_08_24-19_00_30,R2_BALANCED_PHYSICS_SCORE,8,True,True,True,MULTI_PARAMETER_OR_FACTOR_SPACE_COVERAGE,1086,2170,8,8,8,0,0,8,8,4,4,True,True,LEFT,0.27328719588206707,0.068321798970516767,0.51458109301505117,0.49716841625749453,7bfffdb6149d2531,0.008709048001037445
DEVELOPMENT,DVE030,rosbag2_2026_08_24-19_00_30,R2_BALANCED_PHYSICS_SCORE,12,True,True,True,MULTI_PARAMETER_OR_FACTOR_SPACE_COVERAGE,1086,2170,12,12,12,0,0,12,12,4,4,True,True,LEFT,0.27328719588206707,0.068321798970516767,0.51458109301505117,0.49716841625749453,7bfffdb6149d2531,0.008709048001037445
DEVELOPMENT,DVE030,rosbag2_2026_08_24-19_00_30,R2_BALANCED_PHYSICS_SCORE,16,True,True,True,MULTI_PARAMETER_OR_FACTOR_SPACE_COVERAGE,1086,2170,16,16,16,0,0,16,16,4,4,True,True,LEFT,0.27328719588206707,0.068321798970516767,0.51458109301505117,0.49716841625749453,7bfffdb6149d2531,0.008709048001037445
DEVELOPMENT,DVE030,rosbag2_2026_08_24-19_00_30,R2_BALANCED_PHYSICS_SCORE,24,True,True,True,MULTI_PARAMETER_OR_FACTOR_SPACE_COVERAGE,1086,2170,24,24,24,0,0,24,24,4,4,True,True,LEFT,0.27328719588206707,0.068321798970516767,0.51458109301505117,0.49716841625749453,7bfffdb6149d2531,0.008709048001037445
DEVELOPMENT,DVE030,rosbag2_2026_08_24-19_00_30,R3_LEXICOGRAPHIC_COVERAGE_RESERVE,8,True,True,True,MULTI_PARAMETER_OR_FACTOR_SPACE_COVERAGE,1086,2170,8,8,8,0,0,8,8,4,4,True,True,LEFT,0.27328719588206707,0.068321798970516767,0.51458109301505117,0.49716841625749453,7bfffdb6149d2531,0.02114775600784924
DEVELOPMENT,DVE030,rosbag2_2026_08_24-19_00_30,R3_LEXICOGRAPHIC_COVERAGE_RESERVE,12,True,True,True,MULTI_PARAMETER_OR_FACTOR_SPACE_COVERAGE,1086,2170,12,12,10,0,2,12,10,4,4,True,True,LEFT,0.27328719588206707,0.068321798970516767,0.51458109301505117,0.49716841625749453,7bfffdb6149d2531,0.02114775600784924
DEVELOPMENT,DVE030,rosbag2_2026_08_24-19_00_30,R3_LEXICOGRAPHIC_COVERAGE_RESERVE,16,True,True,True,MULTI_PARAMETER_OR_FACTOR_SPACE_COVERAGE,1086,2170,16,16,14,0,2,16,14,4,4,True,True,LEFT,0.27328719588206707,0.068321798970516767,0.51458109301505117,0.49716841625749453,7bfffdb6149d2531,0.02114775600784924
DEVELOPMENT,DVE030,rosbag2_2026_08_24-19_00_30,R3_LEXICOGRAPHIC_COVERAGE_RESERVE,24,True,True,True,MULTI_PARAMETER_OR_FACTOR_SPACE_COVERAGE,1086,2170,24,24,18,0,6,24,18,4,4,True,True,LEFT,0.27328719588206707,0.068321798970516767,0.51458109301505117,0.49716841625749453,7bfffdb6149d2531,0.02114775600784924
DEVELOPMENT,DVE031,rosbag2_2026_08_24-19_00_30,R1_FEASIBILITY_LEXICOGRAPHIC,8,True,True,True,NOT_IN_REMAINING_MISS_TABLE,1230,9831,8,8,8,0,0,8,8,8,8,True,True,RIGHT,-0.38769918093978328,-0.4076991809397833,1.310934367577036,3.9473573093269398,48f18152a68e6dc7,0.013711359999433625
DEVELOPMENT,DVE031,rosbag2_2026_08_24-19_00_30,R1_FEASIBILITY_LEXICOGRAPHIC,12,True,True,True,NOT_IN_REMAINING_MISS_TABLE,1230,9831,12,12,12,0,0,12,12,12,12,True,True,RIGHT,-0.38769918093978328,-0.4076991809397833,1.310934367577036,3.9473573093269398,48f18152a68e6dc7,0.013711359999433625
DEVELOPMENT,DVE031,rosbag2_2026_08_24-19_00_30,R1_FEASIBILITY_LEXICOGRAPHIC,16,True,True,True,NOT_IN_REMAINING_MISS_TABLE,1230,9831,16,16,16,0,0,16,16,16,16,True,True,RIGHT,-0.38769918093978328,-0.4076991809397833,1.310934367577036,3.9473573093269398,48f18152a68e6dc7,0.013711359999433625
DEVELOPMENT,DVE031,rosbag2_2026_08_24-19_00_30,R1_FEASIBILITY_LEXICOGRAPHIC,24,True,True,True,NOT_IN_REMAINING_MISS_TABLE,1230,9831,24,24,24,0,0,24,24,24,24,True,True,RIGHT,-0.38769918093978328,-0.4076991809397833,1.310934367577036,3.9473573093269398,48f18152a68e6dc7,0.013711359999433625
DEVELOPMENT,DVE031,rosbag2_2026_08_24-19_00_30,R2_BALANCED_PHYSICS_SCORE,8,True,True,True,NOT_IN_REMAINING_MISS_TABLE,1230,9831,8,8,8,0,0,8,8,8,8,True,True,RIGHT,-0.38769918093978328,-0.4076991809397833,1.310934367577036,3.9473573093269398,48f18152a68e6dc7,0.014135578996501863
DEVELOPMENT,DVE031,rosbag2_2026_08_24-19_00_30,R2_BALANCED_PHYSICS_SCORE,12,True,True,True,NOT_IN_REMAINING_MISS_TABLE,1230,9831,12,12,12,0,0,12,12,12,12,True,True,RIGHT,-0.38769918093978328,-0.4076991809397833,1.310934367577036,3.9473573093269398,48f18152a68e6dc7,0.014135578996501863
DEVELOPMENT,DVE031,rosbag2_2026_08_24-19_00_30,R2_BALANCED_PHYSICS_SCORE,16,True,True,True,NOT_IN_REMAINING_MISS_TABLE,1230,9831,16,16,16,0,0,16,16,16,16,True,True,RIGHT,-0.38769918093978328,-0.4076991809397833,1.310934367577036,3.9473573093269398,48f18152a68e6dc7,0.014135578996501863
DEVELOPMENT,DVE031,rosbag2_2026_08_24-19_00_30,R2_BALANCED_PHYSICS_SCORE,24,True,True,True,NOT_IN_REMAINING_MISS_TABLE,1230,9831,24,24,24,0,0,24,24,24,24,True,True,RIGHT,-0.38769918093978328,-0.4076991809397833,1.310934367577036,3.9473573093269398,48f18152a68e6dc7,0.014135578996501863
DEVELOPMENT,DVE031,rosbag2_2026_08_24-19_00_30,R3_LEXICOGRAPHIC_COVERAGE_RESERVE,8,True,True,True,NOT_IN_REMAINING_MISS_TABLE,1230,9831,8,8,8,0,0,8,8,8,8,True,True,RIGHT,-0.38769918093978328,-0.4076991809397833,1.310934367577036,3.9473573093269398,48f18152a68e6dc7,0.02706123800453497
DEVELOPMENT,DVE031,rosbag2_2026_08_24-19_00_30,R3_LEXICOGRAPHIC_COVERAGE_RESERVE,12,True,True,True,NOT_IN_REMAINING_MISS_TABLE,1230,9831,12,12,12,0,0,12,12,10,10,True,True,RIGHT,-0.38769918093978328,-0.4076991809397833,1.310934367577036,3.9473573093269398,48f18152a68e6dc7,0.02706123800453497
DEVELOPMENT,DVE031,rosbag2_2026_08_24-19_00_30,R3_LEXICOGRAPHIC_COVERAGE_RESERVE,16,True,True,True,NOT_IN_REMAINING_MISS_TABLE,1230,9831,16,16,16,0,0,16,16,14,14,True,True,RIGHT,-0.38769918093978328,-0.4076991809397833,1.310934367577036,3.9473573093269398,48f18152a68e6dc7,0.02706123800453497
DEVELOPMENT,DVE031,rosbag2_2026_08_24-19_00_30,R3_LEXICOGRAPHIC_COVERAGE_RESERVE,24,True,True,True,NOT_IN_REMAINING_MISS_TABLE,1230,9831,24,24,24,0,0,24,24,18,18,True,True,RIGHT,-0.38769918093978328,-0.4076991809397833,1.310934367577036,3.9473573093269398,48f18152a68e6dc7,0.02706123800453497
DEVELOPMENT,DVE032,rosbag2_2026_08_24-19_00_30,R1_FEASIBILITY_LEXICOGRAPHIC,8,True,True,False,MULTI_PARAMETER_OR_FACTOR_SPACE_COVERAGE,1138,2274,8,8,8,0,0,8,8,0,0,False,False,,,,,,,0.008087943999271374
DEVELOPMENT,DVE032,rosbag2_2026_08_24-19_00_30,R1_FEASIBILITY_LEXICOGRAPHIC,12,True,True,False,MULTI_PARAMETER_OR_FACTOR_SPACE_COVERAGE,1138,2274,12,12,12,0,0,12,12,0,0,False,False,,,,,,,0.008087943999271374
DEVELOPMENT,DVE032,rosbag2_2026_08_24-19_00_30,R1_FEASIBILITY_LEXICOGRAPHIC,16,True,True,False,MULTI_PARAMETER_OR_FACTOR_SPACE_COVERAGE,1138,2274,16,16,16,0,0,16,16,0,0,False,False,,,,,,,0.008087943999271374
DEVELOPMENT,DVE032,rosbag2_2026_08_24-19_00_30,R1_FEASIBILITY_LEXICOGRAPHIC,24,True,True,False,MULTI_PARAMETER_OR_FACTOR_SPACE_COVERAGE,1138,2274,24,24,24,0,0,24,24,0,0,False,False,,,,,,,0.008087943999271374
DEVELOPMENT,DVE032,rosbag2_2026_08_24-19_00_30,R2_BALANCED_PHYSICS_SCORE,8,True,True,False,MULTI_PARAMETER_OR_FACTOR_SPACE_COVERAGE,1138,2274,8,8,8,0,0,8,8,0,0,False,False,,,,,,,0.008794323999609333
DEVELOPMENT,DVE032,rosbag2_2026_08_24-19_00_30,R2_BALANCED_PHYSICS_SCORE,12,True,True,False,MULTI_PARAMETER_OR_FACTOR_SPACE_COVERAGE,1138,2274,12,12,12,0,0,12,12,0,0,False,False,,,,,,,0.008794323999609333
DEVELOPMENT,DVE032,rosbag2_2026_08_24-19_00_30,R2_BALANCED_PHYSICS_SCORE,16,True,True,False,MULTI_PARAMETER_OR_FACTOR_SPACE_COVERAGE,1138,2274,16,16,16,0,0,16,16,0,0,False,False,,,,,,,0.008794323999609333
DEVELOPMENT,DVE032,rosbag2_2026_08_24-19_00_30,R2_BALANCED_PHYSICS_SCORE,24,True,True,False,MULTI_PARAMETER_OR_FACTOR_SPACE_COVERAGE,1138,2274,24,24,24,0,0,24,24,0,0,False,False,,,,,,,0.008794323999609333
DEVELOPMENT,DVE032,rosbag2_2026_08_24-19_00_30,R3_LEXICOGRAPHIC_COVERAGE_RESERVE,8,True,True,False,MULTI_PARAMETER_OR_FACTOR_SPACE_COVERAGE,1138,2274,8,8,8,0,0,8,8,0,0,False,False,,,,,,,0.020914011001877952
DEVELOPMENT,DVE032,rosbag2_2026_08_24-19_00_30,R3_LEXICOGRAPHIC_COVERAGE_RESERVE,12,True,True,False,MULTI_PARAMETER_OR_FACTOR_SPACE_COVERAGE,1138,2274,12,12,11,0,1,12,11,0,0,False,False,,,,,,,0.020914011001877952
DEVELOPMENT,DVE032,rosbag2_2026_08_24-19_00_30,R3_LEXICOGRAPHIC_COVERAGE_RESERVE,16,True,True,False,MULTI_PARAMETER_OR_FACTOR_SPACE_COVERAGE,1138,2274,16,16,15,0,1,16,15,0,0,False,False,,,,,,,0.020914011001877952
DEVELOPMENT,DVE032,rosbag2_2026_08_24-19_00_30,R3_LEXICOGRAPHIC_COVERAGE_RESERVE,24,True,True,False,MULTI_PARAMETER_OR_FACTOR_SPACE_COVERAGE,1138,2274,24,24,23,0,1,24,23,0,0,False,False,,,,,,,0.020914011001877952
DEVELOPMENT,DVE033,rosbag2_2026_08_24-19_00_30,R1_FEASIBILITY_LEXICOGRAPHIC,8,True,False,False,NOT_IN_REMAINING_MISS_TABLE,1366,2730,8,8,8,0,0,8,8,0,0,False,False,,,,,,,0.0068811210003332235
DEVELOPMENT,DVE033,rosbag2_2026_08_24-19_00_30,R1_FEASIBILITY_LEXICOGRAPHIC,12,True,False,False,NOT_IN_REMAINING_MISS_TABLE,1366,2730,12,12,12,0,0,12,12,0,0,False,False,,,,,,,0.0068811210003332235
DEVELOPMENT,DVE033,rosbag2_2026_08_24-19_00_30,R1_FEASIBILITY_LEXICOGRAPHIC,16,True,False,False,NOT_IN_REMAINING_MISS_TABLE,1366,2730,16,16,16,0,0,16,16,0,0,False,False,,,,,,,0.0068811210003332235
DEVELOPMENT,DVE033,rosbag2_2026_08_24-19_00_30,R1_FEASIBILITY_LEXICOGRAPHIC,24,True,False,False,NOT_IN_REMAINING_MISS_TABLE,1366,2730,24,24,24,0,0,24,24,0,0,False,False,,,,,,,0.0068811210003332235
DEVELOPMENT,DVE033,rosbag2_2026_08_24-19_00_30,R2_BALANCED_PHYSICS_SCORE,8,True,False,False,NOT_IN_REMAINING_MISS_TABLE,1366,2730,8,8,8,0,0,8,8,0,0,False,False,,,,,,,0.009119363996433094
DEVELOPMENT,DVE033,rosbag2_2026_08_24-19_00_30,R2_BALANCED_PHYSICS_SCORE,12,True,False,False,NOT_IN_REMAINING_MISS_TABLE,1366,2730,12,12,12,0,0,12,12,0,0,False,False,,,,,,,0.009119363996433094
DEVELOPMENT,DVE033,rosbag2_2026_08_24-19_00_30,R2_BALANCED_PHYSICS_SCORE,16,True,False,False,NOT_IN_REMAINING_MISS_TABLE,1366,2730,16,16,16,0,0,16,16,0,0,False,False,,,,,,,0.009119363996433094
DEVELOPMENT,DVE033,rosbag2_2026_08_24-19_00_30,R2_BALANCED_PHYSICS_SCORE,24,True,False,False,NOT_IN_REMAINING_MISS_TABLE,1366,2730,24,24,24,0,0,24,24,0,0,False,False,,,,,,,0.009119363996433094
DEVELOPMENT,DVE033,rosbag2_2026_08_24-19_00_30,R3_LEXICOGRAPHIC_COVERAGE_RESERVE,8,True,False,False,NOT_IN_REMAINING_MISS_TABLE,1366,2730,8,8,8,0,0,8,8,0,0,False,False,,,,,,,0.015951839995977934
DEVELOPMENT,DVE033,rosbag2_2026_08_24-19_00_30,R3_LEXICOGRAPHIC_COVERAGE_RESERVE,12,True,False,False,NOT_IN_REMAINING_MISS_TABLE,1366,2730,12,12,12,0,0,12,12,0,0,False,False,,,,,,,0.015951839995977934
DEVELOPMENT,DVE033,rosbag2_2026_08_24-19_00_30,R3_LEXICOGRAPHIC_COVERAGE_RESERVE,16,True,False,False,NOT_IN_REMAINING_MISS_TABLE,1366,2730,16,16,16,0,0,16,16,0,0,False,False,,,,,,,0.015951839995977934
DEVELOPMENT,DVE033,rosbag2_2026_08_24-19_00_30,R3_LEXICOGRAPHIC_COVERAGE_RESERVE,24,True,False,False,NOT_IN_REMAINING_MISS_TABLE,1366,2730,24,24,24,0,0,24,24,0,0,False,False,,,,,,,0.015951839995977934
DEVELOPMENT,DVE034,rosbag2_2026_08_24-19_00_30,R1_FEASIBILITY_LEXICOGRAPHIC,8,True,False,False,NOT_IN_REMAINING_MISS_TABLE,1129,5639,8,8,8,0,0,8,8,0,0,False,False,,,,,,,0.013949922999017872
DEVELOPMENT,DVE034,rosbag2_2026_08_24-19_00_30,R1_FEASIBILITY_LEXICOGRAPHIC,12,True,False,False,NOT_IN_REMAINING_MISS_TABLE,1129,5639,12,12,12,0,0,12,12,0,0,False,False,,,,,,,0.013949922999017872
DEVELOPMENT,DVE034,rosbag2_2026_08_24-19_00_30,R1_FEASIBILITY_LEXICOGRAPHIC,16,True,False,False,NOT_IN_REMAINING_MISS_TABLE,1129,5639,16,16,16,0,0,16,16,0,0,False,False,,,,,,,0.013949922999017872
DEVELOPMENT,DVE034,rosbag2_2026_08_24-19_00_30,R1_FEASIBILITY_LEXICOGRAPHIC,24,True,False,False,NOT_IN_REMAINING_MISS_TABLE,1129,5639,24,24,24,0,0,24,24,0,0,False,False,,,,,,,0.013949922999017872
DEVELOPMENT,DVE034,rosbag2_2026_08_24-19_00_30,R2_BALANCED_PHYSICS_SCORE,8,True,False,False,NOT_IN_REMAINING_MISS_TABLE,1129,5639,8,8,8,0,0,8,8,0,0,False,False,,,,,,,0.011455915999249555
DEVELOPMENT,DVE034,rosbag2_2026_08_24-19_00_30,R2_BALANCED_PHYSICS_SCORE,12,True,False,False,NOT_IN_REMAINING_MISS_TABLE,1129,5639,12,12,12,0,0,12,12,0,0,False,False,,,,,,,0.011455915999249555
DEVELOPMENT,DVE034,rosbag2_2026_08_24-19_00_30,R2_BALANCED_PHYSICS_SCORE,16,True,False,False,NOT_IN_REMAINING_MISS_TABLE,1129,5639,16,16,16,0,0,16,16,0,0,False,False,,,,,,,0.011455915999249555
DEVELOPMENT,DVE034,rosbag2_2026_08_24-19_00_30,R2_BALANCED_PHYSICS_SCORE,24,True,False,False,NOT_IN_REMAINING_MISS_TABLE,1129,5639,24,24,24,0,0,24,24,0,0,False,False,,,,,,,0.011455915999249555
DEVELOPMENT,DVE034,rosbag2_2026_08_24-19_00_30,R3_LEXICOGRAPHIC_COVERAGE_RESERVE,8,True,False,False,NOT_IN_REMAINING_MISS_TABLE,1129,5639,8,8,8,0,0,8,8,0,0,False,False,,,,,,,0.022114543993666302
DEVELOPMENT,DVE034,rosbag2_2026_08_24-19_00_30,R3_LEXICOGRAPHIC_COVERAGE_RESERVE,12,True,False,False,NOT_IN_REMAINING_MISS_TABLE,1129,5639,12,12,12,0,0,12,12,0,0,False,False,,,,,,,0.022114543993666302
DEVELOPMENT,DVE034,rosbag2_2026_08_24-19_00_30,R3_LEXICOGRAPHIC_COVERAGE_RESERVE,16,True,False,False,NOT_IN_REMAINING_MISS_TABLE,1129,5639,16,16,16,0,0,16,16,0,0,False,False,,,,,,,0.022114543993666302
DEVELOPMENT,DVE034,rosbag2_2026_08_24-19_00_30,R3_LEXICOGRAPHIC_COVERAGE_RESERVE,24,True,False,False,NOT_IN_REMAINING_MISS_TABLE,1129,5639,24,24,23,0,1,24,23,0,0,False,False,,,,,,,0.022114543993666302
DEVELOPMENT,DVE035,rosbag2_2026_08_24-19_00_30,R1_FEASIBILITY_LEXICOGRAPHIC,8,True,False,False,NOT_IN_REMAINING_MISS_TABLE,750,5992,8,8,8,0,0,8,8,0,0,False,False,,,,,,,0.011795051002991386
DEVELOPMENT,DVE035,rosbag2_2026_08_24-19_00_30,R1_FEASIBILITY_LEXICOGRAPHIC,12,True,False,False,NOT_IN_REMAINING_MISS_TABLE,750,5992,12,12,12,0,0,12,12,0,0,False,False,,,,,,,0.011795051002991386
DEVELOPMENT,DVE035,rosbag2_2026_08_24-19_00_30,R1_FEASIBILITY_LEXICOGRAPHIC,16,True,False,False,NOT_IN_REMAINING_MISS_TABLE,750,5992,16,16,16,0,0,16,16,0,0,False,False,,,,,,,0.011795051002991386
DEVELOPMENT,DVE035,rosbag2_2026_08_24-19_00_30,R1_FEASIBILITY_LEXICOGRAPHIC,24,True,False,False,NOT_IN_REMAINING_MISS_TABLE,750,5992,24,24,24,0,0,24,24,0,0,False,False,,,,,,,0.011795051002991386
DEVELOPMENT,DVE035,rosbag2_2026_08_24-19_00_30,R2_BALANCED_PHYSICS_SCORE,8,True,False,False,NOT_IN_REMAINING_MISS_TABLE,750,5992,8,8,8,0,0,8,8,0,0,False,False,,,,,,,0.01638771600119071
DEVELOPMENT,DVE035,rosbag2_2026_08_24-19_00_30,R2_BALANCED_PHYSICS_SCORE,12,True,False,False,NOT_IN_REMAINING_MISS_TABLE,750,5992,12,12,12,0,0,12,12,0,0,False,False,,,,,,,0.01638771600119071
DEVELOPMENT,DVE035,rosbag2_2026_08_24-19_00_30,R2_BALANCED_PHYSICS_SCORE,16,True,False,False,NOT_IN_REMAINING_MISS_TABLE,750,5992,16,16,16,0,0,16,16,0,0,False,False,,,,,,,0.01638771600119071
DEVELOPMENT,DVE035,rosbag2_2026_08_24-19_00_30,R2_BALANCED_PHYSICS_SCORE,24,True,False,False,NOT_IN_REMAINING_MISS_TABLE,750,5992,24,24,24,0,0,24,24,0,0,False,False,,,,,,,0.01638771600119071
DEVELOPMENT,DVE035,rosbag2_2026_08_24-19_00_30,R3_LEXICOGRAPHIC_COVERAGE_RESERVE,8,True,False,False,NOT_IN_REMAINING_MISS_TABLE,750,5992,8,8,8,0,0,8,8,0,0,False,False,,,,,,,0.02572441899246769
DEVELOPMENT,DVE035,rosbag2_2026_08_24-19_00_30,R3_LEXICOGRAPHIC_COVERAGE_RESERVE,12,True,False,False,NOT_IN_REMAINING_MISS_TABLE,750,5992,12,12,12,0,0,12,12,0,0,False,False,,,,,,,0.02572441899246769
DEVELOPMENT,DVE035,rosbag2_2026_08_24-19_00_30,R3_LEXICOGRAPHIC_COVERAGE_RESERVE,16,True,False,False,NOT_IN_REMAINING_MISS_TABLE,750,5992,16,16,15,0,1,16,15,0,0,False,False,,,,,,,0.02572441899246769
DEVELOPMENT,DVE035,rosbag2_2026_08_24-19_00_30,R3_LEXICOGRAPHIC_COVERAGE_RESERVE,24,True,False,False,NOT_IN_REMAINING_MISS_TABLE,750,5992,24,24,18,0,6,24,18,0,0,False,False,,,,,,,0.02572441899246769
DEVELOPMENT,DVE036,rosbag2_2026_08_24-19_24_17,R1_FEASIBILITY_LEXICOGRAPHIC,8,True,False,False,NOT_IN_REMAINING_MISS_TABLE,1198,7181,8,8,8,0,0,8,8,0,0,False,False,,,,,,,0.008242491996497847
DEVELOPMENT,DVE036,rosbag2_2026_08_24-19_24_17,R1_FEASIBILITY_LEXICOGRAPHIC,12,True,False,False,NOT_IN_REMAINING_MISS_TABLE,1198,7181,12,12,12,0,0,12,12,0,0,False,False,,,,,,,0.008242491996497847
DEVELOPMENT,DVE036,rosbag2_2026_08_24-19_24_17,R1_FEASIBILITY_LEXICOGRAPHIC,16,True,False,False,NOT_IN_REMAINING_MISS_TABLE,1198,7181,16,16,16,0,0,16,16,0,0,False,False,,,,,,,0.008242491996497847
DEVELOPMENT,DVE036,rosbag2_2026_08_24-19_24_17,R1_FEASIBILITY_LEXICOGRAPHIC,24,True,False,False,NOT_IN_REMAINING_MISS_TABLE,1198,7181,24,24,24,0,0,24,24,0,0,False,False,,,,,,,0.008242491996497847
DEVELOPMENT,DVE036,rosbag2_2026_08_24-19_24_17,R2_BALANCED_PHYSICS_SCORE,8,True,False,False,NOT_IN_REMAINING_MISS_TABLE,1198,7181,8,8,8,0,0,8,8,0,0,False,False,,,,,,,0.0100643950063386
DEVELOPMENT,DVE036,rosbag2_2026_08_24-19_24_17,R2_BALANCED_PHYSICS_SCORE,12,True,False,False,NOT_IN_REMAINING_MISS_TABLE,1198,7181,12,12,12,0,0,12,12,0,0,False,False,,,,,,,0.0100643950063386
DEVELOPMENT,DVE036,rosbag2_2026_08_24-19_24_17,R2_BALANCED_PHYSICS_SCORE,16,True,False,False,NOT_IN_REMAINING_MISS_TABLE,1198,7181,16,16,16,0,0,16,16,0,0,False,False,,,,,,,0.0100643950063386
DEVELOPMENT,DVE036,rosbag2_2026_08_24-19_24_17,R2_BALANCED_PHYSICS_SCORE,24,True,False,False,NOT_IN_REMAINING_MISS_TABLE,1198,7181,24,24,24,0,0,24,24,0,0,False,False,,,,,,,0.0100643950063386
DEVELOPMENT,DVE036,rosbag2_2026_08_24-19_24_17,R3_LEXICOGRAPHIC_COVERAGE_RESERVE,8,True,False,False,NOT_IN_REMAINING_MISS_TABLE,1198,7181,8,8,8,0,0,8,8,0,0,False,False,,,,,,,0.02651956200134009
DEVELOPMENT,DVE036,rosbag2_2026_08_24-19_24_17,R3_LEXICOGRAPHIC_COVERAGE_RESERVE,12,True,False,False,NOT_IN_REMAINING_MISS_TABLE,1198,7181,12,12,12,0,0,12,12,0,0,False,False,,,,,,,0.02651956200134009
DEVELOPMENT,DVE036,rosbag2_2026_08_24-19_24_17,R3_LEXICOGRAPHIC_COVERAGE_RESERVE,16,True,False,False,NOT_IN_REMAINING_MISS_TABLE,1198,7181,16,16,15,0,1,16,15,0,0,False,False,,,,,,,0.02651956200134009
DEVELOPMENT,DVE036,rosbag2_2026_08_24-19_24_17,R3_LEXICOGRAPHIC_COVERAGE_RESERVE,24,True,False,False,NOT_IN_REMAINING_MISS_TABLE,1198,7181,24,24,18,0,6,24,18,0,0,False,False,,,,,,,0.02651956200134009
DEVELOPMENT,DVE037,rosbag2_2026_08_24-19_00_30,R1_FEASIBILITY_LEXICOGRAPHIC,8,True,True,True,MULTI_PARAMETER_OR_FACTOR_SPACE_COVERAGE,1724,3445,8,8,8,0,0,8,8,4,4,True,True,LEFT,0.63314166166057606,0.6220880155143621,0.71366941165554731,0.49716841625749453,237b14031c68c366,0.00706697600253392
DEVELOPMENT,DVE037,rosbag2_2026_08_24-19_00_30,R1_FEASIBILITY_LEXICOGRAPHIC,12,True,True,True,MULTI_PARAMETER_OR_FACTOR_SPACE_COVERAGE,1724,3445,12,12,12,0,0,12,12,8,8,True,True,LEFT,0.63314166166057606,0.6220880155143621,0.71366941165554731,0.49716841625749453,237b14031c68c366,0.00706697600253392
DEVELOPMENT,DVE037,rosbag2_2026_08_24-19_00_30,R1_FEASIBILITY_LEXICOGRAPHIC,16,True,True,True,MULTI_PARAMETER_OR_FACTOR_SPACE_COVERAGE,1724,3445,16,16,16,0,0,16,16,12,12,True,True,LEFT,0.63314166166057606,0.64314166166057607,0.71366941165554731,0.49716841625749453,ccaabfd43f2b5bb7,0.00706697600253392
DEVELOPMENT,DVE037,rosbag2_2026_08_24-19_00_30,R1_FEASIBILITY_LEXICOGRAPHIC,24,True,True,True,MULTI_PARAMETER_OR_FACTOR_SPACE_COVERAGE,1724,3445,24,24,24,0,0,24,24,15,15,True,True,LEFT,0.63314166166057606,0.64314166166057607,0.71366941165554731,0.49716841625749453,ccaabfd43f2b5bb7,0.00706697600253392
DEVELOPMENT,DVE037,rosbag2_2026_08_24-19_00_30,R2_BALANCED_PHYSICS_SCORE,8,True,True,True,MULTI_PARAMETER_OR_FACTOR_SPACE_COVERAGE,1724,3445,8,8,8,0,0,8,8,8,8,True,True,LEFT,0.63314166166057606,0.6220880155143621,0.71366941165554731,0.49716841625749453,237b14031c68c366,0.010981664003338665
DEVELOPMENT,DVE037,rosbag2_2026_08_24-19_00_30,R2_BALANCED_PHYSICS_SCORE,12,True,True,True,MULTI_PARAMETER_OR_FACTOR_SPACE_COVERAGE,1724,3445,12,12,12,0,0,12,12,12,12,True,True,LEFT,0.63314166166057606,0.63314166166057606,0.51458109301505117,0.49716841625749453,81d62ef138d4f16a,0.010981664003338665
DEVELOPMENT,DVE037,rosbag2_2026_08_24-19_00_30,R2_BALANCED_PHYSICS_SCORE,16,True,True,True,MULTI_PARAMETER_OR_FACTOR_SPACE_COVERAGE,1724,3445,16,16,16,0,0,16,16,14,14,True,True,LEFT,0.63314166166057606,0.63314166166057606,0.51458109301505117,0.49716841625749453,81d62ef138d4f16a,0.010981664003338665
DEVELOPMENT,DVE037,rosbag2_2026_08_24-19_00_30,R2_BALANCED_PHYSICS_SCORE,24,True,True,True,MULTI_PARAMETER_OR_FACTOR_SPACE_COVERAGE,1724,3445,24,24,24,0,0,24,24,19,19,True,True,LEFT,0.63314166166057606,0.64314166166057607,0.71366941165554731,0.49716841625749453,ccaabfd43f2b5bb7,0.010981664003338665
DEVELOPMENT,DVE037,rosbag2_2026_08_24-19_00_30,R3_LEXICOGRAPHIC_COVERAGE_RESERVE,8,True,True,True,MULTI_PARAMETER_OR_FACTOR_SPACE_COVERAGE,1724,3445,8,8,8,0,0,8,8,4,4,True,True,LEFT,0.63314166166057606,0.6220880155143621,0.71366941165554731,0.49716841625749453,237b14031c68c366,0.019223330993554555
DEVELOPMENT,DVE037,rosbag2_2026_08_24-19_00_30,R3_LEXICOGRAPHIC_COVERAGE_RESERVE,12,True,True,True,MULTI_PARAMETER_OR_FACTOR_SPACE_COVERAGE,1724,3445,12,12,11,0,1,12,11,6,6,True,True,LEFT,0.63314166166057606,0.6220880155143621,0.71366941165554731,0.49716841625749453,237b14031c68c366,0.019223330993554555
DEVELOPMENT,DVE037,rosbag2_2026_08_24-19_00_30,R3_LEXICOGRAPHIC_COVERAGE_RESERVE,16,True,True,True,MULTI_PARAMETER_OR_FACTOR_SPACE_COVERAGE,1724,3445,16,16,15,0,1,16,15,10,10,True,True,LEFT,0.63314166166057606,0.6220880155143621,0.71366941165554731,0.49716841625749453,237b14031c68c366,0.019223330993554555
DEVELOPMENT,DVE037,rosbag2_2026_08_24-19_00_30,R3_LEXICOGRAPHIC_COVERAGE_RESERVE,24,True,True,True,MULTI_PARAMETER_OR_FACTOR_SPACE_COVERAGE,1724,3445,24,24,22,0,2,24,22,12,12,True,True,LEFT,0.63314166166057606,0.64314166166057607,0.71366941165554731,0.49716841625749453,ccaabfd43f2b5bb7,0.019223330993554555
DEVELOPMENT,DVE038,rosbag2_2026_08_25-09_59_22,R1_FEASIBILITY_LEXICOGRAPHIC,8,True,True,True,NOT_IN_REMAINING_MISS_TABLE,1248,2494,8,8,8,0,0,8,8,7,7,True,True,RIGHT,-0.53832715344358739,-0.63832715344358737,0.71366941165554731,0.49716841625749453,57c2b1138d9350ba,0.0075269610024406575
DEVELOPMENT,DVE038,rosbag2_2026_08_25-09_59_22,R1_FEASIBILITY_LEXICOGRAPHIC,12,True,True,True,NOT_IN_REMAINING_MISS_TABLE,1248,2494,12,12,12,0,0,12,12,11,11,True,True,RIGHT,-0.53832715344358739,-0.63832715344358737,0.71366941165554731,0.49716841625749453,57c2b1138d9350ba,0.0075269610024406575
DEVELOPMENT,DVE038,rosbag2_2026_08_25-09_59_22,R1_FEASIBILITY_LEXICOGRAPHIC,16,True,True,True,NOT_IN_REMAINING_MISS_TABLE,1248,2494,16,16,16,0,0,16,16,13,13,True,True,RIGHT,-0.53832715344358739,-0.61832715344358735,0.71366941165554731,0.49716841625749453,6fc7753fac14e264,0.0075269610024406575
DEVELOPMENT,DVE038,rosbag2_2026_08_25-09_59_22,R1_FEASIBILITY_LEXICOGRAPHIC,24,True,True,True,NOT_IN_REMAINING_MISS_TABLE,1248,2494,24,24,24,0,0,24,24,20,20,True,True,RIGHT,-0.53832715344358739,-0.61832715344358735,0.71366941165554731,0.49716841625749453,6fc7753fac14e264,0.0075269610024406575
DEVELOPMENT,DVE038,rosbag2_2026_08_25-09_59_22,R2_BALANCED_PHYSICS_SCORE,8,True,True,True,NOT_IN_REMAINING_MISS_TABLE,1248,2494,8,8,8,0,0,8,8,6,6,True,True,RIGHT,-0.57832715344358732,-0.65832715344358728,0.71366941165554731,0.49716841625749453,f7be89f0b13cfb97,0.0076534919935511425
DEVELOPMENT,DVE038,rosbag2_2026_08_25-09_59_22,R2_BALANCED_PHYSICS_SCORE,12,True,True,True,NOT_IN_REMAINING_MISS_TABLE,1248,2494,12,12,12,0,0,12,12,10,10,True,True,RIGHT,-0.55809462123402365,-0.65809462123402362,0.71366941165554731,0.49716841625749453,c886826c662643bd,0.0076534919935511425
DEVELOPMENT,DVE038,rosbag2_2026_08_25-09_59_22,R2_BALANCED_PHYSICS_SCORE,16,True,True,True,NOT_IN_REMAINING_MISS_TABLE,1248,2494,16,16,16,0,0,16,16,14,14,True,True,RIGHT,-0.55809462123402365,-0.63809462123402361,0.71366941165554731,0.49716841625749453,3c90bdfb76f5e07e,0.0076534919935511425
DEVELOPMENT,DVE038,rosbag2_2026_08_25-09_59_22,R2_BALANCED_PHYSICS_SCORE,24,True,True,True,NOT_IN_REMAINING_MISS_TABLE,1248,2494,24,24,24,0,0,24,24,22,22,True,True,RIGHT,-0.55809462123402365,-0.63809462123402361,0.71366941165554731,0.49716841625749453,3c90bdfb76f5e07e,0.0076534919935511425
DEVELOPMENT,DVE038,rosbag2_2026_08_25-09_59_22,R3_LEXICOGRAPHIC_COVERAGE_RESERVE,8,True,True,True,NOT_IN_REMAINING_MISS_TABLE,1248,2494,8,8,8,0,0,8,8,7,7,True,True,RIGHT,-0.53832715344358739,-0.63832715344358737,0.71366941165554731,0.49716841625749453,57c2b1138d9350ba,0.01721620900207199
DEVELOPMENT,DVE038,rosbag2_2026_08_25-09_59_22,R3_LEXICOGRAPHIC_COVERAGE_RESERVE,12,True,True,True,NOT_IN_REMAINING_MISS_TABLE,1248,2494,12,12,12,0,0,12,12,10,10,True,True,RIGHT,-0.53832715344358739,-0.63832715344358737,0.71366941165554731,0.49716841625749453,57c2b1138d9350ba,0.01721620900207199
DEVELOPMENT,DVE038,rosbag2_2026_08_25-09_59_22,R3_LEXICOGRAPHIC_COVERAGE_RESERVE,16,True,True,True,NOT_IN_REMAINING_MISS_TABLE,1248,2494,16,16,16,0,0,16,16,13,13,True,True,RIGHT,-0.53832715344358739,-0.63832715344358737,0.71366941165554731,0.49716841625749453,57c2b1138d9350ba,0.01721620900207199
DEVELOPMENT,DVE038,rosbag2_2026_08_25-09_59_22,R3_LEXICOGRAPHIC_COVERAGE_RESERVE,24,True,True,True,NOT_IN_REMAINING_MISS_TABLE,1248,2494,24,24,21,0,3,24,21,17,17,True,True,RIGHT,-0.53832715344358739,-0.61832715344358735,0.71366941165554731,0.49716841625749453,6fc7753fac14e264,0.01721620900207199
DEVELOPMENT,DVE039,rosbag2_2026_08_25-09_59_22,R1_FEASIBILITY_LEXICOGRAPHIC,8,True,True,True,CANDIDATE_BUDGET_TRUNCATION,2648,31758,8,8,8,0,0,8,8,0,0,False,False,,,,,,,0.029841429000953212
DEVELOPMENT,DVE039,rosbag2_2026_08_25-09_59_22,R1_FEASIBILITY_LEXICOGRAPHIC,12,True,True,True,CANDIDATE_BUDGET_TRUNCATION,2648,31758,12,12,12,0,0,12,12,0,0,False,False,,,,,,,0.029841429000953212
DEVELOPMENT,DVE039,rosbag2_2026_08_25-09_59_22,R1_FEASIBILITY_LEXICOGRAPHIC,16,True,True,True,CANDIDATE_BUDGET_TRUNCATION,2648,31758,16,16,16,0,0,16,16,0,0,False,False,,,,,,,0.029841429000953212
DEVELOPMENT,DVE039,rosbag2_2026_08_25-09_59_22,R1_FEASIBILITY_LEXICOGRAPHIC,24,True,True,True,CANDIDATE_BUDGET_TRUNCATION,2648,31758,24,24,24,0,0,24,24,0,0,False,False,,,,,,,0.029841429000953212
DEVELOPMENT,DVE039,rosbag2_2026_08_25-09_59_22,R2_BALANCED_PHYSICS_SCORE,8,True,True,True,CANDIDATE_BUDGET_TRUNCATION,2648,31758,8,8,8,0,0,8,8,0,0,False,False,,,,,,,0.022122381000372116
DEVELOPMENT,DVE039,rosbag2_2026_08_25-09_59_22,R2_BALANCED_PHYSICS_SCORE,12,True,True,True,CANDIDATE_BUDGET_TRUNCATION,2648,31758,12,12,12,0,0,12,12,0,0,False,False,,,,,,,0.022122381000372116
DEVELOPMENT,DVE039,rosbag2_2026_08_25-09_59_22,R2_BALANCED_PHYSICS_SCORE,16,True,True,True,CANDIDATE_BUDGET_TRUNCATION,2648,31758,16,16,16,0,0,16,16,0,0,False,False,,,,,,,0.022122381000372116
DEVELOPMENT,DVE039,rosbag2_2026_08_25-09_59_22,R2_BALANCED_PHYSICS_SCORE,24,True,True,True,CANDIDATE_BUDGET_TRUNCATION,2648,31758,24,24,24,0,0,24,24,0,0,False,False,,,,,,,0.022122381000372116
DEVELOPMENT,DVE039,rosbag2_2026_08_25-09_59_22,R3_LEXICOGRAPHIC_COVERAGE_RESERVE,8,True,True,True,CANDIDATE_BUDGET_TRUNCATION,2648,31758,8,8,8,0,0,8,8,0,0,False,False,,,,,,,0.04915634400094859
DEVELOPMENT,DVE039,rosbag2_2026_08_25-09_59_22,R3_LEXICOGRAPHIC_COVERAGE_RESERVE,12,True,True,True,CANDIDATE_BUDGET_TRUNCATION,2648,31758,12,12,12,0,0,12,12,1,1,True,True,RIGHT,-0.64967689914035121,-0.49967689914035118,1.310934367577036,3.1286619468037347,3dc1c37301f2f101,0.04915634400094859
DEVELOPMENT,DVE039,rosbag2_2026_08_25-09_59_22,R3_LEXICOGRAPHIC_COVERAGE_RESERVE,16,True,True,True,CANDIDATE_BUDGET_TRUNCATION,2648,31758,16,16,16,0,0,16,16,1,1,True,True,RIGHT,-0.64967689914035121,-0.49967689914035118,1.310934367577036,3.1286619468037347,3dc1c37301f2f101,0.04915634400094859
DEVELOPMENT,DVE039,rosbag2_2026_08_25-09_59_22,R3_LEXICOGRAPHIC_COVERAGE_RESERVE,24,True,True,True,CANDIDATE_BUDGET_TRUNCATION,2648,31758,24,24,24,0,0,24,24,2,2,True,True,RIGHT,-0.64967689914035121,-0.49967689914035118,1.310934367577036,3.1286619468037347,3dc1c37301f2f101,0.04915634400094859
DEVELOPMENT,DVE040,rosbag2_2026_08_25-09_59_22,R1_FEASIBILITY_LEXICOGRAPHIC,8,True,False,False,NOT_IN_REMAINING_MISS_TABLE,589,3527,8,8,8,0,0,8,8,0,0,False,False,,,,,,,0.015170122002018616
DEVELOPMENT,DVE040,rosbag2_2026_08_25-09_59_22,R1_FEASIBILITY_LEXICOGRAPHIC,12,True,False,False,NOT_IN_REMAINING_MISS_TABLE,589,3527,12,12,12,0,0,12,12,0,0,False,False,,,,,,,0.015170122002018616
DEVELOPMENT,DVE040,rosbag2_2026_08_25-09_59_22,R1_FEASIBILITY_LEXICOGRAPHIC,16,True,False,False,NOT_IN_REMAINING_MISS_TABLE,589,3527,16,16,16,0,0,16,16,0,0,False,False,,,,,,,0.015170122002018616
DEVELOPMENT,DVE040,rosbag2_2026_08_25-09_59_22,R1_FEASIBILITY_LEXICOGRAPHIC,24,True,False,False,NOT_IN_REMAINING_MISS_TABLE,589,3527,24,24,24,0,0,24,24,0,0,False,False,,,,,,,0.015170122002018616
DEVELOPMENT,DVE040,rosbag2_2026_08_25-09_59_22,R2_BALANCED_PHYSICS_SCORE,8,True,False,False,NOT_IN_REMAINING_MISS_TABLE,589,3527,8,8,8,0,0,8,8,0,0,False,False,,,,,,,0.013313013994775247
DEVELOPMENT,DVE040,rosbag2_2026_08_25-09_59_22,R2_BALANCED_PHYSICS_SCORE,12,True,False,False,NOT_IN_REMAINING_MISS_TABLE,589,3527,12,12,12,0,0,12,12,0,0,False,False,,,,,,,0.013313013994775247
DEVELOPMENT,DVE040,rosbag2_2026_08_25-09_59_22,R2_BALANCED_PHYSICS_SCORE,16,True,False,False,NOT_IN_REMAINING_MISS_TABLE,589,3527,16,16,16,0,0,16,16,0,0,False,False,,,,,,,0.013313013994775247
DEVELOPMENT,DVE040,rosbag2_2026_08_25-09_59_22,R2_BALANCED_PHYSICS_SCORE,24,True,False,False,NOT_IN_REMAINING_MISS_TABLE,589,3527,24,24,24,0,0,24,24,0,0,False,False,,,,,,,0.013313013994775247
DEVELOPMENT,DVE040,rosbag2_2026_08_25-09_59_22,R3_LEXICOGRAPHIC_COVERAGE_RESERVE,8,True,False,False,NOT_IN_REMAINING_MISS_TABLE,589,3527,8,8,8,0,0,8,8,0,0,False,False,,,,,,,0.03792620100284694
DEVELOPMENT,DVE040,rosbag2_2026_08_25-09_59_22,R3_LEXICOGRAPHIC_COVERAGE_RESERVE,12,True,False,False,NOT_IN_REMAINING_MISS_TABLE,589,3527,12,12,10,0,2,12,10,0,0,False,False,,,,,,,0.03792620100284694
DEVELOPMENT,DVE040,rosbag2_2026_08_25-09_59_22,R3_LEXICOGRAPHIC_COVERAGE_RESERVE,16,True,False,False,NOT_IN_REMAINING_MISS_TABLE,589,3527,16,16,14,0,2,16,14,0,0,False,False,,,,,,,0.03792620100284694
DEVELOPMENT,DVE040,rosbag2_2026_08_25-09_59_22,R3_LEXICOGRAPHIC_COVERAGE_RESERVE,24,True,False,False,NOT_IN_REMAINING_MISS_TABLE,589,3527,24,24,18,0,6,24,18,0,0,False,False,,,,,,,0.03792620100284694
VALIDATION_SEEN_AFTER_V1,VUE001,rosbag2_2026_08_24-19_00_30,R1_FEASIBILITY_LEXICOGRAPHIC,8,True,False,False,NOT_IN_REMAINING_MISS_TABLE,1378,12390,8,8,8,0,0,8,8,0,0,False,False,,,,,,,0.017611713999940548
VALIDATION_SEEN_AFTER_V1,VUE001,rosbag2_2026_08_24-19_00_30,R1_FEASIBILITY_LEXICOGRAPHIC,12,True,False,False,NOT_IN_REMAINING_MISS_TABLE,1378,12390,12,12,12,0,0,12,12,0,0,False,False,,,,,,,0.017611713999940548
VALIDATION_SEEN_AFTER_V1,VUE001,rosbag2_2026_08_24-19_00_30,R1_FEASIBILITY_LEXICOGRAPHIC,16,True,False,False,NOT_IN_REMAINING_MISS_TABLE,1378,12390,16,16,16,0,0,16,16,0,0,False,False,,,,,,,0.017611713999940548
VALIDATION_SEEN_AFTER_V1,VUE001,rosbag2_2026_08_24-19_00_30,R1_FEASIBILITY_LEXICOGRAPHIC,24,True,False,False,NOT_IN_REMAINING_MISS_TABLE,1378,12390,24,24,24,0,0,24,24,0,0,False,False,,,,,,,0.017611713999940548
VALIDATION_SEEN_AFTER_V1,VUE001,rosbag2_2026_08_24-19_00_30,R2_BALANCED_PHYSICS_SCORE,8,True,False,False,NOT_IN_REMAINING_MISS_TABLE,1378,12390,8,8,8,0,0,8,8,0,0,False,False,,,,,,,0.01672486399911577
VALIDATION_SEEN_AFTER_V1,VUE001,rosbag2_2026_08_24-19_00_30,R2_BALANCED_PHYSICS_SCORE,12,True,False,False,NOT_IN_REMAINING_MISS_TABLE,1378,12390,12,12,12,0,0,12,12,0,0,False,False,,,,,,,0.01672486399911577
VALIDATION_SEEN_AFTER_V1,VUE001,rosbag2_2026_08_24-19_00_30,R2_BALANCED_PHYSICS_SCORE,16,True,False,False,NOT_IN_REMAINING_MISS_TABLE,1378,12390,16,16,16,0,0,16,16,0,0,False,False,,,,,,,0.01672486399911577
VALIDATION_SEEN_AFTER_V1,VUE001,rosbag2_2026_08_24-19_00_30,R2_BALANCED_PHYSICS_SCORE,24,True,False,False,NOT_IN_REMAINING_MISS_TABLE,1378,12390,24,24,24,0,0,24,24,0,0,False,False,,,,,,,0.01672486399911577
VALIDATION_SEEN_AFTER_V1,VUE001,rosbag2_2026_08_24-19_00_30,R3_LEXICOGRAPHIC_COVERAGE_RESERVE,8,True,False,False,NOT_IN_REMAINING_MISS_TABLE,1378,12390,8,8,8,0,0,8,8,0,0,False,False,,,,,,,0.041450602999248076
VALIDATION_SEEN_AFTER_V1,VUE001,rosbag2_2026_08_24-19_00_30,R3_LEXICOGRAPHIC_COVERAGE_RESERVE,12,True,False,False,NOT_IN_REMAINING_MISS_TABLE,1378,12390,12,12,10,0,2,12,10,0,0,False,False,,,,,,,0.041450602999248076
VALIDATION_SEEN_AFTER_V1,VUE001,rosbag2_2026_08_24-19_00_30,R3_LEXICOGRAPHIC_COVERAGE_RESERVE,16,True,False,False,NOT_IN_REMAINING_MISS_TABLE,1378,12390,16,16,14,0,2,16,14,0,0,False,False,,,,,,,0.041450602999248076
VALIDATION_SEEN_AFTER_V1,VUE001,rosbag2_2026_08_24-19_00_30,R3_LEXICOGRAPHIC_COVERAGE_RESERVE,24,True,False,False,NOT_IN_REMAINING_MISS_TABLE,1378,12390,24,24,18,0,6,24,18,0,0,False,False,,,,,,,0.041450602999248076
VALIDATION_SEEN_AFTER_V1,VUE002,rosbag2_2026_08_24-19_00_30,R1_FEASIBILITY_LEXICOGRAPHIC,8,True,False,False,NOT_IN_REMAINING_MISS_TABLE,1124,2246,8,8,8,0,0,8,8,0,0,False,False,,,,,,,0.009110639999562409
VALIDATION_SEEN_AFTER_V1,VUE002,rosbag2_2026_08_24-19_00_30,R1_FEASIBILITY_LEXICOGRAPHIC,12,True,False,False,NOT_IN_REMAINING_MISS_TABLE,1124,2246,12,12,12,0,0,12,12,0,0,False,False,,,,,,,0.009110639999562409
VALIDATION_SEEN_AFTER_V1,VUE002,rosbag2_2026_08_24-19_00_30,R1_FEASIBILITY_LEXICOGRAPHIC,16,True,False,False,NOT_IN_REMAINING_MISS_TABLE,1124,2246,16,16,16,0,0,16,16,0,0,False,False,,,,,,,0.009110639999562409
VALIDATION_SEEN_AFTER_V1,VUE002,rosbag2_2026_08_24-19_00_30,R1_FEASIBILITY_LEXICOGRAPHIC,24,True,False,False,NOT_IN_REMAINING_MISS_TABLE,1124,2246,24,24,24,0,0,24,24,0,0,False,False,,,,,,,0.009110639999562409
VALIDATION_SEEN_AFTER_V1,VUE002,rosbag2_2026_08_24-19_00_30,R2_BALANCED_PHYSICS_SCORE,8,True,False,False,NOT_IN_REMAINING_MISS_TABLE,1124,2246,8,8,8,0,0,8,8,0,0,False,False,,,,,,,0.007185107002442237
VALIDATION_SEEN_AFTER_V1,VUE002,rosbag2_2026_08_24-19_00_30,R2_BALANCED_PHYSICS_SCORE,12,True,False,False,NOT_IN_REMAINING_MISS_TABLE,1124,2246,12,12,12,0,0,12,12,0,0,False,False,,,,,,,0.007185107002442237
VALIDATION_SEEN_AFTER_V1,VUE002,rosbag2_2026_08_24-19_00_30,R2_BALANCED_PHYSICS_SCORE,16,True,False,False,NOT_IN_REMAINING_MISS_TABLE,1124,2246,16,16,16,0,0,16,16,0,0,False,False,,,,,,,0.007185107002442237
VALIDATION_SEEN_AFTER_V1,VUE002,rosbag2_2026_08_24-19_00_30,R2_BALANCED_PHYSICS_SCORE,24,True,False,False,NOT_IN_REMAINING_MISS_TABLE,1124,2246,24,24,24,0,0,24,24,0,0,False,False,,,,,,,0.007185107002442237
VALIDATION_SEEN_AFTER_V1,VUE002,rosbag2_2026_08_24-19_00_30,R3_LEXICOGRAPHIC_COVERAGE_RESERVE,8,True,False,False,NOT_IN_REMAINING_MISS_TABLE,1124,2246,8,8,8,0,0,8,8,0,0,False,False,,,,,,,0.016129480995004997
VALIDATION_SEEN_AFTER_V1,VUE002,rosbag2_2026_08_24-19_00_30,R3_LEXICOGRAPHIC_COVERAGE_RESERVE,12,True,False,False,NOT_IN_REMAINING_MISS_TABLE,1124,2246,12,12,12,0,0,12,12,0,0,False,False,,,,,,,0.016129480995004997
VALIDATION_SEEN_AFTER_V1,VUE002,rosbag2_2026_08_24-19_00_30,R3_LEXICOGRAPHIC_COVERAGE_RESERVE,16,True,False,False,NOT_IN_REMAINING_MISS_TABLE,1124,2246,16,16,16,0,0,16,16,0,0,False,False,,,,,,,0.016129480995004997
VALIDATION_SEEN_AFTER_V1,VUE002,rosbag2_2026_08_24-19_00_30,R3_LEXICOGRAPHIC_COVERAGE_RESERVE,24,True,False,False,NOT_IN_REMAINING_MISS_TABLE,1124,2246,24,24,24,0,0,24,24,0,0,False,False,,,,,,,0.016129480995004997
VALIDATION_SEEN_AFTER_V1,VUE003,rosbag2_2026_08_24-19_00_30,R1_FEASIBILITY_LEXICOGRAPHIC,8,True,False,False,NOT_IN_REMAINING_MISS_TABLE,750,5992,8,8,8,0,0,8,8,0,0,False,False,,,,,,,0.009583043000020552
VALIDATION_SEEN_AFTER_V1,VUE003,rosbag2_2026_08_24-19_00_30,R1_FEASIBILITY_LEXICOGRAPHIC,12,True,False,False,NOT_IN_REMAINING_MISS_TABLE,750,5992,12,12,12,0,0,12,12,0,0,False,False,,,,,,,0.009583043000020552
VALIDATION_SEEN_AFTER_V1,VUE003,rosbag2_2026_08_24-19_00_30,R1_FEASIBILITY_LEXICOGRAPHIC,16,True,False,False,NOT_IN_REMAINING_MISS_TABLE,750,5992,16,16,16,0,0,16,16,0,0,False,False,,,,,,,0.009583043000020552
VALIDATION_SEEN_AFTER_V1,VUE003,rosbag2_2026_08_24-19_00_30,R1_FEASIBILITY_LEXICOGRAPHIC,24,True,False,False,NOT_IN_REMAINING_MISS_TABLE,750,5992,24,24,24,0,0,24,24,0,0,False,False,,,,,,,0.009583043000020552
VALIDATION_SEEN_AFTER_V1,VUE003,rosbag2_2026_08_24-19_00_30,R2_BALANCED_PHYSICS_SCORE,8,True,False,False,NOT_IN_REMAINING_MISS_TABLE,750,5992,8,8,8,0,0,8,8,0,0,False,False,,,,,,,0.013715316999878269
VALIDATION_SEEN_AFTER_V1,VUE003,rosbag2_2026_08_24-19_00_30,R2_BALANCED_PHYSICS_SCORE,12,True,False,False,NOT_IN_REMAINING_MISS_TABLE,750,5992,12,12,12,0,0,12,12,0,0,False,False,,,,,,,0.013715316999878269
VALIDATION_SEEN_AFTER_V1,VUE003,rosbag2_2026_08_24-19_00_30,R2_BALANCED_PHYSICS_SCORE,16,True,False,False,NOT_IN_REMAINING_MISS_TABLE,750,5992,16,16,16,0,0,16,16,0,0,False,False,,,,,,,0.013715316999878269
VALIDATION_SEEN_AFTER_V1,VUE003,rosbag2_2026_08_24-19_00_30,R2_BALANCED_PHYSICS_SCORE,24,True,False,False,NOT_IN_REMAINING_MISS_TABLE,750,5992,24,24,24,0,0,24,24,0,0,False,False,,,,,,,0.013715316999878269
VALIDATION_SEEN_AFTER_V1,VUE003,rosbag2_2026_08_24-19_00_30,R3_LEXICOGRAPHIC_COVERAGE_RESERVE,8,True,False,False,NOT_IN_REMAINING_MISS_TABLE,750,5992,8,8,8,0,0,8,8,0,0,False,False,,,,,,,0.026562144994386472
VALIDATION_SEEN_AFTER_V1,VUE003,rosbag2_2026_08_24-19_00_30,R3_LEXICOGRAPHIC_COVERAGE_RESERVE,12,True,False,False,NOT_IN_REMAINING_MISS_TABLE,750,5992,12,12,12,0,0,12,12,0,0,False,False,,,,,,,0.026562144994386472
VALIDATION_SEEN_AFTER_V1,VUE003,rosbag2_2026_08_24-19_00_30,R3_LEXICOGRAPHIC_COVERAGE_RESERVE,16,True,False,False,NOT_IN_REMAINING_MISS_TABLE,750,5992,16,16,16,0,0,16,16,0,0,False,False,,,,,,,0.026562144994386472
VALIDATION_SEEN_AFTER_V1,VUE003,rosbag2_2026_08_24-19_00_30,R3_LEXICOGRAPHIC_COVERAGE_RESERVE,24,True,False,False,NOT_IN_REMAINING_MISS_TABLE,750,5992,24,24,24,0,0,24,24,0,0,False,False,,,,,,,0.026562144994386472
VALIDATION_SEEN_AFTER_V1,VUE004,rosbag2_2026_08_24-19_00_30,R1_FEASIBILITY_LEXICOGRAPHIC,8,True,True,True,PROBE_ROOT_OR_D_MID_SELECTION,1177,7055,8,8,8,0,0,8,8,4,4,True,True,RIGHT,-0.29095433130090148,-0.33745718559459514,0.51458109301505117,0.60498681916591468,fd83e76f796eea5b,0.010810833002324216
VALIDATION_SEEN_AFTER_V1,VUE004,rosbag2_2026_08_24-19_00_30,R1_FEASIBILITY_LEXICOGRAPHIC,12,True,True,True,PROBE_ROOT_OR_D_MID_SELECTION,1177,7055,12,12,12,0,0,12,12,8,8,True,True,RIGHT,-0.29095433130090148,-0.33745718559459514,0.51458109301505117,0.60498681916591468,fd83e76f796eea5b,0.010810833002324216
VALIDATION_SEEN_AFTER_V1,VUE004,rosbag2_2026_08_24-19_00_30,R1_FEASIBILITY_LEXICOGRAPHIC,16,True,True,True,PROBE_ROOT_OR_D_MID_SELECTION,1177,7055,16,16,16,0,0,16,16,8,8,True,True,RIGHT,-0.29095433130090148,-0.33745718559459514,0.51458109301505117,0.60498681916591468,fd83e76f796eea5b,0.010810833002324216
VALIDATION_SEEN_AFTER_V1,VUE004,rosbag2_2026_08_24-19_00_30,R1_FEASIBILITY_LEXICOGRAPHIC,24,True,True,True,PROBE_ROOT_OR_D_MID_SELECTION,1177,7055,24,24,24,0,0,24,24,8,8,True,True,RIGHT,-0.29095433130090148,-0.33745718559459514,0.51458109301505117,0.60498681916591468,fd83e76f796eea5b,0.010810833002324216
VALIDATION_SEEN_AFTER_V1,VUE004,rosbag2_2026_08_24-19_00_30,R2_BALANCED_PHYSICS_SCORE,8,True,True,True,PROBE_ROOT_OR_D_MID_SELECTION,1177,7055,8,8,8,0,0,8,8,4,4,True,True,RIGHT,-0.29095433130090148,-0.33745718559459514,0.51458109301505117,0.60498681916591468,fd83e76f796eea5b,0.010644937996403314
VALIDATION_SEEN_AFTER_V1,VUE004,rosbag2_2026_08_24-19_00_30,R2_BALANCED_PHYSICS_SCORE,12,True,True,True,PROBE_ROOT_OR_D_MID_SELECTION,1177,7055,12,12,12,0,0,12,12,8,8,True,True,RIGHT,-0.29095433130090148,-0.33745718559459514,0.51458109301505117,0.60498681916591468,fd83e76f796eea5b,0.010644937996403314
VALIDATION_SEEN_AFTER_V1,VUE004,rosbag2_2026_08_24-19_00_30,R2_BALANCED_PHYSICS_SCORE,16,True,True,True,PROBE_ROOT_OR_D_MID_SELECTION,1177,7055,16,16,16,0,0,16,16,8,8,True,True,RIGHT,-0.29095433130090148,-0.33745718559459514,0.51458109301505117,0.60498681916591468,fd83e76f796eea5b,0.010644937996403314
VALIDATION_SEEN_AFTER_V1,VUE004,rosbag2_2026_08_24-19_00_30,R2_BALANCED_PHYSICS_SCORE,24,True,True,True,PROBE_ROOT_OR_D_MID_SELECTION,1177,7055,24,24,24,0,0,24,24,8,8,True,True,RIGHT,-0.29095433130090148,-0.33745718559459514,0.51458109301505117,0.60498681916591468,fd83e76f796eea5b,0.010644937996403314
VALIDATION_SEEN_AFTER_V1,VUE004,rosbag2_2026_08_24-19_00_30,R3_LEXICOGRAPHIC_COVERAGE_RESERVE,8,True,True,True,PROBE_ROOT_OR_D_MID_SELECTION,1177,7055,8,8,8,0,0,8,8,4,4,True,True,RIGHT,-0.29095433130090148,-0.33745718559459514,0.51458109301505117,0.60498681916591468,fd83e76f796eea5b,0.026581220008665696
VALIDATION_SEEN_AFTER_V1,VUE004,rosbag2_2026_08_24-19_00_30,R3_LEXICOGRAPHIC_COVERAGE_RESERVE,12,True,True,True,PROBE_ROOT_OR_D_MID_SELECTION,1177,7055,12,12,12,0,0,12,12,6,6,True,True,RIGHT,-0.29095433130090148,-0.33745718559459514,0.51458109301505117,0.60498681916591468,fd83e76f796eea5b,0.026581220008665696
VALIDATION_SEEN_AFTER_V1,VUE004,rosbag2_2026_08_24-19_00_30,R3_LEXICOGRAPHIC_COVERAGE_RESERVE,16,True,True,True,PROBE_ROOT_OR_D_MID_SELECTION,1177,7055,16,16,16,0,0,16,16,8,8,True,True,RIGHT,-0.29095433130090148,-0.33745718559459514,0.51458109301505117,0.60498681916591468,fd83e76f796eea5b,0.026581220008665696
VALIDATION_SEEN_AFTER_V1,VUE004,rosbag2_2026_08_24-19_00_30,R3_LEXICOGRAPHIC_COVERAGE_RESERVE,24,True,True,True,PROBE_ROOT_OR_D_MID_SELECTION,1177,7055,24,24,24,0,0,24,24,8,8,True,True,RIGHT,-0.29095433130090148,-0.33745718559459514,0.51458109301505117,0.60498681916591468,fd83e76f796eea5b,0.026581220008665696
VALIDATION_SEEN_AFTER_V1,VUE005,rosbag2_2026_08_24-19_00_30,R1_FEASIBILITY_LEXICOGRAPHIC,8,True,True,True,NOT_IN_REMAINING_MISS_TABLE,1231,9839,8,8,8,0,0,8,8,8,8,True,True,RIGHT,-0.39206274713910094,-0.39206274713910094,1.310934367577036,3.9473573093269398,1fe5aee2e5533c11,0.011780314998759422
VALIDATION_SEEN_AFTER_V1,VUE005,rosbag2_2026_08_24-19_00_30,R1_FEASIBILITY_LEXICOGRAPHIC,12,True,True,True,NOT_IN_REMAINING_MISS_TABLE,1231,9839,12,12,12,0,0,12,12,12,12,True,True,RIGHT,-0.39206274713910094,-0.39206274713910094,1.310934367577036,3.9473573093269398,1fe5aee2e5533c11,0.011780314998759422
VALIDATION_SEEN_AFTER_V1,VUE005,rosbag2_2026_08_24-19_00_30,R1_FEASIBILITY_LEXICOGRAPHIC,16,True,True,True,NOT_IN_REMAINING_MISS_TABLE,1231,9839,16,16,16,0,0,16,16,16,16,True,True,RIGHT,-0.39206274713910094,-0.39206274713910094,1.310934367577036,3.9473573093269398,1fe5aee2e5533c11,0.011780314998759422
VALIDATION_SEEN_AFTER_V1,VUE005,rosbag2_2026_08_24-19_00_30,R1_FEASIBILITY_LEXICOGRAPHIC,24,True,True,True,NOT_IN_REMAINING_MISS_TABLE,1231,9839,24,24,24,0,0,24,24,24,24,True,True,RIGHT,-0.39206274713910094,-0.39206274713910094,1.310934367577036,3.9473573093269398,1fe5aee2e5533c11,0.011780314998759422
VALIDATION_SEEN_AFTER_V1,VUE005,rosbag2_2026_08_24-19_00_30,R2_BALANCED_PHYSICS_SCORE,8,True,True,True,NOT_IN_REMAINING_MISS_TABLE,1231,9839,8,8,8,0,0,8,8,8,8,True,True,RIGHT,-0.39206274713910094,-0.39206274713910094,1.310934367577036,3.9473573093269398,1fe5aee2e5533c11,0.01321775699761929
VALIDATION_SEEN_AFTER_V1,VUE005,rosbag2_2026_08_24-19_00_30,R2_BALANCED_PHYSICS_SCORE,12,True,True,True,NOT_IN_REMAINING_MISS_TABLE,1231,9839,12,12,12,0,0,12,12,12,12,True,True,RIGHT,-0.39206274713910094,-0.39206274713910094,1.310934367577036,3.9473573093269398,1fe5aee2e5533c11,0.01321775699761929
VALIDATION_SEEN_AFTER_V1,VUE005,rosbag2_2026_08_24-19_00_30,R2_BALANCED_PHYSICS_SCORE,16,True,True,True,NOT_IN_REMAINING_MISS_TABLE,1231,9839,16,16,16,0,0,16,16,16,16,True,True,RIGHT,-0.39206274713910094,-0.39206274713910094,1.310934367577036,3.9473573093269398,1fe5aee2e5533c11,0.01321775699761929
VALIDATION_SEEN_AFTER_V1,VUE005,rosbag2_2026_08_24-19_00_30,R2_BALANCED_PHYSICS_SCORE,24,True,True,True,NOT_IN_REMAINING_MISS_TABLE,1231,9839,24,24,24,0,0,24,24,24,24,True,True,RIGHT,-0.39206274713910094,-0.39206274713910094,1.310934367577036,3.9473573093269398,1fe5aee2e5533c11,0.01321775699761929
VALIDATION_SEEN_AFTER_V1,VUE005,rosbag2_2026_08_24-19_00_30,R3_LEXICOGRAPHIC_COVERAGE_RESERVE,8,True,True,True,NOT_IN_REMAINING_MISS_TABLE,1231,9839,8,8,8,0,0,8,8,8,8,True,True,RIGHT,-0.39206274713910094,-0.39206274713910094,1.310934367577036,3.9473573093269398,1fe5aee2e5533c11,0.0279424949985696
VALIDATION_SEEN_AFTER_V1,VUE005,rosbag2_2026_08_24-19_00_30,R3_LEXICOGRAPHIC_COVERAGE_RESERVE,12,True,True,True,NOT_IN_REMAINING_MISS_TABLE,1231,9839,12,12,12,0,0,12,12,10,10,True,True,RIGHT,-0.39206274713910094,-0.39206274713910094,1.310934367577036,3.9473573093269398,1fe5aee2e5533c11,0.0279424949985696
VALIDATION_SEEN_AFTER_V1,VUE005,rosbag2_2026_08_24-19_00_30,R3_LEXICOGRAPHIC_COVERAGE_RESERVE,16,True,True,True,NOT_IN_REMAINING_MISS_TABLE,1231,9839,16,16,16,0,0,16,16,14,14,True,True,RIGHT,-0.39206274713910094,-0.39206274713910094,1.310934367577036,3.9473573093269398,1fe5aee2e5533c11,0.0279424949985696
VALIDATION_SEEN_AFTER_V1,VUE005,rosbag2_2026_08_24-19_00_30,R3_LEXICOGRAPHIC_COVERAGE_RESERVE,24,True,True,True,NOT_IN_REMAINING_MISS_TABLE,1231,9839,24,24,24,0,0,24,24,18,18,True,True,RIGHT,-0.39206274713910094,-0.39206274713910094,1.310934367577036,3.9473573093269398,1fe5aee2e5533c11,0.0279424949985696
VALIDATION_SEEN_AFTER_V1,VUE006,rosbag2_2026_08_24-19_00_30,R1_FEASIBILITY_LEXICOGRAPHIC,8,True,True,True,NOT_IN_REMAINING_MISS_TABLE,1414,11303,8,8,8,0,0,8,8,8,8,True,True,RIGHT,-0.40277778368796407,-0.40277778368796407,1.310934367577036,3.9473573093269398,527c46d70c16e157,0.014055173996894155
VALIDATION_SEEN_AFTER_V1,VUE006,rosbag2_2026_08_24-19_00_30,R1_FEASIBILITY_LEXICOGRAPHIC,12,True,True,True,NOT_IN_REMAINING_MISS_TABLE,1414,11303,12,12,12,0,0,12,12,12,12,True,True,RIGHT,-0.40277778368796407,-0.40277778368796407,1.310934367577036,3.9473573093269398,527c46d70c16e157,0.014055173996894155
VALIDATION_SEEN_AFTER_V1,VUE006,rosbag2_2026_08_24-19_00_30,R1_FEASIBILITY_LEXICOGRAPHIC,16,True,True,True,NOT_IN_REMAINING_MISS_TABLE,1414,11303,16,16,16,0,0,16,16,16,16,True,True,RIGHT,-0.40277778368796407,-0.40277778368796407,0.51458109301505117,3.9473573093269398,17e1a7338ada7b11,0.014055173996894155
VALIDATION_SEEN_AFTER_V1,VUE006,rosbag2_2026_08_24-19_00_30,R1_FEASIBILITY_LEXICOGRAPHIC,24,True,True,True,NOT_IN_REMAINING_MISS_TABLE,1414,11303,24,24,24,0,0,24,24,24,24,True,True,RIGHT,-0.41421875581783962,-0.42421875581783963,1.310934367577036,7.3975462023963852,f7d9aac9e073ed0f,0.014055173996894155
VALIDATION_SEEN_AFTER_V1,VUE006,rosbag2_2026_08_24-19_00_30,R2_BALANCED_PHYSICS_SCORE,8,True,True,True,NOT_IN_REMAINING_MISS_TABLE,1414,11303,8,8,8,0,0,8,8,8,8,True,True,RIGHT,-0.40277778368796407,-0.40277778368796407,1.310934367577036,3.9473573093269398,527c46d70c16e157,0.014109958996414207
VALIDATION_SEEN_AFTER_V1,VUE006,rosbag2_2026_08_24-19_00_30,R2_BALANCED_PHYSICS_SCORE,12,True,True,True,NOT_IN_REMAINING_MISS_TABLE,1414,11303,12,12,12,0,0,12,12,12,12,True,True,RIGHT,-0.40277778368796407,-0.40277778368796407,1.310934367577036,3.9473573093269398,527c46d70c16e157,0.014109958996414207
VALIDATION_SEEN_AFTER_V1,VUE006,rosbag2_2026_08_24-19_00_30,R2_BALANCED_PHYSICS_SCORE,16,True,True,True,NOT_IN_REMAINING_MISS_TABLE,1414,11303,16,16,16,0,0,16,16,16,16,True,True,RIGHT,-0.40277778368796407,-0.40277778368796407,0.51458109301505117,3.9473573093269398,17e1a7338ada7b11,0.014109958996414207
VALIDATION_SEEN_AFTER_V1,VUE006,rosbag2_2026_08_24-19_00_30,R2_BALANCED_PHYSICS_SCORE,24,True,True,True,NOT_IN_REMAINING_MISS_TABLE,1414,11303,24,24,24,0,0,24,24,24,24,True,True,RIGHT,-0.41421875581783962,-0.42421875581783963,1.310934367577036,7.3975462023963852,f7d9aac9e073ed0f,0.014109958996414207
VALIDATION_SEEN_AFTER_V1,VUE006,rosbag2_2026_08_24-19_00_30,R3_LEXICOGRAPHIC_COVERAGE_RESERVE,8,True,True,True,NOT_IN_REMAINING_MISS_TABLE,1414,11303,8,8,8,0,0,8,8,8,8,True,True,RIGHT,-0.40277778368796407,-0.40277778368796407,1.310934367577036,3.9473573093269398,527c46d70c16e157,0.02746705900062807
VALIDATION_SEEN_AFTER_V1,VUE006,rosbag2_2026_08_24-19_00_30,R3_LEXICOGRAPHIC_COVERAGE_RESERVE,12,True,True,True,NOT_IN_REMAINING_MISS_TABLE,1414,11303,12,12,12,0,0,12,12,11,11,True,True,RIGHT,-0.40277778368796407,-0.40277778368796407,1.310934367577036,3.9473573093269398,527c46d70c16e157,0.02746705900062807
VALIDATION_SEEN_AFTER_V1,VUE006,rosbag2_2026_08_24-19_00_30,R3_LEXICOGRAPHIC_COVERAGE_RESERVE,16,True,True,True,NOT_IN_REMAINING_MISS_TABLE,1414,11303,16,16,16,0,0,16,16,15,15,True,True,RIGHT,-0.40277778368796407,-0.40277778368796407,1.310934367577036,3.9473573093269398,527c46d70c16e157,0.02746705900062807
VALIDATION_SEEN_AFTER_V1,VUE006,rosbag2_2026_08_24-19_00_30,R3_LEXICOGRAPHIC_COVERAGE_RESERVE,24,True,True,True,NOT_IN_REMAINING_MISS_TABLE,1414,11303,24,24,22,0,2,24,22,20,20,True,True,RIGHT,-0.40277778368796407,-0.40277778368796407,0.51458109301505117,3.9473573093269398,17e1a7338ada7b11,0.02746705900062807
VALIDATION_SEEN_AFTER_V1,VUE007,rosbag2_2026_08_24-19_00_30,R1_FEASIBILITY_LEXICOGRAPHIC,8,True,True,True,NOT_IN_REMAINING_MISS_TABLE,1231,9839,8,8,8,0,0,8,8,8,8,True,True,RIGHT,-0.3943765071604427,-0.3943765071604427,1.310934367577036,3.9473573093269398,27f98bf62a6b2b58,0.012666718997934368
VALIDATION_SEEN_AFTER_V1,VUE007,rosbag2_2026_08_24-19_00_30,R1_FEASIBILITY_LEXICOGRAPHIC,12,True,True,True,NOT_IN_REMAINING_MISS_TABLE,1231,9839,12,12,12,0,0,12,12,12,12,True,True,RIGHT,-0.3943765071604427,-0.3943765071604427,1.310934367577036,3.9473573093269398,27f98bf62a6b2b58,0.012666718997934368
VALIDATION_SEEN_AFTER_V1,VUE007,rosbag2_2026_08_24-19_00_30,R1_FEASIBILITY_LEXICOGRAPHIC,16,True,True,True,NOT_IN_REMAINING_MISS_TABLE,1231,9839,16,16,16,0,0,16,16,16,16,True,True,RIGHT,-0.3943765071604427,-0.3943765071604427,1.310934367577036,3.9473573093269398,27f98bf62a6b2b58,0.012666718997934368
VALIDATION_SEEN_AFTER_V1,VUE007,rosbag2_2026_08_24-19_00_30,R1_FEASIBILITY_LEXICOGRAPHIC,24,True,True,True,NOT_IN_REMAINING_MISS_TABLE,1231,9839,24,24,24,0,0,24,24,24,24,True,True,RIGHT,-0.3943765071604427,-0.3943765071604427,0.51458109301505117,3.9473573093269398,3a257f025a75b6ae,0.012666718997934368
VALIDATION_SEEN_AFTER_V1,VUE007,rosbag2_2026_08_24-19_00_30,R2_BALANCED_PHYSICS_SCORE,8,True,True,True,NOT_IN_REMAINING_MISS_TABLE,1231,9839,8,8,8,0,0,8,8,8,8,True,True,RIGHT,-0.3943765071604427,-0.3943765071604427,1.310934367577036,3.9473573093269398,27f98bf62a6b2b58,0.013799817999824882
VALIDATION_SEEN_AFTER_V1,VUE007,rosbag2_2026_08_24-19_00_30,R2_BALANCED_PHYSICS_SCORE,12,True,True,True,NOT_IN_REMAINING_MISS_TABLE,1231,9839,12,12,12,0,0,12,12,12,12,True,True,RIGHT,-0.3943765071604427,-0.3943765071604427,1.310934367577036,3.9473573093269398,27f98bf62a6b2b58,0.013799817999824882
VALIDATION_SEEN_AFTER_V1,VUE007,rosbag2_2026_08_24-19_00_30,R2_BALANCED_PHYSICS_SCORE,16,True,True,True,NOT_IN_REMAINING_MISS_TABLE,1231,9839,16,16,16,0,0,16,16,16,16,True,True,RIGHT,-0.3943765071604427,-0.3943765071604427,1.310934367577036,3.9473573093269398,27f98bf62a6b2b58,0.013799817999824882
VALIDATION_SEEN_AFTER_V1,VUE007,rosbag2_2026_08_24-19_00_30,R2_BALANCED_PHYSICS_SCORE,24,True,True,True,NOT_IN_REMAINING_MISS_TABLE,1231,9839,24,24,24,0,0,24,24,24,24,True,True,RIGHT,-0.3943765071604427,-0.3943765071604427,0.51458109301505117,3.9473573093269398,3a257f025a75b6ae,0.013799817999824882
VALIDATION_SEEN_AFTER_V1,VUE007,rosbag2_2026_08_24-19_00_30,R3_LEXICOGRAPHIC_COVERAGE_RESERVE,8,True,True,True,NOT_IN_REMAINING_MISS_TABLE,1231,9839,8,8,8,0,0,8,8,8,8,True,True,RIGHT,-0.3943765071604427,-0.3943765071604427,1.310934367577036,3.9473573093269398,27f98bf62a6b2b58,0.02358213200204773
VALIDATION_SEEN_AFTER_V1,VUE007,rosbag2_2026_08_24-19_00_30,R3_LEXICOGRAPHIC_COVERAGE_RESERVE,12,True,True,True,NOT_IN_REMAINING_MISS_TABLE,1231,9839,12,12,12,0,0,12,12,11,11,True,True,RIGHT,-0.3943765071604427,-0.3943765071604427,1.310934367577036,3.9473573093269398,27f98bf62a6b2b58,0.02358213200204773
VALIDATION_SEEN_AFTER_V1,VUE007,rosbag2_2026_08_24-19_00_30,R3_LEXICOGRAPHIC_COVERAGE_RESERVE,16,True,True,True,NOT_IN_REMAINING_MISS_TABLE,1231,9839,16,16,16,0,0,16,16,15,15,True,True,RIGHT,-0.3943765071604427,-0.3943765071604427,1.310934367577036,3.9473573093269398,27f98bf62a6b2b58,0.02358213200204773
VALIDATION_SEEN_AFTER_V1,VUE007,rosbag2_2026_08_24-19_00_30,R3_LEXICOGRAPHIC_COVERAGE_RESERVE,24,True,True,True,NOT_IN_REMAINING_MISS_TABLE,1231,9839,24,24,23,0,1,24,23,21,21,True,True,RIGHT,-0.3943765071604427,-0.3943765071604427,0.51458109301505117,3.9473573093269398,3a257f025a75b6ae,0.02358213200204773
VALIDATION_SEEN_AFTER_V1,VUE008,rosbag2_2026_08_24-19_00_30,R1_FEASIBILITY_LEXICOGRAPHIC,8,True,True,True,PROBE_ROOT_OR_D_MID_SELECTION,1177,7055,8,8,8,0,0,8,8,2,2,True,True,RIGHT,-0.27285951800775615,-0.29285951800775617,1.310934367577036,3.9473573093269398,66717e3ce272da88,0.010375341000326443
VALIDATION_SEEN_AFTER_V1,VUE008,rosbag2_2026_08_24-19_00_30,R1_FEASIBILITY_LEXICOGRAPHIC,12,True,True,True,PROBE_ROOT_OR_D_MID_SELECTION,1177,7055,12,12,12,0,0,12,12,2,2,True,True,RIGHT,-0.27285951800775615,-0.29285951800775617,1.310934367577036,3.9473573093269398,66717e3ce272da88,0.010375341000326443
VALIDATION_SEEN_AFTER_V1,VUE008,rosbag2_2026_08_24-19_00_30,R1_FEASIBILITY_LEXICOGRAPHIC,16,True,True,True,PROBE_ROOT_OR_D_MID_SELECTION,1177,7055,16,16,16,0,0,16,16,4,4,True,True,RIGHT,-0.27285951800775615,-0.29285951800775617,1.310934367577036,3.9473573093269398,66717e3ce272da88,0.010375341000326443
VALIDATION_SEEN_AFTER_V1,VUE008,rosbag2_2026_08_24-19_00_30,R1_FEASIBILITY_LEXICOGRAPHIC,24,True,True,True,PROBE_ROOT_OR_D_MID_SELECTION,1177,7055,24,24,24,0,0,24,24,4,4,True,True,RIGHT,-0.27285951800775615,-0.29285951800775617,1.310934367577036,3.9473573093269398,66717e3ce272da88,0.010375341000326443
VALIDATION_SEEN_AFTER_V1,VUE008,rosbag2_2026_08_24-19_00_30,R2_BALANCED_PHYSICS_SCORE,8,True,True,True,PROBE_ROOT_OR_D_MID_SELECTION,1177,7055,8,8,8,0,0,8,8,2,2,True,True,RIGHT,-0.27285951800775615,-0.29285951800775617,1.310934367577036,3.9473573093269398,66717e3ce272da88,0.011532984004588798
VALIDATION_SEEN_AFTER_V1,VUE008,rosbag2_2026_08_24-19_00_30,R2_BALANCED_PHYSICS_SCORE,12,True,True,True,PROBE_ROOT_OR_D_MID_SELECTION,1177,7055,12,12,12,0,0,12,12,2,2,True,True,RIGHT,-0.27285951800775615,-0.29285951800775617,1.310934367577036,3.9473573093269398,66717e3ce272da88,0.011532984004588798
VALIDATION_SEEN_AFTER_V1,VUE008,rosbag2_2026_08_24-19_00_30,R2_BALANCED_PHYSICS_SCORE,16,True,True,True,PROBE_ROOT_OR_D_MID_SELECTION,1177,7055,16,16,16,0,0,16,16,4,4,True,True,RIGHT,-0.27285951800775615,-0.29285951800775617,1.310934367577036,3.9473573093269398,66717e3ce272da88,0.011532984004588798
VALIDATION_SEEN_AFTER_V1,VUE008,rosbag2_2026_08_24-19_00_30,R2_BALANCED_PHYSICS_SCORE,24,True,True,True,PROBE_ROOT_OR_D_MID_SELECTION,1177,7055,24,24,24,0,0,24,24,4,4,True,True,RIGHT,-0.27285951800775615,-0.29285951800775617,1.310934367577036,3.9473573093269398,66717e3ce272da88,0.011532984004588798
VALIDATION_SEEN_AFTER_V1,VUE008,rosbag2_2026_08_24-19_00_30,R3_LEXICOGRAPHIC_COVERAGE_RESERVE,8,True,True,True,PROBE_ROOT_OR_D_MID_SELECTION,1177,7055,8,8,8,0,0,8,8,2,2,True,True,RIGHT,-0.27285951800775615,-0.29285951800775617,1.310934367577036,3.9473573093269398,66717e3ce272da88,0.027826405996165704
VALIDATION_SEEN_AFTER_V1,VUE008,rosbag2_2026_08_24-19_00_30,R3_LEXICOGRAPHIC_COVERAGE_RESERVE,12,True,True,True,PROBE_ROOT_OR_D_MID_SELECTION,1177,7055,12,12,12,0,0,12,12,2,2,True,True,RIGHT,-0.27285951800775615,-0.29285951800775617,1.310934367577036,3.9473573093269398,66717e3ce272da88,0.027826405996165704
VALIDATION_SEEN_AFTER_V1,VUE008,rosbag2_2026_08_24-19_00_30,R3_LEXICOGRAPHIC_COVERAGE_RESERVE,16,True,True,True,PROBE_ROOT_OR_D_MID_SELECTION,1177,7055,16,16,16,0,0,16,16,3,3,True,True,RIGHT,-0.27285951800775615,-0.29285951800775617,1.310934367577036,3.9473573093269398,66717e3ce272da88,0.027826405996165704
VALIDATION_SEEN_AFTER_V1,VUE008,rosbag2_2026_08_24-19_00_30,R3_LEXICOGRAPHIC_COVERAGE_RESERVE,24,True,True,True,PROBE_ROOT_OR_D_MID_SELECTION,1177,7055,24,24,22,0,2,24,22,4,4,True,True,RIGHT,-0.27285951800775615,-0.29285951800775617,1.310934367577036,3.9473573093269398,66717e3ce272da88,0.027826405996165704
VALIDATION_SEEN_AFTER_V1,VUE009,rosbag2_2026_08_24-19_00_30,R1_FEASIBILITY_LEXICOGRAPHIC,8,True,True,False,NOT_IN_REMAINING_MISS_TABLE,1366,2730,8,8,8,0,0,8,8,0,0,False,False,,,,,,,0.006314681995718274
VALIDATION_SEEN_AFTER_V1,VUE009,rosbag2_2026_08_24-19_00_30,R1_FEASIBILITY_LEXICOGRAPHIC,12,True,True,False,NOT_IN_REMAINING_MISS_TABLE,1366,2730,12,12,12,0,0,12,12,0,0,False,False,,,,,,,0.006314681995718274
VALIDATION_SEEN_AFTER_V1,VUE009,rosbag2_2026_08_24-19_00_30,R1_FEASIBILITY_LEXICOGRAPHIC,16,True,True,False,NOT_IN_REMAINING_MISS_TABLE,1366,2730,16,16,16,0,0,16,16,0,0,False,False,,,,,,,0.006314681995718274
VALIDATION_SEEN_AFTER_V1,VUE009,rosbag2_2026_08_24-19_00_30,R1_FEASIBILITY_LEXICOGRAPHIC,24,True,True,False,NOT_IN_REMAINING_MISS_TABLE,1366,2730,24,24,24,0,0,24,24,0,0,False,False,,,,,,,0.006314681995718274
VALIDATION_SEEN_AFTER_V1,VUE009,rosbag2_2026_08_24-19_00_30,R2_BALANCED_PHYSICS_SCORE,8,True,True,False,NOT_IN_REMAINING_MISS_TABLE,1366,2730,8,8,8,0,0,8,8,0,0,False,False,,,,,,,0.006350804993417114
VALIDATION_SEEN_AFTER_V1,VUE009,rosbag2_2026_08_24-19_00_30,R2_BALANCED_PHYSICS_SCORE,12,True,True,False,NOT_IN_REMAINING_MISS_TABLE,1366,2730,12,12,12,0,0,12,12,0,0,False,False,,,,,,,0.006350804993417114
VALIDATION_SEEN_AFTER_V1,VUE009,rosbag2_2026_08_24-19_00_30,R2_BALANCED_PHYSICS_SCORE,16,True,True,False,NOT_IN_REMAINING_MISS_TABLE,1366,2730,16,16,16,0,0,16,16,0,0,False,False,,,,,,,0.006350804993417114
VALIDATION_SEEN_AFTER_V1,VUE009,rosbag2_2026_08_24-19_00_30,R2_BALANCED_PHYSICS_SCORE,24,True,True,False,NOT_IN_REMAINING_MISS_TABLE,1366,2730,24,24,24,0,0,24,24,0,0,False,False,,,,,,,0.006350804993417114
VALIDATION_SEEN_AFTER_V1,VUE009,rosbag2_2026_08_24-19_00_30,R3_LEXICOGRAPHIC_COVERAGE_RESERVE,8,True,True,False,NOT_IN_REMAINING_MISS_TABLE,1366,2730,8,8,8,0,0,8,8,0,0,False,False,,,,,,,0.019691419001901522
VALIDATION_SEEN_AFTER_V1,VUE009,rosbag2_2026_08_24-19_00_30,R3_LEXICOGRAPHIC_COVERAGE_RESERVE,12,True,True,False,NOT_IN_REMAINING_MISS_TABLE,1366,2730,12,12,12,0,0,12,12,0,0,False,False,,,,,,,0.019691419001901522
VALIDATION_SEEN_AFTER_V1,VUE009,rosbag2_2026_08_24-19_00_30,R3_LEXICOGRAPHIC_COVERAGE_RESERVE,16,True,True,False,NOT_IN_REMAINING_MISS_TABLE,1366,2730,16,16,16,0,0,16,16,0,0,False,False,,,,,,,0.019691419001901522
VALIDATION_SEEN_AFTER_V1,VUE009,rosbag2_2026_08_24-19_00_30,R3_LEXICOGRAPHIC_COVERAGE_RESERVE,24,True,True,False,NOT_IN_REMAINING_MISS_TABLE,1366,2730,24,24,24,0,0,24,24,0,0,False,False,,,,,,,0.019691419001901522
VALIDATION_SEEN_AFTER_V1,VUE010,rosbag2_2026_08_24-19_00_30,R1_FEASIBILITY_LEXICOGRAPHIC,8,True,True,False,MULTI_PARAMETER_OR_FACTOR_SPACE_COVERAGE,1097,2192,8,8,8,0,0,8,8,0,0,False,False,,,,,,,0.00742594799521612
VALIDATION_SEEN_AFTER_V1,VUE010,rosbag2_2026_08_24-19_00_30,R1_FEASIBILITY_LEXICOGRAPHIC,12,True,True,False,MULTI_PARAMETER_OR_FACTOR_SPACE_COVERAGE,1097,2192,12,12,12,0,0,12,12,0,0,False,False,,,,,,,0.00742594799521612
VALIDATION_SEEN_AFTER_V1,VUE010,rosbag2_2026_08_24-19_00_30,R1_FEASIBILITY_LEXICOGRAPHIC,16,True,True,False,MULTI_PARAMETER_OR_FACTOR_SPACE_COVERAGE,1097,2192,16,16,16,0,0,16,16,0,0,False,False,,,,,,,0.00742594799521612
VALIDATION_SEEN_AFTER_V1,VUE010,rosbag2_2026_08_24-19_00_30,R1_FEASIBILITY_LEXICOGRAPHIC,24,True,True,False,MULTI_PARAMETER_OR_FACTOR_SPACE_COVERAGE,1097,2192,24,24,24,0,0,24,24,0,0,False,False,,,,,,,0.00742594799521612
VALIDATION_SEEN_AFTER_V1,VUE010,rosbag2_2026_08_24-19_00_30,R2_BALANCED_PHYSICS_SCORE,8,True,True,False,MULTI_PARAMETER_OR_FACTOR_SPACE_COVERAGE,1097,2192,8,8,8,0,0,8,8,0,0,False,False,,,,,,,0.008353912999155
VALIDATION_SEEN_AFTER_V1,VUE010,rosbag2_2026_08_24-19_00_30,R2_BALANCED_PHYSICS_SCORE,12,True,True,False,MULTI_PARAMETER_OR_FACTOR_SPACE_COVERAGE,1097,2192,12,12,12,0,0,12,12,0,0,False,False,,,,,,,0.008353912999155
VALIDATION_SEEN_AFTER_V1,VUE010,rosbag2_2026_08_24-19_00_30,R2_BALANCED_PHYSICS_SCORE,16,True,True,False,MULTI_PARAMETER_OR_FACTOR_SPACE_COVERAGE,1097,2192,16,16,16,0,0,16,16,0,0,False,False,,,,,,,0.008353912999155
VALIDATION_SEEN_AFTER_V1,VUE010,rosbag2_2026_08_24-19_00_30,R2_BALANCED_PHYSICS_SCORE,24,True,True,False,MULTI_PARAMETER_OR_FACTOR_SPACE_COVERAGE,1097,2192,24,24,24,0,0,24,24,0,0,False,False,,,,,,,0.008353912999155
VALIDATION_SEEN_AFTER_V1,VUE010,rosbag2_2026_08_24-19_00_30,R3_LEXICOGRAPHIC_COVERAGE_RESERVE,8,True,True,False,MULTI_PARAMETER_OR_FACTOR_SPACE_COVERAGE,1097,2192,8,8,8,0,0,8,8,0,0,False,False,,,,,,,0.022314428999379743
VALIDATION_SEEN_AFTER_V1,VUE010,rosbag2_2026_08_24-19_00_30,R3_LEXICOGRAPHIC_COVERAGE_RESERVE,12,True,True,False,MULTI_PARAMETER_OR_FACTOR_SPACE_COVERAGE,1097,2192,12,12,11,0,1,12,11,0,0,False,False,,,,,,,0.022314428999379743
VALIDATION_SEEN_AFTER_V1,VUE010,rosbag2_2026_08_24-19_00_30,R3_LEXICOGRAPHIC_COVERAGE_RESERVE,16,True,True,False,MULTI_PARAMETER_OR_FACTOR_SPACE_COVERAGE,1097,2192,16,16,15,0,1,16,15,0,0,False,False,,,,,,,0.022314428999379743
VALIDATION_SEEN_AFTER_V1,VUE010,rosbag2_2026_08_24-19_00_30,R3_LEXICOGRAPHIC_COVERAGE_RESERVE,24,True,True,False,MULTI_PARAMETER_OR_FACTOR_SPACE_COVERAGE,1097,2192,24,24,23,0,1,24,23,0,0,False,False,,,,,,,0.022314428999379743
VALIDATION_SEEN_AFTER_V1,VUE011,rosbag2_2026_08_24-19_00_30,R1_FEASIBILITY_LEXICOGRAPHIC,8,True,True,False,NOT_IN_REMAINING_MISS_TABLE,1400,2798,8,8,8,0,0,8,8,0,0,False,False,,,,,,,0.009831233997829258
VALIDATION_SEEN_AFTER_V1,VUE011,rosbag2_2026_08_24-19_00_30,R1_FEASIBILITY_LEXICOGRAPHIC,12,True,True,False,NOT_IN_REMAINING_MISS_TABLE,1400,2798,12,12,12,0,0,12,12,0,0,False,False,,,,,,,0.009831233997829258
VALIDATION_SEEN_AFTER_V1,VUE011,rosbag2_2026_08_24-19_00_30,R1_FEASIBILITY_LEXICOGRAPHIC,16,True,True,False,NOT_IN_REMAINING_MISS_TABLE,1400,2798,16,16,16,0,0,16,16,0,0,False,False,,,,,,,0.009831233997829258
VALIDATION_SEEN_AFTER_V1,VUE011,rosbag2_2026_08_24-19_00_30,R1_FEASIBILITY_LEXICOGRAPHIC,24,True,True,False,NOT_IN_REMAINING_MISS_TABLE,1400,2798,24,24,24,0,0,24,24,0,0,False,False,,,,,,,0.009831233997829258
VALIDATION_SEEN_AFTER_V1,VUE011,rosbag2_2026_08_24-19_00_30,R2_BALANCED_PHYSICS_SCORE,8,True,True,False,NOT_IN_REMAINING_MISS_TABLE,1400,2798,8,8,8,0,0,8,8,8,0,True,False,LEFT,0.50579465246408206,0.48579465246408204,0.51458109301505117,0.49716841625749453,,0.008027973999560345
VALIDATION_SEEN_AFTER_V1,VUE011,rosbag2_2026_08_24-19_00_30,R2_BALANCED_PHYSICS_SCORE,12,True,True,False,NOT_IN_REMAINING_MISS_TABLE,1400,2798,12,12,12,0,0,12,12,12,0,True,False,LEFT,0.50579465246408206,0.48579465246408204,0.51458109301505117,0.49716841625749453,,0.008027973999560345
VALIDATION_SEEN_AFTER_V1,VUE011,rosbag2_2026_08_24-19_00_30,R2_BALANCED_PHYSICS_SCORE,16,True,True,False,NOT_IN_REMAINING_MISS_TABLE,1400,2798,16,16,16,0,0,16,16,16,0,True,False,LEFT,0.4537500000000001,0.43375000000000008,0.51458109301505117,0.49716841625749453,,0.008027973999560345
VALIDATION_SEEN_AFTER_V1,VUE011,rosbag2_2026_08_24-19_00_30,R2_BALANCED_PHYSICS_SCORE,24,True,True,False,NOT_IN_REMAINING_MISS_TABLE,1400,2798,24,24,24,0,0,24,24,24,0,True,False,LEFT,0.301875,0.291875,0.51458109301505117,0.49716841625749453,,0.008027973999560345
VALIDATION_SEEN_AFTER_V1,VUE011,rosbag2_2026_08_24-19_00_30,R3_LEXICOGRAPHIC_COVERAGE_RESERVE,8,True,True,False,NOT_IN_REMAINING_MISS_TABLE,1400,2798,8,8,8,0,0,8,8,0,0,False,False,,,,,,,0.020328501996118575
VALIDATION_SEEN_AFTER_V1,VUE011,rosbag2_2026_08_24-19_00_30,R3_LEXICOGRAPHIC_COVERAGE_RESERVE,12,True,True,False,NOT_IN_REMAINING_MISS_TABLE,1400,2798,12,12,12,0,0,12,12,1,0,True,False,LEFT,0.51204465246408204,0.50204465246408203,0.51458109301505117,0.49716841625749453,,0.020328501996118575
VALIDATION_SEEN_AFTER_V1,VUE011,rosbag2_2026_08_24-19_00_30,R3_LEXICOGRAPHIC_COVERAGE_RESERVE,16,True,True,False,NOT_IN_REMAINING_MISS_TABLE,1400,2798,16,16,16,0,0,16,16,1,0,True,False,LEFT,0.51204465246408204,0.50204465246408203,0.51458109301505117,0.49716841625749453,,0.020328501996118575
VALIDATION_SEEN_AFTER_V1,VUE011,rosbag2_2026_08_24-19_00_30,R3_LEXICOGRAPHIC_COVERAGE_RESERVE,24,True,True,False,NOT_IN_REMAINING_MISS_TABLE,1400,2798,24,24,24,0,0,24,24,4,0,True,False,LEFT,0.301875,0.301875,0.71366941165554731,0.49716841625749453,,0.020328501996118575
VALIDATION_SEEN_AFTER_V1,VUE012,rosbag2_2026_08_24-19_00_30,R1_FEASIBILITY_LEXICOGRAPHIC,8,True,True,False,MULTI_PARAMETER_OR_FACTOR_SPACE_COVERAGE,1179,2356,8,8,8,0,0,8,8,0,0,False,False,,,,,,,0.01024217699887231
VALIDATION_SEEN_AFTER_V1,VUE012,rosbag2_2026_08_24-19_00_30,R1_FEASIBILITY_LEXICOGRAPHIC,12,True,True,False,MULTI_PARAMETER_OR_FACTOR_SPACE_COVERAGE,1179,2356,12,12,12,0,0,12,12,0,0,False,False,,,,,,,0.01024217699887231
VALIDATION_SEEN_AFTER_V1,VUE012,rosbag2_2026_08_24-19_00_30,R1_FEASIBILITY_LEXICOGRAPHIC,16,True,True,False,MULTI_PARAMETER_OR_FACTOR_SPACE_COVERAGE,1179,2356,16,16,16,0,0,16,16,0,0,False,False,,,,,,,0.01024217699887231
VALIDATION_SEEN_AFTER_V1,VUE012,rosbag2_2026_08_24-19_00_30,R1_FEASIBILITY_LEXICOGRAPHIC,24,True,True,False,MULTI_PARAMETER_OR_FACTOR_SPACE_COVERAGE,1179,2356,24,24,24,0,0,24,24,0,0,False,False,,,,,,,0.01024217699887231
VALIDATION_SEEN_AFTER_V1,VUE012,rosbag2_2026_08_24-19_00_30,R2_BALANCED_PHYSICS_SCORE,8,True,True,False,MULTI_PARAMETER_OR_FACTOR_SPACE_COVERAGE,1179,2356,8,8,8,0,0,8,8,0,0,False,False,,,,,,,0.009021467994898558
VALIDATION_SEEN_AFTER_V1,VUE012,rosbag2_2026_08_24-19_00_30,R2_BALANCED_PHYSICS_SCORE,12,True,True,False,MULTI_PARAMETER_OR_FACTOR_SPACE_COVERAGE,1179,2356,12,12,12,0,0,12,12,0,0,False,False,,,,,,,0.009021467994898558
VALIDATION_SEEN_AFTER_V1,VUE012,rosbag2_2026_08_24-19_00_30,R2_BALANCED_PHYSICS_SCORE,16,True,True,False,MULTI_PARAMETER_OR_FACTOR_SPACE_COVERAGE,1179,2356,16,16,16,0,0,16,16,0,0,False,False,,,,,,,0.009021467994898558
VALIDATION_SEEN_AFTER_V1,VUE012,rosbag2_2026_08_24-19_00_30,R2_BALANCED_PHYSICS_SCORE,24,True,True,False,MULTI_PARAMETER_OR_FACTOR_SPACE_COVERAGE,1179,2356,24,24,24,0,0,24,24,0,0,False,False,,,,,,,0.009021467994898558
VALIDATION_SEEN_AFTER_V1,VUE012,rosbag2_2026_08_24-19_00_30,R3_LEXICOGRAPHIC_COVERAGE_RESERVE,8,True,True,False,MULTI_PARAMETER_OR_FACTOR_SPACE_COVERAGE,1179,2356,8,8,8,0,0,8,8,0,0,False,False,,,,,,,0.01964989400585182
VALIDATION_SEEN_AFTER_V1,VUE012,rosbag2_2026_08_24-19_00_30,R3_LEXICOGRAPHIC_COVERAGE_RESERVE,12,True,True,False,MULTI_PARAMETER_OR_FACTOR_SPACE_COVERAGE,1179,2356,12,12,12,0,0,12,12,0,0,False,False,,,,,,,0.01964989400585182
VALIDATION_SEEN_AFTER_V1,VUE012,rosbag2_2026_08_24-19_00_30,R3_LEXICOGRAPHIC_COVERAGE_RESERVE,16,True,True,False,MULTI_PARAMETER_OR_FACTOR_SPACE_COVERAGE,1179,2356,16,16,16,0,0,16,16,0,0,False,False,,,,,,,0.01964989400585182
VALIDATION_SEEN_AFTER_V1,VUE012,rosbag2_2026_08_24-19_00_30,R3_LEXICOGRAPHIC_COVERAGE_RESERVE,24,True,True,False,MULTI_PARAMETER_OR_FACTOR_SPACE_COVERAGE,1179,2356,24,24,24,0,0,24,24,0,0,False,False,,,,,,,0.01964989400585182
VALIDATION_SEEN_AFTER_V1,VUE013,rosbag2_2026_08_24-19_00_30,R1_FEASIBILITY_LEXICOGRAPHIC,8,True,True,False,CANDIDATE_BUDGET_TRUNCATION,1292,10328,8,8,8,0,0,8,8,0,0,False,False,,,,,,,0.018908432000898756
VALIDATION_SEEN_AFTER_V1,VUE013,rosbag2_2026_08_24-19_00_30,R1_FEASIBILITY_LEXICOGRAPHIC,12,True,True,False,CANDIDATE_BUDGET_TRUNCATION,1292,10328,12,12,12,0,0,12,12,0,0,False,False,,,,,,,0.018908432000898756
VALIDATION_SEEN_AFTER_V1,VUE013,rosbag2_2026_08_24-19_00_30,R1_FEASIBILITY_LEXICOGRAPHIC,16,True,True,False,CANDIDATE_BUDGET_TRUNCATION,1292,10328,16,16,16,0,0,16,16,0,0,False,False,,,,,,,0.018908432000898756
VALIDATION_SEEN_AFTER_V1,VUE013,rosbag2_2026_08_24-19_00_30,R1_FEASIBILITY_LEXICOGRAPHIC,24,True,True,False,CANDIDATE_BUDGET_TRUNCATION,1292,10328,24,24,24,0,0,24,24,0,0,False,False,,,,,,,0.018908432000898756
VALIDATION_SEEN_AFTER_V1,VUE013,rosbag2_2026_08_24-19_00_30,R2_BALANCED_PHYSICS_SCORE,8,True,True,False,CANDIDATE_BUDGET_TRUNCATION,1292,10328,8,8,8,0,0,8,8,0,0,False,False,,,,,,,0.015593707998050377
VALIDATION_SEEN_AFTER_V1,VUE013,rosbag2_2026_08_24-19_00_30,R2_BALANCED_PHYSICS_SCORE,12,True,True,False,CANDIDATE_BUDGET_TRUNCATION,1292,10328,12,12,12,0,0,12,12,0,0,False,False,,,,,,,0.015593707998050377
VALIDATION_SEEN_AFTER_V1,VUE013,rosbag2_2026_08_24-19_00_30,R2_BALANCED_PHYSICS_SCORE,16,True,True,False,CANDIDATE_BUDGET_TRUNCATION,1292,10328,16,16,16,0,0,16,16,0,0,False,False,,,,,,,0.015593707998050377
VALIDATION_SEEN_AFTER_V1,VUE013,rosbag2_2026_08_24-19_00_30,R2_BALANCED_PHYSICS_SCORE,24,True,True,False,CANDIDATE_BUDGET_TRUNCATION,1292,10328,24,24,24,0,0,24,24,0,0,False,False,,,,,,,0.015593707998050377
VALIDATION_SEEN_AFTER_V1,VUE013,rosbag2_2026_08_24-19_00_30,R3_LEXICOGRAPHIC_COVERAGE_RESERVE,8,True,True,False,CANDIDATE_BUDGET_TRUNCATION,1292,10328,8,8,8,0,0,8,8,0,0,False,False,,,,,,,0.0366682009989745
VALIDATION_SEEN_AFTER_V1,VUE013,rosbag2_2026_08_24-19_00_30,R3_LEXICOGRAPHIC_COVERAGE_RESERVE,12,True,True,False,CANDIDATE_BUDGET_TRUNCATION,1292,10328,12,12,10,0,2,12,10,0,0,False,False,,,,,,,0.0366682009989745
VALIDATION_SEEN_AFTER_V1,VUE013,rosbag2_2026_08_24-19_00_30,R3_LEXICOGRAPHIC_COVERAGE_RESERVE,16,True,True,False,CANDIDATE_BUDGET_TRUNCATION,1292,10328,16,16,14,0,2,16,14,0,0,False,False,,,,,,,0.0366682009989745
VALIDATION_SEEN_AFTER_V1,VUE013,rosbag2_2026_08_24-19_00_30,R3_LEXICOGRAPHIC_COVERAGE_RESERVE,24,True,True,False,CANDIDATE_BUDGET_TRUNCATION,1292,10328,24,24,18,0,6,24,18,0,0,False,False,,,,,,,0.0366682009989745
VALIDATION_SEEN_AFTER_V1,VUE014,rosbag2_2026_08_24-19_00_30,R1_FEASIBILITY_LEXICOGRAPHIC,8,True,True,False,NOT_IN_REMAINING_MISS_TABLE,1227,2452,8,8,8,0,0,8,8,0,0,False,False,,,,,,,0.009294843999668956
VALIDATION_SEEN_AFTER_V1,VUE014,rosbag2_2026_08_24-19_00_30,R1_FEASIBILITY_LEXICOGRAPHIC,12,True,True,False,NOT_IN_REMAINING_MISS_TABLE,1227,2452,12,12,12,0,0,12,12,0,0,False,False,,,,,,,0.009294843999668956
VALIDATION_SEEN_AFTER_V1,VUE014,rosbag2_2026_08_24-19_00_30,R1_FEASIBILITY_LEXICOGRAPHIC,16,True,True,False,NOT_IN_REMAINING_MISS_TABLE,1227,2452,16,16,16,0,0,16,16,0,0,False,False,,,,,,,0.009294843999668956
VALIDATION_SEEN_AFTER_V1,VUE014,rosbag2_2026_08_24-19_00_30,R1_FEASIBILITY_LEXICOGRAPHIC,24,True,True,False,NOT_IN_REMAINING_MISS_TABLE,1227,2452,24,24,24,0,0,24,24,0,0,False,False,,,,,,,0.009294843999668956
VALIDATION_SEEN_AFTER_V1,VUE014,rosbag2_2026_08_24-19_00_30,R2_BALANCED_PHYSICS_SCORE,8,True,True,False,NOT_IN_REMAINING_MISS_TABLE,1227,2452,8,8,8,0,0,8,8,0,0,False,False,,,,,,,0.013140332004695665
VALIDATION_SEEN_AFTER_V1,VUE014,rosbag2_2026_08_24-19_00_30,R2_BALANCED_PHYSICS_SCORE,12,True,True,False,NOT_IN_REMAINING_MISS_TABLE,1227,2452,12,12,12,0,0,12,12,0,0,False,False,,,,,,,0.013140332004695665
VALIDATION_SEEN_AFTER_V1,VUE014,rosbag2_2026_08_24-19_00_30,R2_BALANCED_PHYSICS_SCORE,16,True,True,False,NOT_IN_REMAINING_MISS_TABLE,1227,2452,16,16,16,0,0,16,16,0,0,False,False,,,,,,,0.013140332004695665
VALIDATION_SEEN_AFTER_V1,VUE014,rosbag2_2026_08_24-19_00_30,R2_BALANCED_PHYSICS_SCORE,24,True,True,False,NOT_IN_REMAINING_MISS_TABLE,1227,2452,24,24,24,0,0,24,24,0,0,False,False,,,,,,,0.013140332004695665
VALIDATION_SEEN_AFTER_V1,VUE014,rosbag2_2026_08_24-19_00_30,R3_LEXICOGRAPHIC_COVERAGE_RESERVE,8,True,True,False,NOT_IN_REMAINING_MISS_TABLE,1227,2452,8,8,8,0,0,8,8,0,0,False,False,,,,,,,0.0186921670101583
VALIDATION_SEEN_AFTER_V1,VUE014,rosbag2_2026_08_24-19_00_30,R3_LEXICOGRAPHIC_COVERAGE_RESERVE,12,True,True,False,NOT_IN_REMAINING_MISS_TABLE,1227,2452,12,12,10,0,2,12,10,0,0,False,False,,,,,,,0.0186921670101583
VALIDATION_SEEN_AFTER_V1,VUE014,rosbag2_2026_08_24-19_00_30,R3_LEXICOGRAPHIC_COVERAGE_RESERVE,16,True,True,False,NOT_IN_REMAINING_MISS_TABLE,1227,2452,16,16,14,0,2,16,14,0,0,False,False,,,,,,,0.0186921670101583
VALIDATION_SEEN_AFTER_V1,VUE014,rosbag2_2026_08_24-19_00_30,R3_LEXICOGRAPHIC_COVERAGE_RESERVE,24,True,True,False,NOT_IN_REMAINING_MISS_TABLE,1227,2452,24,24,18,0,6,24,18,0,0,False,False,,,,,,,0.0186921670101583
VALIDATION_SEEN_AFTER_V1,VUE015,rosbag2_2026_08_24-19_00_30,R1_FEASIBILITY_LEXICOGRAPHIC,8,True,False,False,NOT_IN_REMAINING_MISS_TABLE,1373,2744,8,8,8,0,0,8,8,0,0,False,False,,,,,,,0.00796942300075898
VALIDATION_SEEN_AFTER_V1,VUE015,rosbag2_2026_08_24-19_00_30,R1_FEASIBILITY_LEXICOGRAPHIC,12,True,False,False,NOT_IN_REMAINING_MISS_TABLE,1373,2744,12,12,12,0,0,12,12,0,0,False,False,,,,,,,0.00796942300075898
VALIDATION_SEEN_AFTER_V1,VUE015,rosbag2_2026_08_24-19_00_30,R1_FEASIBILITY_LEXICOGRAPHIC,16,True,False,False,NOT_IN_REMAINING_MISS_TABLE,1373,2744,16,16,16,0,0,16,16,0,0,False,False,,,,,,,0.00796942300075898
VALIDATION_SEEN_AFTER_V1,VUE015,rosbag2_2026_08_24-19_00_30,R1_FEASIBILITY_LEXICOGRAPHIC,24,True,False,False,NOT_IN_REMAINING_MISS_TABLE,1373,2744,24,24,24,0,0,24,24,0,0,False,False,,,,,,,0.00796942300075898
VALIDATION_SEEN_AFTER_V1,VUE015,rosbag2_2026_08_24-19_00_30,R2_BALANCED_PHYSICS_SCORE,8,True,False,False,NOT_IN_REMAINING_MISS_TABLE,1373,2744,8,8,8,0,0,8,8,0,0,False,False,,,,,,,0.008137783996062353
VALIDATION_SEEN_AFTER_V1,VUE015,rosbag2_2026_08_24-19_00_30,R2_BALANCED_PHYSICS_SCORE,12,True,False,False,NOT_IN_REMAINING_MISS_TABLE,1373,2744,12,12,12,0,0,12,12,0,0,False,False,,,,,,,0.008137783996062353
VALIDATION_SEEN_AFTER_V1,VUE015,rosbag2_2026_08_24-19_00_30,R2_BALANCED_PHYSICS_SCORE,16,True,False,False,NOT_IN_REMAINING_MISS_TABLE,1373,2744,16,16,16,0,0,16,16,0,0,False,False,,,,,,,0.008137783996062353
VALIDATION_SEEN_AFTER_V1,VUE015,rosbag2_2026_08_24-19_00_30,R2_BALANCED_PHYSICS_SCORE,24,True,False,False,NOT_IN_REMAINING_MISS_TABLE,1373,2744,24,24,24,0,0,24,24,0,0,False,False,,,,,,,0.008137783996062353
VALIDATION_SEEN_AFTER_V1,VUE015,rosbag2_2026_08_24-19_00_30,R3_LEXICOGRAPHIC_COVERAGE_RESERVE,8,True,False,False,NOT_IN_REMAINING_MISS_TABLE,1373,2744,8,8,8,0,0,8,8,0,0,False,False,,,,,,,0.021633433003444225
VALIDATION_SEEN_AFTER_V1,VUE015,rosbag2_2026_08_24-19_00_30,R3_LEXICOGRAPHIC_COVERAGE_RESERVE,12,True,False,False,NOT_IN_REMAINING_MISS_TABLE,1373,2744,12,12,10,0,2,12,10,0,0,False,False,,,,,,,0.021633433003444225
VALIDATION_SEEN_AFTER_V1,VUE015,rosbag2_2026_08_24-19_00_30,R3_LEXICOGRAPHIC_COVERAGE_RESERVE,16,True,False,False,NOT_IN_REMAINING_MISS_TABLE,1373,2744,16,16,14,0,2,16,14,0,0,False,False,,,,,,,0.021633433003444225
VALIDATION_SEEN_AFTER_V1,VUE015,rosbag2_2026_08_24-19_00_30,R3_LEXICOGRAPHIC_COVERAGE_RESERVE,24,True,False,False,NOT_IN_REMAINING_MISS_TABLE,1373,2744,24,24,18,0,6,24,18,0,0,False,False,,,,,,,0.021633433003444225
VALIDATION_SEEN_AFTER_V1,VUE016,rosbag2_2026_08_24-19_00_30,R1_FEASIBILITY_LEXICOGRAPHIC,8,True,False,False,NOT_IN_REMAINING_MISS_TABLE,1073,3216,8,8,8,0,0,8,8,0,0,False,False,,,,,,,0.017699825002637226
VALIDATION_SEEN_AFTER_V1,VUE016,rosbag2_2026_08_24-19_00_30,R1_FEASIBILITY_LEXICOGRAPHIC,12,True,False,False,NOT_IN_REMAINING_MISS_TABLE,1073,3216,12,12,12,0,0,12,12,0,0,False,False,,,,,,,0.017699825002637226
VALIDATION_SEEN_AFTER_V1,VUE016,rosbag2_2026_08_24-19_00_30,R1_FEASIBILITY_LEXICOGRAPHIC,16,True,False,False,NOT_IN_REMAINING_MISS_TABLE,1073,3216,16,16,16,0,0,16,16,0,0,False,False,,,,,,,0.017699825002637226
VALIDATION_SEEN_AFTER_V1,VUE016,rosbag2_2026_08_24-19_00_30,R1_FEASIBILITY_LEXICOGRAPHIC,24,True,False,False,NOT_IN_REMAINING_MISS_TABLE,1073,3216,24,24,24,0,0,24,24,0,0,False,False,,,,,,,0.017699825002637226
VALIDATION_SEEN_AFTER_V1,VUE016,rosbag2_2026_08_24-19_00_30,R2_BALANCED_PHYSICS_SCORE,8,True,False,False,NOT_IN_REMAINING_MISS_TABLE,1073,3216,8,8,8,0,0,8,8,0,0,False,False,,,,,,,0.01937902200006647
VALIDATION_SEEN_AFTER_V1,VUE016,rosbag2_2026_08_24-19_00_30,R2_BALANCED_PHYSICS_SCORE,12,True,False,False,NOT_IN_REMAINING_MISS_TABLE,1073,3216,12,12,12,0,0,12,12,0,0,False,False,,,,,,,0.01937902200006647
VALIDATION_SEEN_AFTER_V1,VUE016,rosbag2_2026_08_24-19_00_30,R2_BALANCED_PHYSICS_SCORE,16,True,False,False,NOT_IN_REMAINING_MISS_TABLE,1073,3216,16,16,16,0,0,16,16,0,0,False,False,,,,,,,0.01937902200006647
VALIDATION_SEEN_AFTER_V1,VUE016,rosbag2_2026_08_24-19_00_30,R2_BALANCED_PHYSICS_SCORE,24,True,False,False,NOT_IN_REMAINING_MISS_TABLE,1073,3216,24,24,24,0,0,24,24,0,0,False,False,,,,,,,0.01937902200006647
VALIDATION_SEEN_AFTER_V1,VUE016,rosbag2_2026_08_24-19_00_30,R3_LEXICOGRAPHIC_COVERAGE_RESERVE,8,True,False,False,NOT_IN_REMAINING_MISS_TABLE,1073,3216,8,8,8,0,0,8,8,0,0,False,False,,,,,,,0.044498139002826065
VALIDATION_SEEN_AFTER_V1,VUE016,rosbag2_2026_08_24-19_00_30,R3_LEXICOGRAPHIC_COVERAGE_RESERVE,12,True,False,False,NOT_IN_REMAINING_MISS_TABLE,1073,3216,12,12,11,0,1,12,11,0,0,False,False,,,,,,,0.044498139002826065
VALIDATION_SEEN_AFTER_V1,VUE016,rosbag2_2026_08_24-19_00_30,R3_LEXICOGRAPHIC_COVERAGE_RESERVE,16,True,False,False,NOT_IN_REMAINING_MISS_TABLE,1073,3216,16,16,15,0,1,16,15,0,0,False,False,,,,,,,0.044498139002826065
VALIDATION_SEEN_AFTER_V1,VUE016,rosbag2_2026_08_24-19_00_30,R3_LEXICOGRAPHIC_COVERAGE_RESERVE,24,True,False,False,NOT_IN_REMAINING_MISS_TABLE,1073,3216,24,24,19,0,5,24,19,0,0,False,False,,,,,,,0.044498139002826065
VALIDATION_SEEN_AFTER_V1,VUE017,rosbag2_2026_08_24-19_00_30,R1_FEASIBILITY_LEXICOGRAPHIC,8,True,False,False,NOT_IN_REMAINING_MISS_TABLE,1077,2152,8,8,8,0,0,8,8,0,0,False,False,,,,,,,0.006189993997395504
VALIDATION_SEEN_AFTER_V1,VUE017,rosbag2_2026_08_24-19_00_30,R1_FEASIBILITY_LEXICOGRAPHIC,12,True,False,False,NOT_IN_REMAINING_MISS_TABLE,1077,2152,12,12,12,0,0,12,12,0,0,False,False,,,,,,,0.006189993997395504
VALIDATION_SEEN_AFTER_V1,VUE017,rosbag2_2026_08_24-19_00_30,R1_FEASIBILITY_LEXICOGRAPHIC,16,True,False,False,NOT_IN_REMAINING_MISS_TABLE,1077,2152,16,16,16,0,0,16,16,0,0,False,False,,,,,,,0.006189993997395504
VALIDATION_SEEN_AFTER_V1,VUE017,rosbag2_2026_08_24-19_00_30,R1_FEASIBILITY_LEXICOGRAPHIC,24,True,False,False,NOT_IN_REMAINING_MISS_TABLE,1077,2152,24,24,24,0,0,24,24,0,0,False,False,,,,,,,0.006189993997395504
VALIDATION_SEEN_AFTER_V1,VUE017,rosbag2_2026_08_24-19_00_30,R2_BALANCED_PHYSICS_SCORE,8,True,False,False,NOT_IN_REMAINING_MISS_TABLE,1077,2152,8,8,8,0,0,8,8,0,0,False,False,,,,,,,0.007435679995978717
VALIDATION_SEEN_AFTER_V1,VUE017,rosbag2_2026_08_24-19_00_30,R2_BALANCED_PHYSICS_SCORE,12,True,False,False,NOT_IN_REMAINING_MISS_TABLE,1077,2152,12,12,12,0,0,12,12,0,0,False,False,,,,,,,0.007435679995978717
VALIDATION_SEEN_AFTER_V1,VUE017,rosbag2_2026_08_24-19_00_30,R2_BALANCED_PHYSICS_SCORE,16,True,False,False,NOT_IN_REMAINING_MISS_TABLE,1077,2152,16,16,16,0,0,16,16,0,0,False,False,,,,,,,0.007435679995978717
VALIDATION_SEEN_AFTER_V1,VUE017,rosbag2_2026_08_24-19_00_30,R2_BALANCED_PHYSICS_SCORE,24,True,False,False,NOT_IN_REMAINING_MISS_TABLE,1077,2152,24,24,24,0,0,24,24,0,0,False,False,,,,,,,0.007435679995978717
VALIDATION_SEEN_AFTER_V1,VUE017,rosbag2_2026_08_24-19_00_30,R3_LEXICOGRAPHIC_COVERAGE_RESERVE,8,True,False,False,NOT_IN_REMAINING_MISS_TABLE,1077,2152,8,8,8,0,0,8,8,0,0,False,False,,,,,,,0.014372356999956537
VALIDATION_SEEN_AFTER_V1,VUE017,rosbag2_2026_08_24-19_00_30,R3_LEXICOGRAPHIC_COVERAGE_RESERVE,12,True,False,False,NOT_IN_REMAINING_MISS_TABLE,1077,2152,12,12,12,0,0,12,12,0,0,False,False,,,,,,,0.014372356999956537
VALIDATION_SEEN_AFTER_V1,VUE017,rosbag2_2026_08_24-19_00_30,R3_LEXICOGRAPHIC_COVERAGE_RESERVE,16,True,False,False,NOT_IN_REMAINING_MISS_TABLE,1077,2152,16,16,16,0,0,16,16,0,0,False,False,,,,,,,0.014372356999956537
VALIDATION_SEEN_AFTER_V1,VUE017,rosbag2_2026_08_24-19_00_30,R3_LEXICOGRAPHIC_COVERAGE_RESERVE,24,True,False,False,NOT_IN_REMAINING_MISS_TABLE,1077,2152,24,24,24,0,0,24,24,0,0,False,False,,,,,,,0.014372356999956537
VALIDATION_SEEN_AFTER_V1,VUE018,rosbag2_2026_08_24-19_00_30,R1_FEASIBILITY_LEXICOGRAPHIC,8,True,True,True,PROBE_ROOT_OR_D_MID_SELECTION,1204,9623,8,8,8,0,0,8,8,8,8,True,True,RIGHT,-0.33720848132730785,-0.35244962632503296,1.310934367577036,0.59340111172282095,98ccabf32fa2e493,0.01349447900429368
VALIDATION_SEEN_AFTER_V1,VUE018,rosbag2_2026_08_24-19_00_30,R1_FEASIBILITY_LEXICOGRAPHIC,12,True,True,True,PROBE_ROOT_OR_D_MID_SELECTION,1204,9623,12,12,12,0,0,12,12,12,12,True,True,RIGHT,-0.33720848132730785,-0.35244962632503296,1.310934367577036,0.59340111172282095,98ccabf32fa2e493,0.01349447900429368
VALIDATION_SEEN_AFTER_V1,VUE018,rosbag2_2026_08_24-19_00_30,R1_FEASIBILITY_LEXICOGRAPHIC,16,True,True,True,PROBE_ROOT_OR_D_MID_SELECTION,1204,9623,16,16,16,0,0,16,16,14,14,True,True,RIGHT,-0.33720848132730785,-0.35244962632503296,1.310934367577036,0.59340111172282095,98ccabf32fa2e493,0.01349447900429368
VALIDATION_SEEN_AFTER_V1,VUE018,rosbag2_2026_08_24-19_00_30,R1_FEASIBILITY_LEXICOGRAPHIC,24,True,True,True,PROBE_ROOT_OR_D_MID_SELECTION,1204,9623,24,24,24,0,0,24,24,14,14,True,True,RIGHT,-0.33720848132730785,-0.35244962632503296,1.310934367577036,0.59340111172282095,98ccabf32fa2e493,0.01349447900429368
VALIDATION_SEEN_AFTER_V1,VUE018,rosbag2_2026_08_24-19_00_30,R2_BALANCED_PHYSICS_SCORE,8,True,True,True,PROBE_ROOT_OR_D_MID_SELECTION,1204,9623,8,8,8,0,0,8,8,8,8,True,True,RIGHT,-0.33720848132730785,-0.35244962632503296,1.310934367577036,0.59340111172282095,98ccabf32fa2e493,0.014386181996087544
VALIDATION_SEEN_AFTER_V1,VUE018,rosbag2_2026_08_24-19_00_30,R2_BALANCED_PHYSICS_SCORE,12,True,True,True,PROBE_ROOT_OR_D_MID_SELECTION,1204,9623,12,12,12,0,0,12,12,12,12,True,True,RIGHT,-0.33720848132730785,-0.35244962632503296,1.310934367577036,0.59340111172282095,98ccabf32fa2e493,0.014386181996087544
VALIDATION_SEEN_AFTER_V1,VUE018,rosbag2_2026_08_24-19_00_30,R2_BALANCED_PHYSICS_SCORE,16,True,True,True,PROBE_ROOT_OR_D_MID_SELECTION,1204,9623,16,16,16,0,0,16,16,14,14,True,True,RIGHT,-0.33720848132730785,-0.35244962632503296,1.310934367577036,0.59340111172282095,98ccabf32fa2e493,0.014386181996087544
VALIDATION_SEEN_AFTER_V1,VUE018,rosbag2_2026_08_24-19_00_30,R2_BALANCED_PHYSICS_SCORE,24,True,True,True,PROBE_ROOT_OR_D_MID_SELECTION,1204,9623,24,24,24,0,0,24,24,14,14,True,True,RIGHT,-0.33720848132730785,-0.35244962632503296,1.310934367577036,0.59340111172282095,98ccabf32fa2e493,0.014386181996087544
VALIDATION_SEEN_AFTER_V1,VUE018,rosbag2_2026_08_24-19_00_30,R3_LEXICOGRAPHIC_COVERAGE_RESERVE,8,True,True,True,PROBE_ROOT_OR_D_MID_SELECTION,1204,9623,8,8,8,0,0,8,8,8,8,True,True,RIGHT,-0.33720848132730785,-0.35244962632503296,1.310934367577036,0.59340111172282095,98ccabf32fa2e493,0.04464870799711207
VALIDATION_SEEN_AFTER_V1,VUE018,rosbag2_2026_08_24-19_00_30,R3_LEXICOGRAPHIC_COVERAGE_RESERVE,12,True,True,True,PROBE_ROOT_OR_D_MID_SELECTION,1204,9623,12,12,12,0,0,12,12,10,10,True,True,RIGHT,-0.33720848132730785,-0.35244962632503296,1.310934367577036,0.59340111172282095,98ccabf32fa2e493,0.04464870799711207
VALIDATION_SEEN_AFTER_V1,VUE018,rosbag2_2026_08_24-19_00_30,R3_LEXICOGRAPHIC_COVERAGE_RESERVE,16,True,True,True,PROBE_ROOT_OR_D_MID_SELECTION,1204,9623,16,16,16,0,0,16,16,13,13,True,True,RIGHT,-0.33720848132730785,-0.35244962632503296,1.310934367577036,0.59340111172282095,98ccabf32fa2e493,0.04464870799711207
VALIDATION_SEEN_AFTER_V1,VUE018,rosbag2_2026_08_24-19_00_30,R3_LEXICOGRAPHIC_COVERAGE_RESERVE,24,True,True,True,PROBE_ROOT_OR_D_MID_SELECTION,1204,9623,24,24,24,0,0,24,24,14,14,True,True,RIGHT,-0.33720848132730785,-0.35244962632503296,1.310934367577036,0.59340111172282095,98ccabf32fa2e493,0.04464870799711207
VALIDATION_SEEN_AFTER_V1,VUE019,rosbag2_2026_08_24-19_00_30,R1_FEASIBILITY_LEXICOGRAPHIC,8,True,False,False,NOT_IN_REMAINING_MISS_TABLE,4471,71506,8,8,8,0,0,8,8,0,0,False,False,,,,,,,0.0212476480010082
VALIDATION_SEEN_AFTER_V1,VUE019,rosbag2_2026_08_24-19_00_30,R1_FEASIBILITY_LEXICOGRAPHIC,12,True,False,False,NOT_IN_REMAINING_MISS_TABLE,4471,71506,12,12,12,0,0,12,12,0,0,False,False,,,,,,,0.0212476480010082
VALIDATION_SEEN_AFTER_V1,VUE019,rosbag2_2026_08_24-19_00_30,R1_FEASIBILITY_LEXICOGRAPHIC,16,True,False,False,NOT_IN_REMAINING_MISS_TABLE,4471,71506,16,16,16,0,0,16,16,0,0,False,False,,,,,,,0.0212476480010082
VALIDATION_SEEN_AFTER_V1,VUE019,rosbag2_2026_08_24-19_00_30,R1_FEASIBILITY_LEXICOGRAPHIC,24,True,False,False,NOT_IN_REMAINING_MISS_TABLE,4471,71506,24,24,24,0,0,24,24,0,0,False,False,,,,,,,0.0212476480010082
VALIDATION_SEEN_AFTER_V1,VUE019,rosbag2_2026_08_24-19_00_30,R2_BALANCED_PHYSICS_SCORE,8,True,False,False,NOT_IN_REMAINING_MISS_TABLE,4471,71506,8,8,8,0,0,8,8,0,0,False,False,,,,,,,0.02539091999642551
VALIDATION_SEEN_AFTER_V1,VUE019,rosbag2_2026_08_24-19_00_30,R2_BALANCED_PHYSICS_SCORE,12,True,False,False,NOT_IN_REMAINING_MISS_TABLE,4471,71506,12,12,12,0,0,12,12,0,0,False,False,,,,,,,0.02539091999642551
VALIDATION_SEEN_AFTER_V1,VUE019,rosbag2_2026_08_24-19_00_30,R2_BALANCED_PHYSICS_SCORE,16,True,False,False,NOT_IN_REMAINING_MISS_TABLE,4471,71506,16,16,16,0,0,16,16,0,0,False,False,,,,,,,0.02539091999642551
VALIDATION_SEEN_AFTER_V1,VUE019,rosbag2_2026_08_24-19_00_30,R2_BALANCED_PHYSICS_SCORE,24,True,False,False,NOT_IN_REMAINING_MISS_TABLE,4471,71506,24,24,24,0,0,24,24,0,0,False,False,,,,,,,0.02539091999642551
VALIDATION_SEEN_AFTER_V1,VUE019,rosbag2_2026_08_24-19_00_30,R3_LEXICOGRAPHIC_COVERAGE_RESERVE,8,True,False,False,NOT_IN_REMAINING_MISS_TABLE,4471,71506,8,8,8,0,0,8,8,0,0,False,False,,,,,,,0.055929106994881295
VALIDATION_SEEN_AFTER_V1,VUE019,rosbag2_2026_08_24-19_00_30,R3_LEXICOGRAPHIC_COVERAGE_RESERVE,12,True,False,False,NOT_IN_REMAINING_MISS_TABLE,4471,71506,12,12,12,0,0,12,12,0,0,False,False,,,,,,,0.055929106994881295
VALIDATION_SEEN_AFTER_V1,VUE019,rosbag2_2026_08_24-19_00_30,R3_LEXICOGRAPHIC_COVERAGE_RESERVE,16,True,False,False,NOT_IN_REMAINING_MISS_TABLE,4471,71506,16,16,16,0,0,16,16,0,0,False,False,,,,,,,0.055929106994881295
VALIDATION_SEEN_AFTER_V1,VUE019,rosbag2_2026_08_24-19_00_30,R3_LEXICOGRAPHIC_COVERAGE_RESERVE,24,True,False,False,NOT_IN_REMAINING_MISS_TABLE,4471,71506,24,24,24,0,0,24,24,0,0,False,False,,,,,,,0.055929106994881295
VALIDATION_SEEN_AFTER_V1,VUE020,rosbag2_2026_08_24-19_24_17,R1_FEASIBILITY_LEXICOGRAPHIC,8,True,True,True,MULTI_PARAMETER_OR_FACTOR_SPACE_COVERAGE,1033,2064,8,8,8,0,0,8,8,1,1,True,True,LEFT,0.41575544638207595,0.41575544638207595,0.51458109301505117,0.49716841625749453,814707825e82708f,0.007049639003525954
VALIDATION_SEEN_AFTER_V1,VUE020,rosbag2_2026_08_24-19_24_17,R1_FEASIBILITY_LEXICOGRAPHIC,12,True,True,True,MULTI_PARAMETER_OR_FACTOR_SPACE_COVERAGE,1033,2064,12,12,12,0,0,12,12,1,1,True,True,LEFT,0.41575544638207595,0.41575544638207595,0.51458109301505117,0.49716841625749453,814707825e82708f,0.007049639003525954
VALIDATION_SEEN_AFTER_V1,VUE020,rosbag2_2026_08_24-19_24_17,R1_FEASIBILITY_LEXICOGRAPHIC,16,True,True,True,MULTI_PARAMETER_OR_FACTOR_SPACE_COVERAGE,1033,2064,16,16,16,0,0,16,16,1,1,True,True,LEFT,0.41575544638207595,0.41575544638207595,0.51458109301505117,0.49716841625749453,814707825e82708f,0.007049639003525954
VALIDATION_SEEN_AFTER_V1,VUE020,rosbag2_2026_08_24-19_24_17,R1_FEASIBILITY_LEXICOGRAPHIC,24,True,True,True,MULTI_PARAMETER_OR_FACTOR_SPACE_COVERAGE,1033,2064,24,24,24,0,0,24,24,1,1,True,True,LEFT,0.41575544638207595,0.41575544638207595,0.51458109301505117,0.49716841625749453,814707825e82708f,0.007049639003525954
VALIDATION_SEEN_AFTER_V1,VUE020,rosbag2_2026_08_24-19_24_17,R2_BALANCED_PHYSICS_SCORE,8,True,True,True,MULTI_PARAMETER_OR_FACTOR_SPACE_COVERAGE,1033,2064,8,8,8,0,0,8,8,1,1,True,True,LEFT,0.41575544638207595,0.41575544638207595,0.51458109301505117,0.49716841625749453,814707825e82708f,0.008292563004943077
VALIDATION_SEEN_AFTER_V1,VUE020,rosbag2_2026_08_24-19_24_17,R2_BALANCED_PHYSICS_SCORE,12,True,True,True,MULTI_PARAMETER_OR_FACTOR_SPACE_COVERAGE,1033,2064,12,12,12,0,0,12,12,1,1,True,True,LEFT,0.41575544638207595,0.41575544638207595,0.51458109301505117,0.49716841625749453,814707825e82708f,0.008292563004943077
VALIDATION_SEEN_AFTER_V1,VUE020,rosbag2_2026_08_24-19_24_17,R2_BALANCED_PHYSICS_SCORE,16,True,True,True,MULTI_PARAMETER_OR_FACTOR_SPACE_COVERAGE,1033,2064,16,16,16,0,0,16,16,1,1,True,True,LEFT,0.41575544638207595,0.41575544638207595,0.51458109301505117,0.49716841625749453,814707825e82708f,0.008292563004943077
VALIDATION_SEEN_AFTER_V1,VUE020,rosbag2_2026_08_24-19_24_17,R2_BALANCED_PHYSICS_SCORE,24,True,True,True,MULTI_PARAMETER_OR_FACTOR_SPACE_COVERAGE,1033,2064,24,24,24,0,0,24,24,1,1,True,True,LEFT,0.41575544638207595,0.41575544638207595,0.51458109301505117,0.49716841625749453,814707825e82708f,0.008292563004943077
VALIDATION_SEEN_AFTER_V1,VUE020,rosbag2_2026_08_24-19_24_17,R3_LEXICOGRAPHIC_COVERAGE_RESERVE,8,True,True,True,MULTI_PARAMETER_OR_FACTOR_SPACE_COVERAGE,1033,2064,8,8,8,0,0,8,8,1,1,True,True,LEFT,0.41575544638207595,0.41575544638207595,0.51458109301505117,0.49716841625749453,814707825e82708f,0.015877068995905574
VALIDATION_SEEN_AFTER_V1,VUE020,rosbag2_2026_08_24-19_24_17,R3_LEXICOGRAPHIC_COVERAGE_RESERVE,12,True,True,True,MULTI_PARAMETER_OR_FACTOR_SPACE_COVERAGE,1033,2064,12,12,10,0,2,12,10,1,1,True,True,LEFT,0.41575544638207595,0.41575544638207595,0.51458109301505117,0.49716841625749453,814707825e82708f,0.015877068995905574
VALIDATION_SEEN_AFTER_V1,VUE020,rosbag2_2026_08_24-19_24_17,R3_LEXICOGRAPHIC_COVERAGE_RESERVE,16,True,True,True,MULTI_PARAMETER_OR_FACTOR_SPACE_COVERAGE,1033,2064,16,16,14,0,2,16,14,1,1,True,True,LEFT,0.41575544638207595,0.41575544638207595,0.51458109301505117,0.49716841625749453,814707825e82708f,0.015877068995905574
VALIDATION_SEEN_AFTER_V1,VUE020,rosbag2_2026_08_24-19_24_17,R3_LEXICOGRAPHIC_COVERAGE_RESERVE,24,True,True,True,MULTI_PARAMETER_OR_FACTOR_SPACE_COVERAGE,1033,2064,24,24,18,0,6,24,18,1,1,True,True,LEFT,0.41575544638207595,0.41575544638207595,0.51458109301505117,0.49716841625749453,814707825e82708f,0.015877068995905574
VALIDATION_SEEN_AFTER_V1,VUE021,rosbag2_2026_08_24-19_24_17,R1_FEASIBILITY_LEXICOGRAPHIC,8,True,False,False,NOT_IN_REMAINING_MISS_TABLE,4145,49719,8,8,8,0,0,8,8,0,0,False,False,,,,,,,0.014567670004907995
VALIDATION_SEEN_AFTER_V1,VUE021,rosbag2_2026_08_24-19_24_17,R1_FEASIBILITY_LEXICOGRAPHIC,12,True,False,False,NOT_IN_REMAINING_MISS_TABLE,4145,49719,12,12,12,0,0,12,12,0,0,False,False,,,,,,,0.014567670004907995
VALIDATION_SEEN_AFTER_V1,VUE021,rosbag2_2026_08_24-19_24_17,R1_FEASIBILITY_LEXICOGRAPHIC,16,True,False,False,NOT_IN_REMAINING_MISS_TABLE,4145,49719,16,16,16,0,0,16,16,0,0,False,False,,,,,,,0.014567670004907995
VALIDATION_SEEN_AFTER_V1,VUE021,rosbag2_2026_08_24-19_24_17,R1_FEASIBILITY_LEXICOGRAPHIC,24,True,False,False,NOT_IN_REMAINING_MISS_TABLE,4145,49719,24,24,24,0,0,24,24,0,0,False,False,,,,,,,0.014567670004907995
VALIDATION_SEEN_AFTER_V1,VUE021,rosbag2_2026_08_24-19_24_17,R2_BALANCED_PHYSICS_SCORE,8,True,False,False,NOT_IN_REMAINING_MISS_TABLE,4145,49719,8,8,8,0,0,8,8,0,0,False,False,,,,,,,0.016395803999330383
VALIDATION_SEEN_AFTER_V1,VUE021,rosbag2_2026_08_24-19_24_17,R2_BALANCED_PHYSICS_SCORE,12,True,False,False,NOT_IN_REMAINING_MISS_TABLE,4145,49719,12,12,12,0,0,12,12,0,0,False,False,,,,,,,0.016395803999330383
VALIDATION_SEEN_AFTER_V1,VUE021,rosbag2_2026_08_24-19_24_17,R2_BALANCED_PHYSICS_SCORE,16,True,False,False,NOT_IN_REMAINING_MISS_TABLE,4145,49719,16,16,16,0,0,16,16,0,0,False,False,,,,,,,0.016395803999330383
VALIDATION_SEEN_AFTER_V1,VUE021,rosbag2_2026_08_24-19_24_17,R2_BALANCED_PHYSICS_SCORE,24,True,False,False,NOT_IN_REMAINING_MISS_TABLE,4145,49719,24,24,24,0,0,24,24,0,0,False,False,,,,,,,0.016395803999330383
VALIDATION_SEEN_AFTER_V1,VUE021,rosbag2_2026_08_24-19_24_17,R3_LEXICOGRAPHIC_COVERAGE_RESERVE,8,True,False,False,NOT_IN_REMAINING_MISS_TABLE,4145,49719,8,8,8,0,0,8,8,0,0,False,False,,,,,,,0.03641804699145723
VALIDATION_SEEN_AFTER_V1,VUE021,rosbag2_2026_08_24-19_24_17,R3_LEXICOGRAPHIC_COVERAGE_RESERVE,12,True,False,False,NOT_IN_REMAINING_MISS_TABLE,4145,49719,12,12,12,0,0,12,12,0,0,False,False,,,,,,,0.03641804699145723
VALIDATION_SEEN_AFTER_V1,VUE021,rosbag2_2026_08_24-19_24_17,R3_LEXICOGRAPHIC_COVERAGE_RESERVE,16,True,False,False,NOT_IN_REMAINING_MISS_TABLE,4145,49719,16,16,16,0,0,16,16,0,0,False,False,,,,,,,0.03641804699145723
VALIDATION_SEEN_AFTER_V1,VUE021,rosbag2_2026_08_24-19_24_17,R3_LEXICOGRAPHIC_COVERAGE_RESERVE,24,True,False,False,NOT_IN_REMAINING_MISS_TABLE,4145,49719,24,24,23,0,1,24,23,0,0,False,False,,,,,,,0.03641804699145723
VALIDATION_SEEN_AFTER_V1,VUE022,rosbag2_2026_08_24-19_24_17,R1_FEASIBILITY_LEXICOGRAPHIC,8,True,False,False,NOT_IN_REMAINING_MISS_TABLE,1522,7604,8,8,8,0,0,8,8,0,0,False,False,,,,,,,0.009323261001554783
VALIDATION_SEEN_AFTER_V1,VUE022,rosbag2_2026_08_24-19_24_17,R1_FEASIBILITY_LEXICOGRAPHIC,12,True,False,False,NOT_IN_REMAINING_MISS_TABLE,1522,7604,12,12,12,0,0,12,12,0,0,False,False,,,,,,,0.009323261001554783
VALIDATION_SEEN_AFTER_V1,VUE022,rosbag2_2026_08_24-19_24_17,R1_FEASIBILITY_LEXICOGRAPHIC,16,True,False,False,NOT_IN_REMAINING_MISS_TABLE,1522,7604,16,16,16,0,0,16,16,0,0,False,False,,,,,,,0.009323261001554783
VALIDATION_SEEN_AFTER_V1,VUE022,rosbag2_2026_08_24-19_24_17,R1_FEASIBILITY_LEXICOGRAPHIC,24,True,False,False,NOT_IN_REMAINING_MISS_TABLE,1522,7604,24,24,24,0,0,24,24,0,0,False,False,,,,,,,0.009323261001554783
VALIDATION_SEEN_AFTER_V1,VUE022,rosbag2_2026_08_24-19_24_17,R2_BALANCED_PHYSICS_SCORE,8,True,False,False,NOT_IN_REMAINING_MISS_TABLE,1522,7604,8,8,8,0,0,8,8,0,0,False,False,,,,,,,0.009816224999667611
VALIDATION_SEEN_AFTER_V1,VUE022,rosbag2_2026_08_24-19_24_17,R2_BALANCED_PHYSICS_SCORE,12,True,False,False,NOT_IN_REMAINING_MISS_TABLE,1522,7604,12,12,12,0,0,12,12,0,0,False,False,,,,,,,0.009816224999667611
VALIDATION_SEEN_AFTER_V1,VUE022,rosbag2_2026_08_24-19_24_17,R2_BALANCED_PHYSICS_SCORE,16,True,False,False,NOT_IN_REMAINING_MISS_TABLE,1522,7604,16,16,16,0,0,16,16,0,0,False,False,,,,,,,0.009816224999667611
VALIDATION_SEEN_AFTER_V1,VUE022,rosbag2_2026_08_24-19_24_17,R2_BALANCED_PHYSICS_SCORE,24,True,False,False,NOT_IN_REMAINING_MISS_TABLE,1522,7604,24,24,24,0,0,24,24,0,0,False,False,,,,,,,0.009816224999667611
VALIDATION_SEEN_AFTER_V1,VUE022,rosbag2_2026_08_24-19_24_17,R3_LEXICOGRAPHIC_COVERAGE_RESERVE,8,True,False,False,NOT_IN_REMAINING_MISS_TABLE,1522,7604,8,8,8,0,0,8,8,0,0,False,False,,,,,,,0.01741820200550137
VALIDATION_SEEN_AFTER_V1,VUE022,rosbag2_2026_08_24-19_24_17,R3_LEXICOGRAPHIC_COVERAGE_RESERVE,12,True,False,False,NOT_IN_REMAINING_MISS_TABLE,1522,7604,12,12,11,0,1,12,11,0,0,False,False,,,,,,,0.01741820200550137
VALIDATION_SEEN_AFTER_V1,VUE022,rosbag2_2026_08_24-19_24_17,R3_LEXICOGRAPHIC_COVERAGE_RESERVE,16,True,False,False,NOT_IN_REMAINING_MISS_TABLE,1522,7604,16,16,15,0,1,16,15,0,0,False,False,,,,,,,0.01741820200550137
VALIDATION_SEEN_AFTER_V1,VUE022,rosbag2_2026_08_24-19_24_17,R3_LEXICOGRAPHIC_COVERAGE_RESERVE,24,True,False,False,NOT_IN_REMAINING_MISS_TABLE,1522,7604,24,24,23,0,1,24,23,0,0,False,False,,,,,,,0.01741820200550137
VALIDATION_SEEN_AFTER_V1,VUE023,rosbag2_2026_08_24-19_24_17,R1_FEASIBILITY_LEXICOGRAPHIC,8,True,True,True,NOT_IN_REMAINING_MISS_TABLE,1012,2022,8,8,4,0,4,8,4,4,4,True,True,RIGHT,-0.33559383557115957,-0.36055672084796209,0.51458109301505117,0.49716841625749453,2c07bd6a79fd3b0f,0.006313972000498325
VALIDATION_SEEN_AFTER_V1,VUE023,rosbag2_2026_08_24-19_24_17,R1_FEASIBILITY_LEXICOGRAPHIC,12,True,True,True,NOT_IN_REMAINING_MISS_TABLE,1012,2022,12,12,6,0,6,12,6,6,6,True,True,RIGHT,-0.33559383557115957,-0.36055672084796209,0.51458109301505117,0.49716841625749453,2c07bd6a79fd3b0f,0.006313972000498325
VALIDATION_SEEN_AFTER_V1,VUE023,rosbag2_2026_08_24-19_24_17,R1_FEASIBILITY_LEXICOGRAPHIC,16,True,True,True,NOT_IN_REMAINING_MISS_TABLE,1012,2022,16,16,8,0,8,16,8,8,8,True,True,RIGHT,-0.33559383557115957,-0.37559383557115955,0.51458109301505117,0.49716841625749453,46694de0feb73ab9,0.006313972000498325
VALIDATION_SEEN_AFTER_V1,VUE023,rosbag2_2026_08_24-19_24_17,R1_FEASIBILITY_LEXICOGRAPHIC,24,True,True,True,NOT_IN_REMAINING_MISS_TABLE,1012,2022,24,24,12,0,12,24,12,12,12,True,True,RIGHT,-0.33559383557115957,-0.37559383557115955,0.51458109301505117,0.49716841625749453,46694de0feb73ab9,0.006313972000498325
VALIDATION_SEEN_AFTER_V1,VUE023,rosbag2_2026_08_24-19_24_17,R2_BALANCED_PHYSICS_SCORE,8,True,True,True,NOT_IN_REMAINING_MISS_TABLE,1012,2022,8,8,4,0,4,8,4,4,4,True,True,RIGHT,-0.38183455689036017,-0.49693132756177483,0.51458109301505117,0.49716841625749453,13216df27be5c7e8,0.006292723002843559
VALIDATION_SEEN_AFTER_V1,VUE023,rosbag2_2026_08_24-19_24_17,R2_BALANCED_PHYSICS_SCORE,12,True,True,True,NOT_IN_REMAINING_MISS_TABLE,1012,2022,12,12,6,0,6,12,6,6,6,True,True,RIGHT,-0.38183455689036017,-0.49693132756177483,0.51458109301505117,0.49716841625749453,13216df27be5c7e8,0.006292723002843559
VALIDATION_SEEN_AFTER_V1,VUE023,rosbag2_2026_08_24-19_24_17,R2_BALANCED_PHYSICS_SCORE,16,True,True,True,NOT_IN_REMAINING_MISS_TABLE,1012,2022,16,16,8,0,8,16,8,8,8,True,True,RIGHT,-0.38183455689036017,-0.49693132756177483,0.51458109301505117,0.49716841625749453,13216df27be5c7e8,0.006292723002843559
VALIDATION_SEEN_AFTER_V1,VUE023,rosbag2_2026_08_24-19_24_17,R2_BALANCED_PHYSICS_SCORE,24,True,True,True,NOT_IN_REMAINING_MISS_TABLE,1012,2022,24,24,12,0,12,24,12,12,12,True,True,RIGHT,-0.38183455689036017,-0.49693132756177483,0.51458109301505117,0.49716841625749453,13216df27be5c7e8,0.006292723002843559
VALIDATION_SEEN_AFTER_V1,VUE023,rosbag2_2026_08_24-19_24_17,R3_LEXICOGRAPHIC_COVERAGE_RESERVE,8,True,True,True,NOT_IN_REMAINING_MISS_TABLE,1012,2022,8,8,4,0,4,8,4,4,4,True,True,RIGHT,-0.33559383557115957,-0.36055672084796209,0.51458109301505117,0.49716841625749453,2c07bd6a79fd3b0f,0.016454418997454923
VALIDATION_SEEN_AFTER_V1,VUE023,rosbag2_2026_08_24-19_24_17,R3_LEXICOGRAPHIC_COVERAGE_RESERVE,12,True,True,True,NOT_IN_REMAINING_MISS_TABLE,1012,2022,12,12,6,0,6,12,6,6,6,True,True,RIGHT,-0.3855196061247646,-0.49785258987037595,0.51458109301505117,0.49716841625749453,0ed880b978756604,0.016454418997454923
VALIDATION_SEEN_AFTER_V1,VUE023,rosbag2_2026_08_24-19_24_17,R3_LEXICOGRAPHIC_COVERAGE_RESERVE,16,True,True,True,NOT_IN_REMAINING_MISS_TABLE,1012,2022,16,16,8,0,8,16,8,8,8,True,True,RIGHT,-0.33559383557115957,-0.37559383557115955,0.51458109301505117,0.49716841625749453,46694de0feb73ab9,0.016454418997454923
VALIDATION_SEEN_AFTER_V1,VUE023,rosbag2_2026_08_24-19_24_17,R3_LEXICOGRAPHIC_COVERAGE_RESERVE,24,True,True,True,NOT_IN_REMAINING_MISS_TABLE,1012,2022,24,24,11,0,13,24,11,11,11,True,True,RIGHT,-0.34807527820956086,-0.44807527820956083,0.51458109301505117,0.49716841625749453,55e61865ad0e0bb6,0.016454418997454923
VALIDATION_SEEN_AFTER_V1,VUE024,rosbag2_2026_08_24-19_24_17,R1_FEASIBILITY_LEXICOGRAPHIC,8,True,True,True,NOT_IN_REMAINING_MISS_TABLE,1012,2022,8,8,8,0,0,8,8,8,8,True,True,RIGHT,-0.33559383557115957,-0.35559383557115959,0.51458109301505117,0.49716841625749453,d844662c8b33af9d,0.006070939001801889
VALIDATION_SEEN_AFTER_V1,VUE024,rosbag2_2026_08_24-19_24_17,R1_FEASIBILITY_LEXICOGRAPHIC,12,True,True,True,NOT_IN_REMAINING_MISS_TABLE,1012,2022,12,12,12,0,0,12,12,12,12,True,True,RIGHT,-0.33559383557115957,-0.36055672084796209,0.51458109301505117,0.49716841625749453,7f10da09862500d6,0.006070939001801889
VALIDATION_SEEN_AFTER_V1,VUE024,rosbag2_2026_08_24-19_24_17,R1_FEASIBILITY_LEXICOGRAPHIC,16,True,True,True,NOT_IN_REMAINING_MISS_TABLE,1012,2022,16,16,16,0,0,16,16,16,16,True,True,RIGHT,-0.33559383557115957,-0.36055672084796209,0.51458109301505117,0.49716841625749453,7f10da09862500d6,0.006070939001801889
VALIDATION_SEEN_AFTER_V1,VUE024,rosbag2_2026_08_24-19_24_17,R1_FEASIBILITY_LEXICOGRAPHIC,24,True,True,True,NOT_IN_REMAINING_MISS_TABLE,1012,2022,24,24,24,0,0,24,24,24,24,True,True,RIGHT,-0.33559383557115957,-0.36055672084796209,0.51458109301505117,0.49716841625749453,7f10da09862500d6,0.006070939001801889
VALIDATION_SEEN_AFTER_V1,VUE024,rosbag2_2026_08_24-19_24_17,R2_BALANCED_PHYSICS_SCORE,8,True,True,True,NOT_IN_REMAINING_MISS_TABLE,1012,2022,8,8,4,0,4,8,4,4,4,True,True,RIGHT,-0.44183455689036022,-0.5418345568903602,0.51458109301505117,0.49716841625749453,cbcdd2473a1303dd,0.007912806002423167
VALIDATION_SEEN_AFTER_V1,VUE024,rosbag2_2026_08_24-19_24_17,R2_BALANCED_PHYSICS_SCORE,12,True,True,True,NOT_IN_REMAINING_MISS_TABLE,1012,2022,12,12,6,0,6,12,6,6,6,True,True,RIGHT,-0.44183455689036022,-0.5418345568903602,0.51458109301505117,0.49716841625749453,cbcdd2473a1303dd,0.007912806002423167
VALIDATION_SEEN_AFTER_V1,VUE024,rosbag2_2026_08_24-19_24_17,R2_BALANCED_PHYSICS_SCORE,16,True,True,True,NOT_IN_REMAINING_MISS_TABLE,1012,2022,16,16,8,0,8,16,8,8,8,True,True,RIGHT,-0.44183455689036022,-0.5418345568903602,0.51458109301505117,0.49716841625749453,cbcdd2473a1303dd,0.007912806002423167
VALIDATION_SEEN_AFTER_V1,VUE024,rosbag2_2026_08_24-19_24_17,R2_BALANCED_PHYSICS_SCORE,24,True,True,True,NOT_IN_REMAINING_MISS_TABLE,1012,2022,24,24,12,0,12,24,12,12,12,True,True,RIGHT,-0.44183455689036022,-0.5418345568903602,0.51458109301505117,0.49716841625749453,cbcdd2473a1303dd,0.007912806002423167
VALIDATION_SEEN_AFTER_V1,VUE024,rosbag2_2026_08_24-19_24_17,R3_LEXICOGRAPHIC_COVERAGE_RESERVE,8,True,True,True,NOT_IN_REMAINING_MISS_TABLE,1012,2022,8,8,8,0,0,8,8,8,8,True,True,RIGHT,-0.33559383557115957,-0.35559383557115959,0.51458109301505117,0.49716841625749453,d844662c8b33af9d,0.01700493899988942
VALIDATION_SEEN_AFTER_V1,VUE024,rosbag2_2026_08_24-19_24_17,R3_LEXICOGRAPHIC_COVERAGE_RESERVE,12,True,True,True,NOT_IN_REMAINING_MISS_TABLE,1012,2022,12,12,12,0,0,12,12,11,11,True,True,RIGHT,-0.48537114723197472,-0.53537114723197476,0.51458109301505117,0.49716841625749453,e818f80ed497a8f9,0.01700493899988942
VALIDATION_SEEN_AFTER_V1,VUE024,rosbag2_2026_08_24-19_24_17,R3_LEXICOGRAPHIC_COVERAGE_RESERVE,16,True,True,True,NOT_IN_REMAINING_MISS_TABLE,1012,2022,16,16,16,0,0,16,16,15,15,True,True,RIGHT,-0.48537114723197472,-0.53537114723197476,0.51458109301505117,0.49716841625749453,e818f80ed497a8f9,0.01700493899988942
VALIDATION_SEEN_AFTER_V1,VUE024,rosbag2_2026_08_24-19_24_17,R3_LEXICOGRAPHIC_COVERAGE_RESERVE,24,True,True,True,NOT_IN_REMAINING_MISS_TABLE,1012,2022,24,24,24,0,0,24,24,22,22,True,True,RIGHT,-0.48537114723197472,-0.53537114723197476,0.51458109301505117,0.49716841625749453,e818f80ed497a8f9,0.01700493899988942
VALIDATION_SEEN_AFTER_V1,VUE025,rosbag2_2026_08_24-19_24_17,R1_FEASIBILITY_LEXICOGRAPHIC,8,True,True,True,CANDIDATE_BUDGET_TRUNCATION,3238,38836,8,8,8,0,0,8,8,1,1,True,True,LEFT,0.20999999999999999,0.34462591587067476,0.51458109301505117,3.5348877479615091,90d5749d559fb39c,0.017878569997265004
VALIDATION_SEEN_AFTER_V1,VUE025,rosbag2_2026_08_24-19_24_17,R1_FEASIBILITY_LEXICOGRAPHIC,12,True,True,True,CANDIDATE_BUDGET_TRUNCATION,3238,38836,12,12,12,0,0,12,12,1,1,True,True,LEFT,0.20999999999999999,0.34462591587067476,0.51458109301505117,3.5348877479615091,90d5749d559fb39c,0.017878569997265004
VALIDATION_SEEN_AFTER_V1,VUE025,rosbag2_2026_08_24-19_24_17,R1_FEASIBILITY_LEXICOGRAPHIC,16,True,True,True,CANDIDATE_BUDGET_TRUNCATION,3238,38836,16,16,16,0,0,16,16,1,1,True,True,LEFT,0.20999999999999999,0.34462591587067476,0.51458109301505117,3.5348877479615091,90d5749d559fb39c,0.017878569997265004
VALIDATION_SEEN_AFTER_V1,VUE025,rosbag2_2026_08_24-19_24_17,R1_FEASIBILITY_LEXICOGRAPHIC,24,True,True,True,CANDIDATE_BUDGET_TRUNCATION,3238,38836,24,24,24,0,0,24,24,1,1,True,True,LEFT,0.20999999999999999,0.34462591587067476,0.51458109301505117,3.5348877479615091,90d5749d559fb39c,0.017878569997265004
VALIDATION_SEEN_AFTER_V1,VUE025,rosbag2_2026_08_24-19_24_17,R2_BALANCED_PHYSICS_SCORE,8,True,True,True,CANDIDATE_BUDGET_TRUNCATION,3238,38836,8,8,8,0,0,8,8,0,0,False,False,,,,,,,0.01934702899598051
VALIDATION_SEEN_AFTER_V1,VUE025,rosbag2_2026_08_24-19_24_17,R2_BALANCED_PHYSICS_SCORE,12,True,True,True,CANDIDATE_BUDGET_TRUNCATION,3238,38836,12,12,12,0,0,12,12,1,1,True,True,LEFT,0.20999999999999999,0.34462591587067476,0.51458109301505117,3.5348877479615091,90d5749d559fb39c,0.01934702899598051
VALIDATION_SEEN_AFTER_V1,VUE025,rosbag2_2026_08_24-19_24_17,R2_BALANCED_PHYSICS_SCORE,16,True,True,True,CANDIDATE_BUDGET_TRUNCATION,3238,38836,16,16,16,0,0,16,16,1,1,True,True,LEFT,0.20999999999999999,0.34462591587067476,0.51458109301505117,3.5348877479615091,90d5749d559fb39c,0.01934702899598051
VALIDATION_SEEN_AFTER_V1,VUE025,rosbag2_2026_08_24-19_24_17,R2_BALANCED_PHYSICS_SCORE,24,True,True,True,CANDIDATE_BUDGET_TRUNCATION,3238,38836,24,24,24,0,0,24,24,1,1,True,True,LEFT,0.20999999999999999,0.34462591587067476,0.51458109301505117,3.5348877479615091,90d5749d559fb39c,0.01934702899598051
VALIDATION_SEEN_AFTER_V1,VUE025,rosbag2_2026_08_24-19_24_17,R3_LEXICOGRAPHIC_COVERAGE_RESERVE,8,True,True,True,CANDIDATE_BUDGET_TRUNCATION,3238,38836,8,8,8,0,0,8,8,1,1,True,True,LEFT,0.20999999999999999,0.34462591587067476,0.51458109301505117,3.5348877479615091,90d5749d559fb39c,0.03898626299633179
VALIDATION_SEEN_AFTER_V1,VUE025,rosbag2_2026_08_24-19_24_17,R3_LEXICOGRAPHIC_COVERAGE_RESERVE,12,True,True,True,CANDIDATE_BUDGET_TRUNCATION,3238,38836,12,12,11,0,1,12,11,1,1,True,True,LEFT,0.20999999999999999,0.34462591587067476,0.51458109301505117,3.5348877479615091,90d5749d559fb39c,0.03898626299633179
VALIDATION_SEEN_AFTER_V1,VUE025,rosbag2_2026_08_24-19_24_17,R3_LEXICOGRAPHIC_COVERAGE_RESERVE,16,True,True,True,CANDIDATE_BUDGET_TRUNCATION,3238,38836,16,16,15,0,1,16,15,1,1,True,True,LEFT,0.20999999999999999,0.34462591587067476,0.51458109301505117,3.5348877479615091,90d5749d559fb39c,0.03898626299633179
VALIDATION_SEEN_AFTER_V1,VUE025,rosbag2_2026_08_24-19_24_17,R3_LEXICOGRAPHIC_COVERAGE_RESERVE,24,True,True,True,CANDIDATE_BUDGET_TRUNCATION,3238,38836,24,24,19,0,5,24,19,1,1,True,True,LEFT,0.20999999999999999,0.34462591587067476,0.51458109301505117,3.5348877479615091,90d5749d559fb39c,0.03898626299633179
VALIDATION_SEEN_AFTER_V1,VUE026,rosbag2_2026_08_24-19_24_17,R1_FEASIBILITY_LEXICOGRAPHIC,8,True,True,True,PROBE_ROOT_OR_D_MID_SELECTION,1042,6245,8,8,8,0,0,8,8,0,0,False,False,,,,,,,0.011138932997710072
VALIDATION_SEEN_AFTER_V1,VUE026,rosbag2_2026_08_24-19_24_17,R1_FEASIBILITY_LEXICOGRAPHIC,12,True,True,True,PROBE_ROOT_OR_D_MID_SELECTION,1042,6245,12,12,12,0,0,12,12,2,2,True,True,RIGHT,-0.39638516093082637,-0.43638516093082635,1.310934367577036,0.60498681916591468,ceaed33058212144,0.011138932997710072
VALIDATION_SEEN_AFTER_V1,VUE026,rosbag2_2026_08_24-19_24_17,R1_FEASIBILITY_LEXICOGRAPHIC,16,True,True,True,PROBE_ROOT_OR_D_MID_SELECTION,1042,6245,16,16,16,0,0,16,16,2,2,True,True,RIGHT,-0.39638516093082637,-0.43638516093082635,1.310934367577036,0.60498681916591468,ceaed33058212144,0.011138932997710072
VALIDATION_SEEN_AFTER_V1,VUE026,rosbag2_2026_08_24-19_24_17,R1_FEASIBILITY_LEXICOGRAPHIC,24,True,True,True,PROBE_ROOT_OR_D_MID_SELECTION,1042,6245,24,24,24,0,0,24,24,4,4,True,True,RIGHT,-0.39638516093082637,-0.44638516093082636,0.51458109301505117,0.60498681916591468,1e928c4824c1e561,0.011138932997710072
VALIDATION_SEEN_AFTER_V1,VUE026,rosbag2_2026_08_24-19_24_17,R2_BALANCED_PHYSICS_SCORE,8,True,True,True,PROBE_ROOT_OR_D_MID_SELECTION,1042,6245,8,8,8,0,0,8,8,0,0,False,False,,,,,,,0.013120627001626417
VALIDATION_SEEN_AFTER_V1,VUE026,rosbag2_2026_08_24-19_24_17,R2_BALANCED_PHYSICS_SCORE,12,True,True,True,PROBE_ROOT_OR_D_MID_SELECTION,1042,6245,12,12,12,0,0,12,12,1,1,True,True,RIGHT,-0.39638516093082637,-0.43558701581447307,1.310934367577036,0.60498681916591468,3c2c2e8b167ff096,0.013120627001626417
VALIDATION_SEEN_AFTER_V1,VUE026,rosbag2_2026_08_24-19_24_17,R2_BALANCED_PHYSICS_SCORE,16,True,True,True,PROBE_ROOT_OR_D_MID_SELECTION,1042,6245,16,16,16,0,0,16,16,2,2,True,True,RIGHT,-0.39638516093082637,-0.43638516093082635,1.310934367577036,0.60498681916591468,ceaed33058212144,0.013120627001626417
VALIDATION_SEEN_AFTER_V1,VUE026,rosbag2_2026_08_24-19_24_17,R2_BALANCED_PHYSICS_SCORE,24,True,True,True,PROBE_ROOT_OR_D_MID_SELECTION,1042,6245,24,24,24,0,0,24,24,4,4,True,True,RIGHT,-0.39638516093082637,-0.44638516093082636,0.51458109301505117,0.60498681916591468,1e928c4824c1e561,0.013120627001626417
VALIDATION_SEEN_AFTER_V1,VUE026,rosbag2_2026_08_24-19_24_17,R3_LEXICOGRAPHIC_COVERAGE_RESERVE,8,True,True,True,PROBE_ROOT_OR_D_MID_SELECTION,1042,6245,8,8,8,0,0,8,8,0,0,False,False,,,,,,,0.025683555999421515
VALIDATION_SEEN_AFTER_V1,VUE026,rosbag2_2026_08_24-19_24_17,R3_LEXICOGRAPHIC_COVERAGE_RESERVE,12,True,True,True,PROBE_ROOT_OR_D_MID_SELECTION,1042,6245,12,12,12,0,0,12,12,1,1,True,True,RIGHT,-0.39638516093082637,-0.43558701581447307,1.310934367577036,0.60498681916591468,3c2c2e8b167ff096,0.025683555999421515
VALIDATION_SEEN_AFTER_V1,VUE026,rosbag2_2026_08_24-19_24_17,R3_LEXICOGRAPHIC_COVERAGE_RESERVE,16,True,True,True,PROBE_ROOT_OR_D_MID_SELECTION,1042,6245,16,16,15,0,1,16,15,2,2,True,True,RIGHT,-0.39638516093082637,-0.43638516093082635,1.310934367577036,0.60498681916591468,ceaed33058212144,0.025683555999421515
VALIDATION_SEEN_AFTER_V1,VUE026,rosbag2_2026_08_24-19_24_17,R3_LEXICOGRAPHIC_COVERAGE_RESERVE,24,True,True,True,PROBE_ROOT_OR_D_MID_SELECTION,1042,6245,24,24,20,0,4,24,20,2,2,True,True,RIGHT,-0.39638516093082637,-0.43638516093082635,1.310934367577036,0.60498681916591468,ceaed33058212144,0.025683555999421515
VALIDATION_SEEN_AFTER_V1,VUE027,rosbag2_2026_08_24-19_24_17,R1_FEASIBILITY_LEXICOGRAPHIC,8,True,True,True,NOT_IN_REMAINING_MISS_TABLE,1220,35350,8,8,1,0,7,8,1,1,1,True,True,RIGHT,-0.33616946287250282,-0.33616946287250282,0.51458109301505117,7.3975462023963852,748ed7e8280317df,0.022710238001309335
VALIDATION_SEEN_AFTER_V1,VUE027,rosbag2_2026_08_24-19_24_17,R1_FEASIBILITY_LEXICOGRAPHIC,12,True,True,True,NOT_IN_REMAINING_MISS_TABLE,1220,35350,12,12,1,0,11,12,1,1,1,True,True,RIGHT,-0.33616946287250282,-0.33616946287250282,0.51458109301505117,7.3975462023963852,748ed7e8280317df,0.022710238001309335
VALIDATION_SEEN_AFTER_V1,VUE027,rosbag2_2026_08_24-19_24_17,R1_FEASIBILITY_LEXICOGRAPHIC,16,True,True,True,NOT_IN_REMAINING_MISS_TABLE,1220,35350,16,16,1,0,15,16,1,1,1,True,True,RIGHT,-0.33616946287250282,-0.33616946287250282,0.51458109301505117,7.3975462023963852,748ed7e8280317df,0.022710238001309335
VALIDATION_SEEN_AFTER_V1,VUE027,rosbag2_2026_08_24-19_24_17,R1_FEASIBILITY_LEXICOGRAPHIC,24,True,True,True,NOT_IN_REMAINING_MISS_TABLE,1220,35350,24,24,2,0,22,24,2,2,2,True,True,RIGHT,-0.34201056501511995,-0.34201056501511995,0.51458109301505117,7.3975462023963852,2851ceb5f5b66049,0.022710238001309335
VALIDATION_SEEN_AFTER_V1,VUE027,rosbag2_2026_08_24-19_24_17,R2_BALANCED_PHYSICS_SCORE,8,True,True,True,NOT_IN_REMAINING_MISS_TABLE,1220,35350,8,8,1,0,7,8,1,1,1,True,True,RIGHT,-0.33616946287250282,-0.33616946287250282,0.51458109301505117,7.3975462023963852,748ed7e8280317df,0.02267510799720185
VALIDATION_SEEN_AFTER_V1,VUE027,rosbag2_2026_08_24-19_24_17,R2_BALANCED_PHYSICS_SCORE,12,True,True,True,NOT_IN_REMAINING_MISS_TABLE,1220,35350,12,12,1,0,11,12,1,1,1,True,True,RIGHT,-0.33616946287250282,-0.33616946287250282,0.51458109301505117,7.3975462023963852,748ed7e8280317df,0.02267510799720185
VALIDATION_SEEN_AFTER_V1,VUE027,rosbag2_2026_08_24-19_24_17,R2_BALANCED_PHYSICS_SCORE,16,True,True,True,NOT_IN_REMAINING_MISS_TABLE,1220,35350,16,16,1,0,15,16,1,1,1,True,True,RIGHT,-0.33616946287250282,-0.33616946287250282,0.51458109301505117,7.3975462023963852,748ed7e8280317df,0.02267510799720185
VALIDATION_SEEN_AFTER_V1,VUE027,rosbag2_2026_08_24-19_24_17,R2_BALANCED_PHYSICS_SCORE,24,True,True,True,NOT_IN_REMAINING_MISS_TABLE,1220,35350,24,24,2,0,22,24,2,2,2,True,True,RIGHT,-0.34201056501511995,-0.34201056501511995,0.51458109301505117,7.3975462023963852,2851ceb5f5b66049,0.02267510799720185
VALIDATION_SEEN_AFTER_V1,VUE027,rosbag2_2026_08_24-19_24_17,R3_LEXICOGRAPHIC_COVERAGE_RESERVE,8,True,True,True,NOT_IN_REMAINING_MISS_TABLE,1220,35350,8,8,1,0,7,8,1,1,1,True,True,RIGHT,-0.33616946287250282,-0.33616946287250282,0.51458109301505117,7.3975462023963852,748ed7e8280317df,0.047743855000589974
VALIDATION_SEEN_AFTER_V1,VUE027,rosbag2_2026_08_24-19_24_17,R3_LEXICOGRAPHIC_COVERAGE_RESERVE,12,True,True,True,NOT_IN_REMAINING_MISS_TABLE,1220,35350,12,12,3,0,9,12,3,2,2,True,True,RIGHT,-0.33616946287250282,-0.33616946287250282,0.51458109301505117,7.3975462023963852,748ed7e8280317df,0.047743855000589974
VALIDATION_SEEN_AFTER_V1,VUE027,rosbag2_2026_08_24-19_24_17,R3_LEXICOGRAPHIC_COVERAGE_RESERVE,16,True,True,True,NOT_IN_REMAINING_MISS_TABLE,1220,35350,16,16,3,0,13,16,3,2,2,True,True,RIGHT,-0.33616946287250282,-0.33616946287250282,0.51458109301505117,7.3975462023963852,748ed7e8280317df,0.047743855000589974
VALIDATION_SEEN_AFTER_V1,VUE027,rosbag2_2026_08_24-19_24_17,R3_LEXICOGRAPHIC_COVERAGE_RESERVE,24,True,True,True,NOT_IN_REMAINING_MISS_TABLE,1220,35350,24,24,4,0,20,24,4,3,3,True,True,RIGHT,-0.33616946287250282,-0.33616946287250282,0.51458109301505117,3.9473573093269398,b5d700c9c3859a02,0.047743855000589974
VALIDATION_SEEN_AFTER_V1,VUE028,rosbag2_2026_08_24-19_24_17,R1_FEASIBILITY_LEXICOGRAPHIC,8,True,True,True,NOT_IN_REMAINING_MISS_TABLE,1360,10871,8,8,8,0,0,8,8,8,8,True,True,RIGHT,-0.2080297265194001,-0.2080297265194001,1.310934367577036,3.9473573093269398,c5befcfebed2d72d,0.019785235002927948
VALIDATION_SEEN_AFTER_V1,VUE028,rosbag2_2026_08_24-19_24_17,R1_FEASIBILITY_LEXICOGRAPHIC,12,True,True,True,NOT_IN_REMAINING_MISS_TABLE,1360,10871,12,12,12,0,0,12,12,12,12,True,True,RIGHT,-0.2080297265194001,-0.2080297265194001,1.310934367577036,3.9473573093269398,c5befcfebed2d72d,0.019785235002927948
VALIDATION_SEEN_AFTER_V1,VUE028,rosbag2_2026_08_24-19_24_17,R1_FEASIBILITY_LEXICOGRAPHIC,16,True,True,True,NOT_IN_REMAINING_MISS_TABLE,1360,10871,16,16,16,0,0,16,16,16,16,True,True,RIGHT,-0.2080297265194001,-0.2080297265194001,1.310934367577036,3.9473573093269398,c5befcfebed2d72d,0.019785235002927948
VALIDATION_SEEN_AFTER_V1,VUE028,rosbag2_2026_08_24-19_24_17,R1_FEASIBILITY_LEXICOGRAPHIC,24,True,True,True,NOT_IN_REMAINING_MISS_TABLE,1360,10871,24,24,24,0,0,24,24,22,22,True,True,RIGHT,-0.2080297265194001,-0.2080297265194001,1.310934367577036,3.9473573093269398,c5befcfebed2d72d,0.019785235002927948
VALIDATION_SEEN_AFTER_V1,VUE028,rosbag2_2026_08_24-19_24_17,R2_BALANCED_PHYSICS_SCORE,8,True,True,True,NOT_IN_REMAINING_MISS_TABLE,1360,10871,8,8,8,0,0,8,8,8,8,True,True,RIGHT,-0.2080297265194001,-0.2080297265194001,1.310934367577036,3.9473573093269398,c5befcfebed2d72d,0.016125482994539198
VALIDATION_SEEN_AFTER_V1,VUE028,rosbag2_2026_08_24-19_24_17,R2_BALANCED_PHYSICS_SCORE,12,True,True,True,NOT_IN_REMAINING_MISS_TABLE,1360,10871,12,12,12,0,0,12,12,12,12,True,True,RIGHT,-0.2080297265194001,-0.2080297265194001,1.310934367577036,3.9473573093269398,c5befcfebed2d72d,0.016125482994539198
VALIDATION_SEEN_AFTER_V1,VUE028,rosbag2_2026_08_24-19_24_17,R2_BALANCED_PHYSICS_SCORE,16,True,True,True,NOT_IN_REMAINING_MISS_TABLE,1360,10871,16,16,16,0,0,16,16,16,16,True,True,RIGHT,-0.2080297265194001,-0.2080297265194001,1.310934367577036,3.9473573093269398,c5befcfebed2d72d,0.016125482994539198
VALIDATION_SEEN_AFTER_V1,VUE028,rosbag2_2026_08_24-19_24_17,R2_BALANCED_PHYSICS_SCORE,24,True,True,True,NOT_IN_REMAINING_MISS_TABLE,1360,10871,24,24,24,0,0,24,24,22,22,True,True,RIGHT,-0.2080297265194001,-0.2080297265194001,1.310934367577036,3.9473573093269398,c5befcfebed2d72d,0.016125482994539198
VALIDATION_SEEN_AFTER_V1,VUE028,rosbag2_2026_08_24-19_24_17,R3_LEXICOGRAPHIC_COVERAGE_RESERVE,8,True,True,True,NOT_IN_REMAINING_MISS_TABLE,1360,10871,8,8,8,0,0,8,8,8,8,True,True,RIGHT,-0.2080297265194001,-0.2080297265194001,1.310934367577036,3.9473573093269398,c5befcfebed2d72d,0.03300114599551307
VALIDATION_SEEN_AFTER_V1,VUE028,rosbag2_2026_08_24-19_24_17,R3_LEXICOGRAPHIC_COVERAGE_RESERVE,12,True,True,True,NOT_IN_REMAINING_MISS_TABLE,1360,10871,12,12,12,0,0,12,12,10,10,True,True,RIGHT,-0.2080297265194001,-0.2080297265194001,1.310934367577036,3.9473573093269398,c5befcfebed2d72d,0.03300114599551307
VALIDATION_SEEN_AFTER_V1,VUE028,rosbag2_2026_08_24-19_24_17,R3_LEXICOGRAPHIC_COVERAGE_RESERVE,16,True,True,True,NOT_IN_REMAINING_MISS_TABLE,1360,10871,16,16,16,0,0,16,16,14,14,True,True,RIGHT,-0.2080297265194001,-0.2080297265194001,1.310934367577036,3.9473573093269398,c5befcfebed2d72d,0.03300114599551307
VALIDATION_SEEN_AFTER_V1,VUE028,rosbag2_2026_08_24-19_24_17,R3_LEXICOGRAPHIC_COVERAGE_RESERVE,24,True,True,True,NOT_IN_REMAINING_MISS_TABLE,1360,10871,24,24,24,0,0,24,24,19,19,True,True,RIGHT,-0.2080297265194001,-0.2080297265194001,1.310934367577036,3.9473573093269398,c5befcfebed2d72d,0.03300114599551307
VALIDATION_SEEN_AFTER_V1,VUE029,rosbag2_2026_08_24-19_24_17,R1_FEASIBILITY_LEXICOGRAPHIC,8,True,False,False,NOT_IN_REMAINING_MISS_TABLE,1201,7199,8,8,8,0,0,8,8,0,0,False,False,,,,,,,0.012864641001215205
VALIDATION_SEEN_AFTER_V1,VUE029,rosbag2_2026_08_24-19_24_17,R1_FEASIBILITY_LEXICOGRAPHIC,12,True,False,False,NOT_IN_REMAINING_MISS_TABLE,1201,7199,12,12,12,0,0,12,12,0,0,False,False,,,,,,,0.012864641001215205
VALIDATION_SEEN_AFTER_V1,VUE029,rosbag2_2026_08_24-19_24_17,R1_FEASIBILITY_LEXICOGRAPHIC,16,True,False,False,NOT_IN_REMAINING_MISS_TABLE,1201,7199,16,16,16,0,0,16,16,0,0,False,False,,,,,,,0.012864641001215205
VALIDATION_SEEN_AFTER_V1,VUE029,rosbag2_2026_08_24-19_24_17,R1_FEASIBILITY_LEXICOGRAPHIC,24,True,False,False,NOT_IN_REMAINING_MISS_TABLE,1201,7199,24,24,24,0,0,24,24,0,0,False,False,,,,,,,0.012864641001215205
VALIDATION_SEEN_AFTER_V1,VUE029,rosbag2_2026_08_24-19_24_17,R2_BALANCED_PHYSICS_SCORE,8,True,False,False,NOT_IN_REMAINING_MISS_TABLE,1201,7199,8,8,8,0,0,8,8,0,0,False,False,,,,,,,0.008892908001143951
VALIDATION_SEEN_AFTER_V1,VUE029,rosbag2_2026_08_24-19_24_17,R2_BALANCED_PHYSICS_SCORE,12,True,False,False,NOT_IN_REMAINING_MISS_TABLE,1201,7199,12,12,12,0,0,12,12,0,0,False,False,,,,,,,0.008892908001143951
VALIDATION_SEEN_AFTER_V1,VUE029,rosbag2_2026_08_24-19_24_17,R2_BALANCED_PHYSICS_SCORE,16,True,False,False,NOT_IN_REMAINING_MISS_TABLE,1201,7199,16,16,16,0,0,16,16,0,0,False,False,,,,,,,0.008892908001143951
VALIDATION_SEEN_AFTER_V1,VUE029,rosbag2_2026_08_24-19_24_17,R2_BALANCED_PHYSICS_SCORE,24,True,False,False,NOT_IN_REMAINING_MISS_TABLE,1201,7199,24,24,24,0,0,24,24,0,0,False,False,,,,,,,0.008892908001143951
VALIDATION_SEEN_AFTER_V1,VUE029,rosbag2_2026_08_24-19_24_17,R3_LEXICOGRAPHIC_COVERAGE_RESERVE,8,True,False,False,NOT_IN_REMAINING_MISS_TABLE,1201,7199,8,8,8,0,0,8,8,0,0,False,False,,,,,,,0.02670092300104443
VALIDATION_SEEN_AFTER_V1,VUE029,rosbag2_2026_08_24-19_24_17,R3_LEXICOGRAPHIC_COVERAGE_RESERVE,12,True,False,False,NOT_IN_REMAINING_MISS_TABLE,1201,7199,12,12,12,0,0,12,12,0,0,False,False,,,,,,,0.02670092300104443
VALIDATION_SEEN_AFTER_V1,VUE029,rosbag2_2026_08_24-19_24_17,R3_LEXICOGRAPHIC_COVERAGE_RESERVE,16,True,False,False,NOT_IN_REMAINING_MISS_TABLE,1201,7199,16,16,16,0,0,16,16,0,0,False,False,,,,,,,0.02670092300104443
VALIDATION_SEEN_AFTER_V1,VUE029,rosbag2_2026_08_24-19_24_17,R3_LEXICOGRAPHIC_COVERAGE_RESERVE,24,True,False,False,NOT_IN_REMAINING_MISS_TABLE,1201,7199,24,24,20,0,4,24,20,0,0,False,False,,,,,,,0.02670092300104443
VALIDATION_SEEN_AFTER_V1,VUE030,rosbag2_2026_08_24-19_24_17,R1_FEASIBILITY_LEXICOGRAPHIC,8,True,True,True,NOT_IN_REMAINING_MISS_TABLE,1204,9623,8,8,8,0,0,8,8,8,8,True,True,RIGHT,-0.36776710862384432,-0.36776710862384432,1.310934367577036,7.3975462023963852,b8731f9e01f2fd83,0.011312028997053858
VALIDATION_SEEN_AFTER_V1,VUE030,rosbag2_2026_08_24-19_24_17,R1_FEASIBILITY_LEXICOGRAPHIC,12,True,True,True,NOT_IN_REMAINING_MISS_TABLE,1204,9623,12,12,12,0,0,12,12,9,9,True,True,RIGHT,-0.36776710862384432,-0.36776710862384432,1.310934367577036,7.3975462023963852,b8731f9e01f2fd83,0.011312028997053858
VALIDATION_SEEN_AFTER_V1,VUE030,rosbag2_2026_08_24-19_24_17,R1_FEASIBILITY_LEXICOGRAPHIC,16,True,True,True,NOT_IN_REMAINING_MISS_TABLE,1204,9623,16,16,16,0,0,16,16,9,9,True,True,RIGHT,-0.36776710862384432,-0.36776710862384432,1.310934367577036,7.3975462023963852,b8731f9e01f2fd83,0.011312028997053858
VALIDATION_SEEN_AFTER_V1,VUE030,rosbag2_2026_08_24-19_24_17,R1_FEASIBILITY_LEXICOGRAPHIC,24,True,True,True,NOT_IN_REMAINING_MISS_TABLE,1204,9623,24,24,24,0,0,24,24,12,12,True,True,RIGHT,-0.36776710862384432,-0.36776710862384432,1.310934367577036,7.3975462023963852,b8731f9e01f2fd83,0.011312028997053858
VALIDATION_SEEN_AFTER_V1,VUE030,rosbag2_2026_08_24-19_24_17,R2_BALANCED_PHYSICS_SCORE,8,True,True,True,NOT_IN_REMAINING_MISS_TABLE,1204,9623,8,8,8,0,0,8,8,8,8,True,True,RIGHT,-0.36776710862384432,-0.36776710862384432,1.310934367577036,7.3975462023963852,b8731f9e01f2fd83,0.013565945999289397
VALIDATION_SEEN_AFTER_V1,VUE030,rosbag2_2026_08_24-19_24_17,R2_BALANCED_PHYSICS_SCORE,12,True,True,True,NOT_IN_REMAINING_MISS_TABLE,1204,9623,12,12,12,0,0,12,12,9,9,True,True,RIGHT,-0.36776710862384432,-0.36776710862384432,1.310934367577036,7.3975462023963852,b8731f9e01f2fd83,0.013565945999289397
VALIDATION_SEEN_AFTER_V1,VUE030,rosbag2_2026_08_24-19_24_17,R2_BALANCED_PHYSICS_SCORE,16,True,True,True,NOT_IN_REMAINING_MISS_TABLE,1204,9623,16,16,16,0,0,16,16,9,9,True,True,RIGHT,-0.36776710862384432,-0.36776710862384432,1.310934367577036,7.3975462023963852,b8731f9e01f2fd83,0.013565945999289397
VALIDATION_SEEN_AFTER_V1,VUE030,rosbag2_2026_08_24-19_24_17,R2_BALANCED_PHYSICS_SCORE,24,True,True,True,NOT_IN_REMAINING_MISS_TABLE,1204,9623,24,24,24,0,0,24,24,12,12,True,True,RIGHT,-0.36776710862384432,-0.36776710862384432,1.310934367577036,7.3975462023963852,b8731f9e01f2fd83,0.013565945999289397
VALIDATION_SEEN_AFTER_V1,VUE030,rosbag2_2026_08_24-19_24_17,R3_LEXICOGRAPHIC_COVERAGE_RESERVE,8,True,True,True,NOT_IN_REMAINING_MISS_TABLE,1204,9623,8,8,8,0,0,8,8,8,8,True,True,RIGHT,-0.36776710862384432,-0.36776710862384432,1.310934367577036,7.3975462023963852,b8731f9e01f2fd83,0.025039462991117034
VALIDATION_SEEN_AFTER_V1,VUE030,rosbag2_2026_08_24-19_24_17,R3_LEXICOGRAPHIC_COVERAGE_RESERVE,12,True,True,True,NOT_IN_REMAINING_MISS_TABLE,1204,9623,12,12,12,0,0,12,12,9,9,True,True,RIGHT,-0.36776710862384432,-0.36776710862384432,1.310934367577036,7.3975462023963852,b8731f9e01f2fd83,0.025039462991117034
VALIDATION_SEEN_AFTER_V1,VUE030,rosbag2_2026_08_24-19_24_17,R3_LEXICOGRAPHIC_COVERAGE_RESERVE,16,True,True,True,NOT_IN_REMAINING_MISS_TABLE,1204,9623,16,16,16,0,0,16,16,9,9,True,True,RIGHT,-0.36776710862384432,-0.36776710862384432,1.310934367577036,7.3975462023963852,b8731f9e01f2fd83,0.025039462991117034
VALIDATION_SEEN_AFTER_V1,VUE030,rosbag2_2026_08_24-19_24_17,R3_LEXICOGRAPHIC_COVERAGE_RESERVE,24,True,True,True,NOT_IN_REMAINING_MISS_TABLE,1204,9623,24,24,24,0,0,24,24,9,9,True,True,RIGHT,-0.36776710862384432,-0.36776710862384432,1.310934367577036,7.3975462023963852,b8731f9e01f2fd83,0.025039462991117034
VALIDATION_SEEN_AFTER_V1,VUE031,rosbag2_2026_08_25-09_59_22,R1_FEASIBILITY_LEXICOGRAPHIC,8,True,False,False,NOT_IN_REMAINING_MISS_TABLE,616,3689,8,8,8,0,0,8,8,0,0,False,False,,,,,,,0.01919251700019231
VALIDATION_SEEN_AFTER_V1,VUE031,rosbag2_2026_08_25-09_59_22,R1_FEASIBILITY_LEXICOGRAPHIC,12,True,False,False,NOT_IN_REMAINING_MISS_TABLE,616,3689,12,12,12,0,0,12,12,0,0,False,False,,,,,,,0.01919251700019231
VALIDATION_SEEN_AFTER_V1,VUE031,rosbag2_2026_08_25-09_59_22,R1_FEASIBILITY_LEXICOGRAPHIC,16,True,False,False,NOT_IN_REMAINING_MISS_TABLE,616,3689,16,16,16,0,0,16,16,0,0,False,False,,,,,,,0.01919251700019231
VALIDATION_SEEN_AFTER_V1,VUE031,rosbag2_2026_08_25-09_59_22,R1_FEASIBILITY_LEXICOGRAPHIC,24,True,False,False,NOT_IN_REMAINING_MISS_TABLE,616,3689,24,24,24,0,0,24,24,0,0,False,False,,,,,,,0.01919251700019231
VALIDATION_SEEN_AFTER_V1,VUE031,rosbag2_2026_08_25-09_59_22,R2_BALANCED_PHYSICS_SCORE,8,True,False,False,NOT_IN_REMAINING_MISS_TABLE,616,3689,8,8,8,0,0,8,8,0,0,False,False,,,,,,,0.018662041002244223
VALIDATION_SEEN_AFTER_V1,VUE031,rosbag2_2026_08_25-09_59_22,R2_BALANCED_PHYSICS_SCORE,12,True,False,False,NOT_IN_REMAINING_MISS_TABLE,616,3689,12,12,12,0,0,12,12,0,0,False,False,,,,,,,0.018662041002244223
VALIDATION_SEEN_AFTER_V1,VUE031,rosbag2_2026_08_25-09_59_22,R2_BALANCED_PHYSICS_SCORE,16,True,False,False,NOT_IN_REMAINING_MISS_TABLE,616,3689,16,16,16,0,0,16,16,0,0,False,False,,,,,,,0.018662041002244223
VALIDATION_SEEN_AFTER_V1,VUE031,rosbag2_2026_08_25-09_59_22,R2_BALANCED_PHYSICS_SCORE,24,True,False,False,NOT_IN_REMAINING_MISS_TABLE,616,3689,24,24,24,0,0,24,24,0,0,False,False,,,,,,,0.018662041002244223
VALIDATION_SEEN_AFTER_V1,VUE031,rosbag2_2026_08_25-09_59_22,R3_LEXICOGRAPHIC_COVERAGE_RESERVE,8,True,False,False,NOT_IN_REMAINING_MISS_TABLE,616,3689,8,8,8,0,0,8,8,0,0,False,False,,,,,,,0.04344331799802603
VALIDATION_SEEN_AFTER_V1,VUE031,rosbag2_2026_08_25-09_59_22,R3_LEXICOGRAPHIC_COVERAGE_RESERVE,12,True,False,False,NOT_IN_REMAINING_MISS_TABLE,616,3689,12,12,10,0,2,12,10,0,0,False,False,,,,,,,0.04344331799802603
VALIDATION_SEEN_AFTER_V1,VUE031,rosbag2_2026_08_25-09_59_22,R3_LEXICOGRAPHIC_COVERAGE_RESERVE,16,True,False,False,NOT_IN_REMAINING_MISS_TABLE,616,3689,16,16,14,0,2,16,14,0,0,False,False,,,,,,,0.04344331799802603
VALIDATION_SEEN_AFTER_V1,VUE031,rosbag2_2026_08_25-09_59_22,R3_LEXICOGRAPHIC_COVERAGE_RESERVE,24,True,False,False,NOT_IN_REMAINING_MISS_TABLE,616,3689,24,24,18,0,6,24,18,0,0,False,False,,,,,,,0.04344331799802603
VALIDATION_SEEN_AFTER_V1,VUE032,rosbag2_2026_08_25-09_59_22,R1_FEASIBILITY_LEXICOGRAPHIC,8,True,True,True,PROBE_ROOT_OR_D_MID_SELECTION,2724,24504,8,8,8,0,0,8,8,8,8,True,True,RIGHT,-0.58490603927861806,-0.68490603927861804,1.310934367577036,3.9473573093269398,411e0416cb3c31b9,0.012138994999986608
VALIDATION_SEEN_AFTER_V1,VUE032,rosbag2_2026_08_25-09_59_22,R1_FEASIBILITY_LEXICOGRAPHIC,12,True,True,True,PROBE_ROOT_OR_D_MID_SELECTION,2724,24504,12,12,12,0,0,12,12,8,8,True,True,RIGHT,-0.58490603927861806,-0.68490603927861804,1.310934367577036,3.9473573093269398,411e0416cb3c31b9,0.012138994999986608
VALIDATION_SEEN_AFTER_V1,VUE032,rosbag2_2026_08_25-09_59_22,R1_FEASIBILITY_LEXICOGRAPHIC,16,True,True,True,PROBE_ROOT_OR_D_MID_SELECTION,2724,24504,16,16,16,0,0,16,16,8,8,True,True,RIGHT,-0.58490603927861806,-0.68490603927861804,1.310934367577036,3.9473573093269398,411e0416cb3c31b9,0.012138994999986608
VALIDATION_SEEN_AFTER_V1,VUE032,rosbag2_2026_08_25-09_59_22,R1_FEASIBILITY_LEXICOGRAPHIC,24,True,True,True,PROBE_ROOT_OR_D_MID_SELECTION,2724,24504,24,24,24,0,0,24,24,8,8,True,True,RIGHT,-0.58490603927861806,-0.68490603927861804,1.310934367577036,3.9473573093269398,411e0416cb3c31b9,0.012138994999986608
VALIDATION_SEEN_AFTER_V1,VUE032,rosbag2_2026_08_25-09_59_22,R2_BALANCED_PHYSICS_SCORE,8,True,True,True,PROBE_ROOT_OR_D_MID_SELECTION,2724,24504,8,8,8,0,0,8,8,0,0,False,False,,,,,,,0.011837982994620688
VALIDATION_SEEN_AFTER_V1,VUE032,rosbag2_2026_08_25-09_59_22,R2_BALANCED_PHYSICS_SCORE,12,True,True,True,PROBE_ROOT_OR_D_MID_SELECTION,2724,24504,12,12,12,0,0,12,12,0,0,False,False,,,,,,,0.011837982994620688
VALIDATION_SEEN_AFTER_V1,VUE032,rosbag2_2026_08_25-09_59_22,R2_BALANCED_PHYSICS_SCORE,16,True,True,True,PROBE_ROOT_OR_D_MID_SELECTION,2724,24504,16,16,16,0,0,16,16,2,2,True,True,RIGHT,-0.58647000741488964,-0.68647000741488962,1.310934367577036,3.9473573093269398,debce1d38b6a233b,0.011837982994620688
VALIDATION_SEEN_AFTER_V1,VUE032,rosbag2_2026_08_25-09_59_22,R2_BALANCED_PHYSICS_SCORE,24,True,True,True,PROBE_ROOT_OR_D_MID_SELECTION,2724,24504,24,24,24,0,0,24,24,8,8,True,True,RIGHT,-0.58490603927861806,-0.68490603927861804,1.310934367577036,3.9473573093269398,411e0416cb3c31b9,0.011837982994620688
VALIDATION_SEEN_AFTER_V1,VUE032,rosbag2_2026_08_25-09_59_22,R3_LEXICOGRAPHIC_COVERAGE_RESERVE,8,True,True,True,PROBE_ROOT_OR_D_MID_SELECTION,2724,24504,8,8,8,0,0,8,8,8,8,True,True,RIGHT,-0.58490603927861806,-0.68490603927861804,1.310934367577036,3.9473573093269398,411e0416cb3c31b9,0.03387872999883257
VALIDATION_SEEN_AFTER_V1,VUE032,rosbag2_2026_08_25-09_59_22,R3_LEXICOGRAPHIC_COVERAGE_RESERVE,12,True,True,True,PROBE_ROOT_OR_D_MID_SELECTION,2724,24504,12,12,12,0,0,12,12,8,8,True,True,RIGHT,-0.58490603927861806,-0.68490603927861804,1.310934367577036,3.9473573093269398,411e0416cb3c31b9,0.03387872999883257
VALIDATION_SEEN_AFTER_V1,VUE032,rosbag2_2026_08_25-09_59_22,R3_LEXICOGRAPHIC_COVERAGE_RESERVE,16,True,True,True,PROBE_ROOT_OR_D_MID_SELECTION,2724,24504,16,16,15,0,1,16,15,8,8,True,True,RIGHT,-0.58490603927861806,-0.68490603927861804,1.310934367577036,3.9473573093269398,411e0416cb3c31b9,0.03387872999883257
VALIDATION_SEEN_AFTER_V1,VUE032,rosbag2_2026_08_25-09_59_22,R3_LEXICOGRAPHIC_COVERAGE_RESERVE,24,True,True,True,PROBE_ROOT_OR_D_MID_SELECTION,2724,24504,24,24,22,0,2,24,22,8,8,True,True,RIGHT,-0.58490603927861806,-0.68490603927861804,1.310934367577036,3.9473573093269398,411e0416cb3c31b9,0.03387872999883257
VALIDATION_SEEN_AFTER_V1,VUE033,rosbag2_2026_08_25-09_59_22,R1_FEASIBILITY_LEXICOGRAPHIC,8,True,True,True,NOT_IN_REMAINING_MISS_TABLE,1227,2452,8,8,8,0,0,8,8,8,8,True,True,RIGHT,-0.58519393960830202,-0.73519393960830204,0.71366941165554731,0.49716841625749453,7c3ce75fe7740ebe,0.0072806569951353595
VALIDATION_SEEN_AFTER_V1,VUE033,rosbag2_2026_08_25-09_59_22,R1_FEASIBILITY_LEXICOGRAPHIC,12,True,True,True,NOT_IN_REMAINING_MISS_TABLE,1227,2452,12,12,12,0,0,12,12,12,12,True,True,RIGHT,-0.58519393960830202,-0.73519393960830204,0.71366941165554731,0.49716841625749453,7c3ce75fe7740ebe,0.0072806569951353595
VALIDATION_SEEN_AFTER_V1,VUE033,rosbag2_2026_08_25-09_59_22,R1_FEASIBILITY_LEXICOGRAPHIC,16,True,True,True,NOT_IN_REMAINING_MISS_TABLE,1227,2452,16,16,16,0,0,16,16,16,16,True,True,RIGHT,-0.58519393960830202,-0.73519393960830204,0.71366941165554731,0.49716841625749453,7c3ce75fe7740ebe,0.0072806569951353595
VALIDATION_SEEN_AFTER_V1,VUE033,rosbag2_2026_08_25-09_59_22,R1_FEASIBILITY_LEXICOGRAPHIC,24,True,True,True,NOT_IN_REMAINING_MISS_TABLE,1227,2452,24,24,24,0,0,24,24,24,24,True,True,RIGHT,-0.57678806860384457,-0.72678806860384459,0.71366941165554731,0.49716841625749453,7b4e1b2a20c9be3c,0.0072806569951353595
VALIDATION_SEEN_AFTER_V1,VUE033,rosbag2_2026_08_25-09_59_22,R2_BALANCED_PHYSICS_SCORE,8,True,True,True,NOT_IN_REMAINING_MISS_TABLE,1227,2452,8,8,8,0,0,8,8,8,8,True,True,RIGHT,-0.58519393960830202,-0.73519393960830204,0.71366941165554731,0.49716841625749453,7c3ce75fe7740ebe,0.006830883001384791
VALIDATION_SEEN_AFTER_V1,VUE033,rosbag2_2026_08_25-09_59_22,R2_BALANCED_PHYSICS_SCORE,12,True,True,True,NOT_IN_REMAINING_MISS_TABLE,1227,2452,12,12,12,0,0,12,12,12,12,True,True,RIGHT,-0.58519393960830202,-0.73519393960830204,0.71366941165554731,0.49716841625749453,7c3ce75fe7740ebe,0.006830883001384791
VALIDATION_SEEN_AFTER_V1,VUE033,rosbag2_2026_08_25-09_59_22,R2_BALANCED_PHYSICS_SCORE,16,True,True,True,NOT_IN_REMAINING_MISS_TABLE,1227,2452,16,16,16,0,0,16,16,16,16,True,True,RIGHT,-0.58519393960830202,-0.73519393960830204,0.71366941165554731,0.49716841625749453,7c3ce75fe7740ebe,0.006830883001384791
VALIDATION_SEEN_AFTER_V1,VUE033,rosbag2_2026_08_25-09_59_22,R2_BALANCED_PHYSICS_SCORE,24,True,True,True,NOT_IN_REMAINING_MISS_TABLE,1227,2452,24,24,24,0,0,24,24,24,24,True,True,RIGHT,-0.59769393960830208,-0.69769393960830206,0.71366941165554731,0.49716841625749453,8d24bac0fd02be3e,0.006830883001384791
VALIDATION_SEEN_AFTER_V1,VUE033,rosbag2_2026_08_25-09_59_22,R3_LEXICOGRAPHIC_COVERAGE_RESERVE,8,True,True,True,NOT_IN_REMAINING_MISS_TABLE,1227,2452,8,8,8,0,0,8,8,8,8,True,True,RIGHT,-0.58519393960830202,-0.73519393960830204,0.71366941165554731,0.49716841625749453,7c3ce75fe7740ebe,0.01630440799635835
VALIDATION_SEEN_AFTER_V1,VUE033,rosbag2_2026_08_25-09_59_22,R3_LEXICOGRAPHIC_COVERAGE_RESERVE,12,True,True,True,NOT_IN_REMAINING_MISS_TABLE,1227,2452,12,12,11,0,1,12,11,10,10,True,True,RIGHT,-0.58519393960830202,-0.73519393960830204,0.71366941165554731,0.49716841625749453,7c3ce75fe7740ebe,0.01630440799635835
VALIDATION_SEEN_AFTER_V1,VUE033,rosbag2_2026_08_25-09_59_22,R3_LEXICOGRAPHIC_COVERAGE_RESERVE,16,True,True,True,NOT_IN_REMAINING_MISS_TABLE,1227,2452,16,16,15,0,1,16,15,14,14,True,True,RIGHT,-0.58519393960830202,-0.73519393960830204,0.71366941165554731,0.49716841625749453,7c3ce75fe7740ebe,0.01630440799635835
VALIDATION_SEEN_AFTER_V1,VUE033,rosbag2_2026_08_25-09_59_22,R3_LEXICOGRAPHIC_COVERAGE_RESERVE,24,True,True,True,NOT_IN_REMAINING_MISS_TABLE,1227,2452,24,24,22,0,2,24,22,20,20,True,True,RIGHT,-0.57678806860384457,-0.72678806860384459,0.71366941165554731,0.49716841625749453,7b4e1b2a20c9be3c,0.01630440799635835
VALIDATION_SEEN_AFTER_V1,VUE034,rosbag2_2026_08_25-09_59_22,R1_FEASIBILITY_LEXICOGRAPHIC,8,True,True,True,NOT_IN_REMAINING_MISS_TABLE,1227,2452,8,8,8,0,0,8,8,4,4,True,True,RIGHT,-0.53970449963698808,-0.61970449963698804,0.71366941165554731,0.49716841625749453,915744af2211bf84,0.006446694998885505
VALIDATION_SEEN_AFTER_V1,VUE034,rosbag2_2026_08_25-09_59_22,R1_FEASIBILITY_LEXICOGRAPHIC,12,True,True,True,NOT_IN_REMAINING_MISS_TABLE,1227,2452,12,12,12,0,0,12,12,5,5,True,True,RIGHT,-0.53970449963698808,-0.61970449963698804,0.71366941165554731,0.49716841625749453,915744af2211bf84,0.006446694998885505
VALIDATION_SEEN_AFTER_V1,VUE034,rosbag2_2026_08_25-09_59_22,R1_FEASIBILITY_LEXICOGRAPHIC,16,True,True,True,NOT_IN_REMAINING_MISS_TABLE,1227,2452,16,16,16,0,0,16,16,9,9,True,True,RIGHT,-0.55896912675364319,-0.59917530140291464,0.71366941165554731,0.49716841625749453,6410ff39372351ad,0.006446694998885505
VALIDATION_SEEN_AFTER_V1,VUE034,rosbag2_2026_08_25-09_59_22,R1_FEASIBILITY_LEXICOGRAPHIC,24,True,True,True,NOT_IN_REMAINING_MISS_TABLE,1227,2452,24,24,24,0,0,24,24,16,16,True,True,RIGHT,-0.53970449963698808,-0.59917530140291464,0.71366941165554731,0.49716841625749453,02f57c7cb5f5fec5,0.006446694998885505
VALIDATION_SEEN_AFTER_V1,VUE034,rosbag2_2026_08_25-09_59_22,R2_BALANCED_PHYSICS_SCORE,8,True,True,True,NOT_IN_REMAINING_MISS_TABLE,1227,2452,8,8,8,0,0,8,8,6,6,True,True,RIGHT,-0.55896912675364319,-0.65896912675364316,0.71366941165554731,0.49716841625749453,d12b7c86b9101a64,0.009758621999935713
VALIDATION_SEEN_AFTER_V1,VUE034,rosbag2_2026_08_25-09_59_22,R2_BALANCED_PHYSICS_SCORE,12,True,True,True,NOT_IN_REMAINING_MISS_TABLE,1227,2452,12,12,12,0,0,12,12,10,10,True,True,RIGHT,-0.57970449963698811,-0.62970449963698816,0.71366941165554731,0.49716841625749453,ef7a7b53fffc0b59,0.009758621999935713
VALIDATION_SEEN_AFTER_V1,VUE034,rosbag2_2026_08_25-09_59_22,R2_BALANCED_PHYSICS_SCORE,16,True,True,True,NOT_IN_REMAINING_MISS_TABLE,1227,2452,16,16,16,0,0,16,16,14,14,True,True,RIGHT,-0.57970449963698811,-0.62970449963698816,0.71366941165554731,0.49716841625749453,ef7a7b53fffc0b59,0.009758621999935713
VALIDATION_SEEN_AFTER_V1,VUE034,rosbag2_2026_08_25-09_59_22,R2_BALANCED_PHYSICS_SCORE,24,True,True,True,NOT_IN_REMAINING_MISS_TABLE,1227,2452,24,24,24,0,0,24,24,21,21,True,True,RIGHT,-0.57970449963698811,-0.61970449963698815,0.71366941165554731,0.49716841625749453,dc1f36ada9c8a965,0.009758621999935713
VALIDATION_SEEN_AFTER_V1,VUE034,rosbag2_2026_08_25-09_59_22,R3_LEXICOGRAPHIC_COVERAGE_RESERVE,8,True,True,True,NOT_IN_REMAINING_MISS_TABLE,1227,2452,8,8,8,0,0,8,8,4,4,True,True,RIGHT,-0.53970449963698808,-0.61970449963698804,0.71366941165554731,0.49716841625749453,915744af2211bf84,0.016992999000649434
VALIDATION_SEEN_AFTER_V1,VUE034,rosbag2_2026_08_25-09_59_22,R3_LEXICOGRAPHIC_COVERAGE_RESERVE,12,True,True,True,NOT_IN_REMAINING_MISS_TABLE,1227,2452,12,12,12,0,0,12,12,6,6,True,True,RIGHT,-0.53970449963698808,-0.61970449963698804,0.71366941165554731,0.49716841625749453,915744af2211bf84,0.016992999000649434
VALIDATION_SEEN_AFTER_V1,VUE034,rosbag2_2026_08_25-09_59_22,R3_LEXICOGRAPHIC_COVERAGE_RESERVE,16,True,True,True,NOT_IN_REMAINING_MISS_TABLE,1227,2452,16,16,16,0,0,16,16,9,9,True,True,RIGHT,-0.53126295210437191,-0.61126295210437187,0.71366941165554731,0.49716841625749453,91ffae0cf7e8286b,0.016992999000649434
VALIDATION_SEEN_AFTER_V1,VUE034,rosbag2_2026_08_25-09_59_22,R3_LEXICOGRAPHIC_COVERAGE_RESERVE,24,True,True,True,NOT_IN_REMAINING_MISS_TABLE,1227,2452,24,24,24,0,0,24,24,15,15,True,True,RIGHT,-0.55896912675364319,-0.59917530140291464,0.71366941165554731,0.49716841625749453,6410ff39372351ad,0.016992999000649434
VALIDATION_SEEN_AFTER_V1,VUE035,rosbag2_2026_08_25-09_59_22,R1_FEASIBILITY_LEXICOGRAPHIC,8,True,True,True,MULTI_PARAMETER_OR_FACTOR_SPACE_COVERAGE,1314,2625,8,8,8,0,0,8,8,0,0,False,False,,,,,,,0.006197857001097873
VALIDATION_SEEN_AFTER_V1,VUE035,rosbag2_2026_08_25-09_59_22,R1_FEASIBILITY_LEXICOGRAPHIC,12,True,True,True,MULTI_PARAMETER_OR_FACTOR_SPACE_COVERAGE,1314,2625,12,12,12,0,0,12,12,0,0,False,False,,,,,,,0.006197857001097873
VALIDATION_SEEN_AFTER_V1,VUE035,rosbag2_2026_08_25-09_59_22,R1_FEASIBILITY_LEXICOGRAPHIC,16,True,True,True,MULTI_PARAMETER_OR_FACTOR_SPACE_COVERAGE,1314,2625,16,16,16,0,0,16,16,0,0,False,False,,,,,,,0.006197857001097873
VALIDATION_SEEN_AFTER_V1,VUE035,rosbag2_2026_08_25-09_59_22,R1_FEASIBILITY_LEXICOGRAPHIC,24,True,True,True,MULTI_PARAMETER_OR_FACTOR_SPACE_COVERAGE,1314,2625,24,24,24,0,0,24,24,0,0,False,False,,,,,,,0.006197857001097873
VALIDATION_SEEN_AFTER_V1,VUE035,rosbag2_2026_08_25-09_59_22,R2_BALANCED_PHYSICS_SCORE,8,True,True,True,MULTI_PARAMETER_OR_FACTOR_SPACE_COVERAGE,1314,2625,8,8,8,0,0,8,8,0,0,False,False,,,,,,,0.008033201003854629
VALIDATION_SEEN_AFTER_V1,VUE035,rosbag2_2026_08_25-09_59_22,R2_BALANCED_PHYSICS_SCORE,12,True,True,True,MULTI_PARAMETER_OR_FACTOR_SPACE_COVERAGE,1314,2625,12,12,12,0,0,12,12,0,0,False,False,,,,,,,0.008033201003854629
VALIDATION_SEEN_AFTER_V1,VUE035,rosbag2_2026_08_25-09_59_22,R2_BALANCED_PHYSICS_SCORE,16,True,True,True,MULTI_PARAMETER_OR_FACTOR_SPACE_COVERAGE,1314,2625,16,16,16,0,0,16,16,0,0,False,False,,,,,,,0.008033201003854629
VALIDATION_SEEN_AFTER_V1,VUE035,rosbag2_2026_08_25-09_59_22,R2_BALANCED_PHYSICS_SCORE,24,True,True,True,MULTI_PARAMETER_OR_FACTOR_SPACE_COVERAGE,1314,2625,24,24,24,0,0,24,24,0,0,False,False,,,,,,,0.008033201003854629
VALIDATION_SEEN_AFTER_V1,VUE035,rosbag2_2026_08_25-09_59_22,R3_LEXICOGRAPHIC_COVERAGE_RESERVE,8,True,True,True,MULTI_PARAMETER_OR_FACTOR_SPACE_COVERAGE,1314,2625,8,8,8,0,0,8,8,0,0,False,False,,,,,,,0.013727839999774005
VALIDATION_SEEN_AFTER_V1,VUE035,rosbag2_2026_08_25-09_59_22,R3_LEXICOGRAPHIC_COVERAGE_RESERVE,12,True,True,True,MULTI_PARAMETER_OR_FACTOR_SPACE_COVERAGE,1314,2625,12,12,12,0,0,12,12,0,0,False,False,,,,,,,0.013727839999774005
VALIDATION_SEEN_AFTER_V1,VUE035,rosbag2_2026_08_25-09_59_22,R3_LEXICOGRAPHIC_COVERAGE_RESERVE,16,True,True,True,MULTI_PARAMETER_OR_FACTOR_SPACE_COVERAGE,1314,2625,16,16,16,0,0,16,16,0,0,False,False,,,,,,,0.013727839999774005
VALIDATION_SEEN_AFTER_V1,VUE035,rosbag2_2026_08_25-09_59_22,R3_LEXICOGRAPHIC_COVERAGE_RESERVE,24,True,True,True,MULTI_PARAMETER_OR_FACTOR_SPACE_COVERAGE,1314,2625,24,24,24,0,0,24,24,0,0,False,False,,,,,,,0.013727839999774005
VALIDATION_SEEN_AFTER_V1,VUE036,rosbag2_2026_08_25-09_59_22,R1_FEASIBILITY_LEXICOGRAPHIC,8,True,True,True,NOT_IN_REMAINING_MISS_TABLE,1202,2401,8,8,8,0,0,8,8,0,0,False,False,,,,,,,0.005776913996669464
VALIDATION_SEEN_AFTER_V1,VUE036,rosbag2_2026_08_25-09_59_22,R1_FEASIBILITY_LEXICOGRAPHIC,12,True,True,True,NOT_IN_REMAINING_MISS_TABLE,1202,2401,12,12,12,0,0,12,12,4,4,True,True,RIGHT,-0.67496131974319162,-0.72496131974319167,0.51458109301505117,0.49716841625749453,f518c26be9229c24,0.005776913996669464
VALIDATION_SEEN_AFTER_V1,VUE036,rosbag2_2026_08_25-09_59_22,R1_FEASIBILITY_LEXICOGRAPHIC,16,True,True,True,NOT_IN_REMAINING_MISS_TABLE,1202,2401,16,16,16,0,0,16,16,8,8,True,True,RIGHT,-0.67496131974319162,-0.71496131974319166,0.51458109301505117,0.49716841625749453,49c15966329349d6,0.005776913996669464
VALIDATION_SEEN_AFTER_V1,VUE036,rosbag2_2026_08_25-09_59_22,R1_FEASIBILITY_LEXICOGRAPHIC,24,True,True,True,NOT_IN_REMAINING_MISS_TABLE,1202,2401,24,24,24,0,0,24,24,12,12,True,True,RIGHT,-0.67496131974319162,-0.71312321907629317,0.51458109301505117,0.49716841625749453,9d15b5c304d8da42,0.005776913996669464
VALIDATION_SEEN_AFTER_V1,VUE036,rosbag2_2026_08_25-09_59_22,R2_BALANCED_PHYSICS_SCORE,8,True,True,True,NOT_IN_REMAINING_MISS_TABLE,1202,2401,8,8,8,0,0,8,8,0,0,False,False,,,,,,,0.009180554996419232
VALIDATION_SEEN_AFTER_V1,VUE036,rosbag2_2026_08_25-09_59_22,R2_BALANCED_PHYSICS_SCORE,12,True,True,True,NOT_IN_REMAINING_MISS_TABLE,1202,2401,12,12,12,0,0,12,12,4,4,True,True,RIGHT,-0.67496131974319162,-0.72496131974319167,0.51458109301505117,0.49716841625749453,f518c26be9229c24,0.009180554996419232
VALIDATION_SEEN_AFTER_V1,VUE036,rosbag2_2026_08_25-09_59_22,R2_BALANCED_PHYSICS_SCORE,16,True,True,True,NOT_IN_REMAINING_MISS_TABLE,1202,2401,16,16,16,0,0,16,16,8,8,True,True,RIGHT,-0.67496131974319162,-0.71496131974319166,0.51458109301505117,0.49716841625749453,49c15966329349d6,0.009180554996419232
VALIDATION_SEEN_AFTER_V1,VUE036,rosbag2_2026_08_25-09_59_22,R2_BALANCED_PHYSICS_SCORE,24,True,True,True,NOT_IN_REMAINING_MISS_TABLE,1202,2401,24,24,24,0,0,24,24,12,12,True,True,RIGHT,-0.67496131974319162,-0.71312321907629317,0.51458109301505117,0.49716841625749453,9d15b5c304d8da42,0.009180554996419232
VALIDATION_SEEN_AFTER_V1,VUE036,rosbag2_2026_08_25-09_59_22,R3_LEXICOGRAPHIC_COVERAGE_RESERVE,8,True,True,True,NOT_IN_REMAINING_MISS_TABLE,1202,2401,8,8,8,0,0,8,8,0,0,False,False,,,,,,,0.01955593699676683
VALIDATION_SEEN_AFTER_V1,VUE036,rosbag2_2026_08_25-09_59_22,R3_LEXICOGRAPHIC_COVERAGE_RESERVE,12,True,True,True,NOT_IN_REMAINING_MISS_TABLE,1202,2401,12,12,12,0,0,12,12,2,2,True,True,RIGHT,-0.67496131974319162,-0.72496131974319167,0.51458109301505117,0.49716841625749453,f518c26be9229c24,0.01955593699676683
VALIDATION_SEEN_AFTER_V1,VUE036,rosbag2_2026_08_25-09_59_22,R3_LEXICOGRAPHIC_COVERAGE_RESERVE,16,True,True,True,NOT_IN_REMAINING_MISS_TABLE,1202,2401,16,16,16,0,0,16,16,6,6,True,True,RIGHT,-0.67496131974319162,-0.71948353563181011,0.51458109301505117,0.49716841625749453,0b9a2e23db3f30c3,0.01955593699676683
VALIDATION_SEEN_AFTER_V1,VUE036,rosbag2_2026_08_25-09_59_22,R3_LEXICOGRAPHIC_COVERAGE_RESERVE,24,True,True,True,NOT_IN_REMAINING_MISS_TABLE,1202,2401,24,24,24,0,0,24,24,10,10,True,True,RIGHT,-0.67496131974319162,-0.71312321907629317,0.51458109301505117,0.49716841625749453,9d15b5c304d8da42,0.01955593699676683
VALIDATION_SEEN_AFTER_V1,VUE037,rosbag2_2026_08_25-09_59_22,R1_FEASIBILITY_LEXICOGRAPHIC,8,True,False,False,NOT_IN_REMAINING_MISS_TABLE,2248,31455,8,8,8,0,0,8,8,0,0,False,False,,,,,,,0.01378186699730577
VALIDATION_SEEN_AFTER_V1,VUE037,rosbag2_2026_08_25-09_59_22,R1_FEASIBILITY_LEXICOGRAPHIC,12,True,False,False,NOT_IN_REMAINING_MISS_TABLE,2248,31455,12,12,12,0,0,12,12,0,0,False,False,,,,,,,0.01378186699730577
VALIDATION_SEEN_AFTER_V1,VUE037,rosbag2_2026_08_25-09_59_22,R1_FEASIBILITY_LEXICOGRAPHIC,16,True,False,False,NOT_IN_REMAINING_MISS_TABLE,2248,31455,16,16,16,0,0,16,16,0,0,False,False,,,,,,,0.01378186699730577
VALIDATION_SEEN_AFTER_V1,VUE037,rosbag2_2026_08_25-09_59_22,R1_FEASIBILITY_LEXICOGRAPHIC,24,True,False,False,NOT_IN_REMAINING_MISS_TABLE,2248,31455,24,24,24,0,0,24,24,0,0,False,False,,,,,,,0.01378186699730577
VALIDATION_SEEN_AFTER_V1,VUE037,rosbag2_2026_08_25-09_59_22,R2_BALANCED_PHYSICS_SCORE,8,True,False,False,NOT_IN_REMAINING_MISS_TABLE,2248,31455,8,8,8,0,0,8,8,0,0,False,False,,,,,,,0.01314255699981004
VALIDATION_SEEN_AFTER_V1,VUE037,rosbag2_2026_08_25-09_59_22,R2_BALANCED_PHYSICS_SCORE,12,True,False,False,NOT_IN_REMAINING_MISS_TABLE,2248,31455,12,12,12,0,0,12,12,0,0,False,False,,,,,,,0.01314255699981004
VALIDATION_SEEN_AFTER_V1,VUE037,rosbag2_2026_08_25-09_59_22,R2_BALANCED_PHYSICS_SCORE,16,True,False,False,NOT_IN_REMAINING_MISS_TABLE,2248,31455,16,16,16,0,0,16,16,0,0,False,False,,,,,,,0.01314255699981004
VALIDATION_SEEN_AFTER_V1,VUE037,rosbag2_2026_08_25-09_59_22,R2_BALANCED_PHYSICS_SCORE,24,True,False,False,NOT_IN_REMAINING_MISS_TABLE,2248,31455,24,24,24,0,0,24,24,0,0,False,False,,,,,,,0.01314255699981004
VALIDATION_SEEN_AFTER_V1,VUE037,rosbag2_2026_08_25-09_59_22,R3_LEXICOGRAPHIC_COVERAGE_RESERVE,8,True,False,False,NOT_IN_REMAINING_MISS_TABLE,2248,31455,8,8,8,0,0,8,8,0,0,False,False,,,,,,,0.030761593996430747
VALIDATION_SEEN_AFTER_V1,VUE037,rosbag2_2026_08_25-09_59_22,R3_LEXICOGRAPHIC_COVERAGE_RESERVE,12,True,False,False,NOT_IN_REMAINING_MISS_TABLE,2248,31455,12,12,12,0,0,12,12,0,0,False,False,,,,,,,0.030761593996430747
VALIDATION_SEEN_AFTER_V1,VUE037,rosbag2_2026_08_25-09_59_22,R3_LEXICOGRAPHIC_COVERAGE_RESERVE,16,True,False,False,NOT_IN_REMAINING_MISS_TABLE,2248,31455,16,16,16,0,0,16,16,0,0,False,False,,,,,,,0.030761593996430747
VALIDATION_SEEN_AFTER_V1,VUE037,rosbag2_2026_08_25-09_59_22,R3_LEXICOGRAPHIC_COVERAGE_RESERVE,24,True,False,False,NOT_IN_REMAINING_MISS_TABLE,2248,31455,24,24,24,0,0,24,24,0,0,False,False,,,,,,,0.030761593996430747
