dataset_role,event_id,variant,metric,baseline_positive,retained_positive,sensitivity_label,retained_witness_sources,declared_subset_of_oracle_v2,continuous_completeness_claim
PILOT_SEEN_DEVELOPMENT_DATA,V2E01,BASELINE_ORACLE_V2,HARD,True,True,POSITIVE_RETAINED_BY_EXACT_VALID_WITNESS,H3_FIXED_BOUNDED_BEST|H4A_GEOMETRY_TRANSITION_BEST|H4B_GEOMETRY_LATERAL_TRANSITION_BEST|ORACLE_V2_BEST|R1_FEASIBILITY_LEXICOGRAPHIC_SELECTED|R2_BALANCED_PHYSICS_SCORE_SELECTED|R3_LEXICOGRAPHIC_COVERAGE_RESERVE_SELECTED,False,False
PILOT_SEEN_DEVELOPMENT_DATA,V2E01,BASELINE_ORACLE_V2,USABLE,True,True,POSITIVE_RETAINED_BY_EXACT_VALID_WITNESS,H3_FIXED_BOUNDED_BEST|H4A_GEOMETRY_TRANSITION_BEST|H4B_GEOMETRY_LATERAL_TRANSITION_BEST|ORACLE_V2_BEST|R1_FEASIBILITY_LEXICOGRAPHIC_SELECTED|R2_BALANCED_PHYSICS_SCORE_SELECTED|R3_LEXICOGRAPHIC_COVERAGE_RESERVE_SELECTED,False,False
PILOT_SEEN_DEVELOPMENT_DATA,V2E01,COARSE_GRID_0P02,HARD,True,True,POSITIVE_RETAINED_BY_EXACT_VALID_WITNESS,H3_FIXED_BOUNDED_BEST|H4A_GEOMETRY_TRANSITION_BEST|H4B_GEOMETRY_LATERAL_TRANSITION_BEST|ORACLE_V2_BEST|R1_FEASIBILITY_LEXICOGRAPHIC_SELECTED|R2_BALANCED_PHYSICS_SCORE_SELECTED|R3_LEXICOGRAPHIC_COVERAGE_RESERVE_SELECTED,True,False
PILOT_SEEN_DEVELOPMENT_DATA,V2E01,COARSE_GRID_0P02,USABLE,True,True,POSITIVE_RETAINED_BY_EXACT_VALID_WITNESS,H3_FIXED_BOUNDED_BEST|H4A_GEOMETRY_TRANSITION_BEST|H4B_GEOMETRY_LATERAL_TRANSITION_BEST|ORACLE_V2_BEST|R1_FEASIBILITY_LEXICOGRAPHIC_SELECTED|R2_BALANCED_PHYSICS_SCORE_SELECTED|R3_LEXICOGRAPHIC_COVERAGE_RESERVE_SELECTED,True,False
PILOT_SEEN_DEVELOPMENT_DATA,V2E01,NARROW_D_MID_1P25,HARD,True,True,POSITIVE_RETAINED_BY_EXACT_VALID_WITNESS,H3_FIXED_BOUNDED_BEST|H4A_GEOMETRY_TRANSITION_BEST|H4B_GEOMETRY_LATERAL_TRANSITION_BEST|ORACLE_V2_BEST|R1_FEASIBILITY_LEXICOGRAPHIC_SELECTED|R2_BALANCED_PHYSICS_SCORE_SELECTED|R3_LEXICOGRAPHIC_COVERAGE_RESERVE_SELECTED,True,False
PILOT_SEEN_DEVELOPMENT_DATA,V2E01,NARROW_D_MID_1P25,USABLE,True,True,POSITIVE_RETAINED_BY_EXACT_VALID_WITNESS,H3_FIXED_BOUNDED_BEST|H4A_GEOMETRY_TRANSITION_BEST|H4B_GEOMETRY_LATERAL_TRANSITION_BEST|ORACLE_V2_BEST|R1_FEASIBILITY_LEXICOGRAPHIC_SELECTED|R2_BALANCED_PHYSICS_SCORE_SELECTED|R3_LEXICOGRAPHIC_COVERAGE_RESERVE_SELECTED,True,False
PILOT_SEEN_DEVELOPMENT_DATA,V2E01,MINIMUM_TRANSITION_PAIR_ONLY,HARD,True,False,INCONCLUSIVE_WITNESS_NOT_RETAINED,,True,False
PILOT_SEEN_DEVELOPMENT_DATA,V2E01,MINIMUM_TRANSITION_PAIR_ONLY,USABLE,True,False,INCONCLUSIVE_WITNESS_NOT_RETAINED,,True,False
PILOT_SEEN_DEVELOPMENT_DATA,V2E01,NO_FROZEN_FACTOR_ANCHORS,HARD,True,True,POSITIVE_RETAINED_BY_EXACT_VALID_WITNESS,H3_FIXED_BOUNDED_BEST|H4A_GEOMETRY_TRANSITION_BEST|H4B_GEOMETRY_LATERAL_TRANSITION_BEST|ORACLE_V2_BEST|R1_FEASIBILITY_LEXICOGRAPHIC_SELECTED|R2_BALANCED_PHYSICS_SCORE_SELECTED|R3_LEXICOGRAPHIC_COVERAGE_RESERVE_SELECTED,True,False
PILOT_SEEN_DEVELOPMENT_DATA,V2E01,NO_FROZEN_FACTOR_ANCHORS,USABLE,True,True,POSITIVE_RETAINED_BY_EXACT_VALID_WITNESS,H3_FIXED_BOUNDED_BEST|H4A_GEOMETRY_TRANSITION_BEST|H4B_GEOMETRY_LATERAL_TRANSITION_BEST|ORACLE_V2_BEST|R1_FEASIBILITY_LEXICOGRAPHIC_SELECTED|R2_BALANCED_PHYSICS_SCORE_SELECTED|R3_LEXICOGRAPHIC_COVERAGE_RESERVE_SELECTED,True,False
PILOT_SEEN_DEVELOPMENT_DATA,V2E02,BASELINE_ORACLE_V2,HARD,True,True,POSITIVE_RETAINED_BY_EXACT_VALID_WITNESS,H3_FIXED_BOUNDED_BEST|H4A_GEOMETRY_TRANSITION_BEST|H4B_GEOMETRY_LATERAL_TRANSITION_BEST|ORACLE_V2_BEST|R1_FEASIBILITY_LEXICOGRAPHIC_SELECTED|R2_BALANCED_PHYSICS_SCORE_SELECTED|R3_LEXICOGRAPHIC_COVERAGE_RESERVE_SELECTED,False,False
PILOT_SEEN_DEVELOPMENT_DATA,V2E02,BASELINE_ORACLE_V2,USABLE,True,True,POSITIVE_RETAINED_BY_EXACT_VALID_WITNESS,H3_FIXED_BOUNDED_BEST|H4A_GEOMETRY_TRANSITION_BEST|H4B_GEOMETRY_LATERAL_TRANSITION_BEST|ORACLE_V2_BEST|R1_FEASIBILITY_LEXICOGRAPHIC_SELECTED|R2_BALANCED_PHYSICS_SCORE_SELECTED|R3_LEXICOGRAPHIC_COVERAGE_RESERVE_SELECTED,False,False
PILOT_SEEN_DEVELOPMENT_DATA,V2E02,COARSE_GRID_0P02,HARD,True,True,POSITIVE_RETAINED_BY_EXACT_VALID_WITNESS,H3_FIXED_BOUNDED_BEST|H4A_GEOMETRY_TRANSITION_BEST|H4B_GEOMETRY_LATERAL_TRANSITION_BEST|ORACLE_V2_BEST|R1_FEASIBILITY_LEXICOGRAPHIC_SELECTED|R2_BALANCED_PHYSICS_SCORE_SELECTED|R3_LEXICOGRAPHIC_COVERAGE_RESERVE_SELECTED,True,False
PILOT_SEEN_DEVELOPMENT_DATA,V2E02,COARSE_GRID_0P02,USABLE,True,True,POSITIVE_RETAINED_BY_EXACT_VALID_WITNESS,H3_FIXED_BOUNDED_BEST|H4A_GEOMETRY_TRANSITION_BEST|H4B_GEOMETRY_LATERAL_TRANSITION_BEST|ORACLE_V2_BEST|R1_FEASIBILITY_LEXICOGRAPHIC_SELECTED|R2_BALANCED_PHYSICS_SCORE_SELECTED|R3_LEXICOGRAPHIC_COVERAGE_RESERVE_SELECTED,True,False
PILOT_SEEN_DEVELOPMENT_DATA,V2E02,NARROW_D_MID_1P25,HARD,True,True,POSITIVE_RETAINED_BY_EXACT_VALID_WITNESS,H3_FIXED_BOUNDED_BEST|H4A_GEOMETRY_TRANSITION_BEST|H4B_GEOMETRY_LATERAL_TRANSITION_BEST|ORACLE_V2_BEST|R1_FEASIBILITY_LEXICOGRAPHIC_SELECTED|R2_BALANCED_PHYSICS_SCORE_SELECTED|R3_LEXICOGRAPHIC_COVERAGE_RESERVE_SELECTED,True,False
PILOT_SEEN_DEVELOPMENT_DATA,V2E02,NARROW_D_MID_1P25,USABLE,True,True,POSITIVE_RETAINED_BY_EXACT_VALID_WITNESS,H3_FIXED_BOUNDED_BEST|H4A_GEOMETRY_TRANSITION_BEST|H4B_GEOMETRY_LATERAL_TRANSITION_BEST|ORACLE_V2_BEST|R1_FEASIBILITY_LEXICOGRAPHIC_SELECTED|R2_BALANCED_PHYSICS_SCORE_SELECTED|R3_LEXICOGRAPHIC_COVERAGE_RESERVE_SELECTED,True,False
PILOT_SEEN_DEVELOPMENT_DATA,V2E02,MINIMUM_TRANSITION_PAIR_ONLY,HARD,True,True,POSITIVE_RETAINED_BY_EXACT_VALID_WITNESS,R1_FEASIBILITY_LEXICOGRAPHIC_SELECTED|R2_BALANCED_PHYSICS_SCORE_SELECTED|R3_LEXICOGRAPHIC_COVERAGE_RESERVE_SELECTED,True,False
PILOT_SEEN_DEVELOPMENT_DATA,V2E02,MINIMUM_TRANSITION_PAIR_ONLY,USABLE,True,True,POSITIVE_RETAINED_BY_EXACT_VALID_WITNESS,R1_FEASIBILITY_LEXICOGRAPHIC_SELECTED|R2_BALANCED_PHYSICS_SCORE_SELECTED|R3_LEXICOGRAPHIC_COVERAGE_RESERVE_SELECTED,True,False
PILOT_SEEN_DEVELOPMENT_DATA,V2E02,NO_FROZEN_FACTOR_ANCHORS,HARD,True,True,POSITIVE_RETAINED_BY_EXACT_VALID_WITNESS,R1_FEASIBILITY_LEXICOGRAPHIC_SELECTED|R2_BALANCED_PHYSICS_SCORE_SELECTED|R3_LEXICOGRAPHIC_COVERAGE_RESERVE_SELECTED,True,False
PILOT_SEEN_DEVELOPMENT_DATA,V2E02,NO_FROZEN_FACTOR_ANCHORS,USABLE,True,True,POSITIVE_RETAINED_BY_EXACT_VALID_WITNESS,R1_FEASIBILITY_LEXICOGRAPHIC_SELECTED|R2_BALANCED_PHYSICS_SCORE_SELECTED|R3_LEXICOGRAPHIC_COVERAGE_RESERVE_SELECTED,True,False
PILOT_SEEN_DEVELOPMENT_DATA,V2E03,BASELINE_ORACLE_V2,HARD,True,True,POSITIVE_RETAINED_BY_EXACT_VALID_WITNESS,H3_FIXED_BOUNDED_BEST|H4A_GEOMETRY_TRANSITION_BEST|H4B_GEOMETRY_LATERAL_TRANSITION_BEST|ORACLE_V2_BEST|R1_FEASIBILITY_LEXICOGRAPHIC_SELECTED|R2_BALANCED_PHYSICS_SCORE_SELECTED|R3_LEXICOGRAPHIC_COVERAGE_RESERVE_SELECTED,False,False
PILOT_SEEN_DEVELOPMENT_DATA,V2E03,BASELINE_ORACLE_V2,USABLE,True,True,POSITIVE_RETAINED_BY_EXACT_VALID_WITNESS,H3_FIXED_BOUNDED_BEST|H4A_GEOMETRY_TRANSITION_BEST|H4B_GEOMETRY_LATERAL_TRANSITION_BEST|ORACLE_V2_BEST|R1_FEASIBILITY_LEXICOGRAPHIC_SELECTED|R2_BALANCED_PHYSICS_SCORE_SELECTED|R3_LEXICOGRAPHIC_COVERAGE_RESERVE_SELECTED,False,False
PILOT_SEEN_DEVELOPMENT_DATA,V2E03,COARSE_GRID_0P02,HARD,True,True,POSITIVE_RETAINED_BY_EXACT_VALID_WITNESS,H3_FIXED_BOUNDED_BEST|H4A_GEOMETRY_TRANSITION_BEST|H4B_GEOMETRY_LATERAL_TRANSITION_BEST|R1_FEASIBILITY_LEXICOGRAPHIC_SELECTED|R2_BALANCED_PHYSICS_SCORE_SELECTED|R3_LEXICOGRAPHIC_COVERAGE_RESERVE_SELECTED,True,False
PILOT_SEEN_DEVELOPMENT_DATA,V2E03,COARSE_GRID_0P02,USABLE,True,True,POSITIVE_RETAINED_BY_EXACT_VALID_WITNESS,H3_FIXED_BOUNDED_BEST|H4A_GEOMETRY_TRANSITION_BEST|H4B_GEOMETRY_LATERAL_TRANSITION_BEST|R1_FEASIBILITY_LEXICOGRAPHIC_SELECTED|R2_BALANCED_PHYSICS_SCORE_SELECTED|R3_LEXICOGRAPHIC_COVERAGE_RESERVE_SELECTED,True,False
PILOT_SEEN_DEVELOPMENT_DATA,V2E03,NARROW_D_MID_1P25,HARD,True,True,POSITIVE_RETAINED_BY_EXACT_VALID_WITNESS,H3_FIXED_BOUNDED_BEST|H4A_GEOMETRY_TRANSITION_BEST|H4B_GEOMETRY_LATERAL_TRANSITION_BEST|ORACLE_V2_BEST|R1_FEASIBILITY_LEXICOGRAPHIC_SELECTED|R2_BALANCED_PHYSICS_SCORE_SELECTED|R3_LEXICOGRAPHIC_COVERAGE_RESERVE_SELECTED,True,False
PILOT_SEEN_DEVELOPMENT_DATA,V2E03,NARROW_D_MID_1P25,USABLE,True,True,POSITIVE_RETAINED_BY_EXACT_VALID_WITNESS,H3_FIXED_BOUNDED_BEST|H4A_GEOMETRY_TRANSITION_BEST|H4B_GEOMETRY_LATERAL_TRANSITION_BEST|ORACLE_V2_BEST|R1_FEASIBILITY_LEXICOGRAPHIC_SELECTED|R2_BALANCED_PHYSICS_SCORE_SELECTED|R3_LEXICOGRAPHIC_COVERAGE_RESERVE_SELECTED,True,False
PILOT_SEEN_DEVELOPMENT_DATA,V2E03,MINIMUM_TRANSITION_PAIR_ONLY,HARD,True,False,INCONCLUSIVE_WITNESS_NOT_RETAINED,,True,False
PILOT_SEEN_DEVELOPMENT_DATA,V2E03,MINIMUM_TRANSITION_PAIR_ONLY,USABLE,True,False,INCONCLUSIVE_WITNESS_NOT_RETAINED,,True,False
PILOT_SEEN_DEVELOPMENT_DATA,V2E03,NO_FROZEN_FACTOR_ANCHORS,HARD,True,True,POSITIVE_RETAINED_BY_EXACT_VALID_WITNESS,H3_FIXED_BOUNDED_BEST|H4A_GEOMETRY_TRANSITION_BEST|H4B_GEOMETRY_LATERAL_TRANSITION_BEST|R1_FEASIBILITY_LEXICOGRAPHIC_SELECTED|R2_BALANCED_PHYSICS_SCORE_SELECTED|R3_LEXICOGRAPHIC_COVERAGE_RESERVE_SELECTED,True,False
PILOT_SEEN_DEVELOPMENT_DATA,V2E03,NO_FROZEN_FACTOR_ANCHORS,USABLE,True,True,POSITIVE_RETAINED_BY_EXACT_VALID_WITNESS,H3_FIXED_BOUNDED_BEST|H4A_GEOMETRY_TRANSITION_BEST|H4B_GEOMETRY_LATERAL_TRANSITION_BEST|R1_FEASIBILITY_LEXICOGRAPHIC_SELECTED|R2_BALANCED_PHYSICS_SCORE_SELECTED|R3_LEXICOGRAPHIC_COVERAGE_RESERVE_SELECTED,True,False
PILOT_SEEN_DEVELOPMENT_DATA,V2E04,BASELINE_ORACLE_V2,HARD,False,False,NEGATIVE_RETAINED_BY_SUBSET_MONOTONICITY,,False,False
PILOT_SEEN_DEVELOPMENT_DATA,V2E04,BASELINE_ORACLE_V2,USABLE,False,False,NEGATIVE_RETAINED_BY_SUBSET_MONOTONICITY,,False,False
PILOT_SEEN_DEVELOPMENT_DATA,V2E04,COARSE_GRID_0P02,HARD,False,False,NEGATIVE_RETAINED_BY_SUBSET_MONOTONICITY,,True,False
PILOT_SEEN_DEVELOPMENT_DATA,V2E04,COARSE_GRID_0P02,USABLE,False,False,NEGATIVE_RETAINED_BY_SUBSET_MONOTONICITY,,True,False
PILOT_SEEN_DEVELOPMENT_DATA,V2E04,NARROW_D_MID_1P25,HARD,False,False,NEGATIVE_RETAINED_BY_SUBSET_MONOTONICITY,,True,False
PILOT_SEEN_DEVELOPMENT_DATA,V2E04,NARROW_D_MID_1P25,USABLE,False,False,NEGATIVE_RETAINED_BY_SUBSET_MONOTONICITY,,True,False
PILOT_SEEN_DEVELOPMENT_DATA,V2E04,MINIMUM_TRANSITION_PAIR_ONLY,HARD,False,False,NEGATIVE_RETAINED_BY_SUBSET_MONOTONICITY,,True,False
PILOT_SEEN_DEVELOPMENT_DATA,V2E04,MINIMUM_TRANSITION_PAIR_ONLY,USABLE,False,False,NEGATIVE_RETAINED_BY_SUBSET_MONOTONICITY,,True,False
PILOT_SEEN_DEVELOPMENT_DATA,V2E04,NO_FROZEN_FACTOR_ANCHORS,HARD,False,False,NEGATIVE_RETAINED_BY_SUBSET_MONOTONICITY,,True,False
PILOT_SEEN_DEVELOPMENT_DATA,V2E04,NO_FROZEN_FACTOR_ANCHORS,USABLE,False,False,NEGATIVE_RETAINED_BY_SUBSET_MONOTONICITY,,True,False
PILOT_SEEN_DEVELOPMENT_DATA,V2E05,BASELINE_ORACLE_V2,HARD,False,False,NEGATIVE_RETAINED_BY_SUBSET_MONOTONICITY,,False,False
PILOT_SEEN_DEVELOPMENT_DATA,V2E05,BASELINE_ORACLE_V2,USABLE,False,False,NEGATIVE_RETAINED_BY_SUBSET_MONOTONICITY,,False,False
PILOT_SEEN_DEVELOPMENT_DATA,V2E05,COARSE_GRID_0P02,HARD,False,False,NEGATIVE_RETAINED_BY_SUBSET_MONOTONICITY,,True,False
PILOT_SEEN_DEVELOPMENT_DATA,V2E05,COARSE_GRID_0P02,USABLE,False,False,NEGATIVE_RETAINED_BY_SUBSET_MONOTONICITY,,True,False
PILOT_SEEN_DEVELOPMENT_DATA,V2E05,NARROW_D_MID_1P25,HARD,False,False,NEGATIVE_RETAINED_BY_SUBSET_MONOTONICITY,,True,False
PILOT_SEEN_DEVELOPMENT_DATA,V2E05,NARROW_D_MID_1P25,USABLE,False,False,NEGATIVE_RETAINED_BY_SUBSET_MONOTONICITY,,True,False
PILOT_SEEN_DEVELOPMENT_DATA,V2E05,MINIMUM_TRANSITION_PAIR_ONLY,HARD,False,False,NEGATIVE_RETAINED_BY_SUBSET_MONOTONICITY,,True,False
PILOT_SEEN_DEVELOPMENT_DATA,V2E05,MINIMUM_TRANSITION_PAIR_ONLY,USABLE,False,False,NEGATIVE_RETAINED_BY_SUBSET_MONOTONICITY,,True,False
PILOT_SEEN_DEVELOPMENT_DATA,V2E05,NO_FROZEN_FACTOR_ANCHORS,HARD,False,False,NEGATIVE_RETAINED_BY_SUBSET_MONOTONICITY,,True,False
PILOT_SEEN_DEVELOPMENT_DATA,V2E05,NO_FROZEN_FACTOR_ANCHORS,USABLE,False,False,NEGATIVE_RETAINED_BY_SUBSET_MONOTONICITY,,True,False
PILOT_SEEN_DEVELOPMENT_DATA,V2E06,BASELINE_ORACLE_V2,HARD,False,False,NEGATIVE_RETAINED_BY_SUBSET_MONOTONICITY,,False,False
PILOT_SEEN_DEVELOPMENT_DATA,V2E06,BASELINE_ORACLE_V2,USABLE,False,False,NEGATIVE_RETAINED_BY_SUBSET_MONOTONICITY,,False,False
PILOT_SEEN_DEVELOPMENT_DATA,V2E06,COARSE_GRID_0P02,HARD,False,False,NEGATIVE_RETAINED_BY_SUBSET_MONOTONICITY,,True,False
PILOT_SEEN_DEVELOPMENT_DATA,V2E06,COARSE_GRID_0P02,USABLE,False,False,NEGATIVE_RETAINED_BY_SUBSET_MONOTONICITY,,True,False
PILOT_SEEN_DEVELOPMENT_DATA,V2E06,NARROW_D_MID_1P25,HARD,False,False,NEGATIVE_RETAINED_BY_SUBSET_MONOTONICITY,,True,False
PILOT_SEEN_DEVELOPMENT_DATA,V2E06,NARROW_D_MID_1P25,USABLE,False,False,NEGATIVE_RETAINED_BY_SUBSET_MONOTONICITY,,True,False
PILOT_SEEN_DEVELOPMENT_DATA,V2E06,MINIMUM_TRANSITION_PAIR_ONLY,HARD,False,False,NEGATIVE_RETAINED_BY_SUBSET_MONOTONICITY,,True,False
PILOT_SEEN_DEVELOPMENT_DATA,V2E06,MINIMUM_TRANSITION_PAIR_ONLY,USABLE,False,False,NEGATIVE_RETAINED_BY_SUBSET_MONOTONICITY,,True,False
PILOT_SEEN_DEVELOPMENT_DATA,V2E06,NO_FROZEN_FACTOR_ANCHORS,HARD,False,False,NEGATIVE_RETAINED_BY_SUBSET_MONOTONICITY,,True,False
PILOT_SEEN_DEVELOPMENT_DATA,V2E06,NO_FROZEN_FACTOR_ANCHORS,USABLE,False,False,NEGATIVE_RETAINED_BY_SUBSET_MONOTONICITY,,True,False
PILOT_SEEN_DEVELOPMENT_DATA,V2E07,BASELINE_ORACLE_V2,HARD,False,False,NEGATIVE_RETAINED_BY_SUBSET_MONOTONICITY,,False,False
PILOT_SEEN_DEVELOPMENT_DATA,V2E07,BASELINE_ORACLE_V2,USABLE,False,False,NEGATIVE_RETAINED_BY_SUBSET_MONOTONICITY,,False,False
PILOT_SEEN_DEVELOPMENT_DATA,V2E07,COARSE_GRID_0P02,HARD,False,False,NEGATIVE_RETAINED_BY_SUBSET_MONOTONICITY,,True,False
PILOT_SEEN_DEVELOPMENT_DATA,V2E07,COARSE_GRID_0P02,USABLE,False,False,NEGATIVE_RETAINED_BY_SUBSET_MONOTONICITY,,True,False
PILOT_SEEN_DEVELOPMENT_DATA,V2E07,NARROW_D_MID_1P25,HARD,False,False,NEGATIVE_RETAINED_BY_SUBSET_MONOTONICITY,,True,False
PILOT_SEEN_DEVELOPMENT_DATA,V2E07,NARROW_D_MID_1P25,USABLE,False,False,NEGATIVE_RETAINED_BY_SUBSET_MONOTONICITY,,True,False
PILOT_SEEN_DEVELOPMENT_DATA,V2E07,MINIMUM_TRANSITION_PAIR_ONLY,HARD,False,False,NEGATIVE_RETAINED_BY_SUBSET_MONOTONICITY,,True,False
PILOT_SEEN_DEVELOPMENT_DATA,V2E07,MINIMUM_TRANSITION_PAIR_ONLY,USABLE,False,False,NEGATIVE_RETAINED_BY_SUBSET_MONOTONICITY,,True,False
PILOT_SEEN_DEVELOPMENT_DATA,V2E07,NO_FROZEN_FACTOR_ANCHORS,HARD,False,False,NEGATIVE_RETAINED_BY_SUBSET_MONOTONICITY,,True,False
PILOT_SEEN_DEVELOPMENT_DATA,V2E07,NO_FROZEN_FACTOR_ANCHORS,USABLE,False,False,NEGATIVE_RETAINED_BY_SUBSET_MONOTONICITY,,True,False
PILOT_SEEN_DEVELOPMENT_DATA,V2E08,BASELINE_ORACLE_V2,HARD,True,True,POSITIVE_RETAINED_BY_EXACT_VALID_WITNESS,H4A_GEOMETRY_TRANSITION_BEST|H4B_GEOMETRY_LATERAL_TRANSITION_BEST|ORACLE_V2_BEST|R1_FEASIBILITY_LEXICOGRAPHIC_SELECTED|R2_BALANCED_PHYSICS_SCORE_SELECTED|R3_LEXICOGRAPHIC_COVERAGE_RESERVE_SELECTED,False,False
PILOT_SEEN_DEVELOPMENT_DATA,V2E08,BASELINE_ORACLE_V2,USABLE,True,True,POSITIVE_RETAINED_BY_EXACT_VALID_WITNESS,H4A_GEOMETRY_TRANSITION_BEST|H4B_GEOMETRY_LATERAL_TRANSITION_BEST|ORACLE_V2_BEST|R1_FEASIBILITY_LEXICOGRAPHIC_SELECTED|R2_BALANCED_PHYSICS_SCORE_SELECTED|R3_LEXICOGRAPHIC_COVERAGE_RESERVE_SELECTED,False,False
PILOT_SEEN_DEVELOPMENT_DATA,V2E08,COARSE_GRID_0P02,HARD,True,True,POSITIVE_RETAINED_BY_EXACT_VALID_WITNESS,H4A_GEOMETRY_TRANSITION_BEST|H4B_GEOMETRY_LATERAL_TRANSITION_BEST|ORACLE_V2_BEST|R1_FEASIBILITY_LEXICOGRAPHIC_SELECTED|R2_BALANCED_PHYSICS_SCORE_SELECTED|R3_LEXICOGRAPHIC_COVERAGE_RESERVE_SELECTED,True,False
PILOT_SEEN_DEVELOPMENT_DATA,V2E08,COARSE_GRID_0P02,USABLE,True,True,POSITIVE_RETAINED_BY_EXACT_VALID_WITNESS,H4A_GEOMETRY_TRANSITION_BEST|H4B_GEOMETRY_LATERAL_TRANSITION_BEST|ORACLE_V2_BEST|R1_FEASIBILITY_LEXICOGRAPHIC_SELECTED|R2_BALANCED_PHYSICS_SCORE_SELECTED|R3_LEXICOGRAPHIC_COVERAGE_RESERVE_SELECTED,True,False
PILOT_SEEN_DEVELOPMENT_DATA,V2E08,NARROW_D_MID_1P25,HARD,True,True,POSITIVE_RETAINED_BY_EXACT_VALID_WITNESS,H4A_GEOMETRY_TRANSITION_BEST|H4B_GEOMETRY_LATERAL_TRANSITION_BEST|ORACLE_V2_BEST|R1_FEASIBILITY_LEXICOGRAPHIC_SELECTED|R2_BALANCED_PHYSICS_SCORE_SELECTED|R3_LEXICOGRAPHIC_COVERAGE_RESERVE_SELECTED,True,False
PILOT_SEEN_DEVELOPMENT_DATA,V2E08,NARROW_D_MID_1P25,USABLE,True,True,POSITIVE_RETAINED_BY_EXACT_VALID_WITNESS,H4A_GEOMETRY_TRANSITION_BEST|H4B_GEOMETRY_LATERAL_TRANSITION_BEST|ORACLE_V2_BEST|R1_FEASIBILITY_LEXICOGRAPHIC_SELECTED|R2_BALANCED_PHYSICS_SCORE_SELECTED|R3_LEXICOGRAPHIC_COVERAGE_RESERVE_SELECTED,True,False
PILOT_SEEN_DEVELOPMENT_DATA,V2E08,MINIMUM_TRANSITION_PAIR_ONLY,HARD,True,False,INCONCLUSIVE_WITNESS_NOT_RETAINED,,True,False
PILOT_SEEN_DEVELOPMENT_DATA,V2E08,MINIMUM_TRANSITION_PAIR_ONLY,USABLE,True,False,INCONCLUSIVE_WITNESS_NOT_RETAINED,,True,False
PILOT_SEEN_DEVELOPMENT_DATA,V2E08,NO_FROZEN_FACTOR_ANCHORS,HARD,True,True,POSITIVE_RETAINED_BY_EXACT_VALID_WITNESS,R1_FEASIBILITY_LEXICOGRAPHIC_SELECTED|R2_BALANCED_PHYSICS_SCORE_SELECTED|R3_LEXICOGRAPHIC_COVERAGE_RESERVE_SELECTED,True,False
PILOT_SEEN_DEVELOPMENT_DATA,V2E08,NO_FROZEN_FACTOR_ANCHORS,USABLE,True,True,POSITIVE_RETAINED_BY_EXACT_VALID_WITNESS,R1_FEASIBILITY_LEXICOGRAPHIC_SELECTED|R2_BALANCED_PHYSICS_SCORE_SELECTED|R3_LEXICOGRAPHIC_COVERAGE_RESERVE_SELECTED,True,False
PILOT_SEEN_DEVELOPMENT_DATA,V2E09,BASELINE_ORACLE_V2,HARD,True,True,POSITIVE_RETAINED_BY_EXACT_VALID_WITNESS,H3_FIXED_BOUNDED_BEST|H4A_GEOMETRY_TRANSITION_BEST|H4B_GEOMETRY_LATERAL_TRANSITION_BEST|ORACLE_V2_BEST,False,False
PILOT_SEEN_DEVELOPMENT_DATA,V2E09,BASELINE_ORACLE_V2,USABLE,True,True,POSITIVE_RETAINED_BY_EXACT_VALID_WITNESS,H3_FIXED_BOUNDED_BEST|H4A_GEOMETRY_TRANSITION_BEST|H4B_GEOMETRY_LATERAL_TRANSITION_BEST|ORACLE_V2_BEST,False,False
PILOT_SEEN_DEVELOPMENT_DATA,V2E09,COARSE_GRID_0P02,HARD,True,True,POSITIVE_RETAINED_BY_EXACT_VALID_WITNESS,H3_FIXED_BOUNDED_BEST|H4A_GEOMETRY_TRANSITION_BEST|H4B_GEOMETRY_LATERAL_TRANSITION_BEST|ORACLE_V2_BEST,True,False
PILOT_SEEN_DEVELOPMENT_DATA,V2E09,COARSE_GRID_0P02,USABLE,True,True,POSITIVE_RETAINED_BY_EXACT_VALID_WITNESS,H3_FIXED_BOUNDED_BEST|H4A_GEOMETRY_TRANSITION_BEST|H4B_GEOMETRY_LATERAL_TRANSITION_BEST|ORACLE_V2_BEST,True,False
PILOT_SEEN_DEVELOPMENT_DATA,V2E09,NARROW_D_MID_1P25,HARD,True,True,POSITIVE_RETAINED_BY_EXACT_VALID_WITNESS,H3_FIXED_BOUNDED_BEST|H4A_GEOMETRY_TRANSITION_BEST|H4B_GEOMETRY_LATERAL_TRANSITION_BEST|ORACLE_V2_BEST,True,False
PILOT_SEEN_DEVELOPMENT_DATA,V2E09,NARROW_D_MID_1P25,USABLE,True,True,POSITIVE_RETAINED_BY_EXACT_VALID_WITNESS,H3_FIXED_BOUNDED_BEST|H4A_GEOMETRY_TRANSITION_BEST|H4B_GEOMETRY_LATERAL_TRANSITION_BEST|ORACLE_V2_BEST,True,False
PILOT_SEEN_DEVELOPMENT_DATA,V2E09,MINIMUM_TRANSITION_PAIR_ONLY,HARD,True,False,INCONCLUSIVE_WITNESS_NOT_RETAINED,,True,False
PILOT_SEEN_DEVELOPMENT_DATA,V2E09,MINIMUM_TRANSITION_PAIR_ONLY,USABLE,True,False,INCONCLUSIVE_WITNESS_NOT_RETAINED,,True,False
PILOT_SEEN_DEVELOPMENT_DATA,V2E09,NO_FROZEN_FACTOR_ANCHORS,HARD,True,False,INCONCLUSIVE_WITNESS_NOT_RETAINED,,True,False
PILOT_SEEN_DEVELOPMENT_DATA,V2E09,NO_FROZEN_FACTOR_ANCHORS,USABLE,True,False,INCONCLUSIVE_WITNESS_NOT_RETAINED,,True,False
DEVELOPMENT,DVE001,BASELINE_ORACLE_V2,HARD,True,True,POSITIVE_RETAINED_BY_EXACT_VALID_WITNESS,H3_FIXED_BOUNDED_BEST|H4A_GEOMETRY_TRANSITION_BEST|H4B_GEOMETRY_LATERAL_TRANSITION_BEST|ORACLE_V2_BEST|R1_FEASIBILITY_LEXICOGRAPHIC_SELECTED|R2_BALANCED_PHYSICS_SCORE_SELECTED|R3_LEXICOGRAPHIC_COVERAGE_RESERVE_SELECTED,False,False
DEVELOPMENT,DVE001,BASELINE_ORACLE_V2,USABLE,True,True,POSITIVE_RETAINED_BY_EXACT_VALID_WITNESS,H3_FIXED_BOUNDED_BEST|H4A_GEOMETRY_TRANSITION_BEST|H4B_GEOMETRY_LATERAL_TRANSITION_BEST|ORACLE_V2_BEST|R1_FEASIBILITY_LEXICOGRAPHIC_SELECTED|R2_BALANCED_PHYSICS_SCORE_SELECTED|R3_LEXICOGRAPHIC_COVERAGE_RESERVE_SELECTED,False,False
DEVELOPMENT,DVE001,COARSE_GRID_0P02,HARD,True,True,POSITIVE_RETAINED_BY_EXACT_VALID_WITNESS,H3_FIXED_BOUNDED_BEST|H4A_GEOMETRY_TRANSITION_BEST|H4B_GEOMETRY_LATERAL_TRANSITION_BEST|ORACLE_V2_BEST,True,False
DEVELOPMENT,DVE001,COARSE_GRID_0P02,USABLE,True,True,POSITIVE_RETAINED_BY_EXACT_VALID_WITNESS,H3_FIXED_BOUNDED_BEST|H4A_GEOMETRY_TRANSITION_BEST|H4B_GEOMETRY_LATERAL_TRANSITION_BEST|ORACLE_V2_BEST,True,False
DEVELOPMENT,DVE001,NARROW_D_MID_1P25,HARD,True,True,POSITIVE_RETAINED_BY_EXACT_VALID_WITNESS,H3_FIXED_BOUNDED_BEST|H4A_GEOMETRY_TRANSITION_BEST|H4B_GEOMETRY_LATERAL_TRANSITION_BEST|ORACLE_V2_BEST,True,False
DEVELOPMENT,DVE001,NARROW_D_MID_1P25,USABLE,True,True,POSITIVE_RETAINED_BY_EXACT_VALID_WITNESS,H3_FIXED_BOUNDED_BEST|H4A_GEOMETRY_TRANSITION_BEST|H4B_GEOMETRY_LATERAL_TRANSITION_BEST|ORACLE_V2_BEST,True,False
DEVELOPMENT,DVE001,MINIMUM_TRANSITION_PAIR_ONLY,HARD,True,True,POSITIVE_RETAINED_BY_EXACT_VALID_WITNESS,H4B_GEOMETRY_LATERAL_TRANSITION_BEST,True,False
DEVELOPMENT,DVE001,MINIMUM_TRANSITION_PAIR_ONLY,USABLE,True,True,POSITIVE_RETAINED_BY_EXACT_VALID_WITNESS,H4B_GEOMETRY_LATERAL_TRANSITION_BEST,True,False
DEVELOPMENT,DVE001,NO_FROZEN_FACTOR_ANCHORS,HARD,True,True,POSITIVE_RETAINED_BY_EXACT_VALID_WITNESS,ORACLE_V2_BEST,True,False
DEVELOPMENT,DVE001,NO_FROZEN_FACTOR_ANCHORS,USABLE,True,True,POSITIVE_RETAINED_BY_EXACT_VALID_WITNESS,ORACLE_V2_BEST,True,False
DEVELOPMENT,DVE002,BASELINE_ORACLE_V2,HARD,True,True,POSITIVE_RETAINED_BY_EXACT_VALID_WITNESS,ORACLE_V2_BEST|R1_FEASIBILITY_LEXICOGRAPHIC_SELECTED|R2_BALANCED_PHYSICS_SCORE_SELECTED|R3_LEXICOGRAPHIC_COVERAGE_RESERVE_SELECTED,False,False
DEVELOPMENT,DVE002,BASELINE_ORACLE_V2,USABLE,True,True,POSITIVE_RETAINED_BY_EXACT_VALID_WITNESS,ORACLE_V2_BEST|R1_FEASIBILITY_LEXICOGRAPHIC_SELECTED|R2_BALANCED_PHYSICS_SCORE_SELECTED|R3_LEXICOGRAPHIC_COVERAGE_RESERVE_SELECTED,False,False
DEVELOPMENT,DVE002,COARSE_GRID_0P02,HARD,True,True,POSITIVE_RETAINED_BY_EXACT_VALID_WITNESS,ORACLE_V2_BEST,True,False
DEVELOPMENT,DVE002,COARSE_GRID_0P02,USABLE,True,True,POSITIVE_RETAINED_BY_EXACT_VALID_WITNESS,ORACLE_V2_BEST,True,False
DEVELOPMENT,DVE002,NARROW_D_MID_1P25,HARD,True,True,POSITIVE_RETAINED_BY_EXACT_VALID_WITNESS,ORACLE_V2_BEST,True,False
DEVELOPMENT,DVE002,NARROW_D_MID_1P25,USABLE,True,True,POSITIVE_RETAINED_BY_EXACT_VALID_WITNESS,ORACLE_V2_BEST,True,False
DEVELOPMENT,DVE002,MINIMUM_TRANSITION_PAIR_ONLY,HARD,True,True,POSITIVE_RETAINED_BY_EXACT_VALID_WITNESS,ORACLE_V2_BEST,True,False
DEVELOPMENT,DVE002,MINIMUM_TRANSITION_PAIR_ONLY,USABLE,True,True,POSITIVE_RETAINED_BY_EXACT_VALID_WITNESS,ORACLE_V2_BEST,True,False
DEVELOPMENT,DVE002,NO_FROZEN_FACTOR_ANCHORS,HARD,True,True,POSITIVE_RETAINED_BY_EXACT_VALID_WITNESS,ORACLE_V2_BEST,True,False
DEVELOPMENT,DVE002,NO_FROZEN_FACTOR_ANCHORS,USABLE,True,True,POSITIVE_RETAINED_BY_EXACT_VALID_WITNESS,ORACLE_V2_BEST,True,False
DEVELOPMENT,DVE003,BASELINE_ORACLE_V2,HARD,False,False,NEGATIVE_RETAINED_BY_SUBSET_MONOTONICITY,,False,False
DEVELOPMENT,DVE003,BASELINE_ORACLE_V2,USABLE,False,False,NEGATIVE_RETAINED_BY_SUBSET_MONOTONICITY,,False,False
DEVELOPMENT,DVE003,COARSE_GRID_0P02,HARD,False,False,NEGATIVE_RETAINED_BY_SUBSET_MONOTONICITY,,True,False
DEVELOPMENT,DVE003,COARSE_GRID_0P02,USABLE,False,False,NEGATIVE_RETAINED_BY_SUBSET_MONOTONICITY,,True,False
DEVELOPMENT,DVE003,NARROW_D_MID_1P25,HARD,False,False,NEGATIVE_RETAINED_BY_SUBSET_MONOTONICITY,,True,False
DEVELOPMENT,DVE003,NARROW_D_MID_1P25,USABLE,False,False,NEGATIVE_RETAINED_BY_SUBSET_MONOTONICITY,,True,False
DEVELOPMENT,DVE003,MINIMUM_TRANSITION_PAIR_ONLY,HARD,False,False,NEGATIVE_RETAINED_BY_SUBSET_MONOTONICITY,,True,False
DEVELOPMENT,DVE003,MINIMUM_TRANSITION_PAIR_ONLY,USABLE,False,False,NEGATIVE_RETAINED_BY_SUBSET_MONOTONICITY,,True,False
DEVELOPMENT,DVE003,NO_FROZEN_FACTOR_ANCHORS,HARD,False,False,NEGATIVE_RETAINED_BY_SUBSET_MONOTONICITY,,True,False
DEVELOPMENT,DVE003,NO_FROZEN_FACTOR_ANCHORS,USABLE,False,False,NEGATIVE_RETAINED_BY_SUBSET_MONOTONICITY,,True,False
DEVELOPMENT,DVE004,BASELINE_ORACLE_V2,HARD,True,True,POSITIVE_RETAINED_BY_EXACT_VALID_WITNESS,H3_FIXED_BOUNDED_BEST|H4A_GEOMETRY_TRANSITION_BEST|H4B_GEOMETRY_LATERAL_TRANSITION_BEST|ORACLE_V2_BEST|R1_FEASIBILITY_LEXICOGRAPHIC_SELECTED|R2_BALANCED_PHYSICS_SCORE_SELECTED|R3_LEXICOGRAPHIC_COVERAGE_RESERVE_SELECTED,False,False
DEVELOPMENT,DVE004,BASELINE_ORACLE_V2,USABLE,False,False,NEGATIVE_RETAINED_BY_SUBSET_MONOTONICITY,,False,False
DEVELOPMENT,DVE004,COARSE_GRID_0P02,HARD,True,True,POSITIVE_RETAINED_BY_EXACT_VALID_WITNESS,H3_FIXED_BOUNDED_BEST|H4A_GEOMETRY_TRANSITION_BEST|H4B_GEOMETRY_LATERAL_TRANSITION_BEST|ORACLE_V2_BEST|R1_FEASIBILITY_LEXICOGRAPHIC_SELECTED|R2_BALANCED_PHYSICS_SCORE_SELECTED|R3_LEXICOGRAPHIC_COVERAGE_RESERVE_SELECTED,True,False
DEVELOPMENT,DVE004,COARSE_GRID_0P02,USABLE,False,False,NEGATIVE_RETAINED_BY_SUBSET_MONOTONICITY,,True,False
DEVELOPMENT,DVE004,NARROW_D_MID_1P25,HARD,True,True,POSITIVE_RETAINED_BY_EXACT_VALID_WITNESS,H3_FIXED_BOUNDED_BEST|H4A_GEOMETRY_TRANSITION_BEST|H4B_GEOMETRY_LATERAL_TRANSITION_BEST|ORACLE_V2_BEST|R1_FEASIBILITY_LEXICOGRAPHIC_SELECTED|R2_BALANCED_PHYSICS_SCORE_SELECTED|R3_LEXICOGRAPHIC_COVERAGE_RESERVE_SELECTED,True,False
DEVELOPMENT,DVE004,NARROW_D_MID_1P25,USABLE,False,False,NEGATIVE_RETAINED_BY_SUBSET_MONOTONICITY,,True,False
DEVELOPMENT,DVE004,MINIMUM_TRANSITION_PAIR_ONLY,HARD,True,True,POSITIVE_RETAINED_BY_EXACT_VALID_WITNESS,H3_FIXED_BOUNDED_BEST|H4A_GEOMETRY_TRANSITION_BEST|H4B_GEOMETRY_LATERAL_TRANSITION_BEST|ORACLE_V2_BEST|R1_FEASIBILITY_LEXICOGRAPHIC_SELECTED|R2_BALANCED_PHYSICS_SCORE_SELECTED|R3_LEXICOGRAPHIC_COVERAGE_RESERVE_SELECTED,True,False
DEVELOPMENT,DVE004,MINIMUM_TRANSITION_PAIR_ONLY,USABLE,False,False,NEGATIVE_RETAINED_BY_SUBSET_MONOTONICITY,,True,False
DEVELOPMENT,DVE004,NO_FROZEN_FACTOR_ANCHORS,HARD,True,True,POSITIVE_RETAINED_BY_EXACT_VALID_WITNESS,H3_FIXED_BOUNDED_BEST|H4A_GEOMETRY_TRANSITION_BEST|H4B_GEOMETRY_LATERAL_TRANSITION_BEST|ORACLE_V2_BEST|R1_FEASIBILITY_LEXICOGRAPHIC_SELECTED|R2_BALANCED_PHYSICS_SCORE_SELECTED|R3_LEXICOGRAPHIC_COVERAGE_RESERVE_SELECTED,True,False
DEVELOPMENT,DVE004,NO_FROZEN_FACTOR_ANCHORS,USABLE,False,False,NEGATIVE_RETAINED_BY_SUBSET_MONOTONICITY,,True,False
DEVELOPMENT,DVE005,BASELINE_ORACLE_V2,HARD,True,True,POSITIVE_RETAINED_BY_EXACT_VALID_WITNESS,ORACLE_V2_BEST|R1_FEASIBILITY_LEXICOGRAPHIC_SELECTED|R2_BALANCED_PHYSICS_SCORE_SELECTED|R3_LEXICOGRAPHIC_COVERAGE_RESERVE_SELECTED,False,False
DEVELOPMENT,DVE005,BASELINE_ORACLE_V2,USABLE,True,True,POSITIVE_RETAINED_BY_EXACT_VALID_WITNESS,ORACLE_V2_BEST|R1_FEASIBILITY_LEXICOGRAPHIC_SELECTED|R2_BALANCED_PHYSICS_SCORE_SELECTED|R3_LEXICOGRAPHIC_COVERAGE_RESERVE_SELECTED,False,False
DEVELOPMENT,DVE005,COARSE_GRID_0P02,HARD,True,True,POSITIVE_RETAINED_BY_EXACT_VALID_WITNESS,ORACLE_V2_BEST,True,False
DEVELOPMENT,DVE005,COARSE_GRID_0P02,USABLE,True,True,POSITIVE_RETAINED_BY_EXACT_VALID_WITNESS,ORACLE_V2_BEST,True,False
DEVELOPMENT,DVE005,NARROW_D_MID_1P25,HARD,True,True,POSITIVE_RETAINED_BY_EXACT_VALID_WITNESS,ORACLE_V2_BEST,True,False
DEVELOPMENT,DVE005,NARROW_D_MID_1P25,USABLE,True,True,POSITIVE_RETAINED_BY_EXACT_VALID_WITNESS,ORACLE_V2_BEST,True,False
DEVELOPMENT,DVE005,MINIMUM_TRANSITION_PAIR_ONLY,HARD,True,True,POSITIVE_RETAINED_BY_EXACT_VALID_WITNESS,ORACLE_V2_BEST,True,False
DEVELOPMENT,DVE005,MINIMUM_TRANSITION_PAIR_ONLY,USABLE,True,True,POSITIVE_RETAINED_BY_EXACT_VALID_WITNESS,ORACLE_V2_BEST,True,False
DEVELOPMENT,DVE005,NO_FROZEN_FACTOR_ANCHORS,HARD,True,True,POSITIVE_RETAINED_BY_EXACT_VALID_WITNESS,ORACLE_V2_BEST,True,False
DEVELOPMENT,DVE005,NO_FROZEN_FACTOR_ANCHORS,USABLE,True,True,POSITIVE_RETAINED_BY_EXACT_VALID_WITNESS,ORACLE_V2_BEST,True,False
DEVELOPMENT,DVE006,BASELINE_ORACLE_V2,HARD,True,True,POSITIVE_RETAINED_BY_EXACT_VALID_WITNESS,H3_FIXED_BOUNDED_BEST|H4A_GEOMETRY_TRANSITION_BEST|H4B_GEOMETRY_LATERAL_TRANSITION_BEST|ORACLE_V2_BEST|R2_BALANCED_PHYSICS_SCORE_SELECTED|R3_LEXICOGRAPHIC_COVERAGE_RESERVE_SELECTED,False,False
DEVELOPMENT,DVE006,BASELINE_ORACLE_V2,USABLE,False,False,NEGATIVE_RETAINED_BY_SUBSET_MONOTONICITY,,False,False
DEVELOPMENT,DVE006,COARSE_GRID_0P02,HARD,True,True,POSITIVE_RETAINED_BY_EXACT_VALID_WITNESS,H3_FIXED_BOUNDED_BEST|H4A_GEOMETRY_TRANSITION_BEST|H4B_GEOMETRY_LATERAL_TRANSITION_BEST,True,False
DEVELOPMENT,DVE006,COARSE_GRID_0P02,USABLE,False,False,NEGATIVE_RETAINED_BY_SUBSET_MONOTONICITY,,True,False
DEVELOPMENT,DVE006,NARROW_D_MID_1P25,HARD,True,True,POSITIVE_RETAINED_BY_EXACT_VALID_WITNESS,H3_FIXED_BOUNDED_BEST|H4A_GEOMETRY_TRANSITION_BEST|H4B_GEOMETRY_LATERAL_TRANSITION_BEST|ORACLE_V2_BEST,True,False
DEVELOPMENT,DVE006,NARROW_D_MID_1P25,USABLE,False,False,NEGATIVE_RETAINED_BY_SUBSET_MONOTONICITY,,True,False
DEVELOPMENT,DVE006,MINIMUM_TRANSITION_PAIR_ONLY,HARD,True,True,POSITIVE_RETAINED_BY_EXACT_VALID_WITNESS,H3_FIXED_BOUNDED_BEST|ORACLE_V2_BEST,True,False
DEVELOPMENT,DVE006,MINIMUM_TRANSITION_PAIR_ONLY,USABLE,False,False,NEGATIVE_RETAINED_BY_SUBSET_MONOTONICITY,,True,False
DEVELOPMENT,DVE006,NO_FROZEN_FACTOR_ANCHORS,HARD,True,True,POSITIVE_RETAINED_BY_EXACT_VALID_WITNESS,ORACLE_V2_BEST,True,False
DEVELOPMENT,DVE006,NO_FROZEN_FACTOR_ANCHORS,USABLE,False,False,NEGATIVE_RETAINED_BY_SUBSET_MONOTONICITY,,True,False
DEVELOPMENT,DVE007,BASELINE_ORACLE_V2,HARD,True,True,POSITIVE_RETAINED_BY_EXACT_VALID_WITNESS,H3_FIXED_BOUNDED_BEST|H4A_GEOMETRY_TRANSITION_BEST|H4B_GEOMETRY_LATERAL_TRANSITION_BEST|ORACLE_V2_BEST|R1_FEASIBILITY_LEXICOGRAPHIC_SELECTED|R2_BALANCED_PHYSICS_SCORE_SELECTED|R3_LEXICOGRAPHIC_COVERAGE_RESERVE_SELECTED,False,False
DEVELOPMENT,DVE007,BASELINE_ORACLE_V2,USABLE,False,False,NEGATIVE_RETAINED_BY_SUBSET_MONOTONICITY,,False,False
DEVELOPMENT,DVE007,COARSE_GRID_0P02,HARD,True,True,POSITIVE_RETAINED_BY_EXACT_VALID_WITNESS,H3_FIXED_BOUNDED_BEST|H4A_GEOMETRY_TRANSITION_BEST|H4B_GEOMETRY_LATERAL_TRANSITION_BEST|ORACLE_V2_BEST|R1_FEASIBILITY_LEXICOGRAPHIC_SELECTED|R2_BALANCED_PHYSICS_SCORE_SELECTED|R3_LEXICOGRAPHIC_COVERAGE_RESERVE_SELECTED,True,False
DEVELOPMENT,DVE007,COARSE_GRID_0P02,USABLE,False,False,NEGATIVE_RETAINED_BY_SUBSET_MONOTONICITY,,True,False
DEVELOPMENT,DVE007,NARROW_D_MID_1P25,HARD,True,True,POSITIVE_RETAINED_BY_EXACT_VALID_WITNESS,H3_FIXED_BOUNDED_BEST|H4A_GEOMETRY_TRANSITION_BEST|H4B_GEOMETRY_LATERAL_TRANSITION_BEST|ORACLE_V2_BEST|R1_FEASIBILITY_LEXICOGRAPHIC_SELECTED|R2_BALANCED_PHYSICS_SCORE_SELECTED|R3_LEXICOGRAPHIC_COVERAGE_RESERVE_SELECTED,True,False
DEVELOPMENT,DVE007,NARROW_D_MID_1P25,USABLE,False,False,NEGATIVE_RETAINED_BY_SUBSET_MONOTONICITY,,True,False
DEVELOPMENT,DVE007,MINIMUM_TRANSITION_PAIR_ONLY,HARD,True,True,POSITIVE_RETAINED_BY_EXACT_VALID_WITNESS,H3_FIXED_BOUNDED_BEST|H4A_GEOMETRY_TRANSITION_BEST|H4B_GEOMETRY_LATERAL_TRANSITION_BEST|ORACLE_V2_BEST|R1_FEASIBILITY_LEXICOGRAPHIC_SELECTED|R2_BALANCED_PHYSICS_SCORE_SELECTED|R3_LEXICOGRAPHIC_COVERAGE_RESERVE_SELECTED,True,False
DEVELOPMENT,DVE007,MINIMUM_TRANSITION_PAIR_ONLY,USABLE,False,False,NEGATIVE_RETAINED_BY_SUBSET_MONOTONICITY,,True,False
DEVELOPMENT,DVE007,NO_FROZEN_FACTOR_ANCHORS,HARD,True,False,INCONCLUSIVE_WITNESS_NOT_RETAINED,,True,False
DEVELOPMENT,DVE007,NO_FROZEN_FACTOR_ANCHORS,USABLE,False,False,NEGATIVE_RETAINED_BY_SUBSET_MONOTONICITY,,True,False
DEVELOPMENT,DVE008,BASELINE_ORACLE_V2,HARD,False,False,NEGATIVE_RETAINED_BY_SUBSET_MONOTONICITY,,False,False
DEVELOPMENT,DVE008,BASELINE_ORACLE_V2,USABLE,False,False,NEGATIVE_RETAINED_BY_SUBSET_MONOTONICITY,,False,False
DEVELOPMENT,DVE008,COARSE_GRID_0P02,HARD,False,False,NEGATIVE_RETAINED_BY_SUBSET_MONOTONICITY,,True,False
DEVELOPMENT,DVE008,COARSE_GRID_0P02,USABLE,False,False,NEGATIVE_RETAINED_BY_SUBSET_MONOTONICITY,,True,False
DEVELOPMENT,DVE008,NARROW_D_MID_1P25,HARD,False,False,NEGATIVE_RETAINED_BY_SUBSET_MONOTONICITY,,True,False
DEVELOPMENT,DVE008,NARROW_D_MID_1P25,USABLE,False,False,NEGATIVE_RETAINED_BY_SUBSET_MONOTONICITY,,True,False
DEVELOPMENT,DVE008,MINIMUM_TRANSITION_PAIR_ONLY,HARD,False,False,NEGATIVE_RETAINED_BY_SUBSET_MONOTONICITY,,True,False
DEVELOPMENT,DVE008,MINIMUM_TRANSITION_PAIR_ONLY,USABLE,False,False,NEGATIVE_RETAINED_BY_SUBSET_MONOTONICITY,,True,False
DEVELOPMENT,DVE008,NO_FROZEN_FACTOR_ANCHORS,HARD,False,False,NEGATIVE_RETAINED_BY_SUBSET_MONOTONICITY,,True,False
DEVELOPMENT,DVE008,NO_FROZEN_FACTOR_ANCHORS,USABLE,False,False,NEGATIVE_RETAINED_BY_SUBSET_MONOTONICITY,,True,False
DEVELOPMENT,DVE009,BASELINE_ORACLE_V2,HARD,False,False,NEGATIVE_RETAINED_BY_SUBSET_MONOTONICITY,,False,False
DEVELOPMENT,DVE009,BASELINE_ORACLE_V2,USABLE,False,False,NEGATIVE_RETAINED_BY_SUBSET_MONOTONICITY,,False,False
DEVELOPMENT,DVE009,COARSE_GRID_0P02,HARD,False,False,NEGATIVE_RETAINED_BY_SUBSET_MONOTONICITY,,True,False
DEVELOPMENT,DVE009,COARSE_GRID_0P02,USABLE,False,False,NEGATIVE_RETAINED_BY_SUBSET_MONOTONICITY,,True,False
DEVELOPMENT,DVE009,NARROW_D_MID_1P25,HARD,False,False,NEGATIVE_RETAINED_BY_SUBSET_MONOTONICITY,,True,False
DEVELOPMENT,DVE009,NARROW_D_MID_1P25,USABLE,False,False,NEGATIVE_RETAINED_BY_SUBSET_MONOTONICITY,,True,False
DEVELOPMENT,DVE009,MINIMUM_TRANSITION_PAIR_ONLY,HARD,False,False,NEGATIVE_RETAINED_BY_SUBSET_MONOTONICITY,,True,False
DEVELOPMENT,DVE009,MINIMUM_TRANSITION_PAIR_ONLY,USABLE,False,False,NEGATIVE_RETAINED_BY_SUBSET_MONOTONICITY,,True,False
DEVELOPMENT,DVE009,NO_FROZEN_FACTOR_ANCHORS,HARD,False,False,NEGATIVE_RETAINED_BY_SUBSET_MONOTONICITY,,True,False
DEVELOPMENT,DVE009,NO_FROZEN_FACTOR_ANCHORS,USABLE,False,False,NEGATIVE_RETAINED_BY_SUBSET_MONOTONICITY,,True,False
DEVELOPMENT,DVE010,BASELINE_ORACLE_V2,HARD,False,False,NEGATIVE_RETAINED_BY_SUBSET_MONOTONICITY,,False,False
DEVELOPMENT,DVE010,BASELINE_ORACLE_V2,USABLE,False,False,NEGATIVE_RETAINED_BY_SUBSET_MONOTONICITY,,False,False
DEVELOPMENT,DVE010,COARSE_GRID_0P02,HARD,False,False,NEGATIVE_RETAINED_BY_SUBSET_MONOTONICITY,,True,False
DEVELOPMENT,DVE010,COARSE_GRID_0P02,USABLE,False,False,NEGATIVE_RETAINED_BY_SUBSET_MONOTONICITY,,True,False
DEVELOPMENT,DVE010,NARROW_D_MID_1P25,HARD,False,False,NEGATIVE_RETAINED_BY_SUBSET_MONOTONICITY,,True,False
DEVELOPMENT,DVE010,NARROW_D_MID_1P25,USABLE,False,False,NEGATIVE_RETAINED_BY_SUBSET_MONOTONICITY,,True,False
DEVELOPMENT,DVE010,MINIMUM_TRANSITION_PAIR_ONLY,HARD,False,False,NEGATIVE_RETAINED_BY_SUBSET_MONOTONICITY,,True,False
DEVELOPMENT,DVE010,MINIMUM_TRANSITION_PAIR_ONLY,USABLE,False,False,NEGATIVE_RETAINED_BY_SUBSET_MONOTONICITY,,True,False
DEVELOPMENT,DVE010,NO_FROZEN_FACTOR_ANCHORS,HARD,False,False,NEGATIVE_RETAINED_BY_SUBSET_MONOTONICITY,,True,False
DEVELOPMENT,DVE010,NO_FROZEN_FACTOR_ANCHORS,USABLE,False,False,NEGATIVE_RETAINED_BY_SUBSET_MONOTONICITY,,True,False
DEVELOPMENT,DVE011,BASELINE_ORACLE_V2,HARD,False,False,NEGATIVE_RETAINED_BY_SUBSET_MONOTONICITY,,False,False
DEVELOPMENT,DVE011,BASELINE_ORACLE_V2,USABLE,False,False,NEGATIVE_RETAINED_BY_SUBSET_MONOTONICITY,,False,False
DEVELOPMENT,DVE011,COARSE_GRID_0P02,HARD,False,False,NEGATIVE_RETAINED_BY_SUBSET_MONOTONICITY,,True,False
DEVELOPMENT,DVE011,COARSE_GRID_0P02,USABLE,False,False,NEGATIVE_RETAINED_BY_SUBSET_MONOTONICITY,,True,False
DEVELOPMENT,DVE011,NARROW_D_MID_1P25,HARD,False,False,NEGATIVE_RETAINED_BY_SUBSET_MONOTONICITY,,True,False
DEVELOPMENT,DVE011,NARROW_D_MID_1P25,USABLE,False,False,NEGATIVE_RETAINED_BY_SUBSET_MONOTONICITY,,True,False
DEVELOPMENT,DVE011,MINIMUM_TRANSITION_PAIR_ONLY,HARD,False,False,NEGATIVE_RETAINED_BY_SUBSET_MONOTONICITY,,True,False
DEVELOPMENT,DVE011,MINIMUM_TRANSITION_PAIR_ONLY,USABLE,False,False,NEGATIVE_RETAINED_BY_SUBSET_MONOTONICITY,,True,False
DEVELOPMENT,DVE011,NO_FROZEN_FACTOR_ANCHORS,HARD,False,False,NEGATIVE_RETAINED_BY_SUBSET_MONOTONICITY,,True,False
DEVELOPMENT,DVE011,NO_FROZEN_FACTOR_ANCHORS,USABLE,False,False,NEGATIVE_RETAINED_BY_SUBSET_MONOTONICITY,,True,False
DEVELOPMENT,DVE012,BASELINE_ORACLE_V2,HARD,True,True,POSITIVE_RETAINED_BY_EXACT_VALID_WITNESS,H4A_GEOMETRY_TRANSITION_BEST|H4B_GEOMETRY_LATERAL_TRANSITION_BEST|ORACLE_V2_BEST|R1_FEASIBILITY_LEXICOGRAPHIC_SELECTED|R2_BALANCED_PHYSICS_SCORE_SELECTED|R3_LEXICOGRAPHIC_COVERAGE_RESERVE_SELECTED,False,False
DEVELOPMENT,DVE012,BASELINE_ORACLE_V2,USABLE,True,True,POSITIVE_RETAINED_BY_EXACT_VALID_WITNESS,H4A_GEOMETRY_TRANSITION_BEST|H4B_GEOMETRY_LATERAL_TRANSITION_BEST|ORACLE_V2_BEST|R1_FEASIBILITY_LEXICOGRAPHIC_SELECTED|R2_BALANCED_PHYSICS_SCORE_SELECTED|R3_LEXICOGRAPHIC_COVERAGE_RESERVE_SELECTED,False,False
DEVELOPMENT,DVE012,COARSE_GRID_0P02,HARD,True,True,POSITIVE_RETAINED_BY_EXACT_VALID_WITNESS,H4A_GEOMETRY_TRANSITION_BEST|H4B_GEOMETRY_LATERAL_TRANSITION_BEST|ORACLE_V2_BEST|R1_FEASIBILITY_LEXICOGRAPHIC_SELECTED|R2_BALANCED_PHYSICS_SCORE_SELECTED|R3_LEXICOGRAPHIC_COVERAGE_RESERVE_SELECTED,True,False
DEVELOPMENT,DVE012,COARSE_GRID_0P02,USABLE,True,True,POSITIVE_RETAINED_BY_EXACT_VALID_WITNESS,H4A_GEOMETRY_TRANSITION_BEST|H4B_GEOMETRY_LATERAL_TRANSITION_BEST|ORACLE_V2_BEST|R1_FEASIBILITY_LEXICOGRAPHIC_SELECTED|R2_BALANCED_PHYSICS_SCORE_SELECTED|R3_LEXICOGRAPHIC_COVERAGE_RESERVE_SELECTED,True,False
DEVELOPMENT,DVE012,NARROW_D_MID_1P25,HARD,True,True,POSITIVE_RETAINED_BY_EXACT_VALID_WITNESS,H4A_GEOMETRY_TRANSITION_BEST|H4B_GEOMETRY_LATERAL_TRANSITION_BEST|ORACLE_V2_BEST|R1_FEASIBILITY_LEXICOGRAPHIC_SELECTED|R2_BALANCED_PHYSICS_SCORE_SELECTED|R3_LEXICOGRAPHIC_COVERAGE_RESERVE_SELECTED,True,False
DEVELOPMENT,DVE012,NARROW_D_MID_1P25,USABLE,True,True,POSITIVE_RETAINED_BY_EXACT_VALID_WITNESS,H4A_GEOMETRY_TRANSITION_BEST|H4B_GEOMETRY_LATERAL_TRANSITION_BEST|ORACLE_V2_BEST|R1_FEASIBILITY_LEXICOGRAPHIC_SELECTED|R2_BALANCED_PHYSICS_SCORE_SELECTED|R3_LEXICOGRAPHIC_COVERAGE_RESERVE_SELECTED,True,False
DEVELOPMENT,DVE012,MINIMUM_TRANSITION_PAIR_ONLY,HARD,True,False,INCONCLUSIVE_WITNESS_NOT_RETAINED,,True,False
DEVELOPMENT,DVE012,MINIMUM_TRANSITION_PAIR_ONLY,USABLE,True,False,INCONCLUSIVE_WITNESS_NOT_RETAINED,,True,False
DEVELOPMENT,DVE012,NO_FROZEN_FACTOR_ANCHORS,HARD,True,True,POSITIVE_RETAINED_BY_EXACT_VALID_WITNESS,H4A_GEOMETRY_TRANSITION_BEST|H4B_GEOMETRY_LATERAL_TRANSITION_BEST|ORACLE_V2_BEST|R1_FEASIBILITY_LEXICOGRAPHIC_SELECTED|R2_BALANCED_PHYSICS_SCORE_SELECTED|R3_LEXICOGRAPHIC_COVERAGE_RESERVE_SELECTED,True,False
DEVELOPMENT,DVE012,NO_FROZEN_FACTOR_ANCHORS,USABLE,True,True,POSITIVE_RETAINED_BY_EXACT_VALID_WITNESS,H4A_GEOMETRY_TRANSITION_BEST|H4B_GEOMETRY_LATERAL_TRANSITION_BEST|ORACLE_V2_BEST|R1_FEASIBILITY_LEXICOGRAPHIC_SELECTED|R2_BALANCED_PHYSICS_SCORE_SELECTED|R3_LEXICOGRAPHIC_COVERAGE_RESERVE_SELECTED,True,False
DEVELOPMENT,DVE013,BASELINE_ORACLE_V2,HARD,False,False,NEGATIVE_RETAINED_BY_SUBSET_MONOTONICITY,,False,False
DEVELOPMENT,DVE013,BASELINE_ORACLE_V2,USABLE,False,False,NEGATIVE_RETAINED_BY_SUBSET_MONOTONICITY,,False,False
DEVELOPMENT,DVE013,COARSE_GRID_0P02,HARD,False,False,NEGATIVE_RETAINED_BY_SUBSET_MONOTONICITY,,True,False
DEVELOPMENT,DVE013,COARSE_GRID_0P02,USABLE,False,False,NEGATIVE_RETAINED_BY_SUBSET_MONOTONICITY,,True,False
DEVELOPMENT,DVE013,NARROW_D_MID_1P25,HARD,False,False,NEGATIVE_RETAINED_BY_SUBSET_MONOTONICITY,,True,False
DEVELOPMENT,DVE013,NARROW_D_MID_1P25,USABLE,False,False,NEGATIVE_RETAINED_BY_SUBSET_MONOTONICITY,,True,False
DEVELOPMENT,DVE013,MINIMUM_TRANSITION_PAIR_ONLY,HARD,False,False,NEGATIVE_RETAINED_BY_SUBSET_MONOTONICITY,,True,False
DEVELOPMENT,DVE013,MINIMUM_TRANSITION_PAIR_ONLY,USABLE,False,False,NEGATIVE_RETAINED_BY_SUBSET_MONOTONICITY,,True,False
DEVELOPMENT,DVE013,NO_FROZEN_FACTOR_ANCHORS,HARD,False,False,NEGATIVE_RETAINED_BY_SUBSET_MONOTONICITY,,True,False
DEVELOPMENT,DVE013,NO_FROZEN_FACTOR_ANCHORS,USABLE,False,False,NEGATIVE_RETAINED_BY_SUBSET_MONOTONICITY,,True,False
DEVELOPMENT,DVE014,BASELINE_ORACLE_V2,HARD,True,True,POSITIVE_RETAINED_BY_EXACT_VALID_WITNESS,H4A_GEOMETRY_TRANSITION_BEST|H4B_GEOMETRY_LATERAL_TRANSITION_BEST|ORACLE_V2_BEST|R1_FEASIBILITY_LEXICOGRAPHIC_SELECTED|R2_BALANCED_PHYSICS_SCORE_SELECTED|R3_LEXICOGRAPHIC_COVERAGE_RESERVE_SELECTED,False,False
DEVELOPMENT,DVE014,BASELINE_ORACLE_V2,USABLE,True,True,POSITIVE_RETAINED_BY_EXACT_VALID_WITNESS,H4A_GEOMETRY_TRANSITION_BEST|H4B_GEOMETRY_LATERAL_TRANSITION_BEST|ORACLE_V2_BEST|R1_FEASIBILITY_LEXICOGRAPHIC_SELECTED|R2_BALANCED_PHYSICS_SCORE_SELECTED|R3_LEXICOGRAPHIC_COVERAGE_RESERVE_SELECTED,False,False
DEVELOPMENT,DVE014,COARSE_GRID_0P02,HARD,True,True,POSITIVE_RETAINED_BY_EXACT_VALID_WITNESS,H4A_GEOMETRY_TRANSITION_BEST|H4B_GEOMETRY_LATERAL_TRANSITION_BEST|ORACLE_V2_BEST|R1_FEASIBILITY_LEXICOGRAPHIC_SELECTED|R2_BALANCED_PHYSICS_SCORE_SELECTED|R3_LEXICOGRAPHIC_COVERAGE_RESERVE_SELECTED,True,False
DEVELOPMENT,DVE014,COARSE_GRID_0P02,USABLE,True,True,POSITIVE_RETAINED_BY_EXACT_VALID_WITNESS,H4A_GEOMETRY_TRANSITION_BEST|H4B_GEOMETRY_LATERAL_TRANSITION_BEST|ORACLE_V2_BEST|R1_FEASIBILITY_LEXICOGRAPHIC_SELECTED|R2_BALANCED_PHYSICS_SCORE_SELECTED|R3_LEXICOGRAPHIC_COVERAGE_RESERVE_SELECTED,True,False
DEVELOPMENT,DVE014,NARROW_D_MID_1P25,HARD,True,True,POSITIVE_RETAINED_BY_EXACT_VALID_WITNESS,H4A_GEOMETRY_TRANSITION_BEST|H4B_GEOMETRY_LATERAL_TRANSITION_BEST|ORACLE_V2_BEST|R1_FEASIBILITY_LEXICOGRAPHIC_SELECTED|R2_BALANCED_PHYSICS_SCORE_SELECTED|R3_LEXICOGRAPHIC_COVERAGE_RESERVE_SELECTED,True,False
DEVELOPMENT,DVE014,NARROW_D_MID_1P25,USABLE,True,True,POSITIVE_RETAINED_BY_EXACT_VALID_WITNESS,H4A_GEOMETRY_TRANSITION_BEST|H4B_GEOMETRY_LATERAL_TRANSITION_BEST|ORACLE_V2_BEST|R1_FEASIBILITY_LEXICOGRAPHIC_SELECTED|R2_BALANCED_PHYSICS_SCORE_SELECTED|R3_LEXICOGRAPHIC_COVERAGE_RESERVE_SELECTED,True,False
DEVELOPMENT,DVE014,MINIMUM_TRANSITION_PAIR_ONLY,HARD,True,False,INCONCLUSIVE_WITNESS_NOT_RETAINED,,True,False
DEVELOPMENT,DVE014,MINIMUM_TRANSITION_PAIR_ONLY,USABLE,True,False,INCONCLUSIVE_WITNESS_NOT_RETAINED,,True,False
DEVELOPMENT,DVE014,NO_FROZEN_FACTOR_ANCHORS,HARD,True,True,POSITIVE_RETAINED_BY_EXACT_VALID_WITNESS,R1_FEASIBILITY_LEXICOGRAPHIC_SELECTED|R2_BALANCED_PHYSICS_SCORE_SELECTED|R3_LEXICOGRAPHIC_COVERAGE_RESERVE_SELECTED,True,False
DEVELOPMENT,DVE014,NO_FROZEN_FACTOR_ANCHORS,USABLE,True,True,POSITIVE_RETAINED_BY_EXACT_VALID_WITNESS,R1_FEASIBILITY_LEXICOGRAPHIC_SELECTED|R2_BALANCED_PHYSICS_SCORE_SELECTED|R3_LEXICOGRAPHIC_COVERAGE_RESERVE_SELECTED,True,False
DEVELOPMENT,DVE015,BASELINE_ORACLE_V2,HARD,True,True,POSITIVE_RETAINED_BY_EXACT_VALID_WITNESS,H3_FIXED_BOUNDED_BEST|H4A_GEOMETRY_TRANSITION_BEST|H4B_GEOMETRY_LATERAL_TRANSITION_BEST|ORACLE_V2_BEST|R1_FEASIBILITY_LEXICOGRAPHIC_SELECTED|R2_BALANCED_PHYSICS_SCORE_SELECTED|R3_LEXICOGRAPHIC_COVERAGE_RESERVE_SELECTED,False,False
DEVELOPMENT,DVE015,BASELINE_ORACLE_V2,USABLE,True,True,POSITIVE_RETAINED_BY_EXACT_VALID_WITNESS,H3_FIXED_BOUNDED_BEST|H4A_GEOMETRY_TRANSITION_BEST|H4B_GEOMETRY_LATERAL_TRANSITION_BEST|ORACLE_V2_BEST|R1_FEASIBILITY_LEXICOGRAPHIC_SELECTED|R2_BALANCED_PHYSICS_SCORE_SELECTED|R3_LEXICOGRAPHIC_COVERAGE_RESERVE_SELECTED,False,False
DEVELOPMENT,DVE015,COARSE_GRID_0P02,HARD,True,True,POSITIVE_RETAINED_BY_EXACT_VALID_WITNESS,H3_FIXED_BOUNDED_BEST|H4A_GEOMETRY_TRANSITION_BEST|H4B_GEOMETRY_LATERAL_TRANSITION_BEST|ORACLE_V2_BEST|R1_FEASIBILITY_LEXICOGRAPHIC_SELECTED|R3_LEXICOGRAPHIC_COVERAGE_RESERVE_SELECTED,True,False
DEVELOPMENT,DVE015,COARSE_GRID_0P02,USABLE,True,True,POSITIVE_RETAINED_BY_EXACT_VALID_WITNESS,H3_FIXED_BOUNDED_BEST|H4A_GEOMETRY_TRANSITION_BEST|H4B_GEOMETRY_LATERAL_TRANSITION_BEST|ORACLE_V2_BEST|R1_FEASIBILITY_LEXICOGRAPHIC_SELECTED|R3_LEXICOGRAPHIC_COVERAGE_RESERVE_SELECTED,True,False
DEVELOPMENT,DVE015,NARROW_D_MID_1P25,HARD,True,True,POSITIVE_RETAINED_BY_EXACT_VALID_WITNESS,H3_FIXED_BOUNDED_BEST|H4A_GEOMETRY_TRANSITION_BEST|H4B_GEOMETRY_LATERAL_TRANSITION_BEST|ORACLE_V2_BEST|R1_FEASIBILITY_LEXICOGRAPHIC_SELECTED|R3_LEXICOGRAPHIC_COVERAGE_RESERVE_SELECTED,True,False
DEVELOPMENT,DVE015,NARROW_D_MID_1P25,USABLE,True,True,POSITIVE_RETAINED_BY_EXACT_VALID_WITNESS,H3_FIXED_BOUNDED_BEST|H4A_GEOMETRY_TRANSITION_BEST|H4B_GEOMETRY_LATERAL_TRANSITION_BEST|ORACLE_V2_BEST|R1_FEASIBILITY_LEXICOGRAPHIC_SELECTED|R3_LEXICOGRAPHIC_COVERAGE_RESERVE_SELECTED,True,False
DEVELOPMENT,DVE015,MINIMUM_TRANSITION_PAIR_ONLY,HARD,True,True,POSITIVE_RETAINED_BY_EXACT_VALID_WITNESS,H3_FIXED_BOUNDED_BEST|ORACLE_V2_BEST|R1_FEASIBILITY_LEXICOGRAPHIC_SELECTED|R3_LEXICOGRAPHIC_COVERAGE_RESERVE_SELECTED,True,False
DEVELOPMENT,DVE015,MINIMUM_TRANSITION_PAIR_ONLY,USABLE,True,True,POSITIVE_RETAINED_BY_EXACT_VALID_WITNESS,H3_FIXED_BOUNDED_BEST|ORACLE_V2_BEST|R1_FEASIBILITY_LEXICOGRAPHIC_SELECTED|R3_LEXICOGRAPHIC_COVERAGE_RESERVE_SELECTED,True,False
DEVELOPMENT,DVE015,NO_FROZEN_FACTOR_ANCHORS,HARD,True,True,POSITIVE_RETAINED_BY_EXACT_VALID_WITNESS,ORACLE_V2_BEST|R1_FEASIBILITY_LEXICOGRAPHIC_SELECTED|R3_LEXICOGRAPHIC_COVERAGE_RESERVE_SELECTED,True,False
DEVELOPMENT,DVE015,NO_FROZEN_FACTOR_ANCHORS,USABLE,True,True,POSITIVE_RETAINED_BY_EXACT_VALID_WITNESS,ORACLE_V2_BEST|R1_FEASIBILITY_LEXICOGRAPHIC_SELECTED|R3_LEXICOGRAPHIC_COVERAGE_RESERVE_SELECTED,True,False
DEVELOPMENT,DVE016,BASELINE_ORACLE_V2,HARD,False,False,NEGATIVE_RETAINED_BY_SUBSET_MONOTONICITY,,False,False
DEVELOPMENT,DVE016,BASELINE_ORACLE_V2,USABLE,False,False,NEGATIVE_RETAINED_BY_SUBSET_MONOTONICITY,,False,False
DEVELOPMENT,DVE016,COARSE_GRID_0P02,HARD,False,False,NEGATIVE_RETAINED_BY_SUBSET_MONOTONICITY,,True,False
DEVELOPMENT,DVE016,COARSE_GRID_0P02,USABLE,False,False,NEGATIVE_RETAINED_BY_SUBSET_MONOTONICITY,,True,False
DEVELOPMENT,DVE016,NARROW_D_MID_1P25,HARD,False,False,NEGATIVE_RETAINED_BY_SUBSET_MONOTONICITY,,True,False
DEVELOPMENT,DVE016,NARROW_D_MID_1P25,USABLE,False,False,NEGATIVE_RETAINED_BY_SUBSET_MONOTONICITY,,True,False
DEVELOPMENT,DVE016,MINIMUM_TRANSITION_PAIR_ONLY,HARD,False,False,NEGATIVE_RETAINED_BY_SUBSET_MONOTONICITY,,True,False
DEVELOPMENT,DVE016,MINIMUM_TRANSITION_PAIR_ONLY,USABLE,False,False,NEGATIVE_RETAINED_BY_SUBSET_MONOTONICITY,,True,False
DEVELOPMENT,DVE016,NO_FROZEN_FACTOR_ANCHORS,HARD,False,False,NEGATIVE_RETAINED_BY_SUBSET_MONOTONICITY,,True,False
DEVELOPMENT,DVE016,NO_FROZEN_FACTOR_ANCHORS,USABLE,False,False,NEGATIVE_RETAINED_BY_SUBSET_MONOTONICITY,,True,False
DEVELOPMENT,DVE017,BASELINE_ORACLE_V2,HARD,True,True,POSITIVE_RETAINED_BY_EXACT_VALID_WITNESS,H3_FIXED_BOUNDED_BEST|H4A_GEOMETRY_TRANSITION_BEST|H4B_GEOMETRY_LATERAL_TRANSITION_BEST|ORACLE_V2_BEST|R1_FEASIBILITY_LEXICOGRAPHIC_SELECTED|R2_BALANCED_PHYSICS_SCORE_SELECTED|R3_LEXICOGRAPHIC_COVERAGE_RESERVE_SELECTED,False,False
DEVELOPMENT,DVE017,BASELINE_ORACLE_V2,USABLE,True,True,POSITIVE_RETAINED_BY_EXACT_VALID_WITNESS,H3_FIXED_BOUNDED_BEST|H4A_GEOMETRY_TRANSITION_BEST|H4B_GEOMETRY_LATERAL_TRANSITION_BEST|ORACLE_V2_BEST|R1_FEASIBILITY_LEXICOGRAPHIC_SELECTED|R2_BALANCED_PHYSICS_SCORE_SELECTED|R3_LEXICOGRAPHIC_COVERAGE_RESERVE_SELECTED,False,False
DEVELOPMENT,DVE017,COARSE_GRID_0P02,HARD,True,True,POSITIVE_RETAINED_BY_EXACT_VALID_WITNESS,H3_FIXED_BOUNDED_BEST|H4A_GEOMETRY_TRANSITION_BEST|H4B_GEOMETRY_LATERAL_TRANSITION_BEST|ORACLE_V2_BEST|R1_FEASIBILITY_LEXICOGRAPHIC_SELECTED|R3_LEXICOGRAPHIC_COVERAGE_RESERVE_SELECTED,True,False
DEVELOPMENT,DVE017,COARSE_GRID_0P02,USABLE,True,True,POSITIVE_RETAINED_BY_EXACT_VALID_WITNESS,H3_FIXED_BOUNDED_BEST|H4A_GEOMETRY_TRANSITION_BEST|H4B_GEOMETRY_LATERAL_TRANSITION_BEST|ORACLE_V2_BEST|R1_FEASIBILITY_LEXICOGRAPHIC_SELECTED|R3_LEXICOGRAPHIC_COVERAGE_RESERVE_SELECTED,True,False
DEVELOPMENT,DVE017,NARROW_D_MID_1P25,HARD,True,True,POSITIVE_RETAINED_BY_EXACT_VALID_WITNESS,H3_FIXED_BOUNDED_BEST|H4A_GEOMETRY_TRANSITION_BEST|H4B_GEOMETRY_LATERAL_TRANSITION_BEST|ORACLE_V2_BEST|R1_FEASIBILITY_LEXICOGRAPHIC_SELECTED|R3_LEXICOGRAPHIC_COVERAGE_RESERVE_SELECTED,True,False
DEVELOPMENT,DVE017,NARROW_D_MID_1P25,USABLE,True,True,POSITIVE_RETAINED_BY_EXACT_VALID_WITNESS,H3_FIXED_BOUNDED_BEST|H4A_GEOMETRY_TRANSITION_BEST|H4B_GEOMETRY_LATERAL_TRANSITION_BEST|ORACLE_V2_BEST|R1_FEASIBILITY_LEXICOGRAPHIC_SELECTED|R3_LEXICOGRAPHIC_COVERAGE_RESERVE_SELECTED,True,False
DEVELOPMENT,DVE017,MINIMUM_TRANSITION_PAIR_ONLY,HARD,True,True,POSITIVE_RETAINED_BY_EXACT_VALID_WITNESS,H3_FIXED_BOUNDED_BEST|ORACLE_V2_BEST|R1_FEASIBILITY_LEXICOGRAPHIC_SELECTED|R3_LEXICOGRAPHIC_COVERAGE_RESERVE_SELECTED,True,False
DEVELOPMENT,DVE017,MINIMUM_TRANSITION_PAIR_ONLY,USABLE,True,True,POSITIVE_RETAINED_BY_EXACT_VALID_WITNESS,H3_FIXED_BOUNDED_BEST|ORACLE_V2_BEST|R1_FEASIBILITY_LEXICOGRAPHIC_SELECTED|R3_LEXICOGRAPHIC_COVERAGE_RESERVE_SELECTED,True,False
DEVELOPMENT,DVE017,NO_FROZEN_FACTOR_ANCHORS,HARD,True,True,POSITIVE_RETAINED_BY_EXACT_VALID_WITNESS,ORACLE_V2_BEST|R1_FEASIBILITY_LEXICOGRAPHIC_SELECTED|R3_LEXICOGRAPHIC_COVERAGE_RESERVE_SELECTED,True,False
DEVELOPMENT,DVE017,NO_FROZEN_FACTOR_ANCHORS,USABLE,True,True,POSITIVE_RETAINED_BY_EXACT_VALID_WITNESS,ORACLE_V2_BEST|R1_FEASIBILITY_LEXICOGRAPHIC_SELECTED|R3_LEXICOGRAPHIC_COVERAGE_RESERVE_SELECTED,True,False
DEVELOPMENT,DVE018,BASELINE_ORACLE_V2,HARD,True,True,POSITIVE_RETAINED_BY_EXACT_VALID_WITNESS,H3_FIXED_BOUNDED_BEST|H4A_GEOMETRY_TRANSITION_BEST|H4B_GEOMETRY_LATERAL_TRANSITION_BEST|ORACLE_V2_BEST|R1_FEASIBILITY_LEXICOGRAPHIC_SELECTED|R2_BALANCED_PHYSICS_SCORE_SELECTED|R3_LEXICOGRAPHIC_COVERAGE_RESERVE_SELECTED,False,False
DEVELOPMENT,DVE018,BASELINE_ORACLE_V2,USABLE,True,True,POSITIVE_RETAINED_BY_EXACT_VALID_WITNESS,H3_FIXED_BOUNDED_BEST|H4A_GEOMETRY_TRANSITION_BEST|H4B_GEOMETRY_LATERAL_TRANSITION_BEST|ORACLE_V2_BEST|R1_FEASIBILITY_LEXICOGRAPHIC_SELECTED|R2_BALANCED_PHYSICS_SCORE_SELECTED|R3_LEXICOGRAPHIC_COVERAGE_RESERVE_SELECTED,False,False
DEVELOPMENT,DVE018,COARSE_GRID_0P02,HARD,True,True,POSITIVE_RETAINED_BY_EXACT_VALID_WITNESS,H3_FIXED_BOUNDED_BEST|H4A_GEOMETRY_TRANSITION_BEST|H4B_GEOMETRY_LATERAL_TRANSITION_BEST|ORACLE_V2_BEST|R1_FEASIBILITY_LEXICOGRAPHIC_SELECTED|R2_BALANCED_PHYSICS_SCORE_SELECTED|R3_LEXICOGRAPHIC_COVERAGE_RESERVE_SELECTED,True,False
DEVELOPMENT,DVE018,COARSE_GRID_0P02,USABLE,True,True,POSITIVE_RETAINED_BY_EXACT_VALID_WITNESS,H3_FIXED_BOUNDED_BEST|H4A_GEOMETRY_TRANSITION_BEST|H4B_GEOMETRY_LATERAL_TRANSITION_BEST|ORACLE_V2_BEST|R1_FEASIBILITY_LEXICOGRAPHIC_SELECTED|R2_BALANCED_PHYSICS_SCORE_SELECTED|R3_LEXICOGRAPHIC_COVERAGE_RESERVE_SELECTED,True,False
DEVELOPMENT,DVE018,NARROW_D_MID_1P25,HARD,True,True,POSITIVE_RETAINED_BY_EXACT_VALID_WITNESS,H3_FIXED_BOUNDED_BEST|H4A_GEOMETRY_TRANSITION_BEST|H4B_GEOMETRY_LATERAL_TRANSITION_BEST|ORACLE_V2_BEST|R1_FEASIBILITY_LEXICOGRAPHIC_SELECTED|R2_BALANCED_PHYSICS_SCORE_SELECTED|R3_LEXICOGRAPHIC_COVERAGE_RESERVE_SELECTED,True,False
DEVELOPMENT,DVE018,NARROW_D_MID_1P25,USABLE,True,True,POSITIVE_RETAINED_BY_EXACT_VALID_WITNESS,H3_FIXED_BOUNDED_BEST|H4A_GEOMETRY_TRANSITION_BEST|H4B_GEOMETRY_LATERAL_TRANSITION_BEST|ORACLE_V2_BEST|R1_FEASIBILITY_LEXICOGRAPHIC_SELECTED|R2_BALANCED_PHYSICS_SCORE_SELECTED|R3_LEXICOGRAPHIC_COVERAGE_RESERVE_SELECTED,True,False
DEVELOPMENT,DVE018,MINIMUM_TRANSITION_PAIR_ONLY,HARD,True,False,INCONCLUSIVE_WITNESS_NOT_RETAINED,,True,False
DEVELOPMENT,DVE018,MINIMUM_TRANSITION_PAIR_ONLY,USABLE,True,False,INCONCLUSIVE_WITNESS_NOT_RETAINED,,True,False
DEVELOPMENT,DVE018,NO_FROZEN_FACTOR_ANCHORS,HARD,True,True,POSITIVE_RETAINED_BY_EXACT_VALID_WITNESS,H3_FIXED_BOUNDED_BEST|H4B_GEOMETRY_LATERAL_TRANSITION_BEST|ORACLE_V2_BEST|R1_FEASIBILITY_LEXICOGRAPHIC_SELECTED|R2_BALANCED_PHYSICS_SCORE_SELECTED|R3_LEXICOGRAPHIC_COVERAGE_RESERVE_SELECTED,True,False
DEVELOPMENT,DVE018,NO_FROZEN_FACTOR_ANCHORS,USABLE,True,True,POSITIVE_RETAINED_BY_EXACT_VALID_WITNESS,H3_FIXED_BOUNDED_BEST|H4B_GEOMETRY_LATERAL_TRANSITION_BEST|ORACLE_V2_BEST|R1_FEASIBILITY_LEXICOGRAPHIC_SELECTED|R2_BALANCED_PHYSICS_SCORE_SELECTED|R3_LEXICOGRAPHIC_COVERAGE_RESERVE_SELECTED,True,False
DEVELOPMENT,DVE019,BASELINE_ORACLE_V2,HARD,True,True,POSITIVE_RETAINED_BY_EXACT_VALID_WITNESS,H3_FIXED_BOUNDED_BEST|H4A_GEOMETRY_TRANSITION_BEST|H4B_GEOMETRY_LATERAL_TRANSITION_BEST|ORACLE_V2_BEST|R1_FEASIBILITY_LEXICOGRAPHIC_SELECTED|R2_BALANCED_PHYSICS_SCORE_SELECTED|R3_LEXICOGRAPHIC_COVERAGE_RESERVE_SELECTED,False,False
DEVELOPMENT,DVE019,BASELINE_ORACLE_V2,USABLE,False,False,NEGATIVE_RETAINED_BY_SUBSET_MONOTONICITY,,False,False
DEVELOPMENT,DVE019,COARSE_GRID_0P02,HARD,True,True,POSITIVE_RETAINED_BY_EXACT_VALID_WITNESS,H3_FIXED_BOUNDED_BEST|H4A_GEOMETRY_TRANSITION_BEST|H4B_GEOMETRY_LATERAL_TRANSITION_BEST|ORACLE_V2_BEST|R1_FEASIBILITY_LEXICOGRAPHIC_SELECTED|R2_BALANCED_PHYSICS_SCORE_SELECTED|R3_LEXICOGRAPHIC_COVERAGE_RESERVE_SELECTED,True,False
DEVELOPMENT,DVE019,COARSE_GRID_0P02,USABLE,False,False,NEGATIVE_RETAINED_BY_SUBSET_MONOTONICITY,,True,False
DEVELOPMENT,DVE019,NARROW_D_MID_1P25,HARD,True,True,POSITIVE_RETAINED_BY_EXACT_VALID_WITNESS,H3_FIXED_BOUNDED_BEST|H4A_GEOMETRY_TRANSITION_BEST|H4B_GEOMETRY_LATERAL_TRANSITION_BEST|ORACLE_V2_BEST|R1_FEASIBILITY_LEXICOGRAPHIC_SELECTED|R2_BALANCED_PHYSICS_SCORE_SELECTED|R3_LEXICOGRAPHIC_COVERAGE_RESERVE_SELECTED,True,False
DEVELOPMENT,DVE019,NARROW_D_MID_1P25,USABLE,False,False,NEGATIVE_RETAINED_BY_SUBSET_MONOTONICITY,,True,False
DEVELOPMENT,DVE019,MINIMUM_TRANSITION_PAIR_ONLY,HARD,True,True,POSITIVE_RETAINED_BY_EXACT_VALID_WITNESS,H4A_GEOMETRY_TRANSITION_BEST|H4B_GEOMETRY_LATERAL_TRANSITION_BEST|ORACLE_V2_BEST|R1_FEASIBILITY_LEXICOGRAPHIC_SELECTED|R2_BALANCED_PHYSICS_SCORE_SELECTED|R3_LEXICOGRAPHIC_COVERAGE_RESERVE_SELECTED,True,False
DEVELOPMENT,DVE019,MINIMUM_TRANSITION_PAIR_ONLY,USABLE,False,False,NEGATIVE_RETAINED_BY_SUBSET_MONOTONICITY,,True,False
DEVELOPMENT,DVE019,NO_FROZEN_FACTOR_ANCHORS,HARD,True,True,POSITIVE_RETAINED_BY_EXACT_VALID_WITNESS,ORACLE_V2_BEST,True,False
DEVELOPMENT,DVE019,NO_FROZEN_FACTOR_ANCHORS,USABLE,False,False,NEGATIVE_RETAINED_BY_SUBSET_MONOTONICITY,,True,False
DEVELOPMENT,DVE020,BASELINE_ORACLE_V2,HARD,True,True,POSITIVE_RETAINED_BY_EXACT_VALID_WITNESS,H3_FIXED_BOUNDED_BEST|H4A_GEOMETRY_TRANSITION_BEST|H4B_GEOMETRY_LATERAL_TRANSITION_BEST|ORACLE_V2_BEST|R1_FEASIBILITY_LEXICOGRAPHIC_SELECTED|R2_BALANCED_PHYSICS_SCORE_SELECTED|R3_LEXICOGRAPHIC_COVERAGE_RESERVE_SELECTED,False,False
DEVELOPMENT,DVE020,BASELINE_ORACLE_V2,USABLE,True,True,POSITIVE_RETAINED_BY_EXACT_VALID_WITNESS,H3_FIXED_BOUNDED_BEST|H4A_GEOMETRY_TRANSITION_BEST|H4B_GEOMETRY_LATERAL_TRANSITION_BEST|ORACLE_V2_BEST|R1_FEASIBILITY_LEXICOGRAPHIC_SELECTED|R2_BALANCED_PHYSICS_SCORE_SELECTED|R3_LEXICOGRAPHIC_COVERAGE_RESERVE_SELECTED,False,False
DEVELOPMENT,DVE020,COARSE_GRID_0P02,HARD,True,True,POSITIVE_RETAINED_BY_EXACT_VALID_WITNESS,H3_FIXED_BOUNDED_BEST|H4A_GEOMETRY_TRANSITION_BEST|H4B_GEOMETRY_LATERAL_TRANSITION_BEST,True,False
DEVELOPMENT,DVE020,COARSE_GRID_0P02,USABLE,True,True,POSITIVE_RETAINED_BY_EXACT_VALID_WITNESS,H3_FIXED_BOUNDED_BEST|H4A_GEOMETRY_TRANSITION_BEST|H4B_GEOMETRY_LATERAL_TRANSITION_BEST,True,False
DEVELOPMENT,DVE020,NARROW_D_MID_1P25,HARD,True,True,POSITIVE_RETAINED_BY_EXACT_VALID_WITNESS,H3_FIXED_BOUNDED_BEST|H4A_GEOMETRY_TRANSITION_BEST|H4B_GEOMETRY_LATERAL_TRANSITION_BEST|ORACLE_V2_BEST,True,False
DEVELOPMENT,DVE020,NARROW_D_MID_1P25,USABLE,True,True,POSITIVE_RETAINED_BY_EXACT_VALID_WITNESS,H3_FIXED_BOUNDED_BEST|H4A_GEOMETRY_TRANSITION_BEST|H4B_GEOMETRY_LATERAL_TRANSITION_BEST|ORACLE_V2_BEST,True,False
DEVELOPMENT,DVE020,MINIMUM_TRANSITION_PAIR_ONLY,HARD,True,False,INCONCLUSIVE_WITNESS_NOT_RETAINED,,True,False
DEVELOPMENT,DVE020,MINIMUM_TRANSITION_PAIR_ONLY,USABLE,True,False,INCONCLUSIVE_WITNESS_NOT_RETAINED,,True,False
DEVELOPMENT,DVE020,NO_FROZEN_FACTOR_ANCHORS,HARD,True,True,POSITIVE_RETAINED_BY_EXACT_VALID_WITNESS,ORACLE_V2_BEST,True,False
DEVELOPMENT,DVE020,NO_FROZEN_FACTOR_ANCHORS,USABLE,True,True,POSITIVE_RETAINED_BY_EXACT_VALID_WITNESS,ORACLE_V2_BEST,True,False
DEVELOPMENT,DVE021,BASELINE_ORACLE_V2,HARD,False,False,NEGATIVE_RETAINED_BY_SUBSET_MONOTONICITY,,False,False
DEVELOPMENT,DVE021,BASELINE_ORACLE_V2,USABLE,False,False,NEGATIVE_RETAINED_BY_SUBSET_MONOTONICITY,,False,False
DEVELOPMENT,DVE021,COARSE_GRID_0P02,HARD,False,False,NEGATIVE_RETAINED_BY_SUBSET_MONOTONICITY,,True,False
DEVELOPMENT,DVE021,COARSE_GRID_0P02,USABLE,False,False,NEGATIVE_RETAINED_BY_SUBSET_MONOTONICITY,,True,False
DEVELOPMENT,DVE021,NARROW_D_MID_1P25,HARD,False,False,NEGATIVE_RETAINED_BY_SUBSET_MONOTONICITY,,True,False
DEVELOPMENT,DVE021,NARROW_D_MID_1P25,USABLE,False,False,NEGATIVE_RETAINED_BY_SUBSET_MONOTONICITY,,True,False
DEVELOPMENT,DVE021,MINIMUM_TRANSITION_PAIR_ONLY,HARD,False,False,NEGATIVE_RETAINED_BY_SUBSET_MONOTONICITY,,True,False
DEVELOPMENT,DVE021,MINIMUM_TRANSITION_PAIR_ONLY,USABLE,False,False,NEGATIVE_RETAINED_BY_SUBSET_MONOTONICITY,,True,False
DEVELOPMENT,DVE021,NO_FROZEN_FACTOR_ANCHORS,HARD,False,False,NEGATIVE_RETAINED_BY_SUBSET_MONOTONICITY,,True,False
DEVELOPMENT,DVE021,NO_FROZEN_FACTOR_ANCHORS,USABLE,False,False,NEGATIVE_RETAINED_BY_SUBSET_MONOTONICITY,,True,False
DEVELOPMENT,DVE022,BASELINE_ORACLE_V2,HARD,True,True,POSITIVE_RETAINED_BY_EXACT_VALID_WITNESS,H3_FIXED_BOUNDED_BEST|H4A_GEOMETRY_TRANSITION_BEST|H4B_GEOMETRY_LATERAL_TRANSITION_BEST|ORACLE_V2_BEST,False,False
DEVELOPMENT,DVE022,BASELINE_ORACLE_V2,USABLE,True,True,POSITIVE_RETAINED_BY_EXACT_VALID_WITNESS,H3_FIXED_BOUNDED_BEST|H4A_GEOMETRY_TRANSITION_BEST|H4B_GEOMETRY_LATERAL_TRANSITION_BEST|ORACLE_V2_BEST,False,False
DEVELOPMENT,DVE022,COARSE_GRID_0P02,HARD,True,True,POSITIVE_RETAINED_BY_EXACT_VALID_WITNESS,H3_FIXED_BOUNDED_BEST|H4A_GEOMETRY_TRANSITION_BEST|H4B_GEOMETRY_LATERAL_TRANSITION_BEST|ORACLE_V2_BEST,True,False
DEVELOPMENT,DVE022,COARSE_GRID_0P02,USABLE,True,True,POSITIVE_RETAINED_BY_EXACT_VALID_WITNESS,H3_FIXED_BOUNDED_BEST|H4A_GEOMETRY_TRANSITION_BEST|H4B_GEOMETRY_LATERAL_TRANSITION_BEST|ORACLE_V2_BEST,True,False
DEVELOPMENT,DVE022,NARROW_D_MID_1P25,HARD,True,True,POSITIVE_RETAINED_BY_EXACT_VALID_WITNESS,H3_FIXED_BOUNDED_BEST|H4A_GEOMETRY_TRANSITION_BEST|H4B_GEOMETRY_LATERAL_TRANSITION_BEST|ORACLE_V2_BEST,True,False
DEVELOPMENT,DVE022,NARROW_D_MID_1P25,USABLE,True,True,POSITIVE_RETAINED_BY_EXACT_VALID_WITNESS,H3_FIXED_BOUNDED_BEST|H4A_GEOMETRY_TRANSITION_BEST|H4B_GEOMETRY_LATERAL_TRANSITION_BEST|ORACLE_V2_BEST,True,False
DEVELOPMENT,DVE022,MINIMUM_TRANSITION_PAIR_ONLY,HARD,True,True,POSITIVE_RETAINED_BY_EXACT_VALID_WITNESS,H3_FIXED_BOUNDED_BEST|ORACLE_V2_BEST,True,False
DEVELOPMENT,DVE022,MINIMUM_TRANSITION_PAIR_ONLY,USABLE,True,True,POSITIVE_RETAINED_BY_EXACT_VALID_WITNESS,H3_FIXED_BOUNDED_BEST|ORACLE_V2_BEST,True,False
DEVELOPMENT,DVE022,NO_FROZEN_FACTOR_ANCHORS,HARD,True,False,INCONCLUSIVE_WITNESS_NOT_RETAINED,,True,False
DEVELOPMENT,DVE022,NO_FROZEN_FACTOR_ANCHORS,USABLE,True,False,INCONCLUSIVE_WITNESS_NOT_RETAINED,,True,False
DEVELOPMENT,DVE023,BASELINE_ORACLE_V2,HARD,True,True,POSITIVE_RETAINED_BY_EXACT_VALID_WITNESS,H3_FIXED_BOUNDED_BEST|H4A_GEOMETRY_TRANSITION_BEST|H4B_GEOMETRY_LATERAL_TRANSITION_BEST|ORACLE_V2_BEST|R2_BALANCED_PHYSICS_SCORE_SELECTED,False,False
DEVELOPMENT,DVE023,BASELINE_ORACLE_V2,USABLE,False,False,NEGATIVE_RETAINED_BY_SUBSET_MONOTONICITY,,False,False
DEVELOPMENT,DVE023,COARSE_GRID_0P02,HARD,True,True,POSITIVE_RETAINED_BY_EXACT_VALID_WITNESS,H3_FIXED_BOUNDED_BEST|H4A_GEOMETRY_TRANSITION_BEST|H4B_GEOMETRY_LATERAL_TRANSITION_BEST|ORACLE_V2_BEST|R2_BALANCED_PHYSICS_SCORE_SELECTED,True,False
DEVELOPMENT,DVE023,COARSE_GRID_0P02,USABLE,False,False,NEGATIVE_RETAINED_BY_SUBSET_MONOTONICITY,,True,False
DEVELOPMENT,DVE023,NARROW_D_MID_1P25,HARD,True,True,POSITIVE_RETAINED_BY_EXACT_VALID_WITNESS,H3_FIXED_BOUNDED_BEST|H4A_GEOMETRY_TRANSITION_BEST|H4B_GEOMETRY_LATERAL_TRANSITION_BEST|ORACLE_V2_BEST|R2_BALANCED_PHYSICS_SCORE_SELECTED,True,False
DEVELOPMENT,DVE023,NARROW_D_MID_1P25,USABLE,False,False,NEGATIVE_RETAINED_BY_SUBSET_MONOTONICITY,,True,False
DEVELOPMENT,DVE023,MINIMUM_TRANSITION_PAIR_ONLY,HARD,True,True,POSITIVE_RETAINED_BY_EXACT_VALID_WITNESS,H3_FIXED_BOUNDED_BEST|ORACLE_V2_BEST|R2_BALANCED_PHYSICS_SCORE_SELECTED,True,False
DEVELOPMENT,DVE023,MINIMUM_TRANSITION_PAIR_ONLY,USABLE,False,False,NEGATIVE_RETAINED_BY_SUBSET_MONOTONICITY,,True,False
DEVELOPMENT,DVE023,NO_FROZEN_FACTOR_ANCHORS,HARD,True,True,POSITIVE_RETAINED_BY_EXACT_VALID_WITNESS,R2_BALANCED_PHYSICS_SCORE_SELECTED,True,False
DEVELOPMENT,DVE023,NO_FROZEN_FACTOR_ANCHORS,USABLE,False,False,NEGATIVE_RETAINED_BY_SUBSET_MONOTONICITY,,True,False
DEVELOPMENT,DVE024,BASELINE_ORACLE_V2,HARD,True,True,POSITIVE_RETAINED_BY_EXACT_VALID_WITNESS,H4A_GEOMETRY_TRANSITION_BEST|ORACLE_V2_BEST|R1_FEASIBILITY_LEXICOGRAPHIC_SELECTED|R2_BALANCED_PHYSICS_SCORE_SELECTED|R3_LEXICOGRAPHIC_COVERAGE_RESERVE_SELECTED,False,False
DEVELOPMENT,DVE024,BASELINE_ORACLE_V2,USABLE,True,True,POSITIVE_RETAINED_BY_EXACT_VALID_WITNESS,H4A_GEOMETRY_TRANSITION_BEST|ORACLE_V2_BEST|R1_FEASIBILITY_LEXICOGRAPHIC_SELECTED|R2_BALANCED_PHYSICS_SCORE_SELECTED|R3_LEXICOGRAPHIC_COVERAGE_RESERVE_SELECTED,False,False
DEVELOPMENT,DVE024,COARSE_GRID_0P02,HARD,True,True,POSITIVE_RETAINED_BY_EXACT_VALID_WITNESS,H4A_GEOMETRY_TRANSITION_BEST|R1_FEASIBILITY_LEXICOGRAPHIC_SELECTED|R2_BALANCED_PHYSICS_SCORE_SELECTED|R3_LEXICOGRAPHIC_COVERAGE_RESERVE_SELECTED,True,False
DEVELOPMENT,DVE024,COARSE_GRID_0P02,USABLE,True,True,POSITIVE_RETAINED_BY_EXACT_VALID_WITNESS,H4A_GEOMETRY_TRANSITION_BEST|R1_FEASIBILITY_LEXICOGRAPHIC_SELECTED|R2_BALANCED_PHYSICS_SCORE_SELECTED|R3_LEXICOGRAPHIC_COVERAGE_RESERVE_SELECTED,True,False
DEVELOPMENT,DVE024,NARROW_D_MID_1P25,HARD,True,True,POSITIVE_RETAINED_BY_EXACT_VALID_WITNESS,H4A_GEOMETRY_TRANSITION_BEST|ORACLE_V2_BEST|R1_FEASIBILITY_LEXICOGRAPHIC_SELECTED|R2_BALANCED_PHYSICS_SCORE_SELECTED|R3_LEXICOGRAPHIC_COVERAGE_RESERVE_SELECTED,True,False
DEVELOPMENT,DVE024,NARROW_D_MID_1P25,USABLE,True,True,POSITIVE_RETAINED_BY_EXACT_VALID_WITNESS,H4A_GEOMETRY_TRANSITION_BEST|ORACLE_V2_BEST|R1_FEASIBILITY_LEXICOGRAPHIC_SELECTED|R2_BALANCED_PHYSICS_SCORE_SELECTED|R3_LEXICOGRAPHIC_COVERAGE_RESERVE_SELECTED,True,False
DEVELOPMENT,DVE024,MINIMUM_TRANSITION_PAIR_ONLY,HARD,True,False,INCONCLUSIVE_WITNESS_NOT_RETAINED,,True,False
DEVELOPMENT,DVE024,MINIMUM_TRANSITION_PAIR_ONLY,USABLE,True,False,INCONCLUSIVE_WITNESS_NOT_RETAINED,,True,False
DEVELOPMENT,DVE024,NO_FROZEN_FACTOR_ANCHORS,HARD,True,True,POSITIVE_RETAINED_BY_EXACT_VALID_WITNESS,ORACLE_V2_BEST|R1_FEASIBILITY_LEXICOGRAPHIC_SELECTED|R2_BALANCED_PHYSICS_SCORE_SELECTED|R3_LEXICOGRAPHIC_COVERAGE_RESERVE_SELECTED,True,False
DEVELOPMENT,DVE024,NO_FROZEN_FACTOR_ANCHORS,USABLE,True,True,POSITIVE_RETAINED_BY_EXACT_VALID_WITNESS,ORACLE_V2_BEST|R1_FEASIBILITY_LEXICOGRAPHIC_SELECTED|R2_BALANCED_PHYSICS_SCORE_SELECTED|R3_LEXICOGRAPHIC_COVERAGE_RESERVE_SELECTED,True,False
DEVELOPMENT,DVE025,BASELINE_ORACLE_V2,HARD,False,False,NEGATIVE_RETAINED_BY_SUBSET_MONOTONICITY,,False,False
DEVELOPMENT,DVE025,BASELINE_ORACLE_V2,USABLE,False,False,NEGATIVE_RETAINED_BY_SUBSET_MONOTONICITY,,False,False
DEVELOPMENT,DVE025,COARSE_GRID_0P02,HARD,False,False,NEGATIVE_RETAINED_BY_SUBSET_MONOTONICITY,,True,False
DEVELOPMENT,DVE025,COARSE_GRID_0P02,USABLE,False,False,NEGATIVE_RETAINED_BY_SUBSET_MONOTONICITY,,True,False
DEVELOPMENT,DVE025,NARROW_D_MID_1P25,HARD,False,False,NEGATIVE_RETAINED_BY_SUBSET_MONOTONICITY,,True,False
DEVELOPMENT,DVE025,NARROW_D_MID_1P25,USABLE,False,False,NEGATIVE_RETAINED_BY_SUBSET_MONOTONICITY,,True,False
DEVELOPMENT,DVE025,MINIMUM_TRANSITION_PAIR_ONLY,HARD,False,False,NEGATIVE_RETAINED_BY_SUBSET_MONOTONICITY,,True,False
DEVELOPMENT,DVE025,MINIMUM_TRANSITION_PAIR_ONLY,USABLE,False,False,NEGATIVE_RETAINED_BY_SUBSET_MONOTONICITY,,True,False
DEVELOPMENT,DVE025,NO_FROZEN_FACTOR_ANCHORS,HARD,False,False,NEGATIVE_RETAINED_BY_SUBSET_MONOTONICITY,,True,False
DEVELOPMENT,DVE025,NO_FROZEN_FACTOR_ANCHORS,USABLE,False,False,NEGATIVE_RETAINED_BY_SUBSET_MONOTONICITY,,True,False
DEVELOPMENT,DVE026,BASELINE_ORACLE_V2,HARD,False,False,NEGATIVE_RETAINED_BY_SUBSET_MONOTONICITY,,False,False
DEVELOPMENT,DVE026,BASELINE_ORACLE_V2,USABLE,False,False,NEGATIVE_RETAINED_BY_SUBSET_MONOTONICITY,,False,False
DEVELOPMENT,DVE026,COARSE_GRID_0P02,HARD,False,False,NEGATIVE_RETAINED_BY_SUBSET_MONOTONICITY,,True,False
DEVELOPMENT,DVE026,COARSE_GRID_0P02,USABLE,False,False,NEGATIVE_RETAINED_BY_SUBSET_MONOTONICITY,,True,False
DEVELOPMENT,DVE026,NARROW_D_MID_1P25,HARD,False,False,NEGATIVE_RETAINED_BY_SUBSET_MONOTONICITY,,True,False
DEVELOPMENT,DVE026,NARROW_D_MID_1P25,USABLE,False,False,NEGATIVE_RETAINED_BY_SUBSET_MONOTONICITY,,True,False
DEVELOPMENT,DVE026,MINIMUM_TRANSITION_PAIR_ONLY,HARD,False,False,NEGATIVE_RETAINED_BY_SUBSET_MONOTONICITY,,True,False
DEVELOPMENT,DVE026,MINIMUM_TRANSITION_PAIR_ONLY,USABLE,False,False,NEGATIVE_RETAINED_BY_SUBSET_MONOTONICITY,,True,False
DEVELOPMENT,DVE026,NO_FROZEN_FACTOR_ANCHORS,HARD,False,False,NEGATIVE_RETAINED_BY_SUBSET_MONOTONICITY,,True,False
DEVELOPMENT,DVE026,NO_FROZEN_FACTOR_ANCHORS,USABLE,False,False,NEGATIVE_RETAINED_BY_SUBSET_MONOTONICITY,,True,False
DEVELOPMENT,DVE027,BASELINE_ORACLE_V2,HARD,False,False,NEGATIVE_RETAINED_BY_SUBSET_MONOTONICITY,,False,False
DEVELOPMENT,DVE027,BASELINE_ORACLE_V2,USABLE,False,False,NEGATIVE_RETAINED_BY_SUBSET_MONOTONICITY,,False,False
DEVELOPMENT,DVE027,COARSE_GRID_0P02,HARD,False,False,NEGATIVE_RETAINED_BY_SUBSET_MONOTONICITY,,True,False
DEVELOPMENT,DVE027,COARSE_GRID_0P02,USABLE,False,False,NEGATIVE_RETAINED_BY_SUBSET_MONOTONICITY,,True,False
DEVELOPMENT,DVE027,NARROW_D_MID_1P25,HARD,False,False,NEGATIVE_RETAINED_BY_SUBSET_MONOTONICITY,,True,False
DEVELOPMENT,DVE027,NARROW_D_MID_1P25,USABLE,False,False,NEGATIVE_RETAINED_BY_SUBSET_MONOTONICITY,,True,False
DEVELOPMENT,DVE027,MINIMUM_TRANSITION_PAIR_ONLY,HARD,False,False,NEGATIVE_RETAINED_BY_SUBSET_MONOTONICITY,,True,False
DEVELOPMENT,DVE027,MINIMUM_TRANSITION_PAIR_ONLY,USABLE,False,False,NEGATIVE_RETAINED_BY_SUBSET_MONOTONICITY,,True,False
DEVELOPMENT,DVE027,NO_FROZEN_FACTOR_ANCHORS,HARD,False,False,NEGATIVE_RETAINED_BY_SUBSET_MONOTONICITY,,True,False
DEVELOPMENT,DVE027,NO_FROZEN_FACTOR_ANCHORS,USABLE,False,False,NEGATIVE_RETAINED_BY_SUBSET_MONOTONICITY,,True,False
DEVELOPMENT,DVE028,BASELINE_ORACLE_V2,HARD,False,False,NEGATIVE_RETAINED_BY_SUBSET_MONOTONICITY,,False,False
DEVELOPMENT,DVE028,BASELINE_ORACLE_V2,USABLE,False,False,NEGATIVE_RETAINED_BY_SUBSET_MONOTONICITY,,False,False
DEVELOPMENT,DVE028,COARSE_GRID_0P02,HARD,False,False,NEGATIVE_RETAINED_BY_SUBSET_MONOTONICITY,,True,False
DEVELOPMENT,DVE028,COARSE_GRID_0P02,USABLE,False,False,NEGATIVE_RETAINED_BY_SUBSET_MONOTONICITY,,True,False
DEVELOPMENT,DVE028,NARROW_D_MID_1P25,HARD,False,False,NEGATIVE_RETAINED_BY_SUBSET_MONOTONICITY,,True,False
DEVELOPMENT,DVE028,NARROW_D_MID_1P25,USABLE,False,False,NEGATIVE_RETAINED_BY_SUBSET_MONOTONICITY,,True,False
DEVELOPMENT,DVE028,MINIMUM_TRANSITION_PAIR_ONLY,HARD,False,False,NEGATIVE_RETAINED_BY_SUBSET_MONOTONICITY,,True,False
DEVELOPMENT,DVE028,MINIMUM_TRANSITION_PAIR_ONLY,USABLE,False,False,NEGATIVE_RETAINED_BY_SUBSET_MONOTONICITY,,True,False
DEVELOPMENT,DVE028,NO_FROZEN_FACTOR_ANCHORS,HARD,False,False,NEGATIVE_RETAINED_BY_SUBSET_MONOTONICITY,,True,False
DEVELOPMENT,DVE028,NO_FROZEN_FACTOR_ANCHORS,USABLE,False,False,NEGATIVE_RETAINED_BY_SUBSET_MONOTONICITY,,True,False
DEVELOPMENT,DVE029,BASELINE_ORACLE_V2,HARD,True,True,POSITIVE_RETAINED_BY_EXACT_VALID_WITNESS,ORACLE_V2_BEST|R1_FEASIBILITY_LEXICOGRAPHIC_SELECTED|R2_BALANCED_PHYSICS_SCORE_SELECTED|R3_LEXICOGRAPHIC_COVERAGE_RESERVE_SELECTED,False,False
DEVELOPMENT,DVE029,BASELINE_ORACLE_V2,USABLE,True,True,POSITIVE_RETAINED_BY_EXACT_VALID_WITNESS,ORACLE_V2_BEST|R1_FEASIBILITY_LEXICOGRAPHIC_SELECTED|R2_BALANCED_PHYSICS_SCORE_SELECTED|R3_LEXICOGRAPHIC_COVERAGE_RESERVE_SELECTED,False,False
DEVELOPMENT,DVE029,COARSE_GRID_0P02,HARD,True,True,POSITIVE_RETAINED_BY_EXACT_VALID_WITNESS,R1_FEASIBILITY_LEXICOGRAPHIC_SELECTED|R2_BALANCED_PHYSICS_SCORE_SELECTED|R3_LEXICOGRAPHIC_COVERAGE_RESERVE_SELECTED,True,False
DEVELOPMENT,DVE029,COARSE_GRID_0P02,USABLE,True,True,POSITIVE_RETAINED_BY_EXACT_VALID_WITNESS,R1_FEASIBILITY_LEXICOGRAPHIC_SELECTED|R2_BALANCED_PHYSICS_SCORE_SELECTED|R3_LEXICOGRAPHIC_COVERAGE_RESERVE_SELECTED,True,False
DEVELOPMENT,DVE029,NARROW_D_MID_1P25,HARD,True,True,POSITIVE_RETAINED_BY_EXACT_VALID_WITNESS,ORACLE_V2_BEST|R1_FEASIBILITY_LEXICOGRAPHIC_SELECTED|R2_BALANCED_PHYSICS_SCORE_SELECTED|R3_LEXICOGRAPHIC_COVERAGE_RESERVE_SELECTED,True,False
DEVELOPMENT,DVE029,NARROW_D_MID_1P25,USABLE,True,True,POSITIVE_RETAINED_BY_EXACT_VALID_WITNESS,ORACLE_V2_BEST|R1_FEASIBILITY_LEXICOGRAPHIC_SELECTED|R2_BALANCED_PHYSICS_SCORE_SELECTED|R3_LEXICOGRAPHIC_COVERAGE_RESERVE_SELECTED,True,False
DEVELOPMENT,DVE029,MINIMUM_TRANSITION_PAIR_ONLY,HARD,True,False,INCONCLUSIVE_WITNESS_NOT_RETAINED,,True,False
DEVELOPMENT,DVE029,MINIMUM_TRANSITION_PAIR_ONLY,USABLE,True,False,INCONCLUSIVE_WITNESS_NOT_RETAINED,,True,False
DEVELOPMENT,DVE029,NO_FROZEN_FACTOR_ANCHORS,HARD,True,True,POSITIVE_RETAINED_BY_EXACT_VALID_WITNESS,ORACLE_V2_BEST|R1_FEASIBILITY_LEXICOGRAPHIC_SELECTED|R2_BALANCED_PHYSICS_SCORE_SELECTED|R3_LEXICOGRAPHIC_COVERAGE_RESERVE_SELECTED,True,False
DEVELOPMENT,DVE029,NO_FROZEN_FACTOR_ANCHORS,USABLE,True,True,POSITIVE_RETAINED_BY_EXACT_VALID_WITNESS,ORACLE_V2_BEST|R1_FEASIBILITY_LEXICOGRAPHIC_SELECTED|R2_BALANCED_PHYSICS_SCORE_SELECTED|R3_LEXICOGRAPHIC_COVERAGE_RESERVE_SELECTED,True,False
DEVELOPMENT,DVE030,BASELINE_ORACLE_V2,HARD,True,True,POSITIVE_RETAINED_BY_EXACT_VALID_WITNESS,ORACLE_V2_BEST|R1_FEASIBILITY_LEXICOGRAPHIC_SELECTED|R2_BALANCED_PHYSICS_SCORE_SELECTED|R3_LEXICOGRAPHIC_COVERAGE_RESERVE_SELECTED,False,False
DEVELOPMENT,DVE030,BASELINE_ORACLE_V2,USABLE,True,True,POSITIVE_RETAINED_BY_EXACT_VALID_WITNESS,ORACLE_V2_BEST|R1_FEASIBILITY_LEXICOGRAPHIC_SELECTED|R2_BALANCED_PHYSICS_SCORE_SELECTED|R3_LEXICOGRAPHIC_COVERAGE_RESERVE_SELECTED,False,False
DEVELOPMENT,DVE030,COARSE_GRID_0P02,HARD,True,False,INCONCLUSIVE_WITNESS_NOT_RETAINED,,True,False
DEVELOPMENT,DVE030,COARSE_GRID_0P02,USABLE,True,False,INCONCLUSIVE_WITNESS_NOT_RETAINED,,True,False
DEVELOPMENT,DVE030,NARROW_D_MID_1P25,HARD,True,True,POSITIVE_RETAINED_BY_EXACT_VALID_WITNESS,ORACLE_V2_BEST,True,False
DEVELOPMENT,DVE030,NARROW_D_MID_1P25,USABLE,True,True,POSITIVE_RETAINED_BY_EXACT_VALID_WITNESS,ORACLE_V2_BEST,True,False
DEVELOPMENT,DVE030,MINIMUM_TRANSITION_PAIR_ONLY,HARD,True,True,POSITIVE_RETAINED_BY_EXACT_VALID_WITNESS,ORACLE_V2_BEST,True,False
DEVELOPMENT,DVE030,MINIMUM_TRANSITION_PAIR_ONLY,USABLE,True,True,POSITIVE_RETAINED_BY_EXACT_VALID_WITNESS,ORACLE_V2_BEST,True,False
DEVELOPMENT,DVE030,NO_FROZEN_FACTOR_ANCHORS,HARD,True,True,POSITIVE_RETAINED_BY_EXACT_VALID_WITNESS,ORACLE_V2_BEST,True,False
DEVELOPMENT,DVE030,NO_FROZEN_FACTOR_ANCHORS,USABLE,True,True,POSITIVE_RETAINED_BY_EXACT_VALID_WITNESS,ORACLE_V2_BEST,True,False
DEVELOPMENT,DVE031,BASELINE_ORACLE_V2,HARD,True,True,POSITIVE_RETAINED_BY_EXACT_VALID_WITNESS,H3_FIXED_BOUNDED_BEST|H4A_GEOMETRY_TRANSITION_BEST|H4B_GEOMETRY_LATERAL_TRANSITION_BEST|ORACLE_V2_BEST|R1_FEASIBILITY_LEXICOGRAPHIC_SELECTED|R2_BALANCED_PHYSICS_SCORE_SELECTED|R3_LEXICOGRAPHIC_COVERAGE_RESERVE_SELECTED,False,False
DEVELOPMENT,DVE031,BASELINE_ORACLE_V2,USABLE,True,True,POSITIVE_RETAINED_BY_EXACT_VALID_WITNESS,H3_FIXED_BOUNDED_BEST|H4A_GEOMETRY_TRANSITION_BEST|H4B_GEOMETRY_LATERAL_TRANSITION_BEST|ORACLE_V2_BEST|R1_FEASIBILITY_LEXICOGRAPHIC_SELECTED|R2_BALANCED_PHYSICS_SCORE_SELECTED|R3_LEXICOGRAPHIC_COVERAGE_RESERVE_SELECTED,False,False
DEVELOPMENT,DVE031,COARSE_GRID_0P02,HARD,True,True,POSITIVE_RETAINED_BY_EXACT_VALID_WITNESS,H3_FIXED_BOUNDED_BEST|H4A_GEOMETRY_TRANSITION_BEST|H4B_GEOMETRY_LATERAL_TRANSITION_BEST|ORACLE_V2_BEST|R1_FEASIBILITY_LEXICOGRAPHIC_SELECTED|R2_BALANCED_PHYSICS_SCORE_SELECTED|R3_LEXICOGRAPHIC_COVERAGE_RESERVE_SELECTED,True,False
DEVELOPMENT,DVE031,COARSE_GRID_0P02,USABLE,True,True,POSITIVE_RETAINED_BY_EXACT_VALID_WITNESS,H3_FIXED_BOUNDED_BEST|H4A_GEOMETRY_TRANSITION_BEST|H4B_GEOMETRY_LATERAL_TRANSITION_BEST|ORACLE_V2_BEST|R1_FEASIBILITY_LEXICOGRAPHIC_SELECTED|R2_BALANCED_PHYSICS_SCORE_SELECTED|R3_LEXICOGRAPHIC_COVERAGE_RESERVE_SELECTED,True,False
DEVELOPMENT,DVE031,NARROW_D_MID_1P25,HARD,True,True,POSITIVE_RETAINED_BY_EXACT_VALID_WITNESS,H3_FIXED_BOUNDED_BEST|H4A_GEOMETRY_TRANSITION_BEST|H4B_GEOMETRY_LATERAL_TRANSITION_BEST|ORACLE_V2_BEST|R1_FEASIBILITY_LEXICOGRAPHIC_SELECTED|R2_BALANCED_PHYSICS_SCORE_SELECTED|R3_LEXICOGRAPHIC_COVERAGE_RESERVE_SELECTED,True,False
DEVELOPMENT,DVE031,NARROW_D_MID_1P25,USABLE,True,True,POSITIVE_RETAINED_BY_EXACT_VALID_WITNESS,H3_FIXED_BOUNDED_BEST|H4A_GEOMETRY_TRANSITION_BEST|H4B_GEOMETRY_LATERAL_TRANSITION_BEST|ORACLE_V2_BEST|R1_FEASIBILITY_LEXICOGRAPHIC_SELECTED|R2_BALANCED_PHYSICS_SCORE_SELECTED|R3_LEXICOGRAPHIC_COVERAGE_RESERVE_SELECTED,True,False
DEVELOPMENT,DVE031,MINIMUM_TRANSITION_PAIR_ONLY,HARD,True,False,INCONCLUSIVE_WITNESS_NOT_RETAINED,,True,False
DEVELOPMENT,DVE031,MINIMUM_TRANSITION_PAIR_ONLY,USABLE,True,False,INCONCLUSIVE_WITNESS_NOT_RETAINED,,True,False
DEVELOPMENT,DVE031,NO_FROZEN_FACTOR_ANCHORS,HARD,True,True,POSITIVE_RETAINED_BY_EXACT_VALID_WITNESS,H3_FIXED_BOUNDED_BEST|ORACLE_V2_BEST|R1_FEASIBILITY_LEXICOGRAPHIC_SELECTED|R2_BALANCED_PHYSICS_SCORE_SELECTED|R3_LEXICOGRAPHIC_COVERAGE_RESERVE_SELECTED,True,False
DEVELOPMENT,DVE031,NO_FROZEN_FACTOR_ANCHORS,USABLE,True,True,POSITIVE_RETAINED_BY_EXACT_VALID_WITNESS,H3_FIXED_BOUNDED_BEST|ORACLE_V2_BEST|R1_FEASIBILITY_LEXICOGRAPHIC_SELECTED|R2_BALANCED_PHYSICS_SCORE_SELECTED|R3_LEXICOGRAPHIC_COVERAGE_RESERVE_SELECTED,True,False
DEVELOPMENT,DVE032,BASELINE_ORACLE_V2,HARD,True,True,POSITIVE_RETAINED_BY_EXACT_VALID_WITNESS,ORACLE_V2_BEST,False,False
DEVELOPMENT,DVE032,BASELINE_ORACLE_V2,USABLE,False,False,NEGATIVE_RETAINED_BY_SUBSET_MONOTONICITY,,False,False
DEVELOPMENT,DVE032,COARSE_GRID_0P02,HARD,True,False,INCONCLUSIVE_WITNESS_NOT_RETAINED,,True,False
DEVELOPMENT,DVE032,COARSE_GRID_0P02,USABLE,False,False,NEGATIVE_RETAINED_BY_SUBSET_MONOTONICITY,,True,False
DEVELOPMENT,DVE032,NARROW_D_MID_1P25,HARD,True,True,POSITIVE_RETAINED_BY_EXACT_VALID_WITNESS,ORACLE_V2_BEST,True,False
DEVELOPMENT,DVE032,NARROW_D_MID_1P25,USABLE,False,False,NEGATIVE_RETAINED_BY_SUBSET_MONOTONICITY,,True,False
DEVELOPMENT,DVE032,MINIMUM_TRANSITION_PAIR_ONLY,HARD,True,True,POSITIVE_RETAINED_BY_EXACT_VALID_WITNESS,ORACLE_V2_BEST,True,False
DEVELOPMENT,DVE032,MINIMUM_TRANSITION_PAIR_ONLY,USABLE,False,False,NEGATIVE_RETAINED_BY_SUBSET_MONOTONICITY,,True,False
DEVELOPMENT,DVE032,NO_FROZEN_FACTOR_ANCHORS,HARD,True,True,POSITIVE_RETAINED_BY_EXACT_VALID_WITNESS,ORACLE_V2_BEST,True,False
DEVELOPMENT,DVE032,NO_FROZEN_FACTOR_ANCHORS,USABLE,False,False,NEGATIVE_RETAINED_BY_SUBSET_MONOTONICITY,,True,False
DEVELOPMENT,DVE033,BASELINE_ORACLE_V2,HARD,False,False,NEGATIVE_RETAINED_BY_SUBSET_MONOTONICITY,,False,False
DEVELOPMENT,DVE033,BASELINE_ORACLE_V2,USABLE,False,False,NEGATIVE_RETAINED_BY_SUBSET_MONOTONICITY,,False,False
DEVELOPMENT,DVE033,COARSE_GRID_0P02,HARD,False,False,NEGATIVE_RETAINED_BY_SUBSET_MONOTONICITY,,True,False
DEVELOPMENT,DVE033,COARSE_GRID_0P02,USABLE,False,False,NEGATIVE_RETAINED_BY_SUBSET_MONOTONICITY,,True,False
DEVELOPMENT,DVE033,NARROW_D_MID_1P25,HARD,False,False,NEGATIVE_RETAINED_BY_SUBSET_MONOTONICITY,,True,False
DEVELOPMENT,DVE033,NARROW_D_MID_1P25,USABLE,False,False,NEGATIVE_RETAINED_BY_SUBSET_MONOTONICITY,,True,False
DEVELOPMENT,DVE033,MINIMUM_TRANSITION_PAIR_ONLY,HARD,False,False,NEGATIVE_RETAINED_BY_SUBSET_MONOTONICITY,,True,False
DEVELOPMENT,DVE033,MINIMUM_TRANSITION_PAIR_ONLY,USABLE,False,False,NEGATIVE_RETAINED_BY_SUBSET_MONOTONICITY,,True,False
DEVELOPMENT,DVE033,NO_FROZEN_FACTOR_ANCHORS,HARD,False,False,NEGATIVE_RETAINED_BY_SUBSET_MONOTONICITY,,True,False
DEVELOPMENT,DVE033,NO_FROZEN_FACTOR_ANCHORS,USABLE,False,False,NEGATIVE_RETAINED_BY_SUBSET_MONOTONICITY,,True,False
DEVELOPMENT,DVE034,BASELINE_ORACLE_V2,HARD,False,False,NEGATIVE_RETAINED_BY_SUBSET_MONOTONICITY,,False,False
DEVELOPMENT,DVE034,BASELINE_ORACLE_V2,USABLE,False,False,NEGATIVE_RETAINED_BY_SUBSET_MONOTONICITY,,False,False
DEVELOPMENT,DVE034,COARSE_GRID_0P02,HARD,False,False,NEGATIVE_RETAINED_BY_SUBSET_MONOTONICITY,,True,False
DEVELOPMENT,DVE034,COARSE_GRID_0P02,USABLE,False,False,NEGATIVE_RETAINED_BY_SUBSET_MONOTONICITY,,True,False
DEVELOPMENT,DVE034,NARROW_D_MID_1P25,HARD,False,False,NEGATIVE_RETAINED_BY_SUBSET_MONOTONICITY,,True,False
DEVELOPMENT,DVE034,NARROW_D_MID_1P25,USABLE,False,False,NEGATIVE_RETAINED_BY_SUBSET_MONOTONICITY,,True,False
DEVELOPMENT,DVE034,MINIMUM_TRANSITION_PAIR_ONLY,HARD,False,False,NEGATIVE_RETAINED_BY_SUBSET_MONOTONICITY,,True,False
DEVELOPMENT,DVE034,MINIMUM_TRANSITION_PAIR_ONLY,USABLE,False,False,NEGATIVE_RETAINED_BY_SUBSET_MONOTONICITY,,True,False
DEVELOPMENT,DVE034,NO_FROZEN_FACTOR_ANCHORS,HARD,False,False,NEGATIVE_RETAINED_BY_SUBSET_MONOTONICITY,,True,False
DEVELOPMENT,DVE034,NO_FROZEN_FACTOR_ANCHORS,USABLE,False,False,NEGATIVE_RETAINED_BY_SUBSET_MONOTONICITY,,True,False
DEVELOPMENT,DVE035,BASELINE_ORACLE_V2,HARD,False,False,NEGATIVE_RETAINED_BY_SUBSET_MONOTONICITY,,False,False
DEVELOPMENT,DVE035,BASELINE_ORACLE_V2,USABLE,False,False,NEGATIVE_RETAINED_BY_SUBSET_MONOTONICITY,,False,False
DEVELOPMENT,DVE035,COARSE_GRID_0P02,HARD,False,False,NEGATIVE_RETAINED_BY_SUBSET_MONOTONICITY,,True,False
DEVELOPMENT,DVE035,COARSE_GRID_0P02,USABLE,False,False,NEGATIVE_RETAINED_BY_SUBSET_MONOTONICITY,,True,False
DEVELOPMENT,DVE035,NARROW_D_MID_1P25,HARD,False,False,NEGATIVE_RETAINED_BY_SUBSET_MONOTONICITY,,True,False
DEVELOPMENT,DVE035,NARROW_D_MID_1P25,USABLE,False,False,NEGATIVE_RETAINED_BY_SUBSET_MONOTONICITY,,True,False
DEVELOPMENT,DVE035,MINIMUM_TRANSITION_PAIR_ONLY,HARD,False,False,NEGATIVE_RETAINED_BY_SUBSET_MONOTONICITY,,True,False
DEVELOPMENT,DVE035,MINIMUM_TRANSITION_PAIR_ONLY,USABLE,False,False,NEGATIVE_RETAINED_BY_SUBSET_MONOTONICITY,,True,False
DEVELOPMENT,DVE035,NO_FROZEN_FACTOR_ANCHORS,HARD,False,False,NEGATIVE_RETAINED_BY_SUBSET_MONOTONICITY,,True,False
DEVELOPMENT,DVE035,NO_FROZEN_FACTOR_ANCHORS,USABLE,False,False,NEGATIVE_RETAINED_BY_SUBSET_MONOTONICITY,,True,False
DEVELOPMENT,DVE036,BASELINE_ORACLE_V2,HARD,False,False,NEGATIVE_RETAINED_BY_SUBSET_MONOTONICITY,,False,False
DEVELOPMENT,DVE036,BASELINE_ORACLE_V2,USABLE,False,False,NEGATIVE_RETAINED_BY_SUBSET_MONOTONICITY,,False,False
DEVELOPMENT,DVE036,COARSE_GRID_0P02,HARD,False,False,NEGATIVE_RETAINED_BY_SUBSET_MONOTONICITY,,True,False
DEVELOPMENT,DVE036,COARSE_GRID_0P02,USABLE,False,False,NEGATIVE_RETAINED_BY_SUBSET_MONOTONICITY,,True,False
DEVELOPMENT,DVE036,NARROW_D_MID_1P25,HARD,False,False,NEGATIVE_RETAINED_BY_SUBSET_MONOTONICITY,,True,False
DEVELOPMENT,DVE036,NARROW_D_MID_1P25,USABLE,False,False,NEGATIVE_RETAINED_BY_SUBSET_MONOTONICITY,,True,False
DEVELOPMENT,DVE036,MINIMUM_TRANSITION_PAIR_ONLY,HARD,False,False,NEGATIVE_RETAINED_BY_SUBSET_MONOTONICITY,,True,False
DEVELOPMENT,DVE036,MINIMUM_TRANSITION_PAIR_ONLY,USABLE,False,False,NEGATIVE_RETAINED_BY_SUBSET_MONOTONICITY,,True,False
DEVELOPMENT,DVE036,NO_FROZEN_FACTOR_ANCHORS,HARD,False,False,NEGATIVE_RETAINED_BY_SUBSET_MONOTONICITY,,True,False
DEVELOPMENT,DVE036,NO_FROZEN_FACTOR_ANCHORS,USABLE,False,False,NEGATIVE_RETAINED_BY_SUBSET_MONOTONICITY,,True,False
DEVELOPMENT,DVE037,BASELINE_ORACLE_V2,HARD,True,True,POSITIVE_RETAINED_BY_EXACT_VALID_WITNESS,ORACLE_V2_BEST|R1_FEASIBILITY_LEXICOGRAPHIC_SELECTED|R2_BALANCED_PHYSICS_SCORE_SELECTED|R3_LEXICOGRAPHIC_COVERAGE_RESERVE_SELECTED,False,False
DEVELOPMENT,DVE037,BASELINE_ORACLE_V2,USABLE,True,True,POSITIVE_RETAINED_BY_EXACT_VALID_WITNESS,ORACLE_V2_BEST|R1_FEASIBILITY_LEXICOGRAPHIC_SELECTED|R2_BALANCED_PHYSICS_SCORE_SELECTED|R3_LEXICOGRAPHIC_COVERAGE_RESERVE_SELECTED,False,False
DEVELOPMENT,DVE037,COARSE_GRID_0P02,HARD,True,False,INCONCLUSIVE_WITNESS_NOT_RETAINED,,True,False
DEVELOPMENT,DVE037,COARSE_GRID_0P02,USABLE,True,False,INCONCLUSIVE_WITNESS_NOT_RETAINED,,True,False
DEVELOPMENT,DVE037,NARROW_D_MID_1P25,HARD,True,True,POSITIVE_RETAINED_BY_EXACT_VALID_WITNESS,ORACLE_V2_BEST,True,False
DEVELOPMENT,DVE037,NARROW_D_MID_1P25,USABLE,True,True,POSITIVE_RETAINED_BY_EXACT_VALID_WITNESS,ORACLE_V2_BEST,True,False
DEVELOPMENT,DVE037,MINIMUM_TRANSITION_PAIR_ONLY,HARD,True,True,POSITIVE_RETAINED_BY_EXACT_VALID_WITNESS,ORACLE_V2_BEST,True,False
DEVELOPMENT,DVE037,MINIMUM_TRANSITION_PAIR_ONLY,USABLE,True,True,POSITIVE_RETAINED_BY_EXACT_VALID_WITNESS,ORACLE_V2_BEST,True,False
DEVELOPMENT,DVE037,NO_FROZEN_FACTOR_ANCHORS,HARD,True,True,POSITIVE_RETAINED_BY_EXACT_VALID_WITNESS,ORACLE_V2_BEST,True,False
DEVELOPMENT,DVE037,NO_FROZEN_FACTOR_ANCHORS,USABLE,True,True,POSITIVE_RETAINED_BY_EXACT_VALID_WITNESS,ORACLE_V2_BEST,True,False
DEVELOPMENT,DVE038,BASELINE_ORACLE_V2,HARD,True,True,POSITIVE_RETAINED_BY_EXACT_VALID_WITNESS,H3_FIXED_BOUNDED_BEST|H4A_GEOMETRY_TRANSITION_BEST|H4B_GEOMETRY_LATERAL_TRANSITION_BEST|ORACLE_V2_BEST|R1_FEASIBILITY_LEXICOGRAPHIC_SELECTED|R2_BALANCED_PHYSICS_SCORE_SELECTED|R3_LEXICOGRAPHIC_COVERAGE_RESERVE_SELECTED,False,False
DEVELOPMENT,DVE038,BASELINE_ORACLE_V2,USABLE,True,True,POSITIVE_RETAINED_BY_EXACT_VALID_WITNESS,H3_FIXED_BOUNDED_BEST|H4A_GEOMETRY_TRANSITION_BEST|H4B_GEOMETRY_LATERAL_TRANSITION_BEST|ORACLE_V2_BEST|R1_FEASIBILITY_LEXICOGRAPHIC_SELECTED|R2_BALANCED_PHYSICS_SCORE_SELECTED|R3_LEXICOGRAPHIC_COVERAGE_RESERVE_SELECTED,False,False
DEVELOPMENT,DVE038,COARSE_GRID_0P02,HARD,True,True,POSITIVE_RETAINED_BY_EXACT_VALID_WITNESS,H3_FIXED_BOUNDED_BEST|H4A_GEOMETRY_TRANSITION_BEST|H4B_GEOMETRY_LATERAL_TRANSITION_BEST|ORACLE_V2_BEST,True,False
DEVELOPMENT,DVE038,COARSE_GRID_0P02,USABLE,True,True,POSITIVE_RETAINED_BY_EXACT_VALID_WITNESS,H3_FIXED_BOUNDED_BEST|H4A_GEOMETRY_TRANSITION_BEST|H4B_GEOMETRY_LATERAL_TRANSITION_BEST|ORACLE_V2_BEST,True,False
DEVELOPMENT,DVE038,NARROW_D_MID_1P25,HARD,True,True,POSITIVE_RETAINED_BY_EXACT_VALID_WITNESS,H3_FIXED_BOUNDED_BEST|H4A_GEOMETRY_TRANSITION_BEST|H4B_GEOMETRY_LATERAL_TRANSITION_BEST|ORACLE_V2_BEST,True,False
DEVELOPMENT,DVE038,NARROW_D_MID_1P25,USABLE,True,True,POSITIVE_RETAINED_BY_EXACT_VALID_WITNESS,H3_FIXED_BOUNDED_BEST|H4A_GEOMETRY_TRANSITION_BEST|H4B_GEOMETRY_LATERAL_TRANSITION_BEST|ORACLE_V2_BEST,True,False
DEVELOPMENT,DVE038,MINIMUM_TRANSITION_PAIR_ONLY,HARD,True,True,POSITIVE_RETAINED_BY_EXACT_VALID_WITNESS,H4A_GEOMETRY_TRANSITION_BEST|H4B_GEOMETRY_LATERAL_TRANSITION_BEST,True,False
DEVELOPMENT,DVE038,MINIMUM_TRANSITION_PAIR_ONLY,USABLE,True,True,POSITIVE_RETAINED_BY_EXACT_VALID_WITNESS,H4A_GEOMETRY_TRANSITION_BEST|H4B_GEOMETRY_LATERAL_TRANSITION_BEST,True,False
DEVELOPMENT,DVE038,NO_FROZEN_FACTOR_ANCHORS,HARD,True,False,INCONCLUSIVE_WITNESS_NOT_RETAINED,,True,False
DEVELOPMENT,DVE038,NO_FROZEN_FACTOR_ANCHORS,USABLE,True,False,INCONCLUSIVE_WITNESS_NOT_RETAINED,,True,False
DEVELOPMENT,DVE039,BASELINE_ORACLE_V2,HARD,True,True,POSITIVE_RETAINED_BY_EXACT_VALID_WITNESS,H4B_GEOMETRY_LATERAL_TRANSITION_BEST|ORACLE_V2_BEST|R3_LEXICOGRAPHIC_COVERAGE_RESERVE_SELECTED,False,False
DEVELOPMENT,DVE039,BASELINE_ORACLE_V2,USABLE,True,True,POSITIVE_RETAINED_BY_EXACT_VALID_WITNESS,H4B_GEOMETRY_LATERAL_TRANSITION_BEST|ORACLE_V2_BEST|R3_LEXICOGRAPHIC_COVERAGE_RESERVE_SELECTED,False,False
DEVELOPMENT,DVE039,COARSE_GRID_0P02,HARD,True,True,POSITIVE_RETAINED_BY_EXACT_VALID_WITNESS,H4B_GEOMETRY_LATERAL_TRANSITION_BEST,True,False
DEVELOPMENT,DVE039,COARSE_GRID_0P02,USABLE,True,True,POSITIVE_RETAINED_BY_EXACT_VALID_WITNESS,H4B_GEOMETRY_LATERAL_TRANSITION_BEST,True,False
DEVELOPMENT,DVE039,NARROW_D_MID_1P25,HARD,True,True,POSITIVE_RETAINED_BY_EXACT_VALID_WITNESS,H4B_GEOMETRY_LATERAL_TRANSITION_BEST|ORACLE_V2_BEST,True,False
DEVELOPMENT,DVE039,NARROW_D_MID_1P25,USABLE,True,True,POSITIVE_RETAINED_BY_EXACT_VALID_WITNESS,H4B_GEOMETRY_LATERAL_TRANSITION_BEST|ORACLE_V2_BEST,True,False
DEVELOPMENT,DVE039,MINIMUM_TRANSITION_PAIR_ONLY,HARD,True,False,INCONCLUSIVE_WITNESS_NOT_RETAINED,,True,False
DEVELOPMENT,DVE039,MINIMUM_TRANSITION_PAIR_ONLY,USABLE,True,False,INCONCLUSIVE_WITNESS_NOT_RETAINED,,True,False
DEVELOPMENT,DVE039,NO_FROZEN_FACTOR_ANCHORS,HARD,True,True,POSITIVE_RETAINED_BY_EXACT_VALID_WITNESS,ORACLE_V2_BEST,True,False
DEVELOPMENT,DVE039,NO_FROZEN_FACTOR_ANCHORS,USABLE,True,True,POSITIVE_RETAINED_BY_EXACT_VALID_WITNESS,ORACLE_V2_BEST,True,False
DEVELOPMENT,DVE040,BASELINE_ORACLE_V2,HARD,False,False,NEGATIVE_RETAINED_BY_SUBSET_MONOTONICITY,,False,False
DEVELOPMENT,DVE040,BASELINE_ORACLE_V2,USABLE,False,False,NEGATIVE_RETAINED_BY_SUBSET_MONOTONICITY,,False,False
DEVELOPMENT,DVE040,COARSE_GRID_0P02,HARD,False,False,NEGATIVE_RETAINED_BY_SUBSET_MONOTONICITY,,True,False
DEVELOPMENT,DVE040,COARSE_GRID_0P02,USABLE,False,False,NEGATIVE_RETAINED_BY_SUBSET_MONOTONICITY,,True,False
DEVELOPMENT,DVE040,NARROW_D_MID_1P25,HARD,False,False,NEGATIVE_RETAINED_BY_SUBSET_MONOTONICITY,,True,False
DEVELOPMENT,DVE040,NARROW_D_MID_1P25,USABLE,False,False,NEGATIVE_RETAINED_BY_SUBSET_MONOTONICITY,,True,False
DEVELOPMENT,DVE040,MINIMUM_TRANSITION_PAIR_ONLY,HARD,False,False,NEGATIVE_RETAINED_BY_SUBSET_MONOTONICITY,,True,False
DEVELOPMENT,DVE040,MINIMUM_TRANSITION_PAIR_ONLY,USABLE,False,False,NEGATIVE_RETAINED_BY_SUBSET_MONOTONICITY,,True,False
DEVELOPMENT,DVE040,NO_FROZEN_FACTOR_ANCHORS,HARD,False,False,NEGATIVE_RETAINED_BY_SUBSET_MONOTONICITY,,True,False
DEVELOPMENT,DVE040,NO_FROZEN_FACTOR_ANCHORS,USABLE,False,False,NEGATIVE_RETAINED_BY_SUBSET_MONOTONICITY,,True,False
VALIDATION_SEEN_AFTER_V1,VUE001,BASELINE_ORACLE_V2,HARD,False,False,NEGATIVE_RETAINED_BY_SUBSET_MONOTONICITY,,False,False
VALIDATION_SEEN_AFTER_V1,VUE001,BASELINE_ORACLE_V2,USABLE,False,False,NEGATIVE_RETAINED_BY_SUBSET_MONOTONICITY,,False,False
VALIDATION_SEEN_AFTER_V1,VUE001,COARSE_GRID_0P02,HARD,False,False,NEGATIVE_RETAINED_BY_SUBSET_MONOTONICITY,,True,False
VALIDATION_SEEN_AFTER_V1,VUE001,COARSE_GRID_0P02,USABLE,False,False,NEGATIVE_RETAINED_BY_SUBSET_MONOTONICITY,,True,False
VALIDATION_SEEN_AFTER_V1,VUE001,NARROW_D_MID_1P25,HARD,False,False,NEGATIVE_RETAINED_BY_SUBSET_MONOTONICITY,,True,False
VALIDATION_SEEN_AFTER_V1,VUE001,NARROW_D_MID_1P25,USABLE,False,False,NEGATIVE_RETAINED_BY_SUBSET_MONOTONICITY,,True,False
VALIDATION_SEEN_AFTER_V1,VUE001,MINIMUM_TRANSITION_PAIR_ONLY,HARD,False,False,NEGATIVE_RETAINED_BY_SUBSET_MONOTONICITY,,True,False
VALIDATION_SEEN_AFTER_V1,VUE001,MINIMUM_TRANSITION_PAIR_ONLY,USABLE,False,False,NEGATIVE_RETAINED_BY_SUBSET_MONOTONICITY,,True,False
VALIDATION_SEEN_AFTER_V1,VUE001,NO_FROZEN_FACTOR_ANCHORS,HARD,False,False,NEGATIVE_RETAINED_BY_SUBSET_MONOTONICITY,,True,False
VALIDATION_SEEN_AFTER_V1,VUE001,NO_FROZEN_FACTOR_ANCHORS,USABLE,False,False,NEGATIVE_RETAINED_BY_SUBSET_MONOTONICITY,,True,False
VALIDATION_SEEN_AFTER_V1,VUE002,BASELINE_ORACLE_V2,HARD,False,False,NEGATIVE_RETAINED_BY_SUBSET_MONOTONICITY,,False,False
VALIDATION_SEEN_AFTER_V1,VUE002,BASELINE_ORACLE_V2,USABLE,False,False,NEGATIVE_RETAINED_BY_SUBSET_MONOTONICITY,,False,False
VALIDATION_SEEN_AFTER_V1,VUE002,COARSE_GRID_0P02,HARD,False,False,NEGATIVE_RETAINED_BY_SUBSET_MONOTONICITY,,True,False
VALIDATION_SEEN_AFTER_V1,VUE002,COARSE_GRID_0P02,USABLE,False,False,NEGATIVE_RETAINED_BY_SUBSET_MONOTONICITY,,True,False
VALIDATION_SEEN_AFTER_V1,VUE002,NARROW_D_MID_1P25,HARD,False,False,NEGATIVE_RETAINED_BY_SUBSET_MONOTONICITY,,True,False
VALIDATION_SEEN_AFTER_V1,VUE002,NARROW_D_MID_1P25,USABLE,False,False,NEGATIVE_RETAINED_BY_SUBSET_MONOTONICITY,,True,False
VALIDATION_SEEN_AFTER_V1,VUE002,MINIMUM_TRANSITION_PAIR_ONLY,HARD,False,False,NEGATIVE_RETAINED_BY_SUBSET_MONOTONICITY,,True,False
VALIDATION_SEEN_AFTER_V1,VUE002,MINIMUM_TRANSITION_PAIR_ONLY,USABLE,False,False,NEGATIVE_RETAINED_BY_SUBSET_MONOTONICITY,,True,False
VALIDATION_SEEN_AFTER_V1,VUE002,NO_FROZEN_FACTOR_ANCHORS,HARD,False,False,NEGATIVE_RETAINED_BY_SUBSET_MONOTONICITY,,True,False
VALIDATION_SEEN_AFTER_V1,VUE002,NO_FROZEN_FACTOR_ANCHORS,USABLE,False,False,NEGATIVE_RETAINED_BY_SUBSET_MONOTONICITY,,True,False
VALIDATION_SEEN_AFTER_V1,VUE003,BASELINE_ORACLE_V2,HARD,False,False,NEGATIVE_RETAINED_BY_SUBSET_MONOTONICITY,,False,False
VALIDATION_SEEN_AFTER_V1,VUE003,BASELINE_ORACLE_V2,USABLE,False,False,NEGATIVE_RETAINED_BY_SUBSET_MONOTONICITY,,False,False
VALIDATION_SEEN_AFTER_V1,VUE003,COARSE_GRID_0P02,HARD,False,False,NEGATIVE_RETAINED_BY_SUBSET_MONOTONICITY,,True,False
VALIDATION_SEEN_AFTER_V1,VUE003,COARSE_GRID_0P02,USABLE,False,False,NEGATIVE_RETAINED_BY_SUBSET_MONOTONICITY,,True,False
VALIDATION_SEEN_AFTER_V1,VUE003,NARROW_D_MID_1P25,HARD,False,False,NEGATIVE_RETAINED_BY_SUBSET_MONOTONICITY,,True,False
VALIDATION_SEEN_AFTER_V1,VUE003,NARROW_D_MID_1P25,USABLE,False,False,NEGATIVE_RETAINED_BY_SUBSET_MONOTONICITY,,True,False
VALIDATION_SEEN_AFTER_V1,VUE003,MINIMUM_TRANSITION_PAIR_ONLY,HARD,False,False,NEGATIVE_RETAINED_BY_SUBSET_MONOTONICITY,,True,False
VALIDATION_SEEN_AFTER_V1,VUE003,MINIMUM_TRANSITION_PAIR_ONLY,USABLE,False,False,NEGATIVE_RETAINED_BY_SUBSET_MONOTONICITY,,True,False
VALIDATION_SEEN_AFTER_V1,VUE003,NO_FROZEN_FACTOR_ANCHORS,HARD,False,False,NEGATIVE_RETAINED_BY_SUBSET_MONOTONICITY,,True,False
VALIDATION_SEEN_AFTER_V1,VUE003,NO_FROZEN_FACTOR_ANCHORS,USABLE,False,False,NEGATIVE_RETAINED_BY_SUBSET_MONOTONICITY,,True,False
VALIDATION_SEEN_AFTER_V1,VUE004,BASELINE_ORACLE_V2,HARD,True,True,POSITIVE_RETAINED_BY_EXACT_VALID_WITNESS,ORACLE_V2_BEST|R1_FEASIBILITY_LEXICOGRAPHIC_SELECTED|R2_BALANCED_PHYSICS_SCORE_SELECTED|R3_LEXICOGRAPHIC_COVERAGE_RESERVE_SELECTED,False,False
VALIDATION_SEEN_AFTER_V1,VUE004,BASELINE_ORACLE_V2,USABLE,True,True,POSITIVE_RETAINED_BY_EXACT_VALID_WITNESS,ORACLE_V2_BEST|R1_FEASIBILITY_LEXICOGRAPHIC_SELECTED|R2_BALANCED_PHYSICS_SCORE_SELECTED|R3_LEXICOGRAPHIC_COVERAGE_RESERVE_SELECTED,False,False
VALIDATION_SEEN_AFTER_V1,VUE004,COARSE_GRID_0P02,HARD,True,True,POSITIVE_RETAINED_BY_EXACT_VALID_WITNESS,ORACLE_V2_BEST,True,False
VALIDATION_SEEN_AFTER_V1,VUE004,COARSE_GRID_0P02,USABLE,True,True,POSITIVE_RETAINED_BY_EXACT_VALID_WITNESS,ORACLE_V2_BEST,True,False
VALIDATION_SEEN_AFTER_V1,VUE004,NARROW_D_MID_1P25,HARD,True,True,POSITIVE_RETAINED_BY_EXACT_VALID_WITNESS,ORACLE_V2_BEST,True,False
VALIDATION_SEEN_AFTER_V1,VUE004,NARROW_D_MID_1P25,USABLE,True,True,POSITIVE_RETAINED_BY_EXACT_VALID_WITNESS,ORACLE_V2_BEST,True,False
VALIDATION_SEEN_AFTER_V1,VUE004,MINIMUM_TRANSITION_PAIR_ONLY,HARD,True,True,POSITIVE_RETAINED_BY_EXACT_VALID_WITNESS,ORACLE_V2_BEST,True,False
VALIDATION_SEEN_AFTER_V1,VUE004,MINIMUM_TRANSITION_PAIR_ONLY,USABLE,True,True,POSITIVE_RETAINED_BY_EXACT_VALID_WITNESS,ORACLE_V2_BEST,True,False
VALIDATION_SEEN_AFTER_V1,VUE004,NO_FROZEN_FACTOR_ANCHORS,HARD,True,True,POSITIVE_RETAINED_BY_EXACT_VALID_WITNESS,ORACLE_V2_BEST,True,False
VALIDATION_SEEN_AFTER_V1,VUE004,NO_FROZEN_FACTOR_ANCHORS,USABLE,True,True,POSITIVE_RETAINED_BY_EXACT_VALID_WITNESS,ORACLE_V2_BEST,True,False
VALIDATION_SEEN_AFTER_V1,VUE005,BASELINE_ORACLE_V2,HARD,True,True,POSITIVE_RETAINED_BY_EXACT_VALID_WITNESS,H3_FIXED_BOUNDED_BEST|H4A_GEOMETRY_TRANSITION_BEST|H4B_GEOMETRY_LATERAL_TRANSITION_BEST|ORACLE_V2_BEST|R1_FEASIBILITY_LEXICOGRAPHIC_SELECTED|R2_BALANCED_PHYSICS_SCORE_SELECTED|R3_LEXICOGRAPHIC_COVERAGE_RESERVE_SELECTED,False,False
VALIDATION_SEEN_AFTER_V1,VUE005,BASELINE_ORACLE_V2,USABLE,True,True,POSITIVE_RETAINED_BY_EXACT_VALID_WITNESS,H3_FIXED_BOUNDED_BEST|H4A_GEOMETRY_TRANSITION_BEST|H4B_GEOMETRY_LATERAL_TRANSITION_BEST|ORACLE_V2_BEST|R1_FEASIBILITY_LEXICOGRAPHIC_SELECTED|R2_BALANCED_PHYSICS_SCORE_SELECTED|R3_LEXICOGRAPHIC_COVERAGE_RESERVE_SELECTED,False,False
VALIDATION_SEEN_AFTER_V1,VUE005,COARSE_GRID_0P02,HARD,True,True,POSITIVE_RETAINED_BY_EXACT_VALID_WITNESS,H3_FIXED_BOUNDED_BEST|H4A_GEOMETRY_TRANSITION_BEST|H4B_GEOMETRY_LATERAL_TRANSITION_BEST|ORACLE_V2_BEST|R1_FEASIBILITY_LEXICOGRAPHIC_SELECTED|R2_BALANCED_PHYSICS_SCORE_SELECTED|R3_LEXICOGRAPHIC_COVERAGE_RESERVE_SELECTED,True,False
VALIDATION_SEEN_AFTER_V1,VUE005,COARSE_GRID_0P02,USABLE,True,True,POSITIVE_RETAINED_BY_EXACT_VALID_WITNESS,H3_FIXED_BOUNDED_BEST|H4A_GEOMETRY_TRANSITION_BEST|H4B_GEOMETRY_LATERAL_TRANSITION_BEST|ORACLE_V2_BEST|R1_FEASIBILITY_LEXICOGRAPHIC_SELECTED|R2_BALANCED_PHYSICS_SCORE_SELECTED|R3_LEXICOGRAPHIC_COVERAGE_RESERVE_SELECTED,True,False
VALIDATION_SEEN_AFTER_V1,VUE005,NARROW_D_MID_1P25,HARD,True,True,POSITIVE_RETAINED_BY_EXACT_VALID_WITNESS,H3_FIXED_BOUNDED_BEST|H4A_GEOMETRY_TRANSITION_BEST|H4B_GEOMETRY_LATERAL_TRANSITION_BEST|ORACLE_V2_BEST|R1_FEASIBILITY_LEXICOGRAPHIC_SELECTED|R2_BALANCED_PHYSICS_SCORE_SELECTED|R3_LEXICOGRAPHIC_COVERAGE_RESERVE_SELECTED,True,False
VALIDATION_SEEN_AFTER_V1,VUE005,NARROW_D_MID_1P25,USABLE,True,True,POSITIVE_RETAINED_BY_EXACT_VALID_WITNESS,H3_FIXED_BOUNDED_BEST|H4A_GEOMETRY_TRANSITION_BEST|H4B_GEOMETRY_LATERAL_TRANSITION_BEST|ORACLE_V2_BEST|R1_FEASIBILITY_LEXICOGRAPHIC_SELECTED|R2_BALANCED_PHYSICS_SCORE_SELECTED|R3_LEXICOGRAPHIC_COVERAGE_RESERVE_SELECTED,True,False
VALIDATION_SEEN_AFTER_V1,VUE005,MINIMUM_TRANSITION_PAIR_ONLY,HARD,True,False,INCONCLUSIVE_WITNESS_NOT_RETAINED,,True,False
VALIDATION_SEEN_AFTER_V1,VUE005,MINIMUM_TRANSITION_PAIR_ONLY,USABLE,True,False,INCONCLUSIVE_WITNESS_NOT_RETAINED,,True,False
VALIDATION_SEEN_AFTER_V1,VUE005,NO_FROZEN_FACTOR_ANCHORS,HARD,True,True,POSITIVE_RETAINED_BY_EXACT_VALID_WITNESS,H3_FIXED_BOUNDED_BEST|R1_FEASIBILITY_LEXICOGRAPHIC_SELECTED|R2_BALANCED_PHYSICS_SCORE_SELECTED|R3_LEXICOGRAPHIC_COVERAGE_RESERVE_SELECTED,True,False
VALIDATION_SEEN_AFTER_V1,VUE005,NO_FROZEN_FACTOR_ANCHORS,USABLE,True,True,POSITIVE_RETAINED_BY_EXACT_VALID_WITNESS,H3_FIXED_BOUNDED_BEST|R1_FEASIBILITY_LEXICOGRAPHIC_SELECTED|R2_BALANCED_PHYSICS_SCORE_SELECTED|R3_LEXICOGRAPHIC_COVERAGE_RESERVE_SELECTED,True,False
VALIDATION_SEEN_AFTER_V1,VUE006,BASELINE_ORACLE_V2,HARD,True,True,POSITIVE_RETAINED_BY_EXACT_VALID_WITNESS,H3_FIXED_BOUNDED_BEST|H4A_GEOMETRY_TRANSITION_BEST|H4B_GEOMETRY_LATERAL_TRANSITION_BEST|ORACLE_V2_BEST|R1_FEASIBILITY_LEXICOGRAPHIC_SELECTED|R2_BALANCED_PHYSICS_SCORE_SELECTED|R3_LEXICOGRAPHIC_COVERAGE_RESERVE_SELECTED,False,False
VALIDATION_SEEN_AFTER_V1,VUE006,BASELINE_ORACLE_V2,USABLE,True,True,POSITIVE_RETAINED_BY_EXACT_VALID_WITNESS,H3_FIXED_BOUNDED_BEST|H4A_GEOMETRY_TRANSITION_BEST|H4B_GEOMETRY_LATERAL_TRANSITION_BEST|ORACLE_V2_BEST|R1_FEASIBILITY_LEXICOGRAPHIC_SELECTED|R2_BALANCED_PHYSICS_SCORE_SELECTED|R3_LEXICOGRAPHIC_COVERAGE_RESERVE_SELECTED,False,False
VALIDATION_SEEN_AFTER_V1,VUE006,COARSE_GRID_0P02,HARD,True,True,POSITIVE_RETAINED_BY_EXACT_VALID_WITNESS,H3_FIXED_BOUNDED_BEST|H4A_GEOMETRY_TRANSITION_BEST|H4B_GEOMETRY_LATERAL_TRANSITION_BEST|ORACLE_V2_BEST|R1_FEASIBILITY_LEXICOGRAPHIC_SELECTED|R2_BALANCED_PHYSICS_SCORE_SELECTED|R3_LEXICOGRAPHIC_COVERAGE_RESERVE_SELECTED,True,False
VALIDATION_SEEN_AFTER_V1,VUE006,COARSE_GRID_0P02,USABLE,True,True,POSITIVE_RETAINED_BY_EXACT_VALID_WITNESS,H3_FIXED_BOUNDED_BEST|H4A_GEOMETRY_TRANSITION_BEST|H4B_GEOMETRY_LATERAL_TRANSITION_BEST|ORACLE_V2_BEST|R1_FEASIBILITY_LEXICOGRAPHIC_SELECTED|R2_BALANCED_PHYSICS_SCORE_SELECTED|R3_LEXICOGRAPHIC_COVERAGE_RESERVE_SELECTED,True,False
VALIDATION_SEEN_AFTER_V1,VUE006,NARROW_D_MID_1P25,HARD,True,True,POSITIVE_RETAINED_BY_EXACT_VALID_WITNESS,H3_FIXED_BOUNDED_BEST|H4A_GEOMETRY_TRANSITION_BEST|H4B_GEOMETRY_LATERAL_TRANSITION_BEST|ORACLE_V2_BEST|R1_FEASIBILITY_LEXICOGRAPHIC_SELECTED|R2_BALANCED_PHYSICS_SCORE_SELECTED|R3_LEXICOGRAPHIC_COVERAGE_RESERVE_SELECTED,True,False
VALIDATION_SEEN_AFTER_V1,VUE006,NARROW_D_MID_1P25,USABLE,True,True,POSITIVE_RETAINED_BY_EXACT_VALID_WITNESS,H3_FIXED_BOUNDED_BEST|H4A_GEOMETRY_TRANSITION_BEST|H4B_GEOMETRY_LATERAL_TRANSITION_BEST|ORACLE_V2_BEST|R1_FEASIBILITY_LEXICOGRAPHIC_SELECTED|R2_BALANCED_PHYSICS_SCORE_SELECTED|R3_LEXICOGRAPHIC_COVERAGE_RESERVE_SELECTED,True,False
VALIDATION_SEEN_AFTER_V1,VUE006,MINIMUM_TRANSITION_PAIR_ONLY,HARD,True,False,INCONCLUSIVE_WITNESS_NOT_RETAINED,,True,False
VALIDATION_SEEN_AFTER_V1,VUE006,MINIMUM_TRANSITION_PAIR_ONLY,USABLE,True,False,INCONCLUSIVE_WITNESS_NOT_RETAINED,,True,False
VALIDATION_SEEN_AFTER_V1,VUE006,NO_FROZEN_FACTOR_ANCHORS,HARD,True,True,POSITIVE_RETAINED_BY_EXACT_VALID_WITNESS,H3_FIXED_BOUNDED_BEST|H4B_GEOMETRY_LATERAL_TRANSITION_BEST|ORACLE_V2_BEST|R1_FEASIBILITY_LEXICOGRAPHIC_SELECTED|R2_BALANCED_PHYSICS_SCORE_SELECTED|R3_LEXICOGRAPHIC_COVERAGE_RESERVE_SELECTED,True,False
VALIDATION_SEEN_AFTER_V1,VUE006,NO_FROZEN_FACTOR_ANCHORS,USABLE,True,True,POSITIVE_RETAINED_BY_EXACT_VALID_WITNESS,H3_FIXED_BOUNDED_BEST|H4B_GEOMETRY_LATERAL_TRANSITION_BEST|ORACLE_V2_BEST|R1_FEASIBILITY_LEXICOGRAPHIC_SELECTED|R2_BALANCED_PHYSICS_SCORE_SELECTED|R3_LEXICOGRAPHIC_COVERAGE_RESERVE_SELECTED,True,False
VALIDATION_SEEN_AFTER_V1,VUE007,BASELINE_ORACLE_V2,HARD,True,True,POSITIVE_RETAINED_BY_EXACT_VALID_WITNESS,H3_FIXED_BOUNDED_BEST|H4A_GEOMETRY_TRANSITION_BEST|H4B_GEOMETRY_LATERAL_TRANSITION_BEST|ORACLE_V2_BEST|R1_FEASIBILITY_LEXICOGRAPHIC_SELECTED|R2_BALANCED_PHYSICS_SCORE_SELECTED|R3_LEXICOGRAPHIC_COVERAGE_RESERVE_SELECTED,False,False
VALIDATION_SEEN_AFTER_V1,VUE007,BASELINE_ORACLE_V2,USABLE,True,True,POSITIVE_RETAINED_BY_EXACT_VALID_WITNESS,H3_FIXED_BOUNDED_BEST|H4A_GEOMETRY_TRANSITION_BEST|H4B_GEOMETRY_LATERAL_TRANSITION_BEST|ORACLE_V2_BEST|R1_FEASIBILITY_LEXICOGRAPHIC_SELECTED|R2_BALANCED_PHYSICS_SCORE_SELECTED|R3_LEXICOGRAPHIC_COVERAGE_RESERVE_SELECTED,False,False
VALIDATION_SEEN_AFTER_V1,VUE007,COARSE_GRID_0P02,HARD,True,True,POSITIVE_RETAINED_BY_EXACT_VALID_WITNESS,H3_FIXED_BOUNDED_BEST|H4A_GEOMETRY_TRANSITION_BEST|H4B_GEOMETRY_LATERAL_TRANSITION_BEST|R1_FEASIBILITY_LEXICOGRAPHIC_SELECTED|R2_BALANCED_PHYSICS_SCORE_SELECTED|R3_LEXICOGRAPHIC_COVERAGE_RESERVE_SELECTED,True,False
VALIDATION_SEEN_AFTER_V1,VUE007,COARSE_GRID_0P02,USABLE,True,True,POSITIVE_RETAINED_BY_EXACT_VALID_WITNESS,H3_FIXED_BOUNDED_BEST|H4A_GEOMETRY_TRANSITION_BEST|H4B_GEOMETRY_LATERAL_TRANSITION_BEST|R1_FEASIBILITY_LEXICOGRAPHIC_SELECTED|R2_BALANCED_PHYSICS_SCORE_SELECTED|R3_LEXICOGRAPHIC_COVERAGE_RESERVE_SELECTED,True,False
VALIDATION_SEEN_AFTER_V1,VUE007,NARROW_D_MID_1P25,HARD,True,True,POSITIVE_RETAINED_BY_EXACT_VALID_WITNESS,H3_FIXED_BOUNDED_BEST|H4A_GEOMETRY_TRANSITION_BEST|H4B_GEOMETRY_LATERAL_TRANSITION_BEST|ORACLE_V2_BEST|R1_FEASIBILITY_LEXICOGRAPHIC_SELECTED|R2_BALANCED_PHYSICS_SCORE_SELECTED|R3_LEXICOGRAPHIC_COVERAGE_RESERVE_SELECTED,True,False
VALIDATION_SEEN_AFTER_V1,VUE007,NARROW_D_MID_1P25,USABLE,True,True,POSITIVE_RETAINED_BY_EXACT_VALID_WITNESS,H3_FIXED_BOUNDED_BEST|H4A_GEOMETRY_TRANSITION_BEST|H4B_GEOMETRY_LATERAL_TRANSITION_BEST|ORACLE_V2_BEST|R1_FEASIBILITY_LEXICOGRAPHIC_SELECTED|R2_BALANCED_PHYSICS_SCORE_SELECTED|R3_LEXICOGRAPHIC_COVERAGE_RESERVE_SELECTED,True,False
VALIDATION_SEEN_AFTER_V1,VUE007,MINIMUM_TRANSITION_PAIR_ONLY,HARD,True,False,INCONCLUSIVE_WITNESS_NOT_RETAINED,,True,False
VALIDATION_SEEN_AFTER_V1,VUE007,MINIMUM_TRANSITION_PAIR_ONLY,USABLE,True,False,INCONCLUSIVE_WITNESS_NOT_RETAINED,,True,False
VALIDATION_SEEN_AFTER_V1,VUE007,NO_FROZEN_FACTOR_ANCHORS,HARD,True,True,POSITIVE_RETAINED_BY_EXACT_VALID_WITNESS,H3_FIXED_BOUNDED_BEST|H4B_GEOMETRY_LATERAL_TRANSITION_BEST|ORACLE_V2_BEST|R1_FEASIBILITY_LEXICOGRAPHIC_SELECTED|R2_BALANCED_PHYSICS_SCORE_SELECTED|R3_LEXICOGRAPHIC_COVERAGE_RESERVE_SELECTED,True,False
VALIDATION_SEEN_AFTER_V1,VUE007,NO_FROZEN_FACTOR_ANCHORS,USABLE,True,True,POSITIVE_RETAINED_BY_EXACT_VALID_WITNESS,H3_FIXED_BOUNDED_BEST|H4B_GEOMETRY_LATERAL_TRANSITION_BEST|ORACLE_V2_BEST|R1_FEASIBILITY_LEXICOGRAPHIC_SELECTED|R2_BALANCED_PHYSICS_SCORE_SELECTED|R3_LEXICOGRAPHIC_COVERAGE_RESERVE_SELECTED,True,False
VALIDATION_SEEN_AFTER_V1,VUE008,BASELINE_ORACLE_V2,HARD,True,True,POSITIVE_RETAINED_BY_EXACT_VALID_WITNESS,ORACLE_V2_BEST|R1_FEASIBILITY_LEXICOGRAPHIC_SELECTED|R2_BALANCED_PHYSICS_SCORE_SELECTED|R3_LEXICOGRAPHIC_COVERAGE_RESERVE_SELECTED,False,False
VALIDATION_SEEN_AFTER_V1,VUE008,BASELINE_ORACLE_V2,USABLE,True,True,POSITIVE_RETAINED_BY_EXACT_VALID_WITNESS,ORACLE_V2_BEST|R1_FEASIBILITY_LEXICOGRAPHIC_SELECTED|R2_BALANCED_PHYSICS_SCORE_SELECTED|R3_LEXICOGRAPHIC_COVERAGE_RESERVE_SELECTED,False,False
VALIDATION_SEEN_AFTER_V1,VUE008,COARSE_GRID_0P02,HARD,True,True,POSITIVE_RETAINED_BY_EXACT_VALID_WITNESS,ORACLE_V2_BEST,True,False
VALIDATION_SEEN_AFTER_V1,VUE008,COARSE_GRID_0P02,USABLE,True,True,POSITIVE_RETAINED_BY_EXACT_VALID_WITNESS,ORACLE_V2_BEST,True,False
VALIDATION_SEEN_AFTER_V1,VUE008,NARROW_D_MID_1P25,HARD,True,True,POSITIVE_RETAINED_BY_EXACT_VALID_WITNESS,ORACLE_V2_BEST,True,False
VALIDATION_SEEN_AFTER_V1,VUE008,NARROW_D_MID_1P25,USABLE,True,True,POSITIVE_RETAINED_BY_EXACT_VALID_WITNESS,ORACLE_V2_BEST,True,False
VALIDATION_SEEN_AFTER_V1,VUE008,MINIMUM_TRANSITION_PAIR_ONLY,HARD,True,False,INCONCLUSIVE_WITNESS_NOT_RETAINED,,True,False
VALIDATION_SEEN_AFTER_V1,VUE008,MINIMUM_TRANSITION_PAIR_ONLY,USABLE,True,False,INCONCLUSIVE_WITNESS_NOT_RETAINED,,True,False
VALIDATION_SEEN_AFTER_V1,VUE008,NO_FROZEN_FACTOR_ANCHORS,HARD,True,True,POSITIVE_RETAINED_BY_EXACT_VALID_WITNESS,ORACLE_V2_BEST,True,False
VALIDATION_SEEN_AFTER_V1,VUE008,NO_FROZEN_FACTOR_ANCHORS,USABLE,True,True,POSITIVE_RETAINED_BY_EXACT_VALID_WITNESS,ORACLE_V2_BEST,True,False
VALIDATION_SEEN_AFTER_V1,VUE009,BASELINE_ORACLE_V2,HARD,True,True,POSITIVE_RETAINED_BY_EXACT_VALID_WITNESS,H3_FIXED_BOUNDED_BEST|H4A_GEOMETRY_TRANSITION_BEST|H4B_GEOMETRY_LATERAL_TRANSITION_BEST|ORACLE_V2_BEST,False,False
VALIDATION_SEEN_AFTER_V1,VUE009,BASELINE_ORACLE_V2,USABLE,False,False,NEGATIVE_RETAINED_BY_SUBSET_MONOTONICITY,,False,False
VALIDATION_SEEN_AFTER_V1,VUE009,COARSE_GRID_0P02,HARD,True,True,POSITIVE_RETAINED_BY_EXACT_VALID_WITNESS,H3_FIXED_BOUNDED_BEST|H4A_GEOMETRY_TRANSITION_BEST|H4B_GEOMETRY_LATERAL_TRANSITION_BEST,True,False
VALIDATION_SEEN_AFTER_V1,VUE009,COARSE_GRID_0P02,USABLE,False,False,NEGATIVE_RETAINED_BY_SUBSET_MONOTONICITY,,True,False
VALIDATION_SEEN_AFTER_V1,VUE009,NARROW_D_MID_1P25,HARD,True,True,POSITIVE_RETAINED_BY_EXACT_VALID_WITNESS,H3_FIXED_BOUNDED_BEST|H4A_GEOMETRY_TRANSITION_BEST|H4B_GEOMETRY_LATERAL_TRANSITION_BEST|ORACLE_V2_BEST,True,False
VALIDATION_SEEN_AFTER_V1,VUE009,NARROW_D_MID_1P25,USABLE,False,False,NEGATIVE_RETAINED_BY_SUBSET_MONOTONICITY,,True,False
VALIDATION_SEEN_AFTER_V1,VUE009,MINIMUM_TRANSITION_PAIR_ONLY,HARD,True,True,POSITIVE_RETAINED_BY_EXACT_VALID_WITNESS,H3_FIXED_BOUNDED_BEST|ORACLE_V2_BEST,True,False
VALIDATION_SEEN_AFTER_V1,VUE009,MINIMUM_TRANSITION_PAIR_ONLY,USABLE,False,False,NEGATIVE_RETAINED_BY_SUBSET_MONOTONICITY,,True,False
VALIDATION_SEEN_AFTER_V1,VUE009,NO_FROZEN_FACTOR_ANCHORS,HARD,True,True,POSITIVE_RETAINED_BY_EXACT_VALID_WITNESS,ORACLE_V2_BEST,True,False
VALIDATION_SEEN_AFTER_V1,VUE009,NO_FROZEN_FACTOR_ANCHORS,USABLE,False,False,NEGATIVE_RETAINED_BY_SUBSET_MONOTONICITY,,True,False
VALIDATION_SEEN_AFTER_V1,VUE010,BASELINE_ORACLE_V2,HARD,True,True,POSITIVE_RETAINED_BY_EXACT_VALID_WITNESS,ORACLE_V2_BEST,False,False
VALIDATION_SEEN_AFTER_V1,VUE010,BASELINE_ORACLE_V2,USABLE,False,False,NEGATIVE_RETAINED_BY_SUBSET_MONOTONICITY,,False,False
VALIDATION_SEEN_AFTER_V1,VUE010,COARSE_GRID_0P02,HARD,True,True,POSITIVE_RETAINED_BY_EXACT_VALID_WITNESS,ORACLE_V2_BEST,True,False
VALIDATION_SEEN_AFTER_V1,VUE010,COARSE_GRID_0P02,USABLE,False,False,NEGATIVE_RETAINED_BY_SUBSET_MONOTONICITY,,True,False
VALIDATION_SEEN_AFTER_V1,VUE010,NARROW_D_MID_1P25,HARD,True,True,POSITIVE_RETAINED_BY_EXACT_VALID_WITNESS,ORACLE_V2_BEST,True,False
VALIDATION_SEEN_AFTER_V1,VUE010,NARROW_D_MID_1P25,USABLE,False,False,NEGATIVE_RETAINED_BY_SUBSET_MONOTONICITY,,True,False
VALIDATION_SEEN_AFTER_V1,VUE010,MINIMUM_TRANSITION_PAIR_ONLY,HARD,True,True,POSITIVE_RETAINED_BY_EXACT_VALID_WITNESS,ORACLE_V2_BEST,True,False
VALIDATION_SEEN_AFTER_V1,VUE010,MINIMUM_TRANSITION_PAIR_ONLY,USABLE,False,False,NEGATIVE_RETAINED_BY_SUBSET_MONOTONICITY,,True,False
VALIDATION_SEEN_AFTER_V1,VUE010,NO_FROZEN_FACTOR_ANCHORS,HARD,True,True,POSITIVE_RETAINED_BY_EXACT_VALID_WITNESS,ORACLE_V2_BEST,True,False
VALIDATION_SEEN_AFTER_V1,VUE010,NO_FROZEN_FACTOR_ANCHORS,USABLE,False,False,NEGATIVE_RETAINED_BY_SUBSET_MONOTONICITY,,True,False
VALIDATION_SEEN_AFTER_V1,VUE011,BASELINE_ORACLE_V2,HARD,True,True,POSITIVE_RETAINED_BY_EXACT_VALID_WITNESS,H3_FIXED_BOUNDED_BEST|H4A_GEOMETRY_TRANSITION_BEST|H4B_GEOMETRY_LATERAL_TRANSITION_BEST|ORACLE_V2_BEST|R2_BALANCED_PHYSICS_SCORE_SELECTED|R3_LEXICOGRAPHIC_COVERAGE_RESERVE_SELECTED,False,False
VALIDATION_SEEN_AFTER_V1,VUE011,BASELINE_ORACLE_V2,USABLE,False,False,NEGATIVE_RETAINED_BY_SUBSET_MONOTONICITY,,False,False
VALIDATION_SEEN_AFTER_V1,VUE011,COARSE_GRID_0P02,HARD,True,True,POSITIVE_RETAINED_BY_EXACT_VALID_WITNESS,H3_FIXED_BOUNDED_BEST|H4A_GEOMETRY_TRANSITION_BEST|H4B_GEOMETRY_LATERAL_TRANSITION_BEST|R2_BALANCED_PHYSICS_SCORE_SELECTED,True,False
VALIDATION_SEEN_AFTER_V1,VUE011,COARSE_GRID_0P02,USABLE,False,False,NEGATIVE_RETAINED_BY_SUBSET_MONOTONICITY,,True,False
VALIDATION_SEEN_AFTER_V1,VUE011,NARROW_D_MID_1P25,HARD,True,True,POSITIVE_RETAINED_BY_EXACT_VALID_WITNESS,H3_FIXED_BOUNDED_BEST|H4A_GEOMETRY_TRANSITION_BEST|H4B_GEOMETRY_LATERAL_TRANSITION_BEST|ORACLE_V2_BEST|R2_BALANCED_PHYSICS_SCORE_SELECTED,True,False
VALIDATION_SEEN_AFTER_V1,VUE011,NARROW_D_MID_1P25,USABLE,False,False,NEGATIVE_RETAINED_BY_SUBSET_MONOTONICITY,,True,False
VALIDATION_SEEN_AFTER_V1,VUE011,MINIMUM_TRANSITION_PAIR_ONLY,HARD,True,True,POSITIVE_RETAINED_BY_EXACT_VALID_WITNESS,H3_FIXED_BOUNDED_BEST|R2_BALANCED_PHYSICS_SCORE_SELECTED,True,False
VALIDATION_SEEN_AFTER_V1,VUE011,MINIMUM_TRANSITION_PAIR_ONLY,USABLE,False,False,NEGATIVE_RETAINED_BY_SUBSET_MONOTONICITY,,True,False
VALIDATION_SEEN_AFTER_V1,VUE011,NO_FROZEN_FACTOR_ANCHORS,HARD,True,True,POSITIVE_RETAINED_BY_EXACT_VALID_WITNESS,ORACLE_V2_BEST,True,False
VALIDATION_SEEN_AFTER_V1,VUE011,NO_FROZEN_FACTOR_ANCHORS,USABLE,False,False,NEGATIVE_RETAINED_BY_SUBSET_MONOTONICITY,,True,False
VALIDATION_SEEN_AFTER_V1,VUE012,BASELINE_ORACLE_V2,HARD,True,True,POSITIVE_RETAINED_BY_EXACT_VALID_WITNESS,ORACLE_V2_BEST,False,False
VALIDATION_SEEN_AFTER_V1,VUE012,BASELINE_ORACLE_V2,USABLE,False,False,NEGATIVE_RETAINED_BY_SUBSET_MONOTONICITY,,False,False
VALIDATION_SEEN_AFTER_V1,VUE012,COARSE_GRID_0P02,HARD,True,False,INCONCLUSIVE_WITNESS_NOT_RETAINED,,True,False
VALIDATION_SEEN_AFTER_V1,VUE012,COARSE_GRID_0P02,USABLE,False,False,NEGATIVE_RETAINED_BY_SUBSET_MONOTONICITY,,True,False
VALIDATION_SEEN_AFTER_V1,VUE012,NARROW_D_MID_1P25,HARD,True,True,POSITIVE_RETAINED_BY_EXACT_VALID_WITNESS,ORACLE_V2_BEST,True,False
VALIDATION_SEEN_AFTER_V1,VUE012,NARROW_D_MID_1P25,USABLE,False,False,NEGATIVE_RETAINED_BY_SUBSET_MONOTONICITY,,True,False
VALIDATION_SEEN_AFTER_V1,VUE012,MINIMUM_TRANSITION_PAIR_ONLY,HARD,True,True,POSITIVE_RETAINED_BY_EXACT_VALID_WITNESS,ORACLE_V2_BEST,True,False
VALIDATION_SEEN_AFTER_V1,VUE012,MINIMUM_TRANSITION_PAIR_ONLY,USABLE,False,False,NEGATIVE_RETAINED_BY_SUBSET_MONOTONICITY,,True,False
VALIDATION_SEEN_AFTER_V1,VUE012,NO_FROZEN_FACTOR_ANCHORS,HARD,True,True,POSITIVE_RETAINED_BY_EXACT_VALID_WITNESS,ORACLE_V2_BEST,True,False
VALIDATION_SEEN_AFTER_V1,VUE012,NO_FROZEN_FACTOR_ANCHORS,USABLE,False,False,NEGATIVE_RETAINED_BY_SUBSET_MONOTONICITY,,True,False
VALIDATION_SEEN_AFTER_V1,VUE013,BASELINE_ORACLE_V2,HARD,True,True,POSITIVE_RETAINED_BY_EXACT_VALID_WITNESS,H3_FIXED_BOUNDED_BEST|ORACLE_V2_BEST,False,False
VALIDATION_SEEN_AFTER_V1,VUE013,BASELINE_ORACLE_V2,USABLE,False,False,NEGATIVE_RETAINED_BY_SUBSET_MONOTONICITY,,False,False
VALIDATION_SEEN_AFTER_V1,VUE013,COARSE_GRID_0P02,HARD,True,True,POSITIVE_RETAINED_BY_EXACT_VALID_WITNESS,H3_FIXED_BOUNDED_BEST|ORACLE_V2_BEST,True,False
VALIDATION_SEEN_AFTER_V1,VUE013,COARSE_GRID_0P02,USABLE,False,False,NEGATIVE_RETAINED_BY_SUBSET_MONOTONICITY,,True,False
VALIDATION_SEEN_AFTER_V1,VUE013,NARROW_D_MID_1P25,HARD,True,True,POSITIVE_RETAINED_BY_EXACT_VALID_WITNESS,H3_FIXED_BOUNDED_BEST|ORACLE_V2_BEST,True,False
VALIDATION_SEEN_AFTER_V1,VUE013,NARROW_D_MID_1P25,USABLE,False,False,NEGATIVE_RETAINED_BY_SUBSET_MONOTONICITY,,True,False
VALIDATION_SEEN_AFTER_V1,VUE013,MINIMUM_TRANSITION_PAIR_ONLY,HARD,True,False,INCONCLUSIVE_WITNESS_NOT_RETAINED,,True,False
VALIDATION_SEEN_AFTER_V1,VUE013,MINIMUM_TRANSITION_PAIR_ONLY,USABLE,False,False,NEGATIVE_RETAINED_BY_SUBSET_MONOTONICITY,,True,False
VALIDATION_SEEN_AFTER_V1,VUE013,NO_FROZEN_FACTOR_ANCHORS,HARD,True,True,POSITIVE_RETAINED_BY_EXACT_VALID_WITNESS,ORACLE_V2_BEST,True,False
VALIDATION_SEEN_AFTER_V1,VUE013,NO_FROZEN_FACTOR_ANCHORS,USABLE,False,False,NEGATIVE_RETAINED_BY_SUBSET_MONOTONICITY,,True,False
VALIDATION_SEEN_AFTER_V1,VUE014,BASELINE_ORACLE_V2,HARD,True,True,POSITIVE_RETAINED_BY_EXACT_VALID_WITNESS,H3_FIXED_BOUNDED_BEST|H4A_GEOMETRY_TRANSITION_BEST|H4B_GEOMETRY_LATERAL_TRANSITION_BEST|ORACLE_V2_BEST,False,False
VALIDATION_SEEN_AFTER_V1,VUE014,BASELINE_ORACLE_V2,USABLE,False,False,NEGATIVE_RETAINED_BY_SUBSET_MONOTONICITY,,False,False
VALIDATION_SEEN_AFTER_V1,VUE014,COARSE_GRID_0P02,HARD,True,True,POSITIVE_RETAINED_BY_EXACT_VALID_WITNESS,H3_FIXED_BOUNDED_BEST|H4A_GEOMETRY_TRANSITION_BEST|H4B_GEOMETRY_LATERAL_TRANSITION_BEST|ORACLE_V2_BEST,True,False
VALIDATION_SEEN_AFTER_V1,VUE014,COARSE_GRID_0P02,USABLE,False,False,NEGATIVE_RETAINED_BY_SUBSET_MONOTONICITY,,True,False
VALIDATION_SEEN_AFTER_V1,VUE014,NARROW_D_MID_1P25,HARD,True,True,POSITIVE_RETAINED_BY_EXACT_VALID_WITNESS,H3_FIXED_BOUNDED_BEST|H4A_GEOMETRY_TRANSITION_BEST|H4B_GEOMETRY_LATERAL_TRANSITION_BEST|ORACLE_V2_BEST,True,False
VALIDATION_SEEN_AFTER_V1,VUE014,NARROW_D_MID_1P25,USABLE,False,False,NEGATIVE_RETAINED_BY_SUBSET_MONOTONICITY,,True,False
VALIDATION_SEEN_AFTER_V1,VUE014,MINIMUM_TRANSITION_PAIR_ONLY,HARD,True,True,POSITIVE_RETAINED_BY_EXACT_VALID_WITNESS,H3_FIXED_BOUNDED_BEST|ORACLE_V2_BEST,True,False
VALIDATION_SEEN_AFTER_V1,VUE014,MINIMUM_TRANSITION_PAIR_ONLY,USABLE,False,False,NEGATIVE_RETAINED_BY_SUBSET_MONOTONICITY,,True,False
VALIDATION_SEEN_AFTER_V1,VUE014,NO_FROZEN_FACTOR_ANCHORS,HARD,True,True,POSITIVE_RETAINED_BY_EXACT_VALID_WITNESS,ORACLE_V2_BEST,True,False
VALIDATION_SEEN_AFTER_V1,VUE014,NO_FROZEN_FACTOR_ANCHORS,USABLE,False,False,NEGATIVE_RETAINED_BY_SUBSET_MONOTONICITY,,True,False
VALIDATION_SEEN_AFTER_V1,VUE015,BASELINE_ORACLE_V2,HARD,False,False,NEGATIVE_RETAINED_BY_SUBSET_MONOTONICITY,,False,False
VALIDATION_SEEN_AFTER_V1,VUE015,BASELINE_ORACLE_V2,USABLE,False,False,NEGATIVE_RETAINED_BY_SUBSET_MONOTONICITY,,False,False
VALIDATION_SEEN_AFTER_V1,VUE015,COARSE_GRID_0P02,HARD,False,False,NEGATIVE_RETAINED_BY_SUBSET_MONOTONICITY,,True,False
VALIDATION_SEEN_AFTER_V1,VUE015,COARSE_GRID_0P02,USABLE,False,False,NEGATIVE_RETAINED_BY_SUBSET_MONOTONICITY,,True,False
VALIDATION_SEEN_AFTER_V1,VUE015,NARROW_D_MID_1P25,HARD,False,False,NEGATIVE_RETAINED_BY_SUBSET_MONOTONICITY,,True,False
VALIDATION_SEEN_AFTER_V1,VUE015,NARROW_D_MID_1P25,USABLE,False,False,NEGATIVE_RETAINED_BY_SUBSET_MONOTONICITY,,True,False
VALIDATION_SEEN_AFTER_V1,VUE015,MINIMUM_TRANSITION_PAIR_ONLY,HARD,False,False,NEGATIVE_RETAINED_BY_SUBSET_MONOTONICITY,,True,False
VALIDATION_SEEN_AFTER_V1,VUE015,MINIMUM_TRANSITION_PAIR_ONLY,USABLE,False,False,NEGATIVE_RETAINED_BY_SUBSET_MONOTONICITY,,True,False
VALIDATION_SEEN_AFTER_V1,VUE015,NO_FROZEN_FACTOR_ANCHORS,HARD,False,False,NEGATIVE_RETAINED_BY_SUBSET_MONOTONICITY,,True,False
VALIDATION_SEEN_AFTER_V1,VUE015,NO_FROZEN_FACTOR_ANCHORS,USABLE,False,False,NEGATIVE_RETAINED_BY_SUBSET_MONOTONICITY,,True,False
VALIDATION_SEEN_AFTER_V1,VUE016,BASELINE_ORACLE_V2,HARD,False,False,NEGATIVE_RETAINED_BY_SUBSET_MONOTONICITY,,False,False
VALIDATION_SEEN_AFTER_V1,VUE016,BASELINE_ORACLE_V2,USABLE,False,False,NEGATIVE_RETAINED_BY_SUBSET_MONOTONICITY,,False,False
VALIDATION_SEEN_AFTER_V1,VUE016,COARSE_GRID_0P02,HARD,False,False,NEGATIVE_RETAINED_BY_SUBSET_MONOTONICITY,,True,False
VALIDATION_SEEN_AFTER_V1,VUE016,COARSE_GRID_0P02,USABLE,False,False,NEGATIVE_RETAINED_BY_SUBSET_MONOTONICITY,,True,False
VALIDATION_SEEN_AFTER_V1,VUE016,NARROW_D_MID_1P25,HARD,False,False,NEGATIVE_RETAINED_BY_SUBSET_MONOTONICITY,,True,False
VALIDATION_SEEN_AFTER_V1,VUE016,NARROW_D_MID_1P25,USABLE,False,False,NEGATIVE_RETAINED_BY_SUBSET_MONOTONICITY,,True,False
VALIDATION_SEEN_AFTER_V1,VUE016,MINIMUM_TRANSITION_PAIR_ONLY,HARD,False,False,NEGATIVE_RETAINED_BY_SUBSET_MONOTONICITY,,True,False
VALIDATION_SEEN_AFTER_V1,VUE016,MINIMUM_TRANSITION_PAIR_ONLY,USABLE,False,False,NEGATIVE_RETAINED_BY_SUBSET_MONOTONICITY,,True,False
VALIDATION_SEEN_AFTER_V1,VUE016,NO_FROZEN_FACTOR_ANCHORS,HARD,False,False,NEGATIVE_RETAINED_BY_SUBSET_MONOTONICITY,,True,False
VALIDATION_SEEN_AFTER_V1,VUE016,NO_FROZEN_FACTOR_ANCHORS,USABLE,False,False,NEGATIVE_RETAINED_BY_SUBSET_MONOTONICITY,,True,False
VALIDATION_SEEN_AFTER_V1,VUE017,BASELINE_ORACLE_V2,HARD,False,False,NEGATIVE_RETAINED_BY_SUBSET_MONOTONICITY,,False,False
VALIDATION_SEEN_AFTER_V1,VUE017,BASELINE_ORACLE_V2,USABLE,False,False,NEGATIVE_RETAINED_BY_SUBSET_MONOTONICITY,,False,False
VALIDATION_SEEN_AFTER_V1,VUE017,COARSE_GRID_0P02,HARD,False,False,NEGATIVE_RETAINED_BY_SUBSET_MONOTONICITY,,True,False
VALIDATION_SEEN_AFTER_V1,VUE017,COARSE_GRID_0P02,USABLE,False,False,NEGATIVE_RETAINED_BY_SUBSET_MONOTONICITY,,True,False
VALIDATION_SEEN_AFTER_V1,VUE017,NARROW_D_MID_1P25,HARD,False,False,NEGATIVE_RETAINED_BY_SUBSET_MONOTONICITY,,True,False
VALIDATION_SEEN_AFTER_V1,VUE017,NARROW_D_MID_1P25,USABLE,False,False,NEGATIVE_RETAINED_BY_SUBSET_MONOTONICITY,,True,False
VALIDATION_SEEN_AFTER_V1,VUE017,MINIMUM_TRANSITION_PAIR_ONLY,HARD,False,False,NEGATIVE_RETAINED_BY_SUBSET_MONOTONICITY,,True,False
VALIDATION_SEEN_AFTER_V1,VUE017,MINIMUM_TRANSITION_PAIR_ONLY,USABLE,False,False,NEGATIVE_RETAINED_BY_SUBSET_MONOTONICITY,,True,False
VALIDATION_SEEN_AFTER_V1,VUE017,NO_FROZEN_FACTOR_ANCHORS,HARD,False,False,NEGATIVE_RETAINED_BY_SUBSET_MONOTONICITY,,True,False
VALIDATION_SEEN_AFTER_V1,VUE017,NO_FROZEN_FACTOR_ANCHORS,USABLE,False,False,NEGATIVE_RETAINED_BY_SUBSET_MONOTONICITY,,True,False
VALIDATION_SEEN_AFTER_V1,VUE018,BASELINE_ORACLE_V2,HARD,True,True,POSITIVE_RETAINED_BY_EXACT_VALID_WITNESS,ORACLE_V2_BEST|R1_FEASIBILITY_LEXICOGRAPHIC_SELECTED|R2_BALANCED_PHYSICS_SCORE_SELECTED|R3_LEXICOGRAPHIC_COVERAGE_RESERVE_SELECTED,False,False
VALIDATION_SEEN_AFTER_V1,VUE018,BASELINE_ORACLE_V2,USABLE,True,True,POSITIVE_RETAINED_BY_EXACT_VALID_WITNESS,ORACLE_V2_BEST|R1_FEASIBILITY_LEXICOGRAPHIC_SELECTED|R2_BALANCED_PHYSICS_SCORE_SELECTED|R3_LEXICOGRAPHIC_COVERAGE_RESERVE_SELECTED,False,False
VALIDATION_SEEN_AFTER_V1,VUE018,COARSE_GRID_0P02,HARD,True,True,POSITIVE_RETAINED_BY_EXACT_VALID_WITNESS,ORACLE_V2_BEST|R1_FEASIBILITY_LEXICOGRAPHIC_SELECTED|R2_BALANCED_PHYSICS_SCORE_SELECTED|R3_LEXICOGRAPHIC_COVERAGE_RESERVE_SELECTED,True,False
VALIDATION_SEEN_AFTER_V1,VUE018,COARSE_GRID_0P02,USABLE,True,True,POSITIVE_RETAINED_BY_EXACT_VALID_WITNESS,ORACLE_V2_BEST|R1_FEASIBILITY_LEXICOGRAPHIC_SELECTED|R2_BALANCED_PHYSICS_SCORE_SELECTED|R3_LEXICOGRAPHIC_COVERAGE_RESERVE_SELECTED,True,False
VALIDATION_SEEN_AFTER_V1,VUE018,NARROW_D_MID_1P25,HARD,True,True,POSITIVE_RETAINED_BY_EXACT_VALID_WITNESS,ORACLE_V2_BEST|R1_FEASIBILITY_LEXICOGRAPHIC_SELECTED|R2_BALANCED_PHYSICS_SCORE_SELECTED|R3_LEXICOGRAPHIC_COVERAGE_RESERVE_SELECTED,True,False
VALIDATION_SEEN_AFTER_V1,VUE018,NARROW_D_MID_1P25,USABLE,True,True,POSITIVE_RETAINED_BY_EXACT_VALID_WITNESS,ORACLE_V2_BEST|R1_FEASIBILITY_LEXICOGRAPHIC_SELECTED|R2_BALANCED_PHYSICS_SCORE_SELECTED|R3_LEXICOGRAPHIC_COVERAGE_RESERVE_SELECTED,True,False
VALIDATION_SEEN_AFTER_V1,VUE018,MINIMUM_TRANSITION_PAIR_ONLY,HARD,True,False,INCONCLUSIVE_WITNESS_NOT_RETAINED,,True,False
VALIDATION_SEEN_AFTER_V1,VUE018,MINIMUM_TRANSITION_PAIR_ONLY,USABLE,True,False,INCONCLUSIVE_WITNESS_NOT_RETAINED,,True,False
VALIDATION_SEEN_AFTER_V1,VUE018,NO_FROZEN_FACTOR_ANCHORS,HARD,True,True,POSITIVE_RETAINED_BY_EXACT_VALID_WITNESS,ORACLE_V2_BEST|R1_FEASIBILITY_LEXICOGRAPHIC_SELECTED|R2_BALANCED_PHYSICS_SCORE_SELECTED|R3_LEXICOGRAPHIC_COVERAGE_RESERVE_SELECTED,True,False
VALIDATION_SEEN_AFTER_V1,VUE018,NO_FROZEN_FACTOR_ANCHORS,USABLE,True,True,POSITIVE_RETAINED_BY_EXACT_VALID_WITNESS,ORACLE_V2_BEST|R1_FEASIBILITY_LEXICOGRAPHIC_SELECTED|R2_BALANCED_PHYSICS_SCORE_SELECTED|R3_LEXICOGRAPHIC_COVERAGE_RESERVE_SELECTED,True,False
VALIDATION_SEEN_AFTER_V1,VUE019,BASELINE_ORACLE_V2,HARD,False,False,NEGATIVE_RETAINED_BY_SUBSET_MONOTONICITY,,False,False
VALIDATION_SEEN_AFTER_V1,VUE019,BASELINE_ORACLE_V2,USABLE,False,False,NEGATIVE_RETAINED_BY_SUBSET_MONOTONICITY,,False,False
VALIDATION_SEEN_AFTER_V1,VUE019,COARSE_GRID_0P02,HARD,False,False,NEGATIVE_RETAINED_BY_SUBSET_MONOTONICITY,,True,False
VALIDATION_SEEN_AFTER_V1,VUE019,COARSE_GRID_0P02,USABLE,False,False,NEGATIVE_RETAINED_BY_SUBSET_MONOTONICITY,,True,False
VALIDATION_SEEN_AFTER_V1,VUE019,NARROW_D_MID_1P25,HARD,False,False,NEGATIVE_RETAINED_BY_SUBSET_MONOTONICITY,,True,False
VALIDATION_SEEN_AFTER_V1,VUE019,NARROW_D_MID_1P25,USABLE,False,False,NEGATIVE_RETAINED_BY_SUBSET_MONOTONICITY,,True,False
VALIDATION_SEEN_AFTER_V1,VUE019,MINIMUM_TRANSITION_PAIR_ONLY,HARD,False,False,NEGATIVE_RETAINED_BY_SUBSET_MONOTONICITY,,True,False
VALIDATION_SEEN_AFTER_V1,VUE019,MINIMUM_TRANSITION_PAIR_ONLY,USABLE,False,False,NEGATIVE_RETAINED_BY_SUBSET_MONOTONICITY,,True,False
VALIDATION_SEEN_AFTER_V1,VUE019,NO_FROZEN_FACTOR_ANCHORS,HARD,False,False,NEGATIVE_RETAINED_BY_SUBSET_MONOTONICITY,,True,False
VALIDATION_SEEN_AFTER_V1,VUE019,NO_FROZEN_FACTOR_ANCHORS,USABLE,False,False,NEGATIVE_RETAINED_BY_SUBSET_MONOTONICITY,,True,False
VALIDATION_SEEN_AFTER_V1,VUE020,BASELINE_ORACLE_V2,HARD,True,True,POSITIVE_RETAINED_BY_EXACT_VALID_WITNESS,ORACLE_V2_BEST|R1_FEASIBILITY_LEXICOGRAPHIC_SELECTED|R2_BALANCED_PHYSICS_SCORE_SELECTED|R3_LEXICOGRAPHIC_COVERAGE_RESERVE_SELECTED,False,False
VALIDATION_SEEN_AFTER_V1,VUE020,BASELINE_ORACLE_V2,USABLE,True,True,POSITIVE_RETAINED_BY_EXACT_VALID_WITNESS,ORACLE_V2_BEST|R1_FEASIBILITY_LEXICOGRAPHIC_SELECTED|R2_BALANCED_PHYSICS_SCORE_SELECTED|R3_LEXICOGRAPHIC_COVERAGE_RESERVE_SELECTED,False,False
VALIDATION_SEEN_AFTER_V1,VUE020,COARSE_GRID_0P02,HARD,True,True,POSITIVE_RETAINED_BY_EXACT_VALID_WITNESS,ORACLE_V2_BEST|R1_FEASIBILITY_LEXICOGRAPHIC_SELECTED|R2_BALANCED_PHYSICS_SCORE_SELECTED|R3_LEXICOGRAPHIC_COVERAGE_RESERVE_SELECTED,True,False
VALIDATION_SEEN_AFTER_V1,VUE020,COARSE_GRID_0P02,USABLE,True,True,POSITIVE_RETAINED_BY_EXACT_VALID_WITNESS,ORACLE_V2_BEST|R1_FEASIBILITY_LEXICOGRAPHIC_SELECTED|R2_BALANCED_PHYSICS_SCORE_SELECTED|R3_LEXICOGRAPHIC_COVERAGE_RESERVE_SELECTED,True,False
VALIDATION_SEEN_AFTER_V1,VUE020,NARROW_D_MID_1P25,HARD,True,True,POSITIVE_RETAINED_BY_EXACT_VALID_WITNESS,ORACLE_V2_BEST|R1_FEASIBILITY_LEXICOGRAPHIC_SELECTED|R2_BALANCED_PHYSICS_SCORE_SELECTED|R3_LEXICOGRAPHIC_COVERAGE_RESERVE_SELECTED,True,False
VALIDATION_SEEN_AFTER_V1,VUE020,NARROW_D_MID_1P25,USABLE,True,True,POSITIVE_RETAINED_BY_EXACT_VALID_WITNESS,ORACLE_V2_BEST|R1_FEASIBILITY_LEXICOGRAPHIC_SELECTED|R2_BALANCED_PHYSICS_SCORE_SELECTED|R3_LEXICOGRAPHIC_COVERAGE_RESERVE_SELECTED,True,False
VALIDATION_SEEN_AFTER_V1,VUE020,MINIMUM_TRANSITION_PAIR_ONLY,HARD,True,True,POSITIVE_RETAINED_BY_EXACT_VALID_WITNESS,ORACLE_V2_BEST|R1_FEASIBILITY_LEXICOGRAPHIC_SELECTED|R2_BALANCED_PHYSICS_SCORE_SELECTED|R3_LEXICOGRAPHIC_COVERAGE_RESERVE_SELECTED,True,False
VALIDATION_SEEN_AFTER_V1,VUE020,MINIMUM_TRANSITION_PAIR_ONLY,USABLE,True,True,POSITIVE_RETAINED_BY_EXACT_VALID_WITNESS,ORACLE_V2_BEST|R1_FEASIBILITY_LEXICOGRAPHIC_SELECTED|R2_BALANCED_PHYSICS_SCORE_SELECTED|R3_LEXICOGRAPHIC_COVERAGE_RESERVE_SELECTED,True,False
VALIDATION_SEEN_AFTER_V1,VUE020,NO_FROZEN_FACTOR_ANCHORS,HARD,True,True,POSITIVE_RETAINED_BY_EXACT_VALID_WITNESS,ORACLE_V2_BEST|R1_FEASIBILITY_LEXICOGRAPHIC_SELECTED|R2_BALANCED_PHYSICS_SCORE_SELECTED|R3_LEXICOGRAPHIC_COVERAGE_RESERVE_SELECTED,True,False
VALIDATION_SEEN_AFTER_V1,VUE020,NO_FROZEN_FACTOR_ANCHORS,USABLE,True,True,POSITIVE_RETAINED_BY_EXACT_VALID_WITNESS,ORACLE_V2_BEST|R1_FEASIBILITY_LEXICOGRAPHIC_SELECTED|R2_BALANCED_PHYSICS_SCORE_SELECTED|R3_LEXICOGRAPHIC_COVERAGE_RESERVE_SELECTED,True,False
VALIDATION_SEEN_AFTER_V1,VUE021,BASELINE_ORACLE_V2,HARD,False,False,NEGATIVE_RETAINED_BY_SUBSET_MONOTONICITY,,False,False
VALIDATION_SEEN_AFTER_V1,VUE021,BASELINE_ORACLE_V2,USABLE,False,False,NEGATIVE_RETAINED_BY_SUBSET_MONOTONICITY,,False,False
VALIDATION_SEEN_AFTER_V1,VUE021,COARSE_GRID_0P02,HARD,False,False,NEGATIVE_RETAINED_BY_SUBSET_MONOTONICITY,,True,False
VALIDATION_SEEN_AFTER_V1,VUE021,COARSE_GRID_0P02,USABLE,False,False,NEGATIVE_RETAINED_BY_SUBSET_MONOTONICITY,,True,False
VALIDATION_SEEN_AFTER_V1,VUE021,NARROW_D_MID_1P25,HARD,False,False,NEGATIVE_RETAINED_BY_SUBSET_MONOTONICITY,,True,False
VALIDATION_SEEN_AFTER_V1,VUE021,NARROW_D_MID_1P25,USABLE,False,False,NEGATIVE_RETAINED_BY_SUBSET_MONOTONICITY,,True,False
VALIDATION_SEEN_AFTER_V1,VUE021,MINIMUM_TRANSITION_PAIR_ONLY,HARD,False,False,NEGATIVE_RETAINED_BY_SUBSET_MONOTONICITY,,True,False
VALIDATION_SEEN_AFTER_V1,VUE021,MINIMUM_TRANSITION_PAIR_ONLY,USABLE,False,False,NEGATIVE_RETAINED_BY_SUBSET_MONOTONICITY,,True,False
VALIDATION_SEEN_AFTER_V1,VUE021,NO_FROZEN_FACTOR_ANCHORS,HARD,False,False,NEGATIVE_RETAINED_BY_SUBSET_MONOTONICITY,,True,False
VALIDATION_SEEN_AFTER_V1,VUE021,NO_FROZEN_FACTOR_ANCHORS,USABLE,False,False,NEGATIVE_RETAINED_BY_SUBSET_MONOTONICITY,,True,False
VALIDATION_SEEN_AFTER_V1,VUE022,BASELINE_ORACLE_V2,HARD,False,False,NEGATIVE_RETAINED_BY_SUBSET_MONOTONICITY,,False,False
VALIDATION_SEEN_AFTER_V1,VUE022,BASELINE_ORACLE_V2,USABLE,False,False,NEGATIVE_RETAINED_BY_SUBSET_MONOTONICITY,,False,False
VALIDATION_SEEN_AFTER_V1,VUE022,COARSE_GRID_0P02,HARD,False,False,NEGATIVE_RETAINED_BY_SUBSET_MONOTONICITY,,True,False
VALIDATION_SEEN_AFTER_V1,VUE022,COARSE_GRID_0P02,USABLE,False,False,NEGATIVE_RETAINED_BY_SUBSET_MONOTONICITY,,True,False
VALIDATION_SEEN_AFTER_V1,VUE022,NARROW_D_MID_1P25,HARD,False,False,NEGATIVE_RETAINED_BY_SUBSET_MONOTONICITY,,True,False
VALIDATION_SEEN_AFTER_V1,VUE022,NARROW_D_MID_1P25,USABLE,False,False,NEGATIVE_RETAINED_BY_SUBSET_MONOTONICITY,,True,False
VALIDATION_SEEN_AFTER_V1,VUE022,MINIMUM_TRANSITION_PAIR_ONLY,HARD,False,False,NEGATIVE_RETAINED_BY_SUBSET_MONOTONICITY,,True,False
VALIDATION_SEEN_AFTER_V1,VUE022,MINIMUM_TRANSITION_PAIR_ONLY,USABLE,False,False,NEGATIVE_RETAINED_BY_SUBSET_MONOTONICITY,,True,False
VALIDATION_SEEN_AFTER_V1,VUE022,NO_FROZEN_FACTOR_ANCHORS,HARD,False,False,NEGATIVE_RETAINED_BY_SUBSET_MONOTONICITY,,True,False
VALIDATION_SEEN_AFTER_V1,VUE022,NO_FROZEN_FACTOR_ANCHORS,USABLE,False,False,NEGATIVE_RETAINED_BY_SUBSET_MONOTONICITY,,True,False
VALIDATION_SEEN_AFTER_V1,VUE023,BASELINE_ORACLE_V2,HARD,True,True,POSITIVE_RETAINED_BY_EXACT_VALID_WITNESS,H3_FIXED_BOUNDED_BEST|H4A_GEOMETRY_TRANSITION_BEST|H4B_GEOMETRY_LATERAL_TRANSITION_BEST|ORACLE_V2_BEST|R1_FEASIBILITY_LEXICOGRAPHIC_SELECTED|R2_BALANCED_PHYSICS_SCORE_SELECTED|R3_LEXICOGRAPHIC_COVERAGE_RESERVE_SELECTED,False,False
VALIDATION_SEEN_AFTER_V1,VUE023,BASELINE_ORACLE_V2,USABLE,True,True,POSITIVE_RETAINED_BY_EXACT_VALID_WITNESS,H3_FIXED_BOUNDED_BEST|H4A_GEOMETRY_TRANSITION_BEST|H4B_GEOMETRY_LATERAL_TRANSITION_BEST|ORACLE_V2_BEST|R1_FEASIBILITY_LEXICOGRAPHIC_SELECTED|R2_BALANCED_PHYSICS_SCORE_SELECTED|R3_LEXICOGRAPHIC_COVERAGE_RESERVE_SELECTED,False,False
VALIDATION_SEEN_AFTER_V1,VUE023,COARSE_GRID_0P02,HARD,True,True,POSITIVE_RETAINED_BY_EXACT_VALID_WITNESS,H3_FIXED_BOUNDED_BEST|H4A_GEOMETRY_TRANSITION_BEST|H4B_GEOMETRY_LATERAL_TRANSITION_BEST|R1_FEASIBILITY_LEXICOGRAPHIC_SELECTED|R3_LEXICOGRAPHIC_COVERAGE_RESERVE_SELECTED,True,False
VALIDATION_SEEN_AFTER_V1,VUE023,COARSE_GRID_0P02,USABLE,True,True,POSITIVE_RETAINED_BY_EXACT_VALID_WITNESS,H3_FIXED_BOUNDED_BEST|H4A_GEOMETRY_TRANSITION_BEST|H4B_GEOMETRY_LATERAL_TRANSITION_BEST|R1_FEASIBILITY_LEXICOGRAPHIC_SELECTED|R3_LEXICOGRAPHIC_COVERAGE_RESERVE_SELECTED,True,False
VALIDATION_SEEN_AFTER_V1,VUE023,NARROW_D_MID_1P25,HARD,True,True,POSITIVE_RETAINED_BY_EXACT_VALID_WITNESS,H3_FIXED_BOUNDED_BEST|H4A_GEOMETRY_TRANSITION_BEST|H4B_GEOMETRY_LATERAL_TRANSITION_BEST|ORACLE_V2_BEST|R1_FEASIBILITY_LEXICOGRAPHIC_SELECTED|R3_LEXICOGRAPHIC_COVERAGE_RESERVE_SELECTED,True,False
VALIDATION_SEEN_AFTER_V1,VUE023,NARROW_D_MID_1P25,USABLE,True,True,POSITIVE_RETAINED_BY_EXACT_VALID_WITNESS,H3_FIXED_BOUNDED_BEST|H4A_GEOMETRY_TRANSITION_BEST|H4B_GEOMETRY_LATERAL_TRANSITION_BEST|ORACLE_V2_BEST|R1_FEASIBILITY_LEXICOGRAPHIC_SELECTED|R3_LEXICOGRAPHIC_COVERAGE_RESERVE_SELECTED,True,False
VALIDATION_SEEN_AFTER_V1,VUE023,MINIMUM_TRANSITION_PAIR_ONLY,HARD,True,True,POSITIVE_RETAINED_BY_EXACT_VALID_WITNESS,H3_FIXED_BOUNDED_BEST|ORACLE_V2_BEST|R1_FEASIBILITY_LEXICOGRAPHIC_SELECTED|R3_LEXICOGRAPHIC_COVERAGE_RESERVE_SELECTED,True,False
VALIDATION_SEEN_AFTER_V1,VUE023,MINIMUM_TRANSITION_PAIR_ONLY,USABLE,True,True,POSITIVE_RETAINED_BY_EXACT_VALID_WITNESS,H3_FIXED_BOUNDED_BEST|ORACLE_V2_BEST|R1_FEASIBILITY_LEXICOGRAPHIC_SELECTED|R3_LEXICOGRAPHIC_COVERAGE_RESERVE_SELECTED,True,False
VALIDATION_SEEN_AFTER_V1,VUE023,NO_FROZEN_FACTOR_ANCHORS,HARD,True,True,POSITIVE_RETAINED_BY_EXACT_VALID_WITNESS,ORACLE_V2_BEST|R1_FEASIBILITY_LEXICOGRAPHIC_SELECTED|R3_LEXICOGRAPHIC_COVERAGE_RESERVE_SELECTED,True,False
VALIDATION_SEEN_AFTER_V1,VUE023,NO_FROZEN_FACTOR_ANCHORS,USABLE,True,True,POSITIVE_RETAINED_BY_EXACT_VALID_WITNESS,ORACLE_V2_BEST|R1_FEASIBILITY_LEXICOGRAPHIC_SELECTED|R3_LEXICOGRAPHIC_COVERAGE_RESERVE_SELECTED,True,False
VALIDATION_SEEN_AFTER_V1,VUE024,BASELINE_ORACLE_V2,HARD,True,True,POSITIVE_RETAINED_BY_EXACT_VALID_WITNESS,H3_FIXED_BOUNDED_BEST|H4A_GEOMETRY_TRANSITION_BEST|H4B_GEOMETRY_LATERAL_TRANSITION_BEST|ORACLE_V2_BEST|R1_FEASIBILITY_LEXICOGRAPHIC_SELECTED|R2_BALANCED_PHYSICS_SCORE_SELECTED|R3_LEXICOGRAPHIC_COVERAGE_RESERVE_SELECTED,False,False
VALIDATION_SEEN_AFTER_V1,VUE024,BASELINE_ORACLE_V2,USABLE,True,True,POSITIVE_RETAINED_BY_EXACT_VALID_WITNESS,H3_FIXED_BOUNDED_BEST|H4A_GEOMETRY_TRANSITION_BEST|H4B_GEOMETRY_LATERAL_TRANSITION_BEST|ORACLE_V2_BEST|R1_FEASIBILITY_LEXICOGRAPHIC_SELECTED|R2_BALANCED_PHYSICS_SCORE_SELECTED|R3_LEXICOGRAPHIC_COVERAGE_RESERVE_SELECTED,False,False
VALIDATION_SEEN_AFTER_V1,VUE024,COARSE_GRID_0P02,HARD,True,True,POSITIVE_RETAINED_BY_EXACT_VALID_WITNESS,H3_FIXED_BOUNDED_BEST|H4A_GEOMETRY_TRANSITION_BEST|H4B_GEOMETRY_LATERAL_TRANSITION_BEST|ORACLE_V2_BEST|R1_FEASIBILITY_LEXICOGRAPHIC_SELECTED|R2_BALANCED_PHYSICS_SCORE_SELECTED|R3_LEXICOGRAPHIC_COVERAGE_RESERVE_SELECTED,True,False
VALIDATION_SEEN_AFTER_V1,VUE024,COARSE_GRID_0P02,USABLE,True,True,POSITIVE_RETAINED_BY_EXACT_VALID_WITNESS,H3_FIXED_BOUNDED_BEST|H4A_GEOMETRY_TRANSITION_BEST|H4B_GEOMETRY_LATERAL_TRANSITION_BEST|ORACLE_V2_BEST|R1_FEASIBILITY_LEXICOGRAPHIC_SELECTED|R2_BALANCED_PHYSICS_SCORE_SELECTED|R3_LEXICOGRAPHIC_COVERAGE_RESERVE_SELECTED,True,False
VALIDATION_SEEN_AFTER_V1,VUE024,NARROW_D_MID_1P25,HARD,True,True,POSITIVE_RETAINED_BY_EXACT_VALID_WITNESS,H3_FIXED_BOUNDED_BEST|H4A_GEOMETRY_TRANSITION_BEST|H4B_GEOMETRY_LATERAL_TRANSITION_BEST|ORACLE_V2_BEST|R1_FEASIBILITY_LEXICOGRAPHIC_SELECTED|R2_BALANCED_PHYSICS_SCORE_SELECTED|R3_LEXICOGRAPHIC_COVERAGE_RESERVE_SELECTED,True,False
VALIDATION_SEEN_AFTER_V1,VUE024,NARROW_D_MID_1P25,USABLE,True,True,POSITIVE_RETAINED_BY_EXACT_VALID_WITNESS,H3_FIXED_BOUNDED_BEST|H4A_GEOMETRY_TRANSITION_BEST|H4B_GEOMETRY_LATERAL_TRANSITION_BEST|ORACLE_V2_BEST|R1_FEASIBILITY_LEXICOGRAPHIC_SELECTED|R2_BALANCED_PHYSICS_SCORE_SELECTED|R3_LEXICOGRAPHIC_COVERAGE_RESERVE_SELECTED,True,False
VALIDATION_SEEN_AFTER_V1,VUE024,MINIMUM_TRANSITION_PAIR_ONLY,HARD,True,True,POSITIVE_RETAINED_BY_EXACT_VALID_WITNESS,H3_FIXED_BOUNDED_BEST|ORACLE_V2_BEST|R1_FEASIBILITY_LEXICOGRAPHIC_SELECTED|R2_BALANCED_PHYSICS_SCORE_SELECTED|R3_LEXICOGRAPHIC_COVERAGE_RESERVE_SELECTED,True,False
VALIDATION_SEEN_AFTER_V1,VUE024,MINIMUM_TRANSITION_PAIR_ONLY,USABLE,True,True,POSITIVE_RETAINED_BY_EXACT_VALID_WITNESS,H3_FIXED_BOUNDED_BEST|ORACLE_V2_BEST|R1_FEASIBILITY_LEXICOGRAPHIC_SELECTED|R2_BALANCED_PHYSICS_SCORE_SELECTED|R3_LEXICOGRAPHIC_COVERAGE_RESERVE_SELECTED,True,False
VALIDATION_SEEN_AFTER_V1,VUE024,NO_FROZEN_FACTOR_ANCHORS,HARD,True,True,POSITIVE_RETAINED_BY_EXACT_VALID_WITNESS,ORACLE_V2_BEST|R1_FEASIBILITY_LEXICOGRAPHIC_SELECTED|R3_LEXICOGRAPHIC_COVERAGE_RESERVE_SELECTED,True,False
VALIDATION_SEEN_AFTER_V1,VUE024,NO_FROZEN_FACTOR_ANCHORS,USABLE,True,True,POSITIVE_RETAINED_BY_EXACT_VALID_WITNESS,ORACLE_V2_BEST|R1_FEASIBILITY_LEXICOGRAPHIC_SELECTED|R3_LEXICOGRAPHIC_COVERAGE_RESERVE_SELECTED,True,False
VALIDATION_SEEN_AFTER_V1,VUE025,BASELINE_ORACLE_V2,HARD,True,True,POSITIVE_RETAINED_BY_EXACT_VALID_WITNESS,ORACLE_V2_BEST|R1_FEASIBILITY_LEXICOGRAPHIC_SELECTED|R2_BALANCED_PHYSICS_SCORE_SELECTED|R3_LEXICOGRAPHIC_COVERAGE_RESERVE_SELECTED,False,False
VALIDATION_SEEN_AFTER_V1,VUE025,BASELINE_ORACLE_V2,USABLE,True,True,POSITIVE_RETAINED_BY_EXACT_VALID_WITNESS,ORACLE_V2_BEST|R1_FEASIBILITY_LEXICOGRAPHIC_SELECTED|R2_BALANCED_PHYSICS_SCORE_SELECTED|R3_LEXICOGRAPHIC_COVERAGE_RESERVE_SELECTED,False,False
VALIDATION_SEEN_AFTER_V1,VUE025,COARSE_GRID_0P02,HARD,True,True,POSITIVE_RETAINED_BY_EXACT_VALID_WITNESS,ORACLE_V2_BEST,True,False
VALIDATION_SEEN_AFTER_V1,VUE025,COARSE_GRID_0P02,USABLE,True,True,POSITIVE_RETAINED_BY_EXACT_VALID_WITNESS,ORACLE_V2_BEST,True,False
VALIDATION_SEEN_AFTER_V1,VUE025,NARROW_D_MID_1P25,HARD,True,True,POSITIVE_RETAINED_BY_EXACT_VALID_WITNESS,ORACLE_V2_BEST,True,False
VALIDATION_SEEN_AFTER_V1,VUE025,NARROW_D_MID_1P25,USABLE,True,True,POSITIVE_RETAINED_BY_EXACT_VALID_WITNESS,ORACLE_V2_BEST,True,False
VALIDATION_SEEN_AFTER_V1,VUE025,MINIMUM_TRANSITION_PAIR_ONLY,HARD,True,False,INCONCLUSIVE_WITNESS_NOT_RETAINED,,True,False
VALIDATION_SEEN_AFTER_V1,VUE025,MINIMUM_TRANSITION_PAIR_ONLY,USABLE,True,False,INCONCLUSIVE_WITNESS_NOT_RETAINED,,True,False
VALIDATION_SEEN_AFTER_V1,VUE025,NO_FROZEN_FACTOR_ANCHORS,HARD,True,True,POSITIVE_RETAINED_BY_EXACT_VALID_WITNESS,ORACLE_V2_BEST,True,False
VALIDATION_SEEN_AFTER_V1,VUE025,NO_FROZEN_FACTOR_ANCHORS,USABLE,True,True,POSITIVE_RETAINED_BY_EXACT_VALID_WITNESS,ORACLE_V2_BEST,True,False
VALIDATION_SEEN_AFTER_V1,VUE026,BASELINE_ORACLE_V2,HARD,True,True,POSITIVE_RETAINED_BY_EXACT_VALID_WITNESS,ORACLE_V2_BEST|R1_FEASIBILITY_LEXICOGRAPHIC_SELECTED|R2_BALANCED_PHYSICS_SCORE_SELECTED|R3_LEXICOGRAPHIC_COVERAGE_RESERVE_SELECTED,False,False
VALIDATION_SEEN_AFTER_V1,VUE026,BASELINE_ORACLE_V2,USABLE,True,True,POSITIVE_RETAINED_BY_EXACT_VALID_WITNESS,ORACLE_V2_BEST|R1_FEASIBILITY_LEXICOGRAPHIC_SELECTED|R2_BALANCED_PHYSICS_SCORE_SELECTED|R3_LEXICOGRAPHIC_COVERAGE_RESERVE_SELECTED,False,False
VALIDATION_SEEN_AFTER_V1,VUE026,COARSE_GRID_0P02,HARD,True,True,POSITIVE_RETAINED_BY_EXACT_VALID_WITNESS,ORACLE_V2_BEST,True,False
VALIDATION_SEEN_AFTER_V1,VUE026,COARSE_GRID_0P02,USABLE,True,True,POSITIVE_RETAINED_BY_EXACT_VALID_WITNESS,ORACLE_V2_BEST,True,False
VALIDATION_SEEN_AFTER_V1,VUE026,NARROW_D_MID_1P25,HARD,True,True,POSITIVE_RETAINED_BY_EXACT_VALID_WITNESS,ORACLE_V2_BEST,True,False
VALIDATION_SEEN_AFTER_V1,VUE026,NARROW_D_MID_1P25,USABLE,True,True,POSITIVE_RETAINED_BY_EXACT_VALID_WITNESS,ORACLE_V2_BEST,True,False
VALIDATION_SEEN_AFTER_V1,VUE026,MINIMUM_TRANSITION_PAIR_ONLY,HARD,True,True,POSITIVE_RETAINED_BY_EXACT_VALID_WITNESS,ORACLE_V2_BEST,True,False
VALIDATION_SEEN_AFTER_V1,VUE026,MINIMUM_TRANSITION_PAIR_ONLY,USABLE,True,True,POSITIVE_RETAINED_BY_EXACT_VALID_WITNESS,ORACLE_V2_BEST,True,False
VALIDATION_SEEN_AFTER_V1,VUE026,NO_FROZEN_FACTOR_ANCHORS,HARD,True,True,POSITIVE_RETAINED_BY_EXACT_VALID_WITNESS,ORACLE_V2_BEST,True,False
VALIDATION_SEEN_AFTER_V1,VUE026,NO_FROZEN_FACTOR_ANCHORS,USABLE,True,True,POSITIVE_RETAINED_BY_EXACT_VALID_WITNESS,ORACLE_V2_BEST,True,False
VALIDATION_SEEN_AFTER_V1,VUE027,BASELINE_ORACLE_V2,HARD,True,True,POSITIVE_RETAINED_BY_EXACT_VALID_WITNESS,H4A_GEOMETRY_TRANSITION_BEST|H4B_GEOMETRY_LATERAL_TRANSITION_BEST|ORACLE_V2_BEST|R1_FEASIBILITY_LEXICOGRAPHIC_SELECTED|R2_BALANCED_PHYSICS_SCORE_SELECTED|R3_LEXICOGRAPHIC_COVERAGE_RESERVE_SELECTED,False,False
VALIDATION_SEEN_AFTER_V1,VUE027,BASELINE_ORACLE_V2,USABLE,True,True,POSITIVE_RETAINED_BY_EXACT_VALID_WITNESS,H4A_GEOMETRY_TRANSITION_BEST|H4B_GEOMETRY_LATERAL_TRANSITION_BEST|ORACLE_V2_BEST|R1_FEASIBILITY_LEXICOGRAPHIC_SELECTED|R2_BALANCED_PHYSICS_SCORE_SELECTED|R3_LEXICOGRAPHIC_COVERAGE_RESERVE_SELECTED,False,False
VALIDATION_SEEN_AFTER_V1,VUE027,COARSE_GRID_0P02,HARD,True,True,POSITIVE_RETAINED_BY_EXACT_VALID_WITNESS,H4A_GEOMETRY_TRANSITION_BEST|H4B_GEOMETRY_LATERAL_TRANSITION_BEST|ORACLE_V2_BEST|R1_FEASIBILITY_LEXICOGRAPHIC_SELECTED|R2_BALANCED_PHYSICS_SCORE_SELECTED|R3_LEXICOGRAPHIC_COVERAGE_RESERVE_SELECTED,True,False
VALIDATION_SEEN_AFTER_V1,VUE027,COARSE_GRID_0P02,USABLE,True,True,POSITIVE_RETAINED_BY_EXACT_VALID_WITNESS,H4A_GEOMETRY_TRANSITION_BEST|H4B_GEOMETRY_LATERAL_TRANSITION_BEST|ORACLE_V2_BEST|R1_FEASIBILITY_LEXICOGRAPHIC_SELECTED|R2_BALANCED_PHYSICS_SCORE_SELECTED|R3_LEXICOGRAPHIC_COVERAGE_RESERVE_SELECTED,True,False
VALIDATION_SEEN_AFTER_V1,VUE027,NARROW_D_MID_1P25,HARD,True,True,POSITIVE_RETAINED_BY_EXACT_VALID_WITNESS,H4A_GEOMETRY_TRANSITION_BEST|H4B_GEOMETRY_LATERAL_TRANSITION_BEST|ORACLE_V2_BEST|R1_FEASIBILITY_LEXICOGRAPHIC_SELECTED|R2_BALANCED_PHYSICS_SCORE_SELECTED|R3_LEXICOGRAPHIC_COVERAGE_RESERVE_SELECTED,True,False
VALIDATION_SEEN_AFTER_V1,VUE027,NARROW_D_MID_1P25,USABLE,True,True,POSITIVE_RETAINED_BY_EXACT_VALID_WITNESS,H4A_GEOMETRY_TRANSITION_BEST|H4B_GEOMETRY_LATERAL_TRANSITION_BEST|ORACLE_V2_BEST|R1_FEASIBILITY_LEXICOGRAPHIC_SELECTED|R2_BALANCED_PHYSICS_SCORE_SELECTED|R3_LEXICOGRAPHIC_COVERAGE_RESERVE_SELECTED,True,False
VALIDATION_SEEN_AFTER_V1,VUE027,MINIMUM_TRANSITION_PAIR_ONLY,HARD,True,False,INCONCLUSIVE_WITNESS_NOT_RETAINED,,True,False
VALIDATION_SEEN_AFTER_V1,VUE027,MINIMUM_TRANSITION_PAIR_ONLY,USABLE,True,False,INCONCLUSIVE_WITNESS_NOT_RETAINED,,True,False
VALIDATION_SEEN_AFTER_V1,VUE027,NO_FROZEN_FACTOR_ANCHORS,HARD,True,True,POSITIVE_RETAINED_BY_EXACT_VALID_WITNESS,H4A_GEOMETRY_TRANSITION_BEST|H4B_GEOMETRY_LATERAL_TRANSITION_BEST|ORACLE_V2_BEST|R1_FEASIBILITY_LEXICOGRAPHIC_SELECTED|R2_BALANCED_PHYSICS_SCORE_SELECTED,True,False
VALIDATION_SEEN_AFTER_V1,VUE027,NO_FROZEN_FACTOR_ANCHORS,USABLE,True,True,POSITIVE_RETAINED_BY_EXACT_VALID_WITNESS,H4A_GEOMETRY_TRANSITION_BEST|H4B_GEOMETRY_LATERAL_TRANSITION_BEST|ORACLE_V2_BEST|R1_FEASIBILITY_LEXICOGRAPHIC_SELECTED|R2_BALANCED_PHYSICS_SCORE_SELECTED,True,False
VALIDATION_SEEN_AFTER_V1,VUE028,BASELINE_ORACLE_V2,HARD,True,True,POSITIVE_RETAINED_BY_EXACT_VALID_WITNESS,H3_FIXED_BOUNDED_BEST|H4A_GEOMETRY_TRANSITION_BEST|H4B_GEOMETRY_LATERAL_TRANSITION_BEST|ORACLE_V2_BEST|R1_FEASIBILITY_LEXICOGRAPHIC_SELECTED|R2_BALANCED_PHYSICS_SCORE_SELECTED|R3_LEXICOGRAPHIC_COVERAGE_RESERVE_SELECTED,False,False
VALIDATION_SEEN_AFTER_V1,VUE028,BASELINE_ORACLE_V2,USABLE,True,True,POSITIVE_RETAINED_BY_EXACT_VALID_WITNESS,H3_FIXED_BOUNDED_BEST|H4A_GEOMETRY_TRANSITION_BEST|H4B_GEOMETRY_LATERAL_TRANSITION_BEST|ORACLE_V2_BEST|R1_FEASIBILITY_LEXICOGRAPHIC_SELECTED|R2_BALANCED_PHYSICS_SCORE_SELECTED|R3_LEXICOGRAPHIC_COVERAGE_RESERVE_SELECTED,False,False
VALIDATION_SEEN_AFTER_V1,VUE028,COARSE_GRID_0P02,HARD,True,True,POSITIVE_RETAINED_BY_EXACT_VALID_WITNESS,H3_FIXED_BOUNDED_BEST|H4A_GEOMETRY_TRANSITION_BEST|H4B_GEOMETRY_LATERAL_TRANSITION_BEST|ORACLE_V2_BEST|R1_FEASIBILITY_LEXICOGRAPHIC_SELECTED|R2_BALANCED_PHYSICS_SCORE_SELECTED|R3_LEXICOGRAPHIC_COVERAGE_RESERVE_SELECTED,True,False
VALIDATION_SEEN_AFTER_V1,VUE028,COARSE_GRID_0P02,USABLE,True,True,POSITIVE_RETAINED_BY_EXACT_VALID_WITNESS,H3_FIXED_BOUNDED_BEST|H4A_GEOMETRY_TRANSITION_BEST|H4B_GEOMETRY_LATERAL_TRANSITION_BEST|ORACLE_V2_BEST|R1_FEASIBILITY_LEXICOGRAPHIC_SELECTED|R2_BALANCED_PHYSICS_SCORE_SELECTED|R3_LEXICOGRAPHIC_COVERAGE_RESERVE_SELECTED,True,False
VALIDATION_SEEN_AFTER_V1,VUE028,NARROW_D_MID_1P25,HARD,True,True,POSITIVE_RETAINED_BY_EXACT_VALID_WITNESS,H3_FIXED_BOUNDED_BEST|H4A_GEOMETRY_TRANSITION_BEST|H4B_GEOMETRY_LATERAL_TRANSITION_BEST|ORACLE_V2_BEST|R1_FEASIBILITY_LEXICOGRAPHIC_SELECTED|R2_BALANCED_PHYSICS_SCORE_SELECTED|R3_LEXICOGRAPHIC_COVERAGE_RESERVE_SELECTED,True,False
VALIDATION_SEEN_AFTER_V1,VUE028,NARROW_D_MID_1P25,USABLE,True,True,POSITIVE_RETAINED_BY_EXACT_VALID_WITNESS,H3_FIXED_BOUNDED_BEST|H4A_GEOMETRY_TRANSITION_BEST|H4B_GEOMETRY_LATERAL_TRANSITION_BEST|ORACLE_V2_BEST|R1_FEASIBILITY_LEXICOGRAPHIC_SELECTED|R2_BALANCED_PHYSICS_SCORE_SELECTED|R3_LEXICOGRAPHIC_COVERAGE_RESERVE_SELECTED,True,False
VALIDATION_SEEN_AFTER_V1,VUE028,MINIMUM_TRANSITION_PAIR_ONLY,HARD,True,False,INCONCLUSIVE_WITNESS_NOT_RETAINED,,True,False
VALIDATION_SEEN_AFTER_V1,VUE028,MINIMUM_TRANSITION_PAIR_ONLY,USABLE,True,False,INCONCLUSIVE_WITNESS_NOT_RETAINED,,True,False
VALIDATION_SEEN_AFTER_V1,VUE028,NO_FROZEN_FACTOR_ANCHORS,HARD,True,True,POSITIVE_RETAINED_BY_EXACT_VALID_WITNESS,H3_FIXED_BOUNDED_BEST|R1_FEASIBILITY_LEXICOGRAPHIC_SELECTED|R2_BALANCED_PHYSICS_SCORE_SELECTED|R3_LEXICOGRAPHIC_COVERAGE_RESERVE_SELECTED,True,False
VALIDATION_SEEN_AFTER_V1,VUE028,NO_FROZEN_FACTOR_ANCHORS,USABLE,True,True,POSITIVE_RETAINED_BY_EXACT_VALID_WITNESS,H3_FIXED_BOUNDED_BEST|R1_FEASIBILITY_LEXICOGRAPHIC_SELECTED|R2_BALANCED_PHYSICS_SCORE_SELECTED|R3_LEXICOGRAPHIC_COVERAGE_RESERVE_SELECTED,True,False
VALIDATION_SEEN_AFTER_V1,VUE029,BASELINE_ORACLE_V2,HARD,False,False,NEGATIVE_RETAINED_BY_SUBSET_MONOTONICITY,,False,False
VALIDATION_SEEN_AFTER_V1,VUE029,BASELINE_ORACLE_V2,USABLE,False,False,NEGATIVE_RETAINED_BY_SUBSET_MONOTONICITY,,False,False
VALIDATION_SEEN_AFTER_V1,VUE029,COARSE_GRID_0P02,HARD,False,False,NEGATIVE_RETAINED_BY_SUBSET_MONOTONICITY,,True,False
VALIDATION_SEEN_AFTER_V1,VUE029,COARSE_GRID_0P02,USABLE,False,False,NEGATIVE_RETAINED_BY_SUBSET_MONOTONICITY,,True,False
VALIDATION_SEEN_AFTER_V1,VUE029,NARROW_D_MID_1P25,HARD,False,False,NEGATIVE_RETAINED_BY_SUBSET_MONOTONICITY,,True,False
VALIDATION_SEEN_AFTER_V1,VUE029,NARROW_D_MID_1P25,USABLE,False,False,NEGATIVE_RETAINED_BY_SUBSET_MONOTONICITY,,True,False
VALIDATION_SEEN_AFTER_V1,VUE029,MINIMUM_TRANSITION_PAIR_ONLY,HARD,False,False,NEGATIVE_RETAINED_BY_SUBSET_MONOTONICITY,,True,False
VALIDATION_SEEN_AFTER_V1,VUE029,MINIMUM_TRANSITION_PAIR_ONLY,USABLE,False,False,NEGATIVE_RETAINED_BY_SUBSET_MONOTONICITY,,True,False
VALIDATION_SEEN_AFTER_V1,VUE029,NO_FROZEN_FACTOR_ANCHORS,HARD,False,False,NEGATIVE_RETAINED_BY_SUBSET_MONOTONICITY,,True,False
VALIDATION_SEEN_AFTER_V1,VUE029,NO_FROZEN_FACTOR_ANCHORS,USABLE,False,False,NEGATIVE_RETAINED_BY_SUBSET_MONOTONICITY,,True,False
VALIDATION_SEEN_AFTER_V1,VUE030,BASELINE_ORACLE_V2,HARD,True,True,POSITIVE_RETAINED_BY_EXACT_VALID_WITNESS,H3_FIXED_BOUNDED_BEST|H4A_GEOMETRY_TRANSITION_BEST|H4B_GEOMETRY_LATERAL_TRANSITION_BEST|ORACLE_V2_BEST|R1_FEASIBILITY_LEXICOGRAPHIC_SELECTED|R2_BALANCED_PHYSICS_SCORE_SELECTED|R3_LEXICOGRAPHIC_COVERAGE_RESERVE_SELECTED,False,False
VALIDATION_SEEN_AFTER_V1,VUE030,BASELINE_ORACLE_V2,USABLE,True,True,POSITIVE_RETAINED_BY_EXACT_VALID_WITNESS,H3_FIXED_BOUNDED_BEST|H4A_GEOMETRY_TRANSITION_BEST|H4B_GEOMETRY_LATERAL_TRANSITION_BEST|ORACLE_V2_BEST|R1_FEASIBILITY_LEXICOGRAPHIC_SELECTED|R2_BALANCED_PHYSICS_SCORE_SELECTED|R3_LEXICOGRAPHIC_COVERAGE_RESERVE_SELECTED,False,False
VALIDATION_SEEN_AFTER_V1,VUE030,COARSE_GRID_0P02,HARD,True,True,POSITIVE_RETAINED_BY_EXACT_VALID_WITNESS,H3_FIXED_BOUNDED_BEST|H4A_GEOMETRY_TRANSITION_BEST|H4B_GEOMETRY_LATERAL_TRANSITION_BEST|ORACLE_V2_BEST|R1_FEASIBILITY_LEXICOGRAPHIC_SELECTED|R2_BALANCED_PHYSICS_SCORE_SELECTED|R3_LEXICOGRAPHIC_COVERAGE_RESERVE_SELECTED,True,False
VALIDATION_SEEN_AFTER_V1,VUE030,COARSE_GRID_0P02,USABLE,True,True,POSITIVE_RETAINED_BY_EXACT_VALID_WITNESS,H3_FIXED_BOUNDED_BEST|H4A_GEOMETRY_TRANSITION_BEST|H4B_GEOMETRY_LATERAL_TRANSITION_BEST|ORACLE_V2_BEST|R1_FEASIBILITY_LEXICOGRAPHIC_SELECTED|R2_BALANCED_PHYSICS_SCORE_SELECTED|R3_LEXICOGRAPHIC_COVERAGE_RESERVE_SELECTED,True,False
VALIDATION_SEEN_AFTER_V1,VUE030,NARROW_D_MID_1P25,HARD,True,True,POSITIVE_RETAINED_BY_EXACT_VALID_WITNESS,H3_FIXED_BOUNDED_BEST|H4A_GEOMETRY_TRANSITION_BEST|H4B_GEOMETRY_LATERAL_TRANSITION_BEST|ORACLE_V2_BEST|R1_FEASIBILITY_LEXICOGRAPHIC_SELECTED|R2_BALANCED_PHYSICS_SCORE_SELECTED|R3_LEXICOGRAPHIC_COVERAGE_RESERVE_SELECTED,True,False
VALIDATION_SEEN_AFTER_V1,VUE030,NARROW_D_MID_1P25,USABLE,True,True,POSITIVE_RETAINED_BY_EXACT_VALID_WITNESS,H3_FIXED_BOUNDED_BEST|H4A_GEOMETRY_TRANSITION_BEST|H4B_GEOMETRY_LATERAL_TRANSITION_BEST|ORACLE_V2_BEST|R1_FEASIBILITY_LEXICOGRAPHIC_SELECTED|R2_BALANCED_PHYSICS_SCORE_SELECTED|R3_LEXICOGRAPHIC_COVERAGE_RESERVE_SELECTED,True,False
VALIDATION_SEEN_AFTER_V1,VUE030,MINIMUM_TRANSITION_PAIR_ONLY,HARD,True,False,INCONCLUSIVE_WITNESS_NOT_RETAINED,,True,False
VALIDATION_SEEN_AFTER_V1,VUE030,MINIMUM_TRANSITION_PAIR_ONLY,USABLE,True,False,INCONCLUSIVE_WITNESS_NOT_RETAINED,,True,False
VALIDATION_SEEN_AFTER_V1,VUE030,NO_FROZEN_FACTOR_ANCHORS,HARD,True,True,POSITIVE_RETAINED_BY_EXACT_VALID_WITNESS,H3_FIXED_BOUNDED_BEST|R1_FEASIBILITY_LEXICOGRAPHIC_SELECTED|R2_BALANCED_PHYSICS_SCORE_SELECTED|R3_LEXICOGRAPHIC_COVERAGE_RESERVE_SELECTED,True,False
VALIDATION_SEEN_AFTER_V1,VUE030,NO_FROZEN_FACTOR_ANCHORS,USABLE,True,True,POSITIVE_RETAINED_BY_EXACT_VALID_WITNESS,H3_FIXED_BOUNDED_BEST|R1_FEASIBILITY_LEXICOGRAPHIC_SELECTED|R2_BALANCED_PHYSICS_SCORE_SELECTED|R3_LEXICOGRAPHIC_COVERAGE_RESERVE_SELECTED,True,False
VALIDATION_SEEN_AFTER_V1,VUE031,BASELINE_ORACLE_V2,HARD,False,False,NEGATIVE_RETAINED_BY_SUBSET_MONOTONICITY,,False,False
VALIDATION_SEEN_AFTER_V1,VUE031,BASELINE_ORACLE_V2,USABLE,False,False,NEGATIVE_RETAINED_BY_SUBSET_MONOTONICITY,,False,False
VALIDATION_SEEN_AFTER_V1,VUE031,COARSE_GRID_0P02,HARD,False,False,NEGATIVE_RETAINED_BY_SUBSET_MONOTONICITY,,True,False
VALIDATION_SEEN_AFTER_V1,VUE031,COARSE_GRID_0P02,USABLE,False,False,NEGATIVE_RETAINED_BY_SUBSET_MONOTONICITY,,True,False
VALIDATION_SEEN_AFTER_V1,VUE031,NARROW_D_MID_1P25,HARD,False,False,NEGATIVE_RETAINED_BY_SUBSET_MONOTONICITY,,True,False
VALIDATION_SEEN_AFTER_V1,VUE031,NARROW_D_MID_1P25,USABLE,False,False,NEGATIVE_RETAINED_BY_SUBSET_MONOTONICITY,,True,False
VALIDATION_SEEN_AFTER_V1,VUE031,MINIMUM_TRANSITION_PAIR_ONLY,HARD,False,False,NEGATIVE_RETAINED_BY_SUBSET_MONOTONICITY,,True,False
VALIDATION_SEEN_AFTER_V1,VUE031,MINIMUM_TRANSITION_PAIR_ONLY,USABLE,False,False,NEGATIVE_RETAINED_BY_SUBSET_MONOTONICITY,,True,False
VALIDATION_SEEN_AFTER_V1,VUE031,NO_FROZEN_FACTOR_ANCHORS,HARD,False,False,NEGATIVE_RETAINED_BY_SUBSET_MONOTONICITY,,True,False
VALIDATION_SEEN_AFTER_V1,VUE031,NO_FROZEN_FACTOR_ANCHORS,USABLE,False,False,NEGATIVE_RETAINED_BY_SUBSET_MONOTONICITY,,True,False
VALIDATION_SEEN_AFTER_V1,VUE032,BASELINE_ORACLE_V2,HARD,True,True,POSITIVE_RETAINED_BY_EXACT_VALID_WITNESS,ORACLE_V2_BEST|R1_FEASIBILITY_LEXICOGRAPHIC_SELECTED|R2_BALANCED_PHYSICS_SCORE_SELECTED|R3_LEXICOGRAPHIC_COVERAGE_RESERVE_SELECTED,False,False
VALIDATION_SEEN_AFTER_V1,VUE032,BASELINE_ORACLE_V2,USABLE,True,True,POSITIVE_RETAINED_BY_EXACT_VALID_WITNESS,ORACLE_V2_BEST|R1_FEASIBILITY_LEXICOGRAPHIC_SELECTED|R2_BALANCED_PHYSICS_SCORE_SELECTED|R3_LEXICOGRAPHIC_COVERAGE_RESERVE_SELECTED,False,False
VALIDATION_SEEN_AFTER_V1,VUE032,COARSE_GRID_0P02,HARD,True,True,POSITIVE_RETAINED_BY_EXACT_VALID_WITNESS,ORACLE_V2_BEST,True,False
VALIDATION_SEEN_AFTER_V1,VUE032,COARSE_GRID_0P02,USABLE,True,True,POSITIVE_RETAINED_BY_EXACT_VALID_WITNESS,ORACLE_V2_BEST,True,False
VALIDATION_SEEN_AFTER_V1,VUE032,NARROW_D_MID_1P25,HARD,True,True,POSITIVE_RETAINED_BY_EXACT_VALID_WITNESS,ORACLE_V2_BEST,True,False
VALIDATION_SEEN_AFTER_V1,VUE032,NARROW_D_MID_1P25,USABLE,True,True,POSITIVE_RETAINED_BY_EXACT_VALID_WITNESS,ORACLE_V2_BEST,True,False
VALIDATION_SEEN_AFTER_V1,VUE032,MINIMUM_TRANSITION_PAIR_ONLY,HARD,True,False,INCONCLUSIVE_WITNESS_NOT_RETAINED,,True,False
VALIDATION_SEEN_AFTER_V1,VUE032,MINIMUM_TRANSITION_PAIR_ONLY,USABLE,True,False,INCONCLUSIVE_WITNESS_NOT_RETAINED,,True,False
VALIDATION_SEEN_AFTER_V1,VUE032,NO_FROZEN_FACTOR_ANCHORS,HARD,True,True,POSITIVE_RETAINED_BY_EXACT_VALID_WITNESS,ORACLE_V2_BEST,True,False
VALIDATION_SEEN_AFTER_V1,VUE032,NO_FROZEN_FACTOR_ANCHORS,USABLE,True,True,POSITIVE_RETAINED_BY_EXACT_VALID_WITNESS,ORACLE_V2_BEST,True,False
VALIDATION_SEEN_AFTER_V1,VUE033,BASELINE_ORACLE_V2,HARD,True,True,POSITIVE_RETAINED_BY_EXACT_VALID_WITNESS,H3_FIXED_BOUNDED_BEST|H4A_GEOMETRY_TRANSITION_BEST|H4B_GEOMETRY_LATERAL_TRANSITION_BEST|ORACLE_V2_BEST|R1_FEASIBILITY_LEXICOGRAPHIC_SELECTED|R2_BALANCED_PHYSICS_SCORE_SELECTED|R3_LEXICOGRAPHIC_COVERAGE_RESERVE_SELECTED,False,False
VALIDATION_SEEN_AFTER_V1,VUE033,BASELINE_ORACLE_V2,USABLE,True,True,POSITIVE_RETAINED_BY_EXACT_VALID_WITNESS,H3_FIXED_BOUNDED_BEST|H4A_GEOMETRY_TRANSITION_BEST|H4B_GEOMETRY_LATERAL_TRANSITION_BEST|ORACLE_V2_BEST|R1_FEASIBILITY_LEXICOGRAPHIC_SELECTED|R2_BALANCED_PHYSICS_SCORE_SELECTED|R3_LEXICOGRAPHIC_COVERAGE_RESERVE_SELECTED,False,False
VALIDATION_SEEN_AFTER_V1,VUE033,COARSE_GRID_0P02,HARD,True,True,POSITIVE_RETAINED_BY_EXACT_VALID_WITNESS,H3_FIXED_BOUNDED_BEST|H4A_GEOMETRY_TRANSITION_BEST|H4B_GEOMETRY_LATERAL_TRANSITION_BEST|ORACLE_V2_BEST,True,False
VALIDATION_SEEN_AFTER_V1,VUE033,COARSE_GRID_0P02,USABLE,True,True,POSITIVE_RETAINED_BY_EXACT_VALID_WITNESS,H3_FIXED_BOUNDED_BEST|H4A_GEOMETRY_TRANSITION_BEST|H4B_GEOMETRY_LATERAL_TRANSITION_BEST|ORACLE_V2_BEST,True,False
VALIDATION_SEEN_AFTER_V1,VUE033,NARROW_D_MID_1P25,HARD,True,True,POSITIVE_RETAINED_BY_EXACT_VALID_WITNESS,H3_FIXED_BOUNDED_BEST|H4A_GEOMETRY_TRANSITION_BEST|H4B_GEOMETRY_LATERAL_TRANSITION_BEST|ORACLE_V2_BEST,True,False
VALIDATION_SEEN_AFTER_V1,VUE033,NARROW_D_MID_1P25,USABLE,True,True,POSITIVE_RETAINED_BY_EXACT_VALID_WITNESS,H3_FIXED_BOUNDED_BEST|H4A_GEOMETRY_TRANSITION_BEST|H4B_GEOMETRY_LATERAL_TRANSITION_BEST|ORACLE_V2_BEST,True,False
VALIDATION_SEEN_AFTER_V1,VUE033,MINIMUM_TRANSITION_PAIR_ONLY,HARD,True,True,POSITIVE_RETAINED_BY_EXACT_VALID_WITNESS,H3_FIXED_BOUNDED_BEST,True,False
VALIDATION_SEEN_AFTER_V1,VUE033,MINIMUM_TRANSITION_PAIR_ONLY,USABLE,True,True,POSITIVE_RETAINED_BY_EXACT_VALID_WITNESS,H3_FIXED_BOUNDED_BEST,True,False
VALIDATION_SEEN_AFTER_V1,VUE033,NO_FROZEN_FACTOR_ANCHORS,HARD,True,True,POSITIVE_RETAINED_BY_EXACT_VALID_WITNESS,ORACLE_V2_BEST,True,False
VALIDATION_SEEN_AFTER_V1,VUE033,NO_FROZEN_FACTOR_ANCHORS,USABLE,True,True,POSITIVE_RETAINED_BY_EXACT_VALID_WITNESS,ORACLE_V2_BEST,True,False
VALIDATION_SEEN_AFTER_V1,VUE034,BASELINE_ORACLE_V2,HARD,True,True,POSITIVE_RETAINED_BY_EXACT_VALID_WITNESS,H3_FIXED_BOUNDED_BEST|H4A_GEOMETRY_TRANSITION_BEST|H4B_GEOMETRY_LATERAL_TRANSITION_BEST|ORACLE_V2_BEST|R1_FEASIBILITY_LEXICOGRAPHIC_SELECTED|R2_BALANCED_PHYSICS_SCORE_SELECTED|R3_LEXICOGRAPHIC_COVERAGE_RESERVE_SELECTED,False,False
VALIDATION_SEEN_AFTER_V1,VUE034,BASELINE_ORACLE_V2,USABLE,True,True,POSITIVE_RETAINED_BY_EXACT_VALID_WITNESS,H3_FIXED_BOUNDED_BEST|H4A_GEOMETRY_TRANSITION_BEST|H4B_GEOMETRY_LATERAL_TRANSITION_BEST|ORACLE_V2_BEST|R1_FEASIBILITY_LEXICOGRAPHIC_SELECTED|R2_BALANCED_PHYSICS_SCORE_SELECTED|R3_LEXICOGRAPHIC_COVERAGE_RESERVE_SELECTED,False,False
VALIDATION_SEEN_AFTER_V1,VUE034,COARSE_GRID_0P02,HARD,True,True,POSITIVE_RETAINED_BY_EXACT_VALID_WITNESS,H3_FIXED_BOUNDED_BEST|H4A_GEOMETRY_TRANSITION_BEST|H4B_GEOMETRY_LATERAL_TRANSITION_BEST,True,False
VALIDATION_SEEN_AFTER_V1,VUE034,COARSE_GRID_0P02,USABLE,True,True,POSITIVE_RETAINED_BY_EXACT_VALID_WITNESS,H3_FIXED_BOUNDED_BEST|H4A_GEOMETRY_TRANSITION_BEST|H4B_GEOMETRY_LATERAL_TRANSITION_BEST,True,False
VALIDATION_SEEN_AFTER_V1,VUE034,NARROW_D_MID_1P25,HARD,True,True,POSITIVE_RETAINED_BY_EXACT_VALID_WITNESS,H3_FIXED_BOUNDED_BEST|H4A_GEOMETRY_TRANSITION_BEST|H4B_GEOMETRY_LATERAL_TRANSITION_BEST|ORACLE_V2_BEST,True,False
VALIDATION_SEEN_AFTER_V1,VUE034,NARROW_D_MID_1P25,USABLE,True,True,POSITIVE_RETAINED_BY_EXACT_VALID_WITNESS,H3_FIXED_BOUNDED_BEST|H4A_GEOMETRY_TRANSITION_BEST|H4B_GEOMETRY_LATERAL_TRANSITION_BEST|ORACLE_V2_BEST,True,False
VALIDATION_SEEN_AFTER_V1,VUE034,MINIMUM_TRANSITION_PAIR_ONLY,HARD,True,True,POSITIVE_RETAINED_BY_EXACT_VALID_WITNESS,H4A_GEOMETRY_TRANSITION_BEST|H4B_GEOMETRY_LATERAL_TRANSITION_BEST,True,False
VALIDATION_SEEN_AFTER_V1,VUE034,MINIMUM_TRANSITION_PAIR_ONLY,USABLE,True,True,POSITIVE_RETAINED_BY_EXACT_VALID_WITNESS,H4A_GEOMETRY_TRANSITION_BEST|H4B_GEOMETRY_LATERAL_TRANSITION_BEST,True,False
VALIDATION_SEEN_AFTER_V1,VUE034,NO_FROZEN_FACTOR_ANCHORS,HARD,True,True,POSITIVE_RETAINED_BY_EXACT_VALID_WITNESS,ORACLE_V2_BEST,True,False
VALIDATION_SEEN_AFTER_V1,VUE034,NO_FROZEN_FACTOR_ANCHORS,USABLE,True,True,POSITIVE_RETAINED_BY_EXACT_VALID_WITNESS,ORACLE_V2_BEST,True,False
VALIDATION_SEEN_AFTER_V1,VUE035,BASELINE_ORACLE_V2,HARD,True,True,POSITIVE_RETAINED_BY_EXACT_VALID_WITNESS,ORACLE_V2_BEST,False,False
VALIDATION_SEEN_AFTER_V1,VUE035,BASELINE_ORACLE_V2,USABLE,True,True,POSITIVE_RETAINED_BY_EXACT_VALID_WITNESS,ORACLE_V2_BEST,False,False
VALIDATION_SEEN_AFTER_V1,VUE035,COARSE_GRID_0P02,HARD,True,True,POSITIVE_RETAINED_BY_EXACT_VALID_WITNESS,ORACLE_V2_BEST,True,False
VALIDATION_SEEN_AFTER_V1,VUE035,COARSE_GRID_0P02,USABLE,True,True,POSITIVE_RETAINED_BY_EXACT_VALID_WITNESS,ORACLE_V2_BEST,True,False
VALIDATION_SEEN_AFTER_V1,VUE035,NARROW_D_MID_1P25,HARD,True,True,POSITIVE_RETAINED_BY_EXACT_VALID_WITNESS,ORACLE_V2_BEST,True,False
VALIDATION_SEEN_AFTER_V1,VUE035,NARROW_D_MID_1P25,USABLE,True,True,POSITIVE_RETAINED_BY_EXACT_VALID_WITNESS,ORACLE_V2_BEST,True,False
VALIDATION_SEEN_AFTER_V1,VUE035,MINIMUM_TRANSITION_PAIR_ONLY,HARD,True,True,POSITIVE_RETAINED_BY_EXACT_VALID_WITNESS,ORACLE_V2_BEST,True,False
VALIDATION_SEEN_AFTER_V1,VUE035,MINIMUM_TRANSITION_PAIR_ONLY,USABLE,True,True,POSITIVE_RETAINED_BY_EXACT_VALID_WITNESS,ORACLE_V2_BEST,True,False
VALIDATION_SEEN_AFTER_V1,VUE035,NO_FROZEN_FACTOR_ANCHORS,HARD,True,True,POSITIVE_RETAINED_BY_EXACT_VALID_WITNESS,ORACLE_V2_BEST,True,False
VALIDATION_SEEN_AFTER_V1,VUE035,NO_FROZEN_FACTOR_ANCHORS,USABLE,True,True,POSITIVE_RETAINED_BY_EXACT_VALID_WITNESS,ORACLE_V2_BEST,True,False
VALIDATION_SEEN_AFTER_V1,VUE036,BASELINE_ORACLE_V2,HARD,True,True,POSITIVE_RETAINED_BY_EXACT_VALID_WITNESS,H3_FIXED_BOUNDED_BEST|H4A_GEOMETRY_TRANSITION_BEST|H4B_GEOMETRY_LATERAL_TRANSITION_BEST|ORACLE_V2_BEST|R1_FEASIBILITY_LEXICOGRAPHIC_SELECTED|R2_BALANCED_PHYSICS_SCORE_SELECTED|R3_LEXICOGRAPHIC_COVERAGE_RESERVE_SELECTED,False,False
VALIDATION_SEEN_AFTER_V1,VUE036,BASELINE_ORACLE_V2,USABLE,True,True,POSITIVE_RETAINED_BY_EXACT_VALID_WITNESS,H3_FIXED_BOUNDED_BEST|H4A_GEOMETRY_TRANSITION_BEST|H4B_GEOMETRY_LATERAL_TRANSITION_BEST|ORACLE_V2_BEST|R1_FEASIBILITY_LEXICOGRAPHIC_SELECTED|R2_BALANCED_PHYSICS_SCORE_SELECTED|R3_LEXICOGRAPHIC_COVERAGE_RESERVE_SELECTED,False,False
VALIDATION_SEEN_AFTER_V1,VUE036,COARSE_GRID_0P02,HARD,True,True,POSITIVE_RETAINED_BY_EXACT_VALID_WITNESS,H3_FIXED_BOUNDED_BEST|H4A_GEOMETRY_TRANSITION_BEST|H4B_GEOMETRY_LATERAL_TRANSITION_BEST|R1_FEASIBILITY_LEXICOGRAPHIC_SELECTED|R2_BALANCED_PHYSICS_SCORE_SELECTED|R3_LEXICOGRAPHIC_COVERAGE_RESERVE_SELECTED,True,False
VALIDATION_SEEN_AFTER_V1,VUE036,COARSE_GRID_0P02,USABLE,True,True,POSITIVE_RETAINED_BY_EXACT_VALID_WITNESS,H3_FIXED_BOUNDED_BEST|H4A_GEOMETRY_TRANSITION_BEST|H4B_GEOMETRY_LATERAL_TRANSITION_BEST|R1_FEASIBILITY_LEXICOGRAPHIC_SELECTED|R2_BALANCED_PHYSICS_SCORE_SELECTED|R3_LEXICOGRAPHIC_COVERAGE_RESERVE_SELECTED,True,False
VALIDATION_SEEN_AFTER_V1,VUE036,NARROW_D_MID_1P25,HARD,True,True,POSITIVE_RETAINED_BY_EXACT_VALID_WITNESS,H3_FIXED_BOUNDED_BEST|H4A_GEOMETRY_TRANSITION_BEST|H4B_GEOMETRY_LATERAL_TRANSITION_BEST|ORACLE_V2_BEST|R1_FEASIBILITY_LEXICOGRAPHIC_SELECTED|R2_BALANCED_PHYSICS_SCORE_SELECTED|R3_LEXICOGRAPHIC_COVERAGE_RESERVE_SELECTED,True,False
VALIDATION_SEEN_AFTER_V1,VUE036,NARROW_D_MID_1P25,USABLE,True,True,POSITIVE_RETAINED_BY_EXACT_VALID_WITNESS,H3_FIXED_BOUNDED_BEST|H4A_GEOMETRY_TRANSITION_BEST|H4B_GEOMETRY_LATERAL_TRANSITION_BEST|ORACLE_V2_BEST|R1_FEASIBILITY_LEXICOGRAPHIC_SELECTED|R2_BALANCED_PHYSICS_SCORE_SELECTED|R3_LEXICOGRAPHIC_COVERAGE_RESERVE_SELECTED,True,False
VALIDATION_SEEN_AFTER_V1,VUE036,MINIMUM_TRANSITION_PAIR_ONLY,HARD,True,True,POSITIVE_RETAINED_BY_EXACT_VALID_WITNESS,H3_FIXED_BOUNDED_BEST|H4A_GEOMETRY_TRANSITION_BEST|H4B_GEOMETRY_LATERAL_TRANSITION_BEST|ORACLE_V2_BEST|R1_FEASIBILITY_LEXICOGRAPHIC_SELECTED|R2_BALANCED_PHYSICS_SCORE_SELECTED|R3_LEXICOGRAPHIC_COVERAGE_RESERVE_SELECTED,True,False
VALIDATION_SEEN_AFTER_V1,VUE036,MINIMUM_TRANSITION_PAIR_ONLY,USABLE,True,True,POSITIVE_RETAINED_BY_EXACT_VALID_WITNESS,H3_FIXED_BOUNDED_BEST|H4A_GEOMETRY_TRANSITION_BEST|H4B_GEOMETRY_LATERAL_TRANSITION_BEST|ORACLE_V2_BEST|R1_FEASIBILITY_LEXICOGRAPHIC_SELECTED|R2_BALANCED_PHYSICS_SCORE_SELECTED|R3_LEXICOGRAPHIC_COVERAGE_RESERVE_SELECTED,True,False
VALIDATION_SEEN_AFTER_V1,VUE036,NO_FROZEN_FACTOR_ANCHORS,HARD,True,True,POSITIVE_RETAINED_BY_EXACT_VALID_WITNESS,ORACLE_V2_BEST|R1_FEASIBILITY_LEXICOGRAPHIC_SELECTED|R2_BALANCED_PHYSICS_SCORE_SELECTED|R3_LEXICOGRAPHIC_COVERAGE_RESERVE_SELECTED,True,False
VALIDATION_SEEN_AFTER_V1,VUE036,NO_FROZEN_FACTOR_ANCHORS,USABLE,True,True,POSITIVE_RETAINED_BY_EXACT_VALID_WITNESS,ORACLE_V2_BEST|R1_FEASIBILITY_LEXICOGRAPHIC_SELECTED|R2_BALANCED_PHYSICS_SCORE_SELECTED|R3_LEXICOGRAPHIC_COVERAGE_RESERVE_SELECTED,True,False
VALIDATION_SEEN_AFTER_V1,VUE037,BASELINE_ORACLE_V2,HARD,False,False,NEGATIVE_RETAINED_BY_SUBSET_MONOTONICITY,,False,False
VALIDATION_SEEN_AFTER_V1,VUE037,BASELINE_ORACLE_V2,USABLE,False,False,NEGATIVE_RETAINED_BY_SUBSET_MONOTONICITY,,False,False
VALIDATION_SEEN_AFTER_V1,VUE037,COARSE_GRID_0P02,HARD,False,False,NEGATIVE_RETAINED_BY_SUBSET_MONOTONICITY,,True,False
VALIDATION_SEEN_AFTER_V1,VUE037,COARSE_GRID_0P02,USABLE,False,False,NEGATIVE_RETAINED_BY_SUBSET_MONOTONICITY,,True,False
VALIDATION_SEEN_AFTER_V1,VUE037,NARROW_D_MID_1P25,HARD,False,False,NEGATIVE_RETAINED_BY_SUBSET_MONOTONICITY,,True,False
VALIDATION_SEEN_AFTER_V1,VUE037,NARROW_D_MID_1P25,USABLE,False,False,NEGATIVE_RETAINED_BY_SUBSET_MONOTONICITY,,True,False
VALIDATION_SEEN_AFTER_V1,VUE037,MINIMUM_TRANSITION_PAIR_ONLY,HARD,False,False,NEGATIVE_RETAINED_BY_SUBSET_MONOTONICITY,,True,False
VALIDATION_SEEN_AFTER_V1,VUE037,MINIMUM_TRANSITION_PAIR_ONLY,USABLE,False,False,NEGATIVE_RETAINED_BY_SUBSET_MONOTONICITY,,True,False
VALIDATION_SEEN_AFTER_V1,VUE037,NO_FROZEN_FACTOR_ANCHORS,HARD,False,False,NEGATIVE_RETAINED_BY_SUBSET_MONOTONICITY,,True,False
VALIDATION_SEEN_AFTER_V1,VUE037,NO_FROZEN_FACTOR_ANCHORS,USABLE,False,False,NEGATIVE_RETAINED_BY_SUBSET_MONOTONICITY,,True,False
