event_id,violation_count,violation_score,request_index,phase,gate,side,d_target,d_mid,entry_scale,exit_scale,z0,z1,z2,z3,z4,point_count,validator_executed,hard_valid,first_failure_reason,first_failure_enum,failure_waypoint_index,failure_obstacle_id,center_track_margin_m,footprint_track_margin_m,obstacle_margin_m,waypoint0_center_track_margin_m,waypoint0_footprint_track_margin_m,peak_lateral_slope,lateral_slope_margin,peak_positive_curvature_radpm,peak_negative_curvature_radpm,signed_curvature_margin_radpm,peak_curvature_rate_radpm2,curvature_rate_margin_radpm2,braking_deficit_m,velocity_loss,minimum_normalized_safety_slack,global_path_deviation_m,exit_reaches_next_obstacle,path_digest,failure_footprint_side,failure_heading_relative_rad,failure_corner_protrusion_m
DVE001,1,0.0075495944675339766,1630,REFINE,STRICT,RIGHT,-0.53999999999999992,-0.53999999999999992,0.51458109301505117,0.49716841625749453,0.32220054202223214,0.53039747217868261,0.63824066751748454,0.74608386285628647,1.9932336371719499,28,1,0,footprint_track_bound,3,1,-1,0.20342070602736209,-7.5495944675339766e-05,0.072956543505364735,0.20342070602736209,0.060291935089668493,0.72864130371014257,0.071358696289857471,nan,nan,0.33048739839853736,3.3981574078846988,16.6018425921153,0,0.22554644301480906,0.0356138040182414,0.11699228571012586,0,ec21eed1d9f460f5,right,0.20353510377470707,0.053500882194671889
DVE001,1,0.007918946936576882,1457,REFINE,STRICT,RIGHT,-0.51999999999999991,-0.60999999999999999,0.51458109301505117,0.49716841625749453,0.32220054202223214,0.53039747217868261,0.63824066751748454,0.74608386285628647,1.9932336371719499,28,1,0,footprint_track_bound,3,1,-1,0.20342070602736209,-7.9189469365768816e-05,0.084545299599683266,0.20342070602736209,0.033716610326698628,0.60663171654648318,0.19336828345351686,nan,nan,0.038199942522121555,2.1446145375494154,17.855385462450585,0,0.22339280303030065,0.029021434465149182,0.10865851508652591,0,1f5b10e0f69b7c14,right,0.20355141471012017,0.053504860410799077
DVE001,1,0.007918946936599086,1458,REFINE,STRICT,RIGHT,-0.51999999999999991,-0.60999999999999921,0.51458109301505117,0.49716841625749453,0.32220054202223214,0.53039747217868261,0.63824066751748454,0.74608386285628647,1.9932336371719499,28,1,0,footprint_track_bound,3,1,-1,0.20342070602736209,-7.9189469365990861e-05,0.084545299599683044,0.20342070602736209,0.033716610326700182,0.60663171654648318,0.19336828345351686,nan,nan,0.038199942522194164,2.1446145375494492,17.855385462450549,0,0.22339280303030135,0.029021434465204346,0.10865851508652589,0,61b07036e9414c84,right,0.20355141471012062,0.053504860410799188
DVE001,1,0.013599180074871237,331,REFINE,STRICT,RIGHT,-0.60999999999999999,-0.80000000000000004,0.71366941165554731,0.49716841625749453,0.24165040651667419,0.53039747217868261,0.63824066751748454,0.74608386285628647,1.9932336371719499,28,1,0,footprint_track_bound,3,2,-1,0.19631475155765357,-0.00013599180074871237,0.20835879161205839,0.20342070602736209,0.022211942930810004,0.70908825839164269,0.090911741608357355,nan,nan,0.34150717867154201,2.7548499376008184,17.245150062399183,0,0.22511689460349302,0.030876501038435717,0.12249675742728473,0,8e25a396553bba8f,right,0.17496588283968179,0.046450743358402297
DVE001,1,0.015050975366855818,911,COARSE,STRICT,RIGHT,-0.46782645683028812,-0.47180573094231487,0.71366941165554731,0.49716841625749453,0.24165040651667419,0.53039747217868261,0.63824066751748454,0.74608386285628647,1.9932336371719499,28,1,0,footprint_track_bound,3,1,-1,0.20342070602736209,-0.00015050975366855818,0.0020833034841704623,0.20342070602736209,0.039064234751776485,0.68074530741088424,0.11925469258911581,nan,nan,0.42769840576507479,2.6705914417026322,17.329408558297366,0,0.21147235671826378,0.0013888689894469748,0.10204901680665482,0,008f913ec05ad7a1,right,0.3269438576764343,0.08197631511680617
DVE001,1,0.015050975366855818,3639,COARSE,RELAXED,RIGHT,-0.46782645683028812,-0.47180573094231487,0.71366941165554731,0.49716841625749453,0.24165040651667419,0.53039747217868261,0.63824066751748454,0.74608386285628647,1.9932336371719499,28,1,0,footprint_track_bound,3,1,-1,0.20342070602736209,-0.00015050975366855818,0.0020833034841704623,0.20342070602736209,0.039064234751776485,0.68074530741088424,0.11925469258911581,nan,nan,0.42769840576507479,2.6705914417026322,17.329408558297366,0,0.21147235671826378,0.0013888689894469748,0.10204901680665482,0,008f913ec05ad7a1,right,0.3269438576764343,0.08197631511680617
DVE001,1,0.021111361562303754,948,REFINE,STRICT,RIGHT,-0.59999999999999998,-0.45999999999999919,0.51458109301505117,0.49716841625749453,0.32220054202223214,0.53039747217868261,0.63824066751748454,0.74608386285628647,1.9932336371719499,28,1,0,quintic d-offset exceeds maximum_lateral_slope,5,5,-1,0.20342070602736209,0.01360300076914648,0.074841207303117829,0.20342070602736209,0.01795595693285227,0.80042222723124612,-0.00042222723124607509,nan,nan,0.29387576432556428,4.3416453141116955,15.658354685888305,0,0.22564096432339853,0.0356138040182414,0.11821605893130802,0,60c2dec46b5fd3a4,,nan,nan
DVE001,1,0.021111361562303754,1038,REFINE,STRICT,RIGHT,-0.59999999999999998,-0.45999999999999919,0.71366941165554731,0.49716841625749453,0.24165040651667419,0.53039747217868261,0.63824066751748454,0.74608386285628647,1.9932336371719499,28,1,0,quintic d-offset exceeds maximum_lateral_slope,5,5,-1,0.20342070602736209,0.0065922722796407998,0.077714039966660708,0.20342070602736209,0.0065922722796407998,0.80042222723124612,-0.00042222723124607509,nan,nan,0.29387576432556806,4.3136150830765825,15.686384916923418,0,0.22557519356194636,0.0356138040182414,0.11802151566766143,0,6cb262f0830954c6,,nan,nan
DVE001,1,0.021111361562314856,947,REFINE,STRICT,RIGHT,-0.59999999999999998,-0.45999999999999996,0.51458109301505117,0.49716841625749453,0.32220054202223214,0.53039747217868261,0.63824066751748454,0.74608386285628647,1.9932336371719499,28,1,0,quintic d-offset exceeds maximum_lateral_slope,5,5,-1,0.20342070602736209,0.013603000769146702,0.074841207303118162,0.20342070602736209,0.017955956932861485,0.80042222723124634,-0.00042222723124629713,nan,nan,0.29387576432558316,4.3416453141116538,15.658354685888346,0,0.22564096432339528,0.0356138040182414,0.11821605893130809,0,2a214b006145a314,,nan,nan
DVE001,1,0.021111361562314856,1037,REFINE,STRICT,RIGHT,-0.59999999999999998,-0.45999999999999996,0.71366941165554731,0.49716841625749453,0.24165040651667419,0.53039747217868261,0.63824066751748454,0.74608386285628647,1.9932336371719499,28,1,0,quintic d-offset exceeds maximum_lateral_slope,5,5,-1,0.20342070602736209,0.0065922722796390235,0.077714039966661042,0.20342070602736209,0.0065922722796390235,0.80042222723124634,-0.00042222723124629713,nan,nan,0.29387576432558316,4.3136150830766189,15.68638491692338,0,0.22557519356194433,0.0356138040182414,0.11802151566766152,0,942f58dce9edf84a,,nan,nan
DVE002,1,0.07708367767998991,395,REFINE,STRICT,LEFT,0.49000000000000005,0.21000000000000005,0.51458109301505117,0.49716841625749453,0,0.41771533803468081,0.49459715790423142,0.57147897777378198,3.6432488781055721,35,1,0,quintic d-offset exceeds maximum_lateral_slope,5,1,-1,0.60948238260463183,0.38860758455061017,0.28751413180238949,0.97899791234849609,0.71096255055657753,0.80154167355359984,-0.0015416735535997983,nan,nan,0.37687122235358028,5.3982300151196299,14.60176998488037,0,0.19453735259207172,0.19167608786825965,0.064468087435347557,0,f438c210d47548f6,,nan,nan
DVE002,1,0.07708367767998991,485,REFINE,STRICT,LEFT,0.49000000000000005,0.21000000000000005,0.71366941165554731,0.49716841625749453,0,0.41771533803468081,0.49459715790423142,0.57147897777378198,3.6432488781055721,35,1,0,quintic d-offset exceeds maximum_lateral_slope,5,1,-1,0.60948238260463183,0.38860758455061017,0.28751413180238949,0.97899791234849609,0.71096255055657753,0.80154167355359984,-0.0015416735535997983,nan,nan,0.37687122235358028,5.3982300151196299,14.60176998488037,0,0.19453735259207172,0.19167608786825965,0.064468087435347557,0,f438c210d47548f6,,nan,nan
DVE002,1,0.07708367767998991,575,REFINE,RELAXED,LEFT,0.49000000000000005,0.21000000000000005,0.51458109301505117,0.49716841625749453,0,0.41771533803468081,0.49459715790423142,0.57147897777378198,3.6432488781055721,35,1,0,quintic d-offset exceeds maximum_lateral_slope,5,1,-1,0.60948238260463183,0.38860758455061017,0.28751413180238949,0.97899791234849609,0.71096255055657753,0.80154167355359984,-0.0015416735535997983,nan,nan,0.37687122235358028,5.3982300151196299,14.60176998488037,0,0.19453735259207172,0.19167608786825965,0.064468087435347557,0,f438c210d47548f6,,nan,nan
DVE002,1,0.07708367767998991,665,REFINE,RELAXED,LEFT,0.49000000000000005,0.21000000000000005,0.71366941165554731,0.49716841625749453,0,0.41771533803468081,0.49459715790423142,0.57147897777378198,3.6432488781055721,35,1,0,quintic d-offset exceeds maximum_lateral_slope,5,1,-1,0.60948238260463183,0.38860758455061017,0.28751413180238949,0.97899791234849609,0.71096255055657753,0.80154167355359984,-0.0015416735535997983,nan,nan,0.37687122235358028,5.3982300151196299,14.60176998488037,0,0.19453735259207172,0.19167608786825965,0.064468087435347557,0,f438c210d47548f6,,nan,nan
DVE002,1,0.07708367768001212,30,REFINE,STRICT,LEFT,0.49000000000000005,0.21000000000000077,0.51458109301505117,0.49716841625749453,0,0.41771533803468081,0.49459715790423142,0.57147897777378198,3.6432488781055721,35,1,0,quintic d-offset exceeds maximum_lateral_slope,5,1,-1,0.60948238260463183,0.38860758455061195,0.28751413180238999,0.97899791234849609,0.7109625505567656,0.80154167355360029,-0.0015416735536002424,nan,nan,0.37687122235360482,5.3982300151191955,14.601769984880804,0,0.19453735259207497,0.19167608786825999,0.064468087435347515,0,740e507f22499fc5,,nan,nan
DVE002,1,0.07708367768001212,120,REFINE,STRICT,LEFT,0.49000000000000005,0.21000000000000077,0.71366941165554731,0.49716841625749453,0,0.41771533803468081,0.49459715790423142,0.57147897777378198,3.6432488781055721,35,1,0,quintic d-offset exceeds maximum_lateral_slope,5,1,-1,0.60948238260463183,0.38860758455061195,0.28751413180238999,0.97899791234849609,0.7109625505567656,0.80154167355360029,-0.0015416735536002424,nan,nan,0.37687122235360482,5.3982300151191955,14.601769984880804,0,0.19453735259207497,0.19167608786825999,0.064468087435347515,0,740e507f22499fc5,,nan,nan
DVE002,1,0.07708367768001212,210,REFINE,RELAXED,LEFT,0.49000000000000005,0.21000000000000077,0.51458109301505117,0.49716841625749453,0,0.41771533803468081,0.49459715790423142,0.57147897777378198,3.6432488781055721,35,1,0,quintic d-offset exceeds maximum_lateral_slope,5,1,-1,0.60948238260463183,0.38860758455061195,0.28751413180238999,0.97899791234849609,0.7109625505567656,0.80154167355360029,-0.0015416735536002424,nan,nan,0.37687122235360482,5.3982300151191955,14.601769984880804,0,0.19453735259207497,0.19167608786825999,0.064468087435347515,0,740e507f22499fc5,,nan,nan
DVE002,1,0.07708367768001212,300,REFINE,RELAXED,LEFT,0.49000000000000005,0.21000000000000077,0.71366941165554731,0.49716841625749453,0,0.41771533803468081,0.49459715790423142,0.57147897777378198,3.6432488781055721,35,1,0,quintic d-offset exceeds maximum_lateral_slope,5,1,-1,0.60948238260463183,0.38860758455061195,0.28751413180238999,0.97899791234849609,0.7109625505567656,0.80154167355360029,-0.0015416735536002424,nan,nan,0.37687122235360482,5.3982300151191955,14.601769984880804,0,0.19453735259207497,0.19167608786825999,0.064468087435347515,0,740e507f22499fc5,,nan,nan
DVE002,1,0.18591473140330828,47,REFINE,STRICT,LEFT,0.5,0.28000000000000003,0.51458109301505117,0.49716841625749453,0,0.43021533803468076,0.5008471579042314,0.57147897777378198,3.6432488781055721,35,1,0,quintic d-offset exceeds maximum_lateral_slope,5,1,-1,0.62879630678374665,0.38164742604202562,0.32385523180029074,0.97899324162093893,0.70183556864598917,0.80371829462806621,-0.0037182946280661655,nan,nan,0.35666977720114335,5.3353329718148625,14.664667028185137,0,0.19011647915578772,0.21590348786686051,0.063834514596963238,0,21da2b8eae3f2f30,,nan,nan
DVE002,1,0.18591473140330828,137,REFINE,STRICT,LEFT,0.5,0.28000000000000003,0.71366941165554731,0.49716841625749453,0,0.43021533803468076,0.5008471579042314,0.57147897777378198,3.6432488781055721,35,1,0,quintic d-offset exceeds maximum_lateral_slope,5,1,-1,0.62879630678374665,0.38164742604202562,0.32385523180029074,0.97899324162093893,0.70183556864598917,0.80371829462806621,-0.0037182946280661655,nan,nan,0.35666977720114335,5.3353329718148625,14.664667028185137,0,0.19011647915578772,0.21590348786686051,0.063834514596963238,0,21da2b8eae3f2f30,,nan,nan
DVE003,2,37.72551084958017,144,COARSE,STRICT,RIGHT,-0.95000000000000007,-1.0499999999999996,0.51458109301505117,0.49716841625749453,0.66696718104799135,1.0979426186985952,1.1372486544721303,1.1765546902456654,2.4237044645613288,29,1,0,quintic d-offset exceeds maximum_lateral_slope,5,6,-1,0.19727899293568121,0.0010104920868168402,-0.37725510849580168,0.53008105119547166,0.2339973223668961,1.1484685776631569,-0.34846857766315686,nan,nan,0.040266272738986864,3.7009595436796485,16.299040456320352,0,0.57002205750905044,-0.25150340566386781,0.21776346262383589,0,59d17c10b73a9740,,nan,nan
DVE003,2,37.72551084958017,145,COARSE,STRICT,RIGHT,-0.95000000000000007,-1.0499999999999996,0.71366941165554731,0.49716841625749453,0.50022538578599351,1.0979426186985952,1.1372486544721303,1.1765546902456654,2.4237044645613288,29,1,0,quintic d-offset exceeds maximum_lateral_slope,5,6,-1,0.19884412564457779,0.0024803200692867025,-0.37725510849580168,0.53008105119547166,0.24127909410865159,1.1484685776631569,-0.34846857766315686,nan,nan,0.040266272738986864,3.7009595436796485,16.299040456320352,0,0.56942459181958749,-0.25150340566386781,0.21837669953542263,0,2be595e17d4a60dc,,nan,nan
DVE003,2,37.72551084958017,150,COARSE,STRICT,RIGHT,-0.95000000000000007,-0.89999999999999947,0.51458109301505117,0.49716841625749453,0.66696718104799135,1.0979426186985952,1.1372486544721303,1.1765546902456654,2.4237044645613288,29,1,0,quintic d-offset exceeds maximum_lateral_slope,5,6,-1,0.1874825055078834,0.0071052397334046349,-0.37725510849580168,0.53008105119547166,0.25963014097710629,1.2351776113126576,-0.43517761131265753,nan,nan,0.027254149346905399,4.1189161745645704,15.881083825435429,0,0.57338157401049361,-0.25150340566386781,0.21974466258773878,0,5625065b3bb85a67,,nan,nan
DVE003,2,37.72551084958017,151,COARSE,STRICT,RIGHT,-0.95000000000000007,-0.89999999999999947,0.71366941165554731,0.49716841625749453,0.50022538578599351,1.0979426186985952,1.1372486544721303,1.1765546902456654,2.4237044645613288,29,1,0,quintic d-offset exceeds maximum_lateral_slope,5,6,-1,0.1874825055078834,0.007044206708129587,-0.37725510849580168,0.53008105119547166,0.26219039152383133,1.2351776113126576,-0.43517761131265753,nan,nan,0.027254149346905399,4.1189161745645704,15.881083825435429,0,0.57356781178392902,-0.25150340566386781,0.21899640812372423,0,a17b5f578d2b2d79,,nan,nan
DVE003,2,37.72551084958017,152,COARSE,STRICT,RIGHT,-0.95000000000000007,-0.84999999999999942,0.51458109301505117,0.49716841625749453,0.66696718104799135,1.0979426186985952,1.1372486544721303,1.1765546902456654,2.4237044645613288,29,1,0,quintic d-offset exceeds maximum_lateral_slope,5,6,-1,0.18885993034778351,0.013464125233269932,-0.37725510849580168,0.53008105119547166,0.25098276613632114,1.257311793490768,-0.457311793490768,nan,nan,0.11106514172916748,3.726643072821564,16.273356927178437,0,0.56936116318258856,-0.25150340566386781,0.21482037585842403,0,c7fd3510d6161d7b,,nan,nan
DVE003,2,37.72551084958017,153,COARSE,STRICT,RIGHT,-0.95000000000000007,-0.84999999999999942,0.71366941165554731,0.49716841625749453,0.50022538578599351,1.0979426186985952,1.1372486544721303,1.1765546902456654,2.4237044645613288,29,1,0,quintic d-offset exceeds maximum_lateral_slope,5,6,-1,0.18885993034778351,0.014891674476135854,-0.37725510849580168,0.53008105119547166,0.25664646760455417,1.257311793490768,-0.457311793490768,nan,nan,0.11106514172916415,3.726643072821564,16.273356927178437,0,0.57057262474159731,-0.25150340566386781,0.21359780794739283,0,f2d86bd553c1117f,,nan,nan
DVE003,2,37.72551084958017,154,COARSE,STRICT,RIGHT,-0.95000000000000007,-0.79999999999999938,0.51458109301505117,0.49716841625749453,0.66696718104799135,1.0979426186985952,1.1372486544721303,1.1765546902456654,2.4237044645613288,29,1,0,quintic d-offset exceeds maximum_lateral_slope,5,5,-1,0.19023735518768373,0.0055616414856632171,-0.37725510849580168,0.53008105119547166,0.24330264909774416,1.3169773443856505,-0.51697734438565046,nan,nan,0.19437805611998837,3.9008855224365289,16.099114477563472,0,0.56709319000895264,-0.25150340566386781,0.20989571763675871,0,ca2f5131b2f5381e,,nan,nan
DVE003,2,37.72551084958017,155,COARSE,STRICT,RIGHT,-0.95000000000000007,-0.79999999999999938,0.71366941165554731,0.49716841625749453,0.50022538578599351,1.0979426186985952,1.1372486544721303,1.1765546902456654,2.4237044645613288,29,1,0,quintic d-offset exceeds maximum_lateral_slope,5,5,-1,0.19023735518768373,0.0069295200873900412,-0.37725510849580168,0.53008105119547166,0.25142889692584852,1.3169773443856505,-0.51697734438565046,nan,nan,0.17754052979969792,3.9316491155453677,16.068350884454631,0,0.56958322820160912,-0.25150340566386781,0.20819896185014505,0,9293f3febb141c95,,nan,nan
DVE003,2,37.72551084958017,156,COARSE,STRICT,RIGHT,-0.95000000000000007,-0.77352241154458756,0.51458109301505117,0.49716841625749453,0.66696718104799135,1.0979426186985952,1.1372486544721303,1.1765546902456654,2.4237044645613288,29,1,0,quintic d-offset exceeds maximum_lateral_slope,5,5,-1,0.19096677294846645,0.001498931262855753,-0.37725510849580168,0.53008105119547166,0.23962376421823686,1.348573342416852,-0.54857334241685196,nan,nan,0.2012284254444664,4.0582958642109332,15.941704135789067,0,0.5664303689260205,-0.25150340566386781,0.20728781338554866,0,deba509c39dffed4,,nan,nan
DVE003,2,37.72551084958017,157,COARSE,STRICT,RIGHT,-0.95000000000000007,-0.77352241154458756,0.71366941165554731,0.49716841625749453,0.50022538578599351,1.0979426186985952,1.1372486544721303,1.1765546902456654,2.4237044645613288,29,1,0,quintic d-offset exceeds maximum_lateral_slope,5,5,-1,0.19096677294846645,0.0028971807960265564,-0.37725510849580168,0.53008105119547166,0.24881316514805099,1.348573342416852,-0.54857334241685196,nan,nan,0.10919246559270279,4.0837698876355644,15.916230112364435,0,0.57036862510941766,-0.25150340566386781,0.2053399650784142,0,731840963ca3800b,,nan,nan
DVE004,1,14.581515936180391,129,REFINE,STRICT,LEFT,0.14999999999999999,0.14000000000000076,1.310934367577036,6.6778298962198157,0,0.039191802321555391,0.073992431297989825,0.10879306027442426,41.367964407393508,185,1,0,d-offset intersects an inflated static-obstacle box,4,0,15,0.24996976281516062,0.085284960691150241,-0.14581515936180392,0.93862387404798442,0.72913268753830673,0.041363092762506069,0.758636907237494,nan,nan,0.16055667585603395,2.0491296869313032,17.950870313068698,0,0.12497923543017199,-0.097210106241202618,0.13477405301587478,1,4f70ba33a680c16f,,nan,nan
DVE004,1,14.581515936180391,179,REFINE,RELAXED,LEFT,0.14999999999999999,0.14000000000000076,1.310934367577036,6.6778298962198157,0,0.039191802321555391,0.073992431297989825,0.10879306027442426,41.367964407393508,185,1,0,d-offset intersects an inflated static-obstacle box,4,0,15,0.24996976281516062,0.085284960691150241,-0.14581515936180392,0.93862387404798442,0.72913268753830673,0.041363092762506069,0.758636907237494,nan,nan,0.16055667585603395,2.0491296869313032,17.950870313068698,0,0.12497923543017199,-0.097210106241202618,0.13477405301587478,1,4f70ba33a680c16f,,nan,nan
DVE004,1,14.581515936180702,3,REFINE,STRICT,LEFT,0.14999999999999999,0.14000000000000001,1.310934367577036,6.6778298962198157,0,0.039191802321555391,0.073992431297989825,0.10879306027442426,41.367964407393508,185,1,0,d-offset intersects an inflated static-obstacle box,4,0,15,0.24996976281513575,0.085284960691125428,-0.14581515936180703,0.93862387404798375,0.72913268753830673,0.041363092762508949,0.75863690723749111,nan,nan,0.16055667585603395,2.0491296869314608,17.950870313068538,0,0.12497923543017002,-0.097210106241204686,0.13477405301588705,1,b8455aa918ccee36,,nan,nan
DVE004,1,14.581515936180702,53,REFINE,RELAXED,LEFT,0.14999999999999999,0.14000000000000001,1.310934367577036,6.6778298962198157,0,0.039191802321555391,0.073992431297989825,0.10879306027442426,41.367964407393508,185,1,0,d-offset intersects an inflated static-obstacle box,4,0,15,0.24996976281513575,0.085284960691125428,-0.14581515936180703,0.93862387404798375,0.72913268753830673,0.041363092762508949,0.75863690723749111,nan,nan,0.16055667585603395,2.0491296869314608,17.950870313068538,0,0.12497923543017002,-0.097210106241204686,0.13477405301588705,1,b8455aa918ccee36,,nan,nan
DVE004,1,14.581515936180717,128,REFINE,STRICT,LEFT,0.14999999999999999,0.13999999999999999,1.310934367577036,6.6778298962198157,0,0.039191802321555391,0.073992431297989825,0.10879306027442426,41.367964407393508,185,1,0,d-offset intersects an inflated static-obstacle box,4,0,15,0.24996976281513464,0.085284960691123707,-0.14581515936180717,0.93862387404798375,0.72913268753830673,0.04136309276250906,0.758636907237491,nan,nan,0.16055667585603395,2.0491296869314608,17.950870313068538,0,0.12497923543017113,-0.097210106241204783,0.1347740530158883,1,e488a32b464cb780,,nan,nan
DVE004,1,14.581515936180717,178,REFINE,RELAXED,LEFT,0.14999999999999999,0.13999999999999999,1.310934367577036,6.6778298962198157,0,0.039191802321555391,0.073992431297989825,0.10879306027442426,41.367964407393508,185,1,0,d-offset intersects an inflated static-obstacle box,4,0,15,0.24996976281513464,0.085284960691123707,-0.14581515936180717,0.93862387404798375,0.72913268753830673,0.04136309276250906,0.758636907237491,nan,nan,0.16055667585603395,2.0491296869314608,17.950870313068538,0,0.12497923543017113,-0.097210106241204783,0.1347740530158883,1,e488a32b464cb780,,nan,nan
DVE004,1,53.511372895091014,326,REFINE,STRICT,LEFT,0.14999999999999999,0.18000000000000002,1.310934367577036,6.6778298962198157,0,0.039191802321555391,0.073992431297989825,0.10879306027442426,41.367964407393508,185,1,0,footprint_track_bound,3,35,-1,-0.38480175264663952,-0.53511372895091014,0.011760923319544314,0.94524949857377372,0.70657493814653294,0.11193616779316716,0.68806383220683287,nan,nan,0.018123996684342503,2.831949977720555,17.168050022279445,0,0.18703878913894156,-0.35653450176442636,0.57878416463173954,0,efc80e93d6314a3c,left,0.10115329245107885,0.027507901590447831
DVE004,1,53.511372895091014,376,REFINE,RELAXED,LEFT,0.14999999999999999,0.18000000000000002,1.310934367577036,6.6778298962198157,0,0.039191802321555391,0.073992431297989825,0.10879306027442426,41.367964407393508,185,1,0,footprint_track_bound,3,35,-1,-0.38480175264663952,-0.53511372895091014,0.011760923319544314,0.94524949857377372,0.70657493814653294,0.11193616779316716,0.68806383220683287,nan,nan,0.018123996684342503,2.831949977720555,17.168050022279445,0,0.18703878913894156,-0.35653450176442636,0.57878416463173954,0,efc80e93d6314a3c,left,0.10115329245107885,0.027507901590447831
DVE004,1,53.51137289509112,7,REFINE,STRICT,LEFT,0.14999999999999999,0.18000000000000005,1.310934367577036,6.6778298962198157,0,0.039191802321555391,0.073992431297989825,0.10879306027442426,41.367964407393508,185,1,0,footprint_track_bound,3,35,-1,-0.38480175264663863,-0.53511372895091125,0.011760923319544425,0.94524949857377361,0.70657493814653294,0.11193616779316716,0.68806383220683287,nan,nan,0.018123996684296984,2.831949977720555,17.168050022279445,0,0.18703878913893796,-0.35653450176442575,0.57878416463172488,0,118159c8ed4962f1,left,0.10115329245107876,0.027507901590447831
DVE004,1,53.51137289509112,57,REFINE,RELAXED,LEFT,0.14999999999999999,0.18000000000000005,1.310934367577036,6.6778298962198157,0,0.039191802321555391,0.073992431297989825,0.10879306027442426,41.367964407393508,185,1,0,footprint_track_bound,3,35,-1,-0.38480175264663863,-0.53511372895091125,0.011760923319544425,0.94524949857377361,0.70657493814653294,0.11193616779316716,0.68806383220683287,nan,nan,0.018123996684296984,2.831949977720555,17.168050022279445,0,0.18703878913893796,-0.35653450176442575,0.57878416463172488,0,118159c8ed4962f1,left,0.10115329245107876,0.027507901590447831
DVE005,1,0.17743636497994375,890,REFINE,STRICT,RIGHT,-0.39115057871499376,-0.43999999999999917,0.51458109301505117,0.60498681916591468,0.07745643778359465,0.12750660984781725,0.13914538781190555,0.15078416577599385,1.6683970114720177,27,1,0,shifted race line exceeds left control steering curvature,5,0,-1,0.3754053351273543,0.19275647979470437,1.5,0.56852323205223865,0.26415204534984643,0.62741698870812346,0.17258301129187659,nan,nan,-0.003548727299598875,2.9676249555870351,17.032375044412966,0,0.16871013539414517,-0.0026960552807207406,0.067499193455750922,0,fb6abac3184a99d2,,nan,nan
DVE005,1,0.17743636497994375,950,REFINE,RELAXED,RIGHT,-0.39115057871499376,-0.43999999999999917,0.51458109301505117,0.60498681916591468,0.07745643778359465,0.12750660984781725,0.13914538781190555,0.15078416577599385,1.6683970114720177,27,1,0,shifted race line exceeds left control steering curvature,5,0,-1,0.3754053351273543,0.19275647979470437,1.5,0.56852323205223865,0.26415204534984643,0.62741698870812346,0.17258301129187659,nan,nan,-0.003548727299598875,2.9676249555870351,17.032375044412966,0,0.16871013539414517,-0.0026960552807207406,0.067499193455750922,0,fb6abac3184a99d2,,nan,nan
DVE005,1,0.177436365046868,55,REFINE,STRICT,RIGHT,-0.39115057871499376,-0.43999999999999995,0.51458109301505117,0.60498681916591468,0.07745643778359465,0.12750660984781725,0.13914538781190555,0.15078416577599385,1.6683970114720177,27,1,0,shifted race line exceeds left control steering curvature,5,0,-1,0.37540533512735158,0.19275647979470437,1.5,0.56852323205223865,0.26415204534980724,0.62741698870812579,0.17258301129187426,nan,nan,-0.0035487273009373599,2.967624955586968,17.032375044413033,0,0.16871013539414695,-0.0026960552817376204,0.067499193455751519,0,487c35242261fc9d,,nan,nan
DVE005,1,0.177436365046868,175,REFINE,RELAXED,RIGHT,-0.39115057871499376,-0.43999999999999995,0.51458109301505117,0.60498681916591468,0.07745643778359465,0.12750660984781725,0.13914538781190555,0.15078416577599385,1.6683970114720177,27,1,0,shifted race line exceeds left control steering curvature,5,0,-1,0.37540533512735158,0.19275647979470437,1.5,0.56852323205223865,0.26415204534980724,0.62741698870812579,0.17258301129187426,nan,nan,-0.0035487273009373599,2.967624955586968,17.032375044413033,0,0.16871013539414695,-0.0026960552817376204,0.067499193455751519,0,487c35242261fc9d,,nan,nan
DVE005,1,0.2134640930112064,53,REFINE,STRICT,RIGHT,-0.39115057871499376,-0.45999999999999996,0.51458109301505117,0.60498681916591468,0.07745643778359465,0.12750660984781725,0.13914538781190555,0.15078416577599385,1.6683970114720177,27,1,0,shifted race line exceeds left control steering curvature,5,3,-1,0.30648485614031801,0.11432020123417477,1.5,0.56852323205223865,0.26299641583464478,0.78957187334876466,0.010428126651235381,nan,nan,-0.0042692818602241278,3.6799933019881701,16.320006698011831,0,0.18124085940297685,-0.0032434782761255184,0.077183361116773583,0,f31bfefa8499ce56,,nan,nan
DVE005,1,0.2134640930112064,113,REFINE,STRICT,RIGHT,-0.39115057871499376,-0.45999999999999996,1.310934367577036,0.60498681916591468,-2.7755575615628914e-17,0.12750660984781725,0.13914538781190555,0.15078416577599385,1.6683970114720177,27,1,0,shifted race line exceeds left control steering curvature,5,3,-1,0.30648485614031801,0.11432020123417477,1.5,0.55608914011888122,0.25680967737048227,0.78957187334876466,0.010428126651235381,nan,nan,-0.0042692818602241278,3.6799933019880959,16.320006698011905,0,0.18124085940297685,-0.0032434782761255184,0.077643883040231274,0,487e720c964559bb,,nan,nan
DVE005,1,0.2134640930112064,173,REFINE,RELAXED,RIGHT,-0.39115057871499376,-0.45999999999999996,0.51458109301505117,0.60498681916591468,0.07745643778359465,0.12750660984781725,0.13914538781190555,0.15078416577599385,1.6683970114720177,27,1,0,shifted race line exceeds left control steering curvature,5,3,-1,0.30648485614031801,0.11432020123417477,1.5,0.56852323205223865,0.26299641583464478,0.78957187334876466,0.010428126651235381,nan,nan,-0.0042692818602241278,3.6799933019881701,16.320006698011831,0,0.18124085940297685,-0.0032434782761255184,0.077183361116773583,0,f31bfefa8499ce56,,nan,nan
DVE005,1,0.2134640930112064,233,REFINE,RELAXED,RIGHT,-0.39115057871499376,-0.45999999999999996,1.310934367577036,0.60498681916591468,-2.7755575615628914e-17,0.12750660984781725,0.13914538781190555,0.15078416577599385,1.6683970114720177,27,1,0,shifted race line exceeds left control steering curvature,5,3,-1,0.30648485614031801,0.11432020123417477,1.5,0.55608914011888122,0.25680967737048227,0.78957187334876466,0.010428126651235381,nan,nan,-0.0042692818602241278,3.6799933019880959,16.320006698011905,0,0.18124085940297685,-0.0032434782761255184,0.077643883040231274,0,487e720c964559bb,,nan,nan
DVE005,1,1.3834856271603524,1709,REFINE,STRICT,RIGHT,-0.39115057871499376,-0.43115057871499313,1.310934367577036,0.60498681916591468,-2.7755575615628914e-17,0.12750660984781725,0.13914538781190555,0.15078416577599385,1.6683970114720177,27,1,0,shifted race line exceeds left control steering curvature,5,0,-1,0.40589746744450445,0.20968548368804221,1.5,0.55879066833788937,0.25989310161100926,0.55567345463677253,0.24432654536322751,nan,nan,-0.027669712543207048,2.5968181362170908,17.403181863782908,0,0.20421564446389515,-0.021021360144119969,0.063575084563033055,0,050fb3cf9325cedb,,nan,nan
DVE005,1,1.3834856271603524,1739,REFINE,RELAXED,RIGHT,-0.39115057871499376,-0.43115057871499313,1.310934367577036,0.60498681916591468,-2.7755575615628914e-17,0.12750660984781725,0.13914538781190555,0.15078416577599385,1.6683970114720177,27,1,0,shifted race line exceeds left control steering curvature,5,0,-1,0.40589746744450445,0.20968548368804221,1.5,0.55879066833788937,0.25989310161100926,0.55567345463677253,0.24432654536322751,nan,nan,-0.027669712543207048,2.5968181362170908,17.403181863782908,0,0.20421564446389515,-0.021021360144119969,0.063575084563033055,0,050fb3cf9325cedb,,nan,nan
DVE006,2,14.058131613135712,1816,COARSE,STRICT,LEFT,0.59999999999999998,0.45000000000000073,0.51458109301505117,0.49716841625749453,0,0.44372365107878298,0.52053448526965673,0.59734531946053049,3.6691152197923209,34,1,0,shifted race line exceeds right control steering curvature,5,1,-1,0.50946158015911602,0.29520031561527416,-0.14058131613135713,0.71458975288539484,0.40806022503813444,0.43406974172995144,0.3659302582700486,nan,nan,-0.24548412221003924,4.5305357488028415,15.469464251197159,0,0.40336544330947477,-0.21456983589418388,0.09568305802487731,1,033ec6f04ae6cae4,,nan,nan
DVE006,2,14.058131613135712,1817,COARSE,STRICT,LEFT,0.59999999999999998,0.45000000000000073,0.71366941165554731,0.49716841625749453,0,0.44372365107878298,0.52053448526965673,0.59734531946053049,3.6691152197923209,34,1,0,shifted race line exceeds right control steering curvature,5,1,-1,0.50946158015911602,0.29520031561527416,-0.14058131613135713,0.71458975288539484,0.40806022503813444,0.43406974172995144,0.3659302582700486,nan,nan,-0.24548412221003924,4.5305357488028415,15.469464251197159,0,0.40336544330947477,-0.21456983589418388,0.09568305802487731,1,033ec6f04ae6cae4,,nan,nan
DVE006,2,14.058131613135712,4668,COARSE,RELAXED,LEFT,0.59999999999999998,0.45000000000000073,0.51458109301505117,0.49716841625749453,0,0.44372365107878298,0.52053448526965673,0.59734531946053049,3.6691152197923209,34,1,0,shifted race line exceeds right control steering curvature,5,1,-1,0.50946158015911602,0.29520031561527416,-0.14058131613135713,0.71458975288539484,0.40806022503813444,0.43406974172995144,0.3659302582700486,nan,nan,-0.24548412221003924,4.5305357488028415,15.469464251197159,0,0.40336544330947477,-0.21456983589418388,0.09568305802487731,1,033ec6f04ae6cae4,,nan,nan
DVE006,2,14.058131613135712,4669,COARSE,RELAXED,LEFT,0.59999999999999998,0.45000000000000073,0.71366941165554731,0.49716841625749453,0,0.44372365107878298,0.52053448526965673,0.59734531946053049,3.6691152197923209,34,1,0,shifted race line exceeds right control steering curvature,5,1,-1,0.50946158015911602,0.29520031561527416,-0.14058131613135713,0.71458975288539484,0.40806022503813444,0.43406974172995144,0.3659302582700486,nan,nan,-0.24548412221003924,4.5305357488028415,15.469464251197159,0,0.40336544330947477,-0.21456983589418388,0.09568305802487731,1,033ec6f04ae6cae4,,nan,nan
DVE006,2,14.256297864853797,390,REFINE,STRICT,LEFT,0.14999999999999999,0.16000000000000078,0.71366941165554731,0.49716841625749453,0.14877370578623933,0.32654278804298875,0.46194405375175962,0.59734531946053049,3.6691152197923209,34,1,0,shifted race line exceeds left control steering curvature,5,0,-1,0.68926738823694544,0.53225116195466338,-0.14256297864853798,0.92044322231487674,0.74495626262282677,0.16971221096249922,0.63028778903750082,nan,nan,-0.029603907259245332,1.5497117151168311,18.450288284883168,0,0.40235674458824661,-0.095041985765691991,0.032367441758066835,1,d3365d3ca53feff4,,nan,nan
DVE006,2,14.256297864853797,530,REFINE,RELAXED,LEFT,0.14999999999999999,0.16000000000000078,0.71366941165554731,0.49716841625749453,0.14877370578623933,0.32654278804298875,0.46194405375175962,0.59734531946053049,3.6691152197923209,34,1,0,shifted race line exceeds left control steering curvature,5,0,-1,0.68926738823694544,0.53225116195466338,-0.14256297864853798,0.92044322231487674,0.74495626262282677,0.16971221096249922,0.63028778903750082,nan,nan,-0.029603907259245332,1.5497117151168311,18.450288284883168,0,0.40235674458824661,-0.095041985765691991,0.032367441758066835,1,d3365d3ca53feff4,,nan,nan
DVE006,2,14.256297864853806,4,REFINE,STRICT,LEFT,0.14999999999999999,0.16000000000000003,0.71366941165554731,0.49716841625749453,0.14877370578623933,0.32654278804298875,0.46194405375175962,0.59734531946053049,3.6691152197923209,34,1,0,shifted race line exceeds left control steering curvature,5,0,-1,0.68926738823694533,0.53225116195466082,-0.14256297864853806,0.92044322231487685,0.7449562626229711,0.16971221096250186,0.63028778903749816,nan,nan,-0.029603907256074757,1.549711715118788,18.450288284881211,0,0.40235674458817167,-0.095041985765692047,0.032367441758066745,1,12d181c853a8bd41,,nan,nan
DVE006,2,14.256297864853806,54,REFINE,RELAXED,LEFT,0.14999999999999999,0.16000000000000003,0.71366941165554731,0.49716841625749453,0.14877370578623933,0.32654278804298875,0.46194405375175962,0.59734531946053049,3.6691152197923209,34,1,0,shifted race line exceeds left control steering curvature,5,0,-1,0.68926738823694533,0.53225116195466082,-0.14256297864853806,0.92044322231487685,0.7449562626229711,0.16971221096250186,0.63028778903749816,nan,nan,-0.029603907256074757,1.549711715118788,18.450288284881211,0,0.40235674458817167,-0.095041985765692047,0.032367441758066745,1,12d181c853a8bd41,,nan,nan
DVE006,2,14.279119758904447,342,REFINE,STRICT,LEFT,0.17000000000000001,0.18000000000000002,0.51458109301505117,0.49716841625749453,0.19836494104831909,0.32654278804298875,0.46194405375175962,0.59734531946053049,3.6691152197923209,34,1,0,shifted race line exceeds left control steering curvature,5,0,-1,0.69115336457735266,0.53248395427594797,-0.14279119758904446,0.88783604743058508,0.69176104796751892,0.2199722124151107,0.58002778758488938,nan,nan,-0.2487264547798369,2.0970063872661262,17.902993612733873,0,0.40698110695424872,-0.18896359603058982,0.036662196087356005,1,81f83d98a3c6dcde,,nan,nan
DVE006,2,14.279119758904447,482,REFINE,RELAXED,LEFT,0.17000000000000001,0.18000000000000002,0.51458109301505117,0.49716841625749453,0.19836494104831909,0.32654278804298875,0.46194405375175962,0.59734531946053049,3.6691152197923209,34,1,0,shifted race line exceeds left control steering curvature,5,0,-1,0.69115336457735266,0.53248395427594797,-0.14279119758904446,0.88783604743058508,0.69176104796751892,0.2199722124151107,0.58002778758488938,nan,nan,-0.2487264547798369,2.0970063872661262,17.902993612733873,0,0.40698110695424872,-0.18896359603058982,0.036662196087356005,1,81f83d98a3c6dcde,,nan,nan
DVE007,1,186.0501436494309,169,REFINE,STRICT,RIGHT,-0.22999999999999998,-0.25999999999999923,1.310934367577036,7.3975462023963852,2.7755575615628914e-17,0.17928945394084939,0.18666178201720474,0.19403411009356009,18.75082045275229,95,1,0,footprint_track_bound,3,9,-1,-1.703964195295175,-1.8605014364943091,0.11545778142996665,0.83185667804512942,0.47995178657229115,0.53452314711254922,0.26547685288745082,nan,nan,0.28573871236731763,1.3176599307570296,18.682340069242969,0,0.081196988462245878,-1.2359761301967833,1.0498828915947302,0,bd9fd4b368b685de,right,-0.4177420929714063,0.10069646330934837
DVE007,1,186.0501436494309,229,REFINE,RELAXED,RIGHT,-0.22999999999999998,-0.25999999999999923,1.310934367577036,7.3975462023963852,2.7755575615628914e-17,0.17928945394084939,0.18666178201720474,0.19403411009356009,18.75082045275229,95,1,0,footprint_track_bound,3,9,-1,-1.703964195295175,-1.8605014364943091,0.11545778142996665,0.83185667804512942,0.47995178657229115,0.53452314711254922,0.26547685288745082,nan,nan,0.28573871236731763,1.3176599307570296,18.682340069242969,0,0.081196988462245878,-1.2359761301967833,1.0498828915947302,0,bd9fd4b368b685de,right,-0.4177420929714063,0.10069646330934837
DVE007,1,186.05014364943713,168,REFINE,STRICT,RIGHT,-0.22999999999999998,-0.25999999999999995,1.310934367577036,7.3975462023963852,2.7755575615628914e-17,0.17928945394084939,0.18666178201720474,0.19403411009356009,18.75082045275229,95,1,0,footprint_track_bound,3,9,-1,-1.7039641952952376,-1.8605014364943713,0.11545778142998686,0.83185667804512886,0.47995178657230447,0.53452314711256255,0.2654768528874375,nan,nan,0.28573871236745796,1.3176599307563417,18.682340069243658,0,0.081196988462243089,-1.2359761301968251,1.0498828915947542,0,8480cc9ec3c9aabe,right,-0.41774209297142295,0.10069646330935325
DVE007,1,186.05014364943713,228,REFINE,RELAXED,RIGHT,-0.22999999999999998,-0.25999999999999995,1.310934367577036,7.3975462023963852,2.7755575615628914e-17,0.17928945394084939,0.18666178201720474,0.19403411009356009,18.75082045275229,95,1,0,footprint_track_bound,3,9,-1,-1.7039641952952376,-1.8605014364943713,0.11545778142998686,0.83185667804512886,0.47995178657230447,0.53452314711256255,0.2654768528874375,nan,nan,0.28573871236745796,1.3176599307563417,18.682340069243658,0,0.081196988462243089,-1.2359761301968251,1.0498828915947542,0,8480cc9ec3c9aabe,right,-0.41774209297142295,0.10069646330935325
DVE007,1,186.05014364943807,43,REFINE,STRICT,RIGHT,-0.22999999999999998,-0.26000000000000001,1.310934367577036,7.3975462023963852,2.7755575615628914e-17,0.17928945394084939,0.18666178201720474,0.19403411009356009,18.75082045275229,95,1,0,footprint_track_bound,3,9,-1,-1.7039641952952469,-1.8605014364943806,0.11545778142998842,0.83185667804512875,0.47995178657238641,0.53452314711256432,0.26547685288743572,nan,nan,0.28573871237104798,1.317659930753968,18.682340069246031,0,0.081196988462151065,-1.2359761301968313,1.04988289159478,0,e41238075f575bb0,right,-0.41774209297143117,0.10069646330935403
DVE007,1,186.05014364943807,103,REFINE,RELAXED,RIGHT,-0.22999999999999998,-0.26000000000000001,1.310934367577036,7.3975462023963852,2.7755575615628914e-17,0.17928945394084939,0.18666178201720474,0.19403411009356009,18.75082045275229,95,1,0,footprint_track_bound,3,9,-1,-1.7039641952952469,-1.8605014364943806,0.11545778142998842,0.83185667804512875,0.47995178657238641,0.53452314711256432,0.26547685288743572,nan,nan,0.28573871237104798,1.317659930753968,18.682340069246031,0,0.081196988462151065,-1.2359761301968313,1.04988289159478,0,e41238075f575bb0,right,-0.41774209297143117,0.10069646330935403
DVE007,1,206.8497906372029,179,REFINE,STRICT,RIGHT,-0.22759675466956231,-0.25999999999999923,1.310934367577036,7.3975462023963852,2.7755575615628914e-17,0.17928945394084939,0.18666178201720474,0.19403411009356009,18.75082045275229,95,1,0,footprint_track_bound,3,9,-1,-1.9116043845818147,-2.0684979063720288,0.18102373258726434,0.83101256841675175,0.48066040850768749,0.5788244374627658,0.22117556253723425,nan,nan,0.34571327328705836,1.2102803974319825,18.789719602568017,0,0.082724240740358529,-1.3744029230545431,1.1276607705860335,0,d1a7a228df5407df,right,-0.44144377855761163,0.10524904261281023
DVE007,1,206.8497906372029,239,REFINE,RELAXED,RIGHT,-0.22759675466956231,-0.25999999999999923,1.310934367577036,7.3975462023963852,2.7755575615628914e-17,0.17928945394084939,0.18666178201720474,0.19403411009356009,18.75082045275229,95,1,0,footprint_track_bound,3,9,-1,-1.9116043845818147,-2.0684979063720288,0.18102373258726434,0.83101256841675175,0.48066040850768749,0.5788244374627658,0.22117556253723425,nan,nan,0.34571327328705836,1.2102803974319825,18.789719602568017,0,0.082724240740358529,-1.3744029230545431,1.1276607705860335,0,d1a7a228df5407df,right,-0.44144377855761163,0.10524904261281023
DVE007,1,206.849790637209,178,REFINE,STRICT,RIGHT,-0.22759675466956231,-0.25999999999999995,1.310934367577036,7.3975462023963852,2.7755575615628914e-17,0.17928945394084939,0.18666178201720474,0.19403411009356009,18.75082045275229,95,1,0,footprint_track_bound,3,9,-1,-1.911604384581876,-2.0684979063720901,0.18102373258728455,0.83101256841675131,0.48066040850774833,0.57882443746277734,0.2211755625372227,nan,nan,0.34571327328963986,1.2102803974317842,18.789719602568216,0,0.082724240740285712,-1.374402923054584,1.1276607705860564,0,fec2f4c98f6e1362,right,-0.44144377855761496,0.1052490426128099
DVE007,1,206.849790637209,238,REFINE,RELAXED,RIGHT,-0.22759675466956231,-0.25999999999999995,1.310934367577036,7.3975462023963852,2.7755575615628914e-17,0.17928945394084939,0.18666178201720474,0.19403411009356009,18.75082045275229,95,1,0,footprint_track_bound,3,9,-1,-1.911604384581876,-2.0684979063720901,0.18102373258728455,0.83101256841675131,0.48066040850774833,0.57882443746277734,0.2211755625372227,nan,nan,0.34571327328963986,1.2102803974317842,18.789719602568216,0,0.082724240740285712,-1.374402923054584,1.1276607705860564,0,fec2f4c98f6e1362,right,-0.44144377855761496,0.1052490426128099
DVE008,2,48.6393449365508,8,REFINE,STRICT,LEFT,0.31223431778039207,0.69000000000000006,0.51458109301505117,0.49716841625749453,0,0.61780842669319569,0.68191211774262728,0.74601580879205898,3.8177857091238492,35,1,0,d-offset intersects an inflated static-obstacle box,4,0,75,0.22228224181987566,0.032278184839796609,-0.48639344936550799,0.68584086841488401,0.36822676961053236,1.0619872751141572,-0.2619872751141572,nan,nan,0.020072114335009328,2.9557715552382642,17.044228444761735,0,0.29748631611207121,-0.32426229957700531,0.1624218127057232,0,b500e91ea1577bda,,nan,nan
DVE008,2,48.6393449365508,9,REFINE,STRICT,LEFT,0.31223431778039207,0.69000000000000095,0.51458109301505117,0.49716841625749453,0,0.61780842669319569,0.68191211774262728,0.74601580879205898,3.8177857091238492,35,1,0,d-offset intersects an inflated static-obstacle box,4,0,75,0.22228224181987455,0.032278184839793722,-0.48639344936550799,0.68584086841488401,0.36822676961053113,1.0619872751141581,-0.26198727511415809,nan,nan,0.020072114335011104,2.955771555238317,17.044228444761682,0,0.29748631611207516,-0.32426229957700531,0.16242181270572265,0,81fc2db5b14f037e,,nan,nan
DVE008,2,48.6393449365508,68,REFINE,STRICT,LEFT,0.31223431778039207,0.69000000000000006,0.71366941165554731,0.49716841625749453,0,0.61780842669319569,0.68191211774262728,0.74601580879205898,3.8177857091238492,35,1,0,d-offset intersects an inflated static-obstacle box,4,0,75,0.22228224181987566,0.032278184839796609,-0.48639344936550799,0.68584086841488401,0.36822676961053236,1.0619872751141572,-0.2619872751141572,nan,nan,0.020072114335009328,2.9557715552382642,17.044228444761735,0,0.29748631611207121,-0.32426229957700531,0.1624218127057232,0,b500e91ea1577bda,,nan,nan
DVE008,2,48.6393449365508,69,REFINE,STRICT,LEFT,0.31223431778039207,0.69000000000000095,0.71366941165554731,0.49716841625749453,0,0.61780842669319569,0.68191211774262728,0.74601580879205898,3.8177857091238492,35,1,0,d-offset intersects an inflated static-obstacle box,4,0,75,0.22228224181987455,0.032278184839793722,-0.48639344936550799,0.68584086841488401,0.36822676961053113,1.0619872751141581,-0.26198727511415809,nan,nan,0.020072114335011104,2.955771555238317,17.044228444761682,0,0.29748631611207516,-0.32426229957700531,0.16242181270572265,0,81fc2db5b14f037e,,nan,nan
DVE008,2,48.6393449365508,128,REFINE,RELAXED,LEFT,0.31223431778039207,0.69000000000000006,0.51458109301505117,0.49716841625749453,0,0.61780842669319569,0.68191211774262728,0.74601580879205898,3.8177857091238492,35,1,0,d-offset intersects an inflated static-obstacle box,4,0,75,0.22228224181987566,0.032278184839796609,-0.48639344936550799,0.68584086841488401,0.36822676961053236,1.0619872751141572,-0.2619872751141572,nan,nan,0.020072114335009328,2.9557715552382642,17.044228444761735,0,0.29748631611207121,-0.32426229957700531,0.1624218127057232,0,b500e91ea1577bda,,nan,nan
DVE008,2,48.6393449365508,129,REFINE,RELAXED,LEFT,0.31223431778039207,0.69000000000000095,0.51458109301505117,0.49716841625749453,0,0.61780842669319569,0.68191211774262728,0.74601580879205898,3.8177857091238492,35,1,0,d-offset intersects an inflated static-obstacle box,4,0,75,0.22228224181987455,0.032278184839793722,-0.48639344936550799,0.68584086841488401,0.36822676961053113,1.0619872751141581,-0.26198727511415809,nan,nan,0.020072114335011104,2.955771555238317,17.044228444761682,0,0.29748631611207516,-0.32426229957700531,0.16242181270572265,0,81fc2db5b14f037e,,nan,nan
DVE008,2,48.6393449365508,188,REFINE,RELAXED,LEFT,0.31223431778039207,0.69000000000000006,0.71366941165554731,0.49716841625749453,0,0.61780842669319569,0.68191211774262728,0.74601580879205898,3.8177857091238492,35,1,0,d-offset intersects an inflated static-obstacle box,4,0,75,0.22228224181987566,0.032278184839796609,-0.48639344936550799,0.68584086841488401,0.36822676961053236,1.0619872751141572,-0.2619872751141572,nan,nan,0.020072114335009328,2.9557715552382642,17.044228444761735,0,0.29748631611207121,-0.32426229957700531,0.1624218127057232,0,b500e91ea1577bda,,nan,nan
DVE008,2,48.6393449365508,189,REFINE,RELAXED,LEFT,0.31223431778039207,0.69000000000000095,0.71366941165554731,0.49716841625749453,0,0.61780842669319569,0.68191211774262728,0.74601580879205898,3.8177857091238492,35,1,0,d-offset intersects an inflated static-obstacle box,4,0,75,0.22228224181987455,0.032278184839793722,-0.48639344936550799,0.68584086841488401,0.36822676961053113,1.0619872751141581,-0.26198727511415809,nan,nan,0.020072114335011104,2.955771555238317,17.044228444761682,0,0.29748631611207516,-0.32426229957700531,0.16242181270572265,0,81fc2db5b14f037e,,nan,nan
DVE008,2,48.65082959545749,7,REFINE,STRICT,LEFT,0.31223431778039207,0.68000000000000005,0.51458109301505117,0.49716841625749453,0,0.61780842669319569,0.68191211774262728,0.74601580879205898,3.8177857091238492,35,1,0,d-offset intersects an inflated static-obstacle box,4,0,75,0.23812066892103245,0.049057720737872512,-0.4865082959545749,0.68572602182581721,0.36820963333024553,1.0512039477961082,-0.25120394779610811,nan,nan,0.043892092043036568,2.8836065330416214,17.116393466958378,0,0.29594747677922895,-0.32433886396971662,0.15959917673892712,0,f7e45f71a66561a0,,nan,nan
DVE008,2,48.65082959545749,67,REFINE,STRICT,LEFT,0.31223431778039207,0.68000000000000005,0.71366941165554731,0.49716841625749453,0,0.61780842669319569,0.68191211774262728,0.74601580879205898,3.8177857091238492,35,1,0,d-offset intersects an inflated static-obstacle box,4,0,75,0.23812066892103245,0.049057720737872512,-0.4865082959545749,0.68572602182581721,0.36820963333024553,1.0512039477961082,-0.25120394779610811,nan,nan,0.043892092043036568,2.8836065330416214,17.116393466958378,0,0.29594747677922895,-0.32433886396971662,0.15959917673892712,0,f7e45f71a66561a0,,nan,nan
DVE009,1,13.186115291950994,5,REFINE,STRICT,LEFT,0.46882282542925269,0.51000000000000001,0.51458109301505117,0.49716841625749453,0,0.41519778958563996,0.43012388380728039,0.44504997802892077,3.5168198783607112,34,1,0,d-offset intersects an inflated static-obstacle box,4,1,79,0.43764099240966081,0.273604258308629,-0.13186115291950995,0.99668321884177358,0.68267270343830422,0.79925767929319858,0.00074232070680146922,nan,nan,0.32087672722764538,2.405475537994489,17.594524462005509,0,0.42469268053390929,-0.087907435279673304,0.13261169568002076,1,218e4237ff72a89b,,nan,nan
DVE009,1,13.186115291950994,75,REFINE,STRICT,LEFT,0.46882282542925269,0.51000000000000001,0.71366941165554731,0.49716841625749453,0,0.41519778958563996,0.43012388380728039,0.44504997802892077,3.5168198783607112,34,1,0,d-offset intersects an inflated static-obstacle box,4,1,79,0.43764099240966081,0.273604258308629,-0.13186115291950995,0.99668321884177358,0.68267270343830422,0.79925767929319858,0.00074232070680146922,nan,nan,0.32087672722764538,2.405475537994489,17.594524462005509,0,0.42469268053390929,-0.087907435279673304,0.13261169568002076,1,218e4237ff72a89b,,nan,nan
DVE009,1,13.186115291950994,145,REFINE,RELAXED,LEFT,0.46882282542925269,0.51000000000000001,0.51458109301505117,0.49716841625749453,0,0.41519778958563996,0.43012388380728039,0.44504997802892077,3.5168198783607112,34,1,0,d-offset intersects an inflated static-obstacle box,4,1,79,0.43764099240966081,0.273604258308629,-0.13186115291950995,0.99668321884177358,0.68267270343830422,0.79925767929319858,0.00074232070680146922,nan,nan,0.32087672722764538,2.405475537994489,17.594524462005509,0,0.42469268053390929,-0.087907435279673304,0.13261169568002076,1,218e4237ff72a89b,,nan,nan
DVE009,1,13.186115291950994,215,REFINE,RELAXED,LEFT,0.46882282542925269,0.51000000000000001,0.71366941165554731,0.49716841625749453,0,0.41519778958563996,0.43012388380728039,0.44504997802892077,3.5168198783607112,34,1,0,d-offset intersects an inflated static-obstacle box,4,1,79,0.43764099240966081,0.273604258308629,-0.13186115291950995,0.99668321884177358,0.68267270343830422,0.79925767929319858,0.00074232070680146922,nan,nan,0.32087672722764538,2.405475537994489,17.594524462005509,0,0.42469268053390929,-0.087907435279673304,0.13261169568002076,1,218e4237ff72a89b,,nan,nan
DVE009,1,13.763523421922507,24,REFINE,STRICT,LEFT,0.48000000000000004,0.5,0.51458109301505117,0.49716841625749453,0,0.42916925779907411,0.43710961791399744,0.44504997802892077,3.5168198783607112,34,1,0,d-offset intersects an inflated static-obstacle box,4,1,79,0.45160926197132056,0.29336151507744901,-0.13763523421922508,0.99668161791513232,0.68614851305896885,0.77622125584248913,0.023778744157510912,nan,nan,0.63089053271054651,2.2175813811281477,17.782418618871851,0,0.42469268053390929,-0.091756822812816718,0.1297972998683502,1,811bd7371077f422,,nan,nan
DVE009,1,13.763523421922507,94,REFINE,STRICT,LEFT,0.48000000000000004,0.5,0.71366941165554731,0.49716841625749453,0,0.42916925779907411,0.43710961791399744,0.44504997802892077,3.5168198783607112,34,1,0,d-offset intersects an inflated static-obstacle box,4,1,79,0.45160926197132056,0.29336151507744901,-0.13763523421922508,0.99668161791513232,0.68614851305896885,0.77622125584248913,0.023778744157510912,nan,nan,0.63089053271054651,2.2175813811281477,17.782418618871851,0,0.42469268053390929,-0.091756822812816718,0.1297972998683502,1,811bd7371077f422,,nan,nan
DVE009,1,13.763523421922507,164,REFINE,RELAXED,LEFT,0.48000000000000004,0.5,0.51458109301505117,0.49716841625749453,0,0.42916925779907411,0.43710961791399744,0.44504997802892077,3.5168198783607112,34,1,0,d-offset intersects an inflated static-obstacle box,4,1,79,0.45160926197132056,0.29336151507744901,-0.13763523421922508,0.99668161791513232,0.68614851305896885,0.77622125584248913,0.023778744157510912,nan,nan,0.63089053271054651,2.2175813811281477,17.782418618871851,0,0.42469268053390929,-0.091756822812816718,0.1297972998683502,1,811bd7371077f422,,nan,nan
DVE009,1,13.763523421922507,234,REFINE,RELAXED,LEFT,0.48000000000000004,0.5,0.71366941165554731,0.49716841625749453,0,0.42916925779907411,0.43710961791399744,0.44504997802892077,3.5168198783607112,34,1,0,d-offset intersects an inflated static-obstacle box,4,1,79,0.45160926197132056,0.29336151507744901,-0.13763523421922508,0.99668161791513232,0.68614851305896885,0.77622125584248913,0.023778744157510912,nan,nan,0.63089053271054651,2.2175813811281477,17.782418618871851,0,0.42469268053390929,-0.091756822812816718,0.1297972998683502,1,811bd7371077f422,,nan,nan
DVE009,1,13.954339394286608,1824,COARSE,STRICT,LEFT,0.47669278128192061,0.50000000000000078,0.51458109301505117,0.49716841625749453,0,0.42503523440147489,0.43504260621519786,0.44504997802892077,3.5168198783607112,34,1,0,d-offset intersects an inflated static-obstacle box,4,1,79,0.47022817042342357,0.31659439359817654,-0.13954339394286608,0.9966814055993034,0.68645989339039115,0.76860714863598212,0.031392851364017926,nan,nan,0.64600397692673472,2.0484993024043039,17.951500697595698,0,0.42469268053390929,-0.093028929295244048,0.12573343615616039,1,5f1e527a3b05305e,,nan,nan
DVE009,1,13.954339394286608,1825,COARSE,STRICT,LEFT,0.47669278128192061,0.50000000000000078,0.71366941165554731,0.49716841625749453,0,0.42503523440147489,0.43504260621519786,0.44504997802892077,3.5168198783607112,34,1,0,d-offset intersects an inflated static-obstacle box,4,1,79,0.47022817042342357,0.31659439359817654,-0.13954339394286608,0.9966814055993034,0.68645989339039115,0.76860714863598212,0.031392851364017926,nan,nan,0.64600397692673472,2.0484993024043039,17.951500697595698,0,0.42469268053390929,-0.093028929295244048,0.12573343615616039,1,5f1e527a3b05305e,,nan,nan
DVE010,2,10.261597610882992,421,REFINE,STRICT,LEFT,0.57000000000000006,0.32000000000000001,0.51458109301505117,0.49716841625749453,0,0.45255983042211134,0.53779281458717032,0.6230257987522293,3.6947956990840196,35,1,0,quintic d-offset exceeds maximum_lateral_slope,5,3,-1,0.54717663853351506,0.23450364571406912,-0.10261597610882993,0.92684046387477592,0.67691894924174623,0.85559879508762726,-0.055598795087627217,nan,nan,0.0073958055673839507,5.4621283578221496,14.537871642177851,0,0.41503170293687053,-0.068410650739219953,0.077245920325490505,1,d77dd1b787ea87b3,,nan,nan
DVE010,2,10.261597610882992,511,REFINE,STRICT,LEFT,0.57000000000000006,0.32000000000000001,0.71366941165554731,0.49716841625749453,0,0.45255983042211134,0.53779281458717032,0.6230257987522293,3.6947956990840196,35,1,0,quintic d-offset exceeds maximum_lateral_slope,5,3,-1,0.54717663853351506,0.23450364571406912,-0.10261597610882993,0.92684046387477592,0.67691894924174623,0.85559879508762726,-0.055598795087627217,nan,nan,0.0073958055673839507,5.4621283578221496,14.537871642177851,0,0.41503170293687053,-0.068410650739219953,0.077245920325490505,1,d77dd1b787ea87b3,,nan,nan
DVE010,2,10.261597610882992,601,REFINE,RELAXED,LEFT,0.57000000000000006,0.32000000000000001,0.51458109301505117,0.49716841625749453,0,0.45255983042211134,0.53779281458717032,0.6230257987522293,3.6947956990840196,35,1,0,quintic d-offset exceeds maximum_lateral_slope,5,3,-1,0.54717663853351506,0.23450364571406912,-0.10261597610882993,0.92684046387477592,0.67691894924174623,0.85559879508762726,-0.055598795087627217,nan,nan,0.0073958055673839507,5.4621283578221496,14.537871642177851,0,0.41503170293687053,-0.068410650739219953,0.077245920325490505,1,d77dd1b787ea87b3,,nan,nan
DVE010,2,10.261597610882992,691,REFINE,RELAXED,LEFT,0.57000000000000006,0.32000000000000001,0.71366941165554731,0.49716841625749453,0,0.45255983042211134,0.53779281458717032,0.6230257987522293,3.6947956990840196,35,1,0,quintic d-offset exceeds maximum_lateral_slope,5,3,-1,0.54717663853351506,0.23450364571406912,-0.10261597610882993,0.92684046387477592,0.67691894924174623,0.85559879508762726,-0.055598795087627217,nan,nan,0.0073958055673839507,5.4621283578221496,14.537871642177851,0,0.41503170293687053,-0.068410650739219953,0.077245920325490505,1,d77dd1b787ea87b3,,nan,nan
DVE010,2,10.261597610883259,66,REFINE,STRICT,LEFT,0.57000000000000006,0.32000000000000006,0.51458109301505117,0.49716841625749453,0,0.45255983042211134,0.53779281458717032,0.6230257987522293,3.6947956990840196,35,1,0,quintic d-offset exceeds maximum_lateral_slope,5,3,-1,0.54717663853351506,0.23450364571406435,-0.10261597610883259,0.92684046387477592,0.67691894924186591,0.85559879508762637,-0.055598795087626329,nan,nan,0.0073958055674705481,5.4621283578222268,14.537871642177773,0,0.41503170293688746,-0.068410650739221729,0.077245920325490214,1,958b9b2125a69adb,,nan,nan
DVE010,2,10.261597610883259,156,REFINE,STRICT,LEFT,0.57000000000000006,0.32000000000000006,0.71366941165554731,0.49716841625749453,0,0.45255983042211134,0.53779281458717032,0.6230257987522293,3.6947956990840196,35,1,0,quintic d-offset exceeds maximum_lateral_slope,5,3,-1,0.54717663853351506,0.23450364571406435,-0.10261597610883259,0.92684046387477592,0.67691894924186591,0.85559879508762637,-0.055598795087626329,nan,nan,0.0073958055674705481,5.4621283578222268,14.537871642177773,0,0.41503170293688746,-0.068410650739221729,0.077245920325490214,1,958b9b2125a69adb,,nan,nan
DVE010,2,10.261597610883259,246,REFINE,RELAXED,LEFT,0.57000000000000006,0.32000000000000006,0.51458109301505117,0.49716841625749453,0,0.45255983042211134,0.53779281458717032,0.6230257987522293,3.6947956990840196,35,1,0,quintic d-offset exceeds maximum_lateral_slope,5,3,-1,0.54717663853351506,0.23450364571406435,-0.10261597610883259,0.92684046387477592,0.67691894924186591,0.85559879508762637,-0.055598795087626329,nan,nan,0.0073958055674705481,5.4621283578222268,14.537871642177773,0,0.41503170293688746,-0.068410650739221729,0.077245920325490214,1,958b9b2125a69adb,,nan,nan
DVE010,2,10.261597610883259,336,REFINE,RELAXED,LEFT,0.57000000000000006,0.32000000000000006,0.71366941165554731,0.49716841625749453,0,0.45255983042211134,0.53779281458717032,0.6230257987522293,3.6947956990840196,35,1,0,quintic d-offset exceeds maximum_lateral_slope,5,3,-1,0.54717663853351506,0.23450364571406435,-0.10261597610883259,0.92684046387477592,0.67691894924186591,0.85559879508762637,-0.055598795087626329,nan,nan,0.0073958055674705481,5.4621283578222268,14.537871642177773,0,0.41503170293688746,-0.068410650739221729,0.077245920325490214,1,958b9b2125a69adb,,nan,nan
DVE010,2,10.326100708039046,67,REFINE,STRICT,LEFT,0.57000000000000006,0.33000000000000007,0.51458109301505117,0.49716841625749453,0,0.45255983042211134,0.53779281458717032,0.6230257987522293,3.6947956990840196,35,1,0,quintic d-offset exceeds maximum_lateral_slope,5,3,-1,0.54645945714494004,0.23742896217208631,-0.10326100708039047,0.92683641298285191,0.67005704971099411,0.821103103053067,-0.021103103053066952,nan,nan,0.053121765555300016,5.4689162013350145,14.531083798664985,0,0.41489239521185839,-0.068840671386926983,0.078183948934365935,1,627efd42a607afe3,,nan,nan
DVE010,2,10.326100708039046,157,REFINE,STRICT,LEFT,0.57000000000000006,0.33000000000000007,0.71366941165554731,0.49716841625749453,0,0.45255983042211134,0.53779281458717032,0.6230257987522293,3.6947956990840196,35,1,0,quintic d-offset exceeds maximum_lateral_slope,5,3,-1,0.54645945714494004,0.23742896217208631,-0.10326100708039047,0.92683641298285191,0.67005704971099411,0.821103103053067,-0.021103103053066952,nan,nan,0.053121765555300016,5.4689162013350145,14.531083798664985,0,0.41489239521185839,-0.068840671386926983,0.078183948934365935,1,627efd42a607afe3,,nan,nan
DVE011,1,31.74643062037101,45,REFINE,STRICT,LEFT,0.36000000000000004,0.36000000000000004,0.51458109301505117,0.49716841625749453,0,0.36323884223084651,0.46306295600542635,0.56288706978000613,3.6346569701117963,34,1,0,d-offset intersects an inflated static-obstacle box,4,0,79,0.6608426590028178,0.52646621208348887,-0.31746430620371013,0.82769184114778427,0.57163087993269424,0.26014119030503469,0.53985880969496536,nan,nan,0.1172679899505733,2.0718426424773928,17.928157357522608,0,0.4017852553594447,-0.21164287080247343,0.079581097385181487,1,f41ab4b500c96a90,,nan,nan
DVE011,1,31.74643062037101,125,REFINE,STRICT,LEFT,0.36000000000000004,0.36000000000000004,0.71366941165554731,0.49716841625749453,0,0.36323884223084651,0.46306295600542635,0.56288706978000613,3.6346569701117963,34,1,0,d-offset intersects an inflated static-obstacle box,4,0,79,0.6608426590028178,0.52646621208348887,-0.31746430620371013,0.82769184114778427,0.57163087993269424,0.26014119030503469,0.53985880969496536,nan,nan,0.1172679899505733,2.0718426424773928,17.928157357522608,0,0.4017852553594447,-0.21164287080247343,0.079581097385181487,1,f41ab4b500c96a90,,nan,nan
DVE011,1,31.74643062037101,205,REFINE,RELAXED,LEFT,0.36000000000000004,0.36000000000000004,0.51458109301505117,0.49716841625749453,0,0.36323884223084651,0.46306295600542635,0.56288706978000613,3.6346569701117963,34,1,0,d-offset intersects an inflated static-obstacle box,4,0,79,0.6608426590028178,0.52646621208348887,-0.31746430620371013,0.82769184114778427,0.57163087993269424,0.26014119030503469,0.53985880969496536,nan,nan,0.1172679899505733,2.0718426424773928,17.928157357522608,0,0.4017852553594447,-0.21164287080247343,0.079581097385181487,1,f41ab4b500c96a90,,nan,nan
DVE011,1,31.74643062037101,285,REFINE,RELAXED,LEFT,0.36000000000000004,0.36000000000000004,0.71366941165554731,0.49716841625749453,0,0.36323884223084651,0.46306295600542635,0.56288706978000613,3.6346569701117963,34,1,0,d-offset intersects an inflated static-obstacle box,4,0,79,0.6608426590028178,0.52646621208348887,-0.31746430620371013,0.82769184114778427,0.57163087993269424,0.26014119030503469,0.53985880969496536,nan,nan,0.1172679899505733,2.0718426424773928,17.928157357522608,0,0.4017852553594447,-0.21164287080247343,0.079581097385181487,1,f41ab4b500c96a90,,nan,nan
DVE011,1,31.803139795463082,34,REFINE,STRICT,LEFT,0.35000000000000003,0.35000000000000003,0.51458109301505117,0.49716841625749453,0,0.3507388422308465,0.45681295600542632,0.56288706978000613,3.6346569701117963,34,1,0,d-offset intersects an inflated static-obstacle box,4,0,79,0.66983148810617688,0.53583300007925927,-0.31803139795463081,0.82559239297844444,0.58984215389448946,0.21184680935485156,0.58815319064514848,nan,nan,0.45404962120376613,1.5739539839952834,18.426046016004715,0,0.4017852553594447,-0.21202093196975388,0.077677053952461994,1,c5ca87b966fa65b4,,nan,nan
DVE011,1,31.803139795463082,114,REFINE,STRICT,LEFT,0.35000000000000003,0.35000000000000003,0.71366941165554731,0.49716841625749453,0,0.3507388422308465,0.45681295600542632,0.56288706978000613,3.6346569701117963,34,1,0,d-offset intersects an inflated static-obstacle box,4,0,79,0.66983148810617688,0.53583300007925927,-0.31803139795463081,0.82559239297844444,0.58984215389448946,0.21184680935485156,0.58815319064514848,nan,nan,0.45404962120376613,1.5739539839952834,18.426046016004715,0,0.4017852553594447,-0.21202093196975388,0.077677053952461994,1,c5ca87b966fa65b4,,nan,nan
DVE011,1,31.803139795463082,194,REFINE,RELAXED,LEFT,0.35000000000000003,0.35000000000000003,0.51458109301505117,0.49716841625749453,0,0.3507388422308465,0.45681295600542632,0.56288706978000613,3.6346569701117963,34,1,0,d-offset intersects an inflated static-obstacle box,4,0,79,0.66983148810617688,0.53583300007925927,-0.31803139795463081,0.82559239297844444,0.58984215389448946,0.21184680935485156,0.58815319064514848,nan,nan,0.45404962120376613,1.5739539839952834,18.426046016004715,0,0.4017852553594447,-0.21202093196975388,0.077677053952461994,1,c5ca87b966fa65b4,,nan,nan
DVE011,1,31.803139795463082,274,REFINE,RELAXED,LEFT,0.35000000000000003,0.35000000000000003,0.71366941165554731,0.49716841625749453,0,0.3507388422308465,0.45681295600542632,0.56288706978000613,3.6346569701117963,34,1,0,d-offset intersects an inflated static-obstacle box,4,0,79,0.66983148810617688,0.53583300007925927,-0.31803139795463081,0.82559239297844444,0.58984215389448946,0.21184680935485156,0.58815319064514848,nan,nan,0.45404962120376613,1.5739539839952834,18.426046016004715,0,0.4017852553594447,-0.21202093196975388,0.077677053952461994,1,c5ca87b966fa65b4,,nan,nan
DVE011,1,31.803139795464553,324,COARSE,STRICT,LEFT,0.35000000000000003,0.35000000000000075,0.51458109301505117,0.49716841625749453,0,0.3507388422308465,0.45681295600542632,0.56288706978000613,3.6346569701117963,34,1,0,d-offset intersects an inflated static-obstacle box,4,0,79,0.66983148810628568,0.53583300007938672,-0.31803139795464552,0.82559239297844655,0.5898421538945221,0.21184680935486994,0.58815319064513005,nan,nan,0.45404962120384096,1.5739539839897416,18.426046016010257,0,0.4017852553594447,-0.21202093196976368,0.077677053952439526,1,6a0d02252b0d869a,,nan,nan
DVE011,1,31.803139795464553,325,COARSE,STRICT,LEFT,0.35000000000000003,0.35000000000000075,0.71366941165554731,0.49716841625749453,0,0.3507388422308465,0.45681295600542632,0.56288706978000613,3.6346569701117963,34,1,0,d-offset intersects an inflated static-obstacle box,4,0,79,0.66983148810628568,0.53583300007938672,-0.31803139795464552,0.82559239297844655,0.5898421538945221,0.21184680935486994,0.58815319064513005,nan,nan,0.45404962120384096,1.5739539839897416,18.426046016010257,0,0.4017852553594447,-0.21202093196976368,0.077677053952439526,1,6a0d02252b0d869a,,nan,nan
DVE012,1,0.07834704604623988,42,REFINE,STRICT,RIGHT,-0.41999999999999998,-0.46999999999999997,0.51458109301505117,0.60498681916591468,0.094372713268385533,0.15535370687471239,0.16420911436709762,0.17306452185948284,1.6906773675555067,27,1,0,quintic d-offset exceeds maximum_lateral_slope,5,4,-1,0.6164788839132177,0.41748860899215995,1.5,0.88820070159873565,0.56537440239538861,0.80156694092092484,-0.0015669409209247975,nan,nan,0.039703456495075562,4.3197561608466728,15.680243839153327,0,0.29242183461939042,0.030163690954363852,0.076783034414666648,0,6309388ed5ba58b3,,nan,nan
DVE012,1,0.07834704604623988,112,REFINE,STRICT,RIGHT,-0.41999999999999998,-0.46999999999999997,1.310934367577036,0.60498681916591468,-2.7755575615628914e-17,0.15535370687471239,0.16420911436709762,0.17306452185948284,1.6906773675555067,27,1,0,quintic d-offset exceeds maximum_lateral_slope,5,4,-1,0.6164788839132177,0.41748860899215995,1.5,0.8713530727884311,0.55770979886279803,0.80156694092092484,-0.0015669409209247975,nan,nan,0.097379371828692385,4.3197561608466772,15.680243839153324,0,0.29242183461939947,0.073981500263965175,0.077407020666900139,0,41ccde981403aa42,,nan,nan
DVE012,1,0.15340421343840172,200,REFINE,STRICT,RIGHT,-0.4058738239266747,-0.4572664204278204,0.51458109301505117,0.60498681916591468,0.094372713268385533,0.15535370687471239,0.16420911436709762,0.17306452185948284,1.6906773675555067,27,1,0,quintic d-offset exceeds maximum_lateral_slope,5,4,-1,0.61734770090033575,0.4158558930293848,1.5,0.89881882687056747,0.5756185465928394,0.80306808426876808,-0.0030680842687680343,nan,nan,0.026035186279966593,4.388715743574199,15.611284256425801,0,0.29372374704129134,0.01977957040051688,0.076263714003336799,0,4862b4b99d6df9f8,,nan,nan
DVE012,1,0.15340421343840172,1880,REFINE,STRICT,RIGHT,-0.4058738239266747,-0.4572664204278204,1.310934367577036,0.60498681916591468,-2.7755575615628914e-17,0.15535370687471239,0.16420911436709762,0.17306452185948284,1.6906773675555067,27,1,0,quintic d-offset exceeds maximum_lateral_slope,5,4,-1,0.61734770090033575,0.41585589302938436,1.5,0.88417467323047993,0.56878463391699763,0.80306808426876808,-0.0030680842687680343,nan,nan,0.076097216864974726,4.3887157435742354,15.611284256425765,0,0.29372374704128984,0.057812924481449084,0.076806090064080804,0,b209766d4cb6a004,,nan,nan
DVE012,1,0.8466659130000442,269,REFINE,STRICT,RIGHT,-0.40999999999999998,-0.37726642042782044,0.51458109301505117,3.9473573093269398,0.094372713268385533,0.15535370687471239,0.16420911436709762,0.17306452185948284,10.075032580346679,60,1,0,footprint_track_bound,3,19,-1,0.14894998701716,-0.0084666591300004423,1.5,0.88651877051950867,0.60814591189798006,0.52767890129872175,0.2723210987012783,nan,nan,0.33548279166022499,0.83327697484296737,19.166723025157033,0,0.13961491581842914,-0.00070000865522660638,0.31815737853956744,0,a7ef86dfe5135c60,left,-0.11251334791994416,0
DVE012,1,0.8466659130000442,1949,REFINE,STRICT,RIGHT,-0.40999999999999998,-0.37726642042782044,1.310934367577036,3.9473573093269398,-2.7755575615628914e-17,0.15535370687471239,0.16420911436709762,0.17306452185948284,10.075032580346679,60,1,0,footprint_track_bound,3,19,-1,0.14894998701716,-0.0084666591300004423,1.5,0.87837237846540062,0.61104948423329708,0.52767890129872175,0.2723210987012783,nan,nan,0.44956187048029972,0.72091765531545982,19.279082344684539,0,0.13574456504009919,-0.00070000865522660638,0.31829315174046929,0,150e6b81e622ff22,left,-0.11251334791994416,0
DVE012,1,1.418749884167525,133,REFINE,STRICT,RIGHT,-0.4058738239266747,-0.45999999999999996,1.310934367577036,0.60498681916591468,-2.7755575615628914e-17,0.15535370687471239,0.16420911436709762,0.17306452185948284,1.6906773675555067,27,1,0,quintic d-offset exceeds maximum_lateral_slope,5,4,-1,0.60261304037372654,0.39864428341166219,1.5,0.88397034284301657,0.5656598794287222,0.82837499768335054,-0.0283749976833505,nan,nan,0.038425034553664306,4.5085221253872012,15.491477874612798,0,0.29704252535233694,0.029192442409421933,0.078558373145202226,0,eb27824d768ed139,,nan,nan
DVE012,1,1.7345813875758176,196,REFINE,STRICT,RIGHT,-0.40999999999999998,-0.39999999999999997,0.51458109301505117,0.60498681916591468,0.094372713268385533,0.15535370687471239,0.16420911436709762,0.17306452185948284,1.6906773675555067,27,1,0,shifted race line exceeds left control steering curvature,5,0,-1,0.81306177725084461,0.6145702639309657,1.5,0.88382912969001026,0.6145702639309657,0.4618395667749608,0.33816043322503925,nan,nan,-0.034691627751516352,2.4823075737686469,17.517692426231353,0,0.32029351190858585,-0.026356081575173707,0.047088010773541245,0,73c7bad32a4265e3,,nan,nan
DVE012,1,2.220474813842932,1887,REFINE,STRICT,RIGHT,-0.4058738239266747,-0.38999999999999996,1.310934367577036,0.60498681916591468,-2.7755575615628914e-17,0.15535370687471239,0.16420911436709762,0.17306452185948284,1.6906773675555067,27,1,0,shifted race line exceeds left control steering curvature,5,0,-1,0.83029087916543087,0.63254047334265018,1.5,0.88118784167471664,0.63254047334265018,0.47616262232394779,0.32383737767605225,nan,nan,-0.04440949627685864,2.7805338823903081,17.219466117609691,0,0.32098398188166505,-0.03373898494959203,0.043047992842394314,0,b479cff21579c689,,nan,nan
DVE012,1,2.3170119296952896,185,REFINE,STRICT,RIGHT,-0.41999999999999998,-0.40999999999999998,0.51458109301505117,0.60498681916591468,0.094372713268385533,0.15535370687471239,0.16420911436709762,0.17306452185948284,1.6906773675555067,27,1,0,shifted race line exceeds left control steering curvature,5,0,-1,0.80343955966508118,0.60421604358532854,1.5,0.87453335050310821,0.60421604358532854,0.47294717188020591,0.32705282811979414,nan,nan,-0.046340238593905791,2.5200391948741823,17.479960805125817,0,0.32112013528573474,-0.035205817303877,0.048374074756628811,0,4553e0707e1cb34c,,nan,nan
DVE013,2,55.376755573209564,7,REFINE,STRICT,LEFT,0.55940907759566394,0.83000000000000007,0.51458109301505117,0.49716841625749453,0,0.71484291468255501,0.77075908035046337,0.82667524601837172,3.8984451463501619,36,1,0,d-offset intersects an inflated static-obstacle box,4,0,75,0.18783843535377764,0.0006534990851086997,-0.55376755573209568,0.86564152186356824,0.55226214751432723,1.0591321243347671,-0.25913212433476707,nan,nan,0.15634462505194868,2.7790079256088744,17.220992074391127,0,0.28616583726590866,-0.36917837048806379,0.18244257745688458,0,09af65bf163019c5,,nan,nan
DVE013,2,55.376755573209564,77,REFINE,STRICT,LEFT,0.55940907759566394,0.83000000000000007,0.71366941165554731,0.49716841625749453,0,0.71484291468255501,0.77075908035046337,0.82667524601837172,3.8984451463501619,36,1,0,d-offset intersects an inflated static-obstacle box,4,0,75,0.18783843535377764,0.0006534990851086997,-0.55376755573209568,0.86564152186356824,0.55226214751432723,1.0591321243347671,-0.25913212433476707,nan,nan,0.15634462505194868,2.7790079256088744,17.220992074391127,0,0.28616583726590866,-0.36917837048806379,0.18244257745688458,0,09af65bf163019c5,,nan,nan
DVE013,2,55.376755573209564,147,REFINE,RELAXED,LEFT,0.55940907759566394,0.83000000000000007,0.51458109301505117,0.49716841625749453,0,0.71484291468255501,0.77075908035046337,0.82667524601837172,3.8984451463501619,36,1,0,d-offset intersects an inflated static-obstacle box,4,0,75,0.18783843535377764,0.0006534990851086997,-0.55376755573209568,0.86564152186356824,0.55226214751432723,1.0591321243347671,-0.25913212433476707,nan,nan,0.15634462505194868,2.7790079256088744,17.220992074391127,0,0.28616583726590866,-0.36917837048806379,0.18244257745688458,0,09af65bf163019c5,,nan,nan
DVE013,2,55.376755573209564,217,REFINE,RELAXED,LEFT,0.55940907759566394,0.83000000000000007,0.71366941165554731,0.49716841625749453,0,0.71484291468255501,0.77075908035046337,0.82667524601837172,3.8984451463501619,36,1,0,d-offset intersects an inflated static-obstacle box,4,0,75,0.18783843535377764,0.0006534990851086997,-0.55376755573209568,0.86564152186356824,0.55226214751432723,1.0591321243347671,-0.25913212433476707,nan,nan,0.15634462505194868,2.7790079256088744,17.220992074391127,0,0.28616583726590866,-0.36917837048806379,0.18244257745688458,0,09af65bf163019c5,,nan,nan
DVE013,2,55.408559137695725,16,REFINE,STRICT,LEFT,0.56000000000000005,0.82000000000000006,0.51458109301505117,0.49716841625749453,0,0.71558156768797521,0.77112840685317341,0.82667524601837172,3.8984451463501619,36,1,0,d-offset intersects an inflated static-obstacle box,4,0,75,0.20037472941049339,0.014203052958057238,-0.55408559137695723,0.86532348621870669,0.5529103343900349,1.0467290746456159,-0.24672907464561589,nan,nan,0.1393490361606351,2.7428163052244465,17.257183694775552,0,0.28475623764921221,-0.36939039425130482,0.17969536246602533,0,cc8e8c3eae478160,,nan,nan
DVE013,2,55.408559137695725,86,REFINE,STRICT,LEFT,0.56000000000000005,0.82000000000000006,0.71366941165554731,0.49716841625749453,0,0.71558156768797521,0.77112840685317341,0.82667524601837172,3.8984451463501619,36,1,0,d-offset intersects an inflated static-obstacle box,4,0,75,0.20037472941049339,0.014203052958057238,-0.55408559137695723,0.86532348621870669,0.5529103343900349,1.0467290746456159,-0.24672907464561589,nan,nan,0.1393490361606351,2.7428163052244465,17.257183694775552,0,0.28475623764921221,-0.36939039425130482,0.17969536246602533,0,cc8e8c3eae478160,,nan,nan
DVE013,2,55.408559137695725,156,REFINE,RELAXED,LEFT,0.56000000000000005,0.82000000000000006,0.51458109301505117,0.49716841625749453,0,0.71558156768797521,0.77112840685317341,0.82667524601837172,3.8984451463501619,36,1,0,d-offset intersects an inflated static-obstacle box,4,0,75,0.20037472941049339,0.014203052958057238,-0.55408559137695723,0.86532348621870669,0.5529103343900349,1.0467290746456159,-0.24672907464561589,nan,nan,0.1393490361606351,2.7428163052244465,17.257183694775552,0,0.28475623764921221,-0.36939039425130482,0.17969536246602533,0,cc8e8c3eae478160,,nan,nan
DVE013,2,55.408559137695725,226,REFINE,RELAXED,LEFT,0.56000000000000005,0.82000000000000006,0.71366941165554731,0.49716841625749453,0,0.71558156768797521,0.77112840685317341,0.82667524601837172,3.8984451463501619,36,1,0,d-offset intersects an inflated static-obstacle box,4,0,75,0.20037472941049339,0.014203052958057238,-0.55408559137695723,0.86532348621870669,0.5529103343900349,1.0467290746456159,-0.24672907464561589,nan,nan,0.1393490361606351,2.7428163052244465,17.257183694775552,0,0.28475623764921221,-0.36939039425130482,0.17969536246602533,0,cc8e8c3eae478160,,nan,nan
DVE013,2,55.40991385938655,6,REFINE,STRICT,LEFT,0.55940907759566394,0.82000000000000006,0.51458109301505117,0.49716841625749453,0,0.71484291468255501,0.77075908035046337,0.82667524601837172,3.8984451463501619,36,1,0,d-offset intersects an inflated static-obstacle box,4,0,75,0.20249465939529543,0.016464820638870448,-0.5540991385938655,0.86530993900179842,0.55294182313209328,1.045602400659948,-0.24560240065994798,nan,nan,0.13771624648622738,2.7408773133123812,17.259122686687618,0,0.28456063983857455,-0.36939942572924367,0.17923299257837538,0,038967424c1e052a,,nan,nan
DVE013,2,55.40991385938655,76,REFINE,STRICT,LEFT,0.55940907759566394,0.82000000000000006,0.71366941165554731,0.49716841625749453,0,0.71484291468255501,0.77075908035046337,0.82667524601837172,3.8984451463501619,36,1,0,d-offset intersects an inflated static-obstacle box,4,0,75,0.20249465939529543,0.016464820638870448,-0.5540991385938655,0.86530993900179842,0.55294182313209328,1.045602400659948,-0.24560240065994798,nan,nan,0.13771624648622738,2.7408773133123812,17.259122686687618,0,0.28456063983857455,-0.36939942572924367,0.17923299257837538,0,038967424c1e052a,,nan,nan
DVE014,1,0.23272373786134004,315,REFINE,STRICT,RIGHT,-0.37068151566060736,-0.37,1.310934367577036,3.9473573093269398,0,0.16063504276040241,0.16805805978815336,0.1754810768159043,10.077449135303102,60,1,0,shifted race line exceeds left control steering curvature,5,0,-1,0.6639219002319563,0.48175001538429724,1.5,0.7456302481558541,0.48907469564863931,0.27326371792620086,0.52673628207379919,nan,nan,-0.0046544747572268008,2.3541132170882455,17.645886782911756,0,0.19686282672453517,-0.0035361187797160768,0.11241302609948692,0,7932ea2e90566170,,nan,nan
DVE014,1,0.23272373786134004,375,REFINE,RELAXED,RIGHT,-0.37068151566060736,-0.37,1.310934367577036,3.9473573093269398,0,0.16063504276040241,0.16805805978815336,0.1754810768159043,10.077449135303102,60,1,0,shifted race line exceeds left control steering curvature,5,0,-1,0.6639219002319563,0.48175001538429724,1.5,0.7456302481558541,0.48907469564863931,0.27326371792620086,0.52673628207379919,nan,nan,-0.0046544747572268008,2.3541132170882455,17.645886782911756,0,0.19686282672453517,-0.0035361187797160768,0.11241302609948692,0,7932ea2e90566170,,nan,nan
DVE014,1,0.40404701821261657,1040,REFINE,STRICT,RIGHT,-0.38,-0.41891305447841037,0.51458109301505117,0.60498681916591468,0.097580966275288131,0.16063504276040241,0.16805805978815336,0.1754810768159043,1.6930939225119281,27,1,0,shifted race line exceeds left control steering curvature,5,2,-1,0.56306931982042596,0.35623165075118496,1.5,0.78612322753505282,0.49564553830270369,0.70857083513407959,0.091429164865920454,nan,nan,-0.0080809403642523314,4.1740226692405926,15.825977330759407,0,0.33257975201365553,-0.0061392888500320956,0.070620563527571234,0,c5df965d77c2c116,,nan,nan
DVE014,1,0.40404701821261657,1100,REFINE,RELAXED,RIGHT,-0.38,-0.41891305447841037,0.51458109301505117,0.60498681916591468,0.097580966275288131,0.16063504276040241,0.16805805978815336,0.1754810768159043,1.6930939225119281,27,1,0,shifted race line exceeds left control steering curvature,5,2,-1,0.56306931982042596,0.35623165075118496,1.5,0.78612322753505282,0.49564553830270369,0.70857083513407959,0.091429164865920454,nan,nan,-0.0080809403642523314,4.1740226692405926,15.825977330759407,0,0.33257975201365553,-0.0061392888500320956,0.070620563527571234,0,c5df965d77c2c116,,nan,nan
DVE014,1,0.7173183447804266,314,REFINE,STRICT,RIGHT,-0.37068151566060736,-0.38,1.310934367577036,3.9473573093269398,0,0.16063504276040241,0.16805805978815336,0.1754810768159043,10.077449135303102,60,1,0,shifted race line exceeds left control steering curvature,5,0,-1,0.37075033622573078,0.21808970939339514,1.5,0.75460435289295613,0.49486946859106168,0.29831732917912884,0.50168267082087126,nan,nan,-0.014346366895608531,2.5699971572943752,17.430002842705626,0,0.19714873700063704,-0.010899287255020856,0.23401160207285132,0,da258b06401d0022,,nan,nan
DVE014,1,0.7173183447804266,374,REFINE,RELAXED,RIGHT,-0.37068151566060736,-0.38,1.310934367577036,3.9473573093269398,0,0.16063504276040241,0.16805805978815336,0.1754810768159043,10.077449135303102,60,1,0,shifted race line exceeds left control steering curvature,5,0,-1,0.37075033622573078,0.21808970939339514,1.5,0.75460435289295613,0.49486946859106168,0.29831732917912884,0.50168267082087126,nan,nan,-0.014346366895608531,2.5699971572943752,17.430002842705626,0,0.19714873700063704,-0.010899287255020856,0.23401160207285132,0,da258b06401d0022,,nan,nan
DVE014,1,1.1298500347207474,102,REFINE,STRICT,RIGHT,-0.38,-0.41999999999999998,0.51458109301505117,0.60498681916591468,0.097580966275288131,0.16063504276040241,0.16805805978815336,0.1754810768159043,1.6930939225119281,27,1,0,shifted race line exceeds left control steering curvature,5,2,-1,0.55696522514323066,0.3485317728997957,1.5,0.78612322753505282,0.49573579204417667,0.72231582802427463,0.077684171975725413,nan,nan,-0.022597000694414948,4.2509091550147859,15.749090844985215,0,0.3342609160859592,-0.017167496374690151,0.071448314377785704,0,676bf50768bd1085,,nan,nan
DVE014,1,1.1298500347207474,232,REFINE,RELAXED,RIGHT,-0.38,-0.41999999999999998,0.51458109301505117,0.60498681916591468,0.097580966275288131,0.16063504276040241,0.16805805978815336,0.1754810768159043,1.6930939225119281,27,1,0,shifted race line exceeds left control steering curvature,5,2,-1,0.55696522514323066,0.3485317728997957,1.5,0.78612322753505282,0.49573579204417667,0.72231582802427463,0.077684171975725413,nan,nan,-0.022597000694414948,4.2509091550147859,15.749090844985215,0,0.3342609160859592,-0.017167496374690151,0.071448314377785704,0,676bf50768bd1085,,nan,nan
DVE014,1,1.9915815227035005,6454,COARSE,STRICT,RIGHT,-0.37068151566060736,-0.37891305447841039,1.310934367577036,3.9473573093269398,0,0.16063504276040241,0.16805805978815336,0.1754810768159043,10.077449135303102,60,1,0,shifted race line exceeds left control steering curvature,5,0,-1,0.4208084635409281,0.26854368511409282,1.5,0.75517003771778568,0.49445672274852664,0.29935583209800748,0.50064416790199262,nan,nan,-0.039831630454070011,2.612773428421757,17.387226571578243,0,0.19788331570784132,-0.030261067858764742,0.21811557552815319,0,dc47bbb3a757caa6,,nan,nan
DVE014,1,1.9915815227035005,22054,COARSE,RELAXED,RIGHT,-0.37068151566060736,-0.37891305447841039,1.310934367577036,3.9473573093269398,0,0.16063504276040241,0.16805805978815336,0.1754810768159043,10.077449135303102,60,1,0,shifted race line exceeds left control steering curvature,5,0,-1,0.4208084635409281,0.26854368511409282,1.5,0.75517003771778568,0.49445672274852664,0.29935583209800748,0.50064416790199262,nan,nan,-0.039831630454070011,2.612773428421757,17.387226571578243,0,0.19788331570784132,-0.030261067858764742,0.21811557552815319,0,dc47bbb3a757caa6,,nan,nan
DVE015,1,0.3045466020484777,33,REFINE,STRICT,RIGHT,-0.35999999999999999,-0.55999999999999994,0.51458109301505117,0.49716841625749453,0.021441824616362511,0.035296928751388013,0.12772409685336705,0.22015126495534609,1.4673010392710095,26,1,0,quintic d-offset exceeds maximum_lateral_slope,5,1,-1,0.35306381454061203,0.033600002021872334,0.19634234988822846,0.35306381454061203,0.033600002021872334,0.8060909320409696,-0.0060909320409695544,nan,nan,0.082611607222625949,2.8792288762319522,17.120771123768048,0,0.20557375751770438,0.072208169086989168,0.051350987747733161,0,b3520ebd0fbcdf6f,,nan,nan
DVE015,1,0.3045466020484777,103,REFINE,STRICT,RIGHT,-0.35999999999999999,-0.55999999999999994,0.71366941165554731,0.49716841625749453,0.016081368462271883,0.035296928751388013,0.12772409685336705,0.22015126495534609,1.4673010392710095,26,1,0,quintic d-offset exceeds maximum_lateral_slope,5,1,-1,0.35306381454061203,0.033600002021872334,0.19634234988822846,0.35306381454061203,0.033600002021872334,0.8060909320409696,-0.0060909320409695544,nan,nan,0.082611607222625949,2.8792288762319522,17.120771123768048,0,0.20557375751770438,0.072208169086989168,0.051350987747733161,0,b3520ebd0fbcdf6f,,nan,nan
DVE015,1,0.3045466020484777,745,REFINE,RELAXED,RIGHT,-0.35999999999999999,-0.55999999999999994,0.51458109301505117,0.49716841625749453,0.021441824616362511,0.035296928751388013,0.12772409685336705,0.22015126495534609,1.4673010392710095,26,1,0,quintic d-offset exceeds maximum_lateral_slope,5,1,-1,0.35306381454061203,0.033600002021872334,0.19634234988822846,0.35306381454061203,0.033600002021872334,0.8060909320409696,-0.0060909320409695544,nan,nan,0.082611607222625949,2.8792288762319522,17.120771123768048,0,0.20557375751770438,0.072208169086989168,0.051350987747733161,0,b3520ebd0fbcdf6f,,nan,nan
DVE015,1,0.3045466020484777,815,REFINE,RELAXED,RIGHT,-0.35999999999999999,-0.55999999999999994,0.71366941165554731,0.49716841625749453,0.016081368462271883,0.035296928751388013,0.12772409685336705,0.22015126495534609,1.4673010392710095,26,1,0,quintic d-offset exceeds maximum_lateral_slope,5,1,-1,0.35306381454061203,0.033600002021872334,0.19634234988822846,0.35306381454061203,0.033600002021872334,0.8060909320409696,-0.0060909320409695544,nan,nan,0.082611607222625949,2.8792288762319522,17.120771123768048,0,0.20557375751770438,0.072208169086989168,0.051350987747733161,0,b3520ebd0fbcdf6f,,nan,nan
DVE015,1,0.6610603049373998,22,REFINE,STRICT,RIGHT,-0.37,-0.56999999999999995,0.51458109301505117,0.49716841625749453,0.021441824616362511,0.035296928751388013,0.12772409685336705,0.22015126495534609,1.4673010392710095,26,1,0,quintic d-offset exceeds maximum_lateral_slope,5,1,-1,0.34303030479222391,0.023755219217793035,0.20637585963661659,0.34303030479222391,0.023755219217793035,0.81322120609874804,-0.013221206098747995,nan,nan,0.11622953205583353,2.8204045378736411,17.179595462126358,0,0.2027384898701779,0.10159252417123568,0.052372914922273854,0,ff8118b3086b21d0,,nan,nan
DVE015,1,0.6610603049373998,92,REFINE,STRICT,RIGHT,-0.37,-0.56999999999999995,0.71366941165554731,0.49716841625749453,0.016081368462271883,0.035296928751388013,0.12772409685336705,0.22015126495534609,1.4673010392710095,26,1,0,quintic d-offset exceeds maximum_lateral_slope,5,1,-1,0.34303030479222391,0.023755219217793035,0.20637585963661659,0.34303030479222391,0.023755219217793035,0.81322120609874804,-0.013221206098747995,nan,nan,0.11622953205583353,2.8204045378736411,17.179595462126358,0,0.2027384898701779,0.10159252417123568,0.052372914922273854,0,ff8118b3086b21d0,,nan,nan
DVE015,1,0.6610603049373998,734,REFINE,RELAXED,RIGHT,-0.37,-0.56999999999999995,0.51458109301505117,0.49716841625749453,0.021441824616362511,0.035296928751388013,0.12772409685336705,0.22015126495534609,1.4673010392710095,26,1,0,quintic d-offset exceeds maximum_lateral_slope,5,1,-1,0.34303030479222391,0.023755219217793035,0.20637585963661659,0.34303030479222391,0.023755219217793035,0.81322120609874804,-0.013221206098747995,nan,nan,0.11622953205583353,2.8204045378736411,17.179595462126358,0,0.2027384898701779,0.10159252417123568,0.052372914922273854,0,ff8118b3086b21d0,,nan,nan
DVE015,1,0.6610603049373998,804,REFINE,RELAXED,RIGHT,-0.37,-0.56999999999999995,0.71366941165554731,0.49716841625749453,0.016081368462271883,0.035296928751388013,0.12772409685336705,0.22015126495534609,1.4673010392710095,26,1,0,quintic d-offset exceeds maximum_lateral_slope,5,1,-1,0.34303030479222391,0.023755219217793035,0.20637585963661659,0.34303030479222391,0.023755219217793035,0.81322120609874804,-0.013221206098747995,nan,nan,0.11622953205583353,2.8204045378736411,17.179595462126358,0,0.2027384898701779,0.10159252417123568,0.052372914922273854,0,ff8118b3086b21d0,,nan,nan
DVE015,1,1.0174206558064336,11,REFINE,STRICT,RIGHT,-0.38,-0.57999999999999996,0.51458109301505117,0.49716841625749453,0.021441824616362511,0.035296928751388013,0.12772409685336705,0.22015126495534609,1.4673010392710095,26,1,0,quintic d-offset exceeds maximum_lateral_slope,5,1,-1,0.33299681353662797,0.013911987058769539,0.21640935089221253,0.33299681353662797,0.013911987058769539,0.82034841311612872,-0.020348413116128672,nan,nan,0.1497234757186533,2.7605892249681387,17.23941077503186,0,0.19975261204887879,0.12199787569108529,0.053394951552728359,0,94f580dc434a9b23,,nan,nan
DVE015,1,1.0174206558064336,81,REFINE,STRICT,RIGHT,-0.38,-0.57999999999999996,0.71366941165554731,0.49716841625749453,0.016081368462271883,0.035296928751388013,0.12772409685336705,0.22015126495534609,1.4673010392710095,26,1,0,quintic d-offset exceeds maximum_lateral_slope,5,1,-1,0.33299681353662797,0.013911987058769539,0.21640935089221253,0.33299681353662797,0.013911987058769539,0.82034841311612872,-0.020348413116128672,nan,nan,0.1497234757186533,2.7605892249681387,17.23941077503186,0,0.19975261204887879,0.12199787569108529,0.053394951552728359,0,94f580dc434a9b23,,nan,nan
DVE016,2,6409.8707027208575,5,REFINE,STRICT,LEFT,0.14999999999999999,-0.89000000000000001,0.51458109301505117,0.59047524846236676,0,1.3962406449589528,1.3982480403886521,1.4002554358183517,5.0485243841383198,40,1,0,path entry is discontinuous from the current ego d,5,0,-1,-64.086467749305029,-64.098707027208576,0.33541418083353758,-0.32014217583964671,-0.68712599953059983,68.902990857060047,-68.10299085706005,nan,nan,0.0043585183495487012,4.5437531224636087,15.45624687753639,0,0.14008825821086718,-42.824311832870016,13.186250735984112,0,01679424bffb60f5,,nan,nan
DVE016,2,6409.8707027208575,55,REFINE,STRICT,LEFT,0.14999999999999999,-0.89000000000000001,1.310934367577036,0.59047524846236676,0,1.3962406449589528,1.3982480403886521,1.4002554358183517,5.0485243841383198,40,1,0,path entry is discontinuous from the current ego d,5,0,-1,-64.086467749305029,-64.098707027208576,0.33541418083353758,-0.32014217583964671,-0.68712599953059983,68.902990857060047,-68.10299085706005,nan,nan,0.0043585183495487012,4.5437531224636087,15.45624687753639,0,0.14008825821086718,-42.824311832870016,13.186250735984112,0,01679424bffb60f5,,nan,nan
DVE016,2,6409.8707027208575,105,REFINE,RELAXED,LEFT,0.14999999999999999,-0.89000000000000001,0.51458109301505117,0.59047524846236676,0,1.3962406449589528,1.3982480403886521,1.4002554358183517,5.0485243841383198,40,1,0,path entry is discontinuous from the current ego d,5,0,-1,-64.086467749305029,-64.098707027208576,0.33541418083353758,-0.32014217583964671,-0.68712599953059983,68.902990857060047,-68.10299085706005,nan,nan,0.0043585183495487012,4.5437531224636087,15.45624687753639,0,0.14008825821086718,-42.824311832870016,13.186250735984112,0,01679424bffb60f5,,nan,nan
DVE016,2,6409.8707027208575,155,REFINE,RELAXED,LEFT,0.14999999999999999,-0.89000000000000001,1.310934367577036,0.59047524846236676,0,1.3962406449589528,1.3982480403886521,1.4002554358183517,5.0485243841383198,40,1,0,path entry is discontinuous from the current ego d,5,0,-1,-64.086467749305029,-64.098707027208576,0.33541418083353758,-0.32014217583964671,-0.68712599953059983,68.902990857060047,-68.10299085706005,nan,nan,0.0043585183495487012,4.5437531224636087,15.45624687753639,0,0.14008825821086718,-42.824311832870016,13.186250735984112,0,01679424bffb60f5,,nan,nan
DVE016,2,6472.412644852502,72,COARSE,STRICT,LEFT,0.14999999999999999,-0.89999999999999947,0.51458109301505117,0.59047524846236676,0,1.3962406449589528,1.3982480403886521,1.4002554358183517,5.0485243841383198,40,1,0,path entry is discontinuous from the current ego d,5,0,-1,-64.713300079975539,-64.724126448525027,0.34200878862679129,-0.32673678363290043,-0.69330486244269118,69.565226435415241,-68.765226435415244,nan,nan,0.01369313855229759,4.5087515100626074,15.491248489937393,0,0.13896199150579278,-43.242200053317021,13.312672555942118,0,cc05d5fa8ef740e5,,nan,nan
DVE016,2,6472.412644852502,75,COARSE,STRICT,LEFT,0.14999999999999999,-0.89999999999999947,1.310934367577036,0.59047524846236676,0,1.3962406449589528,1.3982480403886521,1.4002554358183517,5.0485243841383198,40,1,0,path entry is discontinuous from the current ego d,5,0,-1,-64.713300079975539,-64.724126448525027,0.34200878862679129,-0.32673678363290043,-0.69330486244269118,69.565226435415241,-68.765226435415244,nan,nan,0.01369313855229759,4.5087515100626074,15.491248489937393,0,0.13896199150579278,-43.242200053317021,13.312672555942118,0,cc05d5fa8ef740e5,,nan,nan
DVE016,2,6472.412644852502,8010,COARSE,RELAXED,LEFT,0.14999999999999999,-0.89999999999999947,0.51458109301505117,0.59047524846236676,0,1.3962406449589528,1.3982480403886521,1.4002554358183517,5.0485243841383198,40,1,0,path entry is discontinuous from the current ego d,5,0,-1,-64.713300079975539,-64.724126448525027,0.34200878862679129,-0.32673678363290043,-0.69330486244269118,69.565226435415241,-68.765226435415244,nan,nan,0.01369313855229759,4.5087515100626074,15.491248489937393,0,0.13896199150579278,-43.242200053317021,13.312672555942118,0,cc05d5fa8ef740e5,,nan,nan
DVE016,2,6472.412644852502,8013,COARSE,RELAXED,LEFT,0.14999999999999999,-0.89999999999999947,1.310934367577036,0.59047524846236676,0,1.3962406449589528,1.3982480403886521,1.4002554358183517,5.0485243841383198,40,1,0,path entry is discontinuous from the current ego d,5,0,-1,-64.713300079975539,-64.724126448525027,0.34200878862679129,-0.32673678363290043,-0.69330486244269118,69.565226435415241,-68.765226435415244,nan,nan,0.01369313855229759,4.5087515100626074,15.491248489937393,0,0.13896199150579278,-43.242200053317021,13.312672555942118,0,cc05d5fa8ef740e5,,nan,nan
DVE016,2,6472.412644852514,4,REFINE,STRICT,LEFT,0.14999999999999999,-0.90000000000000002,0.51458109301505117,0.59047524846236676,0,1.3962406449589528,1.3982480403886521,1.4002554358183517,5.0485243841383198,40,1,0,path entry is discontinuous from the current ego d,5,0,-1,-64.713300079975653,-64.724126448525141,0.34200878862679174,-0.32673678363290087,-0.69330486244269185,69.565226435415354,-68.765226435415357,nan,nan,0.013693138551165829,4.5087515100670856,15.491248489932914,0,0.1389619915057945,-43.242200053317099,13.312672555942068,0,f272b57f4322f702,,nan,nan
DVE016,2,6472.412644852514,54,REFINE,STRICT,LEFT,0.14999999999999999,-0.90000000000000002,1.310934367577036,0.59047524846236676,0,1.3962406449589528,1.3982480403886521,1.4002554358183517,5.0485243841383198,40,1,0,path entry is discontinuous from the current ego d,5,0,-1,-64.713300079975653,-64.724126448525141,0.34200878862679174,-0.32673678363290087,-0.69330486244269185,69.565226435415354,-68.765226435415357,nan,nan,0.013693138551165829,4.5087515100670856,15.491248489932914,0,0.1389619915057945,-43.242200053317099,13.312672555942068,0,f272b57f4322f702,,nan,nan
DVE017,1,0.009435693775583509,490,REFINE,STRICT,RIGHT,-0.58999999999999997,-0.34999999999999998,0.51458109301505117,0.49716841625749453,0.1117432360806523,0.18394857307891854,0.27637574118089758,0.36880290928287662,1.6159526835985401,27,1,0,shifted race line exceeds left control steering curvature,5,2,-1,0.3281986867537301,0.085568732756246019,0.049515123738626876,0.3281986867537301,0.085568732756246019,0.77293473696220016,0.02706526303779988,nan,nan,-0.00018871387551167018,5.4278272716908171,14.572172728309184,0,0.18201632364565934,-0.00014337056574508398,0.070433793760152685,0,dffe4ad939f934d7,,nan,nan
DVE017,1,0.009435693775583509,580,REFINE,STRICT,RIGHT,-0.58999999999999997,-0.34999999999999998,0.71366941165554731,0.49716841625749453,0.083807427060489229,0.18394857307891854,0.27637574118089758,0.36880290928287662,1.6159526835985401,27,1,0,shifted race line exceeds left control steering curvature,5,2,-1,0.3281986867537301,0.085568732756246019,0.049515123738626876,0.3281986867537301,0.085568732756246019,0.77293473696220016,0.02706526303779988,nan,nan,-0.00018871387551167018,5.4278272716908171,14.572172728309184,0,0.18201632364565934,-0.00014337056574508398,0.070433793760152685,0,dffe4ad939f934d7,,nan,nan
DVE017,1,0.027762266977610084,12,REFINE,STRICT,RIGHT,-0.57999999999999996,-0.52000000000000002,0.51458109301505117,0.49716841625749453,0.1117432360806523,0.18394857307891854,0.27637574118089758,0.36880290928287662,1.6159526835985401,27,1,0,quintic d-offset exceeds maximum_lateral_slope,5,4,-1,0.3281986867537301,0.13430078878835386,0.1931612859566299,0.3281986867537301,0.13571819870808635,0.80055524533955225,-0.00055524533955220168,nan,nan,0.056669630866947207,3.5445498910220161,16.455450108977985,0,0.22736078852028091,0.043053310287493166,0.081939706686899927,0,9a70e2d2276c87f9,,nan,nan
DVE017,1,0.027762266977610084,102,REFINE,STRICT,RIGHT,-0.57999999999999996,-0.52000000000000002,0.71366941165554731,0.49716841625749453,0.083807427060489229,0.18394857307891854,0.27637574118089758,0.36880290928287662,1.6159526835985401,27,1,0,quintic d-offset exceeds maximum_lateral_slope,5,4,-1,0.3281986867537301,0.13430078878835386,0.1931612859566299,0.3281986867537301,0.13571819870808635,0.80055524533955225,-0.00055524533955220168,nan,nan,0.056669630866947207,3.5445498910220161,16.455450108977985,0,0.22736078852028091,0.043053310287493166,0.081939706686899927,0,9a70e2d2276c87f9,,nan,nan
DVE017,1,0.10456870124123663,491,REFINE,STRICT,RIGHT,-0.58999999999999997,-0.33999999999999997,0.51458109301505117,0.49716841625749453,0.1117432360806523,0.18394857307891854,0.27637574118089758,0.36880290928287662,1.6159526835985401,27,1,0,shifted race line exceeds left control steering curvature,5,2,-1,0.3281986867537301,0.078237292267447717,0.040979254249058517,0.3281986867537301,0.078237292267447717,0.78305947223837069,0.016940527761629354,nan,nan,-0.0020913740248247326,5.7736880662307408,14.22631193376926,0,0.18201632364565934,-0.0015888682075481664,0.069729132716458503,0,97f1104452a4cede,,nan,nan
DVE017,1,0.10456870124123663,581,REFINE,STRICT,RIGHT,-0.58999999999999997,-0.33999999999999997,0.71366941165554731,0.49716841625749453,0.083807427060489229,0.18394857307891854,0.27637574118089758,0.36880290928287662,1.6159526835985401,27,1,0,shifted race line exceeds left control steering curvature,5,2,-1,0.3281986867537301,0.078237292267447717,0.040979254249058517,0.3281986867537301,0.078237292267447717,0.78305947223837069,0.016940527761629354,nan,nan,-0.0020913740248247326,5.7736880662307408,14.22631193376926,0,0.18201632364565934,-0.0015888682075481664,0.069729132716458503,0,97f1104452a4cede,,nan,nan
DVE017,1,0.1458153839516474,180,REFINE,STRICT,RIGHT,-0.58999999999999997,-0.48999999999999916,0.51458109301505117,0.49716841625749453,0.1117432360806523,0.18394857307891854,0.27637574118089758,0.36880290928287662,1.6159526835985401,27,1,0,quintic d-offset exceeds maximum_lateral_slope,5,4,-1,0.3281986867537301,0.14577613340742282,0.16901729659258319,0.3281986867537301,0.16112645584540788,0.80291630767903299,-0.0029163076790329479,nan,nan,0.011627892628509384,3.6654527768847571,16.334547223115244,0,0.21158250264825651,0.0088339955928115506,0.080299048371877804,0,6daf57f5f0241fdc,,nan,nan
DVE017,1,0.1458153839516474,243,REFINE,STRICT,RIGHT,-0.58999999999999997,-0.48999999999999916,0.71366941165554731,0.49716841625749453,0.083807427060489229,0.18394857307891854,0.27637574118089758,0.36880290928287662,1.6159526835985401,27,1,0,quintic d-offset exceeds maximum_lateral_slope,5,4,-1,0.3281986867537301,0.14577613340742282,0.16901729659258319,0.3281986867537301,0.16112645584540788,0.80291630767903299,-0.0029163076790329479,nan,nan,0.011627892628509384,3.6654527768847571,16.334547223115244,0,0.21158250264825651,0.0088339955928115506,0.080299048371877804,0,6daf57f5f0241fdc,,nan,nan
DVE017,1,0.1458153839516696,5,REFINE,STRICT,RIGHT,-0.58999999999999997,-0.48999999999999999,0.51458109301505117,0.49716841625749453,0.1117432360806523,0.18394857307891854,0.27637574118089758,0.36880290928287662,1.6159526835985401,27,1,0,quintic d-offset exceeds maximum_lateral_slope,5,4,-1,0.3281986867537301,0.14577613340742315,0.16901729659258397,0.3281986867537301,0.16112645584550547,0.80291630767903344,-0.0029163076790333919,nan,nan,0.011627892628511605,3.6654527768846985,16.334547223115301,0,0.21158250264825665,0.0088339955928132367,0.080299048371877887,0,f4892c8627144eba,,nan,nan
DVE017,1,0.1458153839516696,95,REFINE,STRICT,RIGHT,-0.58999999999999997,-0.48999999999999999,0.71366941165554731,0.49716841625749453,0.083807427060489229,0.18394857307891854,0.27637574118089758,0.36880290928287662,1.6159526835985401,27,1,0,quintic d-offset exceeds maximum_lateral_slope,5,4,-1,0.3281986867537301,0.14577613340742315,0.16901729659258397,0.3281986867537301,0.16112645584550547,0.80291630767903344,-0.0029163076790333919,nan,nan,0.011627892628511605,3.6654527768846985,16.334547223115301,0,0.21158250264825665,0.0088339955928132367,0.080299048371877887,0,f4892c8627144eba,,nan,nan
DVE018,1,0.18889526732487338,196,REFINE,STRICT,RIGHT,-0.39999999999999997,-0.38999999999999996,0.51458109301505117,0.60498681916591468,0.093441153503834348,0.15382019938524572,0.16511212715332757,0.17640405492140943,1.6940169006174333,27,1,0,shifted race line exceeds left control steering curvature,5,0,-1,0.816546820746748,0.61900333515179207,1.5,0.8934540681800891,0.61900333515179207,0.44936178133032451,0.35063821866967554,nan,nan,-0.0037779053464974677,2.2709547252240383,17.729045274775963,0,0.31807261876555892,-0.0028701674712054972,0.047439691994024771,0,ce6a68638fcfd896,,nan,nan
DVE018,1,0.7956589048186746,837,REFINE,STRICT,RIGHT,-0.39999999999999997,-0.44,0.71366941165554731,0.49716841625749453,0.070080865127875758,0.15382019938524572,0.16511212715332757,0.17640405492140943,1.4235538292370729,26,1,0,shifted race line exceeds left control steering curvature,5,1,-1,0.7867880696576357,0.58136170519821218,1.5,0.90080168925914395,0.5977461177604112,0.60585036434143835,0.19414963565856169,nan,nan,-0.015913178096373493,3.0833244527348498,16.91667554726515,0,0.32326406172659239,-0.012089632202684841,0.052555306175282084,0,57240a41bcf55591,,nan,nan
DVE018,1,0.9395328136013126,7989,COARSE,STRICT,RIGHT,-0.40484246495566689,-0.47325266281210476,1.310934367577036,0.60498681916591468,0,0.15382019938524572,0.16511212715332757,0.17640405492140943,1.6940169006174333,27,1,0,quintic d-offset exceeds maximum_lateral_slope,5,4,-1,0.60633597811299544,0.40031474015849039,1.5,0.88647239309943993,0.56971337643073638,0.8187906562720263,-0.018790656272026252,nan,nan,0.054271862868448872,4.4663862916392887,15.533613708360711,0,0.29777007581454396,0.041231667053586371,0.078282444565911796,0,55133f61401bb4dc,,nan,nan
DVE018,1,0.9395328136013126,25149,COARSE,RELAXED,RIGHT,-0.40484246495566689,-0.47325266281210476,1.310934367577036,0.60498681916591468,0,0.15382019938524572,0.16511212715332757,0.17640405492140943,1.6940169006174333,27,1,0,quintic d-offset exceeds maximum_lateral_slope,5,4,-1,0.60633597811299544,0.40031474015849039,1.5,0.88647239309943993,0.56971337643073638,0.8187906562720263,-0.018790656272026252,nan,nan,0.054271862868448872,4.4663862916392887,15.533613708360711,0,0.29777007581454396,0.041231667053586371,0.078282444565911796,0,55133f61401bb4dc,,nan,nan
DVE018,1,0.9395328136013681,7981,COARSE,STRICT,RIGHT,-0.40484246495566689,-0.47325266281210498,1.310934367577036,0.60498681916591468,0,0.15382019938524572,0.16511212715332757,0.17640405492140943,1.6940169006174333,27,1,0,quintic d-offset exceeds maximum_lateral_slope,5,4,-1,0.60633597811299444,0.40031474015848795,1.5,0.88647239309943981,0.5697133764307114,0.81879065627202741,-0.018790656272027362,nan,nan,0.054271862868396248,4.4663862916393793,15.533613708360621,0,0.29777007581454312,0.041231667053546389,0.078282444565911796,0,f25cbc67fdcef512,,nan,nan
DVE018,1,0.9395328136013681,25141,COARSE,RELAXED,RIGHT,-0.40484246495566689,-0.47325266281210498,1.310934367577036,0.60498681916591468,0,0.15382019938524572,0.16511212715332757,0.17640405492140943,1.6940169006174333,27,1,0,quintic d-offset exceeds maximum_lateral_slope,5,4,-1,0.60633597811299444,0.40031474015848795,1.5,0.88647239309943981,0.5697133764307114,0.81879065627202741,-0.018790656272027362,nan,nan,0.054271862868396248,4.4663862916393793,15.533613708360621,0,0.29777007581454312,0.041231667053546389,0.078282444565911796,0,f25cbc67fdcef512,,nan,nan
DVE018,1,1.313038921911902,122,REFINE,STRICT,RIGHT,-0.39999999999999997,-0.46999999999999997,1.310934367577036,0.60498681916591468,0,0.15382019938524572,0.16511212715332757,0.17640405492140943,1.6940169006174333,27,1,0,quintic d-offset exceeds maximum_lateral_slope,5,4,-1,0.6025597804383731,0.39327853512134686,1.5,0.89082345122031681,0.57277052821509333,0.82626077843823809,-0.026260778438238042,nan,nan,0.037334904188364826,4.5205590370332001,15.4794409629668,0,0.29905665305217705,0.028364243598999982,0.078565257331535562,0,187577c73acdd0c3,,nan,nan
DVE018,1,1.5774776747405572,207,REFINE,STRICT,RIGHT,-0.39325266281210602,-0.37999999999999995,0.51458109301505117,0.60498681916591468,0.093441153503834348,0.15382019938524572,0.16511212715332757,0.17640405492140943,1.6940169006174333,27,1,0,shifted race line exceeds left control steering curvature,5,0,-1,0.82862693071719529,0.63083269264035136,1.5,0.90003559284676549,0.63083269264035136,0.44412507511490618,0.35587492488509387,nan,nan,-0.031549553494811144,2.4816581726050382,17.518341827394963,0,0.32010140833545769,-0.023968970597904673,0.044929883994095463,0,e8ba8ae6681a615b,,nan,nan
DVE018,1,2.022539630368403,758,REFINE,STRICT,RIGHT,-0.39325266281210602,-0.42999999999999999,0.51458109301505117,0.49716841625749453,0.093441153503834348,0.15382019938524572,0.16511212715332757,0.17640405492140943,1.4235538292370729,26,1,0,shifted race line exceeds left control steering curvature,5,1,-1,0.80234434923072429,0.5964427832830913,1.5,0.91416585690463648,0.60992273930745144,0.58546589622405942,0.21453410377594062,nan,nan,-0.040450792607368058,3.0559948599311539,16.944005140068846,0,0.3265199520219042,-0.030731460552283433,0.050499789118818444,0,a8dc52532ad149c3,,nan,nan
DVE018,1,2.478992921163803,8509,COARSE,STRICT,RIGHT,-0.39999999999999963,-0.47325266281210476,1.310934367577036,0.60498681916591468,0,0.15382019938524572,0.16511212715332757,0.17640405492140943,1.6940169006174333,27,1,0,quintic d-offset exceeds maximum_lateral_slope,5,4,-1,0.58891768849900683,0.3754924762079192,1.5,0.8906463577653787,0.5701663339174623,0.8495798584232761,-0.049579858423276058,nan,nan,0.004416282859015741,4.623653042085075,15.376346957914926,0,0.30185853578689964,0.0033551585450230892,0.080197798787286542,0,2043e7a5d99e0a0c,,nan,nan
DVE019,2,5.59890335654589,25,REFINE,STRICT,RIGHT,-0.66000000000000003,-0.66999999999999993,0.51458109301505117,0.49716841625749453,0.56148259937339695,0.92429686651308174,1.0403875883744167,1.1564783102357516,2.4036280845514151,29,1,0,quintic d-offset exceeds maximum_lateral_slope,5,6,-1,0.50573989467991165,0.31380870031733593,0.028293497140073232,0.79637931601290124,0.52218062207997495,0.80845507112912107,-0.0084550711291210279,nan,nan,0.36991155249344509,2.8117981534605012,17.188201846539499,0.27994516782729451,0.28374850681814773,0.018862331426715489,0.1476017281542597,0,e88af512bc395b95,,nan,nan
DVE019,2,5.59890335654589,85,REFINE,RELAXED,RIGHT,-0.66000000000000003,-0.66999999999999993,0.51458109301505117,0.49716841625749453,0.56148259937339695,0.92429686651308174,1.0403875883744167,1.1564783102357516,2.4036280845514151,29,1,0,quintic d-offset exceeds maximum_lateral_slope,5,6,-1,0.50573989467991165,0.31380870031733593,0.028293497140073232,0.79637931601290124,0.52218062207997495,0.80845507112912107,-0.0084550711291210279,nan,nan,0.36991155249344509,2.8117981534605012,17.188201846539499,0.27994516782729451,0.28374850681814773,0.018862331426715489,0.1476017281542597,0,e88af512bc395b95,,nan,nan
DVE019,2,6.102800844103076,4,REFINE,STRICT,RIGHT,-0.67665159609587544,-0.67999999999999994,0.51458109301505117,0.49716841625749453,0.56148259937339695,0.92429686651308174,1.0403875883744167,1.1564783102357516,2.4036280845514151,29,1,0,quintic d-offset exceeds maximum_lateral_slope,5,6,-1,0.47788923467297423,0.30201588894796089,0.041701633329076393,0.79637931601290124,0.5214528769834067,0.84428599407257332,-0.044285994072573276,nan,nan,0.29950051917994891,3.3514071768335789,16.648592823166421,0.30514004220515378,0.29493905891085104,0.027801088886050929,0.15289110818945259,0,a0e36e70849f004b,,nan,nan
DVE019,2,6.102800844103076,64,REFINE,RELAXED,RIGHT,-0.67665159609587544,-0.67999999999999994,0.51458109301505117,0.49716841625749453,0.56148259937339695,0.92429686651308174,1.0403875883744167,1.1564783102357516,2.4036280845514151,29,1,0,quintic d-offset exceeds maximum_lateral_slope,5,6,-1,0.47788923467297423,0.30201588894796089,0.041701633329076393,0.79637931601290124,0.5214528769834067,0.84428599407257332,-0.044285994072573276,nan,nan,0.29950051917994891,3.3514071768335789,16.648592823166421,0.30514004220515378,0.29493905891085104,0.027801088886050929,0.15289110818945259,0,a0e36e70849f004b,,nan,nan
DVE019,2,6.871413367570566,14,REFINE,STRICT,RIGHT,-0.67000000000000004,-0.67999999999999994,0.51458109301505117,0.49716841625749453,0.56148259937339695,0.92429686651308174,1.0403875883744167,1.1564783102357516,2.4036280845514151,29,1,0,quintic d-offset exceeds maximum_lateral_slope,5,6,-1,0.49605597835115284,0.30302281308003826,0.038269401920033808,0.79637931601290124,0.51787376561034049,0.82091363793137062,-0.020913637931370577,nan,nan,0.36146605149531175,2.8421978585907941,17.157802141409206,0.34357066837852834,0.28636843376757531,0.025512934613355871,0.14891287222232941,0,a274f4db15b1d523,,nan,nan
DVE019,2,6.871413367570566,74,REFINE,RELAXED,RIGHT,-0.67000000000000004,-0.67999999999999994,0.51458109301505117,0.49716841625749453,0.56148259937339695,0.92429686651308174,1.0403875883744167,1.1564783102357516,2.4036280845514151,29,1,0,quintic d-offset exceeds maximum_lateral_slope,5,6,-1,0.49605597835115284,0.30302281308003826,0.038269401920033808,0.79637931601290124,0.51787376561034049,0.82091363793137062,-0.020913637931370577,nan,nan,0.36146605149531175,2.8421978585907941,17.157802141409206,0.34357066837852834,0.28636843376757531,0.025512934613355871,0.14891287222232941,0,a274f4db15b1d523,,nan,nan
DVE019,2,6.964159367260587,254,REFINE,STRICT,RIGHT,-0.68000000000000005,-0.67999999999999994,0.51458109301505117,0.49716841625749453,0.56148259937339695,0.92429686651308174,1.0403875883744167,1.1564783102357516,2.4036280845514151,29,1,0,quintic d-offset exceeds maximum_lateral_slope,5,6,-1,0.45841323156135833,0.2603803508839761,0.043429413681978946,0.79637931601290124,0.52658536933190514,0.92183207737753214,-0.1218320773775321,nan,nan,0.22045019887615369,4.0094576845687699,15.990542315431231,0.34820796836302936,0.30828047892573968,0.02895294245465263,0.15785345783991675,0,b891271f1f2f3ff3,,nan,nan
DVE019,2,6.964159367260587,274,REFINE,RELAXED,RIGHT,-0.68000000000000005,-0.67999999999999994,0.51458109301505117,0.49716841625749453,0.56148259937339695,0.92429686651308174,1.0403875883744167,1.1564783102357516,2.4036280845514151,29,1,0,quintic d-offset exceeds maximum_lateral_slope,5,6,-1,0.45841323156135833,0.2603803508839761,0.043429413681978946,0.79637931601290124,0.52658536933190514,0.92183207737753214,-0.1218320773775321,nan,nan,0.22045019887615369,4.0094576845687699,15.990542315431231,0.34820796836302936,0.30828047892573968,0.02895294245465263,0.15785345783991675,0,b891271f1f2f3ff3,,nan,nan
DVE019,2,6.968158418276477,314,REFINE,STRICT,RIGHT,-0.68000000000000005,-0.67999999999999994,0.71366941165554731,0.49716841625749453,0.42111194953004771,0.92429686651308174,1.0403875883744167,1.1564783102357516,2.4036280845514151,29,1,0,quintic d-offset exceeds maximum_lateral_slope,5,6,-1,0.45841323156135833,0.26037926952064178,0.043393574887853448,0.79637931601290124,0.52142048407748198,0.92183207737753214,-0.1218320773775321,nan,nan,0.22045019887610362,4.0094576845685106,15.99054231543149,0.34840792091382389,0.30828594171686169,0.028929049925235633,0.15753187506309954,0,d89769e486a2f604,,nan,nan
DVE019,2,6.968158418276477,334,REFINE,RELAXED,RIGHT,-0.68000000000000005,-0.67999999999999994,0.71366941165554731,0.49716841625749453,0.42111194953004771,0.92429686651308174,1.0403875883744167,1.1564783102357516,2.4036280845514151,29,1,0,quintic d-offset exceeds maximum_lateral_slope,5,6,-1,0.45841323156135833,0.26037926952064178,0.043393574887853448,0.79637931601290124,0.52142048407748198,0.92183207737753214,-0.1218320773775321,nan,nan,0.22045019887610362,4.0094576845685106,15.99054231543149,0.34840792091382389,0.30828594171686169,0.028929049925235633,0.15753187506309954,0,d89769e486a2f604,,nan,nan
DVE020,1,0.0018867684482525016,267,REFINE,STRICT,RIGHT,-0.57999999999999996,-0.65000000000000002,0.71366941165554731,0.49716841625749453,0.1949107942771908,0.4278088916760332,0.53042535437563743,0.63304181707524165,3.7048117174070319,35,1,0,footprint_track_bound,3,0,-1,0.18292333129580299,-1.8867684482525016e-05,0.14610005046446373,0.18292333129580299,-1.8867684482525016e-05,0.35023927176917119,0.44976072823082885,nan,nan,0.20681101661001522,2.062563423686504,17.937436576313495,0,0.17119974794726087,0.021948887530535328,0.14644940488903474,0,6b937aaa61971944,right,-0.11829173735210688,0.031996248608643946
DVE020,1,0.0018867684482525016,623,REFINE,RELAXED,RIGHT,-0.57999999999999996,-0.65000000000000002,0.71366941165554731,0.49716841625749453,0.1949107942771908,0.4278088916760332,0.53042535437563743,0.63304181707524165,3.7048117174070319,35,1,0,footprint_track_bound,3,0,-1,0.18292333129580299,-1.8867684482525016e-05,0.14610005046446373,0.18292333129580299,-1.8867684482525016e-05,0.35023927176917119,0.44976072823082885,nan,nan,0.20681101661001522,2.062563423686504,17.937436576313495,0,0.17119974794726087,0.021948887530535328,0.14644940488903474,0,6b937aaa61971944,right,-0.11829173735210688,0.031996248608643946
DVE020,1,0.0037854183904971472,336,REFINE,STRICT,RIGHT,-0.57999999999999996,-0.59999999999999998,0.71366941165554731,0.49716841625749453,0.1949107942771908,0.4278088916760332,0.53042535437563743,0.63304181707524165,3.7048117174070319,35,1,0,footprint_track_bound,3,1,-1,0.18292333129580299,-3.7854183904971472e-05,0.099630352586895565,0.18292333129580299,0.028526285441914635,0.30788512681514768,0.49211487318485236,nan,nan,0.41109061561322002,1.760563025916895,18.239436974083105,0,0.16020501161027118,0.021948887530535328,0.13711660734874431,0,08c2357bbe3775bc,right,0.1757577191365256,0.046648335106284439
DVE020,1,0.0037854183904971472,692,REFINE,RELAXED,RIGHT,-0.57999999999999996,-0.59999999999999998,0.71366941165554731,0.49716841625749453,0.1949107942771908,0.4278088916760332,0.53042535437563743,0.63304181707524165,3.7048117174070319,35,1,0,footprint_track_bound,3,1,-1,0.18292333129580299,-3.7854183904971472e-05,0.099630352586895565,0.18292333129580299,0.028526285441914635,0.30788512681514768,0.49211487318485236,nan,nan,0.41109061561322002,1.760563025916895,18.239436974083105,0,0.16020501161027118,0.021948887530535328,0.13711660734874431,0,08c2357bbe3775bc,right,0.1757577191365256,0.046648335106284439
DVE020,1,0.004253473581335848,315,REFINE,STRICT,RIGHT,-0.60999999999999999,-0.59999999999999998,0.71366941165554731,0.49716841625749453,0.1949107942771908,0.4278088916760332,0.53042535437563743,0.63304181707524165,3.7048117174070319,35,1,0,footprint_track_bound,3,1,-1,0.18292333129580299,-4.2534735813358482e-05,0.10133715197423476,0.18292333129580299,0.021667996414480285,0.35410272146193694,0.4458972785380631,nan,nan,0.72362604467019109,1.8328770600540623,18.167122939945937,0,0.16020501161027118,0.021948887530535328,0.15769399809151102,0,881c2139296303f0,right,0.15377234319013827,0.041116819164724455
DVE020,1,0.004253473581335848,671,REFINE,RELAXED,RIGHT,-0.60999999999999999,-0.59999999999999998,0.71366941165554731,0.49716841625749453,0.1949107942771908,0.4278088916760332,0.53042535437563743,0.63304181707524165,3.7048117174070319,35,1,0,footprint_track_bound,3,1,-1,0.18292333129580299,-4.2534735813358482e-05,0.10133715197423476,0.18292333129580299,0.021667996414480285,0.35410272146193694,0.4458972785380631,nan,nan,0.72362604467019109,1.8328770600540623,18.167122939945937,0,0.16020501161027118,0.021948887530535328,0.15769399809151102,0,881c2139296303f0,right,0.15377234319013827,0.041116819164724455
DVE020,1,0.01890936544035257,818,REFINE,STRICT,RIGHT,-0.69750000000000001,-0.68999999999999928,0.71366941165554731,0.49716841625749453,0.1949107942771908,0.4278088916760332,0.53042535437563743,0.63304181707524165,3.7048117174070319,35,1,0,footprint_track_bound,3,3,-1,0.15697543629186231,-0.00018909365440352571,0.19149814336271453,0.18292333129580299,0.025862545622041856,0.4070132121102451,0.39298678788975494,nan,nan,0.80485359754008712,0.99721514355734331,19.002784856442656,0,0.16098168366568652,0.0046502908612415421,0.17573342237033535,0,f4066f2e9d80c8c4,right,0.016511690610832588,0.0046026160655418258
DVE020,1,0.01890936544035257,838,REFINE,RELAXED,RIGHT,-0.69750000000000001,-0.68999999999999928,0.71366941165554731,0.49716841625749453,0.1949107942771908,0.4278088916760332,0.53042535437563743,0.63304181707524165,3.7048117174070319,35,1,0,footprint_track_bound,3,3,-1,0.15697543629186231,-0.00018909365440352571,0.19149814336271453,0.18292333129580299,0.025862545622041856,0.4070132121102451,0.39298678788975494,nan,nan,0.80485359754008712,0.99721514355734331,19.002784856442656,0,0.16098168366568652,0.0046502908612415421,0.17573342237033535,0,f4066f2e9d80c8c4,right,0.016511690610832588,0.0046026160655418258
DVE020,1,0.018958046125524403,858,REFINE,STRICT,RIGHT,-0.69750000000000001,-0.68999999999999928,0.51458109301505117,0.49716841625749453,0.25988105903625436,0.4278088916760332,0.53042535437563743,0.63304181707524165,3.7048117174070319,35,1,0,footprint_track_bound,3,3,-1,0.1569815929006653,-0.00018958046125524403,0.19149198675391155,0.18292333129580299,0.024208493611111027,0.4070132121102451,0.39298678788975494,nan,nan,0.80485359754008712,0.99721514355734331,19.002784856442656,0,0.16098168366568652,0.0046543952671102007,0.17570803624915218,0,cbd224bb44cebb1c,right,0.016784638290232301,0.0046783492445132968
DVE020,1,0.018958046125524403,878,REFINE,RELAXED,RIGHT,-0.69750000000000001,-0.68999999999999928,0.51458109301505117,0.49716841625749453,0.25988105903625436,0.4278088916760332,0.53042535437563743,0.63304181707524165,3.7048117174070319,35,1,0,footprint_track_bound,3,3,-1,0.1569815929006653,-0.00018958046125524403,0.19149198675391155,0.18292333129580299,0.024208493611111027,0.4070132121102451,0.39298678788975494,nan,nan,0.80485359754008712,0.99721514355734331,19.002784856442656,0,0.16098168366568652,0.0046543952671102007,0.17570803624915218,0,cbd224bb44cebb1c,right,0.016784638290232301,0.0046783492445132968
DVE021,1,1.0172848877124385,25,REFINE,STRICT,LEFT,0.47000000000000003,0.47000000000000003,0.51458109301505117,0.49716841625749453,0,0.27451073457358688,0.27771834237817472,0.28092595018276256,3.3526958505145528,33,1,0,d-offset intersects an inflated static-obstacle box,4,0,127,0.52249999999999996,0.35637235336999384,-0.010172848877124385,0.5619942065115805,0.41558884293581044,0.27542424765773199,0.52457575234226805,nan,nan,0.53281093891019471,1.124742215075792,18.875257784924209,0,0.20704751126667492,-0.0067818992514162568,0.094677480292416807,0,86087a0e88acf175,,nan,nan
DVE021,1,1.0172848877124385,95,REFINE,STRICT,LEFT,0.47000000000000003,0.47000000000000003,0.71366941165554731,0.49716841625749453,0,0.27451073457358688,0.27771834237817472,0.28092595018276256,3.3526958505145528,33,1,0,d-offset intersects an inflated static-obstacle box,4,0,127,0.52249999999999996,0.35637235336999384,-0.010172848877124385,0.5619942065115805,0.41558884293581044,0.27542424765773199,0.52457575234226805,nan,nan,0.53281093891019471,1.124742215075792,18.875257784924209,0,0.20704751126667492,-0.0067818992514162568,0.094677480292416807,0,86087a0e88acf175,,nan,nan
DVE021,1,1.0172848877124385,165,REFINE,RELAXED,LEFT,0.47000000000000003,0.47000000000000003,0.51458109301505117,0.49716841625749453,0,0.27451073457358688,0.27771834237817472,0.28092595018276256,3.3526958505145528,33,1,0,d-offset intersects an inflated static-obstacle box,4,0,127,0.52249999999999996,0.35637235336999384,-0.010172848877124385,0.5619942065115805,0.41558884293581044,0.27542424765773199,0.52457575234226805,nan,nan,0.53281093891019471,1.124742215075792,18.875257784924209,0,0.20704751126667492,-0.0067818992514162568,0.094677480292416807,0,86087a0e88acf175,,nan,nan
DVE021,1,1.0172848877124385,235,REFINE,RELAXED,LEFT,0.47000000000000003,0.47000000000000003,0.71366941165554731,0.49716841625749453,0,0.27451073457358688,0.27771834237817472,0.28092595018276256,3.3526958505145528,33,1,0,d-offset intersects an inflated static-obstacle box,4,0,127,0.52249999999999996,0.35637235336999384,-0.010172848877124385,0.5619942065115805,0.41558884293581044,0.27542424765773199,0.52457575234226805,nan,nan,0.53281093891019471,1.124742215075792,18.875257784924209,0,0.20704751126667492,-0.0067818992514162568,0.094677480292416807,0,86087a0e88acf175,,nan,nan
DVE021,1,1.094989032193111,1816,COARSE,STRICT,LEFT,0.46445710107858229,0.46445710107858229,0.51458109301505117,0.49716841625749453,0,0.26758211092181472,0.27425403055228864,0.28092595018276256,3.3526958505145528,33,1,0,d-offset intersects an inflated static-obstacle box,4,0,127,0.52249999999999996,0.35637235336999967,-0.010949890321931111,0.56277124795638722,0.425157836693972,0.27218722094464709,0.52781277905535295,nan,nan,0.64150287167856113,0.94469029435420016,19.055309705645801,0,0.20681054782474845,-0.0072999268812874068,0.09370070508656192,0,0e562759c201b2d7,,nan,nan
DVE021,1,1.094989032193111,1817,COARSE,STRICT,LEFT,0.46445710107858229,0.46445710107858229,0.71366941165554731,0.49716841625749453,0,0.26758211092181472,0.27425403055228864,0.28092595018276256,3.3526958505145528,33,1,0,d-offset intersects an inflated static-obstacle box,4,0,127,0.52249999999999996,0.35637235336999967,-0.010949890321931111,0.56277124795638722,0.425157836693972,0.27218722094464709,0.52781277905535295,nan,nan,0.64150287167856113,0.94469029435420016,19.055309705645801,0,0.20681054782474845,-0.0072999268812874068,0.09370070508656192,0,0e562759c201b2d7,,nan,nan
DVE021,1,1.094989032193111,4792,COARSE,RELAXED,LEFT,0.46445710107858229,0.46445710107858229,0.51458109301505117,0.49716841625749453,0,0.26758211092181472,0.27425403055228864,0.28092595018276256,3.3526958505145528,33,1,0,d-offset intersects an inflated static-obstacle box,4,0,127,0.52249999999999996,0.35637235336999967,-0.010949890321931111,0.56277124795638722,0.425157836693972,0.27218722094464709,0.52781277905535295,nan,nan,0.64150287167856113,0.94469029435420016,19.055309705645801,0,0.20681054782474845,-0.0072999268812874068,0.09370070508656192,0,0e562759c201b2d7,,nan,nan
DVE021,1,1.094989032193111,4793,COARSE,RELAXED,LEFT,0.46445710107858229,0.46445710107858229,0.71366941165554731,0.49716841625749453,0,0.26758211092181472,0.27425403055228864,0.28092595018276256,3.3526958505145528,33,1,0,d-offset intersects an inflated static-obstacle box,4,0,127,0.52249999999999996,0.35637235336999967,-0.010949890321931111,0.56277124795638722,0.425157836693972,0.27218722094464709,0.52781277905535295,nan,nan,0.64150287167856113,0.94469029435420016,19.055309705645801,0,0.20681054782474845,-0.0072999268812874068,0.09370070508656192,0,0e562759c201b2d7,,nan,nan
DVE021,1,1.094989032193111,5952,ANCHOR,STRICT,LEFT,0.46445710107858229,0.46445710107858229,0.51458109301505117,0.49716841625749453,0,0.26758211092181472,0.27425403055228864,0.28092595018276256,3.3526958505145528,33,1,0,d-offset intersects an inflated static-obstacle box,4,0,127,0.52249999999999996,0.35637235336999967,-0.010949890321931111,0.56277124795638722,0.425157836693972,0.27218722094464709,0.52781277905535295,nan,nan,0.64150287167856113,0.94469029435420016,19.055309705645801,0,0.20681054782474845,-0.0072999268812874068,0.09370070508656192,0,0e562759c201b2d7,,nan,nan
DVE021,1,1.094989032193111,5953,ANCHOR,RELAXED,LEFT,0.46445710107858229,0.46445710107858229,0.51458109301505117,0.49716841625749453,0,0.26758211092181472,0.27425403055228864,0.28092595018276256,3.3526958505145528,33,1,0,d-offset intersects an inflated static-obstacle box,4,0,127,0.52249999999999996,0.35637235336999967,-0.010949890321931111,0.56277124795638722,0.425157836693972,0.27218722094464709,0.52781277905535295,nan,nan,0.64150287167856113,0.94469029435420016,19.055309705645801,0,0.20681054782474845,-0.0072999268812874068,0.09370070508656192,0,0e562759c201b2d7,,nan,nan
DVE022,1,0.08381631221322516,88,REFINE,STRICT,LEFT,0.17000000000000001,0.24000000000000007,0.71366941165554731,0.49716841625749453,0.2210144261996671,0.48510364481111168,0.59706263266491177,0.70902162051871187,3.7807915208505021,35,1,0,shifted race line exceeds left control steering curvature,5,0,-1,0.52249999999999996,0.35637235336999978,0.11116700270472157,0.89190756548771644,0.73100388096747682,0.65639887404587138,0.14360112595412866,nan,nan,-0.0016763262442645033,4.9974948271753687,15.00250517282463,0,0.21199350004796427,-0.0012735462157294902,0.042273940532811943,0,b570fbe756f65e9f,,nan,nan
DVE022,1,0.08381631221322516,588,REFINE,RELAXED,LEFT,0.17000000000000001,0.24000000000000007,0.71366941165554731,0.49716841625749453,0.2210144261996671,0.48510364481111168,0.59706263266491177,0.70902162051871187,3.7807915208505021,35,1,0,shifted race line exceeds left control steering curvature,5,0,-1,0.52249999999999996,0.35637235336999978,0.11116700270472157,0.89190756548771644,0.73100388096747682,0.65639887404587138,0.14360112595412866,nan,nan,-0.0016763262442645033,4.9974948271753687,15.00250517282463,0,0.21199350004796427,-0.0012735462157294902,0.042273940532811943,0,b570fbe756f65e9f,,nan,nan
DVE022,1,0.0838163122138802,183,REFINE,STRICT,LEFT,0.17000000000000001,0.24000000000000002,0.71366941165554731,0.49716841625749453,0.2210144261996671,0.48510364481111168,0.59706263266491177,0.70902162051871187,3.7807915208505021,35,1,0,shifted race line exceeds left control steering curvature,5,0,-1,0.52249999999999996,0.35637235336999978,0.11116700270472155,0.89190756548771644,0.73100388096747748,0.65639887404587127,0.14360112595412877,nan,nan,-0.0016763262442776039,4.9974948271753501,15.00250517282465,0,0.21199350004799472,-0.001273546215739443,0.042273940532811527,0,cbc42282b895bbfa,,nan,nan
DVE022,1,0.0838163122138802,683,REFINE,RELAXED,LEFT,0.17000000000000001,0.24000000000000002,0.71366941165554731,0.49716841625749453,0.2210144261996671,0.48510364481111168,0.59706263266491177,0.70902162051871187,3.7807915208505021,35,1,0,shifted race line exceeds left control steering curvature,5,0,-1,0.52249999999999996,0.35637235336999978,0.11116700270472155,0.89190756548771644,0.73100388096747748,0.65639887404587127,0.14360112595412877,nan,nan,-0.0016763262442776039,4.9974948271753501,15.00250517282465,0,0.21199350004799472,-0.001273546215739443,0.042273940532811527,0,cbc42282b895bbfa,,nan,nan
DVE022,1,0.08381631221430208,89,REFINE,STRICT,LEFT,0.17000000000000001,0.2400000000000008,0.71366941165554731,0.49716841625749453,0.2210144261996671,0.48510364481111168,0.59706263266491177,0.70902162051871187,3.7807915208505021,35,1,0,shifted race line exceeds left control steering curvature,5,0,-1,0.52249999999999996,0.35637235336999978,0.11116700270472182,0.89190756548771644,0.73100388096747804,0.65639887404587238,0.14360112595412766,nan,nan,-0.0016763262442860416,4.9974948271753528,15.002505172824648,0,0.21199350004799514,-0.0012735462157458534,0.042273940532811832,0,c50b82e06c26241f,,nan,nan
DVE022,1,0.08381631221430208,589,REFINE,RELAXED,LEFT,0.17000000000000001,0.2400000000000008,0.71366941165554731,0.49716841625749453,0.2210144261996671,0.48510364481111168,0.59706263266491177,0.70902162051871187,3.7807915208505021,35,1,0,shifted race line exceeds left control steering curvature,5,0,-1,0.52249999999999996,0.35637235336999978,0.11116700270472182,0.89190756548771644,0.73100388096747804,0.65639887404587238,0.14360112595412766,nan,nan,-0.0016763262442860416,4.9974948271753528,15.002505172824648,0,0.21199350004799514,-0.0012735462157458534,0.042273940532811832,0,c50b82e06c26241f,,nan,nan
DVE022,1,0.11683256229675365,354,REFINE,STRICT,LEFT,0.17000000000000001,0.35000000000000003,0.71366941165554731,0.49716841625749453,0.2210144261996671,0.48510364481111168,0.59706263266491177,0.70902162051871187,3.7807915208505021,35,1,0,quintic d-offset exceeds maximum_lateral_slope,5,2,-1,0.52249999999999996,0.35637235336999978,0.14820103581306043,0.89190756548771644,0.70648687734237692,0.80233665124593512,-0.002336651245935073,nan,nan,0.33987099166153689,5.101414049398695,14.898585950601305,0,0.22811419550395781,0.098800690542040284,0.060306796662125538,0,7a642fd6ffbb16c8,,nan,nan
DVE022,1,0.18578493170390287,285,REFINE,STRICT,LEFT,0.14999999999999999,0.36000000000000004,0.51458109301505117,0.49716841625749453,0.2946859015995561,0.48510364481111168,0.59706263266491177,0.70902162051871187,3.7807915208505021,35,1,0,quintic d-offset exceeds maximum_lateral_slope,5,2,-1,0.52249999999999996,0.35637235336999978,0.14152930545004586,0.89190756548771644,0.70516645274605461,0.8037156986340781,-0.0037156986340780573,nan,nan,0.4075870432282771,4.6930659650323436,15.306934034967657,0,0.22831247321864956,0.094352870300030575,0.061761867945264372,0,7dbad24311655943,,nan,nan
DVE022,1,0.26642145292227193,270,REFINE,STRICT,LEFT,0.18000000000000002,0.33000000000000007,0.71366941165554731,0.49716841625749453,0.2210144261996671,0.48510364481111168,0.59706263266491177,0.70902162051871187,3.7807915208505021,35,1,0,quintic d-offset exceeds maximum_lateral_slope,5,2,-1,0.52249999999999996,0.35637235336999978,0.1491618098423334,0.89190756548771644,0.71406371340521479,0.80532842905844548,-0.0053284290584454386,nan,nan,0.16334783922943941,5.6262056964895084,14.373794303510492,0,0.22664823917698015,0.099441206561555598,0.057103807763572476,0,f9d0046eda02f827,,nan,nan
DVE022,1,0.26642145292227193,362,REFINE,STRICT,LEFT,0.18000000000000002,0.33000000000000002,0.71366941165554731,0.49716841625749453,0.2210144261996671,0.48510364481111168,0.59706263266491177,0.70902162051871187,3.7807915208505021,35,1,0,quintic d-offset exceeds maximum_lateral_slope,5,2,-1,0.52249999999999996,0.35637235336999978,0.1491618098423334,0.89190756548771644,0.71406371340521479,0.80532842905844548,-0.0053284290584454386,nan,nan,0.16334783922943941,5.6262056964895075,14.373794303510493,0,0.22664823917698032,0.099441206561555598,0.057103807763572295,0,654c81bca518145f,,nan,nan
DVE023,2,15.835829094110087,852,REFINE,STRICT,LEFT,0.53327892574046953,0.36000000000000076,0.51458109301505117,0.49716841625749453,0,0.25064305085077571,0.30229498707633495,0.35394692330189415,1.6010966976175576,26,1,0,footprint_track_bound,3,0,-1,0.16532565252816001,-0.019690670645909791,-0.15835829094110088,0.16532565252816001,-0.0079801472796789952,0.79476957126921666,0.0052304287307833874,nan,nan,0.08976128936700678,2.2199512433582367,17.780048756641762,0,0.33118698442622385,-0.10557219396073392,0.068093264622418298,1,5b4c4d2a759eb15d,left,-0.15392838266221265,0
DVE023,2,15.835829094110087,922,REFINE,STRICT,LEFT,0.53327892574046953,0.36000000000000076,0.71366941165554731,0.49716841625749453,0,0.25064305085077571,0.30229498707633495,0.35394692330189415,1.6010966976175576,26,1,0,footprint_track_bound,3,0,-1,0.16532565252816001,-0.019690670645909791,-0.15835829094110088,0.16532565252816001,-0.0079801472796789952,0.79476957126921666,0.0052304287307833874,nan,nan,0.08976128936700678,2.2199512433582367,17.780048756641762,0,0.33118698442622385,-0.10557219396073392,0.068093264622418298,1,5b4c4d2a759eb15d,left,-0.15392838266221265,0
DVE023,2,15.835829094110087,992,REFINE,RELAXED,LEFT,0.53327892574046953,0.36000000000000076,0.51458109301505117,0.49716841625749453,0,0.25064305085077571,0.30229498707633495,0.35394692330189415,1.6010966976175576,26,1,0,footprint_track_bound,3,0,-1,0.16532565252816001,-0.019690670645909791,-0.15835829094110088,0.16532565252816001,-0.0079801472796789952,0.79476957126921666,0.0052304287307833874,nan,nan,0.08976128936700678,2.2199512433582367,17.780048756641762,0,0.33118698442622385,-0.10557219396073392,0.068093264622418298,1,5b4c4d2a759eb15d,left,-0.15392838266221265,0
DVE023,2,15.835829094110087,1062,REFINE,RELAXED,LEFT,0.53327892574046953,0.36000000000000076,0.71366941165554731,0.49716841625749453,0,0.25064305085077571,0.30229498707633495,0.35394692330189415,1.6010966976175576,26,1,0,footprint_track_bound,3,0,-1,0.16532565252816001,-0.019690670645909791,-0.15835829094110088,0.16532565252816001,-0.0079801472796789952,0.79476957126921666,0.0052304287307833874,nan,nan,0.08976128936700678,2.2199512433582367,17.780048756641762,0,0.33118698442622385,-0.10557219396073392,0.068093264622418298,1,5b4c4d2a759eb15d,left,-0.15392838266221265,0
DVE023,2,15.880930765956169,863,REFINE,STRICT,LEFT,0.54000000000000004,0.37,0.51458109301505117,0.49716841625749453,0,0.25064305085077571,0.30229498707633495,0.35394692330189415,1.6010966976175576,26,1,0,footprint_track_bound,3,0,-1,0.16225718932544575,-0.02428718440646338,-0.15880930765956169,0.16225718932544575,-0.014832518719467114,0.79984218553500763,0.00015781446499241181,nan,nan,0.073943727254037528,2.2445568146987807,17.755443185301218,0,0.33118698442622385,-0.10587287177304112,0.069163883893432254,1,cf6406db371f50a7,left,-0.13955338651941496,0
DVE023,2,15.880930765956169,933,REFINE,STRICT,LEFT,0.54000000000000004,0.37,0.71366941165554731,0.49716841625749453,0,0.25064305085077571,0.30229498707633495,0.35394692330189415,1.6010966976175576,26,1,0,footprint_track_bound,3,0,-1,0.16225718932544575,-0.02428718440646338,-0.15880930765956169,0.16225718932544575,-0.014832518719467114,0.79984218553500763,0.00015781446499241181,nan,nan,0.073943727254037528,2.2445568146987807,17.755443185301218,0,0.33118698442622385,-0.10587287177304112,0.069163883893432254,1,cf6406db371f50a7,left,-0.13955338651941496,0
DVE023,2,15.880930765956169,1003,REFINE,RELAXED,LEFT,0.54000000000000004,0.37,0.51458109301505117,0.49716841625749453,0,0.25064305085077571,0.30229498707633495,0.35394692330189415,1.6010966976175576,26,1,0,footprint_track_bound,3,0,-1,0.16225718932544575,-0.02428718440646338,-0.15880930765956169,0.16225718932544575,-0.014832518719467114,0.79984218553500763,0.00015781446499241181,nan,nan,0.073943727254037528,2.2445568146987807,17.755443185301218,0,0.33118698442622385,-0.10587287177304112,0.069163883893432254,1,cf6406db371f50a7,left,-0.13955338651941496,0
DVE023,2,15.880930765956169,1073,REFINE,RELAXED,LEFT,0.54000000000000004,0.37,0.71366941165554731,0.49716841625749453,0,0.25064305085077571,0.30229498707633495,0.35394692330189415,1.6010966976175576,26,1,0,footprint_track_bound,3,0,-1,0.16225718932544575,-0.02428718440646338,-0.15880930765956169,0.16225718932544575,-0.014832518719467114,0.79984218553500763,0.00015781446499241181,nan,nan,0.073943727254037528,2.2445568146987807,17.755443185301218,0,0.33118698442622385,-0.10587287177304112,0.069163883893432254,1,cf6406db371f50a7,left,-0.13955338651941496,0
DVE023,2,15.908603121356268,853,REFINE,STRICT,LEFT,0.53327892574046953,0.37,0.51458109301505117,0.49716841625749453,0,0.25064305085077571,0.30229498707633495,0.35394692330189415,1.6010966976175576,26,1,0,footprint_track_bound,3,0,-1,0.16407017745037289,-0.018087001934535496,-0.15908603121356268,0.16407017745037289,-0.0062938894790227629,0.78571909503331694,0.014280904966683106,nan,nan,0.15425917658490329,2.107465898131009,17.892534101868989,0,0.33118698442622385,-0.10605735414237512,0.068875319398362014,1,0ce64d7b0962e5d8,left,-0.16477660323799848,0
DVE023,2,15.908603121356268,923,REFINE,STRICT,LEFT,0.53327892574046953,0.37,0.71366941165554731,0.49716841625749453,0,0.25064305085077571,0.30229498707633495,0.35394692330189415,1.6010966976175576,26,1,0,footprint_track_bound,3,0,-1,0.16407017745037289,-0.018087001934535496,-0.15908603121356268,0.16407017745037289,-0.0062938894790227629,0.78571909503331694,0.014280904966683106,nan,nan,0.15425917658490329,2.107465898131009,17.892534101868989,0,0.33118698442622385,-0.10605735414237512,0.068875319398362014,1,0ce64d7b0962e5d8,left,-0.16477660323799848,0
DVE024,1,0.014001947771480339,44,REFINE,STRICT,RIGHT,-0.46999999999999997,-0.5,0.51458109301505117,0.60498681916591468,0.06777175367553831,0.11156395519701379,0.12155094608168238,0.13153793696635097,1.6491507826623748,27,1,0,shifted race line exceeds left control steering curvature,5,0,-1,0.40893076201135731,0.20044750952475457,0.10160390855191753,0.40893076201135731,0.2187187497102672,0.62142618142009598,0.17857381857990406,nan,nan,-0.00028003895542960677,2.7994974284835843,17.200502571516417,0,0.21439541316734095,-0.00021275247176046798,0.067359170461053164,0,35aa7cc089a5b042,,nan,nan
DVE024,1,0.04333941311753797,117,REFINE,STRICT,RIGHT,-0.46999999999999997,-0.46999999999999997,1.310934367577036,0.60498681916591468,-1.3877787807814457e-17,0.11156395519701379,0.12155094608168238,0.13153793696635097,1.6491507826623748,27,1,0,shifted race line exceeds left control steering curvature,5,0,-1,0.35589322615091573,0.16140341185954668,0.086926514331013949,0.35589322615091573,0.20790891755171106,0.53897395323110409,0.26102604676889596,nan,nan,-0.00086678826235075945,2.0852147753398635,17.914785224660136,0,0.21442991185384153,-0.00065852032987760668,0.062941443321935991,0,dfbf89ff9b93504e,,nan,nan
DVE024,1,0.09100230649915497,207,REFINE,STRICT,RIGHT,-0.45966705945396313,-0.43999999999999995,0.51458109301505117,3.9473573093269398,0.06777175367553831,0.11156395519701379,0.12155094608168238,0.13153793696635097,10.033505995453549,60,1,0,shifted race line exceeds left control steering curvature,5,0,-1,0.40876845976232873,0.19763004029465484,0.31316885133301625,0.40876845976232873,0.22382394169133404,0.29743978268409677,0.50256021731590328,nan,nan,-0.0018200461299830994,1.7975108731087517,18.202489126891248,0,0.095407034680825883,-0.001382733742446463,0.14811499853628896,0,10aac475d0889866,,nan,nan
DVE024,1,0.12562699564645508,66,REFINE,STRICT,RIGHT,-0.45966705945396313,-0.47999999999999998,0.51458109301505117,0.60498681916591468,0.06777175367553831,0.11156395519701379,0.12155094608168238,0.13153793696635097,1.6491507826623748,27,1,0,shifted race line exceeds left control steering curvature,5,0,-1,0.40925526130207512,0.20741750674773077,0.092708827435784014,0.40925526130207512,0.24355128007643082,0.53914948897463455,0.26085051102536549,nan,nan,-0.0025125399129291015,2.3018379652275307,17.698162034772469,0,0.21452653518389872,-0.0019088382759193179,0.061094762318632097,0,00a82417587e244a,,nan,nan
DVE024,1,0.12755414810446952,1294,REFINE,STRICT,RIGHT,-0.47999999999999998,-0.46999999999999997,0.52080260297256664,7.3975462023963852,0.06724228684994818,0.11156395519701379,0.12155094608168238,0.13153793696635097,18.688324279625078,95,1,0,shifted race line exceeds left control steering curvature,5,0,-1,0.38259308671142545,0.18832397139315285,0.47220904261924851,0.40737292704574435,0.20209046279516588,0.3006136241438645,0.49938637585613554,nan,nan,-0.0025510829620893904,2.0378626122480021,17.962137387751998,0,0.099330970078320882,-0.0019381203769236477,0.16261213752513526,0,8bf2a1c9e0032871,,nan,nan
DVE024,1,0.18378434345027728,32,REFINE,STRICT,RIGHT,-0.47999999999999998,-0.52000000000000002,0.51458109301505117,0.60498681916591468,0.06777175367553831,0.11156395519701379,0.12155094608168238,0.13153793696635097,1.6491507826623748,27,1,0,shifted race line exceeds left control steering curvature,5,0,-1,0.40860230859097896,0.1950484752109273,0.1107823684514963,0.40860230859097896,0.1950484752109273,0.70598164873413949,0.094018351265860556,nan,nan,-0.0036756868690055455,3.2439267368815123,16.756073263118488,0,0.2145946995344645,-0.0027925095835282781,0.073788515524384951,0,ec3f28fc046699b7,,nan,nan
DVE024,1,0.20803949789404141,1224,REFINE,STRICT,RIGHT,-0.47999999999999998,-0.46999999999999997,0.51769184799380885,7.3975462023963852,0.067507020262743245,0.11156395519701379,0.12155094608168238,0.13153793696635097,18.688324279625078,95,1,0,shifted race line exceeds left control steering curvature,5,0,-1,0.38259308671142545,0.18841072739891199,0.47220904261924851,0.4076118875493499,0.20205103423555384,0.3015671338983566,0.49843286610164345,nan,nan,-0.0041607899578808283,2.0437786971460006,17.956221302854001,0,0.099357771736271139,-0.0031610543135231644,0.16260962215141309,0,5f18e9b2a1e60589,,nan,nan
DVE024,1,0.24730045659022704,1154,REFINE,STRICT,RIGHT,-0.47999999999999998,-0.46999999999999997,0.51613647050443001,7.3975462023963852,0.067639386969140777,0.11156395519701379,0.12155094608168238,0.13153793696635097,18.688324279625078,95,1,0,shifted race line exceeds left control steering curvature,5,0,-1,0.38259308671142545,0.18845313972729741,0.47220904261924851,0.40772874380556628,0.20203186920325703,0.30203341840351344,0.4979665815964866,nan,nan,-0.0049460091318045407,2.0466722731617057,17.953327726838296,0,0.099370825286290501,-0.0037576046037129723,0.16260839208555819,0,bffde97a9c663a49,,nan,nan
DVE024,1,0.2666822244859368,1084,REFINE,STRICT,RIGHT,-0.47999999999999998,-0.46999999999999997,0.51535878175974059,7.3975462023963852,0.067705570322339551,0.11156395519701379,0.12155094608168238,0.13153793696635097,18.688324279625078,95,1,0,shifted race line exceeds left control steering curvature,5,0,-1,0.38259308671142545,0.18847409970843756,0.47220904261924851,0.4077865023665434,0.20202242472267454,0.30226388892255796,0.49773611107744209,nan,nan,-0.0053336444897187363,2.0481026017457884,17.951897398254211,0,0.099377264454648395,-0.0040521007048410504,0.16260778410070578,0,b009897f6de358c0,,nan,nan
DVE024,1,0.2763105238244412,1014,REFINE,STRICT,RIGHT,-0.47999999999999998,-0.46999999999999997,0.51496993738739594,7.3975462023963852,0.067738661998938937,0.11156395519701379,0.12155094608168238,0.13153793696635097,18.688324279625078,95,1,0,shifted race line exceeds left control steering curvature,5,0,-1,0.38259308671142545,0.18848451756037501,0.47220904261924851,0.40781521256589931,0.20201773707885931,0.30237844950778531,0.49762155049221474,nan,nan,-0.0055262104764888242,2.0488136084933024,17.951186391506699,0,0.099380462039810435,-0.0041983978141110073,0.162607481888081,0,db089eb213b1c904,,nan,nan
DVE025,2,12.89157352279312,4,REFINE,STRICT,LEFT,0.23966517847176561,0.25,0.51458109301505117,0.5921644291425211,0,0.72119785576613971,0.72675374165135986,0.73230962753657991,4.3910152291109501,37,1,0,quintic d-offset exceeds maximum_lateral_slope,5,1,-1,0.3064839815365436,0.016354417251963439,-0.028129419138386014,0.3064839815365436,0.016354417251963439,1.0578314704558625,-0.25783147045586241,nan,nan,0.36248111015476725,2.9343625459449796,17.065637454055022,0,0.14801180310461221,-0.018752946092257344,0.093325531580441712,0,6c3f86cfd8e9e882,,nan,nan
DVE025,2,12.89157352279312,64,REFINE,STRICT,LEFT,0.23966517847176561,0.25,1.310934367577036,0.5921644291425211,0,0.72119785576613971,0.72675374165135986,0.73230962753657991,4.3910152291109501,37,1,0,quintic d-offset exceeds maximum_lateral_slope,5,1,-1,0.3064839815365436,0.016354417251963439,-0.028129419138386014,0.3064839815365436,0.016354417251963439,1.0578314704558625,-0.25783147045586241,nan,nan,0.36248111015476725,2.9343625459449796,17.065637454055022,0,0.14801180310461221,-0.018752946092257344,0.093325531580441712,0,6c3f86cfd8e9e882,,nan,nan
DVE025,2,12.89157352279312,124,REFINE,RELAXED,LEFT,0.23966517847176561,0.25,0.51458109301505117,0.5921644291425211,0,0.72119785576613971,0.72675374165135986,0.73230962753657991,4.3910152291109501,37,1,0,quintic d-offset exceeds maximum_lateral_slope,5,1,-1,0.3064839815365436,0.016354417251963439,-0.028129419138386014,0.3064839815365436,0.016354417251963439,1.0578314704558625,-0.25783147045586241,nan,nan,0.36248111015476725,2.9343625459449796,17.065637454055022,0,0.14801180310461221,-0.018752946092257344,0.093325531580441712,0,6c3f86cfd8e9e882,,nan,nan
DVE025,2,12.89157352279312,184,REFINE,RELAXED,LEFT,0.23966517847176561,0.25,1.310934367577036,0.5921644291425211,0,0.72119785576613971,0.72675374165135986,0.73230962753657991,4.3910152291109501,37,1,0,quintic d-offset exceeds maximum_lateral_slope,5,1,-1,0.3064839815365436,0.016354417251963439,-0.028129419138386014,0.3064839815365436,0.016354417251963439,1.0578314704558625,-0.25783147045586241,nan,nan,0.36248111015476725,2.9343625459449796,17.065637454055022,0,0.14801180310461221,-0.018752946092257344,0.093325531580441712,0,6c3f86cfd8e9e882,,nan,nan
DVE025,2,12.891573522793575,210,COARSE,STRICT,LEFT,0.23966517847176561,0.25000000000000078,0.51458109301505117,0.5921644291425211,0,0.72119785576613971,0.72675374165135986,0.73230962753657991,4.3910152291109501,37,1,0,quintic d-offset exceeds maximum_lateral_slope,5,1,-1,0.30648398153654455,0.016354417251859855,-0.028129419138386014,0.30648398153654455,0.016354417251859855,1.0578314704558716,-0.25783147045587151,nan,nan,0.36248111015466844,2.9343625459460001,17.065637454053999,0,0.14801180310461082,-0.018752946092257344,0.093325531580444987,0,47bd8aec8156614f,,nan,nan
DVE025,2,12.891573522793575,213,COARSE,STRICT,LEFT,0.23966517847176561,0.25000000000000078,1.310934367577036,0.5921644291425211,0,0.72119785576613971,0.72675374165135986,0.73230962753657991,4.3910152291109501,37,1,0,quintic d-offset exceeds maximum_lateral_slope,5,1,-1,0.30648398153654455,0.016354417251859855,-0.028129419138386014,0.30648398153654455,0.016354417251859855,1.0578314704558716,-0.25783147045587151,nan,nan,0.36248111015466844,2.9343625459460001,17.065637454053999,0,0.14801180310461082,-0.018752946092257344,0.093325531580444987,0,47bd8aec8156614f,,nan,nan
DVE025,2,12.891573522793575,7392,COARSE,RELAXED,LEFT,0.23966517847176561,0.25000000000000078,0.51458109301505117,0.5921644291425211,0,0.72119785576613971,0.72675374165135986,0.73230962753657991,4.3910152291109501,37,1,0,quintic d-offset exceeds maximum_lateral_slope,5,1,-1,0.30648398153654455,0.016354417251859855,-0.028129419138386014,0.30648398153654455,0.016354417251859855,1.0578314704558716,-0.25783147045587151,nan,nan,0.36248111015466844,2.9343625459460001,17.065637454053999,0,0.14801180310461082,-0.018752946092257344,0.093325531580444987,0,47bd8aec8156614f,,nan,nan
DVE025,2,12.891573522793575,7395,COARSE,RELAXED,LEFT,0.23966517847176561,0.25000000000000078,1.310934367577036,0.5921644291425211,0,0.72119785576613971,0.72675374165135986,0.73230962753657991,4.3910152291109501,37,1,0,quintic d-offset exceeds maximum_lateral_slope,5,1,-1,0.30648398153654455,0.016354417251859855,-0.028129419138386014,0.30648398153654455,0.016354417251859855,1.0578314704558716,-0.25783147045587151,nan,nan,0.36248111015466844,2.9343625459460001,17.065637454053999,0,0.14801180310461082,-0.018752946092257344,0.093325531580444987,0,47bd8aec8156614f,,nan,nan
DVE025,2,12.916041061657102,14,REFINE,STRICT,LEFT,0.23999999999999999,0.25,0.51458109301505117,0.5921644291425211,0,0.72161638267643269,0.72696300510650635,0.73230962753657991,4.3910152291109501,37,1,0,quintic d-offset exceeds maximum_lateral_slope,5,1,-1,0.3065140791252719,0.016309210556703903,-0.028083844611913433,0.3065140791252719,0.016309210556703903,1.0583208212331421,-0.25832082123314204,nan,nan,0.36548029041177255,2.9276680752539543,17.072331924746045,0,0.14815638465236997,-0.018722563074608956,0.09361774574417768,0,0b354f4b7a1d52c3,,nan,nan
DVE025,2,12.916041061657102,74,REFINE,STRICT,LEFT,0.23999999999999999,0.25,1.310934367577036,0.5921644291425211,0,0.72161638267643269,0.72696300510650635,0.73230962753657991,4.3910152291109501,37,1,0,quintic d-offset exceeds maximum_lateral_slope,5,1,-1,0.3065140791252719,0.016309210556703903,-0.028083844611913433,0.3065140791252719,0.016309210556703903,1.0583208212331421,-0.25832082123314204,nan,nan,0.36548029041177255,2.9276680752539543,17.072331924746045,0,0.14815638465236997,-0.018722563074608956,0.09361774574417768,0,0b354f4b7a1d52c3,,nan,nan
DVE026,1,8.632512084103503,16,REFINE,STRICT,LEFT,0.32000000000000001,0.52000000000000002,0.51458109301505117,0.49716841625749453,0,0.37014560026371562,0.41008663398350798,0.45002766770330038,3.5217975680350904,34,1,0,d-offset intersects an inflated static-obstacle box,4,0,79,0.29333665072460458,0.10897672195371144,-0.086325120841035025,0.89827629386777363,0.666530757999926,0.59154534016278404,0.20845465983721601,nan,nan,0.022962029098420489,4.154303693805633,15.845696306194366,0,0.25774646050263356,-0.057550080560690019,0.14534282818275024,0,1289248c5756ae2d,,nan,nan
DVE026,1,8.632512084103503,86,REFINE,STRICT,LEFT,0.32000000000000001,0.52000000000000002,0.71366941165554731,0.49716841625749453,0,0.37014560026371562,0.41008663398350798,0.45002766770330038,3.5217975680350904,34,1,0,d-offset intersects an inflated static-obstacle box,4,0,79,0.29333665072460458,0.10897672195371144,-0.086325120841035025,0.89827629386777363,0.666530757999926,0.59154534016278404,0.20845465983721601,nan,nan,0.022962029098420489,4.154303693805633,15.845696306194366,0,0.25774646050263356,-0.057550080560690019,0.14534282818275024,0,1289248c5756ae2d,,nan,nan
DVE026,1,8.632512084103503,156,REFINE,RELAXED,LEFT,0.32000000000000001,0.52000000000000002,0.51458109301505117,0.49716841625749453,0,0.37014560026371562,0.41008663398350798,0.45002766770330038,3.5217975680350904,34,1,0,d-offset intersects an inflated static-obstacle box,4,0,79,0.29333665072460458,0.10897672195371144,-0.086325120841035025,0.89827629386777363,0.666530757999926,0.59154534016278404,0.20845465983721601,nan,nan,0.022962029098420489,4.154303693805633,15.845696306194366,0,0.25774646050263356,-0.057550080560690019,0.14534282818275024,0,1289248c5756ae2d,,nan,nan
DVE026,1,8.632512084103503,226,REFINE,RELAXED,LEFT,0.32000000000000001,0.52000000000000002,0.71366941165554731,0.49716841625749453,0,0.37014560026371562,0.41008663398350798,0.45002766770330038,3.5217975680350904,34,1,0,d-offset intersects an inflated static-obstacle box,4,0,79,0.29333665072460458,0.10897672195371144,-0.086325120841035025,0.89827629386777363,0.666530757999926,0.59154534016278404,0.20845465983721601,nan,nan,0.022962029098420489,4.154303693805633,15.845696306194366,0,0.25774646050263356,-0.057550080560690019,0.14534282818275024,0,1289248c5756ae2d,,nan,nan
DVE026,1,8.63920310945026,9,REFINE,STRICT,LEFT,0.31054882697326147,0.54000000000000081,0.51458109301505117,0.49716841625749453,0,0.3583316339802925,0.40417965084179641,0.45002766770330038,3.5217975680350904,34,1,0,d-offset intersects an inflated static-obstacle box,4,0,79,0.299882216162348,0.1158237020782813,-0.086392031094502608,0.89834320412124113,0.68064691350764184,0.58707851585568582,0.21292148414431422,nan,nan,0.033820944989811252,4.1150068378760221,15.884993162123978,0,0.25731401145172178,-0.057594687396335074,0.14369397847202889,0,9a16e0314d527cd2,,nan,nan
DVE026,1,8.63920310945026,79,REFINE,STRICT,LEFT,0.31054882697326147,0.54000000000000081,0.71366941165554731,0.49716841625749453,0,0.3583316339802925,0.40417965084179641,0.45002766770330038,3.5217975680350904,34,1,0,d-offset intersects an inflated static-obstacle box,4,0,79,0.299882216162348,0.1158237020782813,-0.086392031094502608,0.89834320412124113,0.68064691350764184,0.58707851585568582,0.21292148414431422,nan,nan,0.033820944989811252,4.1150068378760221,15.884993162123978,0,0.25731401145172178,-0.057594687396335074,0.14369397847202889,0,9a16e0314d527cd2,,nan,nan
DVE026,1,8.63920310945026,149,REFINE,RELAXED,LEFT,0.31054882697326147,0.54000000000000081,0.51458109301505117,0.49716841625749453,0,0.3583316339802925,0.40417965084179641,0.45002766770330038,3.5217975680350904,34,1,0,d-offset intersects an inflated static-obstacle box,4,0,79,0.299882216162348,0.1158237020782813,-0.086392031094502608,0.89834320412124113,0.68064691350764184,0.58707851585568582,0.21292148414431422,nan,nan,0.033820944989811252,4.1150068378760221,15.884993162123978,0,0.25731401145172178,-0.057594687396335074,0.14369397847202889,0,9a16e0314d527cd2,,nan,nan
DVE026,1,8.63920310945026,219,REFINE,RELAXED,LEFT,0.31054882697326147,0.54000000000000081,0.71366941165554731,0.49716841625749453,0,0.3583316339802925,0.40417965084179641,0.45002766770330038,3.5217975680350904,34,1,0,d-offset intersects an inflated static-obstacle box,4,0,79,0.299882216162348,0.1158237020782813,-0.086392031094502608,0.89834320412124113,0.68064691350764184,0.58707851585568582,0.21292148414431422,nan,nan,0.033820944989811252,4.1150068378760221,15.884993162123978,0,0.25731401145172178,-0.057594687396335074,0.14369397847202889,0,9a16e0314d527cd2,,nan,nan
DVE026,1,8.639203109450285,8,REFINE,STRICT,LEFT,0.31054882697326147,0.54000000000000004,0.51458109301505117,0.49716841625749453,0,0.3583316339802925,0.40417965084179641,0.45002766770330038,3.5217975680350904,34,1,0,d-offset intersects an inflated static-obstacle box,4,0,79,0.29988221616234978,0.1158237020782833,-0.086392031094502858,0.89834320412124147,0.68064691350773177,0.58707851585568738,0.21292148414431267,nan,nan,0.033820944989789492,4.1150068378765674,15.884993162123433,0,0.25731401145174598,-0.057594687396335241,0.14369397847202708,0,a90bcb5c99ad0348,,nan,nan
DVE026,1,8.639203109450285,78,REFINE,STRICT,LEFT,0.31054882697326147,0.54000000000000004,0.71366941165554731,0.49716841625749453,0,0.3583316339802925,0.40417965084179641,0.45002766770330038,3.5217975680350904,34,1,0,d-offset intersects an inflated static-obstacle box,4,0,79,0.29988221616234978,0.1158237020782833,-0.086392031094502858,0.89834320412124147,0.68064691350773177,0.58707851585568738,0.21292148414431267,nan,nan,0.033820944989789492,4.1150068378765674,15.884993162123433,0,0.25731401145174598,-0.057594687396335241,0.14369397847202708,0,a90bcb5c99ad0348,,nan,nan
DVE027,1,0.27631228650521683,14,REFINE,STRICT,RIGHT,-0.77000000000000002,-0.75,1.310934367577036,6.3646579015024196,-2.2204460492503131e-16,1.9985861928670996,2.0211608853459015,2.0437355778247035,18.009515796140192,92,1,0,footprint_track_bound,3,0,-1,0.1506955623177382,-0.0027631228650521686,0.2267370720660572,0.15676242454120362,-0.0027631228650521686,0.15641819935870682,0.64358180064129322,nan,nan,0.53089599864757075,0.78987294000682018,19.21012705999318,0,0.15569319066165321,0.00046370821182547167,0.20730078082422349,0,d09acf37fb74c637,right,-0.025193287744443613,0.007005774268366044
DVE027,1,0.27631228650521683,74,REFINE,RELAXED,RIGHT,-0.77000000000000002,-0.75,1.310934367577036,6.3646579015024196,-2.2204460492503131e-16,1.9985861928670996,2.0211608853459015,2.0437355778247035,18.009515796140192,92,1,0,footprint_track_bound,3,0,-1,0.1506955623177382,-0.0027631228650521686,0.2267370720660572,0.15676242454120362,-0.0027631228650521686,0.15641819935870682,0.64358180064129322,nan,nan,0.53089599864757075,0.78987294000682018,19.21012705999318,0,0.15569319066165321,0.00046370821182547167,0.20730078082422349,0,d09acf37fb74c637,right,-0.025193287744443613,0.007005774268366044
DVE027,1,0.2898773369385342,25,REFINE,STRICT,RIGHT,-0.76000000000000001,-0.73999999999999999,1.310934367577036,6.3646579015024196,-2.2204460492503131e-16,1.9985861928670996,2.0211608853459015,2.0437355778247035,18.009515796140192,92,1,0,footprint_track_bound,3,0,-1,0.1512929916821272,-0.0028987733693853421,0.21673348760788502,0.15676242927278386,-0.0028987733693853421,0.15587537290826459,0.64412462709173546,nan,nan,0.53089599864757075,0.79006063591115161,19.20993936408885,0,0.15649436540361714,0.00086199445475147274,0.20534677710851454,0,3b75fa0f58cde5c3,right,-0.025714163061781356,0.007149583594348613
DVE027,1,0.2898773369385342,85,REFINE,RELAXED,RIGHT,-0.76000000000000001,-0.73999999999999999,1.310934367577036,6.3646579015024196,-2.2204460492503131e-16,1.9985861928670996,2.0211608853459015,2.0437355778247035,18.009515796140192,92,1,0,footprint_track_bound,3,0,-1,0.1512929916821272,-0.0028987733693853421,0.21673348760788502,0.15676242927278386,-0.0028987733693853421,0.15587537290826459,0.64412462709173546,nan,nan,0.53089599864757075,0.79006063591115161,19.20993936408885,0,0.15649436540361714,0.00086199445475147274,0.20534677710851454,0,3b75fa0f58cde5c3,right,-0.025714163061781356,0.007149583594348613
DVE027,1,0.28987733693882284,1112,REFINE,STRICT,RIGHT,-0.76000000000000001,-0.73999999999999932,1.310934367577036,6.3646579015024196,-2.2204460492503131e-16,1.9985861928670996,2.0211608853459015,2.0437355778247035,18.009515796140192,92,1,0,footprint_track_bound,3,0,-1,0.15129299168212776,-0.0028987733693882287,0.21673348760788436,0.15676242927278386,-0.0028987733693882287,0.15587537290826814,0.64412462709173191,nan,nan,0.53089599864757075,0.79006063591115738,19.209939364088843,0,0.1564943654036203,0.00086199445475184289,0.2053467771085169,0,17e3766fe7b4ed07,right,-0.025714163061791737,0.0071495835943514996
DVE027,1,0.28987733693882284,1140,REFINE,RELAXED,RIGHT,-0.76000000000000001,-0.73999999999999932,1.310934367577036,6.3646579015024196,-2.2204460492503131e-16,1.9985861928670996,2.0211608853459015,2.0437355778247035,18.009515796140192,92,1,0,footprint_track_bound,3,0,-1,0.15129299168212776,-0.0028987733693882287,0.21673348760788436,0.15676242927278386,-0.0028987733693882287,0.15587537290826814,0.64412462709173191,nan,nan,0.53089599864757075,0.79006063591115738,19.209939364088843,0,0.1564943654036203,0.00086199445475184289,0.2053467771085169,0,17e3766fe7b4ed07,right,-0.025714163061791737,0.0071495835943514996
DVE027,1,0.30345110214024734,36,REFINE,STRICT,RIGHT,-0.75,-0.72999999999999998,1.310934367577036,6.3646579015024196,-2.2204460492503131e-16,1.9985861928670996,2.0211608853459015,2.0437355778247035,18.009515796140192,92,1,0,footprint_track_bound,3,0,-1,0.15189047284783799,-0.0030345110214024737,0.20672990360802002,0.15676243400485371,-0.0030345110214024737,0.15533254645782194,0.64466745354217814,nan,nan,0.53089599864757075,0.79024957914277305,19.209750420857226,0,0.15734634794297483,0.001260315231891999,0.20343707641670328,0,06cae0075687edc5,right,-0.026235565665519142,0.0072934957985017201
DVE027,1,0.30345110214024734,96,REFINE,RELAXED,RIGHT,-0.75,-0.72999999999999998,1.310934367577036,6.3646579015024196,-2.2204460492503131e-16,1.9985861928670996,2.0211608853459015,2.0437355778247035,18.009515796140192,92,1,0,footprint_track_bound,3,0,-1,0.15189047284783799,-0.0030345110214024737,0.20672990360802002,0.15676243400485371,-0.0030345110214024737,0.15533254645782194,0.64466745354217814,nan,nan,0.53089599864757075,0.79024957914277305,19.209750420857226,0,0.15734634794297483,0.001260315231891999,0.20343707641670328,0,06cae0075687edc5,right,-0.026235565665519142,0.0072934957985017201
DVE027,1,0.3170364824548431,47,REFINE,STRICT,RIGHT,-0.73999999999999999,-0.71999999999999997,1.310934367577036,6.3646579015024196,-2.2204460492503131e-16,1.9985861928670996,2.0211608853459015,2.0437355778247035,18.009515796140192,92,1,0,footprint_track_bound,3,0,-1,0.15248800580496172,-0.0031703648245484314,0.19672632006637458,0.15676243873741327,-0.0031703648245484314,0.15478972000737928,0.64521027999262071,nan,nan,0.53089599864757075,0.79043976242746228,19.209560237572539,0,0.15822900886318922,0.0016586705366411492,0.20152736466051477,0,268cc4649b83e816,right,-0.026757607750663867,0.00743754166512825
DVE027,1,0.3170364824548431,107,REFINE,RELAXED,RIGHT,-0.73999999999999999,-0.71999999999999997,1.310934367577036,6.3646579015024196,-2.2204460492503131e-16,1.9985861928670996,2.0211608853459015,2.0437355778247035,18.009515796140192,92,1,0,footprint_track_bound,3,0,-1,0.15248800580496172,-0.0031703648245484314,0.19672632006637458,0.15676243873741327,-0.0031703648245484314,0.15478972000737928,0.64521027999262071,nan,nan,0.53089599864757075,0.79043976242746228,19.209560237572539,0,0.15822900886318922,0.0016586705366411492,0.20152736466051477,0,268cc4649b83e816,right,-0.026757607750663867,0.00743754166512825
DVE028,1,13.42810901369591,483,REFINE,STRICT,LEFT,0.40000000000000002,0.44520469953001185,0.51458109301505117,0.49716841625749453,0,0.25064305085077571,0.25922426513174357,0.26780547941271138,3.3395753797445016,34,1,0,shifted race line exceeds right control steering curvature,5,0,-1,0.26679940914815981,0.071240697270401609,1.5,0.79279491493140219,0.50451733774966823,0.71841080376634103,0.081589196233659012,nan,nan,-0.26856218027391821,4.8008562133166253,15.199143786683376,0,0.25648418714768012,-0.23474162984542807,0.162751044951851,0,c8f23d0084a89d34,,nan,nan
DVE028,1,13.42810901369591,513,REFINE,STRICT,LEFT,0.40000000000000002,0.44520469953001185,0.71366941165554731,0.49716841625749453,0,0.25064305085077571,0.25922426513174357,0.26780547941271138,3.3395753797445016,34,1,0,shifted race line exceeds right control steering curvature,5,0,-1,0.26679940914815981,0.071240697270401609,1.5,0.79279491493140219,0.50451733774966823,0.71841080376634103,0.081589196233659012,nan,nan,-0.26856218027391821,4.8008562133166253,15.199143786683376,0,0.25648418714768012,-0.23474162984542807,0.162751044951851,0,c8f23d0084a89d34,,nan,nan
DVE028,1,13.42810901369591,543,REFINE,RELAXED,LEFT,0.40000000000000002,0.44520469953001185,0.51458109301505117,0.49716841625749453,0,0.25064305085077571,0.25922426513174357,0.26780547941271138,3.3395753797445016,34,1,0,shifted race line exceeds right control steering curvature,5,0,-1,0.26679940914815981,0.071240697270401609,1.5,0.79279491493140219,0.50451733774966823,0.71841080376634103,0.081589196233659012,nan,nan,-0.26856218027391821,4.8008562133166253,15.199143786683376,0,0.25648418714768012,-0.23474162984542807,0.162751044951851,0,c8f23d0084a89d34,,nan,nan
DVE028,1,13.42810901369591,573,REFINE,RELAXED,LEFT,0.40000000000000002,0.44520469953001185,0.71366941165554731,0.49716841625749453,0,0.25064305085077571,0.25922426513174357,0.26780547941271138,3.3395753797445016,34,1,0,shifted race line exceeds right control steering curvature,5,0,-1,0.26679940914815981,0.071240697270401609,1.5,0.79279491493140219,0.50451733774966823,0.71841080376634103,0.081589196233659012,nan,nan,-0.26856218027391821,4.8008562133166253,15.199143786683376,0,0.25648418714768012,-0.23474162984542807,0.162751044951851,0,c8f23d0084a89d34,,nan,nan
DVE028,1,18.3540860488839,249,REFINE,STRICT,LEFT,0.39739048841144065,0.44000000000000072,0.51458109301505117,0.49716841625749453,0,0.25064305085077571,0.25922426513174357,0.26780547941271138,3.3395753797445016,34,1,0,shifted race line exceeds right control steering curvature,5,0,-1,0.2989548545279137,0.1067214801750872,1.5,0.79333786370308257,0.50356399239913685,0.70978574545708861,0.090214254542911432,nan,nan,-0.36708172097767799,4.4215016117531594,15.578498388246841,0,0.2532210720204105,-0.32085441584096813,0.15678249212836398,0,f14cbfd12da70666,,nan,nan
DVE028,1,18.3540860488839,309,REFINE,STRICT,LEFT,0.39739048841144065,0.44000000000000072,0.71366941165554731,0.49716841625749453,0,0.25064305085077571,0.25922426513174357,0.26780547941271138,3.3395753797445016,34,1,0,shifted race line exceeds right control steering curvature,5,0,-1,0.2989548545279137,0.1067214801750872,1.5,0.79333786370308257,0.50356399239913685,0.70978574545708861,0.090214254542911432,nan,nan,-0.36708172097767799,4.4215016117531594,15.578498388246841,0,0.2532210720204105,-0.32085441584096813,0.15678249212836398,0,f14cbfd12da70666,,nan,nan
DVE028,1,18.3540860488839,369,REFINE,RELAXED,LEFT,0.39739048841144065,0.44000000000000072,0.51458109301505117,0.49716841625749453,0,0.25064305085077571,0.25922426513174357,0.26780547941271138,3.3395753797445016,34,1,0,shifted race line exceeds right control steering curvature,5,0,-1,0.2989548545279137,0.1067214801750872,1.5,0.79333786370308257,0.50356399239913685,0.70978574545708861,0.090214254542911432,nan,nan,-0.36708172097767799,4.4215016117531594,15.578498388246841,0,0.2532210720204105,-0.32085441584096813,0.15678249212836398,0,f14cbfd12da70666,,nan,nan
DVE028,1,18.3540860488839,429,REFINE,RELAXED,LEFT,0.39739048841144065,0.44000000000000072,0.71366941165554731,0.49716841625749453,0,0.25064305085077571,0.25922426513174357,0.26780547941271138,3.3395753797445016,34,1,0,shifted race line exceeds right control steering curvature,5,0,-1,0.2989548545279137,0.1067214801750872,1.5,0.79333786370308257,0.50356399239913685,0.70978574545708861,0.090214254542911432,nan,nan,-0.36708172097767799,4.4215016117531594,15.578498388246841,0,0.2532210720204105,-0.32085441584096813,0.15678249212836398,0,f14cbfd12da70666,,nan,nan
DVE028,1,18.354086049038585,3,REFINE,STRICT,LEFT,0.39739048841144065,0.44,0.51458109301505117,0.49716841625749453,0,0.25064305085077571,0.25922426513174357,0.26780547941271138,3.3395753797445016,34,1,0,shifted race line exceeds right control steering curvature,5,0,-1,0.29895485452792281,0.10672148017509975,1.5,0.79333786370308268,0.50356399239908434,0.70978574545708883,0.09021425454291121,nan,nan,-0.36708172098077174,4.4215016117529675,15.578498388247032,0,0.25322107202039185,-0.32085441584367225,0.15678249212836046,0,ce3c33c3ca0c5759,,nan,nan
DVE028,1,18.354086049038585,63,REFINE,STRICT,LEFT,0.39739048841144065,0.44,0.71366941165554731,0.49716841625749453,0,0.25064305085077571,0.25922426513174357,0.26780547941271138,3.3395753797445016,34,1,0,shifted race line exceeds right control steering curvature,5,0,-1,0.29895485452792281,0.10672148017509975,1.5,0.79333786370308268,0.50356399239908434,0.70978574545708883,0.09021425454291121,nan,nan,-0.36708172098077174,4.4215016117529675,15.578498388247032,0,0.25322107202039185,-0.32085441584367225,0.15678249212836046,0,ce3c33c3ca0c5759,,nan,nan
DVE029,1,0.7022693649142396,290,REFINE,STRICT,RIGHT,-0.40695853087089273,-0.44974042882603499,1.310934367577036,0.59338966314589303,-2.7755575615628914e-17,0.22371635112229882,0.23576835371064675,0.24782035629899468,3.9140961027364525,35,1,0,footprint_track_bound,3,6,-1,0.16906461468592052,-0.0070226936491423961,1.5,0.36325733326276616,0.20748650638220603,0.46241417114211103,0.33758582885788901,nan,nan,0.13770438133539398,1.6697444870243712,18.330255512975629,0,0.21959441557382184,0.012709743123947015,0.16404773048138518,0,50ca9bd849747557,right,0.06002823207689989,0.016527639558729074
DVE029,1,0.7022693649142396,732,REFINE,RELAXED,RIGHT,-0.40695853087089273,-0.44974042882603499,1.310934367577036,0.59338966314589303,-2.7755575615628914e-17,0.22371635112229882,0.23576835371064675,0.24782035629899468,3.9140961027364525,35,1,0,footprint_track_bound,3,6,-1,0.16906461468592052,-0.0070226936491423961,1.5,0.36325733326276616,0.20748650638220603,0.46241417114211103,0.33758582885788901,nan,nan,0.13770438133539398,1.6697444870243712,18.330255512975629,0,0.21959441557382184,0.012709743123947015,0.16404773048138518,0,50ca9bd849747557,right,0.06002823207689989,0.016527639558729074
DVE029,1,0.9723419388909381,13080,COARSE,STRICT,RIGHT,-0.40695853087089273,-0.44999999999999918,0.51458109301505117,0.59338966314589303,0.13590096742873906,0.22371635112229882,0.23576835371064675,0.24782035629899468,3.9140961027364525,35,1,0,footprint_track_bound,3,6,-1,0.16653302912530391,-0.0097234193889093809,1.5,0.4696439950166747,0.186563063312187,0.58143543347668181,0.21856456652331824,nan,nan,0.25762771468159151,2.1061589917595285,17.893841008240472,0,0.22204646395810212,0.011022019416869274,0.16155607905652525,0,542cf39fc3f960da,right,0.05991596715743075,0.016497271202425529
DVE029,1,0.9723419388909381,65396,COARSE,RELAXED,RIGHT,-0.40695853087089273,-0.44999999999999918,0.51458109301505117,0.59338966314589303,0.13590096742873906,0.22371635112229882,0.23576835371064675,0.24782035629899468,3.9140961027364525,35,1,0,footprint_track_bound,3,6,-1,0.16653302912530391,-0.0097234193889093809,1.5,0.4696439950166747,0.186563063312187,0.58143543347668181,0.21856456652331824,nan,nan,0.25762771468159151,2.1061589917595285,17.893841008240472,0,0.22204646395810212,0.011022019416869274,0.16155607905652525,0,542cf39fc3f960da,right,0.05991596715743075,0.016497271202425529
DVE029,1,0.9723419388911047,13105,COARSE,STRICT,RIGHT,-0.40695853087089273,-0.44999999999999918,1.310934367577036,0.59338966314589303,-2.7755575615628914e-17,0.22371635112229882,0.23576835371064675,0.24782035629899468,3.9140961027364525,35,1,0,footprint_track_bound,3,6,-1,0.16653302912530391,-0.0097234193889110462,1.5,0.36313325649420164,0.20764253355674425,0.46452517177806468,0.33547482822193536,nan,nan,0.12690193280886586,1.6814613370604095,18.318538662939591,0,0.22032008409258655,0.011022019416869274,0.16459924301431014,0,dca46f4941fc9c11,right,0.05991596715743519,0.016497271202427305
DVE029,1,0.9723419388911047,65421,COARSE,RELAXED,RIGHT,-0.40695853087089273,-0.44999999999999918,1.310934367577036,0.59338966314589303,-2.7755575615628914e-17,0.22371635112229882,0.23576835371064675,0.24782035629899468,3.9140961027364525,35,1,0,footprint_track_bound,3,6,-1,0.16653302912530391,-0.0097234193889110462,1.5,0.36313325649420164,0.20764253355674425,0.46452517177806468,0.33547482822193536,nan,nan,0.12690193280886586,1.6814613370604095,18.318538662939591,0,0.22032008409258655,0.011022019416869274,0.16459924301431014,0,dca46f4941fc9c11,right,0.05991596715743519,0.016497271202427305
DVE029,1,0.9723419388918485,234,REFINE,STRICT,RIGHT,-0.40695853087089273,-0.44999999999999996,1.310934367577036,0.59338966314589303,-2.7755575615628914e-17,0.22371635112229882,0.23576835371064675,0.24782035629899468,3.9140961027364525,35,1,0,footprint_track_bound,3,6,-1,0.16653302912529647,-0.0097234193889184847,1.5,0.36313325649420131,0.20764253355680432,0.46452517177807284,0.3354748282219272,nan,nan,0.12690193280721385,1.6814613370605898,18.31853866293941,0,0.22032008409265422,0.011022019416864315,0.16459924301431289,0,4126a3ea20dd7c30,right,0.059915967157431638,0.016497271202426528
DVE029,1,0.9723419388918485,676,REFINE,RELAXED,RIGHT,-0.40695853087089273,-0.44999999999999996,1.310934367577036,0.59338966314589303,-2.7755575615628914e-17,0.22371635112229882,0.23576835371064675,0.24782035629899468,3.9140961027364525,35,1,0,footprint_track_bound,3,6,-1,0.16653302912529647,-0.0097234193889184847,1.5,0.36313325649420131,0.20764253355680432,0.46452517177807284,0.3354748282219272,nan,nan,0.12690193280721385,1.6814613370605898,18.31853866293941,0,0.22032008409265422,0.011022019416864315,0.16459924301431289,0,4126a3ea20dd7c30,right,0.059915967157431638,0.016497271202426528
DVE029,1,0.9723419388920372,114,REFINE,STRICT,RIGHT,-0.40695853087089273,-0.44999999999999996,0.51458109301505117,0.59338966314589303,0.13590096742873906,0.22371635112229882,0.23576835371064675,0.24782035629899468,3.9140961027364525,35,1,0,footprint_track_bound,3,6,-1,0.16653302912529647,-0.0097234193889203721,1.5,0.4696439950166747,0.18656306331221431,0.58143543347668336,0.21856456652331668,nan,nan,0.25762771468233914,2.106158991757511,17.893841008242489,0,0.22204646395806979,0.011022019416864315,0.16155607905652794,0,a39504279642025f,right,0.059915967157436079,0.016497271202428304
DVE029,1,0.9723419388920372,556,REFINE,RELAXED,RIGHT,-0.40695853087089273,-0.44999999999999996,0.51458109301505117,0.59338966314589303,0.13590096742873906,0.22371635112229882,0.23576835371064675,0.24782035629899468,3.9140961027364525,35,1,0,footprint_track_bound,3,6,-1,0.16653302912529647,-0.0097234193889203721,1.5,0.4696439950166747,0.18656306331221431,0.58143543347668336,0.21856456652331668,nan,nan,0.25762771468233914,2.106158991757511,17.893841008242489,0,0.22204646395806979,0.011022019416864315,0.16155607905652794,0,a39504279642025f,right,0.059915967157436079,0.016497271202428304
DVE030,1,0.31701202662673955,1613,REFINE,STRICT,LEFT,0.27328719588206707,-0.28999999999999998,0.51458109301505117,0.49716841625749453,0,0.35197419737860436,0.47065063131133161,0.58932706524405887,3.6610969655758492,34,1,0,shifted race line exceeds left control steering curvature,5,0,-1,0.57886293845179249,0.42585824006395151,0.28683370233790695,0.91541983961134421,0.77122344728588887,0.65634557152455364,0.14365442847544641,nan,nan,-0.006340240532534791,6.0783271474582978,13.921672852541702,0,0.187501392210389,-0.0048168364389994849,0.064629087729593915,0,c62b08bb83dfb745,,nan,nan
DVE030,1,0.31701202662673955,1673,REFINE,STRICT,LEFT,0.27328719588206707,-0.28999999999999998,0.71366941165554731,0.49716841625749453,0,0.35197419737860436,0.47065063131133161,0.58932706524405887,3.6610969655758492,34,1,0,shifted race line exceeds left control steering curvature,5,0,-1,0.57886293845179249,0.42585824006395151,0.28683370233790695,0.91541983961134421,0.77122344728588887,0.65634557152455364,0.14365442847544641,nan,nan,-0.006340240532534791,6.0783271474582978,13.921672852541702,0,0.187501392210389,-0.0048168364389994849,0.064629087729593915,0,c62b08bb83dfb745,,nan,nan
DVE030,1,0.31701202676852613,0,REFINE,STRICT,LEFT,0.27328719588206707,-0.2899999999999992,0.51458109301505117,0.49716841625749453,0,0.35197419737860436,0.47065063131133161,0.58932706524405887,3.6610969655758492,34,1,0,shifted race line exceeds left control steering curvature,5,0,-1,0.57886293845179748,0.42585824006395551,0.28683370233790728,0.91541983961134421,0.77122344728573089,0.65634557152455242,0.14365442847544763,nan,nan,-0.0063402405353705227,6.0783271474566147,13.921672852543384,0,0.1875013922104809,-0.0048168364411538597,0.064629087729592791,0,59afa1be590f40b8,,nan,nan
DVE030,1,0.31701202676852613,60,REFINE,STRICT,LEFT,0.27328719588206707,-0.2899999999999992,0.71366941165554731,0.49716841625749453,0,0.35197419737860436,0.47065063131133161,0.58932706524405887,3.6610969655758492,34,1,0,shifted race line exceeds left control steering curvature,5,0,-1,0.57886293845179748,0.42585824006395551,0.28683370233790728,0.91541983961134421,0.77122344728573089,0.65634557152455242,0.14365442847544763,nan,nan,-0.0063402405353705227,6.0783271474566147,13.921672852543384,0,0.1875013922104809,-0.0048168364411538597,0.064629087729592791,0,59afa1be590f40b8,,nan,nan
DVE030,1,0.31701202676852613,804,REFINE,RELAXED,LEFT,0.27328719588206707,-0.2899999999999992,0.51458109301505117,0.49716841625749453,0,0.35197419737860436,0.47065063131133161,0.58932706524405887,3.6610969655758492,34,1,0,shifted race line exceeds left control steering curvature,5,0,-1,0.57886293845179748,0.42585824006395551,0.28683370233790728,0.91541983961134421,0.77122344728573089,0.65634557152455242,0.14365442847544763,nan,nan,-0.0063402405353705227,6.0783271474566147,13.921672852543384,0,0.1875013922104809,-0.0048168364411538597,0.064629087729592791,0,59afa1be590f40b8,,nan,nan
DVE030,1,0.31701202676852613,864,REFINE,RELAXED,LEFT,0.27328719588206707,-0.2899999999999992,0.71366941165554731,0.49716841625749453,0,0.35197419737860436,0.47065063131133161,0.58932706524405887,3.6610969655758492,34,1,0,shifted race line exceeds left control steering curvature,5,0,-1,0.57886293845179748,0.42585824006395551,0.28683370233790728,0.91541983961134421,0.77122344728573089,0.65634557152455242,0.14365442847544763,nan,nan,-0.0063402405353705227,6.0783271474566147,13.921672852543384,0,0.1875013922104809,-0.0048168364411538597,0.064629087729592791,0,59afa1be590f40b8,,nan,nan
DVE030,1,0.3985227790989865,18,REFINE,STRICT,LEFT,0.28000000000000003,-0.20999999999999996,0.51458109301505117,0.49716841625749453,0,0.36036520252602056,0.47484613388503971,0.58932706524405887,3.6610969655758492,34,1,0,shifted race line exceeds right control steering curvature,5,2,-1,0.59096796830586862,0.44869910433001631,0.35977075064226754,0.91582528421834697,0.66054300048261783,0.59884987187979943,0.20115012812020061,nan,nan,-0.0079704555819797296,4.5927717524196003,15.407228247580399,0,0.17281971190458631,-0.0069667208242657251,0.060624655386521613,0,ac90bfab839d995a,,nan,nan
DVE030,1,0.3985227790989865,19,REFINE,STRICT,LEFT,0.28000000000000003,-0.20999999999999922,0.51458109301505117,0.49716841625749453,0,0.36036520252602056,0.47484613388503971,0.58932706524405887,3.6610969655758492,34,1,0,shifted race line exceeds right control steering curvature,5,2,-1,0.59096796830586862,0.44869910433001675,0.35977075064226771,0.91582528421834697,0.66054300048261783,0.59884987187979888,0.20115012812020117,nan,nan,-0.0079704555819797296,4.5927717524194902,15.407228247580509,0,0.17281971190458681,-0.0069667208242657251,0.060624655386521301,0,ccdcc37fd95c0547,,nan,nan
DVE030,1,0.3985227790989865,78,REFINE,STRICT,LEFT,0.28000000000000003,-0.20999999999999996,0.71366941165554731,0.49716841625749453,0,0.36036520252602056,0.47484613388503971,0.58932706524405887,3.6610969655758492,34,1,0,shifted race line exceeds right control steering curvature,5,2,-1,0.59096796830586862,0.44869910433001631,0.35977075064226754,0.91582528421834697,0.66054300048261783,0.59884987187979943,0.20115012812020061,nan,nan,-0.0079704555819797296,4.5927717524196003,15.407228247580399,0,0.17281971190458631,-0.0069667208242657251,0.060624655386521613,0,ac90bfab839d995a,,nan,nan
DVE030,1,0.3985227790989865,79,REFINE,STRICT,LEFT,0.28000000000000003,-0.20999999999999922,0.71366941165554731,0.49716841625749453,0,0.36036520252602056,0.47484613388503971,0.58932706524405887,3.6610969655758492,34,1,0,shifted race line exceeds right control steering curvature,5,2,-1,0.59096796830586862,0.44869910433001675,0.35977075064226771,0.91582528421834697,0.66054300048261783,0.59884987187979888,0.20115012812020117,nan,nan,-0.0079704555819797296,4.5927717524194902,15.407228247580509,0,0.17281971190458681,-0.0069667208242657251,0.060624655386521301,0,ccdcc37fd95c0547,,nan,nan
DVE031,1,0.19840283851783047,181,REFINE,STRICT,RIGHT,-0.38769918093978328,-0.35999999999999921,1.310934367577036,3.9473573093269398,0,0.15668647763429,0.16836816198367544,0.18004984633306087,10.082017904820258,60,1,0,shifted race line exceeds left control steering curvature,5,0,-1,0.5171561041043411,0.36350999360441227,1.5,0.94897330224601406,0.6341878736636134,0.3462028768414892,0.45379712315851084,nan,nan,-0.0039680567703566094,1.775652238878193,18.224347761121805,0,0.14862553730546593,-0.0030146301777341038,0.19011954290387945,0,eb33e15687d783e4,,nan,nan
DVE031,1,0.19840283851783047,523,REFINE,RELAXED,RIGHT,-0.38769918093978328,-0.35999999999999921,1.310934367577036,3.9473573093269398,0,0.15668647763429,0.16836816198367544,0.18004984633306087,10.082017904820258,60,1,0,shifted race line exceeds left control steering curvature,5,0,-1,0.5171561041043411,0.36350999360441227,1.5,0.94897330224601406,0.6341878736636134,0.3462028768414892,0.45379712315851084,nan,nan,-0.0039680567703566094,1.775652238878193,18.224347761121805,0,0.14862553730546593,-0.0030146301777341038,0.19011954290387945,0,eb33e15687d783e4,,nan,nan
DVE031,1,0.19840283856256136,180,REFINE,STRICT,RIGHT,-0.38769918093978328,-0.35999999999999993,1.310934367577036,3.9473573093269398,0,0.15668647763429,0.16836816198367544,0.18004984633306087,10.082017904820258,60,1,0,shifted race line exceeds left control steering curvature,5,0,-1,0.51715610410435842,0.36350999360442959,1.5,0.94897330224601384,0.63418787366359597,0.34620287684148082,0.45379712315851922,nan,nan,-0.0039680567712512271,1.775652238878616,18.224347761121383,0,0.1486255373054951,-0.0030146301784137672,0.19011954290387481,0,02b70c433f02b5b7,,nan,nan
DVE031,1,0.19840283856256136,522,REFINE,RELAXED,RIGHT,-0.38769918093978328,-0.35999999999999993,1.310934367577036,3.9473573093269398,0,0.15668647763429,0.16836816198367544,0.18004984633306087,10.082017904820258,60,1,0,shifted race line exceeds left control steering curvature,5,0,-1,0.51715610410435842,0.36350999360442959,1.5,0.94897330224601384,0.63418787366359597,0.34620287684148082,0.45379712315851922,nan,nan,-0.0039680567712512271,1.775652238878616,18.224347761121383,0,0.1486255373054951,-0.0030146301784137672,0.19011954290387481,0,02b70c433f02b5b7,,nan,nan
DVE031,1,0.4762818115108369,65,REFINE,STRICT,RIGHT,-0.38769918093978328,-0.45999999999999996,1.310934367577036,0.60498681916591468,0,0.15668647763429,0.16836816198367544,0.18004984633306087,1.6976626920290847,27,1,0,shifted race line exceeds left control steering curvature,5,3,-1,0.61291402378951032,0.37739982157337632,1.5,0.92813741290904461,0.61933407505233773,0.78291254965978208,0.017087450340217969,nan,nan,-0.0095256362302167386,4.1732963921339019,15.826703607866097,0,0.31465987634548065,-0.0072368597788856669,0.079127504852661276,0,98257f8b50046425,,nan,nan
DVE031,1,0.4762818115108369,407,REFINE,RELAXED,RIGHT,-0.38769918093978328,-0.45999999999999996,1.310934367577036,0.60498681916591468,0,0.15668647763429,0.16836816198367544,0.18004984633306087,1.6976626920290847,27,1,0,shifted race line exceeds left control steering curvature,5,3,-1,0.61291402378951032,0.37739982157337632,1.5,0.92813741290904461,0.61933407505233773,0.78291254965978208,0.017087450340217969,nan,nan,-0.0095256362302167386,4.1732963921339019,15.826703607866097,0,0.31465987634548065,-0.0072368597788856669,0.079127504852661276,0,98257f8b50046425,,nan,nan
DVE031,1,0.6288716075195655,265,REFINE,STRICT,RIGHT,-0.38769918093978328,-0.35937575623759921,1.310934367577036,3.9473573093269398,0,0.15668647763429,0.16836816198367544,0.18004984633306087,10.082017904820258,60,1,0,shifted race line exceeds left control steering curvature,5,0,-1,0.50147356297216428,0.34758991032277797,1.5,0.94924251830980078,0.6342282785862573,0.35342730099010189,0.44657269900989816,nan,nan,-0.01257743215039131,1.7926252826105171,18.207374717389484,0,0.14890469333403192,-0.0095553840867970367,0.19530606757903796,0,1a5849545a9e0d9f,,nan,nan
DVE031,1,0.6288716075195655,607,REFINE,RELAXED,RIGHT,-0.38769918093978328,-0.35937575623759921,1.310934367577036,3.9473573093269398,0,0.15668647763429,0.16836816198367544,0.18004984633306087,10.082017904820258,60,1,0,shifted race line exceeds left control steering curvature,5,0,-1,0.50147356297216428,0.34758991032277797,1.5,0.94924251830980078,0.6342282785862573,0.35342730099010189,0.44657269900989816,nan,nan,-0.01257743215039131,1.7926252826105171,18.207374717389484,0,0.14890469333403192,-0.0095553840867970367,0.19530606757903796,0,1a5849545a9e0d9f,,nan,nan
DVE031,1,0.9913561711973405,175,REFINE,STRICT,RIGHT,-0.38769918093978328,-0.40999999999999998,1.310934367577036,3.9473573093269398,0,0.15668647763429,0.16836816198367544,0.18004984633306087,10.082017904820258,60,1,0,footprint_track_bound,3,14,-1,0.14374365615512177,-0.0099135617119734051,1.5,0.94928670266774251,0.64297405453268341,0.22868043236685354,0.57131956763314651,nan,nan,0.51347025403744417,1.219511246093008,18.780488753906994,0,0.12659967896212754,-0.0041708958965854803,0.30939038402171204,0,368d623d05df1e69,right,-0.016430817653970656,0.0045801745121178128
DVE031,1,0.9913561711973405,517,REFINE,RELAXED,RIGHT,-0.38769918093978328,-0.40999999999999998,1.310934367577036,3.9473573093269398,0,0.15668647763429,0.16836816198367544,0.18004984633306087,10.082017904820258,60,1,0,footprint_track_bound,3,14,-1,0.14374365615512177,-0.0099135617119734051,1.5,0.94928670266774251,0.64297405453268341,0.22868043236685354,0.57131956763314651,nan,nan,0.51347025403744417,1.219511246093008,18.780488753906994,0,0.12659967896212754,-0.0041708958965854803,0.30939038402171204,0,368d623d05df1e69,right,-0.016430817653970656,0.0045801745121178128
DVE032,2,11.48180800551893,410,REFINE,STRICT,LEFT,0.56000000000000005,0.31000000000000077,0.51458109301505117,0.49716841625749453,0,0.44810095254467136,0.53037142291002493,0.61264189327537855,3.6844117936071688,35,1,0,quintic d-offset exceeds maximum_lateral_slope,5,3,-1,0.56072796942024772,0.2451947530999864,-0.1148180800551893,0.93325142110256865,0.68579997267558812,0.89225271056480315,-0.092252710564803109,nan,nan,0.012901508561607322,5.4027632739341245,14.597236726065876,0,0.41505165693770429,-0.076545386703459534,0.073758366121598612,1,50bc87bdd207ecfc,,nan,nan
DVE032,2,11.48180800551893,500,REFINE,STRICT,LEFT,0.56000000000000005,0.31000000000000077,0.71366941165554731,0.49716841625749453,0,0.44810095254467136,0.53037142291002493,0.61264189327537855,3.6844117936071688,35,1,0,quintic d-offset exceeds maximum_lateral_slope,5,3,-1,0.56072796942024772,0.2451947530999864,-0.1148180800551893,0.93325142110256865,0.68579997267558812,0.89225271056480315,-0.092252710564803109,nan,nan,0.012901508561607322,5.4027632739341245,14.597236726065876,0,0.41505165693770429,-0.076545386703459534,0.073758366121598612,1,50bc87bdd207ecfc,,nan,nan
DVE032,2,11.48180800551893,590,REFINE,RELAXED,LEFT,0.56000000000000005,0.31000000000000077,0.51458109301505117,0.49716841625749453,0,0.44810095254467136,0.53037142291002493,0.61264189327537855,3.6844117936071688,35,1,0,quintic d-offset exceeds maximum_lateral_slope,5,3,-1,0.56072796942024772,0.2451947530999864,-0.1148180800551893,0.93325142110256865,0.68579997267558812,0.89225271056480315,-0.092252710564803109,nan,nan,0.012901508561607322,5.4027632739341245,14.597236726065876,0,0.41505165693770429,-0.076545386703459534,0.073758366121598612,1,50bc87bdd207ecfc,,nan,nan
DVE032,2,11.48180800551893,680,REFINE,RELAXED,LEFT,0.56000000000000005,0.31000000000000077,0.71366941165554731,0.49716841625749453,0,0.44810095254467136,0.53037142291002493,0.61264189327537855,3.6844117936071688,35,1,0,quintic d-offset exceeds maximum_lateral_slope,5,3,-1,0.56072796942024772,0.2451947530999864,-0.1148180800551893,0.93325142110256865,0.68579997267558812,0.89225271056480315,-0.092252710564803109,nan,nan,0.012901508561607322,5.4027632739341245,14.597236726065876,0,0.41505165693770429,-0.076545386703459534,0.073758366121598612,1,50bc87bdd207ecfc,,nan,nan
DVE032,2,11.481808005520262,55,REFINE,STRICT,LEFT,0.56000000000000005,0.31000000000000005,0.51458109301505117,0.49716841625749453,0,0.44810095254467136,0.53037142291002493,0.61264189327537855,3.6844117936071688,35,1,0,quintic d-offset exceeds maximum_lateral_slope,5,3,-1,0.56072796942024783,0.24519475309998495,-0.11481808005520262,0.93325142110256865,0.68579997267540205,0.89225271056480526,-0.092252710564805218,nan,nan,0.012901508561639297,5.4027632739339575,14.597236726066043,0,0.41505165693770429,-0.076545386703468415,0.073758366121597155,1,4ecee54242cd80c1,,nan,nan
DVE032,2,11.481808005520262,145,REFINE,STRICT,LEFT,0.56000000000000005,0.31000000000000005,0.71366941165554731,0.49716841625749453,0,0.44810095254467136,0.53037142291002493,0.61264189327537855,3.6844117936071688,35,1,0,quintic d-offset exceeds maximum_lateral_slope,5,3,-1,0.56072796942024783,0.24519475309998495,-0.11481808005520262,0.93325142110256865,0.68579997267540205,0.89225271056480526,-0.092252710564805218,nan,nan,0.012901508561639297,5.4027632739339575,14.597236726066043,0,0.41505165693770429,-0.076545386703468415,0.073758366121597155,1,4ecee54242cd80c1,,nan,nan
DVE032,2,11.481808005520262,235,REFINE,RELAXED,LEFT,0.56000000000000005,0.31000000000000005,0.51458109301505117,0.49716841625749453,0,0.44810095254467136,0.53037142291002493,0.61264189327537855,3.6844117936071688,35,1,0,quintic d-offset exceeds maximum_lateral_slope,5,3,-1,0.56072796942024783,0.24519475309998495,-0.11481808005520262,0.93325142110256865,0.68579997267540205,0.89225271056480526,-0.092252710564805218,nan,nan,0.012901508561639297,5.4027632739339575,14.597236726066043,0,0.41505165693770429,-0.076545386703468415,0.073758366121597155,1,4ecee54242cd80c1,,nan,nan
DVE032,2,11.481808005520262,325,REFINE,RELAXED,LEFT,0.56000000000000005,0.31000000000000005,0.71366941165554731,0.49716841625749453,0,0.44810095254467136,0.53037142291002493,0.61264189327537855,3.6844117936071688,35,1,0,quintic d-offset exceeds maximum_lateral_slope,5,3,-1,0.56072796942024783,0.24519475309998495,-0.11481808005520262,0.93325142110256865,0.68579997267540205,0.89225271056480526,-0.092252710564805218,nan,nan,0.012901508561639297,5.4027632739339575,14.597236726066043,0,0.41505165693770429,-0.076545386703468415,0.073758366121597155,1,4ecee54242cd80c1,,nan,nan
DVE032,2,11.502089290631341,68,REFINE,STRICT,LEFT,0.57000000000000006,0.34000000000000008,0.51458109301505117,0.49716841625749453,0,0.46060095254467137,0.53662142291002501,0.61264189327537855,3.6844117936071688,35,1,0,shifted race line exceeds left control steering curvature,5,0,-1,0.55071591519655205,0.2575456915943789,-0.11502089290631341,0.93326512530539762,0.68448526709226698,0.77187777267501012,0.028122227324989924,nan,nan,-0.038943375516915735,5.5707377741435842,14.429262225856416,0,0.42127229944107442,-0.076680595270875604,0.075960310133082798,1,b4ee4accd533f366,,nan,nan
DVE032,2,11.502089290631341,158,REFINE,STRICT,LEFT,0.57000000000000006,0.34000000000000008,0.71366941165554731,0.49716841625749453,0,0.46060095254467137,0.53662142291002501,0.61264189327537855,3.6844117936071688,35,1,0,shifted race line exceeds left control steering curvature,5,0,-1,0.55071591519655205,0.2575456915943789,-0.11502089290631341,0.93326512530539762,0.68448526709226698,0.77187777267501012,0.028122227324989924,nan,nan,-0.038943375516915735,5.5707377741435842,14.429262225856416,0,0.42127229944107442,-0.076680595270875604,0.075960310133082798,1,b4ee4accd533f366,,nan,nan
DVE033,1,9.377230260182012,22,REFINE,STRICT,LEFT,0.48999999999999999,0.53000000000000003,0.51458109301505117,0.49716841625749453,0,0.37391858720698878,0.41094143333089161,0.44796427945479445,3.5197341797865844,34,1,0,d-offset intersects an inflated static-obstacle box,4,1,79,0.56937721862772817,0.41427114863756864,-0.093772302601820123,0.94410892332484575,0.62684459620455135,0.76234481476992211,0.037655185230077937,nan,nan,0.049223944653170149,2.7602334080295696,17.239766591970429,0,0.42574283268293528,-0.062514868401213411,0.10768998973564005,1,874aee26351c2cfd,,nan,nan
DVE033,1,9.377230260182012,102,REFINE,STRICT,LEFT,0.48999999999999999,0.53000000000000003,0.71366941165554731,0.49716841625749453,0,0.37391858720698878,0.41094143333089161,0.44796427945479445,3.5197341797865844,34,1,0,d-offset intersects an inflated static-obstacle box,4,1,79,0.56937721862772817,0.41427114863756864,-0.093772302601820123,0.94410892332484575,0.62684459620455135,0.76234481476992211,0.037655185230077937,nan,nan,0.049223944653170149,2.7602334080295696,17.239766591970429,0,0.42574283268293528,-0.062514868401213411,0.10768998973564005,1,874aee26351c2cfd,,nan,nan
DVE033,1,9.377230260182012,182,REFINE,RELAXED,LEFT,0.48999999999999999,0.53000000000000003,0.51458109301505117,0.49716841625749453,0,0.37391858720698878,0.41094143333089161,0.44796427945479445,3.5197341797865844,34,1,0,d-offset intersects an inflated static-obstacle box,4,1,79,0.56937721862772817,0.41427114863756864,-0.093772302601820123,0.94410892332484575,0.62684459620455135,0.76234481476992211,0.037655185230077937,nan,nan,0.049223944653170149,2.7602334080295696,17.239766591970429,0,0.42574283268293528,-0.062514868401213411,0.10768998973564005,1,874aee26351c2cfd,,nan,nan
DVE033,1,9.377230260182012,262,REFINE,RELAXED,LEFT,0.48999999999999999,0.53000000000000003,0.71366941165554731,0.49716841625749453,0,0.37391858720698878,0.41094143333089161,0.44796427945479445,3.5197341797865844,34,1,0,d-offset intersects an inflated static-obstacle box,4,1,79,0.56937721862772817,0.41427114863756864,-0.093772302601820123,0.94410892332484575,0.62684459620455135,0.76234481476992211,0.037655185230077937,nan,nan,0.049223944653170149,2.7602334080295696,17.239766591970429,0,0.42574283268293528,-0.062514868401213411,0.10768998973564005,1,874aee26351c2cfd,,nan,nan
DVE033,1,9.428830459743189,34,REFINE,STRICT,LEFT,0.5,0.55000000000000004,0.51458109301505117,0.49716841625749453,0,0.3864185872069888,0.41719143333089159,0.44796427945479445,3.5197341797865844,34,1,0,d-offset intersects an inflated static-obstacle box,4,1,79,0.51630697094248756,0.37568637032832597,-0.094288304597431899,0.9441083322932885,0.62721995440573852,0.76970761137680277,0.030292388623197275,nan,nan,0.16137923450135416,2.3366640987846292,17.663335901215369,0,0.42478947587339982,-0.062858869731621261,0.11919061683649419,1,1d99ce05590a0f81,,nan,nan
DVE033,1,9.428830459743189,114,REFINE,STRICT,LEFT,0.5,0.55000000000000004,0.71366941165554731,0.49716841625749453,0,0.3864185872069888,0.41719143333089159,0.44796427945479445,3.5197341797865844,34,1,0,d-offset intersects an inflated static-obstacle box,4,1,79,0.51630697094248756,0.37568637032832597,-0.094288304597431899,0.9441083322932885,0.62721995440573852,0.76970761137680277,0.030292388623197275,nan,nan,0.16137923450135416,2.3366640987846292,17.663335901215369,0,0.42478947587339982,-0.062858869731621261,0.11919061683649419,1,1d99ce05590a0f81,,nan,nan
DVE033,1,9.428830459743189,194,REFINE,RELAXED,LEFT,0.5,0.55000000000000004,0.51458109301505117,0.49716841625749453,0,0.3864185872069888,0.41719143333089159,0.44796427945479445,3.5197341797865844,34,1,0,d-offset intersects an inflated static-obstacle box,4,1,79,0.51630697094248756,0.37568637032832597,-0.094288304597431899,0.9441083322932885,0.62721995440573852,0.76970761137680277,0.030292388623197275,nan,nan,0.16137923450135416,2.3366640987846292,17.663335901215369,0,0.42478947587339982,-0.062858869731621261,0.11919061683649419,1,1d99ce05590a0f81,,nan,nan
DVE033,1,9.428830459743189,274,REFINE,RELAXED,LEFT,0.5,0.55000000000000004,0.71366941165554731,0.49716841625749453,0,0.3864185872069888,0.41719143333089159,0.44796427945479445,3.5197341797865844,34,1,0,d-offset intersects an inflated static-obstacle box,4,1,79,0.51630697094248756,0.37568637032832597,-0.094288304597431899,0.9441083322932885,0.62721995440573852,0.76970761137680277,0.030292388623197275,nan,nan,0.16137923450135416,2.3366640987846292,17.663335901215369,0,0.42478947587339982,-0.062858869731621261,0.11919061683649419,1,1d99ce05590a0f81,,nan,nan
DVE033,1,9.42883045974364,1200,COARSE,STRICT,LEFT,0.5,0.55000000000000082,0.51458109301505117,0.49716841625749453,0,0.3864185872069888,0.41719143333089159,0.44796427945479445,3.5197341797865844,34,1,0,d-offset intersects an inflated static-obstacle box,4,1,79,0.51630697094248545,0.37568637032831398,-0.094288304597436395,0.9441083322932885,0.62721995440573652,0.76970761137680366,0.030292388623196387,nan,nan,0.16137923450037028,2.3366640987846838,17.663335901215316,0,0.42478947587340893,-0.062858869731624259,0.11919061683649511,1,a404980e0f1c6853,,nan,nan
DVE033,1,9.42883045974364,1201,COARSE,STRICT,LEFT,0.5,0.55000000000000082,0.71366941165554731,0.49716841625749453,0,0.3864185872069888,0.41719143333089159,0.44796427945479445,3.5197341797865844,34,1,0,d-offset intersects an inflated static-obstacle box,4,1,79,0.51630697094248545,0.37568637032831398,-0.094288304597436395,0.9441083322932885,0.62721995440573652,0.76970761137680366,0.030292388623196387,nan,nan,0.16137923450037028,2.3366640987846838,17.663335901215316,0,0.42478947587340893,-0.062858869731624259,0.11919061683649511,1,a404980e0f1c6853,,nan,nan
DVE034,3,56.54636186405033,57,REFINE,STRICT,RIGHT,-0.62219530088398844,-0.019999999999999997,0.71366941165554731,2.222262862792217,0,0.74217720251216124,0.83241567076652134,0.92265413902088156,6.4972130554223115,46,1,0,shifted race line exceeds right control steering curvature,5,0,-1,0.18004305785364361,0.0014013407047317461,-0.54230205515209706,0.83154291086455845,0.65268180618279159,1.1270749887734537,-0.32707498877345365,nan,nan,-1.1309272372810066,9.6968338637755824,10.303166136224418,0,0.29768511617983501,-0.98850740132196013,0.23621753223778136,0,40a85f2569545eba,,nan,nan
DVE034,3,56.54636186405033,117,REFINE,RELAXED,RIGHT,-0.62219530088398844,-0.019999999999999997,0.71366941165554731,2.222262862792217,0,0.74217720251216124,0.83241567076652134,0.92265413902088156,6.4972130554223115,46,1,0,shifted race line exceeds right control steering curvature,5,0,-1,0.18004305785364361,0.0014013407047317461,-0.54230205515209706,0.83154291086455845,0.65268180618279159,1.1270749887734537,-0.32707498877345365,nan,nan,-1.1309272372810066,9.6968338637755824,10.303166136224418,0,0.29768511617983501,-0.98850740132196013,0.23621753223778136,0,40a85f2569545eba,,nan,nan
DVE034,3,56.872017459536046,56,REFINE,STRICT,RIGHT,-0.62219530088398844,-0.029999999999999999,0.71366941165554731,2.222262862792217,0,0.74217720251216124,0.83241567076652134,0.92265413902088156,6.4972130554223115,46,1,0,shifted race line exceeds right control steering curvature,5,0,-1,0.20013479742006735,0.023341795588114334,-0.54095025240677319,0.83154266009080835,0.65412604192081591,1.1308912899719266,-0.33089128997192652,nan,nan,-1.137440349190721,9.6638067999533046,10.336193200046695,0,0.2954847663895932,-0.99420030455760044,0.2320920945326416,0,6615b49044d8dd3f,,nan,nan
DVE034,3,56.872017459536046,116,REFINE,RELAXED,RIGHT,-0.62219530088398844,-0.029999999999999999,0.71366941165554731,2.222262862792217,0,0.74217720251216124,0.83241567076652134,0.92265413902088156,6.4972130554223115,46,1,0,shifted race line exceeds right control steering curvature,5,0,-1,0.20013479742006735,0.023341795588114334,-0.54095025240677319,0.83154266009080835,0.65412604192081591,1.1308912899719266,-0.33089128997192652,nan,nan,-1.137440349190721,9.6638067999533046,10.336193200046695,0,0.2954847663895932,-0.99420030455760044,0.2320920945326416,0,6615b49044d8dd3f,,nan,nan
DVE034,3,57.19037223394654,55,REFINE,STRICT,RIGHT,-0.62219530088398844,-0.040000000000000001,0.71366941165554731,2.222262862792217,0,0.74217720251216124,0.83241567076652134,0.92265413902088156,6.4972130554223115,46,1,0,shifted race line exceeds right control steering curvature,5,0,-1,0.22022653698649974,0.033284042919172342,-0.53959844966144921,0.83154240931705825,0.65557876048526387,1.1347075911703992,-0.33470759117039917,nan,nan,-1.1438074446789308,9.6311520684680598,10.36884793153194,0,0.29319314901235388,-0.99976557949973643,0.22796665682749229,0,86ac3c63fa7868c4,,nan,nan
DVE034,3,57.19037223394654,115,REFINE,RELAXED,RIGHT,-0.62219530088398844,-0.040000000000000001,0.71366941165554731,2.222262862792217,0,0.74217720251216124,0.83241567076652134,0.92265413902088156,6.4972130554223115,46,1,0,shifted race line exceeds right control steering curvature,5,0,-1,0.22022653698649974,0.033284042919172342,-0.53959844966144921,0.83154240931705825,0.65557876048526387,1.1347075911703992,-0.33470759117039917,nan,nan,-1.1438074446789308,9.6311520684680598,10.36884793153194,0,0.29319314901235388,-0.99976557949973643,0.22796665682749229,0,86ac3c63fa7868c4,,nan,nan
DVE034,3,57.501305129796854,54,REFINE,STRICT,RIGHT,-0.62219530088398844,-0.050000000000000003,0.71366941165554731,2.222262862792217,0,0.74217720251216124,0.83241567076652134,0.92265413902088156,6.4972130554223115,46,1,0,shifted race line exceeds right control steering curvature,5,0,-1,0.24031827655292881,0.033084704432829772,-0.53824664691612534,0.83154215854330815,0.65703984064294485,1.1385238923688719,-0.33852389236887181,nan,nan,-1.1500261025959371,9.5988794513179556,10.401120548682044,0,0.29079457010772225,-1.0052011098986942,0.22384121912234545,0,de1971bdc81869b7,,nan,nan
DVE034,3,57.501305129796854,114,REFINE,RELAXED,RIGHT,-0.62219530088398844,-0.050000000000000003,0.71366941165554731,2.222262862792217,0,0.74217720251216124,0.83241567076652134,0.92265413902088156,6.4972130554223115,46,1,0,shifted race line exceeds right control steering curvature,5,0,-1,0.24031827655292881,0.033084704432829772,-0.53824664691612534,0.83154215854330815,0.65703984064294485,1.1385238923688719,-0.33852389236887181,nan,nan,-1.1500261025959371,9.5988794513179556,10.401120548682044,0,0.29079457010772225,-1.0052011098986942,0.22384121912234545,0,de1971bdc81869b7,,nan,nan
DVE034,3,57.50130512985341,2082,COARSE,STRICT,RIGHT,-0.62219530088398844,-0.049999999999999239,0.71366941165554731,2.222262862792217,0,0.74217720251216124,0.83241567076652134,0.92265413902088156,6.4972130554223115,46,1,0,shifted race line exceeds right control steering curvature,5,0,-1,0.24031827655292659,0.033084704432829216,-0.53824664691612545,0.83154215854330815,0.65703984064294163,1.1385238923688714,-0.33852389236887137,nan,nan,-1.1500261025970682,9.5988794513173445,10.401120548682655,0,0.29079457010780696,-1.0052011098996827,0.22384121912234892,0,352c46e576afedce,,nan,nan
DVE034,3,57.50130512985341,4322,COARSE,RELAXED,RIGHT,-0.62219530088398844,-0.049999999999999239,0.71366941165554731,2.222262862792217,0,0.74217720251216124,0.83241567076652134,0.92265413902088156,6.4972130554223115,46,1,0,shifted race line exceeds right control steering curvature,5,0,-1,0.24031827655292659,0.033084704432829216,-0.53824664691612545,0.83154215854330815,0.65703984064294163,1.1385238923688714,-0.33852389236887137,nan,nan,-1.1500261025970682,9.5988794513173445,10.401120548682655,0,0.29079457010780696,-1.0052011098996827,0.22384121912234892,0,352c46e576afedce,,nan,nan
DVE035,2,8887.180469652094,737,COARSE,STRICT,LEFT,0.38791365210646434,-0.049999999999999239,0.51458109301505117,0.59237335956922732,0,0.64846355831036706,0.64907834082809168,0.6496931233458163,4.3096896077981679,37,1,0,path entry is discontinuous from the current ego d,5,0,-1,-88.652126932721004,-88.87180469652094,4.403614210249815,-4.2668706078892722,-4.5600745458860432,93.951006267941395,-93.151006267941398,nan,nan,0.064718635033194527,4.3018642215886089,15.698135778411391,0,0.24139048508364996,-59.201417955147328,17.608934403686327,0,b4d9e8a6cb71c875,,nan,nan
DVE035,2,8887.180469652094,741,COARSE,STRICT,LEFT,0.38791365210646434,-0.049999999999999239,1.310934367577036,0.59237335956922732,0,0.64846355831036706,0.64907834082809168,0.6496931233458163,4.3096896077981679,37,1,0,path entry is discontinuous from the current ego d,5,0,-1,-88.652126932721004,-88.87180469652094,4.403614210249815,-4.2668706078892722,-4.5600745458860432,93.951006267941395,-93.151006267941398,nan,nan,0.064718635033194527,4.3018642215886089,15.698135778411391,0,0.24139048508364996,-59.201417955147328,17.608934403686327,0,b4d9e8a6cb71c875,,nan,nan
DVE035,2,8887.180469652094,6281,COARSE,RELAXED,LEFT,0.38791365210646434,-0.049999999999999239,0.51458109301505117,0.59237335956922732,0,0.64846355831036706,0.64907834082809168,0.6496931233458163,4.3096896077981679,37,1,0,path entry is discontinuous from the current ego d,5,0,-1,-88.652126932721004,-88.87180469652094,4.403614210249815,-4.2668706078892722,-4.5600745458860432,93.951006267941395,-93.151006267941398,nan,nan,0.064718635033194527,4.3018642215886089,15.698135778411391,0,0.24139048508364996,-59.201417955147328,17.608934403686327,0,b4d9e8a6cb71c875,,nan,nan
DVE035,2,8887.180469652094,6285,COARSE,RELAXED,LEFT,0.38791365210646434,-0.049999999999999239,1.310934367577036,0.59237335956922732,0,0.64846355831036706,0.64907834082809168,0.6496931233458163,4.3096896077981679,37,1,0,path entry is discontinuous from the current ego d,5,0,-1,-88.652126932721004,-88.87180469652094,4.403614210249815,-4.2668706078892722,-4.5600745458860432,93.951006267941395,-93.151006267941398,nan,nan,0.064718635033194527,4.3018642215886089,15.698135778411391,0,0.24139048508364996,-59.201417955147328,17.608934403686327,0,b4d9e8a6cb71c875,,nan,nan
DVE035,2,9910.162682932614,729,COARSE,STRICT,LEFT,0.38791365210646434,-0.099999999999999242,0.51458109301505117,0.59237335956922732,0,0.64846355831036706,0.64907834082809168,0.6496931233458163,4.3096896077981679,37,1,0,path entry is discontinuous from the current ego d,5,0,-1,-98.896744415571646,-99.101626829326136,4.9841146204286533,-4.8473710180681104,-5.1408127557090957,104.66861485385542,-103.86861485385542,nan,nan,0.1693493999298904,3.9006613549695124,16.099338645030489,0,0.23278912042671501,-66.031162943714421,19.626572733031765,0,d16087f2677f1d8a,,nan,nan
DVE035,2,9910.162682932614,733,COARSE,STRICT,LEFT,0.38791365210646434,-0.099999999999999242,1.310934367577036,0.59237335956922732,0,0.64846355831036706,0.64907834082809168,0.6496931233458163,4.3096896077981679,37,1,0,path entry is discontinuous from the current ego d,5,0,-1,-98.896744415571646,-99.101626829326136,4.9841146204286533,-4.8473710180681104,-5.1408127557090957,104.66861485385542,-103.86861485385542,nan,nan,0.1693493999298904,3.9006613549695124,16.099338645030489,0,0.23278912042671501,-66.031162943714421,19.626572733031765,0,d16087f2677f1d8a,,nan,nan
DVE035,2,9910.162682932614,6273,COARSE,RELAXED,LEFT,0.38791365210646434,-0.099999999999999242,0.51458109301505117,0.59237335956922732,0,0.64846355831036706,0.64907834082809168,0.6496931233458163,4.3096896077981679,37,1,0,path entry is discontinuous from the current ego d,5,0,-1,-98.896744415571646,-99.101626829326136,4.9841146204286533,-4.8473710180681104,-5.1408127557090957,104.66861485385542,-103.86861485385542,nan,nan,0.1693493999298904,3.9006613549695124,16.099338645030489,0,0.23278912042671501,-66.031162943714421,19.626572733031765,0,d16087f2677f1d8a,,nan,nan
DVE035,2,9910.162682932614,6277,COARSE,RELAXED,LEFT,0.38791365210646434,-0.099999999999999242,1.310934367577036,0.59237335956922732,0,0.64846355831036706,0.64907834082809168,0.6496931233458163,4.3096896077981679,37,1,0,path entry is discontinuous from the current ego d,5,0,-1,-98.896744415571646,-99.101626829326136,4.9841146204286533,-4.8473710180681104,-5.1408127557090957,104.66861485385542,-103.86861485385542,nan,nan,0.1693493999298904,3.9006613549695124,16.099338645030489,0,0.23278912042671501,-66.031162943714421,19.626572733031765,0,d16087f2677f1d8a,,nan,nan
DVE035,2,10933.128210993942,721,COARSE,STRICT,LEFT,0.38791365210646434,-0.14999999999999925,0.51458109301505117,0.59237335956922732,0,0.64846355831036706,0.64907834082809168,0.6496931233458163,4.3096896077981679,37,1,0,path entry is discontinuous from the current ego d,5,0,-1,-109.14136189842189,-109.33128210993942,5.5646150306074915,-5.4278714282469487,-5.721407466244413,115.38622343976931,-114.58622343976931,nan,nan,0.25871880824912374,3.5546178945031093,16.44538210549689,0,0.22413676093121282,-72.860907932281251,21.644211062376023,0,2ad7397ea29ccb54,,nan,nan
DVE035,2,10933.128210993942,725,COARSE,STRICT,LEFT,0.38791365210646434,-0.14999999999999925,1.310934367577036,0.59237335956922732,0,0.64846355831036706,0.64907834082809168,0.6496931233458163,4.3096896077981679,37,1,0,path entry is discontinuous from the current ego d,5,0,-1,-109.14136189842189,-109.33128210993942,5.5646150306074915,-5.4278714282469487,-5.721407466244413,115.38622343976931,-114.58622343976931,nan,nan,0.25871880824912374,3.5546178945031093,16.44538210549689,0,0.22413676093121282,-72.860907932281251,21.644211062376023,0,2ad7397ea29ccb54,,nan,nan
DVE036,1,7.917489747786677,193,REFINE,STRICT,RIGHT,-0.19458925552305367,-0.20999999999999999,0.51458109301505117,0.60498681916591468,0.12839783034247379,0.21136489783489054,0.21438666459828681,0.21740843136168309,1.7350212770577069,27,1,0,shifted race line exceeds left control steering curvature,5,0,-1,0.62169264865425811,0.43790851217798982,1.5,1.0496748037735875,0.75699154445247319,0.67483134926120103,0.12516865073879901,nan,nan,-0.15834979495573354,3.5658664886101743,16.434133511389824,0,0.17812359592355789,-0.12030222805221132,0.049062289828218038,0,48112c48050a8d3d,,nan,nan
DVE036,1,7.917489747786677,253,REFINE,RELAXED,RIGHT,-0.19458925552305367,-0.20999999999999999,0.51458109301505117,0.60498681916591468,0.12839783034247379,0.21136489783489054,0.21438666459828681,0.21740843136168309,1.7350212770577069,27,1,0,shifted race line exceeds left control steering curvature,5,0,-1,0.62169264865425811,0.43790851217798982,1.5,1.0496748037735875,0.75699154445247319,0.67483134926120103,0.12516865073879901,nan,nan,-0.15834979495573354,3.5658664886101743,16.434133511389824,0,0.17812359592355789,-0.12030222805221132,0.049062289828218038,0,48112c48050a8d3d,,nan,nan
DVE036,1,7.917489747786721,53,REFINE,STRICT,RIGHT,-0.19458925552305367,-0.20999999999999999,1.310934367577036,0.60498681916591468,-2.7755575615628914e-17,0.21136489783489054,0.21438666459828681,0.21740843136168309,1.7350212770577069,27,1,0,shifted race line exceeds left control steering curvature,5,0,-1,0.62169264865425811,0.43790851217798893,1.5,1.0506687828239756,0.75856293024340693,0.6708469579953662,0.12915304200463384,nan,nan,-0.15834979495573442,3.5658664886100606,16.434133511389938,0,0.19554923049406664,-0.12030222805221198,0.04909910386712131,0,9ee22fb6dff33b64,,nan,nan
DVE036,1,7.917489747786721,113,REFINE,RELAXED,RIGHT,-0.19458925552305367,-0.20999999999999999,1.310934367577036,0.60498681916591468,-2.7755575615628914e-17,0.21136489783489054,0.21438666459828681,0.21740843136168309,1.7350212770577069,27,1,0,shifted race line exceeds left control steering curvature,5,0,-1,0.62169264865425811,0.43790851217798893,1.5,1.0506687828239756,0.75856293024340693,0.6708469579953662,0.12915304200463384,nan,nan,-0.15834979495573442,3.5658664886100606,16.434133511389938,0,0.19554923049406664,-0.12030222805221198,0.04909910386712131,0,9ee22fb6dff33b64,,nan,nan
DVE036,1,34.97653780551315,7473,COARSE,STRICT,RIGHT,-0.19458925552305367,-0.19999999999999923,1.310934367577036,0.60498681916591468,-2.7755575615628914e-17,0.21136489783489054,0.21438666459828681,0.21740843136168309,1.7350212770577069,27,1,0,shifted race line exceeds left control steering curvature,5,0,-1,0.67249999999999999,0.5077218439691713,1.5,1.0503200042118173,0.74514165636544627,0.65256324619231842,0.14743675380768162,nan,nan,-0.69953075611026305,3.2642622071037377,16.735737792896263,0,0.21655552562672201,-0.53145069480284535,0.03025468548536913,0,71243cc224e537c7,,nan,nan
DVE036,1,34.97653780551315,20145,COARSE,RELAXED,RIGHT,-0.19458925552305367,-0.19999999999999923,1.310934367577036,0.60498681916591468,-2.7755575615628914e-17,0.21136489783489054,0.21438666459828681,0.21740843136168309,1.7350212770577069,27,1,0,shifted race line exceeds left control steering curvature,5,0,-1,0.67249999999999999,0.5077218439691713,1.5,1.0503200042118173,0.74514165636544627,0.65256324619231842,0.14743675380768162,nan,nan,-0.69953075611026305,3.2642622071037377,16.735737792896263,0,0.21655552562672201,-0.53145069480284535,0.03025468548536913,0,71243cc224e537c7,,nan,nan
DVE036,1,34.976537805513665,54,REFINE,STRICT,RIGHT,-0.19458925552305367,-0.19999999999999998,1.310934367577036,0.60498681916591468,-2.7755575615628914e-17,0.21136489783489054,0.21438666459828681,0.21740843136168309,1.7350212770577069,27,1,0,shifted race line exceeds left control steering curvature,5,0,-1,0.67249999999999999,0.5077218439691713,1.5,1.0503200042118173,0.74514165636544627,0.65256324619231976,0.14743675380768029,nan,nan,-0.69953075611027327,3.2642622071037226,16.735737792896277,0,0.21655552562673872,-0.53145069480285301,0.030254685485370567,0,0d1b669928fd87a3,,nan,nan
DVE036,1,34.976537805513665,114,REFINE,RELAXED,RIGHT,-0.19458925552305367,-0.19999999999999998,1.310934367577036,0.60498681916591468,-2.7755575615628914e-17,0.21136489783489054,0.21438666459828681,0.21740843136168309,1.7350212770577069,27,1,0,shifted race line exceeds left control steering curvature,5,0,-1,0.67249999999999999,0.5077218439691713,1.5,1.0503200042118173,0.74514165636544627,0.65256324619231976,0.14743675380768029,nan,nan,-0.69953075611027327,3.2642622071037226,16.735737792896277,0,0.21655552562673872,-0.53145069480285301,0.030254685485370567,0,0d1b669928fd87a3,,nan,nan
DVE036,1,34.976537805520366,7089,COARSE,STRICT,RIGHT,-0.19458925552305373,-0.19999999999999923,1.310934367577036,0.60498681916591468,-2.7755575615628914e-17,0.21136489783489054,0.21438666459828681,0.21740843136168309,1.7350212770577069,27,1,0,shifted race line exceeds left control steering curvature,5,0,-1,0.67249999999999999,0.50772184396916775,1.5,1.0503200042118173,0.74514165636544949,0.65256324619231842,0.14743675380768162,nan,nan,-0.69953075611040738,3.2642622071043199,16.73573779289568,0,0.21655552562672417,-0.53145069480295493,0.03025468548536896,0,6760dd1bb52c7d50,,nan,nan
DVE036,1,34.976537805520366,19761,COARSE,RELAXED,RIGHT,-0.19458925552305373,-0.19999999999999923,1.310934367577036,0.60498681916591468,-2.7755575615628914e-17,0.21136489783489054,0.21438666459828681,0.21740843136168309,1.7350212770577069,27,1,0,shifted race line exceeds left control steering curvature,5,0,-1,0.67249999999999999,0.50772184396916775,1.5,1.0503200042118173,0.74514165636544949,0.65256324619231842,0.14743675380768162,nan,nan,-0.69953075611040738,3.2642622071043199,16.73573779289568,0,0.21655552562672417,-0.53145069480295493,0.03025468548536896,0,6760dd1bb52c7d50,,nan,nan
DVE037,1,0.0003814450663441882,89,REFINE,STRICT,LEFT,0.64000000000000012,0.57798320784001034,0.71366941165554731,0.49716841625749453,0.41221102994721925,0.90476027514189283,1.1203023238815053,1.3358443726211178,4.407614272952908,38,1,0,shifted race line exceeds left control steering curvature,5,0,-1,0.34246137605089388,0.18185294629731508,0.3236602416062917,0.44446989290108085,0.28255653763974709,0.36568816672102161,0.43431183327897843,nan,nan,-7.6289013268837635e-06,3.2520454449958582,16.747954555004142,0,0.25192068647082055,-5.7958636919684699e-06,0.18659287952111225,0,25635439460c4c19,,nan,nan
DVE037,1,0.0003814450663441882,845,REFINE,RELAXED,LEFT,0.64000000000000012,0.57798320784001034,0.71366941165554731,0.49716841625749453,0.41221102994721925,0.90476027514189283,1.1203023238815053,1.3358443726211178,4.407614272952908,38,1,0,shifted race line exceeds left control steering curvature,5,0,-1,0.34246137605089388,0.18185294629731508,0.3236602416062917,0.44446989290108085,0.28255653763974709,0.36568816672102161,0.43431183327897843,nan,nan,-7.6289013268837635e-06,3.2520454449958582,16.747954555004142,0,0.25192068647082055,-5.7958636919684699e-06,0.18659287952111225,0,25635439460c4c19,,nan,nan
DVE037,1,0.02181853532600142,585,REFINE,STRICT,LEFT,0.68000000000000005,0.79000000000000103,0.51458109301505117,0.49716841625749453,0.54961470659629241,0.90476027514189283,1.1203023238815053,1.3358443726211178,4.407614272952908,38,1,0,shifted race line exceeds right control steering curvature,5,4,-1,0.18268290307753987,0.042705451741201328,0.53539211194073166,0.44446989290108085,0.24951895618719167,0.46267998022620588,0.33732001977379417,nan,nan,-0.00043637070652002841,6.9864836884287875,13.013516311571212,0,0.25903029737476874,-0.00038141770654689792,0.18953954656223093,0,7c6cb10b2dc984d3,,nan,nan
DVE037,1,0.02181853532600142,1341,REFINE,RELAXED,LEFT,0.68000000000000005,0.79000000000000103,0.51458109301505117,0.49716841625749453,0.54961470659629241,0.90476027514189283,1.1203023238815053,1.3358443726211178,4.407614272952908,38,1,0,shifted race line exceeds right control steering curvature,5,4,-1,0.18268290307753987,0.042705451741201328,0.53539211194073166,0.44446989290108085,0.24951895618719167,0.46267998022620588,0.33732001977379417,nan,nan,-0.00043637070652002841,6.9864836884287875,13.013516311571212,0,0.25903029737476874,-0.00038141770654689792,0.18953954656223093,0,7c6cb10b2dc984d3,,nan,nan
DVE037,1,0.021818535327522426,584,REFINE,STRICT,LEFT,0.68000000000000005,0.79000000000000004,0.51458109301505117,0.49716841625749453,0.54961470659629241,0.90476027514189283,1.1203023238815053,1.3358443726211178,4.407614272952908,38,1,0,shifted race line exceeds right control steering curvature,5,4,-1,0.18268290307754076,0.042705451741203548,0.53539211194073077,0.44446989290108085,0.24951895618733289,0.46267998022620238,0.33732001977379766,nan,nan,-0.00043637070655044852,6.9864836884288257,13.013516311571173,0,0.25903029737476513,-0.00038141770657348716,0.18953954656223099,0,5c192af578b8f128,,nan,nan
DVE037,1,0.021818535327522426,1340,REFINE,RELAXED,LEFT,0.68000000000000005,0.79000000000000004,0.51458109301505117,0.49716841625749453,0.54961470659629241,0.90476027514189283,1.1203023238815053,1.3358443726211178,4.407614272952908,38,1,0,shifted race line exceeds right control steering curvature,5,4,-1,0.18268290307754076,0.042705451741203548,0.53539211194073077,0.44446989290108085,0.24951895618733289,0.46267998022620238,0.33732001977379766,nan,nan,-0.00043637070655044852,6.9864836884288257,13.013516311571173,0,0.25903029737476513,-0.00038141770657348716,0.18953954656223099,0,5c192af578b8f128,,nan,nan
DVE037,1,0.1350014128814192,39,REFINE,STRICT,LEFT,0.59000000000000008,0.57798320784001034,0.71366941165554731,0.49716841625749453,0.41221102994721925,0.90476027514189283,1.1203023238815053,1.3358443726211178,4.407614272952908,38,1,0,shifted race line exceeds right control steering curvature,5,0,-1,0.38772040036949473,0.22596409532862793,0.32357488694812142,0.44446989290108085,0.22596409532862793,0.34461109596037831,0.45538890403962173,nan,nan,-0.0027000282576283841,2.8721435171383947,17.127856482861606,0,0.23963981099500273,-0.0023600085208496185,0.18027533791395881,0,77630f0d2fbf75df,,nan,nan
DVE037,1,0.1350014128814192,795,REFINE,RELAXED,LEFT,0.59000000000000008,0.57798320784001034,0.71366941165554731,0.49716841625749453,0.41221102994721925,0.90476027514189283,1.1203023238815053,1.3358443726211178,4.407614272952908,38,1,0,shifted race line exceeds right control steering curvature,5,0,-1,0.38772040036949473,0.22596409532862793,0.32357488694812142,0.44446989290108085,0.22596409532862793,0.34461109596037831,0.45538890403962173,nan,nan,-0.0027000282576283841,2.8721435171383947,17.127856482861606,0,0.23963981099500273,-0.0023600085208496185,0.18027533791395881,0,77630f0d2fbf75df,,nan,nan
DVE037,1,0.1962764089428859,112,REFINE,STRICT,LEFT,0.58000000000000007,0.53000000000000003,0.51458109301505117,0.49716841625749453,0.54961470659629241,0.90476027514189283,1.1203023238815053,1.3358443726211178,4.407614272952908,38,1,0,shifted race line exceeds left control steering curvature,5,4,-1,0.37154851700050973,0.22018593481278059,0.27565045084595019,0.44446989290108085,0.22018593481278059,0.33243408488152848,0.46756591511847156,nan,nan,-0.0039255281788577179,3.9492251943974828,16.050774805602519,0,0.25883338367097447,-0.0029823201623364257,0.17495335975608931,0,326d4d06ece79d1f,,nan,nan
DVE037,1,0.1962764089428859,868,REFINE,RELAXED,LEFT,0.58000000000000007,0.53000000000000003,0.51458109301505117,0.49716841625749453,0.54961470659629241,0.90476027514189283,1.1203023238815053,1.3358443726211178,4.407614272952908,38,1,0,shifted race line exceeds left control steering curvature,5,4,-1,0.37154851700050973,0.22018593481278059,0.27565045084595019,0.44446989290108085,0.22018593481278059,0.33243408488152848,0.46756591511847156,nan,nan,-0.0039255281788577179,3.9492251943974828,16.050774805602519,0,0.25883338367097447,-0.0029823201623364257,0.17495335975608931,0,326d4d06ece79d1f,,nan,nan
DVE038,1,0.010446936105867888,929,REFINE,STRICT,RIGHT,-0.60999999999999999,-0.58999999999999919,0.51458109301505117,0.49716841625749453,0.32436889098984067,0.53396694727640437,0.63228121142019589,0.73059547556398741,1.9777452498796508,28,1,0,quintic d-offset exceeds maximum_lateral_slope,5,5,-1,0.20468117615544038,0.034127836673833047,0.12521838423921183,0.20468117615544038,0.050418568911250551,0.8002089387221174,-0.00020893872211735776,nan,nan,0.28533614709301558,3.6296927027414383,16.370307297258563,0,0.23027564401660475,0.036454117436960254,0.12371776583704672,0,c516f74ef81ec4fc,,nan,nan
DVE038,1,0.010446936105867888,992,REFINE,STRICT,RIGHT,-0.60999999999999999,-0.58999999999999919,0.71366941165554731,0.49716841625749453,0.24327666824238053,0.53396694727640437,0.63228121142019589,0.73059547556398741,1.9777452498796508,28,1,0,quintic d-offset exceeds maximum_lateral_slope,5,5,-1,0.20468117615544038,0.039061157322281249,0.12603068360178415,0.20468117615544038,0.043194512845536139,0.8002089387221174,-0.00020893872211735776,nan,nan,0.28533614709301558,3.6172412541624972,16.382758745837503,0,0.23024592247450645,0.036454117436960254,0.12358039354899107,0,7270d9483d24493d,,nan,nan
DVE038,1,0.01044693610587899,805,REFINE,STRICT,RIGHT,-0.60999999999999999,-0.58999999999999997,0.51458109301505117,0.49716841625749453,0.32436889098984067,0.53396694727640437,0.63228121142019589,0.73059547556398741,1.9777452498796508,28,1,0,quintic d-offset exceeds maximum_lateral_slope,5,5,-1,0.20468117615544038,0.034127836673833047,0.12521838423921217,0.20468117615544038,0.050418568911259322,0.80020893872211762,-0.0002089387221175798,nan,nan,0.2853361470930007,3.6296927027414334,16.370307297258567,0,0.23027564401660511,0.036454117436960254,0.12371776583704673,0,474140b545095f68,,nan,nan
DVE038,1,0.01044693610587899,868,REFINE,STRICT,RIGHT,-0.60999999999999999,-0.58999999999999997,0.71366941165554731,0.49716841625749453,0.24327666824238053,0.53396694727640437,0.63228121142019589,0.73059547556398741,1.9777452498796508,28,1,0,quintic d-offset exceeds maximum_lateral_slope,5,5,-1,0.20468117615544038,0.039061157322281471,0.12603068360178449,0.20468117615544038,0.043194512845533585,0.80020893872211762,-0.0002089387221175798,nan,nan,0.2853361470930007,3.617241254162479,16.382758745837521,0,0.23024592247450673,0.036454117436960254,0.12358039354899111,0,8e2f94f206cb80e2,,nan,nan
DVE038,1,0.01222195476120111,422,REFINE,STRICT,RIGHT,-0.58999999999999997,-0.83999999999999941,0.71366941165554731,0.49716841625749453,0.24327666824238053,0.53396694727640437,0.63228121142019589,0.73059547556398741,1.9777452498796508,28,1,0,footprint_track_bound,3,2,-1,0.20468117615544038,-0.00012221954761201109,0.18995797779953971,0.20468117615544038,0.012500133182904917,0.74390851346074083,0.056091486539259217,nan,nan,0.31140625440841474,3.2704984071182168,16.729501592881782,0,0.2281507371190219,0.036454117436960254,0.1221641401028277,0,8048e2d1674c3023,right,0.22301384026189536,0.058212847773634363
DVE038,1,0.012221954761223314,1039,REFINE,STRICT,RIGHT,-0.58999999999999997,-0.83999999999999997,0.71366941165554731,0.49716841625749453,0.24327666824238053,0.53396694727640437,0.63228121142019589,0.73059547556398741,1.9777452498796508,28,1,0,footprint_track_bound,3,2,-1,0.20468117615544038,-0.00012221954761223314,0.18995797779953993,0.20468117615544038,0.012500133182902141,0.74390851346073927,0.056091486539260771,nan,nan,0.31140625440843472,3.2704984071181276,16.729501592881874,0,0.22815073711902165,0.036454117436960254,0.12216414010282775,0,4893bbe71b947fc2,right,0.2230138402618953,0.058212847773634363
DVE038,1,0.021063696262010184,1402,REFINE,STRICT,RIGHT,-0.51999999999999991,-0.60999999999999999,0.51458109301505117,0.49716841625749453,0.32436889098984067,0.53396694727640437,0.63228121142019589,0.73059547556398741,1.9777452498796508,28,1,0,footprint_track_bound,3,1,-1,0.20468117615544038,-0.00021063696262010184,0.073225213213984008,0.20468117615544038,0.034602206347710197,0.60866403299999716,0.19133596700000288,nan,nan,0.0051029512061651072,2.2712097357074108,17.728790264292588,0,0.21374787566354064,0.0038768373518576096,0.1077683934085483,0,4307aa933e647282,right,0.20925163292726517,0.05489181311806049
DVE038,1,0.02106369626203239,1403,REFINE,STRICT,RIGHT,-0.51999999999999991,-0.60999999999999921,0.51458109301505117,0.49716841625749453,0.32436889098984067,0.53396694727640437,0.63228121142019589,0.73059547556398741,1.9777452498796508,28,1,0,footprint_track_bound,3,1,-1,0.20468117615544038,-0.00021063696262032389,0.073225213213983786,0.20468117615544038,0.0346022063477072,0.60866403299999716,0.19133596700000288,nan,nan,0.0051029512057583215,2.271209735707401,17.728790264292599,0,0.21374787566354075,0.0038768373515485647,0.1077683934085483,0,b78c91e70cd6e0f0,right,0.2092516329272664,0.054891813118060712
DVE038,1,0.02381758517678509,1125,REFINE,STRICT,RIGHT,-0.54999999999999993,-0.83000000000000007,0.51458109301505117,0.49716841625749453,0.32436889098984067,0.53396694727640437,0.63228121142019589,0.73059547556398741,1.9777452498796508,28,1,0,footprint_track_bound,3,0,-1,0.20468117615544038,-0.00023817585176785089,0.15988338842684902,0.20468117615544038,-0.00023817585176785089,0.7308071056954939,0.069192894304506147,nan,nan,0.031155416875455311,3.4811875048771879,16.518812495122813,0,0.22632465376825014,0.023669535328798525,0.11936646334452408,0,0565bc542fabb670,right,-0.20936509174685874,0.054919352007208128
DVE038,1,0.02607196230428252,1649,REFINE,STRICT,RIGHT,-0.54999999999999993,-0.48999999999999999,0.51458109301505117,0.49716841625749453,0.32436889098984067,0.53396694727640437,0.63228121142019589,0.73059547556398741,1.9777452498796508,28,1,0,footprint_track_bound,3,1,-1,0.20468117615544038,-0.0002607196230428252,0.047394015760862773,0.20468117615544038,0.049348881134873714,0.72869269644005552,0.071307303559944524,nan,nan,0.33311894858111712,3.7800405243744488,16.219959475625551,0,0.22333637335892337,0.031596010507241847,0.1141127955163425,0,6c3be705060b3533,right,0.20945797902626839,0.054941895778483102
DVE039,1,0.010929484241369719,20491,COARSE,STRICT,LEFT,0.65000000000000013,0.65000000000000091,1.310934367577036,0.57940258908706455,-8.8817841970012523e-16,5.6668703902901676,5.7227711200737001,5.7786718498572327,9.3585280417078422,57,1,0,footprint_track_bound,3,3,-1,0.1700000901504948,-0.00010929484241369719,0.36106306637558361,0.44688640760183113,0.1677261924031164,0.54727433291970018,0.25272566708029987,nan,nan,0.88132293240516135,0.59501662513682574,19.404983374863175,0,0.22852296769705993,0.013333393433663207,0.31950422478272245,0,aaefd5ef1a81cc87,right,0.092680487634194342,0
DVE039,1,0.010929484241369719,20492,COARSE,STRICT,LEFT,0.65000000000000013,0.65000000000000091,1.310934367577036,0.60498681916591468,-8.8817841970012523e-16,5.6668703902901676,5.7227711200737001,5.7786718498572327,9.5166009709396793,58,1,0,footprint_track_bound,3,3,-1,0.1700000901504948,-0.00010929484241369719,0.36106306637558361,0.44688640760183113,0.1677261924031164,0.54727433291970018,0.25272566708029987,nan,nan,0.88132293240516135,0.59501662513682574,19.404983374863175,0,0.22286193116334577,0.013333393433663207,0.31740899251645555,0,d983e86edeacbaa7,right,0.092680487634194342,0
DVE039,1,0.010929484241369719,20493,COARSE,STRICT,LEFT,0.65000000000000013,0.65000000000000091,1.310934367577036,3.1286619468037347,-8.8817841970012523e-16,5.6668703902901676,5.7227711200737001,5.7786718498572327,25.109203078791268,120,1,0,footprint_track_bound,3,3,-1,0.1700000901504948,-0.00010929484241369719,0.36106306637558361,0.44688640760183113,0.1677261924031164,0.54727433291970018,0.25272566708029987,nan,nan,0.53089599864757075,0.800107324501793,19.199892675498209,0,0.13387374022523846,0.013333393433663207,0.31618978677325965,0,d54b2eee9ba1c48f,right,0.092680487634194342,0
DVE039,1,0.010929484241369719,20494,COARSE,STRICT,LEFT,0.65000000000000013,0.65000000000000091,1.310934367577036,5.7601554773499748,-8.8817841970012523e-16,5.6668703902901676,5.7227711200737001,5.7786718498572327,41.367964407393508,185,1,0,footprint_track_bound,3,3,-1,0.1700000901504948,-0.00010929484241369719,0.36106306637558361,0.44688640760183113,0.1677261924031164,0.54727433291970018,0.25272566708029987,nan,nan,0.51563067270497998,0.84077528537188317,19.159224714628117,0,0.10990239000311991,0.013333393433663207,0.3153162471998609,0,138850f8f51a2967,right,0.092680487634194342,0
DVE039,1,0.010929484241369719,20495,COARSE,STRICT,LEFT,0.65000000000000013,0.65000000000000091,1.310934367577036,7.3975462023963852,-8.8817841970012523e-16,5.6668703902901676,5.7227711200737001,5.7786718498572327,51.484631878231042,185,1,0,footprint_track_bound,3,3,-1,0.1700000901504948,-0.00010929484241369719,0.36106306637558361,0.44688640760183113,0.1677261924031164,0.54727433291970018,0.25272566708029987,nan,nan,0.43855265305068714,0.85456619316533555,19.145433806834664,0,0.11747475704182454,0.013333393433663207,0.38371056495264749,0,6f8d6356e2c960af,right,0.092680487634194342,0
DVE039,1,0.010929484241369719,46159,COARSE,RELAXED,LEFT,0.65000000000000013,0.65000000000000091,1.310934367577036,0.57940258908706455,-8.8817841970012523e-16,5.6668703902901676,5.7227711200737001,5.7786718498572327,9.3585280417078422,57,1,0,footprint_track_bound,3,3,-1,0.1700000901504948,-0.00010929484241369719,0.36106306637558361,0.44688640760183113,0.1677261924031164,0.54727433291970018,0.25272566708029987,nan,nan,0.88132293240516135,0.59501662513682574,19.404983374863175,0,0.22852296769705993,0.013333393433663207,0.31950422478272245,0,aaefd5ef1a81cc87,right,0.092680487634194342,0
DVE039,1,0.010929484241369719,46160,COARSE,RELAXED,LEFT,0.65000000000000013,0.65000000000000091,1.310934367577036,0.60498681916591468,-8.8817841970012523e-16,5.6668703902901676,5.7227711200737001,5.7786718498572327,9.5166009709396793,58,1,0,footprint_track_bound,3,3,-1,0.1700000901504948,-0.00010929484241369719,0.36106306637558361,0.44688640760183113,0.1677261924031164,0.54727433291970018,0.25272566708029987,nan,nan,0.88132293240516135,0.59501662513682574,19.404983374863175,0,0.22286193116334577,0.013333393433663207,0.31740899251645555,0,d983e86edeacbaa7,right,0.092680487634194342,0
DVE039,1,0.010929484241369719,46161,COARSE,RELAXED,LEFT,0.65000000000000013,0.65000000000000091,1.310934367577036,3.1286619468037347,-8.8817841970012523e-16,5.6668703902901676,5.7227711200737001,5.7786718498572327,25.109203078791268,120,1,0,footprint_track_bound,3,3,-1,0.1700000901504948,-0.00010929484241369719,0.36106306637558361,0.44688640760183113,0.1677261924031164,0.54727433291970018,0.25272566708029987,nan,nan,0.53089599864757075,0.800107324501793,19.199892675498209,0,0.13387374022523846,0.013333393433663207,0.31618978677325965,0,d54b2eee9ba1c48f,right,0.092680487634194342,0
DVE039,1,0.010929484241369719,46162,COARSE,RELAXED,LEFT,0.65000000000000013,0.65000000000000091,1.310934367577036,5.7601554773499748,-8.8817841970012523e-16,5.6668703902901676,5.7227711200737001,5.7786718498572327,41.367964407393508,185,1,0,footprint_track_bound,3,3,-1,0.1700000901504948,-0.00010929484241369719,0.36106306637558361,0.44688640760183113,0.1677261924031164,0.54727433291970018,0.25272566708029987,nan,nan,0.51563067270497998,0.84077528537188317,19.159224714628117,0,0.10990239000311991,0.013333393433663207,0.3153162471998609,0,138850f8f51a2967,right,0.092680487634194342,0
DVE039,1,0.010929484241369719,46163,COARSE,RELAXED,LEFT,0.65000000000000013,0.65000000000000091,1.310934367577036,7.3975462023963852,-8.8817841970012523e-16,5.6668703902901676,5.7227711200737001,5.7786718498572327,51.484631878231042,185,1,0,footprint_track_bound,3,3,-1,0.1700000901504948,-0.00010929484241369719,0.36106306637558361,0.44688640760183113,0.1677261924031164,0.54727433291970018,0.25272566708029987,nan,nan,0.43855265305068714,0.85456619316533555,19.145433806834664,0,0.11747475704182454,0.013333393433663207,0.38371056495264749,0,6f8d6356e2c960af,right,0.092680487634194342,0
DVE040,2,32.619359335622796,12,REFINE,STRICT,LEFT,0.23000000000000001,0.23000000000000001,0.51458109301505117,0.59192071276605973,0,0.82216338496373143,0.82542239127110295,0.82868139757847459,4.4858811902459408,38,1,0,shifted race line exceeds left control steering curvature,5,0,-1,0.27000723963040463,0.025447713148892416,0.001585637594798045,0.27000723963040463,0.035400466965991785,1.3651999617069588,-0.56519996170695874,nan,nan,-0.65238718671245599,9.5253004758764792,10.474699524123521,0,0.15403015951609828,-0.4956345673586911,0.067125252354413106,0,3215ba0853fcb1db,,nan,nan
DVE040,2,32.619359335622796,72,REFINE,STRICT,LEFT,0.23000000000000001,0.23000000000000001,1.310934367577036,0.59192071276605973,0,0.82216338496373143,0.82542239127110295,0.82868139757847459,4.4858811902459408,38,1,0,shifted race line exceeds left control steering curvature,5,0,-1,0.27000723963040463,0.025447713148892416,0.001585637594798045,0.27000723963040463,0.035400466965991785,1.3651999617069588,-0.56519996170695874,nan,nan,-0.65238718671245599,9.5253004758764792,10.474699524123521,0,0.15403015951609828,-0.4956345673586911,0.067125252354413106,0,3215ba0853fcb1db,,nan,nan
DVE040,2,32.619359335622796,132,REFINE,RELAXED,LEFT,0.23000000000000001,0.23000000000000001,0.51458109301505117,0.59192071276605973,0,0.82216338496373143,0.82542239127110295,0.82868139757847459,4.4858811902459408,38,1,0,shifted race line exceeds left control steering curvature,5,0,-1,0.27000723963040463,0.025447713148892416,0.001585637594798045,0.27000723963040463,0.035400466965991785,1.3651999617069588,-0.56519996170695874,nan,nan,-0.65238718671245599,9.5253004758764792,10.474699524123521,0,0.15403015951609828,-0.4956345673586911,0.067125252354413106,0,3215ba0853fcb1db,,nan,nan
DVE040,2,32.619359335622796,192,REFINE,RELAXED,LEFT,0.23000000000000001,0.23000000000000001,1.310934367577036,0.59192071276605973,0,0.82216338496373143,0.82542239127110295,0.82868139757847459,4.4858811902459408,38,1,0,shifted race line exceeds left control steering curvature,5,0,-1,0.27000723963040463,0.025447713148892416,0.001585637594798045,0.27000723963040463,0.035400466965991785,1.3651999617069588,-0.56519996170695874,nan,nan,-0.65238718671245599,9.5253004758764792,10.474699524123521,0,0.15403015951609828,-0.4956345673586911,0.067125252354413106,0,3215ba0853fcb1db,,nan,nan
DVE040,3,24.775233319833468,13,REFINE,STRICT,LEFT,0.23000000000000001,0.24000000000000002,0.51458109301505117,0.59192071276605973,0,0.82216338496373143,0.82542239127110295,0.82868139757847459,4.4858811902459408,38,1,0,shifted race line exceeds left control steering curvature,5,0,-1,0.2700013457155726,0.030484937725976526,-0.025954730925568742,0.2700013457155726,0.042665916578985809,1.218502722116654,-0.41850272211665396,nan,nan,-0.49550466639666935,7.7404201054339072,12.259579894566093,0,0.19953791278140645,-0.37644706388442739,0.12846697534061283,0,a58e44ce678247fb,,nan,nan
DVE040,3,24.775233319833468,73,REFINE,STRICT,LEFT,0.23000000000000001,0.24000000000000002,1.310934367577036,0.59192071276605973,0,0.82216338496373143,0.82542239127110295,0.82868139757847459,4.4858811902459408,38,1,0,shifted race line exceeds left control steering curvature,5,0,-1,0.2700013457155726,0.030484937725976526,-0.025954730925568742,0.2700013457155726,0.042665916578985809,1.218502722116654,-0.41850272211665396,nan,nan,-0.49550466639666935,7.7404201054339072,12.259579894566093,0,0.19953791278140645,-0.37644706388442739,0.12846697534061283,0,a58e44ce678247fb,,nan,nan
DVE040,3,24.775233319833468,133,REFINE,RELAXED,LEFT,0.23000000000000001,0.24000000000000002,0.51458109301505117,0.59192071276605973,0,0.82216338496373143,0.82542239127110295,0.82868139757847459,4.4858811902459408,38,1,0,shifted race line exceeds left control steering curvature,5,0,-1,0.2700013457155726,0.030484937725976526,-0.025954730925568742,0.2700013457155726,0.042665916578985809,1.218502722116654,-0.41850272211665396,nan,nan,-0.49550466639666935,7.7404201054339072,12.259579894566093,0,0.19953791278140645,-0.37644706388442739,0.12846697534061283,0,a58e44ce678247fb,,nan,nan
DVE040,3,24.775233319833468,193,REFINE,RELAXED,LEFT,0.23000000000000001,0.24000000000000002,1.310934367577036,0.59192071276605973,0,0.82216338496373143,0.82542239127110295,0.82868139757847459,4.4858811902459408,38,1,0,shifted race line exceeds left control steering curvature,5,0,-1,0.2700013457155726,0.030484937725976526,-0.025954730925568742,0.2700013457155726,0.042665916578985809,1.218502722116654,-0.41850272211665396,nan,nan,-0.49550466639666935,7.7404201054339072,12.259579894566093,0,0.19953791278140645,-0.37644706388442739,0.12846697534061283,0,a58e44ce678247fb,,nan,nan
DVE040,3,25.064101455247688,4,REFINE,STRICT,LEFT,0.22615690256869361,0.25,0.51458109301505117,0.59192071276605973,0,0.81735951317459843,0.82302045537653656,0.82868139757847459,4.4858811902459408,38,1,0,shifted race line exceeds left control steering curvature,5,0,-1,0.27004069241756956,0.040124376605522406,-0.025092676588176238,0.27004069241756956,0.065006819682346478,1.2781155921850273,-0.4781155921850273,nan,nan,-0.50128202910495379,7.3387695868242204,12.66123041317578,0,0.20993267121472944,-0.38083626821694117,0.15506412772851938,0,eeb0184b0a9e0289,,nan,nan
DVE040,3,25.064101455247688,64,REFINE,STRICT,LEFT,0.22615690256869361,0.25,1.310934367577036,0.59192071276605973,0,0.81735951317459843,0.82302045537653656,0.82868139757847459,4.4858811902459408,38,1,0,shifted race line exceeds left control steering curvature,5,0,-1,0.27004069241756956,0.040124376605522406,-0.025092676588176238,0.27004069241756956,0.065006819682346478,1.2781155921850273,-0.4781155921850273,nan,nan,-0.50128202910495379,7.3387695868242204,12.66123041317578,0,0.20993267121472944,-0.38083626821694117,0.15506412772851938,0,eeb0184b0a9e0289,,nan,nan
