event_id,generator_stage,template,side,generation_order,path_digest,mapping_source,source_cell,analytic_branch_regime,returned_by_policy,discarded_side,d_target,s_probe,d_probe,d_mid,root_index,root_type,probe_location_rule,probe_anchor_rule,entry_scale,exit_scale,z0,z1,z2,z3,z4,validator_executed,hard_valid,first_failure_reason,waypoint0,margins,rank_tuple
DVE001,M1,ZERO_BOUNDARY_SHORT,RIGHT,2000,3992767028971c83,M1_BRANCH_COMPLETE_ACTIVE_SET_CLOSURE,ZERO_INTERFACE,ZERO_RIGHT__ZERO_BOTH__ZERO_LEFT,True,False,-0.47180573094231487,,,-0.47180573094231487,0,ZERO_INTERFACE,NONE,NONE,0.5145810930150512,0.4971684162574945,0.32220054202223214,0.5303974721786826,0.6382406675174845,0.7460838628562865,1.99323363717195,True,False,shifted race line exceeds left control steering curvature,"{""center_track_margin_m"":0.2034207060273621,""d_m"":-0.669079293972638,""footprint_invalid"":false,""footprint_track_margin_m"":0.0454345981403779,""s_m"":15.800617314285502,""x_m"":2.0096304248623085,""y_m"":-0.572583017366643,""yaw_rad"":-0.1268301504566746}","{""center_track_m"":0.2034207060273621,""curvature_rate_margin_radpm2"":14.802735546856884,""footprint_track_m"":-0.026623178152742476,""lateral_slope_margin"":0.018376142762639103,""obstacle_m"":0.005175943704137598,""peak_curvature_rate_radpm2"":5.197264453143117,""peak_lateral_slope"":0.7816238572373609,""peak_negative_curvature_radpm"":-0.7424312837968425,""peak_positive_curvature_radpm"":1.6044015678718295,""signed_curvature_margin_radpm"":-0.2881350487928185}","{""braking_deficit_m"":0,""braking_feasible"":true,""exit_reaches_next_obstacle"":false,""generation_index"":2000,""global_path_deviation_m"":0.10827139777883177,""minimum_normalized_safety_slack"":-0.21890327271594356,""velocity_loss"":0.23538173334288684}"
DVE001,M1,ZERO_BOUNDARY_SPAN,RIGHT,2001,930e7ae55e2725f8,M1_BRANCH_COMPLETE_ACTIVE_SET_CLOSURE,ZERO_INTERFACE,ZERO_RIGHT__ZERO_BOTH__ZERO_LEFT,True,False,-0.47180573094231487,,,-0.47180573094231487,0,ZERO_INTERFACE,NONE,NONE,0.7136694116555473,0.4971684162574945,0.2416504065166742,0.5303974721786826,0.6382406675174845,0.7460838628562865,1.99323363717195,True,False,footprint_track_bound,"{""center_track_margin_m"":0.2034207060273621,""d_m"":-0.669079293972638,""footprint_invalid"":false,""footprint_track_margin_m"":0.039558494513163324,""s_m"":15.800617314285502,""x_m"":2.0096304248623085,""y_m"":-0.572583017366643,""yaw_rad"":0.046832566467223835}","{""center_track_m"":0.2034207060273621,""curvature_rate_margin_radpm2"":16.896772252086052,""footprint_track_m"":-0.0007958974964134766,""lateral_slope_margin"":0.12768875745798314,""obstacle_m"":0.004666866686782956,""peak_curvature_rate_radpm2"":3.103227747913947,""peak_lateral_slope"":0.6723112425420169,""peak_negative_curvature_radpm"":-0.7424312837968425,""peak_positive_curvature_radpm"":0.929160464859147,""signed_curvature_margin_radpm"":0.387106054219864}","{""braking_deficit_m"":0,""braking_feasible"":true,""exit_reaches_next_obstacle"":false,""generation_index"":2001,""global_path_deviation_m"":0.10725571424453151,""minimum_normalized_safety_slack"":0.0031112444578553036,""velocity_loss"":0.21986750960997353}"
DVE002,M1,ZERO_BOUNDARY_SHORT,LEFT,2000,f7ab77466e61b0b5,M1_BRANCH_COMPLETE_ACTIVE_SET_CLOSURE,ZERO_INTERFACE,ZERO_RIGHT__ZERO_BOTH__ZERO_LEFT,True,False,0.4264238880500108,,,0.4264238880500108,0,ZERO_INTERFACE,NONE,NONE,0.5145810930150512,0.4971684162574945,0,0.3382451980971943,0.4548620879354881,0.571478977773782,3.643248878105572,True,False,shifted race line exceeds right control steering curvature,"{""center_track_margin_m"":0.9787251478148903,""d_m"":0.15627485218510975,""footprint_invalid"":false,""footprint_track_margin_m"":0.6776932229046283,""s_m"":1.002905005637111,""x_m"":-10.51681962985966,""y_m"":4.365457762765012,""yaw_rad"":-0.5068576316801183}","{""center_track_m"":0.6033659263113875,""curvature_rate_margin_radpm2"":14.076745108663077,""footprint_track_m"":0.4662344962030447,""lateral_slope_margin"":-0.19795351632081226,""obstacle_m"":0.43303816358964314,""peak_curvature_rate_radpm2"":5.9232548913369225,""peak_lateral_slope"":0.9979535163208123,""peak_negative_curvature_radpm"":-1.918637015125662,""peak_positive_curvature_radpm"":0.4914041935420699,""signed_curvature_margin_radpm"":-0.774561375662989}","{""braking_deficit_m"":0,""braking_feasible"":true,""exit_reaches_next_obstacle"":false,""generation_index"":2000,""global_path_deviation_m"":0.09687011484552649,""minimum_normalized_safety_slack"":-0.6770193761198952,""velocity_loss"":0.22582944267860405}"
DVE002,M1,ZERO_BOUNDARY_SPAN,LEFT,2001,f7ab77466e61b0b5,M1_BRANCH_COMPLETE_ACTIVE_SET_CLOSURE,ZERO_INTERFACE,ZERO_RIGHT__ZERO_BOTH__ZERO_LEFT,True,False,0.4264238880500108,,,0.4264238880500108,0,ZERO_INTERFACE,NONE,NONE,0.7136694116555473,0.4971684162574945,0,0.3382451980971943,0.4548620879354881,0.571478977773782,3.643248878105572,True,False,shifted race line exceeds right control steering curvature,"{""center_track_margin_m"":0.9787251478148903,""d_m"":0.15627485218510975,""footprint_invalid"":false,""footprint_track_margin_m"":0.6776932229046283,""s_m"":1.002905005637111,""x_m"":-10.51681962985966,""y_m"":4.365457762765012,""yaw_rad"":-0.5068576316801183}","{""center_track_m"":0.6033659263113875,""curvature_rate_margin_radpm2"":14.076745108663077,""footprint_track_m"":0.4662344962030447,""lateral_slope_margin"":-0.19795351632081226,""obstacle_m"":0.43303816358964314,""peak_curvature_rate_radpm2"":5.9232548913369225,""peak_lateral_slope"":0.9979535163208123,""peak_negative_curvature_radpm"":-1.918637015125662,""peak_positive_curvature_radpm"":0.4914041935420699,""signed_curvature_margin_radpm"":-0.774561375662989}","{""braking_deficit_m"":0,""braking_feasible"":true,""exit_reaches_next_obstacle"":false,""generation_index"":2001,""global_path_deviation_m"":0.09687011484552649,""minimum_normalized_safety_slack"":-0.6770193761198952,""velocity_loss"":0.22582944267860405}"
DVE003,M1,ZERO_BOUNDARY_SHORT,RIGHT,2000,240344d54dcb8ac8,M1_BRANCH_COMPLETE_ACTIVE_SET_CLOSURE,ZERO_INTERFACE,ZERO_RIGHT__ZERO_BOTH__ZERO_LEFT,True,False,-0.5686534977284028,,,-0.5686534977284028,0,ZERO_INTERFACE,NONE,NONE,0.5145810930150512,0.4971684162574945,0.6669671810479914,1.0979426186985952,1.1372486544721303,1.1765546902456654,2.423704464561329,True,False,shifted race line exceeds left control steering curvature,"{""center_track_margin_m"":0.5300810511954717,""d_m"":-0.9799189488045283,""footprint_invalid"":false,""footprint_track_margin_m"":0.21923407300058953,""s_m"":4.512932799601731,""x_m"":-9.561879911366145,""y_m"":0.7034231149052802,""yaw_rad"":-0.8618155047709902}","{""center_track_m"":0.3092358198051664,""curvature_rate_margin_radpm2"":14.311620342969032,""footprint_track_m"":0.09460722751962261,""lateral_slope_margin"":-0.4895481767038372,""obstacle_m"":-0.3772551084958017,""peak_curvature_rate_radpm2"":5.688379657030968,""peak_lateral_slope"":1.2895481767038373,""peak_negative_curvature_radpm"":-0.8622157616634218,""peak_positive_curvature_radpm"":2.0069791534705503,""signed_curvature_margin_radpm"":-0.6907126343915393}","{""braking_deficit_m"":0,""braking_feasible"":true,""exit_reaches_next_obstacle"":false,""generation_index"":2000,""global_path_deviation_m"":0.1776647121466592,""minimum_normalized_safety_slack"":-0.5247513511737953,""velocity_loss"":0.5774777152617202}"
DVE003,M1,ZERO_BOUNDARY_SPAN,RIGHT,2001,262da8cf2c314d0b,M1_BRANCH_COMPLETE_ACTIVE_SET_CLOSURE,ZERO_INTERFACE,ZERO_RIGHT__ZERO_BOTH__ZERO_LEFT,True,False,-0.5686534977284028,,,-0.5686534977284028,0,ZERO_INTERFACE,NONE,NONE,0.7136694116555473,0.4971684162574945,0.5002253857859935,1.0979426186985952,1.1372486544721303,1.1765546902456654,2.423704464561329,True,False,shifted race line exceeds left control steering curvature,"{""center_track_margin_m"":0.5300810511954717,""d_m"":-0.9799189488045283,""footprint_invalid"":false,""footprint_track_margin_m"":0.21975911563863784,""s_m"":4.512932799601731,""x_m"":-9.561879911366145,""y_m"":0.7034231149052802,""yaw_rad"":-0.8571313869289353}","{""center_track_m"":0.39959345001390206,""curvature_rate_margin_radpm2"":13.86710186794918,""footprint_track_m"":0.16084595768352997,""lateral_slope_margin"":-0.3014639131402197,""obstacle_m"":-0.3772551084958017,""peak_curvature_rate_radpm2"":6.132898132050819,""peak_lateral_slope"":1.1014639131402197,""peak_negative_curvature_radpm"":-0.8622157616634466,""peak_positive_curvature_radpm"":2.1726324961928567,""signed_curvature_margin_radpm"":-0.8563659771138457}","{""braking_deficit_m"":0,""braking_feasible"":true,""exit_reaches_next_obstacle"":false,""generation_index"":2001,""global_path_deviation_m"":0.17305964112576108,""minimum_normalized_safety_slack"":-0.6506022638280302,""velocity_loss"":0.5629463201448615}"
DVE003,M1,FAR_SPAN,RIGHT,2002,6bff5041635ac0ba,M1_BRANCH_COMPLETE_ACTIVE_SET_CLOSURE,ALL_INACTIVE,SIGN_CHANGE__SIGN_CHANGE__SIGN_CHANGE,True,False,-0.9850000000000001,1.1372486544721303,-0.7735224115445856,-0.7735224115445876,0,ALL_INACTIVE,CORRIDOR_BOTTLENECK,CORRIDOR_CENTER,0.7136694116555473,0.4971684162574945,0.5002253857859935,1.0979426186985952,1.1372486544721303,1.1765546902456654,2.423704464561329,True,False,footprint_track_bound,"{""center_track_margin_m"":0.5300810511954717,""d_m"":-0.9799189488045283,""footprint_invalid"":false,""footprint_track_margin_m"":0.251860183150785,""s_m"":4.512932799601731,""x_m"":-9.561879911366145,""y_m"":0.7034231149052802,""yaw_rad"":-0.6388284275336042}","{""center_track_m"":0.15697168383469065,""curvature_rate_margin_radpm2"":15.68458817209865,""footprint_track_m"":-0.03533663659027538,""lateral_slope_margin"":-0.6322648324743585,""obstacle_m"":-0.3772551084958017,""peak_curvature_rate_radpm2"":4.31541182790135,""peak_lateral_slope"":1.4322648324743585,""peak_negative_curvature_radpm"":-0.990273350546062,""peak_positive_curvature_radpm"":1.4112375377662594,""signed_curvature_margin_radpm"":-0.09497101868724833}","{""braking_deficit_m"":0,""braking_feasible"":true,""exit_reaches_next_obstacle"":false,""generation_index"":2002,""global_path_deviation_m"":0.20595980362478178,""minimum_normalized_safety_slack"":-0.2515034056638678,""velocity_loss"":0.5740378403156441}"
DVE004,M1,NEAR_LONG,LEFT,2000,dfc8153567f8a4aa,M1_BRANCH_COMPLETE_ACTIVE_SET_CLOSURE,ACTIVE_OUTER,SAME_SIGN_POSITIVE__SIGN_CHANGE__SAME_SIGN_NEGATIVE,True,False,0.15,0.06536223987305068,0.5593118252810302,0.6150186810751646,0,ACTIVE_OUTER,CORRIDOR_BOTTLENECK,CORRIDOR_CENTER,1.310934367577036,6.677829896219816,0,0.03919180232155539,0.07399243129798982,0.10879306027442426,41.36796440739351,True,False,path entry is discontinuous from the current ego d,"{""center_track_margin_m"":0.5631881747189694,""d_m"":0.5593118252810306,""footprint_invalid"":false,""footprint_track_margin_m"":0.28596725519987953,""s_m"":1.2534855866645962,""x_m"":-10.166512223032779,""y_m"":4.0917179014552065,""yaw_rad"":-1.1199607912332603}","{""center_track_m"":-18.171189736186847,""curvature_rate_margin_radpm2"":-18.823267082737324,""footprint_track_m"":-18.330007269972732,""lateral_slope_margin"":-1.005018589736817,""obstacle_m"":0.4131881747189705,""peak_curvature_rate_radpm2"":38.823267082737324,""peak_lateral_slope"":1.805018589736817,""peak_negative_curvature_radpm"":-8.73278017072959,""peak_positive_curvature_radpm"":3.267072375207208,""signed_curvature_margin_radpm"":-7.5887045312669175}","{""braking_deficit_m"":0,""braking_feasible"":true,""exit_reaches_next_obstacle"":false,""generation_index"":2000,""global_path_deviation_m"":8.222090530240184,""minimum_normalized_safety_slack"":-12.21412649079123,""velocity_loss"":0.26343418859024154}"
DVE005,M0_V1,FROZEN_V1_CURVATURE_CONTINUITY,RIGHT,0,71545edd99b1a3f2,FROZEN_V1,ACTIVE_OUTER,SAME_SIGN_NEGATIVE__SIGN_CHANGE__SAME_SIGN_POSITIVE,False,True,-0.39115057871499376,0.13914538781190555,-0.4711505787149938,-0.4711505787149931,0,ACTIVE_OUTER,CURVATURE_CORRIDOR_CRITICAL,CONTINUITY_BIASED_SAFE_ANCHOR,0.5145810930150512,0.6049868191659147,0.07745643778359465,0.12750660984781725,0.13914538781190555,0.15078416577599385,1.6683970114720177,True,False,shifted race line exceeds left control steering curvature,"{""center_track_margin_m"":0.5685232320522386,""d_m"":-0.29147676794776134,""footprint_invalid"":false,""footprint_track_margin_m"":0.26232497643755487,""s_m"":1.002905005637111,""x_m"":-10.943586193122892,""y_m"":4.5009266293436525,""yaw_rad"":-2.334742485828497}","{""center_track_m"":0.26805752730428684,""curvature_rate_margin_radpm2"":15.99713584801925,""footprint_track_m"":0.0663046803519072,""lateral_slope_margin"":-0.07998152709348061,""obstacle_m"":1.5,""peak_curvature_rate_radpm2"":4.00286415198075,""peak_lateral_slope"":0.8799815270934807,""peak_negative_curvature_radpm"":-0.5364694403256185,""peak_positive_curvature_radpm"":1.4049580662324146,""signed_curvature_margin_radpm"":-0.08869154715340355}","{""braking_deficit_m"":0,""braking_feasible"":true,""exit_reaches_next_obstacle"":false,""generation_index"":0,""global_path_deviation_m"":0.08258283002204402,""minimum_normalized_safety_slack"":-0.06738114649870518,""velocity_loss"":0.18567265461977184}"
DVE005,M0_V1,FROZEN_V1_CURVATURE_CONTINUITY,RIGHT,1,74595933dc8c1d67,FROZEN_V1,ACTIVE_OUTER,SAME_SIGN_NEGATIVE__SIGN_CHANGE__SAME_SIGN_POSITIVE,False,True,-0.39115057871499376,0.13914538781190555,-0.4711505787149938,-0.4711505787149931,0,ACTIVE_OUTER,CURVATURE_CORRIDOR_CRITICAL,CONTINUITY_BIASED_SAFE_ANCHOR,0.5145810930150512,3.94735730932694,0.07745643778359465,0.12750660984781725,0.13914538781190555,0.15078416577599385,10.052752224263191,True,False,footprint_track_bound,"{""center_track_margin_m"":0.5685232320522386,""d_m"":-0.29147676794776134,""footprint_invalid"":false,""footprint_track_margin_m"":0.2739665413723364,""s_m"":1.002905005637111,""x_m"":-10.943586193122892,""y_m"":4.5009266293436525,""yaw_rad"":-2.2292061853920973}","{""center_track_m"":-1.4919598090839665,""curvature_rate_margin_radpm2"":18.569524739183784,""footprint_track_m"":-1.677679453141335,""lateral_slope_margin"":-0.07677667243621877,""obstacle_m"":1.5,""peak_curvature_rate_radpm2"":1.4304752608162148,""peak_lateral_slope"":0.8767766724362188,""peak_negative_curvature_radpm"":-0.2680931994975687,""peak_positive_curvature_radpm"":0.9010666382512246,""signed_curvature_margin_radpm"":0.41519988082778647}","{""braking_deficit_m"":0,""braking_feasible"":true,""exit_reaches_next_obstacle"":false,""generation_index"":1,""global_path_deviation_m"":0.8489104305114984,""minimum_normalized_safety_slack"":-1.0946398727226443,""velocity_loss"":0.18283980099803313}"
DVE005,M0_V1,FROZEN_V1_CURVATURE_CONTINUITY,RIGHT,2,890cb213db42e5ea,FROZEN_V1,ACTIVE_OUTER,SAME_SIGN_NEGATIVE__SIGN_CHANGE__SAME_SIGN_POSITIVE,False,True,-0.39115057871499376,0.13914538781190555,-0.4711505787149938,-0.4711505787149931,0,ACTIVE_OUTER,CURVATURE_CORRIDOR_CRITICAL,CONTINUITY_BIASED_SAFE_ANCHOR,0.5145810930150512,7.397546202396385,0.07745643778359465,0.12750660984781725,0.13914538781190555,0.15078416577599385,18.707570508434724,True,False,footprint_track_bound,"{""center_track_margin_m"":0.5685232320522386,""d_m"":-0.29147676794776134,""footprint_invalid"":false,""footprint_track_margin_m"":0.26805351064967337,""s_m"":1.002905005637111,""x_m"":-10.943586193122892,""y_m"":4.5009266293436525,""yaw_rad"":-2.2789357160547796}","{""center_track_m"":-3.5848786936414623,""curvature_rate_margin_radpm2"":17.904336472599063,""footprint_track_m"":-3.7448428538207885,""lateral_slope_margin"":-0.10204491266642957,""obstacle_m"":1.5,""peak_curvature_rate_radpm2"":2.095663527400937,""peak_lateral_slope"":0.9020449126664296,""peak_negative_curvature_radpm"":-0.2504264727444373,""peak_positive_curvature_radpm"":1.198706319007904,""signed_curvature_margin_radpm"":0.11756020007110712}","{""braking_deficit_m"":0,""braking_feasible"":true,""exit_reaches_next_obstacle"":false,""generation_index"":2,""global_path_deviation_m"":1.7741854464228837,""minimum_normalized_safety_slack"":-2.489919129094308,""velocity_loss"":0.12144518414357058}"
DVE005,M0_V1,FROZEN_V1_CURVATURE_CONTINUITY,RIGHT,3,f2db85d9b4a77f41,FROZEN_V1,ACTIVE_OUTER,SAME_SIGN_NEGATIVE__SIGN_CHANGE__SAME_SIGN_POSITIVE,False,True,-0.39115057871499376,0.13914538781190555,-0.4711505787149938,-0.4711505787149939,0,ACTIVE_OUTER,CURVATURE_CORRIDOR_CRITICAL,CONTINUITY_BIASED_SAFE_ANCHOR,1.310934367577036,0.6049868191659147,-2.7755575615628914e-17,0.12750660984781725,0.13914538781190555,0.15078416577599385,1.6683970114720177,True,False,shifted race line exceeds left control steering curvature,"{""center_track_margin_m"":0.5550377690354957,""d_m"":-0.3049622309645043,""footprint_invalid"":false,""footprint_track_margin_m"":0.25550409751986375,""s_m"":1.002905005637111,""x_m"":-10.956439624460472,""y_m"":4.50500670478732,""yaw_rad"":-2.2736445550511464}","{""center_track_m"":0.2680575273042843,""curvature_rate_margin_radpm2"":15.997135848019509,""footprint_track_m"":0.06630468035190232,""lateral_slope_margin"":-0.07998152709348394,""obstacle_m"":1.5,""peak_curvature_rate_radpm2"":4.002864151980491,""peak_lateral_slope"":0.879981527093484,""peak_negative_curvature_radpm"":-0.5364694403255542,""peak_positive_curvature_radpm"":1.4049580662323962,""signed_curvature_margin_radpm"":-0.08869154715338512}","{""braking_deficit_m"":0,""braking_feasible"":true,""exit_reaches_next_obstacle"":false,""generation_index"":3,""global_path_deviation_m"":0.08308229161525718,""minimum_normalized_safety_slack"":-0.06738114649869117,""velocity_loss"":0.18567265461977087}"
DVE005,M0_V1,FROZEN_V1_CURVATURE_CONTINUITY,RIGHT,4,8f9eacce6713ea60,FROZEN_V1,ACTIVE_OUTER,SAME_SIGN_NEGATIVE__SIGN_CHANGE__SAME_SIGN_POSITIVE,False,True,-0.39115057871499376,0.13914538781190555,-0.4711505787149938,-0.4711505787149939,0,ACTIVE_OUTER,CURVATURE_CORRIDOR_CRITICAL,CONTINUITY_BIASED_SAFE_ANCHOR,1.310934367577036,3.94735730932694,-2.7755575615628914e-17,0.12750660984781725,0.13914538781190555,0.15078416577599385,10.052752224263191,True,False,footprint_track_bound,"{""center_track_margin_m"":0.5550377690354957,""d_m"":-0.3049622309645043,""footprint_invalid"":false,""footprint_track_margin_m"":0.2687339287614388,""s_m"":1.002905005637111,""x_m"":-10.956439624460472,""y_m"":4.50500670478732,""yaw_rad"":-2.170709069700073}","{""center_track_m"":-1.491959809083986,""curvature_rate_margin_radpm2"":18.811056978375884,""footprint_track_m"":-1.677679453141353,""lateral_slope_margin"":-0.07677667243622666,""obstacle_m"":1.5,""peak_curvature_rate_radpm2"":1.188943021624115,""peak_lateral_slope"":0.8767766724362267,""peak_negative_curvature_radpm"":-0.2680931994976731,""peak_positive_curvature_radpm"":0.778403579169629,""signed_curvature_margin_radpm"":0.537862939909382}","{""braking_deficit_m"":0,""braking_feasible"":true,""exit_reaches_next_obstacle"":false,""generation_index"":4,""global_path_deviation_m"":0.8491351882284568,""minimum_normalized_safety_slack"":-1.0946398727226574,""velocity_loss"":0.18283980099804945}"
DVE005,M0_V1,FROZEN_V1_CURVATURE_CONTINUITY,RIGHT,5,16977ed85e08b080,FROZEN_V1,ACTIVE_OUTER,SAME_SIGN_NEGATIVE__SIGN_CHANGE__SAME_SIGN_POSITIVE,False,True,-0.39115057871499376,0.13914538781190555,-0.4711505787149938,-0.4711505787149939,0,ACTIVE_OUTER,CURVATURE_CORRIDOR_CRITICAL,CONTINUITY_BIASED_SAFE_ANCHOR,1.310934367577036,7.397546202396385,-2.7755575615628914e-17,0.12750660984781725,0.13914538781190555,0.15078416577599385,18.707570508434724,True,False,footprint_track_bound,"{""center_track_margin_m"":0.5550377690354957,""d_m"":-0.3049622309645043,""footprint_invalid"":false,""footprint_track_margin_m"":0.2619864523412054,""s_m"":1.002905005637111,""x_m"":-10.956439624460472,""y_m"":4.50500670478732,""yaw_rad"":-2.2201122397819915}","{""center_track_m"":-3.5848786936415085,""curvature_rate_margin_radpm2"":18.184608318469056,""footprint_track_m"":-3.744842853820839,""lateral_slope_margin"":-0.10204491266643934,""obstacle_m"":1.5,""peak_curvature_rate_radpm2"":1.8153916815309437,""peak_lateral_slope"":0.9020449126664394,""peak_negative_curvature_radpm"":-0.25042647274444085,""peak_positive_curvature_radpm"":1.0982812299262656,""signed_curvature_margin_radpm"":0.2179852891527454}","{""braking_deficit_m"":0,""braking_feasible"":true,""exit_reaches_next_obstacle"":false,""generation_index"":5,""global_path_deviation_m"":1.7743273986651742,""minimum_normalized_safety_slack"":-2.4899191290943388,""velocity_loss"":0.12700588647743272}"
DVE005,M1,NEAR_LONG,RIGHT,2000,8f40bf90dd7a2b0a,M1_BRANCH_COMPLETE_ACTIVE_SET_CLOSURE,ACTIVE_OUTER,SAME_SIGN_NEGATIVE__SIGN_CHANGE__SAME_SIGN_POSITIVE,True,False,-0.39115057871499376,0.13914538781190555,-0.5505752893574969,-0.5505752893574976,0,ACTIVE_OUTER,CORRIDOR_BOTTLENECK,CORRIDOR_CENTER,1.310934367577036,7.397546202396385,-2.7755575615628914e-17,0.12750660984781725,0.13914538781190555,0.15078416577599385,18.707570508434724,True,False,footprint_track_bound,"{""center_track_margin_m"":0.5475193279362429,""d_m"":-0.31248067206375707,""footprint_invalid"":false,""footprint_track_margin_m"":0.26857875732379083,""s_m"":1.002905005637111,""x_m"":-10.963605694050736,""y_m"":4.507281436241897,""yaw_rad"":-2.123159984964304}","{""center_track_m"":-7.951463528458588,""curvature_rate_margin_radpm2"":17.958319467248725,""footprint_track_m"":-8.118847537802527,""lateral_slope_margin"":-1.0251626615993132,""obstacle_m"":1.5,""peak_curvature_rate_radpm2"":2.041680532751274,""peak_lateral_slope"":1.8251626615993133,""peak_negative_curvature_radpm"":-0.5324236537416598,""peak_positive_curvature_radpm"":0.5657474331252189,""signed_curvature_margin_radpm"":0.6116519857210132}","{""braking_deficit_m"":0,""braking_feasible"":true,""exit_reaches_next_obstacle"":false,""generation_index"":2000,""global_path_deviation_m"":3.416975543843445,""minimum_normalized_safety_slack"":-5.400975685639058,""velocity_loss"":0.18240447255184833}"
DVE006,M1,ZERO_BOUNDARY_SHORT,LEFT,2000,b3221b2f1700bd8c,M1_BRANCH_COMPLETE_ACTIVE_SET_CLOSURE,ZERO_INTERFACE,ZERO_RIGHT__ZERO_BOTH__ZERO_LEFT,True,False,0.16265625,,,0.16265625,0,ZERO_INTERFACE,NONE,NONE,0.5145810930150512,0.4971684162574945,0.1983649410483191,0.32654278804298875,0.4619440537517596,0.5973453194605305,3.669115219792321,True,False,shifted race line exceeds left control steering curvature,"{""center_track_margin_m"":0.8889099919825721,""d_m"":0.2335900080174279,""footprint_invalid"":false,""footprint_track_margin_m"":0.6636905398367448,""s_m"":1.2534855866645962,""x_m"":-10.489172489434035,""y_m"":4.136271854449026,""yaw_rad"":-2.150535320555547}","{""center_track_m"":0.6973252821231318,""curvature_rate_margin_radpm2"":16.30294004939838,""footprint_track_m"":0.5349655797219015,""lateral_slope_margin"":0.5169169617790316,""obstacle_m"":-0.14362962413783606,""peak_curvature_rate_radpm2"":3.69705995060162,""peak_lateral_slope"":0.2830830382209685,""peak_negative_curvature_radpm"":-0.02658160426578451,""peak_positive_curvature_radpm"":1.9660460349275046,""signed_curvature_margin_radpm"":-0.6497795158484936}","{""braking_deficit_m"":0,""braking_feasible"":true,""exit_reaches_next_obstacle"":true,""generation_index"":2000,""global_path_deviation_m"":0.03976706560556105,""minimum_normalized_safety_slack"":-0.4936534557630038,""velocity_loss"":0.41523655410785787}"
DVE006,M1,ZERO_BOUNDARY_SPAN,LEFT,2001,1d6689c29d273240,M1_BRANCH_COMPLETE_ACTIVE_SET_CLOSURE,ZERO_INTERFACE,ZERO_RIGHT__ZERO_BOTH__ZERO_LEFT,True,False,0.16265625,,,0.16265625,0,ZERO_INTERFACE,NONE,NONE,0.7136694116555473,0.4971684162574945,0.14877370578623933,0.32654278804298875,0.4619440537517596,0.5973453194605305,3.669115219792321,True,False,shifted race line exceeds left control steering curvature,"{""center_track_margin_m"":0.914916049070884,""d_m"":0.20758395092911605,""footprint_invalid"":false,""footprint_track_margin_m"":0.7291026678295783,""s_m"":1.2534855866645962,""x_m"":-10.514934108286141,""y_m"":4.139829100490452,""yaw_rad"":-1.9928658868152245}","{""center_track_m"":0.6973252821231318,""curvature_rate_margin_radpm2"":17.503672257945105,""footprint_track_m"":0.5349655797219015,""lateral_slope_margin"":0.6207005527862213,""obstacle_m"":-0.14362962413783606,""peak_curvature_rate_radpm2"":2.496327742054893,""peak_lateral_slope"":0.17929944721377875,""peak_negative_curvature_radpm"":-0.02658160426578451,""peak_positive_curvature_radpm"":1.6538222971447951,""signed_curvature_margin_radpm"":-0.3375557780657841}","{""braking_deficit_m"":0,""braking_feasible"":true,""exit_reaches_next_obstacle"":true,""generation_index"":2001,""global_path_deviation_m"":0.03900218157355188,""minimum_normalized_safety_slack"":-0.25644941444075564,""velocity_loss"":0.4085883231728255}"
DVE007,M1,NEAR_LONG,RIGHT,2000,983f5edef18d8082,M1_BRANCH_COMPLETE_ACTIVE_SET_CLOSURE,ACTIVE_OUTER,SAME_SIGN_NEGATIVE__SIGN_CHANGE__SAME_SIGN_POSITIVE,True,False,-0.2275967546695623,0.18666178201720474,-0.5437983773347812,-0.5437983773347813,0,ACTIVE_OUTER,CORRIDOR_BOTTLENECK,CORRIDOR_CENTER,1.310934367577036,7.397546202396385,2.7755575615628914e-17,0.17928945394084939,0.18666178201720474,0.19403411009356009,18.75082045275229,True,False,shifted race line exceeds right control steering curvature,"{""center_track_margin_m"":0.6021000397809094,""d_m"":-0.4078999602190906,""footprint_invalid"":false,""footprint_track_margin_m"":0.4134844974325849,""s_m"":0.7522810900665021,""x_m"":-10.931863121527268,""y_m"":4.8314151625585895,""yaw_rad"":-1.5517315502059221}","{""center_track_m"":-26.58943560792765,""curvature_rate_margin_radpm2"":16.033136757640726,""footprint_track_m"":-26.78580481695369,""lateral_slope_margin"":-4.990159890415903,""obstacle_m"":8.165315265457899,""peak_curvature_rate_radpm2"":3.9668632423592753,""peak_lateral_slope"":5.790159890415903,""peak_negative_curvature_radpm"":-1.660005041651217,""peak_positive_curvature_radpm"":1.3459408730203453,""signed_curvature_margin_radpm"":-0.5159294021885441}","{""braking_deficit_m"":0,""braking_feasible"":true,""exit_reaches_next_obstacle"":false,""generation_index"":2000,""global_path_deviation_m"":10.3980580884327,""minimum_normalized_safety_slack"":-17.826290405285103,""velocity_loss"":0.26273533957681766}"
DVE008,M1,ZERO_BOUNDARY_SHORT,LEFT,2000,9dd4839da31b1ab3,M1_BRANCH_COMPLETE_ACTIVE_SET_CLOSURE,ZERO_INTERFACE,ZERO_RIGHT__ZERO_BOTH__ZERO_LEFT,True,False,0.31962128156507347,,,0.31962128156507347,0,ZERO_INTERFACE,NONE,NONE,0.5145810930150512,0.4971684162574945,0,0.6270421314240474,0.6865289701080532,0.746015808792059,3.817785709123849,True,False,d-offset intersects an inflated static-obstacle box,"{""center_track_margin_m"":0.6842398204805256,""d_m"":-0.17576017951947445,""footprint_invalid"":false,""footprint_track_margin_m"":0.3747139378913935,""s_m"":17.05486345056723,""x_m"":3.3061569878939396,""y_m"":-0.20445805160654232,""yaw_rad"":0.7542853047865345}","{""center_track_m"":0.5225,""curvature_rate_margin_radpm2"":16.517889425023103,""footprint_track_m"":0.3563723533699998,""lateral_slope_margin"":-0.1832433264629525,""obstacle_m"":-0.48799449729986655,""peak_curvature_rate_radpm2"":3.4821105749768972,""peak_lateral_slope"":0.9832433264629525,""peak_negative_curvature_radpm"":-1.4139299555331049,""peak_positive_curvature_radpm"":0.5372635134549297,""signed_curvature_margin_radpm"":-0.26985431607043187}","{""braking_deficit_m"":0,""braking_feasible"":true,""exit_reaches_next_obstacle"":false,""generation_index"":2000,""global_path_deviation_m"":0.07176731363632954,""minimum_normalized_safety_slack"":-0.3253296648665777,""velocity_loss"":0.2579417929525737}"
DVE008,M1,ZERO_BOUNDARY_SPAN,LEFT,2001,9dd4839da31b1ab3,M1_BRANCH_COMPLETE_ACTIVE_SET_CLOSURE,ZERO_INTERFACE,ZERO_RIGHT__ZERO_BOTH__ZERO_LEFT,True,False,0.31962128156507347,,,0.31962128156507347,0,ZERO_INTERFACE,NONE,NONE,0.7136694116555473,0.4971684162574945,0,0.6270421314240474,0.6865289701080532,0.746015808792059,3.817785709123849,True,False,d-offset intersects an inflated static-obstacle box,"{""center_track_margin_m"":0.6842398204805256,""d_m"":-0.17576017951947445,""footprint_invalid"":false,""footprint_track_margin_m"":0.3747139378913935,""s_m"":17.05486345056723,""x_m"":3.3061569878939396,""y_m"":-0.20445805160654232,""yaw_rad"":0.7542853047865345}","{""center_track_m"":0.5225,""curvature_rate_margin_radpm2"":16.517889425023103,""footprint_track_m"":0.3563723533699998,""lateral_slope_margin"":-0.1832433264629525,""obstacle_m"":-0.48799449729986655,""peak_curvature_rate_radpm2"":3.4821105749768972,""peak_lateral_slope"":0.9832433264629525,""peak_negative_curvature_radpm"":-1.4139299555331049,""peak_positive_curvature_radpm"":0.5372635134549297,""signed_curvature_margin_radpm"":-0.26985431607043187}","{""braking_deficit_m"":0,""braking_feasible"":true,""exit_reaches_next_obstacle"":false,""generation_index"":2001,""global_path_deviation_m"":0.07176731363632954,""minimum_normalized_safety_slack"":-0.3253296648665777,""velocity_loss"":0.2579417929525737}"
DVE009,M1,ZERO_BOUNDARY_SHORT,LEFT,2000,50d265baff4df6de,M1_BRANCH_COMPLETE_ACTIVE_SET_CLOSURE,ZERO_INTERFACE,ZERO_RIGHT__ZERO_BOTH__ZERO_LEFT,True,False,0.4766927812819206,,,0.4766927812819206,0,ZERO_INTERFACE,NONE,NONE,0.5145810930150512,0.4971684162574945,0,0.4250352344014749,0.43504260621519786,0.44504997802892077,3.516819878360711,True,False,d-offset intersects an inflated static-obstacle box,"{""center_track_margin_m"":0.9966840426479384,""d_m"":0.13668404264793851,""footprint_invalid"":false,""footprint_track_margin_m"":0.6801434924825243,""s_m"":1.002905005637111,""x_m"":-10.53549226460131,""y_m"":4.371385032804976,""yaw_rad"":-0.8133992782308136}","{""center_track_m"":0.5791289266942603,""curvature_rate_margin_radpm2"":17.22495533874783,""footprint_track_m"":0.40081040140871316,""lateral_slope_margin"":-0.0995027183114282,""obstacle_m"":-0.10674086899103408,""peak_curvature_rate_radpm2"":2.775044661252171,""peak_lateral_slope"":0.8995027183114283,""peak_negative_curvature_radpm"":-0.9440767088179375,""peak_positive_curvature_radpm"":0.5245353918157112,""signed_curvature_margin_radpm"":0.1999989306447355}","{""braking_deficit_m"":0,""braking_feasible"":true,""exit_reaches_next_obstacle"":true,""generation_index"":2000,""global_path_deviation_m"":0.10113838328783087,""minimum_normalized_safety_slack"":-0.07116057932735605,""velocity_loss"":0.4246926805339093}"
DVE009,M1,ZERO_BOUNDARY_SPAN,LEFT,2001,50d265baff4df6de,M1_BRANCH_COMPLETE_ACTIVE_SET_CLOSURE,ZERO_INTERFACE,ZERO_RIGHT__ZERO_BOTH__ZERO_LEFT,True,False,0.4766927812819206,,,0.4766927812819206,0,ZERO_INTERFACE,NONE,NONE,0.7136694116555473,0.4971684162574945,0,0.4250352344014749,0.43504260621519786,0.44504997802892077,3.516819878360711,True,False,d-offset intersects an inflated static-obstacle box,"{""center_track_margin_m"":0.9966840426479384,""d_m"":0.13668404264793851,""footprint_invalid"":false,""footprint_track_margin_m"":0.6801434924825243,""s_m"":1.002905005637111,""x_m"":-10.53549226460131,""y_m"":4.371385032804976,""yaw_rad"":-0.8133992782308136}","{""center_track_m"":0.5791289266942603,""curvature_rate_margin_radpm2"":17.22495533874783,""footprint_track_m"":0.40081040140871316,""lateral_slope_margin"":-0.0995027183114282,""obstacle_m"":-0.10674086899103408,""peak_curvature_rate_radpm2"":2.775044661252171,""peak_lateral_slope"":0.8995027183114283,""peak_negative_curvature_radpm"":-0.9440767088179375,""peak_positive_curvature_radpm"":0.5245353918157112,""signed_curvature_margin_radpm"":0.1999989306447355}","{""braking_deficit_m"":0,""braking_feasible"":true,""exit_reaches_next_obstacle"":true,""generation_index"":2001,""global_path_deviation_m"":0.10113838328783087,""minimum_normalized_safety_slack"":-0.07116057932735605,""velocity_loss"":0.4246926805339093}"
DVE009,M1,NEAR_LONG,LEFT,2002,0ababf6221d95636,M1_BRANCH_COMPLETE_ACTIVE_SET_CLOSURE,ACTIVE_OUTER,SAME_SIGN_POSITIVE__SIGN_CHANGE__SAME_SIGN_NEGATIVE,True,False,0.4688228254292527,0.25851840947660154,0.7206614127146265,0.9263965727232732,0,ACTIVE_OUTER,CORRIDOR_BOTTLENECK,CORRIDOR_CENTER,1.310934367577036,6.623406445023952,0,0.41519778958563996,0.4301238838072804,0.44504997802892077,41.36796440739351,True,False,shifted race line exceeds left control steering curvature,"{""center_track_margin_m"":0.9967583027117635,""d_m"":0.13675830271176342,""footprint_invalid"":false,""footprint_track_margin_m"":0.6741749189039705,""s_m"":1.002905005637111,""x_m"":-10.535421484930614,""y_m"":4.371362565154997,""yaw_rad"":-0.6931206364996032}","{""center_track_m"":-42.62047784732348,""curvature_rate_margin_radpm2"":-25.49021678226901,""footprint_track_m"":-42.789548542986616,""lateral_slope_margin"":-3.3380371359375083,""obstacle_m"":0.2518385872853729,""peak_curvature_rate_radpm2"":45.49021678226901,""peak_lateral_slope"":4.138037135937508,""peak_negative_curvature_radpm"":-11.38187807262849,""peak_positive_curvature_radpm"":4.876245764270317,""signed_curvature_margin_radpm"":-10.237802433165818}","{""braking_deficit_m"":0,""braking_feasible"":true,""exit_reaches_next_obstacle"":false,""generation_index"":2002,""global_path_deviation_m"":18.607840281382185,""minimum_normalized_safety_slack"":-28.513651898215652,""velocity_loss"":0.21566012175544405}"
DVE010,M1,ZERO_BOUNDARY_SHORT,LEFT,2000,19dcb55dadf9576f,M1_BRANCH_COMPLETE_ACTIVE_SET_CLOSURE,ZERO_INTERFACE,ZERO_RIGHT__ZERO_BOTH__ZERO_LEFT,True,False,0.4902397244933747,,,0.4902397244933747,0,ZERO_INTERFACE,NONE,NONE,0.5145810930150512,0.4971684162574945,0,0.35285948603882966,0.4879426423955295,0.6230257987522293,3.6947956990840196,True,False,shifted race line exceeds right control steering curvature,"{""center_track_margin_m"":0.926543835900302,""d_m"":0.20845616409969808,""footprint_invalid"":false,""footprint_track_margin_m"":0.6288422615778055,""s_m"":1.002905005637111,""x_m"":-10.467083932318806,""y_m"":4.349670118759263,""yaw_rad"":-0.4756244093079726}","{""center_track_m"":0.5381867886549844,""curvature_rate_margin_radpm2"":14.291378578428969,""footprint_track_m"":0.3989893550207576,""lateral_slope_margin"":-0.21027167888373954,""obstacle_m"":-0.1173129800600292,""peak_curvature_rate_radpm2"":5.7086214215710305,""peak_lateral_slope"":1.0102716788837396,""peak_negative_curvature_radpm"":-1.9403261942906649,""peak_positive_curvature_radpm"":0.5185300838236321,""signed_curvature_margin_radpm"":-0.7962505548279919}","{""braking_deficit_m"":0,""braking_feasible"":true,""exit_reaches_next_obstacle"":true,""generation_index"":2000,""global_path_deviation_m"":0.11485117307525124,""minimum_normalized_safety_slack"":-0.695977195355684,""velocity_loss"":0.42997642246925133}"
DVE010,M1,ZERO_BOUNDARY_SPAN,LEFT,2001,19dcb55dadf9576f,M1_BRANCH_COMPLETE_ACTIVE_SET_CLOSURE,ZERO_INTERFACE,ZERO_RIGHT__ZERO_BOTH__ZERO_LEFT,True,False,0.4902397244933747,,,0.4902397244933747,0,ZERO_INTERFACE,NONE,NONE,0.7136694116555473,0.4971684162574945,0,0.35285948603882966,0.4879426423955295,0.6230257987522293,3.6947956990840196,True,False,shifted race line exceeds right control steering curvature,"{""center_track_margin_m"":0.926543835900302,""d_m"":0.20845616409969808,""footprint_invalid"":false,""footprint_track_margin_m"":0.6288422615778055,""s_m"":1.002905005637111,""x_m"":-10.467083932318806,""y_m"":4.349670118759263,""yaw_rad"":-0.4756244093079726}","{""center_track_m"":0.5381867886549844,""curvature_rate_margin_radpm2"":14.291378578428969,""footprint_track_m"":0.3989893550207576,""lateral_slope_margin"":-0.21027167888373954,""obstacle_m"":-0.1173129800600292,""peak_curvature_rate_radpm2"":5.7086214215710305,""peak_lateral_slope"":1.0102716788837396,""peak_negative_curvature_radpm"":-1.9403261942906649,""peak_positive_curvature_radpm"":0.5185300838236321,""signed_curvature_margin_radpm"":-0.7962505548279919}","{""braking_deficit_m"":0,""braking_feasible"":true,""exit_reaches_next_obstacle"":true,""generation_index"":2001,""global_path_deviation_m"":0.11485117307525124,""minimum_normalized_safety_slack"":-0.695977195355684,""velocity_loss"":0.42997642246925133}"
DVE011,M1,ZERO_BOUNDARY_SHORT,LEFT,2000,487e4deed1462055,M1_BRANCH_COMPLETE_ACTIVE_SET_CLOSURE,ZERO_INTERFACE,ZERO_RIGHT__ZERO_BOTH__ZERO_LEFT,True,False,0.3383238309358856,,,0.3383238309358856,0,ZERO_INTERFACE,NONE,NONE,0.5145810930150512,0.4971684162574945,0,0.3361436309007035,0.44951535034035484,0.5628870697800061,3.6346569701117963,True,False,d-offset intersects an inflated static-obstacle box,"{""center_track_margin_m"":0.8241684472558628,""d_m"":0.2983315527441372,""footprint_invalid"":false,""footprint_track_margin_m"":0.6123664716537465,""s_m"":1.2534855866645962,""x_m"":-10.425039468673429,""y_m"":4.12741616352622,""yaw_rad"":-1.4186902949472224}","{""center_track_m"":0.6803281953921844,""curvature_rate_margin_radpm2"":19.009271631094272,""footprint_track_m"":0.5467663232162634,""lateral_slope_margin"":0.6015151332065357,""obstacle_m"":-0.31869382619329883,""peak_curvature_rate_radpm2"":0.9907283689057291,""peak_lateral_slope"":0.19848486679346433,""peak_negative_curvature_radpm"":-0.30291834884207447,""peak_positive_curvature_radpm"":0.4455965892199559,""signed_curvature_margin_radpm"":0.8411572906205985}","{""braking_deficit_m"":0,""braking_feasible"":true,""exit_reaches_next_obstacle"":true,""generation_index"":2000,""global_path_deviation_m"":0.07542333163957501,""minimum_normalized_safety_slack"":-0.21246255079553256,""velocity_loss"":0.4017852553594447}"
DVE011,M1,ZERO_BOUNDARY_SPAN,LEFT,2001,487e4deed1462055,M1_BRANCH_COMPLETE_ACTIVE_SET_CLOSURE,ZERO_INTERFACE,ZERO_RIGHT__ZERO_BOTH__ZERO_LEFT,True,False,0.3383238309358856,,,0.3383238309358856,0,ZERO_INTERFACE,NONE,NONE,0.7136694116555473,0.4971684162574945,0,0.3361436309007035,0.44951535034035484,0.5628870697800061,3.6346569701117963,True,False,d-offset intersects an inflated static-obstacle box,"{""center_track_margin_m"":0.8241684472558628,""d_m"":0.2983315527441372,""footprint_invalid"":false,""footprint_track_margin_m"":0.6123664716537465,""s_m"":1.2534855866645962,""x_m"":-10.425039468673429,""y_m"":4.12741616352622,""yaw_rad"":-1.4186902949472224}","{""center_track_m"":0.6803281953921844,""curvature_rate_margin_radpm2"":19.009271631094272,""footprint_track_m"":0.5467663232162634,""lateral_slope_margin"":0.6015151332065357,""obstacle_m"":-0.31869382619329883,""peak_curvature_rate_radpm2"":0.9907283689057291,""peak_lateral_slope"":0.19848486679346433,""peak_negative_curvature_radpm"":-0.30291834884207447,""peak_positive_curvature_radpm"":0.4455965892199559,""signed_curvature_margin_radpm"":0.8411572906205985}","{""braking_deficit_m"":0,""braking_feasible"":true,""exit_reaches_next_obstacle"":true,""generation_index"":2001,""global_path_deviation_m"":0.07542333163957501,""minimum_normalized_safety_slack"":-0.21246255079553256,""velocity_loss"":0.4017852553594447}"
DVE012,M0_V1,FROZEN_V1_CURVATURE_CONTINUITY,RIGHT,0,f0f9f6fe38a4f62f,FROZEN_V1,ACTIVE_OUTER,SAME_SIGN_NEGATIVE__SIGN_CHANGE__SAME_SIGN_POSITIVE,False,True,-0.4058738239266747,0.16420911436709762,-0.4858738239266747,-0.48587382392667616,0,ACTIVE_OUTER,CURVATURE_CORRIDOR_CRITICAL,CONTINUITY_BIASED_SAFE_ANCHOR,0.5145810930150512,0.6049868191659147,0.09437271326838553,0.1553537068747124,0.16420911436709762,0.17306452185948284,1.6906773675555067,True,False,shifted race line exceeds left control steering curvature,"{""center_track_margin_m"":0.895708941775369,""d_m"":-0.38929105822463117,""footprint_invalid"":false,""footprint_track_margin_m"":0.5591973951603053,""s_m"":5.014492630236832,""x_m"":-8.774526698492615,""y_m"":0.9692558425879344,""yaw_rad"":-1.017153326711584}","{""center_track_m"":0.4631431323863309,""curvature_rate_margin_radpm2"":14.678170045302469,""footprint_track_m"":0.2260408874616703,""lateral_slope_margin"":-0.2679154627351068,""obstacle_m"":1.5,""peak_curvature_rate_radpm2"":5.32182995469753,""peak_lateral_slope"":1.0679154627351068,""peak_negative_curvature_radpm"":-1.0115789689684649,""peak_positive_curvature_radpm"":1.6166774382318254,""signed_curvature_margin_radpm"":-0.30041091915281437}","{""braking_deficit_m"":0,""braking_feasible"":true,""exit_reaches_next_obstacle"":false,""generation_index"":0,""global_path_deviation_m"":0.0946380718671988,""minimum_normalized_safety_slack"":-0.2282295529046893,""velocity_loss"":0.32059567116186855}"
DVE012,M0_V1,FROZEN_V1_CURVATURE_CONTINUITY,RIGHT,1,1196ef5c9c1c0e4a,FROZEN_V1,ACTIVE_OUTER,SAME_SIGN_NEGATIVE__SIGN_CHANGE__SAME_SIGN_POSITIVE,False,True,-0.4058738239266747,0.16420911436709762,-0.4858738239266747,-0.48587382392667616,0,ACTIVE_OUTER,CURVATURE_CORRIDOR_CRITICAL,CONTINUITY_BIASED_SAFE_ANCHOR,0.5145810930150512,3.94735730932694,0.09437271326838553,0.1553537068747124,0.16420911436709762,0.17306452185948284,10.07503258034668,True,False,footprint_track_bound,"{""center_track_margin_m"":0.895708941775369,""d_m"":-0.38929105822463117,""footprint_invalid"":false,""footprint_track_margin_m"":0.626879175278133,""s_m"":5.014492630236832,""x_m"":-8.774526698492615,""y_m"":0.9692558425879344,""yaw_rad"":-0.4395851807792641}","{""center_track_m"":-2.2865394469900364,""curvature_rate_margin_radpm2"":18.927840331508886,""footprint_track_m"":-2.4572930623582905,""lateral_slope_margin"":-0.3652076513621998,""obstacle_m"":1.5,""peak_curvature_rate_radpm2"":1.0721596684911125,""peak_lateral_slope"":1.1652076513621998,""peak_negative_curvature_radpm"":-0.7984834697464223,""peak_positive_curvature_radpm"":0.6346783447438411,""signed_curvature_margin_radpm"":0.34559216971625073}","{""braking_deficit_m"":0,""braking_feasible"":true,""exit_reaches_next_obstacle"":false,""generation_index"":1,""global_path_deviation_m"":1.086266819414241,""minimum_normalized_safety_slack"":-1.6243596313266908,""velocity_loss"":0.25572202263552035}"
DVE012,M0_V1,FROZEN_V1_CURVATURE_CONTINUITY,RIGHT,2,332d7f5b182511b2,FROZEN_V1,ACTIVE_OUTER,SAME_SIGN_NEGATIVE__SIGN_CHANGE__SAME_SIGN_POSITIVE,False,True,-0.4058738239266747,0.16420911436709762,-0.4858738239266747,-0.48587382392667616,0,ACTIVE_OUTER,CURVATURE_CORRIDOR_CRITICAL,CONTINUITY_BIASED_SAFE_ANCHOR,0.5145810930150512,7.397546202396385,0.09437271326838553,0.1553537068747124,0.16420911436709762,0.17306452185948284,18.729850864518212,True,False,footprint_track_bound,"{""center_track_margin_m"":0.895708941775369,""d_m"":-0.38929105822463117,""footprint_invalid"":false,""footprint_track_margin_m"":0.6262489265493758,""s_m"":5.014492630236832,""x_m"":-8.774526698492615,""y_m"":0.9692558425879344,""yaw_rad"":-0.44193028519742206}","{""center_track_m"":-5.054610260143525,""curvature_rate_margin_radpm2"":19.142066766501333,""footprint_track_m"":-5.218076936331779,""lateral_slope_margin"":-0.3945727846413891,""obstacle_m"":1.5,""peak_curvature_rate_radpm2"":0.8579332334986653,""peak_lateral_slope"":1.1945727846413892,""peak_negative_curvature_radpm"":-0.36190914883546177,""peak_positive_curvature_radpm"":0.6189567306909051,""signed_curvature_margin_radpm"":0.697309788388106}","{""braking_deficit_m"":0,""braking_feasible"":true,""exit_reaches_next_obstacle"":false,""generation_index"":2,""global_path_deviation_m"":2.298329840570222,""minimum_normalized_safety_slack"":-3.4697401734290167,""velocity_loss"":0.1528333291657695}"
DVE012,M0_V1,FROZEN_V1_CURVATURE_CONTINUITY,RIGHT,3,432f7a71bb9899bf,FROZEN_V1,ACTIVE_OUTER,SAME_SIGN_NEGATIVE__SIGN_CHANGE__SAME_SIGN_POSITIVE,False,True,-0.4058738239266747,0.16420911436709762,-0.4858738239266747,-0.4858738239266741,0,ACTIVE_OUTER,CURVATURE_CORRIDOR_CRITICAL,CONTINUITY_BIASED_SAFE_ANCHOR,1.310934367577036,0.6049868191659147,-2.7755575615628914e-17,0.1553537068747124,0.16420911436709762,0.17306452185948284,1.6906773675555067,True,False,shifted race line exceeds left control steering curvature,"{""center_track_margin_m"":0.8820272924351005,""d_m"":-0.40297270756489967,""footprint_invalid"":false,""footprint_track_margin_m"":0.5472037383078776,""s_m"":5.014492630236832,""x_m"":-8.779870207864352,""y_m"":0.9566608262614578,""yaw_rad"":-0.9620020629857339}","{""center_track_m"":0.463143132386342,""curvature_rate_margin_radpm2"":14.678170045302604,""footprint_track_m"":0.225472127011395,""lateral_slope_margin"":-0.26791546273510125,""obstacle_m"":1.5,""peak_curvature_rate_radpm2"":5.321829954697396,""peak_lateral_slope"":1.0679154627351013,""peak_negative_curvature_radpm"":-1.0115789689685535,""peak_positive_curvature_radpm"":1.581715385438917,""signed_curvature_margin_radpm"":-0.26544886635990594}","{""braking_deficit_m"":0,""braking_feasible"":true,""exit_reaches_next_obstacle"":false,""generation_index"":3,""global_path_deviation_m"":0.09514479962053964,""minimum_normalized_safety_slack"":-0.2016680227843522,""velocity_loss"":0.32043703228371406}"
DVE012,M0_V1,FROZEN_V1_CURVATURE_CONTINUITY,RIGHT,4,c6637527df0ad02b,FROZEN_V1,ACTIVE_OUTER,SAME_SIGN_NEGATIVE__SIGN_CHANGE__SAME_SIGN_POSITIVE,False,True,-0.4058738239266747,0.16420911436709762,-0.4858738239266747,-0.4858738239266741,0,ACTIVE_OUTER,CURVATURE_CORRIDOR_CRITICAL,CONTINUITY_BIASED_SAFE_ANCHOR,1.310934367577036,3.94735730932694,-2.7755575615628914e-17,0.1553537068747124,0.16420911436709762,0.17306452185948284,10.07503258034668,True,False,footprint_track_bound,"{""center_track_margin_m"":0.8820272924351005,""d_m"":-0.40297270756489967,""footprint_invalid"":false,""footprint_track_margin_m"":0.6302767447052965,""s_m"":5.014492630236832,""x_m"":-8.779870207864352,""y_m"":0.9566608262614578,""yaw_rad"":-0.3772848585983625}","{""center_track_m"":-2.2865394469899583,""curvature_rate_margin_radpm2"":18.638133538839806,""footprint_track_m"":-2.457293062358212,""lateral_slope_margin"":-0.36520765136216804,""obstacle_m"":1.5,""peak_curvature_rate_radpm2"":1.361866461160195,""peak_lateral_slope"":1.165207651362168,""peak_negative_curvature_radpm"":-0.9408009559034661,""peak_positive_curvature_radpm"":0.6346783447438538,""signed_curvature_margin_radpm"":0.20327468355920686}","{""braking_deficit_m"":0,""braking_feasible"":true,""exit_reaches_next_obstacle"":false,""generation_index"":4,""global_path_deviation_m"":1.086494846903217,""minimum_normalized_safety_slack"":-1.6243596313266389,""velocity_loss"":0.25866063246545407}"
DVE012,M0_V1,FROZEN_V1_CURVATURE_CONTINUITY,RIGHT,5,3f25c5acd0175a37,FROZEN_V1,ACTIVE_OUTER,SAME_SIGN_NEGATIVE__SIGN_CHANGE__SAME_SIGN_POSITIVE,False,True,-0.4058738239266747,0.16420911436709762,-0.4858738239266747,-0.4858738239266741,0,ACTIVE_OUTER,CURVATURE_CORRIDOR_CRITICAL,CONTINUITY_BIASED_SAFE_ANCHOR,1.310934367577036,7.397546202396385,-2.7755575615628914e-17,0.1553537068747124,0.16420911436709762,0.17306452185948284,18.729850864518212,True,False,footprint_track_bound,"{""center_track_margin_m"":0.8820272924351005,""d_m"":-0.40297270756489967,""footprint_invalid"":false,""footprint_track_margin_m"":0.6314264591342253,""s_m"":5.014492630236832,""x_m"":-8.779870207864352,""y_m"":0.9566608262614578,""yaw_rad"":-0.3731678900350807}","{""center_track_m"":-5.054610260143382,""curvature_rate_margin_radpm2"":19.14206676650165,""footprint_track_m"":-5.218076936331637,""lateral_slope_margin"":-0.3945727846413589,""obstacle_m"":1.5,""peak_curvature_rate_radpm2"":0.8579332334983499,""peak_lateral_slope"":1.194572784641359,""peak_negative_curvature_radpm"":-0.5552651485808515,""peak_positive_curvature_radpm"":0.6189567306909051,""signed_curvature_margin_radpm"":0.5888104908818215}","{""braking_deficit_m"":0,""braking_feasible"":true,""exit_reaches_next_obstacle"":false,""generation_index"":5,""global_path_deviation_m"":2.2984738579316804,""minimum_normalized_safety_slack"":-3.4697401734289213,""velocity_loss"":0.15283332916572515}"
DVE012,M1,ZERO_BOUNDARY_SHORT,RIGHT,2000,e687fe5af0c72862,M1_BRANCH_COMPLETE_ACTIVE_SET_CLOSURE,ZERO_INTERFACE,ZERO_RIGHT__ZERO_BOTH__ZERO_LEFT,True,False,-0.4172664204278204,,,-0.4172664204278204,0,ZERO_INTERFACE,NONE,NONE,0.5145810930150512,0.4971684162574945,0.09437271326838553,0.1553537068747124,0.16420911436709762,0.17306452185948284,1.4202142961751463,True,False,shifted race line exceeds left control steering curvature,"{""center_track_margin_m"":0.8758913120628385,""d_m"":-0.4091086879371616,""footprint_invalid"":false,""footprint_track_margin_m"":0.586987669159572,""s_m"":5.014492630236832,""x_m"":-8.78226667833429,""y_m"":0.9510121817855235,""yaw_rad"":-0.5346272320502968}","{""center_track_m"":0.792530975508043,""curvature_rate_margin_radpm2"":16.704598498518003,""footprint_track_m"":0.586987669159572,""lateral_slope_margin"":0.20707030694853412,""obstacle_m"":1.5,""peak_curvature_rate_radpm2"":3.295401501481996,""peak_lateral_slope"":0.5929296930514659,""peak_negative_curvature_radpm"":-0.4817052992690029,""peak_positive_curvature_radpm"":1.5120415989777773,""signed_curvature_margin_radpm"":-0.1957750798987663}","{""braking_deficit_m"":0,""braking_feasible"":true,""exit_reaches_next_obstacle"":false,""generation_index"":2000,""global_path_deviation_m"":0.04817696776884511,""minimum_normalized_safety_slack"":-0.1487351361301431,""velocity_loss"":0.34127181646352994}"
DVE012,M1,ZERO_BOUNDARY_SPAN,RIGHT,2001,afb8e73282023de0,M1_BRANCH_COMPLETE_ACTIVE_SET_CLOSURE,ZERO_INTERFACE,ZERO_RIGHT__ZERO_BOTH__ZERO_LEFT,True,False,-0.4172664204278204,,,-0.4172664204278204,0,ZERO_INTERFACE,NONE,NONE,0.7136694116555473,0.4971684162574945,0.07077953495128915,0.1553537068747124,0.16420911436709762,0.17306452185948284,1.4202142961751463,True,False,shifted race line exceeds left control steering curvature,"{""center_track_margin_m"":0.8715706688239903,""d_m"":-0.4134293311760099,""footprint_invalid"":false,""footprint_track_margin_m"":0.5862254224683339,""s_m"":5.014492630236832,""x_m"":-8.783954150148872,""y_m"":0.9470346955350896,""yaw_rad"":-0.5148716318191487}","{""center_track_m"":0.792530975508043,""curvature_rate_margin_radpm2"":16.846211539945898,""footprint_track_m"":0.5862254224683339,""lateral_slope_margin"":0.20707030694853412,""obstacle_m"":1.5,""peak_curvature_rate_radpm2"":3.1537884600541,""peak_lateral_slope"":0.5929296930514659,""peak_negative_curvature_radpm"":-0.48170529926897737,""peak_positive_curvature_radpm"":1.4848518495279852,""signed_curvature_margin_radpm"":-0.16858533044897417}","{""braking_deficit_m"":0,""braking_feasible"":true,""exit_reaches_next_obstacle"":false,""generation_index"":2001,""global_path_deviation_m"":0.04834314635495466,""minimum_normalized_safety_slack"":-0.12807841573523648,""velocity_loss"":0.3396211527342589}"
DVE012,M1,NEAR_LONG,RIGHT,2002,24bdfabd1d1b6988,M1_BRANCH_COMPLETE_ACTIVE_SET_CLOSURE,ACTIVE_OUTER,SAME_SIGN_NEGATIVE__SIGN_CHANGE__SAME_SIGN_POSITIVE,True,False,-0.4058738239266747,0.16420911436709762,-0.7704369119633374,-0.7704369119633373,0,ACTIVE_OUTER,CORRIDOR_BOTTLENECK,CORRIDOR_CENTER,1.310934367577036,7.397546202396385,-2.7755575615628914e-17,0.1553537068747124,0.16420911436709762,0.17306452185948284,18.729850864518212,True,False,footprint_track_bound,"{""center_track_margin_m"":0.8605046906956919,""d_m"":-0.42449530930430823,""footprint_invalid"":false,""footprint_track_margin_m"":0.5581609736841182,""s_m"":5.014492630236832,""x_m"":-8.788276082129835,""y_m"":0.9368476068495075,""yaw_rad"":-0.618891911407127}","{""center_track_m"":-25.64633355470995,""curvature_rate_margin_radpm2"":18.16195012388098,""footprint_track_m"":-25.84703538871883,""lateral_slope_margin"":-4.746895832324454,""obstacle_m"":1.5,""peak_curvature_rate_radpm2"":1.83804987611902,""peak_lateral_slope"":5.546895832324454,""peak_negative_curvature_radpm"":-0.9949478179262925,""peak_positive_curvature_radpm"":1.2894758544329594,""signed_curvature_margin_radpm"":0.02679066464605162}","{""braking_deficit_m"":0,""braking_feasible"":true,""exit_reaches_next_obstacle"":false,""generation_index"":2002,""global_path_deviation_m"":10.034249326667155,""minimum_normalized_safety_slack"":-17.19755570313997,""velocity_loss"":0.22549616039645867}"
DVE012,M1,NEAR_BISECTED,RIGHT,2003,29f6101b5369c979,M1_BRANCH_COMPLETE_ACTIVE_SET_CLOSURE,ACTIVE_OUTER,SAME_SIGN_NEGATIVE__SIGN_CHANGE__SAME_SIGN_POSITIVE,True,False,-0.4058738239266747,0.16420911436709762,-0.7704369119633374,-0.7704369119633369,0,ACTIVE_OUTER,CORRIDOR_BOTTLENECK,CORRIDOR_CENTER,0.9127577302960436,7.397546202396385,0.04718635663419275,0.1553537068747124,0.16420911436709762,0.17306452185948284,18.729850864518212,True,False,footprint_track_bound,"{""center_track_margin_m"":0.8579352979390796,""d_m"":-0.4270647020609205,""footprint_invalid"":false,""footprint_track_margin_m"":0.5566750115961284,""s_m"":5.014492630236832,""x_m"":-8.789279584992185,""y_m"":0.9344822821058442,""yaw_rad"":-0.6118942621509649}","{""center_track_m"":-25.646333554709933,""curvature_rate_margin_radpm2"":18.140060512847363,""footprint_track_m"":-25.847035388718854,""lateral_slope_margin"":-4.746895832324447,""obstacle_m"":1.5,""peak_curvature_rate_radpm2"":1.8599394871526378,""peak_lateral_slope"":5.546895832324447,""peak_negative_curvature_radpm"":-1.004835597401777,""peak_positive_curvature_radpm"":1.2894758544328582,""signed_curvature_margin_radpm"":0.026790664646152873}","{""braking_deficit_m"":0,""braking_feasible"":true,""exit_reaches_next_obstacle"":false,""generation_index"":2003,""global_path_deviation_m"":10.034276372906834,""minimum_normalized_safety_slack"":-17.197555703139958,""velocity_loss"":0.22568157124707144}"
DVE012,M1,NEAR_BISECTED,RIGHT,2004,0f23e7640eed57f3,M1_BRANCH_COMPLETE_ACTIVE_SET_CLOSURE,ACTIVE_OUTER,SAME_SIGN_NEGATIVE__SIGN_CHANGE__SAME_SIGN_POSITIVE,True,False,-0.4058738239266747,0.16420911436709762,-0.7704369119633374,-0.7704369119633393,0,ACTIVE_OUTER,CORRIDOR_BOTTLENECK,CORRIDOR_CENTER,0.7136694116555473,7.397546202396385,0.07077953495128915,0.1553537068747124,0.16420911436709762,0.17306452185948284,18.729850864518212,True,False,footprint_track_bound,"{""center_track_margin_m"":0.8579369192983037,""d_m"":-0.42706308070169635,""footprint_invalid"":false,""footprint_track_margin_m"":0.5566759429981202,""s_m"":5.014492630236832,""x_m"":-8.789278951753605,""y_m"":0.9344837746924024,""yaw_rad"":-0.6118986880542013}","{""center_track_m"":-25.6463335547101,""curvature_rate_margin_radpm2"":18.140074319283244,""footprint_track_m"":-25.84703538871898,""lateral_slope_margin"":-4.74689583232449,""obstacle_m"":1.5,""peak_curvature_rate_radpm2"":1.859925680716757,""peak_lateral_slope"":5.5468958323244895,""peak_negative_curvature_radpm"":-1.004829357161577,""peak_positive_curvature_radpm"":1.2894758544328329,""signed_curvature_margin_radpm"":0.026790664646178186}","{""braking_deficit_m"":0,""braking_feasible"":true,""exit_reaches_next_obstacle"":false,""generation_index"":2004,""global_path_deviation_m"":10.034276355839816,""minimum_normalized_safety_slack"":-17.19755570314007,""velocity_loss"":0.2256814532412163}"
DVE012,M1,NEAR_BISECTED,RIGHT,2005,804c41f709a826a0,M1_BRANCH_COMPLETE_ACTIVE_SET_CLOSURE,ACTIVE_OUTER,SAME_SIGN_NEGATIVE__SIGN_CHANGE__SAME_SIGN_POSITIVE,True,False,-0.4058738239266747,0.16420911436709762,-0.7704369119633374,-0.7704369119633379,0,ACTIVE_OUTER,CORRIDOR_BOTTLENECK,CORRIDOR_CENTER,0.6141252523352992,7.397546202396385,0.08257612410983733,0.1553537068747124,0.16420911436709762,0.17306452185948284,18.729850864518212,True,False,footprint_track_bound,"{""center_track_margin_m"":0.8591934538679925,""d_m"":-0.42580654613200764,""footprint_invalid"":false,""footprint_track_margin_m"":0.5574001587946629,""s_m"":5.014492630236832,""x_m"":-8.788788199207472,""y_m"":0.9356405119414292,""yaw_rad"":-0.6153248328870924}","{""center_track_m"":-25.646333554710008,""curvature_rate_margin_radpm2"":18.15077669885291,""footprint_track_m"":-25.847035388718904,""lateral_slope_margin"":-4.746895832324461,""obstacle_m"":1.5,""peak_curvature_rate_radpm2"":1.8492233011470904,""peak_lateral_slope"":5.546895832324461,""peak_negative_curvature_radpm"":-0.9999935150481155,""peak_positive_curvature_radpm"":1.2894758544330414,""signed_curvature_margin_radpm"":0.026790664645969686}","{""braking_deficit_m"":0,""braking_feasible"":true,""exit_reaches_next_obstacle"":false,""generation_index"":2005,""global_path_deviation_m"":10.034263129160282,""minimum_normalized_safety_slack"":-17.197555703140008,""velocity_loss"":0.22558963654836126}"
DVE012,M1,NEAR_BISECTED,RIGHT,2006,654974bbd0eb1891,M1_BRANCH_COMPLETE_ACTIVE_SET_CLOSURE,ACTIVE_OUTER,SAME_SIGN_NEGATIVE__SIGN_CHANGE__SAME_SIGN_POSITIVE,True,False,-0.4058738239266747,0.16420911436709762,-0.7704369119633374,-0.7704369119633375,0,ACTIVE_OUTER,CORRIDOR_BOTTLENECK,CORRIDOR_CENTER,0.5643531726751752,7.397546202396385,0.08847441868911145,0.1553537068747124,0.16420911436709762,0.17306452185948284,18.729850864518212,True,False,footprint_track_bound,"{""center_track_margin_m"":0.8604732046043687,""d_m"":-0.42452679539563143,""footprint_invalid"":false,""footprint_track_margin_m"":0.5581426441476907,""s_m"":5.014492630236832,""x_m"":-8.7882883793478,""y_m"":0.9368186214673793,""yaw_rad"":-0.6188063547999811}","{""center_track_m"":-25.64633355470995,""curvature_rate_margin_radpm2"":18.161681764176546,""footprint_track_m"":-25.847035388718854,""lateral_slope_margin"":-4.746895832324461,""obstacle_m"":1.5,""peak_curvature_rate_radpm2"":1.838318235823454,""peak_lateral_slope"":5.546895832324461,""peak_negative_curvature_radpm"":-0.9950689687306353,""peak_positive_curvature_radpm"":1.2894758544328113,""signed_curvature_margin_radpm"":0.026790664646199724}","{""braking_deficit_m"":0,""braking_feasible"":true,""exit_reaches_next_obstacle"":false,""generation_index"":2006,""global_path_deviation_m"":10.034249658099622,""minimum_normalized_safety_slack"":-17.19755570313997,""velocity_loss"":0.22549816560858457}"
DVE012,M1,NEAR_BISECTED,RIGHT,2007,99b9d059672d33b1,M1_BRANCH_COMPLETE_ACTIVE_SET_CLOSURE,ACTIVE_OUTER,SAME_SIGN_NEGATIVE__SIGN_CHANGE__SAME_SIGN_POSITIVE,True,False,-0.4058738239266747,0.16420911436709762,-0.7704369119633374,-0.7704369119633376,0,ACTIVE_OUTER,CORRIDOR_BOTTLENECK,CORRIDOR_CENTER,0.5394671328451132,7.397546202396385,0.09142356597874848,0.1553537068747124,0.16420911436709762,0.17306452185948284,18.729850864518212,True,False,footprint_track_bound,"{""center_track_margin_m"":0.8613547977073615,""d_m"":-0.42364520229263863,""footprint_invalid"":false,""footprint_track_margin_m"":0.5586569819079005,""s_m"":5.014492630236832,""x_m"":-8.787944064061628,""y_m"":0.9376301960991615,""yaw_rad"":-0.6212000787807115}","{""center_track_m"":-25.646333554710008,""curvature_rate_margin_radpm2"":18.16919670243966,""footprint_track_m"":-25.84703538871889,""lateral_slope_margin"":-4.746895832324461,""obstacle_m"":1.5,""peak_curvature_rate_radpm2"":1.8308032975603408,""peak_lateral_slope"":5.546895832324461,""peak_negative_curvature_radpm"":-0.9916769980696652,""peak_positive_curvature_radpm"":1.2894758544329967,""signed_curvature_margin_radpm"":0.026790664646014317}","{""braking_deficit_m"":0,""braking_feasible"":true,""exit_reaches_next_obstacle"":false,""generation_index"":2007,""global_path_deviation_m"":10.034240378172559,""minimum_normalized_safety_slack"":-17.197555703140008,""velocity_loss"":0.2254418672759298}"
DVE012,M1,NEAR_BISECTED,RIGHT,2008,91684b1be879e178,M1_BRANCH_COMPLETE_ACTIVE_SET_CLOSURE,ACTIVE_OUTER,SAME_SIGN_NEGATIVE__SIGN_CHANGE__SAME_SIGN_POSITIVE,True,False,-0.4058738239266747,0.16420911436709762,-0.7704369119633374,-0.7704369119633353,0,ACTIVE_OUTER,CORRIDOR_BOTTLENECK,CORRIDOR_CENTER,0.5270241129300821,7.397546202396385,0.09289813962356701,0.1553537068747124,0.16420911436709762,0.17306452185948284,18.729850864518212,True,False,footprint_track_bound,"{""center_track_margin_m"":0.8618699662124101,""d_m"":-0.42313003378759007,""footprint_invalid"":false,""footprint_track_margin_m"":0.5589586148017752,""s_m"":5.014492630236832,""x_m"":-8.787742859684416,""y_m"":0.9381044485500614,""yaw_rad"":-0.6225971406479854}","{""center_track_m"":-25.64633355470977,""curvature_rate_margin_radpm2"":18.17358907812893,""footprint_track_m"":-25.847035388718684,""lateral_slope_margin"":-4.746895832324419,""obstacle_m"":1.5,""peak_curvature_rate_radpm2"":1.8264109218710696,""peak_lateral_slope"":5.546895832324418,""peak_negative_curvature_radpm"":-0.989695050027379,""peak_positive_curvature_radpm"":1.2894758544329465,""signed_curvature_margin_radpm"":0.0267906646460645}","{""braking_deficit_m"":0,""braking_feasible"":true,""exit_reaches_next_obstacle"":false,""generation_index"":2008,""global_path_deviation_m"":10.034234955345775,""minimum_normalized_safety_slack"":-17.197555703139848,""velocity_loss"":0.22540882083112143}"
DVE012,M1,NEAR_BISECTED,RIGHT,2009,9ccc0ce5cd215bbc,M1_BRANCH_COMPLETE_ACTIVE_SET_CLOSURE,ACTIVE_OUTER,SAME_SIGN_NEGATIVE__SIGN_CHANGE__SAME_SIGN_POSITIVE,True,False,-0.4058738239266747,0.16420911436709762,-0.7704369119633374,-0.7704369119633405,0,ACTIVE_OUTER,CORRIDOR_BOTTLENECK,CORRIDOR_CENTER,0.5208026029725666,7.397546202396385,0.09363542644597628,0.1553537068747124,0.16420911436709762,0.17306452185948284,18.729850864518212,True,False,footprint_track_bound,"{""center_track_margin_m"":0.8621482381587269,""d_m"":-0.4228517618412732,""footprint_invalid"":false,""footprint_track_margin_m"":0.5591218727038902,""s_m"":5.014492630236832,""x_m"":-8.78763417770346,""y_m"":0.9383606193975882,""yaw_rad"":-0.6233512424033247}","{""center_track_m"":-25.646333554710193,""curvature_rate_margin_radpm2"":18.1759619264831,""footprint_track_m"":-25.847035388719092,""lateral_slope_margin"":-4.746895832324497,""obstacle_m"":1.5,""peak_curvature_rate_radpm2"":1.8240380735168995,""peak_lateral_slope"":5.546895832324497,""peak_negative_curvature_radpm"":-0.9886245475064734,""peak_positive_curvature_radpm"":1.2894758544329215,""signed_curvature_margin_radpm"":0.02679066464608959}","{""braking_deficit_m"":0,""braking_feasible"":true,""exit_reaches_next_obstacle"":false,""generation_index"":2009,""global_path_deviation_m"":10.034232026167809,""minimum_normalized_safety_slack"":-17.19755570314013,""velocity_loss"":0.22539092497821475}"
DVE012,M1,NEAR_BISECTED,RIGHT,2010,8080fa827a6e4fb7,M1_BRANCH_COMPLETE_ACTIVE_SET_CLOSURE,ACTIVE_OUTER,SAME_SIGN_NEGATIVE__SIGN_CHANGE__SAME_SIGN_POSITIVE,True,False,-0.4058738239266747,0.16420911436709762,-0.7704369119633374,-0.7704369119633374,0,ACTIVE_OUTER,CORRIDOR_BOTTLENECK,CORRIDOR_CENTER,0.5176918479938089,7.397546202396385,0.0940040698571809,0.1553537068747124,0.16420911436709762,0.17306452185948284,18.729850864518212,True,False,footprint_track_bound,"{""center_track_margin_m"":0.8622928339429268,""d_m"":-0.4227071660570734,""footprint_invalid"":false,""footprint_track_margin_m"":0.5592067957558047,""s_m"":5.014492630236832,""x_m"":-8.787577704327424,""y_m"":0.9384937309996649,""yaw_rad"":-0.6237429422326408}","{""center_track_m"":-25.64633355470995,""curvature_rate_margin_radpm2"":18.17719498112557,""footprint_track_m"":-25.847035388718854,""lateral_slope_margin"":-4.746895832324454,""obstacle_m"":1.5,""peak_curvature_rate_radpm2"":1.8228050188744305,""peak_lateral_slope"":5.546895832324454,""peak_negative_curvature_radpm"":-0.9880683099363281,""peak_positive_curvature_radpm"":1.2894758544328113,""signed_curvature_margin_radpm"":0.026790664646199724}","{""braking_deficit_m"":0,""braking_feasible"":true,""exit_reaches_next_obstacle"":false,""generation_index"":2010,""global_path_deviation_m"":10.034230504106695,""minimum_normalized_safety_slack"":-17.19755570313997,""velocity_loss"":0.2253816132748442}"
DVE012,M1,NEAR_BISECTED,RIGHT,2011,e3cf68e3b42d6048,M1_BRANCH_COMPLETE_ACTIVE_SET_CLOSURE,ACTIVE_OUTER,SAME_SIGN_NEGATIVE__SIGN_CHANGE__SAME_SIGN_POSITIVE,True,False,-0.4058738239266747,0.16420911436709762,-0.7704369119633374,-0.77043691196334,0,ACTIVE_OUTER,CORRIDOR_BOTTLENECK,CORRIDOR_CENTER,0.51613647050443,7.397546202396385,0.09418839156278322,0.1553537068747124,0.16420911436709762,0.17306452185948284,18.729850864518212,True,False,footprint_track_bound,"{""center_track_margin_m"":0.8623665345498741,""d_m"":-0.42263346545012603,""footprint_invalid"":false,""footprint_track_margin_m"":0.5592501050188137,""s_m"":5.014492630236832,""x_m"":-8.787548919794643,""y_m"":0.9385615781082033,""yaw_rad"":-0.6239425534037096}","{""center_track_m"":-25.646333554710118,""curvature_rate_margin_radpm2"":18.177823489473923,""footprint_track_m"":-25.847035388719025,""lateral_slope_margin"":-4.74689583232449,""obstacle_m"":1.5,""peak_curvature_rate_radpm2"":1.8221765105260757,""peak_lateral_slope"":5.5468958323244895,""peak_negative_curvature_radpm"":-0.9877847997752512,""peak_positive_curvature_radpm"":1.2894758544329141,""signed_curvature_margin_radpm"":0.026790664646096918}","{""braking_deficit_m"":0,""braking_feasible"":true,""exit_reaches_next_obstacle"":false,""generation_index"":2011,""global_path_deviation_m"":10.03422972831089,""minimum_normalized_safety_slack"":-17.19755570314008,""velocity_loss"":0.22537686375713986}"
DVE012,M1,NEAR_BISECTED,RIGHT,2012,cad9c1a497814fdb,M1_BRANCH_COMPLETE_ACTIVE_SET_CLOSURE,ACTIVE_OUTER,SAME_SIGN_NEGATIVE__SIGN_CHANGE__SAME_SIGN_POSITIVE,True,False,-0.4058738239266747,0.16420911436709762,-0.7704369119633374,-0.7704369119633383,0,ACTIVE_OUTER,CORRIDOR_BOTTLENECK,CORRIDOR_CENTER,0.5153587817597406,7.397546202396385,0.09428055241558438,0.1553537068747124,0.16420911436709762,0.17306452185948284,18.729850864518212,True,False,footprint_track_bound,"{""center_track_margin_m"":0.862403740368339,""d_m"":-0.42259625963166114,""footprint_invalid"":false,""footprint_track_margin_m"":0.5592719746927691,""s_m"":5.014492630236832,""x_m"":-8.787534388678205,""y_m"":0.9385958289415166,""yaw_rad"":-0.624043311973524}","{""center_track_m"":-25.646333554710008,""curvature_rate_margin_radpm2"":18.17814078032687,""footprint_track_m"":-25.8470353887189,""lateral_slope_margin"":-4.746895832324461,""obstacle_m"":1.5,""peak_curvature_rate_radpm2"":1.8218592196731291,""peak_lateral_slope"":5.546895832324461,""peak_negative_curvature_radpm"":-0.9876416783084033,""peak_positive_curvature_radpm"":1.28947585443295,""signed_curvature_margin_radpm"":0.026790664646060947}","{""braking_deficit_m"":0,""braking_feasible"":true,""exit_reaches_next_obstacle"":false,""generation_index"":2012,""global_path_deviation_m"":10.034229336670668,""minimum_normalized_safety_slack"":-17.197555703140008,""velocity_loss"":0.22537446523214005}"
DVE012,M1,NEAR_BISECTED,RIGHT,2013,402f91e405433137,M1_BRANCH_COMPLETE_ACTIVE_SET_CLOSURE,ACTIVE_OUTER,SAME_SIGN_NEGATIVE__SIGN_CHANGE__SAME_SIGN_POSITIVE,True,False,-0.4058738239266747,0.16420911436709762,-0.7704369119633374,-0.7704369119633387,0,ACTIVE_OUTER,CORRIDOR_BOTTLENECK,CORRIDOR_CENTER,0.5149699373873959,7.397546202396385,0.09432663284198495,0.1553537068747124,0.16420911436709762,0.17306452185948284,18.729850864518212,True,False,footprint_track_bound,"{""center_track_margin_m"":0.862422432768267,""d_m"":-0.4225775672317331,""footprint_invalid"":false,""footprint_track_margin_m"":0.5592829636841864,""s_m"":5.014492630236832,""x_m"":-8.787527088168469,""y_m"":0.9386130367412797,""yaw_rad"":-0.6240939311065048}","{""center_track_m"":-25.646333554710083,""curvature_rate_margin_radpm2"":18.178300190164364,""footprint_track_m"":-25.847035388718965,""lateral_slope_margin"":-4.746895832324468,""obstacle_m"":1.5,""peak_curvature_rate_radpm2"":1.8216998098356374,""peak_lateral_slope"":5.546895832324468,""peak_negative_curvature_radpm"":-0.987569773632868,""peak_positive_curvature_radpm"":1.2894758544330553,""signed_curvature_margin_radpm"":0.026790664645955697}","{""braking_deficit_m"":0,""braking_feasible"":true,""exit_reaches_next_obstacle"":false,""generation_index"":2013,""global_path_deviation_m"":10.03422913990872,""minimum_normalized_safety_slack"":-17.197555703140058,""velocity_loss"":0.22537325998360194}"
DVE012,M1,NEAR_BISECTED,RIGHT,2014,30f693696f9c798d,M1_BRANCH_COMPLETE_ACTIVE_SET_CLOSURE,ACTIVE_OUTER,SAME_SIGN_NEGATIVE__SIGN_CHANGE__SAME_SIGN_POSITIVE,True,False,-0.4058738239266747,0.16420911436709762,-0.7704369119633374,-0.7704369119633359,0,ACTIVE_OUTER,CORRIDOR_BOTTLENECK,CORRIDOR_CENTER,0.5147755152012236,7.397546202396385,0.09434967305518524,0.1553537068747124,0.16420911436709762,0.17306452185948284,18.729850864518212,True,False,footprint_track_bound,"{""center_track_margin_m"":0.8624318014178676,""d_m"":-0.42256819858213257,""footprint_invalid"":false,""footprint_track_margin_m"":0.5592884717680027,""s_m"":5.014492630236832,""x_m"":-8.787523429145665,""y_m"":0.9386216613077878,""yaw_rad"":-0.6241193008368704}","{""center_track_m"":-25.64633355470986,""curvature_rate_margin_radpm2"":18.178380086845024,""footprint_track_m"":-25.847035388718755,""lateral_slope_margin"":-4.746895832324426,""obstacle_m"":1.5,""peak_curvature_rate_radpm2"":1.8216199131549773,""peak_lateral_slope"":5.5468958323244255,""peak_negative_curvature_radpm"":-0.9875337350141365,""peak_positive_curvature_radpm"":1.2894758544328615,""signed_curvature_margin_radpm"":0.026790664646149542}","{""braking_deficit_m"":0,""braking_feasible"":true,""exit_reaches_next_obstacle"":false,""generation_index"":2014,""global_path_deviation_m"":10.034229041291105,""minimum_normalized_safety_slack"":-17.19755570313991,""velocity_loss"":0.22537265585760005}"
DVE012,M1,NEAR_BISECTED,RIGHT,2015,fbfe8cb1d1d8ed72,M1_BRANCH_COMPLETE_ACTIVE_SET_CLOSURE,ACTIVE_OUTER,SAME_SIGN_NEGATIVE__SIGN_CHANGE__SAME_SIGN_POSITIVE,True,False,-0.4058738239266747,0.16420911436709762,-0.7704369119633374,-0.7704369119633391,0,ACTIVE_OUTER,CORRIDOR_BOTTLENECK,CORRIDOR_CENTER,0.5146783041081373,7.397546202396385,0.09436119316178539,0.1553537068747124,0.16420911436709762,0.17306452185948284,18.729850864518212,True,False,footprint_track_bound,"{""center_track_margin_m"":0.8624364913647262,""d_m"":-0.4225635086352739,""footprint_invalid"":false,""footprint_track_margin_m"":0.5592912292132214,""s_m"":5.014492630236832,""x_m"":-8.78752159743851,""y_m"":0.9386259787665814,""yaw_rad"":-0.6241320007678127}","{""center_track_m"":-25.64633355471007,""curvature_rate_margin_radpm2"":18.178420083208525,""footprint_track_m"":-25.847035388718968,""lateral_slope_margin"":-4.74689583232449,""obstacle_m"":1.5,""peak_curvature_rate_radpm2"":1.821579916791474,""peak_lateral_slope"":5.5468958323244895,""peak_negative_curvature_radpm"":-0.9875156940974479,""peak_positive_curvature_radpm"":1.289475854432858,""signed_curvature_margin_radpm"":0.026790664646153095}","{""braking_deficit_m"":0,""braking_feasible"":true,""exit_reaches_next_obstacle"":false,""generation_index"":2015,""global_path_deviation_m"":10.034228991923344,""minimum_normalized_safety_slack"":-17.197555703140047,""velocity_loss"":0.2253723534181865}"
DVE012,M1,NEAR_BISECTED,RIGHT,2016,9667faa58acd568c,M1_BRANCH_COMPLETE_ACTIVE_SET_CLOSURE,ACTIVE_OUTER,SAME_SIGN_NEGATIVE__SIGN_CHANGE__SAME_SIGN_POSITIVE,True,False,-0.4058738239266747,0.16420911436709762,-0.7704369119633374,-0.7704369119633359,0,ACTIVE_OUTER,CORRIDOR_BOTTLENECK,CORRIDOR_CENTER,0.5146296985615942,7.397546202396385,0.09436695321508545,0.1553537068747124,0.16420911436709762,0.17306452185948284,18.729850864518212,True,False,footprint_track_bound,"{""center_track_margin_m"":0.8624388377448795,""d_m"":-0.42256116225512064,""footprint_invalid"":false,""footprint_track_margin_m"":0.5592926087873606,""s_m"":5.014492630236832,""x_m"":-8.787520681035522,""y_m"":0.9386281387909763,""yaw_rad"":-0.6241383545034108}","{""center_track_m"":-25.64633355470986,""curvature_rate_margin_radpm2"":18.178440093406547,""footprint_track_m"":-25.847035388718755,""lateral_slope_margin"":-4.746895832324426,""obstacle_m"":1.5,""peak_curvature_rate_radpm2"":1.8215599065934525,""peak_lateral_slope"":5.5468958323244255,""peak_negative_curvature_radpm"":-0.9875066682329482,""peak_positive_curvature_radpm"":1.2894758544328615,""signed_curvature_margin_radpm"":0.026790664646149542}","{""braking_deficit_m"":0,""braking_feasible"":true,""exit_reaches_next_obstacle"":false,""generation_index"":2016,""global_path_deviation_m"":10.034228967224506,""minimum_normalized_safety_slack"":-17.19755570313991,""velocity_loss"":0.22537220210446854}"
DVE012,M1,NEAR_BISECTED,RIGHT,2017,930dc1a44b71c681,M1_BRANCH_COMPLETE_ACTIVE_SET_CLOSURE,ACTIVE_OUTER,SAME_SIGN_NEGATIVE__SIGN_CHANGE__SAME_SIGN_POSITIVE,True,False,-0.4058738239266747,0.16420911436709762,-0.7704369119633374,-0.7704369119633361,0,ACTIVE_OUTER,CORRIDOR_BOTTLENECK,CORRIDOR_CENTER,0.5146053957883228,7.397546202396385,0.09436983324173549,0.1553537068747124,0.16420911436709762,0.17306452185948284,18.729850864518212,True,False,footprint_track_bound,"{""center_track_margin_m"":0.862440011286787,""d_m"":-0.4225599887132131,""footprint_invalid"":false,""footprint_track_margin_m"":0.5592932987874601,""s_m"":5.014492630236832,""x_m"":-8.787520222696616,""y_m"":0.9386292191270613,""yaw_rad"":-0.6241415323137851}","{""center_track_m"":-25.64633355470986,""curvature_rate_margin_radpm2"":18.178450101510727,""footprint_track_m"":-25.84703538871874,""lateral_slope_margin"":-4.74689583232444,""obstacle_m"":1.5,""peak_curvature_rate_radpm2"":1.8215498984892728,""peak_lateral_slope"":5.54689583232444,""peak_negative_curvature_radpm"":-0.9875021539484986,""peak_positive_curvature_radpm"":1.2894758544329648,""signed_curvature_margin_radpm"":0.02679066464604629}","{""braking_deficit_m"":0,""braking_feasible"":true,""exit_reaches_next_obstacle"":false,""generation_index"":2017,""global_path_deviation_m"":10.034228954871594,""minimum_normalized_safety_slack"":-17.19755570313991,""velocity_loss"":0.22537212642377147}"
DVE012,M1,NEAR_BISECTED,RIGHT,2018,c537b5709a1817d3,M1_BRANCH_COMPLETE_ACTIVE_SET_CLOSURE,ACTIVE_OUTER,SAME_SIGN_NEGATIVE__SIGN_CHANGE__SAME_SIGN_POSITIVE,True,False,-0.4058738239266747,0.16420911436709762,-0.7704369119633374,-0.7704369119633362,0,ACTIVE_OUTER,CORRIDOR_BOTTLENECK,CORRIDOR_CENTER,0.514593244401687,7.397546202396385,0.0943712732550605,0.1553537068747124,0.16420911436709762,0.17306452185948284,18.729850864518212,True,False,footprint_track_bound,"{""center_track_margin_m"":0.8624405981457177,""d_m"":-0.4225594018542824,""footprint_invalid"":false,""footprint_track_margin_m"":0.5592936438407546,""s_m"":5.014492630236832,""x_m"":-8.787519993492804,""y_m"":0.9386297593760935,""yaw_rad"":-0.6241431214548411}","{""center_track_m"":-25.646333554709894,""curvature_rate_margin_radpm2"":18.17845510631452,""footprint_track_m"":-25.84703538871878,""lateral_slope_margin"":-4.746895832324433,""obstacle_m"":1.5,""peak_curvature_rate_radpm2"":1.8215448936854806,""peak_lateral_slope"":5.546895832324433,""peak_negative_curvature_radpm"":-0.9874998964682614,""peak_positive_curvature_radpm"":1.2894758544328313,""signed_curvature_margin_radpm"":0.02679066464617974}","{""braking_deficit_m"":0,""braking_feasible"":true,""exit_reaches_next_obstacle"":false,""generation_index"":2018,""global_path_deviation_m"":10.034228948694151,""minimum_normalized_safety_slack"":-17.19755570313993,""velocity_loss"":0.22537208857770383}"
DVE012,M1,NEAR_BISECTED,RIGHT,2019,5193756c0e4f09dd,M1_BRANCH_COMPLETE_ACTIVE_SET_CLOSURE,ACTIVE_OUTER,SAME_SIGN_NEGATIVE__SIGN_CHANGE__SAME_SIGN_POSITIVE,True,False,-0.4058738239266747,0.16420911436709762,-0.7704369119633374,-0.7704369119633376,0,ACTIVE_OUTER,CORRIDOR_BOTTLENECK,CORRIDOR_CENTER,0.5145871687083691,7.397546202396385,0.09437199326172302,0.1553537068747124,0.16420911436709762,0.17306452185948284,18.729850864518212,True,False,footprint_track_bound,"{""center_track_margin_m"":0.8624408915971795,""d_m"":-0.4225591084028206,""footprint_invalid"":false,""footprint_track_margin_m"":0.5592938163807277,""s_m"":5.014492630236832,""x_m"":-8.787519878882305,""y_m"":0.9386300295208589,""yaw_rad"":-0.6241439160842486}","{""center_track_m"":-25.646333554710008,""curvature_rate_margin_radpm2"":18.178457608903894,""footprint_track_m"":-25.84703538871889,""lateral_slope_margin"":-4.746895832324461,""obstacle_m"":1.5,""peak_curvature_rate_radpm2"":1.8215423910961044,""peak_lateral_slope"":5.546895832324461,""peak_negative_curvature_radpm"":-0.9874987676434649,""peak_positive_curvature_radpm"":1.2894758544329967,""signed_curvature_margin_radpm"":0.026790664646014317}","{""braking_deficit_m"":0,""braking_feasible"":true,""exit_reaches_next_obstacle"":false,""generation_index"":2019,""global_path_deviation_m"":10.034228945605298,""minimum_normalized_safety_slack"":-17.197555703140008,""velocity_loss"":0.2253720696530713}"
DVE012,M1,NEAR_BISECTED,RIGHT,2020,e20496e245a44e7a,M1_BRANCH_COMPLETE_ACTIVE_SET_CLOSURE,ACTIVE_OUTER,SAME_SIGN_NEGATIVE__SIGN_CHANGE__SAME_SIGN_POSITIVE,True,False,-0.4058738239266747,0.16420911436709762,-0.7704369119633374,-0.7704369119633351,0,ACTIVE_OUTER,CORRIDOR_BOTTLENECK,CORRIDOR_CENTER,0.5145841308617101,7.397546202396385,0.09437235326505428,0.1553537068747124,0.16420911436709762,0.17306452185948284,18.729850864518212,True,False,footprint_track_bound,"{""center_track_margin_m"":0.86244103832841,""d_m"":-0.42255896167159007,""footprint_invalid"":false,""footprint_track_margin_m"":0.5592939026540494,""s_m"":5.014492630236832,""x_m"":-8.787519821574909,""y_m"":0.9386301645983046,""yaw_rad"":-0.6241443134136568}","{""center_track_m"":-25.646333554709827,""curvature_rate_margin_radpm2"":18.178458860245676,""footprint_track_m"":-25.847035388718695,""lateral_slope_margin"":-4.746895832324426,""obstacle_m"":1.5,""peak_curvature_rate_radpm2"":1.821541139754323,""peak_lateral_slope"":5.5468958323244255,""peak_negative_curvature_radpm"":-0.987498203209839,""peak_positive_curvature_radpm"":1.2894758544330294,""signed_curvature_margin_radpm"":0.026790664645981677}","{""braking_deficit_m"":0,""braking_feasible"":true,""exit_reaches_next_obstacle"":false,""generation_index"":2020,""global_path_deviation_m"":10.034228944060583,""minimum_normalized_safety_slack"":-17.197555703139887,""velocity_loss"":0.22537206019062744}"
DVE012,M1,NEAR_BISECTED,RIGHT,2021,f2027de0d2c3a3c1,M1_BRANCH_COMPLETE_ACTIVE_SET_CLOSURE,ACTIVE_OUTER,SAME_SIGN_NEGATIVE__SIGN_CHANGE__SAME_SIGN_POSITIVE,True,False,-0.4058738239266747,0.16420911436709762,-0.7704369119633374,-0.770436911963337,0,ACTIVE_OUTER,CORRIDOR_BOTTLENECK,CORRIDOR_CENTER,0.5145826119383806,7.397546202396385,0.0943725332667199,0.1553537068747124,0.16420911436709762,0.17306452185948284,18.729850864518212,True,False,footprint_track_bound,"{""center_track_margin_m"":0.8624411116954003,""d_m"":-0.42255888830459987,""footprint_invalid"":false,""footprint_track_margin_m"":0.5592939457915568,""s_m"":5.014492630236832,""x_m"":-8.787519792920675,""y_m"":0.9386302321382931,""yaw_rad"":-0.6241445120819449}","{""center_track_m"":-25.64633355470995,""curvature_rate_margin_radpm2"":18.178459485928762,""footprint_track_m"":-25.847035388718837,""lateral_slope_margin"":-4.746895832324447,""obstacle_m"":1.5,""peak_curvature_rate_radpm2"":1.8215405140712368,""peak_lateral_slope"":5.546895832324447,""peak_negative_curvature_radpm"":-0.9874979209877591,""peak_positive_curvature_radpm"":1.2894758544329066,""signed_curvature_margin_radpm"":0.026790664646104467}","{""braking_deficit_m"":0,""braking_feasible"":true,""exit_reaches_next_obstacle"":false,""generation_index"":2021,""global_path_deviation_m"":10.034228943288387,""minimum_normalized_safety_slack"":-17.19755570313997,""velocity_loss"":0.22537205545911101}"
DVE012,M1,NEAR_BISECTED,RIGHT,2022,c9fda35a60724935,M1_BRANCH_COMPLETE_ACTIVE_SET_CLOSURE,ACTIVE_OUTER,SAME_SIGN_NEGATIVE__SIGN_CHANGE__SAME_SIGN_POSITIVE,True,False,-0.4058738239266747,0.16420911436709762,-0.7704369119633374,-0.7704369119633364,0,ACTIVE_OUTER,CORRIDOR_BOTTLENECK,CORRIDOR_CENTER,0.5145818524767158,7.397546202396385,0.09437262326755272,0.1553537068747124,0.16420911436709762,0.17306452185948284,18.729850864518212,True,False,footprint_track_bound,"{""center_track_margin_m"":0.862441148379239,""d_m"":-0.4225588516207611,""footprint_invalid"":false,""footprint_track_margin_m"":0.5592939673604778,""s_m"":5.014492630236832,""x_m"":-8.787519778593422,""y_m"":0.9386302659086037,""yaw_rad"":-0.6241446114172856}","{""center_track_m"":-25.646333554709877,""curvature_rate_margin_radpm2"":18.178459798772803,""footprint_track_m"":-25.84703538871878,""lateral_slope_margin"":-4.74689583232444,""obstacle_m"":1.5,""peak_curvature_rate_radpm2"":1.8215402012271957,""peak_lateral_slope"":5.54689583232444,""peak_negative_curvature_radpm"":-0.9874977798756155,""peak_positive_curvature_radpm"":1.289475854432827,""signed_curvature_margin_radpm"":0.02679066464618396}","{""braking_deficit_m"":0,""braking_feasible"":true,""exit_reaches_next_obstacle"":false,""generation_index"":2022,""global_path_deviation_m"":10.03422894290204,""minimum_normalized_safety_slack"":-17.19755570313992,""velocity_loss"":0.22537205309365643}"
DVE012,M1,NEAR_BISECTED,RIGHT,2023,c677142e7a25688a,M1_BRANCH_COMPLETE_ACTIVE_SET_CLOSURE,ACTIVE_OUTER,SAME_SIGN_NEGATIVE__SIGN_CHANGE__SAME_SIGN_POSITIVE,True,False,-0.4058738239266747,0.16420911436709762,-0.7704369119633374,-0.7704369119633357,0,ACTIVE_OUTER,CORRIDOR_BOTTLENECK,CORRIDOR_CENTER,0.5145814727458835,7.397546202396385,0.09437266826796913,0.1553537068747124,0.16420911436709762,0.17306452185948284,18.729850864518212,True,False,footprint_track_bound,"{""center_track_margin_m"":0.8624411667212447,""d_m"":-0.42255883327875543,""footprint_invalid"":false,""footprint_track_margin_m"":0.5592939781450532,""s_m"":5.014492630236832,""x_m"":-8.787519771429762,""y_m"":0.9386302827938384,""yaw_rad"":-0.6241446610847609}","{""center_track_m"":-25.646333554709845,""curvature_rate_margin_radpm2"":18.178459955195603,""footprint_track_m"":-25.84703538871875,""lateral_slope_margin"":-4.746895832324433,""obstacle_m"":1.5,""peak_curvature_rate_radpm2"":1.8215400448043966,""peak_lateral_slope"":5.546895832324433,""peak_negative_curvature_radpm"":-0.9874977093189792,""peak_positive_curvature_radpm"":1.2894758544328702,""signed_curvature_margin_radpm"":0.026790664646140883}","{""braking_deficit_m"":0,""braking_feasible"":true,""exit_reaches_next_obstacle"":false,""generation_index"":2023,""global_path_deviation_m"":10.034228942708992,""minimum_normalized_safety_slack"":-17.197555703139898,""velocity_loss"":0.2253720519107033}"
DVE013,M1,ZERO_BOUNDARY_SHORT,RIGHT,2000,cb5f312d80e9ca42,M1_BRANCH_COMPLETE_ACTIVE_SET_CLOSURE,ZERO_INTERFACE,ZERO_RIGHT__ZERO_BOTH__ZERO_LEFT,True,False,-0.6636540297723931,,,-0.6636540297723931,0,ZERO_INTERFACE,NONE,NONE,0.5145810930150512,0.4971684162574945,0,0.8139859695275161,0.820330607772944,0.8266752460183717,2.073825020334035,True,False,d-offset intersects an inflated static-obstacle box,"{""center_track_margin_m"":0.8346944423593039,""d_m"":-0.02530555764069613,""footprint_invalid"":false,""footprint_track_margin_m"":0.5761389906024461,""s_m"":17.05486345056723,""x_m"":3.3208903842600614,""y_m"":-0.05472655767088126,""yaw_rad"":-0.6496861041240066}","{""center_track_m"":0.19713857236252322,""curvature_rate_margin_radpm2"":12.334541542317112,""footprint_track_m"":-0.003080077093827259,""lateral_slope_margin"":-0.5023320877772559,""obstacle_m"":-0.58471463523636,""peak_curvature_rate_radpm2"":7.665458457682888,""peak_lateral_slope"":1.302332087777256,""peak_negative_curvature_radpm"":-2.1625532230098723,""peak_positive_curvature_radpm"":1.6744763568500678,""signed_curvature_margin_radpm"":-1.0184775835471993}","{""braking_deficit_m"":0,""braking_feasible"":true,""exit_reaches_next_obstacle"":false,""generation_index"":2000,""global_path_deviation_m"":0.09603347978695034,""minimum_normalized_safety_slack"":-0.8902187481463533,""velocity_loss"":0.31947874627648704}"
DVE013,M1,ZERO_BOUNDARY_SHORT,LEFT,2001,694e2869d04c3994,M1_BRANCH_COMPLETE_ACTIVE_SET_CLOSURE,ZERO_INTERFACE,ZERO_RIGHT__ZERO_BOTH__ZERO_LEFT,True,False,0.5629339357582317,,,0.5629339357582317,0,ZERO_INTERFACE,NONE,NONE,0.5145810930150512,0.4971684162574945,0,0.7192489873857647,0.7729621167020682,0.8266752460183717,3.898445146350162,True,False,d-offset intersects an inflated static-obstacle box,"{""center_track_margin_m"":0.8636020664535017,""d_m"":0.003602066453501737,""footprint_invalid"":false,""footprint_track_margin_m"":0.5563441745656695,""s_m"":17.05486345056723,""x_m"":3.3237211878503015,""y_m"":-0.02595787188572708,""yaw_rad"":0.7244351205059253}","{""center_track_m"":0.37216463804965727,""curvature_rate_margin_radpm2"":15.440060213569597,""footprint_track_m"":0.12355339292604828,""lateral_slope_margin"":-0.3033796536225115,""obstacle_m"":-0.5558070111421622,""peak_curvature_rate_radpm2"":4.559939786430403,""peak_lateral_slope"":1.1033796536225116,""peak_negative_curvature_radpm"":-1.496322364380569,""peak_positive_curvature_radpm"":0.6049642559196453,""signed_curvature_margin_radpm"":-0.352246724917896}","{""braking_deficit_m"":0,""braking_feasible"":true,""exit_reaches_next_obstacle"":false,""generation_index"":2001,""global_path_deviation_m"":0.12050672500172192,""minimum_normalized_safety_slack"":-0.37053800742810816,""velocity_loss"":0.2686806680122285}"
DVE013,M1,ZERO_BOUNDARY_SPAN,RIGHT,2002,cb5f312d80e9ca42,M1_BRANCH_COMPLETE_ACTIVE_SET_CLOSURE,ZERO_INTERFACE,ZERO_RIGHT__ZERO_BOTH__ZERO_LEFT,True,False,-0.6636540297723931,,,-0.6636540297723931,0,ZERO_INTERFACE,NONE,NONE,0.7136694116555473,0.4971684162574945,0,0.8139859695275161,0.820330607772944,0.8266752460183717,2.073825020334035,True,False,d-offset intersects an inflated static-obstacle box,"{""center_track_margin_m"":0.8346944423593039,""d_m"":-0.02530555764069613,""footprint_invalid"":false,""footprint_track_margin_m"":0.5761389906024461,""s_m"":17.05486345056723,""x_m"":3.3208903842600614,""y_m"":-0.05472655767088126,""yaw_rad"":-0.6496861041240066}","{""center_track_m"":0.19713857236252322,""curvature_rate_margin_radpm2"":12.334541542317112,""footprint_track_m"":-0.003080077093827259,""lateral_slope_margin"":-0.5023320877772559,""obstacle_m"":-0.58471463523636,""peak_curvature_rate_radpm2"":7.665458457682888,""peak_lateral_slope"":1.302332087777256,""peak_negative_curvature_radpm"":-2.1625532230098723,""peak_positive_curvature_radpm"":1.6744763568500678,""signed_curvature_margin_radpm"":-1.0184775835471993}","{""braking_deficit_m"":0,""braking_feasible"":true,""exit_reaches_next_obstacle"":false,""generation_index"":2002,""global_path_deviation_m"":0.09603347978695034,""minimum_normalized_safety_slack"":-0.8902187481463533,""velocity_loss"":0.31947874627648704}"
DVE013,M1,ZERO_BOUNDARY_SPAN,LEFT,2003,694e2869d04c3994,M1_BRANCH_COMPLETE_ACTIVE_SET_CLOSURE,ZERO_INTERFACE,ZERO_RIGHT__ZERO_BOTH__ZERO_LEFT,True,False,0.5629339357582317,,,0.5629339357582317,0,ZERO_INTERFACE,NONE,NONE,0.7136694116555473,0.4971684162574945,0,0.7192489873857647,0.7729621167020682,0.8266752460183717,3.898445146350162,True,False,d-offset intersects an inflated static-obstacle box,"{""center_track_margin_m"":0.8636020664535017,""d_m"":0.003602066453501737,""footprint_invalid"":false,""footprint_track_margin_m"":0.5563441745656695,""s_m"":17.05486345056723,""x_m"":3.3237211878503015,""y_m"":-0.02595787188572708,""yaw_rad"":0.7244351205059253}","{""center_track_m"":0.37216463804965727,""curvature_rate_margin_radpm2"":15.440060213569597,""footprint_track_m"":0.12355339292604828,""lateral_slope_margin"":-0.3033796536225115,""obstacle_m"":-0.5558070111421622,""peak_curvature_rate_radpm2"":4.559939786430403,""peak_lateral_slope"":1.1033796536225116,""peak_negative_curvature_radpm"":-1.496322364380569,""peak_positive_curvature_radpm"":0.6049642559196453,""signed_curvature_margin_radpm"":-0.352246724917896}","{""braking_deficit_m"":0,""braking_feasible"":true,""exit_reaches_next_obstacle"":false,""generation_index"":2003,""global_path_deviation_m"":0.12050672500172192,""minimum_normalized_safety_slack"":-0.37053800742810816,""velocity_loss"":0.2686806680122285}"
DVE014,M0_V1,FROZEN_V1_CURVATURE_CONTINUITY,RIGHT,0,0e507f99fdbd7955,FROZEN_V1,ACTIVE_OUTER,SAME_SIGN_NEGATIVE__SIGN_CHANGE__SAME_SIGN_POSITIVE,False,True,-0.37068151566060736,0.16805805978815336,-0.4506815156606074,-0.4506815156606081,0,ACTIVE_OUTER,CURVATURE_CORRIDOR_CRITICAL,CONTINUITY_BIASED_SAFE_ANCHOR,0.5145810930150512,0.6049868191659147,0.09758096627528813,0.1606350427604024,0.16805805978815336,0.1754810768159043,1.6930939225119281,True,False,shifted race line exceeds right control steering curvature,"{""center_track_margin_m"":0.7861232275350528,""d_m"":-0.2613767724649473,""footprint_invalid"":false,""footprint_track_margin_m"":0.5119307695812464,""s_m"":6.017577691323427,""x_m"":-7.701035099254524,""y_m"":0.7916597521507196,""yaw_rad"":-0.6181527130022236}","{""center_track_m"":0.3226050630414255,""curvature_rate_margin_radpm2"":12.176261185764613,""footprint_track_m"":0.07375640273624054,""lateral_slope_margin"":-0.42284228408554947,""obstacle_m"":1.5,""peak_curvature_rate_radpm2"":7.823738814235386,""peak_lateral_slope"":1.2228422840855495,""peak_negative_curvature_radpm"":-1.9308830512637993,""peak_positive_curvature_radpm"":2.0813549418286397,""signed_curvature_margin_radpm"":-0.7868074118011263}","{""braking_deficit_m"":0,""braking_feasible"":true,""exit_reaches_next_obstacle"":false,""generation_index"":0,""global_path_deviation_m"":0.10114324107228102,""minimum_normalized_safety_slack"":-0.6877232454408859,""velocity_loss"":0.37282643158756495}"
DVE014,M0_V1,FROZEN_V1_CURVATURE_CONTINUITY,RIGHT,1,7c208f902c8e64a5,FROZEN_V1,ACTIVE_OUTER,SAME_SIGN_NEGATIVE__SIGN_CHANGE__SAME_SIGN_POSITIVE,False,True,-0.37068151566060736,0.16805805978815336,-0.4506815156606074,-0.4506815156606081,0,ACTIVE_OUTER,CURVATURE_CORRIDOR_CRITICAL,CONTINUITY_BIASED_SAFE_ANCHOR,0.5145810930150512,3.94735730932694,0.09758096627528813,0.1606350427604024,0.16805805978815336,0.1754810768159043,10.077449135303102,True,False,quintic d-offset exceeds maximum_lateral_slope,"{""center_track_margin_m"":0.7861232275350528,""d_m"":-0.2613767724649473,""footprint_invalid"":false,""footprint_track_margin_m"":0.5368854168611437,""s_m"":6.017577691323427,""x_m"":-7.701035099254524,""y_m"":0.7916597521507196,""yaw_rad"":-0.4784480975831929}","{""center_track_m"":-2.884424381955381,""curvature_rate_margin_radpm2"":18.86497514005583,""footprint_track_m"":-3.0614498357915823,""lateral_slope_margin"":-0.6079362948963798,""obstacle_m"":1.5,""peak_curvature_rate_radpm2"":1.1350248599441704,""peak_lateral_slope"":1.4079362948963798,""peak_negative_curvature_radpm"":-0.49584993953783935,""peak_positive_curvature_radpm"":0.7398208338947357,""signed_curvature_margin_radpm"":0.5764456851842753}","{""braking_deficit_m"":0,""braking_feasible"":true,""exit_reaches_next_obstacle"":false,""generation_index"":1,""global_path_deviation_m"":1.2665586952745997,""minimum_normalized_safety_slack"":-2.022949587970254,""velocity_loss"":0.30412159198397026}"
DVE014,M0_V1,FROZEN_V1_CURVATURE_CONTINUITY,RIGHT,2,b1b7d501bbcd8747,FROZEN_V1,ACTIVE_OUTER,SAME_SIGN_NEGATIVE__SIGN_CHANGE__SAME_SIGN_POSITIVE,False,True,-0.37068151566060736,0.16805805978815336,-0.4506815156606074,-0.4506815156606081,0,ACTIVE_OUTER,CURVATURE_CORRIDOR_CRITICAL,CONTINUITY_BIASED_SAFE_ANCHOR,0.5145810930150512,7.397546202396385,0.09758096627528813,0.1606350427604024,0.16805805978815336,0.1754810768159043,18.73226741947463,True,False,footprint_track_bound,"{""center_track_margin_m"":0.7861232275350528,""d_m"":-0.2613767724649473,""footprint_invalid"":false,""footprint_track_margin_m"":0.517110685076736,""s_m"":6.017577691323427,""x_m"":-7.701035099254524,""y_m"":0.7916597521507196,""yaw_rad"":-0.5866219225489566}","{""center_track_m"":-6.156207467578612,""curvature_rate_margin_radpm2"":17.698070038307794,""footprint_track_m"":-6.32134826402866,""lateral_slope_margin"":-0.6322973347574072,""obstacle_m"":1.5,""peak_curvature_rate_radpm2"":2.3019299616922053,""peak_lateral_slope"":1.4322973347574073,""peak_negative_curvature_radpm"":-0.5609754369670444,""peak_positive_curvature_radpm"":0.8135612000476717,""signed_curvature_margin_radpm"":0.5027053190313393}","{""braking_deficit_m"":0,""braking_feasible"":true,""exit_reaches_next_obstacle"":false,""generation_index"":2,""global_path_deviation_m"":2.707686429710684,""minimum_normalized_safety_slack"":-4.204138311719075,""velocity_loss"":0.18660030437220296}"
DVE014,M0_V1,FROZEN_V1_CURVATURE_CONTINUITY,RIGHT,3,e365d1cff464920b,FROZEN_V1,ACTIVE_OUTER,SAME_SIGN_NEGATIVE__SIGN_CHANGE__SAME_SIGN_POSITIVE,False,True,-0.37068151566060736,0.16805805978815336,-0.4506815156606074,-0.4506815156606085,0,ACTIVE_OUTER,CURVATURE_CORRIDOR_CRITICAL,CONTINUITY_BIASED_SAFE_ANCHOR,1.310934367577036,0.6049868191659147,0,0.1606350427604024,0.16805805978815336,0.1754810768159043,1.6930939225119281,True,False,shifted race line exceeds right control steering curvature,"{""center_track_margin_m"":0.7150857674335406,""d_m"":-0.3324142325664595,""footprint_invalid"":false,""footprint_track_margin_m"":0.5039587444968329,""s_m"":6.017577691323427,""x_m"":-7.7119449213442275,""y_m"":0.7214650477945863,""yaw_rad"":-0.30403452723512536}","{""center_track_m"":0.3226050630414215,""curvature_rate_margin_radpm2"":9.703023176245608,""footprint_track_m"":0.07156240997474975,""lateral_slope_margin"":-0.4228422840855188,""obstacle_m"":1.5,""peak_curvature_rate_radpm2"":10.296976823754392,""peak_lateral_slope"":1.2228422840855189,""peak_negative_curvature_radpm"":-3.055708732858806,""peak_positive_curvature_radpm"":2.081354941828616,""signed_curvature_margin_radpm"":-1.9116330933961332}","{""braking_deficit_m"":0,""braking_feasible"":true,""exit_reaches_next_obstacle"":false,""generation_index"":3,""global_path_deviation_m"":0.10377425811307972,""minimum_normalized_safety_slack"":-1.6708974716863576,""velocity_loss"":0.3996613623577398}"
DVE014,M0_V1,FROZEN_V1_CURVATURE_CONTINUITY,RIGHT,4,30210f5301e614a2,FROZEN_V1,ACTIVE_OUTER,SAME_SIGN_NEGATIVE__SIGN_CHANGE__SAME_SIGN_POSITIVE,False,True,-0.37068151566060736,0.16805805978815336,-0.4506815156606074,-0.4506815156606085,0,ACTIVE_OUTER,CURVATURE_CORRIDOR_CRITICAL,CONTINUITY_BIASED_SAFE_ANCHOR,1.310934367577036,3.94735730932694,0,0.1606350427604024,0.16805805978815336,0.1754810768159043,10.077449135303102,True,False,quintic d-offset exceeds maximum_lateral_slope,"{""center_track_margin_m"":0.7150857674335406,""d_m"":-0.3324142325664595,""footprint_invalid"":false,""footprint_track_margin_m"":0.542534670765503,""s_m"":6.017577691323427,""x_m"":-7.7119449213442275,""y_m"":0.7214650477945863,""yaw_rad"":-0.15317072568447396}","{""center_track_m"":-2.8844243819553963,""curvature_rate_margin_radpm2"":18.864975140055915,""footprint_track_m"":-3.0614498357916,""lateral_slope_margin"":-0.6079362948963851,""obstacle_m"":1.5,""peak_curvature_rate_radpm2"":1.135024859944086,""peak_lateral_slope"":1.4079362948963852,""peak_negative_curvature_radpm"":-1.0173486740927669,""peak_positive_curvature_radpm"":0.7398208338947644,""signed_curvature_margin_radpm"":0.12672696536990613}","{""braking_deficit_m"":0,""braking_feasible"":true,""exit_reaches_next_obstacle"":false,""generation_index"":4,""global_path_deviation_m"":1.2677426529429663,""minimum_normalized_safety_slack"":-2.022949587970264,""velocity_loss"":0.30706379404538947}"
DVE014,M0_V1,FROZEN_V1_CURVATURE_CONTINUITY,RIGHT,5,343c178bc3f9f0ba,FROZEN_V1,ACTIVE_OUTER,SAME_SIGN_NEGATIVE__SIGN_CHANGE__SAME_SIGN_POSITIVE,False,True,-0.37068151566060736,0.16805805978815336,-0.4506815156606074,-0.4506815156606085,0,ACTIVE_OUTER,CURVATURE_CORRIDOR_CRITICAL,CONTINUITY_BIASED_SAFE_ANCHOR,1.310934367577036,7.397546202396385,0,0.1606350427604024,0.16805805978815336,0.1754810768159043,18.73226741947463,True,False,footprint_track_bound,"{""center_track_margin_m"":0.7150857674335406,""d_m"":-0.3324142325664595,""footprint_invalid"":false,""footprint_track_margin_m"":0.5255428776565395,""s_m"":6.017577691323427,""x_m"":-7.7119449213442275,""y_m"":0.7214650477945863,""yaw_rad"":-0.21633864558578672}","{""center_track_m"":-6.156207467578661,""curvature_rate_margin_radpm2"":18.81248054514198,""footprint_track_m"":-6.321348264028715,""lateral_slope_margin"":-0.6322973347574143,""obstacle_m"":1.5,""peak_curvature_rate_radpm2"":1.1875194548580201,""peak_lateral_slope"":1.4322973347574144,""peak_negative_curvature_radpm"":-0.5609754369670171,""peak_positive_curvature_radpm"":0.6189567306909051,""signed_curvature_margin_radpm"":0.5831002024956559}","{""braking_deficit_m"":0,""braking_feasible"":true,""exit_reaches_next_obstacle"":false,""generation_index"":5,""global_path_deviation_m"":2.708434192448684,""minimum_normalized_safety_slack"":-4.204138311719108,""velocity_loss"":0.18660030437214506}"
DVE014,M1,ZERO_BOUNDARY_SHORT,RIGHT,2000,a0f45e0a39cf9daf,M1_BRANCH_COMPLETE_ACTIVE_SET_CLOSURE,ZERO_INTERFACE,ZERO_RIGHT__ZERO_BOTH__ZERO_LEFT,True,False,-0.3789130544784104,,,-0.3789130544784104,0,ZERO_INTERFACE,NONE,NONE,0.5145810930150512,0.4971684162574945,0.09758096627528813,0.1606350427604024,0.16805805978815336,0.1754810768159043,1.4226308511315677,True,False,shifted race line exceeds left control steering curvature,"{""center_track_margin_m"":0.7861232275350528,""d_m"":-0.2613767724649473,""footprint_invalid"":false,""footprint_track_margin_m"":0.4850571336319434,""s_m"":6.017577691323427,""x_m"":-7.701035099254524,""y_m"":0.7916597521507196,""yaw_rad"":-0.8237870783347976}","{""center_track_m"":0.6648373399557361,""curvature_rate_margin_radpm2"":13.044024473250559,""footprint_track_m"":0.4850571336319434,""lateral_slope_margin"":0.27679414249350853,""obstacle_m"":1.5,""peak_curvature_rate_radpm2"":6.955975526749442,""peak_lateral_slope"":0.5232058575064915,""peak_negative_curvature_radpm"":-0.6727648286463379,""peak_positive_curvature_radpm"":2.5879408870700074,""signed_curvature_margin_radpm"":-1.2716743679909963}","{""braking_deficit_m"":0,""braking_feasible"":true,""exit_reaches_next_obstacle"":false,""generation_index"":2000,""global_path_deviation_m"":0.04382177633664583,""minimum_normalized_safety_slack"":-0.966122247704655,""velocity_loss"":0.31630709349826314}"
DVE014,M1,ZERO_BOUNDARY_SPAN,RIGHT,2001,a0f45e0a39cf9daf,M1_BRANCH_COMPLETE_ACTIVE_SET_CLOSURE,ZERO_INTERFACE,ZERO_RIGHT__ZERO_BOTH__ZERO_LEFT,True,False,-0.3789130544784104,,,-0.3789130544784104,0,ZERO_INTERFACE,NONE,NONE,0.7136694116555473,0.4971684162574945,0.07318572470646609,0.1606350427604024,0.16805805978815336,0.1754810768159043,1.4226308511315677,True,False,shifted race line exceeds left control steering curvature,"{""center_track_margin_m"":0.7861232275350528,""d_m"":-0.2613767724649473,""footprint_invalid"":false,""footprint_track_margin_m"":0.4850571336319434,""s_m"":6.017577691323427,""x_m"":-7.701035099254524,""y_m"":0.7916597521507196,""yaw_rad"":-0.8237870783347976}","{""center_track_m"":0.6648373399557361,""curvature_rate_margin_radpm2"":13.044024473250559,""footprint_track_m"":0.4850571336319434,""lateral_slope_margin"":0.27679414249350853,""obstacle_m"":1.5,""peak_curvature_rate_radpm2"":6.955975526749442,""peak_lateral_slope"":0.5232058575064915,""peak_negative_curvature_radpm"":-0.6727648286463379,""peak_positive_curvature_radpm"":2.5879408870700074,""signed_curvature_margin_radpm"":-1.2716743679909963}","{""braking_deficit_m"":0,""braking_feasible"":true,""exit_reaches_next_obstacle"":false,""generation_index"":2001,""global_path_deviation_m"":0.04382177633664583,""minimum_normalized_safety_slack"":-0.966122247704655,""velocity_loss"":0.31630709349826314}"
DVE014,M1,NEAR_LONG,RIGHT,2002,cae2fe5285cbd8d4,M1_BRANCH_COMPLETE_ACTIVE_SET_CLOSURE,ACTIVE_OUTER,SAME_SIGN_NEGATIVE__SIGN_CHANGE__SAME_SIGN_POSITIVE,True,False,-0.37068151566060736,0.16805805978815336,-0.6340907578303038,-0.6340907578303054,0,ACTIVE_OUTER,CORRIDOR_BOTTLENECK,CORRIDOR_CENTER,1.310934367577036,7.397546202396385,0,0.1606350427604024,0.16805805978815336,0.1754810768159043,18.73226741947463,True,False,shifted race line exceeds right control steering curvature,"{""center_track_margin_m"":0.6117339505769005,""d_m"":-0.4357660494230996,""footprint_invalid"":false,""footprint_track_margin_m"":0.4128369877150501,""s_m"":6.017577691323427,""x_m"":-7.727817531836527,""y_m"":0.6193393493454289,""yaw_rad"":0.12353731397347373}","{""center_track_m"":-21.995783518968462,""curvature_rate_margin_radpm2"":15.755520123846534,""footprint_track_m"":-22.18715623299435,""lateral_slope_margin"":-3.976385162475119,""obstacle_m"":1.5,""peak_curvature_rate_radpm2"":4.244479876153466,""peak_lateral_slope"":4.776385162475119,""peak_negative_curvature_radpm"":-2.2409437577512947,""peak_positive_curvature_radpm"":1.1799219147630964,""signed_curvature_margin_radpm"":-1.0968681182886217}","{""braking_deficit_m"":0,""braking_feasible"":true,""exit_reaches_next_obstacle"":false,""generation_index"":2002,""global_path_deviation_m"":8.658016504513316,""minimum_normalized_safety_slack"":-14.763855679312309,""velocity_loss"":0.22639946090966565}"
DVE015,M1,ZERO_BOUNDARY_SHORT,RIGHT,2000,162471aa1f3ff26f,M1_BRANCH_COMPLETE_ACTIVE_SET_CLOSURE,ZERO_INTERFACE,ZERO_RIGHT__ZERO_BOTH__ZERO_LEFT,True,False,-0.3418345568903602,,,-0.3418345568903602,0,ZERO_INTERFACE,NONE,NONE,0.5145810930150512,0.4971684162574945,0.02144182461636251,0.03529692875138801,0.12772409685336705,0.2201512649553461,1.4673010392710095,True,False,shifted race line exceeds left control steering curvature,"{""center_track_margin_m"":0.5431829247262006,""d_m"":-0.3418170752737995,""footprint_invalid"":false,""footprint_track_margin_m"":0.3304946593727915,""s_m"":1.754676741478801,""x_m"":-11.046787175052254,""y_m"":3.612629086592265,""yaw_rad"":-1.513707835849106}","{""center_track_m"":0.5431829247262006,""curvature_rate_margin_radpm2"":17.536484867885484,""footprint_track_m"":0.3304946593727915,""lateral_slope_margin"":0.31779325927612617,""obstacle_m"":0.006223239702639938,""peak_curvature_rate_radpm2"":2.4635151321145177,""peak_lateral_slope"":0.4822067407238739,""peak_negative_curvature_radpm"":-0.29543169570804845,""peak_positive_curvature_radpm"":1.3623956190855806,""signed_curvature_margin_radpm"":-0.04612910000656956}","{""braking_deficit_m"":0,""braking_feasible"":true,""exit_reaches_next_obstacle"":false,""generation_index"":2000,""global_path_deviation_m"":0.041816382340805994,""minimum_normalized_safety_slack"":-0.0350454101338428,""velocity_loss"":0.2260834780546783}"
DVE015,M1,ZERO_BOUNDARY_SPAN,RIGHT,2001,162471aa1f3ff26f,M1_BRANCH_COMPLETE_ACTIVE_SET_CLOSURE,ZERO_INTERFACE,ZERO_RIGHT__ZERO_BOTH__ZERO_LEFT,True,False,-0.3418345568903602,,,-0.3418345568903602,0,ZERO_INTERFACE,NONE,NONE,0.7136694116555473,0.4971684162574945,0.016081368462271883,0.03529692875138801,0.12772409685336705,0.2201512649553461,1.4673010392710095,True,False,shifted race line exceeds left control steering curvature,"{""center_track_margin_m"":0.5431829247262006,""d_m"":-0.3418170752737995,""footprint_invalid"":false,""footprint_track_margin_m"":0.3304946593727915,""s_m"":1.754676741478801,""x_m"":-11.046787175052254,""y_m"":3.612629086592265,""yaw_rad"":-1.513707835849106}","{""center_track_m"":0.5431829247262006,""curvature_rate_margin_radpm2"":17.536484867885484,""footprint_track_m"":0.3304946593727915,""lateral_slope_margin"":0.31779325927612617,""obstacle_m"":0.006223239702639938,""peak_curvature_rate_radpm2"":2.4635151321145177,""peak_lateral_slope"":0.4822067407238739,""peak_negative_curvature_radpm"":-0.29543169570804845,""peak_positive_curvature_radpm"":1.3623956190855806,""signed_curvature_margin_radpm"":-0.04612910000656956}","{""braking_deficit_m"":0,""braking_feasible"":true,""exit_reaches_next_obstacle"":false,""generation_index"":2001,""global_path_deviation_m"":0.041816382340805994,""minimum_normalized_safety_slack"":-0.0350454101338428,""velocity_loss"":0.2260834780546783}"
DVE016,M0_V1,FROZEN_V1_CURVATURE_CONTINUITY,LEFT,0,cf2f5d7eb5813609,FROZEN_V1,ACTIVE_OUTER,SAME_SIGN_POSITIVE__SIGN_CHANGE__SAME_SIGN_NEGATIVE,False,False,0.15,1.3112822595681415,0.15497553925396618,0.18631573843910426,0,ACTIVE_OUTER,CURVATURE_CORRIDOR_CRITICAL,CONTINUITY_BIASED_SAFE_ANCHOR,0.5145810930150512,0.5904752484623668,0,1.3962406449589528,1.3982480403886521,1.4002554358183517,5.04852438413832,True,False,d-offset intersects an inflated static-obstacle box,"{""center_track_margin_m"":0.38527197321133094,""d_m"":-0.9372280267886691,""footprint_invalid"":false,""footprint_track_margin_m"":0.028047835536356515,""s_m"":22.31989679798706,""x_m"":9.044683126858608,""y_m"":-0.23152330585359626,""yaw_rad"":1.147507620019385}","{""center_track_m"":-1.0948710128922667,""curvature_rate_margin_radpm2"":-24.24759175993303,""footprint_track_m"":-1.4789960922342285,""lateral_slope_margin"":-1.726316354110973,""obstacle_m"":-0.2440156635273656,""peak_curvature_rate_radpm2"":44.24759175993303,""peak_lateral_slope"":2.526316354110973,""peak_negative_curvature_radpm"":-3.989558037190421,""peak_positive_curvature_radpm"":12.945003639294587,""signed_curvature_margin_radpm"":-11.628737120215575}","{""braking_deficit_m"":0,""braking_feasible"":true,""exit_reaches_next_obstacle"":false,""generation_index"":0,""global_path_deviation_m"":0.4833635566494318,""minimum_normalized_safety_slack"":-8.834637173900145,""velocity_loss"":0.32180983366716237}"
DVE016,M0_V1,FROZEN_V1_CURVATURE_CONTINUITY,LEFT,1,7330cacb2ad909b3,FROZEN_V1,ACTIVE_OUTER,SAME_SIGN_POSITIVE__SIGN_CHANGE__SAME_SIGN_NEGATIVE,False,False,0.15,1.3112822595681415,0.15497553925396618,0.18631573843910426,0,ACTIVE_OUTER,CURVATURE_CORRIDOR_CRITICAL,CONTINUITY_BIASED_SAFE_ANCHOR,0.5145810930150512,3.4829870468134074,0,1.3962406449589528,1.3982480403886521,1.4002554358183517,22.919994871771824,True,False,d-offset intersects an inflated static-obstacle box,"{""center_track_margin_m"":0.38527197321133094,""d_m"":-0.9372280267886691,""footprint_invalid"":false,""footprint_track_margin_m"":0.028047835536356515,""s_m"":22.31989679798706,""x_m"":9.044683126858608,""y_m"":-0.23152330585359626,""yaw_rad"":1.147507620019385}","{""center_track_m"":-12.335395073664834,""curvature_rate_margin_radpm2"":3.082868020179042,""footprint_track_m"":-12.546626975398567,""lateral_slope_margin"":-1.726316354110973,""obstacle_m"":-0.2440156635273656,""peak_curvature_rate_radpm2"":16.917131979820958,""peak_lateral_slope"":2.526316354110973,""peak_negative_curvature_radpm"":-4.92670275000562,""peak_positive_curvature_radpm"":2.5760232058429637,""signed_curvature_margin_radpm"":-3.782627110542947}","{""braking_deficit_m"":0,""braking_feasible"":true,""exit_reaches_next_obstacle"":false,""generation_index"":1,""global_path_deviation_m"":5.090885062768947,""minimum_normalized_safety_slack"":-8.323596715776556,""velocity_loss"":0.18344708899997647}"
DVE016,M0_V1,FROZEN_V1_CURVATURE_CONTINUITY,LEFT,2,752bdb0a987858c2,FROZEN_V1,ACTIVE_OUTER,SAME_SIGN_POSITIVE__SIGN_CHANGE__SAME_SIGN_NEGATIVE,False,False,0.15,1.3112822595681415,0.15497553925396618,0.18631573843910426,0,ACTIVE_OUTER,CURVATURE_CORRIDOR_CRITICAL,CONTINUITY_BIASED_SAFE_ANCHOR,0.5145810930150512,6.46880567736932,0,1.3962406449589528,1.3982480403886521,1.4002554358183517,41.36796440739351,True,False,footprint_track_bound,"{""center_track_margin_m"":0.38527197321133094,""d_m"":-0.9372280267886691,""footprint_invalid"":true,""footprint_track_margin_m"":-0.02071650406170008,""s_m"":22.31989679798706,""x_m"":9.044683126858608,""y_m"":-0.23152330585359626,""yaw_rad"":0.3826276565321937}","{""center_track_m"":-24.208260092884203,""curvature_rate_margin_radpm2"":-7.572916150509336,""footprint_track_m"":-24.356028313495674,""lateral_slope_margin"":-1.726316354110973,""obstacle_m"":-0.2440156635273656,""peak_curvature_rate_radpm2"":27.572916150509336,""peak_lateral_slope"":2.526316354110973,""peak_negative_curvature_radpm"":-4.565219566399442,""peak_positive_curvature_radpm"":7.3801830516403495,""signed_curvature_margin_radpm"":-6.063916532561338}","{""braking_deficit_m"":0,""braking_feasible"":true,""exit_reaches_next_obstacle"":false,""generation_index"":2,""global_path_deviation_m"":10.451660716392896,""minimum_normalized_safety_slack"":-16.2388400619228,""velocity_loss"":0.24087741210536193}"
DVE016,M0_V1,FROZEN_V1_CURVATURE_CONTINUITY,LEFT,3,cf2f5d7eb5813609,FROZEN_V1,ACTIVE_OUTER,SAME_SIGN_POSITIVE__SIGN_CHANGE__SAME_SIGN_NEGATIVE,False,False,0.15,1.3112822595681415,0.15497553925396618,0.18631573843910426,0,ACTIVE_OUTER,CURVATURE_CORRIDOR_CRITICAL,CONTINUITY_BIASED_SAFE_ANCHOR,1.310934367577036,0.5904752484623668,0,1.3962406449589528,1.3982480403886521,1.4002554358183517,5.04852438413832,True,False,d-offset intersects an inflated static-obstacle box,"{""center_track_margin_m"":0.38527197321133094,""d_m"":-0.9372280267886691,""footprint_invalid"":false,""footprint_track_margin_m"":0.028047835536356515,""s_m"":22.31989679798706,""x_m"":9.044683126858608,""y_m"":-0.23152330585359626,""yaw_rad"":1.147507620019385}","{""center_track_m"":-1.0948710128922667,""curvature_rate_margin_radpm2"":-24.24759175993303,""footprint_track_m"":-1.4789960922342285,""lateral_slope_margin"":-1.726316354110973,""obstacle_m"":-0.2440156635273656,""peak_curvature_rate_radpm2"":44.24759175993303,""peak_lateral_slope"":2.526316354110973,""peak_negative_curvature_radpm"":-3.989558037190421,""peak_positive_curvature_radpm"":12.945003639294587,""signed_curvature_margin_radpm"":-11.628737120215575}","{""braking_deficit_m"":0,""braking_feasible"":true,""exit_reaches_next_obstacle"":false,""generation_index"":3,""global_path_deviation_m"":0.4833635566494318,""minimum_normalized_safety_slack"":-8.834637173900145,""velocity_loss"":0.32180983366716237}"
DVE016,M0_V1,FROZEN_V1_CURVATURE_CONTINUITY,LEFT,4,7330cacb2ad909b3,FROZEN_V1,ACTIVE_OUTER,SAME_SIGN_POSITIVE__SIGN_CHANGE__SAME_SIGN_NEGATIVE,False,False,0.15,1.3112822595681415,0.15497553925396618,0.18631573843910426,0,ACTIVE_OUTER,CURVATURE_CORRIDOR_CRITICAL,CONTINUITY_BIASED_SAFE_ANCHOR,1.310934367577036,3.4829870468134074,0,1.3962406449589528,1.3982480403886521,1.4002554358183517,22.919994871771824,True,False,d-offset intersects an inflated static-obstacle box,"{""center_track_margin_m"":0.38527197321133094,""d_m"":-0.9372280267886691,""footprint_invalid"":false,""footprint_track_margin_m"":0.028047835536356515,""s_m"":22.31989679798706,""x_m"":9.044683126858608,""y_m"":-0.23152330585359626,""yaw_rad"":1.147507620019385}","{""center_track_m"":-12.335395073664834,""curvature_rate_margin_radpm2"":3.082868020179042,""footprint_track_m"":-12.546626975398567,""lateral_slope_margin"":-1.726316354110973,""obstacle_m"":-0.2440156635273656,""peak_curvature_rate_radpm2"":16.917131979820958,""peak_lateral_slope"":2.526316354110973,""peak_negative_curvature_radpm"":-4.92670275000562,""peak_positive_curvature_radpm"":2.5760232058429637,""signed_curvature_margin_radpm"":-3.782627110542947}","{""braking_deficit_m"":0,""braking_feasible"":true,""exit_reaches_next_obstacle"":false,""generation_index"":4,""global_path_deviation_m"":5.090885062768947,""minimum_normalized_safety_slack"":-8.323596715776556,""velocity_loss"":0.18344708899997647}"
DVE016,M0_V1,FROZEN_V1_CURVATURE_CONTINUITY,LEFT,5,752bdb0a987858c2,FROZEN_V1,ACTIVE_OUTER,SAME_SIGN_POSITIVE__SIGN_CHANGE__SAME_SIGN_NEGATIVE,False,False,0.15,1.3112822595681415,0.15497553925396618,0.18631573843910426,0,ACTIVE_OUTER,CURVATURE_CORRIDOR_CRITICAL,CONTINUITY_BIASED_SAFE_ANCHOR,1.310934367577036,6.46880567736932,0,1.3962406449589528,1.3982480403886521,1.4002554358183517,41.36796440739351,True,False,footprint_track_bound,"{""center_track_margin_m"":0.38527197321133094,""d_m"":-0.9372280267886691,""footprint_invalid"":true,""footprint_track_margin_m"":-0.02071650406170008,""s_m"":22.31989679798706,""x_m"":9.044683126858608,""y_m"":-0.23152330585359626,""yaw_rad"":0.3826276565321937}","{""center_track_m"":-24.208260092884203,""curvature_rate_margin_radpm2"":-7.572916150509336,""footprint_track_m"":-24.356028313495674,""lateral_slope_margin"":-1.726316354110973,""obstacle_m"":-0.2440156635273656,""peak_curvature_rate_radpm2"":27.572916150509336,""peak_lateral_slope"":2.526316354110973,""peak_negative_curvature_radpm"":-4.565219566399442,""peak_positive_curvature_radpm"":7.3801830516403495,""signed_curvature_margin_radpm"":-6.063916532561338}","{""braking_deficit_m"":0,""braking_feasible"":true,""exit_reaches_next_obstacle"":false,""generation_index"":5,""global_path_deviation_m"":10.451660716392896,""minimum_normalized_safety_slack"":-16.2388400619228,""velocity_loss"":0.24087741210536193}"
DVE016,M1,NEAR_LONG,LEFT,2000,645dd6e4786388bb,M1_BRANCH_COMPLETE_ACTIVE_SET_CLOSURE,ACTIVE_OUTER,SAME_SIGN_POSITIVE__SIGN_CHANGE__SAME_SIGN_NEGATIVE,True,False,0.15,1.3112822595681415,0.5737377696269832,0.38290877758527003,0,ACTIVE_OUTER,CORRIDOR_BOTTLENECK,CORRIDOR_CENTER,1.310934367577036,6.46880567736932,0,1.3962406449589528,1.3982480403886521,1.4002554358183517,41.36796440739351,True,False,d-offset intersects an inflated static-obstacle box,"{""center_track_margin_m"":0.5149171372997998,""d_m"":-0.8075828627002002,""footprint_invalid"":false,""footprint_track_margin_m"":0.10602696301494177,""s_m"":22.31989679798706,""x_m"":8.949247682997186,""y_m"":-0.14377397750004706,""yaw_rad"":0.9686097498822239}","{""center_track_m"":-159.47541723623422,""curvature_rate_margin_radpm2"":-55.90383895898364,""footprint_track_m"":-159.57494273966276,""lateral_slope_margin"":-14.921744246748169,""obstacle_m"":-0.11437049943889666,""peak_curvature_rate_radpm2"":75.90383895898364,""peak_lateral_slope"":15.72174424674817,""peak_negative_curvature_radpm"":-1.8812979599487676,""peak_positive_curvature_radpm"":19.117282481177522,""signed_curvature_margin_radpm"":-17.80101596209851}","{""braking_deficit_m"":0,""braking_feasible"":true,""exit_reaches_next_obstacle"":false,""generation_index"":2000,""global_path_deviation_m"":66.7510993530883,""minimum_normalized_safety_slack"":-106.41694482415615,""velocity_loss"":0.15157632339954832}"
DVE017,M1,ZERO_BOUNDARY_SHORT,RIGHT,2000,66fdb366fb54a4e0,M1_BRANCH_COMPLETE_ACTIVE_SET_CLOSURE,ZERO_INTERFACE,ZERO_RIGHT__ZERO_BOTH__ZERO_LEFT,True,False,-0.3418345568903602,,,-0.3418345568903602,0,ZERO_INTERFACE,NONE,NONE,0.5145810930150512,0.4971684162574945,0.1117432360806523,0.18394857307891854,0.2763757411808976,0.3688029092828766,1.61595268359854,True,False,shifted race line exceeds right control steering curvature,"{""center_track_margin_m"":0.3281986867537301,""d_m"":-0.48180131324627,""footprint_invalid"":false,""footprint_track_margin_m"":0.030220112208792317,""s_m"":1.5040652480150138,""x_m"":-11.215769148174648,""y_m"":3.907419558459516,""yaw_rad"":-0.9226066423878552}","{""center_track_m"":0.3281986867537301,""curvature_rate_margin_radpm2"":16.163895304211138,""footprint_track_m"":0.030220112208792317,""lateral_slope_margin"":0.24142929744481978,""obstacle_m"":0.006223239702639938,""peak_curvature_rate_radpm2"":3.836104695788862,""peak_lateral_slope"":0.5585707025551803,""peak_negative_curvature_radpm"":-1.2805653679219047,""peak_positive_curvature_radpm"":0.7044620877744658,""signed_curvature_margin_radpm"":-0.13648972845923169}","{""braking_deficit_m"":0,""braking_feasible"":true,""exit_reaches_next_obstacle"":false,""generation_index"":2000,""global_path_deviation_m"":0.05811212052248985,""minimum_normalized_safety_slack"":-0.11930131518518784,""velocity_loss"":0.18201632364565934}"
DVE017,M1,ZERO_BOUNDARY_SPAN,RIGHT,2001,66fdb366fb54a4e0,M1_BRANCH_COMPLETE_ACTIVE_SET_CLOSURE,ZERO_INTERFACE,ZERO_RIGHT__ZERO_BOTH__ZERO_LEFT,True,False,-0.3418345568903602,,,-0.3418345568903602,0,ZERO_INTERFACE,NONE,NONE,0.7136694116555473,0.4971684162574945,0.08380742706048923,0.18394857307891854,0.2763757411808976,0.3688029092828766,1.61595268359854,True,False,shifted race line exceeds right control steering curvature,"{""center_track_margin_m"":0.3281986867537301,""d_m"":-0.48180131324627,""footprint_invalid"":false,""footprint_track_margin_m"":0.030220112208792317,""s_m"":1.5040652480150138,""x_m"":-11.215769148174648,""y_m"":3.907419558459516,""yaw_rad"":-0.9226066423878552}","{""center_track_m"":0.3281986867537301,""curvature_rate_margin_radpm2"":16.163895304211138,""footprint_track_m"":0.030220112208792317,""lateral_slope_margin"":0.24142929744481978,""obstacle_m"":0.006223239702639938,""peak_curvature_rate_radpm2"":3.836104695788862,""peak_lateral_slope"":0.5585707025551803,""peak_negative_curvature_radpm"":-1.2805653679219047,""peak_positive_curvature_radpm"":0.7044620877744658,""signed_curvature_margin_radpm"":-0.13648972845923169}","{""braking_deficit_m"":0,""braking_feasible"":true,""exit_reaches_next_obstacle"":false,""generation_index"":2001,""global_path_deviation_m"":0.05811212052248985,""minimum_normalized_safety_slack"":-0.11930131518518784,""velocity_loss"":0.18201632364565934}"
DVE018,M0_V1,FROZEN_V1_CURVATURE_CONTINUITY,RIGHT,0,7b9097c30d26fa9c,FROZEN_V1,ACTIVE_OUTER,SAME_SIGN_NEGATIVE__SIGN_CHANGE__SAME_SIGN_POSITIVE,False,True,-0.393252662812106,0.16511212715332757,-0.47325266281210604,-0.473252662812105,0,ACTIVE_OUTER,CURVATURE_CORRIDOR_CRITICAL,CONTINUITY_BIASED_SAFE_ANCHOR,0.5145810930150512,0.6049868191659147,0.09344115350383435,0.15382019938524572,0.16511212715332757,0.17640405492140943,1.6940169006174333,True,False,shifted race line exceeds left control steering curvature,"{""center_track_margin_m"":0.9114303981078908,""d_m"":-0.37356960189210936,""footprint_invalid"":false,""footprint_track_margin_m"":0.5808633271788908,""s_m"":5.014492630236832,""x_m"":-8.768386521445176,""y_m"":0.9837286590049802,""yaw_rad"":-0.8727877780274397}","{""center_track_m"":0.5646471177479633,""curvature_rate_margin_radpm2"":15.17895870279723,""footprint_track_m"":0.34240050592785837,""lateral_slope_margin"":-0.09248132795200659,""obstacle_m"":1.5,""peak_curvature_rate_radpm2"":4.82104129720277,""peak_lateral_slope"":0.8924813279520066,""peak_negative_curvature_radpm"":-0.8815887118128409,""peak_positive_curvature_radpm"":1.4250355002972206,""signed_curvature_margin_radpm"":-0.10876898121820955}","{""braking_deficit_m"":0,""braking_feasible"":true,""exit_reaches_next_obstacle"":false,""generation_index"":0,""global_path_deviation_m"":0.08231227016053022,""minimum_normalized_safety_slack"":-0.0826344662282491,""velocity_loss"":0.30757362547632505}"
DVE018,M0_V1,FROZEN_V1_CURVATURE_CONTINUITY,RIGHT,1,87a6bb7e21e8e486,FROZEN_V1,ACTIVE_OUTER,SAME_SIGN_NEGATIVE__SIGN_CHANGE__SAME_SIGN_POSITIVE,False,True,-0.393252662812106,0.16511212715332757,-0.47325266281210604,-0.473252662812105,0,ACTIVE_OUTER,CURVATURE_CORRIDOR_CRITICAL,CONTINUITY_BIASED_SAFE_ANCHOR,0.5145810930150512,3.94735730932694,0.09344115350383435,0.15382019938524572,0.16511212715332757,0.17640405492140943,10.078372113408607,True,False,footprint_track_bound,"{""center_track_margin_m"":0.9114303981078908,""d_m"":-0.37356960189210936,""footprint_invalid"":false,""footprint_track_margin_m"":0.6415244766742111,""s_m"":5.014492630236832,""x_m"":-8.768386521445176,""y_m"":0.9837286590049802,""yaw_rad"":-0.44356357717893713}","{""center_track_m"":-1.6166813995325005,""curvature_rate_margin_radpm2"":19.31869771172317,""footprint_track_m"":-1.7848939123377392,""lateral_slope_margin"":-0.10358600406714846,""obstacle_m"":1.5,""peak_curvature_rate_radpm2"":0.681302288276827,""peak_lateral_slope"":0.9035860040671485,""peak_negative_curvature_radpm"":-0.5759908936909368,""peak_positive_curvature_radpm"":0.5078699211060574,""signed_curvature_margin_radpm"":0.5680847457717362}","{""braking_deficit_m"":0,""braking_feasible"":true,""exit_reaches_next_obstacle"":false,""generation_index"":1,""global_path_deviation_m"":0.8713626827309582,""minimum_normalized_safety_slack"":-1.1777875996883336,""velocity_loss"":0.22604567033577044}"
DVE018,M0_V1,FROZEN_V1_CURVATURE_CONTINUITY,RIGHT,2,c071aa078347de58,FROZEN_V1,ACTIVE_OUTER,SAME_SIGN_NEGATIVE__SIGN_CHANGE__SAME_SIGN_POSITIVE,False,True,-0.393252662812106,0.16511212715332757,-0.47325266281210604,-0.473252662812105,0,ACTIVE_OUTER,CURVATURE_CORRIDOR_CRITICAL,CONTINUITY_BIASED_SAFE_ANCHOR,0.5145810930150512,7.397546202396385,0.09344115350383435,0.15382019938524572,0.16511212715332757,0.17640405492140943,18.733190397580138,True,False,footprint_track_bound,"{""center_track_margin_m"":0.9114303981078908,""d_m"":-0.37356960189210936,""footprint_invalid"":false,""footprint_track_margin_m"":0.6364778669944904,""s_m"":5.014492630236832,""x_m"":-8.768386521445176,""y_m"":0.9837286590049802,""yaw_rad"":-0.46248960116626975}","{""center_track_m"":-3.799622032025456,""curvature_rate_margin_radpm2"":19.221694029233255,""footprint_track_m"":-3.9603677835825546,""lateral_slope_margin"":-0.1313191284733427,""obstacle_m"":1.5,""peak_curvature_rate_radpm2"":0.7783059707667438,""peak_lateral_slope"":0.9313191284733427,""peak_negative_curvature_radpm"":-0.24382562730510438,""peak_positive_curvature_radpm"":0.6189567306909051,""signed_curvature_margin_radpm"":0.697309788388106}","{""braking_deficit_m"":0,""braking_feasible"":true,""exit_reaches_next_obstacle"":false,""generation_index"":2,""global_path_deviation_m"":1.8250443927203575,""minimum_normalized_safety_slack"":-2.6330813546836374,""velocity_loss"":0.1355824193744104}"
DVE018,M0_V1,FROZEN_V1_CURVATURE_CONTINUITY,RIGHT,3,be2732a582f0553b,FROZEN_V1,ACTIVE_OUTER,SAME_SIGN_NEGATIVE__SIGN_CHANGE__SAME_SIGN_POSITIVE,False,True,-0.393252662812106,0.16511212715332757,-0.47325266281210604,-0.47325266281210476,0,ACTIVE_OUTER,CURVATURE_CORRIDOR_CRITICAL,CONTINUITY_BIASED_SAFE_ANCHOR,1.310934367577036,0.6049868191659147,0,0.15382019938524572,0.16511212715332757,0.17640405492140943,1.6940169006174333,True,False,shifted race line exceeds left control steering curvature,"{""center_track_margin_m"":0.8964594164651835,""d_m"":-0.3885405835348167,""footprint_invalid"":false,""footprint_track_margin_m"":0.571488467986468,""s_m"":5.014492630236832,""x_m"":-8.774233592856111,""y_m"":0.9699467125799756,""yaw_rad"":-0.8039052801577664}","{""center_track_m"":0.5646471177479641,""curvature_rate_margin_radpm2"":15.178958702797281,""footprint_track_m"":0.3416471829762994,""lateral_slope_margin"":-0.09248132795200059,""obstacle_m"":1.5,""peak_curvature_rate_radpm2"":4.821041297202718,""peak_lateral_slope"":0.8924813279520006,""peak_negative_curvature_radpm"":-0.8815887118127432,""peak_positive_curvature_radpm"":1.3779458596272771,""signed_curvature_margin_radpm"":-0.06167934054826607}","{""braking_deficit_m"":0,""braking_feasible"":true,""exit_reaches_next_obstacle"":false,""generation_index"":3,""global_path_deviation_m"":0.08286675096211239,""minimum_normalized_safety_slack"":-0.04685930976305846,""velocity_loss"":0.30731316030780015}"
DVE018,M0_V1,FROZEN_V1_CURVATURE_CONTINUITY,RIGHT,4,2acb2737457f9918,FROZEN_V1,ACTIVE_OUTER,SAME_SIGN_NEGATIVE__SIGN_CHANGE__SAME_SIGN_POSITIVE,False,True,-0.393252662812106,0.16511212715332757,-0.47325266281210604,-0.47325266281210476,0,ACTIVE_OUTER,CURVATURE_CORRIDOR_CRITICAL,CONTINUITY_BIASED_SAFE_ANCHOR,1.310934367577036,3.94735730932694,0,0.15382019938524572,0.16511212715332757,0.17640405492140943,10.078372113408607,True,False,footprint_track_bound,"{""center_track_margin_m"":0.8964594164651835,""d_m"":-0.3885405835348167,""footprint_invalid"":false,""footprint_track_margin_m"":0.6465044484447111,""s_m"":5.014492630236832,""x_m"":-8.774233592856111,""y_m"":0.9699467125799756,""yaw_rad"":-0.37083452144063533}","{""center_track_m"":-1.6166813995324947,""curvature_rate_margin_radpm2"":18.983783251097943,""footprint_track_m"":-1.7848939123377365,""lateral_slope_margin"":-0.10358600406714669,""obstacle_m"":1.5,""peak_curvature_rate_radpm2"":1.016216748902057,""peak_lateral_slope"":0.9035860040671467,""peak_negative_curvature_radpm"":-0.7654834525256273,""peak_positive_curvature_radpm"":0.5078699211060408,""signed_curvature_margin_radpm"":0.37859218693704566}","{""braking_deficit_m"":0,""braking_feasible"":true,""exit_reaches_next_obstacle"":false,""generation_index"":4,""global_path_deviation_m"":0.8716121990916689,""minimum_normalized_safety_slack"":-1.1777875996883298,""velocity_loss"":0.22604567033575912}"
DVE018,M0_V1,FROZEN_V1_CURVATURE_CONTINUITY,RIGHT,5,dd6c5a9124d9a932,FROZEN_V1,ACTIVE_OUTER,SAME_SIGN_NEGATIVE__SIGN_CHANGE__SAME_SIGN_POSITIVE,False,True,-0.393252662812106,0.16511212715332757,-0.47325266281210604,-0.47325266281210476,0,ACTIVE_OUTER,CURVATURE_CORRIDOR_CRITICAL,CONTINUITY_BIASED_SAFE_ANCHOR,1.310934367577036,7.397546202396385,0,0.15382019938524572,0.16511212715332757,0.17640405492140943,18.733190397580138,True,False,footprint_track_bound,"{""center_track_margin_m"":0.8964594164651835,""d_m"":-0.3885405835348167,""footprint_invalid"":false,""footprint_track_margin_m"":0.6425702589684381,""s_m"":5.014492630236832,""x_m"":-8.774233592856111,""y_m"":0.9699467125799756,""yaw_rad"":-0.3849428263066855}","{""center_track_m"":-3.799622032025438,""curvature_rate_margin_radpm2"":19.221694029233227,""footprint_track_m"":-3.9603677835825386,""lateral_slope_margin"":-0.13131912847333738,""obstacle_m"":1.5,""peak_curvature_rate_radpm2"":0.7783059707667735,""peak_lateral_slope"":0.9313191284733374,""peak_negative_curvature_radpm"":-0.36095367850984716,""peak_positive_curvature_radpm"":0.6189567306909051,""signed_curvature_margin_radpm"":0.697309788388106}","{""braking_deficit_m"":0,""braking_feasible"":true,""exit_reaches_next_obstacle"":false,""generation_index"":5,""global_path_deviation_m"":1.8252019820008074,""minimum_normalized_safety_slack"":-2.6330813546836254,""velocity_loss"":0.1355824193744109}"
DVE018,M1,ZERO_BOUNDARY_SHORT,RIGHT,2000,57cef13de28822d8,M1_BRANCH_COMPLETE_ACTIVE_SET_CLOSURE,ZERO_INTERFACE,ZERO_RIGHT__ZERO_BOTH__ZERO_LEFT,True,False,-0.4048424649556669,,,-0.4048424649556669,0,ZERO_INTERFACE,NONE,NONE,0.5145810930150512,0.4971684162574945,0.09344115350383435,0.15382019938524572,0.16511212715332757,0.17640405492140943,1.4235538292370729,True,False,shifted race line exceeds left control steering curvature,"{""center_track_margin_m"":0.888071977151015,""d_m"":-0.3969280228489851,""footprint_invalid"":false,""footprint_track_margin_m"":0.5985053754121782,""s_m"":5.014492630236832,""x_m"":-8.777509393855356,""y_m"":0.9622254260251186,""yaw_rad"":-0.5375413053602275}","{""center_track_m"":0.8030960869616655,""curvature_rate_margin_radpm2"":16.80892493705347,""footprint_track_m"":0.5985053754121782,""lateral_slope_margin"":0.22483325551012656,""obstacle_m"":1.5,""peak_curvature_rate_radpm2"":3.1910750629465294,""peak_lateral_slope"":0.5751667444898735,""peak_negative_curvature_radpm"":-0.46554527557920006,""peak_positive_curvature_radpm"":1.5017869255273255,""signed_curvature_margin_radpm"":-0.18552040644831447}","{""braking_deficit_m"":0,""braking_feasible"":true,""exit_reaches_next_obstacle"":false,""generation_index"":2000,""global_path_deviation_m"":0.04702209734537287,""minimum_normalized_safety_slack"":-0.14094440887102613,""velocity_loss"":0.3406895732715614}"
DVE018,M1,ZERO_BOUNDARY_SPAN,RIGHT,2001,cc590458c0f5b68e,M1_BRANCH_COMPLETE_ACTIVE_SET_CLOSURE,ZERO_INTERFACE,ZERO_RIGHT__ZERO_BOTH__ZERO_LEFT,True,False,-0.4048424649556669,,,-0.4048424649556669,0,ZERO_INTERFACE,NONE,NONE,0.7136694116555473,0.4971684162574945,0.07008086512787576,0.15382019938524572,0.16511212715332757,0.17640405492140943,1.4235538292370729,True,False,shifted race line exceeds left control steering curvature,"{""center_track_margin_m"":0.8838775122944528,""d_m"":-0.40112248770554737,""footprint_invalid"":false,""footprint_track_margin_m"":0.5977815048801511,""s_m"":5.014492630236832,""x_m"":-8.779147585400324,""y_m"":0.9583640967339384,""yaw_rad"":-0.5181724265251485}","{""center_track_m"":0.8030960869616655,""curvature_rate_margin_radpm2"":16.946124660507113,""footprint_track_m"":0.5977815048801511,""lateral_slope_margin"":0.22483325551012656,""obstacle_m"":1.5,""peak_curvature_rate_radpm2"":3.053875339492888,""peak_lateral_slope"":0.5751667444898735,""peak_negative_curvature_radpm"":-0.46554527557921177,""peak_positive_curvature_radpm"":1.4741303544393811,""signed_curvature_margin_radpm"":-0.15786383536037008}","{""braking_deficit_m"":0,""braking_feasible"":true,""exit_reaches_next_obstacle"":false,""generation_index"":2001,""global_path_deviation_m"":0.047183422916779114,""minimum_normalized_safety_slack"":-0.11993303261320289,""velocity_loss"":0.33898975974935597}"
DVE018,M1,NEAR_LONG,RIGHT,2002,486fd308968bb586,M1_BRANCH_COMPLETE_ACTIVE_SET_CLOSURE,ACTIVE_OUTER,SAME_SIGN_NEGATIVE__SIGN_CHANGE__SAME_SIGN_POSITIVE,True,False,-0.393252662812106,0.16511212715332757,-0.7641263314060531,-0.764126331406051,0,ACTIVE_OUTER,CORRIDOR_BOTTLENECK,CORRIDOR_CENTER,1.310934367577036,7.397546202396385,0,0.15382019938524572,0.16511212715332757,0.17640405492140943,18.733190397580138,True,False,quintic d-offset exceeds maximum_lateral_slope,"{""center_track_margin_m"":0.8803624392201965,""d_m"":-0.4046375607798036,""footprint_invalid"":false,""footprint_track_margin_m"":0.5962073581693504,""s_m"":5.014492630236832,""x_m"":-8.780520433472038,""y_m"":0.9551282001210417,""yaw_rad"":-0.5076841903914981}","{""center_track_m"":-20.303260844388383,""curvature_rate_margin_radpm2"":18.05718294582023,""footprint_track_m"":-20.495258074431305,""lateral_slope_margin"":-3.6196813813958135,""obstacle_m"":1.5,""peak_curvature_rate_radpm2"":1.9428170541797694,""peak_lateral_slope"":4.419681381395813,""peak_negative_curvature_radpm"":-1.0919274186125847,""peak_positive_curvature_radpm"":1.0963009854483043,""signed_curvature_margin_radpm"":0.0521482208500883}","{""braking_deficit_m"":0,""braking_feasible"":true,""exit_reaches_next_obstacle"":false,""generation_index"":2002,""global_path_deviation_m"":8.025497794863549,""minimum_normalized_safety_slack"":-13.635507229592257,""velocity_loss"":0.2206270148771639}"
DVE019,M1,ZERO_BOUNDARY_SHORT,RIGHT,2000,392cdc470cd7ab69,M1_BRANCH_COMPLETE_ACTIVE_SET_CLOSURE,ZERO_INTERFACE,ZERO_RIGHT__ZERO_BOTH__ZERO_LEFT,True,False,-0.6428757899068773,,,-0.6428757899068773,0,ZERO_INTERFACE,NONE,NONE,0.5145810930150512,0.4971684162574945,0.561482599373397,0.9242968665130817,1.0403875883744167,1.1564783102357516,2.403628084551415,True,False,quintic d-offset exceeds maximum_lateral_slope,"{""center_track_margin_m"":0.7963793160129012,""d_m"":-0.7136206839870988,""footprint_invalid"":false,""footprint_track_margin_m"":0.516895663571078,""s_m"":4.512932799601731,""x_m"":-9.42848701008098,""y_m"":0.9339032653119914,""yaw_rad"":-0.627099124456482}","{""center_track_m"":0.49535109823451,""curvature_rate_margin_radpm2"":16.08808565709035,""footprint_track_m"":0.29674939166660447,""lateral_slope_margin"":-0.07150518368467496,""obstacle_m"":0.0063946551899546344,""peak_curvature_rate_radpm2"":3.911914342909651,""peak_lateral_slope"":0.871505183684675,""peak_negative_curvature_radpm"":-0.8915946095704945,""peak_positive_curvature_radpm"":0.9811991517368142,""signed_curvature_margin_radpm"":0.25248102989217847}","{""braking_deficit_m"":1.4624694500703659,""braking_feasible"":false,""exit_reaches_next_obstacle"":false,""generation_index"":2000,""global_path_deviation_m"":0.1527031456064851,""minimum_normalized_safety_slack"":0.004263103459969757,""velocity_loss"":0.3095295157127149}"
DVE019,M1,ZERO_BOUNDARY_SHORT,LEFT,2001,0f10987ad04cd9ce,M1_BRANCH_COMPLETE_ACTIVE_SET_CLOSURE,ZERO_INTERFACE,ZERO_RIGHT__ZERO_BOTH__ZERO_LEFT,True,False,0.1597265625,,,0.1597265625,0,ZERO_INTERFACE,NONE,NONE,0.5145810930150512,0.4971684162574945,0,1.0916840581088734,1.1240811841723124,1.1564783102357516,4.228248210567542,True,False,shifted race line exceeds left control steering curvature,"{""center_track_margin_m"":0.8496829994385108,""d_m"":-0.6603170005614892,""footprint_invalid"":false,""footprint_track_margin_m"":0.5070576001381601,""s_m"":4.512932799601731,""x_m"":-9.401786374287493,""y_m"":0.9800374035933239,""yaw_rad"":-0.04099765004335305}","{""center_track_m"":0.7753896518643884,""curvature_rate_margin_radpm2"":14.580794254259304,""footprint_track_m"":0.5070576001381601,""lateral_slope_margin"":-0.5930484002464598,""obstacle_m"":0.03418846848311602,""peak_curvature_rate_radpm2"":5.419205745740696,""peak_lateral_slope"":1.3930484002464598,""peak_negative_curvature_radpm"":-1.0605746804362879,""peak_positive_curvature_radpm"":1.818984135430796,""signed_curvature_margin_radpm"":-0.502717616351785}","{""braking_deficit_m"":2.4631733092284738,""braking_feasible"":false,""exit_reaches_next_obstacle"":false,""generation_index"":2001,""global_path_deviation_m"":0.06181882626096007,""minimum_normalized_safety_slack"":-0.3819269191041458,""velocity_loss"":0.3112078489946376}"
DVE019,M1,ZERO_BOUNDARY_SPAN,RIGHT,2002,03a74f013009bfd3,M1_BRANCH_COMPLETE_ACTIVE_SET_CLOSURE,ZERO_INTERFACE,ZERO_RIGHT__ZERO_BOTH__ZERO_LEFT,True,False,-0.6428757899068773,,,-0.6428757899068773,0,ZERO_INTERFACE,NONE,NONE,0.7136694116555473,0.4971684162574945,0.4211119495300477,0.9242968665130817,1.0403875883744167,1.1564783102357516,2.403628084551415,True,False,quintic d-offset exceeds maximum_lateral_slope,"{""center_track_margin_m"":0.7963793160129012,""d_m"":-0.7136206839870988,""footprint_invalid"":false,""footprint_track_margin_m"":0.5237469731427404,""s_m"":4.512932799601731,""x_m"":-9.42848701008098,""y_m"":0.9339032653119914,""yaw_rad"":-0.5907867920910604}","{""center_track_m"":0.49535109823451,""curvature_rate_margin_radpm2"":16.08808565709035,""footprint_track_m"":0.2967468577862084,""lateral_slope_margin"":-0.07150518368467496,""obstacle_m"":0.006319242931972613,""peak_curvature_rate_radpm2"":3.911914342909651,""peak_lateral_slope"":0.871505183684675,""peak_negative_curvature_radpm"":-0.8915946095704945,""peak_positive_curvature_radpm"":0.9814243001239327,""signed_curvature_margin_radpm"":0.25248102989217847}","{""braking_deficit_m"":1.3822871786137325,""braking_feasible"":false,""exit_reaches_next_obstacle"":false,""generation_index"":2002,""global_path_deviation_m"":0.15202646872826675,""minimum_normalized_safety_slack"":0.004212828621315075,""velocity_loss"":0.30891698549768115}"
DVE019,M1,ZERO_BOUNDARY_SPAN,LEFT,2003,0f10987ad04cd9ce,M1_BRANCH_COMPLETE_ACTIVE_SET_CLOSURE,ZERO_INTERFACE,ZERO_RIGHT__ZERO_BOTH__ZERO_LEFT,True,False,0.1597265625,,,0.1597265625,0,ZERO_INTERFACE,NONE,NONE,0.7136694116555473,0.4971684162574945,0,1.0916840581088734,1.1240811841723124,1.1564783102357516,4.228248210567542,True,False,shifted race line exceeds left control steering curvature,"{""center_track_margin_m"":0.8496829994385108,""d_m"":-0.6603170005614892,""footprint_invalid"":false,""footprint_track_margin_m"":0.5070576001381601,""s_m"":4.512932799601731,""x_m"":-9.401786374287493,""y_m"":0.9800374035933239,""yaw_rad"":-0.04099765004335305}","{""center_track_m"":0.7753896518643884,""curvature_rate_margin_radpm2"":14.580794254259304,""footprint_track_m"":0.5070576001381601,""lateral_slope_margin"":-0.5930484002464598,""obstacle_m"":0.03418846848311602,""peak_curvature_rate_radpm2"":5.419205745740696,""peak_lateral_slope"":1.3930484002464598,""peak_negative_curvature_radpm"":-1.0605746804362879,""peak_positive_curvature_radpm"":1.818984135430796,""signed_curvature_margin_radpm"":-0.502717616351785}","{""braking_deficit_m"":2.4631733092284738,""braking_feasible"":false,""exit_reaches_next_obstacle"":false,""generation_index"":2003,""global_path_deviation_m"":0.06181882626096007,""minimum_normalized_safety_slack"":-0.3819269191041458,""velocity_loss"":0.3112078489946376}"
DVE019,M1,FAR_SPAN,RIGHT,2004,57b620f86d66dcdd,M1_BRANCH_COMPLETE_ACTIVE_SET_CLOSURE,ALL_INACTIVE,SIGN_CHANGE__SIGN_CHANGE__SIGN_CHANGE,True,False,-0.9850000000000001,0.9826821331904823,-0.8358257980479378,-0.674904041448573,0,ALL_INACTIVE,CORRIDOR_BOTTLENECK,CORRIDOR_CENTER,0.7136694116555473,0.4971684162574945,0.4211119495300477,0.9242968665130817,1.0403875883744167,1.1564783102357516,2.403628084551415,True,False,footprint_track_bound,"{""center_track_margin_m"":0.7963793160129012,""d_m"":-0.7136206839870988,""footprint_invalid"":false,""footprint_track_margin_m"":0.5068656382159211,""s_m"":4.512932799601731,""x_m"":-9.42848701008098,""y_m"":0.9339032653119914,""yaw_rad"":-0.6843755654609281}","{""center_track_m"":0.16453694972662206,""curvature_rate_margin_radpm2"":15.946583504517566,""footprint_track_m"":-0.015197946228174351,""lateral_slope_margin"":-0.5238411176930169,""obstacle_m"":0.19917420195206237,""peak_curvature_rate_radpm2"":4.053416495482434,""peak_lateral_slope"":1.323841117693017,""peak_negative_curvature_radpm"":-0.996101762269161,""peak_positive_curvature_radpm"":1.3608275673264014,""signed_curvature_margin_radpm"":-0.04456104824739038}","{""braking_deficit_m"":1.1083777963216876,""braking_feasible"":false,""exit_reaches_next_obstacle"":false,""generation_index"":2004,""global_path_deviation_m"":0.18762356691605575,""minimum_normalized_safety_slack"":-0.03385412270348535,""velocity_loss"":0.33226442947159723}"
DVE020,M1,ZERO_BOUNDARY_SHORT,RIGHT,2000,cd0f78b81d4bd2c9,M1_BRANCH_COMPLETE_ACTIVE_SET_CLOSURE,ZERO_INTERFACE,ZERO_RIGHT__ZERO_BOTH__ZERO_LEFT,True,False,-0.502127570027526,,,-0.502127570027526,0,ZERO_INTERFACE,NONE,NONE,0.5145810930150512,0.4971684162574945,0.25988105903625436,0.4278088916760332,0.5304253543756374,0.6330418170752417,3.704811717407032,True,False,shifted race line exceeds left control steering curvature,"{""center_track_margin_m"":0.182923331295803,""d_m"":-0.6895766687041971,""footprint_invalid"":false,""footprint_track_margin_m"":0.006420504165063935,""s_m"":16.051466541541846,""x_m"":2.257266776195753,""y_m"":-0.6175464990406658,""yaw_rad"":-0.19008180347544817}","{""center_track_m"":0.182923331295803,""curvature_rate_margin_radpm2"":13.199292978583978,""footprint_track_m"":-0.04924462139066451,""lateral_slope_margin"":0.053550042426258604,""obstacle_m"":0.003303853315868688,""peak_curvature_rate_radpm2"":6.800707021416022,""peak_lateral_slope"":0.7464499575737414,""peak_negative_curvature_radpm"":-0.5122954386308279,""peak_positive_curvature_radpm"":1.9434742720326557,""signed_curvature_margin_radpm"":-0.6272077529536446}","{""braking_deficit_m"":0,""braking_feasible"":true,""exit_reaches_next_obstacle"":false,""generation_index"":2000,""global_path_deviation_m"":0.13859032306349472,""minimum_normalized_safety_slack"":-0.476505133164445,""velocity_loss"":0.16020501161027118}"
DVE020,M1,ZERO_BOUNDARY_SPAN,RIGHT,2001,0bc5631b0f47f08e,M1_BRANCH_COMPLETE_ACTIVE_SET_CLOSURE,ZERO_INTERFACE,ZERO_RIGHT__ZERO_BOTH__ZERO_LEFT,True,False,-0.502127570027526,,,-0.502127570027526,0,ZERO_INTERFACE,NONE,NONE,0.7136694116555473,0.4971684162574945,0.1949107942771908,0.4278088916760332,0.5304253543756374,0.6330418170752417,3.704811717407032,True,False,shifted race line exceeds left control steering curvature,"{""center_track_margin_m"":0.182923331295803,""d_m"":-0.6895766687041971,""footprint_invalid"":false,""footprint_track_margin_m"":0.019524939925474806,""s_m"":16.051466541541846,""x_m"":2.257266776195753,""y_m"":-0.6175464990406658,""yaw_rad"":-0.04213007204105003}","{""center_track_m"":0.182923331295803,""curvature_rate_margin_radpm2"":15.229377329910118,""footprint_track_m"":-0.02679389167890408,""lateral_slope_margin"":0.14896963426082444,""obstacle_m"":0.003219003942140586,""peak_curvature_rate_radpm2"":4.770622670089881,""peak_lateral_slope"":0.6510303657391756,""peak_negative_curvature_radpm"":-0.5058107177819864,""peak_positive_curvature_radpm"":1.4419565703915525,""signed_curvature_margin_radpm"":-0.1256900513125414}","{""braking_deficit_m"":0,""braking_feasible"":true,""exit_reaches_next_obstacle"":false,""generation_index"":2001,""global_path_deviation_m"":0.1379015907885155,""minimum_normalized_safety_slack"":-0.09548981873404064,""velocity_loss"":0.16626692288668712}"
DVE020,M1,FAR_SPAN,RIGHT,2002,cb36d2722df9d4b1,M1_BRANCH_COMPLETE_ACTIVE_SET_CLOSURE,ALL_INACTIVE,SIGN_CHANGE__SIGN_CHANGE__SIGN_CHANGE,True,False,-0.6975,0.5106477302131935,-0.5982632101727117,-0.5907295530750981,0,ALL_INACTIVE,CORRIDOR_BOTTLENECK,CORRIDOR_CENTER,0.7136694116555473,0.4971684162574945,0.1949107942771908,0.4278088916760332,0.5304253543756374,0.6330418170752417,3.704811717407032,True,False,footprint_track_bound,"{""center_track_margin_m"":0.182923331295803,""d_m"":-0.6895766687041971,""footprint_invalid"":true,""footprint_track_margin_m"":-0.03434004736260984,""s_m"":16.051466541541846,""x_m"":2.257266776195753,""y_m"":-0.6175464990406658,""yaw_rad"":0.1633070473977263}","{""center_track_m"":0.16877492648333295,""curvature_rate_margin_radpm2"":17.877992752433748,""footprint_track_m"":-0.03434004736260984,""lateral_slope_margin"":0.40519979426024466,""obstacle_m"":0.09923678982728834,""peak_curvature_rate_radpm2"":2.122007247566253,""peak_lateral_slope"":0.3948002057397554,""peak_negative_curvature_radpm"":-0.6856021966606893,""peak_positive_curvature_radpm"":0.7863537743540716,""signed_curvature_margin_radpm"":0.45847344280198365}","{""braking_deficit_m"":0,""braking_feasible"":true,""exit_reaches_next_obstacle"":false,""generation_index"":2002,""global_path_deviation_m"":0.15627767220336922,""minimum_normalized_safety_slack"":0.012516617655555303,""velocity_loss"":0.16105731082568214}"
DVE021,M1,ZERO_BOUNDARY_SHORT,LEFT,2000,0e562759c201b2d7,M1_BRANCH_COMPLETE_ACTIVE_SET_CLOSURE,ZERO_INTERFACE,ZERO_RIGHT__ZERO_BOTH__ZERO_LEFT,True,False,0.4644571010785823,,,0.4644571010785823,0,ZERO_INTERFACE,NONE,NONE,0.5145810930150512,0.4971684162574945,0,0.2675821109218147,0.27425403055228864,0.28092595018276256,3.3526958505145528,True,False,d-offset intersects an inflated static-obstacle box,"{""center_track_margin_m"":0.5627712479563872,""d_m"":0.4472287520436128,""footprint_invalid"":false,""footprint_track_margin_m"":0.425157836693972,""s_m"":19.814031682528206,""x_m"":6.129434396211294,""y_m"":0.1402564334159342,""yaw_rad"":-0.02506025462388906}","{""center_track_m"":0.5225,""curvature_rate_margin_radpm2"":19.0553097056458,""footprint_track_m"":0.3563723533699997,""lateral_slope_margin"":0.527812779055353,""obstacle_m"":-0.01094989032193111,""peak_curvature_rate_radpm2"":0.9446902943542002,""peak_lateral_slope"":0.2721872209446471,""peak_negative_curvature_radpm"":-0.4908425336252343,""peak_positive_curvature_radpm"":0.6747636474004499,""signed_curvature_margin_radpm"":0.6415028716785611}","{""braking_deficit_m"":0,""braking_feasible"":true,""exit_reaches_next_obstacle"":false,""generation_index"":2000,""global_path_deviation_m"":0.09370070508656192,""minimum_normalized_safety_slack"":-0.007299926881287407,""velocity_loss"":0.20681054782474845}"
DVE021,M1,ZERO_BOUNDARY_SPAN,LEFT,2001,0e562759c201b2d7,M1_BRANCH_COMPLETE_ACTIVE_SET_CLOSURE,ZERO_INTERFACE,ZERO_RIGHT__ZERO_BOTH__ZERO_LEFT,True,False,0.4644571010785823,,,0.4644571010785823,0,ZERO_INTERFACE,NONE,NONE,0.7136694116555473,0.4971684162574945,0,0.2675821109218147,0.27425403055228864,0.28092595018276256,3.3526958505145528,True,False,d-offset intersects an inflated static-obstacle box,"{""center_track_margin_m"":0.5627712479563872,""d_m"":0.4472287520436128,""footprint_invalid"":false,""footprint_track_margin_m"":0.425157836693972,""s_m"":19.814031682528206,""x_m"":6.129434396211294,""y_m"":0.1402564334159342,""yaw_rad"":-0.02506025462388906}","{""center_track_m"":0.5225,""curvature_rate_margin_radpm2"":19.0553097056458,""footprint_track_m"":0.3563723533699997,""lateral_slope_margin"":0.527812779055353,""obstacle_m"":-0.01094989032193111,""peak_curvature_rate_radpm2"":0.9446902943542002,""peak_lateral_slope"":0.2721872209446471,""peak_negative_curvature_radpm"":-0.4908425336252343,""peak_positive_curvature_radpm"":0.6747636474004499,""signed_curvature_margin_radpm"":0.6415028716785611}","{""braking_deficit_m"":0,""braking_feasible"":true,""exit_reaches_next_obstacle"":false,""generation_index"":2001,""global_path_deviation_m"":0.09370070508656192,""minimum_normalized_safety_slack"":-0.007299926881287407,""velocity_loss"":0.20681054782474845}"
DVE022,M1,ZERO_BOUNDARY_SHORT,LEFT,2000,8d701c90a29a0dd4,M1_BRANCH_COMPLETE_ACTIVE_SET_CLOSURE,ZERO_INTERFACE,ZERO_RIGHT__ZERO_BOTH__ZERO_LEFT,True,False,0.159921875,,,0.159921875,0,ZERO_INTERFACE,NONE,NONE,0.5145810930150512,0.4971684162574945,0.2946859015995561,0.4851036448111117,0.5970626326649118,0.7090216205187119,3.780791520850502,True,False,shifted race line exceeds left control steering curvature,"{""center_track_margin_m"":0.8919075654877164,""d_m"":0.03190756548771647,""footprint_invalid"":false,""footprint_track_margin_m"":0.707482168457848,""s_m"":17.05486345056723,""x_m"":3.3264930278337084,""y_m"":0.0022115828246914056,""yaw_rad"":-0.1732756989850573}","{""center_track_m"":0.5225,""curvature_rate_margin_radpm2"":15.410198695882508,""footprint_track_m"":0.3563723533699998,""lateral_slope_margin"":0.2935137519658445,""obstacle_m"":0.06696952744922707,""peak_curvature_rate_radpm2"":4.589801304117492,""peak_lateral_slope"":0.5064862480341555,""peak_negative_curvature_radpm"":-0.5154684167384689,""peak_positive_curvature_radpm"":1.5883287550158598,""signed_curvature_margin_radpm"":-0.27206223593684875}","{""braking_deficit_m"":0,""braking_feasible"":true,""exit_reaches_next_obstacle"":false,""generation_index"":2000,""global_path_deviation_m"":0.034407042933675115,""minimum_normalized_safety_slack"":-0.20669236206601238,""velocity_loss"":0.2059911286028381}"
DVE022,M1,ZERO_BOUNDARY_SPAN,LEFT,2001,dda774ea8fc21bf1,M1_BRANCH_COMPLETE_ACTIVE_SET_CLOSURE,ZERO_INTERFACE,ZERO_RIGHT__ZERO_BOTH__ZERO_LEFT,True,False,0.159921875,,,0.159921875,0,ZERO_INTERFACE,NONE,NONE,0.7136694116555473,0.4971684162574945,0.2210144261996671,0.4851036448111117,0.5970626326649118,0.7090216205187119,3.780791520850502,True,False,shifted race line exceeds left control steering curvature,"{""center_track_margin_m"":0.8919075654877164,""d_m"":0.03190756548771647,""footprint_invalid"":false,""footprint_track_margin_m"":0.7236465714101465,""s_m"":17.05486345056723,""x_m"":3.3264930278337084,""y_m"":0.0022115828246914056,""yaw_rad"":-0.11402991009960682}","{""center_track_m"":0.5225,""curvature_rate_margin_radpm2"":16.114730799496222,""footprint_track_m"":0.3563723533699998,""lateral_slope_margin"":0.32876027398596674,""obstacle_m"":0.06737404407910322,""peak_curvature_rate_radpm2"":3.885269200503778,""peak_lateral_slope"":0.4712397260140333,""peak_negative_curvature_radpm"":-0.4925127609719391,""peak_positive_curvature_radpm"":1.3498105995944059,""signed_curvature_margin_radpm"":-0.033544080515394814}","{""braking_deficit_m"":0,""braking_feasible"":true,""exit_reaches_next_obstacle"":false,""generation_index"":2001,""global_path_deviation_m"":0.03468277425001722,""minimum_normalized_safety_slack"":-0.025484261757919315,""velocity_loss"":0.20716073409895275}"
DVE023,M1,ZERO_BOUNDARY_SHORT,LEFT,2000,ccecb5f20edeb3a7,M1_BRANCH_COMPLETE_ACTIVE_SET_CLOSURE,ZERO_INTERFACE,ZERO_RIGHT__ZERO_BOTH__ZERO_LEFT,True,False,0.5350636300257747,,,0.5350636300257747,0,ZERO_INTERFACE,NONE,NONE,0.5145810930150512,0.4971684162574945,0,0.2506430508507757,0.30229498707633495,0.35394692330189415,1.6010966976175576,True,False,footprint_track_bound,"{""center_track_margin_m"":0.1820212288463231,""d_m"":0.6154787711536769,""footprint_invalid"":false,""footprint_track_margin_m"":0.008785756194042538,""s_m"":29.082056047333474,""x_m"":5.641870683151153,""y_m"":2.5110316472654164,""yaw_rad"":-2.6995639243300675}","{""center_track_m"":0.1707233106783101,""curvature_rate_margin_radpm2"":16.995773670774696,""footprint_track_m"":-0.018223386123840113,""lateral_slope_margin"":0.05354858839618637,""obstacle_m"":-0.17102489555228617,""peak_curvature_rate_radpm2"":3.0042263292253053,""peak_lateral_slope"":0.7464514116038137,""peak_negative_curvature_radpm"":-0.6438380447532429,""peak_positive_curvature_radpm"":0.6901552838054179,""signed_curvature_margin_radpm"":0.5002375947094301}","{""braking_deficit_m"":0,""braking_feasible"":true,""exit_reaches_next_obstacle"":true,""generation_index"":2000,""global_path_deviation_m"":0.08035483222204667,""minimum_normalized_safety_slack"":-0.11401659703485745,""velocity_loss"":0.33118698442622385}"
DVE023,M1,ZERO_BOUNDARY_SPAN,LEFT,2001,ccecb5f20edeb3a7,M1_BRANCH_COMPLETE_ACTIVE_SET_CLOSURE,ZERO_INTERFACE,ZERO_RIGHT__ZERO_BOTH__ZERO_LEFT,True,False,0.5350636300257747,,,0.5350636300257747,0,ZERO_INTERFACE,NONE,NONE,0.7136694116555473,0.4971684162574945,0,0.2506430508507757,0.30229498707633495,0.35394692330189415,1.6010966976175576,True,False,footprint_track_bound,"{""center_track_margin_m"":0.1820212288463231,""d_m"":0.6154787711536769,""footprint_invalid"":false,""footprint_track_margin_m"":0.008785756194042538,""s_m"":29.082056047333474,""x_m"":5.641870683151153,""y_m"":2.5110316472654164,""yaw_rad"":-2.6995639243300675}","{""center_track_m"":0.1707233106783101,""curvature_rate_margin_radpm2"":16.995773670774696,""footprint_track_m"":-0.018223386123840113,""lateral_slope_margin"":0.05354858839618637,""obstacle_m"":-0.17102489555228617,""peak_curvature_rate_radpm2"":3.0042263292253053,""peak_lateral_slope"":0.7464514116038137,""peak_negative_curvature_radpm"":-0.6438380447532429,""peak_positive_curvature_radpm"":0.6901552838054179,""signed_curvature_margin_radpm"":0.5002375947094301}","{""braking_deficit_m"":0,""braking_feasible"":true,""exit_reaches_next_obstacle"":true,""generation_index"":2001,""global_path_deviation_m"":0.08035483222204667,""minimum_normalized_safety_slack"":-0.11401659703485745,""velocity_loss"":0.33118698442622385}"
DVE024,M0_V1,FROZEN_V1_CURVATURE_CONTINUITY,RIGHT,0,ce8fa591405b5a90,FROZEN_V1,ACTIVE_OUTER,SAME_SIGN_NEGATIVE__SIGN_CHANGE__SAME_SIGN_POSITIVE,False,False,-0.45966705945396313,0.12155094608168238,-0.5396670594539631,-0.5396670594539602,0,ACTIVE_OUTER,CURVATURE_CORRIDOR_CRITICAL,CONTINUITY_BIASED_SAFE_ANCHOR,0.5145810930150512,0.6049868191659147,0.06777175367553831,0.11156395519701379,0.12155094608168238,0.13153793696635097,1.6491507826623748,True,False,shifted race line exceeds left control steering curvature,"{""center_track_margin_m"":0.4085626985362322,""d_m"":-0.4014373014637679,""footprint_invalid"":false,""footprint_track_margin_m"":0.1656292517328121,""s_m"":1.5040652480150138,""x_m"":-11.135424548453065,""y_m"":3.909185821564656,""yaw_rad"":-2.0594809410575383}","{""center_track_m"":0.3459414205124131,""curvature_rate_margin_radpm2"":15.582252628953364,""footprint_track_m"":0.09482541589016183,""lateral_slope_margin"":-0.19384300109858343,""obstacle_m"":0.14534217556928625,""peak_curvature_rate_radpm2"":4.4177473710466355,""peak_lateral_slope"":0.9938430010985835,""peak_negative_curvature_radpm"":-0.7481784758330703,""peak_positive_curvature_radpm"":1.4525800927738095,""signed_curvature_margin_radpm"":-0.13631357369479846}","{""braking_deficit_m"":0,""braking_feasible"":true,""exit_reaches_next_obstacle"":false,""generation_index"":0,""global_path_deviation_m"":0.09490385953764949,""minimum_normalized_safety_slack"":-0.10356076958500532,""velocity_loss"":0.19301742158390184}"
DVE024,M0_V1,FROZEN_V1_CURVATURE_CONTINUITY,RIGHT,1,7a76b10ab0a4d1f7,FROZEN_V1,ACTIVE_OUTER,SAME_SIGN_NEGATIVE__SIGN_CHANGE__SAME_SIGN_POSITIVE,False,False,-0.45966705945396313,0.12155094608168238,-0.5396670594539631,-0.5396670594539602,0,ACTIVE_OUTER,CURVATURE_CORRIDOR_CRITICAL,CONTINUITY_BIASED_SAFE_ANCHOR,0.5145810930150512,3.94735730932694,0.06777175367553831,0.11156395519701379,0.12155094608168238,0.13153793696635097,10.033505995453549,True,False,quintic d-offset exceeds maximum_lateral_slope,"{""center_track_margin_m"":0.4085626985362322,""d_m"":-0.4014373014637679,""footprint_invalid"":false,""footprint_track_margin_m"":0.25569595346749857,""s_m"":1.5040652480150138,""x_m"":-11.135424548453065,""y_m"":3.909185821564656,""yaw_rad"":-1.7241603021334497}","{""center_track_m"":-1.8294373824979249,""curvature_rate_margin_radpm2"":19.23667331681705,""footprint_track_m"":-1.9987444912240866,""lateral_slope_margin"":-0.2206786027338712,""obstacle_m"":1.2424090475321767,""peak_curvature_rate_radpm2"":0.763326683182951,""peak_lateral_slope"":1.0206786027338712,""peak_negative_curvature_radpm"":-0.3027925246360658,""peak_positive_curvature_radpm"":0.5654763301117327,""signed_curvature_margin_radpm"":0.7507901889672783}","{""braking_deficit_m"":0,""braking_feasible"":true,""exit_reaches_next_obstacle"":false,""generation_index"":1,""global_path_deviation_m"":0.9895402005736146,""minimum_normalized_safety_slack"":-1.3196249216652831,""velocity_loss"":0.21404395528005732}"
DVE024,M0_V1,FROZEN_V1_CURVATURE_CONTINUITY,RIGHT,2,2ef1a9d9bd702a9f,FROZEN_V1,ACTIVE_OUTER,SAME_SIGN_NEGATIVE__SIGN_CHANGE__SAME_SIGN_POSITIVE,False,False,-0.45966705945396313,0.12155094608168238,-0.5396670594539631,-0.5396670594539602,0,ACTIVE_OUTER,CURVATURE_CORRIDOR_CRITICAL,CONTINUITY_BIASED_SAFE_ANCHOR,0.5145810930150512,7.397546202396385,0.06777175367553831,0.11156395519701379,0.12155094608168238,0.13153793696635097,18.68832427962508,True,False,footprint_track_bound,"{""center_track_margin_m"":0.4085626985362322,""d_m"":-0.4014373014637679,""footprint_invalid"":false,""footprint_track_margin_m"":0.24374952570908584,""s_m"":1.5040652480150138,""x_m"":-11.135424548453065,""y_m"":3.909185821564656,""yaw_rad"":-1.7646276093908595}","{""center_track_m"":-4.361058794710956,""curvature_rate_margin_radpm2"":18.526063269254994,""footprint_track_m"":-4.522582550834925,""lateral_slope_margin"":-0.2518974016156821,""obstacle_m"":0.9927629813537238,""peak_curvature_rate_radpm2"":1.4739367307450046,""peak_lateral_slope"":1.0518974016156821,""peak_negative_curvature_radpm"":-0.33909277742618565,""peak_positive_curvature_radpm"":0.6271859798589386,""signed_curvature_margin_radpm"":0.6890805392200724}","{""braking_deficit_m"":0,""braking_feasible"":true,""exit_reaches_next_obstacle"":false,""generation_index"":2,""global_path_deviation_m"":2.068365796132568,""minimum_normalized_safety_slack"":-3.007372529807304,""velocity_loss"":0.14533523206756427}"
DVE024,M0_V1,FROZEN_V1_CURVATURE_CONTINUITY,RIGHT,3,4698176399066a0b,FROZEN_V1,ACTIVE_OUTER,SAME_SIGN_NEGATIVE__SIGN_CHANGE__SAME_SIGN_POSITIVE,False,False,-0.45966705945396313,0.12155094608168238,-0.5396670594539631,-0.539667059453963,0,ACTIVE_OUTER,CURVATURE_CORRIDOR_CRITICAL,CONTINUITY_BIASED_SAFE_ANCHOR,1.310934367577036,0.6049868191659147,-1.3877787807814457e-17,0.11156395519701379,0.12155094608168238,0.13153793696635097,1.6491507826623748,True,False,shifted race line exceeds left control steering curvature,"{""center_track_margin_m"":0.35029963314627266,""d_m"":-0.45970036685372745,""footprint_invalid"":false,""footprint_track_margin_m"":0.1715369622898946,""s_m"":1.5040652480150138,""x_m"":-11.193673540302523,""y_m"":3.907905299344472,""yaw_rad"":-1.80896921296747}","{""center_track_m"":0.34594142051240023,""curvature_rate_margin_radpm2"":15.582252628953158,""footprint_track_m"":0.09776155734015737,""lateral_slope_margin"":-0.1938430010985992,""obstacle_m"":0.14534217556929402,""peak_curvature_rate_radpm2"":4.417747371046842,""peak_lateral_slope"":0.9938430010985992,""peak_negative_curvature_radpm"":-0.7481784758330217,""peak_positive_curvature_radpm"":1.3208529393298858,""signed_curvature_margin_radpm"":-0.004586420250874745}","{""braking_deficit_m"":0,""braking_feasible"":true,""exit_reaches_next_obstacle"":false,""generation_index"":3,""global_path_deviation_m"":0.09706175084839107,""minimum_normalized_safety_slack"":-0.0034844160999277364,""velocity_loss"":0.1929490532569242}"
DVE024,M0_V1,FROZEN_V1_CURVATURE_CONTINUITY,RIGHT,4,ce36cff18c60f6e7,FROZEN_V1,ACTIVE_OUTER,SAME_SIGN_NEGATIVE__SIGN_CHANGE__SAME_SIGN_POSITIVE,False,False,-0.45966705945396313,0.12155094608168238,-0.5396670594539631,-0.539667059453963,0,ACTIVE_OUTER,CURVATURE_CORRIDOR_CRITICAL,CONTINUITY_BIASED_SAFE_ANCHOR,1.310934367577036,3.94735730932694,-1.3877787807814457e-17,0.11156395519701379,0.12155094608168238,0.13153793696635097,10.033505995453549,True,False,quintic d-offset exceeds maximum_lateral_slope,"{""center_track_margin_m"":0.35029963314627266,""d_m"":-0.45970036685372745,""footprint_invalid"":false,""footprint_track_margin_m"":0.14895064921022785,""s_m"":1.5040652480150138,""x_m"":-11.193673540302523,""y_m"":3.907905299344472,""yaw_rad"":-1.4683675518175012}","{""center_track_m"":-1.8294373824980146,""curvature_rate_margin_radpm2"":19.236673316816923,""footprint_track_m"":-1.9987444912241763,""lateral_slope_margin"":-0.22067860273390738,""obstacle_m"":1.2424090475322038,""peak_curvature_rate_radpm2"":0.7633266831830761,""peak_lateral_slope"":1.0206786027339074,""peak_negative_curvature_radpm"":-0.46786241540363,""peak_positive_curvature_radpm"":0.5654763301117745,""signed_curvature_margin_radpm"":0.676213224059043}","{""braking_deficit_m"":0,""braking_feasible"":true,""exit_reaches_next_obstacle"":false,""generation_index"":4,""global_path_deviation_m"":0.9905112516634696,""minimum_normalized_safety_slack"":-1.319624921665343,""velocity_loss"":0.2140439552800766}"
DVE024,M0_V1,FROZEN_V1_CURVATURE_CONTINUITY,RIGHT,5,10b3607b774a86b2,FROZEN_V1,ACTIVE_OUTER,SAME_SIGN_NEGATIVE__SIGN_CHANGE__SAME_SIGN_POSITIVE,False,False,-0.45966705945396313,0.12155094608168238,-0.5396670594539631,-0.539667059453963,0,ACTIVE_OUTER,CURVATURE_CORRIDOR_CRITICAL,CONTINUITY_BIASED_SAFE_ANCHOR,1.310934367577036,7.397546202396385,-1.3877787807814457e-17,0.11156395519701379,0.12155094608168238,0.13153793696635097,18.68832427962508,True,False,footprint_track_bound,"{""center_track_margin_m"":0.35029963314627266,""d_m"":-0.45970036685372745,""footprint_invalid"":false,""footprint_track_margin_m"":0.15585276789862393,""s_m"":1.5040652480150138,""x_m"":-11.193673540302523,""y_m"":3.907905299344472,""yaw_rad"":-1.496370165348915}","{""center_track_m"":-4.361058794711121,""curvature_rate_margin_radpm2"":18.52606326925515,""footprint_track_m"":-4.52258255083509,""lateral_slope_margin"":-0.2518974016157194,""obstacle_m"":0.9927629813537413,""peak_curvature_rate_radpm2"":1.4739367307448499,""peak_lateral_slope"":1.0518974016157194,""peak_negative_curvature_radpm"":-0.3390927774261444,""peak_positive_curvature_radpm"":0.58645203072435,""signed_curvature_margin_radpm"":0.729814488354661}","{""braking_deficit_m"":0,""braking_feasible"":true,""exit_reaches_next_obstacle"":false,""generation_index"":5,""global_path_deviation_m"":2.068979091557688,""minimum_normalized_safety_slack"":-3.007372529807414,""velocity_loss"":0.14533523206756294}"
DVE024,M1,ZERO_BOUNDARY_SHORT,RIGHT,2000,43a01a04f289cfc5,M1_BRANCH_COMPLETE_ACTIVE_SET_CLOSURE,ZERO_INTERFACE,ZERO_RIGHT__ZERO_BOTH__ZERO_LEFT,True,False,-0.46279726164999496,,,-0.46279726164999496,0,ZERO_INTERFACE,NONE,NONE,0.5145810930150512,0.4971684162574945,0.06777175367553831,0.11156395519701379,0.12155094608168238,0.13153793696635097,1.3786877112820144,True,False,shifted race line exceeds left control steering curvature,"{""center_track_margin_m"":0.40838032106150285,""d_m"":-0.40161967893849726,""footprint_invalid"":false,""footprint_track_margin_m"":0.20581088492590552,""s_m"":1.5040652480150138,""x_m"":-11.13560688187421,""y_m"":3.9091818132206515,""yaw_rad"":-1.8991191979015898}","{""center_track_m"":0.40838032106150285,""curvature_rate_margin_radpm2"":15.21447658527988,""footprint_track_m"":0.17268673586923947,""lateral_slope_margin"":0.14514528734100718,""obstacle_m"":0.058568575417577484,""peak_curvature_rate_radpm2"":4.78552341472012,""peak_lateral_slope"":0.6548547126589929,""peak_negative_curvature_radpm"":-0.4278470547513161,""peak_positive_curvature_radpm"":2.0714450217195144,""signed_curvature_margin_radpm"":-0.7551785026405033}","{""braking_deficit_m"":0,""braking_feasible"":true,""exit_reaches_next_obstacle"":false,""generation_index"":2000,""global_path_deviation_m"":0.05332685420388672,""minimum_normalized_safety_slack"":-0.5737276544638544,""velocity_loss"":0.2343332847176603}"
DVE024,M1,ZERO_BOUNDARY_SPAN,RIGHT,2001,b0f93c54e41013de,M1_BRANCH_COMPLETE_ACTIVE_SET_CLOSURE,ZERO_INTERFACE,ZERO_RIGHT__ZERO_BOTH__ZERO_LEFT,True,False,-0.46279726164999496,,,-0.46279726164999496,0,ZERO_INTERFACE,NONE,NONE,0.7136694116555473,0.4971684162574945,0.05082881525665374,0.11156395519701379,0.12155094608168238,0.13153793696635097,1.3786877112820144,True,False,shifted race line exceeds left control steering curvature,"{""center_track_margin_m"":0.39117935594699643,""d_m"":-0.4188206440530037,""footprint_invalid"":false,""footprint_track_margin_m"":0.20641348370996973,""s_m"":1.5040652480150138,""x_m"":-11.15280369206694,""y_m"":3.9088037655176975,""yaw_rad"":-1.8330617781685987}","{""center_track_m"":0.39117935594699643,""curvature_rate_margin_radpm2"":15.803222294815733,""footprint_track_m"":0.16843331349000915,""lateral_slope_margin"":0.14514528734100718,""obstacle_m"":0.058568575417577484,""peak_curvature_rate_radpm2"":4.1967777051842665,""peak_lateral_slope"":0.6548547126589929,""peak_negative_curvature_radpm"":-0.4278470547513043,""peak_positive_curvature_radpm"":1.897025491438592,""signed_curvature_margin_radpm"":-0.580758972359581}","{""braking_deficit_m"":0,""braking_feasible"":true,""exit_reaches_next_obstacle"":false,""generation_index"":2001,""global_path_deviation_m"":0.05398842978521389,""minimum_normalized_safety_slack"":-0.4412168538374256,""velocity_loss"":0.23332298514767433}"
DVE024,M1,NEAR_LONG,RIGHT,2002,23380a1a55695659,M1_BRANCH_COMPLETE_ACTIVE_SET_CLOSURE,ACTIVE_OUTER,SAME_SIGN_NEGATIVE__SIGN_CHANGE__SAME_SIGN_POSITIVE,True,False,-0.45966705945396313,0.12155094608168238,-0.5598335297269816,-0.5598335297269815,0,ACTIVE_OUTER,CORRIDOR_BOTTLENECK,CORRIDOR_CENTER,1.310934367577036,7.397546202396385,-1.3877787807814457e-17,0.11156395519701379,0.12155094608168238,0.13153793696635097,18.68832427962508,True,False,footprint_track_bound,"{""center_track_margin_m"":0.34362379680532057,""d_m"":-0.46637620319467954,""footprint_invalid"":false,""footprint_track_margin_m"":0.1396119529118959,""s_m"":1.5040652480150138,""x_m"":-11.200347764084086,""y_m"":3.907758575914874,""yaw_rad"":-1.4572033570856273}","{""center_track_m"":-5.6536980257257055,""curvature_rate_margin_radpm2"":18.32233609795622,""footprint_track_m"":-5.818238474578107,""lateral_slope_margin"":-0.5253244483355746,""obstacle_m"":1.1204318247757543,""peak_curvature_rate_radpm2"":1.677663902043778,""peak_lateral_slope"":1.3253244483355746,""peak_negative_curvature_radpm"":-0.41964491727766945,""peak_positive_curvature_radpm"":0.58645203072435,""signed_curvature_margin_radpm"":0.7244307221850035}","{""braking_deficit_m"":0,""braking_feasible"":true,""exit_reaches_next_obstacle"":false,""generation_index"":2002,""global_path_deviation_m"":2.5551253257020186,""minimum_normalized_safety_slack"":-3.8691320171504704,""velocity_loss"":0.1667078806700596}"
DVE024,M1,NEAR_BISECTED,RIGHT,2003,aa8ff5cfd3f92374,M1_BRANCH_COMPLETE_ACTIVE_SET_CLOSURE,ACTIVE_OUTER,SAME_SIGN_NEGATIVE__SIGN_CHANGE__SAME_SIGN_POSITIVE,True,False,-0.45966705945396313,0.12155094608168238,-0.5598335297269816,-0.559833529726985,0,ACTIVE_OUTER,CORRIDOR_BOTTLENECK,CORRIDOR_CENTER,0.9127577302960436,7.397546202396385,0.033885876837769155,0.11156395519701379,0.12155094608168238,0.13153793696635097,18.68832427962508,True,False,footprint_track_bound,"{""center_track_margin_m"":0.3669409474741104,""d_m"":-0.44305905252588973,""footprint_invalid"":false,""footprint_track_margin_m"":0.18937616119046632,""s_m"":1.5040652480150138,""x_m"":-11.177036245711882,""y_m"":3.9082710468832813,""yaw_rad"":-1.5628382276274402}","{""center_track_m"":-5.6536980257259275,""curvature_rate_margin_radpm2"":18.322336097956363,""footprint_track_m"":-5.818238474578329,""lateral_slope_margin"":-0.5253244483356241,""obstacle_m"":1.120431824775776,""peak_curvature_rate_radpm2"":1.677663902043636,""peak_lateral_slope"":1.3253244483356241,""peak_negative_curvature_radpm"":-0.41964491727763026,""peak_positive_curvature_radpm"":0.58645203072435,""signed_curvature_margin_radpm"":0.7244307221850428}","{""braking_deficit_m"":0,""braking_feasible"":true,""exit_reaches_next_obstacle"":false,""generation_index"":2003,""global_path_deviation_m"":2.5548798820108227,""minimum_normalized_safety_slack"":-3.8691320171506187,""velocity_loss"":0.16670788067005424}"
DVE024,M1,NEAR_BISECTED,RIGHT,2004,a72425367c89e08f,M1_BRANCH_COMPLETE_ACTIVE_SET_CLOSURE,ACTIVE_OUTER,SAME_SIGN_NEGATIVE__SIGN_CHANGE__SAME_SIGN_POSITIVE,True,False,-0.45966705945396313,0.12155094608168238,-0.5598335297269816,-0.5598335297269825,0,ACTIVE_OUTER,CORRIDOR_BOTTLENECK,CORRIDOR_CENTER,0.7136694116555473,7.397546202396385,0.05082881525665374,0.11156395519701379,0.12155094608168238,0.13153793696635097,18.68832427962508,True,False,footprint_track_bound,"{""center_track_margin_m"":0.38745046524522114,""d_m"":-0.42254953475477897,""footprint_invalid"":false,""footprint_track_margin_m"":0.23492952119175195,""s_m"":1.5040652480150138,""x_m"":-11.156531682048955,""y_m"":3.9087218108974193,""yaw_rad"":-1.655802595726386}","{""center_track_m"":-5.653698025725773,""curvature_rate_margin_radpm2"":18.322336097956185,""footprint_track_m"":-5.818238474578174,""lateral_slope_margin"":-0.5253244483355888,""obstacle_m"":1.1204318247757605,""peak_curvature_rate_radpm2"":1.6776639020438138,""peak_lateral_slope"":1.3253244483355888,""peak_negative_curvature_radpm"":-0.4196449172776767,""peak_positive_curvature_radpm"":0.58645203072435,""signed_curvature_margin_radpm"":0.7244307221849963}","{""braking_deficit_m"":0,""braking_feasible"":true,""exit_reaches_next_obstacle"":false,""generation_index"":2004,""global_path_deviation_m"":2.5546639923500174,""minimum_normalized_safety_slack"":-3.8691320171505157,""velocity_loss"":0.16670788067006162}"
DVE024,M1,NEAR_BISECTED,RIGHT,2005,213906c19d4af3ae,M1_BRANCH_COMPLETE_ACTIVE_SET_CLOSURE,ACTIVE_OUTER,SAME_SIGN_NEGATIVE__SIGN_CHANGE__SAME_SIGN_POSITIVE,True,False,-0.45966705945396313,0.12155094608168238,-0.5598335297269816,-0.5598335297269811,0,ACTIVE_OUTER,CORRIDOR_BOTTLENECK,CORRIDOR_CENTER,0.6141252523352992,7.397546202396385,0.059300284466096025,0.11156395519701379,0.12155094608168238,0.13153793696635097,18.68832427962508,True,False,footprint_track_bound,"{""center_track_margin_m"":0.3990320170471108,""d_m"":-0.41096798295288933,""footprint_invalid"":false,""footprint_track_margin_m"":0.2507859277856586,""s_m"":1.5040652480150138,""x_m"":-11.144952927790195,""y_m"":3.9089763535365214,""yaw_rad"":-1.7080949557093852}","{""center_track_m"":-5.653698025725674,""curvature_rate_margin_radpm2"":18.322336097956416,""footprint_track_m"":-5.818238474578075,""lateral_slope_margin"":-0.5253244483355692,""obstacle_m"":1.1204318247757514,""peak_curvature_rate_radpm2"":1.6776639020435833,""peak_lateral_slope"":1.3253244483355693,""peak_negative_curvature_radpm"":-0.41964491727762837,""peak_positive_curvature_radpm"":0.58645203072435,""signed_curvature_margin_radpm"":0.7244307221850446}","{""braking_deficit_m"":0,""braking_feasible"":true,""exit_reaches_next_obstacle"":false,""generation_index"":2005,""global_path_deviation_m"":2.5545420812783894,""minimum_normalized_safety_slack"":-3.86913201715045,""velocity_loss"":0.1667078806700557}"
DVE024,M1,NEAR_BISECTED,RIGHT,2006,23cd2b2b46b81654,M1_BRANCH_COMPLETE_ACTIVE_SET_CLOSURE,ACTIVE_OUTER,SAME_SIGN_NEGATIVE__SIGN_CHANGE__SAME_SIGN_POSITIVE,True,False,-0.45966705945396313,0.12155094608168238,-0.5598335297269816,-0.5598335297269814,0,ACTIVE_OUTER,CORRIDOR_BOTTLENECK,CORRIDOR_CENTER,0.5643531726751752,7.397546202396385,0.06353601907081718,0.11156395519701379,0.12155094608168238,0.13153793696635097,18.68832427962508,True,False,footprint_track_bound,"{""center_track_margin_m"":0.4042432459994285,""d_m"":-0.4057567540005716,""footprint_invalid"":false,""footprint_track_margin_m"":0.2490938630731873,""s_m"":1.5040652480150138,""x_m"":-11.139742957618912,""y_m"":3.9090908874084223,""yaw_rad"":-1.731540576278475}","{""center_track_m"":-5.653698025725691,""curvature_rate_margin_radpm2"":18.32233609795613,""footprint_track_m"":-5.818238474578091,""lateral_slope_margin"":-0.5253244483355728,""obstacle_m"":1.1204318247757536,""peak_curvature_rate_radpm2"":1.6776639020438704,""peak_lateral_slope"":1.3253244483355728,""peak_negative_curvature_radpm"":-0.41964491727769687,""peak_positive_curvature_radpm"":0.58645203072435,""signed_curvature_margin_radpm"":0.7244307221849762}","{""braking_deficit_m"":0,""braking_feasible"":true,""exit_reaches_next_obstacle"":false,""generation_index"":2006,""global_path_deviation_m"":2.5544872262367573,""minimum_normalized_safety_slack"":-3.869132017150461,""velocity_loss"":0.1667078806700633}"
DVE024,M1,NEAR_BISECTED,RIGHT,2007,1def43aef552e11c,M1_BRANCH_COMPLETE_ACTIVE_SET_CLOSURE,ACTIVE_OUTER,SAME_SIGN_NEGATIVE__SIGN_CHANGE__SAME_SIGN_POSITIVE,True,False,-0.45966705945396313,0.12155094608168238,-0.5598335297269816,-0.5598335297269792,0,ACTIVE_OUTER,CORRIDOR_BOTTLENECK,CORRIDOR_CENTER,0.5394671328451132,7.397546202396385,0.06565388637317773,0.11156395519701379,0.12155094608168238,0.13153793696635097,18.68832427962508,True,False,footprint_track_bound,"{""center_track_margin_m"":0.4064608612854551,""d_m"":-0.403539138714545,""footprint_invalid"":false,""footprint_track_margin_m"":0.24840380151523603,""s_m"":1.5040652480150138,""x_m"":-11.137525878001552,""y_m"":3.909139626787831,""yaw_rad"":-1.7414985282885482}","{""center_track_m"":-5.65369802572555,""curvature_rate_margin_radpm2"":18.32233609795632,""footprint_track_m"":-5.818238474577947,""lateral_slope_margin"":-0.5253244483355408,""obstacle_m"":1.1204318247757394,""peak_curvature_rate_radpm2"":1.6776639020436783,""peak_lateral_slope"":1.3253244483355409,""peak_negative_curvature_radpm"":-0.4196449172776488,""peak_positive_curvature_radpm"":0.58645203072435,""signed_curvature_margin_radpm"":0.7244307221850241}","{""braking_deficit_m"":0,""braking_feasible"":true,""exit_reaches_next_obstacle"":false,""generation_index"":2007,""global_path_deviation_m"":2.5544638829179203,""minimum_normalized_safety_slack"":-3.869132017150367,""velocity_loss"":0.16670788067005168}"
DVE024,M1,NEAR_BISECTED,RIGHT,2008,6f970ea5a89e54da,M1_BRANCH_COMPLETE_ACTIVE_SET_CLOSURE,ACTIVE_OUTER,SAME_SIGN_NEGATIVE__SIGN_CHANGE__SAME_SIGN_POSITIVE,True,False,-0.45966705945396313,0.12155094608168238,-0.5598335297269816,-0.559833529726985,0,ACTIVE_OUTER,CORRIDOR_BOTTLENECK,CORRIDOR_CENTER,0.5270241129300821,7.397546202396385,0.06671282002435804,0.11156395519701379,0.12155094608168238,0.13153793696635097,18.68832427962508,True,False,footprint_track_bound,"{""center_track_margin_m"":0.4074331632401704,""d_m"":-0.4025668367598297,""footprint_invalid"":false,""footprint_track_margin_m"":0.24810707507604915,""s_m"":1.5040652480150138,""x_m"":-11.136553810907994,""y_m"":3.9091609963166984,""yaw_rad"":-1.7458606340695693}","{""center_track_m"":-5.6536980257259275,""curvature_rate_margin_radpm2"":18.322336097956363,""footprint_track_m"":-5.818238474578329,""lateral_slope_margin"":-0.5253244483356241,""obstacle_m"":1.120431824775776,""peak_curvature_rate_radpm2"":1.677663902043636,""peak_lateral_slope"":1.3253244483356241,""peak_negative_curvature_radpm"":-0.41964491727763026,""peak_positive_curvature_radpm"":0.58645203072435,""signed_curvature_margin_radpm"":0.7244307221850428}","{""braking_deficit_m"":0,""braking_feasible"":true,""exit_reaches_next_obstacle"":false,""generation_index"":2008,""global_path_deviation_m"":2.554453648160654,""minimum_normalized_safety_slack"":-3.8691320171506187,""velocity_loss"":0.16670788067005424}"
DVE024,M1,NEAR_BISECTED,RIGHT,2009,131e61802e957ce2,M1_BRANCH_COMPLETE_ACTIVE_SET_CLOSURE,ACTIVE_OUTER,SAME_SIGN_NEGATIVE__SIGN_CHANGE__SAME_SIGN_POSITIVE,True,False,-0.45966705945396313,0.12155094608168238,-0.5598335297269816,-0.5598335297269795,0,ACTIVE_OUTER,CORRIDOR_BOTTLENECK,CORRIDOR_CENTER,0.5208026029725666,7.397546202396385,0.06724228684994818,0.11156395519701379,0.12155094608168238,0.13153793696635097,18.68832427962508,True,False,footprint_track_bound,"{""center_track_margin_m"":0.40788002969623743,""d_m"":-0.4021199703037627,""footprint_invalid"":false,""footprint_track_margin_m"":0.24797190802355276,""s_m"":1.5040652480150138,""x_m"":-11.136107052393264,""y_m"":3.9091708176747515,""yaw_rad"":-1.74786461787289}","{""center_track_m"":-5.653698025725571,""curvature_rate_margin_radpm2"":18.322336097956196,""footprint_track_m"":-5.818238474577973,""lateral_slope_margin"":-0.5253244483355497,""obstacle_m"":1.1204318247757414,""peak_curvature_rate_radpm2"":1.6776639020438027,""peak_lateral_slope"":1.3253244483355497,""peak_negative_curvature_radpm"":-0.4196449172776675,""peak_positive_curvature_radpm"":0.58645203072435,""signed_curvature_margin_radpm"":0.7244307221850055}","{""braking_deficit_m"":0,""braking_feasible"":true,""exit_reaches_next_obstacle"":false,""generation_index"":2009,""global_path_deviation_m"":2.5544489443030645,""minimum_normalized_safety_slack"":-3.869132017150381,""velocity_loss"":0.16670788067006137}"
DVE024,M1,NEAR_BISECTED,RIGHT,2010,3584ea3610651526,M1_BRANCH_COMPLETE_ACTIVE_SET_CLOSURE,ACTIVE_OUTER,SAME_SIGN_NEGATIVE__SIGN_CHANGE__SAME_SIGN_POSITIVE,True,False,-0.45966705945396313,0.12155094608168238,-0.5598335297269816,-0.5598335297269794,0,ACTIVE_OUTER,CORRIDOR_BOTTLENECK,CORRIDOR_CENTER,0.5176918479938089,7.397546202396385,0.06750702026274324,0.11156395519701379,0.12155094608168238,0.13153793696635097,18.68832427962508,True,False,footprint_track_bound,"{""center_track_margin_m"":0.4080930145895091,""d_m"":-0.401906985410491,""footprint_invalid"":false,""footprint_track_margin_m"":0.2479077539978947,""s_m"":1.5040652480150138,""x_m"":-11.135894118946847,""y_m"":3.909175498717305,""yaw_rad"":-1.7488195687806387}","{""center_track_m"":-5.653698025725559,""curvature_rate_margin_radpm2"":18.322336097956335,""footprint_track_m"":-5.818238474577959,""lateral_slope_margin"":-0.5253244483355461,""obstacle_m"":1.120431824775741,""peak_curvature_rate_radpm2"":1.6776639020436641,""peak_lateral_slope"":1.3253244483355462,""peak_negative_curvature_radpm"":-0.4196449172776456,""peak_positive_curvature_radpm"":0.58645203072435,""signed_curvature_margin_radpm"":0.7244307221850275}","{""braking_deficit_m"":0,""braking_feasible"":true,""exit_reaches_next_obstacle"":false,""generation_index"":2010,""global_path_deviation_m"":2.554446702356809,""minimum_normalized_safety_slack"":-3.8691320171503727,""velocity_loss"":0.16670788067005174}"
DVE024,M1,NEAR_BISECTED,RIGHT,2011,98ca03d87876af5d,M1_BRANCH_COMPLETE_ACTIVE_SET_CLOSURE,ACTIVE_OUTER,SAME_SIGN_NEGATIVE__SIGN_CHANGE__SAME_SIGN_POSITIVE,True,False,-0.45966705945396313,0.12155094608168238,-0.5598335297269816,-0.5598335297269814,0,ACTIVE_OUTER,CORRIDOR_BOTTLENECK,CORRIDOR_CENTER,0.51613647050443,7.397546202396385,0.06763938696914078,0.11156395519701379,0.12155094608168238,0.13153793696635097,18.68832427962508,True,False,footprint_track_bound,"{""center_track_margin_m"":0.40819681924228024,""d_m"":-0.40180318075771987,""footprint_invalid"":false,""footprint_track_margin_m"":0.2478765497253376,""s_m"":1.5040652480150138,""x_m"":-11.135790339368263,""y_m"":3.909177780165484,""yaw_rad"":-1.7492849494882194}","{""center_track_m"":-5.653698025725691,""curvature_rate_margin_radpm2"":18.32233609795613,""footprint_track_m"":-5.818238474578094,""lateral_slope_margin"":-0.5253244483355728,""obstacle_m"":1.1204318247757536,""peak_curvature_rate_radpm2"":1.6776639020438704,""peak_lateral_slope"":1.3253244483355728,""peak_negative_curvature_radpm"":-0.41964491727769687,""peak_positive_curvature_radpm"":0.58645203072435,""signed_curvature_margin_radpm"":0.7244307221849762}","{""braking_deficit_m"":0,""braking_feasible"":true,""exit_reaches_next_obstacle"":false,""generation_index"":2011,""global_path_deviation_m"":2.554445609676306,""minimum_normalized_safety_slack"":-3.869132017150461,""velocity_loss"":0.16670788067006356}"
DVE024,M1,NEAR_BISECTED,RIGHT,2012,22d8be45fb5acbc8,M1_BRANCH_COMPLETE_ACTIVE_SET_CLOSURE,ACTIVE_OUTER,SAME_SIGN_NEGATIVE__SIGN_CHANGE__SAME_SIGN_POSITIVE,True,False,-0.45966705945396313,0.12155094608168238,-0.5598335297269816,-0.5598335297269814,0,ACTIVE_OUTER,CORRIDOR_BOTTLENECK,CORRIDOR_CENTER,0.5153587817597406,7.397546202396385,0.06770557032233955,0.11156395519701379,0.12155094608168238,0.13153793696635097,18.68832427962508,True,False,footprint_track_bound,"{""center_track_margin_m"":0.4082480403880003,""d_m"":-0.40175195961199983,""footprint_invalid"":false,""footprint_track_margin_m"":0.24786116762204471,""s_m"":1.5040652480150138,""x_m"":-11.135739130595097,""y_m"":3.909178905918391,""yaw_rad"":-1.7495145753868848}","{""center_track_m"":-5.653698025725691,""curvature_rate_margin_radpm2"":18.32233609795613,""footprint_track_m"":-5.818238474578094,""lateral_slope_margin"":-0.5253244483355728,""obstacle_m"":1.1204318247757536,""peak_curvature_rate_radpm2"":1.6776639020438704,""peak_lateral_slope"":1.3253244483355728,""peak_negative_curvature_radpm"":-0.41964491727769687,""peak_positive_curvature_radpm"":0.58645203072435,""signed_curvature_margin_radpm"":0.7244307221849762}","{""braking_deficit_m"":0,""braking_feasible"":true,""exit_reaches_next_obstacle"":false,""generation_index"":2012,""global_path_deviation_m"":2.5544450705063513,""minimum_normalized_safety_slack"":-3.869132017150461,""velocity_loss"":0.16670788067006356}"
DVE024,M1,NEAR_BISECTED,RIGHT,2013,5782c2bbe236d195,M1_BRANCH_COMPLETE_ACTIVE_SET_CLOSURE,ACTIVE_OUTER,SAME_SIGN_NEGATIVE__SIGN_CHANGE__SAME_SIGN_POSITIVE,True,False,-0.45966705945396313,0.12155094608168238,-0.5598335297269816,-0.5598335297269831,0,ACTIVE_OUTER,CORRIDOR_BOTTLENECK,CORRIDOR_CENTER,0.5149699373873959,7.397546202396385,0.06773866199893894,0.11156395519701379,0.12155094608168238,0.13153793696635097,18.68832427962508,True,False,footprint_track_bound,"{""center_track_margin_m"":0.40827347952838,""d_m"":-0.4017265204716201,""footprint_invalid"":false,""footprint_track_margin_m"":0.24785353180461514,""s_m"":1.5040652480150138,""x_m"":-11.135713697599583,""y_m"":3.909179465027053,""yaw_rad"":-1.7496286172014353}","{""center_track_m"":-5.653698025725795,""curvature_rate_margin_radpm2"":18.32233609795625,""footprint_track_m"":-5.818238474578197,""lateral_slope_margin"":-0.5253244483355977,""obstacle_m"":1.120431824775764,""peak_curvature_rate_radpm2"":1.6776639020437492,""peak_lateral_slope"":1.3253244483355977,""peak_negative_curvature_radpm"":-0.4196449172776524,""peak_positive_curvature_radpm"":0.58645203072435,""signed_curvature_margin_radpm"":0.7244307221850206}","{""braking_deficit_m"":0,""braking_feasible"":true,""exit_reaches_next_obstacle"":false,""generation_index"":2013,""global_path_deviation_m"":2.5544448027259934,""minimum_normalized_safety_slack"":-3.8691320171505303,""velocity_loss"":0.1667078806700577}"
DVE024,M1,NEAR_BISECTED,RIGHT,2014,5d3e654962d5df03,M1_BRANCH_COMPLETE_ACTIVE_SET_CLOSURE,ACTIVE_OUTER,SAME_SIGN_NEGATIVE__SIGN_CHANGE__SAME_SIGN_POSITIVE,True,False,-0.45966705945396313,0.12155094608168238,-0.5598335297269816,-0.5598335297269816,0,ACTIVE_OUTER,CORRIDOR_BOTTLENECK,CORRIDOR_CENTER,0.5147755152012236,7.397546202396385,0.06775520783723862,0.11156395519701379,0.12155094608168238,0.13153793696635097,18.68832427962508,True,False,footprint_track_bound,"{""center_track_margin_m"":0.40828615609940433,""d_m"":-0.4017138439005958,""footprint_invalid"":false,""footprint_track_margin_m"":0.2478497277318548,""s_m"":1.5040652480150138,""x_m"":-11.135701024090606,""y_m"":3.9091797436363356,""yaw_rad"":-1.7496854447041388}","{""center_track_m"":-5.6536980257257055,""curvature_rate_margin_radpm2"":18.322336097956267,""footprint_track_m"":-5.818238474578105,""lateral_slope_margin"":-0.5253244483355746,""obstacle_m"":1.1204318247757548,""peak_curvature_rate_radpm2"":1.6776639020437336,""peak_lateral_slope"":1.3253244483355746,""peak_negative_curvature_radpm"":-0.4196449172776503,""peak_positive_curvature_radpm"":0.58645203072435,""signed_curvature_margin_radpm"":0.7244307221850227}","{""braking_deficit_m"":0,""braking_feasible"":true,""exit_reaches_next_obstacle"":false,""generation_index"":2014,""global_path_deviation_m"":2.5544446692883596,""minimum_normalized_safety_slack"":-3.8691320171504704,""velocity_loss"":0.1667078806700561}"
DVE024,M1,NEAR_BISECTED,RIGHT,2015,67b3f0214f7b7fd9,M1_BRANCH_COMPLETE_ACTIVE_SET_CLOSURE,ACTIVE_OUTER,SAME_SIGN_NEGATIVE__SIGN_CHANGE__SAME_SIGN_POSITIVE,True,False,-0.45966705945396313,0.12155094608168238,-0.5598335297269816,-0.5598335297269802,0,ACTIVE_OUTER,CORRIDOR_BOTTLENECK,CORRIDOR_CENTER,0.5146783041081373,7.397546202396385,0.06776348075638847,0.11156395519701379,0.12155094608168238,0.13153793696635097,18.68832427962508,True,False,footprint_track_bound,"{""center_track_margin_m"":0.4082924836175667,""d_m"":-0.4017075163824334,""footprint_invalid"":false,""footprint_track_margin_m"":0.24784782915842088,""s_m"":1.5040652480150138,""x_m"":-11.135694698100865,""y_m"":3.909179882704329,""yaw_rad"":-1.7497138100251963}","{""center_track_m"":-5.653698025725618,""curvature_rate_margin_radpm2"":18.322336097956132,""footprint_track_m"":-5.818238474578018,""lateral_slope_margin"":-0.525324448335555,""obstacle_m"":1.1204318247757459,""peak_curvature_rate_radpm2"":1.6776639020438693,""peak_lateral_slope"":1.325324448335555,""peak_negative_curvature_radpm"":-0.41964491727769837,""peak_positive_curvature_radpm"":0.58645203072435,""signed_curvature_margin_radpm"":0.7244307221849746}","{""braking_deficit_m"":0,""braking_feasible"":true,""exit_reaches_next_obstacle"":false,""generation_index"":2015,""global_path_deviation_m"":2.554444602682848,""minimum_normalized_safety_slack"":-3.8691320171504127,""velocity_loss"":0.16670788067005757}"
DVE024,M1,NEAR_BISECTED,RIGHT,2016,eb6d3a682c5e3eed,M1_BRANCH_COMPLETE_ACTIVE_SET_CLOSURE,ACTIVE_OUTER,SAME_SIGN_NEGATIVE__SIGN_CHANGE__SAME_SIGN_POSITIVE,True,False,-0.45966705945396313,0.12155094608168238,-0.5598335297269816,-0.5598335297269807,0,ACTIVE_OUTER,CORRIDOR_BOTTLENECK,CORRIDOR_CENTER,0.5146296985615942,7.397546202396385,0.06776761721596339,0.11156395519701379,0.12155094608168238,0.13153793696635097,18.68832427962508,True,False,footprint_track_bound,"{""center_track_margin_m"":0.40829564468262025,""d_m"":-0.40170435531737986,""footprint_invalid"":false,""footprint_track_margin_m"":0.24784688073763264,""s_m"":1.5040652480150138,""x_m"":-11.135691537799373,""y_m"":3.909179952179116,""yaw_rad"":-1.7497279805692938}","{""center_track_m"":-5.653698025725641,""curvature_rate_margin_radpm2"":18.322336097956185,""footprint_track_m"":-5.818238474578043,""lateral_slope_margin"":-0.5253244483355639,""obstacle_m"":1.1204318247757492,""peak_curvature_rate_radpm2"":1.6776639020438144,""peak_lateral_slope"":1.325324448335564,""peak_negative_curvature_radpm"":-0.4196449172776629,""peak_positive_curvature_radpm"":0.58645203072435,""signed_curvature_margin_radpm"":0.7244307221850101}","{""braking_deficit_m"":0,""braking_feasible"":true,""exit_reaches_next_obstacle"":false,""generation_index"":2016,""global_path_deviation_m"":2.554444569408489,""minimum_normalized_safety_slack"":-3.8691320171504273,""velocity_loss"":0.16670788067005457}"
DVE024,M1,NEAR_BISECTED,RIGHT,2017,f87a77b42072c274,M1_BRANCH_COMPLETE_ACTIVE_SET_CLOSURE,ACTIVE_OUTER,SAME_SIGN_NEGATIVE__SIGN_CHANGE__SAME_SIGN_POSITIVE,True,False,-0.45966705945396313,0.12155094608168238,-0.5598335297269816,-0.5598335297269791,0,ACTIVE_OUTER,CORRIDOR_BOTTLENECK,CORRIDOR_CENTER,0.5146053957883228,7.397546202396385,0.06776968544575085,0.11156395519701379,0.12155094608168238,0.13153793696635097,18.68832427962508,True,False,footprint_track_bound,"{""center_track_margin_m"":0.4082972245413667,""d_m"":-0.4017027754586334,""footprint_invalid"":false,""footprint_track_margin_m"":0.24784640674400185,""s_m"":1.5040652480150138,""x_m"":-11.135689958322244,""y_m"":3.9091799869017008,""yaw_rad"":-1.7497350628102513}","{""center_track_m"":-5.65369802572555,""curvature_rate_margin_radpm2"":18.32233609795622,""footprint_track_m"":-5.8182384745779485,""lateral_slope_margin"":-0.5253244483355426,""obstacle_m"":1.1204318247757388,""peak_curvature_rate_radpm2"":1.6776639020437776,""peak_lateral_slope"":1.3253244483355426,""peak_negative_curvature_radpm"":-0.4196449172776632,""peak_positive_curvature_radpm"":0.58645203072435,""signed_curvature_margin_radpm"":0.7244307221850098}","{""braking_deficit_m"":0,""braking_feasible"":true,""exit_reaches_next_obstacle"":false,""generation_index"":2017,""global_path_deviation_m"":2.5544445527784214,""minimum_normalized_safety_slack"":-3.869132017150367,""velocity_loss"":0.16670788067006084}"
DVE024,M1,NEAR_BISECTED,RIGHT,2018,e57894d7cfbb1e10,M1_BRANCH_COMPLETE_ACTIVE_SET_CLOSURE,ACTIVE_OUTER,SAME_SIGN_NEGATIVE__SIGN_CHANGE__SAME_SIGN_POSITIVE,True,False,-0.45966705945396313,0.12155094608168238,-0.5598335297269816,-0.5598335297269827,0,ACTIVE_OUTER,CORRIDOR_BOTTLENECK,CORRIDOR_CENTER,0.514593244401687,7.397546202396385,0.0677707195606446,0.11156395519701379,0.12155094608168238,0.13153793696635097,18.68832427962508,True,False,footprint_track_bound,"{""center_track_margin_m"":0.40829801430226054,""d_m"":-0.40170198569773957,""footprint_invalid"":false,""footprint_track_margin_m"":0.2478461698012471,""s_m"":1.5040652480150138,""x_m"":-11.13568916875212,""y_m"":3.9091800042592904,""yaw_rad"":-1.7497386031732733}","{""center_track_m"":-5.653698025725783,""curvature_rate_margin_radpm2"":18.322336097956185,""footprint_track_m"":-5.818238474578178,""lateral_slope_margin"":-0.5253244483355941,""obstacle_m"":1.1204318247757619,""peak_curvature_rate_radpm2"":1.6776639020438135,""peak_lateral_slope"":1.3253244483355942,""peak_negative_curvature_radpm"":-0.4196449172776786,""peak_positive_curvature_radpm"":0.58645203072435,""signed_curvature_margin_radpm"":0.7244307221849944}","{""braking_deficit_m"":0,""braking_feasible"":true,""exit_reaches_next_obstacle"":false,""generation_index"":2018,""global_path_deviation_m"":2.554444544465238,""minimum_normalized_safety_slack"":-3.869132017150522,""velocity_loss"":0.1667078806700598}"
DVE024,M1,NEAR_BISECTED,RIGHT,2019,323b4a7b66c2e157,M1_BRANCH_COMPLETE_ACTIVE_SET_CLOSURE,ACTIVE_OUTER,SAME_SIGN_NEGATIVE__SIGN_CHANGE__SAME_SIGN_POSITIVE,True,False,-0.45966705945396313,0.12155094608168238,-0.5598335297269816,-0.5598335297269819,0,ACTIVE_OUTER,CORRIDOR_BOTTLENECK,CORRIDOR_CENTER,0.5145871687083691,7.397546202396385,0.06777123661809145,0.11156395519701379,0.12155094608168238,0.13153793696635097,18.68832427962508,True,False,footprint_track_bound,"{""center_track_margin_m"":0.40829840914058346,""d_m"":-0.40170159085941665,""footprint_invalid"":false,""footprint_track_margin_m"":0.24784605134346374,""s_m"":1.5040652480150138,""x_m"":-11.13568877400917,""y_m"":3.9091800129371594,""yaw_rad"":-1.7497403731651426}","{""center_track_m"":-5.6536980257257134,""curvature_rate_margin_radpm2"":18.32233609795619,""footprint_track_m"":-5.8182384745781155,""lateral_slope_margin"":-0.5253244483355799,""obstacle_m"":1.1204318247757563,""peak_curvature_rate_radpm2"":1.6776639020438104,""peak_lateral_slope"":1.32532444833558,""peak_negative_curvature_radpm"":-0.4196449172776707,""peak_positive_curvature_radpm"":0.58645203072435,""signed_curvature_margin_radpm"":0.7244307221850023}","{""braking_deficit_m"":0,""braking_feasible"":true,""exit_reaches_next_obstacle"":false,""generation_index"":2019,""global_path_deviation_m"":2.5544445403089626,""minimum_normalized_safety_slack"":-3.8691320171504757,""velocity_loss"":0.16670788067005857}"
DVE024,M1,NEAR_BISECTED,RIGHT,2020,a04e9d33c826b649,M1_BRANCH_COMPLETE_ACTIVE_SET_CLOSURE,ACTIVE_OUTER,SAME_SIGN_NEGATIVE__SIGN_CHANGE__SAME_SIGN_POSITIVE,True,False,-0.45966705945396313,0.12155094608168238,-0.5598335297269816,-0.5598335297269807,0,ACTIVE_OUTER,CORRIDOR_BOTTLENECK,CORRIDOR_CENTER,0.5145841308617101,7.397546202396385,0.06777149514681488,0.11156395519701379,0.12155094608168238,0.13153793696635097,18.68832427962508,True,False,footprint_track_bound,"{""center_track_margin_m"":0.40829860654921335,""d_m"":-0.40170139345078676,""footprint_invalid"":false,""footprint_track_margin_m"":0.2478459921179306,""s_m"":1.5040652480150138,""x_m"":-11.135688576648224,""y_m"":3.909180017275862,""yaw_rad"":-1.7497412581137988}","{""center_track_m"":-5.653698025725641,""curvature_rate_margin_radpm2"":18.322336097956185,""footprint_track_m"":-5.818238474578043,""lateral_slope_margin"":-0.5253244483355639,""obstacle_m"":1.1204318247757492,""peak_curvature_rate_radpm2"":1.6776639020438144,""peak_lateral_slope"":1.325324448335564,""peak_negative_curvature_radpm"":-0.4196449172776629,""peak_positive_curvature_radpm"":0.58645203072435,""signed_curvature_margin_radpm"":0.7244307221850101}","{""braking_deficit_m"":0,""braking_feasible"":true,""exit_reaches_next_obstacle"":false,""generation_index"":2020,""global_path_deviation_m"":2.5544445382309457,""minimum_normalized_safety_slack"":-3.8691320171504273,""velocity_loss"":0.16670788067005457}"
DVE024,M1,NEAR_BISECTED,RIGHT,2021,b686553130e575ee,M1_BRANCH_COMPLETE_ACTIVE_SET_CLOSURE,ACTIVE_OUTER,SAME_SIGN_NEGATIVE__SIGN_CHANGE__SAME_SIGN_POSITIVE,True,False,-0.45966705945396313,0.12155094608168238,-0.5598335297269816,-0.5598335297269811,0,ACTIVE_OUTER,CORRIDOR_BOTTLENECK,CORRIDOR_CENTER,0.5145826119383806,7.397546202396385,0.0677716244111766,0.11156395519701379,0.12155094608168238,0.13153793696635097,18.68832427962508,True,False,footprint_track_bound,"{""center_track_margin_m"":0.40829870525089534,""d_m"":-0.40170129474910476,""footprint_invalid"":false,""footprint_track_margin_m"":0.24784596250584726,""s_m"":1.5040652480150138,""x_m"":-11.135688477970383,""y_m"":3.909180019445156,""yaw_rad"":-1.749741700576835}","{""center_track_m"":-5.653698025725674,""curvature_rate_margin_radpm2"":18.322336097956416,""footprint_track_m"":-5.818238474578075,""lateral_slope_margin"":-0.5253244483355692,""obstacle_m"":1.1204318247757514,""peak_curvature_rate_radpm2"":1.6776639020435833,""peak_lateral_slope"":1.3253244483355693,""peak_negative_curvature_radpm"":-0.41964491727762837,""peak_positive_curvature_radpm"":0.58645203072435,""signed_curvature_margin_radpm"":0.7244307221850446}","{""braking_deficit_m"":0,""braking_feasible"":true,""exit_reaches_next_obstacle"":false,""generation_index"":2021,""global_path_deviation_m"":2.5544445371920337,""minimum_normalized_safety_slack"":-3.86913201715045,""velocity_loss"":0.1667078806700557}"
DVE024,M1,NEAR_BISECTED,RIGHT,2022,3215e251a09bfa27,M1_BRANCH_COMPLETE_ACTIVE_SET_CLOSURE,ACTIVE_OUTER,SAME_SIGN_NEGATIVE__SIGN_CHANGE__SAME_SIGN_POSITIVE,True,False,-0.45966705945396313,0.12155094608168238,-0.5598335297269816,-0.5598335297269814,0,ACTIVE_OUTER,CORRIDOR_BOTTLENECK,CORRIDOR_CENTER,0.5145818524767158,7.397546202396385,0.06777168904335747,0.11156395519701379,0.12155094608168238,0.13153793696635097,18.68832427962508,True,False,footprint_track_bound,"{""center_track_margin_m"":0.40829875460107806,""d_m"":-0.40170124539892205,""footprint_invalid"":false,""footprint_track_margin_m"":0.2478459477002989,""s_m"":1.5040652480150138,""x_m"":-11.135688428632122,""y_m"":3.909180020529788,""yaw_rad"":-1.7497419218044334}","{""center_track_m"":-5.653698025725691,""curvature_rate_margin_radpm2"":18.32233609795613,""footprint_track_m"":-5.818238474578094,""lateral_slope_margin"":-0.5253244483355728,""obstacle_m"":1.1204318247757536,""peak_curvature_rate_radpm2"":1.6776639020438704,""peak_lateral_slope"":1.3253244483355728,""peak_negative_curvature_radpm"":-0.41964491727769687,""peak_positive_curvature_radpm"":0.58645203072435,""signed_curvature_margin_radpm"":0.7244307221849762}","{""braking_deficit_m"":0,""braking_feasible"":true,""exit_reaches_next_obstacle"":false,""generation_index"":2022,""global_path_deviation_m"":2.5544445366725292,""minimum_normalized_safety_slack"":-3.869132017150461,""velocity_loss"":0.16670788067006356}"
DVE024,M1,NEAR_BISECTED,RIGHT,2023,e41d338339c6b79e,M1_BRANCH_COMPLETE_ACTIVE_SET_CLOSURE,ACTIVE_OUTER,SAME_SIGN_NEGATIVE__SIGN_CHANGE__SAME_SIGN_POSITIVE,True,False,-0.45966705945396313,0.12155094608168238,-0.5598335297269816,-0.5598335297269814,0,ACTIVE_OUTER,CORRIDOR_BOTTLENECK,CORRIDOR_CENTER,0.5145814727458835,7.397546202396385,0.0677717213594479,0.11156395519701379,0.12155094608168238,0.13153793696635097,18.68832427962508,True,False,footprint_track_bound,"{""center_track_margin_m"":0.4082987792760049,""d_m"":-0.4017012207239952,""footprint_invalid"":false,""footprint_track_margin_m"":0.24784594029744758,""s_m"":1.5040652480150138,""x_m"":-11.135688403963155,""y_m"":3.9091800210721006,""yaw_rad"":-1.7497420324179374}","{""center_track_m"":-5.653698025725691,""curvature_rate_margin_radpm2"":18.32233609795613,""footprint_track_m"":-5.818238474578094,""lateral_slope_margin"":-0.5253244483355728,""obstacle_m"":1.1204318247757536,""peak_curvature_rate_radpm2"":1.6776639020438704,""peak_lateral_slope"":1.3253244483355728,""peak_negative_curvature_radpm"":-0.41964491727769687,""peak_positive_curvature_radpm"":0.58645203072435,""signed_curvature_margin_radpm"":0.7244307221849762}","{""braking_deficit_m"":0,""braking_feasible"":true,""exit_reaches_next_obstacle"":false,""generation_index"":2023,""global_path_deviation_m"":2.5544445364127935,""minimum_normalized_safety_slack"":-3.869132017150461,""velocity_loss"":0.16670788067006356}"
DVE025,M0_V1,FROZEN_V1_CURVATURE_CONTINUITY,LEFT,0,b11fc1df745fddba,FROZEN_V1,ACTIVE_OUTER,SAME_SIGN_POSITIVE__SIGN_CHANGE__SAME_SIGN_NEGATIVE,False,False,0.2396651784717656,0.68443711396597,0.3196651784717656,0.6283165963769541,0,ACTIVE_OUTER,CURVATURE_CORRIDOR_CRITICAL,CONTINUITY_BIASED_SAFE_ANCHOR,0.5145810930150512,0.5921644291425211,0,0.7211978557661397,0.7267537416513599,0.7323096275365799,4.39101522911095,True,False,path entry is discontinuous from the current ego d,"{""center_track_margin_m"":0.7518111011401658,""d_m"":0.15431110114016583,""footprint_invalid"":false,""footprint_track_margin_m"":0.4431957754044037,""s_m"":23.32196649735332,""x_m"":8.703222718137232,""y_m"":1.3117211726809181,""yaw_rad"":2.916286531237448}","{""center_track_m"":-7.756822639758624,""curvature_rate_margin_radpm2"":-18.389752046961092,""footprint_track_m"":-7.863739339550607,""lateral_slope_margin"":-8.468801228320432,""obstacle_m"":0.08000000000001245,""peak_curvature_rate_radpm2"":38.38975204696109,""peak_lateral_slope"":9.268801228320433,""peak_negative_curvature_radpm"":-9.667943736656536,""peak_positive_curvature_radpm"":2.2514029657979115,""signed_curvature_margin_radpm"":-8.523868097193862}","{""braking_deficit_m"":0,""braking_feasible"":true,""exit_reaches_next_obstacle"":false,""generation_index"":0,""global_path_deviation_m"":1.7752877825019355,""minimum_normalized_safety_slack"":-7.450441040067233,""velocity_loss"":0.3006985527678946}"
DVE025,M0_V1,FROZEN_V1_CURVATURE_CONTINUITY,LEFT,1,794c0b2c710f020e,FROZEN_V1,ACTIVE_OUTER,SAME_SIGN_POSITIVE__SIGN_CHANGE__SAME_SIGN_NEGATIVE,False,False,0.2396651784717656,0.68443711396597,0.3196651784717656,0.6283165963769541,0,ACTIVE_OUTER,CURVATURE_CORRIDOR_CRITICAL,CONTINUITY_BIASED_SAFE_ANCHOR,0.5145810930150512,3.5370408285783457,0,0.7211978557661397,0.7267537416513599,0.7323096275365799,22.58602196763094,True,False,path entry is discontinuous from the current ego d,"{""center_track_margin_m"":0.7518111011401658,""d_m"":0.15431110114016583,""footprint_invalid"":false,""footprint_track_margin_m"":0.44230746138829063,""s_m"":23.32196649735332,""x_m"":8.703222718137232,""y_m"":1.3117211726809181,""yaw_rad"":2.9076129106353723}","{""center_track_m"":-51.326978514519176,""curvature_rate_margin_radpm2"":-28.923331769830114,""footprint_track_m"":-51.87492860367729,""lateral_slope_margin"":-8.661783778993243,""obstacle_m"":0.08000000000001245,""peak_curvature_rate_radpm2"":48.923331769830114,""peak_lateral_slope"":9.461783778993244,""peak_negative_curvature_radpm"":-2.393250035604781,""peak_positive_curvature_radpm"":12.013787189563537,""signed_curvature_margin_radpm"":-10.697520670484526}","{""braking_deficit_m"":0.02122817308697375,""braking_feasible"":false,""exit_reaches_next_obstacle"":false,""generation_index"":1,""global_path_deviation_m"":20.30468101427192,""minimum_normalized_safety_slack"":-34.31798567634612,""velocity_loss"":0.15330810836558054}"
DVE025,M0_V1,FROZEN_V1_CURVATURE_CONTINUITY,LEFT,2,778c00ee259373a5,FROZEN_V1,ACTIVE_OUTER,SAME_SIGN_POSITIVE__SIGN_CHANGE__SAME_SIGN_NEGATIVE,False,False,0.2396651784717656,0.68443711396597,0.3196651784717656,0.6283165963769541,0,ACTIVE_OUTER,CURVATURE_CORRIDOR_CRITICAL,CONTINUITY_BIASED_SAFE_ANCHOR,0.5145810930150512,6.576913240899197,0,0.7211978557661397,0.7267537416513599,0.7323096275365799,41.36796440739351,True,False,path entry is discontinuous from the current ego d,"{""center_track_margin_m"":0.7518111011401658,""d_m"":0.15431110114016583,""footprint_invalid"":false,""footprint_track_margin_m"":0.46377609030089967,""s_m"":23.32196649735332,""x_m"":8.703222718137232,""y_m"":1.3117211726809181,""yaw_rad"":2.117751659436241}","{""center_track_m"":-97.50101857932587,""curvature_rate_margin_radpm2"":-53.74991157117364,""footprint_track_m"":-97.60686514010249,""lateral_slope_margin"":-8.673611822126606,""obstacle_m"":0.08000000000001245,""peak_curvature_rate_radpm2"":73.74991157117364,""peak_lateral_slope"":9.473611822126607,""peak_negative_curvature_radpm"":-1.4577039501505997,""peak_positive_curvature_radpm"":20.777969189616115,""signed_curvature_margin_radpm"":-19.461702670537104}","{""braking_deficit_m"":0.04971699108158245,""braking_feasible"":false,""exit_reaches_next_obstacle"":false,""generation_index"":2,""global_path_deviation_m"":41.610283671617594,""minimum_normalized_safety_slack"":-65.1006790528839,""velocity_loss"":0.15449100236141672}"
DVE025,M0_V1,FROZEN_V1_CURVATURE_CONTINUITY,LEFT,3,b11fc1df745fddba,FROZEN_V1,ACTIVE_OUTER,SAME_SIGN_POSITIVE__SIGN_CHANGE__SAME_SIGN_NEGATIVE,False,False,0.2396651784717656,0.68443711396597,0.3196651784717656,0.6283165963769541,0,ACTIVE_OUTER,CURVATURE_CORRIDOR_CRITICAL,CONTINUITY_BIASED_SAFE_ANCHOR,1.310934367577036,0.5921644291425211,0,0.7211978557661397,0.7267537416513599,0.7323096275365799,4.39101522911095,True,False,path entry is discontinuous from the current ego d,"{""center_track_margin_m"":0.7518111011401658,""d_m"":0.15431110114016583,""footprint_invalid"":false,""footprint_track_margin_m"":0.4431957754044037,""s_m"":23.32196649735332,""x_m"":8.703222718137232,""y_m"":1.3117211726809181,""yaw_rad"":2.916286531237448}","{""center_track_m"":-7.756822639758624,""curvature_rate_margin_radpm2"":-18.389752046961092,""footprint_track_m"":-7.863739339550607,""lateral_slope_margin"":-8.468801228320432,""obstacle_m"":0.08000000000001245,""peak_curvature_rate_radpm2"":38.38975204696109,""peak_lateral_slope"":9.268801228320433,""peak_negative_curvature_radpm"":-9.667943736656536,""peak_positive_curvature_radpm"":2.2514029657979115,""signed_curvature_margin_radpm"":-8.523868097193862}","{""braking_deficit_m"":0,""braking_feasible"":true,""exit_reaches_next_obstacle"":false,""generation_index"":3,""global_path_deviation_m"":1.7752877825019355,""minimum_normalized_safety_slack"":-7.450441040067233,""velocity_loss"":0.3006985527678946}"
DVE025,M0_V1,FROZEN_V1_CURVATURE_CONTINUITY,LEFT,4,794c0b2c710f020e,FROZEN_V1,ACTIVE_OUTER,SAME_SIGN_POSITIVE__SIGN_CHANGE__SAME_SIGN_NEGATIVE,False,False,0.2396651784717656,0.68443711396597,0.3196651784717656,0.6283165963769541,0,ACTIVE_OUTER,CURVATURE_CORRIDOR_CRITICAL,CONTINUITY_BIASED_SAFE_ANCHOR,1.310934367577036,3.5370408285783457,0,0.7211978557661397,0.7267537416513599,0.7323096275365799,22.58602196763094,True,False,path entry is discontinuous from the current ego d,"{""center_track_margin_m"":0.7518111011401658,""d_m"":0.15431110114016583,""footprint_invalid"":false,""footprint_track_margin_m"":0.44230746138829063,""s_m"":23.32196649735332,""x_m"":8.703222718137232,""y_m"":1.3117211726809181,""yaw_rad"":2.9076129106353723}","{""center_track_m"":-51.326978514519176,""curvature_rate_margin_radpm2"":-28.923331769830114,""footprint_track_m"":-51.87492860367729,""lateral_slope_margin"":-8.661783778993243,""obstacle_m"":0.08000000000001245,""peak_curvature_rate_radpm2"":48.923331769830114,""peak_lateral_slope"":9.461783778993244,""peak_negative_curvature_radpm"":-2.393250035604781,""peak_positive_curvature_radpm"":12.013787189563537,""signed_curvature_margin_radpm"":-10.697520670484526}","{""braking_deficit_m"":0.02122817308697375,""braking_feasible"":false,""exit_reaches_next_obstacle"":false,""generation_index"":4,""global_path_deviation_m"":20.30468101427192,""minimum_normalized_safety_slack"":-34.31798567634612,""velocity_loss"":0.15330810836558054}"
DVE025,M0_V1,FROZEN_V1_CURVATURE_CONTINUITY,LEFT,5,778c00ee259373a5,FROZEN_V1,ACTIVE_OUTER,SAME_SIGN_POSITIVE__SIGN_CHANGE__SAME_SIGN_NEGATIVE,False,False,0.2396651784717656,0.68443711396597,0.3196651784717656,0.6283165963769541,0,ACTIVE_OUTER,CURVATURE_CORRIDOR_CRITICAL,CONTINUITY_BIASED_SAFE_ANCHOR,1.310934367577036,6.576913240899197,0,0.7211978557661397,0.7267537416513599,0.7323096275365799,41.36796440739351,True,False,path entry is discontinuous from the current ego d,"{""center_track_margin_m"":0.7518111011401658,""d_m"":0.15431110114016583,""footprint_invalid"":false,""footprint_track_margin_m"":0.46377609030089967,""s_m"":23.32196649735332,""x_m"":8.703222718137232,""y_m"":1.3117211726809181,""yaw_rad"":2.117751659436241}","{""center_track_m"":-97.50101857932587,""curvature_rate_margin_radpm2"":-53.74991157117364,""footprint_track_m"":-97.60686514010249,""lateral_slope_margin"":-8.673611822126606,""obstacle_m"":0.08000000000001245,""peak_curvature_rate_radpm2"":73.74991157117364,""peak_lateral_slope"":9.473611822126607,""peak_negative_curvature_radpm"":-1.4577039501505997,""peak_positive_curvature_radpm"":20.777969189616115,""signed_curvature_margin_radpm"":-19.461702670537104}","{""braking_deficit_m"":0.04971699108158245,""braking_feasible"":false,""exit_reaches_next_obstacle"":false,""generation_index"":5,""global_path_deviation_m"":41.610283671617594,""minimum_normalized_safety_slack"":-65.1006790528839,""velocity_loss"":0.15449100236141672}"
DVE025,M1,NEAR_LONG,LEFT,2000,693b2e2c2f4cdb19,M1_BRANCH_COMPLETE_ACTIVE_SET_CLOSURE,ACTIVE_OUTER,SAME_SIGN_POSITIVE__SIGN_CHANGE__SAME_SIGN_NEGATIVE,True,False,0.2396651784717656,0.6574464654318568,0.6685825892358829,0.8757566556387222,0,ACTIVE_OUTER,CORRIDOR_BOTTLENECK,CORRIDOR_CENTER,1.310934367577036,6.576913240899197,0,0.7211978557661397,0.7267537416513599,0.7323096275365799,41.36796440739351,True,False,path entry is discontinuous from the current ego d,"{""center_track_margin_m"":0.776872536296751,""d_m"":0.44562746370324907,""footprint_invalid"":false,""footprint_track_margin_m"":0.45597173861316476,""s_m"":23.32196649735332,""x_m"":8.425567945773178,""y_m"":1.3998860777194433,""yaw_rad"":2.3829314924211924}","{""center_track_m"":-160.03792434640025,""curvature_rate_margin_radpm2"":-76.15223979068729,""footprint_track_m"":-160.10970024772112,""lateral_slope_margin"":-14.710107012939275,""obstacle_m"":0.15078303566603063,""peak_curvature_rate_radpm2"":96.15223979068729,""peak_lateral_slope"":15.510107012939276,""peak_negative_curvature_radpm"":-1.2199470983010838,""peak_positive_curvature_radpm"":25.409745171952476,""signed_curvature_margin_radpm"":-24.093478652873465}","{""braking_deficit_m"":0.10460533985656284,""braking_feasible"":false,""exit_reaches_next_obstacle"":false,""generation_index"":2000,""global_path_deviation_m"":68.0515583904308,""minimum_normalized_safety_slack"":-106.79194956426683,""velocity_loss"":0.15787355507046832}"
DVE026,M1,ZERO_BOUNDARY_SHORT,LEFT,2000,c48d1b23826006e5,M1_BRANCH_COMPLETE_ACTIVE_SET_CLOSURE,ZERO_INTERFACE,ZERO_RIGHT__ZERO_BOTH__ZERO_LEFT,True,False,0.3208918140518043,,,0.3208918140518043,0,ZERO_INTERFACE,NONE,NONE,0.5145810930150512,0.4971684162574945,0,0.371260367828471,0.41064401776588566,0.4500276677033004,3.5217975680350904,True,False,d-offset intersects an inflated static-obstacle box,"{""center_track_margin_m"":0.8932562345781258,""d_m"":0.22924376542187427,""footprint_invalid"":false,""footprint_track_margin_m"":0.6108901139217109,""s_m"":1.2534855866645962,""x_m"":-10.493477880474483,""y_m"":4.1368663564996675,""yaw_rad"":-1.0748938196688909}","{""center_track_m"":0.7045024432310516,""curvature_rate_margin_radpm2"":16.904679652289605,""footprint_track_m"":0.5378436309163868,""lateral_slope_margin"":0.43440374653294783,""obstacle_m"":-0.0813050615513872,""peak_curvature_rate_radpm2"":3.095320347710395,""peak_lateral_slope"":0.3655962534670522,""peak_negative_curvature_radpm"":-1.5803168060152193,""peak_positive_curvature_radpm"":0.4428813721045627,""signed_curvature_margin_radpm"":-0.4362411665525463}","{""braking_deficit_m"":0,""braking_feasible"":true,""exit_reaches_next_obstacle"":false,""generation_index"":2000,""global_path_deviation_m"":0.06617123629838037,""minimum_normalized_safety_slack"":-0.3813044797959613,""velocity_loss"":0.1844533060454564}"
DVE026,M1,ZERO_BOUNDARY_SPAN,LEFT,2001,c48d1b23826006e5,M1_BRANCH_COMPLETE_ACTIVE_SET_CLOSURE,ZERO_INTERFACE,ZERO_RIGHT__ZERO_BOTH__ZERO_LEFT,True,False,0.3208918140518043,,,0.3208918140518043,0,ZERO_INTERFACE,NONE,NONE,0.7136694116555473,0.4971684162574945,0,0.371260367828471,0.41064401776588566,0.4500276677033004,3.5217975680350904,True,False,d-offset intersects an inflated static-obstacle box,"{""center_track_margin_m"":0.8932562345781258,""d_m"":0.22924376542187427,""footprint_invalid"":false,""footprint_track_margin_m"":0.6108901139217109,""s_m"":1.2534855866645962,""x_m"":-10.493477880474483,""y_m"":4.1368663564996675,""yaw_rad"":-1.0748938196688909}","{""center_track_m"":0.7045024432310516,""curvature_rate_margin_radpm2"":16.904679652289605,""footprint_track_m"":0.5378436309163868,""lateral_slope_margin"":0.43440374653294783,""obstacle_m"":-0.0813050615513872,""peak_curvature_rate_radpm2"":3.095320347710395,""peak_lateral_slope"":0.3655962534670522,""peak_negative_curvature_radpm"":-1.5803168060152193,""peak_positive_curvature_radpm"":0.4428813721045627,""signed_curvature_margin_radpm"":-0.4362411665525463}","{""braking_deficit_m"":0,""braking_feasible"":true,""exit_reaches_next_obstacle"":false,""generation_index"":2001,""global_path_deviation_m"":0.06617123629838037,""minimum_normalized_safety_slack"":-0.3813044797959613,""velocity_loss"":0.1844533060454564}"
DVE027,M0_V1,FROZEN_V1_CURVATURE_CONTINUITY,LEFT,0,5fbe5a045e5abb43,FROZEN_V1,ACTIVE_OUTER,SAME_SIGN_POSITIVE__SIGN_CHANGE__SAME_SIGN_NEGATIVE,False,True,0.15,2.0211608853459015,0.15,0.15000000000000324,0,ACTIVE_OUTER,CURVATURE_CORRIDOR_CRITICAL,CONTINUITY_BIASED_SAFE_ANCHOR,0.5145810930150512,0.5888479394644465,1.2140811153847162,1.9985861928670996,2.0211608853459015,2.0437355778247035,5.6819501489258215,True,False,footprint_track_bound,"{""center_track_margin_m"":0.1567622367857512,""d_m"":-0.8157377632142487,""footprint_invalid"":false,""footprint_track_margin_m"":0.0038570282405089654,""s_m"":10.28193431464589,""x_m"":-3.4968898608266827,""y_m"":-0.17811489393057778,""yaw_rad"":-0.09808303633822553}","{""center_track_m"":0.1317622367857513,""curvature_rate_margin_radpm2"":11.079976866570542,""footprint_track_m"":-0.12219035839056988,""lateral_slope_margin"":-1.2908783782058297,""obstacle_m"":0.12107614407596665,""peak_curvature_rate_radpm2"":8.920023133429458,""peak_lateral_slope"":2.09087837820583,""peak_negative_curvature_radpm"":-1.3374364021244092,""peak_positive_curvature_radpm"":1.5272612210832952,""signed_curvature_margin_radpm"":-0.21099470200428416}","{""braking_deficit_m"":0,""braking_feasible"":true,""exit_reaches_next_obstacle"":false,""generation_index"":0,""global_path_deviation_m"":0.15411369644582595,""minimum_normalized_safety_slack"":-0.16901047097948005,""velocity_loss"":0.3541709870055102}"
DVE027,M0_V1,FROZEN_V1_CURVATURE_CONTINUITY,LEFT,1,03774761106a1f40,FROZEN_V1,ACTIVE_OUTER,SAME_SIGN_POSITIVE__SIGN_CHANGE__SAME_SIGN_NEGATIVE,False,True,0.15,2.0211608853459015,0.15,0.15000000000000324,0,ACTIVE_OUTER,CURVATURE_CORRIDOR_CRITICAL,CONTINUITY_BIASED_SAFE_ANCHOR,0.5145810930150512,3.430913158879957,1.2140811153847162,1.9985861928670996,2.0211608853459015,2.0437355778247035,23.241734942774997,True,False,footprint_track_bound,"{""center_track_margin_m"":0.1567622367857512,""d_m"":-0.8157377632142487,""footprint_invalid"":false,""footprint_track_margin_m"":0.0038570282405089654,""s_m"":10.28193431464589,""x_m"":-3.4968898608266827,""y_m"":-0.17811489393057778,""yaw_rad"":-0.09808303633822553}","{""center_track_m"":0.1317622367857513,""curvature_rate_margin_radpm2"":11.08972335154828,""footprint_track_m"":-0.12219035839056988,""lateral_slope_margin"":-1.2908783782058297,""obstacle_m"":0.12107614407596665,""peak_curvature_rate_radpm2"":8.91027664845172,""peak_lateral_slope"":2.09087837820583,""peak_negative_curvature_radpm"":-1.3349915038992781,""peak_positive_curvature_radpm"":1.5272612210832952,""signed_curvature_margin_radpm"":-0.21099470200428416}","{""braking_deficit_m"":0,""braking_feasible"":true,""exit_reaches_next_obstacle"":false,""generation_index"":1,""global_path_deviation_m"":0.10358266002485918,""minimum_normalized_safety_slack"":-0.16687346347682985,""velocity_loss"":0.18949130736448982}"
DVE027,M0_V1,FROZEN_V1_CURVATURE_CONTINUITY,LEFT,2,574998196feebaa5,FROZEN_V1,ACTIVE_OUTER,SAME_SIGN_POSITIVE__SIGN_CHANGE__SAME_SIGN_NEGATIVE,False,True,0.15,2.0211608853459015,0.15,0.15000000000000324,0,ACTIVE_OUTER,CURVATURE_CORRIDOR_CRITICAL,CONTINUITY_BIASED_SAFE_ANCHOR,0.5145810930150512,6.36465790150242,1.2140811153847162,1.9985861928670996,2.0211608853459015,2.0437355778247035,41.36796440739351,True,False,footprint_track_bound,"{""center_track_margin_m"":0.1567622367857512,""d_m"":-0.8157377632142487,""footprint_invalid"":false,""footprint_track_margin_m"":0.0038570282405089654,""s_m"":10.28193431464589,""x_m"":-3.4968898608266827,""y_m"":-0.17811489393057778,""yaw_rad"":-0.09808303633822553}","{""center_track_m"":0.1317622367857513,""curvature_rate_margin_radpm2"":11.089887557666916,""footprint_track_m"":-0.12219035839056988,""lateral_slope_margin"":-1.2908783782058297,""obstacle_m"":0.12107614407596665,""peak_curvature_rate_radpm2"":8.910112442333084,""peak_lateral_slope"":2.09087837820583,""peak_negative_curvature_radpm"":-1.3349503129213074,""peak_positive_curvature_radpm"":1.5272612210832952,""signed_curvature_margin_radpm"":-0.21099470200428416}","{""braking_deficit_m"":0,""braking_feasible"":true,""exit_reaches_next_obstacle"":false,""generation_index"":2,""global_path_deviation_m"":0.09163183186127637,""minimum_normalized_safety_slack"":-0.1668374597577138,""velocity_loss"":0.13895638112507913}"
DVE027,M1,ZERO_BOUNDARY_SHORT,RIGHT,2000,19feb0ddfaa509fc,M1_BRANCH_COMPLETE_ACTIVE_SET_CLOSURE,ZERO_INTERFACE,ZERO_RIGHT__ZERO_BOTH__ZERO_LEFT,True,False,-0.5292891023471264,,,-0.5292891023471264,0,ZERO_INTERFACE,NONE,NONE,0.5145810930150512,0.4971684162574945,1.2140811153847162,1.9985861928670996,2.0211608853459015,2.0437355778247035,3.290885352140367,True,False,footprint_track_bound,"{""center_track_margin_m"":0.1567622367857512,""d_m"":-0.8157377632142487,""footprint_invalid"":false,""footprint_track_margin_m"":0.0038570282405089654,""s_m"":10.28193431464589,""x_m"":-3.4968898608266827,""y_m"":-0.17811489393057778,""yaw_rad"":-0.09808303633822553}","{""center_track_m"":0.1317622367857513,""curvature_rate_margin_radpm2"":16.215354289783214,""footprint_track_m"":-0.06243287957997664,""lateral_slope_margin"":0.04764634061763817,""obstacle_m"":0.003862177954824797,""peak_curvature_rate_radpm2"":3.7846457102167874,""peak_lateral_slope"":0.7523536593823619,""peak_negative_curvature_radpm"":-0.8818353167949073,""peak_positive_curvature_radpm"":0.7296467554095653,""signed_curvature_margin_radpm"":0.26224032266776565}","{""braking_deficit_m"":0,""braking_feasible"":true,""exit_reaches_next_obstacle"":false,""generation_index"":2000,""global_path_deviation_m"":0.22977774624687047,""minimum_normalized_safety_slack"":-0.012158508809499128,""velocity_loss"":0.34094742018462787}"
DVE027,M1,ZERO_BOUNDARY_SHORT,LEFT,2001,7e939b5f51bf2547,M1_BRANCH_COMPLETE_ACTIVE_SET_CLOSURE,ZERO_INTERFACE,ZERO_RIGHT__ZERO_BOTH__ZERO_LEFT,True,False,0.1710546875,,,0.1710546875,0,ZERO_INTERFACE,NONE,NONE,0.5145810930150512,0.4971684162574945,1.2140811153847162,1.9985861928670996,2.0211608853459015,2.0437355778247035,5.115505478156494,True,False,footprint_track_bound,"{""center_track_margin_m"":0.1567622367857512,""d_m"":-0.8157377632142487,""footprint_invalid"":false,""footprint_track_margin_m"":0.0038570282405089654,""s_m"":10.28193431464589,""x_m"":-3.4968898608266827,""y_m"":-0.17811489393057778,""yaw_rad"":-0.09808303633822553}","{""center_track_m"":0.1317622367857513,""curvature_rate_margin_radpm2"":11.050673739694588,""footprint_track_m"":-0.1235391499481042,""lateral_slope_margin"":-1.3364630001726037,""obstacle_m"":0.14213070753935397,""peak_curvature_rate_radpm2"":8.949326260305412,""peak_lateral_slope"":2.1364630001726037,""peak_negative_curvature_radpm"":-1.3445093903030565,""peak_positive_curvature_radpm"":1.5498979905534727,""signed_curvature_margin_radpm"":-0.23363147147446162}","{""braking_deficit_m"":0,""braking_feasible"":true,""exit_reaches_next_obstacle"":false,""generation_index"":2001,""global_path_deviation_m"":0.16043777022375358,""minimum_normalized_safety_slack"":-0.17749556650421608,""velocity_loss"":0.3737461047421621}"
DVE027,M1,ZERO_BOUNDARY_SPAN,RIGHT,2002,b00a7d4f2b4fbe25,M1_BRANCH_COMPLETE_ACTIVE_SET_CLOSURE,ZERO_INTERFACE,ZERO_RIGHT__ZERO_BOTH__ZERO_LEFT,True,False,-0.5292891023471264,,,-0.5292891023471264,0,ZERO_INTERFACE,NONE,NONE,0.7136694116555473,0.4971684162574945,0.9105608365385371,1.9985861928670996,2.0211608853459015,2.0437355778247035,3.290885352140367,True,False,footprint_track_bound,"{""center_track_margin_m"":0.1567622367857512,""d_m"":-0.8157377632142487,""footprint_invalid"":false,""footprint_track_margin_m"":0.004532326647003572,""s_m"":10.28193431464589,""x_m"":-3.4968898608266827,""y_m"":-0.17811489393057778,""yaw_rad"":-0.09553740075626983}","{""center_track_m"":0.1317622367857513,""curvature_rate_margin_radpm2"":16.215342445771352,""footprint_track_m"":-0.048492311491703376,""lateral_slope_margin"":0.04764634061763817,""obstacle_m"":0.003861374665149464,""peak_curvature_rate_radpm2"":3.7846575542286485,""peak_lateral_slope"":0.7523536593823619,""peak_negative_curvature_radpm"":-0.8818353167949073,""peak_positive_curvature_radpm"":0.7568911638836043,""signed_curvature_margin_radpm"":0.26224032266776565}","{""braking_deficit_m"":0,""braking_feasible"":true,""exit_reaches_next_obstacle"":false,""generation_index"":2002,""global_path_deviation_m"":0.22484277281723278,""minimum_normalized_safety_slack"":-0.012158508809499128,""velocity_loss"":0.33989986747483786}"
DVE027,M1,ZERO_BOUNDARY_SPAN,LEFT,2003,ac40c9f9a5a81ca2,M1_BRANCH_COMPLETE_ACTIVE_SET_CLOSURE,ZERO_INTERFACE,ZERO_RIGHT__ZERO_BOTH__ZERO_LEFT,True,False,0.1710546875,,,0.1710546875,0,ZERO_INTERFACE,NONE,NONE,0.7136694116555473,0.4971684162574945,0.9105608365385371,1.9985861928670996,2.0211608853459015,2.0437355778247035,5.115505478156494,True,False,footprint_track_bound,"{""center_track_margin_m"":0.1567622367857512,""d_m"":-0.8157377632142487,""footprint_invalid"":false,""footprint_track_margin_m"":0.006187477251463104,""s_m"":10.28193431464589,""x_m"":-3.4968898608266827,""y_m"":-0.17811489393057778,""yaw_rad"":-0.08931625501676481}","{""center_track_m"":0.1317622367857513,""curvature_rate_margin_radpm2"":14.458387171861906,""footprint_track_m"":-0.09262619652369894,""lateral_slope_margin"":-0.7241139247435768,""obstacle_m"":0.14213347480726496,""peak_curvature_rate_radpm2"":5.541612828138094,""peak_lateral_slope"":1.5241139247435769,""peak_negative_curvature_radpm"":-1.4374108212629435,""peak_positive_curvature_radpm"":1.1870036582066743,""signed_curvature_margin_radpm"":-0.2933351818002705}","{""braking_deficit_m"":0,""braking_feasible"":true,""exit_reaches_next_obstacle"":false,""generation_index"":2003,""global_path_deviation_m"":0.15027409655177137,""minimum_normalized_safety_slack"":-0.25639491977823986,""velocity_loss"":0.3688991408880061}"
DVE027,M1,NEAR_LONG,LEFT,2004,e11fd392fb152258,M1_BRANCH_COMPLETE_ACTIVE_SET_CLOSURE,ACTIVE_OUTER,SAME_SIGN_POSITIVE__SIGN_CHANGE__SAME_SIGN_NEGATIVE,True,False,0.15,2.0159372079231925,0.7632090833024983,0.8379174505385599,0,ACTIVE_OUTER,CORRIDOR_BOTTLENECK,CORRIDOR_CENTER,1.310934367577036,6.36465790150242,-2.220446049250313e-16,1.9985861928670996,2.0211608853459015,2.0437355778247035,41.36796440739351,True,False,footprint_track_bound,"{""center_track_margin_m"":0.156768407418484,""d_m"":-0.815731592581516,""footprint_invalid"":true,""footprint_track_margin_m"":-0.15964748892484845,""s_m"":10.28193431464589,""x_m"":-3.4968892565622425,""y_m"":-0.17810875295567075,""yaw_rad"":-1.0889782073222616}","{""center_track_m"":-40.46259546720229,""curvature_rate_margin_radpm2"":3.944750678466626,""footprint_track_m"":-40.513554898036666,""lateral_slope_margin"":-3.3234821258530394,""obstacle_m"":0.734290916697502,""peak_curvature_rate_radpm2"":16.055249321533374,""peak_lateral_slope"":4.123482125853039,""peak_negative_curvature_radpm"":-3.2515233189005466,""peak_positive_curvature_radpm"":4.0522752319540984,""signed_curvature_margin_radpm"":-2.7360087128750874}","{""braking_deficit_m"":0,""braking_feasible"":true,""exit_reaches_next_obstacle"":false,""generation_index"":2004,""global_path_deviation_m"":17.032280920689693,""minimum_normalized_safety_slack"":-27.075063644801528,""velocity_loss"":0.2680492118796042}"
DVE028,M1,ZERO_BOUNDARY_SHORT,LEFT,2000,09b533b005bbaecb,M1_BRANCH_COMPLETE_ACTIVE_SET_CLOSURE,ZERO_INTERFACE,ZERO_RIGHT__ZERO_BOTH__ZERO_LEFT,True,False,0.40520469953001187,,,0.40520469953001187,0,ZERO_INTERFACE,NONE,NONE,0.5145810930150512,0.4971684162574945,0,0.25391984122760625,0.2608626603201588,0.2678054794127114,3.3395753797445016,True,False,shifted race line exceeds right control steering curvature,"{""center_track_margin_m"":0.7953880148922358,""d_m"":0.21461198510776427,""footprint_invalid"":false,""footprint_track_margin_m"":0.480350264864737,""s_m"":19.814031682528206,""x_m"":6.097847993003305,""y_m"":-0.09020583983517569,""yaw_rad"":0.8993144093769764}","{""center_track_m"":0.5225,""curvature_rate_margin_radpm2"":13.695412740479423,""footprint_track_m"":0.35637235336999384,""lateral_slope_margin"":0.04026195610766259,""obstacle_m"":1.5,""peak_curvature_rate_radpm2"":6.304587259520577,""peak_lateral_slope"":0.7597380438923375,""peak_negative_curvature_radpm"":-2.067138301499969,""peak_positive_curvature_radpm"":0.6476540342216506,""signed_curvature_margin_radpm"":-0.9230626620372959}","{""braking_deficit_m"":0,""braking_feasible"":true,""exit_reaches_next_obstacle"":false,""generation_index"":2000,""global_path_deviation_m"":0.08114426035915319,""minimum_normalized_safety_slack"":-0.8068196106953399,""velocity_loss"":0.22819111852059343}"
DVE028,M1,ZERO_BOUNDARY_SPAN,LEFT,2001,09b533b005bbaecb,M1_BRANCH_COMPLETE_ACTIVE_SET_CLOSURE,ZERO_INTERFACE,ZERO_RIGHT__ZERO_BOTH__ZERO_LEFT,True,False,0.40520469953001187,,,0.40520469953001187,0,ZERO_INTERFACE,NONE,NONE,0.7136694116555473,0.4971684162574945,0,0.25391984122760625,0.2608626603201588,0.2678054794127114,3.3395753797445016,True,False,shifted race line exceeds right control steering curvature,"{""center_track_margin_m"":0.7953880148922358,""d_m"":0.21461198510776427,""footprint_invalid"":false,""footprint_track_margin_m"":0.480350264864737,""s_m"":19.814031682528206,""x_m"":6.097847993003305,""y_m"":-0.09020583983517569,""yaw_rad"":0.8993144093769764}","{""center_track_m"":0.5225,""curvature_rate_margin_radpm2"":13.695412740479423,""footprint_track_m"":0.35637235336999384,""lateral_slope_margin"":0.04026195610766259,""obstacle_m"":1.5,""peak_curvature_rate_radpm2"":6.304587259520577,""peak_lateral_slope"":0.7597380438923375,""peak_negative_curvature_radpm"":-2.067138301499969,""peak_positive_curvature_radpm"":0.6476540342216506,""signed_curvature_margin_radpm"":-0.9230626620372959}","{""braking_deficit_m"":0,""braking_feasible"":true,""exit_reaches_next_obstacle"":false,""generation_index"":2001,""global_path_deviation_m"":0.08114426035915319,""minimum_normalized_safety_slack"":-0.8068196106953399,""velocity_loss"":0.22819111852059343}"
DVE029,M0_V1,FROZEN_V1_CURVATURE_CONTINUITY,RIGHT,0,7a55176fb760999c,FROZEN_V1,ACTIVE_OUTER,SAME_SIGN_NEGATIVE__SIGN_CHANGE__SAME_SIGN_POSITIVE,False,True,-0.40695853087089273,0.23576835371064675,-0.48695853087089275,-0.4869585308708918,0,ACTIVE_OUTER,CURVATURE_CORRIDOR_CRITICAL,CONTINUITY_BIASED_SAFE_ANCHOR,0.5145810930150512,0.593389663145893,0.13590096742873906,0.22371635112229882,0.23576835371064675,0.24782035629899468,3.9140961027364525,True,False,footprint_track_bound,"{""center_track_margin_m"":0.4661910030119763,""d_m"":-0.2688089969880238,""footprint_invalid"":false,""footprint_track_margin_m"":0.20102404917163433,""s_m"":38.84463113981834,""x_m"":-3.165663442726938,""y_m"":3.4134993047550926,""yaw_rad"":2.5464107264943414}","{""center_track_m"":-0.1956436870370197,""curvature_rate_margin_radpm2"":16.858871036447272,""footprint_track_m"":-0.39292985534146013,""lateral_slope_margin"":0.03490185180507954,""obstacle_m"":1.5,""peak_curvature_rate_radpm2"":3.141128963552727,""peak_lateral_slope"":0.7650981481949205,""peak_negative_curvature_radpm"":-0.6324904845682032,""peak_positive_curvature_radpm"":1.4555170572532692,""signed_curvature_margin_radpm"":-0.13925053817425814}","{""braking_deficit_m"":0,""braking_feasible"":true,""exit_reaches_next_obstacle"":false,""generation_index"":0,""global_path_deviation_m"":0.23967670869945573,""minimum_normalized_safety_slack"":-0.23042912469134647,""velocity_loss"":0.2711725133015155}"
DVE029,M0_V1,FROZEN_V1_CURVATURE_CONTINUITY,RIGHT,1,af63e468dfbfa723,FROZEN_V1,ACTIVE_OUTER,SAME_SIGN_NEGATIVE__SIGN_CHANGE__SAME_SIGN_POSITIVE,False,True,-0.40695853087089273,0.23576835371064675,-0.48695853087089275,-0.4869585308708918,0,ACTIVE_OUTER,CURVATURE_CORRIDOR_CRITICAL,CONTINUITY_BIASED_SAFE_ANCHOR,0.5145810930150512,3.576248316686247,0.13590096742873906,0.22371635112229882,0.23576835371064675,0.24782035629899468,22.343777332012145,True,False,shifted race line exceeds left control steering curvature,"{""center_track_margin_m"":0.4661910030119763,""d_m"":-0.2688089969880238,""footprint_invalid"":false,""footprint_track_margin_m"":0.1716829843479736,""s_m"":38.84463113981834,""x_m"":-3.165663442726938,""y_m"":3.4134993047550926,""yaw_rad"":2.3470300086162683}","{""center_track_m"":-4.456767484555369,""curvature_rate_margin_radpm2"":15.879119016026113,""footprint_track_m"":-4.611435714408757,""lateral_slope_margin"":-0.07401199145204063,""obstacle_m"":1.5,""peak_curvature_rate_radpm2"":4.120880983973886,""peak_lateral_slope"":0.8740119914520407,""peak_negative_curvature_radpm"":-0.7389263484176896,""peak_positive_curvature_radpm"":1.8151347265514595,""signed_curvature_margin_radpm"":-0.4988682074724484}","{""braking_deficit_m"":0,""braking_feasible"":true,""exit_reaches_next_obstacle"":false,""generation_index"":1,""global_path_deviation_m"":2.1029028496247455,""minimum_normalized_safety_slack"":-3.071178323036913,""velocity_loss"":0.12159354290854633}"
DVE029,M0_V1,FROZEN_V1_CURVATURE_CONTINUITY,RIGHT,2,8c6ff40c56ffea6c,FROZEN_V1,ACTIVE_OUTER,SAME_SIGN_NEGATIVE__SIGN_CHANGE__SAME_SIGN_POSITIVE,False,True,-0.40695853087089273,0.23576835371064675,-0.48695853087089275,-0.4869585308708918,0,ACTIVE_OUTER,CURVATURE_CORRIDOR_CRITICAL,CONTINUITY_BIASED_SAFE_ANCHOR,0.5145810930150512,6.655328217115,0.13590096742873906,0.22371635112229882,0.23576835371064675,0.24782035629899468,41.36796440739351,True,False,footprint_track_bound,"{""center_track_margin_m"":0.4661910030119763,""d_m"":-0.2688089969880238,""footprint_invalid"":false,""footprint_track_margin_m"":0.16543799871991352,""s_m"":38.84463113981834,""x_m"":-3.165663442726938,""y_m"":3.4134993047550926,""yaw_rad"":2.290361770215096}","{""center_track_m"":-8.6321414331485,""curvature_rate_margin_radpm2"":15.471521768593911,""footprint_track_m"":-8.785779496409438,""lateral_slope_margin"":-0.08640433605046927,""obstacle_m"":1.5,""peak_curvature_rate_radpm2"":4.528478231406089,""peak_lateral_slope"":0.8864043360504693,""peak_negative_curvature_radpm"":-1.736788005584022,""peak_positive_curvature_radpm"":0.766072758614208,""signed_curvature_margin_radpm"":-0.5927123661213489}","{""braking_deficit_m"":0,""braking_feasible"":true,""exit_reaches_next_obstacle"":false,""generation_index"":2,""global_path_deviation_m"":4.170141491936869,""minimum_normalized_safety_slack"":-5.854760955432333,""velocity_loss"":0.14658333965667453}"
DVE029,M0_V1,FROZEN_V1_CURVATURE_CONTINUITY,RIGHT,3,5e31711d200c3540,FROZEN_V1,ACTIVE_OUTER,SAME_SIGN_NEGATIVE__SIGN_CHANGE__SAME_SIGN_POSITIVE,False,True,-0.40695853087089273,0.23576835371064675,-0.48695853087089275,-0.486958530870893,0,ACTIVE_OUTER,CURVATURE_CORRIDOR_CRITICAL,CONTINUITY_BIASED_SAFE_ANCHOR,1.310934367577036,0.593389663145893,-2.7755575615628914e-17,0.22371635112229882,0.23576835371064675,0.24782035629899468,3.9140961027364525,True,False,shifted race line exceeds right control steering curvature,"{""center_track_margin_m"":0.34532424333156847,""d_m"":-0.38967575666843157,""footprint_invalid"":false,""footprint_track_margin_m"":0.21032764063110423,""s_m"":38.84463113981834,""x_m"":-3.163821720388216,""y_m"":3.534352031883894,""yaw_rad"":3.116133309403155}","{""center_track_m"":-0.19564368703703325,""curvature_rate_margin_radpm2"":16.111421197478425,""footprint_track_m"":-0.3929298553414739,""lateral_slope_margin"":0.034901851805077766,""obstacle_m"":1.5,""peak_curvature_rate_radpm2"":3.8885788025215757,""peak_lateral_slope"":0.7650981481949223,""peak_negative_curvature_radpm"":-1.7884914773271605,""peak_positive_curvature_radpm"":1.4555170572532665,""signed_curvature_margin_radpm"":-0.6444158378644875}","{""braking_deficit_m"":0,""braking_feasible"":true,""exit_reaches_next_obstacle"":false,""generation_index"":3,""global_path_deviation_m"":0.24313004469032876,""minimum_normalized_safety_slack"":-0.5632633154982166,""velocity_loss"":0.27861054048935385}"
DVE029,M0_V1,FROZEN_V1_CURVATURE_CONTINUITY,RIGHT,4,9ef29848ba14016c,FROZEN_V1,ACTIVE_OUTER,SAME_SIGN_NEGATIVE__SIGN_CHANGE__SAME_SIGN_POSITIVE,False,True,-0.40695853087089273,0.23576835371064675,-0.48695853087089275,-0.486958530870893,0,ACTIVE_OUTER,CURVATURE_CORRIDOR_CRITICAL,CONTINUITY_BIASED_SAFE_ANCHOR,1.310934367577036,3.576248316686247,-2.7755575615628914e-17,0.22371635112229882,0.23576835371064675,0.24782035629899468,22.343777332012145,True,False,footprint_track_bound,"{""center_track_margin_m"":0.34532424333156847,""d_m"":-0.38967575666843157,""footprint_invalid"":false,""footprint_track_margin_m"":0.19610482763172002,""s_m"":38.84463113981834,""x_m"":-3.163821720388216,""y_m"":3.534352031883894,""yaw_rad"":3.0643022741358688}","{""center_track_m"":-4.456767484555453,""curvature_rate_margin_radpm2"":18.842425843059484,""footprint_track_m"":-4.61143571440884,""lateral_slope_margin"":-0.07401199145205839,""obstacle_m"":1.5,""peak_curvature_rate_radpm2"":1.1575741569405147,""peak_lateral_slope"":0.8740119914520584,""peak_negative_curvature_radpm"":-0.7389263484177021,""peak_positive_curvature_radpm"":0.5527327832582026,""signed_curvature_margin_radpm"":0.4051492910449709}","{""braking_deficit_m"":0,""braking_feasible"":true,""exit_reaches_next_obstacle"":false,""generation_index"":4,""global_path_deviation_m"":2.1040117189796494,""minimum_normalized_safety_slack"":-3.071178323036969,""velocity_loss"":0.11018826742516204}"
DVE029,M0_V1,FROZEN_V1_CURVATURE_CONTINUITY,RIGHT,5,b68758ffb49a8874,FROZEN_V1,ACTIVE_OUTER,SAME_SIGN_NEGATIVE__SIGN_CHANGE__SAME_SIGN_POSITIVE,False,True,-0.40695853087089273,0.23576835371064675,-0.48695853087089275,-0.486958530870893,0,ACTIVE_OUTER,CURVATURE_CORRIDOR_CRITICAL,CONTINUITY_BIASED_SAFE_ANCHOR,1.310934367577036,6.655328217115,-2.7755575615628914e-17,0.22371635112229882,0.23576835371064675,0.24782035629899468,41.36796440739351,True,False,footprint_track_bound,"{""center_track_margin_m"":0.34532424333156847,""d_m"":-0.38967575666843157,""footprint_invalid"":false,""footprint_track_margin_m"":0.045415707603383905,""s_m"":38.84463113981834,""x_m"":-3.163821720388216,""y_m"":3.534352031883894,""yaw_rad"":2.2960383807033073}","{""center_track_m"":-8.632141433148654,""curvature_rate_margin_radpm2"":15.471521768594657,""footprint_track_m"":-8.785779496409594,""lateral_slope_margin"":-0.08640433605048348,""obstacle_m"":1.5,""peak_curvature_rate_radpm2"":4.528478231405343,""peak_lateral_slope"":0.8864043360504835,""peak_negative_curvature_radpm"":-1.9479361927355414,""peak_positive_curvature_radpm"":1.2844327845169479,""signed_curvature_margin_radpm"":-0.8038605532728684}","{""braking_deficit_m"":0,""braking_feasible"":true,""exit_reaches_next_obstacle"":false,""generation_index"":5,""global_path_deviation_m"":4.170794825773111,""minimum_normalized_safety_slack"":-5.854760955432436,""velocity_loss"":0.15190578475795788}"
DVE029,M1,ZERO_BOUNDARY_SHORT,RIGHT,2000,d5da40da010860fb,M1_BRANCH_COMPLETE_ACTIVE_SET_CLOSURE,ZERO_INTERFACE,ZERO_RIGHT__ZERO_BOTH__ZERO_LEFT,True,False,-0.409740428826035,,,-0.409740428826035,0,ZERO_INTERFACE,NONE,NONE,0.5145810930150512,0.4971684162574945,0.13590096742873906,0.22371635112229882,0.23576835371064675,0.24782035629899468,3.319590256630785,True,False,shifted race line exceeds left control steering curvature,"{""center_track_margin_m"":0.4607417321996001,""d_m"":-0.27425826780039997,""footprint_invalid"":false,""footprint_track_margin_m"":0.16171608179544775,""s_m"":38.84463113981834,""x_m"":-3.165580408782689,""y_m"":3.418947942910698,""yaw_rad"":2.3068260655361574}","{""center_track_m"":0.32602599187996867,""curvature_rate_margin_radpm2"":15.35625095952216,""footprint_track_m"":0.13040963559687171,""lateral_slope_margin"":0.2663645467219675,""obstacle_m"":1.5,""peak_curvature_rate_radpm2"":4.643749040477839,""peak_lateral_slope"":0.5336354532780325,""peak_negative_curvature_radpm"":-0.3299664932744128,""peak_positive_curvature_radpm"":1.9766481838895977,""signed_curvature_margin_radpm"":-0.6603816648105867}","{""braking_deficit_m"":0,""braking_feasible"":true,""exit_reaches_next_obstacle"":false,""generation_index"":2000,""global_path_deviation_m"":0.0797089783567336,""minimum_normalized_safety_slack"":-0.501708168701772,""velocity_loss"":0.24859463118252648}"
DVE029,M1,ZERO_BOUNDARY_SPAN,RIGHT,2001,7e5182e30eaee333,M1_BRANCH_COMPLETE_ACTIVE_SET_CLOSURE,ZERO_INTERFACE,ZERO_RIGHT__ZERO_BOTH__ZERO_LEFT,True,False,-0.409740428826035,,,-0.409740428826035,0,ZERO_INTERFACE,NONE,NONE,0.7136694116555473,0.4971684162574945,0.1019257255715543,0.22371635112229882,0.23576835371064675,0.24782035629899468,3.319590256630785,True,False,shifted race line exceeds left control steering curvature,"{""center_track_margin_m"":0.4084231536366451,""d_m"":-0.32657684636335493,""footprint_invalid"":false,""footprint_track_margin_m"":0.1506057511604574,""s_m"":38.84463113981834,""x_m"":-3.1647831979107806,""y_m"":3.471260447320961,""yaw_rad"":2.586543957405446}","{""center_track_m"":0.32602599187996867,""curvature_rate_margin_radpm2"":17.105189490759752,""footprint_track_m"":0.1506057511604574,""lateral_slope_margin"":0.47497455652006737,""obstacle_m"":1.5,""peak_curvature_rate_radpm2"":2.8948105092402465,""peak_lateral_slope"":0.3250254434799327,""peak_negative_curvature_radpm"":-0.3299664932744128,""peak_positive_curvature_radpm"":1.6017217032108189,""signed_curvature_margin_radpm"":-0.2854551841318078}","{""braking_deficit_m"":0,""braking_feasible"":true,""exit_reaches_next_obstacle"":false,""generation_index"":2001,""global_path_deviation_m"":0.08129438982833831,""minimum_normalized_safety_slack"":-0.21686731371967147,""velocity_loss"":0.23769798394342354}"
DVE029,M1,NEAR_LONG,RIGHT,2002,bc6bdaf0fedf409e,M1_BRANCH_COMPLETE_ACTIVE_SET_CLOSURE,ACTIVE_OUTER,SAME_SIGN_NEGATIVE__SIGN_CHANGE__SAME_SIGN_POSITIVE,True,False,-0.40695853087089273,0.23576835371064675,-0.49597926543544635,-0.49597926543544546,0,ACTIVE_OUTER,CORRIDOR_BOTTLENECK,CORRIDOR_CENTER,1.310934367577036,6.655328217115,-2.7755575615628914e-17,0.22371635112229882,0.23576835371064675,0.24782035629899468,41.36796440739351,True,False,footprint_track_bound,"{""center_track_margin_m"":0.34095668721576866,""d_m"":-0.3940433127842314,""footprint_invalid"":false,""footprint_track_margin_m"":0.04098471847206845,""s_m"":38.84463113981834,""x_m"":-3.163755169206689,""y_m"":3.5387190809292903,""yaw_rad"":2.295332763943014}","{""center_track_m"":-9.695163367162994,""curvature_rate_margin_radpm2"":14.830974961963925,""footprint_track_m"":-9.849408543563388,""lateral_slope_margin"":-0.1878338509593046,""obstacle_m"":1.5,""peak_curvature_rate_radpm2"":5.169025038036075,""peak_lateral_slope"":0.9878338509593046,""peak_negative_curvature_radpm"":-1.9532821800513367,""peak_positive_curvature_radpm"":1.3074200261141231,""signed_curvature_margin_radpm"":-0.8092065405886637}","{""braking_deficit_m"":0,""braking_feasible"":true,""exit_reaches_next_obstacle"":false,""generation_index"":2002,""global_path_deviation_m"":4.625329444696042,""minimum_normalized_safety_slack"":-6.56344224477533,""velocity_loss"":0.164518857093614}"
DVE029,M1,NEAR_BISECTED,RIGHT,2003,84fd7f4c0d83bc1a,M1_BRANCH_COMPLETE_ACTIVE_SET_CLOSURE,ACTIVE_OUTER,SAME_SIGN_NEGATIVE__SIGN_CHANGE__SAME_SIGN_POSITIVE,True,False,-0.40695853087089273,0.23576835371064675,-0.49597926543544635,-0.495979265435446,0,ACTIVE_OUTER,CORRIDOR_BOTTLENECK,CORRIDOR_CENTER,0.9127577302960436,6.655328217115,0.06795048371436951,0.22371635112229882,0.23576835371064675,0.24782035629899468,41.36796440739351,True,False,footprint_track_bound,"{""center_track_margin_m"":0.3767289310817174,""d_m"":-0.35827106891828264,""footprint_invalid"":false,""footprint_track_margin_m"":0.07631195412185834,""s_m"":38.84463113981834,""x_m"":-3.164300253238133,""y_m"":3.5029509901974163,""yaw_rad"":2.2917545321872383}","{""center_track_m"":-9.695163367163094,""curvature_rate_margin_radpm2"":14.830974961963683,""footprint_track_m"":-9.84940854356348,""lateral_slope_margin"":-0.1878338509593117,""obstacle_m"":1.5,""peak_curvature_rate_radpm2"":5.169025038036318,""peak_lateral_slope"":0.9878338509593118,""peak_negative_curvature_radpm"":-1.9169801230620505,""peak_positive_curvature_radpm"":0.9820432633926368,""signed_curvature_margin_radpm"":-0.7729044835993775}","{""braking_deficit_m"":0,""braking_feasible"":true,""exit_reaches_next_obstacle"":false,""generation_index"":2003,""global_path_deviation_m"":4.6251360812158735,""minimum_normalized_safety_slack"":-6.563442244775396,""velocity_loss"":0.16172832898432898}"
DVE029,M1,NEAR_BISECTED,RIGHT,2004,0b10650f67ae6c4e,M1_BRANCH_COMPLETE_ACTIVE_SET_CLOSURE,ACTIVE_OUTER,SAME_SIGN_NEGATIVE__SIGN_CHANGE__SAME_SIGN_POSITIVE,True,False,-0.40695853087089273,0.23576835371064675,-0.49597926543544635,-0.4959792654354458,0,ACTIVE_OUTER,CORRIDOR_BOTTLENECK,CORRIDOR_CENTER,0.7136694116555473,6.655328217115,0.1019257255715543,0.22371635112229882,0.23576835371064675,0.24782035629899468,41.36796440739351,True,False,footprint_track_bound,"{""center_track_margin_m"":0.41262645402773396,""d_m"":-0.3223735459722661,""footprint_invalid"":false,""footprint_track_margin_m"":0.11190478311609467,""s_m"":38.84463113981834,""x_m"":-3.164847246225198,""y_m"":3.4670576349302937,""yaw_rad"":2.2895265037181254}","{""center_track_m"":-9.695163367163063,""curvature_rate_margin_radpm2"":14.830974961963575,""footprint_track_m"":-9.849408543563445,""lateral_slope_margin"":-0.18783385095930816,""obstacle_m"":1.5,""peak_curvature_rate_radpm2"":5.169025038036425,""peak_lateral_slope"":0.9878338509593082,""peak_negative_curvature_radpm"":-1.8582875173249165,""peak_positive_curvature_radpm"":0.8775621998785255,""signed_curvature_margin_radpm"":-0.7142118778622435}","{""braking_deficit_m"":0,""braking_feasible"":true,""exit_reaches_next_obstacle"":false,""generation_index"":2004,""global_path_deviation_m"":4.624942040551285,""minimum_normalized_safety_slack"":-6.563442244775376,""velocity_loss"":0.15990709367208678}"
DVE029,M1,NEAR_BISECTED,RIGHT,2005,8db48cd88bb8ab1b,M1_BRANCH_COMPLETE_ACTIVE_SET_CLOSURE,ACTIVE_OUTER,SAME_SIGN_NEGATIVE__SIGN_CHANGE__SAME_SIGN_POSITIVE,True,False,-0.40695853087089273,0.23576835371064675,-0.49597926543544635,-0.4959792654354446,0,ACTIVE_OUTER,CORRIDOR_BOTTLENECK,CORRIDOR_CENTER,0.6141252523352992,6.655328217115,0.11891334650014668,0.22371635112229882,0.23576835371064675,0.24782035629899468,41.36796440739351,True,False,footprint_track_bound,"{""center_track_margin_m"":0.43738511361374693,""d_m"":-0.2976148863862531,""footprint_invalid"":false,""footprint_track_margin_m"":0.13657110796378227,""s_m"":38.84463113981834,""x_m"":-3.165224509391323,""y_m"":3.4423018498084366,""yaw_rad"":2.289145601323641}","{""center_track_m"":-9.695163367162888,""curvature_rate_margin_radpm2"":14.830974961964595,""footprint_track_m"":-9.849408543563277,""lateral_slope_margin"":-0.1878338509592905,""obstacle_m"":1.5,""peak_curvature_rate_radpm2"":5.1690250380354055,""peak_lateral_slope"":0.9878338509592905,""peak_negative_curvature_radpm"":-1.8066332648353827,""peak_positive_curvature_radpm"":0.8775621998786204,""signed_curvature_margin_radpm"":-0.6625576253727097}","{""braking_deficit_m"":0,""braking_feasible"":true,""exit_reaches_next_obstacle"":false,""generation_index"":2005,""global_path_deviation_m"":4.624808209958652,""minimum_normalized_safety_slack"":-6.563442244775259,""velocity_loss"":0.15965726968692245}"
DVE029,M1,NEAR_BISECTED,RIGHT,2006,544cb9f97f3e125e,M1_BRANCH_COMPLETE_ACTIVE_SET_CLOSURE,ACTIVE_OUTER,SAME_SIGN_NEGATIVE__SIGN_CHANGE__SAME_SIGN_POSITIVE,True,False,-0.40695853087089273,0.23576835371064675,-0.49597926543544635,-0.4959792654354449,0,ACTIVE_OUTER,CORRIDOR_BOTTLENECK,CORRIDOR_CENTER,0.5643531726751752,6.655328217115,0.12740715696444288,0.22371635112229882,0.23576835371064675,0.24782035629899468,41.36796440739351,True,False,footprint_track_bound,"{""center_track_margin_m"":0.45120986840322125,""d_m"":-0.2837901315967788,""footprint_invalid"":false,""footprint_track_margin_m"":0.15038907728053832,""s_m"":38.84463113981834,""x_m"":-3.165435165818206,""y_m"":3.4284787000639354,""yaw_rad"":2.289374454961994}","{""center_track_m"":-9.695163367162918,""curvature_rate_margin_radpm2"":14.830974961964936,""footprint_track_m"":-9.849408543563307,""lateral_slope_margin"":-0.18783385095930105,""obstacle_m"":1.5,""peak_curvature_rate_radpm2"":5.169025038035064,""peak_lateral_slope"":0.9878338509593011,""peak_negative_curvature_radpm"":-1.7746296206189964,""peak_positive_curvature_radpm"":0.8775621998783779,""signed_curvature_margin_radpm"":-0.6305539811563234}","{""braking_deficit_m"":0,""braking_feasible"":true,""exit_reaches_next_obstacle"":false,""generation_index"":2006,""global_path_deviation_m"":4.624733481554399,""minimum_normalized_safety_slack"":-6.5634422447752785,""velocity_loss"":0.1594962252764034}"
DVE029,M1,NEAR_BISECTED,RIGHT,2007,99ab55b23fb3665e,M1_BRANCH_COMPLETE_ACTIVE_SET_CLOSURE,ACTIVE_OUTER,SAME_SIGN_NEGATIVE__SIGN_CHANGE__SAME_SIGN_POSITIVE,True,False,-0.40695853087089273,0.23576835371064675,-0.49597926543544635,-0.4959792654354474,0,ACTIVE_OUTER,CORRIDOR_BOTTLENECK,CORRIDOR_CENTER,0.5394671328451132,6.655328217115,0.13165406219659098,0.22371635112229882,0.23576835371064675,0.24782035629899468,41.36796440739351,True,False,footprint_track_bound,"{""center_track_margin_m"":0.45827964852435904,""d_m"":-0.276720351475641,""footprint_invalid"":false,""footprint_track_margin_m"":0.15746757161704297,""s_m"":38.84463113981834,""x_m"":-3.1655428924753393,""y_m"":3.4214097407396373,""yaw_rad"":2.28961149595751}","{""center_track_m"":-9.69516336716325,""curvature_rate_margin_radpm2"":14.830974961962479,""footprint_track_m"":-9.849408543563637,""lateral_slope_margin"":-0.18783385095932592,""obstacle_m"":1.5,""peak_curvature_rate_radpm2"":5.169025038037522,""peak_lateral_slope"":0.987833850959326,""peak_negative_curvature_radpm"":-1.7575268497569525,""peak_positive_curvature_radpm"":0.877562199878801,""signed_curvature_margin_radpm"":-0.6134512102942795}","{""braking_deficit_m"":0,""braking_feasible"":true,""exit_reaches_next_obstacle"":false,""generation_index"":2007,""global_path_deviation_m"":4.62469526652706,""minimum_normalized_safety_slack"":-6.5634422447755005,""velocity_loss"":0.15940809941354858}"
DVE029,M1,NEAR_BISECTED,RIGHT,2008,44b89709e405e12b,M1_BRANCH_COMPLETE_ACTIVE_SET_CLOSURE,ACTIVE_OUTER,SAME_SIGN_NEGATIVE__SIGN_CHANGE__SAME_SIGN_POSITIVE,True,False,-0.40695853087089273,0.23576835371064675,-0.49597926543544635,-0.49597926543544485,0,ACTIVE_OUTER,CORRIDOR_BOTTLENECK,CORRIDOR_CENTER,0.5270241129300821,6.655328217115,0.13377751481266503,0.22371635112229882,0.23576835371064675,0.24782035629899468,41.36796440739351,True,False,footprint_track_bound,"{""center_track_margin_m"":0.46180483748383866,""d_m"":-0.2731951625161613,""footprint_invalid"":false,""footprint_track_margin_m"":0.16100011325843325,""s_m"":38.84463113981834,""x_m"":-3.165596607982167,""y_m"":3.417884961052286,""yaw_rad"":2.289759249461481}","{""center_track_m"":-9.695163367162927,""curvature_rate_margin_radpm2"":14.830974961963744,""footprint_track_m"":-9.849408543563314,""lateral_slope_margin"":-0.18783385095929395,""obstacle_m"":1.5,""peak_curvature_rate_radpm2"":5.169025038036256,""peak_lateral_slope"":0.987833850959294,""peak_negative_curvature_radpm"":-1.748829898012819,""peak_positive_curvature_radpm"":0.8775621998784304,""signed_curvature_margin_radpm"":-0.604754258550146}","{""braking_deficit_m"":0,""braking_feasible"":true,""exit_reaches_next_obstacle"":false,""generation_index"":2008,""global_path_deviation_m"":4.624676211451364,""minimum_normalized_safety_slack"":-6.563442244775285,""velocity_loss"":0.15936271890840162}"
DVE029,M1,NEAR_BISECTED,RIGHT,2009,7bd37576c1d8d1c4,M1_BRANCH_COMPLETE_ACTIVE_SET_CLOSURE,ACTIVE_OUTER,SAME_SIGN_NEGATIVE__SIGN_CHANGE__SAME_SIGN_POSITIVE,True,False,-0.40695853087089273,0.23576835371064675,-0.49597926543544635,-0.4959792654354461,0,ACTIVE_OUTER,CORRIDOR_BOTTLENECK,CORRIDOR_CENTER,0.5208026029725666,6.655328217115,0.13483924112070206,0.22371635112229882,0.23576835371064675,0.24782035629899468,41.36796440739351,True,False,footprint_track_bound,"{""center_track_margin_m"":0.4635567304902199,""d_m"":-0.27144326950978015,""footprint_invalid"":false,""footprint_track_margin_m"":0.16275639331202132,""s_m"":38.84463113981834,""x_m"":-3.165623302670545,""y_m"":3.416133271439535,""yaw_rad"":2.289839871049297}","{""center_track_m"":-9.69516336716312,""curvature_rate_margin_radpm2"":14.83097496196309,""footprint_track_m"":-9.849408543563511,""lateral_slope_margin"":-0.18783385095931526,""obstacle_m"":1.5,""peak_curvature_rate_radpm2"":5.16902503803691,""peak_lateral_slope"":0.9878338509593153,""peak_negative_curvature_radpm"":-1.7444679832499326,""peak_positive_curvature_radpm"":0.8775621998785583,""signed_curvature_margin_radpm"":-0.6003923437872596}","{""braking_deficit_m"":0,""braking_feasible"":true,""exit_reaches_next_obstacle"":false,""generation_index"":2009,""global_path_deviation_m"":4.624666741759732,""minimum_normalized_safety_slack"":-6.5634422447754135,""velocity_loss"":0.15933981224794527}"
DVE029,M1,NEAR_BISECTED,RIGHT,2010,bb7eb3e4d1cfb7a2,M1_BRANCH_COMPLETE_ACTIVE_SET_CLOSURE,ACTIVE_OUTER,SAME_SIGN_NEGATIVE__SIGN_CHANGE__SAME_SIGN_POSITIVE,True,False,-0.40695853087089273,0.23576835371064675,-0.49597926543544635,-0.49597926543544607,0,ACTIVE_OUTER,CORRIDOR_BOTTLENECK,CORRIDOR_CENTER,0.5176918479938089,6.655328217115,0.13537010427472057,0.22371635112229882,0.23576835371064675,0.24782035629899468,41.36796440739351,True,False,footprint_track_bound,"{""center_track_margin_m"":0.46442880805113057,""d_m"":-0.2705711919488694,""footprint_invalid"":false,""footprint_track_margin_m"":0.1636308346231861,""s_m"":38.84463113981834,""x_m"":-3.165636591061243,""y_m"":3.4152612951262578,""yaw_rad"":2.289881767838043}","{""center_track_m"":-9.69516336716309,""curvature_rate_margin_radpm2"":14.830974961964092,""footprint_track_m"":-9.849408543563483,""lateral_slope_margin"":-0.1878338509593117,""obstacle_m"":1.5,""peak_curvature_rate_radpm2"":5.169025038035908,""peak_lateral_slope"":0.9878338509593118,""peak_negative_curvature_radpm"":-1.7422870334209497,""peak_positive_curvature_radpm"":0.8775621998785041,""signed_curvature_margin_radpm"":-0.5982113939582767}","{""braking_deficit_m"":0,""braking_feasible"":true,""exit_reaches_next_obstacle"":false,""generation_index"":2010,""global_path_deviation_m"":4.624662027826844,""minimum_normalized_safety_slack"":-6.563442244775394,""velocity_loss"":0.15932832202634387}"
DVE029,M1,NEAR_BISECTED,RIGHT,2011,85eb7fd4610b7ac3,M1_BRANCH_COMPLETE_ACTIVE_SET_CLOSURE,ACTIVE_OUTER,SAME_SIGN_NEGATIVE__SIGN_CHANGE__SAME_SIGN_POSITIVE,True,False,-0.40695853087089273,0.23576835371064675,-0.49597926543544635,-0.4959792654354476,0,ACTIVE_OUTER,CORRIDOR_BOTTLENECK,CORRIDOR_CENTER,0.51613647050443,6.655328217115,0.13563553585172983,0.22371635112229882,0.23576835371064675,0.24782035629899468,41.36796440739351,True,False,footprint_track_bound,"{""center_track_margin_m"":0.4648637196678605,""d_m"":-0.2701362803321396,""footprint_invalid"":false,""footprint_track_margin_m"":0.16406696955665115,""s_m"":38.84463113981834,""x_m"":-3.165643218081294,""y_m"":3.414826434002482,""yaw_rad"":2.2899030981683914}","{""center_track_m"":-9.695163367163289,""curvature_rate_margin_radpm2"":14.830974961962397,""footprint_track_m"":-9.84940854356367,""lateral_slope_margin"":-0.18783385095932936,""obstacle_m"":1.5,""peak_curvature_rate_radpm2"":5.169025038037602,""peak_lateral_slope"":0.9878338509593294,""peak_negative_curvature_radpm"":-1.7411970148524902,""peak_positive_curvature_radpm"":0.8775621998786372,""signed_curvature_margin_radpm"":-0.5971213753898172}","{""braking_deficit_m"":0,""braking_feasible"":true,""exit_reaches_next_obstacle"":false,""generation_index"":2011,""global_path_deviation_m"":4.6246596769533355,""minimum_normalized_safety_slack"":-6.563442244775526,""velocity_loss"":0.15932257005623943}"
DVE029,M1,NEAR_BISECTED,RIGHT,2012,d2724cdea2ccc579,M1_BRANCH_COMPLETE_ACTIVE_SET_CLOSURE,ACTIVE_OUTER,SAME_SIGN_NEGATIVE__SIGN_CHANGE__SAME_SIGN_POSITIVE,True,False,-0.40695853087089273,0.23576835371064675,-0.49597926543544635,-0.4959792654354461,0,ACTIVE_OUTER,CORRIDOR_BOTTLENECK,CORRIDOR_CENTER,0.5153587817597406,6.655328217115,0.13576825164023443,0.22371635112229882,0.23576835371064675,0.24782035629899468,41.36796440739351,True,False,footprint_track_bound,"{""center_track_margin_m"":0.4650808729997327,""d_m"":-0.26991912700026727,""footprint_invalid"":false,""footprint_track_margin_m"":0.16428474475592894,""s_m"":38.84463113981834,""x_m"":-3.165646526982296,""y_m"":3.414609305881969,""yaw_rad"":2.2899138568647963}","{""center_track_m"":-9.69516336716312,""curvature_rate_margin_radpm2"":14.83097496196309,""footprint_track_m"":-9.849408543563511,""lateral_slope_margin"":-0.18783385095931526,""obstacle_m"":1.5,""peak_curvature_rate_radpm2"":5.16902503803691,""peak_lateral_slope"":0.9878338509593153,""peak_negative_curvature_radpm"":-1.740652178631308,""peak_positive_curvature_radpm"":0.8775621998785583,""signed_curvature_margin_radpm"":-0.5965765391686351}","{""braking_deficit_m"":0,""braking_feasible"":true,""exit_reaches_next_obstacle"":false,""generation_index"":2012,""global_path_deviation_m"":4.624658503151573,""minimum_normalized_safety_slack"":-6.5634422447754135,""velocity_loss"":0.15931969266561755}"
DVE029,M1,NEAR_BISECTED,RIGHT,2013,5919748096138525,M1_BRANCH_COMPLETE_ACTIVE_SET_CLOSURE,ACTIVE_OUTER,SAME_SIGN_NEGATIVE__SIGN_CHANGE__SAME_SIGN_POSITIVE,True,False,-0.40695853087089273,0.23576835371064675,-0.49597926543544635,-0.4959792654354458,0,ACTIVE_OUTER,CORRIDOR_BOTTLENECK,CORRIDOR_CENTER,0.5149699373873959,6.655328217115,0.13583460953448673,0.22371635112229882,0.23576835371064675,0.24782035629899468,41.36796440739351,True,False,footprint_track_bound,"{""center_track_margin_m"":0.4651893714167234,""d_m"":-0.26981062858327665,""footprint_invalid"":false,""footprint_track_margin_m"":0.16439355663919655,""s_m"":38.84463113981834,""x_m"":-3.1656481802404692,""y_m"":3.4145008200615736,""yaw_rad"":2.289919259343275}","{""center_track_m"":-9.695163367163063,""curvature_rate_margin_radpm2"":14.830974961963575,""footprint_track_m"":-9.849408543563445,""lateral_slope_margin"":-0.18783385095930816,""obstacle_m"":1.5,""peak_curvature_rate_radpm2"":5.169025038036425,""peak_lateral_slope"":0.9878338509593082,""peak_negative_curvature_radpm"":-1.7403798112963347,""peak_positive_curvature_radpm"":0.8775621998785255,""signed_curvature_margin_radpm"":-0.5963041718336617}","{""braking_deficit_m"":0,""braking_feasible"":true,""exit_reaches_next_obstacle"":false,""generation_index"":2013,""global_path_deviation_m"":4.624657916673506,""minimum_normalized_safety_slack"":-6.563442244775376,""velocity_loss"":0.15931825365850152}"
DVE029,M1,NEAR_BISECTED,RIGHT,2014,5de0177d402dfceb,M1_BRANCH_COMPLETE_ACTIVE_SET_CLOSURE,ACTIVE_OUTER,SAME_SIGN_NEGATIVE__SIGN_CHANGE__SAME_SIGN_POSITIVE,True,False,-0.40695853087089273,0.23576835371064675,-0.49597926543544635,-0.49597926543544446,0,ACTIVE_OUTER,CORRIDOR_BOTTLENECK,CORRIDOR_CENTER,0.5147755152012236,6.655328217115,0.1358677884816129,0.22371635112229882,0.23576835371064675,0.24782035629899468,41.36796440739351,True,False,footprint_track_bound,"{""center_track_margin_m"":0.4652436007314749,""d_m"":-0.2697563992685252,""footprint_invalid"":false,""footprint_track_margin_m"":0.16444794331772208,""s_m"":38.84463113981834,""x_m"":-3.1656490065664222,""y_m"":3.41444659704281,""yaw_rad"":2.289921966332991}","{""center_track_m"":-9.695163367162904,""curvature_rate_margin_radpm2"":14.830974961964383,""footprint_track_m"":-9.849408543563293,""lateral_slope_margin"":-0.1878338509592905,""obstacle_m"":1.5,""peak_curvature_rate_radpm2"":5.169025038035618,""peak_lateral_slope"":0.9878338509592905,""peak_negative_curvature_radpm"":-1.740243641270143,""peak_positive_curvature_radpm"":0.8775621998783916,""signed_curvature_margin_radpm"":-0.59616800180747}","{""braking_deficit_m"":0,""braking_feasible"":true,""exit_reaches_next_obstacle"":false,""generation_index"":2014,""global_path_deviation_m"":4.624657623542006,""minimum_normalized_safety_slack"":-6.56344224477527,""velocity_loss"":0.15931753408197488}"
DVE029,M1,NEAR_BISECTED,RIGHT,2015,8f9ae5e25a32ac47,M1_BRANCH_COMPLETE_ACTIVE_SET_CLOSURE,ACTIVE_OUTER,SAME_SIGN_NEGATIVE__SIGN_CHANGE__SAME_SIGN_POSITIVE,True,False,-0.40695853087089273,0.23576835371064675,-0.49597926543544635,-0.4959792654354473,0,ACTIVE_OUTER,CORRIDOR_BOTTLENECK,CORRIDOR_CENTER,0.5146783041081373,6.655328217115,0.135884377955176,0.22371635112229882,0.23576835371064675,0.24782035629899468,41.36796440739351,True,False,footprint_track_bound,"{""center_track_margin_m"":0.46527071037380135,""d_m"":-0.2697292896261987,""footprint_invalid"":false,""footprint_track_margin_m"":0.16447513179927745,""s_m"":38.84463113981834,""x_m"":-3.1656494196529814,""y_m"":3.4144194905478953,""yaw_rad"":2.289923321261414}","{""center_track_m"":-9.695163367163227,""curvature_rate_margin_radpm2"":14.830974961963186,""footprint_track_m"":-9.849408543563618,""lateral_slope_margin"":-0.18783385095932592,""obstacle_m"":1.5,""peak_curvature_rate_radpm2"":5.169025038036815,""peak_lateral_slope"":0.987833850959326,""peak_negative_curvature_radpm"":-1.7401755597863744,""peak_positive_curvature_radpm"":0.8775621998786588,""signed_curvature_margin_radpm"":-0.5960999203237014}","{""braking_deficit_m"":0,""braking_feasible"":true,""exit_reaches_next_obstacle"":false,""generation_index"":2015,""global_path_deviation_m"":4.624657477003429,""minimum_normalized_safety_slack"":-6.5634422447754845,""velocity_loss"":0.1593171742760869}"
DVE029,M1,NEAR_BISECTED,RIGHT,2016,0eca217cce2a0441,M1_BRANCH_COMPLETE_ACTIVE_SET_CLOSURE,ACTIVE_OUTER,SAME_SIGN_NEGATIVE__SIGN_CHANGE__SAME_SIGN_POSITIVE,True,False,-0.40695853087089273,0.23576835371064675,-0.49597926543544635,-0.49597926543544457,0,ACTIVE_OUTER,CORRIDOR_BOTTLENECK,CORRIDOR_CENTER,0.5146296985615942,6.655328217115,0.13589267269195754,0.22371635112229882,0.23576835371064675,0.24782035629899468,41.36796440739351,True,False,footprint_track_bound,"{""center_track_margin_m"":0.46528426393599026,""d_m"":-0.2697157360640097,""footprint_invalid"":false,""footprint_track_margin_m"":0.16448872482037782,""s_m"":38.84463113981834,""x_m"":-3.1656496261770775,""y_m"":3.414405938559266,""yaw_rad"":2.2899239990835225}","{""center_track_m"":-9.695163367162918,""curvature_rate_margin_radpm2"":14.830974961963477,""footprint_track_m"":-9.84940854356331,""lateral_slope_margin"":-0.18783385095929395,""obstacle_m"":1.5,""peak_curvature_rate_radpm2"":5.169025038036523,""peak_lateral_slope"":0.987833850959294,""peak_negative_curvature_radpm"":-1.7401415199416845,""peak_positive_curvature_radpm"":0.8775621998785218,""signed_curvature_margin_radpm"":-0.5960658804790115}","{""braking_deficit_m"":0,""braking_feasible"":true,""exit_reaches_next_obstacle"":false,""generation_index"":2016,""global_path_deviation_m"":4.624657403740837,""minimum_normalized_safety_slack"":-6.5634422447752785,""velocity_loss"":0.159316994368844}"
DVE029,M1,NEAR_BISECTED,RIGHT,2017,52c43aadeadcacc9,M1_BRANCH_COMPLETE_ACTIVE_SET_CLOSURE,ACTIVE_OUTER,SAME_SIGN_NEGATIVE__SIGN_CHANGE__SAME_SIGN_POSITIVE,True,False,-0.40695853087089273,0.23576835371064675,-0.49597926543544635,-0.4959792654354469,0,ACTIVE_OUTER,CORRIDOR_BOTTLENECK,CORRIDOR_CENTER,0.5146053957883228,6.655328217115,0.13589682006034828,0.22371635112229882,0.23576835371064675,0.24782035629899468,41.36796440739351,True,False,footprint_track_bound,"{""center_track_margin_m"":0.4652910404016884,""d_m"":-0.26970895959831165,""footprint_invalid"":false,""footprint_track_margin_m"":0.16449552102534895,""s_m"":38.84463113981834,""x_m"":-3.1656497294343193,""y_m"":3.4143991628803114,""yaw_rad"":2.289924338083974}","{""center_track_m"":-9.695163367163167,""curvature_rate_margin_radpm2"":14.830974961964236,""footprint_track_m"":-9.84940854356356,""lateral_slope_margin"":-0.18783385095931882,""obstacle_m"":1.5,""peak_curvature_rate_radpm2"":5.169025038035764,""peak_lateral_slope"":0.9878338509593189,""peak_negative_curvature_radpm"":-1.7401245002455195,""peak_positive_curvature_radpm"":0.8775621998784349,""signed_curvature_margin_radpm"":-0.5960488607828465}","{""braking_deficit_m"":0,""braking_feasible"":true,""exit_reaches_next_obstacle"":false,""generation_index"":2017,""global_path_deviation_m"":4.624657367111347,""minimum_normalized_safety_slack"":-6.563442244775445,""velocity_loss"":0.15931690441412885}"
DVE029,M1,NEAR_BISECTED,RIGHT,2018,340663f339704c1b,M1_BRANCH_COMPLETE_ACTIVE_SET_CLOSURE,ACTIVE_OUTER,SAME_SIGN_NEGATIVE__SIGN_CHANGE__SAME_SIGN_POSITIVE,True,False,-0.40695853087089273,0.23576835371064675,-0.49597926543544635,-0.49597926543544646,0,ACTIVE_OUTER,CORRIDOR_BOTTLENECK,CORRIDOR_CENTER,0.514593244401687,6.655328217115,0.13589889374454367,0.22371635112229882,0.23576835371064675,0.24782035629899468,41.36796440739351,True,False,footprint_track_bound,"{""center_track_margin_m"":0.46529442855560715,""d_m"":-0.26970557144439294,""footprint_invalid"":false,""footprint_track_margin_m"":0.16449891905135852,""s_m"":38.84463113981834,""x_m"":-3.1656497810617377,""y_m"":3.414395775119755,""yaw_rad"":2.2899245076065435}","{""center_track_m"":-9.69516336716312,""curvature_rate_margin_radpm2"":14.830974961964301,""footprint_track_m"":-9.849408543563507,""lateral_slope_margin"":-0.1878338509593117,""obstacle_m"":1.5,""peak_curvature_rate_radpm2"":5.169025038035699,""peak_lateral_slope"":0.9878338509593118,""peak_negative_curvature_radpm"":-1.7401159904542052,""peak_positive_curvature_radpm"":0.8775621998785227,""signed_curvature_margin_radpm"":-0.5960403509915322}","{""braking_deficit_m"":0,""braking_feasible"":true,""exit_reaches_next_obstacle"":false,""generation_index"":2018,""global_path_deviation_m"":4.624657348797004,""minimum_normalized_safety_slack"":-6.5634422447754135,""velocity_loss"":0.1593168594365265}"
DVE029,M1,NEAR_BISECTED,RIGHT,2019,a59d6388a55a7f74,M1_BRANCH_COMPLETE_ACTIVE_SET_CLOSURE,ACTIVE_OUTER,SAME_SIGN_NEGATIVE__SIGN_CHANGE__SAME_SIGN_POSITIVE,True,False,-0.40695853087089273,0.23576835371064675,-0.49597926543544635,-0.4959792654354472,0,ACTIVE_OUTER,CORRIDOR_BOTTLENECK,CORRIDOR_CENTER,0.5145871687083691,6.655328217115,0.13589993058664135,0.22371635112229882,0.23576835371064675,0.24782035629899468,41.36796440739351,True,False,footprint_track_bound,"{""center_track_margin_m"":0.46529612261282344,""d_m"":-0.26970387738717655,""footprint_invalid"":false,""footprint_track_margin_m"":0.1645006180452351,""s_m"":38.84463113981834,""x_m"":-3.165649806875146,""y_m"":3.4143940812592173,""yaw_rad"":2.28992459237342}","{""center_track_m"":-9.695163367163232,""curvature_rate_margin_radpm2"":14.830974961962507,""footprint_track_m"":-9.849408543563623,""lateral_slope_margin"":-0.18783385095932592,""obstacle_m"":1.5,""peak_curvature_rate_radpm2"":5.169025038037492,""peak_lateral_slope"":0.987833850959326,""peak_negative_curvature_radpm"":-1.7401117355727975,""peak_positive_curvature_radpm"":0.8775621998785931,""signed_curvature_margin_radpm"":-0.5960360961101245}","{""braking_deficit_m"":0,""braking_feasible"":true,""exit_reaches_next_obstacle"":false,""generation_index"":2019,""global_path_deviation_m"":4.624657339640175,""minimum_normalized_safety_slack"":-6.563442244775488,""velocity_loss"":0.15931683694767032}"
DVE029,M1,NEAR_BISECTED,RIGHT,2020,e369c6833f93ba8a,M1_BRANCH_COMPLETE_ACTIVE_SET_CLOSURE,ACTIVE_OUTER,SAME_SIGN_NEGATIVE__SIGN_CHANGE__SAME_SIGN_POSITIVE,True,False,-0.40695853087089273,0.23576835371064675,-0.49597926543544635,-0.4959792654354474,0,ACTIVE_OUTER,CORRIDOR_BOTTLENECK,CORRIDOR_CENTER,0.5145841308617101,6.655328217115,0.13590044900769022,0.22371635112229882,0.23576835371064675,0.24782035629899468,41.36796440739351,True,False,footprint_track_bound,"{""center_track_margin_m"":0.46529696963649475,""d_m"":-0.2697030303635053,""footprint_invalid"":false,""footprint_track_margin_m"":0.16450146753738829,""s_m"":38.84463113981834,""x_m"":-3.1656498197817746,""y_m"":3.414393234333885,""yaw_rad"":2.289924634758251}","{""center_track_m"":-9.69516336716325,""curvature_rate_margin_radpm2"":14.830974961962479,""footprint_track_m"":-9.849408543563637,""lateral_slope_margin"":-0.18783385095932592,""obstacle_m"":1.5,""peak_curvature_rate_radpm2"":5.169025038037522,""peak_lateral_slope"":0.987833850959326,""peak_negative_curvature_radpm"":-1.7401096081356613,""peak_positive_curvature_radpm"":0.877562199878801,""signed_curvature_margin_radpm"":-0.5960339686729883}","{""braking_deficit_m"":0,""braking_feasible"":true,""exit_reaches_next_obstacle"":false,""generation_index"":2020,""global_path_deviation_m"":4.624657335061588,""minimum_normalized_safety_slack"":-6.5634422447755005,""velocity_loss"":0.1593168257031823}"
DVE029,M1,NEAR_BISECTED,RIGHT,2021,a245327efd5df1b6,M1_BRANCH_COMPLETE_ACTIVE_SET_CLOSURE,ACTIVE_OUTER,SAME_SIGN_NEGATIVE__SIGN_CHANGE__SAME_SIGN_POSITIVE,True,False,-0.40695853087089273,0.23576835371064675,-0.49597926543544635,-0.49597926543544457,0,ACTIVE_OUTER,CORRIDOR_BOTTLENECK,CORRIDOR_CENTER,0.5145826119383806,6.655328217115,0.13590070821821465,0.22371635112229882,0.23576835371064675,0.24782035629899468,41.36796440739351,True,False,footprint_track_bound,"{""center_track_margin_m"":0.4652973931470962,""d_m"":-0.2697026068529038,""footprint_invalid"":false,""footprint_track_margin_m"":0.16450189228227022,""s_m"":38.84463113981834,""x_m"":-3.1656498262350703,""y_m"":3.414392810872453,""yaw_rad"":2.2899246559510176}","{""center_track_m"":-9.695163367162918,""curvature_rate_margin_radpm2"":14.830974961963477,""footprint_track_m"":-9.84940854356331,""lateral_slope_margin"":-0.18783385095929395,""obstacle_m"":1.5,""peak_curvature_rate_radpm2"":5.169025038036523,""peak_lateral_slope"":0.987833850959294,""peak_negative_curvature_radpm"":-1.7401085444179505,""peak_positive_curvature_radpm"":0.8775621998785218,""signed_curvature_margin_radpm"":-0.5960329049552775}","{""braking_deficit_m"":0,""braking_feasible"":true,""exit_reaches_next_obstacle"":false,""generation_index"":2021,""global_path_deviation_m"":4.624657332772128,""minimum_normalized_safety_slack"":-6.5634422447752785,""velocity_loss"":0.1593168200809647}"
DVE029,M1,NEAR_BISECTED,RIGHT,2022,7ca05cbf28aae293,M1_BRANCH_COMPLETE_ACTIVE_SET_CLOSURE,ACTIVE_OUTER,SAME_SIGN_NEGATIVE__SIGN_CHANGE__SAME_SIGN_POSITIVE,True,False,-0.40695853087089273,0.23576835371064675,-0.49597926543544635,-0.4959792654354471,0,ACTIVE_OUTER,CORRIDOR_BOTTLENECK,CORRIDOR_CENTER,0.5145818524767158,6.655328217115,0.13590083782347687,0.22371635112229882,0.23576835371064675,0.24782035629899468,41.36796440739351,True,False,footprint_track_bound,"{""center_track_margin_m"":0.465297604902088,""d_m"":-0.26970239509791205,""footprint_invalid"":false,""footprint_track_margin_m"":0.16450210465441154,""s_m"":38.84463113981834,""x_m"":-3.1656498294617137,""y_m"":3.4143925991420456,""yaw_rad"":2.289924666547485}","{""center_track_m"":-9.69516336716321,""curvature_rate_margin_radpm2"":14.830974961964099,""footprint_track_m"":-9.84940854356359,""lateral_slope_margin"":-0.18783385095932237,""obstacle_m"":1.5,""peak_curvature_rate_radpm2"":5.169025038035902,""peak_lateral_slope"":0.9878338509593224,""peak_negative_curvature_radpm"":-1.7401080125593282,""peak_positive_curvature_radpm"":0.8775621998785985,""signed_curvature_margin_radpm"":-0.5960323730966552}","{""braking_deficit_m"":0,""braking_feasible"":true,""exit_reaches_next_obstacle"":false,""generation_index"":2022,""global_path_deviation_m"":4.624657331627675,""minimum_normalized_safety_slack"":-6.563442244775473,""velocity_loss"":0.15931681726985364}"
DVE029,M1,NEAR_BISECTED,RIGHT,2023,219a84c78907edf5,M1_BRANCH_COMPLETE_ACTIVE_SET_CLOSURE,ACTIVE_OUTER,SAME_SIGN_NEGATIVE__SIGN_CHANGE__SAME_SIGN_POSITIVE,True,False,-0.40695853087089273,0.23576835371064675,-0.49597926543544635,-0.49597926543544746,0,ACTIVE_OUTER,CORRIDOR_BOTTLENECK,CORRIDOR_CENTER,0.5145814727458835,6.655328217115,0.13590090262610796,0.22371635112229882,0.23576835371064675,0.24782035629899468,41.36796440739351,True,False,footprint_track_bound,"{""center_track_margin_m"":0.4652977107795067,""d_m"":-0.2697022892204933,""footprint_invalid"":false,""footprint_track_margin_m"":0.1645022108404072,""s_m"":38.84463113981834,""x_m"":-3.165649831075034,""y_m"":3.414392493276919,""yaw_rad"":2.2899246718457427}","{""center_track_m"":-9.695163367163254,""curvature_rate_margin_radpm2"":14.830974961963292,""footprint_track_m"":-9.84940854356364,""lateral_slope_margin"":-0.18783385095932592,""obstacle_m"":1.5,""peak_curvature_rate_radpm2"":5.169025038036708,""peak_lateral_slope"":0.987833850959326,""peak_negative_curvature_radpm"":-1.7401077466300519,""peak_positive_curvature_radpm"":0.8775621998785433,""signed_curvature_margin_radpm"":-0.5960321071673789}","{""braking_deficit_m"":0,""braking_feasible"":true,""exit_reaches_next_obstacle"":false,""generation_index"":2023,""global_path_deviation_m"":4.624657331055371,""minimum_normalized_safety_slack"":-6.563442244775502,""velocity_loss"":0.15931681586428723}"
DVE030,M1,ZERO_BOUNDARY_SHORT,LEFT,2000,d570317ce9ad7a04,M1_BRANCH_COMPLETE_ACTIVE_SET_CLOSURE,ZERO_INTERFACE,ZERO_RIGHT__ZERO_BOTH__ZERO_LEFT,True,False,0.2842123959464098,,,0.2842123959464098,0,ZERO_INTERFACE,NONE,NONE,0.5145810930150512,0.4971684162574945,0,0.36563069745903276,0.4774788813515458,0.5893270652440589,3.661096965575849,True,False,shifted race line exceeds right control steering curvature,"{""center_track_margin_m"":0.9425563704966387,""d_m"":0.08255637049663862,""footprint_invalid"":false,""footprint_track_margin_m"":0.623468686890923,""s_m"":1.002905005637111,""x_m"":-10.587083101089169,""y_m"":4.387761555115941,""yaw_rad"":-0.720451379074345}","{""center_track_m"":0.6983365137482391,""curvature_rate_margin_radpm2"":14.228274490146209,""footprint_track_m"":0.5320471063563397,""lateral_slope_margin"":-0.0021720074482193263,""obstacle_m"":0.46681744547726095,""peak_curvature_rate_radpm2"":5.771725509853792,""peak_lateral_slope"":0.8021720074482194,""peak_negative_curvature_radpm"":-2.0625825101207034,""peak_positive_curvature_radpm"":0.45077830762686444,""signed_curvature_margin_radpm"":-0.9185068706580304}","{""braking_deficit_m"":0,""braking_feasible"":true,""exit_reaches_next_obstacle"":false,""generation_index"":2000,""global_path_deviation_m"":0.06249657017432893,""minimum_normalized_safety_slack"":-0.8028375388618681,""velocity_loss"":0.20478098191874966}"
DVE030,M1,ZERO_BOUNDARY_SPAN,LEFT,2001,d570317ce9ad7a04,M1_BRANCH_COMPLETE_ACTIVE_SET_CLOSURE,ZERO_INTERFACE,ZERO_RIGHT__ZERO_BOTH__ZERO_LEFT,True,False,0.2842123959464098,,,0.2842123959464098,0,ZERO_INTERFACE,NONE,NONE,0.7136694116555473,0.4971684162574945,0,0.36563069745903276,0.4774788813515458,0.5893270652440589,3.661096965575849,True,False,shifted race line exceeds right control steering curvature,"{""center_track_margin_m"":0.9425563704966387,""d_m"":0.08255637049663862,""footprint_invalid"":false,""footprint_track_margin_m"":0.623468686890923,""s_m"":1.002905005637111,""x_m"":-10.587083101089169,""y_m"":4.387761555115941,""yaw_rad"":-0.720451379074345}","{""center_track_m"":0.6983365137482391,""curvature_rate_margin_radpm2"":14.228274490146209,""footprint_track_m"":0.5320471063563397,""lateral_slope_margin"":-0.0021720074482193263,""obstacle_m"":0.46681744547726095,""peak_curvature_rate_radpm2"":5.771725509853792,""peak_lateral_slope"":0.8021720074482194,""peak_negative_curvature_radpm"":-2.0625825101207034,""peak_positive_curvature_radpm"":0.45077830762686444,""signed_curvature_margin_radpm"":-0.9185068706580304}","{""braking_deficit_m"":0,""braking_feasible"":true,""exit_reaches_next_obstacle"":false,""generation_index"":2001,""global_path_deviation_m"":0.06249657017432893,""minimum_normalized_safety_slack"":-0.8028375388618681,""velocity_loss"":0.20478098191874966}"
DVE031,M0_V1,FROZEN_V1_CURVATURE_CONTINUITY,RIGHT,0,37abcba45f9490ba,FROZEN_V1,ACTIVE_OUTER,SAME_SIGN_NEGATIVE__SIGN_CHANGE__SAME_SIGN_POSITIVE,False,True,-0.3876991809397833,0.16836816198367544,-0.4676991809397833,-0.4676991809397837,0,ACTIVE_OUTER,CURVATURE_CORRIDOR_CRITICAL,CONTINUITY_BIASED_SAFE_ANCHOR,0.5145810930150512,0.6049868191659147,0.09518233149556785,0.15668647763429,0.16836816198367544,0.18004984633306087,1.6976626920290847,True,False,shifted race line exceeds left control steering curvature,"{""center_track_margin_m"":1.00804883682307,""d_m"":-0.27695116317693014,""footprint_invalid"":false,""footprint_track_margin_m"":0.669653387208334,""s_m"":5.014492630236832,""x_m"":-8.73065119291006,""y_m"":1.0726734041004924,""yaw_rad"":-1.0567592181831298}","{""center_track_m"":0.5791289136172124,""curvature_rate_margin_radpm2"":15.612101309650406,""footprint_track_m"":0.3435770146997597,""lateral_slope_margin"":-0.04382164830755886,""obstacle_m"":1.5,""peak_curvature_rate_radpm2"":4.387898690349593,""peak_lateral_slope"":0.8438216483075589,""peak_negative_curvature_radpm"":-0.8283591074451532,""peak_positive_curvature_radpm"":1.456651521424698,""signed_curvature_margin_radpm"":-0.14038500234568696}","{""braking_deficit_m"":0,""braking_feasible"":true,""exit_reaches_next_obstacle"":false,""generation_index"":0,""global_path_deviation_m"":0.07988794777630025,""minimum_normalized_safety_slack"":-0.10665393391903188,""velocity_loss"":0.3207447427806421}"
DVE031,M0_V1,FROZEN_V1_CURVATURE_CONTINUITY,RIGHT,1,ef7bfd9ec2d1a5c1,FROZEN_V1,ACTIVE_OUTER,SAME_SIGN_NEGATIVE__SIGN_CHANGE__SAME_SIGN_POSITIVE,False,True,-0.3876991809397833,0.16836816198367544,-0.4676991809397833,-0.4676991809397837,0,ACTIVE_OUTER,CURVATURE_CORRIDOR_CRITICAL,CONTINUITY_BIASED_SAFE_ANCHOR,0.5145810930150512,3.94735730932694,0.09518233149556785,0.15668647763429,0.16836816198367544,0.18004984633306087,10.082017904820258,True,False,footprint_track_bound,"{""center_track_margin_m"":1.00804883682307,""d_m"":-0.27695116317693014,""footprint_invalid"":false,""footprint_track_margin_m"":0.6778640008356013,""s_m"":5.014492630236832,""x_m"":-8.73065119291006,""y_m"":1.0726734041004924,""yaw_rad"":-0.8499196562132317}","{""center_track_m"":-1.5297475908918552,""curvature_rate_margin_radpm2"":18.653404398750315,""footprint_track_m"":-1.696711842291197,""lateral_slope_margin"":-0.07375722884938596,""obstacle_m"":1.5,""peak_curvature_rate_radpm2"":1.3465956012496854,""peak_lateral_slope"":0.873757228849386,""peak_negative_curvature_radpm"":-0.31495461472584074,""peak_positive_curvature_radpm"":0.712464039541366,""signed_curvature_margin_radpm"":0.6038024795376451}","{""braking_deficit_m"":0,""braking_feasible"":true,""exit_reaches_next_obstacle"":false,""generation_index"":1,""global_path_deviation_m"":0.84407017304402,""minimum_normalized_safety_slack"":-1.1198317272612368,""velocity_loss"":0.2242762730830446}"
DVE031,M0_V1,FROZEN_V1_CURVATURE_CONTINUITY,RIGHT,2,2032ad62221f9da2,FROZEN_V1,ACTIVE_OUTER,SAME_SIGN_NEGATIVE__SIGN_CHANGE__SAME_SIGN_POSITIVE,False,True,-0.3876991809397833,0.16836816198367544,-0.4676991809397833,-0.4676991809397837,0,ACTIVE_OUTER,CURVATURE_CORRIDOR_CRITICAL,CONTINUITY_BIASED_SAFE_ANCHOR,0.5145810930150512,7.397546202396385,0.09518233149556785,0.15668647763429,0.16836816198367544,0.18004984633306087,18.736836188991788,True,False,footprint_track_bound,"{""center_track_margin_m"":1.00804883682307,""d_m"":-0.27695116317693014,""footprint_invalid"":false,""footprint_track_margin_m"":0.6740737160274123,""s_m"":5.014492630236832,""x_m"":-8.73065119291006,""y_m"":1.0726734041004924,""yaw_rad"":-0.9083927173973869}","{""center_track_m"":-3.6442733188795375,""curvature_rate_margin_radpm2"":17.76497704193195,""footprint_track_m"":-3.8048726986895542,""lateral_slope_margin"":-0.09932469409255973,""obstacle_m"":1.5,""peak_curvature_rate_radpm2"":2.235022958068052,""peak_lateral_slope"":0.8993246940925598,""peak_negative_curvature_radpm"":-0.2397768894757997,""peak_positive_curvature_radpm"":1.1915594070388753,""signed_curvature_margin_radpm"":0.12470711204013574}","{""braking_deficit_m"":0,""braking_feasible"":true,""exit_reaches_next_obstacle"":false,""generation_index"":2,""global_path_deviation_m"":1.7663187082331995,""minimum_normalized_safety_slack"":-2.5295155459196916,""velocity_loss"":0.13499206952706966}"
DVE031,M0_V1,FROZEN_V1_CURVATURE_CONTINUITY,RIGHT,3,51f6879519ae18d4,FROZEN_V1,ACTIVE_OUTER,SAME_SIGN_NEGATIVE__SIGN_CHANGE__SAME_SIGN_POSITIVE,False,True,-0.3876991809397833,0.16836816198367544,-0.4676991809397833,-0.46769918093978313,0,ACTIVE_OUTER,CURVATURE_CORRIDOR_CRITICAL,CONTINUITY_BIASED_SAFE_ANCHOR,1.310934367577036,0.6049868191659147,0,0.15668647763429,0.16836816198367544,0.18004984633306087,1.6976626920290847,True,False,shifted race line exceeds left control steering curvature,"{""center_track_margin_m"":0.9248351318123975,""d_m"":-0.3601648681876027,""footprint_invalid"":false,""footprint_track_margin_m"":0.615431699431312,""s_m"":5.014492630236832,""x_m"":-8.763151164333307,""y_m"":0.9960687530726899,""yaw_rad"":-0.6627292462056353}","{""center_track_m"":0.5791289136172165,""curvature_rate_margin_radpm2"":15.612101309650562,""footprint_track_m"":0.3394696378030659,""lateral_slope_margin"":-0.04382164830757773,""obstacle_m"":1.5,""peak_curvature_rate_radpm2"":4.387898690349437,""peak_lateral_slope"":0.8438216483075778,""peak_negative_curvature_radpm"":-0.8283591074452026,""peak_positive_curvature_radpm"":1.4086679962551543,""signed_curvature_margin_radpm"":-0.09240147717614322}","{""braking_deficit_m"":0,""braking_feasible"":true,""exit_reaches_next_obstacle"":false,""generation_index"":3,""global_path_deviation_m"":0.08296993685076798,""minimum_normalized_safety_slack"":-0.07019967144708379,""velocity_loss"":0.3204793351557678}"
DVE031,M0_V1,FROZEN_V1_CURVATURE_CONTINUITY,RIGHT,4,0f5a62479381dfe4,FROZEN_V1,ACTIVE_OUTER,SAME_SIGN_NEGATIVE__SIGN_CHANGE__SAME_SIGN_POSITIVE,False,True,-0.3876991809397833,0.16836816198367544,-0.4676991809397833,-0.46769918093978313,0,ACTIVE_OUTER,CURVATURE_CORRIDOR_CRITICAL,CONTINUITY_BIASED_SAFE_ANCHOR,1.310934367577036,3.94735730932694,0,0.15668647763429,0.16836816198367544,0.18004984633306087,10.082017904820258,True,False,footprint_track_bound,"{""center_track_margin_m"":0.9248351318123975,""d_m"":-0.3601648681876027,""footprint_invalid"":false,""footprint_track_margin_m"":0.654897295773773,""s_m"":5.014492630236832,""x_m"":-8.763151164333307,""y_m"":0.9960687530726899,""yaw_rad"":-0.44365867832690753}","{""center_track_m"":-1.5297475908918374,""curvature_rate_margin_radpm2"":19.450930095580592,""footprint_track_m"":-1.6967118422911802,""lateral_slope_margin"":-0.07375722884937974,""obstacle_m"":1.5,""peak_curvature_rate_radpm2"":0.5490699044194082,""peak_lateral_slope"":0.8737572288493798,""peak_negative_curvature_radpm"":-0.431741152662549,""peak_positive_curvature_radpm"":0.4912749950240862,""signed_curvature_margin_radpm"":0.712334486800124}","{""braking_deficit_m"":0,""braking_feasible"":true,""exit_reaches_next_obstacle"":false,""generation_index"":4,""global_path_deviation_m"":0.8454570681275219,""minimum_normalized_safety_slack"":-1.1198317272612248,""velocity_loss"":0.2242762730830565}"
DVE031,M0_V1,FROZEN_V1_CURVATURE_CONTINUITY,RIGHT,5,d94ef373b854ea2d,FROZEN_V1,ACTIVE_OUTER,SAME_SIGN_NEGATIVE__SIGN_CHANGE__SAME_SIGN_POSITIVE,False,True,-0.3876991809397833,0.16836816198367544,-0.4676991809397833,-0.46769918093978313,0,ACTIVE_OUTER,CURVATURE_CORRIDOR_CRITICAL,CONTINUITY_BIASED_SAFE_ANCHOR,1.310934367577036,7.397546202396385,0,0.15668647763429,0.16836816198367544,0.18004984633306087,18.736836188991788,True,False,footprint_track_bound,"{""center_track_margin_m"":0.9248351318123975,""d_m"":-0.3601648681876027,""footprint_invalid"":false,""footprint_track_margin_m"":0.6440286469514926,""s_m"":5.014492630236832,""x_m"":-8.763151164333307,""y_m"":0.9960687530726899,""yaw_rad"":-0.4865446279046074}","{""center_track_m"":-3.6442733188795127,""curvature_rate_margin_radpm2"":19.221265972232363,""footprint_track_m"":-3.804872698689534,""lateral_slope_margin"":-0.09932469409255262,""obstacle_m"":1.5,""peak_curvature_rate_radpm2"":0.7787340277676357,""peak_lateral_slope"":0.8993246940925527,""peak_negative_curvature_radpm"":-0.23977688947579584,""peak_positive_curvature_radpm"":0.6189567306909051,""signed_curvature_margin_radpm"":0.697309788388106}","{""braking_deficit_m"":0,""braking_feasible"":true,""exit_reaches_next_obstacle"":false,""generation_index"":5,""global_path_deviation_m"":1.767194641970145,""minimum_normalized_safety_slack"":-2.529515545919675,""velocity_loss"":0.13499206952707898}"
DVE031,M1,ZERO_BOUNDARY_SHORT,RIGHT,2000,b08bec87c18d0b93,M1_BRANCH_COMPLETE_ACTIVE_SET_CLOSURE,ZERO_INTERFACE,ZERO_RIGHT__ZERO_BOTH__ZERO_LEFT,True,False,-0.3993757562375992,,,-0.3993757562375992,0,ZERO_INTERFACE,NONE,NONE,0.5145810930150512,0.4971684162574945,0.09518233149556785,0.15668647763429,0.16836816198367544,0.18004984633306087,1.4271996206487243,True,False,shifted race line exceeds left control steering curvature,"{""center_track_margin_m"":1.00804883682307,""d_m"":-0.27695116317693014,""footprint_invalid"":false,""footprint_track_margin_m"":0.6696250165099291,""s_m"":5.014492630236832,""x_m"":-8.73065119291006,""y_m"":1.0726734041004924,""yaw_rad"":-1.0724339421213318}","{""center_track_m"":0.7974776135306818,""curvature_rate_margin_radpm2"":13.098137742227356,""footprint_track_m"":0.5933430041123519,""lateral_slope_margin"":0.2423171210696654,""obstacle_m"":1.5,""peak_curvature_rate_radpm2"":6.901862257772644,""peak_lateral_slope"":0.5576828789303346,""peak_negative_curvature_radpm"":-0.44760246069105575,""peak_positive_curvature_radpm"":2.688614359498099,""signed_curvature_margin_radpm"":-1.372347840419088}","{""braking_deficit_m"":0,""braking_feasible"":true,""exit_reaches_next_obstacle"":false,""generation_index"":2000,""global_path_deviation_m"":0.04521570749749895,""minimum_normalized_safety_slack"":-1.0426063570919641,""velocity_loss"":0.2954098822653147}"
DVE031,M1,ZERO_BOUNDARY_SPAN,RIGHT,2001,7af9d44e44a4936a,M1_BRANCH_COMPLETE_ACTIVE_SET_CLOSURE,ZERO_INTERFACE,ZERO_RIGHT__ZERO_BOTH__ZERO_LEFT,True,False,-0.3993757562375992,,,-0.3993757562375992,0,ZERO_INTERFACE,NONE,NONE,0.7136694116555473,0.4971684162574945,0.07138674862167589,0.15668647763429,0.16836816198367544,0.18004984633306087,1.4271996206487243,True,False,shifted race line exceeds left control steering curvature,"{""center_track_margin_m"":0.9956397693460033,""d_m"":-0.28936023065399685,""footprint_invalid"":false,""footprint_track_margin_m"":0.6577501956117133,""s_m"":5.014492630236832,""x_m"":-8.735497682299542,""y_m"":1.0612498977977838,""yaw_rad"":-1.0229592009468167}","{""center_track_m"":0.7974776135306818,""curvature_rate_margin_radpm2"":13.596788534159291,""footprint_track_m"":0.5975354956619603,""lateral_slope_margin"":0.2423171210696654,""obstacle_m"":1.5,""peak_curvature_rate_radpm2"":6.403211465840709,""peak_lateral_slope"":0.5576828789303346,""peak_negative_curvature_radpm"":-0.4476024606910324,""peak_positive_curvature_radpm"":2.549182538445087,""signed_curvature_margin_radpm"":-1.2329160193660758}","{""braking_deficit_m"":0,""braking_feasible"":true,""exit_reaches_next_obstacle"":false,""generation_index"":2001,""global_path_deviation_m"":0.04569297932353999,""minimum_normalized_safety_slack"":-0.9366765784096253,""velocity_loss"":0.3532289842132913}"
DVE031,M1,NEAR_LONG,RIGHT,2002,3511a2907bbba4be,M1_BRANCH_COMPLETE_ACTIVE_SET_CLOSURE,ACTIVE_OUTER,SAME_SIGN_NEGATIVE__SIGN_CHANGE__SAME_SIGN_POSITIVE,True,False,-0.3876991809397833,0.16836816198367544,-0.7613495904698917,-0.7613495904698917,0,ACTIVE_OUTER,CORRIDOR_BOTTLENECK,CORRIDOR_CENTER,1.310934367577036,7.397546202396385,0,0.15668647763429,0.16836816198367544,0.18004984633306087,18.736836188991788,True,False,shifted race line exceeds right control steering curvature,"{""center_track_margin_m"":0.7983279323127813,""d_m"":-0.4866720676872188,""footprint_invalid"":false,""footprint_track_margin_m"":0.6413920687365045,""s_m"":5.014492630236832,""x_m"":-8.812559856904382,""y_m"":0.8796090921438834,""yaw_rad"":-0.04389619999316931}","{""center_track_m"":-19.754798777201078,""curvature_rate_margin_radpm2"":15.70501953662723,""footprint_track_m"":-19.944355982014017,""lateral_slope_margin"":-3.501668538185778,""obstacle_m"":1.5,""peak_curvature_rate_radpm2"":4.29498046337277,""peak_lateral_slope"":4.301668538185778,""peak_negative_curvature_radpm"":-2.0156244647028005,""peak_positive_curvature_radpm"":1.0877165141227452,""signed_curvature_margin_radpm"":-0.8715488252401276}","{""braking_deficit_m"":0,""braking_feasible"":true,""exit_reaches_next_obstacle"":false,""generation_index"":2002,""global_path_deviation_m"":7.8188758625079835,""minimum_normalized_safety_slack"":-13.269865851467387,""velocity_loss"":0.22597059969186004}"
DVE032,M1,ZERO_BOUNDARY_SHORT,LEFT,2000,8d10d456f6216b60,M1_BRANCH_COMPLETE_ACTIVE_SET_CLOSURE,ZERO_INTERFACE,ZERO_RIGHT__ZERO_BOTH__ZERO_LEFT,True,False,0.48993508016831133,,,0.48993508016831133,0,ZERO_INTERFACE,NONE,NONE,0.5145810930150512,0.4971684162574945,0,0.36051980275506046,0.4865808480152195,0.6126418932753785,3.6844117936071688,True,False,shifted race line exceeds right control steering curvature,"{""center_track_margin_m"":0.9329468394803323,""d_m"":0.20205316051966773,""footprint_invalid"":false,""footprint_track_margin_m"":0.6342908192399093,""s_m"":1.002905005637111,""x_m"":-10.473186842301802,""y_m"":4.351607370571837,""yaw_rad"":-0.48426009479507387}","{""center_track_m"":0.5402064665891275,""curvature_rate_margin_radpm2"":14.634568209627776,""footprint_track_m"":0.4008906095859782,""lateral_slope_margin"":-0.2140606220480099,""obstacle_m"":-0.12919623125168134,""peak_curvature_rate_radpm2"":5.365431790372225,""peak_lateral_slope"":1.01406062204801,""peak_negative_curvature_radpm"":-1.9153316780440226,""peak_positive_curvature_radpm"":0.5177891017946465,""signed_curvature_margin_radpm"":-0.7712560385813496}","{""braking_deficit_m"":0,""braking_feasible"":true,""exit_reaches_next_obstacle"":true,""generation_index"":2000,""global_path_deviation_m"":0.11382388993086721,""minimum_normalized_safety_slack"":-0.6741302864761443,""velocity_loss"":0.4300588615187644}"
DVE032,M1,ZERO_BOUNDARY_SPAN,LEFT,2001,8d10d456f6216b60,M1_BRANCH_COMPLETE_ACTIVE_SET_CLOSURE,ZERO_INTERFACE,ZERO_RIGHT__ZERO_BOTH__ZERO_LEFT,True,False,0.48993508016831133,,,0.48993508016831133,0,ZERO_INTERFACE,NONE,NONE,0.7136694116555473,0.4971684162574945,0,0.36051980275506046,0.4865808480152195,0.6126418932753785,3.6844117936071688,True,False,shifted race line exceeds right control steering curvature,"{""center_track_margin_m"":0.9329468394803323,""d_m"":0.20205316051966773,""footprint_invalid"":false,""footprint_track_margin_m"":0.6342908192399093,""s_m"":1.002905005637111,""x_m"":-10.473186842301802,""y_m"":4.351607370571837,""yaw_rad"":-0.48426009479507387}","{""center_track_m"":0.5402064665891275,""curvature_rate_margin_radpm2"":14.634568209627776,""footprint_track_m"":0.4008906095859782,""lateral_slope_margin"":-0.2140606220480099,""obstacle_m"":-0.12919623125168134,""peak_curvature_rate_radpm2"":5.365431790372225,""peak_lateral_slope"":1.01406062204801,""peak_negative_curvature_radpm"":-1.9153316780440226,""peak_positive_curvature_radpm"":0.5177891017946465,""signed_curvature_margin_radpm"":-0.7712560385813496}","{""braking_deficit_m"":0,""braking_feasible"":true,""exit_reaches_next_obstacle"":true,""generation_index"":2001,""global_path_deviation_m"":0.11382388993086721,""minimum_normalized_safety_slack"":-0.6741302864761443,""velocity_loss"":0.4300588615187644}"
DVE033,M1,ZERO_BOUNDARY_SHORT,LEFT,2000,545107f515850a75,M1_BRANCH_COMPLETE_ACTIVE_SET_CLOSURE,ZERO_INTERFACE,ZERO_RIGHT__ZERO_BOTH__ZERO_LEFT,True,False,0.4834548080005416,,,0.4834548080005416,0,ZERO_INTERFACE,NONE,NONE,0.5145810930150512,0.4971684162574945,0,0.3657370972076658,0.4068506883312301,0.44796427945479445,3.5197341797865844,True,False,shifted race line exceeds right control steering curvature,"{""center_track_margin_m"":0.9440953279806004,""d_m"":0.19090467201939967,""footprint_invalid"":false,""footprint_track_margin_m"":0.637014022220749,""s_m"":1.002905005637111,""x_m"":-10.483812827577808,""y_m"":4.354980385951989,""yaw_rad"":-0.5716600616653567}","{""center_track_m"":0.5728961648825701,""curvature_rate_margin_radpm2"":16.054521426691682,""footprint_track_m"":0.4328490768701906,""lateral_slope_margin"":-0.16065321390369025,""obstacle_m"":-0.09288658459916813,""peak_curvature_rate_radpm2"":3.9454785733083164,""peak_lateral_slope"":0.9606532139036903,""peak_negative_curvature_radpm"":-1.850149564446672,""peak_positive_curvature_radpm"":0.5280515211365436,""signed_curvature_margin_radpm"":-0.7060739249839989}","{""braking_deficit_m"":0,""braking_feasible"":true,""exit_reaches_next_obstacle"":true,""generation_index"":2000,""global_path_deviation_m"":0.10613339584892705,""minimum_normalized_safety_slack"":-0.6171566814547453,""velocity_loss"":0.43583141195779485}"
DVE033,M1,ZERO_BOUNDARY_SPAN,LEFT,2001,545107f515850a75,M1_BRANCH_COMPLETE_ACTIVE_SET_CLOSURE,ZERO_INTERFACE,ZERO_RIGHT__ZERO_BOTH__ZERO_LEFT,True,False,0.4834548080005416,,,0.4834548080005416,0,ZERO_INTERFACE,NONE,NONE,0.7136694116555473,0.4971684162574945,0,0.3657370972076658,0.4068506883312301,0.44796427945479445,3.5197341797865844,True,False,shifted race line exceeds right control steering curvature,"{""center_track_margin_m"":0.9440953279806004,""d_m"":0.19090467201939967,""footprint_invalid"":false,""footprint_track_margin_m"":0.637014022220749,""s_m"":1.002905005637111,""x_m"":-10.483812827577808,""y_m"":4.354980385951989,""yaw_rad"":-0.5716600616653567}","{""center_track_m"":0.5728961648825701,""curvature_rate_margin_radpm2"":16.054521426691682,""footprint_track_m"":0.4328490768701906,""lateral_slope_margin"":-0.16065321390369025,""obstacle_m"":-0.09288658459916813,""peak_curvature_rate_radpm2"":3.9454785733083164,""peak_lateral_slope"":0.9606532139036903,""peak_negative_curvature_radpm"":-1.850149564446672,""peak_positive_curvature_radpm"":0.5280515211365436,""signed_curvature_margin_radpm"":-0.7060739249839989}","{""braking_deficit_m"":0,""braking_feasible"":true,""exit_reaches_next_obstacle"":true,""generation_index"":2001,""global_path_deviation_m"":0.10613339584892705,""minimum_normalized_safety_slack"":-0.6171566814547453,""velocity_loss"":0.43583141195779485}"
DVE034,M0_V2,ZERO_INTERFACE_BOUNDARY_INSET,RIGHT,1000,005f32337dbf6d0a,FROZEN_V2_EXTENSION,ZERO_INTERFACE,ZERO_RIGHT__ZERO_BOTH__ZERO_LEFT,True,False,-0.6235672493076762,,,-0.6235672493076762,-1,ZERO_INTERFACE,NONE,NONE,1.310934367577036,0.6049868191659147,0,0.7438921380417709,0.8332731385313262,0.9226541390208816,2.4402669847169056,True,False,shifted race line exceeds right control steering curvature,"{""center_track_margin_m"":0.831527896636052,""d_m"":-0.02847210336394796,""footprint_invalid"":false,""footprint_track_margin_m"":0.6452577098637334,""s_m"":17.05486345056723,""x_m"":3.3205802975862886,""y_m"":-0.05787788406974778,""yaw_rad"":-0.3286568981513768}","{""center_track_m"":0.23661187985769463,""curvature_rate_margin_radpm2"":11.28650697877997,""footprint_track_m"":0.03017768758091547,""lateral_slope_margin"":-0.5574341490243293,""obstacle_m"":-0.4613175449441295,""peak_curvature_rate_radpm2"":8.71349302122003,""peak_lateral_slope"":1.3574341490243294,""peak_negative_curvature_radpm"":-2.399779231873275,""peak_positive_curvature_radpm"":1.313418400722381,""signed_curvature_margin_radpm"":-1.255703592410602}","{""braking_deficit_m"":0,""braking_feasible"":true,""exit_reaches_next_obstacle"":false,""generation_index"":1000,""global_path_deviation_m"":0.107474397852691,""minimum_normalized_safety_slack"":-1.0975704307456071,""velocity_loss"":0.32503490215978637}"
DVE034,M0_V2,ZERO_INTERFACE_QUARTER_LONG_EXIT,RIGHT,1001,1c85066d20a02887,FROZEN_V2_EXTENSION,ZERO_INTERFACE,ZERO_RIGHT__ZERO_BOTH__ZERO_LEFT,True,False,-0.6441464756629913,,,-0.6441464756629913,-1,ZERO_INTERFACE,NONE,NONE,1.310934367577036,7.397546202396385,0,0.7696161709859148,0.8461351550033982,0.9226541390208816,19.47944048167961,True,False,shifted race line exceeds right control steering curvature,"{""center_track_margin_m"":0.8315291358213762,""d_m"":-0.02847086417862377,""footprint_invalid"":false,""footprint_track_margin_m"":0.6576841308841057,""s_m"":17.05486345056723,""x_m"":3.320580418934562,""y_m"":-0.057876650840302676,""yaw_rad"":-0.28150872115828557}","{""center_track_m"":0.017582585990526346,""curvature_rate_margin_radpm2"":11.199355240866858,""footprint_track_m"":-0.1475601381618362,""lateral_slope_margin"":-0.5618604366941253,""obstacle_m"":-0.46742724894529797,""peak_curvature_rate_radpm2"":8.800644759133142,""peak_lateral_slope"":1.3618604366941254,""peak_negative_curvature_radpm"":-2.461777223325309,""peak_positive_curvature_radpm"":1.1062428652728489,""signed_curvature_margin_radpm"":-1.317701583862636}","{""braking_deficit_m"":0,""braking_feasible"":true,""exit_reaches_next_obstacle"":false,""generation_index"":1001,""global_path_deviation_m"":0.2497018941662295,""minimum_normalized_safety_slack"":-1.1517608962301726,""velocity_loss"":0.13387323150048808}"
DVE034,M0_V2,ZERO_INTERFACE_CENTER_LONG_EXIT,RIGHT,1002,234c6206da107231,FROZEN_V2_EXTENSION,ZERO_INTERFACE,ZERO_RIGHT__ZERO_BOTH__ZERO_LEFT,True,False,-0.6660976504419942,,,-0.6660976504419942,-1,ZERO_INTERFACE,NONE,NONE,1.310934367577036,7.397546202396385,0,0.7970551394596684,0.859854639240275,0.9226541390208816,19.47944048167961,True,False,shifted race line exceeds right control steering curvature,"{""center_track_margin_m"":0.8315303268903432,""d_m"":-0.02846967310965674,""footprint_invalid"":false,""footprint_track_margin_m"":0.6699759136600789,""s_m"":17.05486345056723,""x_m"":3.320580535571,""y_m"":-0.05787546549595375,""yaw_rad"":-0.23399262234245097}","{""center_track_m"":0.00039165623328222404,""curvature_rate_margin_radpm2"":11.085154799752944,""footprint_track_m"":-0.16484031202650615,""lateral_slope_margin"":-0.5598176204920253,""obstacle_m"":-0.47355257095322695,""peak_curvature_rate_radpm2"":8.914845200247056,""peak_lateral_slope"":1.3598176204920254,""peak_negative_curvature_radpm"":-2.4959175430762657,""peak_positive_curvature_radpm"":1.199024159882872,""signed_curvature_margin_radpm"":-1.3518419036135927}","{""braking_deficit_m"":0,""braking_feasible"":true,""exit_reaches_next_obstacle"":false,""generation_index"":1002,""global_path_deviation_m"":0.2578251984335546,""minimum_normalized_safety_slack"":-1.181601860038292,""velocity_loss"":0.13344614986854703}"
DVE034,M0_V2,ZERO_INTERFACE_QUARTER_SCALE,RIGHT,1003,61ea706ddf2861f7,FROZEN_V2_EXTENSION,ZERO_INTERFACE,ZERO_RIGHT__ZERO_BOTH__ZERO_LEFT,True,False,-0.6441464756629913,,,-0.6441464756629913,-1,ZERO_INTERFACE,NONE,NONE,0.7136694116555473,2.222262862792217,0,0.7696161709859148,0.8461351550033982,0.9226541390208816,6.4972130554223115,True,False,shifted race line exceeds right control steering curvature,"{""center_track_margin_m"":0.8315291358213762,""d_m"":-0.02847086417862377,""footprint_invalid"":false,""footprint_track_margin_m"":0.6577408550297841,""s_m"":17.05486345056723,""x_m"":3.320580418934562,""y_m"":-0.057876650840302676,""yaw_rad"":-0.2812968661119483}","{""center_track_m"":0.21588688712711981,""curvature_rate_margin_radpm2"":11.196153911965975,""footprint_track_m"":-0.0020316150896295335,""lateral_slope_margin"":-0.5618604366941253,""obstacle_m"":-0.46742724894529797,""peak_curvature_rate_radpm2"":8.803846088034025,""peak_lateral_slope"":1.3618604366941254,""peak_negative_curvature_radpm"":-2.4631088434334507,""peak_positive_curvature_radpm"":1.122117206409054,""signed_curvature_margin_radpm"":-1.3190332039707777}","{""braking_deficit_m"":0,""braking_feasible"":true,""exit_reaches_next_obstacle"":false,""generation_index"":1003,""global_path_deviation_m"":0.18117977814337446,""minimum_normalized_safety_slack"":-1.1529248228642255,""velocity_loss"":0.22565433785710565}"
DVE034,M1,ZERO_BOUNDARY_SHORT,RIGHT,2000,569caaffee54f26f,M1_BRANCH_COMPLETE_ACTIVE_SET_CLOSURE,ZERO_INTERFACE,ZERO_RIGHT__ZERO_BOTH__ZERO_LEFT,True,False,-0.6235672493076762,,,-0.6235672493076762,0,ZERO_INTERFACE,NONE,NONE,0.5145810930150512,0.4971684162574945,0,0.7438921380417709,0.8332731385313262,0.9226541390208816,2.169803913336545,True,False,shifted race line exceeds right control steering curvature,"{""center_track_margin_m"":0.831527896636052,""d_m"":-0.02847210336394796,""footprint_invalid"":false,""footprint_track_margin_m"":0.6457711809907143,""s_m"":17.05486345056723,""x_m"":3.3205802975862886,""y_m"":-0.05787788406974778,""yaw_rad"":-0.32667762887985397}","{""center_track_m"":0.23661187985769463,""curvature_rate_margin_radpm2"":11.25440865730124,""footprint_track_m"":0.030186414833628862,""lateral_slope_margin"":-0.5574341490243293,""obstacle_m"":-0.4613175449441295,""peak_curvature_rate_radpm2"":8.74559134269876,""peak_lateral_slope"":1.3574341490243294,""peak_negative_curvature_radpm"":-2.413461960977179,""peak_positive_curvature_radpm"":1.441727369148606,""signed_curvature_margin_radpm"":-1.269386321514506}","{""braking_deficit_m"":0,""braking_feasible"":true,""exit_reaches_next_obstacle"":false,""generation_index"":2000,""global_path_deviation_m"":0.09997379666798585,""minimum_normalized_safety_slack"":-1.1095300675317994,""velocity_loss"":0.3329541269556897}"
DVE034,M1,ZERO_BOUNDARY_SPAN,RIGHT,2001,569caaffee54f26f,M1_BRANCH_COMPLETE_ACTIVE_SET_CLOSURE,ZERO_INTERFACE,ZERO_RIGHT__ZERO_BOTH__ZERO_LEFT,True,False,-0.6235672493076762,,,-0.6235672493076762,0,ZERO_INTERFACE,NONE,NONE,0.7136694116555473,0.4971684162574945,0,0.7438921380417709,0.8332731385313262,0.9226541390208816,2.169803913336545,True,False,shifted race line exceeds right control steering curvature,"{""center_track_margin_m"":0.831527896636052,""d_m"":-0.02847210336394796,""footprint_invalid"":false,""footprint_track_margin_m"":0.6457711809907143,""s_m"":17.05486345056723,""x_m"":3.3205802975862886,""y_m"":-0.05787788406974778,""yaw_rad"":-0.32667762887985397}","{""center_track_m"":0.23661187985769463,""curvature_rate_margin_radpm2"":11.25440865730124,""footprint_track_m"":0.030186414833628862,""lateral_slope_margin"":-0.5574341490243293,""obstacle_m"":-0.4613175449441295,""peak_curvature_rate_radpm2"":8.74559134269876,""peak_lateral_slope"":1.3574341490243294,""peak_negative_curvature_radpm"":-2.413461960977179,""peak_positive_curvature_radpm"":1.441727369148606,""signed_curvature_margin_radpm"":-1.269386321514506}","{""braking_deficit_m"":0,""braking_feasible"":true,""exit_reaches_next_obstacle"":false,""generation_index"":2001,""global_path_deviation_m"":0.09997379666798585,""minimum_normalized_safety_slack"":-1.1095300675317994,""velocity_loss"":0.3329541269556897}"
DVE035,M0_V1,FROZEN_V1_CURVATURE_CONTINUITY,LEFT,0,febec83267524407,FROZEN_V1,ACTIVE_OUTER,SAME_SIGN_POSITIVE__SIGN_CHANGE__SAME_SIGN_NEGATIVE,False,False,0.38161069420339233,0.4298022644610455,0.46161069420339235,0.44791577612325123,0,ACTIVE_OUTER,CURVATURE_CORRIDOR_CRITICAL,CONTINUITY_BIASED_SAFE_ANCHOR,0.5145810930150512,0.5923733595692273,0,0.640584860931527,0.6451389921386717,0.6496931233458163,4.309689607798168,True,False,d-offset intersects an inflated static-obstacle box,"{""center_track_margin_m"":0.8977421901052345,""d_m"":0.012742190105234502,""footprint_invalid"":false,""footprint_track_margin_m"":0.6042149645267932,""s_m"":17.305712677823575,""x_m"":3.5742598163323542,""y_m"":-0.04142630147008086,""yaw_rad"":1.3731166739245508}","{""center_track_m"":-1.0107547121483245,""curvature_rate_margin_radpm2"":12.923678446631287,""footprint_track_m"":-1.2255018979037502,""lateral_slope_margin"":-0.9893956023211394,""obstacle_m"":-0.36886850409815786,""peak_curvature_rate_radpm2"":7.076321553368713,""peak_lateral_slope"":1.7893956023211395,""peak_negative_curvature_radpm"":-1.7273966895979966,""peak_positive_curvature_radpm"":1.4335421231352652,""signed_curvature_margin_radpm"":-0.5833210501353236}","{""braking_deficit_m"":0,""braking_feasible"":true,""exit_reaches_next_obstacle"":false,""generation_index"":0,""global_path_deviation_m"":0.4241669294203429,""minimum_normalized_safety_slack"":-0.7738364747655496,""velocity_loss"":0.32090996018852724}"
DVE035,M0_V1,FROZEN_V1_CURVATURE_CONTINUITY,LEFT,1,fd480f256bc3fb25,FROZEN_V1,ACTIVE_OUTER,SAME_SIGN_POSITIVE__SIGN_CHANGE__SAME_SIGN_NEGATIVE,False,False,0.38161069420339233,0.4298022644610455,0.46161069420339235,0.44791577612325123,0,ACTIVE_OUTER,CURVATURE_CORRIDOR_CRITICAL,CONTINUITY_BIASED_SAFE_ANCHOR,0.5145810930150512,3.5437266022329443,0,0.640584860931527,0.6451389921386717,0.6496931233458163,22.54471371553556,True,False,d-offset intersects an inflated static-obstacle box,"{""center_track_margin_m"":0.8977421901052345,""d_m"":0.012742190105234502,""footprint_invalid"":false,""footprint_track_margin_m"":0.6044227963141836,""s_m"":17.305712677823575,""x_m"":3.5742598163323542,""y_m"":-0.04142630147008086,""yaw_rad"":1.4595726304156642}","{""center_track_m"":-10.2153512748154,""curvature_rate_margin_radpm2"":8.719861114553682,""footprint_track_m"":-10.071038544323745,""lateral_slope_margin"":-1.1495828383277584,""obstacle_m"":-0.36886850409815786,""peak_curvature_rate_radpm2"":11.280138885446318,""peak_lateral_slope"":1.9495828383277585,""peak_negative_curvature_radpm"":-2.567512329119448,""peak_positive_curvature_radpm"":2.5170342064019295,""signed_curvature_margin_radpm"":-1.423436689656775}","{""braking_deficit_m"":0,""braking_feasible"":true,""exit_reaches_next_obstacle"":false,""generation_index"":1,""global_path_deviation_m"":4.343587350552027,""minimum_normalized_safety_slack"":-6.910234183210267,""velocity_loss"":0.18793837001286984}"
DVE035,M0_V1,FROZEN_V1_CURVATURE_CONTINUITY,LEFT,2,3ca21e00ab721490,FROZEN_V1,ACTIVE_OUTER,SAME_SIGN_POSITIVE__SIGN_CHANGE__SAME_SIGN_NEGATIVE,False,False,0.38161069420339233,0.4298022644610455,0.46161069420339235,0.44791577612325123,0,ACTIVE_OUTER,CURVATURE_CORRIDOR_CRITICAL,CONTINUITY_BIASED_SAFE_ANCHOR,0.5145810930150512,6.590284788208394,0,0.640584860931527,0.6451389921386717,0.6496931233458163,41.367964407393515,True,False,d-offset intersects an inflated static-obstacle box,"{""center_track_margin_m"":0.8977421901052345,""d_m"":0.012742190105234502,""footprint_invalid"":false,""footprint_track_margin_m"":0.5800681494495061,""s_m"":17.305712677823575,""x_m"":3.5742598163323542,""y_m"":-0.04142630147008086,""yaw_rad"":0.7830758456039852}","{""center_track_m"":-19.64928288433341,""curvature_rate_margin_radpm2"":-128.8129125666735,""footprint_track_m"":-19.81634314175574,""lateral_slope_margin"":-1.1605539457626466,""obstacle_m"":-0.36886850409815786,""peak_curvature_rate_radpm2"":148.8129125666735,""peak_lateral_slope"":1.9605539457626466,""peak_negative_curvature_radpm"":-2.1446837956855713,""peak_positive_curvature_radpm"":38.38494146526555,""signed_curvature_margin_radpm"":-37.06867494618654}","{""braking_deficit_m"":0,""braking_feasible"":true,""exit_reaches_next_obstacle"":false,""generation_index"":2,""global_path_deviation_m"":8.812414326512762,""minimum_normalized_safety_slack"":-28.161982705541593,""velocity_loss"":0.2981772396779102}"
DVE035,M0_V1,FROZEN_V1_CURVATURE_CONTINUITY,LEFT,3,febec83267524407,FROZEN_V1,ACTIVE_OUTER,SAME_SIGN_POSITIVE__SIGN_CHANGE__SAME_SIGN_NEGATIVE,False,False,0.38161069420339233,0.4298022644610455,0.46161069420339235,0.44791577612325123,0,ACTIVE_OUTER,CURVATURE_CORRIDOR_CRITICAL,CONTINUITY_BIASED_SAFE_ANCHOR,1.310934367577036,0.5923733595692273,0,0.640584860931527,0.6451389921386717,0.6496931233458163,4.309689607798168,True,False,d-offset intersects an inflated static-obstacle box,"{""center_track_margin_m"":0.8977421901052345,""d_m"":0.012742190105234502,""footprint_invalid"":false,""footprint_track_margin_m"":0.6042149645267932,""s_m"":17.305712677823575,""x_m"":3.5742598163323542,""y_m"":-0.04142630147008086,""yaw_rad"":1.3731166739245508}","{""center_track_m"":-1.0107547121483245,""curvature_rate_margin_radpm2"":12.923678446631287,""footprint_track_m"":-1.2255018979037502,""lateral_slope_margin"":-0.9893956023211394,""obstacle_m"":-0.36886850409815786,""peak_curvature_rate_radpm2"":7.076321553368713,""peak_lateral_slope"":1.7893956023211395,""peak_negative_curvature_radpm"":-1.7273966895979966,""peak_positive_curvature_radpm"":1.4335421231352652,""signed_curvature_margin_radpm"":-0.5833210501353236}","{""braking_deficit_m"":0,""braking_feasible"":true,""exit_reaches_next_obstacle"":false,""generation_index"":3,""global_path_deviation_m"":0.4241669294203429,""minimum_normalized_safety_slack"":-0.7738364747655496,""velocity_loss"":0.32090996018852724}"
DVE035,M0_V1,FROZEN_V1_CURVATURE_CONTINUITY,LEFT,4,fd480f256bc3fb25,FROZEN_V1,ACTIVE_OUTER,SAME_SIGN_POSITIVE__SIGN_CHANGE__SAME_SIGN_NEGATIVE,False,False,0.38161069420339233,0.4298022644610455,0.46161069420339235,0.44791577612325123,0,ACTIVE_OUTER,CURVATURE_CORRIDOR_CRITICAL,CONTINUITY_BIASED_SAFE_ANCHOR,1.310934367577036,3.5437266022329443,0,0.640584860931527,0.6451389921386717,0.6496931233458163,22.54471371553556,True,False,d-offset intersects an inflated static-obstacle box,"{""center_track_margin_m"":0.8977421901052345,""d_m"":0.012742190105234502,""footprint_invalid"":false,""footprint_track_margin_m"":0.6044227963141836,""s_m"":17.305712677823575,""x_m"":3.5742598163323542,""y_m"":-0.04142630147008086,""yaw_rad"":1.4595726304156642}","{""center_track_m"":-10.2153512748154,""curvature_rate_margin_radpm2"":8.719861114553682,""footprint_track_m"":-10.071038544323745,""lateral_slope_margin"":-1.1495828383277584,""obstacle_m"":-0.36886850409815786,""peak_curvature_rate_radpm2"":11.280138885446318,""peak_lateral_slope"":1.9495828383277585,""peak_negative_curvature_radpm"":-2.567512329119448,""peak_positive_curvature_radpm"":2.5170342064019295,""signed_curvature_margin_radpm"":-1.423436689656775}","{""braking_deficit_m"":0,""braking_feasible"":true,""exit_reaches_next_obstacle"":false,""generation_index"":4,""global_path_deviation_m"":4.343587350552027,""minimum_normalized_safety_slack"":-6.910234183210267,""velocity_loss"":0.18793837001286984}"
DVE035,M0_V1,FROZEN_V1_CURVATURE_CONTINUITY,LEFT,5,3ca21e00ab721490,FROZEN_V1,ACTIVE_OUTER,SAME_SIGN_POSITIVE__SIGN_CHANGE__SAME_SIGN_NEGATIVE,False,False,0.38161069420339233,0.4298022644610455,0.46161069420339235,0.44791577612325123,0,ACTIVE_OUTER,CURVATURE_CORRIDOR_CRITICAL,CONTINUITY_BIASED_SAFE_ANCHOR,1.310934367577036,6.590284788208394,0,0.640584860931527,0.6451389921386717,0.6496931233458163,41.367964407393515,True,False,d-offset intersects an inflated static-obstacle box,"{""center_track_margin_m"":0.8977421901052345,""d_m"":0.012742190105234502,""footprint_invalid"":false,""footprint_track_margin_m"":0.5800681494495061,""s_m"":17.305712677823575,""x_m"":3.5742598163323542,""y_m"":-0.04142630147008086,""yaw_rad"":0.7830758456039852}","{""center_track_m"":-19.64928288433341,""curvature_rate_margin_radpm2"":-128.8129125666735,""footprint_track_m"":-19.81634314175574,""lateral_slope_margin"":-1.1605539457626466,""obstacle_m"":-0.36886850409815786,""peak_curvature_rate_radpm2"":148.8129125666735,""peak_lateral_slope"":1.9605539457626466,""peak_negative_curvature_radpm"":-2.1446837956855713,""peak_positive_curvature_radpm"":38.38494146526555,""signed_curvature_margin_radpm"":-37.06867494618654}","{""braking_deficit_m"":0,""braking_feasible"":true,""exit_reaches_next_obstacle"":false,""generation_index"":5,""global_path_deviation_m"":8.812414326512762,""minimum_normalized_safety_slack"":-28.161982705541593,""velocity_loss"":0.2981772396779102}"
DVE035,M1,ZERO_BOUNDARY_SHORT,LEFT,2000,c46ebe984694f75d,M1_BRANCH_COMPLETE_ACTIVE_SET_CLOSURE,ZERO_INTERFACE,ZERO_RIGHT__ZERO_BOTH__ZERO_LEFT,True,False,0.38791365210646434,,,0.38791365210646434,0,ZERO_INTERFACE,NONE,NONE,0.5145810930150512,0.4971684162574945,0,0.6484635583103671,0.6490783408280917,0.6496931233458163,3.7214630236776065,True,False,d-offset intersects an inflated static-obstacle box,"{""center_track_margin_m"":0.8173104855250294,""d_m"":-0.06768951447497061,""footprint_invalid"":false,""footprint_track_margin_m"":0.5041165877542659,""s_m"":17.305712677823575,""x_m"":3.566383473491004,""y_m"":-0.12147142827442106,""yaw_rad"":1.1485572605352354}","{""center_track_m"":0.5225,""curvature_rate_margin_radpm2"":17.999791158266486,""footprint_track_m"":0.3563723533699998,""lateral_slope_margin"":-0.5018913891358956,""obstacle_m"":-0.44930020867836296,""peak_curvature_rate_radpm2"":2.000208841733514,""peak_lateral_slope"":1.3018913891358956,""peak_negative_curvature_radpm"":-1.5544019572811343,""peak_positive_curvature_radpm"":0.5636378062424799,""signed_curvature_margin_radpm"":-0.4103263178184613}","{""braking_deficit_m"":0,""braking_feasible"":true,""exit_reaches_next_obstacle"":false,""generation_index"":2000,""global_path_deviation_m"":0.07910821770083043,""minimum_normalized_safety_slack"":-0.3586531376641979,""velocity_loss"":0.2495763638954523}"
DVE035,M1,ZERO_BOUNDARY_SPAN,LEFT,2001,c46ebe984694f75d,M1_BRANCH_COMPLETE_ACTIVE_SET_CLOSURE,ZERO_INTERFACE,ZERO_RIGHT__ZERO_BOTH__ZERO_LEFT,True,False,0.38791365210646434,,,0.38791365210646434,0,ZERO_INTERFACE,NONE,NONE,0.7136694116555473,0.4971684162574945,0,0.6484635583103671,0.6490783408280917,0.6496931233458163,3.7214630236776065,True,False,d-offset intersects an inflated static-obstacle box,"{""center_track_margin_m"":0.8173104855250294,""d_m"":-0.06768951447497061,""footprint_invalid"":false,""footprint_track_margin_m"":0.5041165877542659,""s_m"":17.305712677823575,""x_m"":3.566383473491004,""y_m"":-0.12147142827442106,""yaw_rad"":1.1485572605352354}","{""center_track_m"":0.5225,""curvature_rate_margin_radpm2"":17.999791158266486,""footprint_track_m"":0.3563723533699998,""lateral_slope_margin"":-0.5018913891358956,""obstacle_m"":-0.44930020867836296,""peak_curvature_rate_radpm2"":2.000208841733514,""peak_lateral_slope"":1.3018913891358956,""peak_negative_curvature_radpm"":-1.5544019572811343,""peak_positive_curvature_radpm"":0.5636378062424799,""signed_curvature_margin_radpm"":-0.4103263178184613}","{""braking_deficit_m"":0,""braking_feasible"":true,""exit_reaches_next_obstacle"":false,""generation_index"":2001,""global_path_deviation_m"":0.07910821770083043,""minimum_normalized_safety_slack"":-0.3586531376641979,""velocity_loss"":0.2495763638954523}"
DVE036,M0_V1,FROZEN_V1_CURVATURE_CONTINUITY,RIGHT,0,eaf126db91cd2dff,FROZEN_V1,ACTIVE_OUTER,SAME_SIGN_NEGATIVE__SIGN_CHANGE__SAME_SIGN_POSITIVE,False,True,-0.19458925552305373,0.2143866645982868,-0.2745892555230537,-0.27458925552305286,0,ACTIVE_OUTER,CURVATURE_CORRIDOR_CRITICAL,CONTINUITY_BIASED_SAFE_ANCHOR,0.5145810930150512,0.6049868191659147,0.1283978303424738,0.21136489783489054,0.2143866645982868,0.21740843136168309,1.735021277057707,True,False,shifted race line exceeds right control steering curvature,"{""center_track_margin_m"":1.0496748037735875,""d_m"":-0.027174803773587428,""footprint_invalid"":false,""footprint_track_margin_m"":0.8098757024940194,""s_m"":34.09289134907846,""x_m"":1.200287202168003,""y_m"":4.221491357064724,""yaw_rad"":2.1600524280127407}","{""center_track_m"":-0.4783936556653469,""curvature_rate_margin_radpm2"":6.933762078124376,""footprint_track_m"":-0.7088146733194989,""lateral_slope_margin"":-2.1179313032198754,""obstacle_m"":1.5,""peak_curvature_rate_radpm2"":13.066237921875624,""peak_lateral_slope"":2.9179313032198753,""peak_negative_curvature_radpm"":-3.8368013971277324,""peak_positive_curvature_radpm"":1.7401769769542181,""signed_curvature_margin_radpm"":-2.6927257576650594}","{""braking_deficit_m"":0,""braking_feasible"":true,""exit_reaches_next_obstacle"":false,""generation_index"":0,""global_path_deviation_m"":0.17069600740065058,""minimum_normalized_safety_slack"":-2.3536256387119003,""velocity_loss"":0.21861140430196777}"
DVE036,M0_V1,FROZEN_V1_CURVATURE_CONTINUITY,RIGHT,1,8c0bbf847f088228,FROZEN_V1,ACTIVE_OUTER,SAME_SIGN_NEGATIVE__SIGN_CHANGE__SAME_SIGN_POSITIVE,False,True,-0.19458925552305373,0.2143866645982868,-0.2745892555230537,-0.27458925552305286,0,ACTIVE_OUTER,CURVATURE_CORRIDOR_CRITICAL,CONTINUITY_BIASED_SAFE_ANCHOR,0.5145810930150512,3.94735730932694,0.1283978303424738,0.21136489783489054,0.2143866645982868,0.21740843136168309,10.11937648984888,True,False,quintic d-offset exceeds maximum_lateral_slope,"{""center_track_margin_m"":1.0496748037735875,""d_m"":-0.027174803773587428,""footprint_invalid"":false,""footprint_track_margin_m"":0.7991633355019535,""s_m"":34.09289134907846,""x_m"":1.200287202168003,""y_m"":4.221491357064724,""yaw_rad"":2.107136481537148}","{""center_track_m"":-8.375854156776564,""curvature_rate_margin_radpm2"":18.85631237603014,""footprint_track_m"":-8.507856164086874,""lateral_slope_margin"":-2.740473691136061,""obstacle_m"":1.5,""peak_curvature_rate_radpm2"":1.143687623969859,""peak_lateral_slope"":3.540473691136061,""peak_negative_curvature_radpm"":-0.7771116255252742,""peak_positive_curvature_radpm"":0.6682344430914021,""signed_curvature_margin_radpm"":0.36696401393739875}","{""braking_deficit_m"":0,""braking_feasible"":true,""exit_reaches_next_obstacle"":false,""generation_index"":1,""global_path_deviation_m"":2.8777936191979063,""minimum_normalized_safety_slack"":-5.683902771184376,""velocity_loss"":0.21833210547642806}"
DVE036,M0_V1,FROZEN_V1_CURVATURE_CONTINUITY,RIGHT,2,e6f504d0a4525b36,FROZEN_V1,ACTIVE_OUTER,SAME_SIGN_NEGATIVE__SIGN_CHANGE__SAME_SIGN_POSITIVE,False,True,-0.19458925552305373,0.2143866645982868,-0.2745892555230537,-0.27458925552305286,0,ACTIVE_OUTER,CURVATURE_CORRIDOR_CRITICAL,CONTINUITY_BIASED_SAFE_ANCHOR,0.5145810930150512,7.397546202396385,0.1283978303424738,0.21136489783489054,0.2143866645982868,0.21740843136168309,18.774194774020412,True,False,quintic d-offset exceeds maximum_lateral_slope,"{""center_track_margin_m"":1.0496748037735875,""d_m"":-0.027174803773587428,""footprint_invalid"":false,""footprint_track_margin_m"":0.7805463259186288,""s_m"":34.09289134907846,""x_m"":1.200287202168003,""y_m"":4.221491357064724,""yaw_rad"":2.0053046572317488}","{""center_track_m"":-16.23794307505022,""curvature_rate_margin_radpm2"":-11.177733384190429,""footprint_track_m"":-16.440442436193994,""lateral_slope_margin"":-2.772453768217029,""obstacle_m"":1.5,""peak_curvature_rate_radpm2"":31.17773338419043,""peak_lateral_slope"":3.5724537682170294,""peak_negative_curvature_radpm"":-0.6953817203879787,""peak_positive_curvature_radpm"":8.615175518798237,""signed_curvature_margin_radpm"":-7.298908999719226}","{""braking_deficit_m"":0,""braking_feasible"":true,""exit_reaches_next_obstacle"":false,""generation_index"":2,""global_path_deviation_m"":6.43576603321026,""minimum_normalized_safety_slack"":-10.925295383366816,""velocity_loss"":0.165434048240133}"
DVE036,M0_V1,FROZEN_V1_CURVATURE_CONTINUITY,RIGHT,3,c2a1ed18932dad17,FROZEN_V1,ACTIVE_OUTER,SAME_SIGN_NEGATIVE__SIGN_CHANGE__SAME_SIGN_POSITIVE,False,True,-0.19458925552305373,0.2143866645982868,-0.2745892555230537,-0.27458925552305335,0,ACTIVE_OUTER,CURVATURE_CORRIDOR_CRITICAL,CONTINUITY_BIASED_SAFE_ANCHOR,1.310934367577036,0.6049868191659147,-2.7755575615628914e-17,0.21136489783489054,0.2143866645982868,0.21740843136168309,1.735021277057707,True,False,shifted race line exceeds right control steering curvature,"{""center_track_margin_m"":1.0529301615560138,""d_m"":-0.03043016155601387,""footprint_invalid"":false,""footprint_track_margin_m"":0.8154835747846796,""s_m"":34.09289134907846,""x_m"":1.2021602576738146,""y_m"":4.224153877931075,""yaw_rad"":2.1712242499534784}","{""center_track_m"":-0.47839365566535713,""curvature_rate_margin_radpm2"":6.782263295072411,""footprint_track_m"":-0.7088146733195106,""lateral_slope_margin"":-2.117931303219896,""obstacle_m"":1.5,""peak_curvature_rate_radpm2"":13.217736704927589,""peak_lateral_slope"":2.917931303219896,""peak_negative_curvature_radpm"":-3.893228211759847,""peak_positive_curvature_radpm"":1.74017697695421,""signed_curvature_margin_radpm"":-2.749152572297174}","{""braking_deficit_m"":0,""braking_feasible"":true,""exit_reaches_next_obstacle"":false,""generation_index"":3,""global_path_deviation_m"":0.1708165762074104,""minimum_normalized_safety_slack"":-2.402946516358256,""velocity_loss"":0.26138822587100147}"
DVE036,M0_V1,FROZEN_V1_CURVATURE_CONTINUITY,RIGHT,4,1282aa9fd429405d,FROZEN_V1,ACTIVE_OUTER,SAME_SIGN_NEGATIVE__SIGN_CHANGE__SAME_SIGN_POSITIVE,False,True,-0.19458925552305373,0.2143866645982868,-0.2745892555230537,-0.27458925552305335,0,ACTIVE_OUTER,CURVATURE_CORRIDOR_CRITICAL,CONTINUITY_BIASED_SAFE_ANCHOR,1.310934367577036,3.94735730932694,-2.7755575615628914e-17,0.21136489783489054,0.2143866645982868,0.21740843136168309,10.11937648984888,True,False,quintic d-offset exceeds maximum_lateral_slope,"{""center_track_margin_m"":1.0529301615560138,""d_m"":-0.03043016155601387,""footprint_invalid"":false,""footprint_track_margin_m"":0.8044683927903307,""s_m"":34.09289134907846,""x_m"":1.2021602576738146,""y_m"":4.224153877931075,""yaw_rad"":2.1175101624625676}","{""center_track_m"":-8.37585415677662,""curvature_rate_margin_radpm2"":18.85631237603794,""footprint_track_m"":-8.507856164086933,""lateral_slope_margin"":-2.7404736911360823,""obstacle_m"":1.5,""peak_curvature_rate_radpm2"":1.1436876239620595,""peak_lateral_slope"":3.540473691136082,""peak_negative_curvature_radpm"":-0.7771116255252466,""peak_positive_curvature_radpm"":0.6682344430914021,""signed_curvature_margin_radpm"":0.3669640139374264}","{""braking_deficit_m"":0,""braking_feasible"":true,""exit_reaches_next_obstacle"":false,""generation_index"":4,""global_path_deviation_m"":2.877846985718917,""minimum_normalized_safety_slack"":-5.683902771184414,""velocity_loss"":0.21833210547641432}"
DVE036,M0_V1,FROZEN_V1_CURVATURE_CONTINUITY,RIGHT,5,aaecf52244c764d6,FROZEN_V1,ACTIVE_OUTER,SAME_SIGN_NEGATIVE__SIGN_CHANGE__SAME_SIGN_POSITIVE,False,True,-0.19458925552305373,0.2143866645982868,-0.2745892555230537,-0.27458925552305335,0,ACTIVE_OUTER,CURVATURE_CORRIDOR_CRITICAL,CONTINUITY_BIASED_SAFE_ANCHOR,1.310934367577036,7.397546202396385,-2.7755575615628914e-17,0.21136489783489054,0.2143866645982868,0.21740843136168309,18.774194774020412,True,False,quintic d-offset exceeds maximum_lateral_slope,"{""center_track_margin_m"":1.0529301615560138,""d_m"":-0.03043016155601387,""footprint_invalid"":false,""footprint_track_margin_m"":0.7860416257887818,""s_m"":34.09289134907846,""x_m"":1.2021602576738146,""y_m"":4.224153877931075,""yaw_rad"":2.0183670609863054}","{""center_track_m"":-16.23794307505036,""curvature_rate_margin_radpm2"":-11.177733384189313,""footprint_track_m"":-16.440442436194136,""lateral_slope_margin"":-2.772453768217047,""obstacle_m"":1.5,""peak_curvature_rate_radpm2"":31.177733384189313,""peak_lateral_slope"":3.572453768217047,""peak_negative_curvature_radpm"":-0.6953817203879594,""peak_positive_curvature_radpm"":8.61517551879756,""signed_curvature_margin_radpm"":-7.298908999718549}","{""braking_deficit_m"":0,""braking_feasible"":true,""exit_reaches_next_obstacle"":false,""generation_index"":5,""global_path_deviation_m"":6.435800300134521,""minimum_normalized_safety_slack"":-10.925295383366908,""velocity_loss"":0.16543404824013147}"
DVE036,M1,NEAR_LONG,RIGHT,2000,c88535c8b6692a64,M1_BRANCH_COMPLETE_ACTIVE_SET_CLOSURE,ACTIVE_OUTER,SAME_SIGN_NEGATIVE__SIGN_CHANGE__SAME_SIGN_POSITIVE,True,False,-0.19458925552305367,0.2143866645982868,-0.6147946277615269,-0.6147946277615255,0,ACTIVE_OUTER,CORRIDOR_BOTTLENECK,CORRIDOR_CENTER,1.310934367577036,7.397546202396385,-2.7755575615628914e-17,0.21136489783489054,0.2143866645982868,0.21740843136168309,18.774194774020412,True,False,footprint_track_bound,"{""center_track_margin_m"":1.0648445265737556,""d_m"":-0.042344526573755606,""footprint_invalid"":false,""footprint_track_margin_m"":0.7486230033164474,""s_m"":34.09289134907846,""x_m"":1.2090155001651932,""y_m"":4.233898504355951,""yaw_rad"":1.5490652492582428}","{""center_track_m"":-88.40218330037614,""curvature_rate_margin_radpm2"":10.87760001893015,""footprint_track_m"":-88.65500282335883,""lateral_slope_margin"":-18.02399905278835,""obstacle_m"":1.5,""peak_curvature_rate_radpm2"":9.12239998106985,""peak_lateral_slope"":18.823999052788352,""peak_negative_curvature_radpm"":-0.5762167881432242,""peak_positive_curvature_radpm"":3.4528198319207277,""signed_curvature_margin_radpm"":-2.1365533128417167}","{""braking_deficit_m"":0,""braking_feasible"":true,""exit_reaches_next_obstacle"":false,""generation_index"":2000,""global_path_deviation_m"":33.553167303643804,""minimum_normalized_safety_slack"":-59.03478886691742,""velocity_loss"":0.23695369091317284}"
DVE037,M1,ZERO_BOUNDARY_SHORT,LEFT,2000,01f784123b453cb6,M1_BRANCH_COMPLETE_ACTIVE_SET_CLOSURE,ZERO_INTERFACE,ZERO_RIGHT__ZERO_BOTH__ZERO_LEFT,True,False,0.2633011570913889,,,0.2633011570913889,0,ZERO_INTERFACE,NONE,NONE,0.5145810930150512,0.4971684162574945,0.5496147065962924,0.9047602751418928,1.1203023238815053,1.3358443726211178,4.407614272952908,True,False,shifted race line exceeds right control steering curvature,"{""center_track_margin_m"":0.44446989290108085,""d_m"":0.6655301070989192,""footprint_invalid"":false,""footprint_track_margin_m"":0.14225716173449698,""s_m"":1.5040652480150138,""x_m"":-10.068714867645292,""y_m"":3.932635934697782,""yaw_rad"":-0.9287230132775128}","{""center_track_m"":0.3842630384542295,""curvature_rate_margin_radpm2"":1.2298098171259824,""footprint_track_m"":0.110632040430093,""lateral_slope_margin"":-0.7115374810876254,""obstacle_m"":0.008880506172488811,""peak_curvature_rate_radpm2"":18.770190182874018,""peak_lateral_slope"":1.5115374810876254,""peak_negative_curvature_radpm"":-4.624379688711155,""peak_positive_curvature_radpm"":2.4000870551573845,""signed_curvature_margin_radpm"":-3.480304049248482}","{""braking_deficit_m"":0,""braking_feasible"":true,""exit_reaches_next_obstacle"":false,""generation_index"":2000,""global_path_deviation_m"":0.11006246748678593,""minimum_normalized_safety_slack"":-3.042022685565653,""velocity_loss"":0.2804187147091229}"
DVE037,M1,ZERO_BOUNDARY_SPAN,LEFT,2001,d3aa917a84391a22,M1_BRANCH_COMPLETE_ACTIVE_SET_CLOSURE,ZERO_INTERFACE,ZERO_RIGHT__ZERO_BOTH__ZERO_LEFT,True,False,0.2633011570913889,,,0.2633011570913889,0,ZERO_INTERFACE,NONE,NONE,0.7136694116555473,0.4971684162574945,0.41221102994721925,0.9047602751418928,1.1203023238815053,1.3358443726211178,4.407614272952908,True,False,shifted race line exceeds right control steering curvature,"{""center_track_margin_m"":0.44446989290108085,""d_m"":0.6655301070989192,""footprint_invalid"":false,""footprint_track_margin_m"":0.16816806564875264,""s_m"":1.5040652480150138,""x_m"":-10.068714867645292,""y_m"":3.932635934697782,""yaw_rad"":-1.092377975799569}","{""center_track_m"":0.4319698929010807,""curvature_rate_margin_radpm2"":7.530777754998677,""footprint_track_m"":0.16816806564875264,""lateral_slope_margin"":-0.29590501298452354,""obstacle_m"":0.008878690720913907,""peak_curvature_rate_radpm2"":12.469222245001323,""peak_lateral_slope"":1.0959050129845236,""peak_negative_curvature_radpm"":-3.8409183157754985,""peak_positive_curvature_radpm"":2.2703778227299773,""signed_curvature_margin_radpm"":-2.6968426763128255}","{""braking_deficit_m"":0,""braking_feasible"":true,""exit_reaches_next_obstacle"":false,""generation_index"":2001,""global_path_deviation_m"":0.10708432699505621,""minimum_normalized_safety_slack"":-2.35722410589865,""velocity_loss"":0.2750155324083664}"
DVE037,M1,FAR_SPAN,LEFT,2002,12ee59597e99ae55,M1_BRANCH_COMPLETE_ACTIVE_SET_CLOSURE,ALL_INACTIVE,SIGN_CHANGE__SIGN_CHANGE__SIGN_CHANGE,True,False,0.8225,1.1123253520399428,0.5384624924908642,0.5379832078400103,0,ALL_INACTIVE,CORRIDOR_BOTTLENECK,CORRIDOR_CENTER,0.7136694116555473,0.4971684162574945,0.41221102994721925,0.9047602751418928,1.1203023238815053,1.3358443726211178,4.407614272952908,True,False,shifted race line exceeds left control steering curvature,"{""center_track_margin_m"":0.44446989290108085,""d_m"":0.6655301070989192,""footprint_invalid"":false,""footprint_track_margin_m"":0.25197824973826277,""s_m"":1.5040652480150138,""x_m"":-10.068714867645292,""y_m"":3.932635934697782,""yaw_rad"":-1.9454526538055628}","{""center_track_m"":0.1628542557692112,""curvature_rate_margin_radpm2"":-12.60929278603485,""footprint_track_m"":-0.10182141811803547,""lateral_slope_margin"":-0.33135878901251936,""obstacle_m"":0.28403750750913526,""peak_curvature_rate_radpm2"":32.60929278603485,""peak_lateral_slope"":1.1313587890125194,""peak_negative_curvature_radpm"":-2.313829005673012,""peak_positive_curvature_radpm"":5.862584064338606,""signed_curvature_margin_radpm"":-4.546317545259594}","{""braking_deficit_m"":0,""braking_feasible"":true,""exit_reaches_next_obstacle"":false,""generation_index"":2002,""global_path_deviation_m"":0.20580183300858418,""minimum_normalized_safety_slack"":-3.4539490896119145,""velocity_loss"":0.32627509611911026}"
DVE038,M1,ZERO_BOUNDARY_SHORT,RIGHT,2000,dad6eb5e0e3b259d,M1_BRANCH_COMPLETE_ACTIVE_SET_CLOSURE,ZERO_INTERFACE,ZERO_RIGHT__ZERO_BOTH__ZERO_LEFT,True,False,-0.47832715344358734,,,-0.47832715344358734,0,ZERO_INTERFACE,NONE,NONE,0.5145810930150512,0.4971684162574945,0.3243688909898407,0.5339669472764044,0.6322812114201959,0.7305954755639874,1.9777452498796508,True,False,shifted race line exceeds left control steering curvature,"{""center_track_margin_m"":0.20468117615544038,""d_m"":-0.6678188238445597,""footprint_invalid"":false,""footprint_track_margin_m"":0.049573440160353734,""s_m"":15.800617314285502,""x_m"":2.009753857467919,""y_m"":-0.5713286054184976,""yaw_rad"":-0.11641600115450008}","{""center_track_m"":0.20468117615544038,""curvature_rate_margin_radpm2"":15.353151231029631,""footprint_track_m"":-0.022339512885685663,""lateral_slope_margin"":0.04850864807476529,""obstacle_m"":0.004856404949850013,""peak_curvature_rate_radpm2"":4.6468487689703695,""peak_lateral_slope"":0.7514913519252348,""peak_negative_curvature_radpm"":-0.7358229247765856,""peak_positive_curvature_radpm"":1.5108606017049648,""signed_curvature_margin_radpm"":-0.1945940826259538}","{""braking_deficit_m"":0,""braking_feasible"":true,""exit_reaches_next_obstacle"":false,""generation_index"":2000,""global_path_deviation_m"":0.10817715191881862,""minimum_normalized_safety_slack"":-0.14783790349853376,""velocity_loss"":0.2199306240537722}"
DVE038,M1,ZERO_BOUNDARY_SPAN,RIGHT,2001,1e673cf7302dfb6b,M1_BRANCH_COMPLETE_ACTIVE_SET_CLOSURE,ZERO_INTERFACE,ZERO_RIGHT__ZERO_BOTH__ZERO_LEFT,True,False,-0.47832715344358734,,,-0.47832715344358734,0,ZERO_INTERFACE,NONE,NONE,0.7136694116555473,0.4971684162574945,0.24327666824238053,0.5339669472764044,0.6322812114201959,0.7305954755639874,1.9777452498796508,True,False,footprint_track_bound,"{""center_track_margin_m"":0.20468117615544038,""d_m"":-0.6678188238445597,""footprint_invalid"":false,""footprint_track_margin_m"":0.04652667872024733,""s_m"":15.800617314285502,""x_m"":2.009753857467919,""y_m"":-0.5713286054184976,""yaw_rad"":0.02466462636038145}","{""center_track_m"":0.20468117615544038,""curvature_rate_margin_radpm2"":16.96571109799384,""footprint_track_m"":-0.001455274847436093,""lateral_slope_margin"":0.13671892901178573,""obstacle_m"":0.0044354412458302295,""peak_curvature_rate_radpm2"":3.034288902006161,""peak_lateral_slope"":0.6632810709882143,""peak_negative_curvature_radpm"":-0.7358229247765856,""peak_positive_curvature_radpm"":0.9500793936033969,""signed_curvature_margin_radpm"":0.36618712547561416}","{""braking_deficit_m"":0,""braking_feasible"":true,""exit_reaches_next_obstacle"":false,""generation_index"":2001,""global_path_deviation_m"":0.10735681591106302,""minimum_normalized_safety_slack"":0.0029569608305534865,""velocity_loss"":0.2199306240537722}"
DVE039,M0_V1,FROZEN_V1_CURVATURE_CONTINUITY,LEFT,0,3b5ec8b1e126442d,FROZEN_V1,ACTIVE_OUTER,SAME_SIGN_POSITIVE__SIGN_CHANGE__SAME_SIGN_NEGATIVE,False,True,0.28893162081239143,5.7227711200737,0.36893162081239145,0.36893162081239206,0,ACTIVE_OUTER,CURVATURE_CORRIDOR_CRITICAL,CONTINUITY_BIASED_SAFE_ANCHOR,0.5145810930150512,0.5794025890870645,3.4424536448509384,5.666870390290168,5.7227711200737,5.778671849857233,9.358528041707842,True,False,footprint_track_bound,"{""center_track_margin_m"":0.4465106924771905,""d_m"":-1.0634893075228096,""footprint_invalid"":false,""footprint_track_margin_m"":0.1677154277399471,""s_m"":4.512932799601731,""x_m"":-9.603741590857434,""y_m"":0.631093282564324,""yaw_rad"":-0.5253037397464649}","{""center_track_m"":-0.053489307522809525,""curvature_rate_margin_radpm2"":17.529486166293147,""footprint_track_m"":-0.22798547743659922,""lateral_slope_margin"":-0.11464500001452338,""obstacle_m"":0.020828627723676052,""peak_curvature_rate_radpm2"":2.470513833706854,""peak_lateral_slope"":0.9146450000145234,""peak_negative_curvature_radpm"":-0.9652918492192137,""peak_positive_curvature_radpm"":0.7849356972425774,""signed_curvature_margin_radpm"":0.17878379024345925}","{""braking_deficit_m"":0,""braking_feasible"":true,""exit_reaches_next_obstacle"":false,""generation_index"":0,""global_path_deviation_m"":0.3909091151800235,""minimum_normalized_safety_slack"":-0.1356595383485397,""velocity_loss"":0.31952287059756446}"
DVE039,M0_V1,FROZEN_V1_CURVATURE_CONTINUITY,LEFT,1,47ef577728f034d5,FROZEN_V1,ACTIVE_OUTER,SAME_SIGN_POSITIVE__SIGN_CHANGE__SAME_SIGN_NEGATIVE,False,True,0.28893162081239143,5.7227711200737,0.36893162081239145,0.36893162081239206,0,ACTIVE_OUTER,CURVATURE_CORRIDOR_CRITICAL,CONTINUITY_BIASED_SAFE_ANCHOR,0.5145810930150512,3.1286619468037347,3.4424536448509384,5.666870390290168,5.7227711200737,5.778671849857233,25.109203078791268,True,False,footprint_track_bound,"{""center_track_margin_m"":0.4465106924771905,""d_m"":-1.0634893075228096,""footprint_invalid"":false,""footprint_track_margin_m"":0.1677154277399471,""s_m"":4.512932799601731,""x_m"":-9.603741590857434,""y_m"":0.631093282564324,""yaw_rad"":-0.5253037397464649}","{""center_track_m"":-0.16938000090103966,""curvature_rate_margin_radpm2"":17.600185136395105,""footprint_track_m"":-0.32047537598496734,""lateral_slope_margin"":-0.11464500001452338,""obstacle_m"":0.020828627723676052,""peak_curvature_rate_radpm2"":2.399814863604896,""peak_lateral_slope"":0.9146450000145234,""peak_negative_curvature_radpm"":-0.9926619879178779,""peak_positive_curvature_radpm"":0.7849356972425774,""signed_curvature_margin_radpm"":0.15141365154479514}","{""braking_deficit_m"":0,""braking_feasible"":true,""exit_reaches_next_obstacle"":false,""generation_index"":1,""global_path_deviation_m"":0.5290110922267407,""minimum_normalized_safety_slack"":-0.21292000060069313,""velocity_loss"":0.20390762166653462}"
DVE039,M0_V1,FROZEN_V1_CURVATURE_CONTINUITY,LEFT,2,da908a8b4a1f406f,FROZEN_V1,ACTIVE_OUTER,SAME_SIGN_POSITIVE__SIGN_CHANGE__SAME_SIGN_NEGATIVE,False,True,0.28893162081239143,5.7227711200737,0.36893162081239145,0.36893162081239206,0,ACTIVE_OUTER,CURVATURE_CORRIDOR_CRITICAL,CONTINUITY_BIASED_SAFE_ANCHOR,0.5145810930150512,5.760155477349975,3.4424536448509384,5.666870390290168,5.7227711200737,5.778671849857233,41.36796440739351,True,False,footprint_track_bound,"{""center_track_margin_m"":0.4465106924771905,""d_m"":-1.0634893075228096,""footprint_invalid"":false,""footprint_track_margin_m"":0.1677154277399471,""s_m"":4.512932799601731,""x_m"":-9.603741590857434,""y_m"":0.631093282564324,""yaw_rad"":-0.5253037397464649}","{""center_track_m"":-0.8403096279505813,""curvature_rate_margin_radpm2"":-328.3602012500628,""footprint_track_m"":-1.1597308518582952,""lateral_slope_margin"":-0.11464500001452338,""obstacle_m"":0.020828627723676052,""peak_curvature_rate_radpm2"":348.3602012500628,""peak_lateral_slope"":0.9146450000145234,""peak_negative_curvature_radpm"":-95.07320774316719,""peak_positive_curvature_radpm"":43.43893309187845,""signed_curvature_margin_radpm"":-93.92913210370452}","{""braking_deficit_m"":0,""braking_feasible"":true,""exit_reaches_next_obstacle"":false,""generation_index"":2,""global_path_deviation_m"":0.8412344925081808,""minimum_normalized_safety_slack"":-82.1004563542838,""velocity_loss"":0.2793481637617797}"
DVE039,M0_V1,FROZEN_V1_CURVATURE_CONTINUITY,LEFT,3,9d1cfed48a4272af,FROZEN_V1,ACTIVE_OUTER,SAME_SIGN_POSITIVE__SIGN_CHANGE__SAME_SIGN_NEGATIVE,False,True,0.28893162081239143,5.7227711200737,0.36893162081239145,0.3689316208123912,0,ACTIVE_OUTER,CURVATURE_CORRIDOR_CRITICAL,CONTINUITY_BIASED_SAFE_ANCHOR,1.310934367577036,0.5794025890870645,-8.881784197001252e-16,5.666870390290168,5.7227711200737,5.778671849857233,9.358528041707842,True,False,footprint_track_bound,"{""center_track_margin_m"":0.44686791195417436,""d_m"":-1.0631320880458257,""footprint_invalid"":false,""footprint_track_margin_m"":0.1677603849187093,""s_m"":4.512932799601731,""x_m"":-9.603562654120976,""y_m"":0.6314024546831881,""yaw_rad"":-0.5237408551614862}","{""center_track_m"":0.16155277267031623,""curvature_rate_margin_radpm2"":18.791219332964545,""footprint_track_m"":-0.00718631601026317,""lateral_slope_margin"":0.38218375846461095,""obstacle_m"":0.016667706755819023,""peak_curvature_rate_radpm2"":1.208780667035457,""peak_lateral_slope"":0.4178162415353891,""peak_negative_curvature_radpm"":-0.2958011570890535,""peak_positive_curvature_radpm"":0.3723044183519405,""signed_curvature_margin_radpm"":0.8482744823736195}","{""braking_deficit_m"":0,""braking_feasible"":true,""exit_reaches_next_obstacle"":false,""generation_index"":3,""global_path_deviation_m"":0.24876768264779886,""minimum_normalized_safety_slack"":0.007701848446877491,""velocity_loss"":0.2127557629931699}"
DVE039,M0_V1,FROZEN_V1_CURVATURE_CONTINUITY,LEFT,4,f2fc2284cff0cec5,FROZEN_V1,ACTIVE_OUTER,SAME_SIGN_POSITIVE__SIGN_CHANGE__SAME_SIGN_NEGATIVE,False,True,0.28893162081239143,5.7227711200737,0.36893162081239145,0.3689316208123912,0,ACTIVE_OUTER,CURVATURE_CORRIDOR_CRITICAL,CONTINUITY_BIASED_SAFE_ANCHOR,1.310934367577036,3.1286619468037347,-8.881784197001252e-16,5.666870390290168,5.7227711200737,5.778671849857233,25.109203078791268,True,False,footprint_track_bound,"{""center_track_margin_m"":0.44686791195417436,""d_m"":-1.0631320880458257,""footprint_invalid"":false,""footprint_track_margin_m"":0.1677603849187093,""s_m"":4.512932799601731,""x_m"":-9.603562654120976,""y_m"":0.6314024546831881,""yaw_rad"":-0.5237408551614862}","{""center_track_m"":-0.16938000090102967,""curvature_rate_margin_radpm2"":18.636171079343228,""footprint_track_m"":-0.3204753759849569,""lateral_slope_margin"":0.38218375846461095,""obstacle_m"":0.016667706755819023,""peak_curvature_rate_radpm2"":1.3638289206567737,""peak_lateral_slope"":0.4178162415353891,""peak_negative_curvature_radpm"":-0.6131796408151022,""peak_positive_curvature_radpm"":0.714983632662487,""signed_curvature_margin_radpm"":0.5308959986475708}","{""braking_deficit_m"":0,""braking_feasible"":true,""exit_reaches_next_obstacle"":false,""generation_index"":4,""global_path_deviation_m"":0.46149391177393184,""minimum_normalized_safety_slack"":-0.21292000060068647,""velocity_loss"":0.15474577318594773}"
DVE039,M0_V1,FROZEN_V1_CURVATURE_CONTINUITY,LEFT,5,1acb44e7ad484c79,FROZEN_V1,ACTIVE_OUTER,SAME_SIGN_POSITIVE__SIGN_CHANGE__SAME_SIGN_NEGATIVE,False,True,0.28893162081239143,5.7227711200737,0.36893162081239145,0.3689316208123912,0,ACTIVE_OUTER,CURVATURE_CORRIDOR_CRITICAL,CONTINUITY_BIASED_SAFE_ANCHOR,1.310934367577036,5.760155477349975,-8.881784197001252e-16,5.666870390290168,5.7227711200737,5.778671849857233,41.36796440739351,True,False,footprint_track_bound,"{""center_track_margin_m"":0.44686791195417436,""d_m"":-1.0631320880458257,""footprint_invalid"":false,""footprint_track_margin_m"":0.1677603849187093,""s_m"":4.512932799601731,""x_m"":-9.603562654120976,""y_m"":0.6314024546831881,""yaw_rad"":-0.5237408551614862}","{""center_track_m"":-0.840309627950556,""curvature_rate_margin_radpm2"":-328.36020125175605,""footprint_track_m"":-1.1597308518582823,""lateral_slope_margin"":0.38218375846461095,""obstacle_m"":0.016667706755819023,""peak_curvature_rate_radpm2"":348.36020125175605,""peak_lateral_slope"":0.4178162415353891,""peak_negative_curvature_radpm"":-95.07320774362647,""peak_positive_curvature_radpm"":43.43893309188639,""signed_curvature_margin_radpm"":-93.9291321041638}","{""braking_deficit_m"":0,""braking_feasible"":true,""exit_reaches_next_obstacle"":false,""generation_index"":5,""global_path_deviation_m"":0.7974395646468742,""minimum_normalized_safety_slack"":-82.10045635468525,""velocity_loss"":0.24970531502448196}"
DVE039,M0_V2,ZERO_INTERFACE_BOUNDARY_INSET,RIGHT,1000,beaaf3fb82e789eb,FROZEN_V2_EXTENSION,ZERO_INTERFACE,ZERO_RIGHT__ZERO_BOTH__ZERO_LEFT,True,False,-0.4428795201825665,,,-0.4428795201825665,-1,ZERO_INTERFACE,NONE,NONE,1.310934367577036,0.6049868191659147,-8.881784197001252e-16,5.666870390290168,5.7227711200737,5.778671849857233,7.296284695553257,True,False,footprint_track_bound,"{""center_track_margin_m"":0.44664677297829464,""d_m"":-1.0633532270217054,""footprint_invalid"":false,""footprint_track_margin_m"":0.1676938239648538,""s_m"":4.512932799601731,""x_m"":-9.603673426039073,""y_m"":0.6312110597281496,""yaw_rad"":-0.5245114120523882}","{""center_track_m"":0.07324696852006143,""curvature_rate_margin_radpm2"":17.80173390583687,""footprint_track_m"":-0.09101741148899098,""lateral_slope_margin"":0.28269187495467407,""obstacle_m"":0.006027646152652388,""peak_curvature_rate_radpm2"":2.1982660941631305,""peak_lateral_slope"":0.517308125045326,""peak_negative_curvature_radpm"":-0.638878768700589,""peak_positive_curvature_radpm"":0.5992381752252166,""signed_curvature_margin_radpm"":0.505196870762084}","{""braking_deficit_m"":0,""braking_feasible"":true,""exit_reaches_next_obstacle"":false,""generation_index"":1000,""global_path_deviation_m"":0.37893609539781653,""minimum_normalized_safety_slack"":-0.051168687653292376,""velocity_loss"":0.30381517910997485}"
DVE039,M0_V2,ZERO_INTERFACE_QUARTER_LONG_EXIT,RIGHT,1001,166d4e842448abf8,FROZEN_V2_EXTENSION,ZERO_INTERFACE,ZERO_RIGHT__ZERO_BOTH__ZERO_LEFT,True,False,-0.5332653487105269,,,-0.5332653487105269,-1,ZERO_INTERFACE,NONE,NONE,1.310934367577036,7.397546202396385,-8.881784197001252e-16,5.666870390290168,5.7227711200737,5.778671849857233,24.33545819251596,True,False,footprint_track_bound,"{""center_track_margin_m"":0.44662695416607195,""d_m"":-1.063373045833928,""footprint_invalid"":false,""footprint_track_margin_m"":0.16769602782445217,""s_m"":4.512932799601731,""x_m"":-9.603683353587284,""y_m"":0.63119390662043,""yaw_rad"":-0.5246220622519587}","{""center_track_m"":0.06025056577325342,""curvature_rate_margin_radpm2"":19.231245476190967,""footprint_track_m"":-0.1032048289382532,""lateral_slope_margin"":0.6306508467351797,""obstacle_m"":0.09641319443204865,""peak_curvature_rate_radpm2"":0.7687545238090331,""peak_lateral_slope"":0.1693491532648204,""peak_negative_curvature_radpm"":-0.6131796408151022,""peak_positive_curvature_radpm"":0.607762008703271,""signed_curvature_margin_radpm"":0.5308959986475708}","{""braking_deficit_m"":0,""braking_feasible"":true,""exit_reaches_next_obstacle"":false,""generation_index"":1001,""global_path_deviation_m"":0.3194096558882263,""minimum_normalized_safety_slack"":-0.059832956151164386,""velocity_loss"":0.10171330636345353}"
DVE039,M0_V2,ZERO_INTERFACE_CENTER_LONG_EXIT,RIGHT,1002,6fd85979158cfb9c,FROZEN_V2_EXTENSION,ZERO_INTERFACE,ZERO_RIGHT__ZERO_BOTH__ZERO_LEFT,True,False,-0.6296768991403512,,,-0.6296768991403512,-1,ZERO_INTERFACE,NONE,NONE,1.310934367577036,7.397546202396385,-8.881784197001252e-16,5.666870390290168,5.7227711200737,5.778671849857233,24.33545819251596,True,False,footprint_track_bound,"{""center_track_margin_m"":0.4466058140997012,""d_m"":-1.0633941859002989,""footprint_invalid"":false,""footprint_track_margin_m"":0.1676988536329125,""s_m"":4.512932799601731,""x_m"":-9.603693942972043,""y_m"":0.6311756099721958,""yaw_rad"":-0.5247424893252552}","{""center_track_m"":0.04638773617665829,""curvature_rate_margin_radpm2"":19.232558784238392,""footprint_track_m"":-0.11617363860971139,""lateral_slope_margin"":0.6614438996685333,""obstacle_m"":0.1928244459300712,""peak_curvature_rate_radpm2"":0.7674412157616092,""peak_lateral_slope"":0.13855610033146668,""peak_negative_curvature_radpm"":-0.6131796408151022,""peak_positive_curvature_radpm"":0.6057705683691957,""signed_curvature_margin_radpm"":0.5308959986475708}","{""braking_deficit_m"":0,""braking_feasible"":true,""exit_reaches_next_obstacle"":false,""generation_index"":1002,""global_path_deviation_m"":0.358248546549157,""minimum_normalized_safety_slack"":-0.06907484254889447,""velocity_loss"":0.10160544705318221}"
DVE039,M0_V2,ZERO_INTERFACE_QUARTER_SCALE,RIGHT,1003,761ac26480a32baa,FROZEN_V2_EXTENSION,ZERO_INTERFACE,ZERO_RIGHT__ZERO_BOTH__ZERO_LEFT,True,False,-0.5332653487105269,,,-0.5332653487105269,-1,ZERO_INTERFACE,NONE,NONE,0.7136694116555473,2.222262862792217,2.581840233638204,5.666870390290168,5.7227711200737,5.778671849857233,11.353230766258662,True,False,footprint_track_bound,"{""center_track_margin_m"":0.4465106924771905,""d_m"":-1.0634893075228096,""footprint_invalid"":false,""footprint_track_margin_m"":0.1677154277399471,""s_m"":4.512932799601731,""x_m"":-9.603741590857434,""y_m"":0.631093282564324,""yaw_rad"":-0.5253037397464649}","{""center_track_m"":-0.028489307522809613,""curvature_rate_margin_radpm2"":19.22113813078988,""footprint_track_m"":-0.1893375166975104,""lateral_slope_margin"":0.4926069789790448,""obstacle_m"":0.09641705260310418,""peak_curvature_rate_radpm2"":0.7788618692101207,""peak_lateral_slope"":0.3073930210209552,""peak_negative_curvature_radpm"":-0.2684700540474939,""peak_positive_curvature_radpm"":0.5141748990412486,""signed_curvature_margin_radpm"":0.8020916200377625}","{""braking_deficit_m"":0,""braking_feasible"":true,""exit_reaches_next_obstacle"":false,""generation_index"":1003,""global_path_deviation_m"":0.4102545995906124,""minimum_normalized_safety_slack"":-0.11899287168187307,""velocity_loss"":0.18598388526740123}"
DVE039,M0_V2,ZERO_INTERFACE_BOUNDARY_INSET,LEFT,1004,4d68cdace4009340,FROZEN_V2_EXTENSION,ZERO_INTERFACE,ZERO_RIGHT__ZERO_BOTH__ZERO_LEFT,True,False,0.29922175173719784,,,0.29922175173719784,-1,ZERO_INTERFACE,NONE,NONE,1.310934367577036,0.5794025890870645,-8.881784197001252e-16,5.666870390290168,5.7227711200737,5.778671849857233,9.358528041707842,True,False,footprint_track_bound,"{""center_track_margin_m"":0.44680949279840193,""d_m"":-1.0631905072015981,""footprint_invalid"":false,""footprint_track_margin_m"":0.1677007528018,""s_m"":4.512932799601731,""x_m"":-9.603591917175637,""y_m"":0.6313518931227577,""yaw_rad"":-0.5237299493851144}","{""center_track_m"":0.14983775926441104,""curvature_rate_margin_radpm2"":19.438027153009177,""footprint_track_m"":-0.017927294123472458,""lateral_slope_margin"":0.36476134245757275,""obstacle_m"":0.01028590572906568,""peak_curvature_rate_radpm2"":0.561972846990823,""peak_lateral_slope"":0.4352386575424273,""peak_negative_curvature_radpm"":-0.21513333955392758,""peak_positive_curvature_radpm"":0.37727882947928354,""signed_curvature_margin_radpm"":0.9289422999087454}","{""braking_deficit_m"":0,""braking_feasible"":true,""exit_reaches_next_obstacle"":false,""generation_index"":1004,""global_path_deviation_m"":0.24801117823952257,""minimum_normalized_safety_slack"":-0.0001081604903926392,""velocity_loss"":0.21438750756133976}"
DVE039,M0_V2,ZERO_INTERFACE_QUARTER_LONG_EXIT,LEFT,1005,8b504c5b2ed8be5b,FROZEN_V2_EXTENSION,ZERO_INTERFACE,ZERO_RIGHT__ZERO_BOTH__ZERO_LEFT,True,False,0.4535737156092936,,,0.4535737156092936,-1,ZERO_INTERFACE,NONE,NONE,1.310934367577036,5.760155477349975,-8.881784197001252e-16,5.666870390290168,5.7227711200737,5.778671849857233,41.36796440739351,True,False,footprint_track_bound,"{""center_track_margin_m"":0.4468433374025616,""d_m"":-1.0631566625974385,""footprint_invalid"":false,""footprint_track_margin_m"":0.16770981283335343,""s_m"":4.512932799601731,""x_m"":-9.603574963892276,""y_m"":0.6313811855008457,""yaw_rad"":-0.5236061850120378}","{""center_track_m"":0.15870973289432602,""curvature_rate_margin_radpm2"":19.183756482678156,""footprint_track_m"":-0.01009551357584778,""lateral_slope_margin"":0.3154626000072049,""obstacle_m"":0.16463739102042646,""peak_curvature_rate_radpm2"":0.8162435173218444,""peak_lateral_slope"":0.48453739999279516,""peak_negative_curvature_radpm"":-0.5647098424311315,""peak_positive_curvature_radpm"":0.7354843230542774,""signed_curvature_margin_radpm"":0.5793657970315415}","{""braking_deficit_m"":0,""braking_feasible"":true,""exit_reaches_next_obstacle"":false,""generation_index"":1005,""global_path_deviation_m"":0.2367345025257072,""minimum_normalized_safety_slack"":0.005806488596217352,""velocity_loss"":0.10113559504865345}"
DVE039,M0_V2,ZERO_INTERFACE_CENTER_LONG_EXIT,LEFT,1006,40317563a98e2df0,FROZEN_V2_EXTENSION,ZERO_INTERFACE,ZERO_RIGHT__ZERO_BOTH__ZERO_LEFT,True,False,0.6182158104061957,,,0.6182158104061957,-1,ZERO_INTERFACE,NONE,NONE,1.310934367577036,5.760155477349975,-8.881784197001252e-16,5.666870390290168,5.7227711200737,5.778671849857233,41.36796440739351,True,False,footprint_track_bound,"{""center_track_margin_m"":0.4468794383136652,""d_m"":-1.0631205616863348,""footprint_invalid"":false,""footprint_track_margin_m"":0.16772315162005882,""s_m"":4.512932799601731,""x_m"":-9.603556880390025,""y_m"":0.6314124307041393,""yaw_rad"":-0.5234929047702663}","{""center_track_m"":0.16817317143290203,""curvature_rate_margin_radpm2"":19.163532104659026,""footprint_track_m"":-0.0017265861875077268,""lateral_slope_margin"":0.2628772747268108,""obstacle_m"":0.3292789753312112,""peak_curvature_rate_radpm2"":0.8364678953409723,""peak_lateral_slope"":0.5371227252731893,""peak_negative_curvature_radpm"":-0.5490024252284692,""peak_positive_curvature_radpm"":0.7893290864796337,""signed_curvature_margin_radpm"":0.5269374325993773}","{""braking_deficit_m"":0,""braking_feasible"":true,""exit_reaches_next_obstacle"":false,""generation_index"":1006,""global_path_deviation_m"":0.3024827100412172,""minimum_normalized_safety_slack"":0.012115447621934691,""velocity_loss"":0.10847271449540549}"
DVE039,M0_V2,ZERO_INTERFACE_QUARTER_SCALE,LEFT,1007,79bd49dc2d7fa3ea,FROZEN_V2_EXTENSION,ZERO_INTERFACE,ZERO_RIGHT__ZERO_BOTH__ZERO_LEFT,True,False,0.4535737156092936,,,0.4535737156092936,-1,ZERO_INTERFACE,NONE,NONE,0.7136694116555473,1.8129151815306146,2.581840233638204,5.666870390290168,5.7227711200737,5.778671849857233,16.979822414490144,True,False,footprint_track_bound,"{""center_track_margin_m"":0.4465106924771905,""d_m"":-1.0634893075228096,""footprint_invalid"":false,""footprint_track_margin_m"":0.1677154277399471,""s_m"":4.512932799601731,""x_m"":-9.603741590857434,""y_m"":0.631093282564324,""yaw_rad"":-0.5253037397464649}","{""center_track_m"":-0.028489307522809613,""curvature_rate_margin_radpm2"":18.954187903718555,""footprint_track_m"":-0.19814156273987146,""lateral_slope_margin"":-0.07950492996273573,""obstacle_m"":0.16462635212158377,""peak_curvature_rate_radpm2"":1.0458120962814443,""peak_lateral_slope"":0.8795049299627358,""peak_negative_curvature_radpm"":-0.652000254783219,""peak_positive_curvature_radpm"":0.6968175977368446,""signed_curvature_margin_radpm"":0.492075384679454}","{""braking_deficit_m"":0,""braking_feasible"":true,""exit_reaches_next_obstacle"":false,""generation_index"":1007,""global_path_deviation_m"":0.3142759092895202,""minimum_normalized_safety_slack"":-0.11899287168187307,""velocity_loss"":0.2017200038161584}"
DVE039,M1,ZERO_BOUNDARY_SHORT,RIGHT,2000,515a329818da3cf8,M1_BRANCH_COMPLETE_ACTIVE_SET_CLOSURE,ZERO_INTERFACE,ZERO_RIGHT__ZERO_BOTH__ZERO_LEFT,True,False,-0.4428795201825665,,,-0.4428795201825665,0,ZERO_INTERFACE,NONE,NONE,0.5145810930150512,0.4971684162574945,3.4424536448509384,5.666870390290168,5.7227711200737,5.778671849857233,7.025821624172896,True,False,footprint_track_bound,"{""center_track_margin_m"":0.4465106924771905,""d_m"":-1.0634893075228096,""footprint_invalid"":false,""footprint_track_margin_m"":0.1677154277399471,""s_m"":4.512932799601731,""x_m"":-9.603741590857434,""y_m"":0.631093282564324,""yaw_rad"":-0.5253037397464649}","{""center_track_m"":-0.053489307522809525,""curvature_rate_margin_radpm2"":16.805236347405177,""footprint_track_m"":-0.21946546824157195,""lateral_slope_margin"":0.18400343571917543,""obstacle_m"":0.006038024585564017,""peak_curvature_rate_radpm2"":3.1947636525948226,""peak_lateral_slope"":0.6159965642808246,""peak_negative_curvature_radpm"":-0.7604095123598732,""peak_positive_curvature_radpm"":0.6921637796331348,""signed_curvature_margin_radpm"":0.3836661271027998}","{""braking_deficit_m"":0,""braking_feasible"":true,""exit_reaches_next_obstacle"":false,""generation_index"":2000,""global_path_deviation_m"":0.46778350616981235,""minimum_normalized_safety_slack"":-0.1356595383485397,""velocity_loss"":0.3318108475340468}"
DVE039,M1,ZERO_BOUNDARY_SHORT,LEFT,2001,f26a5f26e2b08cf2,M1_BRANCH_COMPLETE_ACTIVE_SET_CLOSURE,ZERO_INTERFACE,ZERO_RIGHT__ZERO_BOTH__ZERO_LEFT,True,False,0.29922175173719784,,,0.29922175173719784,0,ZERO_INTERFACE,NONE,NONE,0.5145810930150512,0.4971684162574945,3.4424536448509384,5.666870390290168,5.7227711200737,5.778671849857233,8.850441750189024,True,False,footprint_track_bound,"{""center_track_margin_m"":0.4465106924771905,""d_m"":-1.0634893075228096,""footprint_invalid"":false,""footprint_track_margin_m"":0.1677154277399471,""s_m"":4.512932799601731,""x_m"":-9.603741590857434,""y_m"":0.631093282564324,""yaw_rad"":-0.5253037397464649}","{""center_track_m"":-0.053489307522809525,""curvature_rate_margin_radpm2"":18.476911830903948,""footprint_track_m"":-0.23408043263541842,""lateral_slope_margin"":-0.3027099116182086,""obstacle_m"":0.010263117165954128,""peak_curvature_rate_radpm2"":1.5230881690960538,""peak_lateral_slope"":1.1027099116182086,""peak_negative_curvature_radpm"":-0.8497144825570159,""peak_positive_curvature_radpm"":0.8843088157841716,""signed_curvature_margin_radpm"":0.2943611569056571}","{""braking_deficit_m"":0,""braking_feasible"":true,""exit_reaches_next_obstacle"":false,""generation_index"":2001,""global_path_deviation_m"":0.38293740521919434,""minimum_normalized_safety_slack"":-0.1356595383485397,""velocity_loss"":0.3296481070903893}"
DVE039,M1,ZERO_BOUNDARY_SPAN,RIGHT,2002,26d314ed1a9fe28e,M1_BRANCH_COMPLETE_ACTIVE_SET_CLOSURE,ZERO_INTERFACE,ZERO_RIGHT__ZERO_BOTH__ZERO_LEFT,True,False,-0.4428795201825665,,,-0.4428795201825665,0,ZERO_INTERFACE,NONE,NONE,0.7136694116555473,0.4971684162574945,2.581840233638204,5.666870390290168,5.7227711200737,5.778671849857233,7.025821624172896,True,False,footprint_track_bound,"{""center_track_margin_m"":0.4465106924771905,""d_m"":-1.0634893075228096,""footprint_invalid"":false,""footprint_track_margin_m"":0.1677154277399471,""s_m"":4.512932799601731,""x_m"":-9.603741590857434,""y_m"":0.631093282564324,""yaw_rad"":-0.5253037397464649}","{""center_track_m"":-0.028489307522809613,""curvature_rate_margin_radpm2"":16.805141202899165,""footprint_track_m"":-0.1872422341091746,""lateral_slope_margin"":0.18400343571917543,""obstacle_m"":0.006032162015578824,""peak_curvature_rate_radpm2"":3.1948587971008346,""peak_lateral_slope"":0.6159965642808246,""peak_negative_curvature_radpm"":-0.7604095123598732,""peak_positive_curvature_radpm"":0.7197254678551924,""signed_curvature_margin_radpm"":0.3836661271027998}","{""braking_deficit_m"":0,""braking_feasible"":true,""exit_reaches_next_obstacle"":false,""generation_index"":2002,""global_path_deviation_m"":0.4463436266445692,""minimum_normalized_safety_slack"":-0.11899287168187307,""velocity_loss"":0.3222986310217914}"
DVE039,M1,ZERO_BOUNDARY_SPAN,LEFT,2003,ba0d7dec5f03b7cd,M1_BRANCH_COMPLETE_ACTIVE_SET_CLOSURE,ZERO_INTERFACE,ZERO_RIGHT__ZERO_BOTH__ZERO_LEFT,True,False,0.29922175173719784,,,0.29922175173719784,0,ZERO_INTERFACE,NONE,NONE,0.7136694116555473,0.4971684162574945,2.581840233638204,5.666870390290168,5.7227711200737,5.778671849857233,8.850441750189024,True,False,footprint_track_bound,"{""center_track_margin_m"":0.4465106924771905,""d_m"":-1.0634893075228096,""footprint_invalid"":false,""footprint_track_margin_m"":0.1677154277399471,""s_m"":4.512932799601731,""x_m"":-9.603741590857434,""y_m"":0.631093282564324,""yaw_rad"":-0.5253037397464649}","{""center_track_m"":-0.028489307522809613,""curvature_rate_margin_radpm2"":19.07275323623873,""footprint_track_m"":-0.19625859401794263,""lateral_slope_margin"":0.009979363771261518,""obstacle_m"":0.010275989971245736,""peak_curvature_rate_radpm2"":0.9272467637612712,""peak_lateral_slope"":0.7900206362287385,""peak_negative_curvature_radpm"":-0.6044883099936756,""peak_positive_curvature_radpm"":0.590313047757085,""signed_curvature_margin_radpm"":0.5395873294689973}","{""braking_deficit_m"":0,""braking_feasible"":true,""exit_reaches_next_obstacle"":false,""generation_index"":2003,""global_path_deviation_m"":0.3499064314560448,""minimum_normalized_safety_slack"":-0.11899287168187307,""velocity_loss"":0.2902386135984304}"
DVE040,M0_V1,FROZEN_V1_CURVATURE_CONTINUITY,LEFT,0,e5f40ac1d1d88cde,FROZEN_V1,ACTIVE_OUTER,SAME_SIGN_POSITIVE__SIGN_CHANGE__SAME_SIGN_NEGATIVE,False,False,0.2261569025686936,0.780283086517862,0.3061569025686936,0.6595531395499061,0,ACTIVE_OUTER,CURVATURE_CORRIDOR_CRITICAL,CONTINUITY_BIASED_SAFE_ANCHOR,0.5145810930150512,0.5919207127660597,0,0.8173595131745984,0.8230204553765366,0.8286813975784746,4.485881190245941,True,False,footprint_track_bound,"{""center_track_margin_m"":0.2723934836260021,""d_m"":-0.425106516373998,""footprint_invalid"":true,""footprint_track_margin_m"":-0.05940168258756536,""s_m"":23.07140517347375,""x_m"":9.152097688167872,""y_m"":0.8605118938677179,""yaw_rad"":2.734915903666981}","{""center_track_m"":-8.58029736730677,""curvature_rate_margin_radpm2"":-2.1369160992213168,""footprint_track_m"":-8.66940516214345,""lateral_slope_margin"":-9.356922096148896,""obstacle_m"":0.07999999999999266,""peak_curvature_rate_radpm2"":22.136916099221317,""peak_lateral_slope"":10.156922096148897,""peak_negative_curvature_radpm"":-5.708118852662606,""peak_positive_curvature_radpm"":2.367473434384393,""signed_curvature_margin_radpm"":-4.564043213199933}","{""braking_deficit_m"":0,""braking_feasible"":true,""exit_reaches_next_obstacle"":false,""generation_index"":0,""global_path_deviation_m"":1.915264038584718,""minimum_normalized_safety_slack"":-5.82019824487118,""velocity_loss"":0.29999890082985703}"
DVE040,M0_V1,FROZEN_V1_CURVATURE_CONTINUITY,LEFT,1,8f1695404d0c89c8,FROZEN_V1,ACTIVE_OUTER,SAME_SIGN_POSITIVE__SIGN_CHANGE__SAME_SIGN_NEGATIVE,False,False,0.2261569025686936,0.780283086517862,0.3061569025686936,0.6595531395499061,0,ACTIVE_OUTER,CURVATURE_CORRIDOR_CRITICAL,CONTINUITY_BIASED_SAFE_ANCHOR,0.5145810930150512,3.5292419045315793,0,0.8173595131745984,0.8230204553765366,0.8286813975784746,22.634207852651887,True,False,footprint_track_bound,"{""center_track_margin_m"":0.2723934836260021,""d_m"":-0.425106516373998,""footprint_invalid"":true,""footprint_track_margin_m"":-0.04395022500415487,""s_m"":23.07140517347375,""x_m"":9.152097688167872,""y_m"":0.8605118938677179,""yaw_rad"":2.358464185648294}","{""center_track_m"":-56.13339674231488,""curvature_rate_margin_radpm2"":-40.500433922140346,""footprint_track_m"":-56.675167242330716,""lateral_slope_margin"":-9.557875053532102,""obstacle_m"":0.07999999999999266,""peak_curvature_rate_radpm2"":60.500433922140346,""peak_lateral_slope"":10.357875053532103,""peak_negative_curvature_radpm"":-2.100378034356328,""peak_positive_curvature_radpm"":13.730577832647342,""signed_curvature_margin_radpm"":-12.41431131356833}","{""braking_deficit_m"":0,""braking_feasible"":true,""exit_reaches_next_obstacle"":false,""generation_index"":1,""global_path_deviation_m"":21.924629031340725,""minimum_normalized_safety_slack"":-37.52226449487659,""velocity_loss"":0.15638769044571538}"
DVE040,M0_V1,FROZEN_V1_CURVATURE_CONTINUITY,LEFT,2,c7bd53ad8d95cee9,FROZEN_V1,ACTIVE_OUTER,SAME_SIGN_POSITIVE__SIGN_CHANGE__SAME_SIGN_NEGATIVE,False,False,0.2261569025686936,0.780283086517862,0.3061569025686936,0.6595531395499061,0,ACTIVE_OUTER,CURVATURE_CORRIDOR_CRITICAL,CONTINUITY_BIASED_SAFE_ANCHOR,0.5145810930150512,6.561315392805664,0,0.8173595131745984,0.8230204553765366,0.8286813975784746,41.3679644073935,True,False,shifted race line exceeds left control steering curvature,"{""center_track_margin_m"":0.2723934836260021,""d_m"":-0.425106516373998,""footprint_invalid"":false,""footprint_track_margin_m"":0.10782114457524197,""s_m"":23.07140517347375,""x_m"":9.152097688167872,""y_m"":0.8605118938677179,""yaw_rad"":1.5527606320736898}","{""center_track_m"":-106.51547313443659,""curvature_rate_margin_radpm2"":-38.66297928373093,""footprint_track_m"":-106.61593591397104,""lateral_slope_margin"":-9.569114221068423,""obstacle_m"":0.07999999999999266,""peak_curvature_rate_radpm2"":58.66297928373093,""peak_lateral_slope"":10.369114221068424,""peak_negative_curvature_radpm"":-1.376811468054667,""peak_positive_curvature_radpm"":13.40326939423179,""signed_curvature_margin_radpm"":-12.087002875152779}","{""braking_deficit_m"":0.17339499517551074,""braking_feasible"":false,""exit_reaches_next_obstacle"":false,""generation_index"":2,""global_path_deviation_m"":45.31834948475818,""minimum_normalized_safety_slack"":-71.11031542295773,""velocity_loss"":0.15111873248685417}"
DVE040,M0_V1,FROZEN_V1_CURVATURE_CONTINUITY,LEFT,3,e5f40ac1d1d88cde,FROZEN_V1,ACTIVE_OUTER,SAME_SIGN_POSITIVE__SIGN_CHANGE__SAME_SIGN_NEGATIVE,False,False,0.2261569025686936,0.780283086517862,0.3061569025686936,0.6595531395499061,0,ACTIVE_OUTER,CURVATURE_CORRIDOR_CRITICAL,CONTINUITY_BIASED_SAFE_ANCHOR,1.310934367577036,0.5919207127660597,0,0.8173595131745984,0.8230204553765366,0.8286813975784746,4.485881190245941,True,False,footprint_track_bound,"{""center_track_margin_m"":0.2723934836260021,""d_m"":-0.425106516373998,""footprint_invalid"":true,""footprint_track_margin_m"":-0.05940168258756536,""s_m"":23.07140517347375,""x_m"":9.152097688167872,""y_m"":0.8605118938677179,""yaw_rad"":2.734915903666981}","{""center_track_m"":-8.58029736730677,""curvature_rate_margin_radpm2"":-2.1369160992213168,""footprint_track_m"":-8.66940516214345,""lateral_slope_margin"":-9.356922096148896,""obstacle_m"":0.07999999999999266,""peak_curvature_rate_radpm2"":22.136916099221317,""peak_lateral_slope"":10.156922096148897,""peak_negative_curvature_radpm"":-5.708118852662606,""peak_positive_curvature_radpm"":2.367473434384393,""signed_curvature_margin_radpm"":-4.564043213199933}","{""braking_deficit_m"":0,""braking_feasible"":true,""exit_reaches_next_obstacle"":false,""generation_index"":3,""global_path_deviation_m"":1.915264038584718,""minimum_normalized_safety_slack"":-5.82019824487118,""velocity_loss"":0.29999890082985703}"
DVE040,M0_V1,FROZEN_V1_CURVATURE_CONTINUITY,LEFT,4,8f1695404d0c89c8,FROZEN_V1,ACTIVE_OUTER,SAME_SIGN_POSITIVE__SIGN_CHANGE__SAME_SIGN_NEGATIVE,False,False,0.2261569025686936,0.780283086517862,0.3061569025686936,0.6595531395499061,0,ACTIVE_OUTER,CURVATURE_CORRIDOR_CRITICAL,CONTINUITY_BIASED_SAFE_ANCHOR,1.310934367577036,3.5292419045315793,0,0.8173595131745984,0.8230204553765366,0.8286813975784746,22.634207852651887,True,False,footprint_track_bound,"{""center_track_margin_m"":0.2723934836260021,""d_m"":-0.425106516373998,""footprint_invalid"":true,""footprint_track_margin_m"":-0.04395022500415487,""s_m"":23.07140517347375,""x_m"":9.152097688167872,""y_m"":0.8605118938677179,""yaw_rad"":2.358464185648294}","{""center_track_m"":-56.13339674231488,""curvature_rate_margin_radpm2"":-40.500433922140346,""footprint_track_m"":-56.675167242330716,""lateral_slope_margin"":-9.557875053532102,""obstacle_m"":0.07999999999999266,""peak_curvature_rate_radpm2"":60.500433922140346,""peak_lateral_slope"":10.357875053532103,""peak_negative_curvature_radpm"":-2.100378034356328,""peak_positive_curvature_radpm"":13.730577832647342,""signed_curvature_margin_radpm"":-12.41431131356833}","{""braking_deficit_m"":0,""braking_feasible"":true,""exit_reaches_next_obstacle"":false,""generation_index"":4,""global_path_deviation_m"":21.924629031340725,""minimum_normalized_safety_slack"":-37.52226449487659,""velocity_loss"":0.15638769044571538}"
DVE040,M0_V1,FROZEN_V1_CURVATURE_CONTINUITY,LEFT,5,c7bd53ad8d95cee9,FROZEN_V1,ACTIVE_OUTER,SAME_SIGN_POSITIVE__SIGN_CHANGE__SAME_SIGN_NEGATIVE,False,False,0.2261569025686936,0.780283086517862,0.3061569025686936,0.6595531395499061,0,ACTIVE_OUTER,CURVATURE_CORRIDOR_CRITICAL,CONTINUITY_BIASED_SAFE_ANCHOR,1.310934367577036,6.561315392805664,0,0.8173595131745984,0.8230204553765366,0.8286813975784746,41.3679644073935,True,False,shifted race line exceeds left control steering curvature,"{""center_track_margin_m"":0.2723934836260021,""d_m"":-0.425106516373998,""footprint_invalid"":false,""footprint_track_margin_m"":0.10782114457524197,""s_m"":23.07140517347375,""x_m"":9.152097688167872,""y_m"":0.8605118938677179,""yaw_rad"":1.5527606320736898}","{""center_track_m"":-106.51547313443659,""curvature_rate_margin_radpm2"":-38.66297928373093,""footprint_track_m"":-106.61593591397104,""lateral_slope_margin"":-9.569114221068423,""obstacle_m"":0.07999999999999266,""peak_curvature_rate_radpm2"":58.66297928373093,""peak_lateral_slope"":10.369114221068424,""peak_negative_curvature_radpm"":-1.376811468054667,""peak_positive_curvature_radpm"":13.40326939423179,""signed_curvature_margin_radpm"":-12.087002875152779}","{""braking_deficit_m"":0.17339499517551074,""braking_feasible"":false,""exit_reaches_next_obstacle"":false,""generation_index"":5,""global_path_deviation_m"":45.31834948475818,""minimum_normalized_safety_slack"":-71.11031542295773,""velocity_loss"":0.15111873248685417}"
DVE040,M1,NEAR_LONG,LEFT,2000,1e603a1ed637769e,M1_BRANCH_COMPLETE_ACTIVE_SET_CLOSURE,ACTIVE_OUTER,SAME_SIGN_POSITIVE__SIGN_CHANGE__SAME_SIGN_NEGATIVE,True,False,0.2261569025686936,0.7475399610173348,0.6618284512843469,0.8469757366056697,0,ACTIVE_OUTER,CORRIDOR_BOTTLENECK,CORRIDOR_CENTER,1.310934367577036,6.561315392805664,0,0.8173595131745984,0.8230204553765366,0.8286813975784746,41.3679644073935,True,False,shifted race line exceeds left control steering curvature,"{""center_track_margin_m"":0.27347024270110415,""d_m"":-0.4240297572988959,""footprint_invalid"":false,""footprint_track_margin_m"":0.0431336119603463,""s_m"":23.07140517347375,""x_m"":9.15111062935335,""y_m"":0.8609421554189761,""yaw_rad"":1.2793667411193257}","{""center_track_m"":-152.89454165929718,""curvature_rate_margin_radpm2"":-75.48180885684607,""footprint_track_m"":-152.96972918478912,""lateral_slope_margin"":-14.05645802557954,""obstacle_m"":0.12810937741122588,""peak_curvature_rate_radpm2"":95.48180885684607,""peak_lateral_slope"":14.85645802557954,""peak_negative_curvature_radpm"":-1.3878256001263367,""peak_positive_curvature_radpm"":23.81212742120547,""signed_curvature_margin_radpm"":-22.49586090212646}","{""braking_deficit_m"":0.16856945823145197,""braking_feasible"":false,""exit_reaches_next_obstacle"":false,""generation_index"":2000,""global_path_deviation_m"":64.88321579108514,""minimum_normalized_safety_slack"":-102.02969443953145,""velocity_loss"":0.15110386022532007}"
