[0.057s] DEBUG:colcon:Command line arguments: ['/usr/bin/colcon', 'build']
[0.057s] DEBUG:colcon:Parsed command line arguments: Namespace(log_base=None, log_level=None, verb_name='build', build_base='build', install_base='install', merge_install=False, symlink_install=False, test_result_base=None, continue_on_error=False, executor='parallel', parallel_workers=14, event_handlers=None, ignore_user_meta=False, metas=['./colcon.meta'], base_paths=['.'], packages_ignore=None, packages_ignore_regex=None, paths=None, packages_up_to=None, packages_up_to_regex=None, packages_above=None, packages_above_and_dependencies=None, packages_above_depth=None, packages_select_by_dep=None, packages_skip_by_dep=None, packages_skip_up_to=None, packages_select_build_failed=False, packages_skip_build_finished=False, packages_select_test_failures=False, packages_skip_test_passed=False, packages_select=None, packages_skip=None, packages_select_regex=None, packages_skip_regex=None, packages_start=None, packages_end=None, allow_overriding=[], cmake_args=None, cmake_target=None, cmake_target_skip_unavailable=False, cmake_clean_cache=False, cmake_clean_first=False, cmake_force_configure=False, ament_cmake_args=None, catkin_cmake_args=None, catkin_skip_building_tests=False, mixin_files=None, mixin=None, verb_parser=<colcon_mixin.mixin.mixin_argument.MixinArgumentDecorator object at 0x7eb3c8596c20>, verb_extension=<colcon_core.verb.build.BuildVerb object at 0x7eb3c85961a0>, main=<bound method BuildVerb.main of <colcon_core.verb.build.BuildVerb object at 0x7eb3c85961a0>>, mixin_verb=('build',))
[0.148s] Level 1:colcon.colcon_core.package_discovery:discover_packages(colcon_meta) check parameters
[0.148s] Level 1:colcon.colcon_core.package_discovery:discover_packages(recursive) check parameters
[0.148s] Level 1:colcon.colcon_core.package_discovery:discover_packages(ignore) check parameters
[0.148s] Level 1:colcon.colcon_core.package_discovery:discover_packages(path) check parameters
[0.148s] Level 1:colcon.colcon_core.package_discovery:discover_packages(colcon_meta) discover
[0.148s] Level 1:colcon.colcon_core.package_discovery:discover_packages(recursive) discover
[0.148s] INFO:colcon.colcon_core.package_discovery:Crawling recursively for packages in '/home/haejum-park/2026_IFAC'
[0.148s] Level 1:colcon.colcon_core.package_identification:_identify(.) by extensions ['ignore', 'ignore_ament_install']
[0.148s] Level 1:colcon.colcon_core.package_identification:_identify(.) by extension 'ignore'
[0.148s] Level 1:colcon.colcon_core.package_identification:_identify(.) by extension 'ignore_ament_install'
[0.148s] Level 1:colcon.colcon_core.package_identification:_identify(.) by extensions ['colcon_pkg']
[0.148s] Level 1:colcon.colcon_core.package_identification:_identify(.) by extension 'colcon_pkg'
[0.148s] Level 1:colcon.colcon_core.package_identification:_identify(.) by extensions ['colcon_meta']
[0.148s] Level 1:colcon.colcon_core.package_identification:_identify(.) by extension 'colcon_meta'
[0.148s] Level 1:colcon.colcon_core.package_identification:_identify(.) by extensions ['ros']
[0.148s] Level 1:colcon.colcon_core.package_identification:_identify(.) by extension 'ros'
[0.153s] Level 1:colcon.colcon_core.package_identification:_identify(.) by extensions ['cmake', 'python']
[0.153s] Level 1:colcon.colcon_core.package_identification:_identify(.) by extension 'cmake'
[0.153s] Level 1:colcon.colcon_core.package_identification:_identify(.) by extension 'python'
[0.153s] Level 1:colcon.colcon_core.package_identification:_identify(.) by extensions ['python_setup_py']
[0.153s] Level 1:colcon.colcon_core.package_identification:_identify(.) by extension 'python_setup_py'
[0.153s] Level 1:colcon.colcon_core.package_identification:_identify(amcl_localization) by extensions ['ignore', 'ignore_ament_install']
[0.153s] Level 1:colcon.colcon_core.package_identification:_identify(amcl_localization) by extension 'ignore'
[0.153s] Level 1:colcon.colcon_core.package_identification:_identify(amcl_localization) by extension 'ignore_ament_install'
[0.153s] Level 1:colcon.colcon_core.package_identification:_identify(amcl_localization) by extensions ['colcon_pkg']
[0.153s] Level 1:colcon.colcon_core.package_identification:_identify(amcl_localization) by extension 'colcon_pkg'
[0.153s] Level 1:colcon.colcon_core.package_identification:_identify(amcl_localization) by extensions ['colcon_meta']
[0.154s] Level 1:colcon.colcon_core.package_identification:_identify(amcl_localization) by extension 'colcon_meta'
[0.154s] Level 1:colcon.colcon_core.package_identification:_identify(amcl_localization) by extensions ['ros']
[0.154s] Level 1:colcon.colcon_core.package_identification:_identify(amcl_localization) by extension 'ros'
[0.155s] DEBUG:colcon.colcon_core.package_identification:Package 'amcl_localization' with type 'ros.ament_python' and name 'amcl_localization'
[0.155s] Level 1:colcon.colcon_core.package_identification:_identify(build) by extensions ['ignore', 'ignore_ament_install']
[0.155s] Level 1:colcon.colcon_core.package_identification:_identify(build) by extension 'ignore'
[0.155s] Level 1:colcon.colcon_core.package_identification:_identify(build) ignored
[0.155s] Level 1:colcon.colcon_core.package_identification:_identify(f110_msgs) by extensions ['ignore', 'ignore_ament_install']
[0.155s] Level 1:colcon.colcon_core.package_identification:_identify(f110_msgs) by extension 'ignore'
[0.155s] Level 1:colcon.colcon_core.package_identification:_identify(f110_msgs) by extension 'ignore_ament_install'
[0.155s] Level 1:colcon.colcon_core.package_identification:_identify(f110_msgs) by extensions ['colcon_pkg']
[0.155s] Level 1:colcon.colcon_core.package_identification:_identify(f110_msgs) by extension 'colcon_pkg'
[0.155s] Level 1:colcon.colcon_core.package_identification:_identify(f110_msgs) by extensions ['colcon_meta']
[0.155s] Level 1:colcon.colcon_core.package_identification:_identify(f110_msgs) by extension 'colcon_meta'
[0.155s] Level 1:colcon.colcon_core.package_identification:_identify(f110_msgs) by extensions ['ros']
[0.155s] Level 1:colcon.colcon_core.package_identification:_identify(f110_msgs) by extension 'ros'
[0.156s] DEBUG:colcon.colcon_core.package_identification:Package 'f110_msgs' with type 'ros.ament_cmake' and name 'f110_msgs'
[0.156s] Level 1:colcon.colcon_core.package_identification:_identify(install) by extensions ['ignore', 'ignore_ament_install']
[0.156s] Level 1:colcon.colcon_core.package_identification:_identify(install) by extension 'ignore'
[0.156s] Level 1:colcon.colcon_core.package_identification:_identify(install) ignored
[0.156s] Level 1:colcon.colcon_core.package_identification:_identify(lap_timer) by extensions ['ignore', 'ignore_ament_install']
[0.156s] Level 1:colcon.colcon_core.package_identification:_identify(lap_timer) by extension 'ignore'
[0.156s] Level 1:colcon.colcon_core.package_identification:_identify(lap_timer) by extension 'ignore_ament_install'
[0.156s] Level 1:colcon.colcon_core.package_identification:_identify(lap_timer) by extensions ['colcon_pkg']
[0.156s] Level 1:colcon.colcon_core.package_identification:_identify(lap_timer) by extension 'colcon_pkg'
[0.156s] Level 1:colcon.colcon_core.package_identification:_identify(lap_timer) by extensions ['colcon_meta']
[0.156s] Level 1:colcon.colcon_core.package_identification:_identify(lap_timer) by extension 'colcon_meta'
[0.156s] Level 1:colcon.colcon_core.package_identification:_identify(lap_timer) by extensions ['ros']
[0.156s] Level 1:colcon.colcon_core.package_identification:_identify(lap_timer) by extension 'ros'
[0.156s] DEBUG:colcon.colcon_core.package_identification:Package 'lap_timer' with type 'ros.ament_python' and name 'lap_timer'
[0.156s] Level 1:colcon.colcon_core.package_identification:_identify(log) by extensions ['ignore', 'ignore_ament_install']
[0.156s] Level 1:colcon.colcon_core.package_identification:_identify(log) by extension 'ignore'
[0.156s] Level 1:colcon.colcon_core.package_identification:_identify(log) ignored
[0.156s] Level 1:colcon.colcon_core.package_identification:_identify(monte_carlo_localization) by extensions ['ignore', 'ignore_ament_install']
[0.156s] Level 1:colcon.colcon_core.package_identification:_identify(monte_carlo_localization) by extension 'ignore'
[0.156s] Level 1:colcon.colcon_core.package_identification:_identify(monte_carlo_localization) by extension 'ignore_ament_install'
[0.156s] Level 1:colcon.colcon_core.package_identification:_identify(monte_carlo_localization) by extensions ['colcon_pkg']
[0.156s] Level 1:colcon.colcon_core.package_identification:_identify(monte_carlo_localization) by extension 'colcon_pkg'
[0.156s] Level 1:colcon.colcon_core.package_identification:_identify(monte_carlo_localization) by extensions ['colcon_meta']
[0.156s] Level 1:colcon.colcon_core.package_identification:_identify(monte_carlo_localization) by extension 'colcon_meta'
[0.156s] Level 1:colcon.colcon_core.package_identification:_identify(monte_carlo_localization) by extensions ['ros']
[0.156s] Level 1:colcon.colcon_core.package_identification:_identify(monte_carlo_localization) by extension 'ros'
[0.157s] DEBUG:colcon.colcon_core.package_identification:Package 'monte_carlo_localization' with type 'ros.ament_cmake' and name 'particle_filter_cpp'
[0.157s] Level 1:colcon.colcon_core.package_identification:_identify(new_map_con) by extensions ['ignore', 'ignore_ament_install']
[0.157s] Level 1:colcon.colcon_core.package_identification:_identify(new_map_con) by extension 'ignore'
[0.157s] Level 1:colcon.colcon_core.package_identification:_identify(new_map_con) by extension 'ignore_ament_install'
[0.157s] Level 1:colcon.colcon_core.package_identification:_identify(new_map_con) by extensions ['colcon_pkg']
[0.157s] Level 1:colcon.colcon_core.package_identification:_identify(new_map_con) by extension 'colcon_pkg'
[0.157s] Level 1:colcon.colcon_core.package_identification:_identify(new_map_con) by extensions ['colcon_meta']
[0.157s] Level 1:colcon.colcon_core.package_identification:_identify(new_map_con) by extension 'colcon_meta'
[0.157s] Level 1:colcon.colcon_core.package_identification:_identify(new_map_con) by extensions ['ros']
[0.157s] Level 1:colcon.colcon_core.package_identification:_identify(new_map_con) by extension 'ros'
[0.157s] DEBUG:colcon.colcon_core.package_identification:Package 'new_map_con' with type 'ros.ament_python' and name 'new_map_con'
[0.158s] Level 1:colcon.colcon_core.package_identification:_identify(planning) by extensions ['ignore', 'ignore_ament_install']
[0.158s] Level 1:colcon.colcon_core.package_identification:_identify(planning) by extension 'ignore'
[0.158s] Level 1:colcon.colcon_core.package_identification:_identify(planning) by extension 'ignore_ament_install'
[0.158s] Level 1:colcon.colcon_core.package_identification:_identify(planning) by extensions ['colcon_pkg']
[0.158s] Level 1:colcon.colcon_core.package_identification:_identify(planning) by extension 'colcon_pkg'
[0.158s] Level 1:colcon.colcon_core.package_identification:_identify(planning) by extensions ['colcon_meta']
[0.158s] Level 1:colcon.colcon_core.package_identification:_identify(planning) by extension 'colcon_meta'
[0.158s] Level 1:colcon.colcon_core.package_identification:_identify(planning) by extensions ['ros']
[0.158s] Level 1:colcon.colcon_core.package_identification:_identify(planning) by extension 'ros'
[0.158s] Level 1:colcon.colcon_core.package_identification:_identify(planning) by extensions ['cmake', 'python']
[0.158s] Level 1:colcon.colcon_core.package_identification:_identify(planning) by extension 'cmake'
[0.158s] Level 1:colcon.colcon_core.package_identification:_identify(planning) by extension 'python'
[0.158s] Level 1:colcon.colcon_core.package_identification:_identify(planning) by extensions ['python_setup_py']
[0.158s] Level 1:colcon.colcon_core.package_identification:_identify(planning) by extension 'python_setup_py'
[0.158s] Level 1:colcon.colcon_core.package_identification:_identify(planning/global_planner) by extensions ['ignore', 'ignore_ament_install']
[0.158s] Level 1:colcon.colcon_core.package_identification:_identify(planning/global_planner) by extension 'ignore'
[0.158s] Level 1:colcon.colcon_core.package_identification:_identify(planning/global_planner) by extension 'ignore_ament_install'
[0.158s] Level 1:colcon.colcon_core.package_identification:_identify(planning/global_planner) by extensions ['colcon_pkg']
[0.158s] Level 1:colcon.colcon_core.package_identification:_identify(planning/global_planner) by extension 'colcon_pkg'
[0.158s] Level 1:colcon.colcon_core.package_identification:_identify(planning/global_planner) by extensions ['colcon_meta']
[0.158s] Level 1:colcon.colcon_core.package_identification:_identify(planning/global_planner) by extension 'colcon_meta'
[0.158s] Level 1:colcon.colcon_core.package_identification:_identify(planning/global_planner) by extensions ['ros']
[0.158s] Level 1:colcon.colcon_core.package_identification:_identify(planning/global_planner) by extension 'ros'
[0.158s] DEBUG:colcon.colcon_core.package_identification:Package 'planning/global_planner' with type 'ros.ament_cmake' and name 'global_planner'
[0.158s] Level 1:colcon.colcon_core.package_identification:_identify(planning/python_shims) by extensions ['ignore', 'ignore_ament_install']
[0.158s] Level 1:colcon.colcon_core.package_identification:_identify(planning/python_shims) by extension 'ignore'
[0.158s] Level 1:colcon.colcon_core.package_identification:_identify(planning/python_shims) by extension 'ignore_ament_install'
[0.158s] Level 1:colcon.colcon_core.package_identification:_identify(planning/python_shims) by extensions ['colcon_pkg']
[0.158s] Level 1:colcon.colcon_core.package_identification:_identify(planning/python_shims) by extension 'colcon_pkg'
[0.158s] Level 1:colcon.colcon_core.package_identification:_identify(planning/python_shims) by extensions ['colcon_meta']
[0.158s] Level 1:colcon.colcon_core.package_identification:_identify(planning/python_shims) by extension 'colcon_meta'
[0.158s] Level 1:colcon.colcon_core.package_identification:_identify(planning/python_shims) by extensions ['ros']
[0.158s] Level 1:colcon.colcon_core.package_identification:_identify(planning/python_shims) by extension 'ros'
[0.158s] Level 1:colcon.colcon_core.package_identification:_identify(planning/python_shims) by extensions ['cmake', 'python']
[0.158s] Level 1:colcon.colcon_core.package_identification:_identify(planning/python_shims) by extension 'cmake'
[0.158s] Level 1:colcon.colcon_core.package_identification:_identify(planning/python_shims) by extension 'python'
[0.158s] Level 1:colcon.colcon_core.package_identification:_identify(planning/python_shims) by extensions ['python_setup_py']
[0.158s] Level 1:colcon.colcon_core.package_identification:_identify(planning/python_shims) by extension 'python_setup_py'
[0.159s] Level 1:colcon.colcon_core.package_identification:_identify(planning/python_shims/frenet_conversion) by extensions ['ignore', 'ignore_ament_install']
[0.159s] Level 1:colcon.colcon_core.package_identification:_identify(planning/python_shims/frenet_conversion) by extension 'ignore'
[0.159s] Level 1:colcon.colcon_core.package_identification:_identify(planning/python_shims/frenet_conversion) by extension 'ignore_ament_install'
[0.159s] Level 1:colcon.colcon_core.package_identification:_identify(planning/python_shims/frenet_conversion) by extensions ['colcon_pkg']
[0.159s] Level 1:colcon.colcon_core.package_identification:_identify(planning/python_shims/frenet_conversion) by extension 'colcon_pkg'
[0.159s] Level 1:colcon.colcon_core.package_identification:_identify(planning/python_shims/frenet_conversion) by extensions ['colcon_meta']
[0.159s] Level 1:colcon.colcon_core.package_identification:_identify(planning/python_shims/frenet_conversion) by extension 'colcon_meta'
[0.159s] Level 1:colcon.colcon_core.package_identification:_identify(planning/python_shims/frenet_conversion) by extensions ['ros']
[0.159s] Level 1:colcon.colcon_core.package_identification:_identify(planning/python_shims/frenet_conversion) by extension 'ros'
[0.159s] Level 1:colcon.colcon_core.package_identification:_identify(planning/python_shims/frenet_conversion) by extensions ['cmake', 'python']
[0.159s] Level 1:colcon.colcon_core.package_identification:_identify(planning/python_shims/frenet_conversion) by extension 'cmake'
[0.159s] Level 1:colcon.colcon_core.package_identification:_identify(planning/python_shims/frenet_conversion) by extension 'python'
[0.159s] Level 1:colcon.colcon_core.package_identification:_identify(planning/python_shims/frenet_conversion) by extensions ['python_setup_py']
[0.159s] Level 1:colcon.colcon_core.package_identification:_identify(planning/python_shims/frenet_conversion) by extension 'python_setup_py'
[0.159s] Level 1:colcon.colcon_core.package_identification:_identify(planning/python_shims/frenet_conversion/__pycache__) by extensions ['ignore', 'ignore_ament_install']
[0.159s] Level 1:colcon.colcon_core.package_identification:_identify(planning/python_shims/frenet_conversion/__pycache__) by extension 'ignore'
[0.159s] Level 1:colcon.colcon_core.package_identification:_identify(planning/python_shims/frenet_conversion/__pycache__) by extension 'ignore_ament_install'
[0.159s] Level 1:colcon.colcon_core.package_identification:_identify(planning/python_shims/frenet_conversion/__pycache__) by extensions ['colcon_pkg']
[0.159s] Level 1:colcon.colcon_core.package_identification:_identify(planning/python_shims/frenet_conversion/__pycache__) by extension 'colcon_pkg'
[0.159s] Level 1:colcon.colcon_core.package_identification:_identify(planning/python_shims/frenet_conversion/__pycache__) by extensions ['colcon_meta']
[0.159s] Level 1:colcon.colcon_core.package_identification:_identify(planning/python_shims/frenet_conversion/__pycache__) by extension 'colcon_meta'
[0.159s] Level 1:colcon.colcon_core.package_identification:_identify(planning/python_shims/frenet_conversion/__pycache__) by extensions ['ros']
[0.159s] Level 1:colcon.colcon_core.package_identification:_identify(planning/python_shims/frenet_conversion/__pycache__) by extension 'ros'
[0.159s] Level 1:colcon.colcon_core.package_identification:_identify(planning/python_shims/frenet_conversion/__pycache__) by extensions ['cmake', 'python']
[0.159s] Level 1:colcon.colcon_core.package_identification:_identify(planning/python_shims/frenet_conversion/__pycache__) by extension 'cmake'
[0.159s] Level 1:colcon.colcon_core.package_identification:_identify(planning/python_shims/frenet_conversion/__pycache__) by extension 'python'
[0.159s] Level 1:colcon.colcon_core.package_identification:_identify(planning/python_shims/frenet_conversion/__pycache__) by extensions ['python_setup_py']
[0.159s] Level 1:colcon.colcon_core.package_identification:_identify(planning/python_shims/frenet_conversion/__pycache__) by extension 'python_setup_py'
[0.159s] Level 1:colcon.colcon_core.package_identification:_identify(wpnt_publisher) by extensions ['ignore', 'ignore_ament_install']
[0.159s] Level 1:colcon.colcon_core.package_identification:_identify(wpnt_publisher) by extension 'ignore'
[0.159s] Level 1:colcon.colcon_core.package_identification:_identify(wpnt_publisher) by extension 'ignore_ament_install'
[0.159s] Level 1:colcon.colcon_core.package_identification:_identify(wpnt_publisher) by extensions ['colcon_pkg']
[0.159s] Level 1:colcon.colcon_core.package_identification:_identify(wpnt_publisher) by extension 'colcon_pkg'
[0.159s] Level 1:colcon.colcon_core.package_identification:_identify(wpnt_publisher) by extensions ['colcon_meta']
[0.159s] Level 1:colcon.colcon_core.package_identification:_identify(wpnt_publisher) by extension 'colcon_meta'
[0.159s] Level 1:colcon.colcon_core.package_identification:_identify(wpnt_publisher) by extensions ['ros']
[0.159s] Level 1:colcon.colcon_core.package_identification:_identify(wpnt_publisher) by extension 'ros'
[0.159s] DEBUG:colcon.colcon_core.package_identification:Package 'wpnt_publisher' with type 'ros.ament_cmake' and name 'wpnt_publisher'
[0.159s] Level 1:colcon.colcon_core.package_discovery:discover_packages(recursive) using defaults
[0.159s] Level 1:colcon.colcon_core.package_discovery:discover_packages(ignore) discover
[0.160s] Level 1:colcon.colcon_core.package_discovery:discover_packages(ignore) using defaults
[0.160s] Level 1:colcon.colcon_core.package_discovery:discover_packages(path) discover
[0.160s] Level 1:colcon.colcon_core.package_discovery:discover_packages(path) using defaults
[0.170s] Level 1:colcon.colcon_core.package_discovery:discover_packages(prefix_path) check parameters
[0.170s] Level 1:colcon.colcon_core.package_discovery:discover_packages(prefix_path) discover
[0.171s] DEBUG:colcon.colcon_installed_package_information.package_discovery:Found 7 installed packages in /home/haejum-park/2026_IFAC/install
[0.171s] DEBUG:colcon.colcon_installed_package_information.package_discovery:Found 5 installed packages in /home/haejum-park/sim_ws/install
[0.172s] DEBUG:colcon.colcon_installed_package_information.package_discovery:Found 27 installed packages in /home/haejum-park/install
[0.173s] DEBUG:colcon.colcon_installed_package_information.package_discovery:Found 372 installed packages in /opt/ros/humble
[0.174s] Level 1:colcon.colcon_core.package_discovery:discover_packages(prefix_path) using defaults
[0.194s] Level 5:colcon.colcon_core.verb:set package 'amcl_localization' build argument 'cmake_args' from command line to 'None'
[0.194s] Level 5:colcon.colcon_core.verb:set package 'amcl_localization' build argument 'cmake_target' from command line to 'None'
[0.194s] Level 5:colcon.colcon_core.verb:set package 'amcl_localization' build argument 'cmake_target_skip_unavailable' from command line to 'False'
[0.194s] Level 5:colcon.colcon_core.verb:set package 'amcl_localization' build argument 'cmake_clean_cache' from command line to 'False'
[0.194s] Level 5:colcon.colcon_core.verb:set package 'amcl_localization' build argument 'cmake_clean_first' from command line to 'False'
[0.194s] Level 5:colcon.colcon_core.verb:set package 'amcl_localization' build argument 'cmake_force_configure' from command line to 'False'
[0.194s] Level 5:colcon.colcon_core.verb:set package 'amcl_localization' build argument 'ament_cmake_args' from command line to 'None'
[0.194s] Level 5:colcon.colcon_core.verb:set package 'amcl_localization' build argument 'catkin_cmake_args' from command line to 'None'
[0.194s] Level 5:colcon.colcon_core.verb:set package 'amcl_localization' build argument 'catkin_skip_building_tests' from command line to 'False'
[0.194s] DEBUG:colcon.colcon_core.verb:Building package 'amcl_localization' with the following arguments: {'ament_cmake_args': None, 'build_base': '/home/haejum-park/2026_IFAC/build/amcl_localization', 'catkin_cmake_args': None, 'catkin_skip_building_tests': False, 'cmake_args': None, 'cmake_clean_cache': False, 'cmake_clean_first': False, 'cmake_force_configure': False, 'cmake_target': None, 'cmake_target_skip_unavailable': False, 'install_base': '/home/haejum-park/2026_IFAC/install/amcl_localization', 'merge_install': False, 'path': '/home/haejum-park/2026_IFAC/amcl_localization', 'symlink_install': False, 'test_result_base': None}
[0.194s] Level 5:colcon.colcon_core.verb:set package 'f110_msgs' build argument 'cmake_args' from command line to 'None'
[0.194s] Level 5:colcon.colcon_core.verb:set package 'f110_msgs' build argument 'cmake_target' from command line to 'None'
[0.194s] Level 5:colcon.colcon_core.verb:set package 'f110_msgs' build argument 'cmake_target_skip_unavailable' from command line to 'False'
[0.194s] Level 5:colcon.colcon_core.verb:set package 'f110_msgs' build argument 'cmake_clean_cache' from command line to 'False'
[0.194s] Level 5:colcon.colcon_core.verb:set package 'f110_msgs' build argument 'cmake_clean_first' from command line to 'False'
[0.194s] Level 5:colcon.colcon_core.verb:set package 'f110_msgs' build argument 'cmake_force_configure' from command line to 'False'
[0.194s] Level 5:colcon.colcon_core.verb:set package 'f110_msgs' build argument 'ament_cmake_args' from command line to 'None'
[0.194s] Level 5:colcon.colcon_core.verb:set package 'f110_msgs' build argument 'catkin_cmake_args' from command line to 'None'
[0.194s] Level 5:colcon.colcon_core.verb:set package 'f110_msgs' build argument 'catkin_skip_building_tests' from command line to 'False'
[0.195s] DEBUG:colcon.colcon_core.verb:Building package 'f110_msgs' with the following arguments: {'ament_cmake_args': None, 'build_base': '/home/haejum-park/2026_IFAC/build/f110_msgs', 'catkin_cmake_args': None, 'catkin_skip_building_tests': False, 'cmake_args': None, 'cmake_clean_cache': False, 'cmake_clean_first': False, 'cmake_force_configure': False, 'cmake_target': None, 'cmake_target_skip_unavailable': False, 'install_base': '/home/haejum-park/2026_IFAC/install/f110_msgs', 'merge_install': False, 'path': '/home/haejum-park/2026_IFAC/f110_msgs', 'symlink_install': False, 'test_result_base': None}
[0.195s] Level 5:colcon.colcon_core.verb:set package 'lap_timer' build argument 'cmake_args' from command line to 'None'
[0.195s] Level 5:colcon.colcon_core.verb:set package 'lap_timer' build argument 'cmake_target' from command line to 'None'
[0.195s] Level 5:colcon.colcon_core.verb:set package 'lap_timer' build argument 'cmake_target_skip_unavailable' from command line to 'False'
[0.195s] Level 5:colcon.colcon_core.verb:set package 'lap_timer' build argument 'cmake_clean_cache' from command line to 'False'
[0.195s] Level 5:colcon.colcon_core.verb:set package 'lap_timer' build argument 'cmake_clean_first' from command line to 'False'
[0.195s] Level 5:colcon.colcon_core.verb:set package 'lap_timer' build argument 'cmake_force_configure' from command line to 'False'
[0.195s] Level 5:colcon.colcon_core.verb:set package 'lap_timer' build argument 'ament_cmake_args' from command line to 'None'
[0.195s] Level 5:colcon.colcon_core.verb:set package 'lap_timer' build argument 'catkin_cmake_args' from command line to 'None'
[0.195s] Level 5:colcon.colcon_core.verb:set package 'lap_timer' build argument 'catkin_skip_building_tests' from command line to 'False'
[0.195s] DEBUG:colcon.colcon_core.verb:Building package 'lap_timer' with the following arguments: {'ament_cmake_args': None, 'build_base': '/home/haejum-park/2026_IFAC/build/lap_timer', 'catkin_cmake_args': None, 'catkin_skip_building_tests': False, 'cmake_args': None, 'cmake_clean_cache': False, 'cmake_clean_first': False, 'cmake_force_configure': False, 'cmake_target': None, 'cmake_target_skip_unavailable': False, 'install_base': '/home/haejum-park/2026_IFAC/install/lap_timer', 'merge_install': False, 'path': '/home/haejum-park/2026_IFAC/lap_timer', 'symlink_install': False, 'test_result_base': None}
[0.195s] Level 5:colcon.colcon_core.verb:set package 'new_map_con' build argument 'cmake_args' from command line to 'None'
[0.195s] Level 5:colcon.colcon_core.verb:set package 'new_map_con' build argument 'cmake_target' from command line to 'None'
[0.195s] Level 5:colcon.colcon_core.verb:set package 'new_map_con' build argument 'cmake_target_skip_unavailable' from command line to 'False'
[0.195s] Level 5:colcon.colcon_core.verb:set package 'new_map_con' build argument 'cmake_clean_cache' from command line to 'False'
[0.195s] Level 5:colcon.colcon_core.verb:set package 'new_map_con' build argument 'cmake_clean_first' from command line to 'False'
[0.195s] Level 5:colcon.colcon_core.verb:set package 'new_map_con' build argument 'cmake_force_configure' from command line to 'False'
[0.195s] Level 5:colcon.colcon_core.verb:set package 'new_map_con' build argument 'ament_cmake_args' from command line to 'None'
[0.195s] Level 5:colcon.colcon_core.verb:set package 'new_map_con' build argument 'catkin_cmake_args' from command line to 'None'
[0.195s] Level 5:colcon.colcon_core.verb:set package 'new_map_con' build argument 'catkin_skip_building_tests' from command line to 'False'
[0.195s] DEBUG:colcon.colcon_core.verb:Building package 'new_map_con' with the following arguments: {'ament_cmake_args': None, 'build_base': '/home/haejum-park/2026_IFAC/build/new_map_con', 'catkin_cmake_args': None, 'catkin_skip_building_tests': False, 'cmake_args': None, 'cmake_clean_cache': False, 'cmake_clean_first': False, 'cmake_force_configure': False, 'cmake_target': None, 'cmake_target_skip_unavailable': False, 'install_base': '/home/haejum-park/2026_IFAC/install/new_map_con', 'merge_install': False, 'path': '/home/haejum-park/2026_IFAC/new_map_con', 'symlink_install': False, 'test_result_base': None}
[0.195s] Level 5:colcon.colcon_core.verb:set package 'particle_filter_cpp' build argument 'cmake_args' from command line to 'None'
[0.195s] Level 5:colcon.colcon_core.verb:set package 'particle_filter_cpp' build argument 'cmake_target' from command line to 'None'
[0.195s] Level 5:colcon.colcon_core.verb:set package 'particle_filter_cpp' build argument 'cmake_target_skip_unavailable' from command line to 'False'
[0.195s] Level 5:colcon.colcon_core.verb:set package 'particle_filter_cpp' build argument 'cmake_clean_cache' from command line to 'False'
[0.195s] Level 5:colcon.colcon_core.verb:set package 'particle_filter_cpp' build argument 'cmake_clean_first' from command line to 'False'
[0.195s] Level 5:colcon.colcon_core.verb:set package 'particle_filter_cpp' build argument 'cmake_force_configure' from command line to 'False'
[0.195s] Level 5:colcon.colcon_core.verb:set package 'particle_filter_cpp' build argument 'ament_cmake_args' from command line to 'None'
[0.195s] Level 5:colcon.colcon_core.verb:set package 'particle_filter_cpp' build argument 'catkin_cmake_args' from command line to 'None'
[0.195s] Level 5:colcon.colcon_core.verb:set package 'particle_filter_cpp' build argument 'catkin_skip_building_tests' from command line to 'False'
[0.195s] DEBUG:colcon.colcon_core.verb:Building package 'particle_filter_cpp' with the following arguments: {'ament_cmake_args': None, 'build_base': '/home/haejum-park/2026_IFAC/build/particle_filter_cpp', 'catkin_cmake_args': None, 'catkin_skip_building_tests': False, 'cmake_args': None, 'cmake_clean_cache': False, 'cmake_clean_first': False, 'cmake_force_configure': False, 'cmake_target': None, 'cmake_target_skip_unavailable': False, 'install_base': '/home/haejum-park/2026_IFAC/install/particle_filter_cpp', 'merge_install': False, 'path': '/home/haejum-park/2026_IFAC/monte_carlo_localization', 'symlink_install': False, 'test_result_base': None}
[0.195s] Level 5:colcon.colcon_core.verb:set package 'global_planner' build argument 'cmake_args' from command line to 'None'
[0.195s] Level 5:colcon.colcon_core.verb:set package 'global_planner' build argument 'cmake_target' from command line to 'None'
[0.195s] Level 5:colcon.colcon_core.verb:set package 'global_planner' build argument 'cmake_target_skip_unavailable' from command line to 'False'
[0.195s] Level 5:colcon.colcon_core.verb:set package 'global_planner' build argument 'cmake_clean_cache' from command line to 'False'
[0.195s] Level 5:colcon.colcon_core.verb:set package 'global_planner' build argument 'cmake_clean_first' from command line to 'False'
[0.195s] Level 5:colcon.colcon_core.verb:set package 'global_planner' build argument 'cmake_force_configure' from command line to 'False'
[0.195s] Level 5:colcon.colcon_core.verb:set package 'global_planner' build argument 'ament_cmake_args' from command line to 'None'
[0.195s] Level 5:colcon.colcon_core.verb:set package 'global_planner' build argument 'catkin_cmake_args' from command line to 'None'
[0.195s] Level 5:colcon.colcon_core.verb:set package 'global_planner' build argument 'catkin_skip_building_tests' from command line to 'False'
[0.195s] DEBUG:colcon.colcon_core.verb:Building package 'global_planner' with the following arguments: {'ament_cmake_args': None, 'build_base': '/home/haejum-park/2026_IFAC/build/global_planner', 'catkin_cmake_args': None, 'catkin_skip_building_tests': False, 'cmake_args': None, 'cmake_clean_cache': False, 'cmake_clean_first': False, 'cmake_force_configure': False, 'cmake_target': None, 'cmake_target_skip_unavailable': False, 'install_base': '/home/haejum-park/2026_IFAC/install/global_planner', 'merge_install': False, 'path': '/home/haejum-park/2026_IFAC/planning/global_planner', 'symlink_install': False, 'test_result_base': None}
[0.195s] Level 5:colcon.colcon_core.verb:set package 'wpnt_publisher' build argument 'cmake_args' from command line to 'None'
[0.195s] Level 5:colcon.colcon_core.verb:set package 'wpnt_publisher' build argument 'cmake_target' from command line to 'None'
[0.195s] Level 5:colcon.colcon_core.verb:set package 'wpnt_publisher' build argument 'cmake_target_skip_unavailable' from command line to 'False'
[0.195s] Level 5:colcon.colcon_core.verb:set package 'wpnt_publisher' build argument 'cmake_clean_cache' from command line to 'False'
[0.195s] Level 5:colcon.colcon_core.verb:set package 'wpnt_publisher' build argument 'cmake_clean_first' from command line to 'False'
[0.195s] Level 5:colcon.colcon_core.verb:set package 'wpnt_publisher' build argument 'cmake_force_configure' from command line to 'False'
[0.195s] Level 5:colcon.colcon_core.verb:set package 'wpnt_publisher' build argument 'ament_cmake_args' from command line to 'None'
[0.195s] Level 5:colcon.colcon_core.verb:set package 'wpnt_publisher' build argument 'catkin_cmake_args' from command line to 'None'
[0.195s] Level 5:colcon.colcon_core.verb:set package 'wpnt_publisher' build argument 'catkin_skip_building_tests' from command line to 'False'
[0.195s] DEBUG:colcon.colcon_core.verb:Building package 'wpnt_publisher' with the following arguments: {'ament_cmake_args': None, 'build_base': '/home/haejum-park/2026_IFAC/build/wpnt_publisher', 'catkin_cmake_args': None, 'catkin_skip_building_tests': False, 'cmake_args': None, 'cmake_clean_cache': False, 'cmake_clean_first': False, 'cmake_force_configure': False, 'cmake_target': None, 'cmake_target_skip_unavailable': False, 'install_base': '/home/haejum-park/2026_IFAC/install/wpnt_publisher', 'merge_install': False, 'path': '/home/haejum-park/2026_IFAC/wpnt_publisher', 'symlink_install': False, 'test_result_base': None}
[0.196s] INFO:colcon.colcon_core.executor:Executing jobs using 'parallel' executor
[0.196s] DEBUG:colcon.colcon_parallel_executor.executor.parallel:run_until_complete
[0.196s] INFO:colcon.colcon_ros.task.ament_cmake.build:Building ROS package in '/home/haejum-park/2026_IFAC/f110_msgs' with build type 'ament_cmake'
[0.197s] INFO:colcon.colcon_cmake.task.cmake.build:Building CMake package in '/home/haejum-park/2026_IFAC/f110_msgs'
[0.198s] INFO:colcon.colcon_core.plugin_system:Skipping extension 'colcon_core.shell.bat': Not used on non-Windows systems
[0.198s] INFO:colcon.colcon_core.shell:Skip shell extension 'powershell' for command environment: Not usable outside of PowerShell
[0.198s] DEBUG:colcon.colcon_core.shell:Skip shell extension 'dsv' for command environment
[0.200s] INFO:colcon.colcon_ros.task.ament_python.build:Building ROS package in '/home/haejum-park/2026_IFAC/amcl_localization' with build type 'ament_python'
[0.200s] Level 1:colcon.colcon_core.shell:create_environment_hook('amcl_localization', 'ament_prefix_path')
[0.200s] INFO:colcon.colcon_core.shell:Creating environment hook '/home/haejum-park/2026_IFAC/install/amcl_localization/share/amcl_localization/hook/ament_prefix_path.ps1'
[0.201s] INFO:colcon.colcon_core.shell:Creating environment descriptor '/home/haejum-park/2026_IFAC/install/amcl_localization/share/amcl_localization/hook/ament_prefix_path.dsv'
[0.201s] INFO:colcon.colcon_core.shell:Creating environment hook '/home/haejum-park/2026_IFAC/install/amcl_localization/share/amcl_localization/hook/ament_prefix_path.sh'
[0.201s] INFO:colcon.colcon_core.shell:Skip shell extension 'powershell' for command environment: Not usable outside of PowerShell
[0.201s] DEBUG:colcon.colcon_core.shell:Skip shell extension 'dsv' for command environment
[0.204s] INFO:colcon.colcon_ros.task.ament_python.build:Building ROS package in '/home/haejum-park/2026_IFAC/lap_timer' with build type 'ament_python'
[0.204s] Level 1:colcon.colcon_core.shell:create_environment_hook('lap_timer', 'ament_prefix_path')
[0.204s] INFO:colcon.colcon_core.shell:Creating environment hook '/home/haejum-park/2026_IFAC/install/lap_timer/share/lap_timer/hook/ament_prefix_path.ps1'
[0.205s] INFO:colcon.colcon_core.shell:Creating environment descriptor '/home/haejum-park/2026_IFAC/install/lap_timer/share/lap_timer/hook/ament_prefix_path.dsv'
[0.205s] INFO:colcon.colcon_core.shell:Creating environment hook '/home/haejum-park/2026_IFAC/install/lap_timer/share/lap_timer/hook/ament_prefix_path.sh'
[0.205s] INFO:colcon.colcon_core.shell:Skip shell extension 'powershell' for command environment: Not usable outside of PowerShell
[0.205s] DEBUG:colcon.colcon_core.shell:Skip shell extension 'dsv' for command environment
[0.208s] INFO:colcon.colcon_ros.task.ament_python.build:Building ROS package in '/home/haejum-park/2026_IFAC/new_map_con' with build type 'ament_python'
[0.208s] Level 1:colcon.colcon_core.shell:create_environment_hook('new_map_con', 'ament_prefix_path')
[0.208s] INFO:colcon.colcon_core.shell:Creating environment hook '/home/haejum-park/2026_IFAC/install/new_map_con/share/new_map_con/hook/ament_prefix_path.ps1'
[0.208s] INFO:colcon.colcon_core.shell:Creating environment descriptor '/home/haejum-park/2026_IFAC/install/new_map_con/share/new_map_con/hook/ament_prefix_path.dsv'
[0.208s] INFO:colcon.colcon_core.shell:Creating environment hook '/home/haejum-park/2026_IFAC/install/new_map_con/share/new_map_con/hook/ament_prefix_path.sh'
[0.208s] INFO:colcon.colcon_core.shell:Skip shell extension 'powershell' for command environment: Not usable outside of PowerShell
[0.208s] DEBUG:colcon.colcon_core.shell:Skip shell extension 'dsv' for command environment
[0.211s] INFO:colcon.colcon_ros.task.ament_cmake.build:Building ROS package in '/home/haejum-park/2026_IFAC/monte_carlo_localization' with build type 'ament_cmake'
[0.211s] INFO:colcon.colcon_cmake.task.cmake.build:Building CMake package in '/home/haejum-park/2026_IFAC/monte_carlo_localization'
[0.211s] INFO:colcon.colcon_core.shell:Skip shell extension 'powershell' for command environment: Not usable outside of PowerShell
[0.211s] DEBUG:colcon.colcon_core.shell:Skip shell extension 'dsv' for command environment
[0.215s] DEBUG:colcon.colcon_core.event_handler.log_command:Invoking command in '/home/haejum-park/2026_IFAC/build/f110_msgs': CMAKE_PREFIX_PATH=/home/haejum-park/2026_IFAC/install/wpnt_publisher:/home/haejum-park/2026_IFAC/install/particle_filter_cpp:/home/haejum-park/2026_IFAC/install/global_planner:/home/haejum-park/2026_IFAC/install/new_map_con:/home/haejum-park/2026_IFAC/install/lap_timer:/home/haejum-park/2026_IFAC/install/amcl_localization:/home/haejum-park/sim_ws/install/f1tenth_gym_ros:/home/haejum-park/install/launch_testing_examples:/home/haejum-park/install/examples_rclpy_pointcloud_publisher:/home/haejum-park/install/examples_rclpy_minimal_subscriber:/home/haejum-park/install/examples_rclpy_minimal_service:/home/haejum-park/install/examples_rclpy_minimal_publisher:/home/haejum-park/install/examples_rclpy_minimal_client:/home/haejum-park/install/examples_rclpy_minimal_action_server:/home/haejum-park/install/examples_rclpy_minimal_action_client:/home/haejum-park/install/examples_rclpy_guard_conditions:/home/haejum-park/install/examples_rclpy_executors:/opt/ros/humble:/home/haejum-park/2026_IFAC/install/f110_msgs:/home/haejum-park/sim_ws/install/wall_follow:/home/haejum-park/sim_ws/install/lab5_pkg:/home/haejum-park/sim_ws/install/homework:/home/haejum-park/sim_ws/install/gap_follow:/home/haejum-park/install/wall_follow:/home/haejum-park/install/my_new_package:/home/haejum-park/install/homework:/home/haejum-park/install/gap_follow:/home/haejum-park/install/examples_rclcpp_wait_set:/home/haejum-park/install/examples_rclcpp_multithreaded_executor:/home/haejum-park/install/examples_rclcpp_minimal_timer:/home/haejum-park/install/examples_rclcpp_minimal_subscriber:/home/haejum-park/install/examples_rclcpp_minimal_service:/home/haejum-park/install/examples_rclcpp_minimal_publisher:/home/haejum-park/install/examples_rclcpp_minimal_composition:/home/haejum-park/install/examples_rclcpp_minimal_client:/home/haejum-park/install/examples_rclcpp_minimal_action_server:/home/haejum-park/install/examples_rclcpp_minimal_action_client:/home/haejum-park/install/examples_rclcpp_cbg_executor:/home/haejum-park/install/examples_rclcpp_async_client /usr/bin/cmake --build /home/haejum-park/2026_IFAC/build/f110_msgs -- -j14 -l14
[0.364s] INFO:colcon.colcon_core.task.python.build:Building Python package in '/home/haejum-park/2026_IFAC/amcl_localization'
[0.365s] INFO:colcon.colcon_core.shell:Skip shell extension 'powershell' for command environment: Not usable outside of PowerShell
[0.365s] DEBUG:colcon.colcon_core.shell:Skip shell extension 'dsv' for command environment
[0.505s] INFO:colcon.colcon_core.task.python.build:Building Python package in '/home/haejum-park/2026_IFAC/lap_timer'
[0.505s] INFO:colcon.colcon_core.shell:Skip shell extension 'powershell' for command environment: Not usable outside of PowerShell
[0.505s] DEBUG:colcon.colcon_core.shell:Skip shell extension 'dsv' for command environment
[0.650s] INFO:colcon.colcon_core.task.python.build:Building Python package in '/home/haejum-park/2026_IFAC/new_map_con'
[0.650s] INFO:colcon.colcon_core.shell:Skip shell extension 'powershell' for command environment: Not usable outside of PowerShell
[0.650s] DEBUG:colcon.colcon_core.shell:Skip shell extension 'dsv' for command environment
[0.656s] DEBUG:colcon.colcon_core.event_handler.log_command:Invoking command in '/home/haejum-park/2026_IFAC/build/particle_filter_cpp': CMAKE_PREFIX_PATH=/home/haejum-park/2026_IFAC/install/wpnt_publisher:/home/haejum-park/2026_IFAC/install/particle_filter_cpp:/home/haejum-park/2026_IFAC/install/global_planner:/home/haejum-park/2026_IFAC/install/new_map_con:/home/haejum-park/2026_IFAC/install/lap_timer:/home/haejum-park/2026_IFAC/install/amcl_localization:/home/haejum-park/sim_ws/install/f1tenth_gym_ros:/home/haejum-park/install/launch_testing_examples:/home/haejum-park/install/examples_rclpy_pointcloud_publisher:/home/haejum-park/install/examples_rclpy_minimal_subscriber:/home/haejum-park/install/examples_rclpy_minimal_service:/home/haejum-park/install/examples_rclpy_minimal_publisher:/home/haejum-park/install/examples_rclpy_minimal_client:/home/haejum-park/install/examples_rclpy_minimal_action_server:/home/haejum-park/install/examples_rclpy_minimal_action_client:/home/haejum-park/install/examples_rclpy_guard_conditions:/home/haejum-park/install/examples_rclpy_executors:/opt/ros/humble:/home/haejum-park/2026_IFAC/install/f110_msgs:/home/haejum-park/sim_ws/install/wall_follow:/home/haejum-park/sim_ws/install/lab5_pkg:/home/haejum-park/sim_ws/install/homework:/home/haejum-park/sim_ws/install/gap_follow:/home/haejum-park/install/wall_follow:/home/haejum-park/install/my_new_package:/home/haejum-park/install/homework:/home/haejum-park/install/gap_follow:/home/haejum-park/install/examples_rclcpp_wait_set:/home/haejum-park/install/examples_rclcpp_multithreaded_executor:/home/haejum-park/install/examples_rclcpp_minimal_timer:/home/haejum-park/install/examples_rclcpp_minimal_subscriber:/home/haejum-park/install/examples_rclcpp_minimal_service:/home/haejum-park/install/examples_rclcpp_minimal_publisher:/home/haejum-park/install/examples_rclcpp_minimal_composition:/home/haejum-park/install/examples_rclcpp_minimal_client:/home/haejum-park/install/examples_rclcpp_minimal_action_server:/home/haejum-park/install/examples_rclcpp_minimal_action_client:/home/haejum-park/install/examples_rclcpp_cbg_executor:/home/haejum-park/install/examples_rclcpp_async_client /usr/bin/cmake --build /home/haejum-park/2026_IFAC/build/particle_filter_cpp -- -j14 -l14
[0.658s] DEBUG:colcon.colcon_core.event_handler.log_command:Invoked command in '/home/haejum-park/2026_IFAC/build/f110_msgs' returned '0': CMAKE_PREFIX_PATH=/home/haejum-park/2026_IFAC/install/wpnt_publisher:/home/haejum-park/2026_IFAC/install/particle_filter_cpp:/home/haejum-park/2026_IFAC/install/global_planner:/home/haejum-park/2026_IFAC/install/new_map_con:/home/haejum-park/2026_IFAC/install/lap_timer:/home/haejum-park/2026_IFAC/install/amcl_localization:/home/haejum-park/sim_ws/install/f1tenth_gym_ros:/home/haejum-park/install/launch_testing_examples:/home/haejum-park/install/examples_rclpy_pointcloud_publisher:/home/haejum-park/install/examples_rclpy_minimal_subscriber:/home/haejum-park/install/examples_rclpy_minimal_service:/home/haejum-park/install/examples_rclpy_minimal_publisher:/home/haejum-park/install/examples_rclpy_minimal_client:/home/haejum-park/install/examples_rclpy_minimal_action_server:/home/haejum-park/install/examples_rclpy_minimal_action_client:/home/haejum-park/install/examples_rclpy_guard_conditions:/home/haejum-park/install/examples_rclpy_executors:/opt/ros/humble:/home/haejum-park/2026_IFAC/install/f110_msgs:/home/haejum-park/sim_ws/install/wall_follow:/home/haejum-park/sim_ws/install/lab5_pkg:/home/haejum-park/sim_ws/install/homework:/home/haejum-park/sim_ws/install/gap_follow:/home/haejum-park/install/wall_follow:/home/haejum-park/install/my_new_package:/home/haejum-park/install/homework:/home/haejum-park/install/gap_follow:/home/haejum-park/install/examples_rclcpp_wait_set:/home/haejum-park/install/examples_rclcpp_multithreaded_executor:/home/haejum-park/install/examples_rclcpp_minimal_timer:/home/haejum-park/install/examples_rclcpp_minimal_subscriber:/home/haejum-park/install/examples_rclcpp_minimal_service:/home/haejum-park/install/examples_rclcpp_minimal_publisher:/home/haejum-park/install/examples_rclcpp_minimal_composition:/home/haejum-park/install/examples_rclcpp_minimal_client:/home/haejum-park/install/examples_rclcpp_minimal_action_server:/home/haejum-park/install/examples_rclcpp_minimal_action_client:/home/haejum-park/install/examples_rclcpp_cbg_executor:/home/haejum-park/install/examples_rclcpp_async_client /usr/bin/cmake --build /home/haejum-park/2026_IFAC/build/f110_msgs -- -j14 -l14
[0.667s] DEBUG:colcon.colcon_core.event_handler.log_command:Invoking command in '/home/haejum-park/2026_IFAC/build/f110_msgs': CMAKE_PREFIX_PATH=/home/haejum-park/2026_IFAC/install/wpnt_publisher:/home/haejum-park/2026_IFAC/install/particle_filter_cpp:/home/haejum-park/2026_IFAC/install/global_planner:/home/haejum-park/2026_IFAC/install/new_map_con:/home/haejum-park/2026_IFAC/install/lap_timer:/home/haejum-park/2026_IFAC/install/amcl_localization:/home/haejum-park/sim_ws/install/f1tenth_gym_ros:/home/haejum-park/install/launch_testing_examples:/home/haejum-park/install/examples_rclpy_pointcloud_publisher:/home/haejum-park/install/examples_rclpy_minimal_subscriber:/home/haejum-park/install/examples_rclpy_minimal_service:/home/haejum-park/install/examples_rclpy_minimal_publisher:/home/haejum-park/install/examples_rclpy_minimal_client:/home/haejum-park/install/examples_rclpy_minimal_action_server:/home/haejum-park/install/examples_rclpy_minimal_action_client:/home/haejum-park/install/examples_rclpy_guard_conditions:/home/haejum-park/install/examples_rclpy_executors:/opt/ros/humble:/home/haejum-park/2026_IFAC/install/f110_msgs:/home/haejum-park/sim_ws/install/wall_follow:/home/haejum-park/sim_ws/install/lab5_pkg:/home/haejum-park/sim_ws/install/homework:/home/haejum-park/sim_ws/install/gap_follow:/home/haejum-park/install/wall_follow:/home/haejum-park/install/my_new_package:/home/haejum-park/install/homework:/home/haejum-park/install/gap_follow:/home/haejum-park/install/examples_rclcpp_wait_set:/home/haejum-park/install/examples_rclcpp_multithreaded_executor:/home/haejum-park/install/examples_rclcpp_minimal_timer:/home/haejum-park/install/examples_rclcpp_minimal_subscriber:/home/haejum-park/install/examples_rclcpp_minimal_service:/home/haejum-park/install/examples_rclcpp_minimal_publisher:/home/haejum-park/install/examples_rclcpp_minimal_composition:/home/haejum-park/install/examples_rclcpp_minimal_client:/home/haejum-park/install/examples_rclcpp_minimal_action_server:/home/haejum-park/install/examples_rclcpp_minimal_action_client:/home/haejum-park/install/examples_rclcpp_cbg_executor:/home/haejum-park/install/examples_rclcpp_async_client /usr/bin/cmake --install /home/haejum-park/2026_IFAC/build/f110_msgs
[0.733s] Level 1:colcon.colcon_core.environment:create_environment_scripts_only(f110_msgs)
[0.735s] Level 1:colcon.colcon_core.environment:checking '/home/haejum-park/2026_IFAC/install/f110_msgs' for CMake module files
[0.737s] DEBUG:colcon.colcon_core.event_handler.log_command:Invoked command in '/home/haejum-park/2026_IFAC/build/f110_msgs' returned '0': CMAKE_PREFIX_PATH=/home/haejum-park/2026_IFAC/install/wpnt_publisher:/home/haejum-park/2026_IFAC/install/particle_filter_cpp:/home/haejum-park/2026_IFAC/install/global_planner:/home/haejum-park/2026_IFAC/install/new_map_con:/home/haejum-park/2026_IFAC/install/lap_timer:/home/haejum-park/2026_IFAC/install/amcl_localization:/home/haejum-park/sim_ws/install/f1tenth_gym_ros:/home/haejum-park/install/launch_testing_examples:/home/haejum-park/install/examples_rclpy_pointcloud_publisher:/home/haejum-park/install/examples_rclpy_minimal_subscriber:/home/haejum-park/install/examples_rclpy_minimal_service:/home/haejum-park/install/examples_rclpy_minimal_publisher:/home/haejum-park/install/examples_rclpy_minimal_client:/home/haejum-park/install/examples_rclpy_minimal_action_server:/home/haejum-park/install/examples_rclpy_minimal_action_client:/home/haejum-park/install/examples_rclpy_guard_conditions:/home/haejum-park/install/examples_rclpy_executors:/opt/ros/humble:/home/haejum-park/2026_IFAC/install/f110_msgs:/home/haejum-park/sim_ws/install/wall_follow:/home/haejum-park/sim_ws/install/lab5_pkg:/home/haejum-park/sim_ws/install/homework:/home/haejum-park/sim_ws/install/gap_follow:/home/haejum-park/install/wall_follow:/home/haejum-park/install/my_new_package:/home/haejum-park/install/homework:/home/haejum-park/install/gap_follow:/home/haejum-park/install/examples_rclcpp_wait_set:/home/haejum-park/install/examples_rclcpp_multithreaded_executor:/home/haejum-park/install/examples_rclcpp_minimal_timer:/home/haejum-park/install/examples_rclcpp_minimal_subscriber:/home/haejum-park/install/examples_rclcpp_minimal_service:/home/haejum-park/install/examples_rclcpp_minimal_publisher:/home/haejum-park/install/examples_rclcpp_minimal_composition:/home/haejum-park/install/examples_rclcpp_minimal_client:/home/haejum-park/install/examples_rclcpp_minimal_action_server:/home/haejum-park/install/examples_rclcpp_minimal_action_client:/home/haejum-park/install/examples_rclcpp_cbg_executor:/home/haejum-park/install/examples_rclcpp_async_client /usr/bin/cmake --install /home/haejum-park/2026_IFAC/build/f110_msgs
[0.738s] Level 1:colcon.colcon_core.environment:checking '/home/haejum-park/2026_IFAC/install/f110_msgs' for CMake config files
[0.739s] Level 1:colcon.colcon_core.shell:create_environment_hook('f110_msgs', 'cmake_prefix_path')
[0.741s] INFO:colcon.colcon_core.shell:Creating environment hook '/home/haejum-park/2026_IFAC/install/f110_msgs/share/f110_msgs/hook/cmake_prefix_path.ps1'
[0.742s] INFO:colcon.colcon_core.shell:Creating environment descriptor '/home/haejum-park/2026_IFAC/install/f110_msgs/share/f110_msgs/hook/cmake_prefix_path.dsv'
[0.742s] INFO:colcon.colcon_core.shell:Creating environment hook '/home/haejum-park/2026_IFAC/install/f110_msgs/share/f110_msgs/hook/cmake_prefix_path.sh'
[0.742s] Level 1:colcon.colcon_core.environment:checking '/home/haejum-park/2026_IFAC/install/f110_msgs/lib'
[0.742s] Level 1:colcon.colcon_core.shell:create_environment_hook('f110_msgs', 'ld_library_path_lib')
[0.743s] INFO:colcon.colcon_core.shell:Creating environment hook '/home/haejum-park/2026_IFAC/install/f110_msgs/share/f110_msgs/hook/ld_library_path_lib.ps1'
[0.743s] INFO:colcon.colcon_core.shell:Creating environment descriptor '/home/haejum-park/2026_IFAC/install/f110_msgs/share/f110_msgs/hook/ld_library_path_lib.dsv'
[0.743s] INFO:colcon.colcon_core.shell:Creating environment hook '/home/haejum-park/2026_IFAC/install/f110_msgs/share/f110_msgs/hook/ld_library_path_lib.sh'
[0.743s] Level 1:colcon.colcon_core.environment:checking '/home/haejum-park/2026_IFAC/install/f110_msgs/bin'
[0.743s] Level 1:colcon.colcon_core.environment:checking '/home/haejum-park/2026_IFAC/install/f110_msgs/lib/pkgconfig/f110_msgs.pc'
[0.743s] Level 1:colcon.colcon_core.environment:checking '/home/haejum-park/2026_IFAC/install/f110_msgs/lib/python3.10/site-packages'
[0.743s] Level 1:colcon.colcon_core.environment:checking '/home/haejum-park/2026_IFAC/install/f110_msgs/bin'
[0.744s] INFO:colcon.colcon_core.shell:Creating package script '/home/haejum-park/2026_IFAC/install/f110_msgs/share/f110_msgs/package.ps1'
[0.744s] INFO:colcon.colcon_core.shell:Creating package descriptor '/home/haejum-park/2026_IFAC/install/f110_msgs/share/f110_msgs/package.dsv'
[0.744s] INFO:colcon.colcon_core.shell:Creating package script '/home/haejum-park/2026_IFAC/install/f110_msgs/share/f110_msgs/package.sh'
[0.744s] INFO:colcon.colcon_core.shell:Creating package script '/home/haejum-park/2026_IFAC/install/f110_msgs/share/f110_msgs/package.bash'
[0.745s] INFO:colcon.colcon_core.shell:Creating package script '/home/haejum-park/2026_IFAC/install/f110_msgs/share/f110_msgs/package.zsh'
[0.745s] Level 1:colcon.colcon_core.environment:create_file_with_runtime_dependencies(/home/haejum-park/2026_IFAC/install/f110_msgs/share/colcon-core/packages/f110_msgs)
[0.745s] Level 1:colcon.colcon_core.environment:create_environment_scripts_only(f110_msgs)
[0.745s] Level 1:colcon.colcon_core.environment:checking '/home/haejum-park/2026_IFAC/install/f110_msgs' for CMake module files
[0.746s] Level 1:colcon.colcon_core.environment:checking '/home/haejum-park/2026_IFAC/install/f110_msgs' for CMake config files
[0.746s] Level 1:colcon.colcon_core.shell:create_environment_hook('f110_msgs', 'cmake_prefix_path')
[0.747s] INFO:colcon.colcon_core.shell:Creating environment hook '/home/haejum-park/2026_IFAC/install/f110_msgs/share/f110_msgs/hook/cmake_prefix_path.ps1'
[0.747s] INFO:colcon.colcon_core.shell:Creating environment descriptor '/home/haejum-park/2026_IFAC/install/f110_msgs/share/f110_msgs/hook/cmake_prefix_path.dsv'
[0.747s] INFO:colcon.colcon_core.shell:Creating environment hook '/home/haejum-park/2026_IFAC/install/f110_msgs/share/f110_msgs/hook/cmake_prefix_path.sh'
[0.747s] Level 1:colcon.colcon_core.environment:checking '/home/haejum-park/2026_IFAC/install/f110_msgs/lib'
[0.747s] Level 1:colcon.colcon_core.shell:create_environment_hook('f110_msgs', 'ld_library_path_lib')
[0.747s] INFO:colcon.colcon_core.shell:Creating environment hook '/home/haejum-park/2026_IFAC/install/f110_msgs/share/f110_msgs/hook/ld_library_path_lib.ps1'
[0.747s] INFO:colcon.colcon_core.shell:Creating environment descriptor '/home/haejum-park/2026_IFAC/install/f110_msgs/share/f110_msgs/hook/ld_library_path_lib.dsv'
[0.747s] INFO:colcon.colcon_core.shell:Creating environment hook '/home/haejum-park/2026_IFAC/install/f110_msgs/share/f110_msgs/hook/ld_library_path_lib.sh'
[0.748s] Level 1:colcon.colcon_core.environment:checking '/home/haejum-park/2026_IFAC/install/f110_msgs/bin'
[0.748s] Level 1:colcon.colcon_core.environment:checking '/home/haejum-park/2026_IFAC/install/f110_msgs/lib/pkgconfig/f110_msgs.pc'
[0.748s] Level 1:colcon.colcon_core.environment:checking '/home/haejum-park/2026_IFAC/install/f110_msgs/lib/python3.10/site-packages'
[0.748s] Level 1:colcon.colcon_core.environment:checking '/home/haejum-park/2026_IFAC/install/f110_msgs/bin'
[0.748s] INFO:colcon.colcon_core.shell:Creating package script '/home/haejum-park/2026_IFAC/install/f110_msgs/share/f110_msgs/package.ps1'
[0.748s] INFO:colcon.colcon_core.shell:Creating package descriptor '/home/haejum-park/2026_IFAC/install/f110_msgs/share/f110_msgs/package.dsv'
[0.748s] INFO:colcon.colcon_core.shell:Creating package script '/home/haejum-park/2026_IFAC/install/f110_msgs/share/f110_msgs/package.sh'
[0.749s] INFO:colcon.colcon_core.shell:Creating package script '/home/haejum-park/2026_IFAC/install/f110_msgs/share/f110_msgs/package.bash'
[0.749s] INFO:colcon.colcon_core.shell:Creating package script '/home/haejum-park/2026_IFAC/install/f110_msgs/share/f110_msgs/package.zsh'
[0.749s] Level 1:colcon.colcon_core.environment:create_file_with_runtime_dependencies(/home/haejum-park/2026_IFAC/install/f110_msgs/share/colcon-core/packages/f110_msgs)
[0.749s] INFO:colcon.colcon_ros.task.ament_cmake.build:Building ROS package in '/home/haejum-park/2026_IFAC/planning/global_planner' with build type 'ament_cmake'
[0.749s] INFO:colcon.colcon_cmake.task.cmake.build:Building CMake package in '/home/haejum-park/2026_IFAC/planning/global_planner'
[0.749s] INFO:colcon.colcon_core.shell:Skip shell extension 'powershell' for command environment: Not usable outside of PowerShell
[0.749s] DEBUG:colcon.colcon_core.shell:Skip shell extension 'dsv' for command environment
[0.752s] INFO:colcon.colcon_ros.task.ament_cmake.build:Building ROS package in '/home/haejum-park/2026_IFAC/wpnt_publisher' with build type 'ament_cmake'
[0.752s] INFO:colcon.colcon_cmake.task.cmake.build:Building CMake package in '/home/haejum-park/2026_IFAC/wpnt_publisher'
[0.752s] INFO:colcon.colcon_core.shell:Skip shell extension 'powershell' for command environment: Not usable outside of PowerShell
[0.752s] DEBUG:colcon.colcon_core.shell:Skip shell extension 'dsv' for command environment
[0.756s] DEBUG:colcon.colcon_core.event_handler.log_command:Invoked command in '/home/haejum-park/2026_IFAC/build/particle_filter_cpp' returned '0': CMAKE_PREFIX_PATH=/home/haejum-park/2026_IFAC/install/wpnt_publisher:/home/haejum-park/2026_IFAC/install/particle_filter_cpp:/home/haejum-park/2026_IFAC/install/global_planner:/home/haejum-park/2026_IFAC/install/new_map_con:/home/haejum-park/2026_IFAC/install/lap_timer:/home/haejum-park/2026_IFAC/install/amcl_localization:/home/haejum-park/sim_ws/install/f1tenth_gym_ros:/home/haejum-park/install/launch_testing_examples:/home/haejum-park/install/examples_rclpy_pointcloud_publisher:/home/haejum-park/install/examples_rclpy_minimal_subscriber:/home/haejum-park/install/examples_rclpy_minimal_service:/home/haejum-park/install/examples_rclpy_minimal_publisher:/home/haejum-park/install/examples_rclpy_minimal_client:/home/haejum-park/install/examples_rclpy_minimal_action_server:/home/haejum-park/install/examples_rclpy_minimal_action_client:/home/haejum-park/install/examples_rclpy_guard_conditions:/home/haejum-park/install/examples_rclpy_executors:/opt/ros/humble:/home/haejum-park/2026_IFAC/install/f110_msgs:/home/haejum-park/sim_ws/install/wall_follow:/home/haejum-park/sim_ws/install/lab5_pkg:/home/haejum-park/sim_ws/install/homework:/home/haejum-park/sim_ws/install/gap_follow:/home/haejum-park/install/wall_follow:/home/haejum-park/install/my_new_package:/home/haejum-park/install/homework:/home/haejum-park/install/gap_follow:/home/haejum-park/install/examples_rclcpp_wait_set:/home/haejum-park/install/examples_rclcpp_multithreaded_executor:/home/haejum-park/install/examples_rclcpp_minimal_timer:/home/haejum-park/install/examples_rclcpp_minimal_subscriber:/home/haejum-park/install/examples_rclcpp_minimal_service:/home/haejum-park/install/examples_rclcpp_minimal_publisher:/home/haejum-park/install/examples_rclcpp_minimal_composition:/home/haejum-park/install/examples_rclcpp_minimal_client:/home/haejum-park/install/examples_rclcpp_minimal_action_server:/home/haejum-park/install/examples_rclcpp_minimal_action_client:/home/haejum-park/install/examples_rclcpp_cbg_executor:/home/haejum-park/install/examples_rclcpp_async_client /usr/bin/cmake --build /home/haejum-park/2026_IFAC/build/particle_filter_cpp -- -j14 -l14
[0.757s] DEBUG:colcon.colcon_core.event_handler.log_command:Invoking command in '/home/haejum-park/2026_IFAC/build/particle_filter_cpp': CMAKE_PREFIX_PATH=/home/haejum-park/2026_IFAC/install/wpnt_publisher:/home/haejum-park/2026_IFAC/install/particle_filter_cpp:/home/haejum-park/2026_IFAC/install/global_planner:/home/haejum-park/2026_IFAC/install/new_map_con:/home/haejum-park/2026_IFAC/install/lap_timer:/home/haejum-park/2026_IFAC/install/amcl_localization:/home/haejum-park/sim_ws/install/f1tenth_gym_ros:/home/haejum-park/install/launch_testing_examples:/home/haejum-park/install/examples_rclpy_pointcloud_publisher:/home/haejum-park/install/examples_rclpy_minimal_subscriber:/home/haejum-park/install/examples_rclpy_minimal_service:/home/haejum-park/install/examples_rclpy_minimal_publisher:/home/haejum-park/install/examples_rclpy_minimal_client:/home/haejum-park/install/examples_rclpy_minimal_action_server:/home/haejum-park/install/examples_rclpy_minimal_action_client:/home/haejum-park/install/examples_rclpy_guard_conditions:/home/haejum-park/install/examples_rclpy_executors:/opt/ros/humble:/home/haejum-park/2026_IFAC/install/f110_msgs:/home/haejum-park/sim_ws/install/wall_follow:/home/haejum-park/sim_ws/install/lab5_pkg:/home/haejum-park/sim_ws/install/homework:/home/haejum-park/sim_ws/install/gap_follow:/home/haejum-park/install/wall_follow:/home/haejum-park/install/my_new_package:/home/haejum-park/install/homework:/home/haejum-park/install/gap_follow:/home/haejum-park/install/examples_rclcpp_wait_set:/home/haejum-park/install/examples_rclcpp_multithreaded_executor:/home/haejum-park/install/examples_rclcpp_minimal_timer:/home/haejum-park/install/examples_rclcpp_minimal_subscriber:/home/haejum-park/install/examples_rclcpp_minimal_service:/home/haejum-park/install/examples_rclcpp_minimal_publisher:/home/haejum-park/install/examples_rclcpp_minimal_composition:/home/haejum-park/install/examples_rclcpp_minimal_client:/home/haejum-park/install/examples_rclcpp_minimal_action_server:/home/haejum-park/install/examples_rclcpp_minimal_action_client:/home/haejum-park/install/examples_rclcpp_cbg_executor:/home/haejum-park/install/examples_rclcpp_async_client /usr/bin/cmake --install /home/haejum-park/2026_IFAC/build/particle_filter_cpp
[0.759s] DEBUG:colcon.colcon_core.event_handler.log_command:Invoking command in '/home/haejum-park/2026_IFAC/build/global_planner': CMAKE_PREFIX_PATH=/home/haejum-park/2026_IFAC/install/new_map_con:/home/haejum-park/2026_IFAC/install/lap_timer:/home/haejum-park/2026_IFAC/install/amcl_localization:/home/haejum-park/sim_ws/install/f1tenth_gym_ros:/home/haejum-park/install/launch_testing_examples:/home/haejum-park/install/examples_rclpy_pointcloud_publisher:/home/haejum-park/install/examples_rclpy_minimal_subscriber:/home/haejum-park/install/examples_rclpy_minimal_service:/home/haejum-park/install/examples_rclpy_minimal_publisher:/home/haejum-park/install/examples_rclpy_minimal_client:/home/haejum-park/install/examples_rclpy_minimal_action_server:/home/haejum-park/install/examples_rclpy_minimal_action_client:/home/haejum-park/install/examples_rclpy_guard_conditions:/home/haejum-park/install/examples_rclpy_executors:/opt/ros/humble:/home/haejum-park/2026_IFAC/install/f110_msgs:/home/haejum-park/2026_IFAC/install/wpnt_publisher:/home/haejum-park/2026_IFAC/install/particle_filter_cpp:/home/haejum-park/2026_IFAC/install/global_planner:/home/haejum-park/sim_ws/install/wall_follow:/home/haejum-park/sim_ws/install/lab5_pkg:/home/haejum-park/sim_ws/install/homework:/home/haejum-park/sim_ws/install/gap_follow:/home/haejum-park/install/wall_follow:/home/haejum-park/install/my_new_package:/home/haejum-park/install/homework:/home/haejum-park/install/gap_follow:/home/haejum-park/install/examples_rclcpp_wait_set:/home/haejum-park/install/examples_rclcpp_multithreaded_executor:/home/haejum-park/install/examples_rclcpp_minimal_timer:/home/haejum-park/install/examples_rclcpp_minimal_subscriber:/home/haejum-park/install/examples_rclcpp_minimal_service:/home/haejum-park/install/examples_rclcpp_minimal_publisher:/home/haejum-park/install/examples_rclcpp_minimal_composition:/home/haejum-park/install/examples_rclcpp_minimal_client:/home/haejum-park/install/examples_rclcpp_minimal_action_server:/home/haejum-park/install/examples_rclcpp_minimal_action_client:/home/haejum-park/install/examples_rclcpp_cbg_executor:/home/haejum-park/install/examples_rclcpp_async_client LD_LIBRARY_PATH=/home/haejum-park/2026_IFAC/install/f110_msgs/lib:/home/haejum-park/2026_IFAC/install/particle_filter_cpp/lib:/home/haejum-park/install/examples_rclcpp_wait_set/lib:/home/haejum-park/install/examples_rclcpp_minimal_subscriber/lib:/home/haejum-park/install/examples_rclcpp_minimal_composition/lib:/opt/ros/humble/opt/rviz_ogre_vendor/lib:/opt/ros/humble/lib/x86_64-linux-gnu:/opt/ros/humble/lib /usr/bin/cmake --build /home/haejum-park/2026_IFAC/build/global_planner -- -j14 -l14
[0.761s] DEBUG:colcon.colcon_core.event_handler.log_command:Invoking command in '/home/haejum-park/2026_IFAC/build/wpnt_publisher': CMAKE_PREFIX_PATH=/home/haejum-park/2026_IFAC/install/new_map_con:/home/haejum-park/2026_IFAC/install/lap_timer:/home/haejum-park/2026_IFAC/install/amcl_localization:/home/haejum-park/sim_ws/install/f1tenth_gym_ros:/home/haejum-park/install/launch_testing_examples:/home/haejum-park/install/examples_rclpy_pointcloud_publisher:/home/haejum-park/install/examples_rclpy_minimal_subscriber:/home/haejum-park/install/examples_rclpy_minimal_service:/home/haejum-park/install/examples_rclpy_minimal_publisher:/home/haejum-park/install/examples_rclpy_minimal_client:/home/haejum-park/install/examples_rclpy_minimal_action_server:/home/haejum-park/install/examples_rclpy_minimal_action_client:/home/haejum-park/install/examples_rclpy_guard_conditions:/home/haejum-park/install/examples_rclpy_executors:/opt/ros/humble:/home/haejum-park/2026_IFAC/install/f110_msgs:/home/haejum-park/2026_IFAC/install/wpnt_publisher:/home/haejum-park/2026_IFAC/install/particle_filter_cpp:/home/haejum-park/2026_IFAC/install/global_planner:/home/haejum-park/sim_ws/install/wall_follow:/home/haejum-park/sim_ws/install/lab5_pkg:/home/haejum-park/sim_ws/install/homework:/home/haejum-park/sim_ws/install/gap_follow:/home/haejum-park/install/wall_follow:/home/haejum-park/install/my_new_package:/home/haejum-park/install/homework:/home/haejum-park/install/gap_follow:/home/haejum-park/install/examples_rclcpp_wait_set:/home/haejum-park/install/examples_rclcpp_multithreaded_executor:/home/haejum-park/install/examples_rclcpp_minimal_timer:/home/haejum-park/install/examples_rclcpp_minimal_subscriber:/home/haejum-park/install/examples_rclcpp_minimal_service:/home/haejum-park/install/examples_rclcpp_minimal_publisher:/home/haejum-park/install/examples_rclcpp_minimal_composition:/home/haejum-park/install/examples_rclcpp_minimal_client:/home/haejum-park/install/examples_rclcpp_minimal_action_server:/home/haejum-park/install/examples_rclcpp_minimal_action_client:/home/haejum-park/install/examples_rclcpp_cbg_executor:/home/haejum-park/install/examples_rclcpp_async_client LD_LIBRARY_PATH=/home/haejum-park/2026_IFAC/install/f110_msgs/lib:/home/haejum-park/2026_IFAC/install/particle_filter_cpp/lib:/home/haejum-park/install/examples_rclcpp_wait_set/lib:/home/haejum-park/install/examples_rclcpp_minimal_subscriber/lib:/home/haejum-park/install/examples_rclcpp_minimal_composition/lib:/opt/ros/humble/opt/rviz_ogre_vendor/lib:/opt/ros/humble/lib/x86_64-linux-gnu:/opt/ros/humble/lib /usr/bin/cmake --build /home/haejum-park/2026_IFAC/build/wpnt_publisher -- -j14 -l14
[0.775s] Level 1:colcon.colcon_core.environment:create_environment_scripts_only(particle_filter_cpp)
[0.777s] Level 1:colcon.colcon_core.environment:checking '/home/haejum-park/2026_IFAC/install/particle_filter_cpp' for CMake module files
[0.778s] DEBUG:colcon.colcon_core.event_handler.log_command:Invoked command in '/home/haejum-park/2026_IFAC/build/particle_filter_cpp' returned '0': CMAKE_PREFIX_PATH=/home/haejum-park/2026_IFAC/install/wpnt_publisher:/home/haejum-park/2026_IFAC/install/particle_filter_cpp:/home/haejum-park/2026_IFAC/install/global_planner:/home/haejum-park/2026_IFAC/install/new_map_con:/home/haejum-park/2026_IFAC/install/lap_timer:/home/haejum-park/2026_IFAC/install/amcl_localization:/home/haejum-park/sim_ws/install/f1tenth_gym_ros:/home/haejum-park/install/launch_testing_examples:/home/haejum-park/install/examples_rclpy_pointcloud_publisher:/home/haejum-park/install/examples_rclpy_minimal_subscriber:/home/haejum-park/install/examples_rclpy_minimal_service:/home/haejum-park/install/examples_rclpy_minimal_publisher:/home/haejum-park/install/examples_rclpy_minimal_client:/home/haejum-park/install/examples_rclpy_minimal_action_server:/home/haejum-park/install/examples_rclpy_minimal_action_client:/home/haejum-park/install/examples_rclpy_guard_conditions:/home/haejum-park/install/examples_rclpy_executors:/opt/ros/humble:/home/haejum-park/2026_IFAC/install/f110_msgs:/home/haejum-park/sim_ws/install/wall_follow:/home/haejum-park/sim_ws/install/lab5_pkg:/home/haejum-park/sim_ws/install/homework:/home/haejum-park/sim_ws/install/gap_follow:/home/haejum-park/install/wall_follow:/home/haejum-park/install/my_new_package:/home/haejum-park/install/homework:/home/haejum-park/install/gap_follow:/home/haejum-park/install/examples_rclcpp_wait_set:/home/haejum-park/install/examples_rclcpp_multithreaded_executor:/home/haejum-park/install/examples_rclcpp_minimal_timer:/home/haejum-park/install/examples_rclcpp_minimal_subscriber:/home/haejum-park/install/examples_rclcpp_minimal_service:/home/haejum-park/install/examples_rclcpp_minimal_publisher:/home/haejum-park/install/examples_rclcpp_minimal_composition:/home/haejum-park/install/examples_rclcpp_minimal_client:/home/haejum-park/install/examples_rclcpp_minimal_action_server:/home/haejum-park/install/examples_rclcpp_minimal_action_client:/home/haejum-park/install/examples_rclcpp_cbg_executor:/home/haejum-park/install/examples_rclcpp_async_client /usr/bin/cmake --install /home/haejum-park/2026_IFAC/build/particle_filter_cpp
[0.778s] Level 1:colcon.colcon_core.environment:checking '/home/haejum-park/2026_IFAC/install/particle_filter_cpp' for CMake config files
[0.778s] Level 1:colcon.colcon_core.shell:create_environment_hook('particle_filter_cpp', 'cmake_prefix_path')
[0.778s] INFO:colcon.colcon_core.shell:Creating environment hook '/home/haejum-park/2026_IFAC/install/particle_filter_cpp/share/particle_filter_cpp/hook/cmake_prefix_path.ps1'
[0.779s] INFO:colcon.colcon_core.shell:Creating environment descriptor '/home/haejum-park/2026_IFAC/install/particle_filter_cpp/share/particle_filter_cpp/hook/cmake_prefix_path.dsv'
[0.779s] INFO:colcon.colcon_core.shell:Creating environment hook '/home/haejum-park/2026_IFAC/install/particle_filter_cpp/share/particle_filter_cpp/hook/cmake_prefix_path.sh'
[0.779s] Level 1:colcon.colcon_core.environment:checking '/home/haejum-park/2026_IFAC/install/particle_filter_cpp/lib'
[0.779s] Level 1:colcon.colcon_core.shell:create_environment_hook('particle_filter_cpp', 'ld_library_path_lib')
[0.779s] INFO:colcon.colcon_core.shell:Creating environment hook '/home/haejum-park/2026_IFAC/install/particle_filter_cpp/share/particle_filter_cpp/hook/ld_library_path_lib.ps1'
[0.779s] INFO:colcon.colcon_core.shell:Creating environment descriptor '/home/haejum-park/2026_IFAC/install/particle_filter_cpp/share/particle_filter_cpp/hook/ld_library_path_lib.dsv'
[0.780s] INFO:colcon.colcon_core.shell:Creating environment hook '/home/haejum-park/2026_IFAC/install/particle_filter_cpp/share/particle_filter_cpp/hook/ld_library_path_lib.sh'
[0.780s] Level 1:colcon.colcon_core.environment:checking '/home/haejum-park/2026_IFAC/install/particle_filter_cpp/bin'
[0.780s] Level 1:colcon.colcon_core.environment:checking '/home/haejum-park/2026_IFAC/install/particle_filter_cpp/lib/pkgconfig/particle_filter_cpp.pc'
[0.780s] Level 1:colcon.colcon_core.environment:checking '/home/haejum-park/2026_IFAC/install/particle_filter_cpp/lib/python3.10/site-packages'
[0.780s] Level 1:colcon.colcon_core.environment:checking '/home/haejum-park/2026_IFAC/install/particle_filter_cpp/bin'
[0.780s] INFO:colcon.colcon_core.shell:Creating package script '/home/haejum-park/2026_IFAC/install/particle_filter_cpp/share/particle_filter_cpp/package.ps1'
[0.781s] INFO:colcon.colcon_core.shell:Creating package descriptor '/home/haejum-park/2026_IFAC/install/particle_filter_cpp/share/particle_filter_cpp/package.dsv'
[0.781s] INFO:colcon.colcon_core.shell:Creating package script '/home/haejum-park/2026_IFAC/install/particle_filter_cpp/share/particle_filter_cpp/package.sh'
[0.781s] INFO:colcon.colcon_core.shell:Creating package script '/home/haejum-park/2026_IFAC/install/particle_filter_cpp/share/particle_filter_cpp/package.bash'
[0.781s] INFO:colcon.colcon_core.shell:Creating package script '/home/haejum-park/2026_IFAC/install/particle_filter_cpp/share/particle_filter_cpp/package.zsh'
[0.782s] Level 1:colcon.colcon_core.environment:create_file_with_runtime_dependencies(/home/haejum-park/2026_IFAC/install/particle_filter_cpp/share/colcon-core/packages/particle_filter_cpp)
[0.782s] Level 1:colcon.colcon_core.environment:create_environment_scripts_only(particle_filter_cpp)
[0.782s] Level 1:colcon.colcon_core.environment:checking '/home/haejum-park/2026_IFAC/install/particle_filter_cpp' for CMake module files
[0.782s] Level 1:colcon.colcon_core.environment:checking '/home/haejum-park/2026_IFAC/install/particle_filter_cpp' for CMake config files
[0.783s] Level 1:colcon.colcon_core.shell:create_environment_hook('particle_filter_cpp', 'cmake_prefix_path')
[0.783s] INFO:colcon.colcon_core.shell:Creating environment hook '/home/haejum-park/2026_IFAC/install/particle_filter_cpp/share/particle_filter_cpp/hook/cmake_prefix_path.ps1'
[0.783s] INFO:colcon.colcon_core.shell:Creating environment descriptor '/home/haejum-park/2026_IFAC/install/particle_filter_cpp/share/particle_filter_cpp/hook/cmake_prefix_path.dsv'
[0.783s] INFO:colcon.colcon_core.shell:Creating environment hook '/home/haejum-park/2026_IFAC/install/particle_filter_cpp/share/particle_filter_cpp/hook/cmake_prefix_path.sh'
[0.783s] Level 1:colcon.colcon_core.environment:checking '/home/haejum-park/2026_IFAC/install/particle_filter_cpp/lib'
[0.784s] Level 1:colcon.colcon_core.shell:create_environment_hook('particle_filter_cpp', 'ld_library_path_lib')
[0.784s] INFO:colcon.colcon_core.shell:Creating environment hook '/home/haejum-park/2026_IFAC/install/particle_filter_cpp/share/particle_filter_cpp/hook/ld_library_path_lib.ps1'
[0.784s] INFO:colcon.colcon_core.shell:Creating environment descriptor '/home/haejum-park/2026_IFAC/install/particle_filter_cpp/share/particle_filter_cpp/hook/ld_library_path_lib.dsv'
[0.784s] INFO:colcon.colcon_core.shell:Creating environment hook '/home/haejum-park/2026_IFAC/install/particle_filter_cpp/share/particle_filter_cpp/hook/ld_library_path_lib.sh'
[0.784s] Level 1:colcon.colcon_core.environment:checking '/home/haejum-park/2026_IFAC/install/particle_filter_cpp/bin'
[0.784s] Level 1:colcon.colcon_core.environment:checking '/home/haejum-park/2026_IFAC/install/particle_filter_cpp/lib/pkgconfig/particle_filter_cpp.pc'
[0.784s] Level 1:colcon.colcon_core.environment:checking '/home/haejum-park/2026_IFAC/install/particle_filter_cpp/lib/python3.10/site-packages'
[0.785s] Level 1:colcon.colcon_core.environment:checking '/home/haejum-park/2026_IFAC/install/particle_filter_cpp/bin'
[0.785s] INFO:colcon.colcon_core.shell:Creating package script '/home/haejum-park/2026_IFAC/install/particle_filter_cpp/share/particle_filter_cpp/package.ps1'
[0.785s] INFO:colcon.colcon_core.shell:Creating package descriptor '/home/haejum-park/2026_IFAC/install/particle_filter_cpp/share/particle_filter_cpp/package.dsv'
[0.785s] INFO:colcon.colcon_core.shell:Creating package script '/home/haejum-park/2026_IFAC/install/particle_filter_cpp/share/particle_filter_cpp/package.sh'
[0.785s] INFO:colcon.colcon_core.shell:Creating package script '/home/haejum-park/2026_IFAC/install/particle_filter_cpp/share/particle_filter_cpp/package.bash'
[0.786s] INFO:colcon.colcon_core.shell:Creating package script '/home/haejum-park/2026_IFAC/install/particle_filter_cpp/share/particle_filter_cpp/package.zsh'
[0.786s] Level 1:colcon.colcon_core.environment:create_file_with_runtime_dependencies(/home/haejum-park/2026_IFAC/install/particle_filter_cpp/share/colcon-core/packages/particle_filter_cpp)
[0.810s] DEBUG:colcon.colcon_core.event_handler.log_command:Invoked command in '/home/haejum-park/2026_IFAC/build/wpnt_publisher' returned '0': CMAKE_PREFIX_PATH=/home/haejum-park/2026_IFAC/install/new_map_con:/home/haejum-park/2026_IFAC/install/lap_timer:/home/haejum-park/2026_IFAC/install/amcl_localization:/home/haejum-park/sim_ws/install/f1tenth_gym_ros:/home/haejum-park/install/launch_testing_examples:/home/haejum-park/install/examples_rclpy_pointcloud_publisher:/home/haejum-park/install/examples_rclpy_minimal_subscriber:/home/haejum-park/install/examples_rclpy_minimal_service:/home/haejum-park/install/examples_rclpy_minimal_publisher:/home/haejum-park/install/examples_rclpy_minimal_client:/home/haejum-park/install/examples_rclpy_minimal_action_server:/home/haejum-park/install/examples_rclpy_minimal_action_client:/home/haejum-park/install/examples_rclpy_guard_conditions:/home/haejum-park/install/examples_rclpy_executors:/opt/ros/humble:/home/haejum-park/2026_IFAC/install/f110_msgs:/home/haejum-park/2026_IFAC/install/wpnt_publisher:/home/haejum-park/2026_IFAC/install/particle_filter_cpp:/home/haejum-park/2026_IFAC/install/global_planner:/home/haejum-park/sim_ws/install/wall_follow:/home/haejum-park/sim_ws/install/lab5_pkg:/home/haejum-park/sim_ws/install/homework:/home/haejum-park/sim_ws/install/gap_follow:/home/haejum-park/install/wall_follow:/home/haejum-park/install/my_new_package:/home/haejum-park/install/homework:/home/haejum-park/install/gap_follow:/home/haejum-park/install/examples_rclcpp_wait_set:/home/haejum-park/install/examples_rclcpp_multithreaded_executor:/home/haejum-park/install/examples_rclcpp_minimal_timer:/home/haejum-park/install/examples_rclcpp_minimal_subscriber:/home/haejum-park/install/examples_rclcpp_minimal_service:/home/haejum-park/install/examples_rclcpp_minimal_publisher:/home/haejum-park/install/examples_rclcpp_minimal_composition:/home/haejum-park/install/examples_rclcpp_minimal_client:/home/haejum-park/install/examples_rclcpp_minimal_action_server:/home/haejum-park/install/examples_rclcpp_minimal_action_client:/home/haejum-park/install/examples_rclcpp_cbg_executor:/home/haejum-park/install/examples_rclcpp_async_client LD_LIBRARY_PATH=/home/haejum-park/2026_IFAC/install/f110_msgs/lib:/home/haejum-park/2026_IFAC/install/particle_filter_cpp/lib:/home/haejum-park/install/examples_rclcpp_wait_set/lib:/home/haejum-park/install/examples_rclcpp_minimal_subscriber/lib:/home/haejum-park/install/examples_rclcpp_minimal_composition/lib:/opt/ros/humble/opt/rviz_ogre_vendor/lib:/opt/ros/humble/lib/x86_64-linux-gnu:/opt/ros/humble/lib /usr/bin/cmake --build /home/haejum-park/2026_IFAC/build/wpnt_publisher -- -j14 -l14
[0.811s] DEBUG:colcon.colcon_core.event_handler.log_command:Invoking command in '/home/haejum-park/2026_IFAC/build/wpnt_publisher': CMAKE_PREFIX_PATH=/home/haejum-park/2026_IFAC/install/new_map_con:/home/haejum-park/2026_IFAC/install/lap_timer:/home/haejum-park/2026_IFAC/install/amcl_localization:/home/haejum-park/sim_ws/install/f1tenth_gym_ros:/home/haejum-park/install/launch_testing_examples:/home/haejum-park/install/examples_rclpy_pointcloud_publisher:/home/haejum-park/install/examples_rclpy_minimal_subscriber:/home/haejum-park/install/examples_rclpy_minimal_service:/home/haejum-park/install/examples_rclpy_minimal_publisher:/home/haejum-park/install/examples_rclpy_minimal_client:/home/haejum-park/install/examples_rclpy_minimal_action_server:/home/haejum-park/install/examples_rclpy_minimal_action_client:/home/haejum-park/install/examples_rclpy_guard_conditions:/home/haejum-park/install/examples_rclpy_executors:/opt/ros/humble:/home/haejum-park/2026_IFAC/install/f110_msgs:/home/haejum-park/2026_IFAC/install/wpnt_publisher:/home/haejum-park/2026_IFAC/install/particle_filter_cpp:/home/haejum-park/2026_IFAC/install/global_planner:/home/haejum-park/sim_ws/install/wall_follow:/home/haejum-park/sim_ws/install/lab5_pkg:/home/haejum-park/sim_ws/install/homework:/home/haejum-park/sim_ws/install/gap_follow:/home/haejum-park/install/wall_follow:/home/haejum-park/install/my_new_package:/home/haejum-park/install/homework:/home/haejum-park/install/gap_follow:/home/haejum-park/install/examples_rclcpp_wait_set:/home/haejum-park/install/examples_rclcpp_multithreaded_executor:/home/haejum-park/install/examples_rclcpp_minimal_timer:/home/haejum-park/install/examples_rclcpp_minimal_subscriber:/home/haejum-park/install/examples_rclcpp_minimal_service:/home/haejum-park/install/examples_rclcpp_minimal_publisher:/home/haejum-park/install/examples_rclcpp_minimal_composition:/home/haejum-park/install/examples_rclcpp_minimal_client:/home/haejum-park/install/examples_rclcpp_minimal_action_server:/home/haejum-park/install/examples_rclcpp_minimal_action_client:/home/haejum-park/install/examples_rclcpp_cbg_executor:/home/haejum-park/install/examples_rclcpp_async_client LD_LIBRARY_PATH=/home/haejum-park/2026_IFAC/install/f110_msgs/lib:/home/haejum-park/2026_IFAC/install/particle_filter_cpp/lib:/home/haejum-park/install/examples_rclcpp_wait_set/lib:/home/haejum-park/install/examples_rclcpp_minimal_subscriber/lib:/home/haejum-park/install/examples_rclcpp_minimal_composition/lib:/opt/ros/humble/opt/rviz_ogre_vendor/lib:/opt/ros/humble/lib/x86_64-linux-gnu:/opt/ros/humble/lib /usr/bin/cmake --install /home/haejum-park/2026_IFAC/build/wpnt_publisher
[0.821s] DEBUG:colcon.colcon_core.event_handler.log_command:Invoked command in '/home/haejum-park/2026_IFAC/build/global_planner' returned '0': CMAKE_PREFIX_PATH=/home/haejum-park/2026_IFAC/install/new_map_con:/home/haejum-park/2026_IFAC/install/lap_timer:/home/haejum-park/2026_IFAC/install/amcl_localization:/home/haejum-park/sim_ws/install/f1tenth_gym_ros:/home/haejum-park/install/launch_testing_examples:/home/haejum-park/install/examples_rclpy_pointcloud_publisher:/home/haejum-park/install/examples_rclpy_minimal_subscriber:/home/haejum-park/install/examples_rclpy_minimal_service:/home/haejum-park/install/examples_rclpy_minimal_publisher:/home/haejum-park/install/examples_rclpy_minimal_client:/home/haejum-park/install/examples_rclpy_minimal_action_server:/home/haejum-park/install/examples_rclpy_minimal_action_client:/home/haejum-park/install/examples_rclpy_guard_conditions:/home/haejum-park/install/examples_rclpy_executors:/opt/ros/humble:/home/haejum-park/2026_IFAC/install/f110_msgs:/home/haejum-park/2026_IFAC/install/wpnt_publisher:/home/haejum-park/2026_IFAC/install/particle_filter_cpp:/home/haejum-park/2026_IFAC/install/global_planner:/home/haejum-park/sim_ws/install/wall_follow:/home/haejum-park/sim_ws/install/lab5_pkg:/home/haejum-park/sim_ws/install/homework:/home/haejum-park/sim_ws/install/gap_follow:/home/haejum-park/install/wall_follow:/home/haejum-park/install/my_new_package:/home/haejum-park/install/homework:/home/haejum-park/install/gap_follow:/home/haejum-park/install/examples_rclcpp_wait_set:/home/haejum-park/install/examples_rclcpp_multithreaded_executor:/home/haejum-park/install/examples_rclcpp_minimal_timer:/home/haejum-park/install/examples_rclcpp_minimal_subscriber:/home/haejum-park/install/examples_rclcpp_minimal_service:/home/haejum-park/install/examples_rclcpp_minimal_publisher:/home/haejum-park/install/examples_rclcpp_minimal_composition:/home/haejum-park/install/examples_rclcpp_minimal_client:/home/haejum-park/install/examples_rclcpp_minimal_action_server:/home/haejum-park/install/examples_rclcpp_minimal_action_client:/home/haejum-park/install/examples_rclcpp_cbg_executor:/home/haejum-park/install/examples_rclcpp_async_client LD_LIBRARY_PATH=/home/haejum-park/2026_IFAC/install/f110_msgs/lib:/home/haejum-park/2026_IFAC/install/particle_filter_cpp/lib:/home/haejum-park/install/examples_rclcpp_wait_set/lib:/home/haejum-park/install/examples_rclcpp_minimal_subscriber/lib:/home/haejum-park/install/examples_rclcpp_minimal_composition/lib:/opt/ros/humble/opt/rviz_ogre_vendor/lib:/opt/ros/humble/lib/x86_64-linux-gnu:/opt/ros/humble/lib /usr/bin/cmake --build /home/haejum-park/2026_IFAC/build/global_planner -- -j14 -l14
[0.822s] DEBUG:colcon.colcon_core.event_handler.log_command:Invoking command in '/home/haejum-park/2026_IFAC/build/global_planner': CMAKE_PREFIX_PATH=/home/haejum-park/2026_IFAC/install/new_map_con:/home/haejum-park/2026_IFAC/install/lap_timer:/home/haejum-park/2026_IFAC/install/amcl_localization:/home/haejum-park/sim_ws/install/f1tenth_gym_ros:/home/haejum-park/install/launch_testing_examples:/home/haejum-park/install/examples_rclpy_pointcloud_publisher:/home/haejum-park/install/examples_rclpy_minimal_subscriber:/home/haejum-park/install/examples_rclpy_minimal_service:/home/haejum-park/install/examples_rclpy_minimal_publisher:/home/haejum-park/install/examples_rclpy_minimal_client:/home/haejum-park/install/examples_rclpy_minimal_action_server:/home/haejum-park/install/examples_rclpy_minimal_action_client:/home/haejum-park/install/examples_rclpy_guard_conditions:/home/haejum-park/install/examples_rclpy_executors:/opt/ros/humble:/home/haejum-park/2026_IFAC/install/f110_msgs:/home/haejum-park/2026_IFAC/install/wpnt_publisher:/home/haejum-park/2026_IFAC/install/particle_filter_cpp:/home/haejum-park/2026_IFAC/install/global_planner:/home/haejum-park/sim_ws/install/wall_follow:/home/haejum-park/sim_ws/install/lab5_pkg:/home/haejum-park/sim_ws/install/homework:/home/haejum-park/sim_ws/install/gap_follow:/home/haejum-park/install/wall_follow:/home/haejum-park/install/my_new_package:/home/haejum-park/install/homework:/home/haejum-park/install/gap_follow:/home/haejum-park/install/examples_rclcpp_wait_set:/home/haejum-park/install/examples_rclcpp_multithreaded_executor:/home/haejum-park/install/examples_rclcpp_minimal_timer:/home/haejum-park/install/examples_rclcpp_minimal_subscriber:/home/haejum-park/install/examples_rclcpp_minimal_service:/home/haejum-park/install/examples_rclcpp_minimal_publisher:/home/haejum-park/install/examples_rclcpp_minimal_composition:/home/haejum-park/install/examples_rclcpp_minimal_client:/home/haejum-park/install/examples_rclcpp_minimal_action_server:/home/haejum-park/install/examples_rclcpp_minimal_action_client:/home/haejum-park/install/examples_rclcpp_cbg_executor:/home/haejum-park/install/examples_rclcpp_async_client LD_LIBRARY_PATH=/home/haejum-park/2026_IFAC/install/f110_msgs/lib:/home/haejum-park/2026_IFAC/install/particle_filter_cpp/lib:/home/haejum-park/install/examples_rclcpp_wait_set/lib:/home/haejum-park/install/examples_rclcpp_minimal_subscriber/lib:/home/haejum-park/install/examples_rclcpp_minimal_composition/lib:/opt/ros/humble/opt/rviz_ogre_vendor/lib:/opt/ros/humble/lib/x86_64-linux-gnu:/opt/ros/humble/lib /usr/bin/cmake --install /home/haejum-park/2026_IFAC/build/global_planner
[0.822s] Level 1:colcon.colcon_core.environment:create_environment_scripts_only(wpnt_publisher)
[0.822s] DEBUG:colcon.colcon_core.event_handler.log_command:Invoked command in '/home/haejum-park/2026_IFAC/build/wpnt_publisher' returned '0': CMAKE_PREFIX_PATH=/home/haejum-park/2026_IFAC/install/new_map_con:/home/haejum-park/2026_IFAC/install/lap_timer:/home/haejum-park/2026_IFAC/install/amcl_localization:/home/haejum-park/sim_ws/install/f1tenth_gym_ros:/home/haejum-park/install/launch_testing_examples:/home/haejum-park/install/examples_rclpy_pointcloud_publisher:/home/haejum-park/install/examples_rclpy_minimal_subscriber:/home/haejum-park/install/examples_rclpy_minimal_service:/home/haejum-park/install/examples_rclpy_minimal_publisher:/home/haejum-park/install/examples_rclpy_minimal_client:/home/haejum-park/install/examples_rclpy_minimal_action_server:/home/haejum-park/install/examples_rclpy_minimal_action_client:/home/haejum-park/install/examples_rclpy_guard_conditions:/home/haejum-park/install/examples_rclpy_executors:/opt/ros/humble:/home/haejum-park/2026_IFAC/install/f110_msgs:/home/haejum-park/2026_IFAC/install/wpnt_publisher:/home/haejum-park/2026_IFAC/install/particle_filter_cpp:/home/haejum-park/2026_IFAC/install/global_planner:/home/haejum-park/sim_ws/install/wall_follow:/home/haejum-park/sim_ws/install/lab5_pkg:/home/haejum-park/sim_ws/install/homework:/home/haejum-park/sim_ws/install/gap_follow:/home/haejum-park/install/wall_follow:/home/haejum-park/install/my_new_package:/home/haejum-park/install/homework:/home/haejum-park/install/gap_follow:/home/haejum-park/install/examples_rclcpp_wait_set:/home/haejum-park/install/examples_rclcpp_multithreaded_executor:/home/haejum-park/install/examples_rclcpp_minimal_timer:/home/haejum-park/install/examples_rclcpp_minimal_subscriber:/home/haejum-park/install/examples_rclcpp_minimal_service:/home/haejum-park/install/examples_rclcpp_minimal_publisher:/home/haejum-park/install/examples_rclcpp_minimal_composition:/home/haejum-park/install/examples_rclcpp_minimal_client:/home/haejum-park/install/examples_rclcpp_minimal_action_server:/home/haejum-park/install/examples_rclcpp_minimal_action_client:/home/haejum-park/install/examples_rclcpp_cbg_executor:/home/haejum-park/install/examples_rclcpp_async_client LD_LIBRARY_PATH=/home/haejum-park/2026_IFAC/install/f110_msgs/lib:/home/haejum-park/2026_IFAC/install/particle_filter_cpp/lib:/home/haejum-park/install/examples_rclcpp_wait_set/lib:/home/haejum-park/install/examples_rclcpp_minimal_subscriber/lib:/home/haejum-park/install/examples_rclcpp_minimal_composition/lib:/opt/ros/humble/opt/rviz_ogre_vendor/lib:/opt/ros/humble/lib/x86_64-linux-gnu:/opt/ros/humble/lib /usr/bin/cmake --install /home/haejum-park/2026_IFAC/build/wpnt_publisher
[0.823s] Level 1:colcon.colcon_core.environment:checking '/home/haejum-park/2026_IFAC/install/wpnt_publisher' for CMake module files
[0.823s] Level 1:colcon.colcon_core.environment:checking '/home/haejum-park/2026_IFAC/install/wpnt_publisher' for CMake config files
[0.823s] Level 1:colcon.colcon_core.shell:create_environment_hook('wpnt_publisher', 'cmake_prefix_path')
[0.823s] INFO:colcon.colcon_core.shell:Creating environment hook '/home/haejum-park/2026_IFAC/install/wpnt_publisher/share/wpnt_publisher/hook/cmake_prefix_path.ps1'
[0.824s] INFO:colcon.colcon_core.shell:Creating environment descriptor '/home/haejum-park/2026_IFAC/install/wpnt_publisher/share/wpnt_publisher/hook/cmake_prefix_path.dsv'
[0.824s] INFO:colcon.colcon_core.shell:Creating environment hook '/home/haejum-park/2026_IFAC/install/wpnt_publisher/share/wpnt_publisher/hook/cmake_prefix_path.sh'
[0.824s] Level 1:colcon.colcon_core.environment:checking '/home/haejum-park/2026_IFAC/install/wpnt_publisher/lib'
[0.824s] Level 1:colcon.colcon_core.environment:checking '/home/haejum-park/2026_IFAC/install/wpnt_publisher/bin'
[0.824s] Level 1:colcon.colcon_core.environment:checking '/home/haejum-park/2026_IFAC/install/wpnt_publisher/lib/pkgconfig/wpnt_publisher.pc'
[0.824s] Level 1:colcon.colcon_core.environment:checking '/home/haejum-park/2026_IFAC/install/wpnt_publisher/lib/python3.10/site-packages'
[0.825s] Level 1:colcon.colcon_core.environment:checking '/home/haejum-park/2026_IFAC/install/wpnt_publisher/bin'
[0.825s] INFO:colcon.colcon_core.shell:Creating package script '/home/haejum-park/2026_IFAC/install/wpnt_publisher/share/wpnt_publisher/package.ps1'
[0.825s] INFO:colcon.colcon_core.shell:Creating package descriptor '/home/haejum-park/2026_IFAC/install/wpnt_publisher/share/wpnt_publisher/package.dsv'
[0.825s] INFO:colcon.colcon_core.shell:Creating package script '/home/haejum-park/2026_IFAC/install/wpnt_publisher/share/wpnt_publisher/package.sh'
[0.825s] INFO:colcon.colcon_core.shell:Creating package script '/home/haejum-park/2026_IFAC/install/wpnt_publisher/share/wpnt_publisher/package.bash'
[0.826s] INFO:colcon.colcon_core.shell:Creating package script '/home/haejum-park/2026_IFAC/install/wpnt_publisher/share/wpnt_publisher/package.zsh'
[0.826s] Level 1:colcon.colcon_core.environment:create_file_with_runtime_dependencies(/home/haejum-park/2026_IFAC/install/wpnt_publisher/share/colcon-core/packages/wpnt_publisher)
[0.826s] Level 1:colcon.colcon_core.environment:create_environment_scripts_only(wpnt_publisher)
[0.826s] Level 1:colcon.colcon_core.environment:checking '/home/haejum-park/2026_IFAC/install/wpnt_publisher' for CMake module files
[0.827s] Level 1:colcon.colcon_core.environment:checking '/home/haejum-park/2026_IFAC/install/wpnt_publisher' for CMake config files
[0.827s] Level 1:colcon.colcon_core.shell:create_environment_hook('wpnt_publisher', 'cmake_prefix_path')
[0.827s] INFO:colcon.colcon_core.shell:Creating environment hook '/home/haejum-park/2026_IFAC/install/wpnt_publisher/share/wpnt_publisher/hook/cmake_prefix_path.ps1'
[0.827s] INFO:colcon.colcon_core.shell:Creating environment descriptor '/home/haejum-park/2026_IFAC/install/wpnt_publisher/share/wpnt_publisher/hook/cmake_prefix_path.dsv'
[0.827s] INFO:colcon.colcon_core.shell:Creating environment hook '/home/haejum-park/2026_IFAC/install/wpnt_publisher/share/wpnt_publisher/hook/cmake_prefix_path.sh'
[0.828s] Level 1:colcon.colcon_core.environment:checking '/home/haejum-park/2026_IFAC/install/wpnt_publisher/lib'
[0.828s] Level 1:colcon.colcon_core.environment:checking '/home/haejum-park/2026_IFAC/install/wpnt_publisher/bin'
[0.828s] Level 1:colcon.colcon_core.environment:checking '/home/haejum-park/2026_IFAC/install/wpnt_publisher/lib/pkgconfig/wpnt_publisher.pc'
[0.828s] Level 1:colcon.colcon_core.environment:checking '/home/haejum-park/2026_IFAC/install/wpnt_publisher/lib/python3.10/site-packages'
[0.828s] Level 1:colcon.colcon_core.environment:checking '/home/haejum-park/2026_IFAC/install/wpnt_publisher/bin'
[0.828s] INFO:colcon.colcon_core.shell:Creating package script '/home/haejum-park/2026_IFAC/install/wpnt_publisher/share/wpnt_publisher/package.ps1'
[0.828s] INFO:colcon.colcon_core.shell:Creating package descriptor '/home/haejum-park/2026_IFAC/install/wpnt_publisher/share/wpnt_publisher/package.dsv'
[0.829s] INFO:colcon.colcon_core.shell:Creating package script '/home/haejum-park/2026_IFAC/install/wpnt_publisher/share/wpnt_publisher/package.sh'
[0.829s] INFO:colcon.colcon_core.shell:Creating package script '/home/haejum-park/2026_IFAC/install/wpnt_publisher/share/wpnt_publisher/package.bash'
[0.829s] INFO:colcon.colcon_core.shell:Creating package script '/home/haejum-park/2026_IFAC/install/wpnt_publisher/share/wpnt_publisher/package.zsh'
[0.829s] Level 1:colcon.colcon_core.environment:create_file_with_runtime_dependencies(/home/haejum-park/2026_IFAC/install/wpnt_publisher/share/colcon-core/packages/wpnt_publisher)
[0.838s] Level 1:colcon.colcon_core.environment:create_environment_scripts_only(global_planner)
[0.838s] Level 1:colcon.colcon_core.environment:checking '/home/haejum-park/2026_IFAC/install/global_planner' for CMake module files
[0.838s] DEBUG:colcon.colcon_core.event_handler.log_command:Invoked command in '/home/haejum-park/2026_IFAC/build/global_planner' returned '0': CMAKE_PREFIX_PATH=/home/haejum-park/2026_IFAC/install/new_map_con:/home/haejum-park/2026_IFAC/install/lap_timer:/home/haejum-park/2026_IFAC/install/amcl_localization:/home/haejum-park/sim_ws/install/f1tenth_gym_ros:/home/haejum-park/install/launch_testing_examples:/home/haejum-park/install/examples_rclpy_pointcloud_publisher:/home/haejum-park/install/examples_rclpy_minimal_subscriber:/home/haejum-park/install/examples_rclpy_minimal_service:/home/haejum-park/install/examples_rclpy_minimal_publisher:/home/haejum-park/install/examples_rclpy_minimal_client:/home/haejum-park/install/examples_rclpy_minimal_action_server:/home/haejum-park/install/examples_rclpy_minimal_action_client:/home/haejum-park/install/examples_rclpy_guard_conditions:/home/haejum-park/install/examples_rclpy_executors:/opt/ros/humble:/home/haejum-park/2026_IFAC/install/f110_msgs:/home/haejum-park/2026_IFAC/install/wpnt_publisher:/home/haejum-park/2026_IFAC/install/particle_filter_cpp:/home/haejum-park/2026_IFAC/install/global_planner:/home/haejum-park/sim_ws/install/wall_follow:/home/haejum-park/sim_ws/install/lab5_pkg:/home/haejum-park/sim_ws/install/homework:/home/haejum-park/sim_ws/install/gap_follow:/home/haejum-park/install/wall_follow:/home/haejum-park/install/my_new_package:/home/haejum-park/install/homework:/home/haejum-park/install/gap_follow:/home/haejum-park/install/examples_rclcpp_wait_set:/home/haejum-park/install/examples_rclcpp_multithreaded_executor:/home/haejum-park/install/examples_rclcpp_minimal_timer:/home/haejum-park/install/examples_rclcpp_minimal_subscriber:/home/haejum-park/install/examples_rclcpp_minimal_service:/home/haejum-park/install/examples_rclcpp_minimal_publisher:/home/haejum-park/install/examples_rclcpp_minimal_composition:/home/haejum-park/install/examples_rclcpp_minimal_client:/home/haejum-park/install/examples_rclcpp_minimal_action_server:/home/haejum-park/install/examples_rclcpp_minimal_action_client:/home/haejum-park/install/examples_rclcpp_cbg_executor:/home/haejum-park/install/examples_rclcpp_async_client LD_LIBRARY_PATH=/home/haejum-park/2026_IFAC/install/f110_msgs/lib:/home/haejum-park/2026_IFAC/install/particle_filter_cpp/lib:/home/haejum-park/install/examples_rclcpp_wait_set/lib:/home/haejum-park/install/examples_rclcpp_minimal_subscriber/lib:/home/haejum-park/install/examples_rclcpp_minimal_composition/lib:/opt/ros/humble/opt/rviz_ogre_vendor/lib:/opt/ros/humble/lib/x86_64-linux-gnu:/opt/ros/humble/lib /usr/bin/cmake --install /home/haejum-park/2026_IFAC/build/global_planner
[0.838s] Level 1:colcon.colcon_core.environment:checking '/home/haejum-park/2026_IFAC/install/global_planner' for CMake config files
[0.838s] Level 1:colcon.colcon_core.shell:create_environment_hook('global_planner', 'cmake_prefix_path')
[0.839s] INFO:colcon.colcon_core.shell:Creating environment hook '/home/haejum-park/2026_IFAC/install/global_planner/share/global_planner/hook/cmake_prefix_path.ps1'
[0.839s] INFO:colcon.colcon_core.shell:Creating environment descriptor '/home/haejum-park/2026_IFAC/install/global_planner/share/global_planner/hook/cmake_prefix_path.dsv'
[0.839s] INFO:colcon.colcon_core.shell:Creating environment hook '/home/haejum-park/2026_IFAC/install/global_planner/share/global_planner/hook/cmake_prefix_path.sh'
[0.839s] Level 1:colcon.colcon_core.environment:checking '/home/haejum-park/2026_IFAC/install/global_planner/lib'
[0.839s] Level 1:colcon.colcon_core.environment:checking '/home/haejum-park/2026_IFAC/install/global_planner/bin'
[0.839s] Level 1:colcon.colcon_core.environment:checking '/home/haejum-park/2026_IFAC/install/global_planner/lib/pkgconfig/global_planner.pc'
[0.839s] Level 1:colcon.colcon_core.environment:checking '/home/haejum-park/2026_IFAC/install/global_planner/lib/python3.10/site-packages'
[0.840s] Level 1:colcon.colcon_core.environment:checking '/home/haejum-park/2026_IFAC/install/global_planner/bin'
[0.840s] INFO:colcon.colcon_core.shell:Creating package script '/home/haejum-park/2026_IFAC/install/global_planner/share/global_planner/package.ps1'
[0.840s] INFO:colcon.colcon_core.shell:Creating package descriptor '/home/haejum-park/2026_IFAC/install/global_planner/share/global_planner/package.dsv'
[0.840s] INFO:colcon.colcon_core.shell:Creating package script '/home/haejum-park/2026_IFAC/install/global_planner/share/global_planner/package.sh'
[0.840s] INFO:colcon.colcon_core.shell:Creating package script '/home/haejum-park/2026_IFAC/install/global_planner/share/global_planner/package.bash'
[0.840s] INFO:colcon.colcon_core.shell:Creating package script '/home/haejum-park/2026_IFAC/install/global_planner/share/global_planner/package.zsh'
[0.840s] Level 1:colcon.colcon_core.environment:create_file_with_runtime_dependencies(/home/haejum-park/2026_IFAC/install/global_planner/share/colcon-core/packages/global_planner)
[0.841s] Level 1:colcon.colcon_core.environment:create_environment_scripts_only(global_planner)
[0.841s] Level 1:colcon.colcon_core.environment:checking '/home/haejum-park/2026_IFAC/install/global_planner' for CMake module files
[0.841s] Level 1:colcon.colcon_core.environment:checking '/home/haejum-park/2026_IFAC/install/global_planner' for CMake config files
[0.841s] Level 1:colcon.colcon_core.shell:create_environment_hook('global_planner', 'cmake_prefix_path')
[0.841s] INFO:colcon.colcon_core.shell:Creating environment hook '/home/haejum-park/2026_IFAC/install/global_planner/share/global_planner/hook/cmake_prefix_path.ps1'
[0.841s] INFO:colcon.colcon_core.shell:Creating environment descriptor '/home/haejum-park/2026_IFAC/install/global_planner/share/global_planner/hook/cmake_prefix_path.dsv'
[0.841s] INFO:colcon.colcon_core.shell:Creating environment hook '/home/haejum-park/2026_IFAC/install/global_planner/share/global_planner/hook/cmake_prefix_path.sh'
[0.842s] Level 1:colcon.colcon_core.environment:checking '/home/haejum-park/2026_IFAC/install/global_planner/lib'
[0.842s] Level 1:colcon.colcon_core.environment:checking '/home/haejum-park/2026_IFAC/install/global_planner/bin'
[0.842s] Level 1:colcon.colcon_core.environment:checking '/home/haejum-park/2026_IFAC/install/global_planner/lib/pkgconfig/global_planner.pc'
[0.842s] Level 1:colcon.colcon_core.environment:checking '/home/haejum-park/2026_IFAC/install/global_planner/lib/python3.10/site-packages'
[0.842s] Level 1:colcon.colcon_core.environment:checking '/home/haejum-park/2026_IFAC/install/global_planner/bin'
[0.842s] INFO:colcon.colcon_core.shell:Creating package script '/home/haejum-park/2026_IFAC/install/global_planner/share/global_planner/package.ps1'
[0.842s] INFO:colcon.colcon_core.shell:Creating package descriptor '/home/haejum-park/2026_IFAC/install/global_planner/share/global_planner/package.dsv'
[0.842s] INFO:colcon.colcon_core.shell:Creating package script '/home/haejum-park/2026_IFAC/install/global_planner/share/global_planner/package.sh'
[0.843s] INFO:colcon.colcon_core.shell:Creating package script '/home/haejum-park/2026_IFAC/install/global_planner/share/global_planner/package.bash'
[0.843s] INFO:colcon.colcon_core.shell:Creating package script '/home/haejum-park/2026_IFAC/install/global_planner/share/global_planner/package.zsh'
[0.843s] Level 1:colcon.colcon_core.environment:create_file_with_runtime_dependencies(/home/haejum-park/2026_IFAC/install/global_planner/share/colcon-core/packages/global_planner)
[0.885s] DEBUG:colcon.colcon_core.event_handler.log_command:Invoking command in '/home/haejum-park/2026_IFAC/amcl_localization': PYTHONPATH=/home/haejum-park/2026_IFAC/build/amcl_localization/prefix_override:/usr/lib/python3/dist-packages/colcon_core/task/python/colcon_distutils_commands:/home/haejum-park/2026_IFAC/install/amcl_localization/lib/python3.10/site-packages:${PYTHONPATH} /usr/bin/python3 -W ignore:setup.py install is deprecated -W ignore:easy_install command is deprecated setup.py egg_info --egg-base ../build/amcl_localization build --build-base /home/haejum-park/2026_IFAC/build/amcl_localization/build install --record /home/haejum-park/2026_IFAC/build/amcl_localization/install.log --single-version-externally-managed install_data
[0.906s] DEBUG:colcon.colcon_core.event_handler.log_command:Invoking command in '/home/haejum-park/2026_IFAC/new_map_con': PYTHONPATH=/home/haejum-park/2026_IFAC/build/new_map_con/prefix_override:/usr/lib/python3/dist-packages/colcon_core/task/python/colcon_distutils_commands:/home/haejum-park/2026_IFAC/install/new_map_con/lib/python3.10/site-packages:${PYTHONPATH} /usr/bin/python3 -W ignore:setup.py install is deprecated -W ignore:easy_install command is deprecated setup.py egg_info --egg-base ../build/new_map_con build --build-base /home/haejum-park/2026_IFAC/build/new_map_con/build install --record /home/haejum-park/2026_IFAC/build/new_map_con/install.log --single-version-externally-managed install_data
[0.906s] DEBUG:colcon.colcon_core.event_handler.log_command:Invoking command in '/home/haejum-park/2026_IFAC/lap_timer': PYTHONPATH=/home/haejum-park/2026_IFAC/build/lap_timer/prefix_override:/usr/lib/python3/dist-packages/colcon_core/task/python/colcon_distutils_commands:/home/haejum-park/2026_IFAC/install/lap_timer/lib/python3.10/site-packages:${PYTHONPATH} /usr/bin/python3 -W ignore:setup.py install is deprecated -W ignore:easy_install command is deprecated setup.py egg_info --egg-base ../build/lap_timer build --build-base /home/haejum-park/2026_IFAC/build/lap_timer/build install --record /home/haejum-park/2026_IFAC/build/lap_timer/install.log --single-version-externally-managed install_data
[1.043s] Level 1:colcon.colcon_core.environment:checking '/home/haejum-park/2026_IFAC/install/amcl_localization' for CMake module files
[1.043s] DEBUG:colcon.colcon_core.event_handler.log_command:Invoked command in '/home/haejum-park/2026_IFAC/amcl_localization' returned '0': PYTHONPATH=/home/haejum-park/2026_IFAC/build/amcl_localization/prefix_override:/usr/lib/python3/dist-packages/colcon_core/task/python/colcon_distutils_commands:/home/haejum-park/2026_IFAC/install/amcl_localization/lib/python3.10/site-packages:${PYTHONPATH} /usr/bin/python3 -W ignore:setup.py install is deprecated -W ignore:easy_install command is deprecated setup.py egg_info --egg-base ../build/amcl_localization build --build-base /home/haejum-park/2026_IFAC/build/amcl_localization/build install --record /home/haejum-park/2026_IFAC/build/amcl_localization/install.log --single-version-externally-managed install_data
[1.044s] Level 1:colcon.colcon_core.environment:checking '/home/haejum-park/2026_IFAC/install/amcl_localization' for CMake config files
[1.044s] Level 1:colcon.colcon_core.environment:checking '/home/haejum-park/2026_IFAC/install/amcl_localization/lib'
[1.044s] Level 1:colcon.colcon_core.environment:checking '/home/haejum-park/2026_IFAC/install/amcl_localization/bin'
[1.044s] Level 1:colcon.colcon_core.environment:checking '/home/haejum-park/2026_IFAC/install/amcl_localization/lib/pkgconfig/amcl_localization.pc'
[1.044s] Level 1:colcon.colcon_core.environment:checking '/home/haejum-park/2026_IFAC/install/amcl_localization/lib/python3.10/site-packages'
[1.044s] Level 1:colcon.colcon_core.shell:create_environment_hook('amcl_localization', 'pythonpath')
[1.045s] INFO:colcon.colcon_core.shell:Creating environment hook '/home/haejum-park/2026_IFAC/install/amcl_localization/share/amcl_localization/hook/pythonpath.ps1'
[1.045s] INFO:colcon.colcon_core.shell:Creating environment descriptor '/home/haejum-park/2026_IFAC/install/amcl_localization/share/amcl_localization/hook/pythonpath.dsv'
[1.045s] INFO:colcon.colcon_core.shell:Creating environment hook '/home/haejum-park/2026_IFAC/install/amcl_localization/share/amcl_localization/hook/pythonpath.sh'
[1.045s] Level 1:colcon.colcon_core.environment:checking '/home/haejum-park/2026_IFAC/install/amcl_localization/bin'
[1.046s] Level 1:colcon.colcon_core.environment:create_environment_scripts_only(amcl_localization)
[1.046s] INFO:colcon.colcon_core.shell:Creating package script '/home/haejum-park/2026_IFAC/install/amcl_localization/share/amcl_localization/package.ps1'
[1.046s] INFO:colcon.colcon_core.shell:Creating package descriptor '/home/haejum-park/2026_IFAC/install/amcl_localization/share/amcl_localization/package.dsv'
[1.046s] INFO:colcon.colcon_core.shell:Creating package script '/home/haejum-park/2026_IFAC/install/amcl_localization/share/amcl_localization/package.sh'
[1.047s] INFO:colcon.colcon_core.shell:Creating package script '/home/haejum-park/2026_IFAC/install/amcl_localization/share/amcl_localization/package.bash'
[1.047s] INFO:colcon.colcon_core.shell:Creating package script '/home/haejum-park/2026_IFAC/install/amcl_localization/share/amcl_localization/package.zsh'
[1.047s] Level 1:colcon.colcon_core.environment:create_file_with_runtime_dependencies(/home/haejum-park/2026_IFAC/install/amcl_localization/share/colcon-core/packages/amcl_localization)
[1.061s] Level 1:colcon.colcon_core.environment:checking '/home/haejum-park/2026_IFAC/install/lap_timer' for CMake module files
[1.061s] Level 1:colcon.colcon_core.environment:checking '/home/haejum-park/2026_IFAC/install/lap_timer' for CMake config files
[1.061s] Level 1:colcon.colcon_core.environment:checking '/home/haejum-park/2026_IFAC/install/lap_timer/lib'
[1.061s] Level 1:colcon.colcon_core.environment:checking '/home/haejum-park/2026_IFAC/install/lap_timer/bin'
[1.061s] Level 1:colcon.colcon_core.environment:checking '/home/haejum-park/2026_IFAC/install/lap_timer/lib/pkgconfig/lap_timer.pc'
[1.061s] Level 1:colcon.colcon_core.environment:checking '/home/haejum-park/2026_IFAC/install/lap_timer/lib/python3.10/site-packages'
[1.061s] Level 1:colcon.colcon_core.shell:create_environment_hook('lap_timer', 'pythonpath')
[1.061s] INFO:colcon.colcon_core.shell:Creating environment hook '/home/haejum-park/2026_IFAC/install/lap_timer/share/lap_timer/hook/pythonpath.ps1'
[1.062s] INFO:colcon.colcon_core.shell:Creating environment descriptor '/home/haejum-park/2026_IFAC/install/lap_timer/share/lap_timer/hook/pythonpath.dsv'
[1.062s] INFO:colcon.colcon_core.shell:Creating environment hook '/home/haejum-park/2026_IFAC/install/lap_timer/share/lap_timer/hook/pythonpath.sh'
[1.062s] DEBUG:colcon.colcon_core.event_handler.log_command:Invoked command in '/home/haejum-park/2026_IFAC/lap_timer' returned '0': PYTHONPATH=/home/haejum-park/2026_IFAC/build/lap_timer/prefix_override:/usr/lib/python3/dist-packages/colcon_core/task/python/colcon_distutils_commands:/home/haejum-park/2026_IFAC/install/lap_timer/lib/python3.10/site-packages:${PYTHONPATH} /usr/bin/python3 -W ignore:setup.py install is deprecated -W ignore:easy_install command is deprecated setup.py egg_info --egg-base ../build/lap_timer build --build-base /home/haejum-park/2026_IFAC/build/lap_timer/build install --record /home/haejum-park/2026_IFAC/build/lap_timer/install.log --single-version-externally-managed install_data
[1.062s] Level 1:colcon.colcon_core.environment:checking '/home/haejum-park/2026_IFAC/install/lap_timer/bin'
[1.062s] Level 1:colcon.colcon_core.environment:create_environment_scripts_only(lap_timer)
[1.063s] INFO:colcon.colcon_core.shell:Creating package script '/home/haejum-park/2026_IFAC/install/lap_timer/share/lap_timer/package.ps1'
[1.063s] INFO:colcon.colcon_core.shell:Creating package descriptor '/home/haejum-park/2026_IFAC/install/lap_timer/share/lap_timer/package.dsv'
[1.063s] INFO:colcon.colcon_core.shell:Creating package script '/home/haejum-park/2026_IFAC/install/lap_timer/share/lap_timer/package.sh'
[1.063s] INFO:colcon.colcon_core.shell:Creating package script '/home/haejum-park/2026_IFAC/install/lap_timer/share/lap_timer/package.bash'
[1.063s] INFO:colcon.colcon_core.shell:Creating package script '/home/haejum-park/2026_IFAC/install/lap_timer/share/lap_timer/package.zsh'
[1.063s] Level 1:colcon.colcon_core.environment:create_file_with_runtime_dependencies(/home/haejum-park/2026_IFAC/install/lap_timer/share/colcon-core/packages/lap_timer)
[1.064s] Level 1:colcon.colcon_core.environment:checking '/home/haejum-park/2026_IFAC/install/new_map_con' for CMake module files
[1.064s] Level 1:colcon.colcon_core.environment:checking '/home/haejum-park/2026_IFAC/install/new_map_con' for CMake config files
[1.064s] Level 1:colcon.colcon_core.environment:checking '/home/haejum-park/2026_IFAC/install/new_map_con/lib'
[1.064s] Level 1:colcon.colcon_core.environment:checking '/home/haejum-park/2026_IFAC/install/new_map_con/bin'
[1.064s] Level 1:colcon.colcon_core.environment:checking '/home/haejum-park/2026_IFAC/install/new_map_con/lib/pkgconfig/new_map_con.pc'
[1.064s] Level 1:colcon.colcon_core.environment:checking '/home/haejum-park/2026_IFAC/install/new_map_con/lib/python3.10/site-packages'
[1.064s] Level 1:colcon.colcon_core.shell:create_environment_hook('new_map_con', 'pythonpath')
[1.064s] INFO:colcon.colcon_core.shell:Creating environment hook '/home/haejum-park/2026_IFAC/install/new_map_con/share/new_map_con/hook/pythonpath.ps1'
[1.064s] INFO:colcon.colcon_core.shell:Creating environment descriptor '/home/haejum-park/2026_IFAC/install/new_map_con/share/new_map_con/hook/pythonpath.dsv'
[1.065s] DEBUG:colcon.colcon_core.event_handler.log_command:Invoked command in '/home/haejum-park/2026_IFAC/new_map_con' returned '0': PYTHONPATH=/home/haejum-park/2026_IFAC/build/new_map_con/prefix_override:/usr/lib/python3/dist-packages/colcon_core/task/python/colcon_distutils_commands:/home/haejum-park/2026_IFAC/install/new_map_con/lib/python3.10/site-packages:${PYTHONPATH} /usr/bin/python3 -W ignore:setup.py install is deprecated -W ignore:easy_install command is deprecated setup.py egg_info --egg-base ../build/new_map_con build --build-base /home/haejum-park/2026_IFAC/build/new_map_con/build install --record /home/haejum-park/2026_IFAC/build/new_map_con/install.log --single-version-externally-managed install_data
[1.065s] INFO:colcon.colcon_core.shell:Creating environment hook '/home/haejum-park/2026_IFAC/install/new_map_con/share/new_map_con/hook/pythonpath.sh'
[1.065s] Level 1:colcon.colcon_core.environment:checking '/home/haejum-park/2026_IFAC/install/new_map_con/bin'
[1.065s] Level 1:colcon.colcon_core.environment:create_environment_scripts_only(new_map_con)
[1.066s] INFO:colcon.colcon_core.shell:Creating package script '/home/haejum-park/2026_IFAC/install/new_map_con/share/new_map_con/package.ps1'
[1.066s] INFO:colcon.colcon_core.shell:Creating package descriptor '/home/haejum-park/2026_IFAC/install/new_map_con/share/new_map_con/package.dsv'
[1.066s] INFO:colcon.colcon_core.shell:Creating package script '/home/haejum-park/2026_IFAC/install/new_map_con/share/new_map_con/package.sh'
[1.066s] INFO:colcon.colcon_core.shell:Creating package script '/home/haejum-park/2026_IFAC/install/new_map_con/share/new_map_con/package.bash'
[1.066s] INFO:colcon.colcon_core.shell:Creating package script '/home/haejum-park/2026_IFAC/install/new_map_con/share/new_map_con/package.zsh'
[1.066s] Level 1:colcon.colcon_core.environment:create_file_with_runtime_dependencies(/home/haejum-park/2026_IFAC/install/new_map_con/share/colcon-core/packages/new_map_con)
[1.066s] DEBUG:colcon.colcon_parallel_executor.executor.parallel:closing loop
[1.067s] DEBUG:colcon.colcon_parallel_executor.executor.parallel:loop closed
[1.067s] DEBUG:colcon.colcon_parallel_executor.executor.parallel:run_until_complete finished with '0'
[1.067s] DEBUG:colcon.colcon_core.event_reactor:joining thread
[1.070s] INFO:colcon.colcon_core.plugin_system:Skipping extension 'colcon_notification.desktop_notification.notify_send': Could not find 'notify-send'
[1.070s] INFO:colcon.colcon_core.plugin_system:Skipping extension 'colcon_notification.desktop_notification.terminal_notifier': Not used on non-Darwin systems
[1.070s] INFO:colcon.colcon_core.plugin_system:Skipping extension 'colcon_notification.desktop_notification.win32': Not used on non-Windows systems
[1.070s] INFO:colcon.colcon_notification.desktop_notification:Sending desktop notification using 'notify2'
[1.077s] DEBUG:colcon.colcon_core.event_reactor:joined thread
[1.077s] INFO:colcon.colcon_core.shell:Creating prefix script '/home/haejum-park/2026_IFAC/install/local_setup.ps1'
[1.078s] INFO:colcon.colcon_core.shell:Creating prefix util module '/home/haejum-park/2026_IFAC/install/_local_setup_util_ps1.py'
[1.078s] INFO:colcon.colcon_core.shell:Creating prefix chain script '/home/haejum-park/2026_IFAC/install/setup.ps1'
[1.079s] INFO:colcon.colcon_core.shell:Creating prefix script '/home/haejum-park/2026_IFAC/install/local_setup.sh'
[1.079s] INFO:colcon.colcon_core.shell:Creating prefix util module '/home/haejum-park/2026_IFAC/install/_local_setup_util_sh.py'
[1.080s] INFO:colcon.colcon_core.shell:Creating prefix chain script '/home/haejum-park/2026_IFAC/install/setup.sh'
[1.080s] INFO:colcon.colcon_core.shell:Creating prefix script '/home/haejum-park/2026_IFAC/install/local_setup.bash'
[1.081s] INFO:colcon.colcon_core.shell:Creating prefix chain script '/home/haejum-park/2026_IFAC/install/setup.bash'
[1.081s] INFO:colcon.colcon_core.shell:Creating prefix script '/home/haejum-park/2026_IFAC/install/local_setup.zsh'
[1.081s] INFO:colcon.colcon_core.shell:Creating prefix chain script '/home/haejum-park/2026_IFAC/install/setup.zsh'
