schema_version,path,name,storage_format,duration_s,size_bytes,message_count,topic_count,start_ns,end_ns,topics_json,files_json,metadata_sha256,structural_sha256,content_sha256,name_duplicate_pattern,inventory_path_match
rosbag_research_inventory/1,/home/sungho/.local/share/Trash/files/Copy of rosbag2_2026_08_24-13_30_55.2,Copy of rosbag2_2026_08_24-13_30_55.2,mcap,506.791553322,337404023,421349,44,1787545856022277283,1787546362813830605,"[{""name"":""/ackermann_cmd"",""type"":""ackermann_msgs/msg/AckermannDriveStamped"",""message_count"":10551},{""name"":""/car_state/frenet/odom"",""type"":""nav_msgs/msg/Odometry"",""message_count"":16422},{""name"":""/centerline_waypoints"",""type"":""f110_msgs/msg/WpntArray"",""message_count"":253},{""name"":""/centerline_waypoints/markers"",""type"":""visualization_msgs/msg/MarkerArray"",""message_count"":253},{""name"":""/clicked_point"",""type"":""geometry_msgs/msg/PointStamped"",""message_count"":0},{""name"":""/commands/motor/brake"",""type"":""std_msgs/msg/Float64"",""message_count"":5292},{""name"":""/commands/motor/speed"",""type"":""std_msgs/msg/Float64"",""message_count"":9739},{""name"":""/commands/servo/position"",""type"":""std_msgs/msg/Float64"",""message_count"":10551},{""name"":""/cruise/gap_data"",""type"":""f110_msgs/msg/GapData"",""message_count"":0},{""name"":""/cruise_speed_limit"",""type"":""std_msgs/msg/Float64"",""message_count"":25302},{""name"":""/debug/l1_lookahead"",""type"":""visualization_msgs/msg/MarkerArray"",""message_count"":21679},{""name"":""/diagnostics"",""type"":""diagnostic_msgs/msg/DiagnosticArray"",""message_count"":1927},{""name"":""/drive"",""type"":""ackermann_msgs/msg/AckermannDriveStamped"",""message_count"":25222},{""name"":""/drive_autonomous"",""type"":""ackermann_msgs/msg/AckermannDriveStamped"",""message_count"":25221},{""name"":""/drive_mode"",""type"":""std_msgs/msg/String"",""message_count"":9769},{""name"":""/estimated_lap_time"",""type"":""std_msgs/msg/Float32"",""message_count"":253},{""name"":""/estop_lock"",""type"":""std_msgs/msg/Bool"",""message_count"":9769},{""name"":""/events/write_split"",""type"":""rosbag2_interfaces/msg/WriteSplitEvent"",""message_count"":0},{""name"":""/global_waypoints"",""type"":""f110_msgs/msg/WpntArray"",""message_count"":254},{""name"":""/global_waypoints/markers"",""type"":""visualization_msgs/msg/MarkerArray"",""message_count"":253},{""name"":""/global_waypoints/shortest_path"",""type"":""f110_msgs/msg/WpntArray"",""message_count"":253},{""name"":""/goal_pose"",""type"":""geometry_msgs/msg/PoseStamped"",""message_count"":0},{""name"":""/initialpose"",""type"":""geometry_msgs/msg/PoseWithCovarianceStamped"",""message_count"":9},{""name"":""/joy"",""type"":""sensor_msgs/msg/Joy"",""message_count"":8663},{""name"":""/kinematic_localization/diagnostics"",""type"":""diagnostic_msgs/msg/DiagnosticArray"",""message_count"":16482},{""name"":""/laser_status"",""type"":""urg_node_msgs/msg/Status"",""message_count"":0},{""name"":""/local_waypoints"",""type"":""f110_msgs/msg/WpntArray"",""message_count"":15749},{""name"":""/local_waypoints/path"",""type"":""nav_msgs/msg/Path"",""message_count"":15749},{""name"":""/map"",""type"":""nav_msgs/msg/OccupancyGrid"",""message_count"":51},{""name"":""/map_infos"",""type"":""std_msgs/msg/String"",""message_count"":253},{""name"":""/odom"",""type"":""nav_msgs/msg/Odometry"",""message_count"":24537},{""name"":""/parameter_events"",""type"":""rcl_interfaces/msg/ParameterEvent"",""message_count"":0},{""name"":""/pf/pose/odom"",""type"":""nav_msgs/msg/Odometry"",""message_count"":16482},{""name"":""/rosout"",""type"":""rcl_interfaces/msg/Log"",""message_count"":1522},{""name"":""/scan"",""type"":""sensor_msgs/msg/LaserScan"",""message_count"":16697},{""name"":""/sensors/core"",""type"":""vesc_msgs/msg/VescStateStamped"",""message_count"":24608},{""name"":""/sensors/imu"",""type"":""vesc_msgs/msg/VescImuStamped"",""message_count"":24608},{""name"":""/sensors/imu/raw"",""type"":""sensor_msgs/msg/Imu"",""message_count"":24608},{""name"":""/sensors/servo_position_command"",""type"":""std_msgs/msg/Float64"",""message_count"":10550},{""name"":""/state"",""type"":""f110_msgs/msg/StateMachine"",""message_count"":4761},{""name"":""/teleop"",""type"":""ackermann_msgs/msg/AckermannDriveStamped"",""message_count"":1763},{""name"":""/tf"",""type"":""tf2_msgs/msg/TFMessage"",""message_count"":41039},{""name"":""/tf_static"",""type"":""tf2_msgs/msg/TFMessage"",""message_count"":2},{""name"":""/trackbounds/markers"",""type"":""visualization_msgs/msg/MarkerArray"",""message_count"":253}]","[{""path"":""rosbag2_2026_08_24-13_30_55_0.mcap"",""exists"":true,""size_bytes"":337404023}]",6265d9bf87f5a5316d15dde878e9c73df7536a479d943f1e9dcc2ab71ccdd037,7692abcaf9e34a3cae1ba30019e4957603993f5a4f3a6ed2696c3a5f47b4cbc2,,True,True
rosbag_research_inventory/1,/home/sungho/.local/share/Trash/files/Copy of rosbag2_2026_08_24-13_30_55,Copy of rosbag2_2026_08_24-13_30_55,mcap,506.791553322,337404023,421349,44,1787545856022277283,1787546362813830605,"[{""name"":""/ackermann_cmd"",""type"":""ackermann_msgs/msg/AckermannDriveStamped"",""message_count"":10551},{""name"":""/car_state/frenet/odom"",""type"":""nav_msgs/msg/Odometry"",""message_count"":16422},{""name"":""/centerline_waypoints"",""type"":""f110_msgs/msg/WpntArray"",""message_count"":253},{""name"":""/centerline_waypoints/markers"",""type"":""visualization_msgs/msg/MarkerArray"",""message_count"":253},{""name"":""/clicked_point"",""type"":""geometry_msgs/msg/PointStamped"",""message_count"":0},{""name"":""/commands/motor/brake"",""type"":""std_msgs/msg/Float64"",""message_count"":5292},{""name"":""/commands/motor/speed"",""type"":""std_msgs/msg/Float64"",""message_count"":9739},{""name"":""/commands/servo/position"",""type"":""std_msgs/msg/Float64"",""message_count"":10551},{""name"":""/cruise/gap_data"",""type"":""f110_msgs/msg/GapData"",""message_count"":0},{""name"":""/cruise_speed_limit"",""type"":""std_msgs/msg/Float64"",""message_count"":25302},{""name"":""/debug/l1_lookahead"",""type"":""visualization_msgs/msg/MarkerArray"",""message_count"":21679},{""name"":""/diagnostics"",""type"":""diagnostic_msgs/msg/DiagnosticArray"",""message_count"":1927},{""name"":""/drive"",""type"":""ackermann_msgs/msg/AckermannDriveStamped"",""message_count"":25222},{""name"":""/drive_autonomous"",""type"":""ackermann_msgs/msg/AckermannDriveStamped"",""message_count"":25221},{""name"":""/drive_mode"",""type"":""std_msgs/msg/String"",""message_count"":9769},{""name"":""/estimated_lap_time"",""type"":""std_msgs/msg/Float32"",""message_count"":253},{""name"":""/estop_lock"",""type"":""std_msgs/msg/Bool"",""message_count"":9769},{""name"":""/events/write_split"",""type"":""rosbag2_interfaces/msg/WriteSplitEvent"",""message_count"":0},{""name"":""/global_waypoints"",""type"":""f110_msgs/msg/WpntArray"",""message_count"":254},{""name"":""/global_waypoints/markers"",""type"":""visualization_msgs/msg/MarkerArray"",""message_count"":253},{""name"":""/global_waypoints/shortest_path"",""type"":""f110_msgs/msg/WpntArray"",""message_count"":253},{""name"":""/goal_pose"",""type"":""geometry_msgs/msg/PoseStamped"",""message_count"":0},{""name"":""/initialpose"",""type"":""geometry_msgs/msg/PoseWithCovarianceStamped"",""message_count"":9},{""name"":""/joy"",""type"":""sensor_msgs/msg/Joy"",""message_count"":8663},{""name"":""/kinematic_localization/diagnostics"",""type"":""diagnostic_msgs/msg/DiagnosticArray"",""message_count"":16482},{""name"":""/laser_status"",""type"":""urg_node_msgs/msg/Status"",""message_count"":0},{""name"":""/local_waypoints"",""type"":""f110_msgs/msg/WpntArray"",""message_count"":15749},{""name"":""/local_waypoints/path"",""type"":""nav_msgs/msg/Path"",""message_count"":15749},{""name"":""/map"",""type"":""nav_msgs/msg/OccupancyGrid"",""message_count"":51},{""name"":""/map_infos"",""type"":""std_msgs/msg/String"",""message_count"":253},{""name"":""/odom"",""type"":""nav_msgs/msg/Odometry"",""message_count"":24537},{""name"":""/parameter_events"",""type"":""rcl_interfaces/msg/ParameterEvent"",""message_count"":0},{""name"":""/pf/pose/odom"",""type"":""nav_msgs/msg/Odometry"",""message_count"":16482},{""name"":""/rosout"",""type"":""rcl_interfaces/msg/Log"",""message_count"":1522},{""name"":""/scan"",""type"":""sensor_msgs/msg/LaserScan"",""message_count"":16697},{""name"":""/sensors/core"",""type"":""vesc_msgs/msg/VescStateStamped"",""message_count"":24608},{""name"":""/sensors/imu"",""type"":""vesc_msgs/msg/VescImuStamped"",""message_count"":24608},{""name"":""/sensors/imu/raw"",""type"":""sensor_msgs/msg/Imu"",""message_count"":24608},{""name"":""/sensors/servo_position_command"",""type"":""std_msgs/msg/Float64"",""message_count"":10550},{""name"":""/state"",""type"":""f110_msgs/msg/StateMachine"",""message_count"":4761},{""name"":""/teleop"",""type"":""ackermann_msgs/msg/AckermannDriveStamped"",""message_count"":1763},{""name"":""/tf"",""type"":""tf2_msgs/msg/TFMessage"",""message_count"":41039},{""name"":""/tf_static"",""type"":""tf2_msgs/msg/TFMessage"",""message_count"":2},{""name"":""/trackbounds/markers"",""type"":""visualization_msgs/msg/MarkerArray"",""message_count"":253}]","[{""path"":""rosbag2_2026_08_24-13_30_55_0.mcap"",""exists"":true,""size_bytes"":337404023}]",6265d9bf87f5a5316d15dde878e9c73df7536a479d943f1e9dcc2ab71ccdd037,7692abcaf9e34a3cae1ba30019e4957603993f5a4f3a6ed2696c3a5f47b4cbc2,,True,True
rosbag_research_inventory/1,/home/sungho/.local/share/Trash/files/Copy of rosbag2_2026_08_24-13_42_16.2,Copy of rosbag2_2026_08_24-13_42_16.2,mcap,639.655758115,498874691,561452,55,1787546536351088439,1787547176006846554,"[{""name"":""/ackermann_cmd"",""type"":""ackermann_msgs/msg/AckermannDriveStamped"",""message_count"":14476},{""name"":""/avoid_waypoints"",""type"":""f110_msgs/msg/OTWpntArray"",""message_count"":15768},{""name"":""/bond"",""type"":""bond/msg/Status"",""message_count"":9373},{""name"":""/car_state/frenet/odom"",""type"":""nav_msgs/msg/Odometry"",""message_count"":15260},{""name"":""/centerline_waypoints"",""type"":""f110_msgs/msg/WpntArray"",""message_count"":319},{""name"":""/centerline_waypoints/markers"",""type"":""visualization_msgs/msg/MarkerArray"",""message_count"":319},{""name"":""/clicked_point"",""type"":""geometry_msgs/msg/PointStamped"",""message_count"":0},{""name"":""/commands/motor/brake"",""type"":""std_msgs/msg/Float64"",""message_count"":6705},{""name"":""/commands/motor/speed"",""type"":""std_msgs/msg/Float64"",""message_count"":13910},{""name"":""/commands/servo/position"",""type"":""std_msgs/msg/Float64"",""message_count"":14488},{""name"":""/confirmed_static_obs"",""type"":""f110_msgs/msg/ObstacleArray"",""message_count"":8813},{""name"":""/cruise/gap_data"",""type"":""f110_msgs/msg/GapData"",""message_count"":0},{""name"":""/cruise_speed_limit"",""type"":""std_msgs/msg/Float64"",""message_count"":31754},{""name"":""/debug/l1_lookahead"",""type"":""visualization_msgs/msg/MarkerArray"",""message_count"":23968},{""name"":""/diagnostics"",""type"":""diagnostic_msgs/msg/DiagnosticArray"",""message_count"":2782},{""name"":""/drive"",""type"":""ackermann_msgs/msg/AckermannDriveStamped"",""message_count"":31271},{""name"":""/drive_autonomous"",""type"":""ackermann_msgs/msg/AckermannDriveStamped"",""message_count"":31270},{""name"":""/drive_mode"",""type"":""std_msgs/msg/String"",""message_count"":12269},{""name"":""/estimated_lap_time"",""type"":""std_msgs/msg/Float32"",""message_count"":319},{""name"":""/estop_lock"",""type"":""std_msgs/msg/Bool"",""message_count"":12269},{""name"":""/events/write_split"",""type"":""rosbag2_interfaces/msg/WriteSplitEvent"",""message_count"":0},{""name"":""/global_waypoints"",""type"":""f110_msgs/msg/WpntArray"",""message_count"":317},{""name"":""/global_waypoints/markers"",""type"":""visualization_msgs/msg/MarkerArray"",""message_count"":319},{""name"":""/global_waypoints/shortest_path"",""type"":""f110_msgs/msg/WpntArray"",""message_count"":319},{""name"":""/goal_pose"",""type"":""geometry_msgs/msg/PoseStamped"",""message_count"":0},{""name"":""/initialpose"",""type"":""geometry_msgs/msg/PoseWithCovarianceStamped"",""message_count"":16},{""name"":""/joy"",""type"":""sensor_msgs/msg/Joy"",""message_count"":10016},{""name"":""/kinematic_localization/diagnostics"",""type"":""diagnostic_msgs/msg/DiagnosticArray"",""message_count"":16524},{""name"":""/laser_status"",""type"":""urg_node_msgs/msg/Status"",""message_count"":0},{""name"":""/local_planning/p3_shadow"",""type"":""std_msgs/msg/String"",""message_count"":1516},{""name"":""/local_planning/path"",""type"":""nav_msgs/msg/Path"",""message_count"":3603},{""name"":""/local_planning/reference_map"",""type"":""nav_msgs/msg/OccupancyGrid"",""message_count"":6},{""name"":""/local_planning_map_server/transition_event"",""type"":""lifecycle_msgs/msg/TransitionEvent"",""message_count"":28},{""name"":""/local_waypoints"",""type"":""f110_msgs/msg/WpntArray"",""message_count"":12253},{""name"":""/local_waypoints/path"",""type"":""nav_msgs/msg/Path"",""message_count"":12252},{""name"":""/map"",""type"":""nav_msgs/msg/OccupancyGrid"",""message_count"":64},{""name"":""/map_infos"",""type"":""std_msgs/msg/String"",""message_count"":319},{""name"":""/odom"",""type"":""nav_msgs/msg/Odometry"",""message_count"":30550},{""name"":""/opp_obs"",""type"":""f110_msgs/msg/ObstacleArray"",""message_count"":5709},{""name"":""/opp_obs/markers"",""type"":""visualization_msgs/msg/MarkerArray"",""message_count"":5709},{""name"":""/parameter_events"",""type"":""rcl_interfaces/msg/ParameterEvent"",""message_count"":1},{""name"":""/pf/pose/odom"",""type"":""nav_msgs/msg/Odometry"",""message_count"":16524},{""name"":""/rosout"",""type"":""rcl_interfaces/msg/Log"",""message_count"":5917},{""name"":""/scan"",""type"":""sensor_msgs/msg/LaserScan"",""message_count"":16464},{""name"":""/sensors/core"",""type"":""vesc_msgs/msg/VescStateStamped"",""message_count"":30813},{""name"":""/sensors/imu"",""type"":""vesc_msgs/msg/VescImuStamped"",""message_count"":30811},{""name"":""/sensors/imu/raw"",""type"":""sensor_msgs/msg/Imu"",""message_count"":30811},{""name"":""/sensors/servo_position_command"",""type"":""std_msgs/msg/Float64"",""message_count"":14488},{""name"":""/state"",""type"":""f110_msgs/msg/StateMachine"",""message_count"":5125},{""name"":""/static_obs"",""type"":""f110_msgs/msg/ObstacleArray"",""message_count"":8812},{""name"":""/static_obs/markers"",""type"":""visualization_msgs/msg/MarkerArray"",""message_count"":8804},{""name"":""/teleop"",""type"":""ackermann_msgs/msg/AckermannDriveStamped"",""message_count"":437},{""name"":""/tf"",""type"":""tf2_msgs/msg/TFMessage"",""message_count"":47270},{""name"":""/tf_static"",""type"":""tf2_msgs/msg/TFMessage"",""message_count"":3},{""name"":""/trackbounds/markers"",""type"":""visualization_msgs/msg/MarkerArray"",""message_count"":319}]","[{""path"":""rosbag2_2026_08_24-13_42_16_0.mcap"",""exists"":true,""size_bytes"":498874691}]",8c5ce74ba496a4d292c3bc978004e83dfbe0b63609708f1332e789f27ec5a157,5e78a0e5b6c3812261ee67b7683f750bb94c858bbf7b1b2f2a8142c0ab4663ac,,True,True
rosbag_research_inventory/1,/home/sungho/.local/share/Trash/files/Copy of rosbag2_2026_08_24-13_42_16,Copy of rosbag2_2026_08_24-13_42_16,mcap,639.655758115,498874691,561452,55,1787546536351088439,1787547176006846554,"[{""name"":""/ackermann_cmd"",""type"":""ackermann_msgs/msg/AckermannDriveStamped"",""message_count"":14476},{""name"":""/avoid_waypoints"",""type"":""f110_msgs/msg/OTWpntArray"",""message_count"":15768},{""name"":""/bond"",""type"":""bond/msg/Status"",""message_count"":9373},{""name"":""/car_state/frenet/odom"",""type"":""nav_msgs/msg/Odometry"",""message_count"":15260},{""name"":""/centerline_waypoints"",""type"":""f110_msgs/msg/WpntArray"",""message_count"":319},{""name"":""/centerline_waypoints/markers"",""type"":""visualization_msgs/msg/MarkerArray"",""message_count"":319},{""name"":""/clicked_point"",""type"":""geometry_msgs/msg/PointStamped"",""message_count"":0},{""name"":""/commands/motor/brake"",""type"":""std_msgs/msg/Float64"",""message_count"":6705},{""name"":""/commands/motor/speed"",""type"":""std_msgs/msg/Float64"",""message_count"":13910},{""name"":""/commands/servo/position"",""type"":""std_msgs/msg/Float64"",""message_count"":14488},{""name"":""/confirmed_static_obs"",""type"":""f110_msgs/msg/ObstacleArray"",""message_count"":8813},{""name"":""/cruise/gap_data"",""type"":""f110_msgs/msg/GapData"",""message_count"":0},{""name"":""/cruise_speed_limit"",""type"":""std_msgs/msg/Float64"",""message_count"":31754},{""name"":""/debug/l1_lookahead"",""type"":""visualization_msgs/msg/MarkerArray"",""message_count"":23968},{""name"":""/diagnostics"",""type"":""diagnostic_msgs/msg/DiagnosticArray"",""message_count"":2782},{""name"":""/drive"",""type"":""ackermann_msgs/msg/AckermannDriveStamped"",""message_count"":31271},{""name"":""/drive_autonomous"",""type"":""ackermann_msgs/msg/AckermannDriveStamped"",""message_count"":31270},{""name"":""/drive_mode"",""type"":""std_msgs/msg/String"",""message_count"":12269},{""name"":""/estimated_lap_time"",""type"":""std_msgs/msg/Float32"",""message_count"":319},{""name"":""/estop_lock"",""type"":""std_msgs/msg/Bool"",""message_count"":12269},{""name"":""/events/write_split"",""type"":""rosbag2_interfaces/msg/WriteSplitEvent"",""message_count"":0},{""name"":""/global_waypoints"",""type"":""f110_msgs/msg/WpntArray"",""message_count"":317},{""name"":""/global_waypoints/markers"",""type"":""visualization_msgs/msg/MarkerArray"",""message_count"":319},{""name"":""/global_waypoints/shortest_path"",""type"":""f110_msgs/msg/WpntArray"",""message_count"":319},{""name"":""/goal_pose"",""type"":""geometry_msgs/msg/PoseStamped"",""message_count"":0},{""name"":""/initialpose"",""type"":""geometry_msgs/msg/PoseWithCovarianceStamped"",""message_count"":16},{""name"":""/joy"",""type"":""sensor_msgs/msg/Joy"",""message_count"":10016},{""name"":""/kinematic_localization/diagnostics"",""type"":""diagnostic_msgs/msg/DiagnosticArray"",""message_count"":16524},{""name"":""/laser_status"",""type"":""urg_node_msgs/msg/Status"",""message_count"":0},{""name"":""/local_planning/p3_shadow"",""type"":""std_msgs/msg/String"",""message_count"":1516},{""name"":""/local_planning/path"",""type"":""nav_msgs/msg/Path"",""message_count"":3603},{""name"":""/local_planning/reference_map"",""type"":""nav_msgs/msg/OccupancyGrid"",""message_count"":6},{""name"":""/local_planning_map_server/transition_event"",""type"":""lifecycle_msgs/msg/TransitionEvent"",""message_count"":28},{""name"":""/local_waypoints"",""type"":""f110_msgs/msg/WpntArray"",""message_count"":12253},{""name"":""/local_waypoints/path"",""type"":""nav_msgs/msg/Path"",""message_count"":12252},{""name"":""/map"",""type"":""nav_msgs/msg/OccupancyGrid"",""message_count"":64},{""name"":""/map_infos"",""type"":""std_msgs/msg/String"",""message_count"":319},{""name"":""/odom"",""type"":""nav_msgs/msg/Odometry"",""message_count"":30550},{""name"":""/opp_obs"",""type"":""f110_msgs/msg/ObstacleArray"",""message_count"":5709},{""name"":""/opp_obs/markers"",""type"":""visualization_msgs/msg/MarkerArray"",""message_count"":5709},{""name"":""/parameter_events"",""type"":""rcl_interfaces/msg/ParameterEvent"",""message_count"":1},{""name"":""/pf/pose/odom"",""type"":""nav_msgs/msg/Odometry"",""message_count"":16524},{""name"":""/rosout"",""type"":""rcl_interfaces/msg/Log"",""message_count"":5917},{""name"":""/scan"",""type"":""sensor_msgs/msg/LaserScan"",""message_count"":16464},{""name"":""/sensors/core"",""type"":""vesc_msgs/msg/VescStateStamped"",""message_count"":30813},{""name"":""/sensors/imu"",""type"":""vesc_msgs/msg/VescImuStamped"",""message_count"":30811},{""name"":""/sensors/imu/raw"",""type"":""sensor_msgs/msg/Imu"",""message_count"":30811},{""name"":""/sensors/servo_position_command"",""type"":""std_msgs/msg/Float64"",""message_count"":14488},{""name"":""/state"",""type"":""f110_msgs/msg/StateMachine"",""message_count"":5125},{""name"":""/static_obs"",""type"":""f110_msgs/msg/ObstacleArray"",""message_count"":8812},{""name"":""/static_obs/markers"",""type"":""visualization_msgs/msg/MarkerArray"",""message_count"":8804},{""name"":""/teleop"",""type"":""ackermann_msgs/msg/AckermannDriveStamped"",""message_count"":437},{""name"":""/tf"",""type"":""tf2_msgs/msg/TFMessage"",""message_count"":47270},{""name"":""/tf_static"",""type"":""tf2_msgs/msg/TFMessage"",""message_count"":3},{""name"":""/trackbounds/markers"",""type"":""visualization_msgs/msg/MarkerArray"",""message_count"":319}]","[{""path"":""rosbag2_2026_08_24-13_42_16_0.mcap"",""exists"":true,""size_bytes"":498874691}]",8c5ce74ba496a4d292c3bc978004e83dfbe0b63609708f1332e789f27ec5a157,5e78a0e5b6c3812261ee67b7683f750bb94c858bbf7b1b2f2a8142c0ab4663ac,,True,True
rosbag_research_inventory/1,/home/sungho/.local/share/Trash/files/avoid_test,avoid_test,mcap,53.645234198,11810353,17100,3,1786202938659190918,1786202992304425116,"[{""name"":""/car_state/frenet/odom"",""type"":""nav_msgs/msg/Odometry"",""message_count"":1626},{""name"":""/drive"",""type"":""ackermann_msgs/msg/AckermannDriveStamped"",""message_count"":2204},{""name"":""/ego_racecar/odom"",""type"":""nav_msgs/msg/Odometry"",""message_count"":13270}]","[{""path"":""avoid_test_0.mcap"",""exists"":true,""size_bytes"":11810353}]",46f0ab1921c749abe0bfb36e053a0fc4b06dcf1cff70b30686c2bf2ef4e651a7,9a66fea6dc8d5342291aa678be9d2f130a173a9b054b182888173fa63a8c3695,,False,True
rosbag_research_inventory/1,/home/sungho/.local/share/Trash/files/avoid_test2,avoid_test2,mcap,39.762020459,23685734,22532,8,1786203337720299460,1786203377482319919,"[{""name"":""/avoid_waypoints"",""type"":""f110_msgs/msg/OTWpntArray"",""message_count"":1591},{""name"":""/car_state/frenet/odom"",""type"":""nav_msgs/msg/Odometry"",""message_count"":1183},{""name"":""/drive"",""type"":""ackermann_msgs/msg/AckermannDriveStamped"",""message_count"":1944},{""name"":""/ego_racecar/odom"",""type"":""nav_msgs/msg/Odometry"",""message_count"":9853},{""name"":""/global_waypoints"",""type"":""f110_msgs/msg/WpntArray"",""message_count"":21},{""name"":""/local_waypoints"",""type"":""f110_msgs/msg/WpntArray"",""message_count"":1186},{""name"":""/state"",""type"":""f110_msgs/msg/StateMachine"",""message_count"":392},{""name"":""/static_obs"",""type"":""f110_msgs/msg/ObstacleArray"",""message_count"":6362}]","[{""path"":""avoid_test2_0.mcap"",""exists"":true,""size_bytes"":23685734}]",caa95c6730b50485df988f22deb31f81549c9893b6ab7a69f3744da53dd6defc,a36c3c458463812e7878b5a2fdbf0f5bae489bf2a656f299bb5ac4eccd8608b1,,False,True
rosbag_research_inventory/1,/home/sungho/.local/share/Trash/files/frenet_jump_20260728_153147,frenet_jump_20260728_153147,sqlite3,9.307093782,2580480,4632,7,1785220308232852963,1785220317539946745,"[{""name"":""/avoid_waypoints"",""type"":""f110_msgs/msg/OTWpntArray"",""message_count"":184},{""name"":""/car_state/frenet/odom"",""type"":""nav_msgs/msg/Odometry"",""message_count"":261},{""name"":""/ego_racecar/odom"",""type"":""nav_msgs/msg/Odometry"",""message_count"":1590},{""name"":""/global_waypoints"",""type"":""f110_msgs/msg/WpntArray"",""message_count"":6},{""name"":""/perception/obstacles"",""type"":""f110_msgs/msg/ObstacleArray"",""message_count"":2234},{""name"":""/pf/pose/odom"",""type"":""nav_msgs/msg/Odometry"",""message_count"":283},{""name"":""/state"",""type"":""f110_msgs/msg/StateMachine"",""message_count"":74}]","[{""path"":""frenet_jump_20260728_153147_0.db3"",""exists"":true,""size_bytes"":2580480}]",573078d92296129074484d3ca551c86e6c51758268ed1d18b0a22f50faecf943,bde89cef79bf844500424ba87327da878c39bb8b8c8759970f1bbbcfdbca04fe,,False,True
rosbag_research_inventory/1,/home/sungho/.local/share/Trash/files/frenet_jump_20260728_153231,frenet_jump_20260728_153231,sqlite3,7.112072554,1720320,2279,5,1785220351983891810,1785220359095964364,"[{""name"":""/avoid_waypoints"",""type"":""f110_msgs/msg/OTWpntArray"",""message_count"":134},{""name"":""/ego_racecar/odom"",""type"":""nav_msgs/msg/Odometry"",""message_count"":1643},{""name"":""/perception/obstacles"",""type"":""f110_msgs/msg/ObstacleArray"",""message_count"":0},{""name"":""/pf/pose/odom"",""type"":""nav_msgs/msg/Odometry"",""message_count"":374},{""name"":""/state"",""type"":""f110_msgs/msg/StateMachine"",""message_count"":128}]","[{""path"":""frenet_jump_20260728_153231_0.db3"",""exists"":true,""size_bytes"":1720320}]",bb8c288830bcfb7901527280b12281160a5d98e860e1a7a178336eb13d47a09f,6eca4039e7766ab06f0997c17b3029fa6ce22d93f94a5078e6cc41e4e647fc95,,False,True
rosbag_research_inventory/1,/home/sungho/.local/share/Trash/files/frenet_jump_20260728_153404,frenet_jump_20260728_153404,sqlite3,33.570307107,8544256,17313,7,1785220445327631961,1785220478897939068,"[{""name"":""/avoid_waypoints"",""type"":""f110_msgs/msg/OTWpntArray"",""message_count"":662},{""name"":""/car_state/frenet/odom"",""type"":""nav_msgs/msg/Odometry"",""message_count"":0},{""name"":""/ego_racecar/odom"",""type"":""nav_msgs/msg/Odometry"",""message_count"":8148},{""name"":""/global_waypoints"",""type"":""f110_msgs/msg/WpntArray"",""message_count"":18},{""name"":""/perception/obstacles"",""type"":""f110_msgs/msg/ObstacleArray"",""message_count"":8148},{""name"":""/pf/pose/odom"",""type"":""nav_msgs/msg/Odometry"",""message_count"":0},{""name"":""/state"",""type"":""f110_msgs/msg/StateMachine"",""message_count"":337}]","[{""path"":""frenet_jump_20260728_153404_0.db3"",""exists"":true,""size_bytes"":8544256}]",c625b8f6f065808eb36e4f17b0ffc4b9bb949ce4b2383d9f4849c1150e5b0a07,6217ffa1a131d8fc892c1d64af2e1a6a9fb2425fe87299d47e592eaf4e0f0969,,False,True
rosbag_research_inventory/1,/home/sungho/.local/share/Trash/files/frenet_jump_20260728_155119,frenet_jump_20260728_155119,sqlite3,43.123551580,11149312,13253,3,1785221480463586403,1785221523587137983,"[{""name"":""/car_state/frenet/odom"",""type"":""nav_msgs/msg/Odometry"",""message_count"":1298},{""name"":""/ego_racecar/odom"",""type"":""nav_msgs/msg/Odometry"",""message_count"":10648},{""name"":""/pf/pose/odom"",""type"":""nav_msgs/msg/Odometry"",""message_count"":1307}]","[{""path"":""frenet_jump_20260728_155119_0.db3"",""exists"":true,""size_bytes"":11149312}]",46d1946f6f77307654615be00948c0c05eeef47ef7291cc2e0151e6d0000b14d,8c539590dbb34c3ad44451fba1c3bed735e129ecebeb0308a3c13601f4696da6,,False,True
rosbag_research_inventory/1,/home/sungho/.local/share/Trash/files/frenet_jump_20260728_155301,frenet_jump_20260728_155301,sqlite3,16.783668706,3985408,4720,3,1785221582482534262,1785221599266202968,"[{""name"":""/car_state/frenet/odom"",""type"":""nav_msgs/msg/Odometry"",""message_count"":509},{""name"":""/ego_racecar/odom"",""type"":""nav_msgs/msg/Odometry"",""message_count"":3742},{""name"":""/pf/pose/odom"",""type"":""nav_msgs/msg/Odometry"",""message_count"":469}]","[{""path"":""frenet_jump_20260728_155301_0.db3"",""exists"":true,""size_bytes"":3985408}]",3b86b5129c780b7554b35bcb34ebff542a741c01d87da47729ea0f8f9658f225,77cab57a1deb8dc755940b64e35258240289694ca85ba24db1fc721a07bcfc8c,,False,True
rosbag_research_inventory/1,/home/sungho/.local/share/Trash/files/jetson_rosbags/2026_IFAC/rosbag2_2026_07_20-20_50_01,rosbag2_2026_07_20-20_50_01,sqlite3,4.236505568,1683456,1282,28,1784548202133125371,1784548206369630939,"[{""name"":""/ackermann_cmd"",""type"":""ackermann_msgs/msg/AckermannDriveStamped"",""message_count"":0},{""name"":""/clicked_point"",""type"":""geometry_msgs/msg/PointStamped"",""message_count"":0},{""name"":""/commands/motor/brake"",""type"":""std_msgs/msg/Float64"",""message_count"":85},{""name"":""/commands/motor/speed"",""type"":""std_msgs/msg/Float64"",""message_count"":0},{""name"":""/commands/servo/position"",""type"":""std_msgs/msg/Float64"",""message_count"":0},{""name"":""/diagnostics"",""type"":""diagnostic_msgs/msg/DiagnosticArray"",""message_count"":12},{""name"":""/drive_mode"",""type"":""std_msgs/msg/String"",""message_count"":85},{""name"":""/estop_lock"",""type"":""std_msgs/msg/Bool"",""message_count"":87},{""name"":""/events/write_split"",""type"":""rosbag2_interfaces/msg/WriteSplitEvent"",""message_count"":0},{""name"":""/goal_pose"",""type"":""geometry_msgs/msg/PoseStamped"",""message_count"":0},{""name"":""/initialpose"",""type"":""geometry_msgs/msg/PoseWithCovarianceStamped"",""message_count"":0},{""name"":""/joy"",""type"":""sensor_msgs/msg/Joy"",""message_count"":27},{""name"":""/laser_status"",""type"":""urg_node_msgs/msg/Status"",""message_count"":0},{""name"":""/map"",""type"":""nav_msgs/msg/OccupancyGrid"",""message_count"":1},{""name"":""/map_metadata"",""type"":""nav_msgs/msg/MapMetaData"",""message_count"":1},{""name"":""/odom"",""type"":""nav_msgs/msg/Odometry"",""message_count"":217},{""name"":""/parameter_events"",""type"":""rcl_interfaces/msg/ParameterEvent"",""message_count"":0},{""name"":""/pose"",""type"":""geometry_msgs/msg/PoseWithCovarianceStamped"",""message_count"":0},{""name"":""/rosout"",""type"":""rcl_interfaces/msg/Log"",""message_count"":26},{""name"":""/scan"",""type"":""sensor_msgs/msg/LaserScan"",""message_count"":139},{""name"":""/sensors/imu/raw"",""type"":""sensor_msgs/msg/Imu"",""message_count"":217},{""name"":""/sensors/servo_position_command"",""type"":""std_msgs/msg/Float64"",""message_count"":0},{""name"":""/slam_toolbox/graph_visualization"",""type"":""visualization_msgs/msg/MarkerArray"",""message_count"":0},{""name"":""/slam_toolbox/scan_visualization"",""type"":""sensor_msgs/msg/LaserScan"",""message_count"":0},{""name"":""/slam_toolbox/update"",""type"":""visualization_msgs/msg/InteractiveMarkerUpdate"",""message_count"":0},{""name"":""/teleop"",""type"":""ackermann_msgs/msg/AckermannDriveStamped"",""message_count"":0},{""name"":""/tf"",""type"":""tf2_msgs/msg/TFMessage"",""message_count"":384},{""name"":""/tf_static"",""type"":""tf2_msgs/msg/TFMessage"",""message_count"":1}]","[{""path"":""rosbag2_2026_07_20-20_50_01_0.db3"",""exists"":true,""size_bytes"":1683456}]",c786dd35a1bc45697af4affc2d5e37e8c887c5f9129dd8667f8a90b2674863a9,ca2a6f91fbd1dcdeae74dda5f3bc7cee50fe347867ba3b59e91f7d4ecfa6fe36,,False,True
rosbag_research_inventory/1,/home/sungho/.local/share/Trash/files/jetson_rosbags/f1tenth_ws/rosbag2_2026_07_20-20_50_29,rosbag2_2026_07_20-20_50_29,sqlite3,6.214739890,2490368,1848,30,1784548229270800145,1784548235485540035,"[{""name"":""/ackermann_cmd"",""type"":""ackermann_msgs/msg/AckermannDriveStamped"",""message_count"":0},{""name"":""/clicked_point"",""type"":""geometry_msgs/msg/PointStamped"",""message_count"":0},{""name"":""/commands/motor/brake"",""type"":""std_msgs/msg/Float64"",""message_count"":72},{""name"":""/commands/motor/speed"",""type"":""std_msgs/msg/Float64"",""message_count"":0},{""name"":""/commands/servo/position"",""type"":""std_msgs/msg/Float64"",""message_count"":0},{""name"":""/diagnostics"",""type"":""diagnostic_msgs/msg/DiagnosticArray"",""message_count"":16},{""name"":""/drive_mode"",""type"":""std_msgs/msg/String"",""message_count"":72},{""name"":""/estop_lock"",""type"":""std_msgs/msg/Bool"",""message_count"":72},{""name"":""/events/write_split"",""type"":""rosbag2_interfaces/msg/WriteSplitEvent"",""message_count"":0},{""name"":""/goal_pose"",""type"":""geometry_msgs/msg/PoseStamped"",""message_count"":0},{""name"":""/initialpose"",""type"":""geometry_msgs/msg/PoseWithCovarianceStamped"",""message_count"":0},{""name"":""/joy"",""type"":""sensor_msgs/msg/Joy"",""message_count"":54},{""name"":""/laser_status"",""type"":""urg_node_msgs/msg/Status"",""message_count"":0},{""name"":""/map"",""type"":""nav_msgs/msg/OccupancyGrid"",""message_count"":2},{""name"":""/map_metadata"",""type"":""nav_msgs/msg/MapMetaData"",""message_count"":2},{""name"":""/odom"",""type"":""nav_msgs/msg/Odometry"",""message_count"":301},{""name"":""/parameter_events"",""type"":""rcl_interfaces/msg/ParameterEvent"",""message_count"":0},{""name"":""/pose"",""type"":""geometry_msgs/msg/PoseWithCovarianceStamped"",""message_count"":0},{""name"":""/rosout"",""type"":""rcl_interfaces/msg/Log"",""message_count"":41},{""name"":""/scan"",""type"":""sensor_msgs/msg/LaserScan"",""message_count"":128},{""name"":""/sensors/core"",""type"":""vesc_msgs/msg/VescStateStamped"",""message_count"":194},{""name"":""/sensors/imu"",""type"":""vesc_msgs/msg/VescImuStamped"",""message_count"":194},{""name"":""/sensors/imu/raw"",""type"":""sensor_msgs/msg/Imu"",""message_count"":194},{""name"":""/sensors/servo_position_command"",""type"":""std_msgs/msg/Float64"",""message_count"":0},{""name"":""/slam_toolbox/graph_visualization"",""type"":""visualization_msgs/msg/MarkerArray"",""message_count"":1},{""name"":""/slam_toolbox/scan_visualization"",""type"":""sensor_msgs/msg/LaserScan"",""message_count"":0},{""name"":""/slam_toolbox/update"",""type"":""visualization_msgs/msg/InteractiveMarkerUpdate"",""message_count"":0},{""name"":""/teleop"",""type"":""ackermann_msgs/msg/AckermannDriveStamped"",""message_count"":0},{""name"":""/tf"",""type"":""tf2_msgs/msg/TFMessage"",""message_count"":504},{""name"":""/tf_static"",""type"":""tf2_msgs/msg/TFMessage"",""message_count"":1}]","[{""path"":""rosbag2_2026_07_20-20_50_29_0.db3"",""exists"":true,""size_bytes"":2490368}]",69499b6d7bb9b917c7d03b504aae0e61b491d782d432497e5c53ae8707410cab,dd90785eb9fd81d643b6eb04ef4c294b72336b6497ba393967fa521553f0c474,,False,True
rosbag_research_inventory/1,/home/sungho/.local/share/Trash/files/jetson_rosbags/f1tenth_ws/rosbag2_2026_07_20-20_50_39,rosbag2_2026_07_20-20_50_39,sqlite3,52.480608246,22814720,24316,30,1784548239134955323,1784548291615563569,"[{""name"":""/ackermann_cmd"",""type"":""ackermann_msgs/msg/AckermannDriveStamped"",""message_count"":875},{""name"":""/clicked_point"",""type"":""geometry_msgs/msg/PointStamped"",""message_count"":0},{""name"":""/commands/motor/brake"",""type"":""std_msgs/msg/Float64"",""message_count"":140},{""name"":""/commands/motor/speed"",""type"":""std_msgs/msg/Float64"",""message_count"":875},{""name"":""/commands/servo/position"",""type"":""std_msgs/msg/Float64"",""message_count"":875},{""name"":""/diagnostics"",""type"":""diagnostic_msgs/msg/DiagnosticArray"",""message_count"":205},{""name"":""/drive_mode"",""type"":""std_msgs/msg/String"",""message_count"":1015},{""name"":""/estop_lock"",""type"":""std_msgs/msg/Bool"",""message_count"":1015},{""name"":""/events/write_split"",""type"":""rosbag2_interfaces/msg/WriteSplitEvent"",""message_count"":0},{""name"":""/goal_pose"",""type"":""geometry_msgs/msg/PoseStamped"",""message_count"":0},{""name"":""/initialpose"",""type"":""geometry_msgs/msg/PoseWithCovarianceStamped"",""message_count"":0},{""name"":""/joy"",""type"":""sensor_msgs/msg/Joy"",""message_count"":1813},{""name"":""/laser_status"",""type"":""urg_node_msgs/msg/Status"",""message_count"":0},{""name"":""/map"",""type"":""nav_msgs/msg/OccupancyGrid"",""message_count"":11},{""name"":""/map_metadata"",""type"":""nav_msgs/msg/MapMetaData"",""message_count"":11},{""name"":""/odom"",""type"":""nav_msgs/msg/Odometry"",""message_count"":2421},{""name"":""/parameter_events"",""type"":""rcl_interfaces/msg/ParameterEvent"",""message_count"":0},{""name"":""/pose"",""type"":""geometry_msgs/msg/PoseWithCovarianceStamped"",""message_count"":64},{""name"":""/rosout"",""type"":""rcl_interfaces/msg/Log"",""message_count"":46},{""name"":""/scan"",""type"":""sensor_msgs/msg/LaserScan"",""message_count"":1912},{""name"":""/sensors/core"",""type"":""vesc_msgs/msg/VescStateStamped"",""message_count"":2542},{""name"":""/sensors/imu"",""type"":""vesc_msgs/msg/VescImuStamped"",""message_count"":2544},{""name"":""/sensors/imu/raw"",""type"":""sensor_msgs/msg/Imu"",""message_count"":2544},{""name"":""/sensors/servo_position_command"",""type"":""std_msgs/msg/Float64"",""message_count"":875},{""name"":""/slam_toolbox/graph_visualization"",""type"":""visualization_msgs/msg/MarkerArray"",""message_count"":10},{""name"":""/slam_toolbox/scan_visualization"",""type"":""sensor_msgs/msg/LaserScan"",""message_count"":0},{""name"":""/slam_toolbox/update"",""type"":""visualization_msgs/msg/InteractiveMarkerUpdate"",""message_count"":0},{""name"":""/teleop"",""type"":""ackermann_msgs/msg/AckermannDriveStamped"",""message_count"":875},{""name"":""/tf"",""type"":""tf2_msgs/msg/TFMessage"",""message_count"":3647},{""name"":""/tf_static"",""type"":""tf2_msgs/msg/TFMessage"",""message_count"":1}]","[{""path"":""rosbag2_2026_07_20-20_50_39_0.db3"",""exists"":true,""size_bytes"":22814720}]",8687e2747bb4186b166def858530f4b9bce5bf0d9b9c83c5959153bf08208ea3,341bee83a3d3534413bb7f5dd22ba5b674b347f2538847c3a4abc5f0d7de1764,,False,True
rosbag_research_inventory/1,/home/sungho/.local/share/Trash/files/jetson_rosbags/rosbag2_2026_07_20-20_49_09,rosbag2_2026_07_20-20_49_09,sqlite3,39.191484646,12378112,12478,28,1784548149864102279,1784548189055586925,"[{""name"":""/ackermann_cmd"",""type"":""ackermann_msgs/msg/AckermannDriveStamped"",""message_count"":630},{""name"":""/clicked_point"",""type"":""geometry_msgs/msg/PointStamped"",""message_count"":0},{""name"":""/commands/motor/brake"",""type"":""std_msgs/msg/Float64"",""message_count"":145},{""name"":""/commands/motor/speed"",""type"":""std_msgs/msg/Float64"",""message_count"":630},{""name"":""/commands/servo/position"",""type"":""std_msgs/msg/Float64"",""message_count"":630},{""name"":""/diagnostics"",""type"":""diagnostic_msgs/msg/DiagnosticArray"",""message_count"":150},{""name"":""/drive_mode"",""type"":""std_msgs/msg/String"",""message_count"":763},{""name"":""/estop_lock"",""type"":""std_msgs/msg/Bool"",""message_count"":763},{""name"":""/events/write_split"",""type"":""rosbag2_interfaces/msg/WriteSplitEvent"",""message_count"":0},{""name"":""/goal_pose"",""type"":""geometry_msgs/msg/PoseStamped"",""message_count"":0},{""name"":""/initialpose"",""type"":""geometry_msgs/msg/PoseWithCovarianceStamped"",""message_count"":0},{""name"":""/joy"",""type"":""sensor_msgs/msg/Joy"",""message_count"":1412},{""name"":""/laser_status"",""type"":""urg_node_msgs/msg/Status"",""message_count"":0},{""name"":""/map"",""type"":""nav_msgs/msg/OccupancyGrid"",""message_count"":8},{""name"":""/map_metadata"",""type"":""nav_msgs/msg/MapMetaData"",""message_count"":9},{""name"":""/odom"",""type"":""nav_msgs/msg/Odometry"",""message_count"":1751},{""name"":""/parameter_events"",""type"":""rcl_interfaces/msg/ParameterEvent"",""message_count"":0},{""name"":""/pose"",""type"":""geometry_msgs/msg/PoseWithCovarianceStamped"",""message_count"":37},{""name"":""/rosout"",""type"":""rcl_interfaces/msg/Log"",""message_count"":85},{""name"":""/scan"",""type"":""sensor_msgs/msg/LaserScan"",""message_count"":1143},{""name"":""/sensors/imu/raw"",""type"":""sensor_msgs/msg/Imu"",""message_count"":1941},{""name"":""/sensors/servo_position_command"",""type"":""std_msgs/msg/Float64"",""message_count"":630},{""name"":""/slam_toolbox/graph_visualization"",""type"":""visualization_msgs/msg/MarkerArray"",""message_count"":7},{""name"":""/slam_toolbox/scan_visualization"",""type"":""sensor_msgs/msg/LaserScan"",""message_count"":0},{""name"":""/slam_toolbox/update"",""type"":""visualization_msgs/msg/InteractiveMarkerUpdate"",""message_count"":0},{""name"":""/teleop"",""type"":""ackermann_msgs/msg/AckermannDriveStamped"",""message_count"":618},{""name"":""/tf"",""type"":""tf2_msgs/msg/TFMessage"",""message_count"":1125},{""name"":""/tf_static"",""type"":""tf2_msgs/msg/TFMessage"",""message_count"":1}]","[{""path"":""rosbag2_2026_07_20-20_49_09_0.db3"",""exists"":true,""size_bytes"":12378112}]",2e517aa81be9f70b2810927c8a9f381ddf62e6fdd96a208dcc50eaef46a5bc5e,c1e2429f49741b10822f44beff74c7606a8c87242a382d5ea7753d767d153ca5,,False,True
rosbag_research_inventory/1,/home/sungho/.local/share/Trash/files/jetson_rosbags/rosbag2_2026_07_20-20_50_39,rosbag2_2026_07_20-20_50_39,sqlite3,52.480608246,22814720,24316,30,1784548239134955323,1784548291615563569,"[{""name"":""/ackermann_cmd"",""type"":""ackermann_msgs/msg/AckermannDriveStamped"",""message_count"":875},{""name"":""/clicked_point"",""type"":""geometry_msgs/msg/PointStamped"",""message_count"":0},{""name"":""/commands/motor/brake"",""type"":""std_msgs/msg/Float64"",""message_count"":140},{""name"":""/commands/motor/speed"",""type"":""std_msgs/msg/Float64"",""message_count"":875},{""name"":""/commands/servo/position"",""type"":""std_msgs/msg/Float64"",""message_count"":875},{""name"":""/diagnostics"",""type"":""diagnostic_msgs/msg/DiagnosticArray"",""message_count"":205},{""name"":""/drive_mode"",""type"":""std_msgs/msg/String"",""message_count"":1015},{""name"":""/estop_lock"",""type"":""std_msgs/msg/Bool"",""message_count"":1015},{""name"":""/events/write_split"",""type"":""rosbag2_interfaces/msg/WriteSplitEvent"",""message_count"":0},{""name"":""/goal_pose"",""type"":""geometry_msgs/msg/PoseStamped"",""message_count"":0},{""name"":""/initialpose"",""type"":""geometry_msgs/msg/PoseWithCovarianceStamped"",""message_count"":0},{""name"":""/joy"",""type"":""sensor_msgs/msg/Joy"",""message_count"":1813},{""name"":""/laser_status"",""type"":""urg_node_msgs/msg/Status"",""message_count"":0},{""name"":""/map"",""type"":""nav_msgs/msg/OccupancyGrid"",""message_count"":11},{""name"":""/map_metadata"",""type"":""nav_msgs/msg/MapMetaData"",""message_count"":11},{""name"":""/odom"",""type"":""nav_msgs/msg/Odometry"",""message_count"":2421},{""name"":""/parameter_events"",""type"":""rcl_interfaces/msg/ParameterEvent"",""message_count"":0},{""name"":""/pose"",""type"":""geometry_msgs/msg/PoseWithCovarianceStamped"",""message_count"":64},{""name"":""/rosout"",""type"":""rcl_interfaces/msg/Log"",""message_count"":46},{""name"":""/scan"",""type"":""sensor_msgs/msg/LaserScan"",""message_count"":1912},{""name"":""/sensors/core"",""type"":""vesc_msgs/msg/VescStateStamped"",""message_count"":2542},{""name"":""/sensors/imu"",""type"":""vesc_msgs/msg/VescImuStamped"",""message_count"":2544},{""name"":""/sensors/imu/raw"",""type"":""sensor_msgs/msg/Imu"",""message_count"":2544},{""name"":""/sensors/servo_position_command"",""type"":""std_msgs/msg/Float64"",""message_count"":875},{""name"":""/slam_toolbox/graph_visualization"",""type"":""visualization_msgs/msg/MarkerArray"",""message_count"":10},{""name"":""/slam_toolbox/scan_visualization"",""type"":""sensor_msgs/msg/LaserScan"",""message_count"":0},{""name"":""/slam_toolbox/update"",""type"":""visualization_msgs/msg/InteractiveMarkerUpdate"",""message_count"":0},{""name"":""/teleop"",""type"":""ackermann_msgs/msg/AckermannDriveStamped"",""message_count"":875},{""name"":""/tf"",""type"":""tf2_msgs/msg/TFMessage"",""message_count"":3647},{""name"":""/tf_static"",""type"":""tf2_msgs/msg/TFMessage"",""message_count"":1}]","[{""path"":""rosbag2_2026_07_20-20_50_39_0.db3"",""exists"":true,""size_bytes"":22814720}]",8687e2747bb4186b166def858530f4b9bce5bf0d9b9c83c5959153bf08208ea3,341bee83a3d3534413bb7f5dd22ba5b674b347f2538847c3a4abc5f0d7de1764,,False,True
rosbag_research_inventory/1,/home/sungho/.local/share/Trash/files,files,mcap,31.924163182,12047863,15611,19,1785495898662702400,1785495930586865582,"[{""name"":""/commands/motor/brake"",""type"":""std_msgs/msg/Float64"",""message_count"":485},{""name"":""/commands/motor/speed"",""type"":""std_msgs/msg/Float64"",""message_count"":105},{""name"":""/commands/servo/position"",""type"":""std_msgs/msg/Float64"",""message_count"":110},{""name"":""/drive"",""type"":""ackermann_msgs/msg/AckermannDriveStamped"",""message_count"":1402},{""name"":""/drive_autonomous"",""type"":""ackermann_msgs/msg/AckermannDriveStamped"",""message_count"":1443},{""name"":""/drive_mode"",""type"":""std_msgs/msg/String"",""message_count"":524},{""name"":""/estop_lock"",""type"":""std_msgs/msg/Bool"",""message_count"":523},{""name"":""/global_waypoints"",""type"":""f110_msgs/msg/WpntArray"",""message_count"":16},{""name"":""/joy"",""type"":""sensor_msgs/msg/Joy"",""message_count"":400},{""name"":""/local_waypoints"",""type"":""f110_msgs/msg/WpntArray"",""message_count"":884},{""name"":""/mppi_active"",""type"":""std_msgs/msg/Bool"",""message_count"":1},{""name"":""/odom"",""type"":""nav_msgs/msg/Odometry"",""message_count"":1264},{""name"":""/opp_obs"",""type"":""f110_msgs/msg/ObstacleArray"",""message_count"":1012},{""name"":""/pf/pose/odom"",""type"":""nav_msgs/msg/Odometry"",""message_count"":953},{""name"":""/scan"",""type"":""sensor_msgs/msg/LaserScan"",""message_count"":1047},{""name"":""/sensors/imu/raw"",""type"":""sensor_msgs/msg/Imu"",""message_count"":1310},{""name"":""/static_obs"",""type"":""f110_msgs/msg/ObstacleArray"",""message_count"":1012},{""name"":""/tf"",""type"":""tf2_msgs/msg/TFMessage"",""message_count"":3119},{""name"":""/tf_static"",""type"":""tf2_msgs/msg/TFMessage"",""message_count"":1}]","[{""path"":""rosbag2_2026_07_31-20_04_57_0.mcap"",""exists"":true,""size_bytes"":12047863}]",21fd4883d39e755caad72e61fe4615a075adc2dd6dd94fea24abecffeeb118af,a379f57ff8adbdaaf15f8e21862058812f96d71c7d3ae8cd00613c6d26d8bdd1,,False,True
rosbag_research_inventory/1,/home/sungho/.local/share/Trash/files/rosbag/rosbag2_2026_07_23-22_25_53,rosbag2_2026_07_23-22_25_53,sqlite3,12.722590997,3379200,3667,7,1784813153687888327,1784813166410479324,"[{""name"":""/commands/motor/brake"",""type"":""std_msgs/msg/Float64"",""message_count"":63},{""name"":""/estop_lock"",""type"":""std_msgs/msg/Bool"",""message_count"":252},{""name"":""/joy"",""type"":""sensor_msgs/msg/Joy"",""message_count"":190},{""name"":""/odom"",""type"":""nav_msgs/msg/Odometry"",""message_count"":629},{""name"":""/scan"",""type"":""sensor_msgs/msg/LaserScan"",""message_count"":509},{""name"":""/sensors/imu/raw"",""type"":""sensor_msgs/msg/Imu"",""message_count"":629},{""name"":""/tf"",""type"":""tf2_msgs/msg/TFMessage"",""message_count"":1395}]","[{""path"":""rosbag2_2026_07_23-22_25_53_0.db3"",""exists"":true,""size_bytes"":3379200}]",da7bf85966f2d40d0a4a17adca88f8e87e45544d11b7f55ec161a0df4550590e,fbc811eb21473d61fd491f1d8bff8744b28c930d843db973cd08cf92b6c01574,,False,True
rosbag_research_inventory/1,/home/sungho/.local/share/Trash/files/rosbag/rosbag2_2026_07_23-22_28_43,rosbag2_2026_07_23-22_28_43,sqlite3,15.144776905,3911680,4215,7,1784813324414418168,1784813339559195073,"[{""name"":""/commands/motor/brake"",""type"":""std_msgs/msg/Float64"",""message_count"":139},{""name"":""/estop_lock"",""type"":""std_msgs/msg/Bool"",""message_count"":303},{""name"":""/joy"",""type"":""sensor_msgs/msg/Joy"",""message_count"":234},{""name"":""/odom"",""type"":""nav_msgs/msg/Odometry"",""message_count"":758},{""name"":""/scan"",""type"":""sensor_msgs/msg/LaserScan"",""message_count"":583},{""name"":""/sensors/imu/raw"",""type"":""sensor_msgs/msg/Imu"",""message_count"":758},{""name"":""/tf"",""type"":""tf2_msgs/msg/TFMessage"",""message_count"":1440}]","[{""path"":""rosbag2_2026_07_23-22_28_43_0.db3"",""exists"":true,""size_bytes"":3911680}]",362ecd6e01619860ea4464d9e6fb7b134a15d09dc2fc026e8f83b3a0ecef65ae,ac04106a34174d2ed04d8960a1f1360b512ae5eb65c366b2e4133a4b8a7c8c96,,False,True
rosbag_research_inventory/1,/home/sungho/.local/share/Trash/files/rosbag/rosbag_20260725_012816,rosbag_20260725_012816,sqlite3,39.904201399,10432512,11945,11,1784910496758691488,1784910536662892887,"[{""name"":""/commands/motor/brake"",""type"":""std_msgs/msg/Float64"",""message_count"":491},{""name"":""/drive"",""type"":""ackermann_msgs/msg/AckermannDriveStamped"",""message_count"":1826},{""name"":""/drive_autonomous"",""type"":""ackermann_msgs/msg/AckermannDriveStamped"",""message_count"":1837},{""name"":""/estop_lock"",""type"":""std_msgs/msg/Bool"",""message_count"":767},{""name"":""/joy"",""type"":""sensor_msgs/msg/Joy"",""message_count"":595},{""name"":""/odom"",""type"":""nav_msgs/msg/Odometry"",""message_count"":1770},{""name"":""/pf/pose/odom"",""type"":""nav_msgs/msg/Odometry"",""message_count"":910},{""name"":""/scan"",""type"":""sensor_msgs/msg/LaserScan"",""message_count"":1497},{""name"":""/sensors/imu/raw"",""type"":""sensor_msgs/msg/Imu"",""message_count"":1899},{""name"":""/tf"",""type"":""tf2_msgs/msg/TFMessage"",""message_count"":352},{""name"":""/tf_static"",""type"":""tf2_msgs/msg/TFMessage"",""message_count"":1}]","[{""path"":""rosbag_20260725_012816_0.db3"",""exists"":true,""size_bytes"":10432512}]",e25fcc7bf5fd32ded62ea9b365a984fde3552dd0f870bc3a5092d34d9079a7b9,8fb457072a305596d2a857d0c6b14a1f8949beb6f375b106dfd2a61a24fbc0fe,,False,True
rosbag_research_inventory/1,/home/sungho/.local/share/Trash/files/rosbag/rosbag_20260725_013231,rosbag_20260725_013231,sqlite3,94.967590448,27561984,35076,11,1784910751956189065,1784910846923779513,"[{""name"":""/commands/motor/brake"",""type"":""std_msgs/msg/Float64"",""message_count"":394},{""name"":""/drive"",""type"":""ackermann_msgs/msg/AckermannDriveStamped"",""message_count"":4595},{""name"":""/drive_autonomous"",""type"":""ackermann_msgs/msg/AckermannDriveStamped"",""message_count"":4595},{""name"":""/estop_lock"",""type"":""std_msgs/msg/Bool"",""message_count"":1864},{""name"":""/joy"",""type"":""sensor_msgs/msg/Joy"",""message_count"":1493},{""name"":""/odom"",""type"":""nav_msgs/msg/Odometry"",""message_count"":4693},{""name"":""/pf/pose/odom"",""type"":""nav_msgs/msg/Odometry"",""message_count"":2800},{""name"":""/scan"",""type"":""sensor_msgs/msg/LaserScan"",""message_count"":3782},{""name"":""/sensors/imu/raw"",""type"":""sensor_msgs/msg/Imu"",""message_count"":4713},{""name"":""/tf"",""type"":""tf2_msgs/msg/TFMessage"",""message_count"":6146},{""name"":""/tf_static"",""type"":""tf2_msgs/msg/TFMessage"",""message_count"":1}]","[{""path"":""rosbag_20260725_013231_0.db3"",""exists"":true,""size_bytes"":27561984}]",836120cf808d9cfa44c80336244b974f75b889b0f6a2455f6704c258ae2f9602,a4bed8847cae434c2ab94cf11a21d5a588d52b7c0b03296ba31c315cbf1f9708,,False,True
rosbag_research_inventory/1,/home/sungho/.local/share/Trash/files/rosbag2_2026_07_20-20_49_09,rosbag2_2026_07_20-20_49_09,sqlite3,39.191484646,12378112,12478,28,1784548149864102279,1784548189055586925,"[{""name"":""/ackermann_cmd"",""type"":""ackermann_msgs/msg/AckermannDriveStamped"",""message_count"":630},{""name"":""/clicked_point"",""type"":""geometry_msgs/msg/PointStamped"",""message_count"":0},{""name"":""/commands/motor/brake"",""type"":""std_msgs/msg/Float64"",""message_count"":145},{""name"":""/commands/motor/speed"",""type"":""std_msgs/msg/Float64"",""message_count"":630},{""name"":""/commands/servo/position"",""type"":""std_msgs/msg/Float64"",""message_count"":630},{""name"":""/diagnostics"",""type"":""diagnostic_msgs/msg/DiagnosticArray"",""message_count"":150},{""name"":""/drive_mode"",""type"":""std_msgs/msg/String"",""message_count"":763},{""name"":""/estop_lock"",""type"":""std_msgs/msg/Bool"",""message_count"":763},{""name"":""/events/write_split"",""type"":""rosbag2_interfaces/msg/WriteSplitEvent"",""message_count"":0},{""name"":""/goal_pose"",""type"":""geometry_msgs/msg/PoseStamped"",""message_count"":0},{""name"":""/initialpose"",""type"":""geometry_msgs/msg/PoseWithCovarianceStamped"",""message_count"":0},{""name"":""/joy"",""type"":""sensor_msgs/msg/Joy"",""message_count"":1412},{""name"":""/laser_status"",""type"":""urg_node_msgs/msg/Status"",""message_count"":0},{""name"":""/map"",""type"":""nav_msgs/msg/OccupancyGrid"",""message_count"":8},{""name"":""/map_metadata"",""type"":""nav_msgs/msg/MapMetaData"",""message_count"":9},{""name"":""/odom"",""type"":""nav_msgs/msg/Odometry"",""message_count"":1751},{""name"":""/parameter_events"",""type"":""rcl_interfaces/msg/ParameterEvent"",""message_count"":0},{""name"":""/pose"",""type"":""geometry_msgs/msg/PoseWithCovarianceStamped"",""message_count"":37},{""name"":""/rosout"",""type"":""rcl_interfaces/msg/Log"",""message_count"":85},{""name"":""/scan"",""type"":""sensor_msgs/msg/LaserScan"",""message_count"":1143},{""name"":""/sensors/imu/raw"",""type"":""sensor_msgs/msg/Imu"",""message_count"":1941},{""name"":""/sensors/servo_position_command"",""type"":""std_msgs/msg/Float64"",""message_count"":630},{""name"":""/slam_toolbox/graph_visualization"",""type"":""visualization_msgs/msg/MarkerArray"",""message_count"":7},{""name"":""/slam_toolbox/scan_visualization"",""type"":""sensor_msgs/msg/LaserScan"",""message_count"":0},{""name"":""/slam_toolbox/update"",""type"":""visualization_msgs/msg/InteractiveMarkerUpdate"",""message_count"":0},{""name"":""/teleop"",""type"":""ackermann_msgs/msg/AckermannDriveStamped"",""message_count"":618},{""name"":""/tf"",""type"":""tf2_msgs/msg/TFMessage"",""message_count"":1125},{""name"":""/tf_static"",""type"":""tf2_msgs/msg/TFMessage"",""message_count"":1}]","[{""path"":""rosbag2_2026_07_20-20_49_09_0.db3"",""exists"":true,""size_bytes"":12378112}]",2e517aa81be9f70b2810927c8a9f381ddf62e6fdd96a208dcc50eaef46a5bc5e,c1e2429f49741b10822f44beff74c7606a8c87242a382d5ea7753d767d153ca5,,False,True
rosbag_research_inventory/1,/home/sungho/.local/share/Trash/files/rosbag2_2026_07_20-20_50_39,rosbag2_2026_07_20-20_50_39,sqlite3,52.480608246,22814720,24316,30,1784548239134955323,1784548291615563569,"[{""name"":""/ackermann_cmd"",""type"":""ackermann_msgs/msg/AckermannDriveStamped"",""message_count"":875},{""name"":""/clicked_point"",""type"":""geometry_msgs/msg/PointStamped"",""message_count"":0},{""name"":""/commands/motor/brake"",""type"":""std_msgs/msg/Float64"",""message_count"":140},{""name"":""/commands/motor/speed"",""type"":""std_msgs/msg/Float64"",""message_count"":875},{""name"":""/commands/servo/position"",""type"":""std_msgs/msg/Float64"",""message_count"":875},{""name"":""/diagnostics"",""type"":""diagnostic_msgs/msg/DiagnosticArray"",""message_count"":205},{""name"":""/drive_mode"",""type"":""std_msgs/msg/String"",""message_count"":1015},{""name"":""/estop_lock"",""type"":""std_msgs/msg/Bool"",""message_count"":1015},{""name"":""/events/write_split"",""type"":""rosbag2_interfaces/msg/WriteSplitEvent"",""message_count"":0},{""name"":""/goal_pose"",""type"":""geometry_msgs/msg/PoseStamped"",""message_count"":0},{""name"":""/initialpose"",""type"":""geometry_msgs/msg/PoseWithCovarianceStamped"",""message_count"":0},{""name"":""/joy"",""type"":""sensor_msgs/msg/Joy"",""message_count"":1813},{""name"":""/laser_status"",""type"":""urg_node_msgs/msg/Status"",""message_count"":0},{""name"":""/map"",""type"":""nav_msgs/msg/OccupancyGrid"",""message_count"":11},{""name"":""/map_metadata"",""type"":""nav_msgs/msg/MapMetaData"",""message_count"":11},{""name"":""/odom"",""type"":""nav_msgs/msg/Odometry"",""message_count"":2421},{""name"":""/parameter_events"",""type"":""rcl_interfaces/msg/ParameterEvent"",""message_count"":0},{""name"":""/pose"",""type"":""geometry_msgs/msg/PoseWithCovarianceStamped"",""message_count"":64},{""name"":""/rosout"",""type"":""rcl_interfaces/msg/Log"",""message_count"":46},{""name"":""/scan"",""type"":""sensor_msgs/msg/LaserScan"",""message_count"":1912},{""name"":""/sensors/core"",""type"":""vesc_msgs/msg/VescStateStamped"",""message_count"":2542},{""name"":""/sensors/imu"",""type"":""vesc_msgs/msg/VescImuStamped"",""message_count"":2544},{""name"":""/sensors/imu/raw"",""type"":""sensor_msgs/msg/Imu"",""message_count"":2544},{""name"":""/sensors/servo_position_command"",""type"":""std_msgs/msg/Float64"",""message_count"":875},{""name"":""/slam_toolbox/graph_visualization"",""type"":""visualization_msgs/msg/MarkerArray"",""message_count"":10},{""name"":""/slam_toolbox/scan_visualization"",""type"":""sensor_msgs/msg/LaserScan"",""message_count"":0},{""name"":""/slam_toolbox/update"",""type"":""visualization_msgs/msg/InteractiveMarkerUpdate"",""message_count"":0},{""name"":""/teleop"",""type"":""ackermann_msgs/msg/AckermannDriveStamped"",""message_count"":875},{""name"":""/tf"",""type"":""tf2_msgs/msg/TFMessage"",""message_count"":3647},{""name"":""/tf_static"",""type"":""tf2_msgs/msg/TFMessage"",""message_count"":1}]","[{""path"":""rosbag2_2026_07_20-20_50_39_0.db3"",""exists"":true,""size_bytes"":22814720}]",8687e2747bb4186b166def858530f4b9bce5bf0d9b9c83c5959153bf08208ea3,341bee83a3d3534413bb7f5dd22ba5b674b347f2538847c3a4abc5f0d7de1764,,False,True
rosbag_research_inventory/1,/home/sungho/.local/share/Trash/files/rosbag2_2026_07_23-22_31_21,rosbag2_2026_07_23-22_31_21,sqlite3,26.458727400,5619712,6343,7,1784813481772883310,1784813508231610710,"[{""name"":""/commands/motor/brake"",""type"":""std_msgs/msg/Float64"",""message_count"":0},{""name"":""/estop_lock"",""type"":""std_msgs/msg/Bool"",""message_count"":398},{""name"":""/joy"",""type"":""sensor_msgs/msg/Joy"",""message_count"":294},{""name"":""/odom"",""type"":""nav_msgs/msg/Odometry"",""message_count"":1130},{""name"":""/scan"",""type"":""sensor_msgs/msg/LaserScan"",""message_count"":825},{""name"":""/sensors/imu/raw"",""type"":""sensor_msgs/msg/Imu"",""message_count"":1038},{""name"":""/tf"",""type"":""tf2_msgs/msg/TFMessage"",""message_count"":2658}]","[{""path"":""rosbag2_2026_07_23-22_31_21_0.db3"",""exists"":true,""size_bytes"":5619712}]",257fb0f7b1794d9f687dab2a6fc4a63b4d1b78a66849d38303298e1835a88939,7cd55681bb8c8e7156f95e2c6390092138742d04a19f1aea4f0491065879b8ea,,False,True
rosbag_research_inventory/1,/home/sungho/.local/share/Trash/files/rosbag2_2026_07_23-22_41_11,rosbag2_2026_07_23-22_41_11,sqlite3,137.883482999,28680192,29384,7,1784814071855952869,1784814209739435868,"[{""name"":""/commands/motor/brake"",""type"":""std_msgs/msg/Float64"",""message_count"":1024},{""name"":""/estop_lock"",""type"":""std_msgs/msg/Bool"",""message_count"":2176},{""name"":""/joy"",""type"":""sensor_msgs/msg/Joy"",""message_count"":2229},{""name"":""/odom"",""type"":""nav_msgs/msg/Odometry"",""message_count"":5119},{""name"":""/scan"",""type"":""sensor_msgs/msg/LaserScan"",""message_count"":4410},{""name"":""/sensors/imu/raw"",""type"":""sensor_msgs/msg/Imu"",""message_count"":5522},{""name"":""/tf"",""type"":""tf2_msgs/msg/TFMessage"",""message_count"":8904}]","[{""path"":""rosbag2_2026_07_23-22_41_11_0.db3"",""exists"":true,""size_bytes"":28680192}]",8f8071dab1ee1c757763eabfed1499210041217cd72f1b5d67772baed7773368,5264c06277ddc6ecf44ea787b75bafcf1291296140437f580d566d8612a36818,,False,True
rosbag_research_inventory/1,/home/sungho/.local/share/Trash/files/rosbag2_2026_07_23-22_43_33,rosbag2_2026_07_23-22_43_33,,0.000000000,0,0,0,0,0,[],[],e3b0c44298fc1c149afbf4c8996fb92427ae41e4649b934ca495991b7852b855,7f987053a6069ddc595840d001ec0e1d04d722d26abd50c9d348ceb46ec1b54d,,False,True
rosbag_research_inventory/1,/home/sungho/.local/share/Trash/files/rosbag2_2026_07_25-22_08_36,rosbag2_2026_07_25-22_08_36,sqlite3,0.651538326,172032,143,9,1784984916868728246,1784984917520266572,"[{""name"":""/commands/motor/brake"",""type"":""std_msgs/msg/Float64"",""message_count"":0},{""name"":""/drive_autonomous"",""type"":""ackermann_msgs/msg/AckermannDriveStamped"",""message_count"":5},{""name"":""/estop_lock"",""type"":""std_msgs/msg/Bool"",""message_count"":2},{""name"":""/joy"",""type"":""sensor_msgs/msg/Joy"",""message_count"":10},{""name"":""/odom"",""type"":""nav_msgs/msg/Odometry"",""message_count"":11},{""name"":""/pf/pose/odom"",""type"":""nav_msgs/msg/Odometry"",""message_count"":21},{""name"":""/scan"",""type"":""sensor_msgs/msg/LaserScan"",""message_count"":23},{""name"":""/sensors/imu/raw"",""type"":""sensor_msgs/msg/Imu"",""message_count"":18},{""name"":""/tf"",""type"":""tf2_msgs/msg/TFMessage"",""message_count"":53}]","[{""path"":""rosbag2_2026_07_25-22_08_36_0.db3"",""exists"":true,""size_bytes"":172032}]",71a6b232c5e35b898b2428c4bf19afee44dac14351b87dff687351a292609569,0ae71268d27173379015a37713c66e7bf4532a51f0c64f9b24b6478ee385d809,,False,True
rosbag_research_inventory/1,/home/sungho/.local/share/Trash/files/rosbag2_2026_07_25-22_08_50,rosbag2_2026_07_25-22_08_50,sqlite3,12.092003699,3334144,4262,9,1784984930707812208,1784984942799815907,"[{""name"":""/commands/motor/brake"",""type"":""std_msgs/msg/Float64"",""message_count"":35},{""name"":""/drive_autonomous"",""type"":""ackermann_msgs/msg/AckermannDriveStamped"",""message_count"":606},{""name"":""/estop_lock"",""type"":""std_msgs/msg/Bool"",""message_count"":227},{""name"":""/joy"",""type"":""sensor_msgs/msg/Joy"",""message_count"":172},{""name"":""/odom"",""type"":""nav_msgs/msg/Odometry"",""message_count"":566},{""name"":""/pf/pose/odom"",""type"":""nav_msgs/msg/Odometry"",""message_count"":363},{""name"":""/scan"",""type"":""sensor_msgs/msg/LaserScan"",""message_count"":444},{""name"":""/sensors/imu/raw"",""type"":""sensor_msgs/msg/Imu"",""message_count"":565},{""name"":""/tf"",""type"":""tf2_msgs/msg/TFMessage"",""message_count"":1284}]","[{""path"":""rosbag2_2026_07_25-22_08_50_0.db3"",""exists"":true,""size_bytes"":3334144}]",04088a348ce783a4c3208fc762d26a82abf42e87015f7ccba448cad1e263a30e,531b66f03bf50c0efc93cce55e82440f7eb917ed971e80b287b53ec1d96aa8ed,,False,True
rosbag_research_inventory/1,/home/sungho/.local/share/Trash/files/rosbag2_2026_07_30-00_34_21,rosbag2_2026_07_30-00_34_21,mcap,2.771230684,14879,10,3,1785339261537941268,1785339264309171952,"[{""name"":""/events/write_split"",""type"":""rosbag2_interfaces/msg/WriteSplitEvent"",""message_count"":0},{""name"":""/parameter_events"",""type"":""rcl_interfaces/msg/ParameterEvent"",""message_count"":0},{""name"":""/rosout"",""type"":""rcl_interfaces/msg/Log"",""message_count"":10}]","[{""path"":""rosbag2_2026_07_30-00_34_21_0.mcap"",""exists"":true,""size_bytes"":14879}]",4b652fc90f53bb2ff9e1c6785ea1025c8fedc70e9458b2cb79c4723e56cf6f89,4eb60a7130da25c60b8832028981eebd443781994f0bb2a21313fedee2b81a68,,False,True
rosbag_research_inventory/1,/home/sungho/.local/share/Trash/files/rosbag2_2026_08_03-14_36_18,rosbag2_2026_08_03-14_36_18,mcap,150.193969862,10871,10,2,1785735378786426392,1785735528980396254,"[{""name"":""/events/write_split"",""type"":""rosbag2_interfaces/msg/WriteSplitEvent"",""message_count"":0},{""name"":""/rosout"",""type"":""rcl_interfaces/msg/Log"",""message_count"":10}]","[{""path"":""rosbag2_2026_08_03-14_36_18_0.mcap"",""exists"":true,""size_bytes"":10871}]",18b2d824db539b1bd6d6d78ad99279e03990306d4defa626deb1acb709d42028,01426f46387df322ce10ee29d2423b2ad6e892962a7701ac876050597e13c9e8,,False,True
rosbag_research_inventory/1,/home/sungho/.local/share/Trash/files/rosbag2_2026_08_03-14_41_09,rosbag2_2026_08_03-14_41_09,mcap,0.000887786,10498,8,2,1785735669588004335,1785735669588892121,"[{""name"":""/events/write_split"",""type"":""rosbag2_interfaces/msg/WriteSplitEvent"",""message_count"":0},{""name"":""/rosout"",""type"":""rcl_interfaces/msg/Log"",""message_count"":8}]","[{""path"":""rosbag2_2026_08_03-14_41_09_0.mcap"",""exists"":true,""size_bytes"":10498}]",34c5afeaa240c24e465ea8d64e33fa058c88620dd3f6cd9cad6106aee3240dd8,de00305610755e40afaf62796a522152ad38af1536a9accfa6ff4f6e877ab7fc,,False,True
rosbag_research_inventory/1,/home/sungho/.local/share/Trash/files/rosbag2_2026_08_03-14_43_48,rosbag2_2026_08_03-14_43_48,mcap,0.001339950,10500,8,2,1785735828090638658,1785735828091978608,"[{""name"":""/events/write_split"",""type"":""rosbag2_interfaces/msg/WriteSplitEvent"",""message_count"":0},{""name"":""/rosout"",""type"":""rcl_interfaces/msg/Log"",""message_count"":8}]","[{""path"":""rosbag2_2026_08_03-14_43_48_0.mcap"",""exists"":true,""size_bytes"":10500}]",a26aee8e0f1ef4612b88fd1b9769f8f20a0676dd80c30a3e04fd5fefc751fb3a,0613cce3d6a0ec7a0b7d35c88eedaecc352459860a73b543668fa8793b5600c0,,False,True
rosbag_research_inventory/1,/home/sungho/.local/share/Trash/files/rosbag2_2026_08_03-14_49_00,rosbag2_2026_08_03-14_49_00,mcap,50.877696701,10699,9,2,1785736140839275700,1785736191716972401,"[{""name"":""/events/write_split"",""type"":""rosbag2_interfaces/msg/WriteSplitEvent"",""message_count"":0},{""name"":""/rosout"",""type"":""rcl_interfaces/msg/Log"",""message_count"":9}]","[{""path"":""rosbag2_2026_08_03-14_49_00_0.mcap"",""exists"":true,""size_bytes"":10699}]",712fcf3069e6201d227a3474aa0b95cd279040235cbfd1b166057dea64857cd3,d9728c830e8f8939b8ae3891ac2733a551f209a0464d7cb75c46b1e756409df6,,False,True
rosbag_research_inventory/1,/home/sungho/.local/share/Trash/files/rosbag2_2026_08_05-17_29_34,rosbag2_2026_08_05-17_29_34,mcap,10.357442917,2432586,2899,9,1785918574935063625,1785918585292506542,"[{""name"":""/clicked_point"",""type"":""geometry_msgs/msg/PointStamped"",""message_count"":0},{""name"":""/events/write_split"",""type"":""rosbag2_interfaces/msg/WriteSplitEvent"",""message_count"":0},{""name"":""/goal_pose"",""type"":""geometry_msgs/msg/PoseStamped"",""message_count"":0},{""name"":""/initialpose"",""type"":""geometry_msgs/msg/PoseWithCovarianceStamped"",""message_count"":0},{""name"":""/local_path"",""type"":""nav_msgs/msg/Path"",""message_count"":944},{""name"":""/local_planning/markers"",""type"":""visualization_msgs/msg/MarkerArray"",""message_count"":938},{""name"":""/local_planning/path"",""type"":""nav_msgs/msg/Path"",""message_count"":946},{""name"":""/parameter_events"",""type"":""rcl_interfaces/msg/ParameterEvent"",""message_count"":0},{""name"":""/rosout"",""type"":""rcl_interfaces/msg/Log"",""message_count"":71}]","[{""path"":""rosbag2_2026_08_05-17_29_34_0.mcap"",""exists"":true,""size_bytes"":2432586}]",15512841d8d0f5ac0cf6392cd2eecaf5f958b6af60be14b97bda0b4c3309d649,c7cfa12adb1651c5a4bcc8ee82229626fb85dd98e816e3d7a26515b120a40b43,,False,True
rosbag_research_inventory/1,/home/sungho/.local/share/Trash/files/rosbag2_2026_08_05-17_32_23,rosbag2_2026_08_05-17_32_23,mcap,93.376018340,27525546,33098,9,1785918743667203611,1785918837043221951,"[{""name"":""/clicked_point"",""type"":""geometry_msgs/msg/PointStamped"",""message_count"":0},{""name"":""/events/write_split"",""type"":""rosbag2_interfaces/msg/WriteSplitEvent"",""message_count"":0},{""name"":""/goal_pose"",""type"":""geometry_msgs/msg/PoseStamped"",""message_count"":0},{""name"":""/initialpose"",""type"":""geometry_msgs/msg/PoseWithCovarianceStamped"",""message_count"":0},{""name"":""/local_path"",""type"":""nav_msgs/msg/Path"",""message_count"":10925},{""name"":""/local_planning/markers"",""type"":""visualization_msgs/msg/MarkerArray"",""message_count"":10874},{""name"":""/local_planning/path"",""type"":""nav_msgs/msg/Path"",""message_count"":10978},{""name"":""/parameter_events"",""type"":""rcl_interfaces/msg/ParameterEvent"",""message_count"":0},{""name"":""/rosout"",""type"":""rcl_interfaces/msg/Log"",""message_count"":321}]","[{""path"":""rosbag2_2026_08_05-17_32_23_0.mcap"",""exists"":true,""size_bytes"":27525546}]",dbb08d97ae68318789b08202af8668eaf93470d99094eaeb3eb009f1fef64d86,9fe8d8deaab9e60f784d1846ea7688c99be7900cba37d03915655e1f205ed584,,False,True
rosbag_research_inventory/1,/home/sungho/.local/share/Trash/files/rosbag2_2026_08_05-17_34_00,rosbag2_2026_08_05-17_34_00,mcap,185.847878122,54213636,65228,9,1785918840558330308,1785919026406208430,"[{""name"":""/clicked_point"",""type"":""geometry_msgs/msg/PointStamped"",""message_count"":0},{""name"":""/events/write_split"",""type"":""rosbag2_interfaces/msg/WriteSplitEvent"",""message_count"":0},{""name"":""/goal_pose"",""type"":""geometry_msgs/msg/PoseStamped"",""message_count"":0},{""name"":""/initialpose"",""type"":""geometry_msgs/msg/PoseWithCovarianceStamped"",""message_count"":0},{""name"":""/local_path"",""type"":""nav_msgs/msg/Path"",""message_count"":21551},{""name"":""/local_planning/markers"",""type"":""visualization_msgs/msg/MarkerArray"",""message_count"":21429},{""name"":""/local_planning/path"",""type"":""nav_msgs/msg/Path"",""message_count"":21655},{""name"":""/parameter_events"",""type"":""rcl_interfaces/msg/ParameterEvent"",""message_count"":0},{""name"":""/rosout"",""type"":""rcl_interfaces/msg/Log"",""message_count"":593}]","[{""path"":""rosbag2_2026_08_05-17_34_00_0.mcap"",""exists"":true,""size_bytes"":54213636}]",846180272eea00507be7f9e2a2caeaa46b33e57787351040eff1ffc8d92c5bad,3cff762b0eaee03fd2ee9187d726d82727be681c85d3653810c59fbae8367c98,,False,True
rosbag_research_inventory/1,/home/sungho/.local/share/Trash/files/rosbag2_2026_08_05-17_41_06,rosbag2_2026_08_05-17_41_06,mcap,54.925359686,16158622,19423,9,1785919266993575964,1785919321918935650,"[{""name"":""/clicked_point"",""type"":""geometry_msgs/msg/PointStamped"",""message_count"":0},{""name"":""/events/write_split"",""type"":""rosbag2_interfaces/msg/WriteSplitEvent"",""message_count"":0},{""name"":""/goal_pose"",""type"":""geometry_msgs/msg/PoseStamped"",""message_count"":0},{""name"":""/initialpose"",""type"":""geometry_msgs/msg/PoseWithCovarianceStamped"",""message_count"":0},{""name"":""/local_path"",""type"":""nav_msgs/msg/Path"",""message_count"":6406},{""name"":""/local_planning/markers"",""type"":""visualization_msgs/msg/MarkerArray"",""message_count"":6369},{""name"":""/local_planning/path"",""type"":""nav_msgs/msg/Path"",""message_count"":6440},{""name"":""/parameter_events"",""type"":""rcl_interfaces/msg/ParameterEvent"",""message_count"":0},{""name"":""/rosout"",""type"":""rcl_interfaces/msg/Log"",""message_count"":208}]","[{""path"":""rosbag2_2026_08_05-17_41_06_0.mcap"",""exists"":true,""size_bytes"":16158622}]",92129f78880b2744ba92b2f40d86af43d3917d9d6368f1abe35257b931ee0c52,e56dcf31fff23e66aec6cf85aec42c2e31319fa09468d80a01157d590e8d5e60,,False,True
rosbag_research_inventory/1,/home/sungho/.local/share/Trash/files/rosbag2_2026_08_05-17_42_50,rosbag2_2026_08_05-17_42_50,mcap,62.785948209,18379758,22091,9,1785919370193520922,1785919432979469131,"[{""name"":""/clicked_point"",""type"":""geometry_msgs/msg/PointStamped"",""message_count"":0},{""name"":""/events/write_split"",""type"":""rosbag2_interfaces/msg/WriteSplitEvent"",""message_count"":0},{""name"":""/goal_pose"",""type"":""geometry_msgs/msg/PoseStamped"",""message_count"":0},{""name"":""/initialpose"",""type"":""geometry_msgs/msg/PoseWithCovarianceStamped"",""message_count"":0},{""name"":""/local_path"",""type"":""nav_msgs/msg/Path"",""message_count"":7293},{""name"":""/local_planning/markers"",""type"":""visualization_msgs/msg/MarkerArray"",""message_count"":7253},{""name"":""/local_planning/path"",""type"":""nav_msgs/msg/Path"",""message_count"":7317},{""name"":""/parameter_events"",""type"":""rcl_interfaces/msg/ParameterEvent"",""message_count"":0},{""name"":""/rosout"",""type"":""rcl_interfaces/msg/Log"",""message_count"":228}]","[{""path"":""rosbag2_2026_08_05-17_42_50_0.mcap"",""exists"":true,""size_bytes"":18379758}]",407ace090a51e3b95b80c2ee3e21295d6dbca64ba7a1642f9ff1a7ccdca040a4,1143c0e0f44fc92ef90c77920e2ac0c6502130a7280b41e6a4ba1ef4084dd86c,,False,True
rosbag_research_inventory/1,/home/sungho/.local/share/Trash/files/rosbag2_2026_08_05-17_44_34,rosbag2_2026_08_05-17_44_34,mcap,38.015428838,10731433,12890,9,1785919474595752225,1785919512611181063,"[{""name"":""/clicked_point"",""type"":""geometry_msgs/msg/PointStamped"",""message_count"":0},{""name"":""/events/write_split"",""type"":""rosbag2_interfaces/msg/WriteSplitEvent"",""message_count"":0},{""name"":""/goal_pose"",""type"":""geometry_msgs/msg/PoseStamped"",""message_count"":0},{""name"":""/initialpose"",""type"":""geometry_msgs/msg/PoseWithCovarianceStamped"",""message_count"":0},{""name"":""/local_path"",""type"":""nav_msgs/msg/Path"",""message_count"":4247},{""name"":""/local_planning/markers"",""type"":""visualization_msgs/msg/MarkerArray"",""message_count"":4224},{""name"":""/local_planning/path"",""type"":""nav_msgs/msg/Path"",""message_count"":4263},{""name"":""/parameter_events"",""type"":""rcl_interfaces/msg/ParameterEvent"",""message_count"":0},{""name"":""/rosout"",""type"":""rcl_interfaces/msg/Log"",""message_count"":156}]","[{""path"":""rosbag2_2026_08_05-17_44_34_0.mcap"",""exists"":true,""size_bytes"":10731433}]",9373cc7a263be06d26a004576478a722f27111021608834ea874c699477b53a0,d49821be50e7113c4c41d849ce5bf470ab8d6328c948c8d55767959020185769,,False,True
rosbag_research_inventory/1,/home/sungho/.local/share/Trash/files/rosbag2_2026_08_05-17_47_21,rosbag2_2026_08_05-17_47_21,mcap,53.590894365,15796237,18980,9,1785919641757279058,1785919695348173423,"[{""name"":""/clicked_point"",""type"":""geometry_msgs/msg/PointStamped"",""message_count"":0},{""name"":""/events/write_split"",""type"":""rosbag2_interfaces/msg/WriteSplitEvent"",""message_count"":0},{""name"":""/goal_pose"",""type"":""geometry_msgs/msg/PoseStamped"",""message_count"":0},{""name"":""/initialpose"",""type"":""geometry_msgs/msg/PoseWithCovarianceStamped"",""message_count"":0},{""name"":""/local_path"",""type"":""nav_msgs/msg/Path"",""message_count"":6264},{""name"":""/local_planning/markers"",""type"":""visualization_msgs/msg/MarkerArray"",""message_count"":6230},{""name"":""/local_planning/path"",""type"":""nav_msgs/msg/Path"",""message_count"":6285},{""name"":""/parameter_events"",""type"":""rcl_interfaces/msg/ParameterEvent"",""message_count"":0},{""name"":""/rosout"",""type"":""rcl_interfaces/msg/Log"",""message_count"":201}]","[{""path"":""rosbag2_2026_08_05-17_47_21_0.mcap"",""exists"":true,""size_bytes"":15796237}]",6e1e8d858bc66f3be093e887d7c6a4a9580a159ea1cfe67c82e35bd524d4a209,344b5fda56fc6011fa2fe6987190d907a0f63b08b813492ef509e1e44498f9ff,,False,True
rosbag_research_inventory/1,/home/sungho/.local/share/Trash/files/rosbag2_2026_08_05-17_48_17,rosbag2_2026_08_05-17_48_17,mcap,46.718410362,13645438,16386,9,1785919697543387119,1785919744261797481,"[{""name"":""/clicked_point"",""type"":""geometry_msgs/msg/PointStamped"",""message_count"":0},{""name"":""/events/write_split"",""type"":""rosbag2_interfaces/msg/WriteSplitEvent"",""message_count"":0},{""name"":""/goal_pose"",""type"":""geometry_msgs/msg/PoseStamped"",""message_count"":0},{""name"":""/initialpose"",""type"":""geometry_msgs/msg/PoseWithCovarianceStamped"",""message_count"":0},{""name"":""/local_path"",""type"":""nav_msgs/msg/Path"",""message_count"":5405},{""name"":""/local_planning/markers"",""type"":""visualization_msgs/msg/MarkerArray"",""message_count"":5382},{""name"":""/local_planning/path"",""type"":""nav_msgs/msg/Path"",""message_count"":5418},{""name"":""/parameter_events"",""type"":""rcl_interfaces/msg/ParameterEvent"",""message_count"":0},{""name"":""/rosout"",""type"":""rcl_interfaces/msg/Log"",""message_count"":181}]","[{""path"":""rosbag2_2026_08_05-17_48_17_0.mcap"",""exists"":true,""size_bytes"":13645438}]",f8a34152c1a34f27ac6d6cd292c2e184adcfc3c5fd52ac7353c3bacd97aa9ed3,4357651c07a625a2de6095f75036096a5718429c995f2af5b7ada7bd64ab4240,,False,True
rosbag_research_inventory/1,/home/sungho/.local/share/Trash/files/rosbag2_2026_08_05-17_52_29,rosbag2_2026_08_05-17_52_29,mcap,7.629204309,2117825,2520,9,1785919949752574704,1785919957381779013,"[{""name"":""/clicked_point"",""type"":""geometry_msgs/msg/PointStamped"",""message_count"":0},{""name"":""/events/write_split"",""type"":""rosbag2_interfaces/msg/WriteSplitEvent"",""message_count"":0},{""name"":""/goal_pose"",""type"":""geometry_msgs/msg/PoseStamped"",""message_count"":0},{""name"":""/initialpose"",""type"":""geometry_msgs/msg/PoseWithCovarianceStamped"",""message_count"":0},{""name"":""/local_path"",""type"":""nav_msgs/msg/Path"",""message_count"":819},{""name"":""/local_planning/markers"",""type"":""visualization_msgs/msg/MarkerArray"",""message_count"":816},{""name"":""/local_planning/path"",""type"":""nav_msgs/msg/Path"",""message_count"":819},{""name"":""/parameter_events"",""type"":""rcl_interfaces/msg/ParameterEvent"",""message_count"":0},{""name"":""/rosout"",""type"":""rcl_interfaces/msg/Log"",""message_count"":66}]","[{""path"":""rosbag2_2026_08_05-17_52_29_0.mcap"",""exists"":true,""size_bytes"":2117825}]",2ac3eae611a7a04fa4b5ea565f5584b875323a8f6ef9f7b968eb626a349e1031,188eec8b2ede13fdb9ea88b4cd84e4b780ac6c3fb0aee4a20a8a0055cfaa757a,,False,True
rosbag_research_inventory/1,/home/sungho/.local/share/Trash/files/rosbag2_2026_08_05-17_54_29,rosbag2_2026_08_05-17_54_29,mcap,49.470848130,14407014,17298,9,1785920069059740363,1785920118530588493,"[{""name"":""/clicked_point"",""type"":""geometry_msgs/msg/PointStamped"",""message_count"":0},{""name"":""/events/write_split"",""type"":""rosbag2_interfaces/msg/WriteSplitEvent"",""message_count"":0},{""name"":""/goal_pose"",""type"":""geometry_msgs/msg/PoseStamped"",""message_count"":0},{""name"":""/initialpose"",""type"":""geometry_msgs/msg/PoseWithCovarianceStamped"",""message_count"":0},{""name"":""/local_path"",""type"":""nav_msgs/msg/Path"",""message_count"":5708},{""name"":""/local_planning/markers"",""type"":""visualization_msgs/msg/MarkerArray"",""message_count"":5687},{""name"":""/local_planning/path"",""type"":""nav_msgs/msg/Path"",""message_count"":5715},{""name"":""/parameter_events"",""type"":""rcl_interfaces/msg/ParameterEvent"",""message_count"":0},{""name"":""/rosout"",""type"":""rcl_interfaces/msg/Log"",""message_count"":188}]","[{""path"":""rosbag2_2026_08_05-17_54_29_0.mcap"",""exists"":true,""size_bytes"":14407014}]",d9b0083a82ca166826e46133dbcdc7d4a2e1d3db4644bcbb4eb84b73c4548ca1,a2b4f563babd6be1cbd6f538abee874315e1222e15d1bae65ef483e98c46b2fa,,False,True
rosbag_research_inventory/1,/home/sungho/.local/share/Trash/files/rosbag2_2026_08_05-17_58_27,rosbag2_2026_08_05-17_58_27,mcap,32.197939105,8789807,10552,9,1785920307533020067,1785920339730959172,"[{""name"":""/clicked_point"",""type"":""geometry_msgs/msg/PointStamped"",""message_count"":0},{""name"":""/events/write_split"",""type"":""rosbag2_interfaces/msg/WriteSplitEvent"",""message_count"":0},{""name"":""/goal_pose"",""type"":""geometry_msgs/msg/PoseStamped"",""message_count"":0},{""name"":""/initialpose"",""type"":""geometry_msgs/msg/PoseWithCovarianceStamped"",""message_count"":0},{""name"":""/local_path"",""type"":""nav_msgs/msg/Path"",""message_count"":3477},{""name"":""/local_planning/markers"",""type"":""visualization_msgs/msg/MarkerArray"",""message_count"":3454},{""name"":""/local_planning/path"",""type"":""nav_msgs/msg/Path"",""message_count"":3487},{""name"":""/parameter_events"",""type"":""rcl_interfaces/msg/ParameterEvent"",""message_count"":0},{""name"":""/rosout"",""type"":""rcl_interfaces/msg/Log"",""message_count"":134}]","[{""path"":""rosbag2_2026_08_05-17_58_27_0.mcap"",""exists"":true,""size_bytes"":8789807}]",fac8b4204c6daa99d75cf3ed73c412ea13334f2f5f53519fd2fc997bf4553dd8,eab0130dd4060d4c8fd5f5a03ee2b15286c46aab36611569e86817b6c0a92992,,False,True
rosbag_research_inventory/1,/home/sungho/.local/share/Trash/files/rosbag2_2026_08_05-17_59_47,rosbag2_2026_08_05-17_59_47,mcap,109.846635519,32693108,39297,9,1785920387888303423,1785920497734938942,"[{""name"":""/clicked_point"",""type"":""geometry_msgs/msg/PointStamped"",""message_count"":0},{""name"":""/events/write_split"",""type"":""rosbag2_interfaces/msg/WriteSplitEvent"",""message_count"":0},{""name"":""/goal_pose"",""type"":""geometry_msgs/msg/PoseStamped"",""message_count"":0},{""name"":""/initialpose"",""type"":""geometry_msgs/msg/PoseWithCovarianceStamped"",""message_count"":0},{""name"":""/local_path"",""type"":""nav_msgs/msg/Path"",""message_count"":12979},{""name"":""/local_planning/markers"",""type"":""visualization_msgs/msg/MarkerArray"",""message_count"":12935},{""name"":""/local_planning/path"",""type"":""nav_msgs/msg/Path"",""message_count"":13014},{""name"":""/parameter_events"",""type"":""rcl_interfaces/msg/ParameterEvent"",""message_count"":0},{""name"":""/rosout"",""type"":""rcl_interfaces/msg/Log"",""message_count"":369}]","[{""path"":""rosbag2_2026_08_05-17_59_47_0.mcap"",""exists"":true,""size_bytes"":32693108}]",a9a97ecbd2a9abd9522b275d2f25b50df7526ae68c13153c92c9ec8066369da1,d993439e75d6ccd8691689daccfc981228c8ccf2653a3ba95dd3843b17de422c,,False,True
rosbag_research_inventory/1,/home/sungho/.local/share/Trash/files/rosbag2_2026_08_05-18_02_15 (Copy),rosbag2_2026_08_05-18_02_15 (Copy),mcap,29.369372779,8730513,10476,9,1785920535065533389,1785920564434906168,"[{""name"":""/clicked_point"",""type"":""geometry_msgs/msg/PointStamped"",""message_count"":0},{""name"":""/events/write_split"",""type"":""rosbag2_interfaces/msg/WriteSplitEvent"",""message_count"":0},{""name"":""/goal_pose"",""type"":""geometry_msgs/msg/PoseStamped"",""message_count"":0},{""name"":""/initialpose"",""type"":""geometry_msgs/msg/PoseWithCovarianceStamped"",""message_count"":0},{""name"":""/local_path"",""type"":""nav_msgs/msg/Path"",""message_count"":3448},{""name"":""/local_planning/markers"",""type"":""visualization_msgs/msg/MarkerArray"",""message_count"":3437},{""name"":""/local_planning/path"",""type"":""nav_msgs/msg/Path"",""message_count"":3458},{""name"":""/parameter_events"",""type"":""rcl_interfaces/msg/ParameterEvent"",""message_count"":0},{""name"":""/rosout"",""type"":""rcl_interfaces/msg/Log"",""message_count"":133}]","[{""path"":""rosbag2_2026_08_05-18_02_15_0.mcap"",""exists"":true,""size_bytes"":8730513}]",377d9d1a026e966daa3c65d6e44cb8de32d61acc28765bb6c9210ecd2cf07179,0da86205f16a41e2a308c655e2d308219983178db72ea82a69f911b7ab006f84,,True,True
rosbag_research_inventory/1,/home/sungho/.local/share/Trash/files/rosbag2_2026_08_05-18_02_15,rosbag2_2026_08_05-18_02_15,mcap,29.369372779,8730513,10476,9,1785920535065533389,1785920564434906168,"[{""name"":""/clicked_point"",""type"":""geometry_msgs/msg/PointStamped"",""message_count"":0},{""name"":""/events/write_split"",""type"":""rosbag2_interfaces/msg/WriteSplitEvent"",""message_count"":0},{""name"":""/goal_pose"",""type"":""geometry_msgs/msg/PoseStamped"",""message_count"":0},{""name"":""/initialpose"",""type"":""geometry_msgs/msg/PoseWithCovarianceStamped"",""message_count"":0},{""name"":""/local_path"",""type"":""nav_msgs/msg/Path"",""message_count"":3448},{""name"":""/local_planning/markers"",""type"":""visualization_msgs/msg/MarkerArray"",""message_count"":3437},{""name"":""/local_planning/path"",""type"":""nav_msgs/msg/Path"",""message_count"":3458},{""name"":""/parameter_events"",""type"":""rcl_interfaces/msg/ParameterEvent"",""message_count"":0},{""name"":""/rosout"",""type"":""rcl_interfaces/msg/Log"",""message_count"":133}]","[{""path"":""rosbag2_2026_08_05-18_02_15_0.mcap"",""exists"":true,""size_bytes"":8730513}]",377d9d1a026e966daa3c65d6e44cb8de32d61acc28765bb6c9210ecd2cf07179,0da86205f16a41e2a308c655e2d308219983178db72ea82a69f911b7ab006f84,,False,True
rosbag_research_inventory/1,/home/sungho/.local/share/Trash/files/rosbag2_2026_08_05-18_05_24,rosbag2_2026_08_05-18_05_24,mcap,1.435148573,113570,110,9,1785920724638276433,1785920726073425006,"[{""name"":""/clicked_point"",""type"":""geometry_msgs/msg/PointStamped"",""message_count"":0},{""name"":""/events/write_split"",""type"":""rosbag2_interfaces/msg/WriteSplitEvent"",""message_count"":0},{""name"":""/goal_pose"",""type"":""geometry_msgs/msg/PoseStamped"",""message_count"":0},{""name"":""/initialpose"",""type"":""geometry_msgs/msg/PoseWithCovarianceStamped"",""message_count"":0},{""name"":""/local_path"",""type"":""nav_msgs/msg/Path"",""message_count"":22},{""name"":""/local_planning/markers"",""type"":""visualization_msgs/msg/MarkerArray"",""message_count"":20},{""name"":""/local_planning/path"",""type"":""nav_msgs/msg/Path"",""message_count"":22},{""name"":""/parameter_events"",""type"":""rcl_interfaces/msg/ParameterEvent"",""message_count"":0},{""name"":""/rosout"",""type"":""rcl_interfaces/msg/Log"",""message_count"":46}]","[{""path"":""rosbag2_2026_08_05-18_05_24_0.mcap"",""exists"":true,""size_bytes"":113570}]",63899ea336c05422833974750ba9c0f1d048ffae39adf549c6066a621af76b9b,f11b623271b0e6e30e81a538a297472fe48198fa9a17c54f0b971140d758d9c4,,False,True
rosbag_research_inventory/1,/home/sungho/.local/share/Trash/files/rosbag2_2026_08_05-18_06_57,rosbag2_2026_08_05-18_06_57,mcap,40.609878257,13153210,14882,44,1785920817667046241,1785920858276924498,"[{""name"":""/ackermann_cmd"",""type"":""ackermann_msgs/msg/AckermannDriveStamped"",""message_count"":0},{""name"":""/bond"",""type"":""bond/msg/Status"",""message_count"":11},{""name"":""/car_state/frenet/odom"",""type"":""nav_msgs/msg/Odometry"",""message_count"":41},{""name"":""/car_state/odom"",""type"":""nav_msgs/msg/Odometry"",""message_count"":38},{""name"":""/car_state/pose"",""type"":""geometry_msgs/msg/PoseStamped"",""message_count"":38},{""name"":""/clicked_point"",""type"":""geometry_msgs/msg/PointStamped"",""message_count"":0},{""name"":""/commands/motor/speed"",""type"":""std_msgs/msg/Float64"",""message_count"":0},{""name"":""/commands/servo/position"",""type"":""std_msgs/msg/Float64"",""message_count"":0},{""name"":""/diagnostics"",""type"":""diagnostic_msgs/msg/DiagnosticArray"",""message_count"":1},{""name"":""/drive"",""type"":""ackermann_msgs/msg/AckermannDriveStamped"",""message_count"":34},{""name"":""/events/read_split"",""type"":""rosbag2_interfaces/msg/ReadSplitEvent"",""message_count"":0},{""name"":""/events/write_split"",""type"":""rosbag2_interfaces/msg/WriteSplitEvent"",""message_count"":0},{""name"":""/global_waypoints/markers"",""type"":""visualization_msgs/msg/MarkerArray"",""message_count"":1},{""name"":""/global_waypoints_scaled/markers"",""type"":""visualization_msgs/msg/MarkerArray"",""message_count"":1},{""name"":""/goal_pose"",""type"":""geometry_msgs/msg/PoseStamped"",""message_count"":0},{""name"":""/imu/filtered_angular_velocity"",""type"":""std_msgs/msg/Float64"",""message_count"":0},{""name"":""/initialpose"",""type"":""geometry_msgs/msg/PoseWithCovarianceStamped"",""message_count"":0},{""name"":""/joy"",""type"":""sensor_msgs/msg/Joy"",""message_count"":0},{""name"":""/local_path"",""type"":""nav_msgs/msg/Path"",""message_count"":4708},{""name"":""/local_planning/markers"",""type"":""visualization_msgs/msg/MarkerArray"",""message_count"":4698},{""name"":""/local_planning/path"",""type"":""nav_msgs/msg/Path"",""message_count"":4721},{""name"":""/local_waypoints/markers"",""type"":""visualization_msgs/msg/MarkerArray"",""message_count"":32},{""name"":""/lookahead_point"",""type"":""visualization_msgs/msg/Marker"",""message_count"":34},{""name"":""/map"",""type"":""nav_msgs/msg/OccupancyGrid"",""message_count"":15},{""name"":""/odom"",""type"":""nav_msgs/msg/Odometry"",""message_count"":0},{""name"":""/parameter_events"",""type"":""rcl_interfaces/msg/ParameterEvent"",""message_count"":0},{""name"":""/particle_filter_map_server/transition_event"",""type"":""lifecycle_msgs/msg/TransitionEvent"",""message_count"":0},{""name"":""/pf/pose/odom"",""type"":""nav_msgs/msg/Odometry"",""message_count"":34},{""name"":""/pf/viz/inferred_pose"",""type"":""geometry_msgs/msg/PoseStamped"",""message_count"":33},{""name"":""/pf/viz/particles"",""type"":""geometry_msgs/msg/PoseArray"",""message_count"":27},{""name"":""/pf/viz/quality"",""type"":""visualization_msgs/msg/Marker"",""message_count"":34},{""name"":""/pf/viz/scan_used"",""type"":""sensor_msgs/msg/PointCloud2"",""message_count"":27},{""name"":""/planner/avoidance/otwpnts/markers"",""type"":""visualization_msgs/msg/MarkerArray"",""message_count"":16},{""name"":""/planning_debug/ego_speed"",""type"":""visualization_msgs/msg/Marker"",""message_count"":0},{""name"":""/planning_debug/ego_speed_overlay"",""type"":""rviz_2d_overlay_msgs/msg/OverlayText"",""message_count"":0},{""name"":""/rosout"",""type"":""rcl_interfaces/msg/Log"",""message_count"":270},{""name"":""/scan"",""type"":""sensor_msgs/msg/LaserScan"",""message_count"":0},{""name"":""/sector_markers"",""type"":""visualization_msgs/msg/MarkerArray"",""message_count"":1},{""name"":""/sensors/imu/raw"",""type"":""sensor_msgs/msg/Imu"",""message_count"":0},{""name"":""/sensors/servo_position_command"",""type"":""std_msgs/msg/Float64"",""message_count"":0},{""name"":""/state_marker"",""type"":""visualization_msgs/msg/Marker"",""message_count"":33},{""name"":""/teleop"",""type"":""ackermann_msgs/msg/AckermannDriveStamped"",""message_count"":0},{""name"":""/tf"",""type"":""tf2_msgs/msg/TFMessage"",""message_count"":34},{""name"":""/tf_static"",""type"":""tf2_msgs/msg/TFMessage"",""message_count"":0}]","[{""path"":""rosbag2_2026_08_05-18_06_57_0.mcap"",""exists"":true,""size_bytes"":13153210}]",73854a78024f14b086a14f87f0ce31617f3015bc8e708c801b065a2ba4c9f31a,f7438aeb3a8ca149655c96b455bd3227f0a8418227b9ee1a077d18d72f6888c9,,False,True
rosbag_research_inventory/1,/home/sungho/.local/share/Trash/files/rosbag2_2026_08_05-18_08_44,rosbag2_2026_08_05-18_08_44,mcap,109.885347488,53224758,63037,45,1785920924340654094,1785921034226001582,"[{""name"":""/ackermann_cmd"",""type"":""ackermann_msgs/msg/AckermannDriveStamped"",""message_count"":527},{""name"":""/bond"",""type"":""bond/msg/Status"",""message_count"":477},{""name"":""/car_state/frenet/odom"",""type"":""nav_msgs/msg/Odometry"",""message_count"":1175},{""name"":""/car_state/odom"",""type"":""nav_msgs/msg/Odometry"",""message_count"":1172},{""name"":""/car_state/pose"",""type"":""geometry_msgs/msg/PoseStamped"",""message_count"":1170},{""name"":""/clicked_point"",""type"":""geometry_msgs/msg/PointStamped"",""message_count"":0},{""name"":""/commands/motor/speed"",""type"":""std_msgs/msg/Float64"",""message_count"":524},{""name"":""/commands/servo/position"",""type"":""std_msgs/msg/Float64"",""message_count"":523},{""name"":""/diagnostics"",""type"":""diagnostic_msgs/msg/DiagnosticArray"",""message_count"":180},{""name"":""/drive"",""type"":""ackermann_msgs/msg/AckermannDriveStamped"",""message_count"":819},{""name"":""/events/read_split"",""type"":""rosbag2_interfaces/msg/ReadSplitEvent"",""message_count"":0},{""name"":""/events/write_split"",""type"":""rosbag2_interfaces/msg/WriteSplitEvent"",""message_count"":0},{""name"":""/global_waypoints/markers"",""type"":""visualization_msgs/msg/MarkerArray"",""message_count"":2},{""name"":""/global_waypoints_scaled/markers"",""type"":""visualization_msgs/msg/MarkerArray"",""message_count"":34},{""name"":""/goal_pose"",""type"":""geometry_msgs/msg/PoseStamped"",""message_count"":0},{""name"":""/imu/filtered_angular_velocity"",""type"":""std_msgs/msg/Float64"",""message_count"":1122},{""name"":""/initialpose"",""type"":""geometry_msgs/msg/PoseWithCovarianceStamped"",""message_count"":0},{""name"":""/joy"",""type"":""sensor_msgs/msg/Joy"",""message_count"":358},{""name"":""/local_path"",""type"":""nav_msgs/msg/Path"",""message_count"":12905},{""name"":""/local_planning/markers"",""type"":""visualization_msgs/msg/MarkerArray"",""message_count"":12863},{""name"":""/local_planning/path"",""type"":""nav_msgs/msg/Path"",""message_count"":12939},{""name"":""/local_waypoints/markers"",""type"":""visualization_msgs/msg/MarkerArray"",""message_count"":784},{""name"":""/lookahead_point"",""type"":""visualization_msgs/msg/Marker"",""message_count"":807},{""name"":""/map"",""type"":""nav_msgs/msg/OccupancyGrid"",""message_count"":128},{""name"":""/odom"",""type"":""nav_msgs/msg/Odometry"",""message_count"":1116},{""name"":""/parameter_events"",""type"":""rcl_interfaces/msg/ParameterEvent"",""message_count"":0},{""name"":""/particle_filter_map_server/transition_event"",""type"":""lifecycle_msgs/msg/TransitionEvent"",""message_count"":0},{""name"":""/pf/pose/odom"",""type"":""nav_msgs/msg/Odometry"",""message_count"":1179},{""name"":""/pf/viz/inferred_pose"",""type"":""geometry_msgs/msg/PoseStamped"",""message_count"":1181},{""name"":""/pf/viz/particles"",""type"":""geometry_msgs/msg/PoseArray"",""message_count"":790},{""name"":""/pf/viz/quality"",""type"":""visualization_msgs/msg/Marker"",""message_count"":1176},{""name"":""/pf/viz/scan_used"",""type"":""sensor_msgs/msg/PointCloud2"",""message_count"":777},{""name"":""/planner/avoidance/otwpnts/markers"",""type"":""visualization_msgs/msg/MarkerArray"",""message_count"":484},{""name"":""/planning_debug/ego_speed"",""type"":""visualization_msgs/msg/Marker"",""message_count"":0},{""name"":""/planning_debug/ego_speed_overlay"",""type"":""rviz_2d_overlay_msgs/msg/OverlayText"",""message_count"":0},{""name"":""/rosout"",""type"":""rcl_interfaces/msg/Log"",""message_count"":952},{""name"":""/scan"",""type"":""sensor_msgs/msg/LaserScan"",""message_count"":749},{""name"":""/sector_markers"",""type"":""visualization_msgs/msg/MarkerArray"",""message_count"":34},{""name"":""/sensors/imu/raw"",""type"":""sensor_msgs/msg/Imu"",""message_count"":1143},{""name"":""/sensors/servo_position_command"",""type"":""std_msgs/msg/Float64"",""message_count"":526},{""name"":""/state"",""type"":""std_msgs/msg/String"",""message_count"":955},{""name"":""/state_marker"",""type"":""visualization_msgs/msg/Marker"",""message_count"":959},{""name"":""/teleop"",""type"":""ackermann_msgs/msg/AckermannDriveStamped"",""message_count"":238},{""name"":""/tf"",""type"":""tf2_msgs/msg/TFMessage"",""message_count"":2267},{""name"":""/tf_static"",""type"":""tf2_msgs/msg/TFMessage"",""message_count"":2}]","[{""path"":""rosbag2_2026_08_05-18_08_44_0.mcap"",""exists"":true,""size_bytes"":53224758}]",8bd594af7d34b3484b1436a10d0ea507a27400900c86cac27a7df040663c173b,cb160c33611f03129209315d812e5d54552c8d967e6eb62f4c3b517b086d63d8,,False,True
rosbag_research_inventory/1,/home/sungho/.local/share/Trash/files/rosbag2_2026_08_05-18_10_36,rosbag2_2026_08_05-18_10_36,mcap,1.267947159,1165618,426,45,1785921036320353277,1785921037588300436,"[{""name"":""/ackermann_cmd"",""type"":""ackermann_msgs/msg/AckermannDriveStamped"",""message_count"":7},{""name"":""/bond"",""type"":""bond/msg/Status"",""message_count"":4},{""name"":""/car_state/frenet/odom"",""type"":""nav_msgs/msg/Odometry"",""message_count"":10},{""name"":""/car_state/odom"",""type"":""nav_msgs/msg/Odometry"",""message_count"":8},{""name"":""/car_state/pose"",""type"":""geometry_msgs/msg/PoseStamped"",""message_count"":9},{""name"":""/clicked_point"",""type"":""geometry_msgs/msg/PointStamped"",""message_count"":0},{""name"":""/commands/motor/speed"",""type"":""std_msgs/msg/Float64"",""message_count"":8},{""name"":""/commands/servo/position"",""type"":""std_msgs/msg/Float64"",""message_count"":8},{""name"":""/diagnostics"",""type"":""diagnostic_msgs/msg/DiagnosticArray"",""message_count"":1},{""name"":""/drive"",""type"":""ackermann_msgs/msg/AckermannDriveStamped"",""message_count"":7},{""name"":""/events/read_split"",""type"":""rosbag2_interfaces/msg/ReadSplitEvent"",""message_count"":0},{""name"":""/events/write_split"",""type"":""rosbag2_interfaces/msg/WriteSplitEvent"",""message_count"":0},{""name"":""/global_waypoints/markers"",""type"":""visualization_msgs/msg/MarkerArray"",""message_count"":1},{""name"":""/global_waypoints_scaled/markers"",""type"":""visualization_msgs/msg/MarkerArray"",""message_count"":10},{""name"":""/goal_pose"",""type"":""geometry_msgs/msg/PoseStamped"",""message_count"":0},{""name"":""/imu/filtered_angular_velocity"",""type"":""std_msgs/msg/Float64"",""message_count"":10},{""name"":""/initialpose"",""type"":""geometry_msgs/msg/PoseWithCovarianceStamped"",""message_count"":0},{""name"":""/joy"",""type"":""sensor_msgs/msg/Joy"",""message_count"":3},{""name"":""/local_path"",""type"":""nav_msgs/msg/Path"",""message_count"":36},{""name"":""/local_planning/markers"",""type"":""visualization_msgs/msg/MarkerArray"",""message_count"":36},{""name"":""/local_planning/path"",""type"":""nav_msgs/msg/Path"",""message_count"":36},{""name"":""/local_waypoints/markers"",""type"":""visualization_msgs/msg/MarkerArray"",""message_count"":8},{""name"":""/lookahead_point"",""type"":""visualization_msgs/msg/Marker"",""message_count"":7},{""name"":""/map"",""type"":""nav_msgs/msg/OccupancyGrid"",""message_count"":11},{""name"":""/odom"",""type"":""nav_msgs/msg/Odometry"",""message_count"":10},{""name"":""/parameter_events"",""type"":""rcl_interfaces/msg/ParameterEvent"",""message_count"":0},{""name"":""/particle_filter_map_server/transition_event"",""type"":""lifecycle_msgs/msg/TransitionEvent"",""message_count"":0},{""name"":""/pf/pose/odom"",""type"":""nav_msgs/msg/Odometry"",""message_count"":9},{""name"":""/pf/viz/inferred_pose"",""type"":""geometry_msgs/msg/PoseStamped"",""message_count"":9},{""name"":""/pf/viz/particles"",""type"":""geometry_msgs/msg/PoseArray"",""message_count"":7},{""name"":""/pf/viz/quality"",""type"":""visualization_msgs/msg/Marker"",""message_count"":9},{""name"":""/pf/viz/scan_used"",""type"":""sensor_msgs/msg/PointCloud2"",""message_count"":7},{""name"":""/planner/avoidance/otwpnts/markers"",""type"":""visualization_msgs/msg/MarkerArray"",""message_count"":4},{""name"":""/planning_debug/ego_speed"",""type"":""visualization_msgs/msg/Marker"",""message_count"":0},{""name"":""/planning_debug/ego_speed_overlay"",""type"":""rviz_2d_overlay_msgs/msg/OverlayText"",""message_count"":0},{""name"":""/rosout"",""type"":""rcl_interfaces/msg/Log"",""message_count"":82},{""name"":""/scan"",""type"":""sensor_msgs/msg/LaserScan"",""message_count"":8},{""name"":""/sector_markers"",""type"":""visualization_msgs/msg/MarkerArray"",""message_count"":10},{""name"":""/sensors/imu/raw"",""type"":""sensor_msgs/msg/Imu"",""message_count"":10},{""name"":""/sensors/servo_position_command"",""type"":""std_msgs/msg/Float64"",""message_count"":7},{""name"":""/state"",""type"":""std_msgs/msg/String"",""message_count"":7},{""name"":""/state_marker"",""type"":""visualization_msgs/msg/Marker"",""message_count"":8},{""name"":""/teleop"",""type"":""ackermann_msgs/msg/AckermannDriveStamped"",""message_count"":0},{""name"":""/tf"",""type"":""tf2_msgs/msg/TFMessage"",""message_count"":18},{""name"":""/tf_static"",""type"":""tf2_msgs/msg/TFMessage"",""message_count"":1}]","[{""path"":""rosbag2_2026_08_05-18_10_36_0.mcap"",""exists"":true,""size_bytes"":1165618}]",abfbf87254da78e90580806a28972a8543f50c23bd1695da0ecbc2d147270b59,4d28a77b89187520106326a3e3a8cbb78c32ac5ada912cd5dae0b98bea37d6ff,,False,True
rosbag_research_inventory/1,/home/sungho/.local/share/Trash/files/rosbag2_2026_08_05-18_11_22,rosbag2_2026_08_05-18_11_22,mcap,30.288259622,9719413,14359,45,1785921082168837097,1785921112457096719,"[{""name"":""/ackermann_cmd"",""type"":""ackermann_msgs/msg/AckermannDriveStamped"",""message_count"":128},{""name"":""/bond"",""type"":""bond/msg/Status"",""message_count"":64},{""name"":""/car_state/frenet/odom"",""type"":""nav_msgs/msg/Odometry"",""message_count"":158},{""name"":""/car_state/odom"",""type"":""nav_msgs/msg/Odometry"",""message_count"":158},{""name"":""/car_state/pose"",""type"":""geometry_msgs/msg/PoseStamped"",""message_count"":158},{""name"":""/clicked_point"",""type"":""geometry_msgs/msg/PointStamped"",""message_count"":0},{""name"":""/commands/motor/speed"",""type"":""std_msgs/msg/Float64"",""message_count"":127},{""name"":""/commands/servo/position"",""type"":""std_msgs/msg/Float64"",""message_count"":128},{""name"":""/diagnostics"",""type"":""diagnostic_msgs/msg/DiagnosticArray"",""message_count"":27},{""name"":""/drive"",""type"":""ackermann_msgs/msg/AckermannDriveStamped"",""message_count"":128},{""name"":""/events/read_split"",""type"":""rosbag2_interfaces/msg/ReadSplitEvent"",""message_count"":0},{""name"":""/events/write_split"",""type"":""rosbag2_interfaces/msg/WriteSplitEvent"",""message_count"":0},{""name"":""/global_waypoints/markers"",""type"":""visualization_msgs/msg/MarkerArray"",""message_count"":1},{""name"":""/global_waypoints_scaled/markers"",""type"":""visualization_msgs/msg/MarkerArray"",""message_count"":13},{""name"":""/goal_pose"",""type"":""geometry_msgs/msg/PoseStamped"",""message_count"":0},{""name"":""/imu/filtered_angular_velocity"",""type"":""std_msgs/msg/Float64"",""message_count"":160},{""name"":""/initialpose"",""type"":""geometry_msgs/msg/PoseWithCovarianceStamped"",""message_count"":0},{""name"":""/joy"",""type"":""sensor_msgs/msg/Joy"",""message_count"":50},{""name"":""/local_path"",""type"":""nav_msgs/msg/Path"",""message_count"":3531},{""name"":""/local_planning/markers"",""type"":""visualization_msgs/msg/MarkerArray"",""message_count"":3523},{""name"":""/local_planning/path"",""type"":""nav_msgs/msg/Path"",""message_count"":3538},{""name"":""/local_waypoints/markers"",""type"":""visualization_msgs/msg/MarkerArray"",""message_count"":127},{""name"":""/lookahead_point"",""type"":""visualization_msgs/msg/Marker"",""message_count"":127},{""name"":""/map"",""type"":""nav_msgs/msg/OccupancyGrid"",""message_count"":26},{""name"":""/odom"",""type"":""nav_msgs/msg/Odometry"",""message_count"":160},{""name"":""/parameter_events"",""type"":""rcl_interfaces/msg/ParameterEvent"",""message_count"":0},{""name"":""/particle_filter_map_server/transition_event"",""type"":""lifecycle_msgs/msg/TransitionEvent"",""message_count"":0},{""name"":""/pf/pose/odom"",""type"":""nav_msgs/msg/Odometry"",""message_count"":158},{""name"":""/pf/viz/inferred_pose"",""type"":""geometry_msgs/msg/PoseStamped"",""message_count"":160},{""name"":""/pf/viz/particles"",""type"":""geometry_msgs/msg/PoseArray"",""message_count"":127},{""name"":""/pf/viz/quality"",""type"":""visualization_msgs/msg/Marker"",""message_count"":158},{""name"":""/pf/viz/scan_used"",""type"":""sensor_msgs/msg/PointCloud2"",""message_count"":127},{""name"":""/planner/avoidance/otwpnts/markers"",""type"":""visualization_msgs/msg/MarkerArray"",""message_count"":63},{""name"":""/planning_debug/ego_speed"",""type"":""visualization_msgs/msg/Marker"",""message_count"":0},{""name"":""/planning_debug/ego_speed_overlay"",""type"":""rviz_2d_overlay_msgs/msg/OverlayText"",""message_count"":0},{""name"":""/rosout"",""type"":""rcl_interfaces/msg/Log"",""message_count"":235},{""name"":""/scan"",""type"":""sensor_msgs/msg/LaserScan"",""message_count"":126},{""name"":""/sector_markers"",""type"":""visualization_msgs/msg/MarkerArray"",""message_count"":13},{""name"":""/sensors/imu/raw"",""type"":""sensor_msgs/msg/Imu"",""message_count"":158},{""name"":""/sensors/servo_position_command"",""type"":""std_msgs/msg/Float64"",""message_count"":127},{""name"":""/state"",""type"":""std_msgs/msg/String"",""message_count"":127},{""name"":""/state_marker"",""type"":""visualization_msgs/msg/Marker"",""message_count"":127},{""name"":""/teleop"",""type"":""ackermann_msgs/msg/AckermannDriveStamped"",""message_count"":0},{""name"":""/tf"",""type"":""tf2_msgs/msg/TFMessage"",""message_count"":320},{""name"":""/tf_static"",""type"":""tf2_msgs/msg/TFMessage"",""message_count"":1}]","[{""path"":""rosbag2_2026_08_05-18_11_22_0.mcap"",""exists"":true,""size_bytes"":9719413}]",41e2bcec2ab59b7efdd54555d7d6369efb3e44d76070d5cd7fb07530cecd3210,9edf552d0344722c76173c2100ba927804b737c034b95afa190d23510b54e369,,False,True
rosbag_research_inventory/1,/home/sungho/.local/share/Trash/files/rosbag2_2026_08_16-08_50_21,rosbag2_2026_08_16-08_50_21,mcap,84.272663370,377104028,311090,47,1786837821729341329,1786837906002004699,"[{""name"":""/avoid_waypoints"",""type"":""f110_msgs/msg/OTWpntArray"",""message_count"":3327},{""name"":""/bond"",""type"":""bond/msg/Status"",""message_count"":3341},{""name"":""/car_state/frenet/odom"",""type"":""nav_msgs/msg/Odometry"",""message_count"":2517},{""name"":""/centerline_waypoints"",""type"":""f110_msgs/msg/WpntArray"",""message_count"":42},{""name"":""/centerline_waypoints/markers"",""type"":""visualization_msgs/msg/MarkerArray"",""message_count"":42},{""name"":""/clicked_point"",""type"":""geometry_msgs/msg/PointStamped"",""message_count"":0},{""name"":""/confirmed_static_obs"",""type"":""f110_msgs/msg/ObstacleArray"",""message_count"":20279},{""name"":""/debug/l1_lookahead"",""type"":""visualization_msgs/msg/MarkerArray"",""message_count"":4209},{""name"":""/diagnostics"",""type"":""diagnostic_msgs/msg/DiagnosticArray"",""message_count"":84},{""name"":""/drive"",""type"":""ackermann_msgs/msg/AckermannDriveStamped"",""message_count"":4159},{""name"":""/drive_autonomous"",""type"":""ackermann_msgs/msg/AckermannDriveStamped"",""message_count"":4209},{""name"":""/ego_racecar/collision"",""type"":""std_msgs/msg/Bool"",""message_count"":20730},{""name"":""/ego_racecar/odom"",""type"":""nav_msgs/msg/Odometry"",""message_count"":20731},{""name"":""/ego_racecar/scan_identity"",""type"":""std_msgs/msg/String"",""message_count"":0},{""name"":""/ego_robot_description"",""type"":""std_msgs/msg/String"",""message_count"":1},{""name"":""/estimated_lap_time"",""type"":""std_msgs/msg/Float32"",""message_count"":42},{""name"":""/events/write_split"",""type"":""rosbag2_interfaces/msg/WriteSplitEvent"",""message_count"":0},{""name"":""/global_waypoints"",""type"":""f110_msgs/msg/WpntArray"",""message_count"":43},{""name"":""/global_waypoints/markers"",""type"":""visualization_msgs/msg/MarkerArray"",""message_count"":42},{""name"":""/global_waypoints/shortest_path"",""type"":""f110_msgs/msg/WpntArray"",""message_count"":42},{""name"":""/goal_pose"",""type"":""geometry_msgs/msg/PoseStamped"",""message_count"":0},{""name"":""/imu/data"",""type"":""sensor_msgs/msg/Imu"",""message_count"":21005},{""name"":""/initialpose"",""type"":""geometry_msgs/msg/PoseWithCovarianceStamped"",""message_count"":0},{""name"":""/local_planning/p3_shadow"",""type"":""std_msgs/msg/String"",""message_count"":3322},{""name"":""/local_planning/path"",""type"":""nav_msgs/msg/Path"",""message_count"":3327},{""name"":""/local_planning/reference_map"",""type"":""nav_msgs/msg/OccupancyGrid"",""message_count"":1},{""name"":""/local_planning_map_server/transition_event"",""type"":""lifecycle_msgs/msg/TransitionEvent"",""message_count"":0},{""name"":""/local_waypoints"",""type"":""f110_msgs/msg/WpntArray"",""message_count"":2548},{""name"":""/local_waypoints/path"",""type"":""nav_msgs/msg/Path"",""message_count"":2548},{""name"":""/map"",""type"":""nav_msgs/msg/OccupancyGrid"",""message_count"":419},{""name"":""/map_infos"",""type"":""std_msgs/msg/String"",""message_count"":42},{""name"":""/map_server/transition_event"",""type"":""lifecycle_msgs/msg/TransitionEvent"",""message_count"":0},{""name"":""/opp_obs"",""type"":""f110_msgs/msg/ObstacleArray"",""message_count"":20280},{""name"":""/opp_obs/markers"",""type"":""visualization_msgs/msg/MarkerArray"",""message_count"":20278},{""name"":""/parameter_events"",""type"":""rcl_interfaces/msg/ParameterEvent"",""message_count"":0},{""name"":""/particle_filter_map_server/transition_event"",""type"":""lifecycle_msgs/msg/TransitionEvent"",""message_count"":0},{""name"":""/pf/pose/odom"",""type"":""nav_msgs/msg/Odometry"",""message_count"":2521},{""name"":""/pf/viz/inferred_pose"",""type"":""geometry_msgs/msg/PoseStamped"",""message_count"":2521},{""name"":""/pf/viz/particles"",""type"":""geometry_msgs/msg/PoseArray"",""message_count"":2521},{""name"":""/rosout"",""type"":""rcl_interfaces/msg/Log"",""message_count"":720},{""name"":""/scan"",""type"":""sensor_msgs/msg/LaserScan"",""message_count"":20732},{""name"":""/state"",""type"":""f110_msgs/msg/StateMachine"",""message_count"":841},{""name"":""/static_obs"",""type"":""f110_msgs/msg/ObstacleArray"",""message_count"":20279},{""name"":""/static_obs/markers"",""type"":""visualization_msgs/msg/MarkerArray"",""message_count"":20278},{""name"":""/tf"",""type"":""tf2_msgs/msg/TFMessage"",""message_count"":83024},{""name"":""/tf_static"",""type"":""tf2_msgs/msg/TFMessage"",""message_count"":1},{""name"":""/trackbounds/markers"",""type"":""visualization_msgs/msg/MarkerArray"",""message_count"":42}]","[{""path"":""rosbag2_2026_08_16-08_50_21_0.mcap"",""exists"":true,""size_bytes"":377104028}]",fe75481b1e43cb26f0212d7e5be77b9079ac9683739572aafe05b824b6275f9c,2029ac1d2ed372d96a08684434fa9cf12b9c3e20923831d237d2782ee096f678,,False,True
rosbag_research_inventory/1,/home/sungho/.local/share/Trash/files/rosbag2_2026_08_16-09_33_00,rosbag2_2026_08_16-09_33_00,mcap,56.265079405,247785980,203170,47,1786840380650740821,1786840436915820226,"[{""name"":""/avoid_waypoints"",""type"":""f110_msgs/msg/OTWpntArray"",""message_count"":2195},{""name"":""/bond"",""type"":""bond/msg/Status"",""message_count"":2200},{""name"":""/car_state/frenet/odom"",""type"":""nav_msgs/msg/Odometry"",""message_count"":1628},{""name"":""/centerline_waypoints"",""type"":""f110_msgs/msg/WpntArray"",""message_count"":26},{""name"":""/centerline_waypoints/markers"",""type"":""visualization_msgs/msg/MarkerArray"",""message_count"":26},{""name"":""/clicked_point"",""type"":""geometry_msgs/msg/PointStamped"",""message_count"":0},{""name"":""/confirmed_static_obs"",""type"":""f110_msgs/msg/ObstacleArray"",""message_count"":13186},{""name"":""/debug/l1_lookahead"",""type"":""visualization_msgs/msg/MarkerArray"",""message_count"":2757},{""name"":""/diagnostics"",""type"":""diagnostic_msgs/msg/DiagnosticArray"",""message_count"":55},{""name"":""/drive"",""type"":""ackermann_msgs/msg/AckermannDriveStamped"",""message_count"":2638},{""name"":""/drive_autonomous"",""type"":""ackermann_msgs/msg/AckermannDriveStamped"",""message_count"":2757},{""name"":""/ego_racecar/collision"",""type"":""std_msgs/msg/Bool"",""message_count"":13644},{""name"":""/ego_racecar/odom"",""type"":""nav_msgs/msg/Odometry"",""message_count"":13646},{""name"":""/ego_racecar/scan_identity"",""type"":""std_msgs/msg/String"",""message_count"":0},{""name"":""/ego_robot_description"",""type"":""std_msgs/msg/String"",""message_count"":1},{""name"":""/estimated_lap_time"",""type"":""std_msgs/msg/Float32"",""message_count"":26},{""name"":""/events/write_split"",""type"":""rosbag2_interfaces/msg/WriteSplitEvent"",""message_count"":0},{""name"":""/global_waypoints"",""type"":""f110_msgs/msg/WpntArray"",""message_count"":27},{""name"":""/global_waypoints/markers"",""type"":""visualization_msgs/msg/MarkerArray"",""message_count"":26},{""name"":""/global_waypoints/shortest_path"",""type"":""f110_msgs/msg/WpntArray"",""message_count"":26},{""name"":""/goal_pose"",""type"":""geometry_msgs/msg/PoseStamped"",""message_count"":0},{""name"":""/imu/data"",""type"":""sensor_msgs/msg/Imu"",""message_count"":13167},{""name"":""/initialpose"",""type"":""geometry_msgs/msg/PoseWithCovarianceStamped"",""message_count"":0},{""name"":""/local_planning/p3_shadow"",""type"":""std_msgs/msg/String"",""message_count"":2201},{""name"":""/local_planning/path"",""type"":""nav_msgs/msg/Path"",""message_count"":2195},{""name"":""/local_planning/reference_map"",""type"":""nav_msgs/msg/OccupancyGrid"",""message_count"":1},{""name"":""/local_planning_map_server/transition_event"",""type"":""lifecycle_msgs/msg/TransitionEvent"",""message_count"":0},{""name"":""/local_waypoints"",""type"":""f110_msgs/msg/WpntArray"",""message_count"":1683},{""name"":""/local_waypoints/path"",""type"":""nav_msgs/msg/Path"",""message_count"":1663},{""name"":""/map"",""type"":""nav_msgs/msg/OccupancyGrid"",""message_count"":276},{""name"":""/map_infos"",""type"":""std_msgs/msg/String"",""message_count"":26},{""name"":""/map_server/transition_event"",""type"":""lifecycle_msgs/msg/TransitionEvent"",""message_count"":0},{""name"":""/opp_obs"",""type"":""f110_msgs/msg/ObstacleArray"",""message_count"":13187},{""name"":""/opp_obs/markers"",""type"":""visualization_msgs/msg/MarkerArray"",""message_count"":13187},{""name"":""/parameter_events"",""type"":""rcl_interfaces/msg/ParameterEvent"",""message_count"":0},{""name"":""/particle_filter_map_server/transition_event"",""type"":""lifecycle_msgs/msg/TransitionEvent"",""message_count"":0},{""name"":""/pf/pose/odom"",""type"":""nav_msgs/msg/Odometry"",""message_count"":1659},{""name"":""/pf/viz/inferred_pose"",""type"":""geometry_msgs/msg/PoseStamped"",""message_count"":1659},{""name"":""/pf/viz/particles"",""type"":""geometry_msgs/msg/PoseArray"",""message_count"":1658},{""name"":""/rosout"",""type"":""rcl_interfaces/msg/Log"",""message_count"":364},{""name"":""/scan"",""type"":""sensor_msgs/msg/LaserScan"",""message_count"":13644},{""name"":""/state"",""type"":""f110_msgs/msg/StateMachine"",""message_count"":550},{""name"":""/static_obs"",""type"":""f110_msgs/msg/ObstacleArray"",""message_count"":13187},{""name"":""/static_obs/markers"",""type"":""visualization_msgs/msg/MarkerArray"",""message_count"":13186},{""name"":""/tf"",""type"":""tf2_msgs/msg/TFMessage"",""message_count"":54786},{""name"":""/tf_static"",""type"":""tf2_msgs/msg/TFMessage"",""message_count"":1},{""name"":""/trackbounds/markers"",""type"":""visualization_msgs/msg/MarkerArray"",""message_count"":26}]","[{""path"":""rosbag2_2026_08_16-09_33_00_0.mcap"",""exists"":true,""size_bytes"":247785980}]",2a5fbff70ea4a69c4da29d2ad3d922feba096350b960cae7e2ec021322d18bbe,ab6878c5e736740104791101627c9746dcbf6011e89ce79d77e767a3238dac44,,False,True
rosbag_research_inventory/1,/home/sungho/.local/share/Trash/files/rosbag2_2026_08_16-09_47_06,rosbag2_2026_08_16-09_47_06,mcap,76.085416336,345268692,282294,47,1786841226601701544,1786841302687117880,"[{""name"":""/avoid_waypoints"",""type"":""f110_msgs/msg/OTWpntArray"",""message_count"":3039},{""name"":""/bond"",""type"":""bond/msg/Status"",""message_count"":3019},{""name"":""/car_state/frenet/odom"",""type"":""nav_msgs/msg/Odometry"",""message_count"":2273},{""name"":""/centerline_waypoints"",""type"":""f110_msgs/msg/WpntArray"",""message_count"":38},{""name"":""/centerline_waypoints/markers"",""type"":""visualization_msgs/msg/MarkerArray"",""message_count"":38},{""name"":""/clicked_point"",""type"":""geometry_msgs/msg/PointStamped"",""message_count"":0},{""name"":""/confirmed_static_obs"",""type"":""f110_msgs/msg/ObstacleArray"",""message_count"":18316},{""name"":""/debug/l1_lookahead"",""type"":""visualization_msgs/msg/MarkerArray"",""message_count"":3798},{""name"":""/diagnostics"",""type"":""diagnostic_msgs/msg/DiagnosticArray"",""message_count"":76},{""name"":""/drive"",""type"":""ackermann_msgs/msg/AckermannDriveStamped"",""message_count"":3798},{""name"":""/drive_autonomous"",""type"":""ackermann_msgs/msg/AckermannDriveStamped"",""message_count"":3798},{""name"":""/ego_racecar/collision"",""type"":""std_msgs/msg/Bool"",""message_count"":18903},{""name"":""/ego_racecar/odom"",""type"":""nav_msgs/msg/Odometry"",""message_count"":18903},{""name"":""/ego_racecar/scan_identity"",""type"":""std_msgs/msg/String"",""message_count"":0},{""name"":""/ego_robot_description"",""type"":""std_msgs/msg/String"",""message_count"":1},{""name"":""/estimated_lap_time"",""type"":""std_msgs/msg/Float32"",""message_count"":38},{""name"":""/events/write_split"",""type"":""rosbag2_interfaces/msg/WriteSplitEvent"",""message_count"":0},{""name"":""/global_waypoints"",""type"":""f110_msgs/msg/WpntArray"",""message_count"":39},{""name"":""/global_waypoints/markers"",""type"":""visualization_msgs/msg/MarkerArray"",""message_count"":38},{""name"":""/global_waypoints/shortest_path"",""type"":""f110_msgs/msg/WpntArray"",""message_count"":38},{""name"":""/goal_pose"",""type"":""geometry_msgs/msg/PoseStamped"",""message_count"":0},{""name"":""/imu/data"",""type"":""sensor_msgs/msg/Imu"",""message_count"":18967},{""name"":""/initialpose"",""type"":""geometry_msgs/msg/PoseWithCovarianceStamped"",""message_count"":0},{""name"":""/local_planning/p3_shadow"",""type"":""std_msgs/msg/String"",""message_count"":3039},{""name"":""/local_planning/path"",""type"":""nav_msgs/msg/Path"",""message_count"":3039},{""name"":""/local_planning/reference_map"",""type"":""nav_msgs/msg/OccupancyGrid"",""message_count"":1},{""name"":""/local_planning_map_server/transition_event"",""type"":""lifecycle_msgs/msg/TransitionEvent"",""message_count"":0},{""name"":""/local_waypoints"",""type"":""f110_msgs/msg/WpntArray"",""message_count"":2303},{""name"":""/local_waypoints/path"",""type"":""nav_msgs/msg/Path"",""message_count"":2302},{""name"":""/map"",""type"":""nav_msgs/msg/OccupancyGrid"",""message_count"":381},{""name"":""/map_infos"",""type"":""std_msgs/msg/String"",""message_count"":38},{""name"":""/map_server/transition_event"",""type"":""lifecycle_msgs/msg/TransitionEvent"",""message_count"":0},{""name"":""/opp_obs"",""type"":""f110_msgs/msg/ObstacleArray"",""message_count"":18316},{""name"":""/opp_obs/markers"",""type"":""visualization_msgs/msg/MarkerArray"",""message_count"":18316},{""name"":""/parameter_events"",""type"":""rcl_interfaces/msg/ParameterEvent"",""message_count"":0},{""name"":""/particle_filter_map_server/transition_event"",""type"":""lifecycle_msgs/msg/TransitionEvent"",""message_count"":0},{""name"":""/pf/pose/odom"",""type"":""nav_msgs/msg/Odometry"",""message_count"":2295},{""name"":""/pf/viz/inferred_pose"",""type"":""geometry_msgs/msg/PoseStamped"",""message_count"":2295},{""name"":""/pf/viz/particles"",""type"":""geometry_msgs/msg/PoseArray"",""message_count"":2295},{""name"":""/rosout"",""type"":""rcl_interfaces/msg/Log"",""message_count"":481},{""name"":""/scan"",""type"":""sensor_msgs/msg/LaserScan"",""message_count"":18907},{""name"":""/state"",""type"":""f110_msgs/msg/StateMachine"",""message_count"":761},{""name"":""/static_obs"",""type"":""f110_msgs/msg/ObstacleArray"",""message_count"":18316},{""name"":""/static_obs/markers"",""type"":""visualization_msgs/msg/MarkerArray"",""message_count"":18314},{""name"":""/tf"",""type"":""tf2_msgs/msg/TFMessage"",""message_count"":75736},{""name"":""/tf_static"",""type"":""tf2_msgs/msg/TFMessage"",""message_count"":1},{""name"":""/trackbounds/markers"",""type"":""visualization_msgs/msg/MarkerArray"",""message_count"":38}]","[{""path"":""rosbag2_2026_08_16-09_47_06_0.mcap"",""exists"":true,""size_bytes"":345268692}]",d64a84fe39b212993a1a82269496cee0985772a8aa83a8ec265473dfcb892162,af62456d2912b58cdf7652229808bb58823e2f9364982dfbf536ae7a31b85057,,False,True
rosbag_research_inventory/1,/home/sungho/.local/share/Trash/files/rosbag2_2026_08_16-10_23_05,rosbag2_2026_08_16-10_23_05,mcap,84.607371688,374195671,311637,47,1786843385059271255,1786843469666642943,"[{""name"":""/avoid_waypoints"",""type"":""f110_msgs/msg/OTWpntArray"",""message_count"":3300},{""name"":""/bond"",""type"":""bond/msg/Status"",""message_count"":3369},{""name"":""/car_state/frenet/odom"",""type"":""nav_msgs/msg/Odometry"",""message_count"":2535},{""name"":""/centerline_waypoints"",""type"":""f110_msgs/msg/WpntArray"",""message_count"":42},{""name"":""/centerline_waypoints/markers"",""type"":""visualization_msgs/msg/MarkerArray"",""message_count"":42},{""name"":""/clicked_point"",""type"":""geometry_msgs/msg/PointStamped"",""message_count"":0},{""name"":""/confirmed_static_obs"",""type"":""f110_msgs/msg/ObstacleArray"",""message_count"":20205},{""name"":""/debug/l1_lookahead"",""type"":""visualization_msgs/msg/MarkerArray"",""message_count"":4208},{""name"":""/diagnostics"",""type"":""diagnostic_msgs/msg/DiagnosticArray"",""message_count"":83},{""name"":""/drive"",""type"":""ackermann_msgs/msg/AckermannDriveStamped"",""message_count"":4208},{""name"":""/drive_autonomous"",""type"":""ackermann_msgs/msg/AckermannDriveStamped"",""message_count"":4208},{""name"":""/ego_racecar/collision"",""type"":""std_msgs/msg/Bool"",""message_count"":20907},{""name"":""/ego_racecar/odom"",""type"":""nav_msgs/msg/Odometry"",""message_count"":20911},{""name"":""/ego_racecar/scan_identity"",""type"":""std_msgs/msg/String"",""message_count"":0},{""name"":""/ego_robot_description"",""type"":""std_msgs/msg/String"",""message_count"":1},{""name"":""/estimated_lap_time"",""type"":""std_msgs/msg/Float32"",""message_count"":42},{""name"":""/events/write_split"",""type"":""rosbag2_interfaces/msg/WriteSplitEvent"",""message_count"":0},{""name"":""/global_waypoints"",""type"":""f110_msgs/msg/WpntArray"",""message_count"":43},{""name"":""/global_waypoints/markers"",""type"":""visualization_msgs/msg/MarkerArray"",""message_count"":42},{""name"":""/global_waypoints/shortest_path"",""type"":""f110_msgs/msg/WpntArray"",""message_count"":42},{""name"":""/goal_pose"",""type"":""geometry_msgs/msg/PoseStamped"",""message_count"":0},{""name"":""/imu/data"",""type"":""sensor_msgs/msg/Imu"",""message_count"":20814},{""name"":""/initialpose"",""type"":""geometry_msgs/msg/PoseWithCovarianceStamped"",""message_count"":0},{""name"":""/local_planning/p3_shadow"",""type"":""std_msgs/msg/String"",""message_count"":3300},{""name"":""/local_planning/path"",""type"":""nav_msgs/msg/Path"",""message_count"":3300},{""name"":""/local_planning/reference_map"",""type"":""nav_msgs/msg/OccupancyGrid"",""message_count"":1},{""name"":""/local_planning_map_server/transition_event"",""type"":""lifecycle_msgs/msg/TransitionEvent"",""message_count"":0},{""name"":""/local_waypoints"",""type"":""f110_msgs/msg/WpntArray"",""message_count"":2545},{""name"":""/local_waypoints/path"",""type"":""nav_msgs/msg/Path"",""message_count"":2545},{""name"":""/map"",""type"":""nav_msgs/msg/OccupancyGrid"",""message_count"":421},{""name"":""/map_infos"",""type"":""std_msgs/msg/String"",""message_count"":42},{""name"":""/map_server/transition_event"",""type"":""lifecycle_msgs/msg/TransitionEvent"",""message_count"":0},{""name"":""/opp_obs"",""type"":""f110_msgs/msg/ObstacleArray"",""message_count"":20211},{""name"":""/opp_obs/markers"",""type"":""visualization_msgs/msg/MarkerArray"",""message_count"":20207},{""name"":""/parameter_events"",""type"":""rcl_interfaces/msg/ParameterEvent"",""message_count"":0},{""name"":""/particle_filter_map_server/transition_event"",""type"":""lifecycle_msgs/msg/TransitionEvent"",""message_count"":0},{""name"":""/pf/pose/odom"",""type"":""nav_msgs/msg/Odometry"",""message_count"":2541},{""name"":""/pf/viz/inferred_pose"",""type"":""geometry_msgs/msg/PoseStamped"",""message_count"":2540},{""name"":""/pf/viz/particles"",""type"":""geometry_msgs/msg/PoseArray"",""message_count"":2541},{""name"":""/rosout"",""type"":""rcl_interfaces/msg/Log"",""message_count"":523},{""name"":""/scan"",""type"":""sensor_msgs/msg/LaserScan"",""message_count"":20910},{""name"":""/state"",""type"":""f110_msgs/msg/StateMachine"",""message_count"":841},{""name"":""/static_obs"",""type"":""f110_msgs/msg/ObstacleArray"",""message_count"":20211},{""name"":""/static_obs/markers"",""type"":""visualization_msgs/msg/MarkerArray"",""message_count"":20211},{""name"":""/tf"",""type"":""tf2_msgs/msg/TFMessage"",""message_count"":83702},{""name"":""/tf_static"",""type"":""tf2_msgs/msg/TFMessage"",""message_count"":1},{""name"":""/trackbounds/markers"",""type"":""visualization_msgs/msg/MarkerArray"",""message_count"":42}]","[{""path"":""rosbag2_2026_08_16-10_23_05_0.mcap"",""exists"":true,""size_bytes"":374195671}]",c1abeb4404b7a6835427d515e822109df5ce93518da6649e24eae35a8835ff6d,1b9910366171b0994c373cc357869c2694a39f44fde343bef79559a6ccbae2a2,,False,True
rosbag_research_inventory/1,/home/sungho/.local/share/Trash/files/rosbag2_2026_08_16-10_59_58,rosbag2_2026_08_16-10_59_58,mcap,132.224887043,600437138,486848,47,1786845598516718122,1786845730741605165,"[{""name"":""/avoid_waypoints"",""type"":""f110_msgs/msg/OTWpntArray"",""message_count"":5207},{""name"":""/bond"",""type"":""bond/msg/Status"",""message_count"":5239},{""name"":""/car_state/frenet/odom"",""type"":""nav_msgs/msg/Odometry"",""message_count"":3974},{""name"":""/centerline_waypoints"",""type"":""f110_msgs/msg/WpntArray"",""message_count"":65},{""name"":""/centerline_waypoints/markers"",""type"":""visualization_msgs/msg/MarkerArray"",""message_count"":65},{""name"":""/clicked_point"",""type"":""geometry_msgs/msg/PointStamped"",""message_count"":0},{""name"":""/confirmed_static_obs"",""type"":""f110_msgs/msg/ObstacleArray"",""message_count"":31911},{""name"":""/debug/l1_lookahead"",""type"":""visualization_msgs/msg/MarkerArray"",""message_count"":6554},{""name"":""/diagnostics"",""type"":""diagnostic_msgs/msg/DiagnosticArray"",""message_count"":129},{""name"":""/drive"",""type"":""ackermann_msgs/msg/AckermannDriveStamped"",""message_count"":6589},{""name"":""/drive_autonomous"",""type"":""ackermann_msgs/msg/AckermannDriveStamped"",""message_count"":6554},{""name"":""/ego_racecar/collision"",""type"":""std_msgs/msg/Bool"",""message_count"":32451},{""name"":""/ego_racecar/odom"",""type"":""nav_msgs/msg/Odometry"",""message_count"":32451},{""name"":""/ego_racecar/scan_identity"",""type"":""std_msgs/msg/String"",""message_count"":0},{""name"":""/ego_robot_description"",""type"":""std_msgs/msg/String"",""message_count"":1},{""name"":""/estimated_lap_time"",""type"":""std_msgs/msg/Float32"",""message_count"":65},{""name"":""/events/write_split"",""type"":""rosbag2_interfaces/msg/WriteSplitEvent"",""message_count"":0},{""name"":""/global_waypoints"",""type"":""f110_msgs/msg/WpntArray"",""message_count"":66},{""name"":""/global_waypoints/markers"",""type"":""visualization_msgs/msg/MarkerArray"",""message_count"":65},{""name"":""/global_waypoints/shortest_path"",""type"":""f110_msgs/msg/WpntArray"",""message_count"":65},{""name"":""/goal_pose"",""type"":""geometry_msgs/msg/PoseStamped"",""message_count"":0},{""name"":""/imu/data"",""type"":""sensor_msgs/msg/Imu"",""message_count"":32261},{""name"":""/initialpose"",""type"":""geometry_msgs/msg/PoseWithCovarianceStamped"",""message_count"":0},{""name"":""/local_planning/p3_shadow"",""type"":""std_msgs/msg/String"",""message_count"":5228},{""name"":""/local_planning/path"",""type"":""nav_msgs/msg/Path"",""message_count"":5207},{""name"":""/local_planning/reference_map"",""type"":""nav_msgs/msg/OccupancyGrid"",""message_count"":1},{""name"":""/local_planning_map_server/transition_event"",""type"":""lifecycle_msgs/msg/TransitionEvent"",""message_count"":0},{""name"":""/local_waypoints"",""type"":""f110_msgs/msg/WpntArray"",""message_count"":3963},{""name"":""/local_waypoints/path"",""type"":""nav_msgs/msg/Path"",""message_count"":3964},{""name"":""/map"",""type"":""nav_msgs/msg/OccupancyGrid"",""message_count"":657},{""name"":""/map_infos"",""type"":""std_msgs/msg/String"",""message_count"":65},{""name"":""/map_server/transition_event"",""type"":""lifecycle_msgs/msg/TransitionEvent"",""message_count"":0},{""name"":""/opp_obs"",""type"":""f110_msgs/msg/ObstacleArray"",""message_count"":31915},{""name"":""/opp_obs/markers"",""type"":""visualization_msgs/msg/MarkerArray"",""message_count"":31911},{""name"":""/parameter_events"",""type"":""rcl_interfaces/msg/ParameterEvent"",""message_count"":0},{""name"":""/particle_filter_map_server/transition_event"",""type"":""lifecycle_msgs/msg/TransitionEvent"",""message_count"":0},{""name"":""/pf/pose/odom"",""type"":""nav_msgs/msg/Odometry"",""message_count"":3955},{""name"":""/pf/viz/inferred_pose"",""type"":""geometry_msgs/msg/PoseStamped"",""message_count"":3955},{""name"":""/pf/viz/particles"",""type"":""geometry_msgs/msg/PoseArray"",""message_count"":3955},{""name"":""/rosout"",""type"":""rcl_interfaces/msg/Log"",""message_count"":758},{""name"":""/scan"",""type"":""sensor_msgs/msg/LaserScan"",""message_count"":32451},{""name"":""/state"",""type"":""f110_msgs/msg/StateMachine"",""message_count"":1310},{""name"":""/static_obs"",""type"":""f110_msgs/msg/ObstacleArray"",""message_count"":31910},{""name"":""/static_obs/markers"",""type"":""visualization_msgs/msg/MarkerArray"",""message_count"":31909},{""name"":""/tf"",""type"":""tf2_msgs/msg/TFMessage"",""message_count"":129956},{""name"":""/tf_static"",""type"":""tf2_msgs/msg/TFMessage"",""message_count"":1},{""name"":""/trackbounds/markers"",""type"":""visualization_msgs/msg/MarkerArray"",""message_count"":65}]","[{""path"":""rosbag2_2026_08_16-10_59_58_0.mcap"",""exists"":true,""size_bytes"":600437138}]",8e795607ff53fe12d4db3b7cae3467c46b8b8dbbd5e6b4cb494914cda2be9c4f,2f9a175f44488f8cc02beec5851900dafc82a2aa6fb3bf1cbd88b6bf8c24da9d,,False,True
rosbag_research_inventory/1,/home/sungho/.local/share/Trash/files/rosbag2_2026_08_16-11_13_21,rosbag2_2026_08_16-11_13_21,mcap,94.791340932,439320796,351061,47,1786846401509748678,1786846496301089610,"[{""name"":""/avoid_waypoints"",""type"":""f110_msgs/msg/OTWpntArray"",""message_count"":3766},{""name"":""/bond"",""type"":""bond/msg/Status"",""message_count"":3762},{""name"":""/car_state/frenet/odom"",""type"":""nav_msgs/msg/Odometry"",""message_count"":2805},{""name"":""/centerline_waypoints"",""type"":""f110_msgs/msg/WpntArray"",""message_count"":47},{""name"":""/centerline_waypoints/markers"",""type"":""visualization_msgs/msg/MarkerArray"",""message_count"":47},{""name"":""/clicked_point"",""type"":""geometry_msgs/msg/PointStamped"",""message_count"":0},{""name"":""/confirmed_static_obs"",""type"":""f110_msgs/msg/ObstacleArray"",""message_count"":22909},{""name"":""/debug/l1_lookahead"",""type"":""visualization_msgs/msg/MarkerArray"",""message_count"":4716},{""name"":""/diagnostics"",""type"":""diagnostic_msgs/msg/DiagnosticArray"",""message_count"":95},{""name"":""/drive"",""type"":""ackermann_msgs/msg/AckermannDriveStamped"",""message_count"":4716},{""name"":""/drive_autonomous"",""type"":""ackermann_msgs/msg/AckermannDriveStamped"",""message_count"":4716},{""name"":""/ego_racecar/collision"",""type"":""std_msgs/msg/Bool"",""message_count"":23447},{""name"":""/ego_racecar/odom"",""type"":""nav_msgs/msg/Odometry"",""message_count"":23446},{""name"":""/ego_racecar/scan_identity"",""type"":""std_msgs/msg/String"",""message_count"":0},{""name"":""/ego_robot_description"",""type"":""std_msgs/msg/String"",""message_count"":1},{""name"":""/estimated_lap_time"",""type"":""std_msgs/msg/Float32"",""message_count"":47},{""name"":""/events/write_split"",""type"":""rosbag2_interfaces/msg/WriteSplitEvent"",""message_count"":0},{""name"":""/global_waypoints"",""type"":""f110_msgs/msg/WpntArray"",""message_count"":48},{""name"":""/global_waypoints/markers"",""type"":""visualization_msgs/msg/MarkerArray"",""message_count"":47},{""name"":""/global_waypoints/shortest_path"",""type"":""f110_msgs/msg/WpntArray"",""message_count"":47},{""name"":""/goal_pose"",""type"":""geometry_msgs/msg/PoseStamped"",""message_count"":0},{""name"":""/imu/data"",""type"":""sensor_msgs/msg/Imu"",""message_count"":23501},{""name"":""/initialpose"",""type"":""geometry_msgs/msg/PoseWithCovarianceStamped"",""message_count"":0},{""name"":""/local_planning/p3_shadow"",""type"":""std_msgs/msg/String"",""message_count"":3770},{""name"":""/local_planning/path"",""type"":""nav_msgs/msg/Path"",""message_count"":3761},{""name"":""/local_planning/reference_map"",""type"":""nav_msgs/msg/OccupancyGrid"",""message_count"":1},{""name"":""/local_planning_map_server/transition_event"",""type"":""lifecycle_msgs/msg/TransitionEvent"",""message_count"":0},{""name"":""/local_waypoints"",""type"":""f110_msgs/msg/WpntArray"",""message_count"":2853},{""name"":""/local_waypoints/path"",""type"":""nav_msgs/msg/Path"",""message_count"":2853},{""name"":""/map"",""type"":""nav_msgs/msg/OccupancyGrid"",""message_count"":473},{""name"":""/map_infos"",""type"":""std_msgs/msg/String"",""message_count"":47},{""name"":""/map_server/transition_event"",""type"":""lifecycle_msgs/msg/TransitionEvent"",""message_count"":0},{""name"":""/opp_obs"",""type"":""f110_msgs/msg/ObstacleArray"",""message_count"":22910},{""name"":""/opp_obs/markers"",""type"":""visualization_msgs/msg/MarkerArray"",""message_count"":22909},{""name"":""/parameter_events"",""type"":""rcl_interfaces/msg/ParameterEvent"",""message_count"":0},{""name"":""/particle_filter_map_server/transition_event"",""type"":""lifecycle_msgs/msg/TransitionEvent"",""message_count"":0},{""name"":""/pf/pose/odom"",""type"":""nav_msgs/msg/Odometry"",""message_count"":2850},{""name"":""/pf/viz/inferred_pose"",""type"":""geometry_msgs/msg/PoseStamped"",""message_count"":2850},{""name"":""/pf/viz/particles"",""type"":""geometry_msgs/msg/PoseArray"",""message_count"":2850},{""name"":""/rosout"",""type"":""rcl_interfaces/msg/Log"",""message_count"":566},{""name"":""/scan"",""type"":""sensor_msgs/msg/LaserScan"",""message_count"":23445},{""name"":""/state"",""type"":""f110_msgs/msg/StateMachine"",""message_count"":942},{""name"":""/static_obs"",""type"":""f110_msgs/msg/ObstacleArray"",""message_count"":22910},{""name"":""/static_obs/markers"",""type"":""visualization_msgs/msg/MarkerArray"",""message_count"":22911},{""name"":""/tf"",""type"":""tf2_msgs/msg/TFMessage"",""message_count"":93949},{""name"":""/tf_static"",""type"":""tf2_msgs/msg/TFMessage"",""message_count"":1},{""name"":""/trackbounds/markers"",""type"":""visualization_msgs/msg/MarkerArray"",""message_count"":47}]","[{""path"":""rosbag2_2026_08_16-11_13_21_0.mcap"",""exists"":true,""size_bytes"":439320796}]",a7e69f71921b89791ba3b2021397c74048cf22d88f16b0503452ca1e7c6b6a89,e44b67a9ca472b80542ee2d3bf67e14ad1eaadd3e0c8ccc9fff778abbeb12b71,,False,True
rosbag_research_inventory/1,/home/sungho/.local/share/Trash/files/rosbag2_2026_08_16-11_16_04,rosbag2_2026_08_16-11_16_04,mcap,71.331868933,338587340,264571,47,1786846564115209830,1786846635447078763,"[{""name"":""/avoid_waypoints"",""type"":""f110_msgs/msg/OTWpntArray"",""message_count"":2840},{""name"":""/bond"",""type"":""bond/msg/Status"",""message_count"":2830},{""name"":""/car_state/frenet/odom"",""type"":""nav_msgs/msg/Odometry"",""message_count"":2154},{""name"":""/centerline_waypoints"",""type"":""f110_msgs/msg/WpntArray"",""message_count"":35},{""name"":""/centerline_waypoints/markers"",""type"":""visualization_msgs/msg/MarkerArray"",""message_count"":35},{""name"":""/clicked_point"",""type"":""geometry_msgs/msg/PointStamped"",""message_count"":0},{""name"":""/confirmed_static_obs"",""type"":""f110_msgs/msg/ObstacleArray"",""message_count"":17342},{""name"":""/debug/l1_lookahead"",""type"":""visualization_msgs/msg/MarkerArray"",""message_count"":3512},{""name"":""/diagnostics"",""type"":""diagnostic_msgs/msg/DiagnosticArray"",""message_count"":71},{""name"":""/drive"",""type"":""ackermann_msgs/msg/AckermannDriveStamped"",""message_count"":3562},{""name"":""/drive_autonomous"",""type"":""ackermann_msgs/msg/AckermannDriveStamped"",""message_count"":3512},{""name"":""/ego_racecar/collision"",""type"":""std_msgs/msg/Bool"",""message_count"":17639},{""name"":""/ego_racecar/odom"",""type"":""nav_msgs/msg/Odometry"",""message_count"":17638},{""name"":""/ego_racecar/scan_identity"",""type"":""std_msgs/msg/String"",""message_count"":0},{""name"":""/ego_robot_description"",""type"":""std_msgs/msg/String"",""message_count"":1},{""name"":""/estimated_lap_time"",""type"":""std_msgs/msg/Float32"",""message_count"":35},{""name"":""/events/write_split"",""type"":""rosbag2_interfaces/msg/WriteSplitEvent"",""message_count"":0},{""name"":""/global_waypoints"",""type"":""f110_msgs/msg/WpntArray"",""message_count"":36},{""name"":""/global_waypoints/markers"",""type"":""visualization_msgs/msg/MarkerArray"",""message_count"":35},{""name"":""/global_waypoints/shortest_path"",""type"":""f110_msgs/msg/WpntArray"",""message_count"":35},{""name"":""/goal_pose"",""type"":""geometry_msgs/msg/PoseStamped"",""message_count"":0},{""name"":""/imu/data"",""type"":""sensor_msgs/msg/Imu"",""message_count"":17507},{""name"":""/initialpose"",""type"":""geometry_msgs/msg/PoseWithCovarianceStamped"",""message_count"":0},{""name"":""/local_planning/p3_shadow"",""type"":""std_msgs/msg/String"",""message_count"":2843},{""name"":""/local_planning/path"",""type"":""nav_msgs/msg/Path"",""message_count"":2840},{""name"":""/local_planning/reference_map"",""type"":""nav_msgs/msg/OccupancyGrid"",""message_count"":1},{""name"":""/local_planning_map_server/transition_event"",""type"":""lifecycle_msgs/msg/TransitionEvent"",""message_count"":0},{""name"":""/local_waypoints"",""type"":""f110_msgs/msg/WpntArray"",""message_count"":2152},{""name"":""/local_waypoints/path"",""type"":""nav_msgs/msg/Path"",""message_count"":2153},{""name"":""/map"",""type"":""nav_msgs/msg/OccupancyGrid"",""message_count"":357},{""name"":""/map_infos"",""type"":""std_msgs/msg/String"",""message_count"":35},{""name"":""/map_server/transition_event"",""type"":""lifecycle_msgs/msg/TransitionEvent"",""message_count"":0},{""name"":""/opp_obs"",""type"":""f110_msgs/msg/ObstacleArray"",""message_count"":17346},{""name"":""/opp_obs/markers"",""type"":""visualization_msgs/msg/MarkerArray"",""message_count"":17342},{""name"":""/parameter_events"",""type"":""rcl_interfaces/msg/ParameterEvent"",""message_count"":0},{""name"":""/particle_filter_map_server/transition_event"",""type"":""lifecycle_msgs/msg/TransitionEvent"",""message_count"":0},{""name"":""/pf/pose/odom"",""type"":""nav_msgs/msg/Odometry"",""message_count"":2145},{""name"":""/pf/viz/inferred_pose"",""type"":""geometry_msgs/msg/PoseStamped"",""message_count"":2145},{""name"":""/pf/viz/particles"",""type"":""geometry_msgs/msg/PoseArray"",""message_count"":2145},{""name"":""/rosout"",""type"":""rcl_interfaces/msg/Log"",""message_count"":448},{""name"":""/scan"",""type"":""sensor_msgs/msg/LaserScan"",""message_count"":17640},{""name"":""/state"",""type"":""f110_msgs/msg/StateMachine"",""message_count"":711},{""name"":""/static_obs"",""type"":""f110_msgs/msg/ObstacleArray"",""message_count"":17347},{""name"":""/static_obs/markers"",""type"":""visualization_msgs/msg/MarkerArray"",""message_count"":17342},{""name"":""/tf"",""type"":""tf2_msgs/msg/TFMessage"",""message_count"":70724},{""name"":""/tf_static"",""type"":""tf2_msgs/msg/TFMessage"",""message_count"":1},{""name"":""/trackbounds/markers"",""type"":""visualization_msgs/msg/MarkerArray"",""message_count"":35}]","[{""path"":""rosbag2_2026_08_16-11_16_04_0.mcap"",""exists"":true,""size_bytes"":338587340}]",cc43bce87ce36a0043378e6317530176fd5ee516d26c488c288cf78de1e725e5,d3fd2b085b59e42eb9f326236b9af692ed8d58d93cce4e9bffce57e058aa255e,,False,True
rosbag_research_inventory/1,/home/sungho/.local/share/Trash/files/rosbag2_2026_08_16-11_26_49,rosbag2_2026_08_16-11_26_49,mcap,49.168067493,238154951,179044,47,1786847209882276407,1786847259050343900,"[{""name"":""/avoid_waypoints"",""type"":""f110_msgs/msg/OTWpntArray"",""message_count"":1869},{""name"":""/bond"",""type"":""bond/msg/Status"",""message_count"":1924},{""name"":""/car_state/frenet/odom"",""type"":""nav_msgs/msg/Odometry"",""message_count"":1487},{""name"":""/centerline_waypoints"",""type"":""f110_msgs/msg/WpntArray"",""message_count"":24},{""name"":""/centerline_waypoints/markers"",""type"":""visualization_msgs/msg/MarkerArray"",""message_count"":24},{""name"":""/clicked_point"",""type"":""geometry_msgs/msg/PointStamped"",""message_count"":0},{""name"":""/confirmed_static_obs"",""type"":""f110_msgs/msg/ObstacleArray"",""message_count"":11491},{""name"":""/debug/l1_lookahead"",""type"":""visualization_msgs/msg/MarkerArray"",""message_count"":2452},{""name"":""/diagnostics"",""type"":""diagnostic_msgs/msg/DiagnosticArray"",""message_count"":49},{""name"":""/drive"",""type"":""ackermann_msgs/msg/AckermannDriveStamped"",""message_count"":2337},{""name"":""/drive_autonomous"",""type"":""ackermann_msgs/msg/AckermannDriveStamped"",""message_count"":2452},{""name"":""/ego_racecar/collision"",""type"":""std_msgs/msg/Bool"",""message_count"":12047},{""name"":""/ego_racecar/odom"",""type"":""nav_msgs/msg/Odometry"",""message_count"":12048},{""name"":""/ego_racecar/scan_identity"",""type"":""std_msgs/msg/String"",""message_count"":0},{""name"":""/ego_robot_description"",""type"":""std_msgs/msg/String"",""message_count"":1},{""name"":""/estimated_lap_time"",""type"":""std_msgs/msg/Float32"",""message_count"":24},{""name"":""/events/write_split"",""type"":""rosbag2_interfaces/msg/WriteSplitEvent"",""message_count"":0},{""name"":""/global_waypoints"",""type"":""f110_msgs/msg/WpntArray"",""message_count"":25},{""name"":""/global_waypoints/markers"",""type"":""visualization_msgs/msg/MarkerArray"",""message_count"":24},{""name"":""/global_waypoints/shortest_path"",""type"":""f110_msgs/msg/WpntArray"",""message_count"":24},{""name"":""/goal_pose"",""type"":""geometry_msgs/msg/PoseStamped"",""message_count"":0},{""name"":""/imu/data"",""type"":""sensor_msgs/msg/Imu"",""message_count"":12176},{""name"":""/initialpose"",""type"":""geometry_msgs/msg/PoseWithCovarianceStamped"",""message_count"":0},{""name"":""/local_planning/p3_shadow"",""type"":""std_msgs/msg/String"",""message_count"":1870},{""name"":""/local_planning/path"",""type"":""nav_msgs/msg/Path"",""message_count"":1870},{""name"":""/local_planning/reference_map"",""type"":""nav_msgs/msg/OccupancyGrid"",""message_count"":1},{""name"":""/local_planning_map_server/transition_event"",""type"":""lifecycle_msgs/msg/TransitionEvent"",""message_count"":0},{""name"":""/local_waypoints"",""type"":""f110_msgs/msg/WpntArray"",""message_count"":1463},{""name"":""/local_waypoints/path"",""type"":""nav_msgs/msg/Path"",""message_count"":1464},{""name"":""/map"",""type"":""nav_msgs/msg/OccupancyGrid"",""message_count"":244},{""name"":""/map_infos"",""type"":""std_msgs/msg/String"",""message_count"":24},{""name"":""/map_server/transition_event"",""type"":""lifecycle_msgs/msg/TransitionEvent"",""message_count"":0},{""name"":""/opp_obs"",""type"":""f110_msgs/msg/ObstacleArray"",""message_count"":11490},{""name"":""/opp_obs/markers"",""type"":""visualization_msgs/msg/MarkerArray"",""message_count"":11490},{""name"":""/parameter_events"",""type"":""rcl_interfaces/msg/ParameterEvent"",""message_count"":0},{""name"":""/particle_filter_map_server/transition_event"",""type"":""lifecycle_msgs/msg/TransitionEvent"",""message_count"":0},{""name"":""/pf/pose/odom"",""type"":""nav_msgs/msg/Odometry"",""message_count"":1464},{""name"":""/pf/viz/inferred_pose"",""type"":""geometry_msgs/msg/PoseStamped"",""message_count"":1463},{""name"":""/pf/viz/particles"",""type"":""geometry_msgs/msg/PoseArray"",""message_count"":1464},{""name"":""/rosout"",""type"":""rcl_interfaces/msg/Log"",""message_count"":310},{""name"":""/scan"",""type"":""sensor_msgs/msg/LaserScan"",""message_count"":12049},{""name"":""/state"",""type"":""f110_msgs/msg/StateMachine"",""message_count"":483},{""name"":""/static_obs"",""type"":""f110_msgs/msg/ObstacleArray"",""message_count"":11491},{""name"":""/static_obs/markers"",""type"":""visualization_msgs/msg/MarkerArray"",""message_count"":11489},{""name"":""/tf"",""type"":""tf2_msgs/msg/TFMessage"",""message_count"":48412},{""name"":""/tf_static"",""type"":""tf2_msgs/msg/TFMessage"",""message_count"":1},{""name"":""/trackbounds/markers"",""type"":""visualization_msgs/msg/MarkerArray"",""message_count"":24}]","[{""path"":""rosbag2_2026_08_16-11_26_49_0.mcap"",""exists"":true,""size_bytes"":238154951}]",c14e366149cfd9359254455767d8b3d3aa9ecbfcdb7e7baf196561e6717225c1,ff6417139dfe973f4326b145b435d841e0f079f66b7af527c80e44a207377722,,False,True
rosbag_research_inventory/1,/home/sungho/.local/share/Trash/files/rosbag2_2026_08_16-11_28_28,rosbag2_2026_08_16-11_28_28,mcap,50.740891073,240195741,188043,47,1786847308216866700,1786847358957757773,"[{""name"":""/avoid_waypoints"",""type"":""f110_msgs/msg/OTWpntArray"",""message_count"":2014},{""name"":""/bond"",""type"":""bond/msg/Status"",""message_count"":2022},{""name"":""/car_state/frenet/odom"",""type"":""nav_msgs/msg/Odometry"",""message_count"":1527},{""name"":""/centerline_waypoints"",""type"":""f110_msgs/msg/WpntArray"",""message_count"":25},{""name"":""/centerline_waypoints/markers"",""type"":""visualization_msgs/msg/MarkerArray"",""message_count"":25},{""name"":""/clicked_point"",""type"":""geometry_msgs/msg/PointStamped"",""message_count"":0},{""name"":""/confirmed_static_obs"",""type"":""f110_msgs/msg/ObstacleArray"",""message_count"":12298},{""name"":""/debug/l1_lookahead"",""type"":""visualization_msgs/msg/MarkerArray"",""message_count"":2482},{""name"":""/diagnostics"",""type"":""diagnostic_msgs/msg/DiagnosticArray"",""message_count"":51},{""name"":""/drive"",""type"":""ackermann_msgs/msg/AckermannDriveStamped"",""message_count"":2482},{""name"":""/drive_autonomous"",""type"":""ackermann_msgs/msg/AckermannDriveStamped"",""message_count"":2482},{""name"":""/ego_racecar/collision"",""type"":""std_msgs/msg/Bool"",""message_count"":12581},{""name"":""/ego_racecar/odom"",""type"":""nav_msgs/msg/Odometry"",""message_count"":12583},{""name"":""/ego_racecar/scan_identity"",""type"":""std_msgs/msg/String"",""message_count"":0},{""name"":""/ego_robot_description"",""type"":""std_msgs/msg/String"",""message_count"":1},{""name"":""/estimated_lap_time"",""type"":""std_msgs/msg/Float32"",""message_count"":25},{""name"":""/events/write_split"",""type"":""rosbag2_interfaces/msg/WriteSplitEvent"",""message_count"":0},{""name"":""/global_waypoints"",""type"":""f110_msgs/msg/WpntArray"",""message_count"":26},{""name"":""/global_waypoints/markers"",""type"":""visualization_msgs/msg/MarkerArray"",""message_count"":25},{""name"":""/global_waypoints/shortest_path"",""type"":""f110_msgs/msg/WpntArray"",""message_count"":25},{""name"":""/goal_pose"",""type"":""geometry_msgs/msg/PoseStamped"",""message_count"":0},{""name"":""/imu/data"",""type"":""sensor_msgs/msg/Imu"",""message_count"":12403},{""name"":""/initialpose"",""type"":""geometry_msgs/msg/PoseWithCovarianceStamped"",""message_count"":0},{""name"":""/local_planning/p3_shadow"",""type"":""std_msgs/msg/String"",""message_count"":2015},{""name"":""/local_planning/path"",""type"":""nav_msgs/msg/Path"",""message_count"":2015},{""name"":""/local_planning/reference_map"",""type"":""nav_msgs/msg/OccupancyGrid"",""message_count"":1},{""name"":""/local_planning_map_server/transition_event"",""type"":""lifecycle_msgs/msg/TransitionEvent"",""message_count"":0},{""name"":""/local_waypoints"",""type"":""f110_msgs/msg/WpntArray"",""message_count"":1526},{""name"":""/local_waypoints/path"",""type"":""nav_msgs/msg/Path"",""message_count"":1527},{""name"":""/map"",""type"":""nav_msgs/msg/OccupancyGrid"",""message_count"":255},{""name"":""/map_infos"",""type"":""std_msgs/msg/String"",""message_count"":25},{""name"":""/map_server/transition_event"",""type"":""lifecycle_msgs/msg/TransitionEvent"",""message_count"":0},{""name"":""/opp_obs"",""type"":""f110_msgs/msg/ObstacleArray"",""message_count"":12303},{""name"":""/opp_obs/markers"",""type"":""visualization_msgs/msg/MarkerArray"",""message_count"":12298},{""name"":""/parameter_events"",""type"":""rcl_interfaces/msg/ParameterEvent"",""message_count"":0},{""name"":""/particle_filter_map_server/transition_event"",""type"":""lifecycle_msgs/msg/TransitionEvent"",""message_count"":0},{""name"":""/pf/pose/odom"",""type"":""nav_msgs/msg/Odometry"",""message_count"":1526},{""name"":""/pf/viz/inferred_pose"",""type"":""geometry_msgs/msg/PoseStamped"",""message_count"":1526},{""name"":""/pf/viz/particles"",""type"":""geometry_msgs/msg/PoseArray"",""message_count"":1527},{""name"":""/rosout"",""type"":""rcl_interfaces/msg/Log"",""message_count"":359},{""name"":""/scan"",""type"":""sensor_msgs/msg/LaserScan"",""message_count"":12583},{""name"":""/state"",""type"":""f110_msgs/msg/StateMachine"",""message_count"":505},{""name"":""/static_obs"",""type"":""f110_msgs/msg/ObstacleArray"",""message_count"":12298},{""name"":""/static_obs/markers"",""type"":""visualization_msgs/msg/MarkerArray"",""message_count"":12299},{""name"":""/tf"",""type"":""tf2_msgs/msg/TFMessage"",""message_count"":50352},{""name"":""/tf_static"",""type"":""tf2_msgs/msg/TFMessage"",""message_count"":1},{""name"":""/trackbounds/markers"",""type"":""visualization_msgs/msg/MarkerArray"",""message_count"":25}]","[{""path"":""rosbag2_2026_08_16-11_28_28_0.mcap"",""exists"":true,""size_bytes"":240195741}]",b6f2a7b10926acb5a53b699ed21926ecd10cf61070ce48bf605d480e8cc3b759,db51baf5f6e47c415576007d2df2b96f3342fe17272430645b7add65901bc4ba,,False,True
rosbag_research_inventory/1,/home/sungho/.local/share/Trash/files/rosbag2_2026_08_16-13_13_13,rosbag2_2026_08_16-13_13_13,mcap,23.744694207,93591875,86022,47,1786853593494649919,1786853617239344126,"[{""name"":""/avoid_waypoints"",""type"":""f110_msgs/msg/OTWpntArray"",""message_count"":899},{""name"":""/bond"",""type"":""bond/msg/Status"",""message_count"":935},{""name"":""/car_state/frenet/odom"",""type"":""nav_msgs/msg/Odometry"",""message_count"":679},{""name"":""/centerline_waypoints"",""type"":""f110_msgs/msg/WpntArray"",""message_count"":12},{""name"":""/centerline_waypoints/markers"",""type"":""visualization_msgs/msg/MarkerArray"",""message_count"":12},{""name"":""/clicked_point"",""type"":""geometry_msgs/msg/PointStamped"",""message_count"":0},{""name"":""/confirmed_static_obs"",""type"":""f110_msgs/msg/ObstacleArray"",""message_count"":5685},{""name"":""/debug/l1_lookahead"",""type"":""visualization_msgs/msg/MarkerArray"",""message_count"":1056},{""name"":""/diagnostics"",""type"":""diagnostic_msgs/msg/DiagnosticArray"",""message_count"":24},{""name"":""/drive"",""type"":""ackermann_msgs/msg/AckermannDriveStamped"",""message_count"":1046},{""name"":""/drive_autonomous"",""type"":""ackermann_msgs/msg/AckermannDriveStamped"",""message_count"":1063},{""name"":""/ego_racecar/collision"",""type"":""std_msgs/msg/Bool"",""message_count"":5807},{""name"":""/ego_racecar/odom"",""type"":""nav_msgs/msg/Odometry"",""message_count"":5805},{""name"":""/ego_racecar/scan_identity"",""type"":""std_msgs/msg/String"",""message_count"":0},{""name"":""/ego_robot_description"",""type"":""std_msgs/msg/String"",""message_count"":1},{""name"":""/estimated_lap_time"",""type"":""std_msgs/msg/Float32"",""message_count"":12},{""name"":""/events/write_split"",""type"":""rosbag2_interfaces/msg/WriteSplitEvent"",""message_count"":0},{""name"":""/global_waypoints"",""type"":""f110_msgs/msg/WpntArray"",""message_count"":13},{""name"":""/global_waypoints/markers"",""type"":""visualization_msgs/msg/MarkerArray"",""message_count"":12},{""name"":""/global_waypoints/shortest_path"",""type"":""f110_msgs/msg/WpntArray"",""message_count"":12},{""name"":""/goal_pose"",""type"":""geometry_msgs/msg/PoseStamped"",""message_count"":0},{""name"":""/imu/data"",""type"":""sensor_msgs/msg/Imu"",""message_count"":5228},{""name"":""/initialpose"",""type"":""geometry_msgs/msg/PoseWithCovarianceStamped"",""message_count"":1},{""name"":""/local_planning/p3_shadow"",""type"":""std_msgs/msg/String"",""message_count"":906},{""name"":""/local_planning/path"",""type"":""nav_msgs/msg/Path"",""message_count"":899},{""name"":""/local_planning/reference_map"",""type"":""nav_msgs/msg/OccupancyGrid"",""message_count"":1},{""name"":""/local_planning_map_server/transition_event"",""type"":""lifecycle_msgs/msg/TransitionEvent"",""message_count"":0},{""name"":""/local_waypoints"",""type"":""f110_msgs/msg/WpntArray"",""message_count"":707},{""name"":""/local_waypoints/path"",""type"":""nav_msgs/msg/Path"",""message_count"":707},{""name"":""/map"",""type"":""nav_msgs/msg/OccupancyGrid"",""message_count"":119},{""name"":""/map_infos"",""type"":""std_msgs/msg/String"",""message_count"":12},{""name"":""/map_server/transition_event"",""type"":""lifecycle_msgs/msg/TransitionEvent"",""message_count"":0},{""name"":""/opp_obs"",""type"":""f110_msgs/msg/ObstacleArray"",""message_count"":5687},{""name"":""/opp_obs/markers"",""type"":""visualization_msgs/msg/MarkerArray"",""message_count"":5683},{""name"":""/parameter_events"",""type"":""rcl_interfaces/msg/ParameterEvent"",""message_count"":0},{""name"":""/particle_filter_map_server/transition_event"",""type"":""lifecycle_msgs/msg/TransitionEvent"",""message_count"":0},{""name"":""/pf/pose/odom"",""type"":""nav_msgs/msg/Odometry"",""message_count"":704},{""name"":""/pf/viz/inferred_pose"",""type"":""geometry_msgs/msg/PoseStamped"",""message_count"":705},{""name"":""/pf/viz/particles"",""type"":""geometry_msgs/msg/PoseArray"",""message_count"":705},{""name"":""/rosout"",""type"":""rcl_interfaces/msg/Log"",""message_count"":181},{""name"":""/scan"",""type"":""sensor_msgs/msg/LaserScan"",""message_count"":5808},{""name"":""/state"",""type"":""f110_msgs/msg/StateMachine"",""message_count"":235},{""name"":""/static_obs"",""type"":""f110_msgs/msg/ObstacleArray"",""message_count"":5682},{""name"":""/static_obs/markers"",""type"":""visualization_msgs/msg/MarkerArray"",""message_count"":5682},{""name"":""/tf"",""type"":""tf2_msgs/msg/TFMessage"",""message_count"":23284},{""name"":""/tf_static"",""type"":""tf2_msgs/msg/TFMessage"",""message_count"":1},{""name"":""/trackbounds/markers"",""type"":""visualization_msgs/msg/MarkerArray"",""message_count"":12}]","[{""path"":""rosbag2_2026_08_16-13_13_13_0.mcap"",""exists"":true,""size_bytes"":93591875}]",bead60e1594f6aaf356434c86b9ccab773fc91b75f33c3fdb06ac88073a626c0,187887baf60790f087a82d1304f8c9d984967ce93ace1b1eba37d714504ff464,,False,True
rosbag_research_inventory/1,/home/sungho/.local/share/Trash/files/rosbag2_2026_08_16-13_20_09,rosbag2_2026_08_16-13_20_09,mcap,93.750289458,364503572,347083,47,1786854009978016752,1786854103728306210,"[{""name"":""/avoid_waypoints"",""type"":""f110_msgs/msg/OTWpntArray"",""message_count"":3738},{""name"":""/bond"",""type"":""bond/msg/Status"",""message_count"":3725},{""name"":""/car_state/frenet/odom"",""type"":""nav_msgs/msg/Odometry"",""message_count"":2813},{""name"":""/centerline_waypoints"",""type"":""f110_msgs/msg/WpntArray"",""message_count"":46},{""name"":""/centerline_waypoints/markers"",""type"":""visualization_msgs/msg/MarkerArray"",""message_count"":46},{""name"":""/clicked_point"",""type"":""geometry_msgs/msg/PointStamped"",""message_count"":0},{""name"":""/confirmed_static_obs"",""type"":""f110_msgs/msg/ObstacleArray"",""message_count"":23260},{""name"":""/debug/l1_lookahead"",""type"":""visualization_msgs/msg/MarkerArray"",""message_count"":4392},{""name"":""/diagnostics"",""type"":""diagnostic_msgs/msg/DiagnosticArray"",""message_count"":93},{""name"":""/drive"",""type"":""ackermann_msgs/msg/AckermannDriveStamped"",""message_count"":4425},{""name"":""/drive_autonomous"",""type"":""ackermann_msgs/msg/AckermannDriveStamped"",""message_count"":4459},{""name"":""/ego_racecar/collision"",""type"":""std_msgs/msg/Bool"",""message_count"":22976},{""name"":""/ego_racecar/odom"",""type"":""nav_msgs/msg/Odometry"",""message_count"":22976},{""name"":""/ego_racecar/scan_identity"",""type"":""std_msgs/msg/String"",""message_count"":0},{""name"":""/ego_robot_description"",""type"":""std_msgs/msg/String"",""message_count"":1},{""name"":""/estimated_lap_time"",""type"":""std_msgs/msg/Float32"",""message_count"":46},{""name"":""/events/write_split"",""type"":""rosbag2_interfaces/msg/WriteSplitEvent"",""message_count"":0},{""name"":""/global_waypoints"",""type"":""f110_msgs/msg/WpntArray"",""message_count"":47},{""name"":""/global_waypoints/markers"",""type"":""visualization_msgs/msg/MarkerArray"",""message_count"":46},{""name"":""/global_waypoints/shortest_path"",""type"":""f110_msgs/msg/WpntArray"",""message_count"":46},{""name"":""/goal_pose"",""type"":""geometry_msgs/msg/PoseStamped"",""message_count"":0},{""name"":""/imu/data"",""type"":""sensor_msgs/msg/Imu"",""message_count"":22296},{""name"":""/initialpose"",""type"":""geometry_msgs/msg/PoseWithCovarianceStamped"",""message_count"":6},{""name"":""/local_planning/p3_shadow"",""type"":""std_msgs/msg/String"",""message_count"":3745},{""name"":""/local_planning/path"",""type"":""nav_msgs/msg/Path"",""message_count"":3738},{""name"":""/local_planning/reference_map"",""type"":""nav_msgs/msg/OccupancyGrid"",""message_count"":1},{""name"":""/local_planning_map_server/transition_event"",""type"":""lifecycle_msgs/msg/TransitionEvent"",""message_count"":0},{""name"":""/local_waypoints"",""type"":""f110_msgs/msg/WpntArray"",""message_count"":2810},{""name"":""/local_waypoints/path"",""type"":""nav_msgs/msg/Path"",""message_count"":2810},{""name"":""/map"",""type"":""nav_msgs/msg/OccupancyGrid"",""message_count"":463},{""name"":""/map_infos"",""type"":""std_msgs/msg/String"",""message_count"":46},{""name"":""/map_server/transition_event"",""type"":""lifecycle_msgs/msg/TransitionEvent"",""message_count"":0},{""name"":""/opp_obs"",""type"":""f110_msgs/msg/ObstacleArray"",""message_count"":23260},{""name"":""/opp_obs/markers"",""type"":""visualization_msgs/msg/MarkerArray"",""message_count"":23260},{""name"":""/parameter_events"",""type"":""rcl_interfaces/msg/ParameterEvent"",""message_count"":0},{""name"":""/particle_filter_map_server/transition_event"",""type"":""lifecycle_msgs/msg/TransitionEvent"",""message_count"":0},{""name"":""/pf/pose/odom"",""type"":""nav_msgs/msg/Odometry"",""message_count"":2794},{""name"":""/pf/viz/inferred_pose"",""type"":""geometry_msgs/msg/PoseStamped"",""message_count"":2800},{""name"":""/pf/viz/particles"",""type"":""geometry_msgs/msg/PoseArray"",""message_count"":2800},{""name"":""/rosout"",""type"":""rcl_interfaces/msg/Log"",""message_count"":629},{""name"":""/scan"",""type"":""sensor_msgs/msg/LaserScan"",""message_count"":22979},{""name"":""/state"",""type"":""f110_msgs/msg/StateMachine"",""message_count"":936},{""name"":""/static_obs"",""type"":""f110_msgs/msg/ObstacleArray"",""message_count"":23260},{""name"":""/static_obs/markers"",""type"":""visualization_msgs/msg/MarkerArray"",""message_count"":23257},{""name"":""/tf"",""type"":""tf2_msgs/msg/TFMessage"",""message_count"":92011},{""name"":""/tf_static"",""type"":""tf2_msgs/msg/TFMessage"",""message_count"":1},{""name"":""/trackbounds/markers"",""type"":""visualization_msgs/msg/MarkerArray"",""message_count"":46}]","[{""path"":""rosbag2_2026_08_16-13_20_09_0.mcap"",""exists"":true,""size_bytes"":364503572}]",99b33861c029ca02861385b68516f50ddb633a5ea676de41c3452375da73e3e6,6562accf4900a3dfe66df2aa03d1d638721c3e357d02d0a01a6221c407344e9a,,False,True
rosbag_research_inventory/1,/home/sungho/.local/share/Trash/files/rosbag2_2026_08_17-01_55_01,rosbag2_2026_08_17-01_55_01,mcap,89.414310729,365881638,335398,49,1786899301022179356,1786899390436490085,"[{""name"":""/avoid_waypoints"",""type"":""f110_msgs/msg/OTWpntArray"",""message_count"":3536},{""name"":""/bond"",""type"":""bond/msg/Status"",""message_count"":3546},{""name"":""/car_state/frenet/odom"",""type"":""nav_msgs/msg/Odometry"",""message_count"":2677},{""name"":""/centerline_waypoints"",""type"":""f110_msgs/msg/WpntArray"",""message_count"":44},{""name"":""/centerline_waypoints/markers"",""type"":""visualization_msgs/msg/MarkerArray"",""message_count"":44},{""name"":""/clicked_point"",""type"":""geometry_msgs/msg/PointStamped"",""message_count"":0},{""name"":""/confirmed_static_obs"",""type"":""f110_msgs/msg/ObstacleArray"",""message_count"":22105},{""name"":""/cruise/gap_data"",""type"":""f110_msgs/msg/GapData"",""message_count"":0},{""name"":""/cruise_speed_limit"",""type"":""std_msgs/msg/Float64"",""message_count"":4341},{""name"":""/debug/l1_lookahead"",""type"":""visualization_msgs/msg/MarkerArray"",""message_count"":4240},{""name"":""/diagnostics"",""type"":""diagnostic_msgs/msg/DiagnosticArray"",""message_count"":89},{""name"":""/drive"",""type"":""ackermann_msgs/msg/AckermannDriveStamped"",""message_count"":4318},{""name"":""/drive_autonomous"",""type"":""ackermann_msgs/msg/AckermannDriveStamped"",""message_count"":4240},{""name"":""/ego_racecar/collision"",""type"":""std_msgs/msg/Bool"",""message_count"":21906},{""name"":""/ego_racecar/odom"",""type"":""nav_msgs/msg/Odometry"",""message_count"":21910},{""name"":""/ego_racecar/scan_identity"",""type"":""std_msgs/msg/String"",""message_count"":0},{""name"":""/ego_robot_description"",""type"":""std_msgs/msg/String"",""message_count"":1},{""name"":""/estimated_lap_time"",""type"":""std_msgs/msg/Float32"",""message_count"":44},{""name"":""/events/write_split"",""type"":""rosbag2_interfaces/msg/WriteSplitEvent"",""message_count"":0},{""name"":""/global_waypoints"",""type"":""f110_msgs/msg/WpntArray"",""message_count"":45},{""name"":""/global_waypoints/markers"",""type"":""visualization_msgs/msg/MarkerArray"",""message_count"":44},{""name"":""/global_waypoints/shortest_path"",""type"":""f110_msgs/msg/WpntArray"",""message_count"":44},{""name"":""/goal_pose"",""type"":""geometry_msgs/msg/PoseStamped"",""message_count"":0},{""name"":""/imu/data"",""type"":""sensor_msgs/msg/Imu"",""message_count"":21695},{""name"":""/initialpose"",""type"":""geometry_msgs/msg/PoseWithCovarianceStamped"",""message_count"":2},{""name"":""/local_planning/p3_shadow"",""type"":""std_msgs/msg/String"",""message_count"":3541},{""name"":""/local_planning/path"",""type"":""nav_msgs/msg/Path"",""message_count"":3537},{""name"":""/local_planning/reference_map"",""type"":""nav_msgs/msg/OccupancyGrid"",""message_count"":1},{""name"":""/local_planning_map_server/transition_event"",""type"":""lifecycle_msgs/msg/TransitionEvent"",""message_count"":0},{""name"":""/local_waypoints"",""type"":""f110_msgs/msg/WpntArray"",""message_count"":2673},{""name"":""/local_waypoints/path"",""type"":""nav_msgs/msg/Path"",""message_count"":2673},{""name"":""/map"",""type"":""nav_msgs/msg/OccupancyGrid"",""message_count"":446},{""name"":""/map_infos"",""type"":""std_msgs/msg/String"",""message_count"":44},{""name"":""/map_server/transition_event"",""type"":""lifecycle_msgs/msg/TransitionEvent"",""message_count"":0},{""name"":""/opp_obs"",""type"":""f110_msgs/msg/ObstacleArray"",""message_count"":22017},{""name"":""/opp_obs/markers"",""type"":""visualization_msgs/msg/MarkerArray"",""message_count"":22017},{""name"":""/parameter_events"",""type"":""rcl_interfaces/msg/ParameterEvent"",""message_count"":0},{""name"":""/particle_filter_map_server/transition_event"",""type"":""lifecycle_msgs/msg/TransitionEvent"",""message_count"":0},{""name"":""/pf/pose/odom"",""type"":""nav_msgs/msg/Odometry"",""message_count"":2680},{""name"":""/pf/viz/inferred_pose"",""type"":""geometry_msgs/msg/PoseStamped"",""message_count"":2681},{""name"":""/pf/viz/particles"",""type"":""geometry_msgs/msg/PoseArray"",""message_count"":2681},{""name"":""/rosout"",""type"":""rcl_interfaces/msg/Log"",""message_count"":819},{""name"":""/scan"",""type"":""sensor_msgs/msg/LaserScan"",""message_count"":21908},{""name"":""/state"",""type"":""f110_msgs/msg/StateMachine"",""message_count"":886},{""name"":""/static_obs"",""type"":""f110_msgs/msg/ObstacleArray"",""message_count"":22017},{""name"":""/static_obs/markers"",""type"":""visualization_msgs/msg/MarkerArray"",""message_count"":22017},{""name"":""/tf"",""type"":""tf2_msgs/msg/TFMessage"",""message_count"":87844},{""name"":""/tf_static"",""type"":""tf2_msgs/msg/TFMessage"",""message_count"":1},{""name"":""/trackbounds/markers"",""type"":""visualization_msgs/msg/MarkerArray"",""message_count"":44}]","[{""path"":""rosbag2_2026_08_17-01_55_01_0.mcap"",""exists"":true,""size_bytes"":365881638}]",c63dc8116d3f40256dfbd62175031097b6824fe61566d54067b68e7cab248b77,f201da8753f9e3fc10eb58ae16911147c33c61a26e90486e434834ff6f05454f,,False,True
rosbag_research_inventory/1,/home/sungho/.local/share/Trash/files/rosbag2_2026_08_17-10_18_51,rosbag2_2026_08_17-10_18_51,mcap,150.697683164,598692107,555105,49,1786929531098223794,1786929681795906958,"[{""name"":""/avoid_waypoints"",""type"":""f110_msgs/msg/OTWpntArray"",""message_count"":6015},{""name"":""/bond"",""type"":""bond/msg/Status"",""message_count"":6024},{""name"":""/car_state/frenet/odom"",""type"":""nav_msgs/msg/Odometry"",""message_count"":4557},{""name"":""/centerline_waypoints"",""type"":""f110_msgs/msg/WpntArray"",""message_count"":75},{""name"":""/centerline_waypoints/markers"",""type"":""visualization_msgs/msg/MarkerArray"",""message_count"":75},{""name"":""/clicked_point"",""type"":""geometry_msgs/msg/PointStamped"",""message_count"":0},{""name"":""/confirmed_static_obs"",""type"":""f110_msgs/msg/ObstacleArray"",""message_count"":34158},{""name"":""/cruise/gap_data"",""type"":""f110_msgs/msg/GapData"",""message_count"":0},{""name"":""/cruise_speed_limit"",""type"":""std_msgs/msg/Float64"",""message_count"":7337},{""name"":""/debug/l1_lookahead"",""type"":""visualization_msgs/msg/MarkerArray"",""message_count"":7312},{""name"":""/diagnostics"",""type"":""diagnostic_msgs/msg/DiagnosticArray"",""message_count"":150},{""name"":""/drive"",""type"":""ackermann_msgs/msg/AckermannDriveStamped"",""message_count"":7358},{""name"":""/drive_autonomous"",""type"":""ackermann_msgs/msg/AckermannDriveStamped"",""message_count"":7352},{""name"":""/ego_racecar/collision"",""type"":""std_msgs/msg/Bool"",""message_count"":37504},{""name"":""/ego_racecar/odom"",""type"":""nav_msgs/msg/Odometry"",""message_count"":37503},{""name"":""/ego_racecar/scan_identity"",""type"":""std_msgs/msg/String"",""message_count"":0},{""name"":""/ego_robot_description"",""type"":""std_msgs/msg/String"",""message_count"":1},{""name"":""/estimated_lap_time"",""type"":""std_msgs/msg/Float32"",""message_count"":75},{""name"":""/events/write_split"",""type"":""rosbag2_interfaces/msg/WriteSplitEvent"",""message_count"":0},{""name"":""/global_waypoints"",""type"":""f110_msgs/msg/WpntArray"",""message_count"":76},{""name"":""/global_waypoints/markers"",""type"":""visualization_msgs/msg/MarkerArray"",""message_count"":75},{""name"":""/global_waypoints/shortest_path"",""type"":""f110_msgs/msg/WpntArray"",""message_count"":75},{""name"":""/goal_pose"",""type"":""geometry_msgs/msg/PoseStamped"",""message_count"":0},{""name"":""/imu/data"",""type"":""sensor_msgs/msg/Imu"",""message_count"":36673},{""name"":""/initialpose"",""type"":""geometry_msgs/msg/PoseWithCovarianceStamped"",""message_count"":6},{""name"":""/local_planning/p3_shadow"",""type"":""std_msgs/msg/String"",""message_count"":6014},{""name"":""/local_planning/path"",""type"":""nav_msgs/msg/Path"",""message_count"":6015},{""name"":""/local_planning/reference_map"",""type"":""nav_msgs/msg/OccupancyGrid"",""message_count"":1},{""name"":""/local_planning_map_server/transition_event"",""type"":""lifecycle_msgs/msg/TransitionEvent"",""message_count"":0},{""name"":""/local_waypoints"",""type"":""f110_msgs/msg/WpntArray"",""message_count"":4557},{""name"":""/local_waypoints/path"",""type"":""nav_msgs/msg/Path"",""message_count"":4557},{""name"":""/map"",""type"":""nav_msgs/msg/OccupancyGrid"",""message_count"":755},{""name"":""/map_infos"",""type"":""std_msgs/msg/String"",""message_count"":75},{""name"":""/map_server/transition_event"",""type"":""lifecycle_msgs/msg/TransitionEvent"",""message_count"":0},{""name"":""/opp_obs"",""type"":""f110_msgs/msg/ObstacleArray"",""message_count"":34162},{""name"":""/opp_obs/markers"",""type"":""visualization_msgs/msg/MarkerArray"",""message_count"":34160},{""name"":""/parameter_events"",""type"":""rcl_interfaces/msg/ParameterEvent"",""message_count"":0},{""name"":""/particle_filter_map_server/transition_event"",""type"":""lifecycle_msgs/msg/TransitionEvent"",""message_count"":0},{""name"":""/pf/pose/odom"",""type"":""nav_msgs/msg/Odometry"",""message_count"":4558},{""name"":""/pf/viz/inferred_pose"",""type"":""geometry_msgs/msg/PoseStamped"",""message_count"":4564},{""name"":""/pf/viz/particles"",""type"":""geometry_msgs/msg/PoseArray"",""message_count"":4564},{""name"":""/rosout"",""type"":""rcl_interfaces/msg/Log"",""message_count"":1297},{""name"":""/scan"",""type"":""sensor_msgs/msg/LaserScan"",""message_count"":37507},{""name"":""/state"",""type"":""f110_msgs/msg/StateMachine"",""message_count"":1507},{""name"":""/static_obs"",""type"":""f110_msgs/msg/ObstacleArray"",""message_count"":34161},{""name"":""/static_obs/markers"",""type"":""visualization_msgs/msg/MarkerArray"",""message_count"":34162},{""name"":""/tf"",""type"":""tf2_msgs/msg/TFMessage"",""message_count"":150012},{""name"":""/tf_static"",""type"":""tf2_msgs/msg/TFMessage"",""message_count"":1},{""name"":""/trackbounds/markers"",""type"":""visualization_msgs/msg/MarkerArray"",""message_count"":75}]","[{""path"":""rosbag2_2026_08_17-10_18_51_0.mcap"",""exists"":true,""size_bytes"":598692107}]",c1970c6fa4e3a8dfb5b79904a511c14482903f7d225e373762ff3c90534236ce,275a2def3b08d8fd367988d99265491f32e762f7eb71c4a15891c39f002698e1,,False,True
rosbag_research_inventory/1,/home/sungho/.local/share/Trash/files/rosbag2_2026_08_17-13_01_59,rosbag2_2026_08_17-13_01_59,mcap,46.651872561,190573978,168982,49,1786939319405297819,1786939366057170380,"[{""name"":""/avoid_waypoints"",""type"":""f110_msgs/msg/OTWpntArray"",""message_count"":1792},{""name"":""/bond"",""type"":""bond/msg/Status"",""message_count"":1834},{""name"":""/car_state/frenet/odom"",""type"":""nav_msgs/msg/Odometry"",""message_count"":1360},{""name"":""/centerline_waypoints"",""type"":""f110_msgs/msg/WpntArray"",""message_count"":23},{""name"":""/centerline_waypoints/markers"",""type"":""visualization_msgs/msg/MarkerArray"",""message_count"":23},{""name"":""/clicked_point"",""type"":""geometry_msgs/msg/PointStamped"",""message_count"":0},{""name"":""/confirmed_static_obs"",""type"":""f110_msgs/msg/ObstacleArray"",""message_count"":10981},{""name"":""/cruise/gap_data"",""type"":""f110_msgs/msg/GapData"",""message_count"":0},{""name"":""/cruise_speed_limit"",""type"":""std_msgs/msg/Float64"",""message_count"":2070},{""name"":""/debug/l1_lookahead"",""type"":""visualization_msgs/msg/MarkerArray"",""message_count"":2071},{""name"":""/diagnostics"",""type"":""diagnostic_msgs/msg/DiagnosticArray"",""message_count"":46},{""name"":""/drive"",""type"":""ackermann_msgs/msg/AckermannDriveStamped"",""message_count"":2083},{""name"":""/drive_autonomous"",""type"":""ackermann_msgs/msg/AckermannDriveStamped"",""message_count"":2071},{""name"":""/ego_racecar/collision"",""type"":""std_msgs/msg/Bool"",""message_count"":11143},{""name"":""/ego_racecar/odom"",""type"":""nav_msgs/msg/Odometry"",""message_count"":11162},{""name"":""/ego_racecar/scan_identity"",""type"":""std_msgs/msg/String"",""message_count"":0},{""name"":""/ego_robot_description"",""type"":""std_msgs/msg/String"",""message_count"":1},{""name"":""/estimated_lap_time"",""type"":""std_msgs/msg/Float32"",""message_count"":23},{""name"":""/events/write_split"",""type"":""rosbag2_interfaces/msg/WriteSplitEvent"",""message_count"":0},{""name"":""/global_waypoints"",""type"":""f110_msgs/msg/WpntArray"",""message_count"":24},{""name"":""/global_waypoints/markers"",""type"":""visualization_msgs/msg/MarkerArray"",""message_count"":23},{""name"":""/global_waypoints/shortest_path"",""type"":""f110_msgs/msg/WpntArray"",""message_count"":23},{""name"":""/goal_pose"",""type"":""geometry_msgs/msg/PoseStamped"",""message_count"":0},{""name"":""/imu/data"",""type"":""sensor_msgs/msg/Imu"",""message_count"":10396},{""name"":""/initialpose"",""type"":""geometry_msgs/msg/PoseWithCovarianceStamped"",""message_count"":2},{""name"":""/local_planning/p3_shadow"",""type"":""std_msgs/msg/String"",""message_count"":1794},{""name"":""/local_planning/path"",""type"":""nav_msgs/msg/Path"",""message_count"":1792},{""name"":""/local_planning/reference_map"",""type"":""nav_msgs/msg/OccupancyGrid"",""message_count"":1},{""name"":""/local_planning_map_server/transition_event"",""type"":""lifecycle_msgs/msg/TransitionEvent"",""message_count"":0},{""name"":""/local_waypoints"",""type"":""f110_msgs/msg/WpntArray"",""message_count"":1380},{""name"":""/local_waypoints/path"",""type"":""nav_msgs/msg/Path"",""message_count"":1380},{""name"":""/map"",""type"":""nav_msgs/msg/OccupancyGrid"",""message_count"":230},{""name"":""/map_infos"",""type"":""std_msgs/msg/String"",""message_count"":23},{""name"":""/map_server/transition_event"",""type"":""lifecycle_msgs/msg/TransitionEvent"",""message_count"":0},{""name"":""/opp_obs"",""type"":""f110_msgs/msg/ObstacleArray"",""message_count"":10984},{""name"":""/opp_obs/markers"",""type"":""visualization_msgs/msg/MarkerArray"",""message_count"":10984},{""name"":""/parameter_events"",""type"":""rcl_interfaces/msg/ParameterEvent"",""message_count"":0},{""name"":""/particle_filter_map_server/transition_event"",""type"":""lifecycle_msgs/msg/TransitionEvent"",""message_count"":0},{""name"":""/pf/pose/odom"",""type"":""nav_msgs/msg/Odometry"",""message_count"":1377},{""name"":""/pf/viz/inferred_pose"",""type"":""geometry_msgs/msg/PoseStamped"",""message_count"":1379},{""name"":""/pf/viz/particles"",""type"":""geometry_msgs/msg/PoseArray"",""message_count"":1379},{""name"":""/rosout"",""type"":""rcl_interfaces/msg/Log"",""message_count"":364},{""name"":""/scan"",""type"":""sensor_msgs/msg/LaserScan"",""message_count"":11167},{""name"":""/state"",""type"":""f110_msgs/msg/StateMachine"",""message_count"":457},{""name"":""/static_obs"",""type"":""f110_msgs/msg/ObstacleArray"",""message_count"":10980},{""name"":""/static_obs/markers"",""type"":""visualization_msgs/msg/MarkerArray"",""message_count"":10984},{""name"":""/tf"",""type"":""tf2_msgs/msg/TFMessage"",""message_count"":45152},{""name"":""/tf_static"",""type"":""tf2_msgs/msg/TFMessage"",""message_count"":1},{""name"":""/trackbounds/markers"",""type"":""visualization_msgs/msg/MarkerArray"",""message_count"":23}]","[{""path"":""rosbag2_2026_08_17-13_01_59_0.mcap"",""exists"":true,""size_bytes"":190573978}]",4bcf812b212ff067a72b03de64171349c31d670e37085f478c5c6a9092b515a4,c34ea36a87e116a38cfef3c6c8b1f993bda0b31d26ddcbee6cb7edf254d2b291,,False,True
rosbag_research_inventory/1,/home/sungho/.local/share/Trash/files/rosbag2_2026_08_17-16_17_49,rosbag2_2026_08_17-16_17_49,mcap,124.560173252,553441071,467885,49,1786951069945159019,1786951194505332271,"[{""name"":""/avoid_waypoints"",""type"":""f110_msgs/msg/OTWpntArray"",""message_count"":4972},{""name"":""/bond"",""type"":""bond/msg/Status"",""message_count"":4954},{""name"":""/car_state/frenet/odom"",""type"":""nav_msgs/msg/Odometry"",""message_count"":3758},{""name"":""/centerline_waypoints"",""type"":""f110_msgs/msg/WpntArray"",""message_count"":62},{""name"":""/centerline_waypoints/markers"",""type"":""visualization_msgs/msg/MarkerArray"",""message_count"":62},{""name"":""/clicked_point"",""type"":""geometry_msgs/msg/PointStamped"",""message_count"":0},{""name"":""/confirmed_static_obs"",""type"":""f110_msgs/msg/ObstacleArray"",""message_count"":30457},{""name"":""/cruise/gap_data"",""type"":""f110_msgs/msg/GapData"",""message_count"":0},{""name"":""/cruise_speed_limit"",""type"":""std_msgs/msg/Float64"",""message_count"":6022},{""name"":""/debug/l1_lookahead"",""type"":""visualization_msgs/msg/MarkerArray"",""message_count"":5991},{""name"":""/diagnostics"",""type"":""diagnostic_msgs/msg/DiagnosticArray"",""message_count"":123},{""name"":""/drive"",""type"":""ackermann_msgs/msg/AckermannDriveStamped"",""message_count"":6058},{""name"":""/drive_autonomous"",""type"":""ackermann_msgs/msg/AckermannDriveStamped"",""message_count"":6013},{""name"":""/ego_racecar/collision"",""type"":""std_msgs/msg/Bool"",""message_count"":30788},{""name"":""/ego_racecar/odom"",""type"":""nav_msgs/msg/Odometry"",""message_count"":30787},{""name"":""/ego_racecar/scan_identity"",""type"":""std_msgs/msg/String"",""message_count"":0},{""name"":""/ego_robot_description"",""type"":""std_msgs/msg/String"",""message_count"":1},{""name"":""/estimated_lap_time"",""type"":""std_msgs/msg/Float32"",""message_count"":62},{""name"":""/events/write_split"",""type"":""rosbag2_interfaces/msg/WriteSplitEvent"",""message_count"":0},{""name"":""/global_waypoints"",""type"":""f110_msgs/msg/WpntArray"",""message_count"":63},{""name"":""/global_waypoints/markers"",""type"":""visualization_msgs/msg/MarkerArray"",""message_count"":62},{""name"":""/global_waypoints/shortest_path"",""type"":""f110_msgs/msg/WpntArray"",""message_count"":62},{""name"":""/goal_pose"",""type"":""geometry_msgs/msg/PoseStamped"",""message_count"":0},{""name"":""/imu/data"",""type"":""sensor_msgs/msg/Imu"",""message_count"":30314},{""name"":""/initialpose"",""type"":""geometry_msgs/msg/PoseWithCovarianceStamped"",""message_count"":2},{""name"":""/local_planning/p3_shadow"",""type"":""std_msgs/msg/String"",""message_count"":4978},{""name"":""/local_planning/path"",""type"":""nav_msgs/msg/Path"",""message_count"":4972},{""name"":""/local_planning/reference_map"",""type"":""nav_msgs/msg/OccupancyGrid"",""message_count"":1},{""name"":""/local_planning_map_server/transition_event"",""type"":""lifecycle_msgs/msg/TransitionEvent"",""message_count"":0},{""name"":""/local_waypoints"",""type"":""f110_msgs/msg/WpntArray"",""message_count"":3758},{""name"":""/local_waypoints/path"",""type"":""nav_msgs/msg/Path"",""message_count"":3758},{""name"":""/map"",""type"":""nav_msgs/msg/OccupancyGrid"",""message_count"":617},{""name"":""/map_infos"",""type"":""std_msgs/msg/String"",""message_count"":62},{""name"":""/map_server/transition_event"",""type"":""lifecycle_msgs/msg/TransitionEvent"",""message_count"":0},{""name"":""/opp_obs"",""type"":""f110_msgs/msg/ObstacleArray"",""message_count"":30457},{""name"":""/opp_obs/markers"",""type"":""visualization_msgs/msg/MarkerArray"",""message_count"":30457},{""name"":""/parameter_events"",""type"":""rcl_interfaces/msg/ParameterEvent"",""message_count"":0},{""name"":""/particle_filter_map_server/transition_event"",""type"":""lifecycle_msgs/msg/TransitionEvent"",""message_count"":0},{""name"":""/pf/pose/odom"",""type"":""nav_msgs/msg/Odometry"",""message_count"":3732},{""name"":""/pf/viz/inferred_pose"",""type"":""geometry_msgs/msg/PoseStamped"",""message_count"":3734},{""name"":""/pf/viz/particles"",""type"":""geometry_msgs/msg/PoseArray"",""message_count"":3734},{""name"":""/rosout"",""type"":""rcl_interfaces/msg/Log"",""message_count"":792},{""name"":""/scan"",""type"":""sensor_msgs/msg/LaserScan"",""message_count"":30788},{""name"":""/state"",""type"":""f110_msgs/msg/StateMachine"",""message_count"":1241},{""name"":""/static_obs"",""type"":""f110_msgs/msg/ObstacleArray"",""message_count"":30461},{""name"":""/static_obs/markers"",""type"":""visualization_msgs/msg/MarkerArray"",""message_count"":30456},{""name"":""/tf"",""type"":""tf2_msgs/msg/TFMessage"",""message_count"":123211},{""name"":""/tf_static"",""type"":""tf2_msgs/msg/TFMessage"",""message_count"":1},{""name"":""/trackbounds/markers"",""type"":""visualization_msgs/msg/MarkerArray"",""message_count"":62}]","[{""path"":""rosbag2_2026_08_17-16_17_49_0.mcap"",""exists"":true,""size_bytes"":553441071}]",87eddebbfd827c18c0dab1d61924fb5c061b0db5d22d60ff32db4376458bc4f6,ffe364050205bba25fc194d4286d6f77ad7e54844768d4252a79e26c279ca957,,False,True
rosbag_research_inventory/1,/home/sungho/.local/share/Trash/files/rosbag2_2026_08_17-16_44_07,rosbag2_2026_08_17-16_44_07,mcap,3.694965383,3898614,6027,49,1786952647801740425,1786952651496705808,"[{""name"":""/avoid_waypoints"",""type"":""f110_msgs/msg/OTWpntArray"",""message_count"":38},{""name"":""/bond"",""type"":""bond/msg/Status"",""message_count"":89},{""name"":""/car_state/frenet/odom"",""type"":""nav_msgs/msg/Odometry"",""message_count"":0},{""name"":""/centerline_waypoints"",""type"":""f110_msgs/msg/WpntArray"",""message_count"":1},{""name"":""/centerline_waypoints/markers"",""type"":""visualization_msgs/msg/MarkerArray"",""message_count"":1},{""name"":""/clicked_point"",""type"":""geometry_msgs/msg/PointStamped"",""message_count"":0},{""name"":""/confirmed_static_obs"",""type"":""f110_msgs/msg/ObstacleArray"",""message_count"":489},{""name"":""/cruise/gap_data"",""type"":""f110_msgs/msg/GapData"",""message_count"":0},{""name"":""/cruise_speed_limit"",""type"":""std_msgs/msg/Float64"",""message_count"":48},{""name"":""/debug/l1_lookahead"",""type"":""visualization_msgs/msg/MarkerArray"",""message_count"":48},{""name"":""/diagnostics"",""type"":""diagnostic_msgs/msg/DiagnosticArray"",""message_count"":2},{""name"":""/drive"",""type"":""ackermann_msgs/msg/AckermannDriveStamped"",""message_count"":113},{""name"":""/drive_autonomous"",""type"":""ackermann_msgs/msg/AckermannDriveStamped"",""message_count"":48},{""name"":""/ego_racecar/collision"",""type"":""std_msgs/msg/Bool"",""message_count"":341},{""name"":""/ego_racecar/odom"",""type"":""nav_msgs/msg/Odometry"",""message_count"":342},{""name"":""/ego_racecar/scan_identity"",""type"":""std_msgs/msg/String"",""message_count"":0},{""name"":""/ego_robot_description"",""type"":""std_msgs/msg/String"",""message_count"":1},{""name"":""/estimated_lap_time"",""type"":""std_msgs/msg/Float32"",""message_count"":1},{""name"":""/events/write_split"",""type"":""rosbag2_interfaces/msg/WriteSplitEvent"",""message_count"":0},{""name"":""/global_waypoints"",""type"":""f110_msgs/msg/WpntArray"",""message_count"":2},{""name"":""/global_waypoints/markers"",""type"":""visualization_msgs/msg/MarkerArray"",""message_count"":1},{""name"":""/global_waypoints/shortest_path"",""type"":""f110_msgs/msg/WpntArray"",""message_count"":1},{""name"":""/goal_pose"",""type"":""geometry_msgs/msg/PoseStamped"",""message_count"":0},{""name"":""/imu/data"",""type"":""sensor_msgs/msg/Imu"",""message_count"":490},{""name"":""/initialpose"",""type"":""geometry_msgs/msg/PoseWithCovarianceStamped"",""message_count"":0},{""name"":""/local_planning/p3_shadow"",""type"":""std_msgs/msg/String"",""message_count"":38},{""name"":""/local_planning/path"",""type"":""nav_msgs/msg/Path"",""message_count"":38},{""name"":""/local_planning/reference_map"",""type"":""nav_msgs/msg/OccupancyGrid"",""message_count"":1},{""name"":""/local_planning_map_server/transition_event"",""type"":""lifecycle_msgs/msg/TransitionEvent"",""message_count"":0},{""name"":""/local_waypoints"",""type"":""f110_msgs/msg/WpntArray"",""message_count"":0},{""name"":""/local_waypoints/path"",""type"":""nav_msgs/msg/Path"",""message_count"":0},{""name"":""/map"",""type"":""nav_msgs/msg/OccupancyGrid"",""message_count"":2},{""name"":""/map_infos"",""type"":""std_msgs/msg/String"",""message_count"":1},{""name"":""/map_server/transition_event"",""type"":""lifecycle_msgs/msg/TransitionEvent"",""message_count"":0},{""name"":""/opp_obs"",""type"":""f110_msgs/msg/ObstacleArray"",""message_count"":489},{""name"":""/opp_obs/markers"",""type"":""visualization_msgs/msg/MarkerArray"",""message_count"":488},{""name"":""/parameter_events"",""type"":""rcl_interfaces/msg/ParameterEvent"",""message_count"":0},{""name"":""/particle_filter_map_server/transition_event"",""type"":""lifecycle_msgs/msg/TransitionEvent"",""message_count"":0},{""name"":""/pf/pose/odom"",""type"":""nav_msgs/msg/Odometry"",""message_count"":0},{""name"":""/pf/viz/inferred_pose"",""type"":""geometry_msgs/msg/PoseStamped"",""message_count"":0},{""name"":""/pf/viz/particles"",""type"":""geometry_msgs/msg/PoseArray"",""message_count"":0},{""name"":""/rosout"",""type"":""rcl_interfaces/msg/Log"",""message_count"":120},{""name"":""/scan"",""type"":""sensor_msgs/msg/LaserScan"",""message_count"":342},{""name"":""/state"",""type"":""f110_msgs/msg/StateMachine"",""message_count"":32},{""name"":""/static_obs"",""type"":""f110_msgs/msg/ObstacleArray"",""message_count"":490},{""name"":""/static_obs/markers"",""type"":""visualization_msgs/msg/MarkerArray"",""message_count"":488},{""name"":""/tf"",""type"":""tf2_msgs/msg/TFMessage"",""message_count"":1440},{""name"":""/tf_static"",""type"":""tf2_msgs/msg/TFMessage"",""message_count"":1},{""name"":""/trackbounds/markers"",""type"":""visualization_msgs/msg/MarkerArray"",""message_count"":1}]","[{""path"":""rosbag2_2026_08_17-16_44_07_0.mcap"",""exists"":true,""size_bytes"":3898614}]",e96e3c0b798770c365464566a9c1cfc21695edd70da7bb9e9ace80005e8b129e,8c61cc788005e151c690fa7573964d1374b5f334e04342fa4b8b1ab034ff7019,,False,True
rosbag_research_inventory/1,/home/sungho/.local/share/Trash/files/rosbag2_2026_08_17-16_45_06,rosbag2_2026_08_17-16_45_06,mcap,166.715412017,737958178,628202,49,1786952706544808801,1786952873260220818,"[{""name"":""/avoid_waypoints"",""type"":""f110_msgs/msg/OTWpntArray"",""message_count"":6625},{""name"":""/bond"",""type"":""bond/msg/Status"",""message_count"":6628},{""name"":""/car_state/frenet/odom"",""type"":""nav_msgs/msg/Odometry"",""message_count"":5011},{""name"":""/centerline_waypoints"",""type"":""f110_msgs/msg/WpntArray"",""message_count"":84},{""name"":""/centerline_waypoints/markers"",""type"":""visualization_msgs/msg/MarkerArray"",""message_count"":84},{""name"":""/clicked_point"",""type"":""geometry_msgs/msg/PointStamped"",""message_count"":0},{""name"":""/confirmed_static_obs"",""type"":""f110_msgs/msg/ObstacleArray"",""message_count"":40592},{""name"":""/cruise/gap_data"",""type"":""f110_msgs/msg/GapData"",""message_count"":0},{""name"":""/cruise_speed_limit"",""type"":""std_msgs/msg/Float64"",""message_count"":8273},{""name"":""/debug/l1_lookahead"",""type"":""visualization_msgs/msg/MarkerArray"",""message_count"":8273},{""name"":""/diagnostics"",""type"":""diagnostic_msgs/msg/DiagnosticArray"",""message_count"":165},{""name"":""/drive"",""type"":""ackermann_msgs/msg/AckermannDriveStamped"",""message_count"":8307},{""name"":""/drive_autonomous"",""type"":""ackermann_msgs/msg/AckermannDriveStamped"",""message_count"":8273},{""name"":""/ego_racecar/collision"",""type"":""std_msgs/msg/Bool"",""message_count"":41328},{""name"":""/ego_racecar/odom"",""type"":""nav_msgs/msg/Odometry"",""message_count"":41327},{""name"":""/ego_racecar/scan_identity"",""type"":""std_msgs/msg/String"",""message_count"":0},{""name"":""/ego_robot_description"",""type"":""std_msgs/msg/String"",""message_count"":1},{""name"":""/estimated_lap_time"",""type"":""std_msgs/msg/Float32"",""message_count"":84},{""name"":""/events/write_split"",""type"":""rosbag2_interfaces/msg/WriteSplitEvent"",""message_count"":0},{""name"":""/global_waypoints"",""type"":""f110_msgs/msg/WpntArray"",""message_count"":85},{""name"":""/global_waypoints/markers"",""type"":""visualization_msgs/msg/MarkerArray"",""message_count"":84},{""name"":""/global_waypoints/shortest_path"",""type"":""f110_msgs/msg/WpntArray"",""message_count"":84},{""name"":""/goal_pose"",""type"":""geometry_msgs/msg/PoseStamped"",""message_count"":0},{""name"":""/imu/data"",""type"":""sensor_msgs/msg/Imu"",""message_count"":41436},{""name"":""/initialpose"",""type"":""geometry_msgs/msg/PoseWithCovarianceStamped"",""message_count"":0},{""name"":""/local_planning/p3_shadow"",""type"":""std_msgs/msg/String"",""message_count"":6625},{""name"":""/local_planning/path"",""type"":""nav_msgs/msg/Path"",""message_count"":6625},{""name"":""/local_planning/reference_map"",""type"":""nav_msgs/msg/OccupancyGrid"",""message_count"":1},{""name"":""/local_planning_map_server/transition_event"",""type"":""lifecycle_msgs/msg/TransitionEvent"",""message_count"":0},{""name"":""/local_waypoints"",""type"":""f110_msgs/msg/WpntArray"",""message_count"":5035},{""name"":""/local_waypoints/path"",""type"":""nav_msgs/msg/Path"",""message_count"":5035},{""name"":""/map"",""type"":""nav_msgs/msg/OccupancyGrid"",""message_count"":829},{""name"":""/map_infos"",""type"":""std_msgs/msg/String"",""message_count"":84},{""name"":""/map_server/transition_event"",""type"":""lifecycle_msgs/msg/TransitionEvent"",""message_count"":0},{""name"":""/opp_obs"",""type"":""f110_msgs/msg/ObstacleArray"",""message_count"":40594},{""name"":""/opp_obs/markers"",""type"":""visualization_msgs/msg/MarkerArray"",""message_count"":40593},{""name"":""/parameter_events"",""type"":""rcl_interfaces/msg/ParameterEvent"",""message_count"":0},{""name"":""/particle_filter_map_server/transition_event"",""type"":""lifecycle_msgs/msg/TransitionEvent"",""message_count"":0},{""name"":""/pf/pose/odom"",""type"":""nav_msgs/msg/Odometry"",""message_count"":5008},{""name"":""/pf/viz/inferred_pose"",""type"":""geometry_msgs/msg/PoseStamped"",""message_count"":5007},{""name"":""/pf/viz/particles"",""type"":""geometry_msgs/msg/PoseArray"",""message_count"":5008},{""name"":""/rosout"",""type"":""rcl_interfaces/msg/Log"",""message_count"":1106},{""name"":""/scan"",""type"":""sensor_msgs/msg/LaserScan"",""message_count"":41329},{""name"":""/state"",""type"":""f110_msgs/msg/StateMachine"",""message_count"":1662},{""name"":""/static_obs"",""type"":""f110_msgs/msg/ObstacleArray"",""message_count"":40592},{""name"":""/static_obs/markers"",""type"":""visualization_msgs/msg/MarkerArray"",""message_count"":40593},{""name"":""/tf"",""type"":""tf2_msgs/msg/TFMessage"",""message_count"":165647},{""name"":""/tf_static"",""type"":""tf2_msgs/msg/TFMessage"",""message_count"":1},{""name"":""/trackbounds/markers"",""type"":""visualization_msgs/msg/MarkerArray"",""message_count"":84}]","[{""path"":""rosbag2_2026_08_17-16_45_06_0.mcap"",""exists"":true,""size_bytes"":737958178}]",2679b95c9340c106e5a14fbd11a438eb584e3434066a0c9d32bc646c04235f11,95e6778a31735eaf2d7458409a17e97d49923042e0a88befd5865f0cd4231370,,False,True
rosbag_research_inventory/1,/home/sungho/.local/share/Trash/files/rosbag2_2026_08_18-11_09_51,rosbag2_2026_08_18-11_09_51,mcap,53.247335456,71947031,64512,59,1787018991240517376,1787019044487852832,"[{""name"":""/ackermann_cmd"",""type"":""ackermann_msgs/msg/AckermannDriveStamped"",""message_count"":2273},{""name"":""/adaptive_obstacle_map"",""type"":""f110_msgs/msg/ObstacleArray"",""message_count"":6},{""name"":""/adaptive_obstacle_map/markers"",""type"":""visualization_msgs/msg/MarkerArray"",""message_count"":6},{""name"":""/avoid_waypoints"",""type"":""f110_msgs/msg/OTWpntArray"",""message_count"":2109},{""name"":""/bond"",""type"":""bond/msg/Status"",""message_count"":1026},{""name"":""/car_state/frenet/odom"",""type"":""nav_msgs/msg/Odometry"",""message_count"":1822},{""name"":""/centerline_waypoints"",""type"":""f110_msgs/msg/WpntArray"",""message_count"":27},{""name"":""/centerline_waypoints/markers"",""type"":""visualization_msgs/msg/MarkerArray"",""message_count"":27},{""name"":""/clicked_point"",""type"":""geometry_msgs/msg/PointStamped"",""message_count"":0},{""name"":""/commands/motor/brake"",""type"":""std_msgs/msg/Float64"",""message_count"":769},{""name"":""/commands/motor/speed"",""type"":""std_msgs/msg/Float64"",""message_count"":1581},{""name"":""/commands/servo/position"",""type"":""std_msgs/msg/Float64"",""message_count"":2238},{""name"":""/confirmed_static_obs"",""type"":""f110_msgs/msg/ObstacleArray"",""message_count"":2066},{""name"":""/debug/l1_lookahead"",""type"":""visualization_msgs/msg/MarkerArray"",""message_count"":2568},{""name"":""/diagnostics"",""type"":""diagnostic_msgs/msg/DiagnosticArray"",""message_count"":309},{""name"":""/drive"",""type"":""ackermann_msgs/msg/AckermannDriveStamped"",""message_count"":2547},{""name"":""/drive_autonomous"",""type"":""ackermann_msgs/msg/AckermannDriveStamped"",""message_count"":2570},{""name"":""/drive_mode"",""type"":""std_msgs/msg/String"",""message_count"":1032},{""name"":""/estimated_lap_time"",""type"":""std_msgs/msg/Float32"",""message_count"":27},{""name"":""/estop_lock"",""type"":""std_msgs/msg/Bool"",""message_count"":1032},{""name"":""/events/write_split"",""type"":""rosbag2_interfaces/msg/WriteSplitEvent"",""message_count"":0},{""name"":""/global_waypoints"",""type"":""f110_msgs/msg/WpntArray"",""message_count"":28},{""name"":""/global_waypoints/markers"",""type"":""visualization_msgs/msg/MarkerArray"",""message_count"":27},{""name"":""/global_waypoints/shortest_path"",""type"":""f110_msgs/msg/WpntArray"",""message_count"":27},{""name"":""/goal_pose"",""type"":""geometry_msgs/msg/PoseStamped"",""message_count"":0},{""name"":""/initialpose"",""type"":""geometry_msgs/msg/PoseWithCovarianceStamped"",""message_count"":0},{""name"":""/joy"",""type"":""sensor_msgs/msg/Joy"",""message_count"":768},{""name"":""/lap_count"",""type"":""std_msgs/msg/Int32"",""message_count"":6},{""name"":""/laser_status"",""type"":""urg_node_msgs/msg/Status"",""message_count"":0},{""name"":""/local_planning/p3_shadow"",""type"":""std_msgs/msg/String"",""message_count"":2109},{""name"":""/local_planning/path"",""type"":""nav_msgs/msg/Path"",""message_count"":2108},{""name"":""/local_planning/reference_map"",""type"":""nav_msgs/msg/OccupancyGrid"",""message_count"":1},{""name"":""/local_planning_map_server/transition_event"",""type"":""lifecycle_msgs/msg/TransitionEvent"",""message_count"":0},{""name"":""/local_waypoints"",""type"":""f110_msgs/msg/WpntArray"",""message_count"":1920},{""name"":""/local_waypoints/path"",""type"":""nav_msgs/msg/Path"",""message_count"":1919},{""name"":""/map"",""type"":""nav_msgs/msg/OccupancyGrid"",""message_count"":27},{""name"":""/map_creator/status"",""type"":""std_msgs/msg/String"",""message_count"":5},{""name"":""/map_infos"",""type"":""std_msgs/msg/String"",""message_count"":27},{""name"":""/odom"",""type"":""nav_msgs/msg/Odometry"",""message_count"":2588},{""name"":""/opp_obs"",""type"":""f110_msgs/msg/ObstacleArray"",""message_count"":1901},{""name"":""/opp_obs/markers"",""type"":""visualization_msgs/msg/MarkerArray"",""message_count"":1901},{""name"":""/parameter_events"",""type"":""rcl_interfaces/msg/ParameterEvent"",""message_count"":3},{""name"":""/particle_filter_map_server/transition_event"",""type"":""lifecycle_msgs/msg/TransitionEvent"",""message_count"":0},{""name"":""/pf/health"",""type"":""std_msgs/msg/String"",""message_count"":50},{""name"":""/pf/pose/odom"",""type"":""nav_msgs/msg/Odometry"",""message_count"":2012},{""name"":""/pf/viz/inferred_pose"",""type"":""geometry_msgs/msg/PoseStamped"",""message_count"":2012},{""name"":""/pf/viz/particles"",""type"":""geometry_msgs/msg/PoseArray"",""message_count"":2013},{""name"":""/rosout"",""type"":""rcl_interfaces/msg/Log"",""message_count"":2749},{""name"":""/scan"",""type"":""sensor_msgs/msg/LaserScan"",""message_count"":2071},{""name"":""/sector_scales"",""type"":""std_msgs/msg/Float32MultiArray"",""message_count"":54},{""name"":""/sensors/imu/raw"",""type"":""sensor_msgs/msg/Imu"",""message_count"":2564},{""name"":""/sensors/servo_position_command"",""type"":""std_msgs/msg/Float64"",""message_count"":2288},{""name"":""/state"",""type"":""f110_msgs/msg/StateMachine"",""message_count"":527},{""name"":""/static_obs"",""type"":""f110_msgs/msg/ObstacleArray"",""message_count"":2067},{""name"":""/static_obs/markers"",""type"":""visualization_msgs/msg/MarkerArray"",""message_count"":2066},{""name"":""/teleop"",""type"":""ackermann_msgs/msg/AckermannDriveStamped"",""message_count"":6},{""name"":""/tf"",""type"":""tf2_msgs/msg/TFMessage"",""message_count"":4605},{""name"":""/tf_static"",""type"":""tf2_msgs/msg/TFMessage"",""message_count"":1},{""name"":""/trackbounds/markers"",""type"":""visualization_msgs/msg/MarkerArray"",""message_count"":27}]","[{""path"":""rosbag2_2026_08_18-11_09_51_0.mcap"",""exists"":true,""size_bytes"":71947031}]",eae914e6ebf280b6791467d7f499356a2e4848361c42ea2c973a70afc9f03154,18cd19e8a9b944b066c72675422e698f678a1026b766925b8da5e2cbb79dedf7,,False,True
rosbag_research_inventory/1,/home/sungho/.local/share/Trash/files/rosbag2_2026_08_18-18_47_51,rosbag2_2026_08_18-18_47_51,mcap,4.804533513,4326916,2795,50,1787046471520127882,1787046476324661395,"[{""name"":""/ackermann_cmd"",""type"":""ackermann_msgs/msg/AckermannDriveStamped"",""message_count"":55},{""name"":""/avoid_waypoints"",""type"":""f110_msgs/msg/OTWpntArray"",""message_count"":112},{""name"":""/bond"",""type"":""bond/msg/Status"",""message_count"":73},{""name"":""/car_state/frenet/odom"",""type"":""nav_msgs/msg/Odometry"",""message_count"":127},{""name"":""/centerline_waypoints"",""type"":""f110_msgs/msg/WpntArray"",""message_count"":2},{""name"":""/centerline_waypoints/markers"",""type"":""visualization_msgs/msg/MarkerArray"",""message_count"":2},{""name"":""/clicked_point"",""type"":""geometry_msgs/msg/PointStamped"",""message_count"":0},{""name"":""/commands/motor/brake"",""type"":""std_msgs/msg/Float64"",""message_count"":0},{""name"":""/commands/motor/speed"",""type"":""std_msgs/msg/Float64"",""message_count"":44},{""name"":""/commands/servo/position"",""type"":""std_msgs/msg/Float64"",""message_count"":45},{""name"":""/confirmed_static_obs"",""type"":""f110_msgs/msg/ObstacleArray"",""message_count"":132},{""name"":""/confirmed_static_obs/markers"",""type"":""visualization_msgs/msg/MarkerArray"",""message_count"":126},{""name"":""/diagnostics"",""type"":""diagnostic_msgs/msg/DiagnosticArray"",""message_count"":20},{""name"":""/drive_mode"",""type"":""std_msgs/msg/String"",""message_count"":78},{""name"":""/estimated_lap_time"",""type"":""std_msgs/msg/Float32"",""message_count"":2},{""name"":""/estop_lock"",""type"":""std_msgs/msg/Bool"",""message_count"":78},{""name"":""/events/write_split"",""type"":""rosbag2_interfaces/msg/WriteSplitEvent"",""message_count"":0},{""name"":""/global_waypoints"",""type"":""f110_msgs/msg/WpntArray"",""message_count"":2},{""name"":""/global_waypoints/markers"",""type"":""visualization_msgs/msg/MarkerArray"",""message_count"":2},{""name"":""/global_waypoints/shortest_path"",""type"":""f110_msgs/msg/WpntArray"",""message_count"":2},{""name"":""/goal_pose"",""type"":""geometry_msgs/msg/PoseStamped"",""message_count"":0},{""name"":""/initialpose"",""type"":""geometry_msgs/msg/PoseWithCovarianceStamped"",""message_count"":0},{""name"":""/joy"",""type"":""sensor_msgs/msg/Joy"",""message_count"":47},{""name"":""/local_planning/p3_shadow"",""type"":""std_msgs/msg/String"",""message_count"":110},{""name"":""/local_planning/path"",""type"":""nav_msgs/msg/Path"",""message_count"":108},{""name"":""/local_planning/reference_map"",""type"":""nav_msgs/msg/OccupancyGrid"",""message_count"":1},{""name"":""/local_planning_map_server/transition_event"",""type"":""lifecycle_msgs/msg/TransitionEvent"",""message_count"":0},{""name"":""/local_waypoints"",""type"":""f110_msgs/msg/WpntArray"",""message_count"":125},{""name"":""/local_waypoints/path"",""type"":""nav_msgs/msg/Path"",""message_count"":127},{""name"":""/map"",""type"":""nav_msgs/msg/OccupancyGrid"",""message_count"":4},{""name"":""/map_infos"",""type"":""std_msgs/msg/String"",""message_count"":2},{""name"":""/odom"",""type"":""nav_msgs/msg/Odometry"",""message_count"":138},{""name"":""/opp_obs"",""type"":""f110_msgs/msg/ObstacleArray"",""message_count"":0},{""name"":""/opp_obs/markers"",""type"":""visualization_msgs/msg/MarkerArray"",""message_count"":0},{""name"":""/parameter_events"",""type"":""rcl_interfaces/msg/ParameterEvent"",""message_count"":0},{""name"":""/particle_filter_map_server/transition_event"",""type"":""lifecycle_msgs/msg/TransitionEvent"",""message_count"":0},{""name"":""/pf/health"",""type"":""std_msgs/msg/String"",""message_count"":3},{""name"":""/pf/pose/odom"",""type"":""nav_msgs/msg/Odometry"",""message_count"":125},{""name"":""/pf/viz/inferred_pose"",""type"":""geometry_msgs/msg/PoseStamped"",""message_count"":121},{""name"":""/pf/viz/particles"",""type"":""geometry_msgs/msg/PoseArray"",""message_count"":123},{""name"":""/rosout"",""type"":""rcl_interfaces/msg/Log"",""message_count"":96},{""name"":""/scan"",""type"":""sensor_msgs/msg/LaserScan"",""message_count"":119},{""name"":""/sensors/imu/raw"",""type"":""sensor_msgs/msg/Imu"",""message_count"":149},{""name"":""/sensors/servo_position_command"",""type"":""std_msgs/msg/Float64"",""message_count"":57},{""name"":""/state"",""type"":""f110_msgs/msg/StateMachine"",""message_count"":29},{""name"":""/static_obs"",""type"":""f110_msgs/msg/ObstacleArray"",""message_count"":131},{""name"":""/teleop"",""type"":""ackermann_msgs/msg/AckermannDriveStamped"",""message_count"":78},{""name"":""/tf"",""type"":""tf2_msgs/msg/TFMessage"",""message_count"":197},{""name"":""/tf_static"",""type"":""tf2_msgs/msg/TFMessage"",""message_count"":1},{""name"":""/trackbounds/markers"",""type"":""visualization_msgs/msg/MarkerArray"",""message_count"":2}]","[{""path"":""rosbag2_2026_08_18-18_47_51_0.mcap"",""exists"":true,""size_bytes"":4326916}]",6870a3312c96879d917fba7a4054056a9daa9469a2c29d5d69fe95fd985ba62f,825f69cca29b8447ead30fd61161f423c745709943366f2e2a6f4938992fa9e6,,False,True
rosbag_research_inventory/1,/home/sungho/.local/share/Trash/files/rosbag2_2026_08_18-18_48_11,rosbag2_2026_08_18-18_48_11,mcap,7.178497749,7519962,5398,50,1787046491973426889,1787046499151924638,"[{""name"":""/ackermann_cmd"",""type"":""ackermann_msgs/msg/AckermannDriveStamped"",""message_count"":117},{""name"":""/avoid_waypoints"",""type"":""f110_msgs/msg/OTWpntArray"",""message_count"":238},{""name"":""/bond"",""type"":""bond/msg/Status"",""message_count"":82},{""name"":""/car_state/frenet/odom"",""type"":""nav_msgs/msg/Odometry"",""message_count"":240},{""name"":""/centerline_waypoints"",""type"":""f110_msgs/msg/WpntArray"",""message_count"":3},{""name"":""/centerline_waypoints/markers"",""type"":""visualization_msgs/msg/MarkerArray"",""message_count"":3},{""name"":""/clicked_point"",""type"":""geometry_msgs/msg/PointStamped"",""message_count"":0},{""name"":""/commands/motor/brake"",""type"":""std_msgs/msg/Float64"",""message_count"":1},{""name"":""/commands/motor/speed"",""type"":""std_msgs/msg/Float64"",""message_count"":123},{""name"":""/commands/servo/position"",""type"":""std_msgs/msg/Float64"",""message_count"":125},{""name"":""/confirmed_static_obs"",""type"":""f110_msgs/msg/ObstacleArray"",""message_count"":255},{""name"":""/confirmed_static_obs/markers"",""type"":""visualization_msgs/msg/MarkerArray"",""message_count"":255},{""name"":""/diagnostics"",""type"":""diagnostic_msgs/msg/DiagnosticArray"",""message_count"":32},{""name"":""/drive_mode"",""type"":""std_msgs/msg/String"",""message_count"":100},{""name"":""/estimated_lap_time"",""type"":""std_msgs/msg/Float32"",""message_count"":3},{""name"":""/estop_lock"",""type"":""std_msgs/msg/Bool"",""message_count"":100},{""name"":""/events/write_split"",""type"":""rosbag2_interfaces/msg/WriteSplitEvent"",""message_count"":0},{""name"":""/global_waypoints"",""type"":""f110_msgs/msg/WpntArray"",""message_count"":4},{""name"":""/global_waypoints/markers"",""type"":""visualization_msgs/msg/MarkerArray"",""message_count"":3},{""name"":""/global_waypoints/shortest_path"",""type"":""f110_msgs/msg/WpntArray"",""message_count"":3},{""name"":""/goal_pose"",""type"":""geometry_msgs/msg/PoseStamped"",""message_count"":0},{""name"":""/initialpose"",""type"":""geometry_msgs/msg/PoseWithCovarianceStamped"",""message_count"":0},{""name"":""/joy"",""type"":""sensor_msgs/msg/Joy"",""message_count"":224},{""name"":""/local_planning/p3_shadow"",""type"":""std_msgs/msg/String"",""message_count"":239},{""name"":""/local_planning/path"",""type"":""nav_msgs/msg/Path"",""message_count"":237},{""name"":""/local_planning/reference_map"",""type"":""nav_msgs/msg/OccupancyGrid"",""message_count"":1},{""name"":""/local_planning_map_server/transition_event"",""type"":""lifecycle_msgs/msg/TransitionEvent"",""message_count"":0},{""name"":""/local_waypoints"",""type"":""f110_msgs/msg/WpntArray"",""message_count"":243},{""name"":""/local_waypoints/path"",""type"":""nav_msgs/msg/Path"",""message_count"":240},{""name"":""/map"",""type"":""nav_msgs/msg/OccupancyGrid"",""message_count"":4},{""name"":""/map_infos"",""type"":""std_msgs/msg/String"",""message_count"":3},{""name"":""/odom"",""type"":""nav_msgs/msg/Odometry"",""message_count"":298},{""name"":""/opp_obs"",""type"":""f110_msgs/msg/ObstacleArray"",""message_count"":0},{""name"":""/opp_obs/markers"",""type"":""visualization_msgs/msg/MarkerArray"",""message_count"":0},{""name"":""/parameter_events"",""type"":""rcl_interfaces/msg/ParameterEvent"",""message_count"":0},{""name"":""/particle_filter_map_server/transition_event"",""type"":""lifecycle_msgs/msg/TransitionEvent"",""message_count"":0},{""name"":""/pf/health"",""type"":""std_msgs/msg/String"",""message_count"":5},{""name"":""/pf/pose/odom"",""type"":""nav_msgs/msg/Odometry"",""message_count"":202},{""name"":""/pf/viz/inferred_pose"",""type"":""geometry_msgs/msg/PoseStamped"",""message_count"":202},{""name"":""/pf/viz/particles"",""type"":""geometry_msgs/msg/PoseArray"",""message_count"":203},{""name"":""/rosout"",""type"":""rcl_interfaces/msg/Log"",""message_count"":105},{""name"":""/scan"",""type"":""sensor_msgs/msg/LaserScan"",""message_count"":235},{""name"":""/sensors/imu/raw"",""type"":""sensor_msgs/msg/Imu"",""message_count"":292},{""name"":""/sensors/servo_position_command"",""type"":""std_msgs/msg/Float64"",""message_count"":115},{""name"":""/state"",""type"":""f110_msgs/msg/StateMachine"",""message_count"":59},{""name"":""/static_obs"",""type"":""f110_msgs/msg/ObstacleArray"",""message_count"":255},{""name"":""/teleop"",""type"":""ackermann_msgs/msg/AckermannDriveStamped"",""message_count"":100},{""name"":""/tf"",""type"":""tf2_msgs/msg/TFMessage"",""message_count"":445},{""name"":""/tf_static"",""type"":""tf2_msgs/msg/TFMessage"",""message_count"":1},{""name"":""/trackbounds/markers"",""type"":""visualization_msgs/msg/MarkerArray"",""message_count"":3}]","[{""path"":""rosbag2_2026_08_18-18_48_11_0.mcap"",""exists"":true,""size_bytes"":7519962}]",9fa1622e5bfbd25b7f2b6cc7d1c82bdd9a46b3cd048b46ddb203a3bb7552e758,3f6b93c4672edddd45ccb329d101282a31b6c74c76ecb5f95b752dabc3f923f2,,False,True
rosbag_research_inventory/1,/home/sungho/.local/share/Trash/files/rosbag2_2026_08_18-18_48_28,rosbag2_2026_08_18-18_48_28,mcap,551.141215402,890520503,509019,53,1787046508201722934,1787047059342938336,"[{""name"":""/ackermann_cmd"",""type"":""ackermann_msgs/msg/AckermannDriveStamped"",""message_count"":11100},{""name"":""/avoid_waypoints"",""type"":""f110_msgs/msg/OTWpntArray"",""message_count"":17382},{""name"":""/bond"",""type"":""bond/msg/Status"",""message_count"":10860},{""name"":""/car_state/frenet/odom"",""type"":""nav_msgs/msg/Odometry"",""message_count"":18909},{""name"":""/centerline_waypoints"",""type"":""f110_msgs/msg/WpntArray"",""message_count"":271},{""name"":""/centerline_waypoints/markers"",""type"":""visualization_msgs/msg/MarkerArray"",""message_count"":271},{""name"":""/clicked_point"",""type"":""geometry_msgs/msg/PointStamped"",""message_count"":0},{""name"":""/commands/motor/brake"",""type"":""std_msgs/msg/Float64"",""message_count"":1820},{""name"":""/commands/motor/speed"",""type"":""std_msgs/msg/Float64"",""message_count"":10187},{""name"":""/commands/servo/position"",""type"":""std_msgs/msg/Float64"",""message_count"":11349},{""name"":""/confirmed_static_obs"",""type"":""f110_msgs/msg/ObstacleArray"",""message_count"":20002},{""name"":""/confirmed_static_obs/markers"",""type"":""visualization_msgs/msg/MarkerArray"",""message_count"":20013},{""name"":""/debug/l1_lookahead"",""type"":""visualization_msgs/msg/MarkerArray"",""message_count"":14761},{""name"":""/diagnostics"",""type"":""diagnostic_msgs/msg/DiagnosticArray"",""message_count"":3185},{""name"":""/drive"",""type"":""ackermann_msgs/msg/AckermannDriveStamped"",""message_count"":15088},{""name"":""/drive_autonomous"",""type"":""ackermann_msgs/msg/AckermannDriveStamped"",""message_count"":15055},{""name"":""/drive_mode"",""type"":""std_msgs/msg/String"",""message_count"":10884},{""name"":""/estimated_lap_time"",""type"":""std_msgs/msg/Float32"",""message_count"":275},{""name"":""/estop_lock"",""type"":""std_msgs/msg/Bool"",""message_count"":10931},{""name"":""/events/write_split"",""type"":""rosbag2_interfaces/msg/WriteSplitEvent"",""message_count"":0},{""name"":""/global_waypoints"",""type"":""f110_msgs/msg/WpntArray"",""message_count"":264},{""name"":""/global_waypoints/markers"",""type"":""visualization_msgs/msg/MarkerArray"",""message_count"":271},{""name"":""/global_waypoints/shortest_path"",""type"":""f110_msgs/msg/WpntArray"",""message_count"":275},{""name"":""/goal_pose"",""type"":""geometry_msgs/msg/PoseStamped"",""message_count"":0},{""name"":""/initialpose"",""type"":""geometry_msgs/msg/PoseWithCovarianceStamped"",""message_count"":5},{""name"":""/joy"",""type"":""sensor_msgs/msg/Joy"",""message_count"":14774},{""name"":""/local_planning/p3_shadow"",""type"":""std_msgs/msg/String"",""message_count"":18124},{""name"":""/local_planning/path"",""type"":""nav_msgs/msg/Path"",""message_count"":17508},{""name"":""/local_planning/reference_map"",""type"":""nav_msgs/msg/OccupancyGrid"",""message_count"":1},{""name"":""/local_planning_map_server/transition_event"",""type"":""lifecycle_msgs/msg/TransitionEvent"",""message_count"":0},{""name"":""/local_waypoints"",""type"":""f110_msgs/msg/WpntArray"",""message_count"":18116},{""name"":""/local_waypoints/path"",""type"":""nav_msgs/msg/Path"",""message_count"":18114},{""name"":""/map"",""type"":""nav_msgs/msg/OccupancyGrid"",""message_count"":260},{""name"":""/map_infos"",""type"":""std_msgs/msg/String"",""message_count"":275},{""name"":""/odom"",""type"":""nav_msgs/msg/Odometry"",""message_count"":27107},{""name"":""/opp_obs"",""type"":""f110_msgs/msg/ObstacleArray"",""message_count"":0},{""name"":""/opp_obs/markers"",""type"":""visualization_msgs/msg/MarkerArray"",""message_count"":0},{""name"":""/parameter_events"",""type"":""rcl_interfaces/msg/ParameterEvent"",""message_count"":0},{""name"":""/particle_filter_map_server/transition_event"",""type"":""lifecycle_msgs/msg/TransitionEvent"",""message_count"":0},{""name"":""/pf/health"",""type"":""std_msgs/msg/String"",""message_count"":546},{""name"":""/pf/pose/odom"",""type"":""nav_msgs/msg/Odometry"",""message_count"":19677},{""name"":""/pf/viz/inferred_pose"",""type"":""geometry_msgs/msg/PoseStamped"",""message_count"":19768},{""name"":""/pf/viz/particles"",""type"":""geometry_msgs/msg/PoseArray"",""message_count"":19087},{""name"":""/rosout"",""type"":""rcl_interfaces/msg/Log"",""message_count"":3642},{""name"":""/scan"",""type"":""sensor_msgs/msg/LaserScan"",""message_count"":20179},{""name"":""/sensors/imu/raw"",""type"":""sensor_msgs/msg/Imu"",""message_count"":27080},{""name"":""/sensors/servo_position_command"",""type"":""std_msgs/msg/Float64"",""message_count"":11260},{""name"":""/state"",""type"":""f110_msgs/msg/StateMachine"",""message_count"":5266},{""name"":""/static_obs"",""type"":""f110_msgs/msg/ObstacleArray"",""message_count"":19922},{""name"":""/teleop"",""type"":""ackermann_msgs/msg/AckermannDriveStamped"",""message_count"":7691},{""name"":""/tf"",""type"":""tf2_msgs/msg/TFMessage"",""message_count"":47192},{""name"":""/tf_static"",""type"":""tf2_msgs/msg/TFMessage"",""message_count"":1},{""name"":""/trackbounds/markers"",""type"":""visualization_msgs/msg/MarkerArray"",""message_count"":271}]","[{""path"":""rosbag2_2026_08_18-18_48_28_0.mcap"",""exists"":true,""size_bytes"":890520503}]",3de87aaa1bfd2ec15822663ffb4aff871a27754fd48bf402630fce78b532e6f5,457674275faf604764ce5f7845f4a6fab24fbf243ed0c4fe62866a8998bb1480,,False,True
rosbag_research_inventory/1,/home/sungho/.local/share/Trash/files/rosbag2_2026_08_18-19_41_22,rosbag2_2026_08_18-19_41_22,mcap,383.717607328,568298926,376683,54,1787049682391396945,1787050066109004273,"[{""name"":""/ackermann_cmd"",""type"":""ackermann_msgs/msg/AckermannDriveStamped"",""message_count"":7880},{""name"":""/avoid_waypoints"",""type"":""f110_msgs/msg/OTWpntArray"",""message_count"":12914},{""name"":""/bond"",""type"":""bond/msg/Status"",""message_count"":7574},{""name"":""/car_state/frenet/odom"",""type"":""nav_msgs/msg/Odometry"",""message_count"":13133},{""name"":""/centerline_waypoints"",""type"":""f110_msgs/msg/WpntArray"",""message_count"":187},{""name"":""/centerline_waypoints/markers"",""type"":""visualization_msgs/msg/MarkerArray"",""message_count"":187},{""name"":""/clicked_point"",""type"":""geometry_msgs/msg/PointStamped"",""message_count"":0},{""name"":""/commands/motor/brake"",""type"":""std_msgs/msg/Float64"",""message_count"":1263},{""name"":""/commands/motor/speed"",""type"":""std_msgs/msg/Float64"",""message_count"":7433},{""name"":""/commands/servo/position"",""type"":""std_msgs/msg/Float64"",""message_count"":8006},{""name"":""/confirmed_static_obs"",""type"":""f110_msgs/msg/ObstacleArray"",""message_count"":13789},{""name"":""/debug/l1_lookahead"",""type"":""visualization_msgs/msg/MarkerArray"",""message_count"":18357},{""name"":""/diagnostics"",""type"":""diagnostic_msgs/msg/DiagnosticArray"",""message_count"":2215},{""name"":""/drive"",""type"":""ackermann_msgs/msg/AckermannDriveStamped"",""message_count"":18630},{""name"":""/drive_autonomous"",""type"":""ackermann_msgs/msg/AckermannDriveStamped"",""message_count"":18658},{""name"":""/drive_mode"",""type"":""std_msgs/msg/String"",""message_count"":7571},{""name"":""/estimated_lap_time"",""type"":""std_msgs/msg/Float32"",""message_count"":192},{""name"":""/estop_lock"",""type"":""std_msgs/msg/Bool"",""message_count"":7611},{""name"":""/events/write_split"",""type"":""rosbag2_interfaces/msg/WriteSplitEvent"",""message_count"":0},{""name"":""/global_waypoints"",""type"":""f110_msgs/msg/WpntArray"",""message_count"":175},{""name"":""/global_waypoints/markers"",""type"":""visualization_msgs/msg/MarkerArray"",""message_count"":187},{""name"":""/global_waypoints/shortest_path"",""type"":""f110_msgs/msg/WpntArray"",""message_count"":192},{""name"":""/goal_pose"",""type"":""geometry_msgs/msg/PoseStamped"",""message_count"":0},{""name"":""/initialpose"",""type"":""geometry_msgs/msg/PoseWithCovarianceStamped"",""message_count"":6},{""name"":""/joy"",""type"":""sensor_msgs/msg/Joy"",""message_count"":7895},{""name"":""/local_planning/p3_shadow"",""type"":""std_msgs/msg/String"",""message_count"":13337},{""name"":""/local_planning/path"",""type"":""nav_msgs/msg/Path"",""message_count"":12924},{""name"":""/local_planning/reference_map"",""type"":""nav_msgs/msg/OccupancyGrid"",""message_count"":1},{""name"":""/local_planning_map_server/transition_event"",""type"":""lifecycle_msgs/msg/TransitionEvent"",""message_count"":0},{""name"":""/local_waypoints"",""type"":""f110_msgs/msg/WpntArray"",""message_count"":12184},{""name"":""/local_waypoints/path"",""type"":""nav_msgs/msg/Path"",""message_count"":12189},{""name"":""/map"",""type"":""nav_msgs/msg/OccupancyGrid"",""message_count"":175},{""name"":""/map_infos"",""type"":""std_msgs/msg/String"",""message_count"":192},{""name"":""/odom"",""type"":""nav_msgs/msg/Odometry"",""message_count"":18976},{""name"":""/opp_obs"",""type"":""f110_msgs/msg/ObstacleArray"",""message_count"":0},{""name"":""/opp_obs/markers"",""type"":""visualization_msgs/msg/MarkerArray"",""message_count"":0},{""name"":""/parameter_events"",""type"":""rcl_interfaces/msg/ParameterEvent"",""message_count"":0},{""name"":""/particle_filter_map_server/transition_event"",""type"":""lifecycle_msgs/msg/TransitionEvent"",""message_count"":0},{""name"":""/pf/health"",""type"":""std_msgs/msg/String"",""message_count"":375},{""name"":""/pf/pose/odom"",""type"":""nav_msgs/msg/Odometry"",""message_count"":13492},{""name"":""/pf/viz/inferred_pose"",""type"":""geometry_msgs/msg/PoseStamped"",""message_count"":13509},{""name"":""/pf/viz/particles"",""type"":""geometry_msgs/msg/PoseArray"",""message_count"":12465},{""name"":""/rosout"",""type"":""rcl_interfaces/msg/Log"",""message_count"":1754},{""name"":""/scan"",""type"":""sensor_msgs/msg/LaserScan"",""message_count"":13585},{""name"":""/sector_scales"",""type"":""std_msgs/msg/Float32MultiArray"",""message_count"":362},{""name"":""/sensors/imu/raw"",""type"":""sensor_msgs/msg/Imu"",""message_count"":19001},{""name"":""/sensors/servo_position_command"",""type"":""std_msgs/msg/Float64"",""message_count"":8012},{""name"":""/state"",""type"":""f110_msgs/msg/StateMachine"",""message_count"":3639},{""name"":""/static_obs"",""type"":""f110_msgs/msg/ObstacleArray"",""message_count"":13737},{""name"":""/static_obs/markers"",""type"":""visualization_msgs/msg/MarkerArray"",""message_count"":13733},{""name"":""/teleop"",""type"":""ackermann_msgs/msg/AckermannDriveStamped"",""message_count"":6110},{""name"":""/tf"",""type"":""tf2_msgs/msg/TFMessage"",""message_count"":32688},{""name"":""/tf_static"",""type"":""tf2_msgs/msg/TFMessage"",""message_count"":1},{""name"":""/trackbounds/markers"",""type"":""visualization_msgs/msg/MarkerArray"",""message_count"":187}]","[{""path"":""rosbag2_2026_08_18-19_41_22_0.mcap"",""exists"":true,""size_bytes"":568298926}]",f8647790da3288e9329a1a397b8eeb5541f0274c1e14a85cf6b9fd3d7b89fa6e,c2356b0ff89b097bff7e3ea5cea722e09070832980c3ef1c32f0266518cfa6c6,,False,True
rosbag_research_inventory/1,/home/sungho/.local/share/Trash/files/rosbag2_2026_08_18-19_47_54,rosbag2_2026_08_18-19_47_54,mcap,108.406580020,153391846,101530,54,1787050074593497299,1787050183000077319,"[{""name"":""/ackermann_cmd"",""type"":""ackermann_msgs/msg/AckermannDriveStamped"",""message_count"":2200},{""name"":""/avoid_waypoints"",""type"":""f110_msgs/msg/OTWpntArray"",""message_count"":3235},{""name"":""/bond"",""type"":""bond/msg/Status"",""message_count"":2097},{""name"":""/car_state/frenet/odom"",""type"":""nav_msgs/msg/Odometry"",""message_count"":3638},{""name"":""/centerline_waypoints"",""type"":""f110_msgs/msg/WpntArray"",""message_count"":42},{""name"":""/centerline_waypoints/markers"",""type"":""visualization_msgs/msg/MarkerArray"",""message_count"":41},{""name"":""/clicked_point"",""type"":""geometry_msgs/msg/PointStamped"",""message_count"":0},{""name"":""/commands/motor/brake"",""type"":""std_msgs/msg/Float64"",""message_count"":652},{""name"":""/commands/motor/speed"",""type"":""std_msgs/msg/Float64"",""message_count"":1989},{""name"":""/commands/servo/position"",""type"":""std_msgs/msg/Float64"",""message_count"":2261},{""name"":""/confirmed_static_obs"",""type"":""f110_msgs/msg/ObstacleArray"",""message_count"":3732},{""name"":""/debug/l1_lookahead"",""type"":""visualization_msgs/msg/MarkerArray"",""message_count"":5011},{""name"":""/diagnostics"",""type"":""diagnostic_msgs/msg/DiagnosticArray"",""message_count"":618},{""name"":""/drive"",""type"":""ackermann_msgs/msg/AckermannDriveStamped"",""message_count"":5212},{""name"":""/drive_autonomous"",""type"":""ackermann_msgs/msg/AckermannDriveStamped"",""message_count"":5217},{""name"":""/drive_mode"",""type"":""std_msgs/msg/String"",""message_count"":2101},{""name"":""/estimated_lap_time"",""type"":""std_msgs/msg/Float32"",""message_count"":54},{""name"":""/estop_lock"",""type"":""std_msgs/msg/Bool"",""message_count"":2123},{""name"":""/events/write_split"",""type"":""rosbag2_interfaces/msg/WriteSplitEvent"",""message_count"":0},{""name"":""/global_waypoints"",""type"":""f110_msgs/msg/WpntArray"",""message_count"":43},{""name"":""/global_waypoints/markers"",""type"":""visualization_msgs/msg/MarkerArray"",""message_count"":43},{""name"":""/global_waypoints/shortest_path"",""type"":""f110_msgs/msg/WpntArray"",""message_count"":53},{""name"":""/goal_pose"",""type"":""geometry_msgs/msg/PoseStamped"",""message_count"":0},{""name"":""/initialpose"",""type"":""geometry_msgs/msg/PoseWithCovarianceStamped"",""message_count"":2},{""name"":""/joy"",""type"":""sensor_msgs/msg/Joy"",""message_count"":2553},{""name"":""/local_planning/p3_shadow"",""type"":""std_msgs/msg/String"",""message_count"":2705},{""name"":""/local_planning/path"",""type"":""nav_msgs/msg/Path"",""message_count"":3284},{""name"":""/local_planning/reference_map"",""type"":""nav_msgs/msg/OccupancyGrid"",""message_count"":1},{""name"":""/local_planning_map_server/transition_event"",""type"":""lifecycle_msgs/msg/TransitionEvent"",""message_count"":0},{""name"":""/local_waypoints"",""type"":""f110_msgs/msg/WpntArray"",""message_count"":3430},{""name"":""/local_waypoints/path"",""type"":""nav_msgs/msg/Path"",""message_count"":3463},{""name"":""/map"",""type"":""nav_msgs/msg/OccupancyGrid"",""message_count"":44},{""name"":""/map_infos"",""type"":""std_msgs/msg/String"",""message_count"":54},{""name"":""/odom"",""type"":""nav_msgs/msg/Odometry"",""message_count"":5113},{""name"":""/opp_obs"",""type"":""f110_msgs/msg/ObstacleArray"",""message_count"":0},{""name"":""/opp_obs/markers"",""type"":""visualization_msgs/msg/MarkerArray"",""message_count"":0},{""name"":""/parameter_events"",""type"":""rcl_interfaces/msg/ParameterEvent"",""message_count"":0},{""name"":""/particle_filter_map_server/transition_event"",""type"":""lifecycle_msgs/msg/TransitionEvent"",""message_count"":0},{""name"":""/pf/health"",""type"":""std_msgs/msg/String"",""message_count"":105},{""name"":""/pf/pose/odom"",""type"":""nav_msgs/msg/Odometry"",""message_count"":3611},{""name"":""/pf/viz/inferred_pose"",""type"":""geometry_msgs/msg/PoseStamped"",""message_count"":3644},{""name"":""/pf/viz/particles"",""type"":""geometry_msgs/msg/PoseArray"",""message_count"":2906},{""name"":""/rosout"",""type"":""rcl_interfaces/msg/Log"",""message_count"":703},{""name"":""/scan"",""type"":""sensor_msgs/msg/LaserScan"",""message_count"":3324},{""name"":""/sector_scales"",""type"":""std_msgs/msg/Float32MultiArray"",""message_count"":101},{""name"":""/sensors/imu/raw"",""type"":""sensor_msgs/msg/Imu"",""message_count"":5223},{""name"":""/sensors/servo_position_command"",""type"":""std_msgs/msg/Float64"",""message_count"":2268},{""name"":""/state"",""type"":""f110_msgs/msg/StateMachine"",""message_count"":996},{""name"":""/static_obs"",""type"":""f110_msgs/msg/ObstacleArray"",""message_count"":3714},{""name"":""/static_obs/markers"",""type"":""visualization_msgs/msg/MarkerArray"",""message_count"":3686},{""name"":""/teleop"",""type"":""ackermann_msgs/msg/AckermannDriveStamped"",""message_count"":1338},{""name"":""/tf"",""type"":""tf2_msgs/msg/TFMessage"",""message_count"":8857},{""name"":""/tf_static"",""type"":""tf2_msgs/msg/TFMessage"",""message_count"":1},{""name"":""/trackbounds/markers"",""type"":""visualization_msgs/msg/MarkerArray"",""message_count"":42}]","[{""path"":""rosbag2_2026_08_18-19_47_54_0.mcap"",""exists"":true,""size_bytes"":153391846}]",9a756d3f02ec2b2c574234d7a8f6fa7b1eec63b24969559e686116de3a5c8ad2,102652c82a5a257b65da27d8a4d324dbd51b7e2ba55bfd343abeac4e038f643b,,False,True
rosbag_research_inventory/1,/home/sungho/.local/share/Trash/files/rosbag2_2026_08_18-19_51_40,rosbag2_2026_08_18-19_51_40,mcap,157.889573673,232834568,142818,54,1787050300955727075,1787050458845300748,"[{""name"":""/ackermann_cmd"",""type"":""ackermann_msgs/msg/AckermannDriveStamped"",""message_count"":781},{""name"":""/avoid_waypoints"",""type"":""f110_msgs/msg/OTWpntArray"",""message_count"":5541},{""name"":""/bond"",""type"":""bond/msg/Status"",""message_count"":3135},{""name"":""/car_state/frenet/odom"",""type"":""nav_msgs/msg/Odometry"",""message_count"":2715},{""name"":""/centerline_waypoints"",""type"":""f110_msgs/msg/WpntArray"",""message_count"":79},{""name"":""/centerline_waypoints/markers"",""type"":""visualization_msgs/msg/MarkerArray"",""message_count"":79},{""name"":""/clicked_point"",""type"":""geometry_msgs/msg/PointStamped"",""message_count"":0},{""name"":""/commands/motor/brake"",""type"":""std_msgs/msg/Float64"",""message_count"":2811},{""name"":""/commands/motor/speed"",""type"":""std_msgs/msg/Float64"",""message_count"":688},{""name"":""/commands/servo/position"",""type"":""std_msgs/msg/Float64"",""message_count"":784},{""name"":""/confirmed_static_obs"",""type"":""f110_msgs/msg/ObstacleArray"",""message_count"":6045},{""name"":""/debug/l1_lookahead"",""type"":""visualization_msgs/msg/MarkerArray"",""message_count"":7760},{""name"":""/diagnostics"",""type"":""diagnostic_msgs/msg/DiagnosticArray"",""message_count"":916},{""name"":""/drive"",""type"":""ackermann_msgs/msg/AckermannDriveStamped"",""message_count"":7754},{""name"":""/drive_autonomous"",""type"":""ackermann_msgs/msg/AckermannDriveStamped"",""message_count"":7813},{""name"":""/drive_mode"",""type"":""std_msgs/msg/String"",""message_count"":3115},{""name"":""/estimated_lap_time"",""type"":""std_msgs/msg/Float32"",""message_count"":79},{""name"":""/estop_lock"",""type"":""std_msgs/msg/Bool"",""message_count"":3124},{""name"":""/events/write_split"",""type"":""rosbag2_interfaces/msg/WriteSplitEvent"",""message_count"":0},{""name"":""/global_waypoints"",""type"":""f110_msgs/msg/WpntArray"",""message_count"":79},{""name"":""/global_waypoints/markers"",""type"":""visualization_msgs/msg/MarkerArray"",""message_count"":79},{""name"":""/global_waypoints/shortest_path"",""type"":""f110_msgs/msg/WpntArray"",""message_count"":79},{""name"":""/goal_pose"",""type"":""geometry_msgs/msg/PoseStamped"",""message_count"":0},{""name"":""/initialpose"",""type"":""geometry_msgs/msg/PoseWithCovarianceStamped"",""message_count"":0},{""name"":""/joy"",""type"":""sensor_msgs/msg/Joy"",""message_count"":2777},{""name"":""/local_planning/p3_shadow"",""type"":""std_msgs/msg/String"",""message_count"":5570},{""name"":""/local_planning/path"",""type"":""nav_msgs/msg/Path"",""message_count"":5555},{""name"":""/local_planning/reference_map"",""type"":""nav_msgs/msg/OccupancyGrid"",""message_count"":1},{""name"":""/local_planning_map_server/transition_event"",""type"":""lifecycle_msgs/msg/TransitionEvent"",""message_count"":0},{""name"":""/local_waypoints"",""type"":""f110_msgs/msg/WpntArray"",""message_count"":2695},{""name"":""/local_waypoints/path"",""type"":""nav_msgs/msg/Path"",""message_count"":2711},{""name"":""/map"",""type"":""nav_msgs/msg/OccupancyGrid"",""message_count"":81},{""name"":""/map_infos"",""type"":""std_msgs/msg/String"",""message_count"":79},{""name"":""/odom"",""type"":""nav_msgs/msg/Odometry"",""message_count"":7835},{""name"":""/opp_obs"",""type"":""f110_msgs/msg/ObstacleArray"",""message_count"":0},{""name"":""/opp_obs/markers"",""type"":""visualization_msgs/msg/MarkerArray"",""message_count"":0},{""name"":""/parameter_events"",""type"":""rcl_interfaces/msg/ParameterEvent"",""message_count"":0},{""name"":""/particle_filter_map_server/transition_event"",""type"":""lifecycle_msgs/msg/TransitionEvent"",""message_count"":0},{""name"":""/pf/health"",""type"":""std_msgs/msg/String"",""message_count"":156},{""name"":""/pf/pose/odom"",""type"":""nav_msgs/msg/Odometry"",""message_count"":5948},{""name"":""/pf/viz/inferred_pose"",""type"":""geometry_msgs/msg/PoseStamped"",""message_count"":5950},{""name"":""/pf/viz/particles"",""type"":""geometry_msgs/msg/PoseArray"",""message_count"":5942},{""name"":""/rosout"",""type"":""rcl_interfaces/msg/Log"",""message_count"":1540},{""name"":""/scan"",""type"":""sensor_msgs/msg/LaserScan"",""message_count"":6045},{""name"":""/sector_scales"",""type"":""std_msgs/msg/Float32MultiArray"",""message_count"":154},{""name"":""/sensors/imu/raw"",""type"":""sensor_msgs/msg/Imu"",""message_count"":7821},{""name"":""/sensors/servo_position_command"",""type"":""std_msgs/msg/Float64"",""message_count"":796},{""name"":""/state"",""type"":""f110_msgs/msg/StateMachine"",""message_count"":1546},{""name"":""/static_obs"",""type"":""f110_msgs/msg/ObstacleArray"",""message_count"":6030},{""name"":""/static_obs/markers"",""type"":""visualization_msgs/msg/MarkerArray"",""message_count"":6057},{""name"":""/teleop"",""type"":""ackermann_msgs/msg/AckermannDriveStamped"",""message_count"":157},{""name"":""/tf"",""type"":""tf2_msgs/msg/TFMessage"",""message_count"":13836},{""name"":""/tf_static"",""type"":""tf2_msgs/msg/TFMessage"",""message_count"":1},{""name"":""/trackbounds/markers"",""type"":""visualization_msgs/msg/MarkerArray"",""message_count"":79}]","[{""path"":""rosbag2_2026_08_18-19_51_40_0.mcap"",""exists"":true,""size_bytes"":232834568}]",008197c1a6c4b0c116105fcf9e47932598b8ee42381b21ea41e113ed0eb7fd5b,65384aefdfb2e52df84fe4cd03f15f6dc435dccc37a1da610ea58a0d6fcd7192,,False,True
rosbag_research_inventory/1,/home/sungho/.local/share/Trash/files/rosbag2_2026_08_19-11_59_44,rosbag2_2026_08_19-11_59_44,mcap,46.335305232,147419609,171550,48,1787108384559980339,1787108430895285571,"[{""name"":""/avoid_waypoints"",""type"":""f110_msgs/msg/OTWpntArray"",""message_count"":1849},{""name"":""/bond"",""type"":""bond/msg/Status"",""message_count"":1837},{""name"":""/car_state/frenet/odom"",""type"":""nav_msgs/msg/Odometry"",""message_count"":1384},{""name"":""/centerline_waypoints"",""type"":""f110_msgs/msg/WpntArray"",""message_count"":23},{""name"":""/centerline_waypoints/markers"",""type"":""visualization_msgs/msg/MarkerArray"",""message_count"":23},{""name"":""/clicked_point"",""type"":""geometry_msgs/msg/PointStamped"",""message_count"":0},{""name"":""/confirmed_static_obs"",""type"":""f110_msgs/msg/ObstacleArray"",""message_count"":11466},{""name"":""/debug/l1_lookahead"",""type"":""visualization_msgs/msg/MarkerArray"",""message_count"":2147},{""name"":""/diagnostics"",""type"":""diagnostic_msgs/msg/DiagnosticArray"",""message_count"":46},{""name"":""/drive"",""type"":""ackermann_msgs/msg/AckermannDriveStamped"",""message_count"":2175},{""name"":""/drive_autonomous"",""type"":""ackermann_msgs/msg/AckermannDriveStamped"",""message_count"":2175},{""name"":""/ego_racecar/collision"",""type"":""std_msgs/msg/Bool"",""message_count"":11453},{""name"":""/ego_racecar/odom"",""type"":""nav_msgs/msg/Odometry"",""message_count"":11450},{""name"":""/ego_racecar/scan_identity"",""type"":""std_msgs/msg/String"",""message_count"":0},{""name"":""/ego_robot_description"",""type"":""std_msgs/msg/String"",""message_count"":1},{""name"":""/estimated_lap_time"",""type"":""std_msgs/msg/Float32"",""message_count"":23},{""name"":""/events/write_split"",""type"":""rosbag2_interfaces/msg/WriteSplitEvent"",""message_count"":0},{""name"":""/global_waypoints"",""type"":""f110_msgs/msg/WpntArray"",""message_count"":24},{""name"":""/global_waypoints/markers"",""type"":""visualization_msgs/msg/MarkerArray"",""message_count"":23},{""name"":""/global_waypoints/shortest_path"",""type"":""f110_msgs/msg/WpntArray"",""message_count"":23},{""name"":""/goal_pose"",""type"":""geometry_msgs/msg/PoseStamped"",""message_count"":0},{""name"":""/imu/data"",""type"":""sensor_msgs/msg/Imu"",""message_count"":10684},{""name"":""/initialpose"",""type"":""geometry_msgs/msg/PoseWithCovarianceStamped"",""message_count"":4},{""name"":""/local_planning/p3_shadow"",""type"":""std_msgs/msg/String"",""message_count"":1849},{""name"":""/local_planning/path"",""type"":""nav_msgs/msg/Path"",""message_count"":1849},{""name"":""/local_planning/reference_map"",""type"":""nav_msgs/msg/OccupancyGrid"",""message_count"":1},{""name"":""/local_planning_map_server/transition_event"",""type"":""lifecycle_msgs/msg/TransitionEvent"",""message_count"":0},{""name"":""/local_waypoints"",""type"":""f110_msgs/msg/WpntArray"",""message_count"":1316},{""name"":""/local_waypoints/path"",""type"":""nav_msgs/msg/Path"",""message_count"":1316},{""name"":""/map"",""type"":""nav_msgs/msg/OccupancyGrid"",""message_count"":26},{""name"":""/map_infos"",""type"":""std_msgs/msg/String"",""message_count"":23},{""name"":""/map_server/transition_event"",""type"":""lifecycle_msgs/msg/TransitionEvent"",""message_count"":0},{""name"":""/opp_obs"",""type"":""f110_msgs/msg/ObstacleArray"",""message_count"":11466},{""name"":""/opp_obs/markers"",""type"":""visualization_msgs/msg/MarkerArray"",""message_count"":11463},{""name"":""/parameter_events"",""type"":""rcl_interfaces/msg/ParameterEvent"",""message_count"":0},{""name"":""/particle_filter_map_server/transition_event"",""type"":""lifecycle_msgs/msg/TransitionEvent"",""message_count"":0},{""name"":""/pf/health"",""type"":""std_msgs/msg/String"",""message_count"":46},{""name"":""/pf/pose/odom"",""type"":""nav_msgs/msg/Odometry"",""message_count"":1395},{""name"":""/pf/viz/inferred_pose"",""type"":""geometry_msgs/msg/PoseStamped"",""message_count"":1399},{""name"":""/pf/viz/particles"",""type"":""geometry_msgs/msg/PoseArray"",""message_count"":1399},{""name"":""/rosout"",""type"":""rcl_interfaces/msg/Log"",""message_count"":548},{""name"":""/scan"",""type"":""sensor_msgs/msg/LaserScan"",""message_count"":11454},{""name"":""/state"",""type"":""f110_msgs/msg/StateMachine"",""message_count"":440},{""name"":""/static_obs"",""type"":""f110_msgs/msg/ObstacleArray"",""message_count"":11463},{""name"":""/static_obs/markers"",""type"":""visualization_msgs/msg/MarkerArray"",""message_count"":11463},{""name"":""/tf"",""type"":""tf2_msgs/msg/TFMessage"",""message_count"":45800},{""name"":""/tf_static"",""type"":""tf2_msgs/msg/TFMessage"",""message_count"":1},{""name"":""/trackbounds/markers"",""type"":""visualization_msgs/msg/MarkerArray"",""message_count"":23}]","[{""path"":""rosbag2_2026_08_19-11_59_44_0.mcap"",""exists"":true,""size_bytes"":147419609}]",d998d945c152399b98885668914293de23ae6c1f70f6f1ad73b118176cdf70b1,0061a210ffc885a6839c937c9f269255a03869801d0eac7c116f3bb34012f368,,False,True
rosbag_research_inventory/1,/home/sungho/.local/share/Trash/files/rosbag2_2026_08_19-18_33_12.2,rosbag2_2026_08_19-18_33_12.2,mcap,778.513562388,976837355,757054,50,1787131992757636002,1787132771271198390,"[{""name"":""/ackermann_cmd"",""type"":""ackermann_msgs/msg/AckermannDriveStamped"",""message_count"":15581},{""name"":""/avoid_waypoints"",""type"":""f110_msgs/msg/OTWpntArray"",""message_count"":26508},{""name"":""/bond"",""type"":""bond/msg/Status"",""message_count"":15023},{""name"":""/car_state/frenet/odom"",""type"":""nav_msgs/msg/Odometry"",""message_count"":29458},{""name"":""/centerline_waypoints"",""type"":""f110_msgs/msg/WpntArray"",""message_count"":389},{""name"":""/centerline_waypoints/markers"",""type"":""visualization_msgs/msg/MarkerArray"",""message_count"":389},{""name"":""/clicked_point"",""type"":""geometry_msgs/msg/PointStamped"",""message_count"":0},{""name"":""/commands/motor/brake"",""type"":""std_msgs/msg/Float64"",""message_count"":9495},{""name"":""/commands/motor/speed"",""type"":""std_msgs/msg/Float64"",""message_count"":12816},{""name"":""/commands/servo/position"",""type"":""std_msgs/msg/Float64"",""message_count"":15661},{""name"":""/confirmed_static_obs"",""type"":""f110_msgs/msg/ObstacleArray"",""message_count"":29560},{""name"":""/debug/l1_lookahead"",""type"":""visualization_msgs/msg/MarkerArray"",""message_count"":37259},{""name"":""/diagnostics"",""type"":""diagnostic_msgs/msg/DiagnosticArray"",""message_count"":3833},{""name"":""/drive"",""type"":""ackermann_msgs/msg/AckermannDriveStamped"",""message_count"":37229},{""name"":""/drive_autonomous"",""type"":""ackermann_msgs/msg/AckermannDriveStamped"",""message_count"":37379},{""name"":""/drive_mode"",""type"":""std_msgs/msg/String"",""message_count"":15541},{""name"":""/estimated_lap_time"",""type"":""std_msgs/msg/Float32"",""message_count"":389},{""name"":""/estop_lock"",""type"":""std_msgs/msg/Bool"",""message_count"":15559},{""name"":""/events/write_split"",""type"":""rosbag2_interfaces/msg/WriteSplitEvent"",""message_count"":0},{""name"":""/global_waypoints"",""type"":""f110_msgs/msg/WpntArray"",""message_count"":390},{""name"":""/global_waypoints/markers"",""type"":""visualization_msgs/msg/MarkerArray"",""message_count"":389},{""name"":""/global_waypoints/shortest_path"",""type"":""f110_msgs/msg/WpntArray"",""message_count"":389},{""name"":""/goal_pose"",""type"":""geometry_msgs/msg/PoseStamped"",""message_count"":0},{""name"":""/initialpose"",""type"":""geometry_msgs/msg/PoseWithCovarianceStamped"",""message_count"":24},{""name"":""/joy"",""type"":""sensor_msgs/msg/Joy"",""message_count"":14200},{""name"":""/kinematic_localization/diagnostics"",""type"":""diagnostic_msgs/msg/DiagnosticArray"",""message_count"":30888},{""name"":""/local_planning/p3_shadow"",""type"":""std_msgs/msg/String"",""message_count"":26637},{""name"":""/local_planning/path"",""type"":""nav_msgs/msg/Path"",""message_count"":26521},{""name"":""/local_planning/reference_map"",""type"":""nav_msgs/msg/OccupancyGrid"",""message_count"":5},{""name"":""/local_planning_map_server/transition_event"",""type"":""lifecycle_msgs/msg/TransitionEvent"",""message_count"":21},{""name"":""/local_waypoints"",""type"":""f110_msgs/msg/WpntArray"",""message_count"":27419},{""name"":""/local_waypoints/path"",""type"":""nav_msgs/msg/Path"",""message_count"":27428},{""name"":""/map"",""type"":""nav_msgs/msg/OccupancyGrid"",""message_count"":78},{""name"":""/map_infos"",""type"":""std_msgs/msg/String"",""message_count"":389},{""name"":""/odom"",""type"":""nav_msgs/msg/Odometry"",""message_count"":38825},{""name"":""/opp_obs"",""type"":""f110_msgs/msg/ObstacleArray"",""message_count"":0},{""name"":""/opp_obs/markers"",""type"":""visualization_msgs/msg/MarkerArray"",""message_count"":0},{""name"":""/parameter_events"",""type"":""rcl_interfaces/msg/ParameterEvent"",""message_count"":3},{""name"":""/pf/pose/odom"",""type"":""nav_msgs/msg/Odometry"",""message_count"":30908},{""name"":""/rosout"",""type"":""rcl_interfaces/msg/Log"",""message_count"":4045},{""name"":""/scan"",""type"":""sensor_msgs/msg/LaserScan"",""message_count"":30915},{""name"":""/sensors/imu/raw"",""type"":""sensor_msgs/msg/Imu"",""message_count"":38816},{""name"":""/sensors/servo_position_command"",""type"":""std_msgs/msg/Float64"",""message_count"":15654},{""name"":""/state"",""type"":""f110_msgs/msg/StateMachine"",""message_count"":7379},{""name"":""/static_obs"",""type"":""f110_msgs/msg/ObstacleArray"",""message_count"":29532},{""name"":""/static_obs/markers"",""type"":""visualization_msgs/msg/MarkerArray"",""message_count"":29567},{""name"":""/teleop"",""type"":""ackermann_msgs/msg/AckermannDriveStamped"",""message_count"":4374},{""name"":""/tf"",""type"":""tf2_msgs/msg/TFMessage"",""message_count"":69799},{""name"":""/tf_static"",""type"":""tf2_msgs/msg/TFMessage"",""message_count"":1},{""name"":""/trackbounds/markers"",""type"":""visualization_msgs/msg/MarkerArray"",""message_count"":389}]","[{""path"":""rosbag2_2026_08_19-18_33_12_0.mcap"",""exists"":true,""size_bytes"":976837355}]",232c7eb11a70cac3aa565a1710ac0cce9991db6805c8c1f694ad0c488039be9b,49cb78f0b7f2bda3a1d6616d4454584ea4600615dbc0e67e562a41eaedecf1df,,True,True
rosbag_research_inventory/1,/home/sungho/.local/share/Trash/files/rosbag2_2026_08_21-05_31_31,rosbag2_2026_08_21-05_31_31,mcap,57.089266649,49216614,66618,54,1787257891999586910,1787257949088853559,"[{""name"":""/ackermann_cmd"",""type"":""ackermann_msgs/msg/AckermannDriveStamped"",""message_count"":2648},{""name"":""/adaptive_obstacle_map"",""type"":""f110_msgs/msg/ObstacleArray"",""message_count"":1},{""name"":""/adaptive_obstacle_map/markers"",""type"":""visualization_msgs/msg/MarkerArray"",""message_count"":1},{""name"":""/avoid_waypoints"",""type"":""f110_msgs/msg/OTWpntArray"",""message_count"":2235},{""name"":""/bond"",""type"":""bond/msg/Status"",""message_count"":1123},{""name"":""/car_state/frenet/odom"",""type"":""nav_msgs/msg/Odometry"",""message_count"":2241},{""name"":""/centerline_waypoints"",""type"":""f110_msgs/msg/WpntArray"",""message_count"":28},{""name"":""/centerline_waypoints/markers"",""type"":""visualization_msgs/msg/MarkerArray"",""message_count"":28},{""name"":""/clicked_point"",""type"":""geometry_msgs/msg/PointStamped"",""message_count"":0},{""name"":""/commands/motor/brake"",""type"":""std_msgs/msg/Float64"",""message_count"":477},{""name"":""/commands/motor/speed"",""type"":""std_msgs/msg/Float64"",""message_count"":2230},{""name"":""/commands/servo/position"",""type"":""std_msgs/msg/Float64"",""message_count"":2648},{""name"":""/confirmed_static_obs"",""type"":""f110_msgs/msg/ObstacleArray"",""message_count"":2237},{""name"":""/debug/l1_lookahead"",""type"":""visualization_msgs/msg/MarkerArray"",""message_count"":2851},{""name"":""/diagnostics"",""type"":""diagnostic_msgs/msg/DiagnosticArray"",""message_count"":278},{""name"":""/drive"",""type"":""ackermann_msgs/msg/AckermannDriveStamped"",""message_count"":2800},{""name"":""/drive_autonomous"",""type"":""ackermann_msgs/msg/AckermannDriveStamped"",""message_count"":2851},{""name"":""/drive_mode"",""type"":""std_msgs/msg/String"",""message_count"":1100},{""name"":""/estimated_lap_time"",""type"":""std_msgs/msg/Float32"",""message_count"":28},{""name"":""/estop_lock"",""type"":""std_msgs/msg/Bool"",""message_count"":1100},{""name"":""/events/write_split"",""type"":""rosbag2_interfaces/msg/WriteSplitEvent"",""message_count"":0},{""name"":""/global_waypoints"",""type"":""f110_msgs/msg/WpntArray"",""message_count"":29},{""name"":""/global_waypoints/markers"",""type"":""visualization_msgs/msg/MarkerArray"",""message_count"":28},{""name"":""/global_waypoints/shortest_path"",""type"":""f110_msgs/msg/WpntArray"",""message_count"":28},{""name"":""/goal_pose"",""type"":""geometry_msgs/msg/PoseStamped"",""message_count"":0},{""name"":""/initialpose"",""type"":""geometry_msgs/msg/PoseWithCovarianceStamped"",""message_count"":0},{""name"":""/joy"",""type"":""sensor_msgs/msg/Joy"",""message_count"":849},{""name"":""/kinematic_localization/diagnostics"",""type"":""diagnostic_msgs/msg/DiagnosticArray"",""message_count"":2231},{""name"":""/laser_status"",""type"":""urg_node_msgs/msg/Status"",""message_count"":0},{""name"":""/local_planning/p3_shadow"",""type"":""std_msgs/msg/String"",""message_count"":2235},{""name"":""/local_planning/path"",""type"":""nav_msgs/msg/Path"",""message_count"":2235},{""name"":""/local_planning/reference_map"",""type"":""nav_msgs/msg/OccupancyGrid"",""message_count"":1},{""name"":""/local_planning_map_server/transition_event"",""type"":""lifecycle_msgs/msg/TransitionEvent"",""message_count"":0},{""name"":""/local_waypoints"",""type"":""f110_msgs/msg/WpntArray"",""message_count"":2243},{""name"":""/local_waypoints/path"",""type"":""nav_msgs/msg/Path"",""message_count"":2243},{""name"":""/map"",""type"":""nav_msgs/msg/OccupancyGrid"",""message_count"":7},{""name"":""/map_creator/status"",""type"":""std_msgs/msg/String"",""message_count"":0},{""name"":""/map_infos"",""type"":""std_msgs/msg/String"",""message_count"":28},{""name"":""/odom"",""type"":""nav_msgs/msg/Odometry"",""message_count"":2803},{""name"":""/opp_obs"",""type"":""f110_msgs/msg/ObstacleArray"",""message_count"":2237},{""name"":""/opp_obs/markers"",""type"":""visualization_msgs/msg/MarkerArray"",""message_count"":2237},{""name"":""/parameter_events"",""type"":""rcl_interfaces/msg/ParameterEvent"",""message_count"":0},{""name"":""/pf/pose/odom"",""type"":""nav_msgs/msg/Odometry"",""message_count"":2234},{""name"":""/rosout"",""type"":""rcl_interfaces/msg/Log"",""message_count"":263},{""name"":""/scan"",""type"":""sensor_msgs/msg/LaserScan"",""message_count"":2196},{""name"":""/sensors/imu/raw"",""type"":""sensor_msgs/msg/Imu"",""message_count"":2808},{""name"":""/sensors/servo_position_command"",""type"":""std_msgs/msg/Float64"",""message_count"":2664},{""name"":""/state"",""type"":""f110_msgs/msg/StateMachine"",""message_count"":564},{""name"":""/static_obs"",""type"":""f110_msgs/msg/ObstacleArray"",""message_count"":2237},{""name"":""/static_obs/markers"",""type"":""visualization_msgs/msg/MarkerArray"",""message_count"":2237},{""name"":""/teleop"",""type"":""ackermann_msgs/msg/AckermannDriveStamped"",""message_count"":0},{""name"":""/tf"",""type"":""tf2_msgs/msg/TFMessage"",""message_count"":5047},{""name"":""/tf_static"",""type"":""tf2_msgs/msg/TFMessage"",""message_count"":1},{""name"":""/trackbounds/markers"",""type"":""visualization_msgs/msg/MarkerArray"",""message_count"":28}]","[{""path"":""rosbag2_2026_08_21-05_31_31_0.mcap"",""exists"":true,""size_bytes"":49216614}]",75be5fc8b8a32d5fd37a2a7652ba62c7f96bc8befd6d6bd99fe086e81eb0be00,8320c5f13dca7701cdc3ce4f220ce8954530cf9e1142bd6ac36ee91d88f3d69c,,False,True
rosbag_research_inventory/1,/home/sungho/.local/share/Trash/files/rosbag2_2026_08_23-08_07_15,rosbag2_2026_08_23-08_07_15,mcap,335.736781229,466945790,371481,53,1787440035438314314,1787440371175095543,"[{""name"":""/ackermann_cmd"",""type"":""ackermann_msgs/msg/AckermannDriveStamped"",""message_count"":8994},{""name"":""/avoid_waypoints"",""type"":""f110_msgs/msg/OTWpntArray"",""message_count"":13136},{""name"":""/bond"",""type"":""bond/msg/Status"",""message_count"":6668},{""name"":""/car_state/frenet/odom"",""type"":""nav_msgs/msg/Odometry"",""message_count"":11523},{""name"":""/centerline_waypoints"",""type"":""f110_msgs/msg/WpntArray"",""message_count"":168},{""name"":""/centerline_waypoints/markers"",""type"":""visualization_msgs/msg/MarkerArray"",""message_count"":168},{""name"":""/clicked_point"",""type"":""geometry_msgs/msg/PointStamped"",""message_count"":0},{""name"":""/commands/motor/brake"",""type"":""std_msgs/msg/Float64"",""message_count"":516},{""name"":""/commands/motor/speed"",""type"":""std_msgs/msg/Float64"",""message_count"":8573},{""name"":""/commands/servo/position"",""type"":""std_msgs/msg/Float64"",""message_count"":8995},{""name"":""/confirmed_static_obs"",""type"":""f110_msgs/msg/ObstacleArray"",""message_count"":12360},{""name"":""/debug/l1_lookahead"",""type"":""visualization_msgs/msg/MarkerArray"",""message_count"":15844},{""name"":""/diagnostics"",""type"":""diagnostic_msgs/msg/DiagnosticArray"",""message_count"":1674},{""name"":""/drive"",""type"":""ackermann_msgs/msg/AckermannDriveStamped"",""message_count"":16700},{""name"":""/drive_autonomous"",""type"":""ackermann_msgs/msg/AckermannDriveStamped"",""message_count"":16699},{""name"":""/drive_mode"",""type"":""std_msgs/msg/String"",""message_count"":6679},{""name"":""/estimated_lap_time"",""type"":""std_msgs/msg/Float32"",""message_count"":168},{""name"":""/estop_lock"",""type"":""std_msgs/msg/Bool"",""message_count"":6679},{""name"":""/events/write_split"",""type"":""rosbag2_interfaces/msg/WriteSplitEvent"",""message_count"":0},{""name"":""/global_waypoints"",""type"":""f110_msgs/msg/WpntArray"",""message_count"":169},{""name"":""/global_waypoints/markers"",""type"":""visualization_msgs/msg/MarkerArray"",""message_count"":168},{""name"":""/global_waypoints/shortest_path"",""type"":""f110_msgs/msg/WpntArray"",""message_count"":168},{""name"":""/goal_pose"",""type"":""geometry_msgs/msg/PoseStamped"",""message_count"":0},{""name"":""/initialpose"",""type"":""geometry_msgs/msg/PoseWithCovarianceStamped"",""message_count"":5},{""name"":""/joy"",""type"":""sensor_msgs/msg/Joy"",""message_count"":7067},{""name"":""/kinematic_localization/diagnostics"",""type"":""diagnostic_msgs/msg/DiagnosticArray"",""message_count"":12609},{""name"":""/laser_status"",""type"":""urg_node_msgs/msg/Status"",""message_count"":0},{""name"":""/local_planning/p3_shadow"",""type"":""std_msgs/msg/String"",""message_count"":859},{""name"":""/local_planning/path"",""type"":""nav_msgs/msg/Path"",""message_count"":2916},{""name"":""/local_planning/reference_map"",""type"":""nav_msgs/msg/OccupancyGrid"",""message_count"":1},{""name"":""/local_planning_map_server/transition_event"",""type"":""lifecycle_msgs/msg/TransitionEvent"",""message_count"":0},{""name"":""/local_waypoints"",""type"":""f110_msgs/msg/WpntArray"",""message_count"":11530},{""name"":""/local_waypoints/path"",""type"":""nav_msgs/msg/Path"",""message_count"":11530},{""name"":""/map"",""type"":""nav_msgs/msg/OccupancyGrid"",""message_count"":34},{""name"":""/map_infos"",""type"":""std_msgs/msg/String"",""message_count"":168},{""name"":""/odom"",""type"":""nav_msgs/msg/Odometry"",""message_count"":16714},{""name"":""/opp_obs"",""type"":""f110_msgs/msg/ObstacleArray"",""message_count"":11738},{""name"":""/opp_obs/markers"",""type"":""visualization_msgs/msg/MarkerArray"",""message_count"":11738},{""name"":""/parameter_events"",""type"":""rcl_interfaces/msg/ParameterEvent"",""message_count"":1},{""name"":""/pf/pose/odom"",""type"":""nav_msgs/msg/Odometry"",""message_count"":12610},{""name"":""/rosout"",""type"":""rcl_interfaces/msg/Log"",""message_count"":1828},{""name"":""/scan"",""type"":""sensor_msgs/msg/LaserScan"",""message_count"":12412},{""name"":""/sensors/core"",""type"":""vesc_msgs/msg/VescStateStamped"",""message_count"":16718},{""name"":""/sensors/imu"",""type"":""vesc_msgs/msg/VescImuStamped"",""message_count"":16718},{""name"":""/sensors/imu/raw"",""type"":""sensor_msgs/msg/Imu"",""message_count"":16719},{""name"":""/sensors/servo_position_command"",""type"":""std_msgs/msg/Float64"",""message_count"":8996},{""name"":""/state"",""type"":""f110_msgs/msg/StateMachine"",""message_count"":3351},{""name"":""/static_obs"",""type"":""f110_msgs/msg/ObstacleArray"",""message_count"":12360},{""name"":""/static_obs/markers"",""type"":""visualization_msgs/msg/MarkerArray"",""message_count"":12362},{""name"":""/teleop"",""type"":""ackermann_msgs/msg/AckermannDriveStamped"",""message_count"":4952},{""name"":""/tf"",""type"":""tf2_msgs/msg/TFMessage"",""message_count"":29327},{""name"":""/tf_static"",""type"":""tf2_msgs/msg/TFMessage"",""message_count"":1},{""name"":""/trackbounds/markers"",""type"":""visualization_msgs/msg/MarkerArray"",""message_count"":168}]","[{""path"":""rosbag2_2026_08_23-08_07_15_0.mcap"",""exists"":true,""size_bytes"":466945790}]",3ae6436236d23b089d4ea355484b62d0203d7a3690ffff869ea6550bfa18bc50,2fd64cb249836c3418efa7b41a0ea00b99ef6447fdf495a19e003e7a2f62b740,,False,True
rosbag_research_inventory/1,/home/sungho/.local/share/Trash/files/rosbag2_2026_08_24-13_42_16,rosbag2_2026_08_24-13_42_16,mcap,639.655758115,0,561452,55,1787546536351088439,1787547176006846554,"[{""name"":""/ackermann_cmd"",""type"":""ackermann_msgs/msg/AckermannDriveStamped"",""message_count"":14476},{""name"":""/avoid_waypoints"",""type"":""f110_msgs/msg/OTWpntArray"",""message_count"":15768},{""name"":""/bond"",""type"":""bond/msg/Status"",""message_count"":9373},{""name"":""/car_state/frenet/odom"",""type"":""nav_msgs/msg/Odometry"",""message_count"":15260},{""name"":""/centerline_waypoints"",""type"":""f110_msgs/msg/WpntArray"",""message_count"":319},{""name"":""/centerline_waypoints/markers"",""type"":""visualization_msgs/msg/MarkerArray"",""message_count"":319},{""name"":""/clicked_point"",""type"":""geometry_msgs/msg/PointStamped"",""message_count"":0},{""name"":""/commands/motor/brake"",""type"":""std_msgs/msg/Float64"",""message_count"":6705},{""name"":""/commands/motor/speed"",""type"":""std_msgs/msg/Float64"",""message_count"":13910},{""name"":""/commands/servo/position"",""type"":""std_msgs/msg/Float64"",""message_count"":14488},{""name"":""/confirmed_static_obs"",""type"":""f110_msgs/msg/ObstacleArray"",""message_count"":8813},{""name"":""/cruise/gap_data"",""type"":""f110_msgs/msg/GapData"",""message_count"":0},{""name"":""/cruise_speed_limit"",""type"":""std_msgs/msg/Float64"",""message_count"":31754},{""name"":""/debug/l1_lookahead"",""type"":""visualization_msgs/msg/MarkerArray"",""message_count"":23968},{""name"":""/diagnostics"",""type"":""diagnostic_msgs/msg/DiagnosticArray"",""message_count"":2782},{""name"":""/drive"",""type"":""ackermann_msgs/msg/AckermannDriveStamped"",""message_count"":31271},{""name"":""/drive_autonomous"",""type"":""ackermann_msgs/msg/AckermannDriveStamped"",""message_count"":31270},{""name"":""/drive_mode"",""type"":""std_msgs/msg/String"",""message_count"":12269},{""name"":""/estimated_lap_time"",""type"":""std_msgs/msg/Float32"",""message_count"":319},{""name"":""/estop_lock"",""type"":""std_msgs/msg/Bool"",""message_count"":12269},{""name"":""/events/write_split"",""type"":""rosbag2_interfaces/msg/WriteSplitEvent"",""message_count"":0},{""name"":""/global_waypoints"",""type"":""f110_msgs/msg/WpntArray"",""message_count"":317},{""name"":""/global_waypoints/markers"",""type"":""visualization_msgs/msg/MarkerArray"",""message_count"":319},{""name"":""/global_waypoints/shortest_path"",""type"":""f110_msgs/msg/WpntArray"",""message_count"":319},{""name"":""/goal_pose"",""type"":""geometry_msgs/msg/PoseStamped"",""message_count"":0},{""name"":""/initialpose"",""type"":""geometry_msgs/msg/PoseWithCovarianceStamped"",""message_count"":16},{""name"":""/joy"",""type"":""sensor_msgs/msg/Joy"",""message_count"":10016},{""name"":""/kinematic_localization/diagnostics"",""type"":""diagnostic_msgs/msg/DiagnosticArray"",""message_count"":16524},{""name"":""/laser_status"",""type"":""urg_node_msgs/msg/Status"",""message_count"":0},{""name"":""/local_planning/p3_shadow"",""type"":""std_msgs/msg/String"",""message_count"":1516},{""name"":""/local_planning/path"",""type"":""nav_msgs/msg/Path"",""message_count"":3603},{""name"":""/local_planning/reference_map"",""type"":""nav_msgs/msg/OccupancyGrid"",""message_count"":6},{""name"":""/local_planning_map_server/transition_event"",""type"":""lifecycle_msgs/msg/TransitionEvent"",""message_count"":28},{""name"":""/local_waypoints"",""type"":""f110_msgs/msg/WpntArray"",""message_count"":12253},{""name"":""/local_waypoints/path"",""type"":""nav_msgs/msg/Path"",""message_count"":12252},{""name"":""/map"",""type"":""nav_msgs/msg/OccupancyGrid"",""message_count"":64},{""name"":""/map_infos"",""type"":""std_msgs/msg/String"",""message_count"":319},{""name"":""/odom"",""type"":""nav_msgs/msg/Odometry"",""message_count"":30550},{""name"":""/opp_obs"",""type"":""f110_msgs/msg/ObstacleArray"",""message_count"":5709},{""name"":""/opp_obs/markers"",""type"":""visualization_msgs/msg/MarkerArray"",""message_count"":5709},{""name"":""/parameter_events"",""type"":""rcl_interfaces/msg/ParameterEvent"",""message_count"":1},{""name"":""/pf/pose/odom"",""type"":""nav_msgs/msg/Odometry"",""message_count"":16524},{""name"":""/rosout"",""type"":""rcl_interfaces/msg/Log"",""message_count"":5917},{""name"":""/scan"",""type"":""sensor_msgs/msg/LaserScan"",""message_count"":16464},{""name"":""/sensors/core"",""type"":""vesc_msgs/msg/VescStateStamped"",""message_count"":30813},{""name"":""/sensors/imu"",""type"":""vesc_msgs/msg/VescImuStamped"",""message_count"":30811},{""name"":""/sensors/imu/raw"",""type"":""sensor_msgs/msg/Imu"",""message_count"":30811},{""name"":""/sensors/servo_position_command"",""type"":""std_msgs/msg/Float64"",""message_count"":14488},{""name"":""/state"",""type"":""f110_msgs/msg/StateMachine"",""message_count"":5125},{""name"":""/static_obs"",""type"":""f110_msgs/msg/ObstacleArray"",""message_count"":8812},{""name"":""/static_obs/markers"",""type"":""visualization_msgs/msg/MarkerArray"",""message_count"":8804},{""name"":""/teleop"",""type"":""ackermann_msgs/msg/AckermannDriveStamped"",""message_count"":437},{""name"":""/tf"",""type"":""tf2_msgs/msg/TFMessage"",""message_count"":47270},{""name"":""/tf_static"",""type"":""tf2_msgs/msg/TFMessage"",""message_count"":3},{""name"":""/trackbounds/markers"",""type"":""visualization_msgs/msg/MarkerArray"",""message_count"":319}]","[{""path"":""rosbag2_2026_08_24-13_42_16_0.mcap"",""exists"":false,""size_bytes"":0}]",8c5ce74ba496a4d292c3bc978004e83dfbe0b63609708f1332e789f27ec5a157,a485b004d274bc6152b20d6da2b717e31b09985260042bf792bdb6f07575c3bc,,False,True
rosbag_research_inventory/1,/home/sungho/.local/share/Trash/files/rosbag2_2026_08_24-16_31_14,rosbag2_2026_08_24-16_31_14,mcap,685.708980832,430237547,546522,45,1787556674441507616,1787557360150488448,"[{""name"":""/ackermann_cmd"",""type"":""ackermann_msgs/msg/AckermannDriveStamped"",""message_count"":17026},{""name"":""/car_state/frenet/odom"",""type"":""nav_msgs/msg/Odometry"",""message_count"":18578},{""name"":""/centerline_waypoints"",""type"":""f110_msgs/msg/WpntArray"",""message_count"":340},{""name"":""/centerline_waypoints/markers"",""type"":""visualization_msgs/msg/MarkerArray"",""message_count"":340},{""name"":""/clicked_point"",""type"":""geometry_msgs/msg/PointStamped"",""message_count"":0},{""name"":""/commands/motor/brake"",""type"":""std_msgs/msg/Float64"",""message_count"":3768},{""name"":""/commands/motor/speed"",""type"":""std_msgs/msg/Float64"",""message_count"":16272},{""name"":""/commands/servo/position"",""type"":""std_msgs/msg/Float64"",""message_count"":17033},{""name"":""/cruise/gap_data"",""type"":""f110_msgs/msg/GapData"",""message_count"":0},{""name"":""/cruise_speed_limit"",""type"":""std_msgs/msg/Float64"",""message_count"":34276},{""name"":""/debug/l1_lookahead"",""type"":""visualization_msgs/msg/MarkerArray"",""message_count"":23331},{""name"":""/diagnostics"",""type"":""diagnostic_msgs/msg/DiagnosticArray"",""message_count"":2600},{""name"":""/drive"",""type"":""ackermann_msgs/msg/AckermannDriveStamped"",""message_count"":32708},{""name"":""/drive_autonomous"",""type"":""ackermann_msgs/msg/AckermannDriveStamped"",""message_count"":32707},{""name"":""/drive_mode"",""type"":""std_msgs/msg/String"",""message_count"":12989},{""name"":""/estimated_lap_time"",""type"":""std_msgs/msg/Float32"",""message_count"":340},{""name"":""/estop_lock"",""type"":""std_msgs/msg/Bool"",""message_count"":12989},{""name"":""/events/write_split"",""type"":""rosbag2_interfaces/msg/WriteSplitEvent"",""message_count"":0},{""name"":""/global_waypoints"",""type"":""f110_msgs/msg/WpntArray"",""message_count"":341},{""name"":""/global_waypoints/markers"",""type"":""visualization_msgs/msg/MarkerArray"",""message_count"":340},{""name"":""/global_waypoints/shortest_path"",""type"":""f110_msgs/msg/WpntArray"",""message_count"":340},{""name"":""/goal_pose"",""type"":""geometry_msgs/msg/PoseStamped"",""message_count"":0},{""name"":""/initialpose"",""type"":""geometry_msgs/msg/PoseWithCovarianceStamped"",""message_count"":23},{""name"":""/joy"",""type"":""sensor_msgs/msg/Joy"",""message_count"":10743},{""name"":""/kinematic_localization/diagnostics"",""type"":""diagnostic_msgs/msg/DiagnosticArray"",""message_count"":19146},{""name"":""/laser_status"",""type"":""urg_node_msgs/msg/Status"",""message_count"":0},{""name"":""/local_waypoints"",""type"":""f110_msgs/msg/WpntArray"",""message_count"":16680},{""name"":""/local_waypoints/path"",""type"":""nav_msgs/msg/Path"",""message_count"":16680},{""name"":""/map"",""type"":""nav_msgs/msg/OccupancyGrid"",""message_count"":60},{""name"":""/map_infos"",""type"":""std_msgs/msg/String"",""message_count"":340},{""name"":""/odom"",""type"":""nav_msgs/msg/Odometry"",""message_count"":30921},{""name"":""/parameter_events"",""type"":""rcl_interfaces/msg/ParameterEvent"",""message_count"":0},{""name"":""/pf/pose/odom"",""type"":""nav_msgs/msg/Odometry"",""message_count"":19147},{""name"":""/rosout"",""type"":""rcl_interfaces/msg/Log"",""message_count"":1775},{""name"":""/scan"",""type"":""sensor_msgs/msg/LaserScan"",""message_count"":25951},{""name"":""/scan_slow"",""type"":""sensor_msgs/msg/LaserScan"",""message_count"":2889},{""name"":""/sensors/core"",""type"":""vesc_msgs/msg/VescStateStamped"",""message_count"":32697},{""name"":""/sensors/imu"",""type"":""vesc_msgs/msg/VescImuStamped"",""message_count"":32697},{""name"":""/sensors/imu/raw"",""type"":""sensor_msgs/msg/Imu"",""message_count"":32698},{""name"":""/sensors/servo_position_command"",""type"":""std_msgs/msg/Float64"",""message_count"":17079},{""name"":""/state"",""type"":""f110_msgs/msg/StateMachine"",""message_count"":5671},{""name"":""/teleop"",""type"":""ackermann_msgs/msg/AckermannDriveStamped"",""message_count"":4588},{""name"":""/tf"",""type"":""tf2_msgs/msg/TFMessage"",""message_count"":50077},{""name"":""/tf_static"",""type"":""tf2_msgs/msg/TFMessage"",""message_count"":2},{""name"":""/trackbounds/markers"",""type"":""visualization_msgs/msg/MarkerArray"",""message_count"":340}]","[{""path"":""rosbag2_2026_08_24-16_31_14_0.mcap"",""exists"":true,""size_bytes"":430237547}]",16d5544e560a0f9b89af4279070ac5ad4c2d3e95115c8d66bea53bcc1de047ee,40a2d15e557d002af2d09a1a3e1f55a5ecabc45dde93e725e8eb993fdfba3ea2,,False,True
rosbag_research_inventory/1,/home/sungho/.local/share/Trash/files/rosbag2_2026_08_24-16_48_15,rosbag2_2026_08_24-16_48_15,mcap,571.785024672,286939107,398544,56,1787557696012718016,1787558267797742688,"[{""name"":""/ackermann_cmd"",""type"":""ackermann_msgs/msg/AckermannDriveStamped"",""message_count"":8190},{""name"":""/avoid_waypoints"",""type"":""f110_msgs/msg/OTWpntArray"",""message_count"":14110},{""name"":""/bond"",""type"":""bond/msg/Status"",""message_count"":7299},{""name"":""/car_state/frenet/odom"",""type"":""nav_msgs/msg/Odometry"",""message_count"":7190},{""name"":""/centerline_waypoints"",""type"":""f110_msgs/msg/WpntArray"",""message_count"":285},{""name"":""/centerline_waypoints/markers"",""type"":""visualization_msgs/msg/MarkerArray"",""message_count"":285},{""name"":""/clicked_point"",""type"":""geometry_msgs/msg/PointStamped"",""message_count"":0},{""name"":""/commands/motor/brake"",""type"":""std_msgs/msg/Float64"",""message_count"":4814},{""name"":""/commands/motor/speed"",""type"":""std_msgs/msg/Float64"",""message_count"":8034},{""name"":""/commands/servo/position"",""type"":""std_msgs/msg/Float64"",""message_count"":8201},{""name"":""/confirmed_static_obs"",""type"":""f110_msgs/msg/ObstacleArray"",""message_count"":3001},{""name"":""/cruise/gap_data"",""type"":""f110_msgs/msg/GapData"",""message_count"":0},{""name"":""/cruise_speed_limit"",""type"":""std_msgs/msg/Float64"",""message_count"":27357},{""name"":""/debug/l1_lookahead"",""type"":""visualization_msgs/msg/MarkerArray"",""message_count"":10408},{""name"":""/diagnostics"",""type"":""diagnostic_msgs/msg/DiagnosticArray"",""message_count"":2392},{""name"":""/drive"",""type"":""ackermann_msgs/msg/AckermannDriveStamped"",""message_count"":25811},{""name"":""/drive_autonomous"",""type"":""ackermann_msgs/msg/AckermannDriveStamped"",""message_count"":26214},{""name"":""/drive_mode"",""type"":""std_msgs/msg/String"",""message_count"":11037},{""name"":""/estimated_lap_time"",""type"":""std_msgs/msg/Float32"",""message_count"":285},{""name"":""/estop_lock"",""type"":""std_msgs/msg/Bool"",""message_count"":11028},{""name"":""/events/write_split"",""type"":""rosbag2_interfaces/msg/WriteSplitEvent"",""message_count"":0},{""name"":""/global_waypoints"",""type"":""f110_msgs/msg/WpntArray"",""message_count"":281},{""name"":""/global_waypoints/markers"",""type"":""visualization_msgs/msg/MarkerArray"",""message_count"":285},{""name"":""/global_waypoints/shortest_path"",""type"":""f110_msgs/msg/WpntArray"",""message_count"":285},{""name"":""/goal_pose"",""type"":""geometry_msgs/msg/PoseStamped"",""message_count"":0},{""name"":""/initialpose"",""type"":""geometry_msgs/msg/PoseWithCovarianceStamped"",""message_count"":10},{""name"":""/joy"",""type"":""sensor_msgs/msg/Joy"",""message_count"":9296},{""name"":""/kinematic_localization/diagnostics"",""type"":""diagnostic_msgs/msg/DiagnosticArray"",""message_count"":7517},{""name"":""/laser_status"",""type"":""urg_node_msgs/msg/Status"",""message_count"":0},{""name"":""/local_planning/p3_shadow"",""type"":""std_msgs/msg/String"",""message_count"":978},{""name"":""/local_planning/path"",""type"":""nav_msgs/msg/Path"",""message_count"":3119},{""name"":""/local_planning/reference_map"",""type"":""nav_msgs/msg/OccupancyGrid"",""message_count"":3},{""name"":""/local_planning_map_server/transition_event"",""type"":""lifecycle_msgs/msg/TransitionEvent"",""message_count"":19},{""name"":""/local_waypoints"",""type"":""f110_msgs/msg/WpntArray"",""message_count"":5647},{""name"":""/local_waypoints/path"",""type"":""nav_msgs/msg/Path"",""message_count"":5646},{""name"":""/map"",""type"":""nav_msgs/msg/OccupancyGrid"",""message_count"":46},{""name"":""/map_infos"",""type"":""std_msgs/msg/String"",""message_count"":285},{""name"":""/odom"",""type"":""nav_msgs/msg/Odometry"",""message_count"":20055},{""name"":""/opp_obs"",""type"":""f110_msgs/msg/ObstacleArray"",""message_count"":1334},{""name"":""/opp_obs/markers"",""type"":""visualization_msgs/msg/MarkerArray"",""message_count"":1334},{""name"":""/parameter_events"",""type"":""rcl_interfaces/msg/ParameterEvent"",""message_count"":1},{""name"":""/pf/pose/odom"",""type"":""nav_msgs/msg/Odometry"",""message_count"":7517},{""name"":""/rosout"",""type"":""rcl_interfaces/msg/Log"",""message_count"":3319},{""name"":""/scan"",""type"":""sensor_msgs/msg/LaserScan"",""message_count"":18500},{""name"":""/scan_slow"",""type"":""sensor_msgs/msg/LaserScan"",""message_count"":1692},{""name"":""/sensors/core"",""type"":""vesc_msgs/msg/VescStateStamped"",""message_count"":27824},{""name"":""/sensors/imu"",""type"":""vesc_msgs/msg/VescImuStamped"",""message_count"":27817},{""name"":""/sensors/imu/raw"",""type"":""sensor_msgs/msg/Imu"",""message_count"":27819},{""name"":""/sensors/servo_position_command"",""type"":""std_msgs/msg/Float64"",""message_count"":8197},{""name"":""/state"",""type"":""f110_msgs/msg/StateMachine"",""message_count"":4837},{""name"":""/static_obs"",""type"":""f110_msgs/msg/ObstacleArray"",""message_count"":3001},{""name"":""/static_obs/markers"",""type"":""visualization_msgs/msg/MarkerArray"",""message_count"":3001},{""name"":""/teleop"",""type"":""ackermann_msgs/msg/AckermannDriveStamped"",""message_count"":4943},{""name"":""/tf"",""type"":""tf2_msgs/msg/TFMessage"",""message_count"":27709},{""name"":""/tf_static"",""type"":""tf2_msgs/msg/TFMessage"",""message_count"":1},{""name"":""/trackbounds/markers"",""type"":""visualization_msgs/msg/MarkerArray"",""message_count"":285}]","[{""path"":""rosbag2_2026_08_24-16_48_15_0.mcap"",""exists"":true,""size_bytes"":286939107}]",8209998677befb4517a697f2344bc30be514ef5349a4ff85abaae775f7de027a,0bf07aa923c7345e7b9622306019dec4ff8998f4f9b3d7120bc9f39d416ce758,,False,True
rosbag_research_inventory/1,/home/sungho/.local/share/Trash/files/rosbag2_2026_08_24-19_00_30,rosbag2_2026_08_24-19_00_30,mcap,944.196909548,906095251,967747,56,1787565630140172974,1787566574337082522,"[{""name"":""/ackermann_cmd"",""type"":""ackermann_msgs/msg/AckermannDriveStamped"",""message_count"":28752},{""name"":""/avoid_waypoints"",""type"":""f110_msgs/msg/OTWpntArray"",""message_count"":22480},{""name"":""/bond"",""type"":""bond/msg/Status"",""message_count"":12704},{""name"":""/car_state/frenet/odom"",""type"":""nav_msgs/msg/Odometry"",""message_count"":34185},{""name"":""/centerline_waypoints"",""type"":""f110_msgs/msg/WpntArray"",""message_count"":471},{""name"":""/centerline_waypoints/markers"",""type"":""visualization_msgs/msg/MarkerArray"",""message_count"":471},{""name"":""/clicked_point"",""type"":""geometry_msgs/msg/PointStamped"",""message_count"":0},{""name"":""/commands/motor/brake"",""type"":""std_msgs/msg/Float64"",""message_count"":5535},{""name"":""/commands/motor/speed"",""type"":""std_msgs/msg/Float64"",""message_count"":27307},{""name"":""/commands/servo/position"",""type"":""std_msgs/msg/Float64"",""message_count"":28753},{""name"":""/confirmed_static_obs"",""type"":""f110_msgs/msg/ObstacleArray"",""message_count"":17627},{""name"":""/cruise/gap_data"",""type"":""f110_msgs/msg/GapData"",""message_count"":554},{""name"":""/cruise_speed_limit"",""type"":""std_msgs/msg/Float64"",""message_count"":47068},{""name"":""/debug/l1_lookahead"",""type"":""visualization_msgs/msg/MarkerArray"",""message_count"":39593},{""name"":""/diagnostics"",""type"":""diagnostic_msgs/msg/DiagnosticArray"",""message_count"":4409},{""name"":""/drive"",""type"":""ackermann_msgs/msg/AckermannDriveStamped"",""message_count"":46661},{""name"":""/drive_autonomous"",""type"":""ackermann_msgs/msg/AckermannDriveStamped"",""message_count"":46661},{""name"":""/drive_mode"",""type"":""std_msgs/msg/String"",""message_count"":18803},{""name"":""/estimated_lap_time"",""type"":""std_msgs/msg/Float32"",""message_count"":471},{""name"":""/estop_lock"",""type"":""std_msgs/msg/Bool"",""message_count"":18803},{""name"":""/events/write_split"",""type"":""rosbag2_interfaces/msg/WriteSplitEvent"",""message_count"":0},{""name"":""/global_waypoints"",""type"":""f110_msgs/msg/WpntArray"",""message_count"":472},{""name"":""/global_waypoints/markers"",""type"":""visualization_msgs/msg/MarkerArray"",""message_count"":471},{""name"":""/global_waypoints/shortest_path"",""type"":""f110_msgs/msg/WpntArray"",""message_count"":471},{""name"":""/goal_pose"",""type"":""geometry_msgs/msg/PoseStamped"",""message_count"":0},{""name"":""/initialpose"",""type"":""geometry_msgs/msg/PoseWithCovarianceStamped"",""message_count"":27},{""name"":""/joy"",""type"":""sensor_msgs/msg/Joy"",""message_count"":15372},{""name"":""/kinematic_localization/diagnostics"",""type"":""diagnostic_msgs/msg/DiagnosticArray"",""message_count"":32805},{""name"":""/laser_status"",""type"":""urg_node_msgs/msg/Status"",""message_count"":0},{""name"":""/local_planning/p3_shadow"",""type"":""std_msgs/msg/String"",""message_count"":1866},{""name"":""/local_planning/path"",""type"":""nav_msgs/msg/Path"",""message_count"":5122},{""name"":""/local_planning/reference_map"",""type"":""nav_msgs/msg/OccupancyGrid"",""message_count"":4},{""name"":""/local_planning_map_server/transition_event"",""type"":""lifecycle_msgs/msg/TransitionEvent"",""message_count"":12},{""name"":""/local_waypoints"",""type"":""f110_msgs/msg/WpntArray"",""message_count"":28424},{""name"":""/local_waypoints/path"",""type"":""nav_msgs/msg/Path"",""message_count"":28424},{""name"":""/map"",""type"":""nav_msgs/msg/OccupancyGrid"",""message_count"":95},{""name"":""/map_infos"",""type"":""std_msgs/msg/String"",""message_count"":471},{""name"":""/odom"",""type"":""nav_msgs/msg/Odometry"",""message_count"":45836},{""name"":""/opp_obs"",""type"":""f110_msgs/msg/ObstacleArray"",""message_count"":12800},{""name"":""/opp_obs/markers"",""type"":""visualization_msgs/msg/MarkerArray"",""message_count"":12800},{""name"":""/parameter_events"",""type"":""rcl_interfaces/msg/ParameterEvent"",""message_count"":0},{""name"":""/pf/pose/odom"",""type"":""nav_msgs/msg/Odometry"",""message_count"":34537},{""name"":""/rosout"",""type"":""rcl_interfaces/msg/Log"",""message_count"":5136},{""name"":""/scan"",""type"":""sensor_msgs/msg/LaserScan"",""message_count"":37650},{""name"":""/scan_slow"",""type"":""sensor_msgs/msg/LaserScan"",""message_count"":4409},{""name"":""/sensors/core"",""type"":""vesc_msgs/msg/VescStateStamped"",""message_count"":47140},{""name"":""/sensors/imu"",""type"":""vesc_msgs/msg/VescImuStamped"",""message_count"":47140},{""name"":""/sensors/imu/raw"",""type"":""sensor_msgs/msg/Imu"",""message_count"":47140},{""name"":""/sensors/servo_position_command"",""type"":""std_msgs/msg/Float64"",""message_count"":28752},{""name"":""/state"",""type"":""f110_msgs/msg/StateMachine"",""message_count"":7710},{""name"":""/static_obs"",""type"":""f110_msgs/msg/ObstacleArray"",""message_count"":17627},{""name"":""/static_obs/markers"",""type"":""visualization_msgs/msg/MarkerArray"",""message_count"":17627},{""name"":""/teleop"",""type"":""ackermann_msgs/msg/AckermannDriveStamped"",""message_count"":5247},{""name"":""/tf"",""type"":""tf2_msgs/msg/TFMessage"",""message_count"":80380},{""name"":""/tf_static"",""type"":""tf2_msgs/msg/TFMessage"",""message_count"":1},{""name"":""/trackbounds/markers"",""type"":""visualization_msgs/msg/MarkerArray"",""message_count"":471}]","[{""path"":""rosbag2_2026_08_24-19_00_30_0.mcap"",""exists"":true,""size_bytes"":906095251}]",ab4cf189a8684d53086de9dd1f0efd9dfc4fe308bc714999cb8ab8b4ef1ba1db,1a3f7d017522e93cd72abd211d4118f6ae0c8ba8765dd50036c8e675f83257d8,,False,True
rosbag_research_inventory/1,/home/sungho/.local/share/Trash/files/rosbag2_2026_08_24-19_24_17,rosbag2_2026_08_24-19_24_17,mcap,769.070167171,806653367,775242,56,1787567057740534285,1787567826810701456,"[{""name"":""/ackermann_cmd"",""type"":""ackermann_msgs/msg/AckermannDriveStamped"",""message_count"":19566},{""name"":""/avoid_waypoints"",""type"":""f110_msgs/msg/OTWpntArray"",""message_count"":22878},{""name"":""/bond"",""type"":""bond/msg/Status"",""message_count"":12985},{""name"":""/car_state/frenet/odom"",""type"":""nav_msgs/msg/Odometry"",""message_count"":24865},{""name"":""/centerline_waypoints"",""type"":""f110_msgs/msg/WpntArray"",""message_count"":384},{""name"":""/centerline_waypoints/markers"",""type"":""visualization_msgs/msg/MarkerArray"",""message_count"":384},{""name"":""/clicked_point"",""type"":""geometry_msgs/msg/PointStamped"",""message_count"":0},{""name"":""/commands/motor/brake"",""type"":""std_msgs/msg/Float64"",""message_count"":5777},{""name"":""/commands/motor/speed"",""type"":""std_msgs/msg/Float64"",""message_count"":18278},{""name"":""/commands/servo/position"",""type"":""std_msgs/msg/Float64"",""message_count"":19566},{""name"":""/confirmed_static_obs"",""type"":""f110_msgs/msg/ObstacleArray"",""message_count"":20614},{""name"":""/cruise/gap_data"",""type"":""f110_msgs/msg/GapData"",""message_count"":105},{""name"":""/cruise_speed_limit"",""type"":""std_msgs/msg/Float64"",""message_count"":37912},{""name"":""/debug/l1_lookahead"",""type"":""visualization_msgs/msg/MarkerArray"",""message_count"":29130},{""name"":""/diagnostics"",""type"":""diagnostic_msgs/msg/DiagnosticArray"",""message_count"":3579},{""name"":""/drive"",""type"":""ackermann_msgs/msg/AckermannDriveStamped"",""message_count"":37623},{""name"":""/drive_autonomous"",""type"":""ackermann_msgs/msg/AckermannDriveStamped"",""message_count"":37616},{""name"":""/drive_mode"",""type"":""std_msgs/msg/String"",""message_count"":14699},{""name"":""/estimated_lap_time"",""type"":""std_msgs/msg/Float32"",""message_count"":384},{""name"":""/estop_lock"",""type"":""std_msgs/msg/Bool"",""message_count"":14699},{""name"":""/events/write_split"",""type"":""rosbag2_interfaces/msg/WriteSplitEvent"",""message_count"":0},{""name"":""/global_waypoints"",""type"":""f110_msgs/msg/WpntArray"",""message_count"":384},{""name"":""/global_waypoints/markers"",""type"":""visualization_msgs/msg/MarkerArray"",""message_count"":384},{""name"":""/global_waypoints/shortest_path"",""type"":""f110_msgs/msg/WpntArray"",""message_count"":384},{""name"":""/goal_pose"",""type"":""geometry_msgs/msg/PoseStamped"",""message_count"":0},{""name"":""/initialpose"",""type"":""geometry_msgs/msg/PoseWithCovarianceStamped"",""message_count"":17},{""name"":""/joy"",""type"":""sensor_msgs/msg/Joy"",""message_count"":13292},{""name"":""/kinematic_localization/diagnostics"",""type"":""diagnostic_msgs/msg/DiagnosticArray"",""message_count"":23787},{""name"":""/laser_status"",""type"":""urg_node_msgs/msg/Status"",""message_count"":0},{""name"":""/local_planning/p3_shadow"",""type"":""std_msgs/msg/String"",""message_count"":1986},{""name"":""/local_planning/path"",""type"":""nav_msgs/msg/Path"",""message_count"":5187},{""name"":""/local_planning/reference_map"",""type"":""nav_msgs/msg/OccupancyGrid"",""message_count"":4},{""name"":""/local_planning_map_server/transition_event"",""type"":""lifecycle_msgs/msg/TransitionEvent"",""message_count"":12},{""name"":""/local_waypoints"",""type"":""f110_msgs/msg/WpntArray"",""message_count"":18332},{""name"":""/local_waypoints/path"",""type"":""nav_msgs/msg/Path"",""message_count"":18332},{""name"":""/map"",""type"":""nav_msgs/msg/OccupancyGrid"",""message_count"":77},{""name"":""/map_infos"",""type"":""std_msgs/msg/String"",""message_count"":384},{""name"":""/odom"",""type"":""nav_msgs/msg/Odometry"",""message_count"":36084},{""name"":""/opp_obs"",""type"":""f110_msgs/msg/ObstacleArray"",""message_count"":15526},{""name"":""/opp_obs/markers"",""type"":""visualization_msgs/msg/MarkerArray"",""message_count"":15526},{""name"":""/parameter_events"",""type"":""rcl_interfaces/msg/ParameterEvent"",""message_count"":18},{""name"":""/pf/pose/odom"",""type"":""nav_msgs/msg/Odometry"",""message_count"":25147},{""name"":""/rosout"",""type"":""rcl_interfaces/msg/Log"",""message_count"":4965},{""name"":""/scan"",""type"":""sensor_msgs/msg/LaserScan"",""message_count"":29288},{""name"":""/scan_slow"",""type"":""sensor_msgs/msg/LaserScan"",""message_count"":3410},{""name"":""/sensors/core"",""type"":""vesc_msgs/msg/VescStateStamped"",""message_count"":36805},{""name"":""/sensors/imu"",""type"":""vesc_msgs/msg/VescImuStamped"",""message_count"":36804},{""name"":""/sensors/imu/raw"",""type"":""sensor_msgs/msg/Imu"",""message_count"":36804},{""name"":""/sensors/servo_position_command"",""type"":""std_msgs/msg/Float64"",""message_count"":19566},{""name"":""/state"",""type"":""f110_msgs/msg/StateMachine"",""message_count"":5032},{""name"":""/static_obs"",""type"":""f110_msgs/msg/ObstacleArray"",""message_count"":20614},{""name"":""/static_obs/markers"",""type"":""visualization_msgs/msg/MarkerArray"",""message_count"":20614},{""name"":""/teleop"",""type"":""ackermann_msgs/msg/AckermannDriveStamped"",""message_count"":3794},{""name"":""/tf"",""type"":""tf2_msgs/msg/TFMessage"",""message_count"":61252},{""name"":""/tf_static"",""type"":""tf2_msgs/msg/TFMessage"",""message_count"":3},{""name"":""/trackbounds/markers"",""type"":""visualization_msgs/msg/MarkerArray"",""message_count"":384}]","[{""path"":""rosbag2_2026_08_24-19_24_17_0.mcap"",""exists"":true,""size_bytes"":806653367}]",36978bef930c89b8f5a88eee1a6e6375749bb0784566e8111319b22c0eeb76f9,d71715aee9d21becf50c74602165684085f9f74521359eccd4d93cc300692830,,False,True
rosbag_research_inventory/1,/home/sungho/.local/share/Trash/files/rosbag2_2026_08_25-09_23_32,rosbag2_2026_08_25-09_23_32,mcap,53.798262370,83129253,59314,55,1787617412411016974,1787617466209279344,"[{""name"":""/ackermann_cmd"",""type"":""ackermann_msgs/msg/AckermannDriveStamped"",""message_count"":917},{""name"":""/avoid_waypoints"",""type"":""f110_msgs/msg/OTWpntArray"",""message_count"":2027},{""name"":""/car_state/frenet/odom"",""type"":""nav_msgs/msg/Odometry"",""message_count"":1975},{""name"":""/centerline_waypoints"",""type"":""f110_msgs/msg/WpntArray"",""message_count"":26},{""name"":""/centerline_waypoints/markers"",""type"":""visualization_msgs/msg/MarkerArray"",""message_count"":26},{""name"":""/clicked_point"",""type"":""geometry_msgs/msg/PointStamped"",""message_count"":0},{""name"":""/commands/motor/brake"",""type"":""std_msgs/msg/Float64"",""message_count"":601},{""name"":""/commands/motor/speed"",""type"":""std_msgs/msg/Float64"",""message_count"":822},{""name"":""/commands/servo/position"",""type"":""std_msgs/msg/Float64"",""message_count"":917},{""name"":""/confirmed_static_obs"",""type"":""f110_msgs/msg/ObstacleArray"",""message_count"":2027},{""name"":""/cruise/gap_data"",""type"":""f110_msgs/msg/GapData"",""message_count"":0},{""name"":""/cruise_speed_limit"",""type"":""std_msgs/msg/Float64"",""message_count"":2618},{""name"":""/debug/l1_lookahead"",""type"":""visualization_msgs/msg/MarkerArray"",""message_count"":2612},{""name"":""/diagnostics"",""type"":""diagnostic_msgs/msg/DiagnosticArray"",""message_count"":263},{""name"":""/drive"",""type"":""ackermann_msgs/msg/AckermannDriveStamped"",""message_count"":2673},{""name"":""/drive_autonomous"",""type"":""ackermann_msgs/msg/AckermannDriveStamped"",""message_count"":2612},{""name"":""/drive_mode"",""type"":""std_msgs/msg/String"",""message_count"":1027},{""name"":""/estimated_lap_time"",""type"":""std_msgs/msg/Float32"",""message_count"":26},{""name"":""/estop_lock"",""type"":""std_msgs/msg/Bool"",""message_count"":1027},{""name"":""/events/write_split"",""type"":""rosbag2_interfaces/msg/WriteSplitEvent"",""message_count"":0},{""name"":""/global_waypoints"",""type"":""f110_msgs/msg/WpntArray"",""message_count"":27},{""name"":""/global_waypoints/markers"",""type"":""visualization_msgs/msg/MarkerArray"",""message_count"":26},{""name"":""/global_waypoints/shortest_path"",""type"":""f110_msgs/msg/WpntArray"",""message_count"":26},{""name"":""/goal_pose"",""type"":""geometry_msgs/msg/PoseStamped"",""message_count"":0},{""name"":""/initialpose"",""type"":""geometry_msgs/msg/PoseWithCovarianceStamped"",""message_count"":3},{""name"":""/joy"",""type"":""sensor_msgs/msg/Joy"",""message_count"":860},{""name"":""/kinematic_localization/diagnostics"",""type"":""diagnostic_msgs/msg/DiagnosticArray"",""message_count"":2142},{""name"":""/lap_count"",""type"":""std_msgs/msg/Int32"",""message_count"":2},{""name"":""/laser_status"",""type"":""urg_node_msgs/msg/Status"",""message_count"":0},{""name"":""/local_planning/p3_shadow"",""type"":""std_msgs/msg/String"",""message_count"":102},{""name"":""/local_planning/path"",""type"":""nav_msgs/msg/Path"",""message_count"":445},{""name"":""/local_planning_map_server/transition_event"",""type"":""lifecycle_msgs/msg/TransitionEvent"",""message_count"":0},{""name"":""/local_waypoints"",""type"":""f110_msgs/msg/WpntArray"",""message_count"":1894},{""name"":""/local_waypoints/path"",""type"":""nav_msgs/msg/Path"",""message_count"":1894},{""name"":""/map"",""type"":""nav_msgs/msg/OccupancyGrid"",""message_count"":7},{""name"":""/map_infos"",""type"":""std_msgs/msg/String"",""message_count"":26},{""name"":""/odom"",""type"":""nav_msgs/msg/Odometry"",""message_count"":2683},{""name"":""/opp_obs"",""type"":""f110_msgs/msg/ObstacleArray"",""message_count"":1836},{""name"":""/opp_obs/markers"",""type"":""visualization_msgs/msg/MarkerArray"",""message_count"":1836},{""name"":""/parameter_events"",""type"":""rcl_interfaces/msg/ParameterEvent"",""message_count"":0},{""name"":""/pf/pose/odom"",""type"":""nav_msgs/msg/Odometry"",""message_count"":2142},{""name"":""/rosout"",""type"":""rcl_interfaces/msg/Log"",""message_count"":443},{""name"":""/scan"",""type"":""sensor_msgs/msg/LaserScan"",""message_count"":2072},{""name"":""/scan_slow"",""type"":""sensor_msgs/msg/LaserScan"",""message_count"":255},{""name"":""/sensors/core"",""type"":""vesc_msgs/msg/VescStateStamped"",""message_count"":2600},{""name"":""/sensors/imu"",""type"":""vesc_msgs/msg/VescImuStamped"",""message_count"":2598},{""name"":""/sensors/imu/raw"",""type"":""sensor_msgs/msg/Imu"",""message_count"":2600},{""name"":""/sensors/servo_position_command"",""type"":""std_msgs/msg/Float64"",""message_count"":917},{""name"":""/state"",""type"":""f110_msgs/msg/StateMachine"",""message_count"":513},{""name"":""/static_obs"",""type"":""f110_msgs/msg/ObstacleArray"",""message_count"":2027},{""name"":""/static_obs/markers"",""type"":""visualization_msgs/msg/MarkerArray"",""message_count"":2027},{""name"":""/teleop"",""type"":""ackermann_msgs/msg/AckermannDriveStamped"",""message_count"":259},{""name"":""/tf"",""type"":""tf2_msgs/msg/TFMessage"",""message_count"":4829},{""name"":""/tf_static"",""type"":""tf2_msgs/msg/TFMessage"",""message_count"":1},{""name"":""/trackbounds/markers"",""type"":""visualization_msgs/msg/MarkerArray"",""message_count"":26}]","[{""path"":""rosbag2_2026_08_25-09_23_32_0.mcap"",""exists"":true,""size_bytes"":83129253}]",bc36ecbcb0a848bee11fae67e19d9b3f6d4ee4458b6b13127ab44a95bd54f14b,d8630c68d4b5729f046cacc90ad601032f36634b730d0d517d5a83f6fa76f71f,,False,True
rosbag_research_inventory/1,/home/sungho/.local/share/Trash/files/rosbag2_2026_08_25-09_59_22,rosbag2_2026_08_25-09_59_22,mcap,1117.074854521,1357839843,1126487,55,1787619562226058485,1787620679300913006,"[{""name"":""/ackermann_cmd"",""type"":""ackermann_msgs/msg/AckermannDriveStamped"",""message_count"":30036},{""name"":""/avoid_waypoints"",""type"":""f110_msgs/msg/OTWpntArray"",""message_count"":38862},{""name"":""/car_state/frenet/odom"",""type"":""nav_msgs/msg/Odometry"",""message_count"":30809},{""name"":""/centerline_waypoints"",""type"":""f110_msgs/msg/WpntArray"",""message_count"":558},{""name"":""/centerline_waypoints/markers"",""type"":""visualization_msgs/msg/MarkerArray"",""message_count"":558},{""name"":""/clicked_point"",""type"":""geometry_msgs/msg/PointStamped"",""message_count"":0},{""name"":""/commands/motor/brake"",""type"":""std_msgs/msg/Float64"",""message_count"":10487},{""name"":""/commands/motor/speed"",""type"":""std_msgs/msg/Float64"",""message_count"":28022},{""name"":""/commands/servo/position"",""type"":""std_msgs/msg/Float64"",""message_count"":30046},{""name"":""/confirmed_static_obs"",""type"":""f110_msgs/msg/ObstacleArray"",""message_count"":31071},{""name"":""/cruise/gap_data"",""type"":""f110_msgs/msg/GapData"",""message_count"":0},{""name"":""/cruise_speed_limit"",""type"":""std_msgs/msg/Float64"",""message_count"":55299},{""name"":""/debug/l1_lookahead"",""type"":""visualization_msgs/msg/MarkerArray"",""message_count"":41510},{""name"":""/diagnostics"",""type"":""diagnostic_msgs/msg/DiagnosticArray"",""message_count"":5534},{""name"":""/drive"",""type"":""ackermann_msgs/msg/AckermannDriveStamped"",""message_count"":54819},{""name"":""/drive_autonomous"",""type"":""ackermann_msgs/msg/AckermannDriveStamped"",""message_count"":54928},{""name"":""/drive_mode"",""type"":""std_msgs/msg/String"",""message_count"":22239},{""name"":""/estimated_lap_time"",""type"":""std_msgs/msg/Float32"",""message_count"":558},{""name"":""/estop_lock"",""type"":""std_msgs/msg/Bool"",""message_count"":22239},{""name"":""/events/write_split"",""type"":""rosbag2_interfaces/msg/WriteSplitEvent"",""message_count"":0},{""name"":""/global_waypoints"",""type"":""f110_msgs/msg/WpntArray"",""message_count"":559},{""name"":""/global_waypoints/markers"",""type"":""visualization_msgs/msg/MarkerArray"",""message_count"":558},{""name"":""/global_waypoints/shortest_path"",""type"":""f110_msgs/msg/WpntArray"",""message_count"":558},{""name"":""/goal_pose"",""type"":""geometry_msgs/msg/PoseStamped"",""message_count"":1},{""name"":""/initialpose"",""type"":""geometry_msgs/msg/PoseWithCovarianceStamped"",""message_count"":40},{""name"":""/joy"",""type"":""sensor_msgs/msg/Joy"",""message_count"":18173},{""name"":""/kinematic_localization/diagnostics"",""type"":""diagnostic_msgs/msg/DiagnosticArray"",""message_count"":32311},{""name"":""/lap_count"",""type"":""std_msgs/msg/Int32"",""message_count"":13},{""name"":""/laser_status"",""type"":""urg_node_msgs/msg/Status"",""message_count"":0},{""name"":""/local_planning/p3_shadow"",""type"":""std_msgs/msg/String"",""message_count"":3223},{""name"":""/local_planning/path"",""type"":""nav_msgs/msg/Path"",""message_count"":8695},{""name"":""/local_planning_map_server/transition_event"",""type"":""lifecycle_msgs/msg/TransitionEvent"",""message_count"":0},{""name"":""/local_waypoints"",""type"":""f110_msgs/msg/WpntArray"",""message_count"":26695},{""name"":""/local_waypoints/path"",""type"":""nav_msgs/msg/Path"",""message_count"":26695},{""name"":""/map"",""type"":""nav_msgs/msg/OccupancyGrid"",""message_count"":112},{""name"":""/map_infos"",""type"":""std_msgs/msg/String"",""message_count"":558},{""name"":""/odom"",""type"":""nav_msgs/msg/Odometry"",""message_count"":55082},{""name"":""/opp_obs"",""type"":""f110_msgs/msg/ObstacleArray"",""message_count"":26290},{""name"":""/opp_obs/markers"",""type"":""visualization_msgs/msg/MarkerArray"",""message_count"":26290},{""name"":""/parameter_events"",""type"":""rcl_interfaces/msg/ParameterEvent"",""message_count"":1},{""name"":""/pf/pose/odom"",""type"":""nav_msgs/msg/Odometry"",""message_count"":31485},{""name"":""/rosout"",""type"":""rcl_interfaces/msg/Log"",""message_count"":7992},{""name"":""/scan"",""type"":""sensor_msgs/msg/LaserScan"",""message_count"":40647},{""name"":""/scan_slow"",""type"":""sensor_msgs/msg/LaserScan"",""message_count"":4809},{""name"":""/sensors/core"",""type"":""vesc_msgs/msg/VescStateStamped"",""message_count"":55510},{""name"":""/sensors/imu"",""type"":""vesc_msgs/msg/VescImuStamped"",""message_count"":55508},{""name"":""/sensors/imu/raw"",""type"":""sensor_msgs/msg/Imu"",""message_count"":55510},{""name"":""/sensors/servo_position_command"",""type"":""std_msgs/msg/Float64"",""message_count"":30047},{""name"":""/state"",""type"":""f110_msgs/msg/StateMachine"",""message_count"":9524},{""name"":""/static_obs"",""type"":""f110_msgs/msg/ObstacleArray"",""message_count"":31071},{""name"":""/static_obs/markers"",""type"":""visualization_msgs/msg/MarkerArray"",""message_count"":31071},{""name"":""/teleop"",""type"":""ackermann_msgs/msg/AckermannDriveStamped"",""message_count"":2667},{""name"":""/tf"",""type"":""tf2_msgs/msg/TFMessage"",""message_count"":86658},{""name"":""/tf_static"",""type"":""tf2_msgs/msg/TFMessage"",""message_count"":1},{""name"":""/trackbounds/markers"",""type"":""visualization_msgs/msg/MarkerArray"",""message_count"":558}]","[{""path"":""rosbag2_2026_08_25-09_59_22_0.mcap"",""exists"":true,""size_bytes"":1357839843}]",3b58746ea8d2e3f988b038d849bdcf1dc4564187f49bed937dc62abf8623b179,b6bb8aef39bfaadfd9d1f1faa1426e2034078da88c03570604a9ac7b59c06283,,False,True
rosbag_research_inventory/1,/home/sungho/.local/share/Trash/files/rosbag2_2026_08_26-12_51_34,rosbag2_2026_08_26-12_51_34,mcap,268.063657696,314361155,281978,57,1787716294845341536,1787716562908999232,"[{""name"":""/ackermann_cmd"",""type"":""ackermann_msgs/msg/AckermannDriveStamped"",""message_count"":7989},{""name"":""/avoid_waypoints"",""type"":""f110_msgs/msg/OTWpntArray"",""message_count"":5985},{""name"":""/bond"",""type"":""bond/msg/Status"",""message_count"":2972},{""name"":""/car_state/frenet/odom"",""type"":""nav_msgs/msg/Odometry"",""message_count"":10063},{""name"":""/centerline_waypoints"",""type"":""f110_msgs/msg/WpntArray"",""message_count"":134},{""name"":""/centerline_waypoints/markers"",""type"":""visualization_msgs/msg/MarkerArray"",""message_count"":134},{""name"":""/clicked_point"",""type"":""geometry_msgs/msg/PointStamped"",""message_count"":0},{""name"":""/commands/motor/brake"",""type"":""std_msgs/msg/Float64"",""message_count"":2866},{""name"":""/commands/motor/speed"",""type"":""std_msgs/msg/Float64"",""message_count"":7001},{""name"":""/commands/servo/position"",""type"":""std_msgs/msg/Float64"",""message_count"":7979},{""name"":""/confirmed_static_obs"",""type"":""f110_msgs/msg/ObstacleArray"",""message_count"":5937},{""name"":""/cruise/gap_data"",""type"":""f110_msgs/msg/GapData"",""message_count"":80},{""name"":""/cruise_speed_limit"",""type"":""std_msgs/msg/Float64"",""message_count"":13280},{""name"":""/debug/l1_lookahead"",""type"":""visualization_msgs/msg/MarkerArray"",""message_count"":12697},{""name"":""/diagnostics"",""type"":""diagnostic_msgs/msg/DiagnosticArray"",""message_count"":1171},{""name"":""/drive"",""type"":""ackermann_msgs/msg/AckermannDriveStamped"",""message_count"":13351},{""name"":""/drive_autonomous"",""type"":""ackermann_msgs/msg/AckermannDriveStamped"",""message_count"":13286},{""name"":""/drive_mode"",""type"":""std_msgs/msg/String"",""message_count"":5113},{""name"":""/estimated_lap_time"",""type"":""std_msgs/msg/Float32"",""message_count"":134},{""name"":""/estop_lock"",""type"":""std_msgs/msg/Bool"",""message_count"":5113},{""name"":""/events/write_split"",""type"":""rosbag2_interfaces/msg/WriteSplitEvent"",""message_count"":0},{""name"":""/global_waypoints"",""type"":""f110_msgs/msg/WpntArray"",""message_count"":135},{""name"":""/global_waypoints/markers"",""type"":""visualization_msgs/msg/MarkerArray"",""message_count"":134},{""name"":""/global_waypoints/shortest_path"",""type"":""f110_msgs/msg/WpntArray"",""message_count"":134},{""name"":""/initialpose"",""type"":""geometry_msgs/msg/PoseWithCovarianceStamped"",""message_count"":7},{""name"":""/joy"",""type"":""sensor_msgs/msg/Joy"",""message_count"":3651},{""name"":""/kinematic_localization/diagnostics"",""type"":""diagnostic_msgs/msg/DiagnosticArray"",""message_count"":10306},{""name"":""/laser_status"",""type"":""urg_node_msgs/msg/Status"",""message_count"":0},{""name"":""/local_planning/p3_shadow"",""type"":""std_msgs/msg/String"",""message_count"":335},{""name"":""/local_planning/path"",""type"":""nav_msgs/msg/Path"",""message_count"":1308},{""name"":""/local_planning/reference_map"",""type"":""nav_msgs/msg/OccupancyGrid"",""message_count"":1},{""name"":""/local_planning_map_server/transition_event"",""type"":""lifecycle_msgs/msg/TransitionEvent"",""message_count"":4},{""name"":""/local_waypoints"",""type"":""f110_msgs/msg/WpntArray"",""message_count"":9388},{""name"":""/local_waypoints/path"",""type"":""nav_msgs/msg/Path"",""message_count"":9388},{""name"":""/map"",""type"":""nav_msgs/msg/OccupancyGrid"",""message_count"":28},{""name"":""/map_infos"",""type"":""std_msgs/msg/String"",""message_count"":134},{""name"":""/move_base_simple/goal"",""type"":""geometry_msgs/msg/PoseStamped"",""message_count"":0},{""name"":""/odom"",""type"":""nav_msgs/msg/Odometry"",""message_count"":12623},{""name"":""/opp_obs"",""type"":""f110_msgs/msg/ObstacleArray"",""message_count"":5902},{""name"":""/opp_obs/markers"",""type"":""visualization_msgs/msg/MarkerArray"",""message_count"":5902},{""name"":""/parameter_events"",""type"":""rcl_interfaces/msg/ParameterEvent"",""message_count"":0},{""name"":""/pf/pose/odom"",""type"":""nav_msgs/msg/Odometry"",""message_count"":10206},{""name"":""/rosout"",""type"":""rcl_interfaces/msg/Log"",""message_count"":941},{""name"":""/scan"",""type"":""sensor_msgs/msg/LaserScan"",""message_count"":10204},{""name"":""/scan_slow"",""type"":""sensor_msgs/msg/LaserScan"",""message_count"":1178},{""name"":""/sensors/core"",""type"":""vesc_msgs/msg/VescStateStamped"",""message_count"":12737},{""name"":""/sensors/imu"",""type"":""vesc_msgs/msg/VescImuStamped"",""message_count"":12738},{""name"":""/sensors/imu/raw"",""type"":""sensor_msgs/msg/Imu"",""message_count"":12738},{""name"":""/sensors/servo_position_command"",""type"":""std_msgs/msg/Float64"",""message_count"":7943},{""name"":""/slow_scan"",""type"":""sensor_msgs/msg/LaserScan"",""message_count"":1176},{""name"":""/state"",""type"":""f110_msgs/msg/StateMachine"",""message_count"":2472},{""name"":""/static_obs"",""type"":""f110_msgs/msg/ObstacleArray"",""message_count"":5938},{""name"":""/static_obs/markers"",""type"":""visualization_msgs/msg/MarkerArray"",""message_count"":5938},{""name"":""/teleop"",""type"":""ackermann_msgs/msg/AckermannDriveStamped"",""message_count"":40},{""name"":""/tf"",""type"":""tf2_msgs/msg/TFMessage"",""message_count"":22929},{""name"":""/tf_static"",""type"":""tf2_msgs/msg/TFMessage"",""message_count"":1},{""name"":""/trackbounds/markers"",""type"":""visualization_msgs/msg/MarkerArray"",""message_count"":134}]","[{""path"":""rosbag2_2026_08_26-12_51_34_0.mcap"",""exists"":true,""size_bytes"":314361155}]",c294911a55f9d50dd2632927848d938ec5cff8b4ec509f7cbd6fce034ac637c5,550d8b725690262abc28ce0b99b3103ede86c74e21d2cd6ae4b3cbab9421183a,,False,True
rosbag_research_inventory/1,/home/sungho/.local/share/Trash/files/rosbag2_2026_08_26-18_01_29,rosbag2_2026_08_26-18_01_29,mcap,919.520169952,1100432116,1093802,56,1787734889552429009,1787735809072598961,"[{""name"":""/ackermann_cmd"",""type"":""ackermann_msgs/msg/AckermannDriveStamped"",""message_count"":37840},{""name"":""/avoid_waypoints"",""type"":""f110_msgs/msg/OTWpntArray"",""message_count"":36583},{""name"":""/bond"",""type"":""bond/msg/Status"",""message_count"":18357},{""name"":""/car_state/frenet/odom"",""type"":""nav_msgs/msg/Odometry"",""message_count"":34836},{""name"":""/centerline_waypoints"",""type"":""f110_msgs/msg/WpntArray"",""message_count"":443},{""name"":""/centerline_waypoints/markers"",""type"":""visualization_msgs/msg/MarkerArray"",""message_count"":443},{""name"":""/clicked_point"",""type"":""geometry_msgs/msg/PointStamped"",""message_count"":0},{""name"":""/commands/motor/brake"",""type"":""std_msgs/msg/Float64"",""message_count"":8253},{""name"":""/commands/motor/speed"",""type"":""std_msgs/msg/Float64"",""message_count"":31927},{""name"":""/commands/servo/position"",""type"":""std_msgs/msg/Float64"",""message_count"":37813},{""name"":""/confirmed_static_obs"",""type"":""f110_msgs/msg/ObstacleArray"",""message_count"":36502},{""name"":""/cruise/gap_data"",""type"":""f110_msgs/msg/GapData"",""message_count"":3684},{""name"":""/cruise_speed_limit"",""type"":""std_msgs/msg/Float64"",""message_count"":45956},{""name"":""/debug/l1_lookahead"",""type"":""visualization_msgs/msg/MarkerArray"",""message_count"":45701},{""name"":""/diagnostics"",""type"":""diagnostic_msgs/msg/DiagnosticArray"",""message_count"":4591},{""name"":""/drive"",""type"":""ackermann_msgs/msg/AckermannDriveStamped"",""message_count"":45952},{""name"":""/drive_autonomous"",""type"":""ackermann_msgs/msg/AckermannDriveStamped"",""message_count"":45957},{""name"":""/drive_mode"",""type"":""std_msgs/msg/String"",""message_count"":18343},{""name"":""/estimated_lap_time"",""type"":""std_msgs/msg/Float32"",""message_count"":443},{""name"":""/estop_lock"",""type"":""std_msgs/msg/Bool"",""message_count"":18343},{""name"":""/events/write_split"",""type"":""rosbag2_interfaces/msg/WriteSplitEvent"",""message_count"":0},{""name"":""/global_waypoints"",""type"":""f110_msgs/msg/WpntArray"",""message_count"":445},{""name"":""/global_waypoints/markers"",""type"":""visualization_msgs/msg/MarkerArray"",""message_count"":443},{""name"":""/global_waypoints/shortest_path"",""type"":""f110_msgs/msg/WpntArray"",""message_count"":443},{""name"":""/initialpose"",""type"":""geometry_msgs/msg/PoseWithCovarianceStamped"",""message_count"":10},{""name"":""/joy"",""type"":""sensor_msgs/msg/Joy"",""message_count"":13293},{""name"":""/kinematic_localization/diagnostics"",""type"":""diagnostic_msgs/msg/DiagnosticArray"",""message_count"":36524},{""name"":""/laser_status"",""type"":""urg_node_msgs/msg/Status"",""message_count"":0},{""name"":""/local_planning/p3_shadow"",""type"":""std_msgs/msg/String"",""message_count"":2834},{""name"":""/local_planning/path"",""type"":""nav_msgs/msg/Path"",""message_count"":8010},{""name"":""/local_planning/reference_map"",""type"":""nav_msgs/msg/OccupancyGrid"",""message_count"":1},{""name"":""/local_planning_map_server/transition_event"",""type"":""lifecycle_msgs/msg/TransitionEvent"",""message_count"":0},{""name"":""/local_waypoints"",""type"":""f110_msgs/msg/WpntArray"",""message_count"":8802},{""name"":""/local_waypoints/path"",""type"":""nav_msgs/msg/Path"",""message_count"":8802},{""name"":""/map"",""type"":""nav_msgs/msg/OccupancyGrid"",""message_count"":92},{""name"":""/map_infos"",""type"":""std_msgs/msg/String"",""message_count"":443},{""name"":""/move_base_simple/goal"",""type"":""geometry_msgs/msg/PoseStamped"",""message_count"":0},{""name"":""/odom"",""type"":""nav_msgs/msg/Odometry"",""message_count"":45836},{""name"":""/opp_obs"",""type"":""f110_msgs/msg/ObstacleArray"",""message_count"":34944},{""name"":""/opp_obs/markers"",""type"":""visualization_msgs/msg/MarkerArray"",""message_count"":34944},{""name"":""/parameter_events"",""type"":""rcl_interfaces/msg/ParameterEvent"",""message_count"":0},{""name"":""/pf/pose/odom"",""type"":""nav_msgs/msg/Odometry"",""message_count"":36497},{""name"":""/rosout"",""type"":""rcl_interfaces/msg/Log"",""message_count"":6922},{""name"":""/scan"",""type"":""sensor_msgs/msg/LaserScan"",""message_count"":36616},{""name"":""/scan_slow"",""type"":""sensor_msgs/msg/LaserScan"",""message_count"":4283},{""name"":""/sensors/core"",""type"":""vesc_msgs/msg/VescStateStamped"",""message_count"":45836},{""name"":""/sensors/imu"",""type"":""vesc_msgs/msg/VescImuStamped"",""message_count"":45837},{""name"":""/sensors/imu/raw"",""type"":""sensor_msgs/msg/Imu"",""message_count"":45837},{""name"":""/sensors/servo_position_command"",""type"":""std_msgs/msg/Float64"",""message_count"":37792},{""name"":""/state"",""type"":""f110_msgs/msg/StateMachine"",""message_count"":9187},{""name"":""/static_obs"",""type"":""f110_msgs/msg/ObstacleArray"",""message_count"":36502},{""name"":""/static_obs/markers"",""type"":""visualization_msgs/msg/MarkerArray"",""message_count"":36502},{""name"":""/teleop"",""type"":""ackermann_msgs/msg/AckermannDriveStamped"",""message_count"":1375},{""name"":""/tf"",""type"":""tf2_msgs/msg/TFMessage"",""message_count"":82339},{""name"":""/tf_static"",""type"":""tf2_msgs/msg/TFMessage"",""message_count"":1},{""name"":""/trackbounds/markers"",""type"":""visualization_msgs/msg/MarkerArray"",""message_count"":443}]","[{""path"":""rosbag2_2026_08_26-18_01_29_0.mcap"",""exists"":true,""size_bytes"":1100432116}]",4b2d01d0f4a1a97d9775c4c95cae15e94eccd2edb2e1c7d9f9a791d993a1481d,399a32b4d48a4372c0f3281323cc1ead7c74abedf805e72258c52b22eb18f1fa,,False,True
rosbag_research_inventory/1,/home/sungho/.local/share/Trash/files/rosbag2_2026_08_26-18_19_41,rosbag2_2026_08_26-18_19_41,mcap,368.967088802,425249192,427966,56,1787735981192582283,1787736350159671085,"[{""name"":""/ackermann_cmd"",""type"":""ackermann_msgs/msg/AckermannDriveStamped"",""message_count"":15664},{""name"":""/avoid_waypoints"",""type"":""f110_msgs/msg/OTWpntArray"",""message_count"":14466},{""name"":""/bond"",""type"":""bond/msg/Status"",""message_count"":7282},{""name"":""/car_state/frenet/odom"",""type"":""nav_msgs/msg/Odometry"",""message_count"":13726},{""name"":""/centerline_waypoints"",""type"":""f110_msgs/msg/WpntArray"",""message_count"":183},{""name"":""/centerline_waypoints/markers"",""type"":""visualization_msgs/msg/MarkerArray"",""message_count"":183},{""name"":""/clicked_point"",""type"":""geometry_msgs/msg/PointStamped"",""message_count"":0},{""name"":""/commands/motor/brake"",""type"":""std_msgs/msg/Float64"",""message_count"":2763},{""name"":""/commands/motor/speed"",""type"":""std_msgs/msg/Float64"",""message_count"":13426},{""name"":""/commands/servo/position"",""type"":""std_msgs/msg/Float64"",""message_count"":15664},{""name"":""/confirmed_static_obs"",""type"":""f110_msgs/msg/ObstacleArray"",""message_count"":13945},{""name"":""/cruise/gap_data"",""type"":""f110_msgs/msg/GapData"",""message_count"":1942},{""name"":""/cruise_speed_limit"",""type"":""std_msgs/msg/Float64"",""message_count"":17946},{""name"":""/debug/l1_lookahead"",""type"":""visualization_msgs/msg/MarkerArray"",""message_count"":17266},{""name"":""/diagnostics"",""type"":""diagnostic_msgs/msg/DiagnosticArray"",""message_count"":1787},{""name"":""/drive"",""type"":""ackermann_msgs/msg/AckermannDriveStamped"",""message_count"":17946},{""name"":""/drive_autonomous"",""type"":""ackermann_msgs/msg/AckermannDriveStamped"",""message_count"":17946},{""name"":""/drive_mode"",""type"":""std_msgs/msg/String"",""message_count"":7093},{""name"":""/estimated_lap_time"",""type"":""std_msgs/msg/Float32"",""message_count"":183},{""name"":""/estop_lock"",""type"":""std_msgs/msg/Bool"",""message_count"":7094},{""name"":""/events/write_split"",""type"":""rosbag2_interfaces/msg/WriteSplitEvent"",""message_count"":0},{""name"":""/global_waypoints"",""type"":""f110_msgs/msg/WpntArray"",""message_count"":183},{""name"":""/global_waypoints/markers"",""type"":""visualization_msgs/msg/MarkerArray"",""message_count"":183},{""name"":""/global_waypoints/shortest_path"",""type"":""f110_msgs/msg/WpntArray"",""message_count"":183},{""name"":""/initialpose"",""type"":""geometry_msgs/msg/PoseWithCovarianceStamped"",""message_count"":8},{""name"":""/joy"",""type"":""sensor_msgs/msg/Joy"",""message_count"":5305},{""name"":""/kinematic_localization/diagnostics"",""type"":""diagnostic_msgs/msg/DiagnosticArray"",""message_count"":14923},{""name"":""/laser_status"",""type"":""urg_node_msgs/msg/Status"",""message_count"":0},{""name"":""/local_planning/p3_shadow"",""type"":""std_msgs/msg/String"",""message_count"":1108},{""name"":""/local_planning/path"",""type"":""nav_msgs/msg/Path"",""message_count"":3173},{""name"":""/local_planning/reference_map"",""type"":""nav_msgs/msg/OccupancyGrid"",""message_count"":1},{""name"":""/local_planning_map_server/transition_event"",""type"":""lifecycle_msgs/msg/TransitionEvent"",""message_count"":4},{""name"":""/local_waypoints"",""type"":""f110_msgs/msg/WpntArray"",""message_count"":3381},{""name"":""/local_waypoints/path"",""type"":""nav_msgs/msg/Path"",""message_count"":3381},{""name"":""/map"",""type"":""nav_msgs/msg/OccupancyGrid"",""message_count"":42},{""name"":""/map_infos"",""type"":""std_msgs/msg/String"",""message_count"":183},{""name"":""/move_base_simple/goal"",""type"":""geometry_msgs/msg/PoseStamped"",""message_count"":0},{""name"":""/odom"",""type"":""nav_msgs/msg/Odometry"",""message_count"":17746},{""name"":""/opp_obs"",""type"":""f110_msgs/msg/ObstacleArray"",""message_count"":12158},{""name"":""/opp_obs/markers"",""type"":""visualization_msgs/msg/MarkerArray"",""message_count"":12158},{""name"":""/parameter_events"",""type"":""rcl_interfaces/msg/ParameterEvent"",""message_count"":231},{""name"":""/pf/pose/odom"",""type"":""nav_msgs/msg/Odometry"",""message_count"":14679},{""name"":""/rosout"",""type"":""rcl_interfaces/msg/Log"",""message_count"":3071},{""name"":""/scan"",""type"":""sensor_msgs/msg/LaserScan"",""message_count"":14178},{""name"":""/scan_slow"",""type"":""sensor_msgs/msg/LaserScan"",""message_count"":1641},{""name"":""/sensors/core"",""type"":""vesc_msgs/msg/VescStateStamped"",""message_count"":17746},{""name"":""/sensors/imu"",""type"":""vesc_msgs/msg/VescImuStamped"",""message_count"":17746},{""name"":""/sensors/imu/raw"",""type"":""sensor_msgs/msg/Imu"",""message_count"":17746},{""name"":""/sensors/servo_position_command"",""type"":""std_msgs/msg/Float64"",""message_count"":15664},{""name"":""/state"",""type"":""f110_msgs/msg/StateMachine"",""message_count"":3621},{""name"":""/static_obs"",""type"":""f110_msgs/msg/ObstacleArray"",""message_count"":13945},{""name"":""/static_obs/markers"",""type"":""visualization_msgs/msg/MarkerArray"",""message_count"":13945},{""name"":""/teleop"",""type"":""ackermann_msgs/msg/AckermannDriveStamped"",""message_count"":481},{""name"":""/tf"",""type"":""tf2_msgs/msg/TFMessage"",""message_count"":32463},{""name"":""/tf_static"",""type"":""tf2_msgs/msg/TFMessage"",""message_count"":1},{""name"":""/trackbounds/markers"",""type"":""visualization_msgs/msg/MarkerArray"",""message_count"":183}]","[{""path"":""rosbag2_2026_08_26-18_19_41_0.mcap"",""exists"":true,""size_bytes"":425249192}]",d9bed94023bba5d6d9a704dc839090d05e19cc8091114bd98f0580852f7eb9e9,3b12c5fd387aa44b34770878713fb1e7e1ebb7a303353c53fc44f16d3ce93c22,,False,True
rosbag_research_inventory/1,/home/sungho/.local/share/Trash/files/rosbag2_2026_08_26-20_24_30,rosbag2_2026_08_26-20_24_30,mcap,163.874741810,397208128,191172,60,1787743470935576644,1787743634810318454,"[{""name"":""/ackermann_cmd"",""type"":""ackermann_msgs/msg/AckermannDriveStamped"",""message_count"":5940},{""name"":""/adaptive_obstacle_map"",""type"":""f110_msgs/msg/ObstacleArray"",""message_count"":214},{""name"":""/adaptive_obstacle_map/markers"",""type"":""visualization_msgs/msg/MarkerArray"",""message_count"":214},{""name"":""/avoid_waypoints"",""type"":""f110_msgs/msg/OTWpntArray"",""message_count"":6442},{""name"":""/bond"",""type"":""bond/msg/Status"",""message_count"":3250},{""name"":""/car_state/frenet/odom"",""type"":""nav_msgs/msg/Odometry"",""message_count"":5783},{""name"":""/centerline_waypoints"",""type"":""f110_msgs/msg/WpntArray"",""message_count"":81},{""name"":""/centerline_waypoints/markers"",""type"":""visualization_msgs/msg/MarkerArray"",""message_count"":81},{""name"":""/clicked_point"",""type"":""geometry_msgs/msg/PointStamped"",""message_count"":0},{""name"":""/commands/motor/brake"",""type"":""std_msgs/msg/Float64"",""message_count"":1550},{""name"":""/commands/motor/speed"",""type"":""std_msgs/msg/Float64"",""message_count"":5213},{""name"":""/commands/servo/position"",""type"":""std_msgs/msg/Float64"",""message_count"":5940},{""name"":""/confirmed_static_obs"",""type"":""f110_msgs/msg/ObstacleArray"",""message_count"":6007},{""name"":""/cruise/gap_data"",""type"":""f110_msgs/msg/GapData"",""message_count"":587},{""name"":""/cruise_speed_limit"",""type"":""std_msgs/msg/Float64"",""message_count"":8193},{""name"":""/debug/l1_lookahead"",""type"":""visualization_msgs/msg/MarkerArray"",""message_count"":7546},{""name"":""/diagnostics"",""type"":""diagnostic_msgs/msg/DiagnosticArray"",""message_count"":803},{""name"":""/drive"",""type"":""ackermann_msgs/msg/AckermannDriveStamped"",""message_count"":8192},{""name"":""/drive_autonomous"",""type"":""ackermann_msgs/msg/AckermannDriveStamped"",""message_count"":8182},{""name"":""/drive_mode"",""type"":""std_msgs/msg/String"",""message_count"":3201},{""name"":""/estimated_lap_time"",""type"":""std_msgs/msg/Float32"",""message_count"":81},{""name"":""/estop_lock"",""type"":""std_msgs/msg/Bool"",""message_count"":3202},{""name"":""/events/write_split"",""type"":""rosbag2_interfaces/msg/WriteSplitEvent"",""message_count"":0},{""name"":""/global_waypoints"",""type"":""f110_msgs/msg/WpntArray"",""message_count"":82},{""name"":""/global_waypoints/markers"",""type"":""visualization_msgs/msg/MarkerArray"",""message_count"":82},{""name"":""/global_waypoints/shortest_path"",""type"":""f110_msgs/msg/WpntArray"",""message_count"":81},{""name"":""/initialpose"",""type"":""geometry_msgs/msg/PoseWithCovarianceStamped"",""message_count"":5},{""name"":""/joy"",""type"":""sensor_msgs/msg/Joy"",""message_count"":2323},{""name"":""/kinematic_localization/diagnostics"",""type"":""diagnostic_msgs/msg/DiagnosticArray"",""message_count"":6101},{""name"":""/lap_count"",""type"":""std_msgs/msg/Int32"",""message_count"":8},{""name"":""/laser_status"",""type"":""urg_node_msgs/msg/Status"",""message_count"":0},{""name"":""/local_planning/p3_shadow"",""type"":""std_msgs/msg/String"",""message_count"":496},{""name"":""/local_planning/path"",""type"":""nav_msgs/msg/Path"",""message_count"":1411},{""name"":""/local_planning/reference_map"",""type"":""nav_msgs/msg/OccupancyGrid"",""message_count"":1},{""name"":""/local_planning_map_server/transition_event"",""type"":""lifecycle_msgs/msg/TransitionEvent"",""message_count"":0},{""name"":""/local_waypoints"",""type"":""f110_msgs/msg/WpntArray"",""message_count"":3075},{""name"":""/local_waypoints/path"",""type"":""nav_msgs/msg/Path"",""message_count"":3075},{""name"":""/map"",""type"":""nav_msgs/msg/OccupancyGrid"",""message_count"":17},{""name"":""/map_creator/status"",""type"":""std_msgs/msg/String"",""message_count"":82},{""name"":""/map_infos"",""type"":""std_msgs/msg/String"",""message_count"":81},{""name"":""/move_base_simple/goal"",""type"":""geometry_msgs/msg/PoseStamped"",""message_count"":0},{""name"":""/odom"",""type"":""nav_msgs/msg/Odometry"",""message_count"":8016},{""name"":""/opp_obs"",""type"":""f110_msgs/msg/ObstacleArray"",""message_count"":5693},{""name"":""/opp_obs/markers"",""type"":""visualization_msgs/msg/MarkerArray"",""message_count"":5693},{""name"":""/parameter_events"",""type"":""rcl_interfaces/msg/ParameterEvent"",""message_count"":0},{""name"":""/pf/pose/odom"",""type"":""nav_msgs/msg/Odometry"",""message_count"":6004},{""name"":""/rosout"",""type"":""rcl_interfaces/msg/Log"",""message_count"":1773},{""name"":""/scan"",""type"":""sensor_msgs/msg/LaserScan"",""message_count"":6371},{""name"":""/scan_slow"",""type"":""sensor_msgs/msg/LaserScan"",""message_count"":771},{""name"":""/sensors/core"",""type"":""vesc_msgs/msg/VescStateStamped"",""message_count"":7973},{""name"":""/sensors/imu"",""type"":""vesc_msgs/msg/VescImuStamped"",""message_count"":7973},{""name"":""/sensors/imu/raw"",""type"":""sensor_msgs/msg/Imu"",""message_count"":7973},{""name"":""/sensors/servo_position_command"",""type"":""std_msgs/msg/Float64"",""message_count"":5940},{""name"":""/state"",""type"":""f110_msgs/msg/StateMachine"",""message_count"":3255},{""name"":""/static_obs"",""type"":""f110_msgs/msg/ObstacleArray"",""message_count"":6007},{""name"":""/static_obs/markers"",""type"":""visualization_msgs/msg/MarkerArray"",""message_count"":6007},{""name"":""/teleop"",""type"":""ackermann_msgs/msg/AckermannDriveStamped"",""message_count"":0},{""name"":""/tf"",""type"":""tf2_msgs/msg/TFMessage"",""message_count"":14019},{""name"":""/tf_static"",""type"":""tf2_msgs/msg/TFMessage"",""message_count"":1},{""name"":""/trackbounds/markers"",""type"":""visualization_msgs/msg/MarkerArray"",""message_count"":81}]","[{""path"":""rosbag2_2026_08_26-20_24_30_0.mcap"",""exists"":true,""size_bytes"":397208128}]",5658ecad58a4856d8d40f6ac656dcc1563c6dbb52f4e9d6996bfd79f4291aac3,4afc59542d200cdc5ccebd184580ace260315d480d683fbb91a533a60b4292b1,,False,True
rosbag_research_inventory/1,/home/sungho/.local/share/Trash/files/rosbag_20260725_012659,rosbag_20260725_012659,sqlite3,0.000000000,24576,0,0,9223372036854775807,9223372036854775807,[],"[{""path"":""rosbag_20260725_012659_0.db3"",""exists"":true,""size_bytes"":24576}]",eaed63b6076f37ac3297d44f5dcb83506959046a1ad4bb0e5085c567aadba85b,4dabb5246e72879a98ec2a5ec5e8c9e867e44206885a652130c3898fbf8b7d3f,,False,True
rosbag_research_inventory/1,/home/sungho/.local/share/Trash/files/rosbag_20260726_001824,rosbag_20260726_001824,sqlite3,0.000000000,24576,0,0,9223372036854775807,9223372036854775807,[],"[{""path"":""rosbag_20260726_001824_0.db3"",""exists"":true,""size_bytes"":24576}]",f1773c82e4bb324d0a9e2ecc6054f2b0b8ad48ef1bc6286ce208d33f0291306a,4dabb5246e72879a98ec2a5ec5e8c9e867e44206885a652130c3898fbf8b7d3f,,False,True
rosbag_research_inventory/1,/home/sungho/.local/share/Trash/files/run_001453,run_001453,mcap,762.484687558,646553443,398008,17,1787152494228334019,1787153256713021577,"[{""name"":""/avoid_waypoints"",""type"":""f110_msgs/msg/OTWpntArray"",""message_count"":27085},{""name"":""/car_state/frenet/odom"",""type"":""nav_msgs/msg/Odometry"",""message_count"":26901},{""name"":""/confirmed_static_obs"",""type"":""f110_msgs/msg/ObstacleArray"",""message_count"":30342},{""name"":""/debug/l1_lookahead"",""type"":""visualization_msgs/msg/MarkerArray"",""message_count"":37982},{""name"":""/drive"",""type"":""ackermann_msgs/msg/AckermannDriveStamped"",""message_count"":38009},{""name"":""/drive_mode"",""type"":""std_msgs/msg/String"",""message_count"":15219},{""name"":""/estop_lock"",""type"":""std_msgs/msg/Bool"",""message_count"":15219},{""name"":""/global_waypoints"",""type"":""f110_msgs/msg/WpntArray"",""message_count"":381},{""name"":""/local_waypoints"",""type"":""f110_msgs/msg/WpntArray"",""message_count"":26835},{""name"":""/map"",""type"":""nav_msgs/msg/OccupancyGrid"",""message_count"":77},{""name"":""/odom"",""type"":""nav_msgs/msg/Odometry"",""message_count"":37933},{""name"":""/pf/pose/odom"",""type"":""nav_msgs/msg/Odometry"",""message_count"":30286},{""name"":""/rosout"",""type"":""rcl_interfaces/msg/Log"",""message_count"":5566},{""name"":""/scan"",""type"":""sensor_msgs/msg/LaserScan"",""message_count"":30303},{""name"":""/sensors/imu/raw"",""type"":""sensor_msgs/msg/Imu"",""message_count"":37935},{""name"":""/state"",""type"":""f110_msgs/msg/StateMachine"",""message_count"":7593},{""name"":""/static_obs"",""type"":""f110_msgs/msg/ObstacleArray"",""message_count"":30342}]","[{""path"":""run_001453_0.mcap"",""exists"":true,""size_bytes"":646553443}]",1fd9c2e78dddc3c3a3e57f24b41fe9d02da1b81ec8cb5f2c98274552c8b983c6,6000e343098fd9ad98f5075f105d043db09fd43f36eaa912558095063d6c7522,,False,True
rosbag_research_inventory/1,/home/sungho/.local/share/Trash/files/run_025048,run_025048,mcap,741.874414624,634104902,441939,20,1787161849399354528,1787162591273769152,"[{""name"":""/avoid_waypoints"",""type"":""f110_msgs/msg/OTWpntArray"",""message_count"":25137},{""name"":""/car_state/frenet/odom"",""type"":""nav_msgs/msg/Odometry"",""message_count"":27195},{""name"":""/confirmed_static_obs"",""type"":""f110_msgs/msg/ObstacleArray"",""message_count"":28150},{""name"":""/debug/l1_lookahead"",""type"":""visualization_msgs/msg/MarkerArray"",""message_count"":34571},{""name"":""/drive"",""type"":""ackermann_msgs/msg/AckermannDriveStamped"",""message_count"":34539},{""name"":""/drive_autonomous"",""type"":""ackermann_msgs/msg/AckermannDriveStamped"",""message_count"":34608},{""name"":""/drive_mode"",""type"":""std_msgs/msg/String"",""message_count"":14770},{""name"":""/estop_lock"",""type"":""std_msgs/msg/Bool"",""message_count"":14770},{""name"":""/global_waypoints"",""type"":""f110_msgs/msg/WpntArray"",""message_count"":372},{""name"":""/initialpose"",""type"":""geometry_msgs/msg/PoseWithCovarianceStamped"",""message_count"":10},{""name"":""/kinematic_localization/diagnostics"",""type"":""diagnostic_msgs/msg/DiagnosticArray"",""message_count"":29506},{""name"":""/local_waypoints"",""type"":""f110_msgs/msg/WpntArray"",""message_count"":25497},{""name"":""/map"",""type"":""nav_msgs/msg/OccupancyGrid"",""message_count"":75},{""name"":""/odom"",""type"":""nav_msgs/msg/Odometry"",""message_count"":36947},{""name"":""/pf/pose/odom"",""type"":""nav_msgs/msg/Odometry"",""message_count"":29530},{""name"":""/rosout"",""type"":""rcl_interfaces/msg/Log"",""message_count"":4584},{""name"":""/scan"",""type"":""sensor_msgs/msg/LaserScan"",""message_count"":29595},{""name"":""/sensors/imu/raw"",""type"":""sensor_msgs/msg/Imu"",""message_count"":36947},{""name"":""/state"",""type"":""f110_msgs/msg/StateMachine"",""message_count"":6986},{""name"":""/static_obs"",""type"":""f110_msgs/msg/ObstacleArray"",""message_count"":28150}]","[{""path"":""run_025048_0.mcap"",""exists"":true,""size_bytes"":634104902}]",a8e9a12646384af306d2515b39ae1e8b3ac185d41a5a66052f15fb2196fe9ada,05c3499d6cf4644f0767f8675830ed65576e8b8ba39356b5b3b00e0c557720fd,,False,True
rosbag_research_inventory/1,/home/sungho/.local/share/Trash/files/run_034444,run_034444,mcap,745.405976192,743426179,449754,20,1787165085239496320,1787165830645472512,"[{""name"":""/avoid_waypoints"",""type"":""f110_msgs/msg/OTWpntArray"",""message_count"":27775},{""name"":""/car_state/frenet/odom"",""type"":""nav_msgs/msg/Odometry"",""message_count"":28085},{""name"":""/confirmed_static_obs"",""type"":""f110_msgs/msg/ObstacleArray"",""message_count"":29155},{""name"":""/debug/l1_lookahead"",""type"":""visualization_msgs/msg/MarkerArray"",""message_count"":34384},{""name"":""/drive"",""type"":""ackermann_msgs/msg/AckermannDriveStamped"",""message_count"":34460},{""name"":""/drive_autonomous"",""type"":""ackermann_msgs/msg/AckermannDriveStamped"",""message_count"":34395},{""name"":""/drive_mode"",""type"":""std_msgs/msg/String"",""message_count"":14829},{""name"":""/estop_lock"",""type"":""std_msgs/msg/Bool"",""message_count"":14829},{""name"":""/global_waypoints"",""type"":""f110_msgs/msg/WpntArray"",""message_count"":373},{""name"":""/initialpose"",""type"":""geometry_msgs/msg/PoseWithCovarianceStamped"",""message_count"":4},{""name"":""/kinematic_localization/diagnostics"",""type"":""diagnostic_msgs/msg/DiagnosticArray"",""message_count"":29673},{""name"":""/local_waypoints"",""type"":""f110_msgs/msg/WpntArray"",""message_count"":27514},{""name"":""/map"",""type"":""nav_msgs/msg/OccupancyGrid"",""message_count"":75},{""name"":""/odom"",""type"":""nav_msgs/msg/Odometry"",""message_count"":37123},{""name"":""/pf/pose/odom"",""type"":""nav_msgs/msg/Odometry"",""message_count"":29679},{""name"":""/rosout"",""type"":""rcl_interfaces/msg/Log"",""message_count"":3965},{""name"":""/scan"",""type"":""sensor_msgs/msg/LaserScan"",""message_count"":29737},{""name"":""/sensors/imu/raw"",""type"":""sensor_msgs/msg/Imu"",""message_count"":37232},{""name"":""/state"",""type"":""f110_msgs/msg/StateMachine"",""message_count"":7312},{""name"":""/static_obs"",""type"":""f110_msgs/msg/ObstacleArray"",""message_count"":29155}]","[{""path"":""run_034444_0.mcap"",""exists"":true,""size_bytes"":743426179}]",5b0e0dc8c592f910a98827d89d510dbde1d5142bcb71ecbb96f34226e76b7649,7085e9bf9b32ab183455c98d441873ad60366ad04bdce37ea5f549fe0965e826,,False,True
rosbag_research_inventory/1,/home/sungho/.local/share/Trash/files/run_062020,run_062020,mcap,699.118379766,630487960,428305,20,1787174421017828077,1787175120136207843,"[{""name"":""/avoid_waypoints"",""type"":""f110_msgs/msg/OTWpntArray"",""message_count"":26654},{""name"":""/car_state/frenet/odom"",""type"":""nav_msgs/msg/Odometry"",""message_count"":26866},{""name"":""/confirmed_static_obs"",""type"":""f110_msgs/msg/ObstacleArray"",""message_count"":27331},{""name"":""/debug/l1_lookahead"",""type"":""visualization_msgs/msg/MarkerArray"",""message_count"":33888},{""name"":""/drive"",""type"":""ackermann_msgs/msg/AckermannDriveStamped"",""message_count"":34196},{""name"":""/drive_autonomous"",""type"":""ackermann_msgs/msg/AckermannDriveStamped"",""message_count"":34105},{""name"":""/drive_mode"",""type"":""std_msgs/msg/String"",""message_count"":13966},{""name"":""/estop_lock"",""type"":""std_msgs/msg/Bool"",""message_count"":13966},{""name"":""/global_waypoints"",""type"":""f110_msgs/msg/WpntArray"",""message_count"":350},{""name"":""/initialpose"",""type"":""geometry_msgs/msg/PoseWithCovarianceStamped"",""message_count"":15},{""name"":""/kinematic_localization/diagnostics"",""type"":""diagnostic_msgs/msg/DiagnosticArray"",""message_count"":27641},{""name"":""/local_waypoints"",""type"":""f110_msgs/msg/WpntArray"",""message_count"":26404},{""name"":""/map"",""type"":""nav_msgs/msg/OccupancyGrid"",""message_count"":71},{""name"":""/odom"",""type"":""nav_msgs/msg/Odometry"",""message_count"":34913},{""name"":""/pf/pose/odom"",""type"":""nav_msgs/msg/Odometry"",""message_count"":27642},{""name"":""/rosout"",""type"":""rcl_interfaces/msg/Log"",""message_count"":3352},{""name"":""/scan"",""type"":""sensor_msgs/msg/LaserScan"",""message_count"":27828},{""name"":""/sensors/imu/raw"",""type"":""sensor_msgs/msg/Imu"",""message_count"":34914},{""name"":""/state"",""type"":""f110_msgs/msg/StateMachine"",""message_count"":6872},{""name"":""/static_obs"",""type"":""f110_msgs/msg/ObstacleArray"",""message_count"":27331}]","[{""path"":""run_062020_0.mcap"",""exists"":true,""size_bytes"":630487960}]",7895dccfae708448eb1fddb4c459f8653ccc4179c88de9e328ab06f6c8fcd280,513ea6224a3db2181525f2d9298fc954dfb3a4270bd5f7b2f08ba09baf050ddf,,False,True
rosbag_research_inventory/1,/home/sungho/.local/share/Trash/files/run_063240,run_063240,,0.000000000,0,0,0,0,0,[],[],e3b0c44298fc1c149afbf4c8996fb92427ae41e4649b934ca495991b7852b855,7f987053a6069ddc595840d001ec0e1d04d722d26abd50c9d348ceb46ec1b54d,,False,True
rosbag_research_inventory/1,/home/sungho/.local/share/Trash/files/run_063551,run_063551,mcap,347.836423596,469917273,215754,20,1787175352156936439,1787175699993360035,"[{""name"":""/avoid_waypoints"",""type"":""f110_msgs/msg/OTWpntArray"",""message_count"":13594},{""name"":""/car_state/frenet/odom"",""type"":""nav_msgs/msg/Odometry"",""message_count"":13801},{""name"":""/confirmed_static_obs"",""type"":""f110_msgs/msg/ObstacleArray"",""message_count"":13747},{""name"":""/debug/l1_lookahead"",""type"":""visualization_msgs/msg/MarkerArray"",""message_count"":17237},{""name"":""/drive"",""type"":""ackermann_msgs/msg/AckermannDriveStamped"",""message_count"":17236},{""name"":""/drive_autonomous"",""type"":""ackermann_msgs/msg/AckermannDriveStamped"",""message_count"":17237},{""name"":""/drive_mode"",""type"":""std_msgs/msg/String"",""message_count"":6939},{""name"":""/estop_lock"",""type"":""std_msgs/msg/Bool"",""message_count"":6939},{""name"":""/global_waypoints"",""type"":""f110_msgs/msg/WpntArray"",""message_count"":175},{""name"":""/initialpose"",""type"":""geometry_msgs/msg/PoseWithCovarianceStamped"",""message_count"":3},{""name"":""/kinematic_localization/diagnostics"",""type"":""diagnostic_msgs/msg/DiagnosticArray"",""message_count"":13829},{""name"":""/local_waypoints"",""type"":""f110_msgs/msg/WpntArray"",""message_count"":13778},{""name"":""/map"",""type"":""nav_msgs/msg/OccupancyGrid"",""message_count"":36},{""name"":""/odom"",""type"":""nav_msgs/msg/Odometry"",""message_count"":17349},{""name"":""/pf/pose/odom"",""type"":""nav_msgs/msg/Odometry"",""message_count"":13829},{""name"":""/rosout"",""type"":""rcl_interfaces/msg/Log"",""message_count"":1774},{""name"":""/scan"",""type"":""sensor_msgs/msg/LaserScan"",""message_count"":13862},{""name"":""/sensors/imu/raw"",""type"":""sensor_msgs/msg/Imu"",""message_count"":17191},{""name"":""/state"",""type"":""f110_msgs/msg/StateMachine"",""message_count"":3452},{""name"":""/static_obs"",""type"":""f110_msgs/msg/ObstacleArray"",""message_count"":13746}]","[{""path"":""run_063551_0.mcap"",""exists"":true,""size_bytes"":469917273}]",2ae746008c335bc8012c677c74e4dcad6010d89d79ce06b67d9cb3b39aa1193d,3ac534c9442874918bf3be5b24785434e6d7c6f2567e80909c0159ec088250e8,,False,True
rosbag_research_inventory/1,/home/sungho/.local/share/Trash/files/run_0726_181747 (Copy),run_0726_181747 (Copy),sqlite3,16.509252651,6971392,8904,19,1785057468957693220,1785057485466945871,"[{""name"":""/commands/motor/brake"",""type"":""std_msgs/msg/Float64"",""message_count"":26},{""name"":""/commands/motor/speed"",""type"":""std_msgs/msg/Float64"",""message_count"":685},{""name"":""/commands/servo/position"",""type"":""std_msgs/msg/Float64"",""message_count"":711},{""name"":""/drive"",""type"":""ackermann_msgs/msg/AckermannDriveStamped"",""message_count"":811},{""name"":""/drive_autonomous"",""type"":""ackermann_msgs/msg/AckermannDriveStamped"",""message_count"":811},{""name"":""/drive_mode"",""type"":""std_msgs/msg/String"",""message_count"":331},{""name"":""/drive_mppi"",""type"":""ackermann_msgs/msg/AckermannDriveStamped"",""message_count"":159},{""name"":""/estop_lock"",""type"":""std_msgs/msg/Bool"",""message_count"":331},{""name"":""/global_waypoints"",""type"":""f110_msgs/msg/WpntArray"",""message_count"":10},{""name"":""/joy"",""type"":""sensor_msgs/msg/Joy"",""message_count"":208},{""name"":""/local_waypoints"",""type"":""f110_msgs/msg/WpntArray"",""message_count"":494},{""name"":""/mppi_active"",""type"":""std_msgs/msg/Bool"",""message_count"":1},{""name"":""/odom"",""type"":""nav_msgs/msg/Odometry"",""message_count"":716},{""name"":""/pf/pose/odom"",""type"":""nav_msgs/msg/Odometry"",""message_count"":446},{""name"":""/scan"",""type"":""sensor_msgs/msg/LaserScan"",""message_count"":562},{""name"":""/sensors/core"",""type"":""vesc_msgs/msg/VescStateStamped"",""message_count"":716},{""name"":""/sensors/imu/raw"",""type"":""sensor_msgs/msg/Imu"",""message_count"":714},{""name"":""/tf"",""type"":""tf2_msgs/msg/TFMessage"",""message_count"":1171},{""name"":""/tf_static"",""type"":""tf2_msgs/msg/TFMessage"",""message_count"":1}]","[{""path"":""run_0726_181747_0.db3"",""exists"":true,""size_bytes"":6971392}]",09d811933da7b8c949cd86d0b085d1d07dde043ef288b9a0ae548e1f4336851d,5630d631ad85da592b5b8340cb70f42a3c509bd2c9e03243d5ea6e81049ac970,,True,True
rosbag_research_inventory/1,/home/sungho/.local/share/Trash/files/run_0726_181747,run_0726_181747,sqlite3,16.509252651,6971392,8904,19,1785057468957693220,1785057485466945871,"[{""name"":""/commands/motor/brake"",""type"":""std_msgs/msg/Float64"",""message_count"":26},{""name"":""/commands/motor/speed"",""type"":""std_msgs/msg/Float64"",""message_count"":685},{""name"":""/commands/servo/position"",""type"":""std_msgs/msg/Float64"",""message_count"":711},{""name"":""/drive"",""type"":""ackermann_msgs/msg/AckermannDriveStamped"",""message_count"":811},{""name"":""/drive_autonomous"",""type"":""ackermann_msgs/msg/AckermannDriveStamped"",""message_count"":811},{""name"":""/drive_mode"",""type"":""std_msgs/msg/String"",""message_count"":331},{""name"":""/drive_mppi"",""type"":""ackermann_msgs/msg/AckermannDriveStamped"",""message_count"":159},{""name"":""/estop_lock"",""type"":""std_msgs/msg/Bool"",""message_count"":331},{""name"":""/global_waypoints"",""type"":""f110_msgs/msg/WpntArray"",""message_count"":10},{""name"":""/joy"",""type"":""sensor_msgs/msg/Joy"",""message_count"":208},{""name"":""/local_waypoints"",""type"":""f110_msgs/msg/WpntArray"",""message_count"":494},{""name"":""/mppi_active"",""type"":""std_msgs/msg/Bool"",""message_count"":1},{""name"":""/odom"",""type"":""nav_msgs/msg/Odometry"",""message_count"":716},{""name"":""/pf/pose/odom"",""type"":""nav_msgs/msg/Odometry"",""message_count"":446},{""name"":""/scan"",""type"":""sensor_msgs/msg/LaserScan"",""message_count"":562},{""name"":""/sensors/core"",""type"":""vesc_msgs/msg/VescStateStamped"",""message_count"":716},{""name"":""/sensors/imu/raw"",""type"":""sensor_msgs/msg/Imu"",""message_count"":714},{""name"":""/tf"",""type"":""tf2_msgs/msg/TFMessage"",""message_count"":1171},{""name"":""/tf_static"",""type"":""tf2_msgs/msg/TFMessage"",""message_count"":1}]","[{""path"":""run_0726_181747_0.db3"",""exists"":true,""size_bytes"":6971392}]",09d811933da7b8c949cd86d0b085d1d07dde043ef288b9a0ae548e1f4336851d,5630d631ad85da592b5b8340cb70f42a3c509bd2c9e03243d5ea6e81049ac970,,False,True
rosbag_research_inventory/1,/home/sungho/.local/share/Trash/files/run_080532,run_080532,mcap,575.620611784,540204836,353576,20,1787180733484374436,1787181309104986220,"[{""name"":""/avoid_waypoints"",""type"":""f110_msgs/msg/OTWpntArray"",""message_count"":21144},{""name"":""/car_state/frenet/odom"",""type"":""nav_msgs/msg/Odometry"",""message_count"":21788},{""name"":""/confirmed_static_obs"",""type"":""f110_msgs/msg/ObstacleArray"",""message_count"":22868},{""name"":""/debug/l1_lookahead"",""type"":""visualization_msgs/msg/MarkerArray"",""message_count"":28714},{""name"":""/drive"",""type"":""ackermann_msgs/msg/AckermannDriveStamped"",""message_count"":28607},{""name"":""/drive_autonomous"",""type"":""ackermann_msgs/msg/AckermannDriveStamped"",""message_count"":28713},{""name"":""/drive_mode"",""type"":""std_msgs/msg/String"",""message_count"":11443},{""name"":""/estop_lock"",""type"":""std_msgs/msg/Bool"",""message_count"":11443},{""name"":""/global_waypoints"",""type"":""f110_msgs/msg/WpntArray"",""message_count"":287},{""name"":""/initialpose"",""type"":""geometry_msgs/msg/PoseWithCovarianceStamped"",""message_count"":8},{""name"":""/kinematic_localization/diagnostics"",""type"":""diagnostic_msgs/msg/DiagnosticArray"",""message_count"":22793},{""name"":""/local_waypoints"",""type"":""f110_msgs/msg/WpntArray"",""message_count"":21706},{""name"":""/map"",""type"":""nav_msgs/msg/OccupancyGrid"",""message_count"":58},{""name"":""/odom"",""type"":""nav_msgs/msg/Odometry"",""message_count"":28710},{""name"":""/pf/pose/odom"",""type"":""nav_msgs/msg/Odometry"",""message_count"":22794},{""name"":""/rosout"",""type"":""rcl_interfaces/msg/Log"",""message_count"":2575},{""name"":""/scan"",""type"":""sensor_msgs/msg/LaserScan"",""message_count"":22802},{""name"":""/sensors/imu/raw"",""type"":""sensor_msgs/msg/Imu"",""message_count"":28531},{""name"":""/state"",""type"":""f110_msgs/msg/StateMachine"",""message_count"":5723},{""name"":""/static_obs"",""type"":""f110_msgs/msg/ObstacleArray"",""message_count"":22869}]","[{""path"":""run_080532_0.mcap"",""exists"":true,""size_bytes"":540204836}]",2c89beff05cf2e020f7b7151dc126ec69b2749952f3a82ff1913bf4890fd4396,dcc6ef2099d317e525d121192998c6f547cdee2d4d407dbe29c0905b3969c828,,False,True
rosbag_research_inventory/1,/home/sungho/.local/share/Trash/files/run_0805_1 (2)/run_0805_143853,run_0805_143853,sqlite3,50.995394290,26095616,67087,40,1785908335424209848,1785908386419604138,"[{""name"":""/ackermann_cmd"",""type"":""ackermann_msgs/msg/AckermannDriveStamped"",""message_count"":4546},{""name"":""/avoid_waypoints"",""type"":""f110_msgs/msg/OTWpntArray"",""message_count"":1842},{""name"":""/bond"",""type"":""bond/msg/Status"",""message_count"":961},{""name"":""/car_state/frenet/odom"",""type"":""nav_msgs/msg/Odometry"",""message_count"":895},{""name"":""/centerline_waypoints"",""type"":""f110_msgs/msg/WpntArray"",""message_count"":22},{""name"":""/commands/motor/brake"",""type"":""std_msgs/msg/Float64"",""message_count"":2088},{""name"":""/commands/motor/speed"",""type"":""std_msgs/msg/Float64"",""message_count"":2501},{""name"":""/commands/servo/position"",""type"":""std_msgs/msg/Float64"",""message_count"":4452},{""name"":""/debug/l1_lookahead"",""type"":""visualization_msgs/msg/MarkerArray"",""message_count"":4837},{""name"":""/diagnostics"",""type"":""diagnostic_msgs/msg/DiagnosticArray"",""message_count"":289},{""name"":""/drive"",""type"":""ackermann_msgs/msg/AckermannDriveStamped"",""message_count"":9580},{""name"":""/drive_autonomous"",""type"":""ackermann_msgs/msg/AckermannDriveStamped"",""message_count"":4799},{""name"":""/drive_mode"",""type"":""std_msgs/msg/String"",""message_count"":997},{""name"":""/estimated_lap_time"",""type"":""std_msgs/msg/Float32"",""message_count"":25},{""name"":""/estop_lock"",""type"":""std_msgs/msg/Bool"",""message_count"":1002},{""name"":""/events/write_split"",""type"":""rosbag2_interfaces/msg/WriteSplitEvent"",""message_count"":0},{""name"":""/global_waypoints"",""type"":""f110_msgs/msg/WpntArray"",""message_count"":24},{""name"":""/global_waypoints/shortest_path"",""type"":""f110_msgs/msg/WpntArray"",""message_count"":22},{""name"":""/joy"",""type"":""sensor_msgs/msg/Joy"",""message_count"":702},{""name"":""/local_path"",""type"":""nav_msgs/msg/Path"",""message_count"":1837},{""name"":""/local_planning/path"",""type"":""nav_msgs/msg/Path"",""message_count"":1838},{""name"":""/local_planning/reference_map"",""type"":""nav_msgs/msg/OccupancyGrid"",""message_count"":1},{""name"":""/local_planning_map_server/transition_event"",""type"":""lifecycle_msgs/msg/TransitionEvent"",""message_count"":0},{""name"":""/local_waypoints"",""type"":""f110_msgs/msg/WpntArray"",""message_count"":872},{""name"":""/map_infos"",""type"":""std_msgs/msg/String"",""message_count"":24},{""name"":""/odom"",""type"":""nav_msgs/msg/Odometry"",""message_count"":2375},{""name"":""/opp_obs"",""type"":""f110_msgs/msg/ObstacleArray"",""message_count"":1763},{""name"":""/parameter_events"",""type"":""rcl_interfaces/msg/ParameterEvent"",""message_count"":0},{""name"":""/particle_filter_map_server/transition_event"",""type"":""lifecycle_msgs/msg/TransitionEvent"",""message_count"":0},{""name"":""/pf/pose/odom"",""type"":""nav_msgs/msg/Odometry"",""message_count"":909},{""name"":""/rosout"",""type"":""rcl_interfaces/msg/Log"",""message_count"":583},{""name"":""/scan"",""type"":""sensor_msgs/msg/LaserScan"",""message_count"":1786},{""name"":""/sensors/core"",""type"":""vesc_msgs/msg/VescStateStamped"",""message_count"":2311},{""name"":""/sensors/imu/raw"",""type"":""sensor_msgs/msg/Imu"",""message_count"":2301},{""name"":""/sensors/servo_position_command"",""type"":""std_msgs/msg/Float64"",""message_count"":4458},{""name"":""/state"",""type"":""f110_msgs/msg/StateMachine"",""message_count"":480},{""name"":""/static_obs"",""type"":""f110_msgs/msg/ObstacleArray"",""message_count"":1789},{""name"":""/teleop"",""type"":""ackermann_msgs/msg/AckermannDriveStamped"",""message_count"":0},{""name"":""/tf"",""type"":""tf2_msgs/msg/TFMessage"",""message_count"":4175},{""name"":""/tf_static"",""type"":""tf2_msgs/msg/TFMessage"",""message_count"":1}]","[{""path"":""run_0805_143853_0.db3"",""exists"":true,""size_bytes"":26095616}]",36533047ad205778ec698d358c186e59a5597b1c16990cde4d16f8f916333fb6,38f91017bd9614040adfaa8e54832720e85987ced71961e7173d7b6cbcb9bb31,,False,True
rosbag_research_inventory/1,/home/sungho/.local/share/Trash/files/run_0805_1 (2)/run_0805_144426,run_0805_144426,sqlite3,111.514108452,47259648,98909,17,1785908667734550740,1785908779248659192,"[{""name"":""/commands/motor/brake"",""type"":""std_msgs/msg/Float64"",""message_count"":5712},{""name"":""/commands/motor/speed"",""type"":""std_msgs/msg/Float64"",""message_count"":6358},{""name"":""/commands/servo/position"",""type"":""std_msgs/msg/Float64"",""message_count"":12047},{""name"":""/drive"",""type"":""ackermann_msgs/msg/AckermannDriveStamped"",""message_count"":22302},{""name"":""/drive_autonomous"",""type"":""ackermann_msgs/msg/AckermannDriveStamped"",""message_count"":11150},{""name"":""/drive_mode"",""type"":""std_msgs/msg/String"",""message_count"":2212},{""name"":""/estop_lock"",""type"":""std_msgs/msg/Bool"",""message_count"":2212},{""name"":""/global_waypoints"",""type"":""f110_msgs/msg/WpntArray"",""message_count"":57},{""name"":""/joy"",""type"":""sensor_msgs/msg/Joy"",""message_count"":1586},{""name"":""/local_waypoints"",""type"":""f110_msgs/msg/WpntArray"",""message_count"":2213},{""name"":""/odom"",""type"":""nav_msgs/msg/Odometry"",""message_count"":5527},{""name"":""/pf/pose/odom"",""type"":""nav_msgs/msg/Odometry"",""message_count"":2230},{""name"":""/scan"",""type"":""sensor_msgs/msg/LaserScan"",""message_count"":4127},{""name"":""/sensors/core"",""type"":""vesc_msgs/msg/VescStateStamped"",""message_count"":5569},{""name"":""/sensors/imu/raw"",""type"":""sensor_msgs/msg/Imu"",""message_count"":5570},{""name"":""/tf"",""type"":""tf2_msgs/msg/TFMessage"",""message_count"":10036},{""name"":""/tf_static"",""type"":""tf2_msgs/msg/TFMessage"",""message_count"":1}]","[{""path"":""run_0805_144426_0.db3"",""exists"":true,""size_bytes"":47259648}]",f452c342004adfbdf08670c921d1683d81ffcaa67bbdc5549fc9c7dcd264d428,e9fca0865a65e21fd17721d53bc7c202c90b950bf488b7fc84152700a56918ec,,False,True
rosbag_research_inventory/1,/home/sungho/.local/share/Trash/files/run_0805_1 (2)/run_0805_145055,run_0805_145055,sqlite3,13.618749898,2347008,6040,17,1785909055969789202,1785909069588539100,"[{""name"":""/commands/motor/brake"",""type"":""std_msgs/msg/Float64"",""message_count"":175},{""name"":""/commands/motor/speed"",""type"":""std_msgs/msg/Float64"",""message_count"":320},{""name"":""/commands/servo/position"",""type"":""std_msgs/msg/Float64"",""message_count"":443},{""name"":""/drive"",""type"":""ackermann_msgs/msg/AckermannDriveStamped"",""message_count"":569},{""name"":""/drive_autonomous"",""type"":""ackermann_msgs/msg/AckermannDriveStamped"",""message_count"":682},{""name"":""/drive_mode"",""type"":""std_msgs/msg/String"",""message_count"":225},{""name"":""/estop_lock"",""type"":""std_msgs/msg/Bool"",""message_count"":225},{""name"":""/global_waypoints"",""type"":""f110_msgs/msg/WpntArray"",""message_count"":8},{""name"":""/joy"",""type"":""sensor_msgs/msg/Joy"",""message_count"":279},{""name"":""/local_waypoints"",""type"":""f110_msgs/msg/WpntArray"",""message_count"":171},{""name"":""/odom"",""type"":""nav_msgs/msg/Odometry"",""message_count"":578},{""name"":""/pf/pose/odom"",""type"":""nav_msgs/msg/Odometry"",""message_count"":199},{""name"":""/scan"",""type"":""sensor_msgs/msg/LaserScan"",""message_count"":0},{""name"":""/sensors/core"",""type"":""vesc_msgs/msg/VescStateStamped"",""message_count"":593},{""name"":""/sensors/imu/raw"",""type"":""sensor_msgs/msg/Imu"",""message_count"":592},{""name"":""/tf"",""type"":""tf2_msgs/msg/TFMessage"",""message_count"":980},{""name"":""/tf_static"",""type"":""tf2_msgs/msg/TFMessage"",""message_count"":1}]","[{""path"":""run_0805_145055_0.db3"",""exists"":true,""size_bytes"":2347008}]",ef38a795bcb1f8c9a575c86ec5d2ede120f9c04016a551055f92baf23f2bdd16,27530607f10691e95bffe9cb08dfb0f3228ced8c1551978cd4a76c8dd2cc7ebf,,False,True
rosbag_research_inventory/1,/home/sungho/.local/share/Trash/files/run_0805_1 (2)/run_0805_150603,run_0805_150603,sqlite3,127.117381525,50823168,70503,17,1785909964612636859,1785910091730018384,"[{""name"":""/commands/motor/brake"",""type"":""std_msgs/msg/Float64"",""message_count"":2969},{""name"":""/commands/motor/speed"",""type"":""std_msgs/msg/Float64"",""message_count"":2702},{""name"":""/commands/servo/position"",""type"":""std_msgs/msg/Float64"",""message_count"":5245},{""name"":""/drive"",""type"":""ackermann_msgs/msg/AckermannDriveStamped"",""message_count"":6244},{""name"":""/drive_autonomous"",""type"":""ackermann_msgs/msg/AckermannDriveStamped"",""message_count"":6245},{""name"":""/drive_mode"",""type"":""std_msgs/msg/String"",""message_count"":2521},{""name"":""/estop_lock"",""type"":""std_msgs/msg/Bool"",""message_count"":2521},{""name"":""/global_waypoints"",""type"":""f110_msgs/msg/WpntArray"",""message_count"":64},{""name"":""/joy"",""type"":""sensor_msgs/msg/Joy"",""message_count"":1724},{""name"":""/local_waypoints"",""type"":""f110_msgs/msg/WpntArray"",""message_count"":2497},{""name"":""/odom"",""type"":""nav_msgs/msg/Odometry"",""message_count"":6315},{""name"":""/pf/pose/odom"",""type"":""nav_msgs/msg/Odometry"",""message_count"":2521},{""name"":""/scan"",""type"":""sensor_msgs/msg/LaserScan"",""message_count"":4945},{""name"":""/sensors/core"",""type"":""vesc_msgs/msg/VescStateStamped"",""message_count"":6315},{""name"":""/sensors/imu/raw"",""type"":""sensor_msgs/msg/Imu"",""message_count"":6314},{""name"":""/tf"",""type"":""tf2_msgs/msg/TFMessage"",""message_count"":11360},{""name"":""/tf_static"",""type"":""tf2_msgs/msg/TFMessage"",""message_count"":1}]","[{""path"":""run_0805_150603_0.db3"",""exists"":true,""size_bytes"":50823168}]",890f156b58d05f10ac2471801eeb33481ceebd5c18ac55e93e9cdd6f25cba3b5,f8099c921982dd01a9d01181f58e76cc1fc28d65c880982e8ee9585667f6e7de,,False,True
rosbag_research_inventory/1,/home/sungho/.local/share/Trash/files/run_0805_1 (2)/run_0805_151954,run_0805_151954,sqlite3,110.018227679,44249088,62002,17,1785910795596469596,1785910905614697275,"[{""name"":""/commands/motor/brake"",""type"":""std_msgs/msg/Float64"",""message_count"":2405},{""name"":""/commands/motor/speed"",""type"":""std_msgs/msg/Float64"",""message_count"":2848},{""name"":""/commands/servo/position"",""type"":""std_msgs/msg/Float64"",""message_count"":5167},{""name"":""/drive"",""type"":""ackermann_msgs/msg/AckermannDriveStamped"",""message_count"":5408},{""name"":""/drive_autonomous"",""type"":""ackermann_msgs/msg/AckermannDriveStamped"",""message_count"":5408},{""name"":""/drive_mode"",""type"":""std_msgs/msg/String"",""message_count"":2177},{""name"":""/estop_lock"",""type"":""std_msgs/msg/Bool"",""message_count"":2177},{""name"":""/global_waypoints"",""type"":""f110_msgs/msg/WpntArray"",""message_count"":56},{""name"":""/joy"",""type"":""sensor_msgs/msg/Joy"",""message_count"":1465},{""name"":""/local_waypoints"",""type"":""f110_msgs/msg/WpntArray"",""message_count"":2175},{""name"":""/odom"",""type"":""nav_msgs/msg/Odometry"",""message_count"":5501},{""name"":""/pf/pose/odom"",""type"":""nav_msgs/msg/Odometry"",""message_count"":2162},{""name"":""/scan"",""type"":""sensor_msgs/msg/LaserScan"",""message_count"":4319},{""name"":""/sensors/core"",""type"":""vesc_msgs/msg/VescStateStamped"",""message_count"":5422},{""name"":""/sensors/imu/raw"",""type"":""sensor_msgs/msg/Imu"",""message_count"":5422},{""name"":""/tf"",""type"":""tf2_msgs/msg/TFMessage"",""message_count"":9889},{""name"":""/tf_static"",""type"":""tf2_msgs/msg/TFMessage"",""message_count"":1}]","[{""path"":""run_0805_151954_0.db3"",""exists"":true,""size_bytes"":44249088}]",d48668d3d80a3ae236ea63de836ba681f426fa0810a43ba7134aa6bb1d52f362,6b7c8bf6e80f7c7dd14aea67e6f4dee523eac2c2ac119c16725df0acc98f35aa,,False,True
rosbag_research_inventory/1,/home/sungho/.local/share/Trash/files/run_0805_1 (2)/run_0805_153852,run_0805_153852,sqlite3,106.831894166,42762240,60242,17,1785911934276561270,1785912041108455436,"[{""name"":""/commands/motor/brake"",""type"":""std_msgs/msg/Float64"",""message_count"":2360},{""name"":""/commands/motor/speed"",""type"":""std_msgs/msg/Float64"",""message_count"":2755},{""name"":""/commands/servo/position"",""type"":""std_msgs/msg/Float64"",""message_count"":5022},{""name"":""/drive"",""type"":""ackermann_msgs/msg/AckermannDriveStamped"",""message_count"":5331},{""name"":""/drive_autonomous"",""type"":""ackermann_msgs/msg/AckermannDriveStamped"",""message_count"":5331},{""name"":""/drive_mode"",""type"":""std_msgs/msg/String"",""message_count"":2100},{""name"":""/estop_lock"",""type"":""std_msgs/msg/Bool"",""message_count"":2101},{""name"":""/global_waypoints"",""type"":""f110_msgs/msg/WpntArray"",""message_count"":54},{""name"":""/joy"",""type"":""sensor_msgs/msg/Joy"",""message_count"":1392},{""name"":""/local_waypoints"",""type"":""f110_msgs/msg/WpntArray"",""message_count"":2125},{""name"":""/odom"",""type"":""nav_msgs/msg/Odometry"",""message_count"":5284},{""name"":""/pf/pose/odom"",""type"":""nav_msgs/msg/Odometry"",""message_count"":2125},{""name"":""/scan"",""type"":""sensor_msgs/msg/LaserScan"",""message_count"":4151},{""name"":""/sensors/core"",""type"":""vesc_msgs/msg/VescStateStamped"",""message_count"":5285},{""name"":""/sensors/imu/raw"",""type"":""sensor_msgs/msg/Imu"",""message_count"":5285},{""name"":""/tf"",""type"":""tf2_msgs/msg/TFMessage"",""message_count"":9540},{""name"":""/tf_static"",""type"":""tf2_msgs/msg/TFMessage"",""message_count"":1}]","[{""path"":""run_0805_153852_0.db3"",""exists"":true,""size_bytes"":42762240}]",5e3bb61f57f786c267a0983946a1175ac75be8c7ae79f96d583891b713bf5d30,13e052e8141ed6bc65ee4868f8b90e91c31f83916d64799f8f6fb0683d4613a1,,False,True
rosbag_research_inventory/1,/home/sungho/.local/share/Trash/files/run_0805_1 (2)/run_0805_160336,run_0805_160336,sqlite3,42.960199735,17076224,24204,17,1785913417281835136,1785913460242034871,"[{""name"":""/commands/motor/brake"",""type"":""std_msgs/msg/Float64"",""message_count"":665},{""name"":""/commands/motor/speed"",""type"":""std_msgs/msg/Float64"",""message_count"":1409},{""name"":""/commands/servo/position"",""type"":""std_msgs/msg/Float64"",""message_count"":2073},{""name"":""/drive"",""type"":""ackermann_msgs/msg/AckermannDriveStamped"",""message_count"":2083},{""name"":""/drive_autonomous"",""type"":""ackermann_msgs/msg/AckermannDriveStamped"",""message_count"":2077},{""name"":""/drive_mode"",""type"":""std_msgs/msg/String"",""message_count"":857},{""name"":""/estop_lock"",""type"":""std_msgs/msg/Bool"",""message_count"":857},{""name"":""/global_waypoints"",""type"":""f110_msgs/msg/WpntArray"",""message_count"":22},{""name"":""/joy"",""type"":""sensor_msgs/msg/Joy"",""message_count"":564},{""name"":""/local_waypoints"",""type"":""f110_msgs/msg/WpntArray"",""message_count"":818},{""name"":""/odom"",""type"":""nav_msgs/msg/Odometry"",""message_count"":2142},{""name"":""/pf/pose/odom"",""type"":""nav_msgs/msg/Odometry"",""message_count"":843},{""name"":""/scan"",""type"":""sensor_msgs/msg/LaserScan"",""message_count"":1674},{""name"":""/sensors/core"",""type"":""vesc_msgs/msg/VescStateStamped"",""message_count"":2149},{""name"":""/sensors/imu/raw"",""type"":""sensor_msgs/msg/Imu"",""message_count"":2143},{""name"":""/tf"",""type"":""tf2_msgs/msg/TFMessage"",""message_count"":3827},{""name"":""/tf_static"",""type"":""tf2_msgs/msg/TFMessage"",""message_count"":1}]","[{""path"":""run_0805_160336_0.db3"",""exists"":true,""size_bytes"":17076224}]",425f7712c21cdce2b032c06cdab5d435a160f80e596aff57537729d07842677d,0d05a5a9038a5466c0c48acb68027d27df59db0ef376aa3fa40d82d85d8cde37,,False,True
rosbag_research_inventory/1,/home/sungho/.local/share/Trash/files/run_0805_1 (2)/run_0805_160913,run_0805_160913,sqlite3,233.250787311,93581312,132620,17,1785913754091409449,1785913987342196760,"[{""name"":""/commands/motor/brake"",""type"":""std_msgs/msg/Float64"",""message_count"":4398},{""name"":""/commands/motor/speed"",""type"":""std_msgs/msg/Float64"",""message_count"":6983},{""name"":""/commands/servo/position"",""type"":""std_msgs/msg/Float64"",""message_count"":11273},{""name"":""/drive"",""type"":""ackermann_msgs/msg/AckermannDriveStamped"",""message_count"":11647},{""name"":""/drive_autonomous"",""type"":""ackermann_msgs/msg/AckermannDriveStamped"",""message_count"":11647},{""name"":""/drive_mode"",""type"":""std_msgs/msg/String"",""message_count"":4635},{""name"":""/estop_lock"",""type"":""std_msgs/msg/Bool"",""message_count"":4635},{""name"":""/global_waypoints"",""type"":""f110_msgs/msg/WpntArray"",""message_count"":116},{""name"":""/joy"",""type"":""sensor_msgs/msg/Joy"",""message_count"":3156},{""name"":""/local_waypoints"",""type"":""f110_msgs/msg/WpntArray"",""message_count"":4647},{""name"":""/odom"",""type"":""nav_msgs/msg/Odometry"",""message_count"":11663},{""name"":""/pf/pose/odom"",""type"":""nav_msgs/msg/Odometry"",""message_count"":4605},{""name"":""/scan"",""type"":""sensor_msgs/msg/LaserScan"",""message_count"":9093},{""name"":""/sensors/core"",""type"":""vesc_msgs/msg/VescStateStamped"",""message_count"":11622},{""name"":""/sensors/imu/raw"",""type"":""sensor_msgs/msg/Imu"",""message_count"":11622},{""name"":""/tf"",""type"":""tf2_msgs/msg/TFMessage"",""message_count"":20877},{""name"":""/tf_static"",""type"":""tf2_msgs/msg/TFMessage"",""message_count"":1}]","[{""path"":""run_0805_160913_0.db3"",""exists"":true,""size_bytes"":93581312}]",448cdf2436014d83f97750688d756c964215a4be7c3b08cc245aefdfdf70a0bf,a832cc1dbd1ae9207be46451380bdcdaba3d33895572a89bd4274328ddce09c9,,False,True
rosbag_research_inventory/1,/home/sungho/.local/share/Trash/files/run_0805_1 (2)/run_0805_162029,run_0805_162029,sqlite3,69.915748500,26058752,29612,17,1785914430956171422,1785914500871919922,"[{""name"":""/commands/motor/brake"",""type"":""std_msgs/msg/Float64"",""message_count"":305},{""name"":""/commands/motor/speed"",""type"":""std_msgs/msg/Float64"",""message_count"":1158},{""name"":""/commands/servo/position"",""type"":""std_msgs/msg/Float64"",""message_count"":1232},{""name"":""/drive"",""type"":""ackermann_msgs/msg/AckermannDriveStamped"",""message_count"":536},{""name"":""/drive_autonomous"",""type"":""ackermann_msgs/msg/AckermannDriveStamped"",""message_count"":638},{""name"":""/drive_mode"",""type"":""std_msgs/msg/String"",""message_count"":1399},{""name"":""/estop_lock"",""type"":""std_msgs/msg/Bool"",""message_count"":1399},{""name"":""/global_waypoints"",""type"":""f110_msgs/msg/WpntArray"",""message_count"":35},{""name"":""/joy"",""type"":""sensor_msgs/msg/Joy"",""message_count"":1556},{""name"":""/local_waypoints"",""type"":""f110_msgs/msg/WpntArray"",""message_count"":1280},{""name"":""/odom"",""type"":""nav_msgs/msg/Odometry"",""message_count"":3397},{""name"":""/pf/pose/odom"",""type"":""nav_msgs/msg/Odometry"",""message_count"":1297},{""name"":""/scan"",""type"":""sensor_msgs/msg/LaserScan"",""message_count"":2588},{""name"":""/sensors/core"",""type"":""vesc_msgs/msg/VescStateStamped"",""message_count"":3397},{""name"":""/sensors/imu/raw"",""type"":""sensor_msgs/msg/Imu"",""message_count"":3396},{""name"":""/tf"",""type"":""tf2_msgs/msg/TFMessage"",""message_count"":5998},{""name"":""/tf_static"",""type"":""tf2_msgs/msg/TFMessage"",""message_count"":1}]","[{""path"":""run_0805_162029_0.db3"",""exists"":true,""size_bytes"":26058752}]",0fb9f7056fc0abda054d4f73a8bc4c89b67b4edef17dcfe96be21c1ffcda905e,c6205c2bd02dd0b97d1feefaf6aee75476561f941fdbdbd84aa37b6a5cc17f3c,,False,True
rosbag_research_inventory/1,/home/sungho/.local/share/Trash/files/run_0805_1 (2)/run_0805_165428,run_0805_165428,sqlite3,23.664557036,11608064,11619,17,1785916469405870208,1785916493070427244,"[{""name"":""/commands/motor/brake"",""type"":""std_msgs/msg/Float64"",""message_count"":354},{""name"":""/commands/motor/speed"",""type"":""std_msgs/msg/Float64"",""message_count"":254},{""name"":""/commands/servo/position"",""type"":""std_msgs/msg/Float64"",""message_count"":265},{""name"":""/drive"",""type"":""ackermann_msgs/msg/AckermannDriveStamped"",""message_count"":1149},{""name"":""/drive_autonomous"",""type"":""ackermann_msgs/msg/AckermannDriveStamped"",""message_count"":1135},{""name"":""/drive_mode"",""type"":""std_msgs/msg/String"",""message_count"":448},{""name"":""/estop_lock"",""type"":""std_msgs/msg/Bool"",""message_count"":448},{""name"":""/global_waypoints"",""type"":""f110_msgs/msg/WpntArray"",""message_count"":12},{""name"":""/joy"",""type"":""sensor_msgs/msg/Joy"",""message_count"":330},{""name"":""/local_waypoints"",""type"":""f110_msgs/msg/WpntArray"",""message_count"":462},{""name"":""/odom"",""type"":""nav_msgs/msg/Odometry"",""message_count"":1135},{""name"":""/pf/pose/odom"",""type"":""nav_msgs/msg/Odometry"",""message_count"":409},{""name"":""/scan"",""type"":""sensor_msgs/msg/LaserScan"",""message_count"":920},{""name"":""/sensors/core"",""type"":""vesc_msgs/msg/VescStateStamped"",""message_count"":1164},{""name"":""/sensors/imu/raw"",""type"":""sensor_msgs/msg/Imu"",""message_count"":1164},{""name"":""/tf"",""type"":""tf2_msgs/msg/TFMessage"",""message_count"":1969},{""name"":""/tf_static"",""type"":""tf2_msgs/msg/TFMessage"",""message_count"":1}]","[{""path"":""run_0805_165428_0.db3"",""exists"":true,""size_bytes"":11608064}]",e67d7536126c2d03ff8ed2548825ad1ee321dac97d4e9895a959affd54263da0,4b1184acb1e2e23a788bce62c42067c28ab1a6853cea00a899f1bc2d234511a7,,False,True
rosbag_research_inventory/1,/home/sungho/.local/share/Trash/files/run_0805_1/run_0805_143853,run_0805_143853,sqlite3,50.995394290,26095616,67087,40,1785908335424209848,1785908386419604138,"[{""name"":""/ackermann_cmd"",""type"":""ackermann_msgs/msg/AckermannDriveStamped"",""message_count"":4546},{""name"":""/avoid_waypoints"",""type"":""f110_msgs/msg/OTWpntArray"",""message_count"":1842},{""name"":""/bond"",""type"":""bond/msg/Status"",""message_count"":961},{""name"":""/car_state/frenet/odom"",""type"":""nav_msgs/msg/Odometry"",""message_count"":895},{""name"":""/centerline_waypoints"",""type"":""f110_msgs/msg/WpntArray"",""message_count"":22},{""name"":""/commands/motor/brake"",""type"":""std_msgs/msg/Float64"",""message_count"":2088},{""name"":""/commands/motor/speed"",""type"":""std_msgs/msg/Float64"",""message_count"":2501},{""name"":""/commands/servo/position"",""type"":""std_msgs/msg/Float64"",""message_count"":4452},{""name"":""/debug/l1_lookahead"",""type"":""visualization_msgs/msg/MarkerArray"",""message_count"":4837},{""name"":""/diagnostics"",""type"":""diagnostic_msgs/msg/DiagnosticArray"",""message_count"":289},{""name"":""/drive"",""type"":""ackermann_msgs/msg/AckermannDriveStamped"",""message_count"":9580},{""name"":""/drive_autonomous"",""type"":""ackermann_msgs/msg/AckermannDriveStamped"",""message_count"":4799},{""name"":""/drive_mode"",""type"":""std_msgs/msg/String"",""message_count"":997},{""name"":""/estimated_lap_time"",""type"":""std_msgs/msg/Float32"",""message_count"":25},{""name"":""/estop_lock"",""type"":""std_msgs/msg/Bool"",""message_count"":1002},{""name"":""/events/write_split"",""type"":""rosbag2_interfaces/msg/WriteSplitEvent"",""message_count"":0},{""name"":""/global_waypoints"",""type"":""f110_msgs/msg/WpntArray"",""message_count"":24},{""name"":""/global_waypoints/shortest_path"",""type"":""f110_msgs/msg/WpntArray"",""message_count"":22},{""name"":""/joy"",""type"":""sensor_msgs/msg/Joy"",""message_count"":702},{""name"":""/local_path"",""type"":""nav_msgs/msg/Path"",""message_count"":1837},{""name"":""/local_planning/path"",""type"":""nav_msgs/msg/Path"",""message_count"":1838},{""name"":""/local_planning/reference_map"",""type"":""nav_msgs/msg/OccupancyGrid"",""message_count"":1},{""name"":""/local_planning_map_server/transition_event"",""type"":""lifecycle_msgs/msg/TransitionEvent"",""message_count"":0},{""name"":""/local_waypoints"",""type"":""f110_msgs/msg/WpntArray"",""message_count"":872},{""name"":""/map_infos"",""type"":""std_msgs/msg/String"",""message_count"":24},{""name"":""/odom"",""type"":""nav_msgs/msg/Odometry"",""message_count"":2375},{""name"":""/opp_obs"",""type"":""f110_msgs/msg/ObstacleArray"",""message_count"":1763},{""name"":""/parameter_events"",""type"":""rcl_interfaces/msg/ParameterEvent"",""message_count"":0},{""name"":""/particle_filter_map_server/transition_event"",""type"":""lifecycle_msgs/msg/TransitionEvent"",""message_count"":0},{""name"":""/pf/pose/odom"",""type"":""nav_msgs/msg/Odometry"",""message_count"":909},{""name"":""/rosout"",""type"":""rcl_interfaces/msg/Log"",""message_count"":583},{""name"":""/scan"",""type"":""sensor_msgs/msg/LaserScan"",""message_count"":1786},{""name"":""/sensors/core"",""type"":""vesc_msgs/msg/VescStateStamped"",""message_count"":2311},{""name"":""/sensors/imu/raw"",""type"":""sensor_msgs/msg/Imu"",""message_count"":2301},{""name"":""/sensors/servo_position_command"",""type"":""std_msgs/msg/Float64"",""message_count"":4458},{""name"":""/state"",""type"":""f110_msgs/msg/StateMachine"",""message_count"":480},{""name"":""/static_obs"",""type"":""f110_msgs/msg/ObstacleArray"",""message_count"":1789},{""name"":""/teleop"",""type"":""ackermann_msgs/msg/AckermannDriveStamped"",""message_count"":0},{""name"":""/tf"",""type"":""tf2_msgs/msg/TFMessage"",""message_count"":4175},{""name"":""/tf_static"",""type"":""tf2_msgs/msg/TFMessage"",""message_count"":1}]","[{""path"":""run_0805_143853_0.db3"",""exists"":true,""size_bytes"":26095616}]",36533047ad205778ec698d358c186e59a5597b1c16990cde4d16f8f916333fb6,38f91017bd9614040adfaa8e54832720e85987ced71961e7173d7b6cbcb9bb31,,False,True
rosbag_research_inventory/1,/home/sungho/.local/share/Trash/files/run_0805_1/run_0805_144426,run_0805_144426,sqlite3,111.514108452,47259648,98909,17,1785908667734550740,1785908779248659192,"[{""name"":""/commands/motor/brake"",""type"":""std_msgs/msg/Float64"",""message_count"":5712},{""name"":""/commands/motor/speed"",""type"":""std_msgs/msg/Float64"",""message_count"":6358},{""name"":""/commands/servo/position"",""type"":""std_msgs/msg/Float64"",""message_count"":12047},{""name"":""/drive"",""type"":""ackermann_msgs/msg/AckermannDriveStamped"",""message_count"":22302},{""name"":""/drive_autonomous"",""type"":""ackermann_msgs/msg/AckermannDriveStamped"",""message_count"":11150},{""name"":""/drive_mode"",""type"":""std_msgs/msg/String"",""message_count"":2212},{""name"":""/estop_lock"",""type"":""std_msgs/msg/Bool"",""message_count"":2212},{""name"":""/global_waypoints"",""type"":""f110_msgs/msg/WpntArray"",""message_count"":57},{""name"":""/joy"",""type"":""sensor_msgs/msg/Joy"",""message_count"":1586},{""name"":""/local_waypoints"",""type"":""f110_msgs/msg/WpntArray"",""message_count"":2213},{""name"":""/odom"",""type"":""nav_msgs/msg/Odometry"",""message_count"":5527},{""name"":""/pf/pose/odom"",""type"":""nav_msgs/msg/Odometry"",""message_count"":2230},{""name"":""/scan"",""type"":""sensor_msgs/msg/LaserScan"",""message_count"":4127},{""name"":""/sensors/core"",""type"":""vesc_msgs/msg/VescStateStamped"",""message_count"":5569},{""name"":""/sensors/imu/raw"",""type"":""sensor_msgs/msg/Imu"",""message_count"":5570},{""name"":""/tf"",""type"":""tf2_msgs/msg/TFMessage"",""message_count"":10036},{""name"":""/tf_static"",""type"":""tf2_msgs/msg/TFMessage"",""message_count"":1}]","[{""path"":""run_0805_144426_0.db3"",""exists"":true,""size_bytes"":47259648}]",f452c342004adfbdf08670c921d1683d81ffcaa67bbdc5549fc9c7dcd264d428,e9fca0865a65e21fd17721d53bc7c202c90b950bf488b7fc84152700a56918ec,,False,True
rosbag_research_inventory/1,/home/sungho/.local/share/Trash/files/run_0805_1/run_0805_145055,run_0805_145055,sqlite3,13.618749898,2347008,6040,17,1785909055969789202,1785909069588539100,"[{""name"":""/commands/motor/brake"",""type"":""std_msgs/msg/Float64"",""message_count"":175},{""name"":""/commands/motor/speed"",""type"":""std_msgs/msg/Float64"",""message_count"":320},{""name"":""/commands/servo/position"",""type"":""std_msgs/msg/Float64"",""message_count"":443},{""name"":""/drive"",""type"":""ackermann_msgs/msg/AckermannDriveStamped"",""message_count"":569},{""name"":""/drive_autonomous"",""type"":""ackermann_msgs/msg/AckermannDriveStamped"",""message_count"":682},{""name"":""/drive_mode"",""type"":""std_msgs/msg/String"",""message_count"":225},{""name"":""/estop_lock"",""type"":""std_msgs/msg/Bool"",""message_count"":225},{""name"":""/global_waypoints"",""type"":""f110_msgs/msg/WpntArray"",""message_count"":8},{""name"":""/joy"",""type"":""sensor_msgs/msg/Joy"",""message_count"":279},{""name"":""/local_waypoints"",""type"":""f110_msgs/msg/WpntArray"",""message_count"":171},{""name"":""/odom"",""type"":""nav_msgs/msg/Odometry"",""message_count"":578},{""name"":""/pf/pose/odom"",""type"":""nav_msgs/msg/Odometry"",""message_count"":199},{""name"":""/scan"",""type"":""sensor_msgs/msg/LaserScan"",""message_count"":0},{""name"":""/sensors/core"",""type"":""vesc_msgs/msg/VescStateStamped"",""message_count"":593},{""name"":""/sensors/imu/raw"",""type"":""sensor_msgs/msg/Imu"",""message_count"":592},{""name"":""/tf"",""type"":""tf2_msgs/msg/TFMessage"",""message_count"":980},{""name"":""/tf_static"",""type"":""tf2_msgs/msg/TFMessage"",""message_count"":1}]","[{""path"":""run_0805_145055_0.db3"",""exists"":true,""size_bytes"":2347008}]",ef38a795bcb1f8c9a575c86ec5d2ede120f9c04016a551055f92baf23f2bdd16,27530607f10691e95bffe9cb08dfb0f3228ced8c1551978cd4a76c8dd2cc7ebf,,False,True
rosbag_research_inventory/1,/home/sungho/.local/share/Trash/files/run_0805_1/run_0805_150603,run_0805_150603,sqlite3,127.117381525,50823168,70503,17,1785909964612636859,1785910091730018384,"[{""name"":""/commands/motor/brake"",""type"":""std_msgs/msg/Float64"",""message_count"":2969},{""name"":""/commands/motor/speed"",""type"":""std_msgs/msg/Float64"",""message_count"":2702},{""name"":""/commands/servo/position"",""type"":""std_msgs/msg/Float64"",""message_count"":5245},{""name"":""/drive"",""type"":""ackermann_msgs/msg/AckermannDriveStamped"",""message_count"":6244},{""name"":""/drive_autonomous"",""type"":""ackermann_msgs/msg/AckermannDriveStamped"",""message_count"":6245},{""name"":""/drive_mode"",""type"":""std_msgs/msg/String"",""message_count"":2521},{""name"":""/estop_lock"",""type"":""std_msgs/msg/Bool"",""message_count"":2521},{""name"":""/global_waypoints"",""type"":""f110_msgs/msg/WpntArray"",""message_count"":64},{""name"":""/joy"",""type"":""sensor_msgs/msg/Joy"",""message_count"":1724},{""name"":""/local_waypoints"",""type"":""f110_msgs/msg/WpntArray"",""message_count"":2497},{""name"":""/odom"",""type"":""nav_msgs/msg/Odometry"",""message_count"":6315},{""name"":""/pf/pose/odom"",""type"":""nav_msgs/msg/Odometry"",""message_count"":2521},{""name"":""/scan"",""type"":""sensor_msgs/msg/LaserScan"",""message_count"":4945},{""name"":""/sensors/core"",""type"":""vesc_msgs/msg/VescStateStamped"",""message_count"":6315},{""name"":""/sensors/imu/raw"",""type"":""sensor_msgs/msg/Imu"",""message_count"":6314},{""name"":""/tf"",""type"":""tf2_msgs/msg/TFMessage"",""message_count"":11360},{""name"":""/tf_static"",""type"":""tf2_msgs/msg/TFMessage"",""message_count"":1}]","[{""path"":""run_0805_150603_0.db3"",""exists"":true,""size_bytes"":50823168}]",890f156b58d05f10ac2471801eeb33481ceebd5c18ac55e93e9cdd6f25cba3b5,f8099c921982dd01a9d01181f58e76cc1fc28d65c880982e8ee9585667f6e7de,,False,True
rosbag_research_inventory/1,/home/sungho/.local/share/Trash/files/run_0805_1/run_0805_151954,run_0805_151954,sqlite3,110.018227679,44249088,62002,17,1785910795596469596,1785910905614697275,"[{""name"":""/commands/motor/brake"",""type"":""std_msgs/msg/Float64"",""message_count"":2405},{""name"":""/commands/motor/speed"",""type"":""std_msgs/msg/Float64"",""message_count"":2848},{""name"":""/commands/servo/position"",""type"":""std_msgs/msg/Float64"",""message_count"":5167},{""name"":""/drive"",""type"":""ackermann_msgs/msg/AckermannDriveStamped"",""message_count"":5408},{""name"":""/drive_autonomous"",""type"":""ackermann_msgs/msg/AckermannDriveStamped"",""message_count"":5408},{""name"":""/drive_mode"",""type"":""std_msgs/msg/String"",""message_count"":2177},{""name"":""/estop_lock"",""type"":""std_msgs/msg/Bool"",""message_count"":2177},{""name"":""/global_waypoints"",""type"":""f110_msgs/msg/WpntArray"",""message_count"":56},{""name"":""/joy"",""type"":""sensor_msgs/msg/Joy"",""message_count"":1465},{""name"":""/local_waypoints"",""type"":""f110_msgs/msg/WpntArray"",""message_count"":2175},{""name"":""/odom"",""type"":""nav_msgs/msg/Odometry"",""message_count"":5501},{""name"":""/pf/pose/odom"",""type"":""nav_msgs/msg/Odometry"",""message_count"":2162},{""name"":""/scan"",""type"":""sensor_msgs/msg/LaserScan"",""message_count"":4319},{""name"":""/sensors/core"",""type"":""vesc_msgs/msg/VescStateStamped"",""message_count"":5422},{""name"":""/sensors/imu/raw"",""type"":""sensor_msgs/msg/Imu"",""message_count"":5422},{""name"":""/tf"",""type"":""tf2_msgs/msg/TFMessage"",""message_count"":9889},{""name"":""/tf_static"",""type"":""tf2_msgs/msg/TFMessage"",""message_count"":1}]","[{""path"":""run_0805_151954_0.db3"",""exists"":true,""size_bytes"":44249088}]",d48668d3d80a3ae236ea63de836ba681f426fa0810a43ba7134aa6bb1d52f362,6b7c8bf6e80f7c7dd14aea67e6f4dee523eac2c2ac119c16725df0acc98f35aa,,False,True
rosbag_research_inventory/1,/home/sungho/.local/share/Trash/files/run_0805_1/run_0805_153852,run_0805_153852,sqlite3,106.831894166,42762240,60242,17,1785911934276561270,1785912041108455436,"[{""name"":""/commands/motor/brake"",""type"":""std_msgs/msg/Float64"",""message_count"":2360},{""name"":""/commands/motor/speed"",""type"":""std_msgs/msg/Float64"",""message_count"":2755},{""name"":""/commands/servo/position"",""type"":""std_msgs/msg/Float64"",""message_count"":5022},{""name"":""/drive"",""type"":""ackermann_msgs/msg/AckermannDriveStamped"",""message_count"":5331},{""name"":""/drive_autonomous"",""type"":""ackermann_msgs/msg/AckermannDriveStamped"",""message_count"":5331},{""name"":""/drive_mode"",""type"":""std_msgs/msg/String"",""message_count"":2100},{""name"":""/estop_lock"",""type"":""std_msgs/msg/Bool"",""message_count"":2101},{""name"":""/global_waypoints"",""type"":""f110_msgs/msg/WpntArray"",""message_count"":54},{""name"":""/joy"",""type"":""sensor_msgs/msg/Joy"",""message_count"":1392},{""name"":""/local_waypoints"",""type"":""f110_msgs/msg/WpntArray"",""message_count"":2125},{""name"":""/odom"",""type"":""nav_msgs/msg/Odometry"",""message_count"":5284},{""name"":""/pf/pose/odom"",""type"":""nav_msgs/msg/Odometry"",""message_count"":2125},{""name"":""/scan"",""type"":""sensor_msgs/msg/LaserScan"",""message_count"":4151},{""name"":""/sensors/core"",""type"":""vesc_msgs/msg/VescStateStamped"",""message_count"":5285},{""name"":""/sensors/imu/raw"",""type"":""sensor_msgs/msg/Imu"",""message_count"":5285},{""name"":""/tf"",""type"":""tf2_msgs/msg/TFMessage"",""message_count"":9540},{""name"":""/tf_static"",""type"":""tf2_msgs/msg/TFMessage"",""message_count"":1}]","[{""path"":""run_0805_153852_0.db3"",""exists"":true,""size_bytes"":42762240}]",5e3bb61f57f786c267a0983946a1175ac75be8c7ae79f96d583891b713bf5d30,13e052e8141ed6bc65ee4868f8b90e91c31f83916d64799f8f6fb0683d4613a1,,False,True
rosbag_research_inventory/1,/home/sungho/.local/share/Trash/files/run_0805_1/run_0805_160336,run_0805_160336,sqlite3,42.960199735,17076224,24204,17,1785913417281835136,1785913460242034871,"[{""name"":""/commands/motor/brake"",""type"":""std_msgs/msg/Float64"",""message_count"":665},{""name"":""/commands/motor/speed"",""type"":""std_msgs/msg/Float64"",""message_count"":1409},{""name"":""/commands/servo/position"",""type"":""std_msgs/msg/Float64"",""message_count"":2073},{""name"":""/drive"",""type"":""ackermann_msgs/msg/AckermannDriveStamped"",""message_count"":2083},{""name"":""/drive_autonomous"",""type"":""ackermann_msgs/msg/AckermannDriveStamped"",""message_count"":2077},{""name"":""/drive_mode"",""type"":""std_msgs/msg/String"",""message_count"":857},{""name"":""/estop_lock"",""type"":""std_msgs/msg/Bool"",""message_count"":857},{""name"":""/global_waypoints"",""type"":""f110_msgs/msg/WpntArray"",""message_count"":22},{""name"":""/joy"",""type"":""sensor_msgs/msg/Joy"",""message_count"":564},{""name"":""/local_waypoints"",""type"":""f110_msgs/msg/WpntArray"",""message_count"":818},{""name"":""/odom"",""type"":""nav_msgs/msg/Odometry"",""message_count"":2142},{""name"":""/pf/pose/odom"",""type"":""nav_msgs/msg/Odometry"",""message_count"":843},{""name"":""/scan"",""type"":""sensor_msgs/msg/LaserScan"",""message_count"":1674},{""name"":""/sensors/core"",""type"":""vesc_msgs/msg/VescStateStamped"",""message_count"":2149},{""name"":""/sensors/imu/raw"",""type"":""sensor_msgs/msg/Imu"",""message_count"":2143},{""name"":""/tf"",""type"":""tf2_msgs/msg/TFMessage"",""message_count"":3827},{""name"":""/tf_static"",""type"":""tf2_msgs/msg/TFMessage"",""message_count"":1}]","[{""path"":""run_0805_160336_0.db3"",""exists"":true,""size_bytes"":17076224}]",425f7712c21cdce2b032c06cdab5d435a160f80e596aff57537729d07842677d,0d05a5a9038a5466c0c48acb68027d27df59db0ef376aa3fa40d82d85d8cde37,,False,True
rosbag_research_inventory/1,/home/sungho/.local/share/Trash/files/run_0805_1/run_0805_160913,run_0805_160913,sqlite3,233.250787311,93581312,132620,17,1785913754091409449,1785913987342196760,"[{""name"":""/commands/motor/brake"",""type"":""std_msgs/msg/Float64"",""message_count"":4398},{""name"":""/commands/motor/speed"",""type"":""std_msgs/msg/Float64"",""message_count"":6983},{""name"":""/commands/servo/position"",""type"":""std_msgs/msg/Float64"",""message_count"":11273},{""name"":""/drive"",""type"":""ackermann_msgs/msg/AckermannDriveStamped"",""message_count"":11647},{""name"":""/drive_autonomous"",""type"":""ackermann_msgs/msg/AckermannDriveStamped"",""message_count"":11647},{""name"":""/drive_mode"",""type"":""std_msgs/msg/String"",""message_count"":4635},{""name"":""/estop_lock"",""type"":""std_msgs/msg/Bool"",""message_count"":4635},{""name"":""/global_waypoints"",""type"":""f110_msgs/msg/WpntArray"",""message_count"":116},{""name"":""/joy"",""type"":""sensor_msgs/msg/Joy"",""message_count"":3156},{""name"":""/local_waypoints"",""type"":""f110_msgs/msg/WpntArray"",""message_count"":4647},{""name"":""/odom"",""type"":""nav_msgs/msg/Odometry"",""message_count"":11663},{""name"":""/pf/pose/odom"",""type"":""nav_msgs/msg/Odometry"",""message_count"":4605},{""name"":""/scan"",""type"":""sensor_msgs/msg/LaserScan"",""message_count"":9093},{""name"":""/sensors/core"",""type"":""vesc_msgs/msg/VescStateStamped"",""message_count"":11622},{""name"":""/sensors/imu/raw"",""type"":""sensor_msgs/msg/Imu"",""message_count"":11622},{""name"":""/tf"",""type"":""tf2_msgs/msg/TFMessage"",""message_count"":20877},{""name"":""/tf_static"",""type"":""tf2_msgs/msg/TFMessage"",""message_count"":1}]","[{""path"":""run_0805_160913_0.db3"",""exists"":true,""size_bytes"":93581312}]",448cdf2436014d83f97750688d756c964215a4be7c3b08cc245aefdfdf70a0bf,a832cc1dbd1ae9207be46451380bdcdaba3d33895572a89bd4274328ddce09c9,,False,True
rosbag_research_inventory/1,/home/sungho/.local/share/Trash/files/run_0805_1/run_0805_162029,run_0805_162029,sqlite3,69.915748500,26058752,29612,17,1785914430956171422,1785914500871919922,"[{""name"":""/commands/motor/brake"",""type"":""std_msgs/msg/Float64"",""message_count"":305},{""name"":""/commands/motor/speed"",""type"":""std_msgs/msg/Float64"",""message_count"":1158},{""name"":""/commands/servo/position"",""type"":""std_msgs/msg/Float64"",""message_count"":1232},{""name"":""/drive"",""type"":""ackermann_msgs/msg/AckermannDriveStamped"",""message_count"":536},{""name"":""/drive_autonomous"",""type"":""ackermann_msgs/msg/AckermannDriveStamped"",""message_count"":638},{""name"":""/drive_mode"",""type"":""std_msgs/msg/String"",""message_count"":1399},{""name"":""/estop_lock"",""type"":""std_msgs/msg/Bool"",""message_count"":1399},{""name"":""/global_waypoints"",""type"":""f110_msgs/msg/WpntArray"",""message_count"":35},{""name"":""/joy"",""type"":""sensor_msgs/msg/Joy"",""message_count"":1556},{""name"":""/local_waypoints"",""type"":""f110_msgs/msg/WpntArray"",""message_count"":1280},{""name"":""/odom"",""type"":""nav_msgs/msg/Odometry"",""message_count"":3397},{""name"":""/pf/pose/odom"",""type"":""nav_msgs/msg/Odometry"",""message_count"":1297},{""name"":""/scan"",""type"":""sensor_msgs/msg/LaserScan"",""message_count"":2588},{""name"":""/sensors/core"",""type"":""vesc_msgs/msg/VescStateStamped"",""message_count"":3397},{""name"":""/sensors/imu/raw"",""type"":""sensor_msgs/msg/Imu"",""message_count"":3396},{""name"":""/tf"",""type"":""tf2_msgs/msg/TFMessage"",""message_count"":5998},{""name"":""/tf_static"",""type"":""tf2_msgs/msg/TFMessage"",""message_count"":1}]","[{""path"":""run_0805_162029_0.db3"",""exists"":true,""size_bytes"":26058752}]",0fb9f7056fc0abda054d4f73a8bc4c89b67b4edef17dcfe96be21c1ffcda905e,c6205c2bd02dd0b97d1feefaf6aee75476561f941fdbdbd84aa37b6a5cc17f3c,,False,True
rosbag_research_inventory/1,/home/sungho/.local/share/Trash/files/run_0805_1/run_0805_165428,run_0805_165428,sqlite3,23.664557036,11608064,11619,17,1785916469405870208,1785916493070427244,"[{""name"":""/commands/motor/brake"",""type"":""std_msgs/msg/Float64"",""message_count"":354},{""name"":""/commands/motor/speed"",""type"":""std_msgs/msg/Float64"",""message_count"":254},{""name"":""/commands/servo/position"",""type"":""std_msgs/msg/Float64"",""message_count"":265},{""name"":""/drive"",""type"":""ackermann_msgs/msg/AckermannDriveStamped"",""message_count"":1149},{""name"":""/drive_autonomous"",""type"":""ackermann_msgs/msg/AckermannDriveStamped"",""message_count"":1135},{""name"":""/drive_mode"",""type"":""std_msgs/msg/String"",""message_count"":448},{""name"":""/estop_lock"",""type"":""std_msgs/msg/Bool"",""message_count"":448},{""name"":""/global_waypoints"",""type"":""f110_msgs/msg/WpntArray"",""message_count"":12},{""name"":""/joy"",""type"":""sensor_msgs/msg/Joy"",""message_count"":330},{""name"":""/local_waypoints"",""type"":""f110_msgs/msg/WpntArray"",""message_count"":462},{""name"":""/odom"",""type"":""nav_msgs/msg/Odometry"",""message_count"":1135},{""name"":""/pf/pose/odom"",""type"":""nav_msgs/msg/Odometry"",""message_count"":409},{""name"":""/scan"",""type"":""sensor_msgs/msg/LaserScan"",""message_count"":920},{""name"":""/sensors/core"",""type"":""vesc_msgs/msg/VescStateStamped"",""message_count"":1164},{""name"":""/sensors/imu/raw"",""type"":""sensor_msgs/msg/Imu"",""message_count"":1164},{""name"":""/tf"",""type"":""tf2_msgs/msg/TFMessage"",""message_count"":1969},{""name"":""/tf_static"",""type"":""tf2_msgs/msg/TFMessage"",""message_count"":1}]","[{""path"":""run_0805_165428_0.db3"",""exists"":true,""size_bytes"":11608064}]",e67d7536126c2d03ff8ed2548825ad1ee321dac97d4e9895a959affd54263da0,4b1184acb1e2e23a788bce62c42067c28ab1a6853cea00a899f1bc2d234511a7,,False,True
rosbag_research_inventory/1,/home/sungho/.local/share/Trash/files/run_0813_194311,run_0813_194311,sqlite3,163.053743801,102428672,109950,22,1786617793737584526,1786617956791328327,"[{""name"":""/ackermann_cmd"",""type"":""ackermann_msgs/msg/AckermannDriveStamped"",""message_count"":6631},{""name"":""/avoid_waypoints"",""type"":""f110_msgs/msg/OTWpntArray"",""message_count"":6312},{""name"":""/car_state/frenet/odom"",""type"":""nav_msgs/msg/Odometry"",""message_count"":3238},{""name"":""/commands/motor/brake"",""type"":""std_msgs/msg/Float64"",""message_count"":2353},{""name"":""/commands/motor/speed"",""type"":""std_msgs/msg/Float64"",""message_count"":4313},{""name"":""/commands/servo/position"",""type"":""std_msgs/msg/Float64"",""message_count"":6656},{""name"":""/drive"",""type"":""ackermann_msgs/msg/AckermannDriveStamped"",""message_count"":8141},{""name"":""/drive_autonomous"",""type"":""ackermann_msgs/msg/AckermannDriveStamped"",""message_count"":8170},{""name"":""/drive_mode"",""type"":""std_msgs/msg/String"",""message_count"":3252},{""name"":""/estop_lock"",""type"":""std_msgs/msg/Bool"",""message_count"":3252},{""name"":""/global_waypoints"",""type"":""f110_msgs/msg/WpntArray"",""message_count"":82},{""name"":""/joy"",""type"":""sensor_msgs/msg/Joy"",""message_count"":2805},{""name"":""/local_waypoints"",""type"":""f110_msgs/msg/WpntArray"",""message_count"":3257},{""name"":""/odom"",""type"":""nav_msgs/msg/Odometry"",""message_count"":8151},{""name"":""/pf/pose/odom"",""type"":""nav_msgs/msg/Odometry"",""message_count"":3250},{""name"":""/scan"",""type"":""sensor_msgs/msg/LaserScan"",""message_count"":6526},{""name"":""/sensors/core"",""type"":""vesc_msgs/msg/VescStateStamped"",""message_count"":8147},{""name"":""/sensors/imu/raw"",""type"":""sensor_msgs/msg/Imu"",""message_count"":8147},{""name"":""/state"",""type"":""f110_msgs/msg/StateMachine"",""message_count"":1630},{""name"":""/teleop"",""type"":""ackermann_msgs/msg/AckermannDriveStamped"",""message_count"":966},{""name"":""/tf"",""type"":""tf2_msgs/msg/TFMessage"",""message_count"":14670},{""name"":""/tf_static"",""type"":""tf2_msgs/msg/TFMessage"",""message_count"":1}]","[{""path"":""run_0813_194311_0.db3"",""exists"":true,""size_bytes"":102428672}]",56fda7319fb8bada91aadce06bf9b4b7fa43b127502ad6b38d64eb24a644cfa3,fbbfd52c715253ba238e6a8ce0f2fbd749e29a1bb0148aa958c106402469b60c,,False,True
rosbag_research_inventory/1,/home/sungho/.local/share/Trash/files/run_0813_194631,run_0813_194631,sqlite3,184.822937673,90533888,113493,22,1786617992205146780,1786618177028084453,"[{""name"":""/ackermann_cmd"",""type"":""ackermann_msgs/msg/AckermannDriveStamped"",""message_count"":4419},{""name"":""/avoid_waypoints"",""type"":""f110_msgs/msg/OTWpntArray"",""message_count"":5275},{""name"":""/car_state/frenet/odom"",""type"":""nav_msgs/msg/Odometry"",""message_count"":3679},{""name"":""/commands/motor/brake"",""type"":""std_msgs/msg/Float64"",""message_count"":2283},{""name"":""/commands/motor/speed"",""type"":""std_msgs/msg/Float64"",""message_count"":3471},{""name"":""/commands/servo/position"",""type"":""std_msgs/msg/Float64"",""message_count"":4527},{""name"":""/drive"",""type"":""ackermann_msgs/msg/AckermannDriveStamped"",""message_count"":8645},{""name"":""/drive_autonomous"",""type"":""ackermann_msgs/msg/AckermannDriveStamped"",""message_count"":8626},{""name"":""/drive_mode"",""type"":""std_msgs/msg/String"",""message_count"":3646},{""name"":""/estop_lock"",""type"":""std_msgs/msg/Bool"",""message_count"":3646},{""name"":""/global_waypoints"",""type"":""f110_msgs/msg/WpntArray"",""message_count"":93},{""name"":""/joy"",""type"":""sensor_msgs/msg/Joy"",""message_count"":3516},{""name"":""/local_waypoints"",""type"":""f110_msgs/msg/WpntArray"",""message_count"":3644},{""name"":""/odom"",""type"":""nav_msgs/msg/Odometry"",""message_count"":9242},{""name"":""/pf/pose/odom"",""type"":""nav_msgs/msg/Odometry"",""message_count"":3692},{""name"":""/scan"",""type"":""sensor_msgs/msg/LaserScan"",""message_count"":7294},{""name"":""/sensors/core"",""type"":""vesc_msgs/msg/VescStateStamped"",""message_count"":9133},{""name"":""/sensors/imu/raw"",""type"":""sensor_msgs/msg/Imu"",""message_count"":9133},{""name"":""/state"",""type"":""f110_msgs/msg/StateMachine"",""message_count"":1823},{""name"":""/teleop"",""type"":""ackermann_msgs/msg/AckermannDriveStamped"",""message_count"":1075},{""name"":""/tf"",""type"":""tf2_msgs/msg/TFMessage"",""message_count"":16630},{""name"":""/tf_static"",""type"":""tf2_msgs/msg/TFMessage"",""message_count"":1}]","[{""path"":""run_0813_194631_0.db3"",""exists"":true,""size_bytes"":90533888}]",2a5770a4fe15fe5e1ae38c357bad9759565af9f1a3f62a52b84f27585d8f9c74,45437750f39ee6b9b4a47e1c557cfe5e6b935d81d600448c281f82803463dfc4,,False,True
rosbag_research_inventory/1,/home/sungho/.local/share/Trash/files/run_0813_195012,run_0813_195012,sqlite3,92.852569376,62054400,60485,22,1786618213537632331,1786618306390201707,"[{""name"":""/ackermann_cmd"",""type"":""ackermann_msgs/msg/AckermannDriveStamped"",""message_count"":3267},{""name"":""/avoid_waypoints"",""type"":""f110_msgs/msg/OTWpntArray"",""message_count"":3526},{""name"":""/car_state/frenet/odom"",""type"":""nav_msgs/msg/Odometry"",""message_count"":1825},{""name"":""/commands/motor/brake"",""type"":""std_msgs/msg/Float64"",""message_count"":1769},{""name"":""/commands/motor/speed"",""type"":""std_msgs/msg/Float64"",""message_count"":1916},{""name"":""/commands/servo/position"",""type"":""std_msgs/msg/Float64"",""message_count"":3269},{""name"":""/drive"",""type"":""ackermann_msgs/msg/AckermannDriveStamped"",""message_count"":4569},{""name"":""/drive_autonomous"",""type"":""ackermann_msgs/msg/AckermannDriveStamped"",""message_count"":4562},{""name"":""/drive_mode"",""type"":""std_msgs/msg/String"",""message_count"":1853},{""name"":""/estop_lock"",""type"":""std_msgs/msg/Bool"",""message_count"":1853},{""name"":""/global_waypoints"",""type"":""f110_msgs/msg/WpntArray"",""message_count"":47},{""name"":""/joy"",""type"":""sensor_msgs/msg/Joy"",""message_count"":1432},{""name"":""/local_waypoints"",""type"":""f110_msgs/msg/WpntArray"",""message_count"":1850},{""name"":""/odom"",""type"":""nav_msgs/msg/Odometry"",""message_count"":4643},{""name"":""/pf/pose/odom"",""type"":""nav_msgs/msg/Odometry"",""message_count"":1838},{""name"":""/scan"",""type"":""sensor_msgs/msg/LaserScan"",""message_count"":3608},{""name"":""/sensors/core"",""type"":""vesc_msgs/msg/VescStateStamped"",""message_count"":4637},{""name"":""/sensors/imu/raw"",""type"":""sensor_msgs/msg/Imu"",""message_count"":4637},{""name"":""/state"",""type"":""f110_msgs/msg/StateMachine"",""message_count"":926},{""name"":""/teleop"",""type"":""ackermann_msgs/msg/AckermannDriveStamped"",""message_count"":135},{""name"":""/tf"",""type"":""tf2_msgs/msg/TFMessage"",""message_count"":8322},{""name"":""/tf_static"",""type"":""tf2_msgs/msg/TFMessage"",""message_count"":1}]","[{""path"":""run_0813_195012_0.db3"",""exists"":true,""size_bytes"":62054400}]",a6c270d6f0dc88baccac0c52761b84676b10b9d1f14362b7ad7a271199e9da5b,df6b11378dd802f75e7e888078dfacb46d582b0048a1a3221e7ddb7e29f41542,,False,True
rosbag_research_inventory/1,/home/sungho/.local/share/Trash/files/run_0813_202925,run_0813_202925,sqlite3,265.716903188,161386496,198177,22,1786620566942076766,1786620832658979954,"[{""name"":""/ackermann_cmd"",""type"":""ackermann_msgs/msg/AckermannDriveStamped"",""message_count"":9880},{""name"":""/avoid_waypoints"",""type"":""f110_msgs/msg/OTWpntArray"",""message_count"":8073},{""name"":""/car_state/frenet/odom"",""type"":""nav_msgs/msg/Odometry"",""message_count"":10564},{""name"":""/commands/motor/brake"",""type"":""std_msgs/msg/Float64"",""message_count"":303},{""name"":""/commands/motor/speed"",""type"":""std_msgs/msg/Float64"",""message_count"":9616},{""name"":""/commands/servo/position"",""type"":""std_msgs/msg/Float64"",""message_count"":9867},{""name"":""/drive"",""type"":""ackermann_msgs/msg/AckermannDriveStamped"",""message_count"":11926},{""name"":""/drive_autonomous"",""type"":""ackermann_msgs/msg/AckermannDriveStamped"",""message_count"":11937},{""name"":""/drive_mode"",""type"":""std_msgs/msg/String"",""message_count"":5298},{""name"":""/estop_lock"",""type"":""std_msgs/msg/Bool"",""message_count"":5298},{""name"":""/global_waypoints"",""type"":""f110_msgs/msg/WpntArray"",""message_count"":134},{""name"":""/joy"",""type"":""sensor_msgs/msg/Joy"",""message_count"":4698},{""name"":""/local_waypoints"",""type"":""f110_msgs/msg/WpntArray"",""message_count"":10576},{""name"":""/odom"",""type"":""nav_msgs/msg/Odometry"",""message_count"":13226},{""name"":""/pf/pose/odom"",""type"":""nav_msgs/msg/Odometry"",""message_count"":10583},{""name"":""/scan"",""type"":""sensor_msgs/msg/LaserScan"",""message_count"":10541},{""name"":""/sensors/core"",""type"":""vesc_msgs/msg/VescStateStamped"",""message_count"":13236},{""name"":""/sensors/imu/raw"",""type"":""sensor_msgs/msg/Imu"",""message_count"":13236},{""name"":""/state"",""type"":""f110_msgs/msg/StateMachine"",""message_count"":2655},{""name"":""/teleop"",""type"":""ackermann_msgs/msg/AckermannDriveStamped"",""message_count"":2139},{""name"":""/tf"",""type"":""tf2_msgs/msg/TFMessage"",""message_count"":34390},{""name"":""/tf_static"",""type"":""tf2_msgs/msg/TFMessage"",""message_count"":1}]","[{""path"":""run_0813_202925_0.db3"",""exists"":true,""size_bytes"":161386496}]",6164afd6213622328cd76b1a2f61e2f043e82dafb37ecc7835a53f5adc13f8b9,04512ca5a85971eb5108079c96af183d53e2ea3ffca41093e52b2136176e47b4,,False,True
rosbag_research_inventory/1,/home/sungho/.local/share/Trash/files/run_0813_203537,run_0813_203537,sqlite3,130.260036946,72019968,97543,22,1786620938381313155,1786621068641350101,"[{""name"":""/ackermann_cmd"",""type"":""ackermann_msgs/msg/AckermannDriveStamped"",""message_count"":4237},{""name"":""/avoid_waypoints"",""type"":""f110_msgs/msg/OTWpntArray"",""message_count"":5000},{""name"":""/car_state/frenet/odom"",""type"":""nav_msgs/msg/Odometry"",""message_count"":5172},{""name"":""/commands/motor/brake"",""type"":""std_msgs/msg/Float64"",""message_count"":1280},{""name"":""/commands/motor/speed"",""type"":""std_msgs/msg/Float64"",""message_count"":3432},{""name"":""/commands/servo/position"",""type"":""std_msgs/msg/Float64"",""message_count"":4239},{""name"":""/drive"",""type"":""ackermann_msgs/msg/AckermannDriveStamped"",""message_count"":6405},{""name"":""/drive_autonomous"",""type"":""ackermann_msgs/msg/AckermannDriveStamped"",""message_count"":6478},{""name"":""/drive_mode"",""type"":""std_msgs/msg/String"",""message_count"":2552},{""name"":""/estop_lock"",""type"":""std_msgs/msg/Bool"",""message_count"":2552},{""name"":""/global_waypoints"",""type"":""f110_msgs/msg/WpntArray"",""message_count"":66},{""name"":""/joy"",""type"":""sensor_msgs/msg/Joy"",""message_count"":2321},{""name"":""/local_waypoints"",""type"":""f110_msgs/msg/WpntArray"",""message_count"":5182},{""name"":""/odom"",""type"":""nav_msgs/msg/Odometry"",""message_count"":6468},{""name"":""/pf/pose/odom"",""type"":""nav_msgs/msg/Odometry"",""message_count"":5173},{""name"":""/scan"",""type"":""sensor_msgs/msg/LaserScan"",""message_count"":5171},{""name"":""/sensors/core"",""type"":""vesc_msgs/msg/VescStateStamped"",""message_count"":6514},{""name"":""/sensors/imu/raw"",""type"":""sensor_msgs/msg/Imu"",""message_count"":6496},{""name"":""/state"",""type"":""f110_msgs/msg/StateMachine"",""message_count"":1296},{""name"":""/teleop"",""type"":""ackermann_msgs/msg/AckermannDriveStamped"",""message_count"":689},{""name"":""/tf"",""type"":""tf2_msgs/msg/TFMessage"",""message_count"":16819},{""name"":""/tf_static"",""type"":""tf2_msgs/msg/TFMessage"",""message_count"":1}]","[{""path"":""run_0813_203537_0.db3"",""exists"":true,""size_bytes"":72019968}]",058a6dcf6b0c76857ffb69283035fe1270538c8bd44088252f312566ca647ee1,263a17d7c8e521467f22eaee32a45c8d6b9cc1cbefb8aef887b2d2d18f9ab210,,False,True
rosbag_research_inventory/1,/home/sungho/.local/share/Trash/files/run_0814_131653,run_0814_131653,sqlite3,88.634415279,88252416,72039,24,1786681015035797206,1786681103670212485,"[{""name"":""/ackermann_cmd"",""type"":""ackermann_msgs/msg/AckermannDriveStamped"",""message_count"":2633},{""name"":""/avoid_waypoints"",""type"":""f110_msgs/msg/OTWpntArray"",""message_count"":3503},{""name"":""/car_state/frenet/odom"",""type"":""nav_msgs/msg/Odometry"",""message_count"":3375},{""name"":""/commands/motor/brake"",""type"":""std_msgs/msg/Float64"",""message_count"":685},{""name"":""/commands/motor/speed"",""type"":""std_msgs/msg/Float64"",""message_count"":2042},{""name"":""/commands/servo/position"",""type"":""std_msgs/msg/Float64"",""message_count"":2561},{""name"":""/drive"",""type"":""ackermann_msgs/msg/AckermannDriveStamped"",""message_count"":4302},{""name"":""/drive_autonomous"",""type"":""ackermann_msgs/msg/AckermannDriveStamped"",""message_count"":4301},{""name"":""/drive_mode"",""type"":""std_msgs/msg/String"",""message_count"":1717},{""name"":""/estop_lock"",""type"":""std_msgs/msg/Bool"",""message_count"":1717},{""name"":""/global_waypoints"",""type"":""f110_msgs/msg/WpntArray"",""message_count"":45},{""name"":""/joy"",""type"":""sensor_msgs/msg/Joy"",""message_count"":1654},{""name"":""/local_waypoints"",""type"":""f110_msgs/msg/WpntArray"",""message_count"":3349},{""name"":""/odom"",""type"":""nav_msgs/msg/Odometry"",""message_count"":4343},{""name"":""/opp_obs"",""type"":""f110_msgs/msg/ObstacleArray"",""message_count"":3518},{""name"":""/pf/pose/odom"",""type"":""nav_msgs/msg/Odometry"",""message_count"":3523},{""name"":""/scan"",""type"":""sensor_msgs/msg/LaserScan"",""message_count"":3458},{""name"":""/sensors/core"",""type"":""vesc_msgs/msg/VescStateStamped"",""message_count"":4325},{""name"":""/sensors/imu/raw"",""type"":""sensor_msgs/msg/Imu"",""message_count"":4325},{""name"":""/state"",""type"":""f110_msgs/msg/StateMachine"",""message_count"":861},{""name"":""/static_obs"",""type"":""f110_msgs/msg/ObstacleArray"",""message_count"":3518},{""name"":""/teleop"",""type"":""ackermann_msgs/msg/AckermannDriveStamped"",""message_count"":885},{""name"":""/tf"",""type"":""tf2_msgs/msg/TFMessage"",""message_count"":11398},{""name"":""/tf_static"",""type"":""tf2_msgs/msg/TFMessage"",""message_count"":1}]","[{""path"":""run_0814_131653_0.db3"",""exists"":true,""size_bytes"":88252416}]",1cced035c1fd58e6c94bf137eb980619d1d49d94d42d1e98ddd796fcd26a9cde,34fbef87ec43e28f6366a9eb075b12f198d7823c2781c10d15048c86c0ce946a,,False,True
rosbag_research_inventory/1,/home/sungho/.local/share/Trash/files/run_0818_182531,run_0818_182531,sqlite3,229.262903367,418598912,151604,23,1787045132233759695,1787045361496663062,"[{""name"":""/ackermann_cmd"",""type"":""ackermann_msgs/msg/AckermannDriveStamped"",""message_count"":4044},{""name"":""/avoid_waypoints"",""type"":""f110_msgs/msg/OTWpntArray"",""message_count"":9112},{""name"":""/car_state/frenet/odom"",""type"":""nav_msgs/msg/Odometry"",""message_count"":9071},{""name"":""/commands/motor/brake"",""type"":""std_msgs/msg/Float64"",""message_count"":2344},{""name"":""/commands/motor/speed"",""type"":""std_msgs/msg/Float64"",""message_count"":3510},{""name"":""/commands/servo/position"",""type"":""std_msgs/msg/Float64"",""message_count"":4044},{""name"":""/drive"",""type"":""ackermann_msgs/msg/AckermannDriveStamped"",""message_count"":6795},{""name"":""/drive_autonomous"",""type"":""ackermann_msgs/msg/AckermannDriveStamped"",""message_count"":6797},{""name"":""/drive_mode"",""type"":""std_msgs/msg/String"",""message_count"":4530},{""name"":""/estop_lock"",""type"":""std_msgs/msg/Bool"",""message_count"":4530},{""name"":""/global_waypoints"",""type"":""f110_msgs/msg/WpntArray"",""message_count"":116},{""name"":""/joy"",""type"":""sensor_msgs/msg/Joy"",""message_count"":3696},{""name"":""/local_waypoints"",""type"":""f110_msgs/msg/WpntArray"",""message_count"":9008},{""name"":""/odom"",""type"":""nav_msgs/msg/Odometry"",""message_count"":11357},{""name"":""/pf/pose/odom"",""type"":""nav_msgs/msg/Odometry"",""message_count"":9044},{""name"":""/pf/viz/particles"",""type"":""geometry_msgs/msg/PoseArray"",""message_count"":9044},{""name"":""/scan"",""type"":""sensor_msgs/msg/LaserScan"",""message_count"":9070},{""name"":""/sensors/core"",""type"":""vesc_msgs/msg/VescStateStamped"",""message_count"":11363},{""name"":""/sensors/imu/raw"",""type"":""sensor_msgs/msg/Imu"",""message_count"":11363},{""name"":""/state"",""type"":""f110_msgs/msg/StateMachine"",""message_count"":2264},{""name"":""/teleop"",""type"":""ackermann_msgs/msg/AckermannDriveStamped"",""message_count"":96},{""name"":""/tf"",""type"":""tf2_msgs/msg/TFMessage"",""message_count"":20405},{""name"":""/tf_static"",""type"":""tf2_msgs/msg/TFMessage"",""message_count"":1}]","[{""path"":""run_0818_182531_0.db3"",""exists"":true,""size_bytes"":418598912}]",bcf66f51a20183d71a150f125effca2cef606bd67925d43c4f290c30db4b3379,1ed72be07d2822514c8b7ff013b3643acb16841ec47d2b29e733f24f74c2ea8a,,False,True
rosbag_research_inventory/1,/home/sungho/.local/share/Trash/files/run_161657,run_161657,mcap,634.172768891,524824173,381794,20,1787210218554095339,1787210852726864230,"[{""name"":""/avoid_waypoints"",""type"":""f110_msgs/msg/OTWpntArray"",""message_count"":23958},{""name"":""/car_state/frenet/odom"",""type"":""nav_msgs/msg/Odometry"",""message_count"":22396},{""name"":""/confirmed_static_obs"",""type"":""f110_msgs/msg/ObstacleArray"",""message_count"":24441},{""name"":""/debug/l1_lookahead"",""type"":""visualization_msgs/msg/MarkerArray"",""message_count"":30258},{""name"":""/drive"",""type"":""ackermann_msgs/msg/AckermannDriveStamped"",""message_count"":30260},{""name"":""/drive_autonomous"",""type"":""ackermann_msgs/msg/AckermannDriveStamped"",""message_count"":30300},{""name"":""/drive_mode"",""type"":""std_msgs/msg/String"",""message_count"":12602},{""name"":""/estop_lock"",""type"":""std_msgs/msg/Bool"",""message_count"":12602},{""name"":""/global_waypoints"",""type"":""f110_msgs/msg/WpntArray"",""message_count"":315},{""name"":""/initialpose"",""type"":""geometry_msgs/msg/PoseWithCovarianceStamped"",""message_count"":9},{""name"":""/kinematic_localization/diagnostics"",""type"":""diagnostic_msgs/msg/DiagnosticArray"",""message_count"":24953},{""name"":""/local_waypoints"",""type"":""f110_msgs/msg/WpntArray"",""message_count"":21759},{""name"":""/map"",""type"":""nav_msgs/msg/OccupancyGrid"",""message_count"":65},{""name"":""/odom"",""type"":""nav_msgs/msg/Odometry"",""message_count"":31555},{""name"":""/pf/pose/odom"",""type"":""nav_msgs/msg/Odometry"",""message_count"":24955},{""name"":""/rosout"",""type"":""rcl_interfaces/msg/Log"",""message_count"":4074},{""name"":""/scan"",""type"":""sensor_msgs/msg/LaserScan"",""message_count"":25186},{""name"":""/sensors/imu/raw"",""type"":""sensor_msgs/msg/Imu"",""message_count"":31557},{""name"":""/state"",""type"":""f110_msgs/msg/StateMachine"",""message_count"":6108},{""name"":""/static_obs"",""type"":""f110_msgs/msg/ObstacleArray"",""message_count"":24441}]","[{""path"":""run_161657_0.mcap"",""exists"":true,""size_bytes"":524824173}]",0b4e99d56df58b3fa19564e60066709eedc95002e54eafbb60916136b3f4d955,d110f5494952fbe1d500c58a1be3dae52f75f5e7e3805b91ee866f0553e2f039,,False,True
rosbag_research_inventory/1,/home/sungho/.local/share/Trash/files/run_192006,run_192006,mcap,190.219738434,131240002,117259,20,1787221207154122050,1787221397373860484,"[{""name"":""/avoid_waypoints"",""type"":""f110_msgs/msg/OTWpntArray"",""message_count"":7342},{""name"":""/car_state/frenet/odom"",""type"":""nav_msgs/msg/Odometry"",""message_count"":7423},{""name"":""/confirmed_static_obs"",""type"":""f110_msgs/msg/ObstacleArray"",""message_count"":7488},{""name"":""/debug/l1_lookahead"",""type"":""visualization_msgs/msg/MarkerArray"",""message_count"":9385},{""name"":""/drive"",""type"":""ackermann_msgs/msg/AckermannDriveStamped"",""message_count"":9477},{""name"":""/drive_autonomous"",""type"":""ackermann_msgs/msg/AckermannDriveStamped"",""message_count"":9476},{""name"":""/drive_mode"",""type"":""std_msgs/msg/String"",""message_count"":3786},{""name"":""/estop_lock"",""type"":""std_msgs/msg/Bool"",""message_count"":3786},{""name"":""/global_waypoints"",""type"":""f110_msgs/msg/WpntArray"",""message_count"":94},{""name"":""/initialpose"",""type"":""geometry_msgs/msg/PoseWithCovarianceStamped"",""message_count"":6},{""name"":""/kinematic_localization/diagnostics"",""type"":""diagnostic_msgs/msg/DiagnosticArray"",""message_count"":7524},{""name"":""/local_waypoints"",""type"":""f110_msgs/msg/WpntArray"",""message_count"":7484},{""name"":""/map"",""type"":""nav_msgs/msg/OccupancyGrid"",""message_count"":20},{""name"":""/odom"",""type"":""nav_msgs/msg/Odometry"",""message_count"":9361},{""name"":""/pf/pose/odom"",""type"":""nav_msgs/msg/Odometry"",""message_count"":7527},{""name"":""/rosout"",""type"":""rcl_interfaces/msg/Log"",""message_count"":861},{""name"":""/scan"",""type"":""sensor_msgs/msg/LaserScan"",""message_count"":7481},{""name"":""/sensors/imu/raw"",""type"":""sensor_msgs/msg/Imu"",""message_count"":9361},{""name"":""/state"",""type"":""f110_msgs/msg/StateMachine"",""message_count"":1890},{""name"":""/static_obs"",""type"":""f110_msgs/msg/ObstacleArray"",""message_count"":7487}]","[{""path"":""run_192006_0.mcap"",""exists"":true,""size_bytes"":131240002}]",df4589f89e3ed766a34bee2a1fb4bece29412f105f357cd0b856f0dc9f112de9,6472c381ab1e8defc8d7f151f65fbea0132515f3309bdc9419848b0474098f98,,False,True
rosbag_research_inventory/1,/home/sungho/.local/share/Trash/files/run_20260821_021635,run_20260821_021635,mcap,83.090390731,103378008,65065,24,1787246196489248248,1787246279579638979,"[{""name"":""/avoid_waypoints"",""type"":""f110_msgs/msg/OTWpntArray"",""message_count"":3317},{""name"":""/car_state/frenet/odom"",""type"":""nav_msgs/msg/Odometry"",""message_count"":3024},{""name"":""/confirmed_static_obs"",""type"":""f110_msgs/msg/ObstacleArray"",""message_count"":3309},{""name"":""/debug/l1_lookahead"",""type"":""visualization_msgs/msg/MarkerArray"",""message_count"":4153},{""name"":""/drive"",""type"":""ackermann_msgs/msg/AckermannDriveStamped"",""message_count"":4152},{""name"":""/drive_autonomous"",""type"":""ackermann_msgs/msg/AckermannDriveStamped"",""message_count"":4153},{""name"":""/drive_mode"",""type"":""std_msgs/msg/String"",""message_count"":1620},{""name"":""/estop_lock"",""type"":""std_msgs/msg/Bool"",""message_count"":1620},{""name"":""/global_waypoints"",""type"":""f110_msgs/msg/WpntArray"",""message_count"":41},{""name"":""/initialpose"",""type"":""geometry_msgs/msg/PoseWithCovarianceStamped"",""message_count"":0},{""name"":""/kinematic_localization/diagnostics"",""type"":""diagnostic_msgs/msg/DiagnosticArray"",""message_count"":3251},{""name"":""/local_planning/p3_shadow"",""type"":""std_msgs/msg/String"",""message_count"":3316},{""name"":""/local_planning/path"",""type"":""nav_msgs/msg/Path"",""message_count"":3316},{""name"":""/local_waypoints"",""type"":""f110_msgs/msg/WpntArray"",""message_count"":3021},{""name"":""/map"",""type"":""nav_msgs/msg/OccupancyGrid"",""message_count"":9},{""name"":""/odom"",""type"":""nav_msgs/msg/Odometry"",""message_count"":4083},{""name"":""/pf/pose/odom"",""type"":""nav_msgs/msg/Odometry"",""message_count"":3256},{""name"":""/rosout"",""type"":""rcl_interfaces/msg/Log"",""message_count"":545},{""name"":""/scan"",""type"":""sensor_msgs/msg/LaserScan"",""message_count"":3312},{""name"":""/sensors/imu/raw"",""type"":""sensor_msgs/msg/Imu"",""message_count"":4103},{""name"":""/state"",""type"":""f110_msgs/msg/StateMachine"",""message_count"":813},{""name"":""/static_obs"",""type"":""f110_msgs/msg/ObstacleArray"",""message_count"":3310},{""name"":""/tf"",""type"":""tf2_msgs/msg/TFMessage"",""message_count"":7340},{""name"":""/tf_static"",""type"":""tf2_msgs/msg/TFMessage"",""message_count"":1}]","[{""path"":""run_20260821_021635_0.mcap"",""exists"":true,""size_bytes"":103378008}]",7be1d3751b211f53cf6184e9eb4e44ec073ed70efafe225dc939c4918a65f6d2,d76e73d21f524374764dcbefff8075ad6532e9bbdcd3c124446046cae4f7a544,,False,True
rosbag_research_inventory/1,/home/sungho/.local/share/Trash/files/run_20260821_021805,run_20260821_021805,mcap,439.694490191,615080226,336968,24,1787246286150033612,1787246725844523803,"[{""name"":""/avoid_waypoints"",""type"":""f110_msgs/msg/OTWpntArray"",""message_count"":16841},{""name"":""/car_state/frenet/odom"",""type"":""nav_msgs/msg/Odometry"",""message_count"":17138},{""name"":""/confirmed_static_obs"",""type"":""f110_msgs/msg/ObstacleArray"",""message_count"":16896},{""name"":""/debug/l1_lookahead"",""type"":""visualization_msgs/msg/MarkerArray"",""message_count"":20101},{""name"":""/drive"",""type"":""ackermann_msgs/msg/AckermannDriveStamped"",""message_count"":20054},{""name"":""/drive_autonomous"",""type"":""ackermann_msgs/msg/AckermannDriveStamped"",""message_count"":20104},{""name"":""/drive_mode"",""type"":""std_msgs/msg/String"",""message_count"":8717},{""name"":""/estop_lock"",""type"":""std_msgs/msg/Bool"",""message_count"":8718},{""name"":""/global_waypoints"",""type"":""f110_msgs/msg/WpntArray"",""message_count"":219},{""name"":""/initialpose"",""type"":""geometry_msgs/msg/PoseWithCovarianceStamped"",""message_count"":6},{""name"":""/kinematic_localization/diagnostics"",""type"":""diagnostic_msgs/msg/DiagnosticArray"",""message_count"":17415},{""name"":""/local_planning/p3_shadow"",""type"":""std_msgs/msg/String"",""message_count"":16841},{""name"":""/local_planning/path"",""type"":""nav_msgs/msg/Path"",""message_count"":16841},{""name"":""/local_waypoints"",""type"":""f110_msgs/msg/WpntArray"",""message_count"":16497},{""name"":""/map"",""type"":""nav_msgs/msg/OccupancyGrid"",""message_count"":45},{""name"":""/odom"",""type"":""nav_msgs/msg/Odometry"",""message_count"":21837},{""name"":""/pf/pose/odom"",""type"":""nav_msgs/msg/Odometry"",""message_count"":17425},{""name"":""/rosout"",""type"":""rcl_interfaces/msg/Log"",""message_count"":1632},{""name"":""/scan"",""type"":""sensor_msgs/msg/LaserScan"",""message_count"":17433},{""name"":""/sensors/imu/raw"",""type"":""sensor_msgs/msg/Imu"",""message_count"":21840},{""name"":""/state"",""type"":""f110_msgs/msg/StateMachine"",""message_count"":4205},{""name"":""/static_obs"",""type"":""f110_msgs/msg/ObstacleArray"",""message_count"":16897},{""name"":""/tf"",""type"":""tf2_msgs/msg/TFMessage"",""message_count"":39265},{""name"":""/tf_static"",""type"":""tf2_msgs/msg/TFMessage"",""message_count"":1}]","[{""path"":""run_20260821_021805_0.mcap"",""exists"":true,""size_bytes"":615080226}]",6d585f18b7d7c0f89a3997b167ab88455efcdde9ada6179f36c903eac7def3d6,c81075b78e7a9c29e9a004a5d8b0ea269405b5de084ce23cdbe7bc8da27ebf0a,,False,True
rosbag_research_inventory/1,/home/sungho/.local/share/Trash/files/run_20260821_044020,run_20260821_044020,mcap,22.295158182,11590387,17051,24,1787254821078534615,1787254843373692797,"[{""name"":""/avoid_waypoints"",""type"":""f110_msgs/msg/OTWpntArray"",""message_count"":851},{""name"":""/car_state/frenet/odom"",""type"":""nav_msgs/msg/Odometry"",""message_count"":0},{""name"":""/confirmed_static_obs"",""type"":""f110_msgs/msg/ObstacleArray"",""message_count"":883},{""name"":""/debug/l1_lookahead"",""type"":""visualization_msgs/msg/MarkerArray"",""message_count"":1114},{""name"":""/drive"",""type"":""ackermann_msgs/msg/AckermannDriveStamped"",""message_count"":1108},{""name"":""/drive_autonomous"",""type"":""ackermann_msgs/msg/AckermannDriveStamped"",""message_count"":1113},{""name"":""/drive_mode"",""type"":""std_msgs/msg/String"",""message_count"":443},{""name"":""/estop_lock"",""type"":""std_msgs/msg/Bool"",""message_count"":443},{""name"":""/global_waypoints"",""type"":""f110_msgs/msg/WpntArray"",""message_count"":12},{""name"":""/initialpose"",""type"":""geometry_msgs/msg/PoseWithCovarianceStamped"",""message_count"":0},{""name"":""/kinematic_localization/diagnostics"",""type"":""diagnostic_msgs/msg/DiagnosticArray"",""message_count"":883},{""name"":""/local_planning/p3_shadow"",""type"":""std_msgs/msg/String"",""message_count"":851},{""name"":""/local_planning/path"",""type"":""nav_msgs/msg/Path"",""message_count"":851},{""name"":""/local_waypoints"",""type"":""f110_msgs/msg/WpntArray"",""message_count"":0},{""name"":""/map"",""type"":""nav_msgs/msg/OccupancyGrid"",""message_count"":4},{""name"":""/odom"",""type"":""nav_msgs/msg/Odometry"",""message_count"":1059},{""name"":""/pf/pose/odom"",""type"":""nav_msgs/msg/Odometry"",""message_count"":882},{""name"":""/rosout"",""type"":""rcl_interfaces/msg/Log"",""message_count"":1508},{""name"":""/scan"",""type"":""sensor_msgs/msg/LaserScan"",""message_count"":850},{""name"":""/sensors/imu/raw"",""type"":""sensor_msgs/msg/Imu"",""message_count"":1112},{""name"":""/state"",""type"":""f110_msgs/msg/StateMachine"",""message_count"":213},{""name"":""/static_obs"",""type"":""f110_msgs/msg/ObstacleArray"",""message_count"":883},{""name"":""/tf"",""type"":""tf2_msgs/msg/TFMessage"",""message_count"":1987},{""name"":""/tf_static"",""type"":""tf2_msgs/msg/TFMessage"",""message_count"":1}]","[{""path"":""run_20260821_044020_0.mcap"",""exists"":true,""size_bytes"":11590387}]",d5669a5b27b1c803fd0d2c3c708d38193ba17e5cc7672a9738a21c1eeb67c68d,8b2d9d5a95d46064d005ac800cb1f98e41512c6b9e1740b150c95e77f7769f62,,False,True
rosbag_research_inventory/1,/home/sungho/.local/share/Trash/files/run_20260821_213754,run_20260821_213754,mcap,91.884559232,63407788,63372,24,1787315876138994528,1787315968023553760,"[{""name"":""/avoid_waypoints"",""type"":""f110_msgs/msg/OTWpntArray"",""message_count"":3551},{""name"":""/car_state/frenet/odom"",""type"":""nav_msgs/msg/Odometry"",""message_count"":3477},{""name"":""/confirmed_static_obs"",""type"":""f110_msgs/msg/ObstacleArray"",""message_count"":3434},{""name"":""/debug/l1_lookahead"",""type"":""visualization_msgs/msg/MarkerArray"",""message_count"":4318},{""name"":""/drive"",""type"":""ackermann_msgs/msg/AckermannDriveStamped"",""message_count"":4504},{""name"":""/drive_autonomous"",""type"":""ackermann_msgs/msg/AckermannDriveStamped"",""message_count"":4445},{""name"":""/drive_mode"",""type"":""std_msgs/msg/String"",""message_count"":1741},{""name"":""/estop_lock"",""type"":""std_msgs/msg/Bool"",""message_count"":1741},{""name"":""/global_waypoints"",""type"":""f110_msgs/msg/WpntArray"",""message_count"":44},{""name"":""/initialpose"",""type"":""geometry_msgs/msg/PoseWithCovarianceStamped"",""message_count"":0},{""name"":""/kinematic_localization/diagnostics"",""type"":""diagnostic_msgs/msg/DiagnosticArray"",""message_count"":3477},{""name"":""/local_planning/p3_shadow"",""type"":""std_msgs/msg/String"",""message_count"":202},{""name"":""/local_planning/path"",""type"":""nav_msgs/msg/Path"",""message_count"":777},{""name"":""/local_waypoints"",""type"":""f110_msgs/msg/WpntArray"",""message_count"":3478},{""name"":""/map"",""type"":""nav_msgs/msg/OccupancyGrid"",""message_count"":10},{""name"":""/odom"",""type"":""nav_msgs/msg/Odometry"",""message_count"":4328},{""name"":""/pf/pose/odom"",""type"":""nav_msgs/msg/Odometry"",""message_count"":3478},{""name"":""/rosout"",""type"":""rcl_interfaces/msg/Log"",""message_count"":377},{""name"":""/scan"",""type"":""sensor_msgs/msg/LaserScan"",""message_count"":3478},{""name"":""/sensors/imu/raw"",""type"":""sensor_msgs/msg/Imu"",""message_count"":4349},{""name"":""/state"",""type"":""f110_msgs/msg/StateMachine"",""message_count"":896},{""name"":""/static_obs"",""type"":""f110_msgs/msg/ObstacleArray"",""message_count"":3437},{""name"":""/tf"",""type"":""tf2_msgs/msg/TFMessage"",""message_count"":7829},{""name"":""/tf_static"",""type"":""tf2_msgs/msg/TFMessage"",""message_count"":1}]","[{""path"":""run_20260821_213754_0.mcap"",""exists"":true,""size_bytes"":63407788}]",a74cabc524a991ee43e56b7f7f2796ba4f5fc5458c7246256beba4dfa89a13e2,b4ddda4aaec251947c893f053495b7eb1b4bc63fbeb3922b5745054584273fc1,,False,True
rosbag_research_inventory/1,/home/sungho/.local/share/Trash/files/run_20260821_221931,run_20260821_221931,mcap,15.840980256,9858424,10279,24,1787318372287282176,1787318388128262432,"[{""name"":""/avoid_waypoints"",""type"":""f110_msgs/msg/OTWpntArray"",""message_count"":586},{""name"":""/car_state/frenet/odom"",""type"":""nav_msgs/msg/Odometry"",""message_count"":582},{""name"":""/confirmed_static_obs"",""type"":""f110_msgs/msg/ObstacleArray"",""message_count"":590},{""name"":""/debug/l1_lookahead"",""type"":""visualization_msgs/msg/MarkerArray"",""message_count"":709},{""name"":""/drive"",""type"":""ackermann_msgs/msg/AckermannDriveStamped"",""message_count"":710},{""name"":""/drive_autonomous"",""type"":""ackermann_msgs/msg/AckermannDriveStamped"",""message_count"":709},{""name"":""/drive_mode"",""type"":""std_msgs/msg/String"",""message_count"":271},{""name"":""/estop_lock"",""type"":""std_msgs/msg/Bool"",""message_count"":271},{""name"":""/global_waypoints"",""type"":""f110_msgs/msg/WpntArray"",""message_count"":9},{""name"":""/initialpose"",""type"":""geometry_msgs/msg/PoseWithCovarianceStamped"",""message_count"":0},{""name"":""/kinematic_localization/diagnostics"",""type"":""diagnostic_msgs/msg/DiagnosticArray"",""message_count"":519},{""name"":""/local_planning/p3_shadow"",""type"":""std_msgs/msg/String"",""message_count"":29},{""name"":""/local_planning/path"",""type"":""nav_msgs/msg/Path"",""message_count"":128},{""name"":""/local_waypoints"",""type"":""f110_msgs/msg/WpntArray"",""message_count"":545},{""name"":""/map"",""type"":""nav_msgs/msg/OccupancyGrid"",""message_count"":3},{""name"":""/odom"",""type"":""nav_msgs/msg/Odometry"",""message_count"":766},{""name"":""/pf/pose/odom"",""type"":""nav_msgs/msg/Odometry"",""message_count"":520},{""name"":""/rosout"",""type"":""rcl_interfaces/msg/Log"",""message_count"":80},{""name"":""/scan"",""type"":""sensor_msgs/msg/LaserScan"",""message_count"":569},{""name"":""/sensors/imu/raw"",""type"":""sensor_msgs/msg/Imu"",""message_count"":666},{""name"":""/state"",""type"":""f110_msgs/msg/StateMachine"",""message_count"":138},{""name"":""/static_obs"",""type"":""f110_msgs/msg/ObstacleArray"",""message_count"":590},{""name"":""/tf"",""type"":""tf2_msgs/msg/TFMessage"",""message_count"":1288},{""name"":""/tf_static"",""type"":""tf2_msgs/msg/TFMessage"",""message_count"":1}]","[{""path"":""run_20260821_221931_0.mcap"",""exists"":true,""size_bytes"":9858424}]",e47e2425fc4e2b0ce24d301bc9de6f602fe10618d1ad518e5e0ef964fe2c50e2,8abf21439a396912b814307990d8d8e4518a3dee8e91ac010dce1d520d548eaa,,False,True
rosbag_research_inventory/1,/home/sungho/.local/share/Trash/files/run_220742,run_220742,mcap,391.651947648,283536243,236184,20,1787231263348288768,1787231655000236416,"[{""name"":""/avoid_waypoints"",""type"":""f110_msgs/msg/OTWpntArray"",""message_count"":14950},{""name"":""/car_state/frenet/odom"",""type"":""nav_msgs/msg/Odometry"",""message_count"":12792},{""name"":""/confirmed_static_obs"",""type"":""f110_msgs/msg/ObstacleArray"",""message_count"":15224},{""name"":""/debug/l1_lookahead"",""type"":""visualization_msgs/msg/MarkerArray"",""message_count"":18761},{""name"":""/drive"",""type"":""ackermann_msgs/msg/AckermannDriveStamped"",""message_count"":18876},{""name"":""/drive_autonomous"",""type"":""ackermann_msgs/msg/AckermannDriveStamped"",""message_count"":18823},{""name"":""/drive_mode"",""type"":""std_msgs/msg/String"",""message_count"":7758},{""name"":""/estop_lock"",""type"":""std_msgs/msg/Bool"",""message_count"":7758},{""name"":""/global_waypoints"",""type"":""f110_msgs/msg/WpntArray"",""message_count"":195},{""name"":""/initialpose"",""type"":""geometry_msgs/msg/PoseWithCovarianceStamped"",""message_count"":8},{""name"":""/kinematic_localization/diagnostics"",""type"":""diagnostic_msgs/msg/DiagnosticArray"",""message_count"":15590},{""name"":""/local_waypoints"",""type"":""f110_msgs/msg/WpntArray"",""message_count"":12441},{""name"":""/map"",""type"":""nav_msgs/msg/OccupancyGrid"",""message_count"":40},{""name"":""/odom"",""type"":""nav_msgs/msg/Odometry"",""message_count"":19427},{""name"":""/pf/pose/odom"",""type"":""nav_msgs/msg/Odometry"",""message_count"":15590},{""name"":""/rosout"",""type"":""rcl_interfaces/msg/Log"",""message_count"":3857},{""name"":""/scan"",""type"":""sensor_msgs/msg/LaserScan"",""message_count"":15513},{""name"":""/sensors/imu/raw"",""type"":""sensor_msgs/msg/Imu"",""message_count"":19544},{""name"":""/state"",""type"":""f110_msgs/msg/StateMachine"",""message_count"":3813},{""name"":""/static_obs"",""type"":""f110_msgs/msg/ObstacleArray"",""message_count"":15224}]","[{""path"":""run_220742_0.mcap"",""exists"":true,""size_bytes"":283536243}]",dcdff74f887533ec70cf94f024471f5d4d6b13822a16e2d87a870b89bfc4b6a2,33727f8ca2a30cf22f1bd350dafe7431661b9724428c24500420653b401dbb75,,False,True
