event_id,dataset_role,repeat,evaluation_wall_ms,gqsc_generation_ms,exact_validation_ms,final_ranking_ms,lifecycle_ms,fallback_ms,callback_total_ms,new_gqsc_evaluations,same_input_cache_reuses,safe_stop_escape_evaluations,pair_proxy_count,reconstruction_count,validator_count,outcome
V2E01,PILOT_SEEN_DEVELOPMENT_DATA,0,9.399535,5.261685000000001,4.101074,0.00643,0.6095069999999999,0.0,10.011848,1,0,0,128,12,10,FRESH_SELECTED
V2E01,PILOT_SEEN_DEVELOPMENT_DATA,1,9.35846,5.207662,4.117402,0.005947,0.578273,0.0,9.938879,1,0,0,128,12,10,FRESH_SELECTED
V2E01,PILOT_SEEN_DEVELOPMENT_DATA,2,9.293147999999999,5.198106999999999,4.06255,0.005429000000000001,0.5834790000000001,0.0,9.878986999999999,1,0,0,128,12,10,FRESH_SELECTED
V2E01,PILOT_SEEN_DEVELOPMENT_DATA,3,9.533074000000001,5.371192000000001,4.124286,0.006784,0.595067,0.0,10.131620999999999,1,0,0,128,12,10,FRESH_SELECTED
V2E01,PILOT_SEEN_DEVELOPMENT_DATA,4,9.399609,5.227291,4.135442,0.006365999999999999,0.57638,0.0,9.978549000000001,1,0,0,128,12,10,FRESH_SELECTED
V2E01,PILOT_SEEN_DEVELOPMENT_DATA,5,9.320529,5.161323,4.125205,0.005677,0.596409,0.0,9.919262,1,0,0,128,12,10,FRESH_SELECTED
V2E01,PILOT_SEEN_DEVELOPMENT_DATA,6,9.373676,5.18459,4.156731000000001,0.005745,0.576945,0.0,9.953023,1,0,0,128,12,10,FRESH_SELECTED
V2E02,PILOT_SEEN_DEVELOPMENT_DATA,0,13.986372,7.267245,6.683482000000001,0.006123,0.78442,0.0,14.78782,1,0,0,128,12,11,FRESH_SELECTED
V2E02,PILOT_SEEN_DEVELOPMENT_DATA,1,13.968566999999998,7.296387000000001,6.637019,0.0063360000000000005,0.766768,0.0,14.737803,1,0,0,128,12,11,FRESH_SELECTED
V2E02,PILOT_SEEN_DEVELOPMENT_DATA,2,13.963282999999999,7.307052999999999,6.621255,0.0060279999999999995,0.761049,0.0,14.726736,1,0,0,128,12,11,FRESH_SELECTED
V2E02,PILOT_SEEN_DEVELOPMENT_DATA,3,13.922836,7.250957,6.637037,0.005837,0.7858999999999999,0.0,14.710896,1,0,0,128,12,11,FRESH_SELECTED
V2E02,PILOT_SEEN_DEVELOPMENT_DATA,4,13.963876,7.277025999999999,6.65324,0.005971,0.784584,0.0,14.750745,1,0,0,128,12,11,FRESH_SELECTED
V2E02,PILOT_SEEN_DEVELOPMENT_DATA,5,13.959911,7.273109,6.652082999999999,0.005957,0.7809389999999999,0.0,14.743174000000002,1,0,0,128,12,11,FRESH_SELECTED
V2E02,PILOT_SEEN_DEVELOPMENT_DATA,6,14.019048000000002,7.287196,6.6966410000000005,0.006155,0.7593970000000001,0.0,14.780736000000001,1,0,0,128,12,11,FRESH_SELECTED
V2E03,PILOT_SEEN_DEVELOPMENT_DATA,0,16.586236,8.118941,8.432931,0.005768,1.2761859999999998,0.0,17.86528,1,0,0,128,12,12,FRESH_SELECTED
V2E03,PILOT_SEEN_DEVELOPMENT_DATA,1,16.594575,8.145503,8.415704999999999,0.005736,1.27449,0.0,17.885707,1,0,0,128,12,12,FRESH_SELECTED
V2E03,PILOT_SEEN_DEVELOPMENT_DATA,2,16.601891,8.119387,8.448574,0.00575,1.266559,0.0,17.885968000000002,1,0,0,128,12,12,FRESH_SELECTED
V2E03,PILOT_SEEN_DEVELOPMENT_DATA,3,16.543894,8.117061000000001,8.393132,0.005207,1.28218,0.0,17.828249,1,0,0,128,12,12,FRESH_SELECTED
V2E03,PILOT_SEEN_DEVELOPMENT_DATA,4,16.605147000000002,8.104049,8.468097000000002,0.005771,1.267223,0.0,17.875268,1,0,0,128,12,12,FRESH_SELECTED
V2E03,PILOT_SEEN_DEVELOPMENT_DATA,5,16.57663,8.115893999999999,8.426913,0.0055119999999999995,1.267268,0.0,17.861742,1,0,0,128,12,12,FRESH_SELECTED
V2E03,PILOT_SEEN_DEVELOPMENT_DATA,6,16.626047999999997,8.118401000000002,8.473322,0.005659,1.2950730000000001,0.0,17.923272,1,0,0,128,12,12,FRESH_SELECTED
V2E04,PILOT_SEEN_DEVELOPMENT_DATA,0,13.098706,8.103132,4.966094,0.00023899999999999998,0.0,42.75935,55.860161999999995,3,1,2,128,12,12,NO_SAFE_PATH
V2E04,PILOT_SEEN_DEVELOPMENT_DATA,1,13.146646,8.109717,5.006617,0.000229,0.0,42.71607,55.864551,3,1,2,128,12,12,NO_SAFE_PATH
V2E04,PILOT_SEEN_DEVELOPMENT_DATA,2,13.078915,8.071881,4.978092,0.000222,0.0,42.809892999999995,55.890682,3,1,2,128,12,12,NO_SAFE_PATH
V2E04,PILOT_SEEN_DEVELOPMENT_DATA,3,13.102156,8.082721,4.990506,0.000228,0.0,42.887561999999996,55.992034,3,1,2,128,12,12,NO_SAFE_PATH
V2E04,PILOT_SEEN_DEVELOPMENT_DATA,4,13.149854,8.095391000000001,5.020912999999999,0.000235,0.0,42.864393,56.015947,3,1,2,128,12,12,NO_SAFE_PATH
V2E04,PILOT_SEEN_DEVELOPMENT_DATA,5,13.127028000000001,8.09285,5.000241000000001,0.000217,0.0,42.742591999999995,55.871438999999995,3,1,2,128,12,12,NO_SAFE_PATH
V2E04,PILOT_SEEN_DEVELOPMENT_DATA,6,13.135515999999999,8.089134,5.017254,0.000314,0.0,42.837642,55.974968000000004,3,1,2,128,12,12,NO_SAFE_PATH
V2E05,PILOT_SEEN_DEVELOPMENT_DATA,0,6.495036,4.656773,1.810049,0.00018099999999999998,0.0,9.72466,16.221254000000002,2,1,1,128,12,12,NO_SAFE_PATH
V2E05,PILOT_SEEN_DEVELOPMENT_DATA,1,6.468911,4.67085,1.764328,0.00022,0.0,9.703218999999999,16.173986,2,1,1,128,12,12,NO_SAFE_PATH
V2E05,PILOT_SEEN_DEVELOPMENT_DATA,2,6.4543919999999995,4.657890999999999,1.7684499999999996,0.00022,0.0,9.706296,16.162349,2,1,1,128,12,12,NO_SAFE_PATH
V2E05,PILOT_SEEN_DEVELOPMENT_DATA,3,6.460323000000001,4.647863999999999,1.785018,0.000223,0.0,9.720778000000001,16.182593,2,1,1,128,12,12,NO_SAFE_PATH
V2E05,PILOT_SEEN_DEVELOPMENT_DATA,4,6.458794,4.631831,1.799347,0.000183,0.0,9.718078,16.178496,2,1,1,128,12,12,NO_SAFE_PATH
V2E05,PILOT_SEEN_DEVELOPMENT_DATA,5,6.467187,4.646863000000001,1.7919949999999998,0.00021799999999999999,0.0,9.722437,16.191267,2,1,1,128,12,12,NO_SAFE_PATH
V2E05,PILOT_SEEN_DEVELOPMENT_DATA,6,6.444558,4.629686,1.786973,0.000182,0.0,9.773599,16.219688,2,1,1,128,12,12,NO_SAFE_PATH
V2E06,PILOT_SEEN_DEVELOPMENT_DATA,0,10.516328,6.893718,3.5934829999999995,0.000333,0.0,21.862724999999998,32.380659,2,1,1,128,12,12,NO_SAFE_PATH
V2E06,PILOT_SEEN_DEVELOPMENT_DATA,1,10.536673,6.898157,3.609229,0.000397,0.0,21.935707999999998,32.473947,2,1,1,128,12,12,NO_SAFE_PATH
V2E06,PILOT_SEEN_DEVELOPMENT_DATA,2,10.548699000000001,6.88935,3.631041,0.000417,0.0,21.8942,32.444371,2,1,1,128,12,12,NO_SAFE_PATH
V2E06,PILOT_SEEN_DEVELOPMENT_DATA,3,10.498887,6.867494,3.6027480000000005,0.000472,0.0,21.888537,32.38928,2,1,1,128,12,12,NO_SAFE_PATH
V2E06,PILOT_SEEN_DEVELOPMENT_DATA,4,10.557912,6.908374000000002,3.6200849999999996,0.00035499999999999996,0.0,21.870545,32.430358,2,1,1,128,12,12,NO_SAFE_PATH
V2E06,PILOT_SEEN_DEVELOPMENT_DATA,5,10.543126,6.908640999999999,3.605499,0.00039200000000000004,0.0,21.935757000000002,32.48079,2,1,1,128,12,12,NO_SAFE_PATH
V2E06,PILOT_SEEN_DEVELOPMENT_DATA,6,10.54317,6.899679,3.614448,0.0004,0.0,21.915588,32.460594,2,1,1,128,12,12,NO_SAFE_PATH
V2E07,PILOT_SEEN_DEVELOPMENT_DATA,0,14.406512000000001,8.758565,5.617971,0.000222,0.0,25.017744999999998,39.426282,2,1,1,128,12,12,NO_SAFE_PATH
V2E07,PILOT_SEEN_DEVELOPMENT_DATA,1,14.469991,8.777206,5.661553,0.00034399999999999996,0.0,24.980377,39.45249,2,1,1,128,12,12,NO_SAFE_PATH
V2E07,PILOT_SEEN_DEVELOPMENT_DATA,2,14.399106,8.752137999999999,5.616988,0.000254,0.0,25.059395000000002,39.460476,2,1,1,128,12,12,NO_SAFE_PATH
V2E07,PILOT_SEEN_DEVELOPMENT_DATA,3,14.341536,8.747465000000002,5.562949,0.00023799999999999998,0.0,24.940011,39.283422,2,1,1,128,12,12,NO_SAFE_PATH
V2E07,PILOT_SEEN_DEVELOPMENT_DATA,4,14.399307,8.747501999999999,5.621978,0.000223,0.0,25.044528999999997,39.44613,2,1,1,128,12,12,NO_SAFE_PATH
V2E07,PILOT_SEEN_DEVELOPMENT_DATA,5,14.327202999999999,8.739926,5.556204,0.000222,0.0,25.052534,39.381962,2,1,1,128,12,12,NO_SAFE_PATH
V2E07,PILOT_SEEN_DEVELOPMENT_DATA,6,14.382043,8.74004,5.6123590000000005,0.000221,0.0,24.990919,39.374875,2,1,1,128,12,12,NO_SAFE_PATH
V2E08,PILOT_SEEN_DEVELOPMENT_DATA,0,7.0222809999999996,4.219094,2.771045,0.005098,0.375864,0.0,7.400318,1,0,0,128,12,12,FRESH_SELECTED
V2E08,PILOT_SEEN_DEVELOPMENT_DATA,1,6.998499,4.199948999999999,2.766262,0.0049169999999999995,0.384973,0.0,7.385445,1,0,0,128,12,12,FRESH_SELECTED
V2E08,PILOT_SEEN_DEVELOPMENT_DATA,2,6.983681,4.180626999999999,2.770836,0.005201,0.381624,0.0,7.367232,1,0,0,128,12,12,FRESH_SELECTED
V2E08,PILOT_SEEN_DEVELOPMENT_DATA,3,6.983734,4.197057,2.754879,0.004794,0.390827,0.0,7.376454,1,0,0,128,12,12,FRESH_SELECTED
V2E08,PILOT_SEEN_DEVELOPMENT_DATA,4,6.992298,4.193432,2.767183,0.0049960000000000004,0.377772,0.0,7.372038,1,0,0,128,12,12,FRESH_SELECTED
V2E08,PILOT_SEEN_DEVELOPMENT_DATA,5,6.9610140000000005,4.203062,2.7257979999999997,0.004665,0.389186,0.0,7.352149000000001,1,0,0,128,12,12,FRESH_SELECTED
V2E08,PILOT_SEEN_DEVELOPMENT_DATA,6,6.959894,4.200472,2.728065999999999,0.0047469999999999995,0.384658,0.0,7.346623999999999,1,0,0,128,12,12,FRESH_SELECTED
V2E09,PILOT_SEEN_DEVELOPMENT_DATA,0,6.734301,4.611885,2.0952669999999998,0.00022,0.0,10.652334999999999,17.388547,2,1,1,128,12,12,NO_SAFE_PATH
V2E09,PILOT_SEEN_DEVELOPMENT_DATA,1,6.730595999999999,4.58771,2.1137490000000003,0.000229,0.0,10.648832,17.381167,2,1,1,128,12,12,NO_SAFE_PATH
V2E09,PILOT_SEEN_DEVELOPMENT_DATA,2,6.7383500000000005,4.604654,2.1056929999999996,0.000221,0.0,10.685139999999999,17.425240000000002,2,1,1,128,12,12,NO_SAFE_PATH
V2E09,PILOT_SEEN_DEVELOPMENT_DATA,3,6.7044250000000005,4.559219999999999,2.117601,0.000215,0.0,10.699454,17.405799,2,1,1,128,12,12,NO_SAFE_PATH
V2E09,PILOT_SEEN_DEVELOPMENT_DATA,4,6.765755,4.6340959999999995,2.099205,0.000225,0.0,10.65203,17.419475,2,1,1,128,12,12,NO_SAFE_PATH
V2E09,PILOT_SEEN_DEVELOPMENT_DATA,5,6.717867,4.595017,2.087585,0.000237,0.0,10.634058999999999,17.353632,2,1,1,128,12,12,NO_SAFE_PATH
V2E09,PILOT_SEEN_DEVELOPMENT_DATA,6,6.786944,4.6336390000000005,2.1259200000000003,0.000235,0.0,10.660543,17.449094000000002,2,1,1,128,12,12,NO_SAFE_PATH
DVE001,DEVELOPMENT,0,6.091504,4.433608,1.6261039999999998,0.004186,0.16501,0.0,6.258581,1,0,0,128,12,12,FRESH_SELECTED
DVE001,DEVELOPMENT,1,6.045455,4.409775,1.6041979999999998,0.004248999999999999,0.164464,0.0,6.211931,1,0,0,128,12,12,FRESH_SELECTED
DVE001,DEVELOPMENT,2,6.106406,4.446720999999999,1.6270140000000002,0.0043479999999999994,0.173964,0.0,6.282437,1,0,0,128,12,12,FRESH_SELECTED
DVE001,DEVELOPMENT,3,6.083268,4.45788,1.593415,0.004534,0.163759,0.0,6.249144,1,0,0,128,12,12,FRESH_SELECTED
DVE001,DEVELOPMENT,4,6.110138,4.456093,1.621315,0.004335,0.16837200000000002,0.0,6.280581,1,0,0,128,12,12,FRESH_SELECTED
DVE001,DEVELOPMENT,5,6.096033,4.462230999999999,1.6018200000000002,0.0042380000000000004,0.163378,0.0,6.261596,1,0,0,128,12,12,FRESH_SELECTED
DVE001,DEVELOPMENT,6,6.100973,4.446337999999999,1.6227340000000001,0.004337,0.164351,0.0,6.2675,1,0,0,128,12,12,FRESH_SELECTED
DVE002,DEVELOPMENT,0,7.668009,5.355943999999999,2.283522,0.000229,0.0,11.860959999999999,19.530577,2,1,1,128,12,12,NO_SAFE_PATH
DVE002,DEVELOPMENT,1,7.644094,5.305123999999999,2.3108920000000004,0.00016700000000000002,0.0,11.846156,19.491868,2,1,1,128,12,12,NO_SAFE_PATH
DVE002,DEVELOPMENT,2,7.636181,5.330757999999999,2.278074,0.00023400000000000002,0.0,11.843405,19.481218000000002,2,1,1,128,12,12,NO_SAFE_PATH
DVE002,DEVELOPMENT,3,7.638104,5.311458,2.299343,0.000246,0.0,11.769358,19.409041000000002,2,1,1,128,12,12,NO_SAFE_PATH
DVE002,DEVELOPMENT,4,7.628278,5.292671000000001,2.298778,0.000217,0.0,11.830188,19.460172999999998,2,1,1,128,12,12,NO_SAFE_PATH
DVE002,DEVELOPMENT,5,7.633006999999999,5.314292999999999,2.2910899999999996,0.00023400000000000002,0.0,11.848084,19.482712,2,1,1,128,12,12,NO_SAFE_PATH
DVE002,DEVELOPMENT,6,7.629455,5.294779,2.3064169999999997,0.000232,0.0,11.832884,19.463952000000003,2,1,1,128,12,12,NO_SAFE_PATH
DVE003,DEVELOPMENT,0,11.051311,5.78627,5.230807999999999,0.0058319999999999995,0.577638,0.0,11.631169,1,0,0,128,12,12,FRESH_SELECTED
DVE003,DEVELOPMENT,1,11.082893,5.784436999999998,5.261763000000001,0.005501000000000001,0.595653,0.0,11.680532999999999,1,0,0,128,12,12,FRESH_SELECTED
DVE003,DEVELOPMENT,2,11.089122,5.8002139999999995,5.254459,0.005851,0.5995539999999999,0.0,11.690793,1,0,0,128,12,12,FRESH_SELECTED
DVE003,DEVELOPMENT,3,11.082400999999999,5.787673,5.259393,0.0060220000000000004,0.59162,0.0,11.676188,1,0,0,128,12,12,FRESH_SELECTED
DVE003,DEVELOPMENT,4,11.087904,5.780965,5.272194,0.005796,0.5668500000000001,0.0,11.656868000000001,1,0,0,128,12,12,FRESH_SELECTED
DVE003,DEVELOPMENT,5,11.131063,5.817190999999999,5.279098,0.0059039999999999995,0.595855,0.0,11.729126,1,0,0,128,12,12,FRESH_SELECTED
DVE003,DEVELOPMENT,6,11.14727,5.792711999999999,5.320270000000001,0.005703000000000001,0.579012,0.0,11.728417,1,0,0,128,12,12,FRESH_SELECTED
DVE004,DEVELOPMENT,0,11.877325999999998,6.521811,5.321306,0.005228,1.319771,0.0,13.199197,1,0,0,128,12,12,FRESH_SELECTED
DVE004,DEVELOPMENT,1,11.959376,6.556291999999999,5.368736,0.005281,1.304653,0.0,13.26628,1,0,0,128,12,12,FRESH_SELECTED
DVE004,DEVELOPMENT,2,11.947078,6.549095,5.3639920000000005,0.005319,1.308954,0.0,13.258392,1,0,0,128,12,12,FRESH_SELECTED
DVE004,DEVELOPMENT,3,11.914022999999998,6.511800000000001,5.368539999999999,0.00524,1.2986710000000001,0.0,13.214934999999999,1,0,0,128,12,12,FRESH_SELECTED
DVE004,DEVELOPMENT,4,11.921233,6.522001,5.365973,0.004893,1.308489,0.0,13.231871,1,0,0,128,12,12,FRESH_SELECTED
DVE004,DEVELOPMENT,5,11.919103999999999,6.5394179999999995,5.345866999999999,0.004863,1.341683,0.0,13.262834999999999,1,0,0,128,12,12,FRESH_SELECTED
DVE004,DEVELOPMENT,6,11.885815000000001,6.504485999999997,5.348263000000002,0.004953,1.316841,0.0,13.204975000000001,1,0,0,128,12,12,FRESH_SELECTED
DVE005,DEVELOPMENT,0,6.363575,4.649520000000001,1.686799,0.000235,0.0,9.469308999999999,15.834544,2,1,1,128,12,11,NO_SAFE_PATH
DVE005,DEVELOPMENT,1,6.350955,4.635634,1.687708,0.000231,0.0,9.460929,15.813621999999999,2,1,1,128,12,11,NO_SAFE_PATH
DVE005,DEVELOPMENT,2,6.400006,4.669766000000001,1.7019309999999999,0.00022600000000000002,0.0,9.53267,15.9344,2,1,1,128,12,11,NO_SAFE_PATH
DVE005,DEVELOPMENT,3,6.364848,4.651393999999999,1.6853580000000001,0.00016700000000000002,0.0,9.538837,15.905481,2,1,1,128,12,11,NO_SAFE_PATH
DVE005,DEVELOPMENT,4,6.382679,4.660598,1.6954009999999997,0.000228,0.0,9.530619,15.914950999999999,2,1,1,128,12,11,NO_SAFE_PATH
DVE005,DEVELOPMENT,5,6.359017,4.667515,1.663859,0.000225,0.0,9.516964,15.877816999999999,2,1,1,128,12,11,NO_SAFE_PATH
DVE005,DEVELOPMENT,6,6.371295,4.679244,1.6640320000000002,0.00022700000000000002,0.0,9.515886,15.889078999999999,2,1,1,128,12,11,NO_SAFE_PATH
DVE006,DEVELOPMENT,0,19.248516,9.189892000000002,10.023587,0.0062380000000000005,1.226848,0.0,20.477545,1,0,0,128,12,12,FRESH_SELECTED
DVE006,DEVELOPMENT,1,19.209213,9.156731000000002,10.018083999999998,0.0064340000000000005,1.243261,0.0,20.454742999999997,1,0,0,128,12,12,FRESH_SELECTED
DVE006,DEVELOPMENT,2,19.2589,9.164314000000003,10.059228,0.006431,1.241913,0.0,20.503025,1,0,0,128,12,12,FRESH_SELECTED
DVE006,DEVELOPMENT,3,19.237353,9.170567,10.031608999999998,0.006695,1.2166620000000001,0.0,20.456145,1,0,0,128,12,12,FRESH_SELECTED
DVE006,DEVELOPMENT,4,19.159947,9.136951000000002,9.988234,0.006108,1.238924,0.0,20.401195,1,0,0,128,12,12,FRESH_SELECTED
DVE006,DEVELOPMENT,5,19.176616999999997,9.156895,9.985329,0.005886,1.23753,0.0,20.416475,1,0,0,128,12,12,FRESH_SELECTED
DVE006,DEVELOPMENT,6,19.2574,9.200805999999998,10.020676000000002,0.0062699999999999995,1.202708,0.0,20.462232,1,0,0,128,12,12,FRESH_SELECTED
DVE007,DEVELOPMENT,0,7.829135,5.068364000000001,2.7288309999999996,0.0041459999999999995,0.601579,0.0,8.432823,1,0,0,128,12,12,FRESH_SELECTED
DVE007,DEVELOPMENT,1,7.810765999999999,5.037217,2.7398580000000003,0.004462,0.598894,0.0,8.411658,1,0,0,128,12,12,FRESH_SELECTED
DVE007,DEVELOPMENT,2,7.8013699999999995,5.039382999999999,2.7292640000000006,0.004030000000000001,0.6189410000000001,0.0,8.422413,1,0,0,128,12,12,FRESH_SELECTED
DVE007,DEVELOPMENT,3,7.802689,5.0299890000000005,2.740482,0.004114,0.611601,0.0,8.416443,1,0,0,128,12,12,FRESH_SELECTED
DVE007,DEVELOPMENT,4,7.750952,5.024063999999999,2.694279,0.004030000000000001,0.6131409999999999,0.0,8.366279,1,0,0,128,12,12,FRESH_SELECTED
DVE007,DEVELOPMENT,5,7.835157000000001,5.078503,2.724143,0.003883,0.594264,0.0,8.431457,1,0,0,128,12,12,FRESH_SELECTED
DVE007,DEVELOPMENT,6,7.793898,5.039446000000001,2.7210449999999997,0.003987,0.6061620000000001,0.0,8.401887,1,0,0,128,12,12,FRESH_SELECTED
DVE008,DEVELOPMENT,0,11.676117,7.472835,4.176103,0.000221,0.0,19.80441,31.482346,2,1,1,128,12,12,NO_SAFE_PATH
DVE008,DEVELOPMENT,1,11.610974,7.4798670000000005,4.103533,0.000222,0.0,19.734409,31.346923,2,1,1,128,12,12,NO_SAFE_PATH
DVE008,DEVELOPMENT,2,11.703776,7.490072000000001,4.186177,0.000219,0.0,19.794922999999997,31.500309,2,1,1,128,12,12,NO_SAFE_PATH
DVE008,DEVELOPMENT,3,11.757601000000001,7.4940679999999995,4.235764000000001,0.000225,0.0,19.737353,31.496669,2,1,1,128,12,12,NO_SAFE_PATH
DVE008,DEVELOPMENT,4,11.717212,7.503966999999999,4.184902000000001,0.00023,0.0,19.813828,31.533018,2,1,1,128,12,12,NO_SAFE_PATH
DVE008,DEVELOPMENT,5,11.729445,7.489103999999999,4.213221000000001,0.00022700000000000002,0.0,19.732445,31.463455999999997,2,1,1,128,12,12,NO_SAFE_PATH
DVE008,DEVELOPMENT,6,11.686289,7.475016000000002,4.184559999999999,0.000222,0.0,19.719428,31.407431,2,1,1,128,12,12,NO_SAFE_PATH
DVE009,DEVELOPMENT,0,12.736057,7.822481,4.884456,0.000225,0.0,22.195098,34.933158999999996,2,1,1,128,12,12,NO_SAFE_PATH
DVE009,DEVELOPMENT,1,12.747777,7.822077999999999,4.896117,0.000231,0.0,22.213794999999998,34.963786,2,1,1,128,12,12,NO_SAFE_PATH
DVE009,DEVELOPMENT,2,12.713084,7.812047999999999,4.8711530000000005,0.000243,0.0,22.215629,34.930654000000004,2,1,1,128,12,12,NO_SAFE_PATH
DVE009,DEVELOPMENT,3,12.746827999999999,7.794211000000001,4.921913000000001,0.000235,0.0,22.225904,34.974616000000005,2,1,1,128,12,12,NO_SAFE_PATH
DVE009,DEVELOPMENT,4,12.761331,7.856135,4.874972999999999,0.000228,0.0,22.198972,34.962203,2,1,1,128,12,12,NO_SAFE_PATH
DVE009,DEVELOPMENT,5,12.712636,7.805086999999999,4.877859,0.00023,0.0,22.180877,34.895367,2,1,1,128,12,12,NO_SAFE_PATH
DVE009,DEVELOPMENT,6,12.725132,7.796142,4.898436,0.00022600000000000002,0.0,22.156943,34.88388,2,1,1,128,12,12,NO_SAFE_PATH
DVE010,DEVELOPMENT,0,15.879762000000001,9.435207,6.413550999999999,0.00021799999999999999,0.0,28.258678,44.140336000000005,2,1,1,128,12,12,NO_SAFE_PATH
DVE010,DEVELOPMENT,1,15.877717,9.444201000000003,6.3863129999999995,0.000221,0.0,28.37947,44.259422,2,1,1,128,12,12,NO_SAFE_PATH
DVE010,DEVELOPMENT,2,15.903552,9.450091000000002,6.422949999999999,0.00023,0.0,28.358131,44.263514,2,1,1,128,12,12,NO_SAFE_PATH
DVE010,DEVELOPMENT,3,15.911762000000001,9.420188,6.461664999999999,0.00023400000000000002,0.0,28.310650000000003,44.224191,2,1,1,128,12,12,NO_SAFE_PATH
DVE010,DEVELOPMENT,4,15.916594,9.424344000000001,6.461430999999999,0.000247,0.0,28.316809000000003,44.235057999999995,2,1,1,128,12,12,NO_SAFE_PATH
DVE010,DEVELOPMENT,5,15.882676,9.437275,6.398638000000001,0.000223,0.0,28.303018,44.187642999999994,2,1,1,128,12,12,NO_SAFE_PATH
DVE010,DEVELOPMENT,6,15.924975,9.442909999999998,6.452348000000001,0.00022600000000000002,0.0,28.301781,44.228730999999996,2,1,1,128,12,12,NO_SAFE_PATH
DVE011,DEVELOPMENT,0,16.28111,9.730793000000002,6.514531999999999,0.000241,0.0,28.742458,45.025400000000005,2,1,1,128,12,12,NO_SAFE_PATH
DVE011,DEVELOPMENT,1,16.379938,9.746725999999999,6.597875,0.000217,0.0,28.680761999999998,45.062678999999996,2,1,1,128,12,12,NO_SAFE_PATH
DVE011,DEVELOPMENT,2,16.30507,9.727079000000002,6.5426899999999995,0.000228,0.0,28.759884,45.066761,2,1,1,128,12,12,NO_SAFE_PATH
DVE011,DEVELOPMENT,3,16.268451,9.719648000000001,6.514517,0.000223,0.0,28.769685000000003,45.039821,2,1,1,128,12,12,NO_SAFE_PATH
DVE011,DEVELOPMENT,4,16.386461,9.787913999999999,6.561550000000001,0.000279,0.0,28.739617,45.13575,2,1,1,128,12,12,NO_SAFE_PATH
DVE011,DEVELOPMENT,5,16.324004000000002,9.722442,6.567342000000001,0.000214,0.0,28.773671999999998,45.099360999999995,2,1,1,128,12,12,NO_SAFE_PATH
DVE011,DEVELOPMENT,6,16.233783,9.716901000000002,6.481565999999999,0.000229,0.0,28.687611,44.923357,2,1,1,128,12,12,NO_SAFE_PATH
DVE012,DEVELOPMENT,0,9.695067,5.0492490000000005,4.611141999999999,0.006046,0.34739,0.0,10.044360000000001,1,0,0,128,12,12,FRESH_SELECTED
DVE012,DEVELOPMENT,1,9.705173,5.0682030000000005,4.6015310000000005,0.006038,0.347719,0.0,10.054977999999998,1,0,0,128,12,12,FRESH_SELECTED
DVE012,DEVELOPMENT,2,9.680241,5.096153999999999,4.5489120000000005,0.005941,0.359294,0.0,10.041743,1,0,0,128,12,12,FRESH_SELECTED
DVE012,DEVELOPMENT,3,9.662124,5.047616,4.580868000000001,0.005615,0.357507,0.0,10.021597,1,0,0,128,12,12,FRESH_SELECTED
DVE012,DEVELOPMENT,4,9.706608000000001,5.07726,4.5949789999999995,0.005643,0.348995,0.0,10.057713,1,0,0,128,12,12,FRESH_SELECTED
DVE012,DEVELOPMENT,5,9.652095,5.051703000000001,4.566516,0.005897,0.348902,0.0,10.002913000000001,1,0,0,128,12,12,FRESH_SELECTED
DVE012,DEVELOPMENT,6,9.725843000000001,5.047078,4.643876000000001,0.006088,0.349509,0.0,10.077579,1,0,0,128,12,12,FRESH_SELECTED
DVE013,DEVELOPMENT,0,12.438312,7.835839000000001,4.573637,0.000221,0.0,21.416973000000002,33.856970999999994,2,1,1,128,12,12,NO_SAFE_PATH
DVE013,DEVELOPMENT,1,12.464037000000001,7.831131,4.602496,0.00023300000000000003,0.0,21.238516999999998,33.70423,2,1,1,128,12,12,NO_SAFE_PATH
DVE013,DEVELOPMENT,2,12.46439,7.863054999999999,4.572507000000001,0.00038500000000000003,0.0,21.265469,33.731588,2,1,1,128,12,12,NO_SAFE_PATH
DVE013,DEVELOPMENT,3,12.458587,7.846321999999999,4.574616,0.000256,0.0,21.351242,33.811498,2,1,1,128,12,12,NO_SAFE_PATH
DVE013,DEVELOPMENT,4,12.457271,7.861544000000001,4.564576,0.000214,0.0,21.372488,33.831387,2,1,1,128,12,12,NO_SAFE_PATH
DVE013,DEVELOPMENT,5,12.448691,7.863128,4.5551140000000006,0.000225,0.0,21.44113,33.891386,2,1,1,128,12,12,NO_SAFE_PATH
DVE013,DEVELOPMENT,6,12.394053,7.843186,4.521903,0.000219,0.0,21.407683000000002,33.803493,2,1,1,128,12,12,NO_SAFE_PATH
DVE014,DEVELOPMENT,0,8.685599,5.2842150000000006,3.3694990000000002,0.004465,0.5756359999999999,0.0,9.263168,1,0,0,128,12,12,FRESH_SELECTED
DVE014,DEVELOPMENT,1,8.679494,5.309125,3.3369839999999997,0.004804,0.5596749999999999,0.0,9.24123,1,0,0,128,12,12,FRESH_SELECTED
DVE014,DEVELOPMENT,2,8.695054,5.310942999999999,3.3504179999999995,0.004465,0.571704,0.0,9.268928,1,0,0,128,12,12,FRESH_SELECTED
DVE014,DEVELOPMENT,3,8.695812,5.303295,3.3582650000000003,0.004547,0.560411,0.0,9.258307,1,0,0,128,12,12,FRESH_SELECTED
DVE014,DEVELOPMENT,4,8.70272,5.29247,3.377924000000001,0.004445999999999999,0.572557,0.0,9.277275,1,0,0,128,12,12,FRESH_SELECTED
DVE014,DEVELOPMENT,5,8.666045,5.28541,3.3476429999999997,0.00443,0.5744779999999999,0.0,9.242582,1,0,0,128,12,12,FRESH_SELECTED
DVE014,DEVELOPMENT,6,8.863848,5.312719,3.5174659999999998,0.004672,0.579918,0.0,9.446001,1,0,0,128,12,12,FRESH_SELECTED
DVE015,DEVELOPMENT,0,9.189445,5.170668000000001,3.987683,0.005063,0.351224,0.0,9.542794,1,0,0,128,12,10,FRESH_SELECTED
DVE015,DEVELOPMENT,1,9.182195,5.169794,3.9804569999999995,0.005139,0.34468200000000004,0.0,9.528811,1,0,0,128,12,10,FRESH_SELECTED
DVE015,DEVELOPMENT,2,9.178586,5.201441,3.9443779999999995,0.005341,0.344126,0.0,9.524957,1,0,0,128,12,10,FRESH_SELECTED
DVE015,DEVELOPMENT,3,9.178723,5.1665339999999995,3.980517,0.004973,0.352204,0.0,9.533076999999999,1,0,0,128,12,10,FRESH_SELECTED
DVE015,DEVELOPMENT,4,9.181678,5.169422,3.980046,0.005199,0.34381900000000004,0.0,9.527706,1,0,0,128,12,10,FRESH_SELECTED
DVE015,DEVELOPMENT,5,9.200111000000001,5.200941000000001,3.9680410000000004,0.00512,0.34974299999999997,0.0,9.552072,1,0,0,128,12,10,FRESH_SELECTED
DVE015,DEVELOPMENT,6,9.088724000000001,5.150340999999998,3.9088070000000004,0.004857,0.344267,0.0,9.434979,1,0,0,128,12,10,FRESH_SELECTED
DVE016,DEVELOPMENT,0,9.047777,5.827597999999999,3.1930370000000003,0.000237,0.0,15.137051999999999,24.186404,2,1,1,128,12,12,NO_SAFE_PATH
DVE016,DEVELOPMENT,1,9.025098,5.81668,3.18055,0.000235,0.0,15.139166999999999,24.165788,2,1,1,128,12,12,NO_SAFE_PATH
DVE016,DEVELOPMENT,2,9.055519,5.854856999999998,3.1743710000000007,0.000232,0.0,15.160643,24.217714,2,1,1,128,12,12,NO_SAFE_PATH
DVE016,DEVELOPMENT,3,9.042455,5.8286549999999995,3.1855840000000004,0.000247,0.0,15.157926999999999,24.201789,2,1,1,128,12,12,NO_SAFE_PATH
DVE016,DEVELOPMENT,4,9.069668,5.839341,3.2031319999999996,0.000224,0.0,15.169176,24.240394000000002,2,1,1,128,12,12,NO_SAFE_PATH
DVE016,DEVELOPMENT,5,9.046339,5.861135999999998,3.1576830000000005,0.00023999999999999998,0.0,15.160549000000001,24.208248,2,1,1,128,12,12,NO_SAFE_PATH
DVE016,DEVELOPMENT,6,9.06728,5.851838999999999,3.1883190000000003,0.00023400000000000002,0.0,15.154301,24.223187000000003,2,1,1,128,12,12,NO_SAFE_PATH
DVE017,DEVELOPMENT,0,6.542894,4.326696,2.1833430000000003,0.005525,0.356829,0.0,6.901826,1,0,0,128,12,11,FRESH_SELECTED
DVE017,DEVELOPMENT,1,6.5748429999999995,4.338733,2.2029340000000004,0.005806,0.356548,0.0,6.9334430000000005,1,0,0,128,12,11,FRESH_SELECTED
DVE017,DEVELOPMENT,2,6.536988999999999,4.3259620000000005,2.177282,0.005517,0.356142,0.0,6.894957000000001,1,0,0,128,12,11,FRESH_SELECTED
DVE017,DEVELOPMENT,3,6.595363,4.366767000000001,2.195198,0.005789,0.353293,0.0,6.950708,1,0,0,128,12,11,FRESH_SELECTED
DVE017,DEVELOPMENT,4,6.542175,4.338701,2.171205,0.005511,0.353099,0.0,6.897234,1,0,0,128,12,11,FRESH_SELECTED
DVE017,DEVELOPMENT,5,6.558329,4.321860000000001,2.2039020000000002,0.005619,0.354403,0.0,6.914518,1,0,0,128,12,11,FRESH_SELECTED
DVE017,DEVELOPMENT,6,6.543125,4.339027000000001,2.171988,0.005371000000000001,0.35249,0.0,6.897608,1,0,0,128,12,11,FRESH_SELECTED
DVE018,DEVELOPMENT,0,10.981778,5.433544000000003,5.513429999999999,0.006048,0.560287,0.0,11.544212,1,0,0,128,12,12,FRESH_SELECTED
DVE018,DEVELOPMENT,1,10.989476,5.463247000000001,5.491668999999999,0.00594,0.565197,0.0,11.556591000000001,1,0,0,128,12,12,FRESH_SELECTED
DVE018,DEVELOPMENT,2,10.997532,5.447008,5.513328,0.005791,0.55253,0.0,11.552192999999999,1,0,0,128,12,12,FRESH_SELECTED
DVE018,DEVELOPMENT,3,10.990027,5.415473999999998,5.539917000000001,0.005928,0.570666,0.0,11.562717000000001,1,0,0,128,12,12,FRESH_SELECTED
DVE018,DEVELOPMENT,4,10.975707,5.432638000000002,5.508321999999999,0.006026,0.5575869999999999,0.0,11.535392,1,0,0,128,12,12,FRESH_SELECTED
DVE018,DEVELOPMENT,5,10.964836,5.4431059999999984,5.486344,0.006189,0.548596,0.0,11.515471,1,0,0,128,12,12,FRESH_SELECTED
DVE018,DEVELOPMENT,6,10.979014,5.420616,5.524640000000001,0.005556,0.5598780000000001,0.0,11.541075000000001,1,0,0,128,12,12,FRESH_SELECTED
DVE019,DEVELOPMENT,0,10.793318,5.469153,5.290342,0.005879,0.594678,0.0,11.390046,1,0,0,128,12,12,FRESH_SELECTED
DVE019,DEVELOPMENT,1,10.761529000000001,5.440887,5.286978000000001,0.0055309999999999995,0.581788,0.0,11.345299,1,0,0,128,12,12,FRESH_SELECTED
DVE019,DEVELOPMENT,2,10.801224,5.472857,5.294541000000001,0.005551,0.574391,0.0,11.377854,1,0,0,128,12,12,FRESH_SELECTED
DVE019,DEVELOPMENT,3,10.784436,5.4673620000000005,5.283163,0.005619,0.605853,0.0,11.392563,1,0,0,128,12,12,FRESH_SELECTED
DVE019,DEVELOPMENT,4,10.777674000000001,5.454297999999999,5.289141000000001,0.005898,0.6014510000000001,0.0,11.381289,1,0,0,128,12,12,FRESH_SELECTED
DVE019,DEVELOPMENT,5,10.731356,5.462515000000001,5.234051,0.005724,0.584322,0.0,11.317703,1,0,0,128,12,12,FRESH_SELECTED
DVE019,DEVELOPMENT,6,10.811678,5.459244,5.318144,0.00531,0.5783189999999999,0.0,11.391926,1,0,0,128,12,12,FRESH_SELECTED
DVE020,DEVELOPMENT,0,6.128889,4.544239999999999,1.553327,0.0038669999999999998,0.222142,0.0,6.353212999999999,1,0,0,128,12,12,FRESH_SELECTED
DVE020,DEVELOPMENT,1,6.187805,4.565292,1.590279,0.003754,0.20343899999999998,0.0,6.393372,1,0,0,128,12,12,FRESH_SELECTED
DVE020,DEVELOPMENT,2,6.175676999999999,4.581702,1.5607449999999998,0.0036509999999999997,0.209813,0.0,6.387472,1,0,0,128,12,12,FRESH_SELECTED
DVE020,DEVELOPMENT,3,6.167212,4.558276,1.578341,0.003886,0.201807,0.0,6.3710379999999995,1,0,0,128,12,12,FRESH_SELECTED
DVE020,DEVELOPMENT,4,6.143629,4.545524,1.5667020000000003,0.003686,0.211975,0.0,6.357848,1,0,0,128,12,12,FRESH_SELECTED
DVE020,DEVELOPMENT,5,6.1999889999999995,4.565528,1.602907,0.003899,0.203863,0.0,6.4058329999999994,1,0,0,128,12,12,FRESH_SELECTED
DVE020,DEVELOPMENT,6,6.143943,4.542927000000001,1.569053,0.0037890000000000003,0.21239,0.0,6.358332000000001,1,0,0,128,12,12,FRESH_SELECTED
DVE021,DEVELOPMENT,0,12.068866,7.3990860000000005,4.6380799999999995,0.00022,0.0,20.970866,33.041407,2,1,1,128,12,12,NO_SAFE_PATH
DVE021,DEVELOPMENT,1,12.085045000000001,7.414840999999999,4.641141999999999,0.000237,0.0,21.096735,33.183655,2,1,1,128,12,12,NO_SAFE_PATH
DVE021,DEVELOPMENT,2,12.070475,7.409874999999999,4.632226999999999,0.00023300000000000003,0.0,21.105038,33.177227,2,1,1,128,12,12,NO_SAFE_PATH
DVE021,DEVELOPMENT,3,12.059569,7.432414,4.596588,0.000235,0.0,20.890171,32.951337,2,1,1,128,12,12,NO_SAFE_PATH
DVE021,DEVELOPMENT,4,12.033735,7.406524,4.598273999999999,0.00022600000000000002,0.0,20.993347,33.028881999999996,2,1,1,128,12,12,NO_SAFE_PATH
DVE021,DEVELOPMENT,5,12.100040000000002,7.406001999999999,4.664447,0.000176,0.0,21.031675,33.133360999999994,2,1,1,128,12,12,NO_SAFE_PATH
DVE021,DEVELOPMENT,6,12.085873,7.457667000000001,4.596766999999999,0.000323,0.0,21.087455000000002,33.175233,2,1,1,128,12,12,NO_SAFE_PATH
DVE022,DEVELOPMENT,0,20.298906,9.007179000000002,11.255285999999998,0.005736,0.765512,0.0,21.066654,1,0,0,128,12,12,FRESH_SELECTED
DVE022,DEVELOPMENT,1,20.273653,9.033146,11.205223999999998,0.005658000000000001,0.782649,0.0,21.05883,1,0,0,128,12,12,FRESH_SELECTED
DVE022,DEVELOPMENT,2,20.280987,9.041687000000001,11.20614,0.00541,0.774914,0.0,21.05836,1,0,0,128,12,12,FRESH_SELECTED
DVE022,DEVELOPMENT,3,20.249197,9.040747,11.17509,0.005442,0.77678,0.0,21.028167,1,0,0,128,12,12,FRESH_SELECTED
DVE022,DEVELOPMENT,4,20.307472,9.065560999999999,11.207722,0.005355,0.7805489999999999,0.0,21.090272000000002,1,0,0,128,12,12,FRESH_SELECTED
DVE022,DEVELOPMENT,5,20.327362,9.004906999999998,11.288437000000002,0.005548,0.77497,0.0,21.104662,1,0,0,128,12,12,FRESH_SELECTED
DVE022,DEVELOPMENT,6,20.215767,9.039174999999998,11.142546,0.0053620000000000004,0.775615,0.0,20.993526000000003,1,0,0,128,12,12,FRESH_SELECTED
DVE023,DEVELOPMENT,0,10.035212,6.433985999999999,3.571501,0.000241,0.0,16.573387999999998,26.610208999999998,2,1,1,128,12,12,NO_SAFE_PATH
DVE023,DEVELOPMENT,1,10.085414,6.469173,3.583102,0.00029299999999999997,0.0,16.600017,26.686913,2,1,1,128,12,12,NO_SAFE_PATH
DVE023,DEVELOPMENT,2,10.110484,6.498276,3.5835749999999997,0.000237,0.0,16.604094,26.716098000000002,2,1,1,128,12,12,NO_SAFE_PATH
DVE023,DEVELOPMENT,3,10.089305,6.4530590000000005,3.6066400000000005,0.00023999999999999998,0.0,16.587288,26.678241000000003,2,1,1,128,12,12,NO_SAFE_PATH
DVE023,DEVELOPMENT,4,10.075983,6.468565000000001,3.578264,0.00025,0.0,16.609334999999998,26.68672,2,1,1,128,12,12,NO_SAFE_PATH
DVE023,DEVELOPMENT,5,10.059695,6.467209999999999,3.563913,0.00023300000000000003,0.0,16.593130000000002,26.654484,2,1,1,128,12,12,NO_SAFE_PATH
DVE023,DEVELOPMENT,6,10.108535,6.478312,3.600888,0.00023799999999999998,0.0,16.568756,26.679026,2,1,1,128,12,12,NO_SAFE_PATH
DVE024,DEVELOPMENT,0,10.730827999999999,5.581581999999999,5.115412,0.005405999999999999,0.34598700000000004,0.0,11.078987999999999,1,0,0,128,12,12,FRESH_SELECTED
DVE024,DEVELOPMENT,1,10.715724,5.561227,5.1212110000000015,0.00562,0.35848,0.0,11.076103,1,0,0,128,12,12,FRESH_SELECTED
DVE024,DEVELOPMENT,2,10.641397999999999,5.532947,5.075113,0.0053609999999999994,0.36243400000000003,0.0,11.005767,1,0,0,128,12,12,FRESH_SELECTED
DVE024,DEVELOPMENT,3,10.734121,5.556795999999999,5.144836000000001,0.0053289999999999995,0.347196,0.0,11.083098,1,0,0,128,12,12,FRESH_SELECTED
DVE024,DEVELOPMENT,4,10.754669,5.578784,5.142327999999999,0.0056890000000000005,0.346416,0.0,11.103249,1,0,0,128,12,12,FRESH_SELECTED
DVE024,DEVELOPMENT,5,10.688943,5.598498999999999,5.057699,0.00539,0.34869799999999995,0.0,11.039575999999999,1,0,0,128,12,12,FRESH_SELECTED
DVE024,DEVELOPMENT,6,10.697745000000001,5.558019,5.1064,0.005355,0.35709199999999996,0.0,11.056782,1,0,0,128,12,12,FRESH_SELECTED
DVE025,DEVELOPMENT,0,9.127009,5.8523510000000005,3.2452240000000008,0.000224,0.0,15.323459999999999,24.452353,2,1,1,128,12,12,NO_SAFE_PATH
DVE025,DEVELOPMENT,1,9.200826,5.835242000000001,3.3381410000000002,0.00021799999999999999,0.0,15.359296,24.562143,2,1,1,128,12,12,NO_SAFE_PATH
DVE025,DEVELOPMENT,2,9.125706000000001,5.817254000000001,3.2804440000000006,0.000217,0.0,15.453269,24.580858,2,1,1,128,12,12,NO_SAFE_PATH
DVE025,DEVELOPMENT,3,9.11725,5.835201999999999,3.255129,0.000221,0.0,15.318467,24.437693,2,1,1,128,12,12,NO_SAFE_PATH
DVE025,DEVELOPMENT,4,9.182733,5.8342920000000005,3.3162040000000004,0.000217,0.0,15.390613,24.575162,2,1,1,128,12,12,NO_SAFE_PATH
DVE025,DEVELOPMENT,5,9.239548000000001,5.869648,3.341745,0.00023400000000000002,0.0,15.346825,24.588096,2,1,1,128,12,12,NO_SAFE_PATH
DVE025,DEVELOPMENT,6,9.133786,5.828601000000001,3.277667,0.00023899999999999998,0.0,15.367234,24.511291,2,1,1,128,12,12,NO_SAFE_PATH
DVE026,DEVELOPMENT,0,13.06114,7.969650999999999,5.061634000000001,0.000231,0.0,22.94287,36.005605,2,1,1,128,12,12,NO_SAFE_PATH
DVE026,DEVELOPMENT,1,13.00948,8.005623,4.9745740000000005,0.000243,0.0,22.883496,35.894571000000006,2,1,1,128,12,12,NO_SAFE_PATH
DVE026,DEVELOPMENT,2,13.075672,8.021237,5.0241929999999995,0.00032700000000000003,0.0,22.838229,35.915654,2,1,1,128,12,12,NO_SAFE_PATH
DVE026,DEVELOPMENT,3,13.047604,8.007992000000002,5.0101119999999995,0.00032900000000000003,0.0,22.921789,35.971047,2,1,1,128,12,12,NO_SAFE_PATH
DVE026,DEVELOPMENT,4,13.070548,7.990284999999999,5.050658,0.000224,0.0,22.869866000000002,35.942237,2,1,1,128,12,12,NO_SAFE_PATH
DVE026,DEVELOPMENT,5,13.067861,7.978042,5.06049,0.000307,0.0,22.828948,35.898537,2,1,1,128,12,12,NO_SAFE_PATH
DVE026,DEVELOPMENT,6,13.075237999999999,8.008903,5.037528,0.00033600000000000004,0.0,22.905746999999998,35.982695,2,1,1,128,12,12,NO_SAFE_PATH
DVE027,DEVELOPMENT,0,11.435226,7.4211529999999994,3.983702,0.000241,0.0,18.980815,30.417683,2,1,1,128,12,12,NO_SAFE_PATH
DVE027,DEVELOPMENT,1,11.494883,7.458384999999999,4.006837000000001,0.000231,0.0,18.864409,30.360722000000003,2,1,1,128,12,12,NO_SAFE_PATH
DVE027,DEVELOPMENT,2,11.421716,7.393652,3.9984189999999997,0.000356,0.0,18.843986,30.267142,2,1,1,128,12,12,NO_SAFE_PATH
DVE027,DEVELOPMENT,3,11.448241,7.396388999999999,4.0229040000000005,0.000225,0.0,18.855511,30.305296,2,1,1,128,12,12,NO_SAFE_PATH
DVE027,DEVELOPMENT,4,11.384342,7.364597000000001,3.9896009999999995,0.00023999999999999998,0.0,18.958071,30.344013,2,1,1,128,12,12,NO_SAFE_PATH
DVE027,DEVELOPMENT,5,11.437316999999998,7.400927999999999,4.0055,0.000372,0.0,18.857682,30.296665,2,1,1,128,12,12,NO_SAFE_PATH
DVE027,DEVELOPMENT,6,11.451547,7.416662000000001,4.005147999999999,0.000247,0.0,18.968647,30.421884,2,1,1,128,12,12,NO_SAFE_PATH
DVE028,DEVELOPMENT,0,12.768637,7.037688000000001,5.6970149999999995,0.005522,1.245407,0.0,14.016314,1,0,0,128,12,12,FRESH_SELECTED
DVE028,DEVELOPMENT,1,12.840709,7.061124999999999,5.745236,0.005314,1.246373,0.0,14.089296000000001,1,0,0,128,12,12,FRESH_SELECTED
DVE028,DEVELOPMENT,2,12.787183,7.028637000000002,5.725552999999999,0.005126,1.246599,0.0,14.035909,1,0,0,128,12,12,FRESH_SELECTED
DVE028,DEVELOPMENT,3,12.821726,7.077312,5.711571,0.00498,1.2717829999999999,0.0,14.095795,1,0,0,128,12,12,FRESH_SELECTED
DVE028,DEVELOPMENT,4,12.798232,7.026766,5.737105,0.005254,1.236009,0.0,14.036245999999998,1,0,0,128,12,12,FRESH_SELECTED
DVE028,DEVELOPMENT,5,12.782536,7.018542,5.730434,0.005393,1.239811,0.0,14.024453,1,0,0,128,12,12,FRESH_SELECTED
DVE028,DEVELOPMENT,6,12.771342,7.026973,5.702955,0.005296,1.263092,0.0,14.036323,1,0,0,128,12,12,FRESH_SELECTED
DVE029,DEVELOPMENT,0,16.09614,8.071168,7.9921359999999995,0.005023,0.690698,0.0,16.788919999999997,1,0,0,128,12,12,FRESH_SELECTED
DVE029,DEVELOPMENT,1,16.124489,8.042239,8.047887,0.005313,0.685031,0.0,16.811758,1,0,0,128,12,12,FRESH_SELECTED
DVE029,DEVELOPMENT,2,16.130483,8.042169,8.055309,0.005162,0.686082,0.0,16.818574,1,0,0,128,12,12,FRESH_SELECTED
DVE029,DEVELOPMENT,3,16.095941,8.013150000000003,8.049633999999998,0.0050030000000000005,0.683436,0.0,16.781419999999997,1,0,0,128,12,12,FRESH_SELECTED
DVE029,DEVELOPMENT,4,16.133298,8.02055,8.080439000000002,0.0051470000000000005,0.681702,0.0,16.817214,1,0,0,128,12,12,FRESH_SELECTED
DVE029,DEVELOPMENT,5,16.145245,8.020679,8.091927,0.005188,0.6804009999999999,0.0,16.827776,1,0,0,128,12,12,FRESH_SELECTED
DVE029,DEVELOPMENT,6,16.129963,8.033911999999999,8.055686,0.0052910000000000006,0.680794,0.0,16.812858,1,0,0,128,12,12,FRESH_SELECTED
DVE030,DEVELOPMENT,0,10.264101,6.365194000000001,3.868304,0.003378,0.24403,0.0,10.510076,1,0,0,128,12,12,FRESH_SELECTED
DVE030,DEVELOPMENT,1,10.261611,6.338236000000001,3.8925629999999996,0.003552,0.248095,0.0,10.511531999999999,1,0,0,128,12,12,FRESH_SELECTED
DVE030,DEVELOPMENT,2,10.225848,6.31903,3.875333,0.003354,0.243071,0.0,10.470915999999999,1,0,0,128,12,12,FRESH_SELECTED
DVE030,DEVELOPMENT,3,10.210852000000001,6.329591,3.849706,0.003541,0.240892,0.0,10.453635,1,0,0,128,12,12,FRESH_SELECTED
DVE030,DEVELOPMENT,4,10.243656999999999,6.324547,3.887923,0.003366,0.25255500000000003,0.0,10.498185,1,0,0,128,12,12,FRESH_SELECTED
DVE030,DEVELOPMENT,5,10.227356,6.331304999999999,3.865073,0.00327,0.242148,0.0,10.471483000000001,1,0,0,128,12,12,FRESH_SELECTED
DVE030,DEVELOPMENT,6,10.269625,6.333698000000001,3.892766,0.00321,0.238559,0.0,10.510088,1,0,0,128,12,12,FRESH_SELECTED
DVE031,DEVELOPMENT,0,10.346236000000001,5.302451000000001,5.010453999999999,0.0051340000000000005,0.348103,0.0,10.696461,1,0,0,128,12,12,FRESH_SELECTED
DVE031,DEVELOPMENT,1,10.330655,5.307130999999999,4.989843,0.005042,0.349065,0.0,10.681633,1,0,0,128,12,12,FRESH_SELECTED
DVE031,DEVELOPMENT,2,10.382976000000001,5.320876,5.020926,0.005067,0.3508,0.0,10.735655000000001,1,0,0,128,12,12,FRESH_SELECTED
DVE031,DEVELOPMENT,3,10.334457,5.2887260000000005,5.012008,0.00543,0.35622899999999996,0.0,10.692924999999999,1,0,0,128,12,12,FRESH_SELECTED
DVE031,DEVELOPMENT,4,10.393540999999999,5.329782999999999,5.029407,0.004860000000000001,0.362663,0.0,10.758284999999999,1,0,0,128,12,12,FRESH_SELECTED
DVE031,DEVELOPMENT,5,10.285083,5.308639,4.942944,0.004925,0.353215,0.0,10.64035,1,0,0,128,12,12,FRESH_SELECTED
DVE031,DEVELOPMENT,6,10.255517,5.307726000000001,4.915314,0.0049180000000000005,0.347086,0.0,10.604413000000001,1,0,0,128,12,12,FRESH_SELECTED
DVE032,DEVELOPMENT,0,14.91942,9.040927,5.848332,0.000275,0.0,26.267529999999997,41.188991,2,1,1,128,12,12,NO_SAFE_PATH
DVE032,DEVELOPMENT,1,14.965509,9.040602,5.894574,0.000232,0.0,26.219013,41.186273,2,1,1,128,12,12,NO_SAFE_PATH
DVE032,DEVELOPMENT,2,14.935334000000001,8.998779999999998,5.906069000000001,0.000224,0.0,26.14722,41.084477,2,1,1,128,12,12,NO_SAFE_PATH
DVE032,DEVELOPMENT,3,14.974682000000001,9.050782999999997,5.8943460000000005,0.000188,0.0,26.086612000000002,41.063148999999996,2,1,1,128,12,12,NO_SAFE_PATH
DVE032,DEVELOPMENT,4,14.951046,9.042828,5.877578,0.00023300000000000003,0.0,26.287399,41.240282,2,1,1,128,12,12,NO_SAFE_PATH
DVE032,DEVELOPMENT,5,14.939872,9.024706,5.885106,0.000221,0.0,26.239358,41.181375,2,1,1,128,12,12,NO_SAFE_PATH
DVE032,DEVELOPMENT,6,14.844828999999999,9.012769,5.802180999999999,0.00028599999999999996,0.0,26.193994,41.040831,2,1,1,128,12,12,NO_SAFE_PATH
DVE033,DEVELOPMENT,0,15.709562,9.309553,6.368831,0.000241,0.0,27.934784,43.646309,2,1,1,128,12,12,NO_SAFE_PATH
DVE033,DEVELOPMENT,1,15.629286,9.279036,6.319823,0.000243,0.0,28.120101,43.751355000000004,2,1,1,128,12,12,NO_SAFE_PATH
DVE033,DEVELOPMENT,2,15.599321,9.278602,6.290427,0.000229,0.0,28.063779,43.665114,2,1,1,128,12,12,NO_SAFE_PATH
DVE033,DEVELOPMENT,3,15.615632,9.28236,6.302175,0.00023300000000000003,0.0,27.938978,43.556881999999995,2,1,1,128,12,12,NO_SAFE_PATH
DVE033,DEVELOPMENT,4,15.706802,9.302203000000002,6.3747669999999985,0.000235,0.0,28.010635999999998,43.719434,2,1,1,128,12,12,NO_SAFE_PATH
DVE033,DEVELOPMENT,5,15.691345,9.288279000000001,6.372209,0.00032900000000000003,0.0,28.033044999999998,43.726307,2,1,1,128,12,12,NO_SAFE_PATH
DVE033,DEVELOPMENT,6,15.597273,9.27804,6.288989,0.000222,0.0,27.923555,43.522777000000005,2,1,1,128,12,12,NO_SAFE_PATH
DVE034,DEVELOPMENT,0,7.655751,5.179336999999999,2.449421,0.000219,0.0,11.950852999999999,19.608467,2,1,1,128,12,12,NO_SAFE_PATH
DVE034,DEVELOPMENT,1,7.686087000000001,5.188060999999999,2.4703410000000003,0.00022,0.0,12.134094999999999,19.821565999999997,2,1,1,128,12,12,NO_SAFE_PATH
DVE034,DEVELOPMENT,2,7.685685,5.180102,2.478289,0.000183,0.0,12.074993000000001,19.762428,2,1,1,128,12,12,NO_SAFE_PATH
DVE034,DEVELOPMENT,3,7.5780140000000005,5.208741,2.341573,0.000187,0.0,12.07236,19.652351,2,1,1,128,12,12,NO_SAFE_PATH
DVE034,DEVELOPMENT,4,7.661228,5.181158,2.453522,0.000214,0.0,12.083198,19.746252000000002,2,1,1,128,12,12,NO_SAFE_PATH
DVE034,DEVELOPMENT,5,7.67652,5.174436,2.4748720000000004,0.000241,0.0,12.172873,19.851428,2,1,1,128,12,12,NO_SAFE_PATH
DVE034,DEVELOPMENT,6,7.686064,5.173640000000001,2.484192,0.000231,0.0,11.992123,19.679894,2,1,1,128,12,12,NO_SAFE_PATH
DVE035,DEVELOPMENT,0,9.670406000000002,6.531528,3.1115950000000003,0.00026700000000000004,0.0,15.647018,25.318926,2,1,1,128,12,12,NO_SAFE_PATH
DVE035,DEVELOPMENT,1,9.63469,6.502072999999999,3.1056230000000005,0.000232,0.0,15.563932000000001,25.200287,2,1,1,128,12,12,NO_SAFE_PATH
DVE035,DEVELOPMENT,2,9.567349,6.512041000000001,3.0280689999999995,0.000275,0.0,15.56721,25.136427,2,1,1,128,12,12,NO_SAFE_PATH
DVE035,DEVELOPMENT,3,9.65234,6.495143999999999,3.1304390000000004,0.000211,0.0,15.547013999999999,25.201175,2,1,1,128,12,12,NO_SAFE_PATH
DVE035,DEVELOPMENT,4,9.650437,6.486095000000001,3.1375480000000002,0.000235,0.0,15.527116,25.179327,2,1,1,128,12,12,NO_SAFE_PATH
DVE035,DEVELOPMENT,5,9.654311,6.482178000000002,3.145886999999999,0.00023400000000000002,0.0,15.59281,25.248735,2,1,1,128,12,12,NO_SAFE_PATH
DVE035,DEVELOPMENT,6,9.673922000000001,6.509980999999999,3.1367500000000006,0.000256,0.0,15.510871,25.18639,2,1,1,128,12,12,NO_SAFE_PATH
DVE036,DEVELOPMENT,0,7.219270000000001,5.06631,2.1255450000000002,0.000229,0.0,11.086655,18.30763,2,1,1,128,12,11,NO_SAFE_PATH
DVE036,DEVELOPMENT,1,7.231501000000001,5.086693,2.116324,0.000235,0.0,11.041002,18.274406,2,1,1,128,12,11,NO_SAFE_PATH
DVE036,DEVELOPMENT,2,7.149843,5.072295,2.0491930000000003,0.000231,0.0,10.967447,18.119021,2,1,1,128,12,11,NO_SAFE_PATH
DVE036,DEVELOPMENT,3,7.225983,5.095046999999999,2.1013590000000004,0.000212,0.0,11.145886,18.373685000000002,2,1,1,128,12,11,NO_SAFE_PATH
DVE036,DEVELOPMENT,4,7.223791,5.0758730000000005,2.120307,0.000217,0.0,11.045643,18.27111,2,1,1,128,12,11,NO_SAFE_PATH
DVE036,DEVELOPMENT,5,7.178254,5.065949,2.0844300000000002,0.00026000000000000003,0.0,11.129378,18.30953,2,1,1,128,12,11,NO_SAFE_PATH
DVE036,DEVELOPMENT,6,7.201069,5.066651,2.106786,0.000236,0.0,11.049648999999999,18.252427,2,1,1,128,12,11,NO_SAFE_PATH
DVE037,DEVELOPMENT,0,12.010181000000001,7.137858000000001,4.838076,0.00423,0.237637,0.0,12.250011,1,0,0,128,12,12,FRESH_SELECTED
DVE037,DEVELOPMENT,1,11.995394000000001,7.12952,4.833407,0.0044340000000000004,0.23533199999999999,0.0,12.232617,1,0,0,128,12,12,FRESH_SELECTED
DVE037,DEVELOPMENT,2,11.950792,7.109032,4.808887,0.004261999999999999,0.244196,0.0,12.197076,1,0,0,128,12,12,FRESH_SELECTED
DVE037,DEVELOPMENT,3,11.951012,7.134300999999999,4.783574000000001,0.004916,0.234118,0.0,12.187253,1,0,0,128,12,12,FRESH_SELECTED
DVE037,DEVELOPMENT,4,11.979388,7.101702999999999,4.8456790000000005,0.004078,0.238029,0.0,12.219413000000001,1,0,0,128,12,12,FRESH_SELECTED
DVE037,DEVELOPMENT,5,11.971796,7.143414,4.795839,0.004041,0.242845,0.0,12.216673,1,0,0,128,12,12,FRESH_SELECTED
DVE037,DEVELOPMENT,6,11.994134,7.126055,4.835666,0.004184,0.235589,0.0,12.231641,1,0,0,128,12,12,FRESH_SELECTED
DVE038,DEVELOPMENT,0,5.894749,4.344803,1.517974,0.004386999999999999,0.17220500000000002,0.0,6.069,1,0,0,128,12,12,FRESH_SELECTED
DVE038,DEVELOPMENT,1,5.936973,4.383552,1.52026,0.0048449999999999995,0.16309800000000002,0.0,6.102223,1,0,0,128,12,12,FRESH_SELECTED
DVE038,DEVELOPMENT,2,5.893180999999999,4.352422999999999,1.508564,0.004386,0.163124,0.0,6.058308,1,0,0,128,12,12,FRESH_SELECTED
DVE038,DEVELOPMENT,3,5.909973,4.352856,1.525543,0.004239,0.16425800000000002,0.0,6.0763490000000004,1,0,0,128,12,12,FRESH_SELECTED
DVE038,DEVELOPMENT,4,5.961296,4.405743999999999,1.5221260000000003,0.004639,0.163845,0.0,6.127171000000001,1,0,0,128,12,12,FRESH_SELECTED
DVE038,DEVELOPMENT,5,5.858642,4.333588000000001,1.4925840000000001,0.0045119999999999995,0.171932,0.0,6.032625,1,0,0,128,12,12,FRESH_SELECTED
DVE038,DEVELOPMENT,6,5.917422999999999,4.365480000000001,1.5203769999999999,0.004505,0.16437100000000002,0.0,6.083715,1,0,0,128,12,12,FRESH_SELECTED
DVE039,DEVELOPMENT,0,13.532459999999999,8.240740999999998,5.261197000000001,0.000395,0.0,42.979749000000005,56.513963000000004,3,1,2,128,12,12,NO_SAFE_PATH
DVE039,DEVELOPMENT,1,13.499307,8.192603000000002,5.2756490000000005,0.000187,0.0,42.9627,56.463750999999995,3,1,2,128,12,12,NO_SAFE_PATH
DVE039,DEVELOPMENT,2,13.50157,8.234043999999999,5.236523999999999,0.000252,0.0,42.847896,56.351366,3,1,2,128,12,12,NO_SAFE_PATH
DVE039,DEVELOPMENT,3,13.466102999999999,8.176298999999998,5.259048000000001,0.000225,0.0,42.911902000000005,56.379822999999995,3,1,2,128,12,12,NO_SAFE_PATH
DVE039,DEVELOPMENT,4,13.544471999999999,8.250073,5.264080999999999,0.000264,0.0,42.858221,56.4044,3,1,2,128,12,12,NO_SAFE_PATH
DVE039,DEVELOPMENT,5,13.530987,8.189263000000002,5.311407999999999,0.000315,0.0,42.821399,56.354044,3,1,2,128,12,12,NO_SAFE_PATH
DVE039,DEVELOPMENT,6,13.527477999999999,8.235867999999998,5.260874,0.000229,0.0,42.757885,56.287358999999995,3,1,2,128,12,12,NO_SAFE_PATH
DVE040,DEVELOPMENT,0,9.174125,5.841237,3.3056609999999997,0.000224,0.0,15.413152,24.589083,2,1,1,128,12,12,NO_SAFE_PATH
DVE040,DEVELOPMENT,1,9.14578,5.862954,3.2547239999999995,0.000237,0.0,15.544870000000001,24.692664,2,1,1,128,12,12,NO_SAFE_PATH
DVE040,DEVELOPMENT,2,9.163005,5.829563000000001,3.303855999999999,0.000313,0.0,15.392318999999999,24.557491000000002,2,1,1,128,12,12,NO_SAFE_PATH
DVE040,DEVELOPMENT,3,9.23478,5.842388,3.364703,0.00022,0.0,15.438304,24.675252,2,1,1,128,12,12,NO_SAFE_PATH
DVE040,DEVELOPMENT,4,9.152130999999999,5.830046,3.293707000000001,0.00023899999999999998,0.0,15.438171,24.592196,2,1,1,128,12,12,NO_SAFE_PATH
DVE040,DEVELOPMENT,5,9.257765,5.880673,3.3480309999999998,0.000223,0.0,15.455306,24.714988,2,1,1,128,12,12,NO_SAFE_PATH
DVE040,DEVELOPMENT,6,9.183879000000001,5.871353,3.2842739999999995,0.000335,0.0,15.378223,24.564083999999998,2,1,1,128,12,12,NO_SAFE_PATH
VUE001,VALIDATION_SEEN_AFTER_V1,0,12.81939,8.059525,4.732747,0.00023999999999999998,0.0,21.816267,34.637702,2,1,1,128,12,12,NO_SAFE_PATH
VUE001,VALIDATION_SEEN_AFTER_V1,1,12.760109,8.108214,4.624225,0.000243,0.0,21.746745,34.508724,2,1,1,128,12,12,NO_SAFE_PATH
VUE001,VALIDATION_SEEN_AFTER_V1,2,12.785548,8.09897,4.658688,0.00022700000000000002,0.0,21.795475999999997,34.582706,2,1,1,128,12,12,NO_SAFE_PATH
VUE001,VALIDATION_SEEN_AFTER_V1,3,12.826114,8.101968,4.696654,0.000222,0.0,21.817092,34.645137000000005,2,1,1,128,12,12,NO_SAFE_PATH
VUE001,VALIDATION_SEEN_AFTER_V1,4,12.784593000000001,8.066401999999998,4.6902800000000004,0.000235,0.0,21.800023,34.586679,2,1,1,128,12,12,NO_SAFE_PATH
VUE001,VALIDATION_SEEN_AFTER_V1,5,12.78819,8.094658,4.665189000000001,0.000228,0.0,21.762556,34.552557,2,1,1,128,12,12,NO_SAFE_PATH
VUE001,VALIDATION_SEEN_AFTER_V1,6,12.803562,8.085595999999997,4.690770000000001,0.000219,0.0,21.737754000000002,34.543149,2,1,1,128,12,12,NO_SAFE_PATH
VUE002,VALIDATION_SEEN_AFTER_V1,0,11.979154000000001,7.590738999999998,4.357438000000001,0.000222,0.0,20.599477999999998,32.580217,2,1,1,128,12,12,NO_SAFE_PATH
VUE002,VALIDATION_SEEN_AFTER_V1,1,11.986538000000001,7.590817,4.366165999999999,0.000219,0.0,20.598878,32.587095,2,1,1,128,12,12,NO_SAFE_PATH
VUE002,VALIDATION_SEEN_AFTER_V1,2,12.001331,7.582151999999999,4.389911000000001,0.00025,0.0,20.532027999999997,32.53503,2,1,1,128,12,12,NO_SAFE_PATH
VUE002,VALIDATION_SEEN_AFTER_V1,3,11.998709000000002,7.597946000000001,4.371571,0.000219,0.0,20.590917,32.59147,2,1,1,128,12,12,NO_SAFE_PATH
VUE002,VALIDATION_SEEN_AFTER_V1,4,11.94525,7.608823,4.305865999999999,0.000219,0.0,20.542891,32.490037,2,1,1,128,12,12,NO_SAFE_PATH
VUE002,VALIDATION_SEEN_AFTER_V1,5,11.987365,7.569823999999999,4.387072,0.00027,0.0,20.440212,32.429335,2,1,1,128,12,12,NO_SAFE_PATH
VUE002,VALIDATION_SEEN_AFTER_V1,6,12.009238999999999,7.606154999999999,4.373545,0.000228,0.0,20.551235000000002,32.5625,2,1,1,128,12,12,NO_SAFE_PATH
VUE003,VALIDATION_SEEN_AFTER_V1,0,9.785615,6.620064,3.1378300000000006,0.00023,0.0,15.697258,25.484648,2,1,1,128,12,12,NO_SAFE_PATH
VUE003,VALIDATION_SEEN_AFTER_V1,1,9.774899999999999,6.599533,3.1485499999999997,0.000219,0.0,15.630504,25.407253,2,1,1,128,12,12,NO_SAFE_PATH
VUE003,VALIDATION_SEEN_AFTER_V1,2,9.749509,6.580715,3.14221,0.000242,0.0,15.626567,25.377603999999998,2,1,1,128,12,12,NO_SAFE_PATH
VUE003,VALIDATION_SEEN_AFTER_V1,3,9.730996,6.594557000000001,3.1096130000000004,0.00021799999999999999,0.0,15.705427,25.438174999999998,2,1,1,128,12,12,NO_SAFE_PATH
VUE003,VALIDATION_SEEN_AFTER_V1,4,9.764616,6.602252999999999,3.1343119999999995,0.000217,0.0,15.626754,25.393146,2,1,1,128,12,12,NO_SAFE_PATH
VUE003,VALIDATION_SEEN_AFTER_V1,5,9.786802,6.638298999999999,3.120352,0.00023799999999999998,0.0,15.642453,25.431024,2,1,1,128,12,12,NO_SAFE_PATH
VUE003,VALIDATION_SEEN_AFTER_V1,6,9.745768,6.600967,3.116444,0.00022,0.0,15.680899,25.428124,2,1,1,128,12,12,NO_SAFE_PATH
VUE004,VALIDATION_SEEN_AFTER_V1,0,7.109349,4.816917999999999,2.261593,0.0030369999999999998,0.17486500000000002,0.0,7.286296999999999,1,0,0,128,12,11,FRESH_SELECTED
VUE004,VALIDATION_SEEN_AFTER_V1,1,7.105694000000001,4.801207000000002,2.273997,0.002976,0.168252,0.0,7.276118,1,0,0,128,12,11,FRESH_SELECTED
VUE004,VALIDATION_SEEN_AFTER_V1,2,7.098148,4.821268000000001,2.246865,0.0030470000000000002,0.16544499999999998,0.0,7.265683,1,0,0,128,12,11,FRESH_SELECTED
VUE004,VALIDATION_SEEN_AFTER_V1,3,7.0879080000000005,4.843495000000001,2.214709,0.00298,0.165223,0.0,7.255211,1,0,0,128,12,11,FRESH_SELECTED
VUE004,VALIDATION_SEEN_AFTER_V1,4,7.071996,4.809379,2.232379,0.002835,0.165266,0.0,7.239401,1,0,0,128,12,11,FRESH_SELECTED
VUE004,VALIDATION_SEEN_AFTER_V1,5,7.069268,4.792427,2.247424,0.0028490000000000004,0.173642,0.0,7.247161,1,0,0,128,12,11,FRESH_SELECTED
VUE004,VALIDATION_SEEN_AFTER_V1,6,7.064397,4.790298,2.2438890000000002,0.0032029999999999997,0.16580699999999998,0.0,7.232272,1,0,0,128,12,11,FRESH_SELECTED
VUE005,VALIDATION_SEEN_AFTER_V1,0,9.791558,5.135864999999999,4.620591,0.005934,0.35812,0.0,10.151693999999999,1,0,0,128,12,12,FRESH_SELECTED
VUE005,VALIDATION_SEEN_AFTER_V1,1,9.81092,5.136994000000001,4.639438999999999,0.00549,0.355766,0.0,10.168673,1,0,0,128,12,12,FRESH_SELECTED
VUE005,VALIDATION_SEEN_AFTER_V1,2,9.756993,5.122515999999999,4.601228,0.005227000000000001,0.357688,0.0,10.116581,1,0,0,128,12,12,FRESH_SELECTED
VUE005,VALIDATION_SEEN_AFTER_V1,3,9.771347,5.12391,4.614286,0.005066,0.34826999999999997,0.0,10.121614,1,0,0,128,12,12,FRESH_SELECTED
VUE005,VALIDATION_SEEN_AFTER_V1,4,9.787533,5.149864,4.604933000000001,0.00524,0.359065,0.0,10.148638,1,0,0,128,12,12,FRESH_SELECTED
VUE005,VALIDATION_SEEN_AFTER_V1,5,9.809522999999999,5.161226000000001,4.61409,0.005197,0.348194,0.0,10.159866,1,0,0,128,12,12,FRESH_SELECTED
VUE005,VALIDATION_SEEN_AFTER_V1,6,9.800979,5.1385749999999994,4.629694000000001,0.0053029999999999996,0.348995,0.0,10.152154000000001,1,0,0,128,12,12,FRESH_SELECTED
VUE006,VALIDATION_SEEN_AFTER_V1,0,11.002173,5.477086,5.490227,0.006186,0.553772,0.0,11.557917999999999,1,0,0,128,12,12,FRESH_SELECTED
VUE006,VALIDATION_SEEN_AFTER_V1,1,11.009775,5.461786999999999,5.513293000000001,0.006412,0.563323,0.0,11.575254999999999,1,0,0,128,12,12,FRESH_SELECTED
VUE006,VALIDATION_SEEN_AFTER_V1,2,11.002226,5.4588030000000005,5.50828,0.006224,0.56024,0.0,11.564709,1,0,0,128,12,12,FRESH_SELECTED
VUE006,VALIDATION_SEEN_AFTER_V1,3,10.989583,5.469982999999998,5.4857450000000005,0.006367,0.566684,0.0,11.558442,1,0,0,128,12,12,FRESH_SELECTED
VUE006,VALIDATION_SEEN_AFTER_V1,4,10.931677,5.471957,5.424828,0.006452,0.5560620000000001,0.0,11.489649,1,0,0,128,12,12,FRESH_SELECTED
VUE006,VALIDATION_SEEN_AFTER_V1,5,11.031495999999999,5.4689499999999995,5.528198000000001,0.006095,0.562397,0.0,11.59588,1,0,0,128,12,12,FRESH_SELECTED
VUE006,VALIDATION_SEEN_AFTER_V1,6,10.957398,5.457686999999999,5.465292000000001,0.006091,0.551651,0.0,11.510991,1,0,0,128,12,12,FRESH_SELECTED
VUE007,VALIDATION_SEEN_AFTER_V1,0,9.441027,5.046843,4.361720999999999,0.005031,0.34985700000000003,0.0,9.792800999999999,1,0,0,128,12,12,FRESH_SELECTED
VUE007,VALIDATION_SEEN_AFTER_V1,1,9.474831,5.035209,4.4063099999999995,0.00539,0.346254,0.0,9.82311,1,0,0,128,12,12,FRESH_SELECTED
VUE007,VALIDATION_SEEN_AFTER_V1,2,9.476201,5.0413369999999995,4.400913,0.005411,0.347325,0.0,9.825431,1,0,0,128,12,12,FRESH_SELECTED
VUE007,VALIDATION_SEEN_AFTER_V1,3,9.507261,5.043519999999999,4.430395000000001,0.005136999999999999,0.353072,0.0,9.862416,1,0,0,128,12,12,FRESH_SELECTED
VUE007,VALIDATION_SEEN_AFTER_V1,4,9.443501,5.035615,4.375972000000001,0.00487,0.35090899999999997,0.0,9.796427,1,0,0,128,12,12,FRESH_SELECTED
VUE007,VALIDATION_SEEN_AFTER_V1,5,9.496752,5.065334000000001,4.39823,0.005123,0.348859,0.0,9.847823,1,0,0,128,12,12,FRESH_SELECTED
VUE007,VALIDATION_SEEN_AFTER_V1,6,9.501462,5.062048,4.406055,0.005378,0.356448,0.0,9.859950999999999,1,0,0,128,12,12,FRESH_SELECTED
VUE008,VALIDATION_SEEN_AFTER_V1,0,7.857461,5.023754,2.8028139999999997,0.003837,0.379892,0.0,8.239334999999999,1,0,0,128,12,11,FRESH_SELECTED
VUE008,VALIDATION_SEEN_AFTER_V1,1,7.833519,5.02504,2.777665,0.003395,0.38326299999999996,0.0,8.219065,1,0,0,128,12,11,FRESH_SELECTED
VUE008,VALIDATION_SEEN_AFTER_V1,2,7.837988999999999,4.994085999999999,2.8133850000000007,0.003484,0.384319,0.0,8.224694,1,0,0,128,12,11,FRESH_SELECTED
VUE008,VALIDATION_SEEN_AFTER_V1,3,7.8388860000000005,5.006257000000001,2.801268,0.003611,0.380478,0.0,8.221484,1,0,0,128,12,11,FRESH_SELECTED
VUE008,VALIDATION_SEEN_AFTER_V1,4,7.836005,5.010986,2.794182,0.003594,0.379467,0.0,8.217555,1,0,0,128,12,11,FRESH_SELECTED
VUE008,VALIDATION_SEEN_AFTER_V1,5,7.879037,5.039255,2.808464,0.00364,0.389924,0.0,8.271222999999999,1,0,0,128,12,11,FRESH_SELECTED
VUE008,VALIDATION_SEEN_AFTER_V1,6,7.862683,5.034347,2.797313,0.00361,0.38337299999999996,0.0,8.247926999999999,1,0,0,128,12,11,FRESH_SELECTED
VUE009,VALIDATION_SEEN_AFTER_V1,0,15.218384,8.752675000000002,6.434937,0.00022,0.0,27.804862,43.025222,2,1,1,128,12,12,NO_SAFE_PATH
VUE009,VALIDATION_SEEN_AFTER_V1,1,15.214968,8.75693,6.426819,0.000182,0.0,27.798996,43.015833,2,1,1,128,12,12,NO_SAFE_PATH
VUE009,VALIDATION_SEEN_AFTER_V1,2,15.20404,8.744663999999998,6.429672000000002,0.000223,0.0,27.784985,42.990846,2,1,1,128,12,12,NO_SAFE_PATH
VUE009,VALIDATION_SEEN_AFTER_V1,3,15.213878000000001,8.764301,6.40124,0.000232,0.0,27.817259999999997,43.033061000000004,2,1,1,128,12,12,NO_SAFE_PATH
VUE009,VALIDATION_SEEN_AFTER_V1,4,15.247883,8.779018,6.437892,0.000224,0.0,27.840336999999998,43.090085,2,1,1,128,12,12,NO_SAFE_PATH
VUE009,VALIDATION_SEEN_AFTER_V1,5,15.251039,8.77774,6.443231,0.000231,0.0,27.78675,43.039930999999996,2,1,1,128,12,12,NO_SAFE_PATH
VUE009,VALIDATION_SEEN_AFTER_V1,6,15.275409,8.784189,6.460444000000001,0.000402,0.0,27.828013,43.105455,2,1,1,128,12,12,NO_SAFE_PATH
VUE010,VALIDATION_SEEN_AFTER_V1,0,15.546468999999998,9.345659,6.169437,0.000178,0.0,27.383080999999997,42.931483,2,1,1,128,12,12,NO_SAFE_PATH
VUE010,VALIDATION_SEEN_AFTER_V1,1,15.505999,9.341486999999999,6.133289,0.00023,0.0,27.392196,42.90042,2,1,1,128,12,12,NO_SAFE_PATH
VUE010,VALIDATION_SEEN_AFTER_V1,2,15.536620000000001,9.350847,6.1460490000000005,0.000642,0.0,27.450597000000002,42.989292999999996,2,1,1,128,12,12,NO_SAFE_PATH
VUE010,VALIDATION_SEEN_AFTER_V1,3,15.550586,9.364403,6.155454,0.000342,0.0,27.34123,42.89374,2,1,1,128,12,12,NO_SAFE_PATH
VUE010,VALIDATION_SEEN_AFTER_V1,4,15.543014999999999,9.378271,6.134286,0.000223,0.0,27.320947,42.865918,2,1,1,128,12,12,NO_SAFE_PATH
VUE010,VALIDATION_SEEN_AFTER_V1,5,15.554297,9.365300000000001,6.159281999999999,0.000232,0.0,27.37051,42.926663999999995,2,1,1,128,12,12,NO_SAFE_PATH
VUE010,VALIDATION_SEEN_AFTER_V1,6,15.498728,9.353057000000002,6.117081,0.000229,0.0,27.300613000000002,42.801221,2,1,1,128,12,12,NO_SAFE_PATH
VUE011,VALIDATION_SEEN_AFTER_V1,0,20.166261,9.188241,10.943305,0.006328,1.213451,0.0,21.382038,1,0,0,128,12,12,FRESH_SELECTED
VUE011,VALIDATION_SEEN_AFTER_V1,1,20.127067999999998,9.13876,10.953002,0.006309,1.199624,0.0,21.329085,1,0,0,128,12,12,FRESH_SELECTED
VUE011,VALIDATION_SEEN_AFTER_V1,2,20.117508,9.181206000000001,10.90138,0.005849999999999999,1.2165830000000002,0.0,21.336263,1,0,0,128,12,12,FRESH_SELECTED
VUE011,VALIDATION_SEEN_AFTER_V1,3,20.140387,9.134433999999999,10.970891,0.005958,1.20971,0.0,21.352297,1,0,0,128,12,12,FRESH_SELECTED
VUE011,VALIDATION_SEEN_AFTER_V1,4,20.147018,9.174894999999998,10.937277000000002,0.005931,1.2153589999999999,0.0,21.364607,1,0,0,128,12,12,FRESH_SELECTED
VUE011,VALIDATION_SEEN_AFTER_V1,5,20.195869,9.147662,11.013111,0.006162,1.216325,0.0,21.414322,1,0,0,128,12,12,FRESH_SELECTED
VUE011,VALIDATION_SEEN_AFTER_V1,6,20.171236,9.184839999999998,10.952356000000002,0.005730000000000001,1.203527,0.0,21.377023,1,0,0,128,12,12,FRESH_SELECTED
VUE012,VALIDATION_SEEN_AFTER_V1,0,14.931835,9.014461,5.888133,0.000237,0.0,26.247314,41.181126,2,1,1,128,12,12,NO_SAFE_PATH
VUE012,VALIDATION_SEEN_AFTER_V1,1,14.968618000000001,9.031090000000003,5.897780999999999,0.000246,0.0,26.141273,41.111864000000004,2,1,1,128,12,12,NO_SAFE_PATH
VUE012,VALIDATION_SEEN_AFTER_V1,2,14.944183,9.021842000000001,5.892355,0.000177,0.0,26.185309,41.131874,2,1,1,128,12,12,NO_SAFE_PATH
VUE012,VALIDATION_SEEN_AFTER_V1,3,14.832145,9.021518,5.7811650000000006,0.000219,0.0,26.195193,41.029257,2,1,1,128,12,12,NO_SAFE_PATH
VUE012,VALIDATION_SEEN_AFTER_V1,4,14.87514,8.997404000000001,5.849182999999999,0.000248,0.0,26.248990000000003,41.126014000000005,2,1,1,128,12,12,NO_SAFE_PATH
VUE012,VALIDATION_SEEN_AFTER_V1,5,14.896537,9.000620999999999,5.867801,0.000229,0.0,26.085791,40.984078000000004,2,1,1,128,12,12,NO_SAFE_PATH
VUE012,VALIDATION_SEEN_AFTER_V1,6,14.959286,9.022662,5.898401,0.00022700000000000002,0.0,26.101333999999998,41.062547,2,1,1,128,12,12,NO_SAFE_PATH
VUE013,VALIDATION_SEEN_AFTER_V1,0,14.567063000000001,8.529041999999999,6.004373999999999,0.00511,1.2614480000000001,0.0,15.830636,1,0,0,128,12,12,FRESH_SELECTED
VUE013,VALIDATION_SEEN_AFTER_V1,1,14.483321,8.527854999999999,5.922497,0.005019999999999999,1.238748,0.0,15.724196,1,0,0,128,12,12,FRESH_SELECTED
VUE013,VALIDATION_SEEN_AFTER_V1,2,14.51429,8.504541999999999,5.977898,0.004811,1.248188,0.0,15.764610000000001,1,0,0,128,12,12,FRESH_SELECTED
VUE013,VALIDATION_SEEN_AFTER_V1,3,14.469995,8.507809,5.928971,0.004921999999999999,1.247193,0.0,15.719108,1,0,0,128,12,12,FRESH_SELECTED
VUE013,VALIDATION_SEEN_AFTER_V1,4,14.5121,8.542250999999998,5.936974,0.004851,1.238346,0.0,15.752524,1,0,0,128,12,12,FRESH_SELECTED
VUE013,VALIDATION_SEEN_AFTER_V1,5,14.518976,8.524519,5.961759999999999,0.005018,1.252509,0.0,15.773466,1,0,0,128,12,12,FRESH_SELECTED
VUE013,VALIDATION_SEEN_AFTER_V1,6,14.504466,8.523429,5.948335,0.0049299999999999995,1.253932,0.0,15.760352999999999,1,0,0,128,12,12,FRESH_SELECTED
VUE014,VALIDATION_SEEN_AFTER_V1,0,18.515009999999997,9.232398,9.251938,0.000217,0.0,36.039004999999996,54.556049,2,1,1,128,12,12,NO_SAFE_PATH
VUE014,VALIDATION_SEEN_AFTER_V1,1,18.496058,9.232545,9.232588,0.000242,0.0,36.171958,54.670125,2,1,1,128,12,12,NO_SAFE_PATH
VUE014,VALIDATION_SEEN_AFTER_V1,2,18.456564,9.185467,9.240638000000002,0.00023999999999999998,0.0,36.127719,54.586180999999996,2,1,1,128,12,12,NO_SAFE_PATH
VUE014,VALIDATION_SEEN_AFTER_V1,3,18.431732,9.200415999999999,9.200876000000001,0.000244,0.0,36.172091,54.605804,2,1,1,128,12,12,NO_SAFE_PATH
VUE014,VALIDATION_SEEN_AFTER_V1,4,18.468544,9.225477999999999,9.212412,0.000342,0.0,36.085966,54.556417,2,1,1,128,12,12,NO_SAFE_PATH
VUE014,VALIDATION_SEEN_AFTER_V1,5,18.491880000000002,9.230586,9.233251999999998,0.000247,0.0,36.131330999999996,54.625367,2,1,1,128,12,12,NO_SAFE_PATH
VUE014,VALIDATION_SEEN_AFTER_V1,6,18.468519,9.212669999999997,9.226611,0.000246,0.0,36.13501,54.605446,2,1,1,128,12,12,NO_SAFE_PATH
VUE015,VALIDATION_SEEN_AFTER_V1,0,7.617835,5.340617000000001,2.248368,0.000182,0.0,11.652206,19.271649,2,1,1,128,12,12,NO_SAFE_PATH
VUE015,VALIDATION_SEEN_AFTER_V1,1,7.606743000000001,5.318313000000001,2.2604339999999996,0.000245,0.0,11.579387,19.187724999999997,2,1,1,128,12,12,NO_SAFE_PATH
VUE015,VALIDATION_SEEN_AFTER_V1,2,7.578544,5.325695,2.2152459999999996,0.000224,0.0,11.599311,19.179491000000002,2,1,1,128,12,12,NO_SAFE_PATH
VUE015,VALIDATION_SEEN_AFTER_V1,3,7.619807,5.334338,2.257315,0.000221,0.0,11.611367,19.23288,2,1,1,128,12,12,NO_SAFE_PATH
VUE015,VALIDATION_SEEN_AFTER_V1,4,7.589417,5.303888,2.2574259999999997,0.000235,0.0,11.604676999999999,19.195752,2,1,1,128,12,12,NO_SAFE_PATH
VUE015,VALIDATION_SEEN_AFTER_V1,5,7.61401,5.329761,2.237996,0.000236,0.0,11.609904,19.225585,2,1,1,128,12,12,NO_SAFE_PATH
VUE015,VALIDATION_SEEN_AFTER_V1,6,7.660069999999999,5.342689,2.2882179999999996,0.000187,0.0,11.610031000000001,19.27183,2,1,1,128,12,12,NO_SAFE_PATH
VUE016,VALIDATION_SEEN_AFTER_V1,0,8.96659,5.959878000000002,2.9787619999999997,0.000221,0.0,14.445869,23.414337,2,1,1,128,12,12,NO_SAFE_PATH
VUE016,VALIDATION_SEEN_AFTER_V1,1,8.897706,5.9510309999999995,2.9179579999999996,0.000221,0.0,14.477691,23.37722,2,1,1,128,12,12,NO_SAFE_PATH
VUE016,VALIDATION_SEEN_AFTER_V1,2,8.956946,5.960123999999999,2.9690000000000003,0.000265,0.0,14.514802,23.473595,2,1,1,128,12,12,NO_SAFE_PATH
VUE016,VALIDATION_SEEN_AFTER_V1,3,8.993162,5.95601,3.010283,0.000231,0.0,14.442012,23.437030999999998,2,1,1,128,12,12,NO_SAFE_PATH
VUE016,VALIDATION_SEEN_AFTER_V1,4,8.957711,5.948677,2.980531,0.000229,0.0,14.467967,23.427569,2,1,1,128,12,12,NO_SAFE_PATH
VUE016,VALIDATION_SEEN_AFTER_V1,5,8.948497999999999,5.9187579999999995,2.9974840000000005,0.00023400000000000002,0.0,14.514849,23.46501,2,1,1,128,12,12,NO_SAFE_PATH
VUE016,VALIDATION_SEEN_AFTER_V1,6,8.969995999999998,5.972182999999999,2.969688,0.000225,0.0,14.405156999999999,23.376763999999998,2,1,1,128,12,12,NO_SAFE_PATH
VUE017,VALIDATION_SEEN_AFTER_V1,0,6.336652,4.747948,1.5612409999999999,0.00021799999999999999,0.0,9.307538000000001,15.645687,2,1,1,128,12,12,NO_SAFE_PATH
VUE017,VALIDATION_SEEN_AFTER_V1,1,6.345720999999999,4.773264,1.5453899999999998,0.000228,0.0,9.284252,15.631509,2,1,1,128,12,12,NO_SAFE_PATH
VUE017,VALIDATION_SEEN_AFTER_V1,2,6.341906,4.747093,1.5665859999999998,0.000229,0.0,9.27901,15.622406000000002,2,1,1,128,12,12,NO_SAFE_PATH
VUE017,VALIDATION_SEEN_AFTER_V1,3,6.341421,4.729535,1.583844,0.00022700000000000002,0.0,9.235736999999999,15.578871999999999,2,1,1,128,12,12,NO_SAFE_PATH
VUE017,VALIDATION_SEEN_AFTER_V1,4,6.3360959999999995,4.727062000000001,1.5800800000000002,0.00023,0.0,9.265262,15.603254999999999,2,1,1,128,12,12,NO_SAFE_PATH
VUE017,VALIDATION_SEEN_AFTER_V1,5,6.351221,4.7719,1.5506980000000001,0.000255,0.0,9.300261,15.653338,2,1,1,128,12,12,NO_SAFE_PATH
VUE017,VALIDATION_SEEN_AFTER_V1,6,6.332876000000001,4.736858,1.5680509999999996,0.000215,0.0,9.260751,15.595355999999999,2,1,1,128,12,12,NO_SAFE_PATH
VUE018,VALIDATION_SEEN_AFTER_V1,0,17.205491000000002,8.133388000000002,9.040057999999998,0.003791,0.270061,0.0,17.477743999999998,1,0,0,128,12,12,FRESH_SELECTED
VUE018,VALIDATION_SEEN_AFTER_V1,1,17.225283,8.126256000000001,9.066586,0.0036810000000000002,0.27575700000000003,0.0,17.503145,1,0,0,128,12,12,FRESH_SELECTED
VUE018,VALIDATION_SEEN_AFTER_V1,2,17.266993,8.144888000000002,9.089315999999998,0.003494,0.265296,0.0,17.53434,1,0,0,128,12,12,FRESH_SELECTED
VUE018,VALIDATION_SEEN_AFTER_V1,3,17.219549,8.164314,9.015694000000002,0.004026,0.266924,0.0,17.488847,1,0,0,128,12,12,FRESH_SELECTED
VUE018,VALIDATION_SEEN_AFTER_V1,4,17.24415,8.151352000000001,9.061222999999998,0.003762,0.275839,0.0,17.522157,1,0,0,128,12,12,FRESH_SELECTED
VUE018,VALIDATION_SEEN_AFTER_V1,5,17.27065,8.148241999999998,9.085742,0.003654,0.264138,0.0,17.536846,1,0,0,128,12,12,FRESH_SELECTED
VUE018,VALIDATION_SEEN_AFTER_V1,6,17.206281999999998,8.145750999999999,9.028017,0.003834,0.265226,0.0,17.473544999999998,1,0,0,128,12,12,FRESH_SELECTED
VUE019,VALIDATION_SEEN_AFTER_V1,0,14.748189,9.221374999999998,5.496462,0.000262,0.0,25.443166,40.193183,2,1,1,128,12,12,NO_SAFE_PATH
VUE019,VALIDATION_SEEN_AFTER_V1,1,14.787666,9.219106,5.538124,0.000231,0.0,25.452766,40.242109,2,1,1,128,12,12,NO_SAFE_PATH
VUE019,VALIDATION_SEEN_AFTER_V1,2,14.809901,9.187408999999999,5.591213000000001,0.00023400000000000002,0.0,25.553928,40.365787,2,1,1,128,12,12,NO_SAFE_PATH
VUE019,VALIDATION_SEEN_AFTER_V1,3,14.771809,9.222526000000002,5.519397999999999,0.00022,0.0,25.564016,40.337585,2,1,1,128,12,12,NO_SAFE_PATH
VUE019,VALIDATION_SEEN_AFTER_V1,4,14.794096999999999,9.192867999999997,5.5703960000000015,0.000368,0.0,25.603047999999998,40.398967,2,1,1,128,12,12,NO_SAFE_PATH
VUE019,VALIDATION_SEEN_AFTER_V1,5,14.8018,9.239649000000002,5.530907999999999,0.00034,0.0,25.602146,40.40575,2,1,1,128,12,12,NO_SAFE_PATH
VUE019,VALIDATION_SEEN_AFTER_V1,6,14.739525,9.171888999999998,5.536586000000001,0.000408,0.0,25.417617,40.159085,2,1,1,128,12,12,NO_SAFE_PATH
VUE020,VALIDATION_SEEN_AFTER_V1,0,12.445312,7.682397,4.730711,0.003992,0.218443,0.0,12.665775,1,0,0,128,12,12,FRESH_SELECTED
VUE020,VALIDATION_SEEN_AFTER_V1,1,12.447318,7.704786,4.709949000000001,0.00382,0.21375899999999998,0.0,12.663156,1,0,0,128,12,12,FRESH_SELECTED
VUE020,VALIDATION_SEEN_AFTER_V1,2,12.434059,7.7176800000000005,4.684698999999999,0.004024,0.211638,0.0,12.647841,1,0,0,128,12,12,FRESH_SELECTED
VUE020,VALIDATION_SEEN_AFTER_V1,3,12.489225000000001,7.727006,4.730136,0.004114,0.221916,0.0,12.713082,1,0,0,128,12,12,FRESH_SELECTED
VUE020,VALIDATION_SEEN_AFTER_V1,4,12.422381999999999,7.681122000000001,4.709257,0.00391,0.210979,0.0,12.635637000000001,1,0,0,128,12,12,FRESH_SELECTED
VUE020,VALIDATION_SEEN_AFTER_V1,5,12.427117,7.676338,4.718162,0.0038079999999999998,0.214995,0.0,12.644123,1,0,0,128,12,12,FRESH_SELECTED
VUE020,VALIDATION_SEEN_AFTER_V1,6,12.460045000000001,7.718266,4.709645999999999,0.003944,0.217857,0.0,12.679911,1,0,0,128,12,12,FRESH_SELECTED
VUE021,VALIDATION_SEEN_AFTER_V1,0,9.801927,6.582172000000001,3.1910499999999997,0.00023,0.0,15.743796,25.547428,2,1,1,128,12,12,NO_SAFE_PATH
VUE021,VALIDATION_SEEN_AFTER_V1,1,9.778106,6.582424999999998,3.1667090000000004,0.000462,0.0,15.697484000000001,25.477518,2,1,1,128,12,12,NO_SAFE_PATH
VUE021,VALIDATION_SEEN_AFTER_V1,2,9.793203,6.589496000000001,3.1734979999999995,0.000224,0.0,15.698897,25.493883999999998,2,1,1,128,12,12,NO_SAFE_PATH
VUE021,VALIDATION_SEEN_AFTER_V1,3,9.831854,6.5960420000000015,3.20537,0.00022600000000000002,0.0,15.724593,25.558352,2,1,1,128,12,12,NO_SAFE_PATH
VUE021,VALIDATION_SEEN_AFTER_V1,4,9.782834999999999,6.594741,3.1583100000000006,0.00022700000000000002,0.0,15.728169,25.51277,2,1,1,128,12,12,NO_SAFE_PATH
VUE021,VALIDATION_SEEN_AFTER_V1,5,9.780954,6.590271999999999,3.160326,0.000228,0.0,15.734751000000001,25.517434,2,1,1,128,12,12,NO_SAFE_PATH
VUE021,VALIDATION_SEEN_AFTER_V1,6,9.776117000000001,6.591723,3.1545349999999996,0.00027600000000000004,0.0,15.732569,25.5103,2,1,1,128,12,12,NO_SAFE_PATH
VUE022,VALIDATION_SEEN_AFTER_V1,0,5.929774,4.2400329999999995,1.662315,0.000205,0.0,8.634129000000001,14.565431,2,1,1,128,12,12,NO_SAFE_PATH
VUE022,VALIDATION_SEEN_AFTER_V1,1,5.8561499999999995,4.155812,1.674088,0.000194,0.0,8.713742,14.571313,2,1,1,128,12,12,NO_SAFE_PATH
VUE022,VALIDATION_SEEN_AFTER_V1,2,5.761738,4.1141820000000004,1.620922,0.000177,0.0,8.588104999999999,14.351259,2,1,1,128,12,12,NO_SAFE_PATH
VUE022,VALIDATION_SEEN_AFTER_V1,3,5.8539840000000005,4.181403,1.6457659999999998,0.000212,0.0,8.71911,14.574678,2,1,1,128,12,12,NO_SAFE_PATH
VUE022,VALIDATION_SEEN_AFTER_V1,4,5.7966109999999995,4.108781,1.6603700000000001,0.000228,0.0,8.618232,14.416215,2,1,1,128,12,12,NO_SAFE_PATH
VUE022,VALIDATION_SEEN_AFTER_V1,5,5.833276,4.172388999999999,1.6335350000000004,0.000186,0.0,8.584636,14.419399,2,1,1,128,12,12,NO_SAFE_PATH
VUE022,VALIDATION_SEEN_AFTER_V1,6,5.8652809999999995,4.180538,1.657798,0.000179,0.0,8.65825,14.525146000000001,2,1,1,128,12,12,NO_SAFE_PATH
VUE023,VALIDATION_SEEN_AFTER_V1,0,10.182568999999999,5.442678000000001,4.7069399999999995,0.005626,0.342008,0.0,10.526617,1,0,0,128,12,11,FRESH_SELECTED
VUE023,VALIDATION_SEEN_AFTER_V1,1,10.18372,5.473821999999998,4.675432000000001,0.005581,0.342632,0.0,10.528587,1,0,0,128,12,11,FRESH_SELECTED
VUE023,VALIDATION_SEEN_AFTER_V1,2,10.144776,5.454530999999999,4.657818,0.005488000000000001,0.35063799999999995,0.0,10.497525,1,0,0,128,12,11,FRESH_SELECTED
VUE023,VALIDATION_SEEN_AFTER_V1,3,10.15052,5.464580999999999,4.653207,0.005622,0.343674,0.0,10.496253000000001,1,0,0,128,12,11,FRESH_SELECTED
VUE023,VALIDATION_SEEN_AFTER_V1,4,10.171029,5.456305999999999,4.680835000000001,0.005795,0.344883,0.0,10.517958,1,0,0,128,12,11,FRESH_SELECTED
VUE023,VALIDATION_SEEN_AFTER_V1,5,10.156272999999999,5.445406,4.677702,0.005634,0.35445,0.0,10.512775,1,0,0,128,12,11,FRESH_SELECTED
VUE023,VALIDATION_SEEN_AFTER_V1,6,10.183242,5.440220999999999,4.7097809999999996,0.0052190000000000005,0.342508,0.0,10.527761,1,0,0,128,12,11,FRESH_SELECTED
VUE024,VALIDATION_SEEN_AFTER_V1,0,10.93904,5.554709,5.349856,0.005827,0.341283,0.0,11.282283,1,0,0,128,12,12,FRESH_SELECTED
VUE024,VALIDATION_SEEN_AFTER_V1,1,10.930453,5.536400999999999,5.3612340000000005,0.005426,0.340796,0.0,11.273198,1,0,0,128,12,12,FRESH_SELECTED
VUE024,VALIDATION_SEEN_AFTER_V1,2,10.911573,5.527298,5.351896000000001,0.005101,0.340168,0.0,11.253706,1,0,0,128,12,12,FRESH_SELECTED
VUE024,VALIDATION_SEEN_AFTER_V1,3,10.937022,5.548862999999998,5.3551020000000005,0.005265,0.34652499999999997,0.0,11.285450999999998,1,0,0,128,12,12,FRESH_SELECTED
VUE024,VALIDATION_SEEN_AFTER_V1,4,10.942446,5.553775000000001,5.356228999999999,0.0050490000000000005,0.34268,0.0,11.287204,1,0,0,128,12,12,FRESH_SELECTED
VUE024,VALIDATION_SEEN_AFTER_V1,5,10.935153,5.572008000000002,5.330038999999998,0.005365,0.341957,0.0,11.27924,1,0,0,128,12,12,FRESH_SELECTED
VUE024,VALIDATION_SEEN_AFTER_V1,6,10.877108,5.547718999999999,5.297729,0.005167,0.349284,0.0,11.228424,1,0,0,128,12,12,FRESH_SELECTED
VUE025,VALIDATION_SEEN_AFTER_V1,0,10.367337,6.5164550000000006,3.818214999999999,0.00442,0.706795,0.0,11.076381,1,0,0,128,12,12,FRESH_SELECTED
VUE025,VALIDATION_SEEN_AFTER_V1,1,10.393419,6.497382,3.8620259999999997,0.004866,0.701462,0.0,11.097056,1,0,0,128,12,12,FRESH_SELECTED
VUE025,VALIDATION_SEEN_AFTER_V1,2,10.390657,6.527905,3.829116,0.004575,0.712746,0.0,11.105444,1,0,0,128,12,12,FRESH_SELECTED
VUE025,VALIDATION_SEEN_AFTER_V1,3,10.385459,6.509599000000001,3.842197,0.00483,0.6988840000000001,0.0,11.086565,1,0,0,128,12,12,FRESH_SELECTED
VUE025,VALIDATION_SEEN_AFTER_V1,4,10.416245,6.514911999999999,3.867951,0.004642,0.693068,0.0,11.111393,1,0,0,128,12,12,FRESH_SELECTED
VUE025,VALIDATION_SEEN_AFTER_V1,5,10.373956,6.485328000000001,3.8552879999999994,0.004739,0.701111,0.0,11.077399999999999,1,0,0,128,12,12,FRESH_SELECTED
VUE025,VALIDATION_SEEN_AFTER_V1,6,10.430862999999999,6.527209000000001,3.8700429999999995,0.004507,0.7068479999999999,0.0,11.139794,1,0,0,128,12,12,FRESH_SELECTED
VUE026,VALIDATION_SEEN_AFTER_V1,0,6.458889,4.691061,1.738094,0.003182,0.171828,0.0,6.63286,1,0,0,128,12,11,FRESH_SELECTED
VUE026,VALIDATION_SEEN_AFTER_V1,1,6.479822,4.690004,1.759383,0.003064,0.17235,0.0,6.654236,1,0,0,128,12,11,FRESH_SELECTED
VUE026,VALIDATION_SEEN_AFTER_V1,2,6.45446,4.676041,1.747523,0.003162,0.180136,0.0,6.636664,1,0,0,128,12,11,FRESH_SELECTED
VUE026,VALIDATION_SEEN_AFTER_V1,3,6.487271,4.689970000000001,1.767022,0.002991,0.170765,0.0,6.660156,1,0,0,128,12,11,FRESH_SELECTED
VUE026,VALIDATION_SEEN_AFTER_V1,4,6.432412,4.677913999999999,1.7248340000000002,0.003072,0.17025800000000002,0.0,6.604764,1,0,0,128,12,11,FRESH_SELECTED
VUE026,VALIDATION_SEEN_AFTER_V1,5,6.503884,4.699973000000001,1.772356,0.003128,0.17040799999999998,0.0,6.6762060000000005,1,0,0,128,12,11,FRESH_SELECTED
VUE026,VALIDATION_SEEN_AFTER_V1,6,6.421315,4.679857,1.7121480000000004,0.002999,0.170623,0.0,6.594231,1,0,0,128,12,11,FRESH_SELECTED
VUE027,VALIDATION_SEEN_AFTER_V1,0,9.781462,5.639776,4.110239,0.0052450000000000005,0.350992,0.0,10.134538000000001,1,0,0,128,12,10,FRESH_SELECTED
VUE027,VALIDATION_SEEN_AFTER_V1,1,9.794473,5.637482,4.123779000000001,0.005313,0.350824,0.0,10.147343000000001,1,0,0,128,12,10,FRESH_SELECTED
VUE027,VALIDATION_SEEN_AFTER_V1,2,9.785506,5.618747999999999,4.135873999999999,0.004618000000000001,0.343303,0.0,10.130869,1,0,0,128,12,10,FRESH_SELECTED
VUE027,VALIDATION_SEEN_AFTER_V1,3,9.767472,5.631970999999998,4.105014,0.004395,0.341997,0.0,10.111553,1,0,0,128,12,10,FRESH_SELECTED
VUE027,VALIDATION_SEEN_AFTER_V1,4,9.775706,5.6546720000000015,4.089818,0.005156,0.342608,0.0,10.120367,1,0,0,128,12,10,FRESH_SELECTED
VUE027,VALIDATION_SEEN_AFTER_V1,5,9.758376,5.612841,4.1159229999999996,0.0045839999999999995,0.350059,0.0,10.110482,1,0,0,128,12,10,FRESH_SELECTED
VUE027,VALIDATION_SEEN_AFTER_V1,6,9.782888000000002,5.634631000000001,4.116272,0.005293,0.341908,0.0,10.126753,1,0,0,128,12,10,FRESH_SELECTED
VUE028,VALIDATION_SEEN_AFTER_V1,0,10.157568999999999,5.456759999999998,4.6575190000000015,0.01431,0.349479,0.0,10.50911,1,0,0,128,12,12,FRESH_SELECTED
VUE028,VALIDATION_SEEN_AFTER_V1,1,10.167629000000002,5.453602,4.680719,0.005554,0.360371,0.0,10.530202,1,0,0,128,12,12,FRESH_SELECTED
VUE028,VALIDATION_SEEN_AFTER_V1,2,10.148859,5.462345,4.652552,0.005399,0.351914,0.0,10.502949000000001,1,0,0,128,12,12,FRESH_SELECTED
VUE028,VALIDATION_SEEN_AFTER_V1,3,10.151373,5.464109000000001,4.653776,0.005601,0.35600299999999996,0.0,10.509634,1,0,0,128,12,12,FRESH_SELECTED
VUE028,VALIDATION_SEEN_AFTER_V1,4,10.170596,5.449181999999999,4.688262000000001,0.005882,0.349205,0.0,10.521811,1,0,0,128,12,12,FRESH_SELECTED
VUE028,VALIDATION_SEEN_AFTER_V1,5,10.177569,5.494211999999999,4.6492070000000005,0.005652,0.356336,0.0,10.536114,1,0,0,128,12,12,FRESH_SELECTED
VUE028,VALIDATION_SEEN_AFTER_V1,6,10.103804,5.470029,4.6003549999999995,0.005268,0.353207,0.0,10.459244,1,0,0,128,12,12,FRESH_SELECTED
VUE029,VALIDATION_SEEN_AFTER_V1,0,7.62039,5.280397000000001,2.3109029999999997,0.000258,0.0,11.990003,19.612003,2,1,1,128,12,12,NO_SAFE_PATH
VUE029,VALIDATION_SEEN_AFTER_V1,1,7.660079,5.283354999999999,2.348934,0.000232,0.0,12.029763999999998,19.69164,2,1,1,128,12,12,NO_SAFE_PATH
VUE029,VALIDATION_SEEN_AFTER_V1,2,7.71304,5.303617999999999,2.3811230000000005,0.00021799999999999999,0.0,11.939264999999999,19.653945,2,1,1,128,12,12,NO_SAFE_PATH
VUE029,VALIDATION_SEEN_AFTER_V1,3,7.669587000000001,5.266903,2.3753130000000002,0.000244,0.0,11.996782,19.668118,2,1,1,128,12,12,NO_SAFE_PATH
VUE029,VALIDATION_SEEN_AFTER_V1,4,7.625692,5.2640970000000005,2.33301,0.000229,0.0,12.039285,19.666502,2,1,1,128,12,12,NO_SAFE_PATH
VUE029,VALIDATION_SEEN_AFTER_V1,5,7.679697,5.274598,2.377184,0.000228,0.0,11.966708,19.648034,2,1,1,128,12,12,NO_SAFE_PATH
VUE029,VALIDATION_SEEN_AFTER_V1,6,7.670813,5.310319,2.331958,0.00026000000000000003,0.0,12.011913,19.684686000000003,2,1,1,128,12,12,NO_SAFE_PATH
VUE030,VALIDATION_SEEN_AFTER_V1,0,8.994572,5.036600999999999,3.924375000000001,0.00598,0.565995,0.0,9.5628,1,0,0,128,12,12,FRESH_SELECTED
VUE030,VALIDATION_SEEN_AFTER_V1,1,9.031914,5.038913000000001,3.9591849999999997,0.006063,0.55911,0.0,9.593185,1,0,0,128,12,12,FRESH_SELECTED
VUE030,VALIDATION_SEEN_AFTER_V1,2,9.049599,5.055261,3.951034,0.005969,0.560434,0.0,9.612079,1,0,0,128,12,12,FRESH_SELECTED
VUE030,VALIDATION_SEEN_AFTER_V1,3,9.004296,5.070209,3.900232,0.005827,0.567557,0.0,9.574165,1,0,0,128,12,12,FRESH_SELECTED
VUE030,VALIDATION_SEEN_AFTER_V1,4,8.938493000000001,5.051234000000001,3.852267,0.0059050000000000005,0.555939,0.0,9.496518,1,0,0,128,12,12,FRESH_SELECTED
VUE030,VALIDATION_SEEN_AFTER_V1,5,9.001505,5.028784,3.938611,0.005756,0.5585789999999999,0.0,9.562218000000001,1,0,0,128,12,12,FRESH_SELECTED
VUE030,VALIDATION_SEEN_AFTER_V1,6,9.024859000000001,5.0574200000000005,3.932802,0.005793,0.56551,0.0,9.59259,1,0,0,128,12,12,FRESH_SELECTED
VUE031,VALIDATION_SEEN_AFTER_V1,0,9.407767,5.992468999999999,3.3876710000000005,0.000216,0.0,15.676179,25.085347000000002,2,1,1,128,12,12,NO_SAFE_PATH
VUE031,VALIDATION_SEEN_AFTER_V1,1,9.296808,5.991436,3.277542,0.00022600000000000002,0.0,15.62515,24.923554,2,1,1,128,12,12,NO_SAFE_PATH
VUE031,VALIDATION_SEEN_AFTER_V1,2,9.393754000000001,6.000655,3.3641620000000003,0.000309,0.0,15.657081,25.052519,2,1,1,128,12,12,NO_SAFE_PATH
VUE031,VALIDATION_SEEN_AFTER_V1,3,9.392622,5.969127,3.3954850000000003,0.000231,0.0,15.624173,25.018244,2,1,1,128,12,12,NO_SAFE_PATH
VUE031,VALIDATION_SEEN_AFTER_V1,4,9.377636,5.989807000000001,3.360498,0.000225,0.0,15.791825000000001,25.171049,2,1,1,128,12,12,NO_SAFE_PATH
VUE031,VALIDATION_SEEN_AFTER_V1,5,9.314713,6.015404999999999,3.271465,0.00023400000000000002,0.0,15.598441999999999,24.914690999999998,2,1,1,128,12,12,NO_SAFE_PATH
VUE031,VALIDATION_SEEN_AFTER_V1,6,9.282127000000001,5.998456,3.2561269999999993,0.000246,0.0,15.716866,25.000588,2,1,1,128,12,12,NO_SAFE_PATH
VUE032,VALIDATION_SEEN_AFTER_V1,0,7.192024999999999,4.373627,2.7868660000000003,0.004065,0.397962,0.0,7.5919799999999995,1,0,0,128,12,12,FRESH_SELECTED
VUE032,VALIDATION_SEEN_AFTER_V1,1,7.2034139999999995,4.374567,2.7974680000000007,0.004355,0.39714499999999997,0.0,7.602594,1,0,0,128,12,12,FRESH_SELECTED
VUE032,VALIDATION_SEEN_AFTER_V1,2,7.143971,4.374859000000001,2.738303999999999,0.003885,0.40756400000000004,0.0,7.553636,1,0,0,128,12,12,FRESH_SELECTED
VUE032,VALIDATION_SEEN_AFTER_V1,3,7.033846,4.357816,2.645844,0.004153,0.39456,0.0,7.430497,1,0,0,128,12,12,FRESH_SELECTED
VUE032,VALIDATION_SEEN_AFTER_V1,4,7.220476,4.390379,2.7989489999999995,0.004198,0.39995299999999995,0.0,7.6224099999999995,1,0,0,128,12,12,FRESH_SELECTED
VUE032,VALIDATION_SEEN_AFTER_V1,5,7.206032,4.374294,2.791686,0.004243,0.39846699999999996,0.0,7.606539,1,0,0,128,12,12,FRESH_SELECTED
VUE032,VALIDATION_SEEN_AFTER_V1,6,7.204938,4.365163,2.8090970000000004,0.004093,0.405757,0.0,7.612717,1,0,0,128,12,12,FRESH_SELECTED
VUE033,VALIDATION_SEEN_AFTER_V1,0,6.7919030000000005,4.66492,2.094125,0.004301999999999999,0.417888,0.0,7.211945,1,0,0,128,12,12,FRESH_SELECTED
VUE033,VALIDATION_SEEN_AFTER_V1,1,6.7402820000000006,4.638048,2.0696369999999997,0.004022,0.41918700000000003,0.0,7.1615150000000005,1,0,0,128,12,12,FRESH_SELECTED
VUE033,VALIDATION_SEEN_AFTER_V1,2,6.7516989999999995,4.6695079999999995,2.0504810000000004,0.004019999999999999,0.392385,0.0,7.145986,1,0,0,128,12,12,FRESH_SELECTED
VUE033,VALIDATION_SEEN_AFTER_V1,3,6.782989,4.648985000000001,2.101757,0.004267,0.40516599999999997,0.0,7.190328999999999,1,0,0,128,12,12,FRESH_SELECTED
VUE033,VALIDATION_SEEN_AFTER_V1,4,6.813617,4.655649,2.1259539999999997,0.0038250000000000003,0.420708,0.0,7.236406,1,0,0,128,12,12,FRESH_SELECTED
VUE033,VALIDATION_SEEN_AFTER_V1,5,6.787529999999999,4.639812000000001,2.115085,0.004096,0.403283,0.0,7.192862,1,0,0,128,12,12,FRESH_SELECTED
VUE033,VALIDATION_SEEN_AFTER_V1,6,6.798181,4.653926,2.111626,0.0041459999999999995,0.409472,0.0,7.209609,1,0,0,128,12,12,FRESH_SELECTED
VUE034,VALIDATION_SEEN_AFTER_V1,0,5.952825,4.39279,1.525611,0.004533000000000001,0.163888,0.0,6.118605,1,0,0,128,12,12,FRESH_SELECTED
VUE034,VALIDATION_SEEN_AFTER_V1,1,5.956399,4.384264999999999,1.539074,0.004779,0.163325,0.0,6.121681,1,0,0,128,12,12,FRESH_SELECTED
VUE034,VALIDATION_SEEN_AFTER_V1,2,5.886424,4.368282,1.4859870000000002,0.0042510000000000004,0.17060499999999998,0.0,6.0589260000000005,1,0,0,128,12,12,FRESH_SELECTED
VUE034,VALIDATION_SEEN_AFTER_V1,3,5.905568000000001,4.358976,1.51399,0.004369,0.16381800000000002,0.0,6.071434,1,0,0,128,12,12,FRESH_SELECTED
VUE034,VALIDATION_SEEN_AFTER_V1,4,5.944502000000001,4.373158999999999,1.537965,0.004714,0.163949,0.0,6.110611,1,0,0,128,12,12,FRESH_SELECTED
VUE034,VALIDATION_SEEN_AFTER_V1,5,5.9533890000000005,4.389082,1.5308149999999998,0.00426,0.16431700000000002,0.0,6.119719,1,0,0,128,12,12,FRESH_SELECTED
VUE034,VALIDATION_SEEN_AFTER_V1,6,5.875269,4.354177,1.4896299999999998,0.00422,0.16353299999999998,0.0,6.040855,1,0,0,128,12,12,FRESH_SELECTED
VUE035,VALIDATION_SEEN_AFTER_V1,0,5.748416,4.499535,1.2212539999999998,0.000178,0.0,8.060411,13.810353,2,1,1,128,12,12,NO_SAFE_PATH
VUE035,VALIDATION_SEEN_AFTER_V1,1,5.755323000000001,4.510953000000001,1.216302,0.00018099999999999998,0.0,8.051638,13.808556000000001,2,1,1,128,12,12,NO_SAFE_PATH
VUE035,VALIDATION_SEEN_AFTER_V1,2,5.798796,4.540838,1.2303499999999998,0.000179,0.0,8.111988,13.912282,2,1,1,128,12,12,NO_SAFE_PATH
VUE035,VALIDATION_SEEN_AFTER_V1,3,5.717390999999999,4.485345000000001,1.204393,0.000179,0.0,8.096288,13.815316999999999,2,1,1,128,12,12,NO_SAFE_PATH
VUE035,VALIDATION_SEEN_AFTER_V1,4,5.7452,4.525857,1.192502,0.000186,0.0,8.071378,13.818040000000002,2,1,1,128,12,12,NO_SAFE_PATH
VUE035,VALIDATION_SEEN_AFTER_V1,5,5.757331,4.506195000000001,1.2232530000000001,0.00021799999999999999,0.0,8.094173,13.853024999999999,2,1,1,128,12,12,NO_SAFE_PATH
VUE035,VALIDATION_SEEN_AFTER_V1,6,5.782043,4.529508,1.2242830000000002,0.000183,0.0,8.108866,13.892398,2,1,1,128,12,12,NO_SAFE_PATH
VUE036,VALIDATION_SEEN_AFTER_V1,0,9.840973,5.568168000000002,4.2385019999999995,0.005333,0.570649,0.0,10.413742000000001,1,0,0,128,12,12,FRESH_SELECTED
VUE036,VALIDATION_SEEN_AFTER_V1,1,9.779432,5.546765000000001,4.199648999999999,0.005271,0.561481,0.0,10.343148999999999,1,0,0,128,12,12,FRESH_SELECTED
VUE036,VALIDATION_SEEN_AFTER_V1,2,9.800847,5.559875999999999,4.207971000000001,0.005404,0.573437,0.0,10.37647,1,0,0,128,12,12,FRESH_SELECTED
VUE036,VALIDATION_SEEN_AFTER_V1,3,9.832402,5.565807,4.233503,0.005235,0.5647190000000001,0.0,10.399233,1,0,0,128,12,12,FRESH_SELECTED
VUE036,VALIDATION_SEEN_AFTER_V1,4,9.7432,5.545077999999999,4.164197000000001,0.005407,0.567367,0.0,10.312582,1,0,0,128,12,12,FRESH_SELECTED
VUE036,VALIDATION_SEEN_AFTER_V1,5,9.834496,5.560779999999999,4.240919000000001,0.00525,0.563081,0.0,10.399713,1,0,0,128,12,12,FRESH_SELECTED
VUE036,VALIDATION_SEEN_AFTER_V1,6,9.793493,5.551415,4.208456999999999,0.005325,0.57304,0.0,10.368775,1,0,0,128,12,12,FRESH_SELECTED
VUE037,VALIDATION_SEEN_AFTER_V1,0,8.182618999999999,5.531308,2.6233489999999997,0.000202,0.0,13.02675,21.211274,2,1,1,128,12,12,NO_SAFE_PATH
VUE037,VALIDATION_SEEN_AFTER_V1,1,8.200610000000001,5.530176999999998,2.6415590000000004,0.00022700000000000002,0.0,13.021035,21.223613,2,1,1,128,12,12,NO_SAFE_PATH
VUE037,VALIDATION_SEEN_AFTER_V1,2,8.142645,5.511559,2.6026079999999996,0.000176,0.0,12.998376,21.143104,2,1,1,128,12,12,NO_SAFE_PATH
VUE037,VALIDATION_SEEN_AFTER_V1,3,8.222145000000001,5.516129,2.675708,0.000185,0.0,12.985785,21.209777,2,1,1,128,12,12,NO_SAFE_PATH
VUE037,VALIDATION_SEEN_AFTER_V1,4,8.204404,5.5154250000000005,2.660249,0.000183,0.0,12.940862,21.146810000000002,2,1,1,128,12,12,NO_SAFE_PATH
VUE037,VALIDATION_SEEN_AFTER_V1,5,8.218189,5.509556000000001,2.680443,0.000214,0.0,13.008184,21.228115000000003,2,1,1,128,12,12,NO_SAFE_PATH
VUE037,VALIDATION_SEEN_AFTER_V1,6,8.218242,5.51049,2.669718,0.000232,0.0,12.930005999999999,21.149807,2,1,1,128,12,12,NO_SAFE_PATH
SCE001,SUCCESS_CONTROL_SEEN,0,12.053713,6.221463000000001,5.799148999999999,0.005488000000000001,0.40074400000000004,0.0,12.456528,1,0,0,128,12,12,FRESH_SELECTED
SCE001,SUCCESS_CONTROL_SEEN,1,12.075905,6.240365,5.800277,0.005527,0.413707,0.0,12.491832,1,0,0,128,12,12,FRESH_SELECTED
SCE001,SUCCESS_CONTROL_SEEN,2,12.093495,6.244598000000001,5.814843999999999,0.005744,0.423274,0.0,12.518766,1,0,0,128,12,12,FRESH_SELECTED
SCE001,SUCCESS_CONTROL_SEEN,3,12.051969999999999,6.180812000000001,5.837896999999999,0.005901,0.402385,0.0,12.456324,1,0,0,128,12,12,FRESH_SELECTED
SCE001,SUCCESS_CONTROL_SEEN,4,12.04089,6.22716,5.778548,0.0058070000000000005,0.413912,0.0,12.456874,1,0,0,128,12,12,FRESH_SELECTED
SCE001,SUCCESS_CONTROL_SEEN,5,12.117739,6.249116000000001,5.835125,0.005432,0.403069,0.0,12.522975,1,0,0,128,12,12,FRESH_SELECTED
SCE001,SUCCESS_CONTROL_SEEN,6,12.096406,6.2275979999999995,5.834836,0.005469,0.402687,0.0,12.501093999999998,1,0,0,128,12,12,FRESH_SELECTED
SCE002,SUCCESS_CONTROL_SEEN,0,21.542548999999998,9.477495000000001,12.029966,0.006078999999999999,0.690978,0.0,22.235742,1,0,0,128,12,12,FRESH_SELECTED
SCE002,SUCCESS_CONTROL_SEEN,1,21.519321,9.467366000000002,12.015840999999998,0.006405999999999999,0.679556,0.0,22.201233,1,0,0,128,12,12,FRESH_SELECTED
SCE002,SUCCESS_CONTROL_SEEN,2,21.519376,9.433416,12.050911,0.0059889999999999995,0.6882659999999999,0.0,22.209568,1,0,0,128,12,12,FRESH_SELECTED
SCE002,SUCCESS_CONTROL_SEEN,3,21.56214,9.444890000000001,12.082177,0.00622,0.6902590000000001,0.0,22.254481,1,0,0,128,12,12,FRESH_SELECTED
SCE002,SUCCESS_CONTROL_SEEN,4,21.571736,9.475941999999998,12.06104,0.005886,0.682429,0.0,22.256255,1,0,0,128,12,12,FRESH_SELECTED
SCE002,SUCCESS_CONTROL_SEEN,5,21.481185,9.420451,12.025689,0.005932000000000001,0.6892039999999999,0.0,22.17269,1,0,0,128,12,12,FRESH_SELECTED
SCE002,SUCCESS_CONTROL_SEEN,6,21.514414000000002,9.431702999999999,12.048313,0.006032,0.700766,0.0,22.217321,1,0,0,128,12,12,FRESH_SELECTED
SCE003,SUCCESS_CONTROL_SEEN,0,21.012086,9.375091000000001,11.602369000000001,0.005755,0.431242,0.0,21.445490000000003,1,0,0,128,12,12,FRESH_SELECTED
SCE003,SUCCESS_CONTROL_SEEN,1,20.989207999999998,9.411892999999997,11.543610000000003,0.005467,0.42483800000000005,0.0,21.416073,1,0,0,128,12,12,FRESH_SELECTED
SCE003,SUCCESS_CONTROL_SEEN,2,20.962608,9.385768,11.541722000000002,0.0058920000000000005,0.429802,0.0,21.394428,1,0,0,128,12,12,FRESH_SELECTED
SCE003,SUCCESS_CONTROL_SEEN,3,21.008751,9.405627,11.567607,0.00595,0.43366699999999997,0.0,21.444387,1,0,0,128,12,12,FRESH_SELECTED
SCE003,SUCCESS_CONTROL_SEEN,4,21.021489000000003,9.412390999999998,11.574396,0.005781,0.42162700000000003,0.0,21.445109,1,0,0,128,12,12,FRESH_SELECTED
SCE003,SUCCESS_CONTROL_SEEN,5,21.007689,9.378498999999998,11.594487,0.005812,0.44150599999999995,0.0,21.451158,1,0,0,128,12,12,FRESH_SELECTED
SCE003,SUCCESS_CONTROL_SEEN,6,21.070418,9.416435999999997,11.620033000000003,0.006468,0.43327899999999997,0.0,21.505864000000003,1,0,0,128,12,12,FRESH_SELECTED
SCE004,SUCCESS_CONTROL_SEEN,0,9.447282999999999,5.180379000000001,4.234306999999999,0.0057350000000000005,0.42519999999999997,0.0,9.874551,1,0,0,128,12,12,FRESH_SELECTED
SCE004,SUCCESS_CONTROL_SEEN,1,9.458604,5.184900999999999,4.240834,0.005915,0.425006,0.0,9.885476,1,0,0,128,12,12,FRESH_SELECTED
SCE004,SUCCESS_CONTROL_SEEN,2,9.443528,5.174828000000001,4.236593,0.0054800000000000005,0.425751,0.0,9.871441,1,0,0,128,12,12,FRESH_SELECTED
SCE004,SUCCESS_CONTROL_SEEN,3,9.441897,5.169556000000001,4.240384,0.005546000000000001,0.427035,0.0,9.87102,1,0,0,128,12,12,FRESH_SELECTED
SCE004,SUCCESS_CONTROL_SEEN,4,9.448960999999999,5.166401,4.250190999999999,0.0057610000000000005,0.429222,0.0,9.880327,1,0,0,128,12,12,FRESH_SELECTED
SCE004,SUCCESS_CONTROL_SEEN,5,9.455365,5.181303000000001,4.241446999999999,0.005645,0.429104,0.0,9.886495,1,0,0,128,12,12,FRESH_SELECTED
SCE004,SUCCESS_CONTROL_SEEN,6,9.457407,5.181151,4.242934999999999,0.005723,0.425541,0.0,9.884928,1,0,0,128,12,12,FRESH_SELECTED
SCE005,SUCCESS_CONTROL_SEEN,0,16.285373,8.014017999999998,8.236552,0.007006,0.777929,0.0,17.065383999999998,1,0,0,128,12,12,FRESH_SELECTED
SCE005,SUCCESS_CONTROL_SEEN,1,16.269969,7.995523000000001,8.239932,0.006579,0.775594,0.0,17.047436,1,0,0,128,12,12,FRESH_SELECTED
SCE005,SUCCESS_CONTROL_SEEN,2,16.320547,7.985321999999998,8.301015000000001,0.0068579999999999995,0.764044,0.0,17.086669999999998,1,0,0,128,12,12,FRESH_SELECTED
SCE005,SUCCESS_CONTROL_SEEN,3,16.365744,7.990192000000001,8.341738,0.006625,0.7645839999999999,0.0,17.132353,1,0,0,128,12,12,FRESH_SELECTED
SCE005,SUCCESS_CONTROL_SEEN,4,16.258798000000002,8.009415999999998,8.214459000000002,0.00688,0.77374,0.0,17.034516,1,0,0,128,12,12,FRESH_SELECTED
SCE005,SUCCESS_CONTROL_SEEN,5,16.345221,8.002708,8.307718000000001,0.006405999999999999,0.775644,0.0,17.122702,1,0,0,128,12,12,FRESH_SELECTED
SCE005,SUCCESS_CONTROL_SEEN,6,16.278065,7.955642999999999,8.288431000000001,0.006712,0.7727609999999999,0.0,17.052903999999998,1,0,0,128,12,12,FRESH_SELECTED
SCE006,SUCCESS_CONTROL_SEEN,0,15.094744,7.260001,7.799427,0.005697,0.446035,0.0,15.54309,1,0,0,128,12,12,FRESH_SELECTED
SCE006,SUCCESS_CONTROL_SEEN,1,15.068722,7.2516169999999995,7.782126,0.005613000000000001,0.443637,0.0,15.514501000000001,1,0,0,128,12,12,FRESH_SELECTED
SCE006,SUCCESS_CONTROL_SEEN,2,15.079835999999998,7.2164790000000005,7.828427,0.005372,0.438587,0.0,15.520485,1,0,0,128,12,12,FRESH_SELECTED
SCE006,SUCCESS_CONTROL_SEEN,3,15.041592000000001,7.229710000000001,7.776648999999999,0.005632,0.448998,0.0,15.492592,1,0,0,128,12,12,FRESH_SELECTED
SCE006,SUCCESS_CONTROL_SEEN,4,15.105508,7.242055000000001,7.827540999999999,0.005848,0.44672,0.0,15.554495000000001,1,0,0,128,12,12,FRESH_SELECTED
SCE006,SUCCESS_CONTROL_SEEN,5,15.046485,7.199313000000001,7.812593,0.005596,0.440724,0.0,15.489429,1,0,0,128,12,12,FRESH_SELECTED
SCE006,SUCCESS_CONTROL_SEEN,6,15.110679,7.250934999999999,7.824943000000001,0.005911,0.447753,0.0,15.560446,1,0,0,128,12,12,FRESH_SELECTED
SCE007,SUCCESS_CONTROL_SEEN,0,13.138261,7.368855999999999,5.734463000000001,0.004873000000000001,0.42589499999999997,0.0,13.566484,1,0,0,128,12,12,FRESH_SELECTED
SCE007,SUCCESS_CONTROL_SEEN,1,13.107033,7.348318999999998,5.724709000000001,0.005131,0.41424700000000003,0.0,13.523399,1,0,0,128,12,12,FRESH_SELECTED
SCE007,SUCCESS_CONTROL_SEEN,2,13.099110000000001,7.358309,5.706963000000001,0.004730000000000001,0.415259,0.0,13.516380999999999,1,0,0,128,12,12,FRESH_SELECTED
SCE007,SUCCESS_CONTROL_SEEN,3,13.088091,7.340528999999999,5.713635,0.004729,0.42030399999999996,0.0,13.510611999999998,1,0,0,128,12,12,FRESH_SELECTED
SCE007,SUCCESS_CONTROL_SEEN,4,13.106502,7.355965000000001,5.717654,0.004366,0.411284,0.0,13.519669,1,0,0,128,12,12,FRESH_SELECTED
SCE007,SUCCESS_CONTROL_SEEN,5,13.101203,7.371557000000001,5.695816,0.0050030000000000005,0.412373,0.0,13.515512000000001,1,0,0,128,12,12,FRESH_SELECTED
SCE007,SUCCESS_CONTROL_SEEN,6,13.0293,7.351198,5.645398999999999,0.004671000000000001,0.42295900000000003,0.0,13.454272999999999,1,0,0,128,12,12,FRESH_SELECTED
SCE008,SUCCESS_CONTROL_SEEN,0,13.089022000000002,8.057821,5.002464,0.000224,0.0,22.492345,35.583313000000004,2,1,1,128,12,12,NO_SAFE_PATH
SCE008,SUCCESS_CONTROL_SEEN,1,13.114818999999999,8.041437999999998,5.045190000000001,0.00023400000000000002,0.0,22.385941,35.502635999999995,2,1,1,128,12,12,NO_SAFE_PATH
SCE008,SUCCESS_CONTROL_SEEN,2,13.058049,8.088811,4.940348,0.00022700000000000002,0.0,22.446292,35.506161999999996,2,1,1,128,12,12,NO_SAFE_PATH
SCE008,SUCCESS_CONTROL_SEEN,3,13.050991,8.051081000000002,4.970802,0.000245,0.0,22.452392,35.504958,2,1,1,128,12,12,NO_SAFE_PATH
SCE008,SUCCESS_CONTROL_SEEN,4,13.109193999999999,8.071191,5.008222,0.0003,0.0,22.430058000000002,35.54108,2,1,1,128,12,12,NO_SAFE_PATH
SCE008,SUCCESS_CONTROL_SEEN,5,13.099157,8.083717,4.985952999999999,0.00038500000000000003,0.0,22.416551,35.517572,2,1,1,128,12,12,NO_SAFE_PATH
SCE008,SUCCESS_CONTROL_SEEN,6,13.151566,8.104353999999999,5.017459000000001,0.00023999999999999998,0.0,22.44532,35.598765,2,1,1,128,12,12,NO_SAFE_PATH
SCE009,SUCCESS_CONTROL_SEEN,0,19.772194,9.164736999999999,10.575540000000002,0.005425,0.8080689999999999,0.0,20.582335999999998,1,0,0,128,12,12,FRESH_SELECTED
SCE009,SUCCESS_CONTROL_SEEN,1,19.723332,9.106208,10.584438,0.005535,0.79327,0.0,20.518765,1,0,0,128,12,12,FRESH_SELECTED
SCE009,SUCCESS_CONTROL_SEEN,2,19.747465000000002,9.087720999999998,10.626599000000002,0.005554,0.805744,0.0,20.55548,1,0,0,128,12,12,FRESH_SELECTED
SCE009,SUCCESS_CONTROL_SEEN,3,19.6896,9.150835000000002,10.506307,0.005686,0.813406,0.0,20.505122,1,0,0,128,12,12,FRESH_SELECTED
SCE009,SUCCESS_CONTROL_SEEN,4,19.680219,9.100651000000003,10.546357999999998,0.005855000000000001,0.8195520000000001,0.0,20.501797,1,0,0,128,12,12,FRESH_SELECTED
SCE009,SUCCESS_CONTROL_SEEN,5,20.522282,9.917796,10.564852,0.007529,0.800547,0.0,21.325723999999997,1,0,0,128,12,12,FRESH_SELECTED
SCE009,SUCCESS_CONTROL_SEEN,6,19.81248,9.199658000000001,10.574596999999999,0.006483,0.801601,0.0,20.616914,1,0,0,128,12,12,FRESH_SELECTED
SCE010,SUCCESS_CONTROL_SEEN,0,19.215069,8.788944,10.388616,0.0073360000000000005,1.218106,0.0,20.435499,1,0,0,128,12,12,FRESH_SELECTED
SCE010,SUCCESS_CONTROL_SEEN,1,19.229042,8.797383000000002,10.395226000000001,0.007327,1.221729,0.0,20.453095,1,0,0,128,12,12,FRESH_SELECTED
SCE010,SUCCESS_CONTROL_SEEN,2,19.138858,8.745024999999996,10.357899000000003,0.007409,1.216283,0.0,20.357365,1,0,0,128,12,12,FRESH_SELECTED
SCE010,SUCCESS_CONTROL_SEEN,3,19.22323,8.778656999999999,10.407843000000002,0.007213,1.250492,0.0,20.475898,1,0,0,128,12,12,FRESH_SELECTED
SCE010,SUCCESS_CONTROL_SEEN,4,19.197987,8.737756000000001,10.42269,0.007389000000000001,1.246068,0.0,20.446448,1,0,0,128,12,12,FRESH_SELECTED
SCE010,SUCCESS_CONTROL_SEEN,5,19.226248,8.777295000000002,10.412640999999999,0.007019,1.252623,0.0,20.480983000000002,1,0,0,128,12,12,FRESH_SELECTED
SCE010,SUCCESS_CONTROL_SEEN,6,19.262961999999998,8.807117000000002,10.419669,0.0072759999999999995,1.2149770000000002,0.0,20.480215,1,0,0,128,12,12,FRESH_SELECTED
SCE011,SUCCESS_CONTROL_SEEN,0,19.655131,9.092327,10.529673,0.005872,0.787398,0.0,20.444502,1,0,0,128,12,12,FRESH_SELECTED
SCE011,SUCCESS_CONTROL_SEEN,1,19.605649,9.046870000000002,10.526861999999998,0.005407,0.7882039999999999,0.0,20.395979999999998,1,0,0,128,12,12,FRESH_SELECTED
SCE011,SUCCESS_CONTROL_SEEN,2,19.594509,9.088391000000003,10.474193,0.005442,0.793351,0.0,20.389928,1,0,0,128,12,12,FRESH_SELECTED
SCE011,SUCCESS_CONTROL_SEEN,3,19.623543,9.019656,10.570903,0.005542,0.7966799999999999,0.0,20.422178,1,0,0,128,12,12,FRESH_SELECTED
SCE011,SUCCESS_CONTROL_SEEN,4,19.585038,9.097363,10.454707,0.005696,0.79938,0.0,20.386393,1,0,0,128,12,12,FRESH_SELECTED
SCE011,SUCCESS_CONTROL_SEEN,5,19.608330000000002,9.024239000000003,10.550601999999998,0.005318,0.796891,0.0,20.407178,1,0,0,128,12,12,FRESH_SELECTED
SCE011,SUCCESS_CONTROL_SEEN,6,19.561692,9.090155000000001,10.437826999999999,0.005558,0.803039,0.0,20.3667,1,0,0,128,12,12,FRESH_SELECTED
SCE012,SUCCESS_CONTROL_SEEN,0,19.153052,8.73429,10.382427999999999,0.006724,1.2479120000000001,0.0,20.403243,1,0,0,128,12,12,FRESH_SELECTED
SCE012,SUCCESS_CONTROL_SEEN,1,19.180585999999998,8.793747999999999,10.351111999999999,0.006636,1.262741,0.0,20.445335,1,0,0,128,12,12,FRESH_SELECTED
SCE012,SUCCESS_CONTROL_SEEN,2,19.129193,8.732698999999998,10.36016,0.006885,1.2170219999999998,0.0,20.348388,1,0,0,128,12,12,FRESH_SELECTED
SCE012,SUCCESS_CONTROL_SEEN,3,19.185866,8.791188000000002,10.358913999999999,0.007099,1.2450830000000002,0.0,20.433164,1,0,0,128,12,12,FRESH_SELECTED
SCE012,SUCCESS_CONTROL_SEEN,4,19.198001,8.753185000000004,10.407896,0.006998,1.257265,0.0,20.457193,1,0,0,128,12,12,FRESH_SELECTED
SCE012,SUCCESS_CONTROL_SEEN,5,19.150813999999997,8.743536999999998,10.371839,0.007156,1.216088,0.0,20.369076,1,0,0,128,12,12,FRESH_SELECTED
SCE012,SUCCESS_CONTROL_SEEN,6,19.368526999999997,8.770912999999997,10.560998000000001,0.006886,1.2280820000000001,0.0,20.598924999999998,1,0,0,128,12,12,FRESH_SELECTED
SCE013,SUCCESS_CONTROL_SEEN,0,16.925064,7.432932000000002,9.457203999999999,0.0069240000000000005,1.225646,0.0,18.152903,1,0,0,128,12,12,FRESH_SELECTED
SCE013,SUCCESS_CONTROL_SEEN,1,16.896124,7.445870999999999,9.414778,0.006916,1.210721,0.0,18.10905,1,0,0,128,12,12,FRESH_SELECTED
SCE013,SUCCESS_CONTROL_SEEN,2,16.859831,7.489526,9.334416,0.006516,1.196476,0.0,18.058596,1,0,0,128,12,12,FRESH_SELECTED
SCE013,SUCCESS_CONTROL_SEEN,3,16.851397000000002,7.4845299999999995,9.333218,0.006309,1.1983409999999999,0.0,18.051864000000002,1,0,0,128,12,12,FRESH_SELECTED
SCE013,SUCCESS_CONTROL_SEEN,4,16.901099,7.436687999999999,9.429943,0.006718,1.2354829999999999,0.0,18.138701,1,0,0,128,12,12,FRESH_SELECTED
SCE013,SUCCESS_CONTROL_SEEN,5,16.894557,7.452186999999998,9.407800000000002,0.006526,1.23,0.0,18.126655,1,0,0,128,12,12,FRESH_SELECTED
SCE013,SUCCESS_CONTROL_SEEN,6,16.844893,7.483158999999998,9.3261,0.0068579999999999995,1.225438,0.0,18.072485,1,0,0,128,12,12,FRESH_SELECTED
SCE014,SUCCESS_CONTROL_SEEN,0,20.022119,8.535687,11.452633,0.006358,1.261561,0.0,21.285928,1,0,0,128,12,12,FRESH_SELECTED
SCE014,SUCCESS_CONTROL_SEEN,1,20.049199,8.524387,11.490373,0.006561,1.237959,0.0,21.289301,1,0,0,128,12,12,FRESH_SELECTED
SCE014,SUCCESS_CONTROL_SEEN,2,19.942701,8.536416999999998,11.369675,0.006527,1.242108,0.0,21.186927,1,0,0,128,12,12,FRESH_SELECTED
SCE014,SUCCESS_CONTROL_SEEN,3,19.951179,8.531341000000001,11.385409,0.005998,1.253425,0.0,21.206598000000003,1,0,0,128,12,12,FRESH_SELECTED
SCE014,SUCCESS_CONTROL_SEEN,4,20.032543,8.512462000000001,11.486396000000001,0.006077,1.269696,0.0,21.304255,1,0,0,128,12,12,FRESH_SELECTED
SCE014,SUCCESS_CONTROL_SEEN,5,20.056988,8.528757999999998,11.49394,0.0064589999999999995,1.2504570000000002,0.0,21.309463,1,0,0,128,12,12,FRESH_SELECTED
SCE014,SUCCESS_CONTROL_SEEN,6,20.027598,8.508688000000001,11.484425999999997,0.006273,1.264499,0.0,21.294197,1,0,0,128,12,12,FRESH_SELECTED
SCE015,SUCCESS_CONTROL_SEEN,0,14.788440000000001,7.165447000000001,7.587478,0.006516,0.6970879999999999,0.0,15.487603,1,0,0,128,12,12,FRESH_SELECTED
SCE015,SUCCESS_CONTROL_SEEN,1,14.735721999999999,7.160324999999999,7.540037,0.006297,0.7127490000000001,0.0,15.450422,1,0,0,128,12,12,FRESH_SELECTED
SCE015,SUCCESS_CONTROL_SEEN,2,14.737839,7.221959,7.480925999999999,0.0065780000000000005,0.700129,0.0,15.440001,1,0,0,128,12,12,FRESH_SELECTED
SCE015,SUCCESS_CONTROL_SEEN,3,14.78532,7.176011,7.57385,0.006435,0.69438,0.0,15.481762,1,0,0,128,12,12,FRESH_SELECTED
SCE015,SUCCESS_CONTROL_SEEN,4,14.721857,7.173437000000001,7.512986999999999,0.006468,0.700064,0.0,15.424046,1,0,0,128,12,12,FRESH_SELECTED
SCE015,SUCCESS_CONTROL_SEEN,5,14.713232,7.151794,7.526824,0.006214000000000001,0.692133,0.0,15.407544,1,0,0,128,12,12,FRESH_SELECTED
SCE015,SUCCESS_CONTROL_SEEN,6,14.810353,7.192416999999999,7.583161000000001,0.006367,0.7184969999999999,0.0,15.531077999999999,1,0,0,128,12,12,FRESH_SELECTED
SCE016,SUCCESS_CONTROL_SEEN,0,13.453226,7.174677999999999,6.246560000000001,0.005143,0.751338,0.0,14.206553,1,0,0,128,12,12,FRESH_SELECTED
SCE016,SUCCESS_CONTROL_SEEN,1,13.438822,7.221187000000001,6.1846429999999994,0.0049050000000000005,0.728779,0.0,14.169507,1,0,0,128,12,12,FRESH_SELECTED
SCE016,SUCCESS_CONTROL_SEEN,2,13.487555,7.2402690000000005,6.214803,0.00501,0.759513,0.0,14.249183,1,0,0,128,12,12,FRESH_SELECTED
SCE016,SUCCESS_CONTROL_SEEN,3,13.382154,7.193890000000001,6.156238999999999,0.005211,0.746774,0.0,14.131138,1,0,0,128,12,12,FRESH_SELECTED
SCE016,SUCCESS_CONTROL_SEEN,4,13.51469,7.212588000000002,6.270225999999999,0.005017000000000001,0.720124,0.0,14.236813,1,0,0,128,12,12,FRESH_SELECTED
SCE016,SUCCESS_CONTROL_SEEN,5,13.491865,7.223727,6.235154,0.005029,0.7379880000000001,0.0,14.231898,1,0,0,128,12,12,FRESH_SELECTED
SCE016,SUCCESS_CONTROL_SEEN,6,13.41285,7.218256000000001,6.160748,0.005365,0.760455,0.0,14.175505,1,0,0,128,12,12,FRESH_SELECTED
SCE017,SUCCESS_CONTROL_SEEN,0,11.933522,5.909958000000001,5.989830999999999,0.005730000000000001,0.41522000000000003,0.0,12.350865,1,0,0,128,12,12,FRESH_SELECTED
SCE017,SUCCESS_CONTROL_SEEN,1,11.946121,5.886276,6.017345,0.005973,0.417653,0.0,12.365720999999999,1,0,0,128,12,12,FRESH_SELECTED
SCE017,SUCCESS_CONTROL_SEEN,2,11.929013000000001,5.891232999999999,6.003958000000001,0.005772,0.417085,0.0,12.348435,1,0,0,128,12,12,FRESH_SELECTED
SCE017,SUCCESS_CONTROL_SEEN,3,11.930288000000001,5.887095,5.9990570000000005,0.014638,0.433253,0.0,12.365757,1,0,0,128,12,12,FRESH_SELECTED
SCE017,SUCCESS_CONTROL_SEEN,4,11.903656999999999,5.886216999999999,5.982997999999999,0.005926,0.416431,0.0,12.322209,1,0,0,128,12,12,FRESH_SELECTED
SCE017,SUCCESS_CONTROL_SEEN,5,11.850779000000001,5.855548999999999,5.959904000000001,0.005947,0.43156900000000004,0.0,12.284316,1,0,0,128,12,12,FRESH_SELECTED
SCE017,SUCCESS_CONTROL_SEEN,6,11.902056,5.87018,5.997542,0.005684,0.419071,0.0,12.323178,1,0,0,128,12,12,FRESH_SELECTED
SCE018,SUCCESS_CONTROL_SEEN,0,22.615344,9.701845999999998,12.878057,0.006678,1.2430830000000002,0.0,23.860495999999998,1,0,0,128,12,12,FRESH_SELECTED
SCE018,SUCCESS_CONTROL_SEEN,1,22.51634,9.65407,12.826477999999998,0.006979,1.258041,0.0,23.776616999999998,1,0,0,128,12,12,FRESH_SELECTED
SCE018,SUCCESS_CONTROL_SEEN,2,22.579240000000002,9.667792000000002,12.876492,0.006671,1.237069,0.0,23.818427,1,0,0,128,12,12,FRESH_SELECTED
SCE018,SUCCESS_CONTROL_SEEN,3,22.517993999999998,9.656665999999998,12.825336000000002,0.006690000000000001,1.244597,0.0,23.764822,1,0,0,128,12,12,FRESH_SELECTED
SCE018,SUCCESS_CONTROL_SEEN,4,22.519641,9.679882999999998,12.802890000000001,0.006847000000000001,1.238228,0.0,23.759758,1,0,0,128,12,12,FRESH_SELECTED
SCE018,SUCCESS_CONTROL_SEEN,5,22.491242999999997,9.684841999999998,12.770411000000001,0.006843,1.231269,0.0,23.724584,1,0,0,128,12,12,FRESH_SELECTED
SCE018,SUCCESS_CONTROL_SEEN,6,22.579567,9.662589999999998,12.882211000000003,0.006884,1.252664,0.0,23.834291,1,0,0,128,12,12,FRESH_SELECTED
