[0.053s] DEBUG:colcon:Command line arguments: ['/usr/bin/colcon', 'build']
[0.053s] DEBUG:colcon:Parsed command line arguments: Namespace(log_base=None, log_level=None, verb_name='build', build_base='build', install_base='install', merge_install=False, symlink_install=False, test_result_base=None, continue_on_error=False, executor='parallel', parallel_workers=14, event_handlers=None, ignore_user_meta=False, metas=['./colcon.meta'], base_paths=['.'], packages_ignore=None, packages_ignore_regex=None, paths=None, packages_up_to=None, packages_up_to_regex=None, packages_above=None, packages_above_and_dependencies=None, packages_above_depth=None, packages_select_by_dep=None, packages_skip_by_dep=None, packages_skip_up_to=None, packages_select_build_failed=False, packages_skip_build_finished=False, packages_select_test_failures=False, packages_skip_test_passed=False, packages_select=None, packages_skip=None, packages_select_regex=None, packages_skip_regex=None, packages_start=None, packages_end=None, allow_overriding=[], cmake_args=None, cmake_target=None, cmake_target_skip_unavailable=False, cmake_clean_cache=False, cmake_clean_first=False, cmake_force_configure=False, ament_cmake_args=None, catkin_cmake_args=None, catkin_skip_building_tests=False, mixin_files=None, mixin=None, verb_parser=<colcon_mixin.mixin.mixin_argument.MixinArgumentDecorator object at 0x7480deb61de0>, verb_extension=<colcon_core.verb.build.BuildVerb object at 0x7480deb61360>, main=<bound method BuildVerb.main of <colcon_core.verb.build.BuildVerb object at 0x7480deb61360>>, mixin_verb=('build',))
[0.139s] Level 1:colcon.colcon_core.package_discovery:discover_packages(colcon_meta) check parameters
[0.139s] Level 1:colcon.colcon_core.package_discovery:discover_packages(recursive) check parameters
[0.139s] Level 1:colcon.colcon_core.package_discovery:discover_packages(ignore) check parameters
[0.139s] Level 1:colcon.colcon_core.package_discovery:discover_packages(path) check parameters
[0.139s] Level 1:colcon.colcon_core.package_discovery:discover_packages(colcon_meta) discover
[0.139s] Level 1:colcon.colcon_core.package_discovery:discover_packages(recursive) discover
[0.139s] INFO:colcon.colcon_core.package_discovery:Crawling recursively for packages in '/home/haejum-park/2026_IFAC'
[0.139s] Level 1:colcon.colcon_core.package_identification:_identify(.) by extensions ['ignore', 'ignore_ament_install']
[0.139s] Level 1:colcon.colcon_core.package_identification:_identify(.) by extension 'ignore'
[0.139s] Level 1:colcon.colcon_core.package_identification:_identify(.) by extension 'ignore_ament_install'
[0.139s] Level 1:colcon.colcon_core.package_identification:_identify(.) by extensions ['colcon_pkg']
[0.139s] Level 1:colcon.colcon_core.package_identification:_identify(.) by extension 'colcon_pkg'
[0.139s] Level 1:colcon.colcon_core.package_identification:_identify(.) by extensions ['colcon_meta']
[0.139s] Level 1:colcon.colcon_core.package_identification:_identify(.) by extension 'colcon_meta'
[0.139s] Level 1:colcon.colcon_core.package_identification:_identify(.) by extensions ['ros']
[0.139s] Level 1:colcon.colcon_core.package_identification:_identify(.) by extension 'ros'
[0.144s] Level 1:colcon.colcon_core.package_identification:_identify(.) by extensions ['cmake', 'python']
[0.144s] Level 1:colcon.colcon_core.package_identification:_identify(.) by extension 'cmake'
[0.144s] Level 1:colcon.colcon_core.package_identification:_identify(.) by extension 'python'
[0.144s] Level 1:colcon.colcon_core.package_identification:_identify(.) by extensions ['python_setup_py']
[0.144s] Level 1:colcon.colcon_core.package_identification:_identify(.) by extension 'python_setup_py'
[0.144s] Level 1:colcon.colcon_core.package_identification:_identify(amcl_localization) by extensions ['ignore', 'ignore_ament_install']
[0.144s] Level 1:colcon.colcon_core.package_identification:_identify(amcl_localization) by extension 'ignore'
[0.144s] Level 1:colcon.colcon_core.package_identification:_identify(amcl_localization) by extension 'ignore_ament_install'
[0.144s] Level 1:colcon.colcon_core.package_identification:_identify(amcl_localization) by extensions ['colcon_pkg']
[0.144s] Level 1:colcon.colcon_core.package_identification:_identify(amcl_localization) by extension 'colcon_pkg'
[0.144s] Level 1:colcon.colcon_core.package_identification:_identify(amcl_localization) by extensions ['colcon_meta']
[0.144s] Level 1:colcon.colcon_core.package_identification:_identify(amcl_localization) by extension 'colcon_meta'
[0.144s] Level 1:colcon.colcon_core.package_identification:_identify(amcl_localization) by extensions ['ros']
[0.144s] Level 1:colcon.colcon_core.package_identification:_identify(amcl_localization) by extension 'ros'
[0.145s] DEBUG:colcon.colcon_core.package_identification:Package 'amcl_localization' with type 'ros.ament_python' and name 'amcl_localization'
[0.146s] Level 1:colcon.colcon_core.package_identification:_identify(build) by extensions ['ignore', 'ignore_ament_install']
[0.146s] Level 1:colcon.colcon_core.package_identification:_identify(build) by extension 'ignore'
[0.146s] Level 1:colcon.colcon_core.package_identification:_identify(build) ignored
[0.146s] Level 1:colcon.colcon_core.package_identification:_identify(f110_msgs) by extensions ['ignore', 'ignore_ament_install']
[0.146s] Level 1:colcon.colcon_core.package_identification:_identify(f110_msgs) by extension 'ignore'
[0.146s] Level 1:colcon.colcon_core.package_identification:_identify(f110_msgs) by extension 'ignore_ament_install'
[0.146s] Level 1:colcon.colcon_core.package_identification:_identify(f110_msgs) by extensions ['colcon_pkg']
[0.146s] Level 1:colcon.colcon_core.package_identification:_identify(f110_msgs) by extension 'colcon_pkg'
[0.146s] Level 1:colcon.colcon_core.package_identification:_identify(f110_msgs) by extensions ['colcon_meta']
[0.146s] Level 1:colcon.colcon_core.package_identification:_identify(f110_msgs) by extension 'colcon_meta'
[0.146s] Level 1:colcon.colcon_core.package_identification:_identify(f110_msgs) by extensions ['ros']
[0.146s] Level 1:colcon.colcon_core.package_identification:_identify(f110_msgs) by extension 'ros'
[0.146s] DEBUG:colcon.colcon_core.package_identification:Package 'f110_msgs' with type 'ros.ament_cmake' and name 'f110_msgs'
[0.146s] Level 1:colcon.colcon_core.package_identification:_identify(install) by extensions ['ignore', 'ignore_ament_install']
[0.146s] Level 1:colcon.colcon_core.package_identification:_identify(install) by extension 'ignore'
[0.146s] Level 1:colcon.colcon_core.package_identification:_identify(install) ignored
[0.146s] Level 1:colcon.colcon_core.package_identification:_identify(lap_timer) by extensions ['ignore', 'ignore_ament_install']
[0.146s] Level 1:colcon.colcon_core.package_identification:_identify(lap_timer) by extension 'ignore'
[0.146s] Level 1:colcon.colcon_core.package_identification:_identify(lap_timer) by extension 'ignore_ament_install'
[0.146s] Level 1:colcon.colcon_core.package_identification:_identify(lap_timer) by extensions ['colcon_pkg']
[0.146s] Level 1:colcon.colcon_core.package_identification:_identify(lap_timer) by extension 'colcon_pkg'
[0.146s] Level 1:colcon.colcon_core.package_identification:_identify(lap_timer) by extensions ['colcon_meta']
[0.146s] Level 1:colcon.colcon_core.package_identification:_identify(lap_timer) by extension 'colcon_meta'
[0.146s] Level 1:colcon.colcon_core.package_identification:_identify(lap_timer) by extensions ['ros']
[0.146s] Level 1:colcon.colcon_core.package_identification:_identify(lap_timer) by extension 'ros'
[0.147s] DEBUG:colcon.colcon_core.package_identification:Package 'lap_timer' with type 'ros.ament_python' and name 'lap_timer'
[0.147s] Level 1:colcon.colcon_core.package_identification:_identify(log) by extensions ['ignore', 'ignore_ament_install']
[0.147s] Level 1:colcon.colcon_core.package_identification:_identify(log) by extension 'ignore'
[0.147s] Level 1:colcon.colcon_core.package_identification:_identify(log) ignored
[0.147s] Level 1:colcon.colcon_core.package_identification:_identify(monte_carlo_localization) by extensions ['ignore', 'ignore_ament_install']
[0.147s] Level 1:colcon.colcon_core.package_identification:_identify(monte_carlo_localization) by extension 'ignore'
[0.147s] Level 1:colcon.colcon_core.package_identification:_identify(monte_carlo_localization) by extension 'ignore_ament_install'
[0.147s] Level 1:colcon.colcon_core.package_identification:_identify(monte_carlo_localization) by extensions ['colcon_pkg']
[0.147s] Level 1:colcon.colcon_core.package_identification:_identify(monte_carlo_localization) by extension 'colcon_pkg'
[0.147s] Level 1:colcon.colcon_core.package_identification:_identify(monte_carlo_localization) by extensions ['colcon_meta']
[0.147s] Level 1:colcon.colcon_core.package_identification:_identify(monte_carlo_localization) by extension 'colcon_meta'
[0.147s] Level 1:colcon.colcon_core.package_identification:_identify(monte_carlo_localization) by extensions ['ros']
[0.147s] Level 1:colcon.colcon_core.package_identification:_identify(monte_carlo_localization) by extension 'ros'
[0.148s] DEBUG:colcon.colcon_core.package_identification:Package 'monte_carlo_localization' with type 'ros.ament_cmake' and name 'particle_filter_cpp'
[0.148s] Level 1:colcon.colcon_core.package_identification:_identify(new_map_con) by extensions ['ignore', 'ignore_ament_install']
[0.148s] Level 1:colcon.colcon_core.package_identification:_identify(new_map_con) by extension 'ignore'
[0.148s] Level 1:colcon.colcon_core.package_identification:_identify(new_map_con) by extension 'ignore_ament_install'
[0.148s] Level 1:colcon.colcon_core.package_identification:_identify(new_map_con) by extensions ['colcon_pkg']
[0.148s] Level 1:colcon.colcon_core.package_identification:_identify(new_map_con) by extension 'colcon_pkg'
[0.148s] Level 1:colcon.colcon_core.package_identification:_identify(new_map_con) by extensions ['colcon_meta']
[0.148s] Level 1:colcon.colcon_core.package_identification:_identify(new_map_con) by extension 'colcon_meta'
[0.148s] Level 1:colcon.colcon_core.package_identification:_identify(new_map_con) by extensions ['ros']
[0.148s] Level 1:colcon.colcon_core.package_identification:_identify(new_map_con) by extension 'ros'
[0.148s] DEBUG:colcon.colcon_core.package_identification:Package 'new_map_con' with type 'ros.ament_python' and name 'new_map_con'
[0.148s] Level 1:colcon.colcon_core.package_identification:_identify(planning) by extensions ['ignore', 'ignore_ament_install']
[0.148s] Level 1:colcon.colcon_core.package_identification:_identify(planning) by extension 'ignore'
[0.148s] Level 1:colcon.colcon_core.package_identification:_identify(planning) by extension 'ignore_ament_install'
[0.148s] Level 1:colcon.colcon_core.package_identification:_identify(planning) by extensions ['colcon_pkg']
[0.148s] Level 1:colcon.colcon_core.package_identification:_identify(planning) by extension 'colcon_pkg'
[0.148s] Level 1:colcon.colcon_core.package_identification:_identify(planning) by extensions ['colcon_meta']
[0.148s] Level 1:colcon.colcon_core.package_identification:_identify(planning) by extension 'colcon_meta'
[0.148s] Level 1:colcon.colcon_core.package_identification:_identify(planning) by extensions ['ros']
[0.148s] Level 1:colcon.colcon_core.package_identification:_identify(planning) by extension 'ros'
[0.148s] Level 1:colcon.colcon_core.package_identification:_identify(planning) by extensions ['cmake', 'python']
[0.148s] Level 1:colcon.colcon_core.package_identification:_identify(planning) by extension 'cmake'
[0.148s] Level 1:colcon.colcon_core.package_identification:_identify(planning) by extension 'python'
[0.148s] Level 1:colcon.colcon_core.package_identification:_identify(planning) by extensions ['python_setup_py']
[0.148s] Level 1:colcon.colcon_core.package_identification:_identify(planning) by extension 'python_setup_py'
[0.148s] Level 1:colcon.colcon_core.package_identification:_identify(planning/global_planner) by extensions ['ignore', 'ignore_ament_install']
[0.148s] Level 1:colcon.colcon_core.package_identification:_identify(planning/global_planner) by extension 'ignore'
[0.148s] Level 1:colcon.colcon_core.package_identification:_identify(planning/global_planner) by extension 'ignore_ament_install'
[0.149s] Level 1:colcon.colcon_core.package_identification:_identify(planning/global_planner) by extensions ['colcon_pkg']
[0.149s] Level 1:colcon.colcon_core.package_identification:_identify(planning/global_planner) by extension 'colcon_pkg'
[0.149s] Level 1:colcon.colcon_core.package_identification:_identify(planning/global_planner) by extensions ['colcon_meta']
[0.149s] Level 1:colcon.colcon_core.package_identification:_identify(planning/global_planner) by extension 'colcon_meta'
[0.149s] Level 1:colcon.colcon_core.package_identification:_identify(planning/global_planner) by extensions ['ros']
[0.149s] Level 1:colcon.colcon_core.package_identification:_identify(planning/global_planner) by extension 'ros'
[0.149s] DEBUG:colcon.colcon_core.package_identification:Package 'planning/global_planner' with type 'ros.ament_cmake' and name 'global_planner'
[0.149s] Level 1:colcon.colcon_core.package_identification:_identify(planning/python_shims) by extensions ['ignore', 'ignore_ament_install']
[0.149s] Level 1:colcon.colcon_core.package_identification:_identify(planning/python_shims) by extension 'ignore'
[0.149s] Level 1:colcon.colcon_core.package_identification:_identify(planning/python_shims) by extension 'ignore_ament_install'
[0.149s] Level 1:colcon.colcon_core.package_identification:_identify(planning/python_shims) by extensions ['colcon_pkg']
[0.149s] Level 1:colcon.colcon_core.package_identification:_identify(planning/python_shims) by extension 'colcon_pkg'
[0.149s] Level 1:colcon.colcon_core.package_identification:_identify(planning/python_shims) by extensions ['colcon_meta']
[0.149s] Level 1:colcon.colcon_core.package_identification:_identify(planning/python_shims) by extension 'colcon_meta'
[0.149s] Level 1:colcon.colcon_core.package_identification:_identify(planning/python_shims) by extensions ['ros']
[0.149s] Level 1:colcon.colcon_core.package_identification:_identify(planning/python_shims) by extension 'ros'
[0.149s] Level 1:colcon.colcon_core.package_identification:_identify(planning/python_shims) by extensions ['cmake', 'python']
[0.149s] Level 1:colcon.colcon_core.package_identification:_identify(planning/python_shims) by extension 'cmake'
[0.149s] Level 1:colcon.colcon_core.package_identification:_identify(planning/python_shims) by extension 'python'
[0.149s] Level 1:colcon.colcon_core.package_identification:_identify(planning/python_shims) by extensions ['python_setup_py']
[0.149s] Level 1:colcon.colcon_core.package_identification:_identify(planning/python_shims) by extension 'python_setup_py'
[0.149s] Level 1:colcon.colcon_core.package_identification:_identify(planning/python_shims/frenet_conversion) by extensions ['ignore', 'ignore_ament_install']
[0.149s] Level 1:colcon.colcon_core.package_identification:_identify(planning/python_shims/frenet_conversion) by extension 'ignore'
[0.149s] Level 1:colcon.colcon_core.package_identification:_identify(planning/python_shims/frenet_conversion) by extension 'ignore_ament_install'
[0.149s] Level 1:colcon.colcon_core.package_identification:_identify(planning/python_shims/frenet_conversion) by extensions ['colcon_pkg']
[0.149s] Level 1:colcon.colcon_core.package_identification:_identify(planning/python_shims/frenet_conversion) by extension 'colcon_pkg'
[0.149s] Level 1:colcon.colcon_core.package_identification:_identify(planning/python_shims/frenet_conversion) by extensions ['colcon_meta']
[0.149s] Level 1:colcon.colcon_core.package_identification:_identify(planning/python_shims/frenet_conversion) by extension 'colcon_meta'
[0.149s] Level 1:colcon.colcon_core.package_identification:_identify(planning/python_shims/frenet_conversion) by extensions ['ros']
[0.149s] Level 1:colcon.colcon_core.package_identification:_identify(planning/python_shims/frenet_conversion) by extension 'ros'
[0.149s] Level 1:colcon.colcon_core.package_identification:_identify(planning/python_shims/frenet_conversion) by extensions ['cmake', 'python']
[0.149s] Level 1:colcon.colcon_core.package_identification:_identify(planning/python_shims/frenet_conversion) by extension 'cmake'
[0.149s] Level 1:colcon.colcon_core.package_identification:_identify(planning/python_shims/frenet_conversion) by extension 'python'
[0.149s] Level 1:colcon.colcon_core.package_identification:_identify(planning/python_shims/frenet_conversion) by extensions ['python_setup_py']
[0.149s] Level 1:colcon.colcon_core.package_identification:_identify(planning/python_shims/frenet_conversion) by extension 'python_setup_py'
[0.149s] Level 1:colcon.colcon_core.package_identification:_identify(planning/python_shims/frenet_conversion/__pycache__) by extensions ['ignore', 'ignore_ament_install']
[0.149s] Level 1:colcon.colcon_core.package_identification:_identify(planning/python_shims/frenet_conversion/__pycache__) by extension 'ignore'
[0.150s] Level 1:colcon.colcon_core.package_identification:_identify(planning/python_shims/frenet_conversion/__pycache__) by extension 'ignore_ament_install'
[0.150s] Level 1:colcon.colcon_core.package_identification:_identify(planning/python_shims/frenet_conversion/__pycache__) by extensions ['colcon_pkg']
[0.150s] Level 1:colcon.colcon_core.package_identification:_identify(planning/python_shims/frenet_conversion/__pycache__) by extension 'colcon_pkg'
[0.150s] Level 1:colcon.colcon_core.package_identification:_identify(planning/python_shims/frenet_conversion/__pycache__) by extensions ['colcon_meta']
[0.150s] Level 1:colcon.colcon_core.package_identification:_identify(planning/python_shims/frenet_conversion/__pycache__) by extension 'colcon_meta'
[0.150s] Level 1:colcon.colcon_core.package_identification:_identify(planning/python_shims/frenet_conversion/__pycache__) by extensions ['ros']
[0.150s] Level 1:colcon.colcon_core.package_identification:_identify(planning/python_shims/frenet_conversion/__pycache__) by extension 'ros'
[0.150s] Level 1:colcon.colcon_core.package_identification:_identify(planning/python_shims/frenet_conversion/__pycache__) by extensions ['cmake', 'python']
[0.150s] Level 1:colcon.colcon_core.package_identification:_identify(planning/python_shims/frenet_conversion/__pycache__) by extension 'cmake'
[0.150s] Level 1:colcon.colcon_core.package_identification:_identify(planning/python_shims/frenet_conversion/__pycache__) by extension 'python'
[0.150s] Level 1:colcon.colcon_core.package_identification:_identify(planning/python_shims/frenet_conversion/__pycache__) by extensions ['python_setup_py']
[0.150s] Level 1:colcon.colcon_core.package_identification:_identify(planning/python_shims/frenet_conversion/__pycache__) by extension 'python_setup_py'
[0.150s] Level 1:colcon.colcon_core.package_identification:_identify(wpnt_publisher) by extensions ['ignore', 'ignore_ament_install']
[0.150s] Level 1:colcon.colcon_core.package_identification:_identify(wpnt_publisher) by extension 'ignore'
[0.150s] Level 1:colcon.colcon_core.package_identification:_identify(wpnt_publisher) by extension 'ignore_ament_install'
[0.150s] Level 1:colcon.colcon_core.package_identification:_identify(wpnt_publisher) by extensions ['colcon_pkg']
[0.150s] Level 1:colcon.colcon_core.package_identification:_identify(wpnt_publisher) by extension 'colcon_pkg'
[0.150s] Level 1:colcon.colcon_core.package_identification:_identify(wpnt_publisher) by extensions ['colcon_meta']
[0.150s] Level 1:colcon.colcon_core.package_identification:_identify(wpnt_publisher) by extension 'colcon_meta'
[0.150s] Level 1:colcon.colcon_core.package_identification:_identify(wpnt_publisher) by extensions ['ros']
[0.150s] Level 1:colcon.colcon_core.package_identification:_identify(wpnt_publisher) by extension 'ros'
[0.150s] DEBUG:colcon.colcon_core.package_identification:Package 'wpnt_publisher' with type 'ros.ament_cmake' and name 'wpnt_publisher'
[0.150s] Level 1:colcon.colcon_core.package_discovery:discover_packages(recursive) using defaults
[0.150s] Level 1:colcon.colcon_core.package_discovery:discover_packages(ignore) discover
[0.150s] Level 1:colcon.colcon_core.package_discovery:discover_packages(ignore) using defaults
[0.150s] Level 1:colcon.colcon_core.package_discovery:discover_packages(path) discover
[0.150s] Level 1:colcon.colcon_core.package_discovery:discover_packages(path) using defaults
[0.160s] Level 1:colcon.colcon_core.package_discovery:discover_packages(prefix_path) check parameters
[0.160s] Level 1:colcon.colcon_core.package_discovery:discover_packages(prefix_path) discover
[0.161s] DEBUG:colcon.colcon_installed_package_information.package_discovery:Found 5 installed packages in /home/haejum-park/sim_ws/install
[0.162s] DEBUG:colcon.colcon_installed_package_information.package_discovery:Found 27 installed packages in /home/haejum-park/install
[0.162s] DEBUG:colcon.colcon_installed_package_information.package_discovery:Found 372 installed packages in /opt/ros/humble
[0.163s] Level 1:colcon.colcon_core.package_discovery:discover_packages(prefix_path) using defaults
[0.182s] Level 5:colcon.colcon_core.verb:set package 'amcl_localization' build argument 'cmake_args' from command line to 'None'
[0.182s] Level 5:colcon.colcon_core.verb:set package 'amcl_localization' build argument 'cmake_target' from command line to 'None'
[0.182s] Level 5:colcon.colcon_core.verb:set package 'amcl_localization' build argument 'cmake_target_skip_unavailable' from command line to 'False'
[0.182s] Level 5:colcon.colcon_core.verb:set package 'amcl_localization' build argument 'cmake_clean_cache' from command line to 'False'
[0.182s] Level 5:colcon.colcon_core.verb:set package 'amcl_localization' build argument 'cmake_clean_first' from command line to 'False'
[0.182s] Level 5:colcon.colcon_core.verb:set package 'amcl_localization' build argument 'cmake_force_configure' from command line to 'False'
[0.182s] Level 5:colcon.colcon_core.verb:set package 'amcl_localization' build argument 'ament_cmake_args' from command line to 'None'
[0.182s] Level 5:colcon.colcon_core.verb:set package 'amcl_localization' build argument 'catkin_cmake_args' from command line to 'None'
[0.182s] Level 5:colcon.colcon_core.verb:set package 'amcl_localization' build argument 'catkin_skip_building_tests' from command line to 'False'
[0.182s] DEBUG:colcon.colcon_core.verb:Building package 'amcl_localization' with the following arguments: {'ament_cmake_args': None, 'build_base': '/home/haejum-park/2026_IFAC/build/amcl_localization', 'catkin_cmake_args': None, 'catkin_skip_building_tests': False, 'cmake_args': None, 'cmake_clean_cache': False, 'cmake_clean_first': False, 'cmake_force_configure': False, 'cmake_target': None, 'cmake_target_skip_unavailable': False, 'install_base': '/home/haejum-park/2026_IFAC/install/amcl_localization', 'merge_install': False, 'path': '/home/haejum-park/2026_IFAC/amcl_localization', 'symlink_install': False, 'test_result_base': None}
[0.182s] Level 5:colcon.colcon_core.verb:set package 'f110_msgs' build argument 'cmake_args' from command line to 'None'
[0.182s] Level 5:colcon.colcon_core.verb:set package 'f110_msgs' build argument 'cmake_target' from command line to 'None'
[0.182s] Level 5:colcon.colcon_core.verb:set package 'f110_msgs' build argument 'cmake_target_skip_unavailable' from command line to 'False'
[0.182s] Level 5:colcon.colcon_core.verb:set package 'f110_msgs' build argument 'cmake_clean_cache' from command line to 'False'
[0.182s] Level 5:colcon.colcon_core.verb:set package 'f110_msgs' build argument 'cmake_clean_first' from command line to 'False'
[0.182s] Level 5:colcon.colcon_core.verb:set package 'f110_msgs' build argument 'cmake_force_configure' from command line to 'False'
[0.182s] Level 5:colcon.colcon_core.verb:set package 'f110_msgs' build argument 'ament_cmake_args' from command line to 'None'
[0.182s] Level 5:colcon.colcon_core.verb:set package 'f110_msgs' build argument 'catkin_cmake_args' from command line to 'None'
[0.182s] Level 5:colcon.colcon_core.verb:set package 'f110_msgs' build argument 'catkin_skip_building_tests' from command line to 'False'
[0.182s] DEBUG:colcon.colcon_core.verb:Building package 'f110_msgs' with the following arguments: {'ament_cmake_args': None, 'build_base': '/home/haejum-park/2026_IFAC/build/f110_msgs', 'catkin_cmake_args': None, 'catkin_skip_building_tests': False, 'cmake_args': None, 'cmake_clean_cache': False, 'cmake_clean_first': False, 'cmake_force_configure': False, 'cmake_target': None, 'cmake_target_skip_unavailable': False, 'install_base': '/home/haejum-park/2026_IFAC/install/f110_msgs', 'merge_install': False, 'path': '/home/haejum-park/2026_IFAC/f110_msgs', 'symlink_install': False, 'test_result_base': None}
[0.183s] Level 5:colcon.colcon_core.verb:set package 'lap_timer' build argument 'cmake_args' from command line to 'None'
[0.183s] Level 5:colcon.colcon_core.verb:set package 'lap_timer' build argument 'cmake_target' from command line to 'None'
[0.183s] Level 5:colcon.colcon_core.verb:set package 'lap_timer' build argument 'cmake_target_skip_unavailable' from command line to 'False'
[0.183s] Level 5:colcon.colcon_core.verb:set package 'lap_timer' build argument 'cmake_clean_cache' from command line to 'False'
[0.183s] Level 5:colcon.colcon_core.verb:set package 'lap_timer' build argument 'cmake_clean_first' from command line to 'False'
[0.183s] Level 5:colcon.colcon_core.verb:set package 'lap_timer' build argument 'cmake_force_configure' from command line to 'False'
[0.183s] Level 5:colcon.colcon_core.verb:set package 'lap_timer' build argument 'ament_cmake_args' from command line to 'None'
[0.183s] Level 5:colcon.colcon_core.verb:set package 'lap_timer' build argument 'catkin_cmake_args' from command line to 'None'
[0.183s] Level 5:colcon.colcon_core.verb:set package 'lap_timer' build argument 'catkin_skip_building_tests' from command line to 'False'
[0.183s] DEBUG:colcon.colcon_core.verb:Building package 'lap_timer' with the following arguments: {'ament_cmake_args': None, 'build_base': '/home/haejum-park/2026_IFAC/build/lap_timer', 'catkin_cmake_args': None, 'catkin_skip_building_tests': False, 'cmake_args': None, 'cmake_clean_cache': False, 'cmake_clean_first': False, 'cmake_force_configure': False, 'cmake_target': None, 'cmake_target_skip_unavailable': False, 'install_base': '/home/haejum-park/2026_IFAC/install/lap_timer', 'merge_install': False, 'path': '/home/haejum-park/2026_IFAC/lap_timer', 'symlink_install': False, 'test_result_base': None}
[0.183s] Level 5:colcon.colcon_core.verb:set package 'new_map_con' build argument 'cmake_args' from command line to 'None'
[0.183s] Level 5:colcon.colcon_core.verb:set package 'new_map_con' build argument 'cmake_target' from command line to 'None'
[0.183s] Level 5:colcon.colcon_core.verb:set package 'new_map_con' build argument 'cmake_target_skip_unavailable' from command line to 'False'
[0.183s] Level 5:colcon.colcon_core.verb:set package 'new_map_con' build argument 'cmake_clean_cache' from command line to 'False'
[0.183s] Level 5:colcon.colcon_core.verb:set package 'new_map_con' build argument 'cmake_clean_first' from command line to 'False'
[0.183s] Level 5:colcon.colcon_core.verb:set package 'new_map_con' build argument 'cmake_force_configure' from command line to 'False'
[0.183s] Level 5:colcon.colcon_core.verb:set package 'new_map_con' build argument 'ament_cmake_args' from command line to 'None'
[0.183s] Level 5:colcon.colcon_core.verb:set package 'new_map_con' build argument 'catkin_cmake_args' from command line to 'None'
[0.183s] Level 5:colcon.colcon_core.verb:set package 'new_map_con' build argument 'catkin_skip_building_tests' from command line to 'False'
[0.183s] DEBUG:colcon.colcon_core.verb:Building package 'new_map_con' with the following arguments: {'ament_cmake_args': None, 'build_base': '/home/haejum-park/2026_IFAC/build/new_map_con', 'catkin_cmake_args': None, 'catkin_skip_building_tests': False, 'cmake_args': None, 'cmake_clean_cache': False, 'cmake_clean_first': False, 'cmake_force_configure': False, 'cmake_target': None, 'cmake_target_skip_unavailable': False, 'install_base': '/home/haejum-park/2026_IFAC/install/new_map_con', 'merge_install': False, 'path': '/home/haejum-park/2026_IFAC/new_map_con', 'symlink_install': False, 'test_result_base': None}
[0.183s] Level 5:colcon.colcon_core.verb:set package 'particle_filter_cpp' build argument 'cmake_args' from command line to 'None'
[0.183s] Level 5:colcon.colcon_core.verb:set package 'particle_filter_cpp' build argument 'cmake_target' from command line to 'None'
[0.183s] Level 5:colcon.colcon_core.verb:set package 'particle_filter_cpp' build argument 'cmake_target_skip_unavailable' from command line to 'False'
[0.183s] Level 5:colcon.colcon_core.verb:set package 'particle_filter_cpp' build argument 'cmake_clean_cache' from command line to 'False'
[0.183s] Level 5:colcon.colcon_core.verb:set package 'particle_filter_cpp' build argument 'cmake_clean_first' from command line to 'False'
[0.183s] Level 5:colcon.colcon_core.verb:set package 'particle_filter_cpp' build argument 'cmake_force_configure' from command line to 'False'
[0.183s] Level 5:colcon.colcon_core.verb:set package 'particle_filter_cpp' build argument 'ament_cmake_args' from command line to 'None'
[0.183s] Level 5:colcon.colcon_core.verb:set package 'particle_filter_cpp' build argument 'catkin_cmake_args' from command line to 'None'
[0.183s] Level 5:colcon.colcon_core.verb:set package 'particle_filter_cpp' build argument 'catkin_skip_building_tests' from command line to 'False'
[0.183s] DEBUG:colcon.colcon_core.verb:Building package 'particle_filter_cpp' with the following arguments: {'ament_cmake_args': None, 'build_base': '/home/haejum-park/2026_IFAC/build/particle_filter_cpp', 'catkin_cmake_args': None, 'catkin_skip_building_tests': False, 'cmake_args': None, 'cmake_clean_cache': False, 'cmake_clean_first': False, 'cmake_force_configure': False, 'cmake_target': None, 'cmake_target_skip_unavailable': False, 'install_base': '/home/haejum-park/2026_IFAC/install/particle_filter_cpp', 'merge_install': False, 'path': '/home/haejum-park/2026_IFAC/monte_carlo_localization', 'symlink_install': False, 'test_result_base': None}
[0.183s] Level 5:colcon.colcon_core.verb:set package 'global_planner' build argument 'cmake_args' from command line to 'None'
[0.183s] Level 5:colcon.colcon_core.verb:set package 'global_planner' build argument 'cmake_target' from command line to 'None'
[0.183s] Level 5:colcon.colcon_core.verb:set package 'global_planner' build argument 'cmake_target_skip_unavailable' from command line to 'False'
[0.183s] Level 5:colcon.colcon_core.verb:set package 'global_planner' build argument 'cmake_clean_cache' from command line to 'False'
[0.183s] Level 5:colcon.colcon_core.verb:set package 'global_planner' build argument 'cmake_clean_first' from command line to 'False'
[0.183s] Level 5:colcon.colcon_core.verb:set package 'global_planner' build argument 'cmake_force_configure' from command line to 'False'
[0.183s] Level 5:colcon.colcon_core.verb:set package 'global_planner' build argument 'ament_cmake_args' from command line to 'None'
[0.183s] Level 5:colcon.colcon_core.verb:set package 'global_planner' build argument 'catkin_cmake_args' from command line to 'None'
[0.183s] Level 5:colcon.colcon_core.verb:set package 'global_planner' build argument 'catkin_skip_building_tests' from command line to 'False'
[0.183s] DEBUG:colcon.colcon_core.verb:Building package 'global_planner' with the following arguments: {'ament_cmake_args': None, 'build_base': '/home/haejum-park/2026_IFAC/build/global_planner', 'catkin_cmake_args': None, 'catkin_skip_building_tests': False, 'cmake_args': None, 'cmake_clean_cache': False, 'cmake_clean_first': False, 'cmake_force_configure': False, 'cmake_target': None, 'cmake_target_skip_unavailable': False, 'install_base': '/home/haejum-park/2026_IFAC/install/global_planner', 'merge_install': False, 'path': '/home/haejum-park/2026_IFAC/planning/global_planner', 'symlink_install': False, 'test_result_base': None}
[0.183s] Level 5:colcon.colcon_core.verb:set package 'wpnt_publisher' build argument 'cmake_args' from command line to 'None'
[0.183s] Level 5:colcon.colcon_core.verb:set package 'wpnt_publisher' build argument 'cmake_target' from command line to 'None'
[0.183s] Level 5:colcon.colcon_core.verb:set package 'wpnt_publisher' build argument 'cmake_target_skip_unavailable' from command line to 'False'
[0.183s] Level 5:colcon.colcon_core.verb:set package 'wpnt_publisher' build argument 'cmake_clean_cache' from command line to 'False'
[0.183s] Level 5:colcon.colcon_core.verb:set package 'wpnt_publisher' build argument 'cmake_clean_first' from command line to 'False'
[0.183s] Level 5:colcon.colcon_core.verb:set package 'wpnt_publisher' build argument 'cmake_force_configure' from command line to 'False'
[0.183s] Level 5:colcon.colcon_core.verb:set package 'wpnt_publisher' build argument 'ament_cmake_args' from command line to 'None'
[0.183s] Level 5:colcon.colcon_core.verb:set package 'wpnt_publisher' build argument 'catkin_cmake_args' from command line to 'None'
[0.183s] Level 5:colcon.colcon_core.verb:set package 'wpnt_publisher' build argument 'catkin_skip_building_tests' from command line to 'False'
[0.183s] DEBUG:colcon.colcon_core.verb:Building package 'wpnt_publisher' with the following arguments: {'ament_cmake_args': None, 'build_base': '/home/haejum-park/2026_IFAC/build/wpnt_publisher', 'catkin_cmake_args': None, 'catkin_skip_building_tests': False, 'cmake_args': None, 'cmake_clean_cache': False, 'cmake_clean_first': False, 'cmake_force_configure': False, 'cmake_target': None, 'cmake_target_skip_unavailable': False, 'install_base': '/home/haejum-park/2026_IFAC/install/wpnt_publisher', 'merge_install': False, 'path': '/home/haejum-park/2026_IFAC/wpnt_publisher', 'symlink_install': False, 'test_result_base': None}
[0.183s] INFO:colcon.colcon_core.executor:Executing jobs using 'parallel' executor
[0.184s] DEBUG:colcon.colcon_parallel_executor.executor.parallel:run_until_complete
[0.184s] INFO:colcon.colcon_ros.task.ament_cmake.build:Building ROS package in '/home/haejum-park/2026_IFAC/f110_msgs' with build type 'ament_cmake'
[0.185s] INFO:colcon.colcon_cmake.task.cmake.build:Building CMake package in '/home/haejum-park/2026_IFAC/f110_msgs'
[0.186s] INFO:colcon.colcon_core.plugin_system:Skipping extension 'colcon_core.shell.bat': Not used on non-Windows systems
[0.186s] INFO:colcon.colcon_core.shell:Skip shell extension 'powershell' for command environment: Not usable outside of PowerShell
[0.186s] DEBUG:colcon.colcon_core.shell:Skip shell extension 'dsv' for command environment
[0.189s] INFO:colcon.colcon_ros.task.ament_python.build:Building ROS package in '/home/haejum-park/2026_IFAC/amcl_localization' with build type 'ament_python'
[0.189s] Level 1:colcon.colcon_core.shell:create_environment_hook('amcl_localization', 'ament_prefix_path')
[0.189s] INFO:colcon.colcon_core.shell:Creating environment hook '/home/haejum-park/2026_IFAC/install/amcl_localization/share/amcl_localization/hook/ament_prefix_path.ps1'
[0.189s] INFO:colcon.colcon_core.shell:Creating environment descriptor '/home/haejum-park/2026_IFAC/install/amcl_localization/share/amcl_localization/hook/ament_prefix_path.dsv'
[0.189s] INFO:colcon.colcon_core.shell:Creating environment hook '/home/haejum-park/2026_IFAC/install/amcl_localization/share/amcl_localization/hook/ament_prefix_path.sh'
[0.190s] INFO:colcon.colcon_core.shell:Skip shell extension 'powershell' for command environment: Not usable outside of PowerShell
[0.190s] DEBUG:colcon.colcon_core.shell:Skip shell extension 'dsv' for command environment
[0.192s] INFO:colcon.colcon_ros.task.ament_python.build:Building ROS package in '/home/haejum-park/2026_IFAC/lap_timer' with build type 'ament_python'
[0.192s] Level 1:colcon.colcon_core.shell:create_environment_hook('lap_timer', 'ament_prefix_path')
[0.192s] INFO:colcon.colcon_core.shell:Creating environment hook '/home/haejum-park/2026_IFAC/install/lap_timer/share/lap_timer/hook/ament_prefix_path.ps1'
[0.192s] INFO:colcon.colcon_core.shell:Creating environment descriptor '/home/haejum-park/2026_IFAC/install/lap_timer/share/lap_timer/hook/ament_prefix_path.dsv'
[0.192s] INFO:colcon.colcon_core.shell:Creating environment hook '/home/haejum-park/2026_IFAC/install/lap_timer/share/lap_timer/hook/ament_prefix_path.sh'
[0.193s] INFO:colcon.colcon_core.shell:Skip shell extension 'powershell' for command environment: Not usable outside of PowerShell
[0.193s] DEBUG:colcon.colcon_core.shell:Skip shell extension 'dsv' for command environment
[0.194s] INFO:colcon.colcon_ros.task.ament_python.build:Building ROS package in '/home/haejum-park/2026_IFAC/new_map_con' with build type 'ament_python'
[0.194s] Level 1:colcon.colcon_core.shell:create_environment_hook('new_map_con', 'ament_prefix_path')
[0.195s] INFO:colcon.colcon_core.shell:Creating environment hook '/home/haejum-park/2026_IFAC/install/new_map_con/share/new_map_con/hook/ament_prefix_path.ps1'
[0.195s] INFO:colcon.colcon_core.shell:Creating environment descriptor '/home/haejum-park/2026_IFAC/install/new_map_con/share/new_map_con/hook/ament_prefix_path.dsv'
[0.195s] INFO:colcon.colcon_core.shell:Creating environment hook '/home/haejum-park/2026_IFAC/install/new_map_con/share/new_map_con/hook/ament_prefix_path.sh'
[0.195s] INFO:colcon.colcon_core.shell:Skip shell extension 'powershell' for command environment: Not usable outside of PowerShell
[0.195s] DEBUG:colcon.colcon_core.shell:Skip shell extension 'dsv' for command environment
[0.197s] INFO:colcon.colcon_ros.task.ament_cmake.build:Building ROS package in '/home/haejum-park/2026_IFAC/monte_carlo_localization' with build type 'ament_cmake'
[0.197s] INFO:colcon.colcon_cmake.task.cmake.build:Building CMake package in '/home/haejum-park/2026_IFAC/monte_carlo_localization'
[0.197s] INFO:colcon.colcon_core.shell:Skip shell extension 'powershell' for command environment: Not usable outside of PowerShell
[0.197s] DEBUG:colcon.colcon_core.shell:Skip shell extension 'dsv' for command environment
[0.202s] DEBUG:colcon.colcon_core.event_handler.log_command:Invoking command in '/home/haejum-park/2026_IFAC/build/f110_msgs': CMAKE_PREFIX_PATH=${CMAKE_PREFIX_PATH}:/home/haejum-park/sim_ws/install/f1tenth_gym_ros:/home/haejum-park/install/launch_testing_examples:/home/haejum-park/install/examples_rclpy_pointcloud_publisher:/home/haejum-park/install/examples_rclpy_minimal_subscriber:/home/haejum-park/install/examples_rclpy_minimal_service:/home/haejum-park/install/examples_rclpy_minimal_publisher:/home/haejum-park/install/examples_rclpy_minimal_client:/home/haejum-park/install/examples_rclpy_minimal_action_server:/home/haejum-park/install/examples_rclpy_minimal_action_client:/home/haejum-park/install/examples_rclpy_guard_conditions:/home/haejum-park/install/examples_rclpy_executors:/opt/ros/humble /usr/bin/cmake /home/haejum-park/2026_IFAC/f110_msgs -DCMAKE_INSTALL_PREFIX=/home/haejum-park/2026_IFAC/install/f110_msgs
[0.336s] INFO:colcon.colcon_core.task.python.build:Building Python package in '/home/haejum-park/2026_IFAC/amcl_localization'
[0.336s] INFO:colcon.colcon_core.shell:Skip shell extension 'powershell' for command environment: Not usable outside of PowerShell
[0.336s] DEBUG:colcon.colcon_core.shell:Skip shell extension 'dsv' for command environment
[0.469s] INFO:colcon.colcon_core.task.python.build:Building Python package in '/home/haejum-park/2026_IFAC/lap_timer'
[0.469s] INFO:colcon.colcon_core.shell:Skip shell extension 'powershell' for command environment: Not usable outside of PowerShell
[0.470s] DEBUG:colcon.colcon_core.shell:Skip shell extension 'dsv' for command environment
[0.601s] INFO:colcon.colcon_core.task.python.build:Building Python package in '/home/haejum-park/2026_IFAC/new_map_con'
[0.602s] INFO:colcon.colcon_core.shell:Skip shell extension 'powershell' for command environment: Not usable outside of PowerShell
[0.602s] DEBUG:colcon.colcon_core.shell:Skip shell extension 'dsv' for command environment
[0.607s] DEBUG:colcon.colcon_core.event_handler.log_command:Invoking command in '/home/haejum-park/2026_IFAC/build/particle_filter_cpp': CMAKE_PREFIX_PATH=${CMAKE_PREFIX_PATH}:/home/haejum-park/sim_ws/install/f1tenth_gym_ros:/home/haejum-park/install/launch_testing_examples:/home/haejum-park/install/examples_rclpy_pointcloud_publisher:/home/haejum-park/install/examples_rclpy_minimal_subscriber:/home/haejum-park/install/examples_rclpy_minimal_service:/home/haejum-park/install/examples_rclpy_minimal_publisher:/home/haejum-park/install/examples_rclpy_minimal_client:/home/haejum-park/install/examples_rclpy_minimal_action_server:/home/haejum-park/install/examples_rclpy_minimal_action_client:/home/haejum-park/install/examples_rclpy_guard_conditions:/home/haejum-park/install/examples_rclpy_executors:/opt/ros/humble /usr/bin/cmake /home/haejum-park/2026_IFAC/monte_carlo_localization -DCMAKE_INSTALL_PREFIX=/home/haejum-park/2026_IFAC/install/particle_filter_cpp
[0.797s] DEBUG:colcon.colcon_core.event_handler.log_command:Invoking command in '/home/haejum-park/2026_IFAC/build/new_map_con': PYTHONPATH=/home/haejum-park/2026_IFAC/build/new_map_con/prefix_override:/usr/lib/python3/dist-packages/colcon_core/task/python/colcon_distutils_commands:/home/haejum-park/2026_IFAC/install/new_map_con/lib/python3.10/site-packages:${PYTHONPATH} /usr/bin/python3 -W ignore:setup.py install is deprecated -W ignore:easy_install command is deprecated setup.py develop --uninstall --editable --build-directory /home/haejum-park/2026_IFAC/build/new_map_con/build
[0.798s] DEBUG:colcon.colcon_core.event_handler.log_command:Invoking command in '/home/haejum-park/2026_IFAC/build/amcl_localization': PYTHONPATH=/home/haejum-park/2026_IFAC/build/amcl_localization/prefix_override:/usr/lib/python3/dist-packages/colcon_core/task/python/colcon_distutils_commands:/home/haejum-park/2026_IFAC/install/amcl_localization/lib/python3.10/site-packages:${PYTHONPATH} /usr/bin/python3 -W ignore:setup.py install is deprecated -W ignore:easy_install command is deprecated setup.py develop --uninstall --editable --build-directory /home/haejum-park/2026_IFAC/build/amcl_localization/build
[0.798s] DEBUG:colcon.colcon_core.event_handler.log_command:Invoking command in '/home/haejum-park/2026_IFAC/build/lap_timer': PYTHONPATH=/home/haejum-park/2026_IFAC/build/lap_timer/prefix_override:/usr/lib/python3/dist-packages/colcon_core/task/python/colcon_distutils_commands:/home/haejum-park/2026_IFAC/install/lap_timer/lib/python3.10/site-packages:${PYTHONPATH} /usr/bin/python3 -W ignore:setup.py install is deprecated -W ignore:easy_install command is deprecated setup.py develop --uninstall --editable --build-directory /home/haejum-park/2026_IFAC/build/lap_timer/build
[1.019s] DEBUG:colcon.colcon_core.event_handler.log_command:Invoked command in '/home/haejum-park/2026_IFAC/build/amcl_localization' returned '0': PYTHONPATH=/home/haejum-park/2026_IFAC/build/amcl_localization/prefix_override:/usr/lib/python3/dist-packages/colcon_core/task/python/colcon_distutils_commands:/home/haejum-park/2026_IFAC/install/amcl_localization/lib/python3.10/site-packages:${PYTHONPATH} /usr/bin/python3 -W ignore:setup.py install is deprecated -W ignore:easy_install command is deprecated setup.py develop --uninstall --editable --build-directory /home/haejum-park/2026_IFAC/build/amcl_localization/build
[1.020s] DEBUG:colcon.colcon_core.event_handler.log_command:Invoking command in '/home/haejum-park/2026_IFAC/amcl_localization': PYTHONPATH=/home/haejum-park/2026_IFAC/build/amcl_localization/prefix_override:/usr/lib/python3/dist-packages/colcon_core/task/python/colcon_distutils_commands:/home/haejum-park/2026_IFAC/install/amcl_localization/lib/python3.10/site-packages:${PYTHONPATH} /usr/bin/python3 -W ignore:setup.py install is deprecated -W ignore:easy_install command is deprecated setup.py egg_info --egg-base ../build/amcl_localization build --build-base /home/haejum-park/2026_IFAC/build/amcl_localization/build install --record /home/haejum-park/2026_IFAC/build/amcl_localization/install.log --single-version-externally-managed install_data --force
[1.020s] DEBUG:colcon.colcon_core.event_handler.log_command:Invoked command in '/home/haejum-park/2026_IFAC/build/new_map_con' returned '0': PYTHONPATH=/home/haejum-park/2026_IFAC/build/new_map_con/prefix_override:/usr/lib/python3/dist-packages/colcon_core/task/python/colcon_distutils_commands:/home/haejum-park/2026_IFAC/install/new_map_con/lib/python3.10/site-packages:${PYTHONPATH} /usr/bin/python3 -W ignore:setup.py install is deprecated -W ignore:easy_install command is deprecated setup.py develop --uninstall --editable --build-directory /home/haejum-park/2026_IFAC/build/new_map_con/build
[1.021s] DEBUG:colcon.colcon_core.event_handler.log_command:Invoking command in '/home/haejum-park/2026_IFAC/new_map_con': PYTHONPATH=/home/haejum-park/2026_IFAC/build/new_map_con/prefix_override:/usr/lib/python3/dist-packages/colcon_core/task/python/colcon_distutils_commands:/home/haejum-park/2026_IFAC/install/new_map_con/lib/python3.10/site-packages:${PYTHONPATH} /usr/bin/python3 -W ignore:setup.py install is deprecated -W ignore:easy_install command is deprecated setup.py egg_info --egg-base ../build/new_map_con build --build-base /home/haejum-park/2026_IFAC/build/new_map_con/build install --record /home/haejum-park/2026_IFAC/build/new_map_con/install.log --single-version-externally-managed install_data --force
[1.022s] DEBUG:colcon.colcon_core.event_handler.log_command:Invoked command in '/home/haejum-park/2026_IFAC/build/lap_timer' returned '0': PYTHONPATH=/home/haejum-park/2026_IFAC/build/lap_timer/prefix_override:/usr/lib/python3/dist-packages/colcon_core/task/python/colcon_distutils_commands:/home/haejum-park/2026_IFAC/install/lap_timer/lib/python3.10/site-packages:${PYTHONPATH} /usr/bin/python3 -W ignore:setup.py install is deprecated -W ignore:easy_install command is deprecated setup.py develop --uninstall --editable --build-directory /home/haejum-park/2026_IFAC/build/lap_timer/build
[1.023s] DEBUG:colcon.colcon_core.event_handler.log_command:Invoking command in '/home/haejum-park/2026_IFAC/lap_timer': PYTHONPATH=/home/haejum-park/2026_IFAC/build/lap_timer/prefix_override:/usr/lib/python3/dist-packages/colcon_core/task/python/colcon_distutils_commands:/home/haejum-park/2026_IFAC/install/lap_timer/lib/python3.10/site-packages:${PYTHONPATH} /usr/bin/python3 -W ignore:setup.py install is deprecated -W ignore:easy_install command is deprecated setup.py egg_info --egg-base ../build/lap_timer build --build-base /home/haejum-park/2026_IFAC/build/lap_timer/build install --record /home/haejum-park/2026_IFAC/build/lap_timer/install.log --single-version-externally-managed install_data --force
[1.029s] DEBUG:colcon.colcon_core.event_handler.log_command:Invoked command in '/home/haejum-park/2026_IFAC/build/particle_filter_cpp' returned '0': CMAKE_PREFIX_PATH=${CMAKE_PREFIX_PATH}:/home/haejum-park/sim_ws/install/f1tenth_gym_ros:/home/haejum-park/install/launch_testing_examples:/home/haejum-park/install/examples_rclpy_pointcloud_publisher:/home/haejum-park/install/examples_rclpy_minimal_subscriber:/home/haejum-park/install/examples_rclpy_minimal_service:/home/haejum-park/install/examples_rclpy_minimal_publisher:/home/haejum-park/install/examples_rclpy_minimal_client:/home/haejum-park/install/examples_rclpy_minimal_action_server:/home/haejum-park/install/examples_rclpy_minimal_action_client:/home/haejum-park/install/examples_rclpy_guard_conditions:/home/haejum-park/install/examples_rclpy_executors:/opt/ros/humble /usr/bin/cmake /home/haejum-park/2026_IFAC/monte_carlo_localization -DCMAKE_INSTALL_PREFIX=/home/haejum-park/2026_IFAC/install/particle_filter_cpp
[1.029s] DEBUG:colcon.colcon_core.event_handler.log_command:Invoking command in '/home/haejum-park/2026_IFAC/build/particle_filter_cpp': CMAKE_PREFIX_PATH=${CMAKE_PREFIX_PATH}:/home/haejum-park/sim_ws/install/f1tenth_gym_ros:/home/haejum-park/install/launch_testing_examples:/home/haejum-park/install/examples_rclpy_pointcloud_publisher:/home/haejum-park/install/examples_rclpy_minimal_subscriber:/home/haejum-park/install/examples_rclpy_minimal_service:/home/haejum-park/install/examples_rclpy_minimal_publisher:/home/haejum-park/install/examples_rclpy_minimal_client:/home/haejum-park/install/examples_rclpy_minimal_action_server:/home/haejum-park/install/examples_rclpy_minimal_action_client:/home/haejum-park/install/examples_rclpy_guard_conditions:/home/haejum-park/install/examples_rclpy_executors:/opt/ros/humble /usr/bin/cmake --build /home/haejum-park/2026_IFAC/build/particle_filter_cpp -- -j14 -l14
[1.039s] DEBUG:colcon.colcon_core.event_handler.log_command:Invoked command in '/home/haejum-park/2026_IFAC/build/f110_msgs' returned '0': CMAKE_PREFIX_PATH=${CMAKE_PREFIX_PATH}:/home/haejum-park/sim_ws/install/f1tenth_gym_ros:/home/haejum-park/install/launch_testing_examples:/home/haejum-park/install/examples_rclpy_pointcloud_publisher:/home/haejum-park/install/examples_rclpy_minimal_subscriber:/home/haejum-park/install/examples_rclpy_minimal_service:/home/haejum-park/install/examples_rclpy_minimal_publisher:/home/haejum-park/install/examples_rclpy_minimal_client:/home/haejum-park/install/examples_rclpy_minimal_action_server:/home/haejum-park/install/examples_rclpy_minimal_action_client:/home/haejum-park/install/examples_rclpy_guard_conditions:/home/haejum-park/install/examples_rclpy_executors:/opt/ros/humble /usr/bin/cmake /home/haejum-park/2026_IFAC/f110_msgs -DCMAKE_INSTALL_PREFIX=/home/haejum-park/2026_IFAC/install/f110_msgs
[1.040s] DEBUG:colcon.colcon_core.event_handler.log_command:Invoking command in '/home/haejum-park/2026_IFAC/build/f110_msgs': CMAKE_PREFIX_PATH=${CMAKE_PREFIX_PATH}:/home/haejum-park/sim_ws/install/f1tenth_gym_ros:/home/haejum-park/install/launch_testing_examples:/home/haejum-park/install/examples_rclpy_pointcloud_publisher:/home/haejum-park/install/examples_rclpy_minimal_subscriber:/home/haejum-park/install/examples_rclpy_minimal_service:/home/haejum-park/install/examples_rclpy_minimal_publisher:/home/haejum-park/install/examples_rclpy_minimal_client:/home/haejum-park/install/examples_rclpy_minimal_action_server:/home/haejum-park/install/examples_rclpy_minimal_action_client:/home/haejum-park/install/examples_rclpy_guard_conditions:/home/haejum-park/install/examples_rclpy_executors:/opt/ros/humble /usr/bin/cmake --build /home/haejum-park/2026_IFAC/build/f110_msgs -- -j14 -l14
[1.089s] DEBUG:colcon.colcon_core.event_handler.log_command:Invoked command in '/home/haejum-park/2026_IFAC/build/particle_filter_cpp' returned '0': CMAKE_PREFIX_PATH=${CMAKE_PREFIX_PATH}:/home/haejum-park/sim_ws/install/f1tenth_gym_ros:/home/haejum-park/install/launch_testing_examples:/home/haejum-park/install/examples_rclpy_pointcloud_publisher:/home/haejum-park/install/examples_rclpy_minimal_subscriber:/home/haejum-park/install/examples_rclpy_minimal_service:/home/haejum-park/install/examples_rclpy_minimal_publisher:/home/haejum-park/install/examples_rclpy_minimal_client:/home/haejum-park/install/examples_rclpy_minimal_action_server:/home/haejum-park/install/examples_rclpy_minimal_action_client:/home/haejum-park/install/examples_rclpy_guard_conditions:/home/haejum-park/install/examples_rclpy_executors:/opt/ros/humble /usr/bin/cmake --build /home/haejum-park/2026_IFAC/build/particle_filter_cpp -- -j14 -l14
[1.094s] DEBUG:colcon.colcon_core.event_handler.log_command:Invoking command in '/home/haejum-park/2026_IFAC/build/particle_filter_cpp': CMAKE_PREFIX_PATH=${CMAKE_PREFIX_PATH}:/home/haejum-park/sim_ws/install/f1tenth_gym_ros:/home/haejum-park/install/launch_testing_examples:/home/haejum-park/install/examples_rclpy_pointcloud_publisher:/home/haejum-park/install/examples_rclpy_minimal_subscriber:/home/haejum-park/install/examples_rclpy_minimal_service:/home/haejum-park/install/examples_rclpy_minimal_publisher:/home/haejum-park/install/examples_rclpy_minimal_client:/home/haejum-park/install/examples_rclpy_minimal_action_server:/home/haejum-park/install/examples_rclpy_minimal_action_client:/home/haejum-park/install/examples_rclpy_guard_conditions:/home/haejum-park/install/examples_rclpy_executors:/opt/ros/humble /usr/bin/cmake --install /home/haejum-park/2026_IFAC/build/particle_filter_cpp
[1.105s] Level 1:colcon.colcon_core.environment:create_environment_scripts_only(particle_filter_cpp)
[1.106s] DEBUG:colcon.colcon_core.event_handler.log_command:Invoked command in '/home/haejum-park/2026_IFAC/build/particle_filter_cpp' returned '0': CMAKE_PREFIX_PATH=${CMAKE_PREFIX_PATH}:/home/haejum-park/sim_ws/install/f1tenth_gym_ros:/home/haejum-park/install/launch_testing_examples:/home/haejum-park/install/examples_rclpy_pointcloud_publisher:/home/haejum-park/install/examples_rclpy_minimal_subscriber:/home/haejum-park/install/examples_rclpy_minimal_service:/home/haejum-park/install/examples_rclpy_minimal_publisher:/home/haejum-park/install/examples_rclpy_minimal_client:/home/haejum-park/install/examples_rclpy_minimal_action_server:/home/haejum-park/install/examples_rclpy_minimal_action_client:/home/haejum-park/install/examples_rclpy_guard_conditions:/home/haejum-park/install/examples_rclpy_executors:/opt/ros/humble /usr/bin/cmake --install /home/haejum-park/2026_IFAC/build/particle_filter_cpp
[1.107s] Level 1:colcon.colcon_core.environment:checking '/home/haejum-park/2026_IFAC/install/particle_filter_cpp' for CMake module files
[1.107s] Level 1:colcon.colcon_core.environment:checking '/home/haejum-park/2026_IFAC/install/particle_filter_cpp' for CMake config files
[1.108s] Level 1:colcon.colcon_core.shell:create_environment_hook('particle_filter_cpp', 'cmake_prefix_path')
[1.108s] INFO:colcon.colcon_core.shell:Creating environment hook '/home/haejum-park/2026_IFAC/install/particle_filter_cpp/share/particle_filter_cpp/hook/cmake_prefix_path.ps1'
[1.108s] INFO:colcon.colcon_core.shell:Creating environment descriptor '/home/haejum-park/2026_IFAC/install/particle_filter_cpp/share/particle_filter_cpp/hook/cmake_prefix_path.dsv'
[1.108s] INFO:colcon.colcon_core.shell:Creating environment hook '/home/haejum-park/2026_IFAC/install/particle_filter_cpp/share/particle_filter_cpp/hook/cmake_prefix_path.sh'
[1.108s] Level 1:colcon.colcon_core.environment:checking '/home/haejum-park/2026_IFAC/install/particle_filter_cpp/lib'
[1.109s] Level 1:colcon.colcon_core.shell:create_environment_hook('particle_filter_cpp', 'ld_library_path_lib')
[1.109s] INFO:colcon.colcon_core.shell:Creating environment hook '/home/haejum-park/2026_IFAC/install/particle_filter_cpp/share/particle_filter_cpp/hook/ld_library_path_lib.ps1'
[1.109s] INFO:colcon.colcon_core.shell:Creating environment descriptor '/home/haejum-park/2026_IFAC/install/particle_filter_cpp/share/particle_filter_cpp/hook/ld_library_path_lib.dsv'
[1.109s] INFO:colcon.colcon_core.shell:Creating environment hook '/home/haejum-park/2026_IFAC/install/particle_filter_cpp/share/particle_filter_cpp/hook/ld_library_path_lib.sh'
[1.109s] Level 1:colcon.colcon_core.environment:checking '/home/haejum-park/2026_IFAC/install/particle_filter_cpp/bin'
[1.109s] Level 1:colcon.colcon_core.environment:checking '/home/haejum-park/2026_IFAC/install/particle_filter_cpp/lib/pkgconfig/particle_filter_cpp.pc'
[1.109s] Level 1:colcon.colcon_core.environment:checking '/home/haejum-park/2026_IFAC/install/particle_filter_cpp/lib/python3.10/site-packages'
[1.110s] Level 1:colcon.colcon_core.environment:checking '/home/haejum-park/2026_IFAC/install/particle_filter_cpp/bin'
[1.110s] INFO:colcon.colcon_core.shell:Creating package script '/home/haejum-park/2026_IFAC/install/particle_filter_cpp/share/particle_filter_cpp/package.ps1'
[1.110s] INFO:colcon.colcon_core.shell:Creating package descriptor '/home/haejum-park/2026_IFAC/install/particle_filter_cpp/share/particle_filter_cpp/package.dsv'
[1.111s] INFO:colcon.colcon_core.shell:Creating package script '/home/haejum-park/2026_IFAC/install/particle_filter_cpp/share/particle_filter_cpp/package.sh'
[1.111s] INFO:colcon.colcon_core.shell:Creating package script '/home/haejum-park/2026_IFAC/install/particle_filter_cpp/share/particle_filter_cpp/package.bash'
[1.112s] INFO:colcon.colcon_core.shell:Creating package script '/home/haejum-park/2026_IFAC/install/particle_filter_cpp/share/particle_filter_cpp/package.zsh'
[1.112s] Level 1:colcon.colcon_core.environment:create_file_with_runtime_dependencies(/home/haejum-park/2026_IFAC/install/particle_filter_cpp/share/colcon-core/packages/particle_filter_cpp)
[1.113s] Level 1:colcon.colcon_core.environment:create_environment_scripts_only(particle_filter_cpp)
[1.113s] Level 1:colcon.colcon_core.environment:checking '/home/haejum-park/2026_IFAC/install/particle_filter_cpp' for CMake module files
[1.113s] Level 1:colcon.colcon_core.environment:checking '/home/haejum-park/2026_IFAC/install/particle_filter_cpp' for CMake config files
[1.113s] Level 1:colcon.colcon_core.shell:create_environment_hook('particle_filter_cpp', 'cmake_prefix_path')
[1.113s] INFO:colcon.colcon_core.shell:Creating environment hook '/home/haejum-park/2026_IFAC/install/particle_filter_cpp/share/particle_filter_cpp/hook/cmake_prefix_path.ps1'
[1.114s] INFO:colcon.colcon_core.shell:Creating environment descriptor '/home/haejum-park/2026_IFAC/install/particle_filter_cpp/share/particle_filter_cpp/hook/cmake_prefix_path.dsv'
[1.114s] INFO:colcon.colcon_core.shell:Creating environment hook '/home/haejum-park/2026_IFAC/install/particle_filter_cpp/share/particle_filter_cpp/hook/cmake_prefix_path.sh'
[1.114s] Level 1:colcon.colcon_core.environment:checking '/home/haejum-park/2026_IFAC/install/particle_filter_cpp/lib'
[1.114s] Level 1:colcon.colcon_core.shell:create_environment_hook('particle_filter_cpp', 'ld_library_path_lib')
[1.114s] INFO:colcon.colcon_core.shell:Creating environment hook '/home/haejum-park/2026_IFAC/install/particle_filter_cpp/share/particle_filter_cpp/hook/ld_library_path_lib.ps1'
[1.115s] INFO:colcon.colcon_core.shell:Creating environment descriptor '/home/haejum-park/2026_IFAC/install/particle_filter_cpp/share/particle_filter_cpp/hook/ld_library_path_lib.dsv'
[1.115s] INFO:colcon.colcon_core.shell:Creating environment hook '/home/haejum-park/2026_IFAC/install/particle_filter_cpp/share/particle_filter_cpp/hook/ld_library_path_lib.sh'
[1.115s] Level 1:colcon.colcon_core.environment:checking '/home/haejum-park/2026_IFAC/install/particle_filter_cpp/bin'
[1.115s] Level 1:colcon.colcon_core.environment:checking '/home/haejum-park/2026_IFAC/install/particle_filter_cpp/lib/pkgconfig/particle_filter_cpp.pc'
[1.115s] Level 1:colcon.colcon_core.environment:checking '/home/haejum-park/2026_IFAC/install/particle_filter_cpp/lib/python3.10/site-packages'
[1.115s] Level 1:colcon.colcon_core.environment:checking '/home/haejum-park/2026_IFAC/install/particle_filter_cpp/bin'
[1.115s] INFO:colcon.colcon_core.shell:Creating package script '/home/haejum-park/2026_IFAC/install/particle_filter_cpp/share/particle_filter_cpp/package.ps1'
[1.116s] INFO:colcon.colcon_core.shell:Creating package descriptor '/home/haejum-park/2026_IFAC/install/particle_filter_cpp/share/particle_filter_cpp/package.dsv'
[1.116s] INFO:colcon.colcon_core.shell:Creating package script '/home/haejum-park/2026_IFAC/install/particle_filter_cpp/share/particle_filter_cpp/package.sh'
[1.116s] INFO:colcon.colcon_core.shell:Creating package script '/home/haejum-park/2026_IFAC/install/particle_filter_cpp/share/particle_filter_cpp/package.bash'
[1.116s] INFO:colcon.colcon_core.shell:Creating package script '/home/haejum-park/2026_IFAC/install/particle_filter_cpp/share/particle_filter_cpp/package.zsh'
[1.116s] Level 1:colcon.colcon_core.environment:create_file_with_runtime_dependencies(/home/haejum-park/2026_IFAC/install/particle_filter_cpp/share/colcon-core/packages/particle_filter_cpp)
[1.174s] Level 1:colcon.colcon_core.environment:checking '/home/haejum-park/2026_IFAC/install/amcl_localization' for CMake module files
[1.175s] Level 1:colcon.colcon_core.environment:checking '/home/haejum-park/2026_IFAC/install/amcl_localization' for CMake config files
[1.175s] DEBUG:colcon.colcon_core.event_handler.log_command:Invoked command in '/home/haejum-park/2026_IFAC/amcl_localization' returned '0': PYTHONPATH=/home/haejum-park/2026_IFAC/build/amcl_localization/prefix_override:/usr/lib/python3/dist-packages/colcon_core/task/python/colcon_distutils_commands:/home/haejum-park/2026_IFAC/install/amcl_localization/lib/python3.10/site-packages:${PYTHONPATH} /usr/bin/python3 -W ignore:setup.py install is deprecated -W ignore:easy_install command is deprecated setup.py egg_info --egg-base ../build/amcl_localization build --build-base /home/haejum-park/2026_IFAC/build/amcl_localization/build install --record /home/haejum-park/2026_IFAC/build/amcl_localization/install.log --single-version-externally-managed install_data --force
[1.175s] Level 1:colcon.colcon_core.environment:checking '/home/haejum-park/2026_IFAC/install/amcl_localization/lib'
[1.175s] Level 1:colcon.colcon_core.environment:checking '/home/haejum-park/2026_IFAC/install/amcl_localization/bin'
[1.175s] Level 1:colcon.colcon_core.environment:checking '/home/haejum-park/2026_IFAC/install/amcl_localization/lib/pkgconfig/amcl_localization.pc'
[1.175s] Level 1:colcon.colcon_core.environment:checking '/home/haejum-park/2026_IFAC/install/amcl_localization/lib/python3.10/site-packages'
[1.175s] Level 1:colcon.colcon_core.shell:create_environment_hook('amcl_localization', 'pythonpath')
[1.175s] INFO:colcon.colcon_core.shell:Creating environment hook '/home/haejum-park/2026_IFAC/install/amcl_localization/share/amcl_localization/hook/pythonpath.ps1'
[1.176s] INFO:colcon.colcon_core.shell:Creating environment descriptor '/home/haejum-park/2026_IFAC/install/amcl_localization/share/amcl_localization/hook/pythonpath.dsv'
[1.176s] INFO:colcon.colcon_core.shell:Creating environment hook '/home/haejum-park/2026_IFAC/install/amcl_localization/share/amcl_localization/hook/pythonpath.sh'
[1.176s] Level 1:colcon.colcon_core.environment:checking '/home/haejum-park/2026_IFAC/install/amcl_localization/bin'
[1.176s] Level 1:colcon.colcon_core.environment:create_environment_scripts_only(amcl_localization)
[1.177s] INFO:colcon.colcon_core.shell:Creating package script '/home/haejum-park/2026_IFAC/install/amcl_localization/share/amcl_localization/package.ps1'
[1.177s] INFO:colcon.colcon_core.shell:Creating package descriptor '/home/haejum-park/2026_IFAC/install/amcl_localization/share/amcl_localization/package.dsv'
[1.177s] INFO:colcon.colcon_core.shell:Creating package script '/home/haejum-park/2026_IFAC/install/amcl_localization/share/amcl_localization/package.sh'
[1.177s] INFO:colcon.colcon_core.shell:Creating package script '/home/haejum-park/2026_IFAC/install/amcl_localization/share/amcl_localization/package.bash'
[1.178s] INFO:colcon.colcon_core.shell:Creating package script '/home/haejum-park/2026_IFAC/install/amcl_localization/share/amcl_localization/package.zsh'
[1.178s] Level 1:colcon.colcon_core.environment:create_file_with_runtime_dependencies(/home/haejum-park/2026_IFAC/install/amcl_localization/share/colcon-core/packages/amcl_localization)
[1.180s] Level 1:colcon.colcon_core.environment:checking '/home/haejum-park/2026_IFAC/install/new_map_con' for CMake module files
[1.180s] DEBUG:colcon.colcon_core.event_handler.log_command:Invoked command in '/home/haejum-park/2026_IFAC/new_map_con' returned '0': PYTHONPATH=/home/haejum-park/2026_IFAC/build/new_map_con/prefix_override:/usr/lib/python3/dist-packages/colcon_core/task/python/colcon_distutils_commands:/home/haejum-park/2026_IFAC/install/new_map_con/lib/python3.10/site-packages:${PYTHONPATH} /usr/bin/python3 -W ignore:setup.py install is deprecated -W ignore:easy_install command is deprecated setup.py egg_info --egg-base ../build/new_map_con build --build-base /home/haejum-park/2026_IFAC/build/new_map_con/build install --record /home/haejum-park/2026_IFAC/build/new_map_con/install.log --single-version-externally-managed install_data --force
[1.181s] Level 1:colcon.colcon_core.environment:checking '/home/haejum-park/2026_IFAC/install/new_map_con' for CMake config files
[1.181s] Level 1:colcon.colcon_core.environment:checking '/home/haejum-park/2026_IFAC/install/new_map_con/lib'
[1.181s] Level 1:colcon.colcon_core.environment:checking '/home/haejum-park/2026_IFAC/install/new_map_con/bin'
[1.181s] Level 1:colcon.colcon_core.environment:checking '/home/haejum-park/2026_IFAC/install/new_map_con/lib/pkgconfig/new_map_con.pc'
[1.181s] Level 1:colcon.colcon_core.environment:checking '/home/haejum-park/2026_IFAC/install/new_map_con/lib/python3.10/site-packages'
[1.181s] Level 1:colcon.colcon_core.shell:create_environment_hook('new_map_con', 'pythonpath')
[1.181s] INFO:colcon.colcon_core.shell:Creating environment hook '/home/haejum-park/2026_IFAC/install/new_map_con/share/new_map_con/hook/pythonpath.ps1'
[1.182s] INFO:colcon.colcon_core.shell:Creating environment descriptor '/home/haejum-park/2026_IFAC/install/new_map_con/share/new_map_con/hook/pythonpath.dsv'
[1.182s] INFO:colcon.colcon_core.shell:Creating environment hook '/home/haejum-park/2026_IFAC/install/new_map_con/share/new_map_con/hook/pythonpath.sh'
[1.182s] Level 1:colcon.colcon_core.environment:checking '/home/haejum-park/2026_IFAC/install/new_map_con/bin'
[1.182s] Level 1:colcon.colcon_core.environment:create_environment_scripts_only(new_map_con)
[1.182s] INFO:colcon.colcon_core.shell:Creating package script '/home/haejum-park/2026_IFAC/install/new_map_con/share/new_map_con/package.ps1'
[1.182s] INFO:colcon.colcon_core.shell:Creating package descriptor '/home/haejum-park/2026_IFAC/install/new_map_con/share/new_map_con/package.dsv'
[1.182s] INFO:colcon.colcon_core.shell:Creating package script '/home/haejum-park/2026_IFAC/install/new_map_con/share/new_map_con/package.sh'
[1.183s] INFO:colcon.colcon_core.shell:Creating package script '/home/haejum-park/2026_IFAC/install/new_map_con/share/new_map_con/package.bash'
[1.183s] INFO:colcon.colcon_core.shell:Creating package script '/home/haejum-park/2026_IFAC/install/new_map_con/share/new_map_con/package.zsh'
[1.183s] Level 1:colcon.colcon_core.environment:create_file_with_runtime_dependencies(/home/haejum-park/2026_IFAC/install/new_map_con/share/colcon-core/packages/new_map_con)
[1.184s] Level 1:colcon.colcon_core.environment:checking '/home/haejum-park/2026_IFAC/install/lap_timer' for CMake module files
[1.184s] DEBUG:colcon.colcon_core.event_handler.log_command:Invoked command in '/home/haejum-park/2026_IFAC/lap_timer' returned '0': PYTHONPATH=/home/haejum-park/2026_IFAC/build/lap_timer/prefix_override:/usr/lib/python3/dist-packages/colcon_core/task/python/colcon_distutils_commands:/home/haejum-park/2026_IFAC/install/lap_timer/lib/python3.10/site-packages:${PYTHONPATH} /usr/bin/python3 -W ignore:setup.py install is deprecated -W ignore:easy_install command is deprecated setup.py egg_info --egg-base ../build/lap_timer build --build-base /home/haejum-park/2026_IFAC/build/lap_timer/build install --record /home/haejum-park/2026_IFAC/build/lap_timer/install.log --single-version-externally-managed install_data --force
[1.184s] Level 1:colcon.colcon_core.environment:checking '/home/haejum-park/2026_IFAC/install/lap_timer' for CMake config files
[1.184s] Level 1:colcon.colcon_core.environment:checking '/home/haejum-park/2026_IFAC/install/lap_timer/lib'
[1.184s] Level 1:colcon.colcon_core.environment:checking '/home/haejum-park/2026_IFAC/install/lap_timer/bin'
[1.184s] Level 1:colcon.colcon_core.environment:checking '/home/haejum-park/2026_IFAC/install/lap_timer/lib/pkgconfig/lap_timer.pc'
[1.184s] Level 1:colcon.colcon_core.environment:checking '/home/haejum-park/2026_IFAC/install/lap_timer/lib/python3.10/site-packages'
[1.184s] Level 1:colcon.colcon_core.shell:create_environment_hook('lap_timer', 'pythonpath')
[1.185s] INFO:colcon.colcon_core.shell:Creating environment hook '/home/haejum-park/2026_IFAC/install/lap_timer/share/lap_timer/hook/pythonpath.ps1'
[1.185s] INFO:colcon.colcon_core.shell:Creating environment descriptor '/home/haejum-park/2026_IFAC/install/lap_timer/share/lap_timer/hook/pythonpath.dsv'
[1.185s] INFO:colcon.colcon_core.shell:Creating environment hook '/home/haejum-park/2026_IFAC/install/lap_timer/share/lap_timer/hook/pythonpath.sh'
[1.185s] Level 1:colcon.colcon_core.environment:checking '/home/haejum-park/2026_IFAC/install/lap_timer/bin'
[1.185s] Level 1:colcon.colcon_core.environment:create_environment_scripts_only(lap_timer)
[1.186s] INFO:colcon.colcon_core.shell:Creating package script '/home/haejum-park/2026_IFAC/install/lap_timer/share/lap_timer/package.ps1'
[1.186s] INFO:colcon.colcon_core.shell:Creating package descriptor '/home/haejum-park/2026_IFAC/install/lap_timer/share/lap_timer/package.dsv'
[1.186s] INFO:colcon.colcon_core.shell:Creating package script '/home/haejum-park/2026_IFAC/install/lap_timer/share/lap_timer/package.sh'
[1.186s] INFO:colcon.colcon_core.shell:Creating package script '/home/haejum-park/2026_IFAC/install/lap_timer/share/lap_timer/package.bash'
[1.186s] INFO:colcon.colcon_core.shell:Creating package script '/home/haejum-park/2026_IFAC/install/lap_timer/share/lap_timer/package.zsh'
[1.186s] Level 1:colcon.colcon_core.environment:create_file_with_runtime_dependencies(/home/haejum-park/2026_IFAC/install/lap_timer/share/colcon-core/packages/lap_timer)
[1.229s] DEBUG:colcon.colcon_core.event_handler.log_command:Invoked command in '/home/haejum-park/2026_IFAC/build/f110_msgs' returned '0': CMAKE_PREFIX_PATH=${CMAKE_PREFIX_PATH}:/home/haejum-park/sim_ws/install/f1tenth_gym_ros:/home/haejum-park/install/launch_testing_examples:/home/haejum-park/install/examples_rclpy_pointcloud_publisher:/home/haejum-park/install/examples_rclpy_minimal_subscriber:/home/haejum-park/install/examples_rclpy_minimal_service:/home/haejum-park/install/examples_rclpy_minimal_publisher:/home/haejum-park/install/examples_rclpy_minimal_client:/home/haejum-park/install/examples_rclpy_minimal_action_server:/home/haejum-park/install/examples_rclpy_minimal_action_client:/home/haejum-park/install/examples_rclpy_guard_conditions:/home/haejum-park/install/examples_rclpy_executors:/opt/ros/humble /usr/bin/cmake --build /home/haejum-park/2026_IFAC/build/f110_msgs -- -j14 -l14
[1.230s] DEBUG:colcon.colcon_core.event_handler.log_command:Invoking command in '/home/haejum-park/2026_IFAC/build/f110_msgs': CMAKE_PREFIX_PATH=${CMAKE_PREFIX_PATH}:/home/haejum-park/sim_ws/install/f1tenth_gym_ros:/home/haejum-park/install/launch_testing_examples:/home/haejum-park/install/examples_rclpy_pointcloud_publisher:/home/haejum-park/install/examples_rclpy_minimal_subscriber:/home/haejum-park/install/examples_rclpy_minimal_service:/home/haejum-park/install/examples_rclpy_minimal_publisher:/home/haejum-park/install/examples_rclpy_minimal_client:/home/haejum-park/install/examples_rclpy_minimal_action_server:/home/haejum-park/install/examples_rclpy_minimal_action_client:/home/haejum-park/install/examples_rclpy_guard_conditions:/home/haejum-park/install/examples_rclpy_executors:/opt/ros/humble /usr/bin/cmake --install /home/haejum-park/2026_IFAC/build/f110_msgs
[1.286s] Level 1:colcon.colcon_core.environment:create_environment_scripts_only(f110_msgs)
[1.286s] Level 1:colcon.colcon_core.environment:checking '/home/haejum-park/2026_IFAC/install/f110_msgs' for CMake module files
[1.286s] DEBUG:colcon.colcon_core.event_handler.log_command:Invoked command in '/home/haejum-park/2026_IFAC/build/f110_msgs' returned '0': CMAKE_PREFIX_PATH=${CMAKE_PREFIX_PATH}:/home/haejum-park/sim_ws/install/f1tenth_gym_ros:/home/haejum-park/install/launch_testing_examples:/home/haejum-park/install/examples_rclpy_pointcloud_publisher:/home/haejum-park/install/examples_rclpy_minimal_subscriber:/home/haejum-park/install/examples_rclpy_minimal_service:/home/haejum-park/install/examples_rclpy_minimal_publisher:/home/haejum-park/install/examples_rclpy_minimal_client:/home/haejum-park/install/examples_rclpy_minimal_action_server:/home/haejum-park/install/examples_rclpy_minimal_action_client:/home/haejum-park/install/examples_rclpy_guard_conditions:/home/haejum-park/install/examples_rclpy_executors:/opt/ros/humble /usr/bin/cmake --install /home/haejum-park/2026_IFAC/build/f110_msgs
[1.286s] Level 1:colcon.colcon_core.environment:checking '/home/haejum-park/2026_IFAC/install/f110_msgs' for CMake config files
[1.288s] Level 1:colcon.colcon_core.shell:create_environment_hook('f110_msgs', 'cmake_prefix_path')
[1.288s] INFO:colcon.colcon_core.shell:Creating environment hook '/home/haejum-park/2026_IFAC/install/f110_msgs/share/f110_msgs/hook/cmake_prefix_path.ps1'
[1.288s] INFO:colcon.colcon_core.shell:Creating environment descriptor '/home/haejum-park/2026_IFAC/install/f110_msgs/share/f110_msgs/hook/cmake_prefix_path.dsv'
[1.288s] INFO:colcon.colcon_core.shell:Creating environment hook '/home/haejum-park/2026_IFAC/install/f110_msgs/share/f110_msgs/hook/cmake_prefix_path.sh'
[1.289s] Level 1:colcon.colcon_core.environment:checking '/home/haejum-park/2026_IFAC/install/f110_msgs/lib'
[1.289s] Level 1:colcon.colcon_core.shell:create_environment_hook('f110_msgs', 'ld_library_path_lib')
[1.289s] INFO:colcon.colcon_core.shell:Creating environment hook '/home/haejum-park/2026_IFAC/install/f110_msgs/share/f110_msgs/hook/ld_library_path_lib.ps1'
[1.289s] INFO:colcon.colcon_core.shell:Creating environment descriptor '/home/haejum-park/2026_IFAC/install/f110_msgs/share/f110_msgs/hook/ld_library_path_lib.dsv'
[1.289s] INFO:colcon.colcon_core.shell:Creating environment hook '/home/haejum-park/2026_IFAC/install/f110_msgs/share/f110_msgs/hook/ld_library_path_lib.sh'
[1.289s] Level 1:colcon.colcon_core.environment:checking '/home/haejum-park/2026_IFAC/install/f110_msgs/bin'
[1.289s] Level 1:colcon.colcon_core.environment:checking '/home/haejum-park/2026_IFAC/install/f110_msgs/lib/pkgconfig/f110_msgs.pc'
[1.289s] Level 1:colcon.colcon_core.environment:checking '/home/haejum-park/2026_IFAC/install/f110_msgs/lib/python3.10/site-packages'
[1.290s] Level 1:colcon.colcon_core.environment:checking '/home/haejum-park/2026_IFAC/install/f110_msgs/bin'
[1.290s] INFO:colcon.colcon_core.shell:Creating package script '/home/haejum-park/2026_IFAC/install/f110_msgs/share/f110_msgs/package.ps1'
[1.290s] INFO:colcon.colcon_core.shell:Creating package descriptor '/home/haejum-park/2026_IFAC/install/f110_msgs/share/f110_msgs/package.dsv'
[1.290s] INFO:colcon.colcon_core.shell:Creating package script '/home/haejum-park/2026_IFAC/install/f110_msgs/share/f110_msgs/package.sh'
[1.290s] INFO:colcon.colcon_core.shell:Creating package script '/home/haejum-park/2026_IFAC/install/f110_msgs/share/f110_msgs/package.bash'
[1.291s] INFO:colcon.colcon_core.shell:Creating package script '/home/haejum-park/2026_IFAC/install/f110_msgs/share/f110_msgs/package.zsh'
[1.291s] Level 1:colcon.colcon_core.environment:create_file_with_runtime_dependencies(/home/haejum-park/2026_IFAC/install/f110_msgs/share/colcon-core/packages/f110_msgs)
[1.291s] Level 1:colcon.colcon_core.environment:create_environment_scripts_only(f110_msgs)
[1.291s] Level 1:colcon.colcon_core.environment:checking '/home/haejum-park/2026_IFAC/install/f110_msgs' for CMake module files
[1.291s] Level 1:colcon.colcon_core.environment:checking '/home/haejum-park/2026_IFAC/install/f110_msgs' for CMake config files
[1.292s] Level 1:colcon.colcon_core.shell:create_environment_hook('f110_msgs', 'cmake_prefix_path')
[1.292s] INFO:colcon.colcon_core.shell:Creating environment hook '/home/haejum-park/2026_IFAC/install/f110_msgs/share/f110_msgs/hook/cmake_prefix_path.ps1'
[1.293s] INFO:colcon.colcon_core.shell:Creating environment descriptor '/home/haejum-park/2026_IFAC/install/f110_msgs/share/f110_msgs/hook/cmake_prefix_path.dsv'
[1.293s] INFO:colcon.colcon_core.shell:Creating environment hook '/home/haejum-park/2026_IFAC/install/f110_msgs/share/f110_msgs/hook/cmake_prefix_path.sh'
[1.293s] Level 1:colcon.colcon_core.environment:checking '/home/haejum-park/2026_IFAC/install/f110_msgs/lib'
[1.293s] Level 1:colcon.colcon_core.shell:create_environment_hook('f110_msgs', 'ld_library_path_lib')
[1.293s] INFO:colcon.colcon_core.shell:Creating environment hook '/home/haejum-park/2026_IFAC/install/f110_msgs/share/f110_msgs/hook/ld_library_path_lib.ps1'
[1.293s] INFO:colcon.colcon_core.shell:Creating environment descriptor '/home/haejum-park/2026_IFAC/install/f110_msgs/share/f110_msgs/hook/ld_library_path_lib.dsv'
[1.294s] INFO:colcon.colcon_core.shell:Creating environment hook '/home/haejum-park/2026_IFAC/install/f110_msgs/share/f110_msgs/hook/ld_library_path_lib.sh'
[1.294s] Level 1:colcon.colcon_core.environment:checking '/home/haejum-park/2026_IFAC/install/f110_msgs/bin'
[1.294s] Level 1:colcon.colcon_core.environment:checking '/home/haejum-park/2026_IFAC/install/f110_msgs/lib/pkgconfig/f110_msgs.pc'
[1.294s] Level 1:colcon.colcon_core.environment:checking '/home/haejum-park/2026_IFAC/install/f110_msgs/lib/python3.10/site-packages'
[1.294s] Level 1:colcon.colcon_core.environment:checking '/home/haejum-park/2026_IFAC/install/f110_msgs/bin'
[1.294s] INFO:colcon.colcon_core.shell:Creating package script '/home/haejum-park/2026_IFAC/install/f110_msgs/share/f110_msgs/package.ps1'
[1.294s] INFO:colcon.colcon_core.shell:Creating package descriptor '/home/haejum-park/2026_IFAC/install/f110_msgs/share/f110_msgs/package.dsv'
[1.295s] INFO:colcon.colcon_core.shell:Creating package script '/home/haejum-park/2026_IFAC/install/f110_msgs/share/f110_msgs/package.sh'
[1.295s] INFO:colcon.colcon_core.shell:Creating package script '/home/haejum-park/2026_IFAC/install/f110_msgs/share/f110_msgs/package.bash'
[1.295s] INFO:colcon.colcon_core.shell:Creating package script '/home/haejum-park/2026_IFAC/install/f110_msgs/share/f110_msgs/package.zsh'
[1.295s] Level 1:colcon.colcon_core.environment:create_file_with_runtime_dependencies(/home/haejum-park/2026_IFAC/install/f110_msgs/share/colcon-core/packages/f110_msgs)
[1.295s] INFO:colcon.colcon_ros.task.ament_cmake.build:Building ROS package in '/home/haejum-park/2026_IFAC/planning/global_planner' with build type 'ament_cmake'
[1.295s] INFO:colcon.colcon_cmake.task.cmake.build:Building CMake package in '/home/haejum-park/2026_IFAC/planning/global_planner'
[1.295s] INFO:colcon.colcon_core.shell:Skip shell extension 'powershell' for command environment: Not usable outside of PowerShell
[1.295s] DEBUG:colcon.colcon_core.shell:Skip shell extension 'dsv' for command environment
[1.298s] INFO:colcon.colcon_ros.task.ament_cmake.build:Building ROS package in '/home/haejum-park/2026_IFAC/wpnt_publisher' with build type 'ament_cmake'
[1.299s] INFO:colcon.colcon_cmake.task.cmake.build:Building CMake package in '/home/haejum-park/2026_IFAC/wpnt_publisher'
[1.299s] INFO:colcon.colcon_core.shell:Skip shell extension 'powershell' for command environment: Not usable outside of PowerShell
[1.299s] DEBUG:colcon.colcon_core.shell:Skip shell extension 'dsv' for command environment
[1.303s] DEBUG:colcon.colcon_core.event_handler.log_command:Invoking command in '/home/haejum-park/2026_IFAC/build/global_planner': AMENT_PREFIX_PATH=/home/haejum-park/2026_IFAC/install/f110_msgs:${AMENT_PREFIX_PATH} CMAKE_PREFIX_PATH=/home/haejum-park/sim_ws/install/f1tenth_gym_ros:/home/haejum-park/install/launch_testing_examples:/home/haejum-park/install/examples_rclpy_pointcloud_publisher:/home/haejum-park/install/examples_rclpy_minimal_subscriber:/home/haejum-park/install/examples_rclpy_minimal_service:/home/haejum-park/install/examples_rclpy_minimal_publisher:/home/haejum-park/install/examples_rclpy_minimal_client:/home/haejum-park/install/examples_rclpy_minimal_action_server:/home/haejum-park/install/examples_rclpy_minimal_action_client:/home/haejum-park/install/examples_rclpy_guard_conditions:/home/haejum-park/install/examples_rclpy_executors:/opt/ros/humble:/home/haejum-park/2026_IFAC/install/f110_msgs:${CMAKE_PREFIX_PATH} LD_LIBRARY_PATH=/home/haejum-park/2026_IFAC/install/f110_msgs/lib:${LD_LIBRARY_PATH} PYTHONPATH=/home/haejum-park/2026_IFAC/install/f110_msgs/local/lib/python3.10/dist-packages:${PYTHONPATH} /usr/bin/cmake /home/haejum-park/2026_IFAC/planning/global_planner -DCMAKE_INSTALL_PREFIX=/home/haejum-park/2026_IFAC/install/global_planner
[1.305s] DEBUG:colcon.colcon_core.event_handler.log_command:Invoking command in '/home/haejum-park/2026_IFAC/build/wpnt_publisher': AMENT_PREFIX_PATH=/home/haejum-park/2026_IFAC/install/f110_msgs:${AMENT_PREFIX_PATH} CMAKE_PREFIX_PATH=/home/haejum-park/sim_ws/install/f1tenth_gym_ros:/home/haejum-park/install/launch_testing_examples:/home/haejum-park/install/examples_rclpy_pointcloud_publisher:/home/haejum-park/install/examples_rclpy_minimal_subscriber:/home/haejum-park/install/examples_rclpy_minimal_service:/home/haejum-park/install/examples_rclpy_minimal_publisher:/home/haejum-park/install/examples_rclpy_minimal_client:/home/haejum-park/install/examples_rclpy_minimal_action_server:/home/haejum-park/install/examples_rclpy_minimal_action_client:/home/haejum-park/install/examples_rclpy_guard_conditions:/home/haejum-park/install/examples_rclpy_executors:/opt/ros/humble:/home/haejum-park/2026_IFAC/install/f110_msgs:${CMAKE_PREFIX_PATH} LD_LIBRARY_PATH=/home/haejum-park/2026_IFAC/install/f110_msgs/lib:${LD_LIBRARY_PATH} PYTHONPATH=/home/haejum-park/2026_IFAC/install/f110_msgs/local/lib/python3.10/dist-packages:${PYTHONPATH} /usr/bin/cmake /home/haejum-park/2026_IFAC/wpnt_publisher -DCMAKE_INSTALL_PREFIX=/home/haejum-park/2026_IFAC/install/wpnt_publisher
[1.613s] DEBUG:colcon.colcon_core.event_handler.log_command:Invoked command in '/home/haejum-park/2026_IFAC/build/wpnt_publisher' returned '0': AMENT_PREFIX_PATH=/home/haejum-park/2026_IFAC/install/f110_msgs:${AMENT_PREFIX_PATH} CMAKE_PREFIX_PATH=/home/haejum-park/sim_ws/install/f1tenth_gym_ros:/home/haejum-park/install/launch_testing_examples:/home/haejum-park/install/examples_rclpy_pointcloud_publisher:/home/haejum-park/install/examples_rclpy_minimal_subscriber:/home/haejum-park/install/examples_rclpy_minimal_service:/home/haejum-park/install/examples_rclpy_minimal_publisher:/home/haejum-park/install/examples_rclpy_minimal_client:/home/haejum-park/install/examples_rclpy_minimal_action_server:/home/haejum-park/install/examples_rclpy_minimal_action_client:/home/haejum-park/install/examples_rclpy_guard_conditions:/home/haejum-park/install/examples_rclpy_executors:/opt/ros/humble:/home/haejum-park/2026_IFAC/install/f110_msgs:${CMAKE_PREFIX_PATH} LD_LIBRARY_PATH=/home/haejum-park/2026_IFAC/install/f110_msgs/lib:${LD_LIBRARY_PATH} PYTHONPATH=/home/haejum-park/2026_IFAC/install/f110_msgs/local/lib/python3.10/dist-packages:${PYTHONPATH} /usr/bin/cmake /home/haejum-park/2026_IFAC/wpnt_publisher -DCMAKE_INSTALL_PREFIX=/home/haejum-park/2026_IFAC/install/wpnt_publisher
[1.614s] DEBUG:colcon.colcon_core.event_handler.log_command:Invoking command in '/home/haejum-park/2026_IFAC/build/wpnt_publisher': AMENT_PREFIX_PATH=/home/haejum-park/2026_IFAC/install/f110_msgs:${AMENT_PREFIX_PATH} CMAKE_PREFIX_PATH=/home/haejum-park/sim_ws/install/f1tenth_gym_ros:/home/haejum-park/install/launch_testing_examples:/home/haejum-park/install/examples_rclpy_pointcloud_publisher:/home/haejum-park/install/examples_rclpy_minimal_subscriber:/home/haejum-park/install/examples_rclpy_minimal_service:/home/haejum-park/install/examples_rclpy_minimal_publisher:/home/haejum-park/install/examples_rclpy_minimal_client:/home/haejum-park/install/examples_rclpy_minimal_action_server:/home/haejum-park/install/examples_rclpy_minimal_action_client:/home/haejum-park/install/examples_rclpy_guard_conditions:/home/haejum-park/install/examples_rclpy_executors:/opt/ros/humble:/home/haejum-park/2026_IFAC/install/f110_msgs:${CMAKE_PREFIX_PATH} LD_LIBRARY_PATH=/home/haejum-park/2026_IFAC/install/f110_msgs/lib:${LD_LIBRARY_PATH} PYTHONPATH=/home/haejum-park/2026_IFAC/install/f110_msgs/local/lib/python3.10/dist-packages:${PYTHONPATH} /usr/bin/cmake --build /home/haejum-park/2026_IFAC/build/wpnt_publisher -- -j14 -l14
[1.639s] DEBUG:colcon.colcon_core.event_handler.log_command:Invoked command in '/home/haejum-park/2026_IFAC/build/global_planner' returned '0': AMENT_PREFIX_PATH=/home/haejum-park/2026_IFAC/install/f110_msgs:${AMENT_PREFIX_PATH} CMAKE_PREFIX_PATH=/home/haejum-park/sim_ws/install/f1tenth_gym_ros:/home/haejum-park/install/launch_testing_examples:/home/haejum-park/install/examples_rclpy_pointcloud_publisher:/home/haejum-park/install/examples_rclpy_minimal_subscriber:/home/haejum-park/install/examples_rclpy_minimal_service:/home/haejum-park/install/examples_rclpy_minimal_publisher:/home/haejum-park/install/examples_rclpy_minimal_client:/home/haejum-park/install/examples_rclpy_minimal_action_server:/home/haejum-park/install/examples_rclpy_minimal_action_client:/home/haejum-park/install/examples_rclpy_guard_conditions:/home/haejum-park/install/examples_rclpy_executors:/opt/ros/humble:/home/haejum-park/2026_IFAC/install/f110_msgs:${CMAKE_PREFIX_PATH} LD_LIBRARY_PATH=/home/haejum-park/2026_IFAC/install/f110_msgs/lib:${LD_LIBRARY_PATH} PYTHONPATH=/home/haejum-park/2026_IFAC/install/f110_msgs/local/lib/python3.10/dist-packages:${PYTHONPATH} /usr/bin/cmake /home/haejum-park/2026_IFAC/planning/global_planner -DCMAKE_INSTALL_PREFIX=/home/haejum-park/2026_IFAC/install/global_planner
[1.639s] DEBUG:colcon.colcon_core.event_handler.log_command:Invoking command in '/home/haejum-park/2026_IFAC/build/global_planner': AMENT_PREFIX_PATH=/home/haejum-park/2026_IFAC/install/f110_msgs:${AMENT_PREFIX_PATH} CMAKE_PREFIX_PATH=/home/haejum-park/sim_ws/install/f1tenth_gym_ros:/home/haejum-park/install/launch_testing_examples:/home/haejum-park/install/examples_rclpy_pointcloud_publisher:/home/haejum-park/install/examples_rclpy_minimal_subscriber:/home/haejum-park/install/examples_rclpy_minimal_service:/home/haejum-park/install/examples_rclpy_minimal_publisher:/home/haejum-park/install/examples_rclpy_minimal_client:/home/haejum-park/install/examples_rclpy_minimal_action_server:/home/haejum-park/install/examples_rclpy_minimal_action_client:/home/haejum-park/install/examples_rclpy_guard_conditions:/home/haejum-park/install/examples_rclpy_executors:/opt/ros/humble:/home/haejum-park/2026_IFAC/install/f110_msgs:${CMAKE_PREFIX_PATH} LD_LIBRARY_PATH=/home/haejum-park/2026_IFAC/install/f110_msgs/lib:${LD_LIBRARY_PATH} PYTHONPATH=/home/haejum-park/2026_IFAC/install/f110_msgs/local/lib/python3.10/dist-packages:${PYTHONPATH} /usr/bin/cmake --build /home/haejum-park/2026_IFAC/build/global_planner -- -j14 -l14
[1.654s] DEBUG:colcon.colcon_core.event_handler.log_command:Invoked command in '/home/haejum-park/2026_IFAC/build/wpnt_publisher' returned '0': AMENT_PREFIX_PATH=/home/haejum-park/2026_IFAC/install/f110_msgs:${AMENT_PREFIX_PATH} CMAKE_PREFIX_PATH=/home/haejum-park/sim_ws/install/f1tenth_gym_ros:/home/haejum-park/install/launch_testing_examples:/home/haejum-park/install/examples_rclpy_pointcloud_publisher:/home/haejum-park/install/examples_rclpy_minimal_subscriber:/home/haejum-park/install/examples_rclpy_minimal_service:/home/haejum-park/install/examples_rclpy_minimal_publisher:/home/haejum-park/install/examples_rclpy_minimal_client:/home/haejum-park/install/examples_rclpy_minimal_action_server:/home/haejum-park/install/examples_rclpy_minimal_action_client:/home/haejum-park/install/examples_rclpy_guard_conditions:/home/haejum-park/install/examples_rclpy_executors:/opt/ros/humble:/home/haejum-park/2026_IFAC/install/f110_msgs:${CMAKE_PREFIX_PATH} LD_LIBRARY_PATH=/home/haejum-park/2026_IFAC/install/f110_msgs/lib:${LD_LIBRARY_PATH} PYTHONPATH=/home/haejum-park/2026_IFAC/install/f110_msgs/local/lib/python3.10/dist-packages:${PYTHONPATH} /usr/bin/cmake --build /home/haejum-park/2026_IFAC/build/wpnt_publisher -- -j14 -l14
[1.655s] DEBUG:colcon.colcon_core.event_handler.log_command:Invoking command in '/home/haejum-park/2026_IFAC/build/wpnt_publisher': AMENT_PREFIX_PATH=/home/haejum-park/2026_IFAC/install/f110_msgs:${AMENT_PREFIX_PATH} CMAKE_PREFIX_PATH=/home/haejum-park/sim_ws/install/f1tenth_gym_ros:/home/haejum-park/install/launch_testing_examples:/home/haejum-park/install/examples_rclpy_pointcloud_publisher:/home/haejum-park/install/examples_rclpy_minimal_subscriber:/home/haejum-park/install/examples_rclpy_minimal_service:/home/haejum-park/install/examples_rclpy_minimal_publisher:/home/haejum-park/install/examples_rclpy_minimal_client:/home/haejum-park/install/examples_rclpy_minimal_action_server:/home/haejum-park/install/examples_rclpy_minimal_action_client:/home/haejum-park/install/examples_rclpy_guard_conditions:/home/haejum-park/install/examples_rclpy_executors:/opt/ros/humble:/home/haejum-park/2026_IFAC/install/f110_msgs:${CMAKE_PREFIX_PATH} LD_LIBRARY_PATH=/home/haejum-park/2026_IFAC/install/f110_msgs/lib:${LD_LIBRARY_PATH} PYTHONPATH=/home/haejum-park/2026_IFAC/install/f110_msgs/local/lib/python3.10/dist-packages:${PYTHONPATH} /usr/bin/cmake --install /home/haejum-park/2026_IFAC/build/wpnt_publisher
[1.667s] Level 1:colcon.colcon_core.environment:create_environment_scripts_only(wpnt_publisher)
[1.667s] Level 1:colcon.colcon_core.environment:checking '/home/haejum-park/2026_IFAC/install/wpnt_publisher' for CMake module files
[1.667s] DEBUG:colcon.colcon_core.event_handler.log_command:Invoked command in '/home/haejum-park/2026_IFAC/build/wpnt_publisher' returned '0': AMENT_PREFIX_PATH=/home/haejum-park/2026_IFAC/install/f110_msgs:${AMENT_PREFIX_PATH} CMAKE_PREFIX_PATH=/home/haejum-park/sim_ws/install/f1tenth_gym_ros:/home/haejum-park/install/launch_testing_examples:/home/haejum-park/install/examples_rclpy_pointcloud_publisher:/home/haejum-park/install/examples_rclpy_minimal_subscriber:/home/haejum-park/install/examples_rclpy_minimal_service:/home/haejum-park/install/examples_rclpy_minimal_publisher:/home/haejum-park/install/examples_rclpy_minimal_client:/home/haejum-park/install/examples_rclpy_minimal_action_server:/home/haejum-park/install/examples_rclpy_minimal_action_client:/home/haejum-park/install/examples_rclpy_guard_conditions:/home/haejum-park/install/examples_rclpy_executors:/opt/ros/humble:/home/haejum-park/2026_IFAC/install/f110_msgs:${CMAKE_PREFIX_PATH} LD_LIBRARY_PATH=/home/haejum-park/2026_IFAC/install/f110_msgs/lib:${LD_LIBRARY_PATH} PYTHONPATH=/home/haejum-park/2026_IFAC/install/f110_msgs/local/lib/python3.10/dist-packages:${PYTHONPATH} /usr/bin/cmake --install /home/haejum-park/2026_IFAC/build/wpnt_publisher
[1.667s] Level 1:colcon.colcon_core.environment:checking '/home/haejum-park/2026_IFAC/install/wpnt_publisher' for CMake config files
[1.668s] Level 1:colcon.colcon_core.shell:create_environment_hook('wpnt_publisher', 'cmake_prefix_path')
[1.668s] INFO:colcon.colcon_core.shell:Creating environment hook '/home/haejum-park/2026_IFAC/install/wpnt_publisher/share/wpnt_publisher/hook/cmake_prefix_path.ps1'
[1.668s] INFO:colcon.colcon_core.shell:Creating environment descriptor '/home/haejum-park/2026_IFAC/install/wpnt_publisher/share/wpnt_publisher/hook/cmake_prefix_path.dsv'
[1.668s] INFO:colcon.colcon_core.shell:Creating environment hook '/home/haejum-park/2026_IFAC/install/wpnt_publisher/share/wpnt_publisher/hook/cmake_prefix_path.sh'
[1.668s] Level 1:colcon.colcon_core.environment:checking '/home/haejum-park/2026_IFAC/install/wpnt_publisher/lib'
[1.668s] Level 1:colcon.colcon_core.environment:checking '/home/haejum-park/2026_IFAC/install/wpnt_publisher/bin'
[1.668s] Level 1:colcon.colcon_core.environment:checking '/home/haejum-park/2026_IFAC/install/wpnt_publisher/lib/pkgconfig/wpnt_publisher.pc'
[1.669s] Level 1:colcon.colcon_core.environment:checking '/home/haejum-park/2026_IFAC/install/wpnt_publisher/lib/python3.10/site-packages'
[1.669s] Level 1:colcon.colcon_core.environment:checking '/home/haejum-park/2026_IFAC/install/wpnt_publisher/bin'
[1.669s] INFO:colcon.colcon_core.shell:Creating package script '/home/haejum-park/2026_IFAC/install/wpnt_publisher/share/wpnt_publisher/package.ps1'
[1.669s] INFO:colcon.colcon_core.shell:Creating package descriptor '/home/haejum-park/2026_IFAC/install/wpnt_publisher/share/wpnt_publisher/package.dsv'
[1.669s] INFO:colcon.colcon_core.shell:Creating package script '/home/haejum-park/2026_IFAC/install/wpnt_publisher/share/wpnt_publisher/package.sh'
[1.669s] INFO:colcon.colcon_core.shell:Creating package script '/home/haejum-park/2026_IFAC/install/wpnt_publisher/share/wpnt_publisher/package.bash'
[1.670s] INFO:colcon.colcon_core.shell:Creating package script '/home/haejum-park/2026_IFAC/install/wpnt_publisher/share/wpnt_publisher/package.zsh'
[1.670s] Level 1:colcon.colcon_core.environment:create_file_with_runtime_dependencies(/home/haejum-park/2026_IFAC/install/wpnt_publisher/share/colcon-core/packages/wpnt_publisher)
[1.670s] Level 1:colcon.colcon_core.environment:create_environment_scripts_only(wpnt_publisher)
[1.670s] Level 1:colcon.colcon_core.environment:checking '/home/haejum-park/2026_IFAC/install/wpnt_publisher' for CMake module files
[1.670s] Level 1:colcon.colcon_core.environment:checking '/home/haejum-park/2026_IFAC/install/wpnt_publisher' for CMake config files
[1.670s] Level 1:colcon.colcon_core.shell:create_environment_hook('wpnt_publisher', 'cmake_prefix_path')
[1.670s] INFO:colcon.colcon_core.shell:Creating environment hook '/home/haejum-park/2026_IFAC/install/wpnt_publisher/share/wpnt_publisher/hook/cmake_prefix_path.ps1'
[1.671s] INFO:colcon.colcon_core.shell:Creating environment descriptor '/home/haejum-park/2026_IFAC/install/wpnt_publisher/share/wpnt_publisher/hook/cmake_prefix_path.dsv'
[1.671s] INFO:colcon.colcon_core.shell:Creating environment hook '/home/haejum-park/2026_IFAC/install/wpnt_publisher/share/wpnt_publisher/hook/cmake_prefix_path.sh'
[1.671s] Level 1:colcon.colcon_core.environment:checking '/home/haejum-park/2026_IFAC/install/wpnt_publisher/lib'
[1.671s] Level 1:colcon.colcon_core.environment:checking '/home/haejum-park/2026_IFAC/install/wpnt_publisher/bin'
[1.671s] Level 1:colcon.colcon_core.environment:checking '/home/haejum-park/2026_IFAC/install/wpnt_publisher/lib/pkgconfig/wpnt_publisher.pc'
[1.671s] Level 1:colcon.colcon_core.environment:checking '/home/haejum-park/2026_IFAC/install/wpnt_publisher/lib/python3.10/site-packages'
[1.671s] Level 1:colcon.colcon_core.environment:checking '/home/haejum-park/2026_IFAC/install/wpnt_publisher/bin'
[1.671s] INFO:colcon.colcon_core.shell:Creating package script '/home/haejum-park/2026_IFAC/install/wpnt_publisher/share/wpnt_publisher/package.ps1'
[1.672s] INFO:colcon.colcon_core.shell:Creating package descriptor '/home/haejum-park/2026_IFAC/install/wpnt_publisher/share/wpnt_publisher/package.dsv'
[1.672s] INFO:colcon.colcon_core.shell:Creating package script '/home/haejum-park/2026_IFAC/install/wpnt_publisher/share/wpnt_publisher/package.sh'
[1.672s] INFO:colcon.colcon_core.shell:Creating package script '/home/haejum-park/2026_IFAC/install/wpnt_publisher/share/wpnt_publisher/package.bash'
[1.672s] INFO:colcon.colcon_core.shell:Creating package script '/home/haejum-park/2026_IFAC/install/wpnt_publisher/share/wpnt_publisher/package.zsh'
[1.672s] Level 1:colcon.colcon_core.environment:create_file_with_runtime_dependencies(/home/haejum-park/2026_IFAC/install/wpnt_publisher/share/colcon-core/packages/wpnt_publisher)
[1.694s] DEBUG:colcon.colcon_core.event_handler.log_command:Invoked command in '/home/haejum-park/2026_IFAC/build/global_planner' returned '0': AMENT_PREFIX_PATH=/home/haejum-park/2026_IFAC/install/f110_msgs:${AMENT_PREFIX_PATH} CMAKE_PREFIX_PATH=/home/haejum-park/sim_ws/install/f1tenth_gym_ros:/home/haejum-park/install/launch_testing_examples:/home/haejum-park/install/examples_rclpy_pointcloud_publisher:/home/haejum-park/install/examples_rclpy_minimal_subscriber:/home/haejum-park/install/examples_rclpy_minimal_service:/home/haejum-park/install/examples_rclpy_minimal_publisher:/home/haejum-park/install/examples_rclpy_minimal_client:/home/haejum-park/install/examples_rclpy_minimal_action_server:/home/haejum-park/install/examples_rclpy_minimal_action_client:/home/haejum-park/install/examples_rclpy_guard_conditions:/home/haejum-park/install/examples_rclpy_executors:/opt/ros/humble:/home/haejum-park/2026_IFAC/install/f110_msgs:${CMAKE_PREFIX_PATH} LD_LIBRARY_PATH=/home/haejum-park/2026_IFAC/install/f110_msgs/lib:${LD_LIBRARY_PATH} PYTHONPATH=/home/haejum-park/2026_IFAC/install/f110_msgs/local/lib/python3.10/dist-packages:${PYTHONPATH} /usr/bin/cmake --build /home/haejum-park/2026_IFAC/build/global_planner -- -j14 -l14
[1.695s] DEBUG:colcon.colcon_core.event_handler.log_command:Invoking command in '/home/haejum-park/2026_IFAC/build/global_planner': AMENT_PREFIX_PATH=/home/haejum-park/2026_IFAC/install/f110_msgs:${AMENT_PREFIX_PATH} CMAKE_PREFIX_PATH=/home/haejum-park/sim_ws/install/f1tenth_gym_ros:/home/haejum-park/install/launch_testing_examples:/home/haejum-park/install/examples_rclpy_pointcloud_publisher:/home/haejum-park/install/examples_rclpy_minimal_subscriber:/home/haejum-park/install/examples_rclpy_minimal_service:/home/haejum-park/install/examples_rclpy_minimal_publisher:/home/haejum-park/install/examples_rclpy_minimal_client:/home/haejum-park/install/examples_rclpy_minimal_action_server:/home/haejum-park/install/examples_rclpy_minimal_action_client:/home/haejum-park/install/examples_rclpy_guard_conditions:/home/haejum-park/install/examples_rclpy_executors:/opt/ros/humble:/home/haejum-park/2026_IFAC/install/f110_msgs:${CMAKE_PREFIX_PATH} LD_LIBRARY_PATH=/home/haejum-park/2026_IFAC/install/f110_msgs/lib:${LD_LIBRARY_PATH} PYTHONPATH=/home/haejum-park/2026_IFAC/install/f110_msgs/local/lib/python3.10/dist-packages:${PYTHONPATH} /usr/bin/cmake --install /home/haejum-park/2026_IFAC/build/global_planner
[1.708s] Level 1:colcon.colcon_core.environment:create_environment_scripts_only(global_planner)
[1.708s] Level 1:colcon.colcon_core.environment:checking '/home/haejum-park/2026_IFAC/install/global_planner' for CMake module files
[1.708s] DEBUG:colcon.colcon_core.event_handler.log_command:Invoked command in '/home/haejum-park/2026_IFAC/build/global_planner' returned '0': AMENT_PREFIX_PATH=/home/haejum-park/2026_IFAC/install/f110_msgs:${AMENT_PREFIX_PATH} CMAKE_PREFIX_PATH=/home/haejum-park/sim_ws/install/f1tenth_gym_ros:/home/haejum-park/install/launch_testing_examples:/home/haejum-park/install/examples_rclpy_pointcloud_publisher:/home/haejum-park/install/examples_rclpy_minimal_subscriber:/home/haejum-park/install/examples_rclpy_minimal_service:/home/haejum-park/install/examples_rclpy_minimal_publisher:/home/haejum-park/install/examples_rclpy_minimal_client:/home/haejum-park/install/examples_rclpy_minimal_action_server:/home/haejum-park/install/examples_rclpy_minimal_action_client:/home/haejum-park/install/examples_rclpy_guard_conditions:/home/haejum-park/install/examples_rclpy_executors:/opt/ros/humble:/home/haejum-park/2026_IFAC/install/f110_msgs:${CMAKE_PREFIX_PATH} LD_LIBRARY_PATH=/home/haejum-park/2026_IFAC/install/f110_msgs/lib:${LD_LIBRARY_PATH} PYTHONPATH=/home/haejum-park/2026_IFAC/install/f110_msgs/local/lib/python3.10/dist-packages:${PYTHONPATH} /usr/bin/cmake --install /home/haejum-park/2026_IFAC/build/global_planner
[1.709s] Level 1:colcon.colcon_core.environment:checking '/home/haejum-park/2026_IFAC/install/global_planner' for CMake config files
[1.709s] Level 1:colcon.colcon_core.shell:create_environment_hook('global_planner', 'cmake_prefix_path')
[1.709s] INFO:colcon.colcon_core.shell:Creating environment hook '/home/haejum-park/2026_IFAC/install/global_planner/share/global_planner/hook/cmake_prefix_path.ps1'
[1.709s] INFO:colcon.colcon_core.shell:Creating environment descriptor '/home/haejum-park/2026_IFAC/install/global_planner/share/global_planner/hook/cmake_prefix_path.dsv'
[1.709s] INFO:colcon.colcon_core.shell:Creating environment hook '/home/haejum-park/2026_IFAC/install/global_planner/share/global_planner/hook/cmake_prefix_path.sh'
[1.710s] Level 1:colcon.colcon_core.environment:checking '/home/haejum-park/2026_IFAC/install/global_planner/lib'
[1.710s] Level 1:colcon.colcon_core.environment:checking '/home/haejum-park/2026_IFAC/install/global_planner/bin'
[1.710s] Level 1:colcon.colcon_core.environment:checking '/home/haejum-park/2026_IFAC/install/global_planner/lib/pkgconfig/global_planner.pc'
[1.710s] Level 1:colcon.colcon_core.environment:checking '/home/haejum-park/2026_IFAC/install/global_planner/lib/python3.10/site-packages'
[1.710s] Level 1:colcon.colcon_core.environment:checking '/home/haejum-park/2026_IFAC/install/global_planner/bin'
[1.710s] INFO:colcon.colcon_core.shell:Creating package script '/home/haejum-park/2026_IFAC/install/global_planner/share/global_planner/package.ps1'
[1.711s] INFO:colcon.colcon_core.shell:Creating package descriptor '/home/haejum-park/2026_IFAC/install/global_planner/share/global_planner/package.dsv'
[1.711s] INFO:colcon.colcon_core.shell:Creating package script '/home/haejum-park/2026_IFAC/install/global_planner/share/global_planner/package.sh'
[1.711s] INFO:colcon.colcon_core.shell:Creating package script '/home/haejum-park/2026_IFAC/install/global_planner/share/global_planner/package.bash'
[1.711s] INFO:colcon.colcon_core.shell:Creating package script '/home/haejum-park/2026_IFAC/install/global_planner/share/global_planner/package.zsh'
[1.711s] Level 1:colcon.colcon_core.environment:create_file_with_runtime_dependencies(/home/haejum-park/2026_IFAC/install/global_planner/share/colcon-core/packages/global_planner)
[1.712s] Level 1:colcon.colcon_core.environment:create_environment_scripts_only(global_planner)
[1.712s] Level 1:colcon.colcon_core.environment:checking '/home/haejum-park/2026_IFAC/install/global_planner' for CMake module files
[1.712s] Level 1:colcon.colcon_core.environment:checking '/home/haejum-park/2026_IFAC/install/global_planner' for CMake config files
[1.712s] Level 1:colcon.colcon_core.shell:create_environment_hook('global_planner', 'cmake_prefix_path')
[1.712s] INFO:colcon.colcon_core.shell:Creating environment hook '/home/haejum-park/2026_IFAC/install/global_planner/share/global_planner/hook/cmake_prefix_path.ps1'
[1.713s] INFO:colcon.colcon_core.shell:Creating environment descriptor '/home/haejum-park/2026_IFAC/install/global_planner/share/global_planner/hook/cmake_prefix_path.dsv'
[1.713s] INFO:colcon.colcon_core.shell:Creating environment hook '/home/haejum-park/2026_IFAC/install/global_planner/share/global_planner/hook/cmake_prefix_path.sh'
[1.713s] Level 1:colcon.colcon_core.environment:checking '/home/haejum-park/2026_IFAC/install/global_planner/lib'
[1.713s] Level 1:colcon.colcon_core.environment:checking '/home/haejum-park/2026_IFAC/install/global_planner/bin'
[1.713s] Level 1:colcon.colcon_core.environment:checking '/home/haejum-park/2026_IFAC/install/global_planner/lib/pkgconfig/global_planner.pc'
[1.713s] Level 1:colcon.colcon_core.environment:checking '/home/haejum-park/2026_IFAC/install/global_planner/lib/python3.10/site-packages'
[1.713s] Level 1:colcon.colcon_core.environment:checking '/home/haejum-park/2026_IFAC/install/global_planner/bin'
[1.714s] INFO:colcon.colcon_core.shell:Creating package script '/home/haejum-park/2026_IFAC/install/global_planner/share/global_planner/package.ps1'
[1.714s] INFO:colcon.colcon_core.shell:Creating package descriptor '/home/haejum-park/2026_IFAC/install/global_planner/share/global_planner/package.dsv'
[1.714s] INFO:colcon.colcon_core.shell:Creating package script '/home/haejum-park/2026_IFAC/install/global_planner/share/global_planner/package.sh'
[1.714s] INFO:colcon.colcon_core.shell:Creating package script '/home/haejum-park/2026_IFAC/install/global_planner/share/global_planner/package.bash'
[1.714s] INFO:colcon.colcon_core.shell:Creating package script '/home/haejum-park/2026_IFAC/install/global_planner/share/global_planner/package.zsh'
[1.715s] Level 1:colcon.colcon_core.environment:create_file_with_runtime_dependencies(/home/haejum-park/2026_IFAC/install/global_planner/share/colcon-core/packages/global_planner)
[1.715s] DEBUG:colcon.colcon_parallel_executor.executor.parallel:closing loop
[1.715s] DEBUG:colcon.colcon_parallel_executor.executor.parallel:loop closed
[1.715s] DEBUG:colcon.colcon_parallel_executor.executor.parallel:run_until_complete finished with '0'
[1.715s] DEBUG:colcon.colcon_core.event_reactor:joining thread
[1.718s] INFO:colcon.colcon_core.plugin_system:Skipping extension 'colcon_notification.desktop_notification.notify_send': Could not find 'notify-send'
[1.718s] INFO:colcon.colcon_core.plugin_system:Skipping extension 'colcon_notification.desktop_notification.terminal_notifier': Not used on non-Darwin systems
[1.718s] INFO:colcon.colcon_core.plugin_system:Skipping extension 'colcon_notification.desktop_notification.win32': Not used on non-Windows systems
[1.718s] INFO:colcon.colcon_notification.desktop_notification:Sending desktop notification using 'notify2'
[1.735s] DEBUG:colcon.colcon_core.event_reactor:joined thread
[1.735s] INFO:colcon.colcon_core.shell:Creating prefix script '/home/haejum-park/2026_IFAC/install/local_setup.ps1'
[1.736s] INFO:colcon.colcon_core.shell:Creating prefix util module '/home/haejum-park/2026_IFAC/install/_local_setup_util_ps1.py'
[1.736s] INFO:colcon.colcon_core.shell:Creating prefix chain script '/home/haejum-park/2026_IFAC/install/setup.ps1'
[1.737s] INFO:colcon.colcon_core.shell:Creating prefix script '/home/haejum-park/2026_IFAC/install/local_setup.sh'
[1.738s] INFO:colcon.colcon_core.shell:Creating prefix util module '/home/haejum-park/2026_IFAC/install/_local_setup_util_sh.py'
[1.738s] INFO:colcon.colcon_core.shell:Creating prefix chain script '/home/haejum-park/2026_IFAC/install/setup.sh'
[1.739s] INFO:colcon.colcon_core.shell:Creating prefix script '/home/haejum-park/2026_IFAC/install/local_setup.bash'
[1.739s] INFO:colcon.colcon_core.shell:Creating prefix chain script '/home/haejum-park/2026_IFAC/install/setup.bash'
[1.740s] INFO:colcon.colcon_core.shell:Creating prefix script '/home/haejum-park/2026_IFAC/install/local_setup.zsh'
[1.740s] INFO:colcon.colcon_core.shell:Creating prefix chain script '/home/haejum-park/2026_IFAC/install/setup.zsh'
