event_id,dataset_role,source_kind,seed_index,side,d_target,d_mid,entry_scale,exit_scale,generator_stage,candidate_template,source_cell,root_type,probe_location_rule,probe_anchor_rule,semantic_class,target_value_consumed_by_lateral_bank,transition_value_selected_into_bounded_set,supports_any_hard_lateral,supports_any_usable_lateral,supports_any_hard_transition,supports_any_usable_transition,root_or_probe_numeric_value_read_by_gqsc
V2E01,PILOT_SEEN_DEVELOPMENT_DATA,FROZEN_PRODUCTION_FAILURE,0,RIGHT,-0.45687960954981943,-0.536879609549819,0.5145810930150512,0.6049868191659147,M0_V1,FROZEN_V1_CURVATURE_CONTINUITY,ACTIVE_OUTER,ACTIVE_OUTER,CURVATURE_CORRIDOR_CRITICAL,CONTINUITY_BIASED_SAFE_ANCHOR,M0_V1_ANALYTIC_PROBE_ROOT,1,0,1,1,0,0,0
V2E01,PILOT_SEEN_DEVELOPMENT_DATA,FROZEN_PRODUCTION_FAILURE,1,RIGHT,-0.45687960954981943,-0.536879609549819,0.5145810930150512,3.94735730932694,M0_V1,FROZEN_V1_CURVATURE_CONTINUITY,ACTIVE_OUTER,ACTIVE_OUTER,CURVATURE_CORRIDOR_CRITICAL,CONTINUITY_BIASED_SAFE_ANCHOR,M0_V1_ANALYTIC_PROBE_ROOT,1,1,1,1,0,0,0
V2E01,PILOT_SEEN_DEVELOPMENT_DATA,FROZEN_PRODUCTION_FAILURE,2,RIGHT,-0.45687960954981943,-0.536879609549819,0.5145810930150512,7.397546202396385,M0_V1,FROZEN_V1_CURVATURE_CONTINUITY,ACTIVE_OUTER,ACTIVE_OUTER,CURVATURE_CORRIDOR_CRITICAL,CONTINUITY_BIASED_SAFE_ANCHOR,M0_V1_ANALYTIC_PROBE_ROOT,1,1,1,1,1,1,0
V2E01,PILOT_SEEN_DEVELOPMENT_DATA,FROZEN_PRODUCTION_FAILURE,3,RIGHT,-0.45687960954981943,-0.5368796095498206,1.310934367577036,0.6049868191659147,M0_V1,FROZEN_V1_CURVATURE_CONTINUITY,ACTIVE_OUTER,ACTIVE_OUTER,CURVATURE_CORRIDOR_CRITICAL,CONTINUITY_BIASED_SAFE_ANCHOR,M0_V1_ANALYTIC_PROBE_ROOT,1,1,1,1,0,0,0
V2E01,PILOT_SEEN_DEVELOPMENT_DATA,FROZEN_PRODUCTION_FAILURE,4,RIGHT,-0.45687960954981943,-0.5368796095498206,1.310934367577036,3.94735730932694,M0_V1,FROZEN_V1_CURVATURE_CONTINUITY,ACTIVE_OUTER,ACTIVE_OUTER,CURVATURE_CORRIDOR_CRITICAL,CONTINUITY_BIASED_SAFE_ANCHOR,M0_V1_ANALYTIC_PROBE_ROOT,1,1,1,1,1,1,0
V2E01,PILOT_SEEN_DEVELOPMENT_DATA,FROZEN_PRODUCTION_FAILURE,5,RIGHT,-0.45687960954981943,-0.5368796095498206,1.310934367577036,7.397546202396385,M0_V1,FROZEN_V1_CURVATURE_CONTINUITY,ACTIVE_OUTER,ACTIVE_OUTER,CURVATURE_CORRIDOR_CRITICAL,CONTINUITY_BIASED_SAFE_ANCHOR,M0_V1_ANALYTIC_PROBE_ROOT,1,1,1,1,1,1,0
V2E01,PILOT_SEEN_DEVELOPMENT_DATA,FROZEN_PRODUCTION_FAILURE,6,RIGHT,-0.4637643031506035,-0.4637643031506035,0.5145810930150512,0.4971684162574945,M1,ZERO_BOUNDARY_SHORT,ZERO_INTERFACE,ZERO_INTERFACE,NONE,NONE,ZERO_INTERFACE_DIRECT_ANCHOR,1,1,1,1,0,0,0
V2E01,PILOT_SEEN_DEVELOPMENT_DATA,FROZEN_PRODUCTION_FAILURE,7,RIGHT,-0.4637643031506035,-0.4637643031506035,0.7136694116555473,0.4971684162574945,M1,ZERO_BOUNDARY_SPAN,ZERO_INTERFACE,ZERO_INTERFACE,NONE,NONE,ZERO_INTERFACE_DIRECT_ANCHOR,1,1,1,1,0,0,0
V2E01,PILOT_SEEN_DEVELOPMENT_DATA,FROZEN_PRODUCTION_FAILURE,8,RIGHT,-0.45687960954981943,-0.6771898047749101,1.310934367577036,7.397546202396385,M1,NEAR_LONG,ACTIVE_OUTER,ACTIVE_OUTER,CORRIDOR_BOTTLENECK,CORRIDOR_CENTER,ANALYTIC_ACTIVE_OUTER_ROOT,1,1,1,1,1,1,0
V2E02,PILOT_SEEN_DEVELOPMENT_DATA,FROZEN_PRODUCTION_FAILURE,0,LEFT,0.1603125,0.1603125,0.5145810930150512,0.4971684162574945,M1,ZERO_BOUNDARY_SHORT,ZERO_INTERFACE,ZERO_INTERFACE,NONE,NONE,ZERO_INTERFACE_DIRECT_ANCHOR,1,1,1,1,1,1,0
V2E02,PILOT_SEEN_DEVELOPMENT_DATA,FROZEN_PRODUCTION_FAILURE,1,LEFT,0.1603125,0.1603125,0.7136694116555473,0.4971684162574945,M1,ZERO_BOUNDARY_SPAN,ZERO_INTERFACE,ZERO_INTERFACE,NONE,NONE,ZERO_INTERFACE_DIRECT_ANCHOR,1,1,1,1,0,0,0
V2E02,PILOT_SEEN_DEVELOPMENT_DATA,FROZEN_PRODUCTION_FAILURE,2,LEFT,0.15,0.41419360960521834,1.310934367577036,6.630707249408404,M1,NEAR_LONG,ACTIVE_OUTER,ACTIVE_OUTER,CORRIDOR_BOTTLENECK,CORRIDOR_CENTER,ANALYTIC_ACTIVE_OUTER_ROOT,1,1,1,1,1,1,0
V2E03,PILOT_SEEN_DEVELOPMENT_DATA,FROZEN_PRODUCTION_FAILURE,0,LEFT,0.1853345144734313,0.2653345144734306,0.5145810930150512,0.5928490327127602,M0_V1,FROZEN_V1_CURVATURE_CONTINUITY,ACTIVE_OUTER,ACTIVE_OUTER,CURVATURE_CORRIDOR_CRITICAL,CONTINUITY_BIASED_SAFE_ANCHOR,M0_V1_ANALYTIC_PROBE_ROOT,1,0,1,1,0,0,0
V2E03,PILOT_SEEN_DEVELOPMENT_DATA,FROZEN_PRODUCTION_FAILURE,1,LEFT,0.1853345144734313,0.2653345144734306,0.5145810930150512,3.5589481428259986,M0_V1,FROZEN_V1_CURVATURE_CONTINUITY,ACTIVE_OUTER,ACTIVE_OUTER,CURVATURE_CORRIDOR_CRITICAL,CONTINUITY_BIASED_SAFE_ANCHOR,M0_V1_ANALYTIC_PROBE_ROOT,1,1,1,1,0,0,0
V2E03,PILOT_SEEN_DEVELOPMENT_DATA,FROZEN_PRODUCTION_FAILURE,2,LEFT,0.1853345144734313,0.2653345144734306,0.5145810930150512,6.620727869394503,M0_V1,FROZEN_V1_CURVATURE_CONTINUITY,ACTIVE_OUTER,ACTIVE_OUTER,CURVATURE_CORRIDOR_CRITICAL,CONTINUITY_BIASED_SAFE_ANCHOR,M0_V1_ANALYTIC_PROBE_ROOT,1,1,1,1,0,0,0
V2E03,PILOT_SEEN_DEVELOPMENT_DATA,FROZEN_PRODUCTION_FAILURE,3,LEFT,0.1853345144734313,0.2653345144734309,1.310934367577036,0.5928490327127602,M0_V1,FROZEN_V1_CURVATURE_CONTINUITY,ACTIVE_OUTER,ACTIVE_OUTER,CURVATURE_CORRIDOR_CRITICAL,CONTINUITY_BIASED_SAFE_ANCHOR,M0_V1_ANALYTIC_PROBE_ROOT,1,1,1,1,0,0,0
V2E03,PILOT_SEEN_DEVELOPMENT_DATA,FROZEN_PRODUCTION_FAILURE,4,LEFT,0.1853345144734313,0.2653345144734309,1.310934367577036,3.5589481428259986,M0_V1,FROZEN_V1_CURVATURE_CONTINUITY,ACTIVE_OUTER,ACTIVE_OUTER,CURVATURE_CORRIDOR_CRITICAL,CONTINUITY_BIASED_SAFE_ANCHOR,M0_V1_ANALYTIC_PROBE_ROOT,1,1,1,1,0,0,0
V2E03,PILOT_SEEN_DEVELOPMENT_DATA,FROZEN_PRODUCTION_FAILURE,5,LEFT,0.1853345144734313,0.2653345144734309,1.310934367577036,6.620727869394503,M0_V1,FROZEN_V1_CURVATURE_CONTINUITY,ACTIVE_OUTER,ACTIVE_OUTER,CURVATURE_CORRIDOR_CRITICAL,CONTINUITY_BIASED_SAFE_ANCHOR,M0_V1_ANALYTIC_PROBE_ROOT,1,1,1,1,1,1,0
V2E03,PILOT_SEEN_DEVELOPMENT_DATA,FROZEN_PRODUCTION_FAILURE,6,LEFT,0.19958710018478393,0.19958710018478393,0.5145810930150512,0.4971684162574945,M1,ZERO_BOUNDARY_SHORT,ZERO_INTERFACE,ZERO_INTERFACE,NONE,NONE,ZERO_INTERFACE_DIRECT_ANCHOR,1,1,1,1,0,0,0
V2E03,PILOT_SEEN_DEVELOPMENT_DATA,FROZEN_PRODUCTION_FAILURE,7,LEFT,0.19958710018478393,0.19958710018478393,0.7136694116555473,0.4971684162574945,M1,ZERO_BOUNDARY_SPAN,ZERO_INTERFACE,ZERO_INTERFACE,NONE,NONE,ZERO_INTERFACE_DIRECT_ANCHOR,1,1,1,1,0,0,0
V2E03,PILOT_SEEN_DEVELOPMENT_DATA,FROZEN_PRODUCTION_FAILURE,8,LEFT,0.1853345144734313,0.7399824777758148,1.310934367577036,6.620727869394503,M1,NEAR_LONG,ACTIVE_OUTER,ACTIVE_OUTER,CORRIDOR_BOTTLENECK,CORRIDOR_CENTER,ANALYTIC_ACTIVE_OUTER_ROOT,1,1,1,1,1,1,0
V2E04,PILOT_SEEN_DEVELOPMENT_DATA,FROZEN_PRODUCTION_FAILURE,0,LEFT,0.1612890625,0.1612890625,1.310934367577036,0.5617075842538356,M0_V2,ZERO_INTERFACE_BOUNDARY_INSET,ZERO_INTERFACE,ZERO_INTERFACE,NONE,NONE,ZERO_INTERFACE_DIRECT_ANCHOR,1,1,0,0,0,0,0
V2E04,PILOT_SEEN_DEVELOPMENT_DATA,FROZEN_PRODUCTION_FAILURE,1,LEFT,0.330625,0.330625,1.310934367577036,4.627675168023326,M0_V2,ZERO_INTERFACE_QUARTER_LONG_EXIT,ZERO_INTERFACE,ZERO_INTERFACE,NONE,NONE,ZERO_INTERFACE_DIRECT_ANCHOR,1,1,0,0,0,0,0
V2E04,PILOT_SEEN_DEVELOPMENT_DATA,FROZEN_PRODUCTION_FAILURE,2,LEFT,0.51125,0.51125,1.310934367577036,4.627675168023326,M0_V2,ZERO_INTERFACE_CENTER_LONG_EXIT,ZERO_INTERFACE,ZERO_INTERFACE,NONE,NONE,ZERO_INTERFACE_DIRECT_ANCHOR,1,1,0,0,0,0,0
V2E04,PILOT_SEEN_DEVELOPMENT_DATA,FROZEN_PRODUCTION_FAILURE,3,LEFT,0.330625,0.330625,0.7136694116555473,1.5297951041989524,M0_V2,ZERO_INTERFACE_QUARTER_SCALE,ZERO_INTERFACE,ZERO_INTERFACE,NONE,NONE,ZERO_INTERFACE_DIRECT_ANCHOR,1,1,0,0,0,0,0
V2E04,PILOT_SEEN_DEVELOPMENT_DATA,FROZEN_PRODUCTION_FAILURE,4,LEFT,0.1612890625,0.1612890625,0.5145810930150512,0.4971684162574945,M1,ZERO_BOUNDARY_SHORT,ZERO_INTERFACE,ZERO_INTERFACE,NONE,NONE,ZERO_INTERFACE_DIRECT_ANCHOR,1,1,0,0,0,0,0
V2E04,PILOT_SEEN_DEVELOPMENT_DATA,FROZEN_PRODUCTION_FAILURE,5,LEFT,0.1612890625,0.1612890625,0.7136694116555473,0.4971684162574945,M1,ZERO_BOUNDARY_SPAN,ZERO_INTERFACE,ZERO_INTERFACE,NONE,NONE,ZERO_INTERFACE_DIRECT_ANCHOR,1,1,0,0,0,0,0
V2E05,PILOT_SEEN_DEVELOPMENT_DATA,FROZEN_PRODUCTION_FAILURE,0,RIGHT,-0.162265625,-0.162265625,0.5145810930150512,0.4971684162574945,M1,ZERO_BOUNDARY_SHORT,ZERO_INTERFACE,ZERO_INTERFACE,NONE,NONE,ZERO_INTERFACE_DIRECT_ANCHOR,1,1,0,0,0,0,0
V2E05,PILOT_SEEN_DEVELOPMENT_DATA,FROZEN_PRODUCTION_FAILURE,1,RIGHT,-0.162265625,-0.162265625,0.7136694116555473,0.4971684162574945,M1,ZERO_BOUNDARY_SPAN,ZERO_INTERFACE,ZERO_INTERFACE,NONE,NONE,ZERO_INTERFACE_DIRECT_ANCHOR,1,1,0,0,0,0,0
V2E06,PILOT_SEEN_DEVELOPMENT_DATA,FROZEN_PRODUCTION_FAILURE,0,LEFT,0.15,0.20641617084234887,0.5145810930150512,0.6049868191659147,M0_V1,FROZEN_V1_CURVATURE_CONTINUITY,ACTIVE_OUTER,ACTIVE_OUTER,CURVATURE_CORRIDOR_CRITICAL,CONTINUITY_BIASED_SAFE_ANCHOR,M0_V1_ANALYTIC_PROBE_ROOT,1,0,0,0,0,0,0
V2E06,PILOT_SEEN_DEVELOPMENT_DATA,FROZEN_PRODUCTION_FAILURE,1,LEFT,0.15,0.20643253100607828,0.5145810930150512,3.94735730932694,M0_V1,FROZEN_V1_CURVATURE_CONTINUITY,ACTIVE_OUTER,ACTIVE_OUTER,CURVATURE_CORRIDOR_CRITICAL,CONTINUITY_BIASED_SAFE_ANCHOR,M0_V1_ANALYTIC_PROBE_ROOT,1,1,0,0,0,0,0
V2E06,PILOT_SEEN_DEVELOPMENT_DATA,FROZEN_PRODUCTION_FAILURE,2,LEFT,0.15,0.20643390869366857,0.5145810930150512,7.397546202396385,M0_V1,FROZEN_V1_CURVATURE_CONTINUITY,ACTIVE_OUTER,ACTIVE_OUTER,CURVATURE_CORRIDOR_CRITICAL,CONTINUITY_BIASED_SAFE_ANCHOR,M0_V1_ANALYTIC_PROBE_ROOT,1,1,0,0,0,0,0
V2E06,PILOT_SEEN_DEVELOPMENT_DATA,FROZEN_PRODUCTION_FAILURE,3,LEFT,0.15,0.20641617084234887,1.310934367577036,0.6049868191659147,M0_V1,FROZEN_V1_CURVATURE_CONTINUITY,ACTIVE_OUTER,ACTIVE_OUTER,CURVATURE_CORRIDOR_CRITICAL,CONTINUITY_BIASED_SAFE_ANCHOR,M0_V1_ANALYTIC_PROBE_ROOT,1,0,0,0,0,0,0
V2E06,PILOT_SEEN_DEVELOPMENT_DATA,FROZEN_PRODUCTION_FAILURE,4,LEFT,0.15,0.20643253100607828,1.310934367577036,3.94735730932694,M0_V1,FROZEN_V1_CURVATURE_CONTINUITY,ACTIVE_OUTER,ACTIVE_OUTER,CURVATURE_CORRIDOR_CRITICAL,CONTINUITY_BIASED_SAFE_ANCHOR,M0_V1_ANALYTIC_PROBE_ROOT,1,1,0,0,0,0,0
V2E06,PILOT_SEEN_DEVELOPMENT_DATA,FROZEN_PRODUCTION_FAILURE,5,LEFT,0.15,0.20643390869366857,1.310934367577036,7.397546202396385,M0_V1,FROZEN_V1_CURVATURE_CONTINUITY,ACTIVE_OUTER,ACTIVE_OUTER,CURVATURE_CORRIDOR_CRITICAL,CONTINUITY_BIASED_SAFE_ANCHOR,M0_V1_ANALYTIC_PROBE_ROOT,1,1,0,0,0,0,0
V2E06,PILOT_SEEN_DEVELOPMENT_DATA,FROZEN_PRODUCTION_FAILURE,6,RIGHT,-0.3551168431795204,-0.3551168431795204,1.310934367577036,0.5823232114382496,M0_V2,ZERO_INTERFACE_BOUNDARY_INSET,ZERO_INTERFACE,ZERO_INTERFACE,NONE,NONE,ZERO_INTERFACE_DIRECT_ANCHOR,1,1,0,0,0,0,0
V2E06,PILOT_SEEN_DEVELOPMENT_DATA,FROZEN_PRODUCTION_FAILURE,7,RIGHT,-0.4098509281367775,-0.4098509281367775,1.310934367577036,5.947075307825819,M0_V2,ZERO_INTERFACE_QUARTER_LONG_EXIT,ZERO_INTERFACE,ZERO_INTERFACE,NONE,NONE,ZERO_INTERFACE_DIRECT_ANCHOR,1,0,0,0,0,0,0
V2E06,PILOT_SEEN_DEVELOPMENT_DATA,FROZEN_PRODUCTION_FAILURE,8,RIGHT,-0.46823395209118496,-0.46823395209118496,1.310934367577036,5.947075307825819,M0_V2,ZERO_INTERFACE_CENTER_LONG_EXIT,ZERO_INTERFACE,ZERO_INTERFACE,NONE,NONE,ZERO_INTERFACE_DIRECT_ANCHOR,1,0,0,0,0,0,0
V2E06,PILOT_SEEN_DEVELOPMENT_DATA,FROZEN_PRODUCTION_FAILURE,9,RIGHT,-0.4098509281367775,-0.4098509281367775,0.7136694116555473,1.8596451391495756,M0_V2,ZERO_INTERFACE_QUARTER_SCALE,ZERO_INTERFACE,ZERO_INTERFACE,NONE,NONE,ZERO_INTERFACE_DIRECT_ANCHOR,1,0,0,0,0,0,0
V2E06,PILOT_SEEN_DEVELOPMENT_DATA,FROZEN_PRODUCTION_FAILURE,10,LEFT,0.1608984375,0.1608984375,1.310934367577036,0.6049868191659147,M0_V2,ZERO_INTERFACE_BOUNDARY_INSET,ZERO_INTERFACE,ZERO_INTERFACE,NONE,NONE,ZERO_INTERFACE_DIRECT_ANCHOR,1,0,0,0,0,0,0
V2E06,PILOT_SEEN_DEVELOPMENT_DATA,FROZEN_PRODUCTION_FAILURE,11,LEFT,0.324375,0.324375,1.310934367577036,7.397546202396385,M0_V2,ZERO_INTERFACE_QUARTER_LONG_EXIT,ZERO_INTERFACE,ZERO_INTERFACE,NONE,NONE,ZERO_INTERFACE_DIRECT_ANCHOR,1,1,0,0,0,0,0
V2E06,PILOT_SEEN_DEVELOPMENT_DATA,FROZEN_PRODUCTION_FAILURE,12,LEFT,0.4987500000000001,0.4987500000000001,1.310934367577036,7.397546202396385,M0_V2,ZERO_INTERFACE_CENTER_LONG_EXIT,ZERO_INTERFACE,ZERO_INTERFACE,NONE,NONE,ZERO_INTERFACE_DIRECT_ANCHOR,1,1,0,0,0,0,0
V2E06,PILOT_SEEN_DEVELOPMENT_DATA,FROZEN_PRODUCTION_FAILURE,13,LEFT,0.324375,0.324375,0.7136694116555473,2.222262862792217,M0_V2,ZERO_INTERFACE_QUARTER_SCALE,ZERO_INTERFACE,ZERO_INTERFACE,NONE,NONE,ZERO_INTERFACE_DIRECT_ANCHOR,1,0,0,0,0,0,0
V2E06,PILOT_SEEN_DEVELOPMENT_DATA,FROZEN_PRODUCTION_FAILURE,14,LEFT,0.15,0.4845585620349592,0.7136694116555473,2.222262862792217,M0_V2,BRANCH_AWARE_ANALYTIC_ROOT,ACTIVE_OUTER,ACTIVE_OUTER,CORRIDOR_BOTTLENECK,CORRIDOR_CENTER,ANALYTIC_ACTIVE_OUTER_ROOT,1,0,0,0,0,0,0
V2E06,PILOT_SEEN_DEVELOPMENT_DATA,FROZEN_PRODUCTION_FAILURE,15,RIGHT,-0.3551168431795204,-0.3551168431795204,0.5145810930150512,0.4971684162574945,M1,ZERO_BOUNDARY_SHORT,ZERO_INTERFACE,ZERO_INTERFACE,NONE,NONE,ZERO_INTERFACE_DIRECT_ANCHOR,1,1,0,0,0,0,0
V2E06,PILOT_SEEN_DEVELOPMENT_DATA,FROZEN_PRODUCTION_FAILURE,16,LEFT,0.1608984375,0.1608984375,0.5145810930150512,0.4971684162574945,M1,ZERO_BOUNDARY_SHORT,ZERO_INTERFACE,ZERO_INTERFACE,NONE,NONE,ZERO_INTERFACE_DIRECT_ANCHOR,1,1,0,0,0,0,0
V2E06,PILOT_SEEN_DEVELOPMENT_DATA,FROZEN_PRODUCTION_FAILURE,17,RIGHT,-0.3551168431795204,-0.3551168431795204,0.7136694116555473,0.4971684162574945,M1,ZERO_BOUNDARY_SPAN,ZERO_INTERFACE,ZERO_INTERFACE,NONE,NONE,ZERO_INTERFACE_DIRECT_ANCHOR,1,1,0,0,0,0,0
V2E06,PILOT_SEEN_DEVELOPMENT_DATA,FROZEN_PRODUCTION_FAILURE,18,LEFT,0.1608984375,0.1608984375,0.7136694116555473,0.4971684162574945,M1,ZERO_BOUNDARY_SPAN,ZERO_INTERFACE,ZERO_INTERFACE,NONE,NONE,ZERO_INTERFACE_DIRECT_ANCHOR,1,1,0,0,0,0,0
V2E06,PILOT_SEEN_DEVELOPMENT_DATA,FROZEN_PRODUCTION_FAILURE,19,LEFT,0.15,0.4845585620349585,1.310934367577036,7.397546202396385,M1,NEAR_LONG,ACTIVE_OUTER,ACTIVE_OUTER,CORRIDOR_BOTTLENECK,CORRIDOR_CENTER,ANALYTIC_ACTIVE_OUTER_ROOT,1,1,0,0,0,0,0
V2E06,PILOT_SEEN_DEVELOPMENT_DATA,FROZEN_PRODUCTION_FAILURE,20,RIGHT,-0.585,-0.468233952091188,0.7136694116555473,0.4971684162574945,M1,FAR_SPAN,ALL_INACTIVE,ALL_INACTIVE,CORRIDOR_BOTTLENECK,CORRIDOR_CENTER,ANALYTIC_ALL_INACTIVE_ROOT,1,1,0,0,0,0,0
V2E06,PILOT_SEEN_DEVELOPMENT_DATA,FROZEN_PRODUCTION_FAILURE,21,LEFT,0.8475000000000001,0.4845585620349594,0.7136694116555473,0.4971684162574945,M1,FAR_SPAN,ALL_INACTIVE,ALL_INACTIVE,CORRIDOR_BOTTLENECK,CORRIDOR_CENTER,ANALYTIC_ALL_INACTIVE_ROOT,1,1,0,0,0,0,0
V2E07,PILOT_SEEN_DEVELOPMENT_DATA,FROZEN_PRODUCTION_FAILURE,0,LEFT,0.3207636288168947,0.3207636288168947,0.5145810930150512,0.4971684162574945,M1,ZERO_BOUNDARY_SHORT,ZERO_INTERFACE,ZERO_INTERFACE,NONE,NONE,ZERO_INTERFACE_DIRECT_ANCHOR,1,1,0,0,0,0,0
V2E07,PILOT_SEEN_DEVELOPMENT_DATA,FROZEN_PRODUCTION_FAILURE,1,LEFT,0.3207636288168947,0.3207636288168947,0.7136694116555473,0.4971684162574945,M1,ZERO_BOUNDARY_SPAN,ZERO_INTERFACE,ZERO_INTERFACE,NONE,NONE,ZERO_INTERFACE_DIRECT_ANCHOR,1,1,0,0,0,0,0
V2E08,PILOT_SEEN_DEVELOPMENT_DATA,FROZEN_PRODUCTION_FAILURE,0,RIGHT,-0.15000000000000002,-0.15000230995126754,0.5145810930150512,0.6049868191659147,M0_V1,FROZEN_V1_CURVATURE_CONTINUITY,ACTIVE_OUTER,ACTIVE_OUTER,CURVATURE_CORRIDOR_CRITICAL,CONTINUITY_BIASED_SAFE_ANCHOR,M0_V1_ANALYTIC_PROBE_ROOT,1,0,0,0,0,0,0
V2E08,PILOT_SEEN_DEVELOPMENT_DATA,FROZEN_PRODUCTION_FAILURE,1,RIGHT,-0.15000000000000002,-0.15000001026299115,0.5145810930150512,3.94735730932694,M0_V1,FROZEN_V1_CURVATURE_CONTINUITY,ACTIVE_OUTER,ACTIVE_OUTER,CURVATURE_CORRIDOR_CRITICAL,CONTINUITY_BIASED_SAFE_ANCHOR,M0_V1_ANALYTIC_PROBE_ROOT,1,1,0,0,0,0,0
V2E08,PILOT_SEEN_DEVELOPMENT_DATA,FROZEN_PRODUCTION_FAILURE,2,RIGHT,-0.15000000000000002,-0.15000000158945753,0.5145810930150512,7.397546202396385,M0_V1,FROZEN_V1_CURVATURE_CONTINUITY,ACTIVE_OUTER,ACTIVE_OUTER,CURVATURE_CORRIDOR_CRITICAL,CONTINUITY_BIASED_SAFE_ANCHOR,M0_V1_ANALYTIC_PROBE_ROOT,1,1,0,0,0,0,0
V2E08,PILOT_SEEN_DEVELOPMENT_DATA,FROZEN_PRODUCTION_FAILURE,3,RIGHT,-0.15000000000000002,-0.15000230995126754,1.310934367577036,0.6049868191659147,M0_V1,FROZEN_V1_CURVATURE_CONTINUITY,ACTIVE_OUTER,ACTIVE_OUTER,CURVATURE_CORRIDOR_CRITICAL,CONTINUITY_BIASED_SAFE_ANCHOR,M0_V1_ANALYTIC_PROBE_ROOT,1,1,0,0,0,0,0
V2E08,PILOT_SEEN_DEVELOPMENT_DATA,FROZEN_PRODUCTION_FAILURE,4,RIGHT,-0.15000000000000002,-0.15000001026299115,1.310934367577036,3.94735730932694,M0_V1,FROZEN_V1_CURVATURE_CONTINUITY,ACTIVE_OUTER,ACTIVE_OUTER,CURVATURE_CORRIDOR_CRITICAL,CONTINUITY_BIASED_SAFE_ANCHOR,M0_V1_ANALYTIC_PROBE_ROOT,1,1,0,0,1,1,0
V2E08,PILOT_SEEN_DEVELOPMENT_DATA,FROZEN_PRODUCTION_FAILURE,5,RIGHT,-0.15000000000000002,-0.15000000158945753,1.310934367577036,7.397546202396385,M0_V1,FROZEN_V1_CURVATURE_CONTINUITY,ACTIVE_OUTER,ACTIVE_OUTER,CURVATURE_CORRIDOR_CRITICAL,CONTINUITY_BIASED_SAFE_ANCHOR,M0_V1_ANALYTIC_PROBE_ROOT,1,1,0,0,0,0,0
V2E08,PILOT_SEEN_DEVELOPMENT_DATA,FROZEN_PRODUCTION_FAILURE,6,RIGHT,-0.1593359375,-0.1593359375,0.5145810930150512,0.4971684162574945,M1,ZERO_BOUNDARY_SHORT,ZERO_INTERFACE,ZERO_INTERFACE,NONE,NONE,ZERO_INTERFACE_DIRECT_ANCHOR,1,1,1,1,1,1,0
V2E08,PILOT_SEEN_DEVELOPMENT_DATA,FROZEN_PRODUCTION_FAILURE,7,RIGHT,-0.1593359375,-0.1593359375,0.7136694116555473,0.4971684162574945,M1,ZERO_BOUNDARY_SPAN,ZERO_INTERFACE,ZERO_INTERFACE,NONE,NONE,ZERO_INTERFACE_DIRECT_ANCHOR,1,1,1,1,0,0,0
V2E08,PILOT_SEEN_DEVELOPMENT_DATA,FROZEN_PRODUCTION_FAILURE,8,RIGHT,-0.15,-0.5527232921213392,1.310934367577036,7.397546202396385,M1,NEAR_LONG,ACTIVE_OUTER,ACTIVE_OUTER,CORRIDOR_BOTTLENECK,CORRIDOR_CENTER,ANALYTIC_ACTIVE_OUTER_ROOT,1,1,1,1,0,0,0
V2E09,PILOT_SEEN_DEVELOPMENT_DATA,FROZEN_PRODUCTION_FAILURE,0,RIGHT,-0.1597265625,-0.1597265625,0.5145810930150512,0.4971684162574945,M1,ZERO_BOUNDARY_SHORT,ZERO_INTERFACE,ZERO_INTERFACE,NONE,NONE,ZERO_INTERFACE_DIRECT_ANCHOR,1,1,0,0,0,0,0
V2E09,PILOT_SEEN_DEVELOPMENT_DATA,FROZEN_PRODUCTION_FAILURE,1,RIGHT,-0.1597265625,-0.1597265625,0.7136694116555473,0.4971684162574945,M1,ZERO_BOUNDARY_SPAN,ZERO_INTERFACE,ZERO_INTERFACE,NONE,NONE,ZERO_INTERFACE_DIRECT_ANCHOR,1,1,0,0,0,0,0
DVE001,DEVELOPMENT,FROZEN_PRODUCTION_FAILURE,0,RIGHT,-0.47180573094231487,-0.47180573094231487,0.5145810930150512,0.4971684162574945,M1,ZERO_BOUNDARY_SHORT,ZERO_INTERFACE,ZERO_INTERFACE,NONE,NONE,ZERO_INTERFACE_DIRECT_ANCHOR,1,1,1,1,1,1,0
DVE001,DEVELOPMENT,FROZEN_PRODUCTION_FAILURE,1,RIGHT,-0.47180573094231487,-0.47180573094231487,0.7136694116555473,0.4971684162574945,M1,ZERO_BOUNDARY_SPAN,ZERO_INTERFACE,ZERO_INTERFACE,NONE,NONE,ZERO_INTERFACE_DIRECT_ANCHOR,1,1,1,1,1,1,0
DVE002,DEVELOPMENT,FROZEN_PRODUCTION_FAILURE,0,LEFT,0.4264238880500108,0.4264238880500108,0.5145810930150512,0.4971684162574945,M1,ZERO_BOUNDARY_SHORT,ZERO_INTERFACE,ZERO_INTERFACE,NONE,NONE,ZERO_INTERFACE_DIRECT_ANCHOR,1,1,0,0,0,0,0
DVE002,DEVELOPMENT,FROZEN_PRODUCTION_FAILURE,1,LEFT,0.4264238880500108,0.4264238880500108,0.7136694116555473,0.4971684162574945,M1,ZERO_BOUNDARY_SPAN,ZERO_INTERFACE,ZERO_INTERFACE,NONE,NONE,ZERO_INTERFACE_DIRECT_ANCHOR,1,1,0,0,0,0,0
DVE003,DEVELOPMENT,FROZEN_PRODUCTION_FAILURE,0,RIGHT,-0.5686534977284028,-0.5686534977284028,0.5145810930150512,0.4971684162574945,M1,ZERO_BOUNDARY_SHORT,ZERO_INTERFACE,ZERO_INTERFACE,NONE,NONE,ZERO_INTERFACE_DIRECT_ANCHOR,1,1,0,0,0,0,0
DVE003,DEVELOPMENT,FROZEN_PRODUCTION_FAILURE,1,RIGHT,-0.5686534977284028,-0.5686534977284028,0.7136694116555473,0.4971684162574945,M1,ZERO_BOUNDARY_SPAN,ZERO_INTERFACE,ZERO_INTERFACE,NONE,NONE,ZERO_INTERFACE_DIRECT_ANCHOR,1,1,0,0,0,0,0
DVE003,DEVELOPMENT,FROZEN_PRODUCTION_FAILURE,2,RIGHT,-0.9850000000000001,-0.7735224115445876,0.7136694116555473,0.4971684162574945,M1,FAR_SPAN,ALL_INACTIVE,ALL_INACTIVE,CORRIDOR_BOTTLENECK,CORRIDOR_CENTER,ANALYTIC_ALL_INACTIVE_ROOT,1,1,0,0,0,0,0
DVE004,DEVELOPMENT,FROZEN_PRODUCTION_FAILURE,0,LEFT,0.15,0.6150186810751646,1.310934367577036,6.677829896219816,M1,NEAR_LONG,ACTIVE_OUTER,ACTIVE_OUTER,CORRIDOR_BOTTLENECK,CORRIDOR_CENTER,ANALYTIC_ACTIVE_OUTER_ROOT,1,1,1,0,1,0,0
DVE005,DEVELOPMENT,FROZEN_PRODUCTION_FAILURE,0,RIGHT,-0.39115057871499376,-0.4711505787149931,0.5145810930150512,0.6049868191659147,M0_V1,FROZEN_V1_CURVATURE_CONTINUITY,ACTIVE_OUTER,ACTIVE_OUTER,CURVATURE_CORRIDOR_CRITICAL,CONTINUITY_BIASED_SAFE_ANCHOR,M0_V1_ANALYTIC_PROBE_ROOT,1,1,0,0,0,0,0
DVE005,DEVELOPMENT,FROZEN_PRODUCTION_FAILURE,1,RIGHT,-0.39115057871499376,-0.4711505787149931,0.5145810930150512,3.94735730932694,M0_V1,FROZEN_V1_CURVATURE_CONTINUITY,ACTIVE_OUTER,ACTIVE_OUTER,CURVATURE_CORRIDOR_CRITICAL,CONTINUITY_BIASED_SAFE_ANCHOR,M0_V1_ANALYTIC_PROBE_ROOT,1,1,0,0,0,0,0
DVE005,DEVELOPMENT,FROZEN_PRODUCTION_FAILURE,2,RIGHT,-0.39115057871499376,-0.4711505787149931,0.5145810930150512,7.397546202396385,M0_V1,FROZEN_V1_CURVATURE_CONTINUITY,ACTIVE_OUTER,ACTIVE_OUTER,CURVATURE_CORRIDOR_CRITICAL,CONTINUITY_BIASED_SAFE_ANCHOR,M0_V1_ANALYTIC_PROBE_ROOT,1,1,0,0,0,0,0
DVE005,DEVELOPMENT,FROZEN_PRODUCTION_FAILURE,3,RIGHT,-0.39115057871499376,-0.4711505787149939,1.310934367577036,0.6049868191659147,M0_V1,FROZEN_V1_CURVATURE_CONTINUITY,ACTIVE_OUTER,ACTIVE_OUTER,CURVATURE_CORRIDOR_CRITICAL,CONTINUITY_BIASED_SAFE_ANCHOR,M0_V1_ANALYTIC_PROBE_ROOT,1,1,0,0,0,0,0
DVE005,DEVELOPMENT,FROZEN_PRODUCTION_FAILURE,4,RIGHT,-0.39115057871499376,-0.4711505787149939,1.310934367577036,3.94735730932694,M0_V1,FROZEN_V1_CURVATURE_CONTINUITY,ACTIVE_OUTER,ACTIVE_OUTER,CURVATURE_CORRIDOR_CRITICAL,CONTINUITY_BIASED_SAFE_ANCHOR,M0_V1_ANALYTIC_PROBE_ROOT,1,1,0,0,0,0,0
DVE005,DEVELOPMENT,FROZEN_PRODUCTION_FAILURE,5,RIGHT,-0.39115057871499376,-0.4711505787149939,1.310934367577036,7.397546202396385,M0_V1,FROZEN_V1_CURVATURE_CONTINUITY,ACTIVE_OUTER,ACTIVE_OUTER,CURVATURE_CORRIDOR_CRITICAL,CONTINUITY_BIASED_SAFE_ANCHOR,M0_V1_ANALYTIC_PROBE_ROOT,1,1,0,0,0,0,0
DVE005,DEVELOPMENT,FROZEN_PRODUCTION_FAILURE,6,RIGHT,-0.39115057871499376,-0.5505752893574976,1.310934367577036,7.397546202396385,M1,NEAR_LONG,ACTIVE_OUTER,ACTIVE_OUTER,CORRIDOR_BOTTLENECK,CORRIDOR_CENTER,ANALYTIC_ACTIVE_OUTER_ROOT,1,1,0,0,0,0,0
DVE006,DEVELOPMENT,FROZEN_PRODUCTION_FAILURE,0,LEFT,0.16265625,0.16265625,0.5145810930150512,0.4971684162574945,M1,ZERO_BOUNDARY_SHORT,ZERO_INTERFACE,ZERO_INTERFACE,NONE,NONE,ZERO_INTERFACE_DIRECT_ANCHOR,1,1,1,0,1,0,0
DVE006,DEVELOPMENT,FROZEN_PRODUCTION_FAILURE,1,LEFT,0.16265625,0.16265625,0.7136694116555473,0.4971684162574945,M1,ZERO_BOUNDARY_SPAN,ZERO_INTERFACE,ZERO_INTERFACE,NONE,NONE,ZERO_INTERFACE_DIRECT_ANCHOR,1,1,1,0,0,0,0
DVE007,DEVELOPMENT,FROZEN_PRODUCTION_FAILURE,0,RIGHT,-0.2275967546695623,-0.5437983773347813,1.310934367577036,7.397546202396385,M1,NEAR_LONG,ACTIVE_OUTER,ACTIVE_OUTER,CORRIDOR_BOTTLENECK,CORRIDOR_CENTER,ANALYTIC_ACTIVE_OUTER_ROOT,1,1,1,0,1,0,0
DVE008,DEVELOPMENT,FROZEN_PRODUCTION_FAILURE,0,LEFT,0.31962128156507347,0.31962128156507347,0.5145810930150512,0.4971684162574945,M1,ZERO_BOUNDARY_SHORT,ZERO_INTERFACE,ZERO_INTERFACE,NONE,NONE,ZERO_INTERFACE_DIRECT_ANCHOR,1,1,0,0,0,0,0
DVE008,DEVELOPMENT,FROZEN_PRODUCTION_FAILURE,1,LEFT,0.31962128156507347,0.31962128156507347,0.7136694116555473,0.4971684162574945,M1,ZERO_BOUNDARY_SPAN,ZERO_INTERFACE,ZERO_INTERFACE,NONE,NONE,ZERO_INTERFACE_DIRECT_ANCHOR,1,1,0,0,0,0,0
DVE009,DEVELOPMENT,FROZEN_PRODUCTION_FAILURE,0,LEFT,0.4766927812819206,0.4766927812819206,0.5145810930150512,0.4971684162574945,M1,ZERO_BOUNDARY_SHORT,ZERO_INTERFACE,ZERO_INTERFACE,NONE,NONE,ZERO_INTERFACE_DIRECT_ANCHOR,1,1,0,0,0,0,0
DVE009,DEVELOPMENT,FROZEN_PRODUCTION_FAILURE,1,LEFT,0.4766927812819206,0.4766927812819206,0.7136694116555473,0.4971684162574945,M1,ZERO_BOUNDARY_SPAN,ZERO_INTERFACE,ZERO_INTERFACE,NONE,NONE,ZERO_INTERFACE_DIRECT_ANCHOR,1,1,0,0,0,0,0
DVE009,DEVELOPMENT,FROZEN_PRODUCTION_FAILURE,2,LEFT,0.4688228254292527,0.9263965727232732,1.310934367577036,6.623406445023952,M1,NEAR_LONG,ACTIVE_OUTER,ACTIVE_OUTER,CORRIDOR_BOTTLENECK,CORRIDOR_CENTER,ANALYTIC_ACTIVE_OUTER_ROOT,1,1,0,0,0,0,0
DVE010,DEVELOPMENT,FROZEN_PRODUCTION_FAILURE,0,LEFT,0.4902397244933747,0.4902397244933747,0.5145810930150512,0.4971684162574945,M1,ZERO_BOUNDARY_SHORT,ZERO_INTERFACE,ZERO_INTERFACE,NONE,NONE,ZERO_INTERFACE_DIRECT_ANCHOR,1,1,0,0,0,0,0
DVE010,DEVELOPMENT,FROZEN_PRODUCTION_FAILURE,1,LEFT,0.4902397244933747,0.4902397244933747,0.7136694116555473,0.4971684162574945,M1,ZERO_BOUNDARY_SPAN,ZERO_INTERFACE,ZERO_INTERFACE,NONE,NONE,ZERO_INTERFACE_DIRECT_ANCHOR,1,1,0,0,0,0,0
DVE011,DEVELOPMENT,FROZEN_PRODUCTION_FAILURE,0,LEFT,0.3383238309358856,0.3383238309358856,0.5145810930150512,0.4971684162574945,M1,ZERO_BOUNDARY_SHORT,ZERO_INTERFACE,ZERO_INTERFACE,NONE,NONE,ZERO_INTERFACE_DIRECT_ANCHOR,1,1,0,0,0,0,0
DVE011,DEVELOPMENT,FROZEN_PRODUCTION_FAILURE,1,LEFT,0.3383238309358856,0.3383238309358856,0.7136694116555473,0.4971684162574945,M1,ZERO_BOUNDARY_SPAN,ZERO_INTERFACE,ZERO_INTERFACE,NONE,NONE,ZERO_INTERFACE_DIRECT_ANCHOR,1,1,0,0,0,0,0
DVE012,DEVELOPMENT,FROZEN_PRODUCTION_FAILURE,0,RIGHT,-0.4058738239266747,-0.48587382392667616,0.5145810930150512,0.6049868191659147,M0_V1,FROZEN_V1_CURVATURE_CONTINUITY,ACTIVE_OUTER,ACTIVE_OUTER,CURVATURE_CORRIDOR_CRITICAL,CONTINUITY_BIASED_SAFE_ANCHOR,M0_V1_ANALYTIC_PROBE_ROOT,1,0,1,1,0,0,0
DVE012,DEVELOPMENT,FROZEN_PRODUCTION_FAILURE,1,RIGHT,-0.4058738239266747,-0.48587382392667616,0.5145810930150512,3.94735730932694,M0_V1,FROZEN_V1_CURVATURE_CONTINUITY,ACTIVE_OUTER,ACTIVE_OUTER,CURVATURE_CORRIDOR_CRITICAL,CONTINUITY_BIASED_SAFE_ANCHOR,M0_V1_ANALYTIC_PROBE_ROOT,1,1,1,1,0,0,0
DVE012,DEVELOPMENT,FROZEN_PRODUCTION_FAILURE,2,RIGHT,-0.4058738239266747,-0.48587382392667616,0.5145810930150512,7.397546202396385,M0_V1,FROZEN_V1_CURVATURE_CONTINUITY,ACTIVE_OUTER,ACTIVE_OUTER,CURVATURE_CORRIDOR_CRITICAL,CONTINUITY_BIASED_SAFE_ANCHOR,M0_V1_ANALYTIC_PROBE_ROOT,1,1,1,1,1,1,0
DVE012,DEVELOPMENT,FROZEN_PRODUCTION_FAILURE,3,RIGHT,-0.4058738239266747,-0.4858738239266741,1.310934367577036,0.6049868191659147,M0_V1,FROZEN_V1_CURVATURE_CONTINUITY,ACTIVE_OUTER,ACTIVE_OUTER,CURVATURE_CORRIDOR_CRITICAL,CONTINUITY_BIASED_SAFE_ANCHOR,M0_V1_ANALYTIC_PROBE_ROOT,1,1,1,1,0,0,0
DVE012,DEVELOPMENT,FROZEN_PRODUCTION_FAILURE,4,RIGHT,-0.4058738239266747,-0.4858738239266741,1.310934367577036,3.94735730932694,M0_V1,FROZEN_V1_CURVATURE_CONTINUITY,ACTIVE_OUTER,ACTIVE_OUTER,CURVATURE_CORRIDOR_CRITICAL,CONTINUITY_BIASED_SAFE_ANCHOR,M0_V1_ANALYTIC_PROBE_ROOT,1,1,1,1,1,1,0
DVE012,DEVELOPMENT,FROZEN_PRODUCTION_FAILURE,5,RIGHT,-0.4058738239266747,-0.4858738239266741,1.310934367577036,7.397546202396385,M0_V1,FROZEN_V1_CURVATURE_CONTINUITY,ACTIVE_OUTER,ACTIVE_OUTER,CURVATURE_CORRIDOR_CRITICAL,CONTINUITY_BIASED_SAFE_ANCHOR,M0_V1_ANALYTIC_PROBE_ROOT,1,1,1,1,1,1,0
DVE012,DEVELOPMENT,FROZEN_PRODUCTION_FAILURE,6,RIGHT,-0.4172664204278204,-0.4172664204278204,0.5145810930150512,0.4971684162574945,M1,ZERO_BOUNDARY_SHORT,ZERO_INTERFACE,ZERO_INTERFACE,NONE,NONE,ZERO_INTERFACE_DIRECT_ANCHOR,1,1,1,1,0,0,0
DVE012,DEVELOPMENT,FROZEN_PRODUCTION_FAILURE,7,RIGHT,-0.4172664204278204,-0.4172664204278204,0.7136694116555473,0.4971684162574945,M1,ZERO_BOUNDARY_SPAN,ZERO_INTERFACE,ZERO_INTERFACE,NONE,NONE,ZERO_INTERFACE_DIRECT_ANCHOR,1,1,1,1,0,0,0
DVE012,DEVELOPMENT,FROZEN_PRODUCTION_FAILURE,8,RIGHT,-0.4058738239266747,-0.7704369119633373,1.310934367577036,7.397546202396385,M1,NEAR_LONG,ACTIVE_OUTER,ACTIVE_OUTER,CORRIDOR_BOTTLENECK,CORRIDOR_CENTER,ANALYTIC_ACTIVE_OUTER_ROOT,1,1,1,1,1,1,0
DVE012,DEVELOPMENT,FROZEN_PRODUCTION_FAILURE,9,RIGHT,-0.4058738239266747,-0.7704369119633369,0.9127577302960436,7.397546202396385,M1,NEAR_BISECTED,ACTIVE_OUTER,ACTIVE_OUTER,CORRIDOR_BOTTLENECK,CORRIDOR_CENTER,ANALYTIC_ACTIVE_OUTER_ROOT,1,0,1,1,0,0,0
DVE012,DEVELOPMENT,FROZEN_PRODUCTION_FAILURE,10,RIGHT,-0.4058738239266747,-0.7704369119633393,0.7136694116555473,7.397546202396385,M1,NEAR_BISECTED,ACTIVE_OUTER,ACTIVE_OUTER,CORRIDOR_BOTTLENECK,CORRIDOR_CENTER,ANALYTIC_ACTIVE_OUTER_ROOT,1,0,1,1,0,0,0
DVE012,DEVELOPMENT,FROZEN_PRODUCTION_FAILURE,11,RIGHT,-0.4058738239266747,-0.7704369119633379,0.6141252523352992,7.397546202396385,M1,NEAR_BISECTED,ACTIVE_OUTER,ACTIVE_OUTER,CORRIDOR_BOTTLENECK,CORRIDOR_CENTER,ANALYTIC_ACTIVE_OUTER_ROOT,1,0,1,1,0,0,0
DVE012,DEVELOPMENT,FROZEN_PRODUCTION_FAILURE,12,RIGHT,-0.4058738239266747,-0.7704369119633375,0.5643531726751752,7.397546202396385,M1,NEAR_BISECTED,ACTIVE_OUTER,ACTIVE_OUTER,CORRIDOR_BOTTLENECK,CORRIDOR_CENTER,ANALYTIC_ACTIVE_OUTER_ROOT,1,0,1,1,0,0,0
DVE012,DEVELOPMENT,FROZEN_PRODUCTION_FAILURE,13,RIGHT,-0.4058738239266747,-0.7704369119633376,0.5394671328451132,7.397546202396385,M1,NEAR_BISECTED,ACTIVE_OUTER,ACTIVE_OUTER,CORRIDOR_BOTTLENECK,CORRIDOR_CENTER,ANALYTIC_ACTIVE_OUTER_ROOT,1,0,1,1,0,0,0
DVE012,DEVELOPMENT,FROZEN_PRODUCTION_FAILURE,14,RIGHT,-0.4058738239266747,-0.7704369119633353,0.5270241129300821,7.397546202396385,M1,NEAR_BISECTED,ACTIVE_OUTER,ACTIVE_OUTER,CORRIDOR_BOTTLENECK,CORRIDOR_CENTER,ANALYTIC_ACTIVE_OUTER_ROOT,1,0,1,1,0,0,0
DVE012,DEVELOPMENT,FROZEN_PRODUCTION_FAILURE,15,RIGHT,-0.4058738239266747,-0.7704369119633405,0.5208026029725666,7.397546202396385,M1,NEAR_BISECTED,ACTIVE_OUTER,ACTIVE_OUTER,CORRIDOR_BOTTLENECK,CORRIDOR_CENTER,ANALYTIC_ACTIVE_OUTER_ROOT,1,0,1,1,0,0,0
DVE012,DEVELOPMENT,FROZEN_PRODUCTION_FAILURE,16,RIGHT,-0.4058738239266747,-0.7704369119633374,0.5176918479938089,7.397546202396385,M1,NEAR_BISECTED,ACTIVE_OUTER,ACTIVE_OUTER,CORRIDOR_BOTTLENECK,CORRIDOR_CENTER,ANALYTIC_ACTIVE_OUTER_ROOT,1,0,1,1,0,0,0
DVE012,DEVELOPMENT,FROZEN_PRODUCTION_FAILURE,17,RIGHT,-0.4058738239266747,-0.77043691196334,0.51613647050443,7.397546202396385,M1,NEAR_BISECTED,ACTIVE_OUTER,ACTIVE_OUTER,CORRIDOR_BOTTLENECK,CORRIDOR_CENTER,ANALYTIC_ACTIVE_OUTER_ROOT,1,0,1,1,0,0,0
DVE012,DEVELOPMENT,FROZEN_PRODUCTION_FAILURE,18,RIGHT,-0.4058738239266747,-0.7704369119633383,0.5153587817597406,7.397546202396385,M1,NEAR_BISECTED,ACTIVE_OUTER,ACTIVE_OUTER,CORRIDOR_BOTTLENECK,CORRIDOR_CENTER,ANALYTIC_ACTIVE_OUTER_ROOT,1,0,1,1,0,0,0
DVE012,DEVELOPMENT,FROZEN_PRODUCTION_FAILURE,19,RIGHT,-0.4058738239266747,-0.7704369119633387,0.5149699373873959,7.397546202396385,M1,NEAR_BISECTED,ACTIVE_OUTER,ACTIVE_OUTER,CORRIDOR_BOTTLENECK,CORRIDOR_CENTER,ANALYTIC_ACTIVE_OUTER_ROOT,1,0,1,1,0,0,0
DVE012,DEVELOPMENT,FROZEN_PRODUCTION_FAILURE,20,RIGHT,-0.4058738239266747,-0.7704369119633359,0.5147755152012236,7.397546202396385,M1,NEAR_BISECTED,ACTIVE_OUTER,ACTIVE_OUTER,CORRIDOR_BOTTLENECK,CORRIDOR_CENTER,ANALYTIC_ACTIVE_OUTER_ROOT,1,0,1,1,0,0,0
DVE012,DEVELOPMENT,FROZEN_PRODUCTION_FAILURE,21,RIGHT,-0.4058738239266747,-0.7704369119633391,0.5146783041081373,7.397546202396385,M1,NEAR_BISECTED,ACTIVE_OUTER,ACTIVE_OUTER,CORRIDOR_BOTTLENECK,CORRIDOR_CENTER,ANALYTIC_ACTIVE_OUTER_ROOT,1,0,1,1,0,0,0
DVE012,DEVELOPMENT,FROZEN_PRODUCTION_FAILURE,22,RIGHT,-0.4058738239266747,-0.7704369119633359,0.5146296985615942,7.397546202396385,M1,NEAR_BISECTED,ACTIVE_OUTER,ACTIVE_OUTER,CORRIDOR_BOTTLENECK,CORRIDOR_CENTER,ANALYTIC_ACTIVE_OUTER_ROOT,1,0,1,1,0,0,0
DVE012,DEVELOPMENT,FROZEN_PRODUCTION_FAILURE,23,RIGHT,-0.4058738239266747,-0.7704369119633361,0.5146053957883228,7.397546202396385,M1,NEAR_BISECTED,ACTIVE_OUTER,ACTIVE_OUTER,CORRIDOR_BOTTLENECK,CORRIDOR_CENTER,ANALYTIC_ACTIVE_OUTER_ROOT,1,0,1,1,0,0,0
DVE012,DEVELOPMENT,FROZEN_PRODUCTION_FAILURE,24,RIGHT,-0.4058738239266747,-0.7704369119633362,0.514593244401687,7.397546202396385,M1,NEAR_BISECTED,ACTIVE_OUTER,ACTIVE_OUTER,CORRIDOR_BOTTLENECK,CORRIDOR_CENTER,ANALYTIC_ACTIVE_OUTER_ROOT,1,0,1,1,0,0,0
DVE012,DEVELOPMENT,FROZEN_PRODUCTION_FAILURE,25,RIGHT,-0.4058738239266747,-0.7704369119633376,0.5145871687083691,7.397546202396385,M1,NEAR_BISECTED,ACTIVE_OUTER,ACTIVE_OUTER,CORRIDOR_BOTTLENECK,CORRIDOR_CENTER,ANALYTIC_ACTIVE_OUTER_ROOT,1,0,1,1,0,0,0
DVE012,DEVELOPMENT,FROZEN_PRODUCTION_FAILURE,26,RIGHT,-0.4058738239266747,-0.7704369119633351,0.5145841308617101,7.397546202396385,M1,NEAR_BISECTED,ACTIVE_OUTER,ACTIVE_OUTER,CORRIDOR_BOTTLENECK,CORRIDOR_CENTER,ANALYTIC_ACTIVE_OUTER_ROOT,1,0,1,1,0,0,0
DVE012,DEVELOPMENT,FROZEN_PRODUCTION_FAILURE,27,RIGHT,-0.4058738239266747,-0.770436911963337,0.5145826119383806,7.397546202396385,M1,NEAR_BISECTED,ACTIVE_OUTER,ACTIVE_OUTER,CORRIDOR_BOTTLENECK,CORRIDOR_CENTER,ANALYTIC_ACTIVE_OUTER_ROOT,1,0,1,1,0,0,0
DVE012,DEVELOPMENT,FROZEN_PRODUCTION_FAILURE,28,RIGHT,-0.4058738239266747,-0.7704369119633364,0.5145818524767158,7.397546202396385,M1,NEAR_BISECTED,ACTIVE_OUTER,ACTIVE_OUTER,CORRIDOR_BOTTLENECK,CORRIDOR_CENTER,ANALYTIC_ACTIVE_OUTER_ROOT,1,0,1,1,0,0,0
DVE012,DEVELOPMENT,FROZEN_PRODUCTION_FAILURE,29,RIGHT,-0.4058738239266747,-0.7704369119633357,0.5145814727458835,7.397546202396385,M1,NEAR_BISECTED,ACTIVE_OUTER,ACTIVE_OUTER,CORRIDOR_BOTTLENECK,CORRIDOR_CENTER,ANALYTIC_ACTIVE_OUTER_ROOT,1,0,1,1,0,0,0
DVE013,DEVELOPMENT,FROZEN_PRODUCTION_FAILURE,0,RIGHT,-0.6636540297723931,-0.6636540297723931,0.5145810930150512,0.4971684162574945,M1,ZERO_BOUNDARY_SHORT,ZERO_INTERFACE,ZERO_INTERFACE,NONE,NONE,ZERO_INTERFACE_DIRECT_ANCHOR,1,1,0,0,0,0,0
DVE013,DEVELOPMENT,FROZEN_PRODUCTION_FAILURE,1,LEFT,0.5629339357582317,0.5629339357582317,0.5145810930150512,0.4971684162574945,M1,ZERO_BOUNDARY_SHORT,ZERO_INTERFACE,ZERO_INTERFACE,NONE,NONE,ZERO_INTERFACE_DIRECT_ANCHOR,1,1,0,0,0,0,0
DVE013,DEVELOPMENT,FROZEN_PRODUCTION_FAILURE,2,RIGHT,-0.6636540297723931,-0.6636540297723931,0.7136694116555473,0.4971684162574945,M1,ZERO_BOUNDARY_SPAN,ZERO_INTERFACE,ZERO_INTERFACE,NONE,NONE,ZERO_INTERFACE_DIRECT_ANCHOR,1,1,0,0,0,0,0
DVE013,DEVELOPMENT,FROZEN_PRODUCTION_FAILURE,3,LEFT,0.5629339357582317,0.5629339357582317,0.7136694116555473,0.4971684162574945,M1,ZERO_BOUNDARY_SPAN,ZERO_INTERFACE,ZERO_INTERFACE,NONE,NONE,ZERO_INTERFACE_DIRECT_ANCHOR,1,1,0,0,0,0,0
DVE014,DEVELOPMENT,FROZEN_PRODUCTION_FAILURE,0,RIGHT,-0.37068151566060736,-0.4506815156606081,0.5145810930150512,0.6049868191659147,M0_V1,FROZEN_V1_CURVATURE_CONTINUITY,ACTIVE_OUTER,ACTIVE_OUTER,CURVATURE_CORRIDOR_CRITICAL,CONTINUITY_BIASED_SAFE_ANCHOR,M0_V1_ANALYTIC_PROBE_ROOT,1,0,1,1,0,0,0
DVE014,DEVELOPMENT,FROZEN_PRODUCTION_FAILURE,1,RIGHT,-0.37068151566060736,-0.4506815156606081,0.5145810930150512,3.94735730932694,M0_V1,FROZEN_V1_CURVATURE_CONTINUITY,ACTIVE_OUTER,ACTIVE_OUTER,CURVATURE_CORRIDOR_CRITICAL,CONTINUITY_BIASED_SAFE_ANCHOR,M0_V1_ANALYTIC_PROBE_ROOT,1,1,1,1,0,0,0
DVE014,DEVELOPMENT,FROZEN_PRODUCTION_FAILURE,2,RIGHT,-0.37068151566060736,-0.4506815156606081,0.5145810930150512,7.397546202396385,M0_V1,FROZEN_V1_CURVATURE_CONTINUITY,ACTIVE_OUTER,ACTIVE_OUTER,CURVATURE_CORRIDOR_CRITICAL,CONTINUITY_BIASED_SAFE_ANCHOR,M0_V1_ANALYTIC_PROBE_ROOT,1,1,1,1,0,0,0
DVE014,DEVELOPMENT,FROZEN_PRODUCTION_FAILURE,3,RIGHT,-0.37068151566060736,-0.4506815156606085,1.310934367577036,0.6049868191659147,M0_V1,FROZEN_V1_CURVATURE_CONTINUITY,ACTIVE_OUTER,ACTIVE_OUTER,CURVATURE_CORRIDOR_CRITICAL,CONTINUITY_BIASED_SAFE_ANCHOR,M0_V1_ANALYTIC_PROBE_ROOT,1,1,1,1,1,1,0
DVE014,DEVELOPMENT,FROZEN_PRODUCTION_FAILURE,4,RIGHT,-0.37068151566060736,-0.4506815156606085,1.310934367577036,3.94735730932694,M0_V1,FROZEN_V1_CURVATURE_CONTINUITY,ACTIVE_OUTER,ACTIVE_OUTER,CURVATURE_CORRIDOR_CRITICAL,CONTINUITY_BIASED_SAFE_ANCHOR,M0_V1_ANALYTIC_PROBE_ROOT,1,1,1,1,1,1,0
DVE014,DEVELOPMENT,FROZEN_PRODUCTION_FAILURE,5,RIGHT,-0.37068151566060736,-0.4506815156606085,1.310934367577036,7.397546202396385,M0_V1,FROZEN_V1_CURVATURE_CONTINUITY,ACTIVE_OUTER,ACTIVE_OUTER,CURVATURE_CORRIDOR_CRITICAL,CONTINUITY_BIASED_SAFE_ANCHOR,M0_V1_ANALYTIC_PROBE_ROOT,1,1,1,1,1,1,0
DVE014,DEVELOPMENT,FROZEN_PRODUCTION_FAILURE,6,RIGHT,-0.3789130544784104,-0.3789130544784104,0.5145810930150512,0.4971684162574945,M1,ZERO_BOUNDARY_SHORT,ZERO_INTERFACE,ZERO_INTERFACE,NONE,NONE,ZERO_INTERFACE_DIRECT_ANCHOR,1,1,0,0,0,0,0
DVE014,DEVELOPMENT,FROZEN_PRODUCTION_FAILURE,7,RIGHT,-0.3789130544784104,-0.3789130544784104,0.7136694116555473,0.4971684162574945,M1,ZERO_BOUNDARY_SPAN,ZERO_INTERFACE,ZERO_INTERFACE,NONE,NONE,ZERO_INTERFACE_DIRECT_ANCHOR,1,1,0,0,0,0,0
DVE014,DEVELOPMENT,FROZEN_PRODUCTION_FAILURE,8,RIGHT,-0.37068151566060736,-0.6340907578303054,1.310934367577036,7.397546202396385,M1,NEAR_LONG,ACTIVE_OUTER,ACTIVE_OUTER,CORRIDOR_BOTTLENECK,CORRIDOR_CENTER,ANALYTIC_ACTIVE_OUTER_ROOT,1,1,1,1,1,1,0
DVE015,DEVELOPMENT,FROZEN_PRODUCTION_FAILURE,0,RIGHT,-0.3418345568903602,-0.3418345568903602,0.5145810930150512,0.4971684162574945,M1,ZERO_BOUNDARY_SHORT,ZERO_INTERFACE,ZERO_INTERFACE,NONE,NONE,ZERO_INTERFACE_DIRECT_ANCHOR,1,1,1,1,1,1,0
DVE015,DEVELOPMENT,FROZEN_PRODUCTION_FAILURE,1,RIGHT,-0.3418345568903602,-0.3418345568903602,0.7136694116555473,0.4971684162574945,M1,ZERO_BOUNDARY_SPAN,ZERO_INTERFACE,ZERO_INTERFACE,NONE,NONE,ZERO_INTERFACE_DIRECT_ANCHOR,1,1,1,1,0,0,0
DVE016,DEVELOPMENT,FROZEN_PRODUCTION_FAILURE,0,LEFT,0.15,0.18631573843910426,0.5145810930150512,0.5904752484623668,M0_V1,FROZEN_V1_CURVATURE_CONTINUITY,ACTIVE_OUTER,ACTIVE_OUTER,CURVATURE_CORRIDOR_CRITICAL,CONTINUITY_BIASED_SAFE_ANCHOR,M0_V1_ANALYTIC_PROBE_ROOT,1,1,0,0,0,0,0
DVE016,DEVELOPMENT,FROZEN_PRODUCTION_FAILURE,1,LEFT,0.15,0.18631573843910426,0.5145810930150512,3.4829870468134074,M0_V1,FROZEN_V1_CURVATURE_CONTINUITY,ACTIVE_OUTER,ACTIVE_OUTER,CURVATURE_CORRIDOR_CRITICAL,CONTINUITY_BIASED_SAFE_ANCHOR,M0_V1_ANALYTIC_PROBE_ROOT,1,1,0,0,0,0,0
DVE016,DEVELOPMENT,FROZEN_PRODUCTION_FAILURE,2,LEFT,0.15,0.18631573843910426,0.5145810930150512,6.46880567736932,M0_V1,FROZEN_V1_CURVATURE_CONTINUITY,ACTIVE_OUTER,ACTIVE_OUTER,CURVATURE_CORRIDOR_CRITICAL,CONTINUITY_BIASED_SAFE_ANCHOR,M0_V1_ANALYTIC_PROBE_ROOT,1,1,0,0,0,0,0
DVE016,DEVELOPMENT,FROZEN_PRODUCTION_FAILURE,3,LEFT,0.15,0.18631573843910426,1.310934367577036,0.5904752484623668,M0_V1,FROZEN_V1_CURVATURE_CONTINUITY,ACTIVE_OUTER,ACTIVE_OUTER,CURVATURE_CORRIDOR_CRITICAL,CONTINUITY_BIASED_SAFE_ANCHOR,M0_V1_ANALYTIC_PROBE_ROOT,1,1,0,0,0,0,0
DVE016,DEVELOPMENT,FROZEN_PRODUCTION_FAILURE,4,LEFT,0.15,0.18631573843910426,1.310934367577036,3.4829870468134074,M0_V1,FROZEN_V1_CURVATURE_CONTINUITY,ACTIVE_OUTER,ACTIVE_OUTER,CURVATURE_CORRIDOR_CRITICAL,CONTINUITY_BIASED_SAFE_ANCHOR,M0_V1_ANALYTIC_PROBE_ROOT,1,1,0,0,0,0,0
DVE016,DEVELOPMENT,FROZEN_PRODUCTION_FAILURE,5,LEFT,0.15,0.18631573843910426,1.310934367577036,6.46880567736932,M0_V1,FROZEN_V1_CURVATURE_CONTINUITY,ACTIVE_OUTER,ACTIVE_OUTER,CURVATURE_CORRIDOR_CRITICAL,CONTINUITY_BIASED_SAFE_ANCHOR,M0_V1_ANALYTIC_PROBE_ROOT,1,1,0,0,0,0,0
DVE016,DEVELOPMENT,FROZEN_PRODUCTION_FAILURE,6,LEFT,0.15,0.38290877758527003,1.310934367577036,6.46880567736932,M1,NEAR_LONG,ACTIVE_OUTER,ACTIVE_OUTER,CORRIDOR_BOTTLENECK,CORRIDOR_CENTER,ANALYTIC_ACTIVE_OUTER_ROOT,1,1,0,0,0,0,0
DVE017,DEVELOPMENT,FROZEN_PRODUCTION_FAILURE,0,RIGHT,-0.3418345568903602,-0.3418345568903602,0.5145810930150512,0.4971684162574945,M1,ZERO_BOUNDARY_SHORT,ZERO_INTERFACE,ZERO_INTERFACE,NONE,NONE,ZERO_INTERFACE_DIRECT_ANCHOR,1,1,1,1,1,1,0
DVE017,DEVELOPMENT,FROZEN_PRODUCTION_FAILURE,1,RIGHT,-0.3418345568903602,-0.3418345568903602,0.7136694116555473,0.4971684162574945,M1,ZERO_BOUNDARY_SPAN,ZERO_INTERFACE,ZERO_INTERFACE,NONE,NONE,ZERO_INTERFACE_DIRECT_ANCHOR,1,1,1,1,1,1,0
DVE018,DEVELOPMENT,FROZEN_PRODUCTION_FAILURE,0,RIGHT,-0.393252662812106,-0.473252662812105,0.5145810930150512,0.6049868191659147,M0_V1,FROZEN_V1_CURVATURE_CONTINUITY,ACTIVE_OUTER,ACTIVE_OUTER,CURVATURE_CORRIDOR_CRITICAL,CONTINUITY_BIASED_SAFE_ANCHOR,M0_V1_ANALYTIC_PROBE_ROOT,1,0,1,1,0,0,0
DVE018,DEVELOPMENT,FROZEN_PRODUCTION_FAILURE,1,RIGHT,-0.393252662812106,-0.473252662812105,0.5145810930150512,3.94735730932694,M0_V1,FROZEN_V1_CURVATURE_CONTINUITY,ACTIVE_OUTER,ACTIVE_OUTER,CURVATURE_CORRIDOR_CRITICAL,CONTINUITY_BIASED_SAFE_ANCHOR,M0_V1_ANALYTIC_PROBE_ROOT,1,1,1,1,0,0,0
DVE018,DEVELOPMENT,FROZEN_PRODUCTION_FAILURE,2,RIGHT,-0.393252662812106,-0.473252662812105,0.5145810930150512,7.397546202396385,M0_V1,FROZEN_V1_CURVATURE_CONTINUITY,ACTIVE_OUTER,ACTIVE_OUTER,CURVATURE_CORRIDOR_CRITICAL,CONTINUITY_BIASED_SAFE_ANCHOR,M0_V1_ANALYTIC_PROBE_ROOT,1,1,1,1,0,0,0
DVE018,DEVELOPMENT,FROZEN_PRODUCTION_FAILURE,3,RIGHT,-0.393252662812106,-0.47325266281210476,1.310934367577036,0.6049868191659147,M0_V1,FROZEN_V1_CURVATURE_CONTINUITY,ACTIVE_OUTER,ACTIVE_OUTER,CURVATURE_CORRIDOR_CRITICAL,CONTINUITY_BIASED_SAFE_ANCHOR,M0_V1_ANALYTIC_PROBE_ROOT,1,1,1,1,0,0,0
DVE018,DEVELOPMENT,FROZEN_PRODUCTION_FAILURE,4,RIGHT,-0.393252662812106,-0.47325266281210476,1.310934367577036,3.94735730932694,M0_V1,FROZEN_V1_CURVATURE_CONTINUITY,ACTIVE_OUTER,ACTIVE_OUTER,CURVATURE_CORRIDOR_CRITICAL,CONTINUITY_BIASED_SAFE_ANCHOR,M0_V1_ANALYTIC_PROBE_ROOT,1,1,1,1,1,1,0
DVE018,DEVELOPMENT,FROZEN_PRODUCTION_FAILURE,5,RIGHT,-0.393252662812106,-0.47325266281210476,1.310934367577036,7.397546202396385,M0_V1,FROZEN_V1_CURVATURE_CONTINUITY,ACTIVE_OUTER,ACTIVE_OUTER,CURVATURE_CORRIDOR_CRITICAL,CONTINUITY_BIASED_SAFE_ANCHOR,M0_V1_ANALYTIC_PROBE_ROOT,1,1,1,1,1,1,0
DVE018,DEVELOPMENT,FROZEN_PRODUCTION_FAILURE,6,RIGHT,-0.4048424649556669,-0.4048424649556669,0.5145810930150512,0.4971684162574945,M1,ZERO_BOUNDARY_SHORT,ZERO_INTERFACE,ZERO_INTERFACE,NONE,NONE,ZERO_INTERFACE_DIRECT_ANCHOR,1,1,1,1,0,0,0
DVE018,DEVELOPMENT,FROZEN_PRODUCTION_FAILURE,7,RIGHT,-0.4048424649556669,-0.4048424649556669,0.7136694116555473,0.4971684162574945,M1,ZERO_BOUNDARY_SPAN,ZERO_INTERFACE,ZERO_INTERFACE,NONE,NONE,ZERO_INTERFACE_DIRECT_ANCHOR,1,1,1,1,0,0,0
DVE018,DEVELOPMENT,FROZEN_PRODUCTION_FAILURE,8,RIGHT,-0.393252662812106,-0.764126331406051,1.310934367577036,7.397546202396385,M1,NEAR_LONG,ACTIVE_OUTER,ACTIVE_OUTER,CORRIDOR_BOTTLENECK,CORRIDOR_CENTER,ANALYTIC_ACTIVE_OUTER_ROOT,1,1,1,1,1,1,0
DVE019,DEVELOPMENT,FROZEN_PRODUCTION_FAILURE,0,RIGHT,-0.6428757899068773,-0.6428757899068773,0.5145810930150512,0.4971684162574945,M1,ZERO_BOUNDARY_SHORT,ZERO_INTERFACE,ZERO_INTERFACE,NONE,NONE,ZERO_INTERFACE_DIRECT_ANCHOR,1,1,1,0,1,0,0
DVE019,DEVELOPMENT,FROZEN_PRODUCTION_FAILURE,1,LEFT,0.1597265625,0.1597265625,0.5145810930150512,0.4971684162574945,M1,ZERO_BOUNDARY_SHORT,ZERO_INTERFACE,ZERO_INTERFACE,NONE,NONE,ZERO_INTERFACE_DIRECT_ANCHOR,1,1,0,0,1,0,0
DVE019,DEVELOPMENT,FROZEN_PRODUCTION_FAILURE,2,RIGHT,-0.6428757899068773,-0.6428757899068773,0.7136694116555473,0.4971684162574945,M1,ZERO_BOUNDARY_SPAN,ZERO_INTERFACE,ZERO_INTERFACE,NONE,NONE,ZERO_INTERFACE_DIRECT_ANCHOR,1,1,1,0,1,0,0
DVE019,DEVELOPMENT,FROZEN_PRODUCTION_FAILURE,3,LEFT,0.1597265625,0.1597265625,0.7136694116555473,0.4971684162574945,M1,ZERO_BOUNDARY_SPAN,ZERO_INTERFACE,ZERO_INTERFACE,NONE,NONE,ZERO_INTERFACE_DIRECT_ANCHOR,1,1,0,0,1,0,0
DVE019,DEVELOPMENT,FROZEN_PRODUCTION_FAILURE,4,RIGHT,-0.9850000000000001,-0.674904041448573,0.7136694116555473,0.4971684162574945,M1,FAR_SPAN,ALL_INACTIVE,ALL_INACTIVE,CORRIDOR_BOTTLENECK,CORRIDOR_CENTER,ANALYTIC_ALL_INACTIVE_ROOT,1,1,0,0,1,0,0
DVE020,DEVELOPMENT,FROZEN_PRODUCTION_FAILURE,0,RIGHT,-0.502127570027526,-0.502127570027526,0.5145810930150512,0.4971684162574945,M1,ZERO_BOUNDARY_SHORT,ZERO_INTERFACE,ZERO_INTERFACE,NONE,NONE,ZERO_INTERFACE_DIRECT_ANCHOR,1,1,1,1,1,1,0
DVE020,DEVELOPMENT,FROZEN_PRODUCTION_FAILURE,1,RIGHT,-0.502127570027526,-0.502127570027526,0.7136694116555473,0.4971684162574945,M1,ZERO_BOUNDARY_SPAN,ZERO_INTERFACE,ZERO_INTERFACE,NONE,NONE,ZERO_INTERFACE_DIRECT_ANCHOR,1,1,1,1,1,1,0
DVE020,DEVELOPMENT,FROZEN_PRODUCTION_FAILURE,2,RIGHT,-0.6975,-0.5907295530750981,0.7136694116555473,0.4971684162574945,M1,FAR_SPAN,ALL_INACTIVE,ALL_INACTIVE,CORRIDOR_BOTTLENECK,CORRIDOR_CENTER,ANALYTIC_ALL_INACTIVE_ROOT,1,1,1,1,1,1,0
DVE021,DEVELOPMENT,FROZEN_PRODUCTION_FAILURE,0,LEFT,0.4644571010785823,0.4644571010785823,0.5145810930150512,0.4971684162574945,M1,ZERO_BOUNDARY_SHORT,ZERO_INTERFACE,ZERO_INTERFACE,NONE,NONE,ZERO_INTERFACE_DIRECT_ANCHOR,1,1,0,0,0,0,0
DVE021,DEVELOPMENT,FROZEN_PRODUCTION_FAILURE,1,LEFT,0.4644571010785823,0.4644571010785823,0.7136694116555473,0.4971684162574945,M1,ZERO_BOUNDARY_SPAN,ZERO_INTERFACE,ZERO_INTERFACE,NONE,NONE,ZERO_INTERFACE_DIRECT_ANCHOR,1,1,0,0,0,0,0
DVE022,DEVELOPMENT,FROZEN_PRODUCTION_FAILURE,0,LEFT,0.159921875,0.159921875,0.5145810930150512,0.4971684162574945,M1,ZERO_BOUNDARY_SHORT,ZERO_INTERFACE,ZERO_INTERFACE,NONE,NONE,ZERO_INTERFACE_DIRECT_ANCHOR,1,1,0,0,0,0,0
DVE022,DEVELOPMENT,FROZEN_PRODUCTION_FAILURE,1,LEFT,0.159921875,0.159921875,0.7136694116555473,0.4971684162574945,M1,ZERO_BOUNDARY_SPAN,ZERO_INTERFACE,ZERO_INTERFACE,NONE,NONE,ZERO_INTERFACE_DIRECT_ANCHOR,1,1,0,0,0,0,0
DVE023,DEVELOPMENT,FROZEN_PRODUCTION_FAILURE,0,LEFT,0.5350636300257747,0.5350636300257747,0.5145810930150512,0.4971684162574945,M1,ZERO_BOUNDARY_SHORT,ZERO_INTERFACE,ZERO_INTERFACE,NONE,NONE,ZERO_INTERFACE_DIRECT_ANCHOR,1,1,1,0,1,0,0
DVE023,DEVELOPMENT,FROZEN_PRODUCTION_FAILURE,1,LEFT,0.5350636300257747,0.5350636300257747,0.7136694116555473,0.4971684162574945,M1,ZERO_BOUNDARY_SPAN,ZERO_INTERFACE,ZERO_INTERFACE,NONE,NONE,ZERO_INTERFACE_DIRECT_ANCHOR,1,1,1,0,0,0,0
DVE024,DEVELOPMENT,FROZEN_PRODUCTION_FAILURE,0,RIGHT,-0.45966705945396313,-0.5396670594539602,0.5145810930150512,0.6049868191659147,M0_V1,FROZEN_V1_CURVATURE_CONTINUITY,ACTIVE_OUTER,ACTIVE_OUTER,CURVATURE_CORRIDOR_CRITICAL,CONTINUITY_BIASED_SAFE_ANCHOR,M0_V1_ANALYTIC_PROBE_ROOT,1,0,1,1,0,0,0
DVE024,DEVELOPMENT,FROZEN_PRODUCTION_FAILURE,1,RIGHT,-0.45966705945396313,-0.5396670594539602,0.5145810930150512,3.94735730932694,M0_V1,FROZEN_V1_CURVATURE_CONTINUITY,ACTIVE_OUTER,ACTIVE_OUTER,CURVATURE_CORRIDOR_CRITICAL,CONTINUITY_BIASED_SAFE_ANCHOR,M0_V1_ANALYTIC_PROBE_ROOT,1,1,1,1,0,0,0
DVE024,DEVELOPMENT,FROZEN_PRODUCTION_FAILURE,2,RIGHT,-0.45966705945396313,-0.5396670594539602,0.5145810930150512,7.397546202396385,M0_V1,FROZEN_V1_CURVATURE_CONTINUITY,ACTIVE_OUTER,ACTIVE_OUTER,CURVATURE_CORRIDOR_CRITICAL,CONTINUITY_BIASED_SAFE_ANCHOR,M0_V1_ANALYTIC_PROBE_ROOT,1,1,1,1,0,0,0
DVE024,DEVELOPMENT,FROZEN_PRODUCTION_FAILURE,3,RIGHT,-0.45966705945396313,-0.539667059453963,1.310934367577036,0.6049868191659147,M0_V1,FROZEN_V1_CURVATURE_CONTINUITY,ACTIVE_OUTER,ACTIVE_OUTER,CURVATURE_CORRIDOR_CRITICAL,CONTINUITY_BIASED_SAFE_ANCHOR,M0_V1_ANALYTIC_PROBE_ROOT,1,1,1,1,1,1,0
DVE024,DEVELOPMENT,FROZEN_PRODUCTION_FAILURE,4,RIGHT,-0.45966705945396313,-0.539667059453963,1.310934367577036,3.94735730932694,M0_V1,FROZEN_V1_CURVATURE_CONTINUITY,ACTIVE_OUTER,ACTIVE_OUTER,CURVATURE_CORRIDOR_CRITICAL,CONTINUITY_BIASED_SAFE_ANCHOR,M0_V1_ANALYTIC_PROBE_ROOT,1,1,1,1,1,1,0
DVE024,DEVELOPMENT,FROZEN_PRODUCTION_FAILURE,5,RIGHT,-0.45966705945396313,-0.539667059453963,1.310934367577036,7.397546202396385,M0_V1,FROZEN_V1_CURVATURE_CONTINUITY,ACTIVE_OUTER,ACTIVE_OUTER,CURVATURE_CORRIDOR_CRITICAL,CONTINUITY_BIASED_SAFE_ANCHOR,M0_V1_ANALYTIC_PROBE_ROOT,1,1,1,1,1,1,0
DVE024,DEVELOPMENT,FROZEN_PRODUCTION_FAILURE,6,RIGHT,-0.46279726164999496,-0.46279726164999496,0.5145810930150512,0.4971684162574945,M1,ZERO_BOUNDARY_SHORT,ZERO_INTERFACE,ZERO_INTERFACE,NONE,NONE,ZERO_INTERFACE_DIRECT_ANCHOR,1,1,1,1,0,0,0
DVE024,DEVELOPMENT,FROZEN_PRODUCTION_FAILURE,7,RIGHT,-0.46279726164999496,-0.46279726164999496,0.7136694116555473,0.4971684162574945,M1,ZERO_BOUNDARY_SPAN,ZERO_INTERFACE,ZERO_INTERFACE,NONE,NONE,ZERO_INTERFACE_DIRECT_ANCHOR,1,1,1,1,0,0,0
DVE024,DEVELOPMENT,FROZEN_PRODUCTION_FAILURE,8,RIGHT,-0.45966705945396313,-0.5598335297269815,1.310934367577036,7.397546202396385,M1,NEAR_LONG,ACTIVE_OUTER,ACTIVE_OUTER,CORRIDOR_BOTTLENECK,CORRIDOR_CENTER,ANALYTIC_ACTIVE_OUTER_ROOT,1,1,1,1,1,1,0
DVE024,DEVELOPMENT,FROZEN_PRODUCTION_FAILURE,9,RIGHT,-0.45966705945396313,-0.559833529726985,0.9127577302960436,7.397546202396385,M1,NEAR_BISECTED,ACTIVE_OUTER,ACTIVE_OUTER,CORRIDOR_BOTTLENECK,CORRIDOR_CENTER,ANALYTIC_ACTIVE_OUTER_ROOT,1,0,1,1,0,0,0
DVE024,DEVELOPMENT,FROZEN_PRODUCTION_FAILURE,10,RIGHT,-0.45966705945396313,-0.5598335297269825,0.7136694116555473,7.397546202396385,M1,NEAR_BISECTED,ACTIVE_OUTER,ACTIVE_OUTER,CORRIDOR_BOTTLENECK,CORRIDOR_CENTER,ANALYTIC_ACTIVE_OUTER_ROOT,1,0,1,1,0,0,0
DVE024,DEVELOPMENT,FROZEN_PRODUCTION_FAILURE,11,RIGHT,-0.45966705945396313,-0.5598335297269811,0.6141252523352992,7.397546202396385,M1,NEAR_BISECTED,ACTIVE_OUTER,ACTIVE_OUTER,CORRIDOR_BOTTLENECK,CORRIDOR_CENTER,ANALYTIC_ACTIVE_OUTER_ROOT,1,0,1,1,0,0,0
DVE024,DEVELOPMENT,FROZEN_PRODUCTION_FAILURE,12,RIGHT,-0.45966705945396313,-0.5598335297269814,0.5643531726751752,7.397546202396385,M1,NEAR_BISECTED,ACTIVE_OUTER,ACTIVE_OUTER,CORRIDOR_BOTTLENECK,CORRIDOR_CENTER,ANALYTIC_ACTIVE_OUTER_ROOT,1,0,1,1,0,0,0
DVE024,DEVELOPMENT,FROZEN_PRODUCTION_FAILURE,13,RIGHT,-0.45966705945396313,-0.5598335297269792,0.5394671328451132,7.397546202396385,M1,NEAR_BISECTED,ACTIVE_OUTER,ACTIVE_OUTER,CORRIDOR_BOTTLENECK,CORRIDOR_CENTER,ANALYTIC_ACTIVE_OUTER_ROOT,1,0,1,1,0,0,0
DVE024,DEVELOPMENT,FROZEN_PRODUCTION_FAILURE,14,RIGHT,-0.45966705945396313,-0.559833529726985,0.5270241129300821,7.397546202396385,M1,NEAR_BISECTED,ACTIVE_OUTER,ACTIVE_OUTER,CORRIDOR_BOTTLENECK,CORRIDOR_CENTER,ANALYTIC_ACTIVE_OUTER_ROOT,1,0,1,1,0,0,0
DVE024,DEVELOPMENT,FROZEN_PRODUCTION_FAILURE,15,RIGHT,-0.45966705945396313,-0.5598335297269795,0.5208026029725666,7.397546202396385,M1,NEAR_BISECTED,ACTIVE_OUTER,ACTIVE_OUTER,CORRIDOR_BOTTLENECK,CORRIDOR_CENTER,ANALYTIC_ACTIVE_OUTER_ROOT,1,0,1,1,0,0,0
DVE024,DEVELOPMENT,FROZEN_PRODUCTION_FAILURE,16,RIGHT,-0.45966705945396313,-0.5598335297269794,0.5176918479938089,7.397546202396385,M1,NEAR_BISECTED,ACTIVE_OUTER,ACTIVE_OUTER,CORRIDOR_BOTTLENECK,CORRIDOR_CENTER,ANALYTIC_ACTIVE_OUTER_ROOT,1,0,1,1,0,0,0
DVE024,DEVELOPMENT,FROZEN_PRODUCTION_FAILURE,17,RIGHT,-0.45966705945396313,-0.5598335297269814,0.51613647050443,7.397546202396385,M1,NEAR_BISECTED,ACTIVE_OUTER,ACTIVE_OUTER,CORRIDOR_BOTTLENECK,CORRIDOR_CENTER,ANALYTIC_ACTIVE_OUTER_ROOT,1,0,1,1,0,0,0
DVE024,DEVELOPMENT,FROZEN_PRODUCTION_FAILURE,18,RIGHT,-0.45966705945396313,-0.5598335297269814,0.5153587817597406,7.397546202396385,M1,NEAR_BISECTED,ACTIVE_OUTER,ACTIVE_OUTER,CORRIDOR_BOTTLENECK,CORRIDOR_CENTER,ANALYTIC_ACTIVE_OUTER_ROOT,1,0,1,1,0,0,0
DVE024,DEVELOPMENT,FROZEN_PRODUCTION_FAILURE,19,RIGHT,-0.45966705945396313,-0.5598335297269831,0.5149699373873959,7.397546202396385,M1,NEAR_BISECTED,ACTIVE_OUTER,ACTIVE_OUTER,CORRIDOR_BOTTLENECK,CORRIDOR_CENTER,ANALYTIC_ACTIVE_OUTER_ROOT,1,0,1,1,0,0,0
DVE024,DEVELOPMENT,FROZEN_PRODUCTION_FAILURE,20,RIGHT,-0.45966705945396313,-0.5598335297269816,0.5147755152012236,7.397546202396385,M1,NEAR_BISECTED,ACTIVE_OUTER,ACTIVE_OUTER,CORRIDOR_BOTTLENECK,CORRIDOR_CENTER,ANALYTIC_ACTIVE_OUTER_ROOT,1,0,1,1,0,0,0
DVE024,DEVELOPMENT,FROZEN_PRODUCTION_FAILURE,21,RIGHT,-0.45966705945396313,-0.5598335297269802,0.5146783041081373,7.397546202396385,M1,NEAR_BISECTED,ACTIVE_OUTER,ACTIVE_OUTER,CORRIDOR_BOTTLENECK,CORRIDOR_CENTER,ANALYTIC_ACTIVE_OUTER_ROOT,1,0,1,1,0,0,0
DVE024,DEVELOPMENT,FROZEN_PRODUCTION_FAILURE,22,RIGHT,-0.45966705945396313,-0.5598335297269807,0.5146296985615942,7.397546202396385,M1,NEAR_BISECTED,ACTIVE_OUTER,ACTIVE_OUTER,CORRIDOR_BOTTLENECK,CORRIDOR_CENTER,ANALYTIC_ACTIVE_OUTER_ROOT,1,0,1,1,0,0,0
DVE024,DEVELOPMENT,FROZEN_PRODUCTION_FAILURE,23,RIGHT,-0.45966705945396313,-0.5598335297269791,0.5146053957883228,7.397546202396385,M1,NEAR_BISECTED,ACTIVE_OUTER,ACTIVE_OUTER,CORRIDOR_BOTTLENECK,CORRIDOR_CENTER,ANALYTIC_ACTIVE_OUTER_ROOT,1,0,1,1,0,0,0
DVE024,DEVELOPMENT,FROZEN_PRODUCTION_FAILURE,24,RIGHT,-0.45966705945396313,-0.5598335297269827,0.514593244401687,7.397546202396385,M1,NEAR_BISECTED,ACTIVE_OUTER,ACTIVE_OUTER,CORRIDOR_BOTTLENECK,CORRIDOR_CENTER,ANALYTIC_ACTIVE_OUTER_ROOT,1,0,1,1,0,0,0
DVE024,DEVELOPMENT,FROZEN_PRODUCTION_FAILURE,25,RIGHT,-0.45966705945396313,-0.5598335297269819,0.5145871687083691,7.397546202396385,M1,NEAR_BISECTED,ACTIVE_OUTER,ACTIVE_OUTER,CORRIDOR_BOTTLENECK,CORRIDOR_CENTER,ANALYTIC_ACTIVE_OUTER_ROOT,1,0,1,1,0,0,0
DVE024,DEVELOPMENT,FROZEN_PRODUCTION_FAILURE,26,RIGHT,-0.45966705945396313,-0.5598335297269807,0.5145841308617101,7.397546202396385,M1,NEAR_BISECTED,ACTIVE_OUTER,ACTIVE_OUTER,CORRIDOR_BOTTLENECK,CORRIDOR_CENTER,ANALYTIC_ACTIVE_OUTER_ROOT,1,0,1,1,0,0,0
DVE024,DEVELOPMENT,FROZEN_PRODUCTION_FAILURE,27,RIGHT,-0.45966705945396313,-0.5598335297269811,0.5145826119383806,7.397546202396385,M1,NEAR_BISECTED,ACTIVE_OUTER,ACTIVE_OUTER,CORRIDOR_BOTTLENECK,CORRIDOR_CENTER,ANALYTIC_ACTIVE_OUTER_ROOT,1,0,1,1,0,0,0
DVE024,DEVELOPMENT,FROZEN_PRODUCTION_FAILURE,28,RIGHT,-0.45966705945396313,-0.5598335297269814,0.5145818524767158,7.397546202396385,M1,NEAR_BISECTED,ACTIVE_OUTER,ACTIVE_OUTER,CORRIDOR_BOTTLENECK,CORRIDOR_CENTER,ANALYTIC_ACTIVE_OUTER_ROOT,1,0,1,1,0,0,0
DVE024,DEVELOPMENT,FROZEN_PRODUCTION_FAILURE,29,RIGHT,-0.45966705945396313,-0.5598335297269814,0.5145814727458835,7.397546202396385,M1,NEAR_BISECTED,ACTIVE_OUTER,ACTIVE_OUTER,CORRIDOR_BOTTLENECK,CORRIDOR_CENTER,ANALYTIC_ACTIVE_OUTER_ROOT,1,0,1,1,0,0,0
DVE025,DEVELOPMENT,FROZEN_PRODUCTION_FAILURE,0,LEFT,0.2396651784717656,0.6283165963769541,0.5145810930150512,0.5921644291425211,M0_V1,FROZEN_V1_CURVATURE_CONTINUITY,ACTIVE_OUTER,ACTIVE_OUTER,CURVATURE_CORRIDOR_CRITICAL,CONTINUITY_BIASED_SAFE_ANCHOR,M0_V1_ANALYTIC_PROBE_ROOT,1,1,0,0,0,0,0
DVE025,DEVELOPMENT,FROZEN_PRODUCTION_FAILURE,1,LEFT,0.2396651784717656,0.6283165963769541,0.5145810930150512,3.5370408285783457,M0_V1,FROZEN_V1_CURVATURE_CONTINUITY,ACTIVE_OUTER,ACTIVE_OUTER,CURVATURE_CORRIDOR_CRITICAL,CONTINUITY_BIASED_SAFE_ANCHOR,M0_V1_ANALYTIC_PROBE_ROOT,1,1,0,0,0,0,0
DVE025,DEVELOPMENT,FROZEN_PRODUCTION_FAILURE,2,LEFT,0.2396651784717656,0.6283165963769541,0.5145810930150512,6.576913240899197,M0_V1,FROZEN_V1_CURVATURE_CONTINUITY,ACTIVE_OUTER,ACTIVE_OUTER,CURVATURE_CORRIDOR_CRITICAL,CONTINUITY_BIASED_SAFE_ANCHOR,M0_V1_ANALYTIC_PROBE_ROOT,1,1,0,0,0,0,0
DVE025,DEVELOPMENT,FROZEN_PRODUCTION_FAILURE,3,LEFT,0.2396651784717656,0.6283165963769541,1.310934367577036,0.5921644291425211,M0_V1,FROZEN_V1_CURVATURE_CONTINUITY,ACTIVE_OUTER,ACTIVE_OUTER,CURVATURE_CORRIDOR_CRITICAL,CONTINUITY_BIASED_SAFE_ANCHOR,M0_V1_ANALYTIC_PROBE_ROOT,1,1,0,0,0,0,0
DVE025,DEVELOPMENT,FROZEN_PRODUCTION_FAILURE,4,LEFT,0.2396651784717656,0.6283165963769541,1.310934367577036,3.5370408285783457,M0_V1,FROZEN_V1_CURVATURE_CONTINUITY,ACTIVE_OUTER,ACTIVE_OUTER,CURVATURE_CORRIDOR_CRITICAL,CONTINUITY_BIASED_SAFE_ANCHOR,M0_V1_ANALYTIC_PROBE_ROOT,1,1,0,0,0,0,0
DVE025,DEVELOPMENT,FROZEN_PRODUCTION_FAILURE,5,LEFT,0.2396651784717656,0.6283165963769541,1.310934367577036,6.576913240899197,M0_V1,FROZEN_V1_CURVATURE_CONTINUITY,ACTIVE_OUTER,ACTIVE_OUTER,CURVATURE_CORRIDOR_CRITICAL,CONTINUITY_BIASED_SAFE_ANCHOR,M0_V1_ANALYTIC_PROBE_ROOT,1,1,0,0,0,0,0
DVE025,DEVELOPMENT,FROZEN_PRODUCTION_FAILURE,6,LEFT,0.2396651784717656,0.8757566556387222,1.310934367577036,6.576913240899197,M1,NEAR_LONG,ACTIVE_OUTER,ACTIVE_OUTER,CORRIDOR_BOTTLENECK,CORRIDOR_CENTER,ANALYTIC_ACTIVE_OUTER_ROOT,1,1,0,0,0,0,0
DVE026,DEVELOPMENT,FROZEN_PRODUCTION_FAILURE,0,LEFT,0.3208918140518043,0.3208918140518043,0.5145810930150512,0.4971684162574945,M1,ZERO_BOUNDARY_SHORT,ZERO_INTERFACE,ZERO_INTERFACE,NONE,NONE,ZERO_INTERFACE_DIRECT_ANCHOR,1,1,0,0,0,0,0
DVE026,DEVELOPMENT,FROZEN_PRODUCTION_FAILURE,1,LEFT,0.3208918140518043,0.3208918140518043,0.7136694116555473,0.4971684162574945,M1,ZERO_BOUNDARY_SPAN,ZERO_INTERFACE,ZERO_INTERFACE,NONE,NONE,ZERO_INTERFACE_DIRECT_ANCHOR,1,1,0,0,0,0,0
DVE027,DEVELOPMENT,FROZEN_PRODUCTION_FAILURE,0,LEFT,0.15,0.15000000000000324,0.5145810930150512,0.5888479394644465,M0_V1,FROZEN_V1_CURVATURE_CONTINUITY,ACTIVE_OUTER,ACTIVE_OUTER,CURVATURE_CORRIDOR_CRITICAL,CONTINUITY_BIASED_SAFE_ANCHOR,M0_V1_ANALYTIC_PROBE_ROOT,1,0,0,0,0,0,0
DVE027,DEVELOPMENT,FROZEN_PRODUCTION_FAILURE,1,LEFT,0.15,0.15000000000000324,0.5145810930150512,3.430913158879957,M0_V1,FROZEN_V1_CURVATURE_CONTINUITY,ACTIVE_OUTER,ACTIVE_OUTER,CURVATURE_CORRIDOR_CRITICAL,CONTINUITY_BIASED_SAFE_ANCHOR,M0_V1_ANALYTIC_PROBE_ROOT,1,1,0,0,0,0,0
DVE027,DEVELOPMENT,FROZEN_PRODUCTION_FAILURE,2,LEFT,0.15,0.15000000000000324,0.5145810930150512,6.36465790150242,M0_V1,FROZEN_V1_CURVATURE_CONTINUITY,ACTIVE_OUTER,ACTIVE_OUTER,CURVATURE_CORRIDOR_CRITICAL,CONTINUITY_BIASED_SAFE_ANCHOR,M0_V1_ANALYTIC_PROBE_ROOT,1,1,0,0,0,0,0
DVE027,DEVELOPMENT,FROZEN_PRODUCTION_FAILURE,3,RIGHT,-0.5292891023471264,-0.5292891023471264,0.5145810930150512,0.4971684162574945,M1,ZERO_BOUNDARY_SHORT,ZERO_INTERFACE,ZERO_INTERFACE,NONE,NONE,ZERO_INTERFACE_DIRECT_ANCHOR,1,1,0,0,0,0,0
DVE027,DEVELOPMENT,FROZEN_PRODUCTION_FAILURE,4,LEFT,0.1710546875,0.1710546875,0.5145810930150512,0.4971684162574945,M1,ZERO_BOUNDARY_SHORT,ZERO_INTERFACE,ZERO_INTERFACE,NONE,NONE,ZERO_INTERFACE_DIRECT_ANCHOR,1,1,0,0,0,0,0
DVE027,DEVELOPMENT,FROZEN_PRODUCTION_FAILURE,5,RIGHT,-0.5292891023471264,-0.5292891023471264,0.7136694116555473,0.4971684162574945,M1,ZERO_BOUNDARY_SPAN,ZERO_INTERFACE,ZERO_INTERFACE,NONE,NONE,ZERO_INTERFACE_DIRECT_ANCHOR,1,1,0,0,0,0,0
DVE027,DEVELOPMENT,FROZEN_PRODUCTION_FAILURE,6,LEFT,0.1710546875,0.1710546875,0.7136694116555473,0.4971684162574945,M1,ZERO_BOUNDARY_SPAN,ZERO_INTERFACE,ZERO_INTERFACE,NONE,NONE,ZERO_INTERFACE_DIRECT_ANCHOR,1,1,0,0,0,0,0
DVE027,DEVELOPMENT,FROZEN_PRODUCTION_FAILURE,7,LEFT,0.15,0.8379174505385599,1.310934367577036,6.36465790150242,M1,NEAR_LONG,ACTIVE_OUTER,ACTIVE_OUTER,CORRIDOR_BOTTLENECK,CORRIDOR_CENTER,ANALYTIC_ACTIVE_OUTER_ROOT,1,1,0,0,0,0,0
DVE028,DEVELOPMENT,FROZEN_PRODUCTION_FAILURE,0,LEFT,0.40520469953001187,0.40520469953001187,0.5145810930150512,0.4971684162574945,M1,ZERO_BOUNDARY_SHORT,ZERO_INTERFACE,ZERO_INTERFACE,NONE,NONE,ZERO_INTERFACE_DIRECT_ANCHOR,1,1,0,0,0,0,0
DVE028,DEVELOPMENT,FROZEN_PRODUCTION_FAILURE,1,LEFT,0.40520469953001187,0.40520469953001187,0.7136694116555473,0.4971684162574945,M1,ZERO_BOUNDARY_SPAN,ZERO_INTERFACE,ZERO_INTERFACE,NONE,NONE,ZERO_INTERFACE_DIRECT_ANCHOR,1,1,0,0,0,0,0
DVE029,DEVELOPMENT,FROZEN_PRODUCTION_FAILURE,0,RIGHT,-0.40695853087089273,-0.4869585308708918,0.5145810930150512,0.593389663145893,M0_V1,FROZEN_V1_CURVATURE_CONTINUITY,ACTIVE_OUTER,ACTIVE_OUTER,CURVATURE_CORRIDOR_CRITICAL,CONTINUITY_BIASED_SAFE_ANCHOR,M0_V1_ANALYTIC_PROBE_ROOT,1,0,1,1,0,0,0
DVE029,DEVELOPMENT,FROZEN_PRODUCTION_FAILURE,1,RIGHT,-0.40695853087089273,-0.4869585308708918,0.5145810930150512,3.576248316686247,M0_V1,FROZEN_V1_CURVATURE_CONTINUITY,ACTIVE_OUTER,ACTIVE_OUTER,CURVATURE_CORRIDOR_CRITICAL,CONTINUITY_BIASED_SAFE_ANCHOR,M0_V1_ANALYTIC_PROBE_ROOT,1,1,1,1,0,0,0
DVE029,DEVELOPMENT,FROZEN_PRODUCTION_FAILURE,2,RIGHT,-0.40695853087089273,-0.4869585308708918,0.5145810930150512,6.655328217115,M0_V1,FROZEN_V1_CURVATURE_CONTINUITY,ACTIVE_OUTER,ACTIVE_OUTER,CURVATURE_CORRIDOR_CRITICAL,CONTINUITY_BIASED_SAFE_ANCHOR,M0_V1_ANALYTIC_PROBE_ROOT,1,1,1,1,0,0,0
DVE029,DEVELOPMENT,FROZEN_PRODUCTION_FAILURE,3,RIGHT,-0.40695853087089273,-0.486958530870893,1.310934367577036,0.593389663145893,M0_V1,FROZEN_V1_CURVATURE_CONTINUITY,ACTIVE_OUTER,ACTIVE_OUTER,CURVATURE_CORRIDOR_CRITICAL,CONTINUITY_BIASED_SAFE_ANCHOR,M0_V1_ANALYTIC_PROBE_ROOT,1,1,1,1,1,1,0
DVE029,DEVELOPMENT,FROZEN_PRODUCTION_FAILURE,4,RIGHT,-0.40695853087089273,-0.486958530870893,1.310934367577036,3.576248316686247,M0_V1,FROZEN_V1_CURVATURE_CONTINUITY,ACTIVE_OUTER,ACTIVE_OUTER,CURVATURE_CORRIDOR_CRITICAL,CONTINUITY_BIASED_SAFE_ANCHOR,M0_V1_ANALYTIC_PROBE_ROOT,1,1,1,1,1,1,0
DVE029,DEVELOPMENT,FROZEN_PRODUCTION_FAILURE,5,RIGHT,-0.40695853087089273,-0.486958530870893,1.310934367577036,6.655328217115,M0_V1,FROZEN_V1_CURVATURE_CONTINUITY,ACTIVE_OUTER,ACTIVE_OUTER,CURVATURE_CORRIDOR_CRITICAL,CONTINUITY_BIASED_SAFE_ANCHOR,M0_V1_ANALYTIC_PROBE_ROOT,1,1,1,1,0,0,0
DVE029,DEVELOPMENT,FROZEN_PRODUCTION_FAILURE,6,RIGHT,-0.409740428826035,-0.409740428826035,0.5145810930150512,0.4971684162574945,M1,ZERO_BOUNDARY_SHORT,ZERO_INTERFACE,ZERO_INTERFACE,NONE,NONE,ZERO_INTERFACE_DIRECT_ANCHOR,1,1,1,1,0,0,0
DVE029,DEVELOPMENT,FROZEN_PRODUCTION_FAILURE,7,RIGHT,-0.409740428826035,-0.409740428826035,0.7136694116555473,0.4971684162574945,M1,ZERO_BOUNDARY_SPAN,ZERO_INTERFACE,ZERO_INTERFACE,NONE,NONE,ZERO_INTERFACE_DIRECT_ANCHOR,1,1,1,1,0,0,0
DVE029,DEVELOPMENT,FROZEN_PRODUCTION_FAILURE,8,RIGHT,-0.40695853087089273,-0.49597926543544546,1.310934367577036,6.655328217115,M1,NEAR_LONG,ACTIVE_OUTER,ACTIVE_OUTER,CORRIDOR_BOTTLENECK,CORRIDOR_CENTER,ANALYTIC_ACTIVE_OUTER_ROOT,1,1,1,1,0,0,0
DVE029,DEVELOPMENT,FROZEN_PRODUCTION_FAILURE,9,RIGHT,-0.40695853087089273,-0.495979265435446,0.9127577302960436,6.655328217115,M1,NEAR_BISECTED,ACTIVE_OUTER,ACTIVE_OUTER,CORRIDOR_BOTTLENECK,CORRIDOR_CENTER,ANALYTIC_ACTIVE_OUTER_ROOT,1,0,1,1,0,0,0
DVE029,DEVELOPMENT,FROZEN_PRODUCTION_FAILURE,10,RIGHT,-0.40695853087089273,-0.4959792654354458,0.7136694116555473,6.655328217115,M1,NEAR_BISECTED,ACTIVE_OUTER,ACTIVE_OUTER,CORRIDOR_BOTTLENECK,CORRIDOR_CENTER,ANALYTIC_ACTIVE_OUTER_ROOT,1,0,1,1,0,0,0
DVE029,DEVELOPMENT,FROZEN_PRODUCTION_FAILURE,11,RIGHT,-0.40695853087089273,-0.4959792654354446,0.6141252523352992,6.655328217115,M1,NEAR_BISECTED,ACTIVE_OUTER,ACTIVE_OUTER,CORRIDOR_BOTTLENECK,CORRIDOR_CENTER,ANALYTIC_ACTIVE_OUTER_ROOT,1,0,1,1,0,0,0
DVE029,DEVELOPMENT,FROZEN_PRODUCTION_FAILURE,12,RIGHT,-0.40695853087089273,-0.4959792654354449,0.5643531726751752,6.655328217115,M1,NEAR_BISECTED,ACTIVE_OUTER,ACTIVE_OUTER,CORRIDOR_BOTTLENECK,CORRIDOR_CENTER,ANALYTIC_ACTIVE_OUTER_ROOT,1,0,1,1,0,0,0
DVE029,DEVELOPMENT,FROZEN_PRODUCTION_FAILURE,13,RIGHT,-0.40695853087089273,-0.4959792654354474,0.5394671328451132,6.655328217115,M1,NEAR_BISECTED,ACTIVE_OUTER,ACTIVE_OUTER,CORRIDOR_BOTTLENECK,CORRIDOR_CENTER,ANALYTIC_ACTIVE_OUTER_ROOT,1,0,1,1,0,0,0
DVE029,DEVELOPMENT,FROZEN_PRODUCTION_FAILURE,14,RIGHT,-0.40695853087089273,-0.49597926543544485,0.5270241129300821,6.655328217115,M1,NEAR_BISECTED,ACTIVE_OUTER,ACTIVE_OUTER,CORRIDOR_BOTTLENECK,CORRIDOR_CENTER,ANALYTIC_ACTIVE_OUTER_ROOT,1,0,1,1,0,0,0
DVE029,DEVELOPMENT,FROZEN_PRODUCTION_FAILURE,15,RIGHT,-0.40695853087089273,-0.4959792654354461,0.5208026029725666,6.655328217115,M1,NEAR_BISECTED,ACTIVE_OUTER,ACTIVE_OUTER,CORRIDOR_BOTTLENECK,CORRIDOR_CENTER,ANALYTIC_ACTIVE_OUTER_ROOT,1,0,1,1,0,0,0
DVE029,DEVELOPMENT,FROZEN_PRODUCTION_FAILURE,16,RIGHT,-0.40695853087089273,-0.49597926543544607,0.5176918479938089,6.655328217115,M1,NEAR_BISECTED,ACTIVE_OUTER,ACTIVE_OUTER,CORRIDOR_BOTTLENECK,CORRIDOR_CENTER,ANALYTIC_ACTIVE_OUTER_ROOT,1,0,1,1,0,0,0
DVE029,DEVELOPMENT,FROZEN_PRODUCTION_FAILURE,17,RIGHT,-0.40695853087089273,-0.4959792654354476,0.51613647050443,6.655328217115,M1,NEAR_BISECTED,ACTIVE_OUTER,ACTIVE_OUTER,CORRIDOR_BOTTLENECK,CORRIDOR_CENTER,ANALYTIC_ACTIVE_OUTER_ROOT,1,0,1,1,0,0,0
DVE029,DEVELOPMENT,FROZEN_PRODUCTION_FAILURE,18,RIGHT,-0.40695853087089273,-0.4959792654354461,0.5153587817597406,6.655328217115,M1,NEAR_BISECTED,ACTIVE_OUTER,ACTIVE_OUTER,CORRIDOR_BOTTLENECK,CORRIDOR_CENTER,ANALYTIC_ACTIVE_OUTER_ROOT,1,0,1,1,0,0,0
DVE029,DEVELOPMENT,FROZEN_PRODUCTION_FAILURE,19,RIGHT,-0.40695853087089273,-0.4959792654354458,0.5149699373873959,6.655328217115,M1,NEAR_BISECTED,ACTIVE_OUTER,ACTIVE_OUTER,CORRIDOR_BOTTLENECK,CORRIDOR_CENTER,ANALYTIC_ACTIVE_OUTER_ROOT,1,0,1,1,0,0,0
DVE029,DEVELOPMENT,FROZEN_PRODUCTION_FAILURE,20,RIGHT,-0.40695853087089273,-0.49597926543544446,0.5147755152012236,6.655328217115,M1,NEAR_BISECTED,ACTIVE_OUTER,ACTIVE_OUTER,CORRIDOR_BOTTLENECK,CORRIDOR_CENTER,ANALYTIC_ACTIVE_OUTER_ROOT,1,0,1,1,0,0,0
DVE029,DEVELOPMENT,FROZEN_PRODUCTION_FAILURE,21,RIGHT,-0.40695853087089273,-0.4959792654354473,0.5146783041081373,6.655328217115,M1,NEAR_BISECTED,ACTIVE_OUTER,ACTIVE_OUTER,CORRIDOR_BOTTLENECK,CORRIDOR_CENTER,ANALYTIC_ACTIVE_OUTER_ROOT,1,0,1,1,0,0,0
DVE029,DEVELOPMENT,FROZEN_PRODUCTION_FAILURE,22,RIGHT,-0.40695853087089273,-0.49597926543544457,0.5146296985615942,6.655328217115,M1,NEAR_BISECTED,ACTIVE_OUTER,ACTIVE_OUTER,CORRIDOR_BOTTLENECK,CORRIDOR_CENTER,ANALYTIC_ACTIVE_OUTER_ROOT,1,0,1,1,0,0,0
DVE029,DEVELOPMENT,FROZEN_PRODUCTION_FAILURE,23,RIGHT,-0.40695853087089273,-0.4959792654354469,0.5146053957883228,6.655328217115,M1,NEAR_BISECTED,ACTIVE_OUTER,ACTIVE_OUTER,CORRIDOR_BOTTLENECK,CORRIDOR_CENTER,ANALYTIC_ACTIVE_OUTER_ROOT,1,0,1,1,0,0,0
DVE029,DEVELOPMENT,FROZEN_PRODUCTION_FAILURE,24,RIGHT,-0.40695853087089273,-0.49597926543544646,0.514593244401687,6.655328217115,M1,NEAR_BISECTED,ACTIVE_OUTER,ACTIVE_OUTER,CORRIDOR_BOTTLENECK,CORRIDOR_CENTER,ANALYTIC_ACTIVE_OUTER_ROOT,1,0,1,1,0,0,0
DVE029,DEVELOPMENT,FROZEN_PRODUCTION_FAILURE,25,RIGHT,-0.40695853087089273,-0.4959792654354472,0.5145871687083691,6.655328217115,M1,NEAR_BISECTED,ACTIVE_OUTER,ACTIVE_OUTER,CORRIDOR_BOTTLENECK,CORRIDOR_CENTER,ANALYTIC_ACTIVE_OUTER_ROOT,1,0,1,1,0,0,0
DVE029,DEVELOPMENT,FROZEN_PRODUCTION_FAILURE,26,RIGHT,-0.40695853087089273,-0.4959792654354474,0.5145841308617101,6.655328217115,M1,NEAR_BISECTED,ACTIVE_OUTER,ACTIVE_OUTER,CORRIDOR_BOTTLENECK,CORRIDOR_CENTER,ANALYTIC_ACTIVE_OUTER_ROOT,1,0,1,1,0,0,0
DVE029,DEVELOPMENT,FROZEN_PRODUCTION_FAILURE,27,RIGHT,-0.40695853087089273,-0.49597926543544457,0.5145826119383806,6.655328217115,M1,NEAR_BISECTED,ACTIVE_OUTER,ACTIVE_OUTER,CORRIDOR_BOTTLENECK,CORRIDOR_CENTER,ANALYTIC_ACTIVE_OUTER_ROOT,1,0,1,1,0,0,0
DVE029,DEVELOPMENT,FROZEN_PRODUCTION_FAILURE,28,RIGHT,-0.40695853087089273,-0.4959792654354471,0.5145818524767158,6.655328217115,M1,NEAR_BISECTED,ACTIVE_OUTER,ACTIVE_OUTER,CORRIDOR_BOTTLENECK,CORRIDOR_CENTER,ANALYTIC_ACTIVE_OUTER_ROOT,1,0,1,1,0,0,0
DVE029,DEVELOPMENT,FROZEN_PRODUCTION_FAILURE,29,RIGHT,-0.40695853087089273,-0.49597926543544746,0.5145814727458835,6.655328217115,M1,NEAR_BISECTED,ACTIVE_OUTER,ACTIVE_OUTER,CORRIDOR_BOTTLENECK,CORRIDOR_CENTER,ANALYTIC_ACTIVE_OUTER_ROOT,1,0,1,1,0,0,0
DVE030,DEVELOPMENT,FROZEN_PRODUCTION_FAILURE,0,LEFT,0.2842123959464098,0.2842123959464098,0.5145810930150512,0.4971684162574945,M1,ZERO_BOUNDARY_SHORT,ZERO_INTERFACE,ZERO_INTERFACE,NONE,NONE,ZERO_INTERFACE_DIRECT_ANCHOR,1,1,0,0,1,1,0
DVE030,DEVELOPMENT,FROZEN_PRODUCTION_FAILURE,1,LEFT,0.2842123959464098,0.2842123959464098,0.7136694116555473,0.4971684162574945,M1,ZERO_BOUNDARY_SPAN,ZERO_INTERFACE,ZERO_INTERFACE,NONE,NONE,ZERO_INTERFACE_DIRECT_ANCHOR,1,1,0,0,0,0,0
DVE031,DEVELOPMENT,FROZEN_PRODUCTION_FAILURE,0,RIGHT,-0.3876991809397833,-0.4676991809397837,0.5145810930150512,0.6049868191659147,M0_V1,FROZEN_V1_CURVATURE_CONTINUITY,ACTIVE_OUTER,ACTIVE_OUTER,CURVATURE_CORRIDOR_CRITICAL,CONTINUITY_BIASED_SAFE_ANCHOR,M0_V1_ANALYTIC_PROBE_ROOT,1,0,1,1,0,0,0
DVE031,DEVELOPMENT,FROZEN_PRODUCTION_FAILURE,1,RIGHT,-0.3876991809397833,-0.4676991809397837,0.5145810930150512,3.94735730932694,M0_V1,FROZEN_V1_CURVATURE_CONTINUITY,ACTIVE_OUTER,ACTIVE_OUTER,CURVATURE_CORRIDOR_CRITICAL,CONTINUITY_BIASED_SAFE_ANCHOR,M0_V1_ANALYTIC_PROBE_ROOT,1,1,1,1,0,0,0
DVE031,DEVELOPMENT,FROZEN_PRODUCTION_FAILURE,2,RIGHT,-0.3876991809397833,-0.4676991809397837,0.5145810930150512,7.397546202396385,M0_V1,FROZEN_V1_CURVATURE_CONTINUITY,ACTIVE_OUTER,ACTIVE_OUTER,CURVATURE_CORRIDOR_CRITICAL,CONTINUITY_BIASED_SAFE_ANCHOR,M0_V1_ANALYTIC_PROBE_ROOT,1,1,1,1,0,0,0
DVE031,DEVELOPMENT,FROZEN_PRODUCTION_FAILURE,3,RIGHT,-0.3876991809397833,-0.46769918093978313,1.310934367577036,0.6049868191659147,M0_V1,FROZEN_V1_CURVATURE_CONTINUITY,ACTIVE_OUTER,ACTIVE_OUTER,CURVATURE_CORRIDOR_CRITICAL,CONTINUITY_BIASED_SAFE_ANCHOR,M0_V1_ANALYTIC_PROBE_ROOT,1,1,1,1,0,0,0
DVE031,DEVELOPMENT,FROZEN_PRODUCTION_FAILURE,4,RIGHT,-0.3876991809397833,-0.46769918093978313,1.310934367577036,3.94735730932694,M0_V1,FROZEN_V1_CURVATURE_CONTINUITY,ACTIVE_OUTER,ACTIVE_OUTER,CURVATURE_CORRIDOR_CRITICAL,CONTINUITY_BIASED_SAFE_ANCHOR,M0_V1_ANALYTIC_PROBE_ROOT,1,1,1,1,1,1,0
DVE031,DEVELOPMENT,FROZEN_PRODUCTION_FAILURE,5,RIGHT,-0.3876991809397833,-0.46769918093978313,1.310934367577036,7.397546202396385,M0_V1,FROZEN_V1_CURVATURE_CONTINUITY,ACTIVE_OUTER,ACTIVE_OUTER,CURVATURE_CORRIDOR_CRITICAL,CONTINUITY_BIASED_SAFE_ANCHOR,M0_V1_ANALYTIC_PROBE_ROOT,1,1,1,1,1,1,0
DVE031,DEVELOPMENT,FROZEN_PRODUCTION_FAILURE,6,RIGHT,-0.3993757562375992,-0.3993757562375992,0.5145810930150512,0.4971684162574945,M1,ZERO_BOUNDARY_SHORT,ZERO_INTERFACE,ZERO_INTERFACE,NONE,NONE,ZERO_INTERFACE_DIRECT_ANCHOR,1,1,1,1,0,0,0
DVE031,DEVELOPMENT,FROZEN_PRODUCTION_FAILURE,7,RIGHT,-0.3993757562375992,-0.3993757562375992,0.7136694116555473,0.4971684162574945,M1,ZERO_BOUNDARY_SPAN,ZERO_INTERFACE,ZERO_INTERFACE,NONE,NONE,ZERO_INTERFACE_DIRECT_ANCHOR,1,1,1,1,0,0,0
DVE031,DEVELOPMENT,FROZEN_PRODUCTION_FAILURE,8,RIGHT,-0.3876991809397833,-0.7613495904698917,1.310934367577036,7.397546202396385,M1,NEAR_LONG,ACTIVE_OUTER,ACTIVE_OUTER,CORRIDOR_BOTTLENECK,CORRIDOR_CENTER,ANALYTIC_ACTIVE_OUTER_ROOT,1,1,1,1,1,1,0
DVE032,DEVELOPMENT,FROZEN_PRODUCTION_FAILURE,0,LEFT,0.48993508016831133,0.48993508016831133,0.5145810930150512,0.4971684162574945,M1,ZERO_BOUNDARY_SHORT,ZERO_INTERFACE,ZERO_INTERFACE,NONE,NONE,ZERO_INTERFACE_DIRECT_ANCHOR,1,1,0,0,0,0,0
DVE032,DEVELOPMENT,FROZEN_PRODUCTION_FAILURE,1,LEFT,0.48993508016831133,0.48993508016831133,0.7136694116555473,0.4971684162574945,M1,ZERO_BOUNDARY_SPAN,ZERO_INTERFACE,ZERO_INTERFACE,NONE,NONE,ZERO_INTERFACE_DIRECT_ANCHOR,1,1,0,0,0,0,0
DVE033,DEVELOPMENT,FROZEN_PRODUCTION_FAILURE,0,LEFT,0.4834548080005416,0.4834548080005416,0.5145810930150512,0.4971684162574945,M1,ZERO_BOUNDARY_SHORT,ZERO_INTERFACE,ZERO_INTERFACE,NONE,NONE,ZERO_INTERFACE_DIRECT_ANCHOR,1,1,0,0,0,0,0
DVE033,DEVELOPMENT,FROZEN_PRODUCTION_FAILURE,1,LEFT,0.4834548080005416,0.4834548080005416,0.7136694116555473,0.4971684162574945,M1,ZERO_BOUNDARY_SPAN,ZERO_INTERFACE,ZERO_INTERFACE,NONE,NONE,ZERO_INTERFACE_DIRECT_ANCHOR,1,1,0,0,0,0,0
DVE034,DEVELOPMENT,FROZEN_PRODUCTION_FAILURE,0,RIGHT,-0.6235672493076762,-0.6235672493076762,1.310934367577036,0.6049868191659147,M0_V2,ZERO_INTERFACE_BOUNDARY_INSET,ZERO_INTERFACE,ZERO_INTERFACE,NONE,NONE,ZERO_INTERFACE_DIRECT_ANCHOR,1,1,0,0,0,0,0
DVE034,DEVELOPMENT,FROZEN_PRODUCTION_FAILURE,1,RIGHT,-0.6441464756629913,-0.6441464756629913,1.310934367577036,7.397546202396385,M0_V2,ZERO_INTERFACE_QUARTER_LONG_EXIT,ZERO_INTERFACE,ZERO_INTERFACE,NONE,NONE,ZERO_INTERFACE_DIRECT_ANCHOR,1,1,0,0,0,0,0
DVE034,DEVELOPMENT,FROZEN_PRODUCTION_FAILURE,2,RIGHT,-0.6660976504419942,-0.6660976504419942,1.310934367577036,7.397546202396385,M0_V2,ZERO_INTERFACE_CENTER_LONG_EXIT,ZERO_INTERFACE,ZERO_INTERFACE,NONE,NONE,ZERO_INTERFACE_DIRECT_ANCHOR,1,1,0,0,0,0,0
DVE034,DEVELOPMENT,FROZEN_PRODUCTION_FAILURE,3,RIGHT,-0.6441464756629913,-0.6441464756629913,0.7136694116555473,2.222262862792217,M0_V2,ZERO_INTERFACE_QUARTER_SCALE,ZERO_INTERFACE,ZERO_INTERFACE,NONE,NONE,ZERO_INTERFACE_DIRECT_ANCHOR,1,1,0,0,0,0,0
DVE034,DEVELOPMENT,FROZEN_PRODUCTION_FAILURE,4,RIGHT,-0.6235672493076762,-0.6235672493076762,0.5145810930150512,0.4971684162574945,M1,ZERO_BOUNDARY_SHORT,ZERO_INTERFACE,ZERO_INTERFACE,NONE,NONE,ZERO_INTERFACE_DIRECT_ANCHOR,1,1,0,0,0,0,0
DVE034,DEVELOPMENT,FROZEN_PRODUCTION_FAILURE,5,RIGHT,-0.6235672493076762,-0.6235672493076762,0.7136694116555473,0.4971684162574945,M1,ZERO_BOUNDARY_SPAN,ZERO_INTERFACE,ZERO_INTERFACE,NONE,NONE,ZERO_INTERFACE_DIRECT_ANCHOR,1,1,0,0,0,0,0
DVE035,DEVELOPMENT,FROZEN_PRODUCTION_FAILURE,0,LEFT,0.38161069420339233,0.44791577612325123,0.5145810930150512,0.5923733595692273,M0_V1,FROZEN_V1_CURVATURE_CONTINUITY,ACTIVE_OUTER,ACTIVE_OUTER,CURVATURE_CORRIDOR_CRITICAL,CONTINUITY_BIASED_SAFE_ANCHOR,M0_V1_ANALYTIC_PROBE_ROOT,1,0,0,0,0,0,0
DVE035,DEVELOPMENT,FROZEN_PRODUCTION_FAILURE,1,LEFT,0.38161069420339233,0.44791577612325123,0.5145810930150512,3.5437266022329443,M0_V1,FROZEN_V1_CURVATURE_CONTINUITY,ACTIVE_OUTER,ACTIVE_OUTER,CURVATURE_CORRIDOR_CRITICAL,CONTINUITY_BIASED_SAFE_ANCHOR,M0_V1_ANALYTIC_PROBE_ROOT,1,1,0,0,0,0,0
DVE035,DEVELOPMENT,FROZEN_PRODUCTION_FAILURE,2,LEFT,0.38161069420339233,0.44791577612325123,0.5145810930150512,6.590284788208394,M0_V1,FROZEN_V1_CURVATURE_CONTINUITY,ACTIVE_OUTER,ACTIVE_OUTER,CURVATURE_CORRIDOR_CRITICAL,CONTINUITY_BIASED_SAFE_ANCHOR,M0_V1_ANALYTIC_PROBE_ROOT,1,1,0,0,0,0,0
DVE035,DEVELOPMENT,FROZEN_PRODUCTION_FAILURE,3,LEFT,0.38161069420339233,0.44791577612325123,1.310934367577036,0.5923733595692273,M0_V1,FROZEN_V1_CURVATURE_CONTINUITY,ACTIVE_OUTER,ACTIVE_OUTER,CURVATURE_CORRIDOR_CRITICAL,CONTINUITY_BIASED_SAFE_ANCHOR,M0_V1_ANALYTIC_PROBE_ROOT,1,1,0,0,0,0,0
DVE035,DEVELOPMENT,FROZEN_PRODUCTION_FAILURE,4,LEFT,0.38161069420339233,0.44791577612325123,1.310934367577036,3.5437266022329443,M0_V1,FROZEN_V1_CURVATURE_CONTINUITY,ACTIVE_OUTER,ACTIVE_OUTER,CURVATURE_CORRIDOR_CRITICAL,CONTINUITY_BIASED_SAFE_ANCHOR,M0_V1_ANALYTIC_PROBE_ROOT,1,1,0,0,0,0,0
DVE035,DEVELOPMENT,FROZEN_PRODUCTION_FAILURE,5,LEFT,0.38161069420339233,0.44791577612325123,1.310934367577036,6.590284788208394,M0_V1,FROZEN_V1_CURVATURE_CONTINUITY,ACTIVE_OUTER,ACTIVE_OUTER,CURVATURE_CORRIDOR_CRITICAL,CONTINUITY_BIASED_SAFE_ANCHOR,M0_V1_ANALYTIC_PROBE_ROOT,1,1,0,0,0,0,0
DVE035,DEVELOPMENT,FROZEN_PRODUCTION_FAILURE,6,LEFT,0.38791365210646434,0.38791365210646434,0.5145810930150512,0.4971684162574945,M1,ZERO_BOUNDARY_SHORT,ZERO_INTERFACE,ZERO_INTERFACE,NONE,NONE,ZERO_INTERFACE_DIRECT_ANCHOR,1,1,0,0,0,0,0
DVE035,DEVELOPMENT,FROZEN_PRODUCTION_FAILURE,7,LEFT,0.38791365210646434,0.38791365210646434,0.7136694116555473,0.4971684162574945,M1,ZERO_BOUNDARY_SPAN,ZERO_INTERFACE,ZERO_INTERFACE,NONE,NONE,ZERO_INTERFACE_DIRECT_ANCHOR,1,1,0,0,0,0,0
DVE036,DEVELOPMENT,FROZEN_PRODUCTION_FAILURE,0,RIGHT,-0.19458925552305373,-0.27458925552305286,0.5145810930150512,0.6049868191659147,M0_V1,FROZEN_V1_CURVATURE_CONTINUITY,ACTIVE_OUTER,ACTIVE_OUTER,CURVATURE_CORRIDOR_CRITICAL,CONTINUITY_BIASED_SAFE_ANCHOR,M0_V1_ANALYTIC_PROBE_ROOT,1,1,0,0,0,0,0
DVE036,DEVELOPMENT,FROZEN_PRODUCTION_FAILURE,1,RIGHT,-0.19458925552305373,-0.27458925552305286,0.5145810930150512,3.94735730932694,M0_V1,FROZEN_V1_CURVATURE_CONTINUITY,ACTIVE_OUTER,ACTIVE_OUTER,CURVATURE_CORRIDOR_CRITICAL,CONTINUITY_BIASED_SAFE_ANCHOR,M0_V1_ANALYTIC_PROBE_ROOT,1,1,0,0,0,0,0
DVE036,DEVELOPMENT,FROZEN_PRODUCTION_FAILURE,2,RIGHT,-0.19458925552305373,-0.27458925552305286,0.5145810930150512,7.397546202396385,M0_V1,FROZEN_V1_CURVATURE_CONTINUITY,ACTIVE_OUTER,ACTIVE_OUTER,CURVATURE_CORRIDOR_CRITICAL,CONTINUITY_BIASED_SAFE_ANCHOR,M0_V1_ANALYTIC_PROBE_ROOT,1,1,0,0,0,0,0
DVE036,DEVELOPMENT,FROZEN_PRODUCTION_FAILURE,3,RIGHT,-0.19458925552305373,-0.27458925552305335,1.310934367577036,0.6049868191659147,M0_V1,FROZEN_V1_CURVATURE_CONTINUITY,ACTIVE_OUTER,ACTIVE_OUTER,CURVATURE_CORRIDOR_CRITICAL,CONTINUITY_BIASED_SAFE_ANCHOR,M0_V1_ANALYTIC_PROBE_ROOT,1,1,0,0,0,0,0
DVE036,DEVELOPMENT,FROZEN_PRODUCTION_FAILURE,4,RIGHT,-0.19458925552305373,-0.27458925552305335,1.310934367577036,3.94735730932694,M0_V1,FROZEN_V1_CURVATURE_CONTINUITY,ACTIVE_OUTER,ACTIVE_OUTER,CURVATURE_CORRIDOR_CRITICAL,CONTINUITY_BIASED_SAFE_ANCHOR,M0_V1_ANALYTIC_PROBE_ROOT,1,1,0,0,0,0,0
DVE036,DEVELOPMENT,FROZEN_PRODUCTION_FAILURE,5,RIGHT,-0.19458925552305373,-0.27458925552305335,1.310934367577036,7.397546202396385,M0_V1,FROZEN_V1_CURVATURE_CONTINUITY,ACTIVE_OUTER,ACTIVE_OUTER,CURVATURE_CORRIDOR_CRITICAL,CONTINUITY_BIASED_SAFE_ANCHOR,M0_V1_ANALYTIC_PROBE_ROOT,1,1,0,0,0,0,0
DVE036,DEVELOPMENT,FROZEN_PRODUCTION_FAILURE,6,RIGHT,-0.19458925552305367,-0.6147946277615255,1.310934367577036,7.397546202396385,M1,NEAR_LONG,ACTIVE_OUTER,ACTIVE_OUTER,CORRIDOR_BOTTLENECK,CORRIDOR_CENTER,ANALYTIC_ACTIVE_OUTER_ROOT,1,1,0,0,0,0,0
DVE037,DEVELOPMENT,FROZEN_PRODUCTION_FAILURE,0,LEFT,0.2633011570913889,0.2633011570913889,0.5145810930150512,0.4971684162574945,M1,ZERO_BOUNDARY_SHORT,ZERO_INTERFACE,ZERO_INTERFACE,NONE,NONE,ZERO_INTERFACE_DIRECT_ANCHOR,1,1,0,0,1,1,0
DVE037,DEVELOPMENT,FROZEN_PRODUCTION_FAILURE,1,LEFT,0.2633011570913889,0.2633011570913889,0.7136694116555473,0.4971684162574945,M1,ZERO_BOUNDARY_SPAN,ZERO_INTERFACE,ZERO_INTERFACE,NONE,NONE,ZERO_INTERFACE_DIRECT_ANCHOR,1,1,0,0,1,1,0
DVE037,DEVELOPMENT,FROZEN_PRODUCTION_FAILURE,2,LEFT,0.8225,0.5379832078400103,0.7136694116555473,0.4971684162574945,M1,FAR_SPAN,ALL_INACTIVE,ALL_INACTIVE,CORRIDOR_BOTTLENECK,CORRIDOR_CENTER,ANALYTIC_ALL_INACTIVE_ROOT,1,1,0,0,1,1,0
DVE038,DEVELOPMENT,FROZEN_PRODUCTION_FAILURE,0,RIGHT,-0.47832715344358734,-0.47832715344358734,0.5145810930150512,0.4971684162574945,M1,ZERO_BOUNDARY_SHORT,ZERO_INTERFACE,ZERO_INTERFACE,NONE,NONE,ZERO_INTERFACE_DIRECT_ANCHOR,1,1,1,1,1,1,0
DVE038,DEVELOPMENT,FROZEN_PRODUCTION_FAILURE,1,RIGHT,-0.47832715344358734,-0.47832715344358734,0.7136694116555473,0.4971684162574945,M1,ZERO_BOUNDARY_SPAN,ZERO_INTERFACE,ZERO_INTERFACE,NONE,NONE,ZERO_INTERFACE_DIRECT_ANCHOR,1,1,1,1,1,1,0
DVE039,DEVELOPMENT,FROZEN_PRODUCTION_FAILURE,0,LEFT,0.28893162081239143,0.36893162081239206,0.5145810930150512,0.5794025890870645,M0_V1,FROZEN_V1_CURVATURE_CONTINUITY,ACTIVE_OUTER,ACTIVE_OUTER,CURVATURE_CORRIDOR_CRITICAL,CONTINUITY_BIASED_SAFE_ANCHOR,M0_V1_ANALYTIC_PROBE_ROOT,1,0,0,0,0,0,0
DVE039,DEVELOPMENT,FROZEN_PRODUCTION_FAILURE,1,LEFT,0.28893162081239143,0.36893162081239206,0.5145810930150512,3.1286619468037347,M0_V1,FROZEN_V1_CURVATURE_CONTINUITY,ACTIVE_OUTER,ACTIVE_OUTER,CURVATURE_CORRIDOR_CRITICAL,CONTINUITY_BIASED_SAFE_ANCHOR,M0_V1_ANALYTIC_PROBE_ROOT,1,1,0,0,0,0,0
DVE039,DEVELOPMENT,FROZEN_PRODUCTION_FAILURE,2,LEFT,0.28893162081239143,0.36893162081239206,0.5145810930150512,5.760155477349975,M0_V1,FROZEN_V1_CURVATURE_CONTINUITY,ACTIVE_OUTER,ACTIVE_OUTER,CURVATURE_CORRIDOR_CRITICAL,CONTINUITY_BIASED_SAFE_ANCHOR,M0_V1_ANALYTIC_PROBE_ROOT,1,1,0,0,0,0,0
DVE039,DEVELOPMENT,FROZEN_PRODUCTION_FAILURE,3,LEFT,0.28893162081239143,0.3689316208123912,1.310934367577036,0.5794025890870645,M0_V1,FROZEN_V1_CURVATURE_CONTINUITY,ACTIVE_OUTER,ACTIVE_OUTER,CURVATURE_CORRIDOR_CRITICAL,CONTINUITY_BIASED_SAFE_ANCHOR,M0_V1_ANALYTIC_PROBE_ROOT,1,1,0,0,0,0,0
DVE039,DEVELOPMENT,FROZEN_PRODUCTION_FAILURE,4,LEFT,0.28893162081239143,0.3689316208123912,1.310934367577036,3.1286619468037347,M0_V1,FROZEN_V1_CURVATURE_CONTINUITY,ACTIVE_OUTER,ACTIVE_OUTER,CURVATURE_CORRIDOR_CRITICAL,CONTINUITY_BIASED_SAFE_ANCHOR,M0_V1_ANALYTIC_PROBE_ROOT,1,1,0,0,1,1,0
DVE039,DEVELOPMENT,FROZEN_PRODUCTION_FAILURE,5,LEFT,0.28893162081239143,0.3689316208123912,1.310934367577036,5.760155477349975,M0_V1,FROZEN_V1_CURVATURE_CONTINUITY,ACTIVE_OUTER,ACTIVE_OUTER,CURVATURE_CORRIDOR_CRITICAL,CONTINUITY_BIASED_SAFE_ANCHOR,M0_V1_ANALYTIC_PROBE_ROOT,1,0,0,0,0,0,0
DVE039,DEVELOPMENT,FROZEN_PRODUCTION_FAILURE,6,RIGHT,-0.4428795201825665,-0.4428795201825665,1.310934367577036,0.6049868191659147,M0_V2,ZERO_INTERFACE_BOUNDARY_INSET,ZERO_INTERFACE,ZERO_INTERFACE,NONE,NONE,ZERO_INTERFACE_DIRECT_ANCHOR,1,0,0,0,0,0,0
DVE039,DEVELOPMENT,FROZEN_PRODUCTION_FAILURE,7,RIGHT,-0.5332653487105269,-0.5332653487105269,1.310934367577036,7.397546202396385,M0_V2,ZERO_INTERFACE_QUARTER_LONG_EXIT,ZERO_INTERFACE,ZERO_INTERFACE,NONE,NONE,ZERO_INTERFACE_DIRECT_ANCHOR,1,1,0,0,0,0,0
DVE039,DEVELOPMENT,FROZEN_PRODUCTION_FAILURE,8,RIGHT,-0.6296768991403512,-0.6296768991403512,1.310934367577036,7.397546202396385,M0_V2,ZERO_INTERFACE_CENTER_LONG_EXIT,ZERO_INTERFACE,ZERO_INTERFACE,NONE,NONE,ZERO_INTERFACE_DIRECT_ANCHOR,1,1,1,1,0,0,0
DVE039,DEVELOPMENT,FROZEN_PRODUCTION_FAILURE,9,RIGHT,-0.5332653487105269,-0.5332653487105269,0.7136694116555473,2.222262862792217,M0_V2,ZERO_INTERFACE_QUARTER_SCALE,ZERO_INTERFACE,ZERO_INTERFACE,NONE,NONE,ZERO_INTERFACE_DIRECT_ANCHOR,1,0,0,0,0,0,0
DVE039,DEVELOPMENT,FROZEN_PRODUCTION_FAILURE,10,LEFT,0.29922175173719784,0.29922175173719784,1.310934367577036,0.5794025890870645,M0_V2,ZERO_INTERFACE_BOUNDARY_INSET,ZERO_INTERFACE,ZERO_INTERFACE,NONE,NONE,ZERO_INTERFACE_DIRECT_ANCHOR,1,1,0,0,0,0,0
DVE039,DEVELOPMENT,FROZEN_PRODUCTION_FAILURE,11,LEFT,0.4535737156092936,0.4535737156092936,1.310934367577036,5.760155477349975,M0_V2,ZERO_INTERFACE_QUARTER_LONG_EXIT,ZERO_INTERFACE,ZERO_INTERFACE,NONE,NONE,ZERO_INTERFACE_DIRECT_ANCHOR,1,0,0,0,0,0,0
DVE039,DEVELOPMENT,FROZEN_PRODUCTION_FAILURE,12,LEFT,0.6182158104061957,0.6182158104061957,1.310934367577036,5.760155477349975,M0_V2,ZERO_INTERFACE_CENTER_LONG_EXIT,ZERO_INTERFACE,ZERO_INTERFACE,NONE,NONE,ZERO_INTERFACE_DIRECT_ANCHOR,1,0,0,0,0,0,0
DVE039,DEVELOPMENT,FROZEN_PRODUCTION_FAILURE,13,LEFT,0.4535737156092936,0.4535737156092936,0.7136694116555473,1.8129151815306146,M0_V2,ZERO_INTERFACE_QUARTER_SCALE,ZERO_INTERFACE,ZERO_INTERFACE,NONE,NONE,ZERO_INTERFACE_DIRECT_ANCHOR,1,0,0,0,0,0,0
DVE039,DEVELOPMENT,FROZEN_PRODUCTION_FAILURE,14,RIGHT,-0.4428795201825665,-0.4428795201825665,0.5145810930150512,0.4971684162574945,M1,ZERO_BOUNDARY_SHORT,ZERO_INTERFACE,ZERO_INTERFACE,NONE,NONE,ZERO_INTERFACE_DIRECT_ANCHOR,1,1,0,0,0,0,0
DVE039,DEVELOPMENT,FROZEN_PRODUCTION_FAILURE,15,LEFT,0.29922175173719784,0.29922175173719784,0.5145810930150512,0.4971684162574945,M1,ZERO_BOUNDARY_SHORT,ZERO_INTERFACE,ZERO_INTERFACE,NONE,NONE,ZERO_INTERFACE_DIRECT_ANCHOR,1,1,0,0,0,0,0
DVE039,DEVELOPMENT,FROZEN_PRODUCTION_FAILURE,16,RIGHT,-0.4428795201825665,-0.4428795201825665,0.7136694116555473,0.4971684162574945,M1,ZERO_BOUNDARY_SPAN,ZERO_INTERFACE,ZERO_INTERFACE,NONE,NONE,ZERO_INTERFACE_DIRECT_ANCHOR,1,1,0,0,0,0,0
DVE039,DEVELOPMENT,FROZEN_PRODUCTION_FAILURE,17,LEFT,0.29922175173719784,0.29922175173719784,0.7136694116555473,0.4971684162574945,M1,ZERO_BOUNDARY_SPAN,ZERO_INTERFACE,ZERO_INTERFACE,NONE,NONE,ZERO_INTERFACE_DIRECT_ANCHOR,1,1,0,0,0,0,0
DVE040,DEVELOPMENT,FROZEN_PRODUCTION_FAILURE,0,LEFT,0.2261569025686936,0.6595531395499061,0.5145810930150512,0.5919207127660597,M0_V1,FROZEN_V1_CURVATURE_CONTINUITY,ACTIVE_OUTER,ACTIVE_OUTER,CURVATURE_CORRIDOR_CRITICAL,CONTINUITY_BIASED_SAFE_ANCHOR,M0_V1_ANALYTIC_PROBE_ROOT,1,1,0,0,0,0,0
DVE040,DEVELOPMENT,FROZEN_PRODUCTION_FAILURE,1,LEFT,0.2261569025686936,0.6595531395499061,0.5145810930150512,3.5292419045315793,M0_V1,FROZEN_V1_CURVATURE_CONTINUITY,ACTIVE_OUTER,ACTIVE_OUTER,CURVATURE_CORRIDOR_CRITICAL,CONTINUITY_BIASED_SAFE_ANCHOR,M0_V1_ANALYTIC_PROBE_ROOT,1,1,0,0,0,0,0
DVE040,DEVELOPMENT,FROZEN_PRODUCTION_FAILURE,2,LEFT,0.2261569025686936,0.6595531395499061,0.5145810930150512,6.561315392805664,M0_V1,FROZEN_V1_CURVATURE_CONTINUITY,ACTIVE_OUTER,ACTIVE_OUTER,CURVATURE_CORRIDOR_CRITICAL,CONTINUITY_BIASED_SAFE_ANCHOR,M0_V1_ANALYTIC_PROBE_ROOT,1,1,0,0,0,0,0
DVE040,DEVELOPMENT,FROZEN_PRODUCTION_FAILURE,3,LEFT,0.2261569025686936,0.6595531395499061,1.310934367577036,0.5919207127660597,M0_V1,FROZEN_V1_CURVATURE_CONTINUITY,ACTIVE_OUTER,ACTIVE_OUTER,CURVATURE_CORRIDOR_CRITICAL,CONTINUITY_BIASED_SAFE_ANCHOR,M0_V1_ANALYTIC_PROBE_ROOT,1,1,0,0,0,0,0
DVE040,DEVELOPMENT,FROZEN_PRODUCTION_FAILURE,4,LEFT,0.2261569025686936,0.6595531395499061,1.310934367577036,3.5292419045315793,M0_V1,FROZEN_V1_CURVATURE_CONTINUITY,ACTIVE_OUTER,ACTIVE_OUTER,CURVATURE_CORRIDOR_CRITICAL,CONTINUITY_BIASED_SAFE_ANCHOR,M0_V1_ANALYTIC_PROBE_ROOT,1,1,0,0,0,0,0
DVE040,DEVELOPMENT,FROZEN_PRODUCTION_FAILURE,5,LEFT,0.2261569025686936,0.6595531395499061,1.310934367577036,6.561315392805664,M0_V1,FROZEN_V1_CURVATURE_CONTINUITY,ACTIVE_OUTER,ACTIVE_OUTER,CURVATURE_CORRIDOR_CRITICAL,CONTINUITY_BIASED_SAFE_ANCHOR,M0_V1_ANALYTIC_PROBE_ROOT,1,1,0,0,0,0,0
DVE040,DEVELOPMENT,FROZEN_PRODUCTION_FAILURE,6,LEFT,0.2261569025686936,0.8469757366056697,1.310934367577036,6.561315392805664,M1,NEAR_LONG,ACTIVE_OUTER,ACTIVE_OUTER,CORRIDOR_BOTTLENECK,CORRIDOR_CENTER,ANALYTIC_ACTIVE_OUTER_ROOT,1,1,0,0,0,0,0
VUE001,VALIDATION_SEEN_AFTER_V1,FROZEN_PRODUCTION_FAILURE,0,LEFT,0.40331376680563624,0.4999003260922659,0.5145810930150512,0.5919847231982236,M0_V1,FROZEN_V1_CURVATURE_CONTINUITY,ACTIVE_OUTER,ACTIVE_OUTER,CURVATURE_CORRIDOR_CRITICAL,CONTINUITY_BIASED_SAFE_ANCHOR,M0_V1_ANALYTIC_PROBE_ROOT,1,0,0,0,0,0,0
VUE001,VALIDATION_SEEN_AFTER_V1,FROZEN_PRODUCTION_FAILURE,1,LEFT,0.40331376680563624,0.4999003260922659,0.5145810930150512,3.5312902383608247,M0_V1,FROZEN_V1_CURVATURE_CONTINUITY,ACTIVE_OUTER,ACTIVE_OUTER,CURVATURE_CORRIDOR_CRITICAL,CONTINUITY_BIASED_SAFE_ANCHOR,M0_V1_ANALYTIC_PROBE_ROOT,1,1,0,0,0,0,0
VUE001,VALIDATION_SEEN_AFTER_V1,FROZEN_PRODUCTION_FAILURE,2,LEFT,0.40331376680563624,0.4999003260922659,0.5145810930150512,6.565412060464155,M0_V1,FROZEN_V1_CURVATURE_CONTINUITY,ACTIVE_OUTER,ACTIVE_OUTER,CURVATURE_CORRIDOR_CRITICAL,CONTINUITY_BIASED_SAFE_ANCHOR,M0_V1_ANALYTIC_PROBE_ROOT,1,1,0,0,0,0,0
VUE001,VALIDATION_SEEN_AFTER_V1,FROZEN_PRODUCTION_FAILURE,3,LEFT,0.40331376680563624,0.4999003260922659,1.310934367577036,0.5919847231982236,M0_V1,FROZEN_V1_CURVATURE_CONTINUITY,ACTIVE_OUTER,ACTIVE_OUTER,CURVATURE_CORRIDOR_CRITICAL,CONTINUITY_BIASED_SAFE_ANCHOR,M0_V1_ANALYTIC_PROBE_ROOT,1,1,0,0,0,0,0
VUE001,VALIDATION_SEEN_AFTER_V1,FROZEN_PRODUCTION_FAILURE,4,LEFT,0.40331376680563624,0.4999003260922659,1.310934367577036,3.5312902383608247,M0_V1,FROZEN_V1_CURVATURE_CONTINUITY,ACTIVE_OUTER,ACTIVE_OUTER,CURVATURE_CORRIDOR_CRITICAL,CONTINUITY_BIASED_SAFE_ANCHOR,M0_V1_ANALYTIC_PROBE_ROOT,1,1,0,0,0,0,0
VUE001,VALIDATION_SEEN_AFTER_V1,FROZEN_PRODUCTION_FAILURE,5,LEFT,0.40331376680563624,0.4999003260922659,1.310934367577036,6.565412060464155,M0_V1,FROZEN_V1_CURVATURE_CONTINUITY,ACTIVE_OUTER,ACTIVE_OUTER,CURVATURE_CORRIDOR_CRITICAL,CONTINUITY_BIASED_SAFE_ANCHOR,M0_V1_ANALYTIC_PROBE_ROOT,1,1,0,0,0,0,0
VUE001,VALIDATION_SEEN_AFTER_V1,FROZEN_PRODUCTION_FAILURE,6,LEFT,0.4092776141992982,0.4092776141992982,1.310934367577036,0.5919847231982236,M0_V2,ZERO_INTERFACE_BOUNDARY_INSET,ZERO_INTERFACE,ZERO_INTERFACE,NONE,NONE,ZERO_INTERFACE_DIRECT_ANCHOR,1,1,0,0,0,0,0
VUE001,VALIDATION_SEEN_AFTER_V1,FROZEN_PRODUCTION_FAILURE,7,LEFT,0.49873532510422725,0.49873532510422725,1.310934367577036,6.565412060464155,M0_V2,ZERO_INTERFACE_QUARTER_LONG_EXIT,ZERO_INTERFACE,ZERO_INTERFACE,NONE,NONE,ZERO_INTERFACE_DIRECT_ANCHOR,1,1,0,0,0,0,0
VUE001,VALIDATION_SEEN_AFTER_V1,FROZEN_PRODUCTION_FAILURE,8,LEFT,0.5941568834028181,0.5941568834028181,1.310934367577036,6.565412060464155,M0_V2,ZERO_INTERFACE_CENTER_LONG_EXIT,ZERO_INTERFACE,ZERO_INTERFACE,NONE,NONE,ZERO_INTERFACE_DIRECT_ANCHOR,1,1,0,0,0,0,0
VUE001,VALIDATION_SEEN_AFTER_V1,FROZEN_PRODUCTION_FAILURE,9,LEFT,0.49873532510422725,0.49873532510422725,0.7136694116555473,2.0142293273091596,M0_V2,ZERO_INTERFACE_QUARTER_SCALE,ZERO_INTERFACE,ZERO_INTERFACE,NONE,NONE,ZERO_INTERFACE_DIRECT_ANCHOR,1,0,0,0,0,0,0
VUE001,VALIDATION_SEEN_AFTER_V1,FROZEN_PRODUCTION_FAILURE,10,LEFT,0.4092776141992982,0.4092776141992982,0.5145810930150512,0.4971684162574945,M1,ZERO_BOUNDARY_SHORT,ZERO_INTERFACE,ZERO_INTERFACE,NONE,NONE,ZERO_INTERFACE_DIRECT_ANCHOR,1,1,0,0,0,0,0
VUE001,VALIDATION_SEEN_AFTER_V1,FROZEN_PRODUCTION_FAILURE,11,LEFT,0.4092776141992982,0.4092776141992982,0.7136694116555473,0.4971684162574945,M1,ZERO_BOUNDARY_SPAN,ZERO_INTERFACE,ZERO_INTERFACE,NONE,NONE,ZERO_INTERFACE_DIRECT_ANCHOR,1,1,0,0,0,0,0
VUE002,VALIDATION_SEEN_AFTER_V1,FROZEN_PRODUCTION_FAILURE,0,LEFT,0.5003663446334687,0.5003663446334687,0.5145810930150512,0.4971684162574945,M1,ZERO_BOUNDARY_SHORT,ZERO_INTERFACE,ZERO_INTERFACE,NONE,NONE,ZERO_INTERFACE_DIRECT_ANCHOR,1,1,0,0,0,0,0
VUE002,VALIDATION_SEEN_AFTER_V1,FROZEN_PRODUCTION_FAILURE,1,LEFT,0.5003663446334687,0.5003663446334687,0.7136694116555473,0.4971684162574945,M1,ZERO_BOUNDARY_SPAN,ZERO_INTERFACE,ZERO_INTERFACE,NONE,NONE,ZERO_INTERFACE_DIRECT_ANCHOR,1,1,0,0,0,0,0
VUE003,VALIDATION_SEEN_AFTER_V1,FROZEN_PRODUCTION_FAILURE,0,LEFT,0.22821687397327206,0.5537027448265768,0.5145810930150512,0.5923956086273134,M0_V1,FROZEN_V1_CURVATURE_CONTINUITY,ACTIVE_OUTER,ACTIVE_OUTER,CURVATURE_CORRIDOR_CRITICAL,CONTINUITY_BIASED_SAFE_ANCHOR,M0_V1_ANALYTIC_PROBE_ROOT,1,0,0,0,0,0,0
VUE003,VALIDATION_SEEN_AFTER_V1,FROZEN_PRODUCTION_FAILURE,1,LEFT,0.22821687397327206,0.5537027448265768,0.5145810930150512,3.5444385720917007,M0_V1,FROZEN_V1_CURVATURE_CONTINUITY,ACTIVE_OUTER,ACTIVE_OUTER,CURVATURE_CORRIDOR_CRITICAL,CONTINUITY_BIASED_SAFE_ANCHOR,M0_V1_ANALYTIC_PROBE_ROOT,1,1,0,0,0,0,0
VUE003,VALIDATION_SEEN_AFTER_V1,FROZEN_PRODUCTION_FAILURE,2,LEFT,0.22821687397327206,0.5537027448265768,0.5145810930150512,6.591708727925907,M0_V1,FROZEN_V1_CURVATURE_CONTINUITY,ACTIVE_OUTER,ACTIVE_OUTER,CURVATURE_CORRIDOR_CRITICAL,CONTINUITY_BIASED_SAFE_ANCHOR,M0_V1_ANALYTIC_PROBE_ROOT,1,1,0,0,0,0,0
VUE003,VALIDATION_SEEN_AFTER_V1,FROZEN_PRODUCTION_FAILURE,3,LEFT,0.22821687397327206,0.5537027448265768,1.310934367577036,0.5923956086273134,M0_V1,FROZEN_V1_CURVATURE_CONTINUITY,ACTIVE_OUTER,ACTIVE_OUTER,CURVATURE_CORRIDOR_CRITICAL,CONTINUITY_BIASED_SAFE_ANCHOR,M0_V1_ANALYTIC_PROBE_ROOT,1,1,0,0,0,0,0
VUE003,VALIDATION_SEEN_AFTER_V1,FROZEN_PRODUCTION_FAILURE,4,LEFT,0.22821687397327206,0.5537027448265768,1.310934367577036,3.5444385720917007,M0_V1,FROZEN_V1_CURVATURE_CONTINUITY,ACTIVE_OUTER,ACTIVE_OUTER,CURVATURE_CORRIDOR_CRITICAL,CONTINUITY_BIASED_SAFE_ANCHOR,M0_V1_ANALYTIC_PROBE_ROOT,1,1,0,0,0,0,0
VUE003,VALIDATION_SEEN_AFTER_V1,FROZEN_PRODUCTION_FAILURE,5,LEFT,0.22821687397327206,0.5537027448265768,1.310934367577036,6.591708727925907,M0_V1,FROZEN_V1_CURVATURE_CONTINUITY,ACTIVE_OUTER,ACTIVE_OUTER,CURVATURE_CORRIDOR_CRITICAL,CONTINUITY_BIASED_SAFE_ANCHOR,M0_V1_ANALYTIC_PROBE_ROOT,1,1,0,0,0,0,0
VUE003,VALIDATION_SEEN_AFTER_V1,FROZEN_PRODUCTION_FAILURE,6,LEFT,0.23691661031743969,0.23691661031743969,0.5145810930150512,0.4971684162574945,M1,ZERO_BOUNDARY_SHORT,ZERO_INTERFACE,ZERO_INTERFACE,NONE,NONE,ZERO_INTERFACE_DIRECT_ANCHOR,1,1,0,0,0,0,0
VUE003,VALIDATION_SEEN_AFTER_V1,FROZEN_PRODUCTION_FAILURE,7,LEFT,0.23691661031743969,0.23691661031743969,0.7136694116555473,0.4971684162574945,M1,ZERO_BOUNDARY_SPAN,ZERO_INTERFACE,ZERO_INTERFACE,NONE,NONE,ZERO_INTERFACE_DIRECT_ANCHOR,1,1,0,0,0,0,0
VUE004,VALIDATION_SEEN_AFTER_V1,FROZEN_PRODUCTION_FAILURE,0,RIGHT,-0.29095433130090154,-0.37095433130090283,0.5145810930150512,0.6049868191659147,M0_V1,FROZEN_V1_CURVATURE_CONTINUITY,ACTIVE_OUTER,ACTIVE_OUTER,CURVATURE_CORRIDOR_CRITICAL,CONTINUITY_BIASED_SAFE_ANCHOR,M0_V1_ANALYTIC_PROBE_ROOT,1,1,1,1,1,1,0
VUE004,VALIDATION_SEEN_AFTER_V1,FROZEN_PRODUCTION_FAILURE,1,RIGHT,-0.29095433130090154,-0.37095433130090283,0.5145810930150512,3.94735730932694,M0_V1,FROZEN_V1_CURVATURE_CONTINUITY,ACTIVE_OUTER,ACTIVE_OUTER,CURVATURE_CORRIDOR_CRITICAL,CONTINUITY_BIASED_SAFE_ANCHOR,M0_V1_ANALYTIC_PROBE_ROOT,1,1,1,1,0,0,0
VUE004,VALIDATION_SEEN_AFTER_V1,FROZEN_PRODUCTION_FAILURE,2,RIGHT,-0.29095433130090154,-0.37095433130090283,0.5145810930150512,7.397546202396385,M0_V1,FROZEN_V1_CURVATURE_CONTINUITY,ACTIVE_OUTER,ACTIVE_OUTER,CURVATURE_CORRIDOR_CRITICAL,CONTINUITY_BIASED_SAFE_ANCHOR,M0_V1_ANALYTIC_PROBE_ROOT,1,1,1,1,0,0,0
VUE004,VALIDATION_SEEN_AFTER_V1,FROZEN_PRODUCTION_FAILURE,3,RIGHT,-0.29095433130090154,-0.3709543313009019,1.310934367577036,0.6049868191659147,M0_V1,FROZEN_V1_CURVATURE_CONTINUITY,ACTIVE_OUTER,ACTIVE_OUTER,CURVATURE_CORRIDOR_CRITICAL,CONTINUITY_BIASED_SAFE_ANCHOR,M0_V1_ANALYTIC_PROBE_ROOT,1,1,1,1,1,1,0
VUE004,VALIDATION_SEEN_AFTER_V1,FROZEN_PRODUCTION_FAILURE,4,RIGHT,-0.29095433130090154,-0.3709543313009019,1.310934367577036,3.94735730932694,M0_V1,FROZEN_V1_CURVATURE_CONTINUITY,ACTIVE_OUTER,ACTIVE_OUTER,CURVATURE_CORRIDOR_CRITICAL,CONTINUITY_BIASED_SAFE_ANCHOR,M0_V1_ANALYTIC_PROBE_ROOT,1,1,1,1,0,0,0
VUE004,VALIDATION_SEEN_AFTER_V1,FROZEN_PRODUCTION_FAILURE,5,RIGHT,-0.29095433130090154,-0.3709543313009019,1.310934367577036,7.397546202396385,M0_V1,FROZEN_V1_CURVATURE_CONTINUITY,ACTIVE_OUTER,ACTIVE_OUTER,CURVATURE_CORRIDOR_CRITICAL,CONTINUITY_BIASED_SAFE_ANCHOR,M0_V1_ANALYTIC_PROBE_ROOT,1,1,1,1,0,0,0
VUE004,VALIDATION_SEEN_AFTER_V1,FROZEN_PRODUCTION_FAILURE,6,RIGHT,-0.2909543313009015,-0.6629771656504513,1.310934367577036,7.397546202396385,M1,NEAR_LONG,ACTIVE_OUTER,ACTIVE_OUTER,CORRIDOR_BOTTLENECK,CORRIDOR_CENTER,ANALYTIC_ACTIVE_OUTER_ROOT,1,1,1,1,0,0,0
VUE005,VALIDATION_SEEN_AFTER_V1,FROZEN_PRODUCTION_FAILURE,0,RIGHT,-0.39206274713910094,-0.4720627471391028,0.5145810930150512,0.6049868191659147,M0_V1,FROZEN_V1_CURVATURE_CONTINUITY,ACTIVE_OUTER,ACTIVE_OUTER,CURVATURE_CORRIDOR_CRITICAL,CONTINUITY_BIASED_SAFE_ANCHOR,M0_V1_ANALYTIC_PROBE_ROOT,1,0,1,1,0,0,0
VUE005,VALIDATION_SEEN_AFTER_V1,FROZEN_PRODUCTION_FAILURE,1,RIGHT,-0.39206274713910094,-0.4720627471391028,0.5145810930150512,3.94735730932694,M0_V1,FROZEN_V1_CURVATURE_CONTINUITY,ACTIVE_OUTER,ACTIVE_OUTER,CURVATURE_CORRIDOR_CRITICAL,CONTINUITY_BIASED_SAFE_ANCHOR,M0_V1_ANALYTIC_PROBE_ROOT,1,1,1,1,0,0,0
VUE005,VALIDATION_SEEN_AFTER_V1,FROZEN_PRODUCTION_FAILURE,2,RIGHT,-0.39206274713910094,-0.4720627471391028,0.5145810930150512,7.397546202396385,M0_V1,FROZEN_V1_CURVATURE_CONTINUITY,ACTIVE_OUTER,ACTIVE_OUTER,CURVATURE_CORRIDOR_CRITICAL,CONTINUITY_BIASED_SAFE_ANCHOR,M0_V1_ANALYTIC_PROBE_ROOT,1,1,1,1,0,0,0
VUE005,VALIDATION_SEEN_AFTER_V1,FROZEN_PRODUCTION_FAILURE,3,RIGHT,-0.39206274713910094,-0.4720627471391014,1.310934367577036,0.6049868191659147,M0_V1,FROZEN_V1_CURVATURE_CONTINUITY,ACTIVE_OUTER,ACTIVE_OUTER,CURVATURE_CORRIDOR_CRITICAL,CONTINUITY_BIASED_SAFE_ANCHOR,M0_V1_ANALYTIC_PROBE_ROOT,1,1,1,1,0,0,0
VUE005,VALIDATION_SEEN_AFTER_V1,FROZEN_PRODUCTION_FAILURE,4,RIGHT,-0.39206274713910094,-0.4720627471391014,1.310934367577036,3.94735730932694,M0_V1,FROZEN_V1_CURVATURE_CONTINUITY,ACTIVE_OUTER,ACTIVE_OUTER,CURVATURE_CORRIDOR_CRITICAL,CONTINUITY_BIASED_SAFE_ANCHOR,M0_V1_ANALYTIC_PROBE_ROOT,1,1,1,1,1,1,0
VUE005,VALIDATION_SEEN_AFTER_V1,FROZEN_PRODUCTION_FAILURE,5,RIGHT,-0.39206274713910094,-0.4720627471391014,1.310934367577036,7.397546202396385,M0_V1,FROZEN_V1_CURVATURE_CONTINUITY,ACTIVE_OUTER,ACTIVE_OUTER,CURVATURE_CORRIDOR_CRITICAL,CONTINUITY_BIASED_SAFE_ANCHOR,M0_V1_ANALYTIC_PROBE_ROOT,1,1,1,1,1,1,0
VUE005,VALIDATION_SEEN_AFTER_V1,FROZEN_PRODUCTION_FAILURE,6,RIGHT,-0.4036711417150525,-0.4036711417150525,0.5145810930150512,0.4971684162574945,M1,ZERO_BOUNDARY_SHORT,ZERO_INTERFACE,ZERO_INTERFACE,NONE,NONE,ZERO_INTERFACE_DIRECT_ANCHOR,1,1,1,1,0,0,0
VUE005,VALIDATION_SEEN_AFTER_V1,FROZEN_PRODUCTION_FAILURE,7,RIGHT,-0.4036711417150525,-0.4036711417150525,0.7136694116555473,0.4971684162574945,M1,ZERO_BOUNDARY_SPAN,ZERO_INTERFACE,ZERO_INTERFACE,NONE,NONE,ZERO_INTERFACE_DIRECT_ANCHOR,1,1,1,1,0,0,0
VUE005,VALIDATION_SEEN_AFTER_V1,FROZEN_PRODUCTION_FAILURE,8,RIGHT,-0.39206274713910094,-0.7635313735695514,1.310934367577036,7.397546202396385,M1,NEAR_LONG,ACTIVE_OUTER,ACTIVE_OUTER,CORRIDOR_BOTTLENECK,CORRIDOR_CENTER,ANALYTIC_ACTIVE_OUTER_ROOT,1,1,1,1,1,1,0
VUE006,VALIDATION_SEEN_AFTER_V1,FROZEN_PRODUCTION_FAILURE,0,RIGHT,-0.402777783687964,-0.4827777836879624,0.5145810930150512,0.6049868191659147,M0_V1,FROZEN_V1_CURVATURE_CONTINUITY,ACTIVE_OUTER,ACTIVE_OUTER,CURVATURE_CORRIDOR_CRITICAL,CONTINUITY_BIASED_SAFE_ANCHOR,M0_V1_ANALYTIC_PROBE_ROOT,0,0,1,1,0,0,0
VUE006,VALIDATION_SEEN_AFTER_V1,FROZEN_PRODUCTION_FAILURE,1,RIGHT,-0.402777783687964,-0.4827777836879624,0.5145810930150512,3.94735730932694,M0_V1,FROZEN_V1_CURVATURE_CONTINUITY,ACTIVE_OUTER,ACTIVE_OUTER,CURVATURE_CORRIDOR_CRITICAL,CONTINUITY_BIASED_SAFE_ANCHOR,M0_V1_ANALYTIC_PROBE_ROOT,0,1,1,1,0,0,0
VUE006,VALIDATION_SEEN_AFTER_V1,FROZEN_PRODUCTION_FAILURE,2,RIGHT,-0.402777783687964,-0.4827777836879624,0.5145810930150512,7.397546202396385,M0_V1,FROZEN_V1_CURVATURE_CONTINUITY,ACTIVE_OUTER,ACTIVE_OUTER,CURVATURE_CORRIDOR_CRITICAL,CONTINUITY_BIASED_SAFE_ANCHOR,M0_V1_ANALYTIC_PROBE_ROOT,0,1,1,1,0,0,0
VUE006,VALIDATION_SEEN_AFTER_V1,FROZEN_PRODUCTION_FAILURE,3,RIGHT,-0.402777783687964,-0.4827777836879625,1.310934367577036,0.6049868191659147,M0_V1,FROZEN_V1_CURVATURE_CONTINUITY,ACTIVE_OUTER,ACTIVE_OUTER,CURVATURE_CORRIDOR_CRITICAL,CONTINUITY_BIASED_SAFE_ANCHOR,M0_V1_ANALYTIC_PROBE_ROOT,0,1,1,1,0,0,0
VUE006,VALIDATION_SEEN_AFTER_V1,FROZEN_PRODUCTION_FAILURE,4,RIGHT,-0.402777783687964,-0.4827777836879625,1.310934367577036,3.94735730932694,M0_V1,FROZEN_V1_CURVATURE_CONTINUITY,ACTIVE_OUTER,ACTIVE_OUTER,CURVATURE_CORRIDOR_CRITICAL,CONTINUITY_BIASED_SAFE_ANCHOR,M0_V1_ANALYTIC_PROBE_ROOT,0,1,1,1,1,1,0
VUE006,VALIDATION_SEEN_AFTER_V1,FROZEN_PRODUCTION_FAILURE,5,RIGHT,-0.402777783687964,-0.4827777836879625,1.310934367577036,7.397546202396385,M0_V1,FROZEN_V1_CURVATURE_CONTINUITY,ACTIVE_OUTER,ACTIVE_OUTER,CURVATURE_CORRIDOR_CRITICAL,CONTINUITY_BIASED_SAFE_ANCHOR,M0_V1_ANALYTIC_PROBE_ROOT,0,1,1,1,1,1,0
VUE006,VALIDATION_SEEN_AFTER_V1,FROZEN_PRODUCTION_FAILURE,6,RIGHT,-0.4142187558178396,-0.4142187558178396,0.5145810930150512,0.4971684162574945,M1,ZERO_BOUNDARY_SHORT,ZERO_INTERFACE,ZERO_INTERFACE,NONE,NONE,ZERO_INTERFACE_DIRECT_ANCHOR,1,1,1,1,0,0,0
VUE006,VALIDATION_SEEN_AFTER_V1,FROZEN_PRODUCTION_FAILURE,7,RIGHT,-0.4142187558178396,-0.4142187558178396,0.7136694116555473,0.4971684162574945,M1,ZERO_BOUNDARY_SPAN,ZERO_INTERFACE,ZERO_INTERFACE,NONE,NONE,ZERO_INTERFACE_DIRECT_ANCHOR,1,1,1,1,0,0,0
VUE006,VALIDATION_SEEN_AFTER_V1,FROZEN_PRODUCTION_FAILURE,8,RIGHT,-0.4027777836879641,-0.7688888918439791,1.310934367577036,7.397546202396385,M1,NEAR_LONG,ACTIVE_OUTER,ACTIVE_OUTER,CORRIDOR_BOTTLENECK,CORRIDOR_CENTER,ANALYTIC_ACTIVE_OUTER_ROOT,1,1,1,1,1,1,0
VUE007,VALIDATION_SEEN_AFTER_V1,FROZEN_PRODUCTION_FAILURE,0,RIGHT,-0.3943765071604427,-0.474376507160443,0.5145810930150512,0.6049868191659147,M0_V1,FROZEN_V1_CURVATURE_CONTINUITY,ACTIVE_OUTER,ACTIVE_OUTER,CURVATURE_CORRIDOR_CRITICAL,CONTINUITY_BIASED_SAFE_ANCHOR,M0_V1_ANALYTIC_PROBE_ROOT,1,0,1,1,0,0,0
VUE007,VALIDATION_SEEN_AFTER_V1,FROZEN_PRODUCTION_FAILURE,1,RIGHT,-0.3943765071604427,-0.474376507160443,0.5145810930150512,3.94735730932694,M0_V1,FROZEN_V1_CURVATURE_CONTINUITY,ACTIVE_OUTER,ACTIVE_OUTER,CURVATURE_CORRIDOR_CRITICAL,CONTINUITY_BIASED_SAFE_ANCHOR,M0_V1_ANALYTIC_PROBE_ROOT,1,1,1,1,0,0,0
VUE007,VALIDATION_SEEN_AFTER_V1,FROZEN_PRODUCTION_FAILURE,2,RIGHT,-0.3943765071604427,-0.474376507160443,0.5145810930150512,7.397546202396385,M0_V1,FROZEN_V1_CURVATURE_CONTINUITY,ACTIVE_OUTER,ACTIVE_OUTER,CURVATURE_CORRIDOR_CRITICAL,CONTINUITY_BIASED_SAFE_ANCHOR,M0_V1_ANALYTIC_PROBE_ROOT,1,1,1,1,0,0,0
VUE007,VALIDATION_SEEN_AFTER_V1,FROZEN_PRODUCTION_FAILURE,3,RIGHT,-0.3943765071604427,-0.47437650716044216,1.310934367577036,0.6049868191659147,M0_V1,FROZEN_V1_CURVATURE_CONTINUITY,ACTIVE_OUTER,ACTIVE_OUTER,CURVATURE_CORRIDOR_CRITICAL,CONTINUITY_BIASED_SAFE_ANCHOR,M0_V1_ANALYTIC_PROBE_ROOT,1,1,1,1,0,0,0
VUE007,VALIDATION_SEEN_AFTER_V1,FROZEN_PRODUCTION_FAILURE,4,RIGHT,-0.3943765071604427,-0.47437650716044216,1.310934367577036,3.94735730932694,M0_V1,FROZEN_V1_CURVATURE_CONTINUITY,ACTIVE_OUTER,ACTIVE_OUTER,CURVATURE_CORRIDOR_CRITICAL,CONTINUITY_BIASED_SAFE_ANCHOR,M0_V1_ANALYTIC_PROBE_ROOT,1,1,1,1,1,1,0
VUE007,VALIDATION_SEEN_AFTER_V1,FROZEN_PRODUCTION_FAILURE,5,RIGHT,-0.3943765071604427,-0.47437650716044216,1.310934367577036,7.397546202396385,M0_V1,FROZEN_V1_CURVATURE_CONTINUITY,ACTIVE_OUTER,ACTIVE_OUTER,CURVATURE_CORRIDOR_CRITICAL,CONTINUITY_BIASED_SAFE_ANCHOR,M0_V1_ANALYTIC_PROBE_ROOT,1,1,1,1,1,1,0
VUE007,VALIDATION_SEEN_AFTER_V1,FROZEN_PRODUCTION_FAILURE,6,RIGHT,-0.4059487492360608,-0.4059487492360608,0.5145810930150512,0.4971684162574945,M1,ZERO_BOUNDARY_SHORT,ZERO_INTERFACE,ZERO_INTERFACE,NONE,NONE,ZERO_INTERFACE_DIRECT_ANCHOR,1,1,1,1,0,0,0
VUE007,VALIDATION_SEEN_AFTER_V1,FROZEN_PRODUCTION_FAILURE,7,RIGHT,-0.4059487492360608,-0.4059487492360608,0.7136694116555473,0.4971684162574945,M1,ZERO_BOUNDARY_SPAN,ZERO_INTERFACE,ZERO_INTERFACE,NONE,NONE,ZERO_INTERFACE_DIRECT_ANCHOR,1,1,1,1,0,0,0
VUE007,VALIDATION_SEEN_AFTER_V1,FROZEN_PRODUCTION_FAILURE,8,RIGHT,-0.3943765071604427,-0.7646882535802204,1.310934367577036,7.397546202396385,M1,NEAR_LONG,ACTIVE_OUTER,ACTIVE_OUTER,CORRIDOR_BOTTLENECK,CORRIDOR_CENTER,ANALYTIC_ACTIVE_OUTER_ROOT,1,1,1,1,1,1,0
VUE008,VALIDATION_SEEN_AFTER_V1,FROZEN_PRODUCTION_FAILURE,0,RIGHT,-0.2728595180077562,-0.35285951800775683,0.5145810930150512,0.6049868191659147,M0_V1,FROZEN_V1_CURVATURE_CONTINUITY,ACTIVE_OUTER,ACTIVE_OUTER,CURVATURE_CORRIDOR_CRITICAL,CONTINUITY_BIASED_SAFE_ANCHOR,M0_V1_ANALYTIC_PROBE_ROOT,1,1,0,0,0,0,0
VUE008,VALIDATION_SEEN_AFTER_V1,FROZEN_PRODUCTION_FAILURE,1,RIGHT,-0.2728595180077562,-0.35285951800775683,0.5145810930150512,3.94735730932694,M0_V1,FROZEN_V1_CURVATURE_CONTINUITY,ACTIVE_OUTER,ACTIVE_OUTER,CURVATURE_CORRIDOR_CRITICAL,CONTINUITY_BIASED_SAFE_ANCHOR,M0_V1_ANALYTIC_PROBE_ROOT,1,1,0,0,0,0,0
VUE008,VALIDATION_SEEN_AFTER_V1,FROZEN_PRODUCTION_FAILURE,2,RIGHT,-0.2728595180077562,-0.35285951800775683,0.5145810930150512,7.397546202396385,M0_V1,FROZEN_V1_CURVATURE_CONTINUITY,ACTIVE_OUTER,ACTIVE_OUTER,CURVATURE_CORRIDOR_CRITICAL,CONTINUITY_BIASED_SAFE_ANCHOR,M0_V1_ANALYTIC_PROBE_ROOT,1,1,0,0,0,0,0
VUE008,VALIDATION_SEEN_AFTER_V1,FROZEN_PRODUCTION_FAILURE,3,RIGHT,-0.2728595180077562,-0.35285951800775495,1.310934367577036,0.6049868191659147,M0_V1,FROZEN_V1_CURVATURE_CONTINUITY,ACTIVE_OUTER,ACTIVE_OUTER,CURVATURE_CORRIDOR_CRITICAL,CONTINUITY_BIASED_SAFE_ANCHOR,M0_V1_ANALYTIC_PROBE_ROOT,1,1,0,0,1,1,0
VUE008,VALIDATION_SEEN_AFTER_V1,FROZEN_PRODUCTION_FAILURE,4,RIGHT,-0.2728595180077562,-0.35285951800775495,1.310934367577036,3.94735730932694,M0_V1,FROZEN_V1_CURVATURE_CONTINUITY,ACTIVE_OUTER,ACTIVE_OUTER,CURVATURE_CORRIDOR_CRITICAL,CONTINUITY_BIASED_SAFE_ANCHOR,M0_V1_ANALYTIC_PROBE_ROOT,1,1,0,0,1,1,0
VUE008,VALIDATION_SEEN_AFTER_V1,FROZEN_PRODUCTION_FAILURE,5,RIGHT,-0.2728595180077562,-0.35285951800775495,1.310934367577036,7.397546202396385,M0_V1,FROZEN_V1_CURVATURE_CONTINUITY,ACTIVE_OUTER,ACTIVE_OUTER,CURVATURE_CORRIDOR_CRITICAL,CONTINUITY_BIASED_SAFE_ANCHOR,M0_V1_ANALYTIC_PROBE_ROOT,1,1,0,0,0,0,0
VUE008,VALIDATION_SEEN_AFTER_V1,FROZEN_PRODUCTION_FAILURE,6,RIGHT,-0.27285951800775615,-0.7039297590038747,1.310934367577036,7.397546202396385,M1,NEAR_LONG,ACTIVE_OUTER,ACTIVE_OUTER,CORRIDOR_BOTTLENECK,CORRIDOR_CENTER,ANALYTIC_ACTIVE_OUTER_ROOT,1,1,0,0,0,0,0
VUE009,VALIDATION_SEEN_AFTER_V1,FROZEN_PRODUCTION_FAILURE,0,LEFT,0.48777300251491457,0.48777300251491457,0.5145810930150512,0.4971684162574945,M1,ZERO_BOUNDARY_SHORT,ZERO_INTERFACE,ZERO_INTERFACE,NONE,NONE,ZERO_INTERFACE_DIRECT_ANCHOR,1,1,1,0,1,0,0
VUE009,VALIDATION_SEEN_AFTER_V1,FROZEN_PRODUCTION_FAILURE,1,LEFT,0.48777300251491457,0.48777300251491457,0.7136694116555473,0.4971684162574945,M1,ZERO_BOUNDARY_SPAN,ZERO_INTERFACE,ZERO_INTERFACE,NONE,NONE,ZERO_INTERFACE_DIRECT_ANCHOR,1,1,1,0,0,0,0
VUE010,VALIDATION_SEEN_AFTER_V1,FROZEN_PRODUCTION_FAILURE,0,LEFT,0.49558557542665965,0.49558557542665965,0.5145810930150512,0.4971684162574945,M1,ZERO_BOUNDARY_SHORT,ZERO_INTERFACE,ZERO_INTERFACE,NONE,NONE,ZERO_INTERFACE_DIRECT_ANCHOR,1,1,0,0,0,0,0
VUE010,VALIDATION_SEEN_AFTER_V1,FROZEN_PRODUCTION_FAILURE,1,LEFT,0.49558557542665965,0.49558557542665965,0.7136694116555473,0.4971684162574945,M1,ZERO_BOUNDARY_SPAN,ZERO_INTERFACE,ZERO_INTERFACE,NONE,NONE,ZERO_INTERFACE_DIRECT_ANCHOR,1,1,0,0,0,0,0
VUE011,VALIDATION_SEEN_AFTER_V1,FROZEN_PRODUCTION_FAILURE,0,LEFT,0.16265625,0.16265625,0.5145810930150512,0.4971684162574945,M1,ZERO_BOUNDARY_SHORT,ZERO_INTERFACE,ZERO_INTERFACE,NONE,NONE,ZERO_INTERFACE_DIRECT_ANCHOR,1,1,1,0,1,0,0
VUE011,VALIDATION_SEEN_AFTER_V1,FROZEN_PRODUCTION_FAILURE,1,LEFT,0.16265625,0.16265625,0.7136694116555473,0.4971684162574945,M1,ZERO_BOUNDARY_SPAN,ZERO_INTERFACE,ZERO_INTERFACE,NONE,NONE,ZERO_INTERFACE_DIRECT_ANCHOR,1,1,1,0,1,0,0
VUE012,VALIDATION_SEEN_AFTER_V1,FROZEN_PRODUCTION_FAILURE,0,LEFT,0.4810794002273365,0.4810794002273365,0.5145810930150512,0.4971684162574945,M1,ZERO_BOUNDARY_SHORT,ZERO_INTERFACE,ZERO_INTERFACE,NONE,NONE,ZERO_INTERFACE_DIRECT_ANCHOR,1,1,0,0,0,0,0
VUE012,VALIDATION_SEEN_AFTER_V1,FROZEN_PRODUCTION_FAILURE,1,LEFT,0.4810794002273365,0.4810794002273365,0.7136694116555473,0.4971684162574945,M1,ZERO_BOUNDARY_SPAN,ZERO_INTERFACE,ZERO_INTERFACE,NONE,NONE,ZERO_INTERFACE_DIRECT_ANCHOR,1,1,0,0,0,0,0
VUE013,VALIDATION_SEEN_AFTER_V1,FROZEN_PRODUCTION_FAILURE,0,LEFT,0.24733680294608396,0.24775432529633706,0.5145810930150512,0.592352024720023,M0_V1,FROZEN_V1_CURVATURE_CONTINUITY,ACTIVE_OUTER,ACTIVE_OUTER,CURVATURE_CORRIDOR_CRITICAL,CONTINUITY_BIASED_SAFE_ANCHOR,M0_V1_ANALYTIC_PROBE_ROOT,1,0,0,0,0,0,0
VUE013,VALIDATION_SEEN_AFTER_V1,FROZEN_PRODUCTION_FAILURE,1,LEFT,0.24733680294608396,0.24775432529633706,0.5145810930150512,3.5430438870584053,M0_V1,FROZEN_V1_CURVATURE_CONTINUITY,ACTIVE_OUTER,ACTIVE_OUTER,CURVATURE_CORRIDOR_CRITICAL,CONTINUITY_BIASED_SAFE_ANCHOR,M0_V1_ANALYTIC_PROBE_ROOT,1,1,0,0,0,0,0
VUE013,VALIDATION_SEEN_AFTER_V1,FROZEN_PRODUCTION_FAILURE,2,LEFT,0.24733680294608396,0.24775432529633706,0.5145810930150512,6.588919357859316,M0_V1,FROZEN_V1_CURVATURE_CONTINUITY,ACTIVE_OUTER,ACTIVE_OUTER,CURVATURE_CORRIDOR_CRITICAL,CONTINUITY_BIASED_SAFE_ANCHOR,M0_V1_ANALYTIC_PROBE_ROOT,1,1,0,0,0,0,0
VUE013,VALIDATION_SEEN_AFTER_V1,FROZEN_PRODUCTION_FAILURE,3,LEFT,0.24733680294608396,0.24775432529633706,1.310934367577036,0.592352024720023,M0_V1,FROZEN_V1_CURVATURE_CONTINUITY,ACTIVE_OUTER,ACTIVE_OUTER,CURVATURE_CORRIDOR_CRITICAL,CONTINUITY_BIASED_SAFE_ANCHOR,M0_V1_ANALYTIC_PROBE_ROOT,1,1,0,0,0,0,0
VUE013,VALIDATION_SEEN_AFTER_V1,FROZEN_PRODUCTION_FAILURE,4,LEFT,0.24733680294608396,0.24775432529633706,1.310934367577036,3.5430438870584053,M0_V1,FROZEN_V1_CURVATURE_CONTINUITY,ACTIVE_OUTER,ACTIVE_OUTER,CURVATURE_CORRIDOR_CRITICAL,CONTINUITY_BIASED_SAFE_ANCHOR,M0_V1_ANALYTIC_PROBE_ROOT,1,1,0,0,0,0,0
VUE013,VALIDATION_SEEN_AFTER_V1,FROZEN_PRODUCTION_FAILURE,5,LEFT,0.24733680294608396,0.24775432529633706,1.310934367577036,6.588919357859316,M0_V1,FROZEN_V1_CURVATURE_CONTINUITY,ACTIVE_OUTER,ACTIVE_OUTER,CURVATURE_CORRIDOR_CRITICAL,CONTINUITY_BIASED_SAFE_ANCHOR,M0_V1_ANALYTIC_PROBE_ROOT,1,1,0,0,0,0,0
VUE013,VALIDATION_SEEN_AFTER_V1,FROZEN_PRODUCTION_FAILURE,6,LEFT,0.2588627904000514,0.2588627904000514,0.5145810930150512,0.4971684162574945,M1,ZERO_BOUNDARY_SHORT,ZERO_INTERFACE,ZERO_INTERFACE,NONE,NONE,ZERO_INTERFACE_DIRECT_ANCHOR,1,1,0,0,0,0,0
VUE013,VALIDATION_SEEN_AFTER_V1,FROZEN_PRODUCTION_FAILURE,7,LEFT,0.2588627904000514,0.2588627904000514,0.7136694116555473,0.4971684162574945,M1,ZERO_BOUNDARY_SPAN,ZERO_INTERFACE,ZERO_INTERFACE,NONE,NONE,ZERO_INTERFACE_DIRECT_ANCHOR,1,1,0,0,0,0,0
VUE014,VALIDATION_SEEN_AFTER_V1,FROZEN_PRODUCTION_FAILURE,0,LEFT,0.3107274075836244,0.3107274075836244,0.5145810930150512,0.4971684162574945,M1,ZERO_BOUNDARY_SHORT,ZERO_INTERFACE,ZERO_INTERFACE,NONE,NONE,ZERO_INTERFACE_DIRECT_ANCHOR,1,1,1,0,1,0,0
VUE014,VALIDATION_SEEN_AFTER_V1,FROZEN_PRODUCTION_FAILURE,1,LEFT,0.3107274075836244,0.3107274075836244,0.7136694116555473,0.4971684162574945,M1,ZERO_BOUNDARY_SPAN,ZERO_INTERFACE,ZERO_INTERFACE,NONE,NONE,ZERO_INTERFACE_DIRECT_ANCHOR,1,1,1,0,0,0,0
VUE015,VALIDATION_SEEN_AFTER_V1,FROZEN_PRODUCTION_FAILURE,0,LEFT,0.16265625,0.16265625,0.5145810930150512,0.4971684162574945,M1,ZERO_BOUNDARY_SHORT,ZERO_INTERFACE,ZERO_INTERFACE,NONE,NONE,ZERO_INTERFACE_DIRECT_ANCHOR,1,1,0,0,0,0,0
VUE015,VALIDATION_SEEN_AFTER_V1,FROZEN_PRODUCTION_FAILURE,1,LEFT,0.16265625,0.16265625,0.7136694116555473,0.4971684162574945,M1,ZERO_BOUNDARY_SPAN,ZERO_INTERFACE,ZERO_INTERFACE,NONE,NONE,ZERO_INTERFACE_DIRECT_ANCHOR,1,1,0,0,0,0,0
VUE016,VALIDATION_SEEN_AFTER_V1,FROZEN_PRODUCTION_FAILURE,0,LEFT,0.16578125,0.16578125,0.5145810930150512,0.4971684162574945,M1,ZERO_BOUNDARY_SHORT,ZERO_INTERFACE,ZERO_INTERFACE,NONE,NONE,ZERO_INTERFACE_DIRECT_ANCHOR,1,1,0,0,0,0,0
VUE016,VALIDATION_SEEN_AFTER_V1,FROZEN_PRODUCTION_FAILURE,1,LEFT,0.16578125,0.16578125,0.7136694116555473,0.4971684162574945,M1,ZERO_BOUNDARY_SPAN,ZERO_INTERFACE,ZERO_INTERFACE,NONE,NONE,ZERO_INTERFACE_DIRECT_ANCHOR,1,1,0,0,0,0,0
VUE016,VALIDATION_SEEN_AFTER_V1,FROZEN_PRODUCTION_FAILURE,2,LEFT,0.15,0.6400501599311013,1.310934367577036,6.478716076485357,M1,NEAR_LONG,ACTIVE_OUTER,ACTIVE_OUTER,CORRIDOR_BOTTLENECK,CORRIDOR_CENTER,ANALYTIC_ACTIVE_OUTER_ROOT,1,1,0,0,0,0,0
VUE017,VALIDATION_SEEN_AFTER_V1,FROZEN_PRODUCTION_FAILURE,0,RIGHT,-0.8234592515410035,-0.8234592515410035,0.5145810930150512,0.4971684162574945,M1,ZERO_BOUNDARY_SHORT,ZERO_INTERFACE,ZERO_INTERFACE,NONE,NONE,ZERO_INTERFACE_DIRECT_ANCHOR,1,1,0,0,0,0,0
VUE017,VALIDATION_SEEN_AFTER_V1,FROZEN_PRODUCTION_FAILURE,1,RIGHT,-0.8234592515410035,-0.8234592515410035,0.7136694116555473,0.4971684162574945,M1,ZERO_BOUNDARY_SPAN,ZERO_INTERFACE,ZERO_INTERFACE,NONE,NONE,ZERO_INTERFACE_DIRECT_ANCHOR,1,1,0,0,0,0,0
VUE018,VALIDATION_SEEN_AFTER_V1,FROZEN_PRODUCTION_FAILURE,0,RIGHT,-0.3332752826182175,-0.41327528261821755,0.5145810930150512,0.593401111722821,M0_V1,FROZEN_V1_CURVATURE_CONTINUITY,ACTIVE_OUTER,ACTIVE_OUTER,CURVATURE_CORRIDOR_CRITICAL,CONTINUITY_BIASED_SAFE_ANCHOR,M0_V1_ANALYTIC_PROBE_ROOT,1,0,1,1,0,0,0
VUE018,VALIDATION_SEEN_AFTER_V1,FROZEN_PRODUCTION_FAILURE,1,RIGHT,-0.3332752826182175,-0.41327528261821755,0.5145810930150512,3.5766146711479396,M0_V1,FROZEN_V1_CURVATURE_CONTINUITY,ACTIVE_OUTER,ACTIVE_OUTER,CURVATURE_CORRIDOR_CRITICAL,CONTINUITY_BIASED_SAFE_ANCHOR,M0_V1_ANALYTIC_PROBE_ROOT,1,1,1,1,0,0,0
VUE018,VALIDATION_SEEN_AFTER_V1,FROZEN_PRODUCTION_FAILURE,2,RIGHT,-0.3332752826182175,-0.41327528261821755,0.5145810930150512,6.656060926038385,M0_V1,FROZEN_V1_CURVATURE_CONTINUITY,ACTIVE_OUTER,ACTIVE_OUTER,CURVATURE_CORRIDOR_CRITICAL,CONTINUITY_BIASED_SAFE_ANCHOR,M0_V1_ANALYTIC_PROBE_ROOT,1,1,1,1,0,0,0
VUE018,VALIDATION_SEEN_AFTER_V1,FROZEN_PRODUCTION_FAILURE,3,RIGHT,-0.3332752826182175,-0.41327528261821705,1.310934367577036,0.593401111722821,M0_V1,FROZEN_V1_CURVATURE_CONTINUITY,ACTIVE_OUTER,ACTIVE_OUTER,CURVATURE_CORRIDOR_CRITICAL,CONTINUITY_BIASED_SAFE_ANCHOR,M0_V1_ANALYTIC_PROBE_ROOT,1,1,1,1,1,1,0
VUE018,VALIDATION_SEEN_AFTER_V1,FROZEN_PRODUCTION_FAILURE,4,RIGHT,-0.3332752826182175,-0.41327528261821705,1.310934367577036,3.5766146711479396,M0_V1,FROZEN_V1_CURVATURE_CONTINUITY,ACTIVE_OUTER,ACTIVE_OUTER,CURVATURE_CORRIDOR_CRITICAL,CONTINUITY_BIASED_SAFE_ANCHOR,M0_V1_ANALYTIC_PROBE_ROOT,1,1,1,1,0,0,0
VUE018,VALIDATION_SEEN_AFTER_V1,FROZEN_PRODUCTION_FAILURE,5,RIGHT,-0.3332752826182175,-0.41327528261821705,1.310934367577036,6.656060926038385,M0_V1,FROZEN_V1_CURVATURE_CONTINUITY,ACTIVE_OUTER,ACTIVE_OUTER,CURVATURE_CORRIDOR_CRITICAL,CONTINUITY_BIASED_SAFE_ANCHOR,M0_V1_ANALYTIC_PROBE_ROOT,1,1,1,1,0,0,0
VUE018,VALIDATION_SEEN_AFTER_V1,FROZEN_PRODUCTION_FAILURE,6,RIGHT,-0.33720848132730785,-0.33720848132730785,0.5145810930150512,0.4971684162574945,M1,ZERO_BOUNDARY_SHORT,ZERO_INTERFACE,ZERO_INTERFACE,NONE,NONE,ZERO_INTERFACE_DIRECT_ANCHOR,1,1,1,1,0,0,0
VUE018,VALIDATION_SEEN_AFTER_V1,FROZEN_PRODUCTION_FAILURE,7,RIGHT,-0.33720848132730785,-0.33720848132730785,0.7136694116555473,0.4971684162574945,M1,ZERO_BOUNDARY_SPAN,ZERO_INTERFACE,ZERO_INTERFACE,NONE,NONE,ZERO_INTERFACE_DIRECT_ANCHOR,1,1,1,1,0,0,0
VUE018,VALIDATION_SEEN_AFTER_V1,FROZEN_PRODUCTION_FAILURE,8,RIGHT,-0.3332752826182175,-0.4591376413091081,1.310934367577036,6.656060926038385,M1,NEAR_LONG,ACTIVE_OUTER,ACTIVE_OUTER,CORRIDOR_BOTTLENECK,CORRIDOR_CENTER,ANALYTIC_ACTIVE_OUTER_ROOT,1,1,1,1,0,0,0
VUE019,VALIDATION_SEEN_AFTER_V1,FROZEN_PRODUCTION_FAILURE,0,RIGHT,-0.15000000000000002,-0.1500000000000004,0.5145810930150512,0.5892582655298638,M0_V1,FROZEN_V1_CURVATURE_CONTINUITY,ACTIVE_OUTER,ACTIVE_OUTER,CURVATURE_CORRIDOR_CRITICAL,CONTINUITY_BIASED_SAFE_ANCHOR,M0_V1_ANALYTIC_PROBE_ROOT,1,0,0,0,0,0,0
VUE019,VALIDATION_SEEN_AFTER_V1,FROZEN_PRODUCTION_FAILURE,1,RIGHT,-0.15000000000000002,-0.1500000000000004,0.5145810930150512,3.4440435929733133,M0_V1,FROZEN_V1_CURVATURE_CONTINUITY,ACTIVE_OUTER,ACTIVE_OUTER,CURVATURE_CORRIDOR_CRITICAL,CONTINUITY_BIASED_SAFE_ANCHOR,M0_V1_ANALYTIC_PROBE_ROOT,1,0,0,0,0,0,0
VUE019,VALIDATION_SEEN_AFTER_V1,FROZEN_PRODUCTION_FAILURE,2,RIGHT,-0.15000000000000002,-0.1500000000000004,0.5145810930150512,6.390918769689132,M0_V1,FROZEN_V1_CURVATURE_CONTINUITY,ACTIVE_OUTER,ACTIVE_OUTER,CURVATURE_CORRIDOR_CRITICAL,CONTINUITY_BIASED_SAFE_ANCHOR,M0_V1_ANALYTIC_PROBE_ROOT,1,0,0,0,0,0,0
VUE019,VALIDATION_SEEN_AFTER_V1,FROZEN_PRODUCTION_FAILURE,3,RIGHT,-0.15000000000000002,-0.15000000000000124,1.310934367577036,0.5892582655298638,M0_V1,FROZEN_V1_CURVATURE_CONTINUITY,ACTIVE_OUTER,ACTIVE_OUTER,CURVATURE_CORRIDOR_CRITICAL,CONTINUITY_BIASED_SAFE_ANCHOR,M0_V1_ANALYTIC_PROBE_ROOT,1,1,0,0,0,0,0
VUE019,VALIDATION_SEEN_AFTER_V1,FROZEN_PRODUCTION_FAILURE,4,RIGHT,-0.15000000000000002,-0.15000000000000124,1.310934367577036,3.4440435929733133,M0_V1,FROZEN_V1_CURVATURE_CONTINUITY,ACTIVE_OUTER,ACTIVE_OUTER,CURVATURE_CORRIDOR_CRITICAL,CONTINUITY_BIASED_SAFE_ANCHOR,M0_V1_ANALYTIC_PROBE_ROOT,1,0,0,0,0,0,0
VUE019,VALIDATION_SEEN_AFTER_V1,FROZEN_PRODUCTION_FAILURE,5,RIGHT,-0.15000000000000002,-0.15000000000000124,1.310934367577036,6.390918769689132,M0_V1,FROZEN_V1_CURVATURE_CONTINUITY,ACTIVE_OUTER,ACTIVE_OUTER,CURVATURE_CORRIDOR_CRITICAL,CONTINUITY_BIASED_SAFE_ANCHOR,M0_V1_ANALYTIC_PROBE_ROOT,1,0,0,0,0,0,0
VUE019,VALIDATION_SEEN_AFTER_V1,FROZEN_PRODUCTION_FAILURE,6,LEFT,0.5290866054984639,0.6090866054984645,0.5145810930150512,0.6049868191659147,M0_V1,FROZEN_V1_CURVATURE_CONTINUITY,ACTIVE_OUTER,ACTIVE_OUTER,CURVATURE_CORRIDOR_CRITICAL,CONTINUITY_BIASED_SAFE_ANCHOR,M0_V1_ANALYTIC_PROBE_ROOT,1,0,0,0,0,0,0
VUE019,VALIDATION_SEEN_AFTER_V1,FROZEN_PRODUCTION_FAILURE,7,LEFT,0.5290866054984639,0.6090866054984645,0.5145810930150512,3.94735730932694,M0_V1,FROZEN_V1_CURVATURE_CONTINUITY,ACTIVE_OUTER,ACTIVE_OUTER,CURVATURE_CORRIDOR_CRITICAL,CONTINUITY_BIASED_SAFE_ANCHOR,M0_V1_ANALYTIC_PROBE_ROOT,1,1,0,0,0,0,0
VUE019,VALIDATION_SEEN_AFTER_V1,FROZEN_PRODUCTION_FAILURE,8,LEFT,0.5290866054984639,0.6090866054984645,0.5145810930150512,7.397546202396385,M0_V1,FROZEN_V1_CURVATURE_CONTINUITY,ACTIVE_OUTER,ACTIVE_OUTER,CURVATURE_CORRIDOR_CRITICAL,CONTINUITY_BIASED_SAFE_ANCHOR,M0_V1_ANALYTIC_PROBE_ROOT,1,1,0,0,0,0,0
VUE019,VALIDATION_SEEN_AFTER_V1,FROZEN_PRODUCTION_FAILURE,9,LEFT,0.5290866054984639,0.6090866054984634,1.310934367577036,0.6049868191659147,M0_V1,FROZEN_V1_CURVATURE_CONTINUITY,ACTIVE_OUTER,ACTIVE_OUTER,CURVATURE_CORRIDOR_CRITICAL,CONTINUITY_BIASED_SAFE_ANCHOR,M0_V1_ANALYTIC_PROBE_ROOT,1,0,0,0,0,0,0
VUE019,VALIDATION_SEEN_AFTER_V1,FROZEN_PRODUCTION_FAILURE,10,LEFT,0.5290866054984639,0.6090866054984634,1.310934367577036,3.94735730932694,M0_V1,FROZEN_V1_CURVATURE_CONTINUITY,ACTIVE_OUTER,ACTIVE_OUTER,CURVATURE_CORRIDOR_CRITICAL,CONTINUITY_BIASED_SAFE_ANCHOR,M0_V1_ANALYTIC_PROBE_ROOT,1,1,0,0,0,0,0
VUE019,VALIDATION_SEEN_AFTER_V1,FROZEN_PRODUCTION_FAILURE,11,LEFT,0.5290866054984639,0.6090866054984634,1.310934367577036,7.397546202396385,M0_V1,FROZEN_V1_CURVATURE_CONTINUITY,ACTIVE_OUTER,ACTIVE_OUTER,CURVATURE_CORRIDOR_CRITICAL,CONTINUITY_BIASED_SAFE_ANCHOR,M0_V1_ANALYTIC_PROBE_ROOT,1,1,0,0,0,0,0
VUE019,VALIDATION_SEEN_AFTER_V1,FROZEN_PRODUCTION_FAILURE,12,RIGHT,-0.1585546875,-0.1585546875,1.310934367577036,0.5892582655298638,M0_V2,ZERO_INTERFACE_BOUNDARY_INSET,ZERO_INTERFACE,ZERO_INTERFACE,NONE,NONE,ZERO_INTERFACE_DIRECT_ANCHOR,1,1,0,0,0,0,0
VUE019,VALIDATION_SEEN_AFTER_V1,FROZEN_PRODUCTION_FAILURE,13,RIGHT,-0.286875,-0.286875,1.310934367577036,6.390918769689132,M0_V2,ZERO_INTERFACE_QUARTER_LONG_EXIT,ZERO_INTERFACE,ZERO_INTERFACE,NONE,NONE,ZERO_INTERFACE_DIRECT_ANCHOR,1,0,0,0,0,0,0
VUE019,VALIDATION_SEEN_AFTER_V1,FROZEN_PRODUCTION_FAILURE,14,RIGHT,-0.42375,-0.42375,1.310934367577036,6.390918769689132,M0_V2,ZERO_INTERFACE_CENTER_LONG_EXIT,ZERO_INTERFACE,ZERO_INTERFACE,NONE,NONE,ZERO_INTERFACE_DIRECT_ANCHOR,1,0,0,0,0,0,0
VUE019,VALIDATION_SEEN_AFTER_V1,FROZEN_PRODUCTION_FAILURE,15,RIGHT,-0.286875,-0.286875,0.7136694116555473,1.970606004615404,M0_V2,ZERO_INTERFACE_QUARTER_SCALE,ZERO_INTERFACE,ZERO_INTERFACE,NONE,NONE,ZERO_INTERFACE_DIRECT_ANCHOR,1,0,0,0,0,0,0
VUE019,VALIDATION_SEEN_AFTER_V1,FROZEN_PRODUCTION_FAILURE,16,RIGHT,-0.15000000000000002,-0.3578506641935132,0.7136694116555473,1.970606004615404,M0_V2,BRANCH_AWARE_ANALYTIC_ROOT,ACTIVE_OUTER,ACTIVE_OUTER,CORRIDOR_BOTTLENECK,CORRIDOR_CENTER,ANALYTIC_ACTIVE_OUTER_ROOT,1,0,0,0,0,0,0
VUE019,VALIDATION_SEEN_AFTER_V1,FROZEN_PRODUCTION_FAILURE,17,LEFT,0.5326946272875503,0.5326946272875503,1.310934367577036,0.6049868191659147,M0_V2,ZERO_INTERFACE_BOUNDARY_INSET,ZERO_INTERFACE,ZERO_INTERFACE,NONE,NONE,ZERO_INTERFACE_DIRECT_ANCHOR,1,0,0,0,0,0,0
VUE019,VALIDATION_SEEN_AFTER_V1,FROZEN_PRODUCTION_FAILURE,18,LEFT,0.5868149541238479,0.5868149541238479,1.310934367577036,7.397546202396385,M0_V2,ZERO_INTERFACE_QUARTER_LONG_EXIT,ZERO_INTERFACE,ZERO_INTERFACE,NONE,NONE,ZERO_INTERFACE_DIRECT_ANCHOR,1,1,0,0,0,0,0
VUE019,VALIDATION_SEEN_AFTER_V1,FROZEN_PRODUCTION_FAILURE,19,LEFT,0.644543302749232,0.644543302749232,1.310934367577036,7.397546202396385,M0_V2,ZERO_INTERFACE_CENTER_LONG_EXIT,ZERO_INTERFACE,ZERO_INTERFACE,NONE,NONE,ZERO_INTERFACE_DIRECT_ANCHOR,1,1,0,0,0,0,0
VUE019,VALIDATION_SEEN_AFTER_V1,FROZEN_PRODUCTION_FAILURE,20,LEFT,0.5868149541238479,0.5868149541238479,0.7136694116555473,2.222262862792217,M0_V2,ZERO_INTERFACE_QUARTER_SCALE,ZERO_INTERFACE,ZERO_INTERFACE,NONE,NONE,ZERO_INTERFACE_DIRECT_ANCHOR,1,0,0,0,0,0,0
VUE019,VALIDATION_SEEN_AFTER_V1,FROZEN_PRODUCTION_FAILURE,21,LEFT,0.5290866054984639,0.6487300901323022,0.7136694116555473,2.222262862792217,M0_V2,BRANCH_AWARE_ANALYTIC_ROOT,ACTIVE_OUTER,ACTIVE_OUTER,CORRIDOR_BOTTLENECK,CORRIDOR_CENTER,ANALYTIC_ACTIVE_OUTER_ROOT,1,0,0,0,0,0,0
VUE019,VALIDATION_SEEN_AFTER_V1,FROZEN_PRODUCTION_FAILURE,22,RIGHT,-0.15855468749999999,-0.15855468749999999,0.5145810930150512,0.4971684162574945,M1,ZERO_BOUNDARY_SHORT,ZERO_INTERFACE,ZERO_INTERFACE,NONE,NONE,ZERO_INTERFACE_DIRECT_ANCHOR,1,1,0,0,0,0,0
VUE019,VALIDATION_SEEN_AFTER_V1,FROZEN_PRODUCTION_FAILURE,23,LEFT,0.5326946272875503,0.5326946272875503,0.5145810930150512,0.4971684162574945,M1,ZERO_BOUNDARY_SHORT,ZERO_INTERFACE,ZERO_INTERFACE,NONE,NONE,ZERO_INTERFACE_DIRECT_ANCHOR,1,1,0,0,0,0,0
VUE019,VALIDATION_SEEN_AFTER_V1,FROZEN_PRODUCTION_FAILURE,24,RIGHT,-0.15855468749999999,-0.15855468749999999,0.7136694116555473,0.4971684162574945,M1,ZERO_BOUNDARY_SPAN,ZERO_INTERFACE,ZERO_INTERFACE,NONE,NONE,ZERO_INTERFACE_DIRECT_ANCHOR,1,1,0,0,0,0,0
VUE019,VALIDATION_SEEN_AFTER_V1,FROZEN_PRODUCTION_FAILURE,25,LEFT,0.5326946272875503,0.5326946272875503,0.7136694116555473,0.4971684162574945,M1,ZERO_BOUNDARY_SPAN,ZERO_INTERFACE,ZERO_INTERFACE,NONE,NONE,ZERO_INTERFACE_DIRECT_ANCHOR,1,1,0,0,0,0,0
VUE019,VALIDATION_SEEN_AFTER_V1,FROZEN_PRODUCTION_FAILURE,26,RIGHT,-0.15,-0.3583496357295656,1.310934367577036,6.390918769689132,M1,NEAR_LONG,ACTIVE_OUTER,ACTIVE_OUTER,CORRIDOR_BOTTLENECK,CORRIDOR_CENTER,ANALYTIC_ACTIVE_OUTER_ROOT,1,0,0,0,0,0,0
VUE019,VALIDATION_SEEN_AFTER_V1,FROZEN_PRODUCTION_FAILURE,27,LEFT,0.5290866054984639,0.6488485494370345,1.310934367577036,7.397546202396385,M1,NEAR_LONG,ACTIVE_OUTER,ACTIVE_OUTER,CORRIDOR_BOTTLENECK,CORRIDOR_CENTER,ANALYTIC_ACTIVE_OUTER_ROOT,1,1,0,0,0,0,0
VUE019,VALIDATION_SEEN_AFTER_V1,FROZEN_PRODUCTION_FAILURE,28,RIGHT,-0.6975,-0.33809299668317344,0.7136694116555473,0.4971684162574945,M1,FAR_SPAN,ALL_INACTIVE,ALL_INACTIVE,CORRIDOR_BOTTLENECK,CORRIDOR_CENTER,ANALYTIC_ALL_INACTIVE_ROOT,1,1,0,0,0,0,0
VUE019,VALIDATION_SEEN_AFTER_V1,FROZEN_PRODUCTION_FAILURE,29,LEFT,0.76,0.6401662382228251,0.7136694116555473,0.4971684162574945,M1,FAR_SPAN,ALL_INACTIVE,ALL_INACTIVE,CORRIDOR_BOTTLENECK,CORRIDOR_CENTER,ANALYTIC_ALL_INACTIVE_ROOT,1,1,0,0,0,0,0
VUE020,VALIDATION_SEEN_AFTER_V1,FROZEN_PRODUCTION_FAILURE,0,LEFT,0.40575544638207595,0.40575544638207595,0.5145810930150512,0.4971684162574945,M1,ZERO_BOUNDARY_SHORT,ZERO_INTERFACE,ZERO_INTERFACE,NONE,NONE,ZERO_INTERFACE_DIRECT_ANCHOR,1,1,1,1,1,1,0
VUE020,VALIDATION_SEEN_AFTER_V1,FROZEN_PRODUCTION_FAILURE,1,LEFT,0.40575544638207595,0.40575544638207595,0.7136694116555473,0.4971684162574945,M1,ZERO_BOUNDARY_SPAN,ZERO_INTERFACE,ZERO_INTERFACE,NONE,NONE,ZERO_INTERFACE_DIRECT_ANCHOR,1,1,1,1,0,0,0
VUE021,VALIDATION_SEEN_AFTER_V1,FROZEN_PRODUCTION_FAILURE,0,LEFT,0.15,0.15006272456938857,0.5145810930150512,0.6049868191659147,M0_V1,FROZEN_V1_CURVATURE_CONTINUITY,ACTIVE_OUTER,ACTIVE_OUTER,CURVATURE_CORRIDOR_CRITICAL,CONTINUITY_BIASED_SAFE_ANCHOR,M0_V1_ANALYTIC_PROBE_ROOT,1,0,0,0,0,0,0
VUE021,VALIDATION_SEEN_AFTER_V1,FROZEN_PRODUCTION_FAILURE,1,LEFT,0.15,0.15000091096038645,0.5145810930150512,3.94735730932694,M0_V1,FROZEN_V1_CURVATURE_CONTINUITY,ACTIVE_OUTER,ACTIVE_OUTER,CURVATURE_CORRIDOR_CRITICAL,CONTINUITY_BIASED_SAFE_ANCHOR,M0_V1_ANALYTIC_PROBE_ROOT,1,1,0,0,0,0,0
VUE021,VALIDATION_SEEN_AFTER_V1,FROZEN_PRODUCTION_FAILURE,2,LEFT,0.15,0.150000175845482,0.5145810930150512,7.397546202396385,M0_V1,FROZEN_V1_CURVATURE_CONTINUITY,ACTIVE_OUTER,ACTIVE_OUTER,CURVATURE_CORRIDOR_CRITICAL,CONTINUITY_BIASED_SAFE_ANCHOR,M0_V1_ANALYTIC_PROBE_ROOT,1,1,0,0,0,0,0
VUE021,VALIDATION_SEEN_AFTER_V1,FROZEN_PRODUCTION_FAILURE,3,LEFT,0.15,0.15006272456938857,1.310934367577036,0.6049868191659147,M0_V1,FROZEN_V1_CURVATURE_CONTINUITY,ACTIVE_OUTER,ACTIVE_OUTER,CURVATURE_CORRIDOR_CRITICAL,CONTINUITY_BIASED_SAFE_ANCHOR,M0_V1_ANALYTIC_PROBE_ROOT,1,0,0,0,0,0,0
VUE021,VALIDATION_SEEN_AFTER_V1,FROZEN_PRODUCTION_FAILURE,4,LEFT,0.15,0.15000091096038645,1.310934367577036,3.94735730932694,M0_V1,FROZEN_V1_CURVATURE_CONTINUITY,ACTIVE_OUTER,ACTIVE_OUTER,CURVATURE_CORRIDOR_CRITICAL,CONTINUITY_BIASED_SAFE_ANCHOR,M0_V1_ANALYTIC_PROBE_ROOT,1,1,0,0,0,0,0
VUE021,VALIDATION_SEEN_AFTER_V1,FROZEN_PRODUCTION_FAILURE,5,LEFT,0.15,0.150000175845482,1.310934367577036,7.397546202396385,M0_V1,FROZEN_V1_CURVATURE_CONTINUITY,ACTIVE_OUTER,ACTIVE_OUTER,CURVATURE_CORRIDOR_CRITICAL,CONTINUITY_BIASED_SAFE_ANCHOR,M0_V1_ANALYTIC_PROBE_ROOT,1,1,0,0,0,0,0
VUE021,VALIDATION_SEEN_AFTER_V1,FROZEN_PRODUCTION_FAILURE,6,RIGHT,-0.6561736249875013,-0.6561736249875013,1.310934367577036,0.5893538927578139,M0_V2,ZERO_INTERFACE_BOUNDARY_INSET,ZERO_INTERFACE,ZERO_INTERFACE,NONE,NONE,ZERO_INTERFACE_DIRECT_ANCHOR,1,1,0,0,0,0,0
VUE021,VALIDATION_SEEN_AFTER_V1,FROZEN_PRODUCTION_FAILURE,7,RIGHT,-0.6838703809428581,-0.6838703809428581,1.310934367577036,6.397038912277933,M0_V2,ZERO_INTERFACE_QUARTER_LONG_EXIT,ZERO_INTERFACE,ZERO_INTERFACE,NONE,NONE,ZERO_INTERFACE_DIRECT_ANCHOR,1,0,0,0,0,0,0
VUE021,VALIDATION_SEEN_AFTER_V1,FROZEN_PRODUCTION_FAILURE,8,RIGHT,-0.7134135872952387,-0.7134135872952387,1.310934367577036,6.397038912277933,M0_V2,ZERO_INTERFACE_CENTER_LONG_EXIT,ZERO_INTERFACE,ZERO_INTERFACE,NONE,NONE,ZERO_INTERFACE_DIRECT_ANCHOR,1,0,0,0,0,0,0
VUE021,VALIDATION_SEEN_AFTER_V1,FROZEN_PRODUCTION_FAILURE,9,RIGHT,-0.6838703809428581,-0.6838703809428581,0.7136694116555473,1.9721360402626043,M0_V2,ZERO_INTERFACE_QUARTER_SCALE,ZERO_INTERFACE,ZERO_INTERFACE,NONE,NONE,ZERO_INTERFACE_DIRECT_ANCHOR,1,0,0,0,0,0,0
VUE021,VALIDATION_SEEN_AFTER_V1,FROZEN_PRODUCTION_FAILURE,10,LEFT,0.1663671875,0.1663671875,1.310934367577036,0.6049868191659147,M0_V2,ZERO_INTERFACE_BOUNDARY_INSET,ZERO_INTERFACE,ZERO_INTERFACE,NONE,NONE,ZERO_INTERFACE_DIRECT_ANCHOR,1,0,0,0,0,0,0
VUE021,VALIDATION_SEEN_AFTER_V1,FROZEN_PRODUCTION_FAILURE,11,LEFT,0.386875,0.386875,1.310934367577036,7.397546202396385,M0_V2,ZERO_INTERFACE_QUARTER_LONG_EXIT,ZERO_INTERFACE,ZERO_INTERFACE,NONE,NONE,ZERO_INTERFACE_DIRECT_ANCHOR,1,1,0,0,0,0,0
VUE021,VALIDATION_SEEN_AFTER_V1,FROZEN_PRODUCTION_FAILURE,12,LEFT,0.62375,0.62375,1.310934367577036,7.397546202396385,M0_V2,ZERO_INTERFACE_CENTER_LONG_EXIT,ZERO_INTERFACE,ZERO_INTERFACE,NONE,NONE,ZERO_INTERFACE_DIRECT_ANCHOR,1,1,0,0,0,0,0
VUE021,VALIDATION_SEEN_AFTER_V1,FROZEN_PRODUCTION_FAILURE,13,LEFT,0.386875,0.386875,0.7136694116555473,2.222262862792217,M0_V2,ZERO_INTERFACE_QUARTER_SCALE,ZERO_INTERFACE,ZERO_INTERFACE,NONE,NONE,ZERO_INTERFACE_DIRECT_ANCHOR,1,0,0,0,0,0,0
VUE021,VALIDATION_SEEN_AFTER_V1,FROZEN_PRODUCTION_FAILURE,14,LEFT,0.15,0.814143283529061,0.7136694116555473,2.222262862792217,M0_V2,BRANCH_AWARE_ANALYTIC_ROOT,ACTIVE_OUTER,ACTIVE_OUTER,CORRIDOR_BOTTLENECK,CORRIDOR_CENTER,ANALYTIC_ACTIVE_OUTER_ROOT,1,0,0,0,0,0,0
VUE021,VALIDATION_SEEN_AFTER_V1,FROZEN_PRODUCTION_FAILURE,15,RIGHT,-0.6561736249875013,-0.6561736249875013,0.5145810930150512,0.4971684162574945,M1,ZERO_BOUNDARY_SHORT,ZERO_INTERFACE,ZERO_INTERFACE,NONE,NONE,ZERO_INTERFACE_DIRECT_ANCHOR,1,1,0,0,0,0,0
VUE021,VALIDATION_SEEN_AFTER_V1,FROZEN_PRODUCTION_FAILURE,16,LEFT,0.1663671875,0.1663671875,0.5145810930150512,0.4971684162574945,M1,ZERO_BOUNDARY_SHORT,ZERO_INTERFACE,ZERO_INTERFACE,NONE,NONE,ZERO_INTERFACE_DIRECT_ANCHOR,1,1,0,0,0,0,0
VUE021,VALIDATION_SEEN_AFTER_V1,FROZEN_PRODUCTION_FAILURE,17,RIGHT,-0.6561736249875013,-0.6561736249875013,0.7136694116555473,0.4971684162574945,M1,ZERO_BOUNDARY_SPAN,ZERO_INTERFACE,ZERO_INTERFACE,NONE,NONE,ZERO_INTERFACE_DIRECT_ANCHOR,1,1,0,0,0,0,0
VUE021,VALIDATION_SEEN_AFTER_V1,FROZEN_PRODUCTION_FAILURE,18,LEFT,0.1663671875,0.1663671875,0.7136694116555473,0.4971684162574945,M1,ZERO_BOUNDARY_SPAN,ZERO_INTERFACE,ZERO_INTERFACE,NONE,NONE,ZERO_INTERFACE_DIRECT_ANCHOR,1,1,0,0,0,0,0
VUE021,VALIDATION_SEEN_AFTER_V1,FROZEN_PRODUCTION_FAILURE,19,LEFT,0.15,0.8606827552104884,1.310934367577036,7.397546202396385,M1,NEAR_LONG,ACTIVE_OUTER,ACTIVE_OUTER,CORRIDOR_BOTTLENECK,CORRIDOR_CENTER,ANALYTIC_ACTIVE_OUTER_ROOT,1,1,0,0,0,0,0
VUE021,VALIDATION_SEEN_AFTER_V1,FROZEN_PRODUCTION_FAILURE,20,RIGHT,-0.7725,-0.6745499624213583,0.7136694116555473,0.4971684162574945,M1,FAR_SPAN,ALL_INACTIVE,ALL_INACTIVE,CORRIDOR_BOTTLENECK,CORRIDOR_CENTER,ANALYTIC_ALL_INACTIVE_ROOT,1,1,0,0,0,0,0
VUE022,VALIDATION_SEEN_AFTER_V1,FROZEN_PRODUCTION_FAILURE,0,RIGHT,-0.5773037098672129,-0.5773037098672129,1.310934367577036,0.6049868191659147,M0_V2,ZERO_INTERFACE_BOUNDARY_INSET,ZERO_INTERFACE,ZERO_INTERFACE,NONE,NONE,ZERO_INTERFACE_DIRECT_ANCHOR,1,1,0,0,0,0,0
VUE022,VALIDATION_SEEN_AFTER_V1,FROZEN_PRODUCTION_FAILURE,1,RIGHT,-0.5880647313274003,-0.5880647313274003,1.310934367577036,7.397546202396385,M0_V2,ZERO_INTERFACE_QUARTER_LONG_EXIT,ZERO_INTERFACE,ZERO_INTERFACE,NONE,NONE,ZERO_INTERFACE_DIRECT_ANCHOR,1,1,0,0,0,0,0
VUE022,VALIDATION_SEEN_AFTER_V1,FROZEN_PRODUCTION_FAILURE,2,RIGHT,-0.599543154218267,-0.599543154218267,1.310934367577036,7.397546202396385,M0_V2,ZERO_INTERFACE_CENTER_LONG_EXIT,ZERO_INTERFACE,ZERO_INTERFACE,NONE,NONE,ZERO_INTERFACE_DIRECT_ANCHOR,1,1,0,0,0,0,0
VUE022,VALIDATION_SEEN_AFTER_V1,FROZEN_PRODUCTION_FAILURE,3,RIGHT,-0.5880647313274003,-0.5880647313274003,0.7136694116555473,2.222262862792217,M0_V2,ZERO_INTERFACE_QUARTER_SCALE,ZERO_INTERFACE,ZERO_INTERFACE,NONE,NONE,ZERO_INTERFACE_DIRECT_ANCHOR,1,1,0,0,0,0,0
VUE022,VALIDATION_SEEN_AFTER_V1,FROZEN_PRODUCTION_FAILURE,4,RIGHT,-0.5773037098672129,-0.5773037098672129,0.5145810930150512,0.4971684162574945,M1,ZERO_BOUNDARY_SHORT,ZERO_INTERFACE,ZERO_INTERFACE,NONE,NONE,ZERO_INTERFACE_DIRECT_ANCHOR,1,1,0,0,0,0,0
VUE022,VALIDATION_SEEN_AFTER_V1,FROZEN_PRODUCTION_FAILURE,5,RIGHT,-0.5773037098672129,-0.5773037098672129,0.7136694116555473,0.4971684162574945,M1,ZERO_BOUNDARY_SPAN,ZERO_INTERFACE,ZERO_INTERFACE,NONE,NONE,ZERO_INTERFACE_DIRECT_ANCHOR,1,1,0,0,0,0,0
VUE023,VALIDATION_SEEN_AFTER_V1,FROZEN_PRODUCTION_FAILURE,0,RIGHT,-0.3418345568903602,-0.3418345568903602,0.5145810930150512,0.4971684162574945,M1,ZERO_BOUNDARY_SHORT,ZERO_INTERFACE,ZERO_INTERFACE,NONE,NONE,ZERO_INTERFACE_DIRECT_ANCHOR,1,1,1,1,1,1,0
VUE023,VALIDATION_SEEN_AFTER_V1,FROZEN_PRODUCTION_FAILURE,1,RIGHT,-0.3418345568903602,-0.3418345568903602,0.7136694116555473,0.4971684162574945,M1,ZERO_BOUNDARY_SPAN,ZERO_INTERFACE,ZERO_INTERFACE,NONE,NONE,ZERO_INTERFACE_DIRECT_ANCHOR,1,1,1,1,0,0,0
VUE024,VALIDATION_SEEN_AFTER_V1,FROZEN_PRODUCTION_FAILURE,0,RIGHT,-0.3418345568903602,-0.3418345568903602,0.5145810930150512,0.4971684162574945,M1,ZERO_BOUNDARY_SHORT,ZERO_INTERFACE,ZERO_INTERFACE,NONE,NONE,ZERO_INTERFACE_DIRECT_ANCHOR,1,1,1,1,1,1,0
VUE024,VALIDATION_SEEN_AFTER_V1,FROZEN_PRODUCTION_FAILURE,1,RIGHT,-0.3418345568903602,-0.3418345568903602,0.7136694116555473,0.4971684162574945,M1,ZERO_BOUNDARY_SPAN,ZERO_INTERFACE,ZERO_INTERFACE,NONE,NONE,ZERO_INTERFACE_DIRECT_ANCHOR,1,1,1,1,0,0,0
VUE025,VALIDATION_SEEN_AFTER_V1,FROZEN_PRODUCTION_FAILURE,0,LEFT,0.15,0.15000017379215447,0.5145810930150512,0.592097145373245,M0_V1,FROZEN_V1_CURVATURE_CONTINUITY,ACTIVE_OUTER,ACTIVE_OUTER,CURVATURE_CORRIDOR_CRITICAL,CONTINUITY_BIASED_SAFE_ANCHOR,M0_V1_ANALYTIC_PROBE_ROOT,1,0,1,1,0,0,0
VUE025,VALIDATION_SEEN_AFTER_V1,FROZEN_PRODUCTION_FAILURE,1,LEFT,0.15,0.15000000440163544,0.5145810930150512,3.534887747961509,M0_V1,FROZEN_V1_CURVATURE_CONTINUITY,ACTIVE_OUTER,ACTIVE_OUTER,CURVATURE_CORRIDOR_CRITICAL,CONTINUITY_BIASED_SAFE_ANCHOR,M0_V1_ANALYTIC_PROBE_ROOT,1,1,1,1,1,1,0
VUE025,VALIDATION_SEEN_AFTER_V1,FROZEN_PRODUCTION_FAILURE,2,LEFT,0.15,0.15000000112165163,0.5145810930150512,6.572607079665524,M0_V1,FROZEN_V1_CURVATURE_CONTINUITY,ACTIVE_OUTER,ACTIVE_OUTER,CURVATURE_CORRIDOR_CRITICAL,CONTINUITY_BIASED_SAFE_ANCHOR,M0_V1_ANALYTIC_PROBE_ROOT,1,1,1,1,0,0,0
VUE025,VALIDATION_SEEN_AFTER_V1,FROZEN_PRODUCTION_FAILURE,3,LEFT,0.15,0.15000017379215447,1.310934367577036,0.592097145373245,M0_V1,FROZEN_V1_CURVATURE_CONTINUITY,ACTIVE_OUTER,ACTIVE_OUTER,CURVATURE_CORRIDOR_CRITICAL,CONTINUITY_BIASED_SAFE_ANCHOR,M0_V1_ANALYTIC_PROBE_ROOT,1,1,1,1,0,0,0
VUE025,VALIDATION_SEEN_AFTER_V1,FROZEN_PRODUCTION_FAILURE,4,LEFT,0.15,0.15000000440163544,1.310934367577036,3.534887747961509,M0_V1,FROZEN_V1_CURVATURE_CONTINUITY,ACTIVE_OUTER,ACTIVE_OUTER,CURVATURE_CORRIDOR_CRITICAL,CONTINUITY_BIASED_SAFE_ANCHOR,M0_V1_ANALYTIC_PROBE_ROOT,1,1,1,1,0,0,0
VUE025,VALIDATION_SEEN_AFTER_V1,FROZEN_PRODUCTION_FAILURE,5,LEFT,0.15,0.15000000112165163,1.310934367577036,6.572607079665524,M0_V1,FROZEN_V1_CURVATURE_CONTINUITY,ACTIVE_OUTER,ACTIVE_OUTER,CURVATURE_CORRIDOR_CRITICAL,CONTINUITY_BIASED_SAFE_ANCHOR,M0_V1_ANALYTIC_PROBE_ROOT,1,0,1,1,0,0,0
VUE025,VALIDATION_SEEN_AFTER_V1,FROZEN_PRODUCTION_FAILURE,6,RIGHT,-0.6189114699522344,-0.6189114699522344,1.310934367577036,0.6049868191659147,M0_V2,ZERO_INTERFACE_BOUNDARY_INSET,ZERO_INTERFACE,ZERO_INTERFACE,NONE,NONE,ZERO_INTERFACE_DIRECT_ANCHOR,1,0,0,0,0,0,0
VUE025,VALIDATION_SEEN_AFTER_V1,FROZEN_PRODUCTION_FAILURE,7,RIGHT,-0.62571826282075,-0.62571826282075,1.310934367577036,7.397546202396385,M0_V2,ZERO_INTERFACE_QUARTER_LONG_EXIT,ZERO_INTERFACE,ZERO_INTERFACE,NONE,NONE,ZERO_INTERFACE_DIRECT_ANCHOR,1,1,0,0,0,0,0
VUE025,VALIDATION_SEEN_AFTER_V1,FROZEN_PRODUCTION_FAILURE,8,RIGHT,-0.6329788418805,-0.6329788418805,1.310934367577036,7.397546202396385,M0_V2,ZERO_INTERFACE_CENTER_LONG_EXIT,ZERO_INTERFACE,ZERO_INTERFACE,NONE,NONE,ZERO_INTERFACE_DIRECT_ANCHOR,1,1,0,0,0,0,0
VUE025,VALIDATION_SEEN_AFTER_V1,FROZEN_PRODUCTION_FAILURE,9,RIGHT,-0.62571826282075,-0.62571826282075,0.7136694116555473,2.222262862792217,M0_V2,ZERO_INTERFACE_QUARTER_SCALE,ZERO_INTERFACE,ZERO_INTERFACE,NONE,NONE,ZERO_INTERFACE_DIRECT_ANCHOR,1,0,0,0,0,0,0
VUE025,VALIDATION_SEEN_AFTER_V1,FROZEN_PRODUCTION_FAILURE,10,LEFT,0.1628515625,0.1628515625,1.310934367577036,0.592097145373245,M0_V2,ZERO_INTERFACE_BOUNDARY_INSET,ZERO_INTERFACE,ZERO_INTERFACE,NONE,NONE,ZERO_INTERFACE_DIRECT_ANCHOR,1,1,0,0,0,0,0
VUE025,VALIDATION_SEEN_AFTER_V1,FROZEN_PRODUCTION_FAILURE,11,LEFT,0.35250000000000004,0.35250000000000004,1.310934367577036,6.572607079665524,M0_V2,ZERO_INTERFACE_QUARTER_LONG_EXIT,ZERO_INTERFACE,ZERO_INTERFACE,NONE,NONE,ZERO_INTERFACE_DIRECT_ANCHOR,1,0,0,0,0,0,0
VUE025,VALIDATION_SEEN_AFTER_V1,FROZEN_PRODUCTION_FAILURE,12,LEFT,0.555,0.555,1.310934367577036,6.572607079665524,M0_V2,ZERO_INTERFACE_CENTER_LONG_EXIT,ZERO_INTERFACE,ZERO_INTERFACE,NONE,NONE,ZERO_INTERFACE_DIRECT_ANCHOR,1,0,0,0,0,0,0
VUE025,VALIDATION_SEEN_AFTER_V1,FROZEN_PRODUCTION_FAILURE,13,LEFT,0.35250000000000004,0.35250000000000004,0.7136694116555473,2.016028082109502,M0_V2,ZERO_INTERFACE_QUARTER_SCALE,ZERO_INTERFACE,ZERO_INTERFACE,NONE,NONE,ZERO_INTERFACE_DIRECT_ANCHOR,1,0,0,0,0,0,0
VUE025,VALIDATION_SEEN_AFTER_V1,FROZEN_PRODUCTION_FAILURE,14,LEFT,0.15,0.5177163791329702,0.7136694116555473,2.016028082109502,M0_V2,BRANCH_AWARE_ANALYTIC_ROOT,ACTIVE_OUTER,ACTIVE_OUTER,CORRIDOR_BOTTLENECK,CORRIDOR_CENTER,ANALYTIC_ACTIVE_OUTER_ROOT,1,0,1,1,0,0,0
VUE025,VALIDATION_SEEN_AFTER_V1,FROZEN_PRODUCTION_FAILURE,15,RIGHT,-0.6189114699522344,-0.6189114699522344,0.5145810930150512,0.4971684162574945,M1,ZERO_BOUNDARY_SHORT,ZERO_INTERFACE,ZERO_INTERFACE,NONE,NONE,ZERO_INTERFACE_DIRECT_ANCHOR,1,1,0,0,0,0,0
VUE025,VALIDATION_SEEN_AFTER_V1,FROZEN_PRODUCTION_FAILURE,16,LEFT,0.1628515625,0.1628515625,0.5145810930150512,0.4971684162574945,M1,ZERO_BOUNDARY_SHORT,ZERO_INTERFACE,ZERO_INTERFACE,NONE,NONE,ZERO_INTERFACE_DIRECT_ANCHOR,1,1,0,0,0,0,0
VUE025,VALIDATION_SEEN_AFTER_V1,FROZEN_PRODUCTION_FAILURE,17,RIGHT,-0.6189114699522344,-0.6189114699522344,0.7136694116555473,0.4971684162574945,M1,ZERO_BOUNDARY_SPAN,ZERO_INTERFACE,ZERO_INTERFACE,NONE,NONE,ZERO_INTERFACE_DIRECT_ANCHOR,1,1,0,0,0,0,0
VUE025,VALIDATION_SEEN_AFTER_V1,FROZEN_PRODUCTION_FAILURE,18,LEFT,0.1628515625,0.1628515625,0.7136694116555473,0.4971684162574945,M1,ZERO_BOUNDARY_SPAN,ZERO_INTERFACE,ZERO_INTERFACE,NONE,NONE,ZERO_INTERFACE_DIRECT_ANCHOR,1,1,0,0,0,0,0
VUE025,VALIDATION_SEEN_AFTER_V1,FROZEN_PRODUCTION_FAILURE,19,LEFT,0.15,0.5177163791329713,1.310934367577036,6.572607079665524,M1,NEAR_LONG,ACTIVE_OUTER,ACTIVE_OUTER,CORRIDOR_BOTTLENECK,CORRIDOR_CENTER,ANALYTIC_ACTIVE_OUTER_ROOT,1,0,1,1,0,0,0
VUE026,VALIDATION_SEEN_AFTER_V1,FROZEN_PRODUCTION_FAILURE,0,RIGHT,-0.3963851609308264,-0.47638516093082595,0.5145810930150512,0.6049868191659147,M0_V1,FROZEN_V1_CURVATURE_CONTINUITY,ACTIVE_OUTER,ACTIVE_OUTER,CURVATURE_CORRIDOR_CRITICAL,CONTINUITY_BIASED_SAFE_ANCHOR,M0_V1_ANALYTIC_PROBE_ROOT,1,1,1,1,0,0,0
VUE026,VALIDATION_SEEN_AFTER_V1,FROZEN_PRODUCTION_FAILURE,1,RIGHT,-0.3963851609308264,-0.47638516093082595,0.5145810930150512,3.94735730932694,M0_V1,FROZEN_V1_CURVATURE_CONTINUITY,ACTIVE_OUTER,ACTIVE_OUTER,CURVATURE_CORRIDOR_CRITICAL,CONTINUITY_BIASED_SAFE_ANCHOR,M0_V1_ANALYTIC_PROBE_ROOT,1,1,1,1,0,0,0
VUE026,VALIDATION_SEEN_AFTER_V1,FROZEN_PRODUCTION_FAILURE,2,RIGHT,-0.3963851609308264,-0.47638516093082595,0.5145810930150512,7.397546202396385,M0_V1,FROZEN_V1_CURVATURE_CONTINUITY,ACTIVE_OUTER,ACTIVE_OUTER,CURVATURE_CORRIDOR_CRITICAL,CONTINUITY_BIASED_SAFE_ANCHOR,M0_V1_ANALYTIC_PROBE_ROOT,1,1,1,1,0,0,0
VUE026,VALIDATION_SEEN_AFTER_V1,FROZEN_PRODUCTION_FAILURE,3,RIGHT,-0.3963851609308264,-0.47638516093082667,1.310934367577036,0.6049868191659147,M0_V1,FROZEN_V1_CURVATURE_CONTINUITY,ACTIVE_OUTER,ACTIVE_OUTER,CURVATURE_CORRIDOR_CRITICAL,CONTINUITY_BIASED_SAFE_ANCHOR,M0_V1_ANALYTIC_PROBE_ROOT,1,1,1,1,1,1,0
VUE026,VALIDATION_SEEN_AFTER_V1,FROZEN_PRODUCTION_FAILURE,4,RIGHT,-0.3963851609308264,-0.47638516093082667,1.310934367577036,3.94735730932694,M0_V1,FROZEN_V1_CURVATURE_CONTINUITY,ACTIVE_OUTER,ACTIVE_OUTER,CURVATURE_CORRIDOR_CRITICAL,CONTINUITY_BIASED_SAFE_ANCHOR,M0_V1_ANALYTIC_PROBE_ROOT,1,1,1,1,0,0,0
VUE026,VALIDATION_SEEN_AFTER_V1,FROZEN_PRODUCTION_FAILURE,5,RIGHT,-0.3963851609308264,-0.47638516093082667,1.310934367577036,7.397546202396385,M0_V1,FROZEN_V1_CURVATURE_CONTINUITY,ACTIVE_OUTER,ACTIVE_OUTER,CURVATURE_CORRIDOR_CRITICAL,CONTINUITY_BIASED_SAFE_ANCHOR,M0_V1_ANALYTIC_PROBE_ROOT,1,1,1,1,0,0,0
VUE026,VALIDATION_SEEN_AFTER_V1,FROZEN_PRODUCTION_FAILURE,6,RIGHT,-0.3963851609308264,-0.5531925804654131,1.310934367577036,7.397546202396385,M1,NEAR_LONG,ACTIVE_OUTER,ACTIVE_OUTER,CORRIDOR_BOTTLENECK,CORRIDOR_CENTER,ANALYTIC_ACTIVE_OUTER_ROOT,1,1,1,1,0,0,0
VUE027,VALIDATION_SEEN_AFTER_V1,FROZEN_PRODUCTION_FAILURE,0,RIGHT,-0.3361694628725028,-0.4161694628725047,0.5145810930150512,0.6049868191659147,M0_V1,FROZEN_V1_CURVATURE_CONTINUITY,ACTIVE_OUTER,ACTIVE_OUTER,CURVATURE_CORRIDOR_CRITICAL,CONTINUITY_BIASED_SAFE_ANCHOR,M0_V1_ANALYTIC_PROBE_ROOT,1,0,1,1,0,0,0
VUE027,VALIDATION_SEEN_AFTER_V1,FROZEN_PRODUCTION_FAILURE,1,RIGHT,-0.3361694628725028,-0.4161694628725047,0.5145810930150512,3.94735730932694,M0_V1,FROZEN_V1_CURVATURE_CONTINUITY,ACTIVE_OUTER,ACTIVE_OUTER,CURVATURE_CORRIDOR_CRITICAL,CONTINUITY_BIASED_SAFE_ANCHOR,M0_V1_ANALYTIC_PROBE_ROOT,1,1,1,1,0,0,0
VUE027,VALIDATION_SEEN_AFTER_V1,FROZEN_PRODUCTION_FAILURE,2,RIGHT,-0.3361694628725028,-0.4161694628725047,0.5145810930150512,7.397546202396385,M0_V1,FROZEN_V1_CURVATURE_CONTINUITY,ACTIVE_OUTER,ACTIVE_OUTER,CURVATURE_CORRIDOR_CRITICAL,CONTINUITY_BIASED_SAFE_ANCHOR,M0_V1_ANALYTIC_PROBE_ROOT,1,1,1,1,1,1,0
VUE027,VALIDATION_SEEN_AFTER_V1,FROZEN_PRODUCTION_FAILURE,3,RIGHT,-0.3361694628725028,-0.41616946287250295,1.310934367577036,0.6049868191659147,M0_V1,FROZEN_V1_CURVATURE_CONTINUITY,ACTIVE_OUTER,ACTIVE_OUTER,CURVATURE_CORRIDOR_CRITICAL,CONTINUITY_BIASED_SAFE_ANCHOR,M0_V1_ANALYTIC_PROBE_ROOT,1,1,1,1,0,0,0
VUE027,VALIDATION_SEEN_AFTER_V1,FROZEN_PRODUCTION_FAILURE,4,RIGHT,-0.3361694628725028,-0.41616946287250295,1.310934367577036,3.94735730932694,M0_V1,FROZEN_V1_CURVATURE_CONTINUITY,ACTIVE_OUTER,ACTIVE_OUTER,CURVATURE_CORRIDOR_CRITICAL,CONTINUITY_BIASED_SAFE_ANCHOR,M0_V1_ANALYTIC_PROBE_ROOT,1,1,1,1,1,1,0
VUE027,VALIDATION_SEEN_AFTER_V1,FROZEN_PRODUCTION_FAILURE,5,RIGHT,-0.3361694628725028,-0.41616946287250295,1.310934367577036,7.397546202396385,M0_V1,FROZEN_V1_CURVATURE_CONTINUITY,ACTIVE_OUTER,ACTIVE_OUTER,CURVATURE_CORRIDOR_CRITICAL,CONTINUITY_BIASED_SAFE_ANCHOR,M0_V1_ANALYTIC_PROBE_ROOT,1,1,1,1,1,1,0
VUE027,VALIDATION_SEEN_AFTER_V1,FROZEN_PRODUCTION_FAILURE,6,RIGHT,-0.34201056501511995,-0.34201056501511995,0.5145810930150512,0.4971684162574945,M1,ZERO_BOUNDARY_SHORT,ZERO_INTERFACE,ZERO_INTERFACE,NONE,NONE,ZERO_INTERFACE_DIRECT_ANCHOR,1,1,1,1,0,0,0
VUE027,VALIDATION_SEEN_AFTER_V1,FROZEN_PRODUCTION_FAILURE,7,RIGHT,-0.34201056501511995,-0.34201056501511995,0.7136694116555473,0.4971684162574945,M1,ZERO_BOUNDARY_SPAN,ZERO_INTERFACE,ZERO_INTERFACE,NONE,NONE,ZERO_INTERFACE_DIRECT_ANCHOR,1,1,1,1,0,0,0
VUE027,VALIDATION_SEEN_AFTER_V1,FROZEN_PRODUCTION_FAILURE,8,RIGHT,-0.3361694628725028,-0.5230847314362513,1.310934367577036,7.397546202396385,M1,NEAR_LONG,ACTIVE_OUTER,ACTIVE_OUTER,CORRIDOR_BOTTLENECK,CORRIDOR_CENTER,ANALYTIC_ACTIVE_OUTER_ROOT,1,1,1,1,1,1,0
VUE027,VALIDATION_SEEN_AFTER_V1,FROZEN_PRODUCTION_FAILURE,9,RIGHT,-0.3361694628725028,-0.5230847314362514,0.9127577302960436,7.397546202396385,M1,NEAR_BISECTED,ACTIVE_OUTER,ACTIVE_OUTER,CORRIDOR_BOTTLENECK,CORRIDOR_CENTER,ANALYTIC_ACTIVE_OUTER_ROOT,1,0,1,1,0,0,0
VUE027,VALIDATION_SEEN_AFTER_V1,FROZEN_PRODUCTION_FAILURE,10,RIGHT,-0.3361694628725028,-0.5230847314362534,0.7136694116555473,7.397546202396385,M1,NEAR_BISECTED,ACTIVE_OUTER,ACTIVE_OUTER,CORRIDOR_BOTTLENECK,CORRIDOR_CENTER,ANALYTIC_ACTIVE_OUTER_ROOT,1,0,1,1,0,0,0
VUE027,VALIDATION_SEEN_AFTER_V1,FROZEN_PRODUCTION_FAILURE,11,RIGHT,-0.3361694628725028,-0.5230847314362486,0.6141252523352992,7.397546202396385,M1,NEAR_BISECTED,ACTIVE_OUTER,ACTIVE_OUTER,CORRIDOR_BOTTLENECK,CORRIDOR_CENTER,ANALYTIC_ACTIVE_OUTER_ROOT,1,0,1,1,0,0,0
VUE027,VALIDATION_SEEN_AFTER_V1,FROZEN_PRODUCTION_FAILURE,12,RIGHT,-0.3361694628725028,-0.5230847314362511,0.5643531726751752,7.397546202396385,M1,NEAR_BISECTED,ACTIVE_OUTER,ACTIVE_OUTER,CORRIDOR_BOTTLENECK,CORRIDOR_CENTER,ANALYTIC_ACTIVE_OUTER_ROOT,1,0,1,1,0,0,0
VUE027,VALIDATION_SEEN_AFTER_V1,FROZEN_PRODUCTION_FAILURE,13,RIGHT,-0.3361694628725028,-0.5230847314362509,0.5394671328451132,7.397546202396385,M1,NEAR_BISECTED,ACTIVE_OUTER,ACTIVE_OUTER,CORRIDOR_BOTTLENECK,CORRIDOR_CENTER,ANALYTIC_ACTIVE_OUTER_ROOT,1,0,1,1,0,0,0
VUE027,VALIDATION_SEEN_AFTER_V1,FROZEN_PRODUCTION_FAILURE,14,RIGHT,-0.3361694628725028,-0.5230847314362512,0.5270241129300821,7.397546202396385,M1,NEAR_BISECTED,ACTIVE_OUTER,ACTIVE_OUTER,CORRIDOR_BOTTLENECK,CORRIDOR_CENTER,ANALYTIC_ACTIVE_OUTER_ROOT,1,0,1,1,0,0,0
VUE027,VALIDATION_SEEN_AFTER_V1,FROZEN_PRODUCTION_FAILURE,15,RIGHT,-0.3361694628725028,-0.5230847314362485,0.5208026029725666,7.397546202396385,M1,NEAR_BISECTED,ACTIVE_OUTER,ACTIVE_OUTER,CORRIDOR_BOTTLENECK,CORRIDOR_CENTER,ANALYTIC_ACTIVE_OUTER_ROOT,1,0,1,1,0,0,0
VUE027,VALIDATION_SEEN_AFTER_V1,FROZEN_PRODUCTION_FAILURE,16,RIGHT,-0.3361694628725028,-0.5230847314362506,0.5176918479938089,7.397546202396385,M1,NEAR_BISECTED,ACTIVE_OUTER,ACTIVE_OUTER,CORRIDOR_BOTTLENECK,CORRIDOR_CENTER,ANALYTIC_ACTIVE_OUTER_ROOT,1,0,1,1,0,0,0
VUE027,VALIDATION_SEEN_AFTER_V1,FROZEN_PRODUCTION_FAILURE,17,RIGHT,-0.3361694628725028,-0.5230847314362514,0.51613647050443,7.397546202396385,M1,NEAR_BISECTED,ACTIVE_OUTER,ACTIVE_OUTER,CORRIDOR_BOTTLENECK,CORRIDOR_CENTER,ANALYTIC_ACTIVE_OUTER_ROOT,1,0,1,1,0,0,0
VUE027,VALIDATION_SEEN_AFTER_V1,FROZEN_PRODUCTION_FAILURE,18,RIGHT,-0.3361694628725028,-0.5230847314362493,0.5153587817597406,7.397546202396385,M1,NEAR_BISECTED,ACTIVE_OUTER,ACTIVE_OUTER,CORRIDOR_BOTTLENECK,CORRIDOR_CENTER,ANALYTIC_ACTIVE_OUTER_ROOT,1,0,1,1,0,0,0
VUE027,VALIDATION_SEEN_AFTER_V1,FROZEN_PRODUCTION_FAILURE,19,RIGHT,-0.3361694628725028,-0.5230847314362533,0.5149699373873959,7.397546202396385,M1,NEAR_BISECTED,ACTIVE_OUTER,ACTIVE_OUTER,CORRIDOR_BOTTLENECK,CORRIDOR_CENTER,ANALYTIC_ACTIVE_OUTER_ROOT,1,0,1,1,0,0,0
VUE027,VALIDATION_SEEN_AFTER_V1,FROZEN_PRODUCTION_FAILURE,20,RIGHT,-0.3361694628725028,-0.5230847314362524,0.5147755152012236,7.397546202396385,M1,NEAR_BISECTED,ACTIVE_OUTER,ACTIVE_OUTER,CORRIDOR_BOTTLENECK,CORRIDOR_CENTER,ANALYTIC_ACTIVE_OUTER_ROOT,1,0,1,1,0,0,0
VUE027,VALIDATION_SEEN_AFTER_V1,FROZEN_PRODUCTION_FAILURE,21,RIGHT,-0.3361694628725028,-0.5230847314362509,0.5146783041081373,7.397546202396385,M1,NEAR_BISECTED,ACTIVE_OUTER,ACTIVE_OUTER,CORRIDOR_BOTTLENECK,CORRIDOR_CENTER,ANALYTIC_ACTIVE_OUTER_ROOT,1,0,1,1,0,0,0
VUE027,VALIDATION_SEEN_AFTER_V1,FROZEN_PRODUCTION_FAILURE,22,RIGHT,-0.3361694628725028,-0.5230847314362507,0.5146296985615942,7.397546202396385,M1,NEAR_BISECTED,ACTIVE_OUTER,ACTIVE_OUTER,CORRIDOR_BOTTLENECK,CORRIDOR_CENTER,ANALYTIC_ACTIVE_OUTER_ROOT,1,0,1,1,0,0,0
VUE027,VALIDATION_SEEN_AFTER_V1,FROZEN_PRODUCTION_FAILURE,23,RIGHT,-0.3361694628725028,-0.5230847314362516,0.5146053957883228,7.397546202396385,M1,NEAR_BISECTED,ACTIVE_OUTER,ACTIVE_OUTER,CORRIDOR_BOTTLENECK,CORRIDOR_CENTER,ANALYTIC_ACTIVE_OUTER_ROOT,1,0,1,1,0,0,0
VUE027,VALIDATION_SEEN_AFTER_V1,FROZEN_PRODUCTION_FAILURE,24,RIGHT,-0.3361694628725028,-0.5230847314362501,0.514593244401687,7.397546202396385,M1,NEAR_BISECTED,ACTIVE_OUTER,ACTIVE_OUTER,CORRIDOR_BOTTLENECK,CORRIDOR_CENTER,ANALYTIC_ACTIVE_OUTER_ROOT,1,0,1,1,0,0,0
VUE027,VALIDATION_SEEN_AFTER_V1,FROZEN_PRODUCTION_FAILURE,25,RIGHT,-0.3361694628725028,-0.5230847314362517,0.5145871687083691,7.397546202396385,M1,NEAR_BISECTED,ACTIVE_OUTER,ACTIVE_OUTER,CORRIDOR_BOTTLENECK,CORRIDOR_CENTER,ANALYTIC_ACTIVE_OUTER_ROOT,1,0,1,1,0,0,0
VUE027,VALIDATION_SEEN_AFTER_V1,FROZEN_PRODUCTION_FAILURE,26,RIGHT,-0.3361694628725028,-0.5230847314362513,0.5145841308617101,7.397546202396385,M1,NEAR_BISECTED,ACTIVE_OUTER,ACTIVE_OUTER,CORRIDOR_BOTTLENECK,CORRIDOR_CENTER,ANALYTIC_ACTIVE_OUTER_ROOT,1,0,1,1,0,0,0
VUE027,VALIDATION_SEEN_AFTER_V1,FROZEN_PRODUCTION_FAILURE,27,RIGHT,-0.3361694628725028,-0.5230847314362498,0.5145826119383806,7.397546202396385,M1,NEAR_BISECTED,ACTIVE_OUTER,ACTIVE_OUTER,CORRIDOR_BOTTLENECK,CORRIDOR_CENTER,ANALYTIC_ACTIVE_OUTER_ROOT,1,0,1,1,0,0,0
VUE027,VALIDATION_SEEN_AFTER_V1,FROZEN_PRODUCTION_FAILURE,28,RIGHT,-0.3361694628725028,-0.5230847314362519,0.5145818524767158,7.397546202396385,M1,NEAR_BISECTED,ACTIVE_OUTER,ACTIVE_OUTER,CORRIDOR_BOTTLENECK,CORRIDOR_CENTER,ANALYTIC_ACTIVE_OUTER_ROOT,1,0,1,1,0,0,0
VUE027,VALIDATION_SEEN_AFTER_V1,FROZEN_PRODUCTION_FAILURE,29,RIGHT,-0.3361694628725028,-0.5230847314362516,0.5145814727458835,7.397546202396385,M1,NEAR_BISECTED,ACTIVE_OUTER,ACTIVE_OUTER,CORRIDOR_BOTTLENECK,CORRIDOR_CENTER,ANALYTIC_ACTIVE_OUTER_ROOT,1,0,1,1,0,0,0
VUE028,VALIDATION_SEEN_AFTER_V1,FROZEN_PRODUCTION_FAILURE,0,RIGHT,-0.2080297265194001,-0.28802972651939984,0.5145810930150512,0.6049868191659147,M0_V1,FROZEN_V1_CURVATURE_CONTINUITY,ACTIVE_OUTER,ACTIVE_OUTER,CURVATURE_CORRIDOR_CRITICAL,CONTINUITY_BIASED_SAFE_ANCHOR,M0_V1_ANALYTIC_PROBE_ROOT,1,0,1,1,0,0,0
VUE028,VALIDATION_SEEN_AFTER_V1,FROZEN_PRODUCTION_FAILURE,1,RIGHT,-0.2080297265194001,-0.28802972651939984,0.5145810930150512,3.94735730932694,M0_V1,FROZEN_V1_CURVATURE_CONTINUITY,ACTIVE_OUTER,ACTIVE_OUTER,CURVATURE_CORRIDOR_CRITICAL,CONTINUITY_BIASED_SAFE_ANCHOR,M0_V1_ANALYTIC_PROBE_ROOT,1,1,1,1,0,0,0
VUE028,VALIDATION_SEEN_AFTER_V1,FROZEN_PRODUCTION_FAILURE,2,RIGHT,-0.2080297265194001,-0.28802972651939984,0.5145810930150512,7.397546202396385,M0_V1,FROZEN_V1_CURVATURE_CONTINUITY,ACTIVE_OUTER,ACTIVE_OUTER,CURVATURE_CORRIDOR_CRITICAL,CONTINUITY_BIASED_SAFE_ANCHOR,M0_V1_ANALYTIC_PROBE_ROOT,1,1,1,1,0,0,0
VUE028,VALIDATION_SEEN_AFTER_V1,FROZEN_PRODUCTION_FAILURE,3,RIGHT,-0.2080297265194001,-0.28802972651940084,1.310934367577036,0.6049868191659147,M0_V1,FROZEN_V1_CURVATURE_CONTINUITY,ACTIVE_OUTER,ACTIVE_OUTER,CURVATURE_CORRIDOR_CRITICAL,CONTINUITY_BIASED_SAFE_ANCHOR,M0_V1_ANALYTIC_PROBE_ROOT,1,1,1,1,0,0,0
VUE028,VALIDATION_SEEN_AFTER_V1,FROZEN_PRODUCTION_FAILURE,4,RIGHT,-0.2080297265194001,-0.28802972651940084,1.310934367577036,3.94735730932694,M0_V1,FROZEN_V1_CURVATURE_CONTINUITY,ACTIVE_OUTER,ACTIVE_OUTER,CURVATURE_CORRIDOR_CRITICAL,CONTINUITY_BIASED_SAFE_ANCHOR,M0_V1_ANALYTIC_PROBE_ROOT,1,1,1,1,1,1,0
VUE028,VALIDATION_SEEN_AFTER_V1,FROZEN_PRODUCTION_FAILURE,5,RIGHT,-0.2080297265194001,-0.28802972651940084,1.310934367577036,7.397546202396385,M0_V1,FROZEN_V1_CURVATURE_CONTINUITY,ACTIVE_OUTER,ACTIVE_OUTER,CURVATURE_CORRIDOR_CRITICAL,CONTINUITY_BIASED_SAFE_ANCHOR,M0_V1_ANALYTIC_PROBE_ROOT,1,1,1,1,1,1,0
VUE028,VALIDATION_SEEN_AFTER_V1,FROZEN_PRODUCTION_FAILURE,6,RIGHT,-0.21489644954253445,-0.21489644954253445,0.5145810930150512,0.4971684162574945,M1,ZERO_BOUNDARY_SHORT,ZERO_INTERFACE,ZERO_INTERFACE,NONE,NONE,ZERO_INTERFACE_DIRECT_ANCHOR,1,1,1,1,0,0,0
VUE028,VALIDATION_SEEN_AFTER_V1,FROZEN_PRODUCTION_FAILURE,7,RIGHT,-0.21489644954253445,-0.21489644954253445,0.7136694116555473,0.4971684162574945,M1,ZERO_BOUNDARY_SPAN,ZERO_INTERFACE,ZERO_INTERFACE,NONE,NONE,ZERO_INTERFACE_DIRECT_ANCHOR,1,1,1,1,0,0,0
VUE028,VALIDATION_SEEN_AFTER_V1,FROZEN_PRODUCTION_FAILURE,8,RIGHT,-0.20802972651940008,-0.4277648632597004,1.310934367577036,7.397546202396385,M1,NEAR_LONG,ACTIVE_OUTER,ACTIVE_OUTER,CORRIDOR_BOTTLENECK,CORRIDOR_CENTER,ANALYTIC_ACTIVE_OUTER_ROOT,1,1,1,1,1,1,0
VUE029,VALIDATION_SEEN_AFTER_V1,FROZEN_PRODUCTION_FAILURE,0,RIGHT,-0.15000000000000002,-0.20834175847165548,0.5145810930150512,0.6049868191659147,M0_V1,FROZEN_V1_CURVATURE_CONTINUITY,ACTIVE_OUTER,ACTIVE_OUTER,CURVATURE_CORRIDOR_CRITICAL,CONTINUITY_BIASED_SAFE_ANCHOR,M0_V1_ANALYTIC_PROBE_ROOT,1,1,0,0,0,0,0
VUE029,VALIDATION_SEEN_AFTER_V1,FROZEN_PRODUCTION_FAILURE,1,RIGHT,-0.15000000000000002,-0.20834175847165548,0.5145810930150512,3.94735730932694,M0_V1,FROZEN_V1_CURVATURE_CONTINUITY,ACTIVE_OUTER,ACTIVE_OUTER,CURVATURE_CORRIDOR_CRITICAL,CONTINUITY_BIASED_SAFE_ANCHOR,M0_V1_ANALYTIC_PROBE_ROOT,1,1,0,0,0,0,0
VUE029,VALIDATION_SEEN_AFTER_V1,FROZEN_PRODUCTION_FAILURE,2,RIGHT,-0.15000000000000002,-0.20834175847165548,0.5145810930150512,7.397546202396385,M0_V1,FROZEN_V1_CURVATURE_CONTINUITY,ACTIVE_OUTER,ACTIVE_OUTER,CURVATURE_CORRIDOR_CRITICAL,CONTINUITY_BIASED_SAFE_ANCHOR,M0_V1_ANALYTIC_PROBE_ROOT,1,1,0,0,0,0,0
VUE029,VALIDATION_SEEN_AFTER_V1,FROZEN_PRODUCTION_FAILURE,3,RIGHT,-0.15000000000000002,-0.2083417584716548,1.310934367577036,0.6049868191659147,M0_V1,FROZEN_V1_CURVATURE_CONTINUITY,ACTIVE_OUTER,ACTIVE_OUTER,CURVATURE_CORRIDOR_CRITICAL,CONTINUITY_BIASED_SAFE_ANCHOR,M0_V1_ANALYTIC_PROBE_ROOT,1,1,0,0,0,0,0
VUE029,VALIDATION_SEEN_AFTER_V1,FROZEN_PRODUCTION_FAILURE,4,RIGHT,-0.15000000000000002,-0.2083417584716548,1.310934367577036,3.94735730932694,M0_V1,FROZEN_V1_CURVATURE_CONTINUITY,ACTIVE_OUTER,ACTIVE_OUTER,CURVATURE_CORRIDOR_CRITICAL,CONTINUITY_BIASED_SAFE_ANCHOR,M0_V1_ANALYTIC_PROBE_ROOT,1,1,0,0,0,0,0
VUE029,VALIDATION_SEEN_AFTER_V1,FROZEN_PRODUCTION_FAILURE,5,RIGHT,-0.15000000000000002,-0.2083417584716548,1.310934367577036,7.397546202396385,M0_V1,FROZEN_V1_CURVATURE_CONTINUITY,ACTIVE_OUTER,ACTIVE_OUTER,CURVATURE_CORRIDOR_CRITICAL,CONTINUITY_BIASED_SAFE_ANCHOR,M0_V1_ANALYTIC_PROBE_ROOT,1,1,0,0,0,0,0
VUE029,VALIDATION_SEEN_AFTER_V1,FROZEN_PRODUCTION_FAILURE,6,RIGHT,-0.15,-0.5816708792358279,1.310934367577036,7.397546202396385,M1,NEAR_LONG,ACTIVE_OUTER,ACTIVE_OUTER,CORRIDOR_BOTTLENECK,CORRIDOR_CENTER,ANALYTIC_ACTIVE_OUTER_ROOT,1,1,0,0,0,0,0
VUE030,VALIDATION_SEEN_AFTER_V1,FROZEN_PRODUCTION_FAILURE,0,RIGHT,-0.3677671086238443,-0.4477671086238434,0.5145810930150512,0.6049868191659147,M0_V1,FROZEN_V1_CURVATURE_CONTINUITY,ACTIVE_OUTER,ACTIVE_OUTER,CURVATURE_CORRIDOR_CRITICAL,CONTINUITY_BIASED_SAFE_ANCHOR,M0_V1_ANALYTIC_PROBE_ROOT,1,0,1,1,0,0,0
VUE030,VALIDATION_SEEN_AFTER_V1,FROZEN_PRODUCTION_FAILURE,1,RIGHT,-0.3677671086238443,-0.4477671086238434,0.5145810930150512,3.94735730932694,M0_V1,FROZEN_V1_CURVATURE_CONTINUITY,ACTIVE_OUTER,ACTIVE_OUTER,CURVATURE_CORRIDOR_CRITICAL,CONTINUITY_BIASED_SAFE_ANCHOR,M0_V1_ANALYTIC_PROBE_ROOT,1,1,1,1,0,0,0
VUE030,VALIDATION_SEEN_AFTER_V1,FROZEN_PRODUCTION_FAILURE,2,RIGHT,-0.3677671086238443,-0.4477671086238434,0.5145810930150512,7.397546202396385,M0_V1,FROZEN_V1_CURVATURE_CONTINUITY,ACTIVE_OUTER,ACTIVE_OUTER,CURVATURE_CORRIDOR_CRITICAL,CONTINUITY_BIASED_SAFE_ANCHOR,M0_V1_ANALYTIC_PROBE_ROOT,1,1,1,1,0,0,0
VUE030,VALIDATION_SEEN_AFTER_V1,FROZEN_PRODUCTION_FAILURE,3,RIGHT,-0.3677671086238443,-0.44776710862384533,1.310934367577036,0.6049868191659147,M0_V1,FROZEN_V1_CURVATURE_CONTINUITY,ACTIVE_OUTER,ACTIVE_OUTER,CURVATURE_CORRIDOR_CRITICAL,CONTINUITY_BIASED_SAFE_ANCHOR,M0_V1_ANALYTIC_PROBE_ROOT,1,1,1,1,1,1,0
VUE030,VALIDATION_SEEN_AFTER_V1,FROZEN_PRODUCTION_FAILURE,4,RIGHT,-0.3677671086238443,-0.44776710862384533,1.310934367577036,3.94735730932694,M0_V1,FROZEN_V1_CURVATURE_CONTINUITY,ACTIVE_OUTER,ACTIVE_OUTER,CURVATURE_CORRIDOR_CRITICAL,CONTINUITY_BIASED_SAFE_ANCHOR,M0_V1_ANALYTIC_PROBE_ROOT,1,1,1,1,1,1,0
VUE030,VALIDATION_SEEN_AFTER_V1,FROZEN_PRODUCTION_FAILURE,5,RIGHT,-0.3677671086238443,-0.44776710862384533,1.310934367577036,7.397546202396385,M0_V1,FROZEN_V1_CURVATURE_CONTINUITY,ACTIVE_OUTER,ACTIVE_OUTER,CURVATURE_CORRIDOR_CRITICAL,CONTINUITY_BIASED_SAFE_ANCHOR,M0_V1_ANALYTIC_PROBE_ROOT,1,1,1,1,1,1,0
VUE030,VALIDATION_SEEN_AFTER_V1,FROZEN_PRODUCTION_FAILURE,6,RIGHT,-0.37604418505159676,-0.37604418505159676,0.5145810930150512,0.4971684162574945,M1,ZERO_BOUNDARY_SHORT,ZERO_INTERFACE,ZERO_INTERFACE,NONE,NONE,ZERO_INTERFACE_DIRECT_ANCHOR,1,1,1,1,0,0,0
VUE030,VALIDATION_SEEN_AFTER_V1,FROZEN_PRODUCTION_FAILURE,7,RIGHT,-0.37604418505159676,-0.37604418505159676,0.7136694116555473,0.4971684162574945,M1,ZERO_BOUNDARY_SPAN,ZERO_INTERFACE,ZERO_INTERFACE,NONE,NONE,ZERO_INTERFACE_DIRECT_ANCHOR,1,1,1,1,0,0,0
VUE030,VALIDATION_SEEN_AFTER_V1,FROZEN_PRODUCTION_FAILURE,8,RIGHT,-0.3677671086238443,-0.6326335543119231,1.310934367577036,7.397546202396385,M1,NEAR_LONG,ACTIVE_OUTER,ACTIVE_OUTER,CORRIDOR_BOTTLENECK,CORRIDOR_CENTER,ANALYTIC_ACTIVE_OUTER_ROOT,1,1,1,1,1,1,0
VUE031,VALIDATION_SEEN_AFTER_V1,FROZEN_PRODUCTION_FAILURE,0,LEFT,0.15,0.15561522696933017,0.5145810930150512,0.5904832141852455,M0_V1,FROZEN_V1_CURVATURE_CONTINUITY,ACTIVE_OUTER,ACTIVE_OUTER,CURVATURE_CORRIDOR_CRITICAL,CONTINUITY_BIASED_SAFE_ANCHOR,M0_V1_ANALYTIC_PROBE_ROOT,1,1,0,0,0,0,0
VUE031,VALIDATION_SEEN_AFTER_V1,FROZEN_PRODUCTION_FAILURE,1,LEFT,0.15,0.15561522706835482,0.5145810930150512,3.483241949945527,M0_V1,FROZEN_V1_CURVATURE_CONTINUITY,ACTIVE_OUTER,ACTIVE_OUTER,CURVATURE_CORRIDOR_CRITICAL,CONTINUITY_BIASED_SAFE_ANCHOR,M0_V1_ANALYTIC_PROBE_ROOT,1,1,0,0,0,0,0
VUE031,VALIDATION_SEEN_AFTER_V1,FROZEN_PRODUCTION_FAILURE,2,LEFT,0.15,0.1556152270776776,0.5145810930150512,6.46931548363356,M0_V1,FROZEN_V1_CURVATURE_CONTINUITY,ACTIVE_OUTER,ACTIVE_OUTER,CURVATURE_CORRIDOR_CRITICAL,CONTINUITY_BIASED_SAFE_ANCHOR,M0_V1_ANALYTIC_PROBE_ROOT,1,1,0,0,0,0,0
VUE031,VALIDATION_SEEN_AFTER_V1,FROZEN_PRODUCTION_FAILURE,3,LEFT,0.15,0.15561522696933017,1.310934367577036,0.5904832141852455,M0_V1,FROZEN_V1_CURVATURE_CONTINUITY,ACTIVE_OUTER,ACTIVE_OUTER,CURVATURE_CORRIDOR_CRITICAL,CONTINUITY_BIASED_SAFE_ANCHOR,M0_V1_ANALYTIC_PROBE_ROOT,1,1,0,0,0,0,0
VUE031,VALIDATION_SEEN_AFTER_V1,FROZEN_PRODUCTION_FAILURE,4,LEFT,0.15,0.15561522706835482,1.310934367577036,3.483241949945527,M0_V1,FROZEN_V1_CURVATURE_CONTINUITY,ACTIVE_OUTER,ACTIVE_OUTER,CURVATURE_CORRIDOR_CRITICAL,CONTINUITY_BIASED_SAFE_ANCHOR,M0_V1_ANALYTIC_PROBE_ROOT,1,1,0,0,0,0,0
VUE031,VALIDATION_SEEN_AFTER_V1,FROZEN_PRODUCTION_FAILURE,5,LEFT,0.15,0.1556152270776776,1.310934367577036,6.46931548363356,M0_V1,FROZEN_V1_CURVATURE_CONTINUITY,ACTIVE_OUTER,ACTIVE_OUTER,CURVATURE_CORRIDOR_CRITICAL,CONTINUITY_BIASED_SAFE_ANCHOR,M0_V1_ANALYTIC_PROBE_ROOT,1,1,0,0,0,0,0
VUE031,VALIDATION_SEEN_AFTER_V1,FROZEN_PRODUCTION_FAILURE,6,LEFT,0.15,0.7217437359046879,1.310934367577036,6.46931548363356,M1,NEAR_LONG,ACTIVE_OUTER,ACTIVE_OUTER,CORRIDOR_BOTTLENECK,CORRIDOR_CENTER,ANALYTIC_ACTIVE_OUTER_ROOT,1,1,0,0,0,0,0
VUE032,VALIDATION_SEEN_AFTER_V1,FROZEN_PRODUCTION_FAILURE,0,RIGHT,-0.5849060392786181,-0.588648878234062,0.5145810930150512,0.6049868191659147,M0_V1,FROZEN_V1_CURVATURE_CONTINUITY,ACTIVE_OUTER,ACTIVE_OUTER,CURVATURE_CORRIDOR_CRITICAL,CONTINUITY_BIASED_SAFE_ANCHOR,M0_V1_ANALYTIC_PROBE_ROOT,1,0,0,0,0,0,0
VUE032,VALIDATION_SEEN_AFTER_V1,FROZEN_PRODUCTION_FAILURE,1,RIGHT,-0.5849060392786181,-0.5849350514199098,0.5145810930150512,3.94735730932694,M0_V1,FROZEN_V1_CURVATURE_CONTINUITY,ACTIVE_OUTER,ACTIVE_OUTER,CURVATURE_CORRIDOR_CRITICAL,CONTINUITY_BIASED_SAFE_ANCHOR,M0_V1_ANALYTIC_PROBE_ROOT,1,1,0,0,0,0,0
VUE032,VALIDATION_SEEN_AFTER_V1,FROZEN_PRODUCTION_FAILURE,2,RIGHT,-0.5849060392786181,-0.5849108055514859,0.5145810930150512,7.397546202396385,M0_V1,FROZEN_V1_CURVATURE_CONTINUITY,ACTIVE_OUTER,ACTIVE_OUTER,CURVATURE_CORRIDOR_CRITICAL,CONTINUITY_BIASED_SAFE_ANCHOR,M0_V1_ANALYTIC_PROBE_ROOT,1,1,0,0,0,0,0
VUE032,VALIDATION_SEEN_AFTER_V1,FROZEN_PRODUCTION_FAILURE,3,RIGHT,-0.5849060392786181,-0.588648878234062,1.310934367577036,0.6049868191659147,M0_V1,FROZEN_V1_CURVATURE_CONTINUITY,ACTIVE_OUTER,ACTIVE_OUTER,CURVATURE_CORRIDOR_CRITICAL,CONTINUITY_BIASED_SAFE_ANCHOR,M0_V1_ANALYTIC_PROBE_ROOT,1,1,0,0,1,1,0
VUE032,VALIDATION_SEEN_AFTER_V1,FROZEN_PRODUCTION_FAILURE,4,RIGHT,-0.5849060392786181,-0.5849350514199098,1.310934367577036,3.94735730932694,M0_V1,FROZEN_V1_CURVATURE_CONTINUITY,ACTIVE_OUTER,ACTIVE_OUTER,CURVATURE_CORRIDOR_CRITICAL,CONTINUITY_BIASED_SAFE_ANCHOR,M0_V1_ANALYTIC_PROBE_ROOT,1,1,0,0,1,1,0
VUE032,VALIDATION_SEEN_AFTER_V1,FROZEN_PRODUCTION_FAILURE,5,RIGHT,-0.5849060392786181,-0.5849108055514859,1.310934367577036,7.397546202396385,M0_V1,FROZEN_V1_CURVATURE_CONTINUITY,ACTIVE_OUTER,ACTIVE_OUTER,CURVATURE_CORRIDOR_CRITICAL,CONTINUITY_BIASED_SAFE_ANCHOR,M0_V1_ANALYTIC_PROBE_ROOT,1,1,0,0,0,0,0
VUE032,VALIDATION_SEEN_AFTER_V1,FROZEN_PRODUCTION_FAILURE,6,RIGHT,-0.5864700074148896,-0.5864700074148896,1.310934367577036,0.6049868191659147,M0_V2,ZERO_INTERFACE_BOUNDARY_INSET,ZERO_INTERFACE,ZERO_INTERFACE,NONE,NONE,ZERO_INTERFACE_DIRECT_ANCHOR,1,1,0,0,1,1,0
VUE032,VALIDATION_SEEN_AFTER_V1,FROZEN_PRODUCTION_FAILURE,7,RIGHT,-0.6036795294589636,-0.6036795294589636,1.310934367577036,7.397546202396385,M0_V2,ZERO_INTERFACE_QUARTER_LONG_EXIT,ZERO_INTERFACE,ZERO_INTERFACE,NONE,NONE,ZERO_INTERFACE_DIRECT_ANCHOR,1,1,0,0,0,0,0
VUE032,VALIDATION_SEEN_AFTER_V1,FROZEN_PRODUCTION_FAILURE,8,RIGHT,-0.6224530196393091,-0.6224530196393091,1.310934367577036,7.397546202396385,M0_V2,ZERO_INTERFACE_CENTER_LONG_EXIT,ZERO_INTERFACE,ZERO_INTERFACE,NONE,NONE,ZERO_INTERFACE_DIRECT_ANCHOR,1,1,0,0,0,0,0
VUE032,VALIDATION_SEEN_AFTER_V1,FROZEN_PRODUCTION_FAILURE,9,RIGHT,-0.6036795294589636,-0.6036795294589636,0.7136694116555473,2.222262862792217,M0_V2,ZERO_INTERFACE_QUARTER_SCALE,ZERO_INTERFACE,ZERO_INTERFACE,NONE,NONE,ZERO_INTERFACE_DIRECT_ANCHOR,1,0,0,0,0,0,0
VUE032,VALIDATION_SEEN_AFTER_V1,FROZEN_PRODUCTION_FAILURE,10,RIGHT,-0.5864700074148896,-0.5864700074148896,0.5145810930150512,0.4971684162574945,M1,ZERO_BOUNDARY_SHORT,ZERO_INTERFACE,ZERO_INTERFACE,NONE,NONE,ZERO_INTERFACE_DIRECT_ANCHOR,1,1,0,0,0,0,0
VUE032,VALIDATION_SEEN_AFTER_V1,FROZEN_PRODUCTION_FAILURE,11,RIGHT,-0.5864700074148896,-0.5864700074148896,0.7136694116555473,0.5868735299729365,M1,ZERO_BOUNDARY_SPAN,ZERO_INTERFACE,ZERO_INTERFACE,NONE,NONE,ZERO_INTERFACE_DIRECT_ANCHOR,1,1,0,0,0,0,0
VUE033,VALIDATION_SEEN_AFTER_V1,FROZEN_PRODUCTION_FAILURE,0,RIGHT,-0.4767880686038446,-0.4767880686038446,0.5145810930150512,0.4971684162574945,M1,ZERO_BOUNDARY_SHORT,ZERO_INTERFACE,ZERO_INTERFACE,NONE,NONE,ZERO_INTERFACE_DIRECT_ANCHOR,1,1,1,1,1,1,0
VUE033,VALIDATION_SEEN_AFTER_V1,FROZEN_PRODUCTION_FAILURE,1,RIGHT,-0.4767880686038446,-0.4767880686038446,0.7136694116555473,0.4971684162574945,M1,ZERO_BOUNDARY_SPAN,ZERO_INTERFACE,ZERO_INTERFACE,NONE,NONE,ZERO_INTERFACE_DIRECT_ANCHOR,1,1,1,1,1,1,0
VUE034,VALIDATION_SEEN_AFTER_V1,FROZEN_PRODUCTION_FAILURE,0,RIGHT,-0.4797044996369881,-0.4797044996369881,0.5145810930150512,0.4971684162574945,M1,ZERO_BOUNDARY_SHORT,ZERO_INTERFACE,ZERO_INTERFACE,NONE,NONE,ZERO_INTERFACE_DIRECT_ANCHOR,1,1,1,1,1,1,0
VUE034,VALIDATION_SEEN_AFTER_V1,FROZEN_PRODUCTION_FAILURE,1,RIGHT,-0.4797044996369881,-0.4797044996369881,0.7136694116555473,0.4971684162574945,M1,ZERO_BOUNDARY_SPAN,ZERO_INTERFACE,ZERO_INTERFACE,NONE,NONE,ZERO_INTERFACE_DIRECT_ANCHOR,1,1,1,1,1,1,0
VUE035,VALIDATION_SEEN_AFTER_V1,FROZEN_PRODUCTION_FAILURE,0,RIGHT,-0.4704351207556426,-0.4704351207556426,0.5145810930150512,0.4971684162574945,M1,ZERO_BOUNDARY_SHORT,ZERO_INTERFACE,ZERO_INTERFACE,NONE,NONE,ZERO_INTERFACE_DIRECT_ANCHOR,1,1,0,0,0,0,0
VUE035,VALIDATION_SEEN_AFTER_V1,FROZEN_PRODUCTION_FAILURE,1,RIGHT,-0.4704351207556426,-0.4704351207556426,0.7136694116555473,0.4971684162574945,M1,ZERO_BOUNDARY_SPAN,ZERO_INTERFACE,ZERO_INTERFACE,NONE,NONE,ZERO_INTERFACE_DIRECT_ANCHOR,1,1,0,0,0,0,0
VUE035,VALIDATION_SEEN_AFTER_V1,FROZEN_PRODUCTION_FAILURE,2,RIGHT,-0.71,-0.5883162518123896,0.7136694116555473,0.4971684162574945,M1,FAR_SPAN,ALL_INACTIVE,ALL_INACTIVE,CORRIDOR_BOTTLENECK,CORRIDOR_CENTER,ANALYTIC_ALL_INACTIVE_ROOT,1,1,0,0,0,0,0
VUE036,VALIDATION_SEEN_AFTER_V1,FROZEN_PRODUCTION_FAILURE,0,RIGHT,-0.5749613197431916,-0.5749613197431916,0.5145810930150512,0.4971684162574945,M1,ZERO_BOUNDARY_SHORT,ZERO_INTERFACE,ZERO_INTERFACE,NONE,NONE,ZERO_INTERFACE_DIRECT_ANCHOR,1,1,1,1,1,1,0
VUE036,VALIDATION_SEEN_AFTER_V1,FROZEN_PRODUCTION_FAILURE,1,RIGHT,-0.5749613197431916,-0.5749613197431916,0.7136694116555473,0.4971684162574945,M1,ZERO_BOUNDARY_SPAN,ZERO_INTERFACE,ZERO_INTERFACE,NONE,NONE,ZERO_INTERFACE_DIRECT_ANCHOR,1,1,1,1,0,0,0
VUE036,VALIDATION_SEEN_AFTER_V1,FROZEN_PRODUCTION_FAILURE,2,RIGHT,-0.9850000000000001,-0.7767263846314609,0.7136694116555473,0.4971684162574945,M1,FAR_SPAN,ALL_INACTIVE,ALL_INACTIVE,CORRIDOR_BOTTLENECK,CORRIDOR_CENTER,ANALYTIC_ALL_INACTIVE_ROOT,1,1,0,0,0,0,0
VUE037,VALIDATION_SEEN_AFTER_V1,FROZEN_PRODUCTION_FAILURE,0,RIGHT,-0.15000000000000002,-0.3414246937699885,0.5145810930150512,0.5923398972319768,M0_V1,FROZEN_V1_CURVATURE_CONTINUITY,ACTIVE_OUTER,ACTIVE_OUTER,CURVATURE_CORRIDOR_CRITICAL,CONTINUITY_BIASED_SAFE_ANCHOR,M0_V1_ANALYTIC_PROBE_ROOT,1,0,0,0,0,0,0
VUE037,VALIDATION_SEEN_AFTER_V1,FROZEN_PRODUCTION_FAILURE,1,RIGHT,-0.15000000000000002,-0.3414246937699885,0.5145810930150512,3.5426558074409256,M0_V1,FROZEN_V1_CURVATURE_CONTINUITY,ACTIVE_OUTER,ACTIVE_OUTER,CURVATURE_CORRIDOR_CRITICAL,CONTINUITY_BIASED_SAFE_ANCHOR,M0_V1_ANALYTIC_PROBE_ROOT,1,0,0,0,0,0,0
VUE037,VALIDATION_SEEN_AFTER_V1,FROZEN_PRODUCTION_FAILURE,2,RIGHT,-0.15000000000000002,-0.3414246937699885,0.5145810930150512,6.588143198624357,M0_V1,FROZEN_V1_CURVATURE_CONTINUITY,ACTIVE_OUTER,ACTIVE_OUTER,CURVATURE_CORRIDOR_CRITICAL,CONTINUITY_BIASED_SAFE_ANCHOR,M0_V1_ANALYTIC_PROBE_ROOT,1,0,0,0,0,0,0
VUE037,VALIDATION_SEEN_AFTER_V1,FROZEN_PRODUCTION_FAILURE,3,RIGHT,-0.15000000000000002,-0.3414246937699885,1.310934367577036,0.5923398972319768,M0_V1,FROZEN_V1_CURVATURE_CONTINUITY,ACTIVE_OUTER,ACTIVE_OUTER,CURVATURE_CORRIDOR_CRITICAL,CONTINUITY_BIASED_SAFE_ANCHOR,M0_V1_ANALYTIC_PROBE_ROOT,1,1,0,0,0,0,0
VUE037,VALIDATION_SEEN_AFTER_V1,FROZEN_PRODUCTION_FAILURE,4,RIGHT,-0.15000000000000002,-0.3414246937699885,1.310934367577036,3.5426558074409256,M0_V1,FROZEN_V1_CURVATURE_CONTINUITY,ACTIVE_OUTER,ACTIVE_OUTER,CURVATURE_CORRIDOR_CRITICAL,CONTINUITY_BIASED_SAFE_ANCHOR,M0_V1_ANALYTIC_PROBE_ROOT,1,0,0,0,0,0,0
VUE037,VALIDATION_SEEN_AFTER_V1,FROZEN_PRODUCTION_FAILURE,5,RIGHT,-0.15000000000000002,-0.3414246937699885,1.310934367577036,6.588143198624357,M0_V1,FROZEN_V1_CURVATURE_CONTINUITY,ACTIVE_OUTER,ACTIVE_OUTER,CURVATURE_CORRIDOR_CRITICAL,CONTINUITY_BIASED_SAFE_ANCHOR,M0_V1_ANALYTIC_PROBE_ROOT,1,0,0,0,0,0,0
VUE037,VALIDATION_SEEN_AFTER_V1,FROZEN_PRODUCTION_FAILURE,6,LEFT,0.7425690718923644,0.8301506844619508,0.5145810930150512,0.6049868191659147,M0_V1,FROZEN_V1_CURVATURE_CONTINUITY,ACTIVE_OUTER,ACTIVE_OUTER,CURVATURE_CORRIDOR_CRITICAL,CONTINUITY_BIASED_SAFE_ANCHOR,M0_V1_ANALYTIC_PROBE_ROOT,1,0,0,0,0,0,0
VUE037,VALIDATION_SEEN_AFTER_V1,FROZEN_PRODUCTION_FAILURE,7,LEFT,0.7425690718923644,0.8301506844619508,0.5145810930150512,3.94735730932694,M0_V1,FROZEN_V1_CURVATURE_CONTINUITY,ACTIVE_OUTER,ACTIVE_OUTER,CURVATURE_CORRIDOR_CRITICAL,CONTINUITY_BIASED_SAFE_ANCHOR,M0_V1_ANALYTIC_PROBE_ROOT,1,1,0,0,0,0,0
VUE037,VALIDATION_SEEN_AFTER_V1,FROZEN_PRODUCTION_FAILURE,8,LEFT,0.7425690718923644,0.8301506844619508,0.5145810930150512,7.397546202396385,M0_V1,FROZEN_V1_CURVATURE_CONTINUITY,ACTIVE_OUTER,ACTIVE_OUTER,CURVATURE_CORRIDOR_CRITICAL,CONTINUITY_BIASED_SAFE_ANCHOR,M0_V1_ANALYTIC_PROBE_ROOT,1,1,0,0,0,0,0
VUE037,VALIDATION_SEEN_AFTER_V1,FROZEN_PRODUCTION_FAILURE,9,LEFT,0.7425690718923644,0.8301506844619508,1.310934367577036,0.6049868191659147,M0_V1,FROZEN_V1_CURVATURE_CONTINUITY,ACTIVE_OUTER,ACTIVE_OUTER,CURVATURE_CORRIDOR_CRITICAL,CONTINUITY_BIASED_SAFE_ANCHOR,M0_V1_ANALYTIC_PROBE_ROOT,1,0,0,0,0,0,0
VUE037,VALIDATION_SEEN_AFTER_V1,FROZEN_PRODUCTION_FAILURE,10,LEFT,0.7425690718923644,0.8301506844619508,1.310934367577036,3.94735730932694,M0_V1,FROZEN_V1_CURVATURE_CONTINUITY,ACTIVE_OUTER,ACTIVE_OUTER,CURVATURE_CORRIDOR_CRITICAL,CONTINUITY_BIASED_SAFE_ANCHOR,M0_V1_ANALYTIC_PROBE_ROOT,1,1,0,0,0,0,0
VUE037,VALIDATION_SEEN_AFTER_V1,FROZEN_PRODUCTION_FAILURE,11,LEFT,0.7425690718923644,0.8301506844619508,1.310934367577036,7.397546202396385,M0_V1,FROZEN_V1_CURVATURE_CONTINUITY,ACTIVE_OUTER,ACTIVE_OUTER,CURVATURE_CORRIDOR_CRITICAL,CONTINUITY_BIASED_SAFE_ANCHOR,M0_V1_ANALYTIC_PROBE_ROOT,1,1,0,0,0,0,0
VUE037,VALIDATION_SEEN_AFTER_V1,FROZEN_PRODUCTION_FAILURE,12,RIGHT,-0.1601171875,-0.1601171875,0.5145810930150512,0.4971684162574945,M1,ZERO_BOUNDARY_SHORT,ZERO_INTERFACE,ZERO_INTERFACE,NONE,NONE,ZERO_INTERFACE_DIRECT_ANCHOR,1,1,0,0,0,0,0
VUE037,VALIDATION_SEEN_AFTER_V1,FROZEN_PRODUCTION_FAILURE,13,LEFT,0.7481148676440462,0.7481148676440462,0.5145810930150512,0.4971684162574945,M1,ZERO_BOUNDARY_SHORT,ZERO_INTERFACE,ZERO_INTERFACE,NONE,NONE,ZERO_INTERFACE_DIRECT_ANCHOR,1,1,0,0,0,0,0
VUE037,VALIDATION_SEEN_AFTER_V1,FROZEN_PRODUCTION_FAILURE,14,RIGHT,-0.1601171875,-0.1601171875,0.7136694116555473,0.4971684162574945,M1,ZERO_BOUNDARY_SPAN,ZERO_INTERFACE,ZERO_INTERFACE,NONE,NONE,ZERO_INTERFACE_DIRECT_ANCHOR,1,1,0,0,0,0,0
VUE037,VALIDATION_SEEN_AFTER_V1,FROZEN_PRODUCTION_FAILURE,15,LEFT,0.7481148676440462,0.7481148676440462,0.7136694116555473,0.4971684162574945,M1,ZERO_BOUNDARY_SPAN,ZERO_INTERFACE,ZERO_INTERFACE,NONE,NONE,ZERO_INTERFACE_DIRECT_ANCHOR,1,1,0,0,0,0,0
VUE037,VALIDATION_SEEN_AFTER_V1,FROZEN_PRODUCTION_FAILURE,16,RIGHT,-0.15,-0.5588870091329698,1.310934367577036,6.588143198624357,M1,NEAR_LONG,ACTIVE_OUTER,ACTIVE_OUTER,CORRIDOR_BOTTLENECK,CORRIDOR_CENTER,ANALYTIC_ACTIVE_OUTER_ROOT,1,0,0,0,0,0,0
SCE001,PILOT_SEEN_DEVELOPMENT_DATA_SUCCESS_CONTROL_AUXILIARY,LEGACY_SUCCESS_CONTROL,0,LEFT,0.15,0.2269528225945044,0.5145810930150512,0.5873887859981495,M0_V1,FROZEN_V1_CURVATURE_CONTINUITY,ACTIVE_OUTER,ACTIVE_OUTER,CURVATURE_CORRIDOR_CRITICAL,CONTINUITY_BIASED_SAFE_ANCHOR,M0_V1_ANALYTIC_PROBE_ROOT,1,1,0,0,0,0,0
SCE001,PILOT_SEEN_DEVELOPMENT_DATA_SUCCESS_CONTROL_AUXILIARY,LEGACY_SUCCESS_CONTROL,1,LEFT,0.15,0.2269528225945044,0.5145810930150512,3.3842202479584516,M0_V1,FROZEN_V1_CURVATURE_CONTINUITY,ACTIVE_OUTER,ACTIVE_OUTER,CURVATURE_CORRIDOR_CRITICAL,CONTINUITY_BIASED_SAFE_ANCHOR,M0_V1_ANALYTIC_PROBE_ROOT,1,1,0,0,0,0,0
SCE001,PILOT_SEEN_DEVELOPMENT_DATA_SUCCESS_CONTROL_AUXILIARY,LEGACY_SUCCESS_CONTROL,2,LEFT,0.15,0.2269528225945044,0.5145810930150512,6.271272079659409,M0_V1,FROZEN_V1_CURVATURE_CONTINUITY,ACTIVE_OUTER,ACTIVE_OUTER,CURVATURE_CORRIDOR_CRITICAL,CONTINUITY_BIASED_SAFE_ANCHOR,M0_V1_ANALYTIC_PROBE_ROOT,1,1,0,0,0,0,0
SCE001,PILOT_SEEN_DEVELOPMENT_DATA_SUCCESS_CONTROL_AUXILIARY,LEGACY_SUCCESS_CONTROL,3,LEFT,0.15,0.22695282259450358,1.310934367577036,0.5873887859981495,M0_V1,FROZEN_V1_CURVATURE_CONTINUITY,ACTIVE_OUTER,ACTIVE_OUTER,CURVATURE_CORRIDOR_CRITICAL,CONTINUITY_BIASED_SAFE_ANCHOR,M0_V1_ANALYTIC_PROBE_ROOT,1,1,0,0,0,0,0
SCE001,PILOT_SEEN_DEVELOPMENT_DATA_SUCCESS_CONTROL_AUXILIARY,LEGACY_SUCCESS_CONTROL,4,LEFT,0.15,0.22695282259450358,1.310934367577036,3.3842202479584516,M0_V1,FROZEN_V1_CURVATURE_CONTINUITY,ACTIVE_OUTER,ACTIVE_OUTER,CURVATURE_CORRIDOR_CRITICAL,CONTINUITY_BIASED_SAFE_ANCHOR,M0_V1_ANALYTIC_PROBE_ROOT,1,1,0,0,1,1,0
SCE001,PILOT_SEEN_DEVELOPMENT_DATA_SUCCESS_CONTROL_AUXILIARY,LEGACY_SUCCESS_CONTROL,5,LEFT,0.15,0.22695282259450358,1.310934367577036,6.271272079659409,M0_V1,FROZEN_V1_CURVATURE_CONTINUITY,ACTIVE_OUTER,ACTIVE_OUTER,CURVATURE_CORRIDOR_CRITICAL,CONTINUITY_BIASED_SAFE_ANCHOR,M0_V1_ANALYTIC_PROBE_ROOT,1,1,0,0,1,1,0
SCE002,PILOT_SEEN_DEVELOPMENT_DATA_SUCCESS_CONTROL_AUXILIARY,LEGACY_SUCCESS_CONTROL,0,LEFT,0.1603125,0.1603125,0.5145810930150512,0.4971684162574945,M1,ZERO_BOUNDARY_SHORT,ZERO_INTERFACE,ZERO_INTERFACE,NONE,NONE,ZERO_INTERFACE_DIRECT_ANCHOR,1,1,1,1,1,1,0
SCE002,PILOT_SEEN_DEVELOPMENT_DATA_SUCCESS_CONTROL_AUXILIARY,LEGACY_SUCCESS_CONTROL,1,LEFT,0.1603125,0.1603125,0.7136694116555473,0.4971684162574945,M1,ZERO_BOUNDARY_SPAN,ZERO_INTERFACE,ZERO_INTERFACE,NONE,NONE,ZERO_INTERFACE_DIRECT_ANCHOR,1,1,1,1,1,1,0
SCE003,PILOT_SEEN_DEVELOPMENT_DATA_SUCCESS_CONTROL_AUXILIARY,LEGACY_SUCCESS_CONTROL,0,RIGHT,-0.5371544799026151,-0.5929848497558621,0.5145810930150512,0.6049868191659147,M0_V1,FROZEN_V1_CURVATURE_CONTINUITY,ACTIVE_OUTER,ACTIVE_OUTER,CURVATURE_CORRIDOR_CRITICAL,CONTINUITY_BIASED_SAFE_ANCHOR,M0_V1_ANALYTIC_PROBE_ROOT,1,0,1,1,0,0,0
SCE003,PILOT_SEEN_DEVELOPMENT_DATA_SUCCESS_CONTROL_AUXILIARY,LEGACY_SUCCESS_CONTROL,1,RIGHT,-0.5371544799026151,-0.5930832368914567,0.5145810930150512,3.94735730932694,M0_V1,FROZEN_V1_CURVATURE_CONTINUITY,ACTIVE_OUTER,ACTIVE_OUTER,CURVATURE_CORRIDOR_CRITICAL,CONTINUITY_BIASED_SAFE_ANCHOR,M0_V1_ANALYTIC_PROBE_ROOT,1,1,1,1,0,0,0
SCE003,PILOT_SEEN_DEVELOPMENT_DATA_SUCCESS_CONTROL_AUXILIARY,LEGACY_SUCCESS_CONTROL,2,RIGHT,-0.5371544799026151,-0.5930916202954821,0.5145810930150512,7.397546202396385,M0_V1,FROZEN_V1_CURVATURE_CONTINUITY,ACTIVE_OUTER,ACTIVE_OUTER,CURVATURE_CORRIDOR_CRITICAL,CONTINUITY_BIASED_SAFE_ANCHOR,M0_V1_ANALYTIC_PROBE_ROOT,1,1,1,1,0,0,0
SCE003,PILOT_SEEN_DEVELOPMENT_DATA_SUCCESS_CONTROL_AUXILIARY,LEGACY_SUCCESS_CONTROL,3,RIGHT,-0.5371544799026151,-0.5929848497558621,1.310934367577036,0.6049868191659147,M0_V1,FROZEN_V1_CURVATURE_CONTINUITY,ACTIVE_OUTER,ACTIVE_OUTER,CURVATURE_CORRIDOR_CRITICAL,CONTINUITY_BIASED_SAFE_ANCHOR,M0_V1_ANALYTIC_PROBE_ROOT,1,0,1,1,0,0,0
SCE003,PILOT_SEEN_DEVELOPMENT_DATA_SUCCESS_CONTROL_AUXILIARY,LEGACY_SUCCESS_CONTROL,4,RIGHT,-0.5371544799026151,-0.5930832368914567,1.310934367577036,3.94735730932694,M0_V1,FROZEN_V1_CURVATURE_CONTINUITY,ACTIVE_OUTER,ACTIVE_OUTER,CURVATURE_CORRIDOR_CRITICAL,CONTINUITY_BIASED_SAFE_ANCHOR,M0_V1_ANALYTIC_PROBE_ROOT,1,1,1,1,1,1,0
SCE003,PILOT_SEEN_DEVELOPMENT_DATA_SUCCESS_CONTROL_AUXILIARY,LEGACY_SUCCESS_CONTROL,5,RIGHT,-0.5371544799026151,-0.5930916202954821,1.310934367577036,7.397546202396385,M0_V1,FROZEN_V1_CURVATURE_CONTINUITY,ACTIVE_OUTER,ACTIVE_OUTER,CURVATURE_CORRIDOR_CRITICAL,CONTINUITY_BIASED_SAFE_ANCHOR,M0_V1_ANALYTIC_PROBE_ROOT,1,1,1,1,1,0,0
SCE003,PILOT_SEEN_DEVELOPMENT_DATA_SUCCESS_CONTROL_AUXILIARY,LEGACY_SUCCESS_CONTROL,6,LEFT,0.15,0.1500000883030272,0.5145810930150512,0.5863206239191057,M0_V1,FROZEN_V1_CURVATURE_CONTINUITY,ACTIVE_OUTER,ACTIVE_OUTER,CURVATURE_CORRIDOR_CRITICAL,CONTINUITY_BIASED_SAFE_ANCHOR,M0_V1_ANALYTIC_PROBE_ROOT,1,1,1,0,0,0,0
SCE003,PILOT_SEEN_DEVELOPMENT_DATA_SUCCESS_CONTROL_AUXILIARY,LEGACY_SUCCESS_CONTROL,7,LEFT,0.15,0.1500000019846028,0.5145810930150512,3.3500390614290523,M0_V1,FROZEN_V1_CURVATURE_CONTINUITY,ACTIVE_OUTER,ACTIVE_OUTER,CURVATURE_CORRIDOR_CRITICAL,CONTINUITY_BIASED_SAFE_ANCHOR,M0_V1_ANALYTIC_PROBE_ROOT,1,0,1,0,0,0,0
SCE003,PILOT_SEEN_DEVELOPMENT_DATA_SUCCESS_CONTROL_AUXILIARY,LEGACY_SUCCESS_CONTROL,8,LEFT,0.15,0.1500000883030272,1.310934367577036,0.5863206239191057,M0_V1,FROZEN_V1_CURVATURE_CONTINUITY,ACTIVE_OUTER,ACTIVE_OUTER,CURVATURE_CORRIDOR_CRITICAL,CONTINUITY_BIASED_SAFE_ANCHOR,M0_V1_ANALYTIC_PROBE_ROOT,1,1,1,0,1,0,0
SCE003,PILOT_SEEN_DEVELOPMENT_DATA_SUCCESS_CONTROL_AUXILIARY,LEGACY_SUCCESS_CONTROL,9,LEFT,0.15,0.1500000019846028,1.310934367577036,3.3500390614290523,M0_V1,FROZEN_V1_CURVATURE_CONTINUITY,ACTIVE_OUTER,ACTIVE_OUTER,CURVATURE_CORRIDOR_CRITICAL,CONTINUITY_BIASED_SAFE_ANCHOR,M0_V1_ANALYTIC_PROBE_ROOT,1,0,1,0,0,0,0
SCE004,PILOT_SEEN_DEVELOPMENT_DATA_SUCCESS_CONTROL_AUXILIARY,LEGACY_SUCCESS_CONTROL,0,RIGHT,-0.1538671875,-0.1538671875,1.310934367577036,0.6049868191659147,M0_V2,ZERO_INTERFACE_BOUNDARY_INSET,ZERO_INTERFACE,ZERO_INTERFACE,NONE,NONE,ZERO_INTERFACE_DIRECT_ANCHOR,1,1,0,0,1,1,0
SCE004,PILOT_SEEN_DEVELOPMENT_DATA_SUCCESS_CONTROL_AUXILIARY,LEGACY_SUCCESS_CONTROL,1,RIGHT,-0.205625,-0.205625,1.310934367577036,7.397546202396385,M0_V2,ZERO_INTERFACE_QUARTER_LONG_EXIT,ZERO_INTERFACE,ZERO_INTERFACE,NONE,NONE,ZERO_INTERFACE_DIRECT_ANCHOR,1,1,0,0,1,1,0
SCE004,PILOT_SEEN_DEVELOPMENT_DATA_SUCCESS_CONTROL_AUXILIARY,LEGACY_SUCCESS_CONTROL,2,RIGHT,-0.26125,-0.26125,1.310934367577036,7.397546202396385,M0_V2,ZERO_INTERFACE_CENTER_LONG_EXIT,ZERO_INTERFACE,ZERO_INTERFACE,NONE,NONE,ZERO_INTERFACE_DIRECT_ANCHOR,1,1,1,1,1,1,0
SCE004,PILOT_SEEN_DEVELOPMENT_DATA_SUCCESS_CONTROL_AUXILIARY,LEGACY_SUCCESS_CONTROL,3,RIGHT,-0.205625,-0.205625,0.7136694116555473,2.222262862792217,M0_V2,ZERO_INTERFACE_QUARTER_SCALE,ZERO_INTERFACE,ZERO_INTERFACE,NONE,NONE,ZERO_INTERFACE_DIRECT_ANCHOR,1,1,0,0,0,0,0
SCE005,PILOT_SEEN_DEVELOPMENT_DATA_SUCCESS_CONTROL_AUXILIARY,LEGACY_SUCCESS_CONTROL,0,LEFT,0.15828320265731108,0.2630916620734053,0.5145810930150512,0.5858568389824358,M0_V1,FROZEN_V1_CURVATURE_CONTINUITY,ACTIVE_OUTER,ACTIVE_OUTER,CURVATURE_CORRIDOR_CRITICAL,CONTINUITY_BIASED_SAFE_ANCHOR,M0_V1_ANALYTIC_PROBE_ROOT,1,1,1,1,0,0,0
SCE005,PILOT_SEEN_DEVELOPMENT_DATA_SUCCESS_CONTROL_AUXILIARY,LEGACY_SUCCESS_CONTROL,1,LEFT,0.15828320265731108,0.26420277646044976,0.5145810930150512,3.335197943455616,M0_V1,FROZEN_V1_CURVATURE_CONTINUITY,ACTIVE_OUTER,ACTIVE_OUTER,CURVATURE_CORRIDOR_CRITICAL,CONTINUITY_BIASED_SAFE_ANCHOR,M0_V1_ANALYTIC_PROBE_ROOT,1,1,1,1,0,0,0
SCE005,PILOT_SEEN_DEVELOPMENT_DATA_SUCCESS_CONTROL_AUXILIARY,LEGACY_SUCCESS_CONTROL,2,LEFT,0.15828320265731108,0.26430872720636617,0.5145810930150512,6.173227470653737,M0_V1,FROZEN_V1_CURVATURE_CONTINUITY,ACTIVE_OUTER,ACTIVE_OUTER,CURVATURE_CORRIDOR_CRITICAL,CONTINUITY_BIASED_SAFE_ANCHOR,M0_V1_ANALYTIC_PROBE_ROOT,1,1,1,1,0,0,0
SCE005,PILOT_SEEN_DEVELOPMENT_DATA_SUCCESS_CONTROL_AUXILIARY,LEGACY_SUCCESS_CONTROL,3,LEFT,0.15828320265731108,0.2630916620734053,1.310934367577036,0.5858568389824358,M0_V1,FROZEN_V1_CURVATURE_CONTINUITY,ACTIVE_OUTER,ACTIVE_OUTER,CURVATURE_CORRIDOR_CRITICAL,CONTINUITY_BIASED_SAFE_ANCHOR,M0_V1_ANALYTIC_PROBE_ROOT,1,1,1,1,1,1,0
SCE005,PILOT_SEEN_DEVELOPMENT_DATA_SUCCESS_CONTROL_AUXILIARY,LEGACY_SUCCESS_CONTROL,4,LEFT,0.15828320265731108,0.26420277646044976,1.310934367577036,3.335197943455616,M0_V1,FROZEN_V1_CURVATURE_CONTINUITY,ACTIVE_OUTER,ACTIVE_OUTER,CURVATURE_CORRIDOR_CRITICAL,CONTINUITY_BIASED_SAFE_ANCHOR,M0_V1_ANALYTIC_PROBE_ROOT,1,1,1,1,1,1,0
SCE005,PILOT_SEEN_DEVELOPMENT_DATA_SUCCESS_CONTROL_AUXILIARY,LEGACY_SUCCESS_CONTROL,5,LEFT,0.15828320265731108,0.26430872720636617,1.310934367577036,6.173227470653737,M0_V1,FROZEN_V1_CURVATURE_CONTINUITY,ACTIVE_OUTER,ACTIVE_OUTER,CURVATURE_CORRIDOR_CRITICAL,CONTINUITY_BIASED_SAFE_ANCHOR,M0_V1_ANALYTIC_PROBE_ROOT,1,1,1,1,1,1,0
SCE006,PILOT_SEEN_DEVELOPMENT_DATA_SUCCESS_CONTROL_AUXILIARY,LEGACY_SUCCESS_CONTROL,0,RIGHT,-0.3194220744791376,-0.3194220744791376,1.310934367577036,0.6049868191659147,M0_V2,ZERO_INTERFACE_BOUNDARY_INSET,ZERO_INTERFACE,ZERO_INTERFACE,NONE,NONE,ZERO_INTERFACE_DIRECT_ANCHOR,1,0,1,1,0,0,0
SCE006,PILOT_SEEN_DEVELOPMENT_DATA_SUCCESS_CONTROL_AUXILIARY,LEGACY_SUCCESS_CONTROL,1,RIGHT,-0.3637561043650572,-0.3637561043650572,1.310934367577036,7.397546202396385,M0_V2,ZERO_INTERFACE_QUARTER_LONG_EXIT,ZERO_INTERFACE,ZERO_INTERFACE,NONE,NONE,ZERO_INTERFACE_DIRECT_ANCHOR,1,1,1,1,1,1,0
SCE006,PILOT_SEEN_DEVELOPMENT_DATA_SUCCESS_CONTROL_AUXILIARY,LEGACY_SUCCESS_CONTROL,2,RIGHT,-0.4166707362433715,-0.4166707362433715,1.310934367577036,7.397546202396385,M0_V2,ZERO_INTERFACE_CENTER_LONG_EXIT,ZERO_INTERFACE,ZERO_INTERFACE,NONE,NONE,ZERO_INTERFACE_DIRECT_ANCHOR,1,1,1,1,1,1,0
SCE006,PILOT_SEEN_DEVELOPMENT_DATA_SUCCESS_CONTROL_AUXILIARY,LEGACY_SUCCESS_CONTROL,3,RIGHT,-0.3637561043650572,-0.3637561043650572,0.7136694116555473,2.222262862792217,M0_V2,ZERO_INTERFACE_QUARTER_SCALE,ZERO_INTERFACE,ZERO_INTERFACE,NONE,NONE,ZERO_INTERFACE_DIRECT_ANCHOR,1,1,1,1,0,0,0
SCE006,PILOT_SEEN_DEVELOPMENT_DATA_SUCCESS_CONTROL_AUXILIARY,LEGACY_SUCCESS_CONTROL,4,LEFT,0.365793601427457,0.365793601427457,1.310934367577036,0.5854424695829995,M0_V2,ZERO_INTERFACE_BOUNDARY_INSET,ZERO_INTERFACE,ZERO_INTERFACE,NONE,NONE,ZERO_INTERFACE_DIRECT_ANCHOR,1,1,0,0,0,0,0
SCE006,PILOT_SEEN_DEVELOPMENT_DATA_SUCCESS_CONTROL_AUXILIARY,LEGACY_SUCCESS_CONTROL,5,LEFT,0.5459617915637768,0.5459617915637768,1.310934367577036,6.146707829089812,M0_V2,ZERO_INTERFACE_QUARTER_LONG_EXIT,ZERO_INTERFACE,ZERO_INTERFACE,NONE,NONE,ZERO_INTERFACE_DIRECT_ANCHOR,1,1,0,0,1,1,0
SCE006,PILOT_SEEN_DEVELOPMENT_DATA_SUCCESS_CONTROL_AUXILIARY,LEGACY_SUCCESS_CONTROL,6,LEFT,0.7381411943758511,0.7381411943758511,1.310934367577036,6.146707829089812,M0_V2,ZERO_INTERFACE_CENTER_LONG_EXIT,ZERO_INTERFACE,ZERO_INTERFACE,NONE,NONE,ZERO_INTERFACE_DIRECT_ANCHOR,1,1,1,0,1,1,0
SCE006,PILOT_SEEN_DEVELOPMENT_DATA_SUCCESS_CONTROL_AUXILIARY,LEGACY_SUCCESS_CONTROL,7,LEFT,0.5459617915637768,0.5459617915637768,0.7136694116555473,1.909553269465574,M0_V2,ZERO_INTERFACE_QUARTER_SCALE,ZERO_INTERFACE,ZERO_INTERFACE,NONE,NONE,ZERO_INTERFACE_DIRECT_ANCHOR,1,1,0,0,0,0,0
SCE006,PILOT_SEEN_DEVELOPMENT_DATA_SUCCESS_CONTROL_AUXILIARY,LEGACY_SUCCESS_CONTROL,8,LEFT,0.3537823887517023,0.7381411943758516,0.7136694116555473,1.909553269465574,M0_V2,BRANCH_AWARE_ANALYTIC_ROOT,ACTIVE_OUTER,ACTIVE_OUTER,CORRIDOR_BOTTLENECK,CORRIDOR_CENTER,ANALYTIC_ACTIVE_OUTER_ROOT,1,1,0,0,0,0,0
SCE007,PILOT_SEEN_DEVELOPMENT_DATA_SUCCESS_CONTROL_AUXILIARY,LEGACY_SUCCESS_CONTROL,0,RIGHT,-0.524633016920255,-0.5931161524757207,0.5145810930150512,0.6049868191659147,M0_V1,FROZEN_V1_CURVATURE_CONTINUITY,ACTIVE_OUTER,ACTIVE_OUTER,CURVATURE_CORRIDOR_CRITICAL,CONTINUITY_BIASED_SAFE_ANCHOR,M0_V1_ANALYTIC_PROBE_ROOT,1,0,1,1,0,0,0
SCE007,PILOT_SEEN_DEVELOPMENT_DATA_SUCCESS_CONTROL_AUXILIARY,LEGACY_SUCCESS_CONTROL,1,RIGHT,-0.524633016920255,-0.5931806241880538,0.5145810930150512,3.94735730932694,M0_V1,FROZEN_V1_CURVATURE_CONTINUITY,ACTIVE_OUTER,ACTIVE_OUTER,CURVATURE_CORRIDOR_CRITICAL,CONTINUITY_BIASED_SAFE_ANCHOR,M0_V1_ANALYTIC_PROBE_ROOT,1,1,1,1,0,0,0
SCE007,PILOT_SEEN_DEVELOPMENT_DATA_SUCCESS_CONTROL_AUXILIARY,LEGACY_SUCCESS_CONTROL,2,RIGHT,-0.524633016920255,-0.59318601111317,0.5145810930150512,7.397546202396385,M0_V1,FROZEN_V1_CURVATURE_CONTINUITY,ACTIVE_OUTER,ACTIVE_OUTER,CURVATURE_CORRIDOR_CRITICAL,CONTINUITY_BIASED_SAFE_ANCHOR,M0_V1_ANALYTIC_PROBE_ROOT,1,1,1,1,0,0,0
SCE007,PILOT_SEEN_DEVELOPMENT_DATA_SUCCESS_CONTROL_AUXILIARY,LEGACY_SUCCESS_CONTROL,3,RIGHT,-0.524633016920255,-0.5931161524757207,1.310934367577036,0.6049868191659147,M0_V1,FROZEN_V1_CURVATURE_CONTINUITY,ACTIVE_OUTER,ACTIVE_OUTER,CURVATURE_CORRIDOR_CRITICAL,CONTINUITY_BIASED_SAFE_ANCHOR,M0_V1_ANALYTIC_PROBE_ROOT,1,0,1,1,0,0,0
SCE007,PILOT_SEEN_DEVELOPMENT_DATA_SUCCESS_CONTROL_AUXILIARY,LEGACY_SUCCESS_CONTROL,4,RIGHT,-0.524633016920255,-0.5931806241880538,1.310934367577036,3.94735730932694,M0_V1,FROZEN_V1_CURVATURE_CONTINUITY,ACTIVE_OUTER,ACTIVE_OUTER,CURVATURE_CORRIDOR_CRITICAL,CONTINUITY_BIASED_SAFE_ANCHOR,M0_V1_ANALYTIC_PROBE_ROOT,1,1,1,1,1,1,0
SCE007,PILOT_SEEN_DEVELOPMENT_DATA_SUCCESS_CONTROL_AUXILIARY,LEGACY_SUCCESS_CONTROL,5,RIGHT,-0.524633016920255,-0.59318601111317,1.310934367577036,7.397546202396385,M0_V1,FROZEN_V1_CURVATURE_CONTINUITY,ACTIVE_OUTER,ACTIVE_OUTER,CURVATURE_CORRIDOR_CRITICAL,CONTINUITY_BIASED_SAFE_ANCHOR,M0_V1_ANALYTIC_PROBE_ROOT,1,1,1,1,1,1,0
SCE007,PILOT_SEEN_DEVELOPMENT_DATA_SUCCESS_CONTROL_AUXILIARY,LEGACY_SUCCESS_CONTROL,6,LEFT,0.16974513453712126,0.25076906211413,0.5145810930150512,0.5888217197483023,M0_V1,FROZEN_V1_CURVATURE_CONTINUITY,ACTIVE_OUTER,ACTIVE_OUTER,CURVATURE_CORRIDOR_CRITICAL,CONTINUITY_BIASED_SAFE_ANCHOR,M0_V1_ANALYTIC_PROBE_ROOT,1,1,1,0,0,0,0
SCE007,PILOT_SEEN_DEVELOPMENT_DATA_SUCCESS_CONTROL_AUXILIARY,LEGACY_SUCCESS_CONTROL,7,LEFT,0.16974513453712126,0.2507782326637334,0.5145810930150512,3.4300741279633424,M0_V1,FROZEN_V1_CURVATURE_CONTINUITY,ACTIVE_OUTER,ACTIVE_OUTER,CURVATURE_CORRIDOR_CRITICAL,CONTINUITY_BIASED_SAFE_ANCHOR,M0_V1_ANALYTIC_PROBE_ROOT,1,0,1,0,0,0,0
SCE007,PILOT_SEEN_DEVELOPMENT_DATA_SUCCESS_CONTROL_AUXILIARY,LEGACY_SUCCESS_CONTROL,8,LEFT,0.16974513453712126,0.25077909946724636,0.5145810930150512,6.36297983966919,M0_V1,FROZEN_V1_CURVATURE_CONTINUITY,ACTIVE_OUTER,ACTIVE_OUTER,CURVATURE_CORRIDOR_CRITICAL,CONTINUITY_BIASED_SAFE_ANCHOR,M0_V1_ANALYTIC_PROBE_ROOT,1,0,1,0,0,0,0
SCE007,PILOT_SEEN_DEVELOPMENT_DATA_SUCCESS_CONTROL_AUXILIARY,LEGACY_SUCCESS_CONTROL,9,LEFT,0.16974513453712126,0.25076906211413,1.310934367577036,0.5888217197483023,M0_V1,FROZEN_V1_CURVATURE_CONTINUITY,ACTIVE_OUTER,ACTIVE_OUTER,CURVATURE_CORRIDOR_CRITICAL,CONTINUITY_BIASED_SAFE_ANCHOR,M0_V1_ANALYTIC_PROBE_ROOT,1,1,1,0,1,1,0
SCE007,PILOT_SEEN_DEVELOPMENT_DATA_SUCCESS_CONTROL_AUXILIARY,LEGACY_SUCCESS_CONTROL,10,LEFT,0.16974513453712126,0.2507782326637334,1.310934367577036,3.4300741279633424,M0_V1,FROZEN_V1_CURVATURE_CONTINUITY,ACTIVE_OUTER,ACTIVE_OUTER,CURVATURE_CORRIDOR_CRITICAL,CONTINUITY_BIASED_SAFE_ANCHOR,M0_V1_ANALYTIC_PROBE_ROOT,1,0,1,0,0,0,0
SCE007,PILOT_SEEN_DEVELOPMENT_DATA_SUCCESS_CONTROL_AUXILIARY,LEGACY_SUCCESS_CONTROL,11,LEFT,0.16974513453712126,0.25077909946724636,1.310934367577036,6.36297983966919,M0_V1,FROZEN_V1_CURVATURE_CONTINUITY,ACTIVE_OUTER,ACTIVE_OUTER,CURVATURE_CORRIDOR_CRITICAL,CONTINUITY_BIASED_SAFE_ANCHOR,M0_V1_ANALYTIC_PROBE_ROOT,1,0,1,0,0,0,0
SCE008,PILOT_SEEN_DEVELOPMENT_DATA_SUCCESS_CONTROL_AUXILIARY,LEGACY_SUCCESS_CONTROL,0,LEFT,0.1628515625,0.1628515625,0.5145810930150512,0.4971684162574945,M1,ZERO_BOUNDARY_SHORT,ZERO_INTERFACE,ZERO_INTERFACE,NONE,NONE,ZERO_INTERFACE_DIRECT_ANCHOR,1,1,1,0,1,0,0
SCE008,PILOT_SEEN_DEVELOPMENT_DATA_SUCCESS_CONTROL_AUXILIARY,LEGACY_SUCCESS_CONTROL,1,LEFT,0.1628515625,0.1628515625,0.7136694116555473,0.4971684162574945,M1,ZERO_BOUNDARY_SPAN,ZERO_INTERFACE,ZERO_INTERFACE,NONE,NONE,ZERO_INTERFACE_DIRECT_ANCHOR,1,1,1,0,0,0,0
SCE009,PILOT_SEEN_DEVELOPMENT_DATA_SUCCESS_CONTROL_AUXILIARY,LEGACY_SUCCESS_CONTROL,0,LEFT,0.1577734375,0.1577734375,1.310934367577036,0.5736730482295019,M0_V2,ZERO_INTERFACE_BOUNDARY_INSET,ZERO_INTERFACE,ZERO_INTERFACE,NONE,NONE,ZERO_INTERFACE_DIRECT_ANCHOR,1,1,1,1,0,0,0
SCE009,PILOT_SEEN_DEVELOPMENT_DATA_SUCCESS_CONTROL_AUXILIARY,LEGACY_SUCCESS_CONTROL,1,LEFT,0.274375,0.274375,1.310934367577036,5.393464862465968,M0_V2,ZERO_INTERFACE_QUARTER_LONG_EXIT,ZERO_INTERFACE,ZERO_INTERFACE,NONE,NONE,ZERO_INTERFACE_DIRECT_ANCHOR,1,1,0,0,0,0,0
SCE009,PILOT_SEEN_DEVELOPMENT_DATA_SUCCESS_CONTROL_AUXILIARY,LEGACY_SUCCESS_CONTROL,2,LEFT,0.39875,0.39875,1.310934367577036,5.393464862465968,M0_V2,ZERO_INTERFACE_CENTER_LONG_EXIT,ZERO_INTERFACE,ZERO_INTERFACE,NONE,NONE,ZERO_INTERFACE_DIRECT_ANCHOR,1,1,0,0,0,0,0
SCE009,PILOT_SEEN_DEVELOPMENT_DATA_SUCCESS_CONTROL_AUXILIARY,LEGACY_SUCCESS_CONTROL,3,LEFT,0.274375,0.274375,0.7136694116555473,1.7212425278096128,M0_V2,ZERO_INTERFACE_QUARTER_SCALE,ZERO_INTERFACE,ZERO_INTERFACE,NONE,NONE,ZERO_INTERFACE_DIRECT_ANCHOR,1,1,0,0,1,1,0
SCE010,PILOT_SEEN_DEVELOPMENT_DATA_SUCCESS_CONTROL_AUXILIARY,LEGACY_SUCCESS_CONTROL,0,RIGHT,-0.1550152482637479,-0.29384563661626967,0.5145810930150512,0.5863116168761787,M0_V1,FROZEN_V1_CURVATURE_CONTINUITY,ACTIVE_OUTER,ACTIVE_OUTER,CURVATURE_CORRIDOR_CRITICAL,CONTINUITY_BIASED_SAFE_ANCHOR,M0_V1_ANALYTIC_PROBE_ROOT,1,1,1,1,0,0,0
SCE010,PILOT_SEEN_DEVELOPMENT_DATA_SUCCESS_CONTROL_AUXILIARY,LEGACY_SUCCESS_CONTROL,1,RIGHT,-0.1550152482637479,-0.29778567378208043,0.5145810930150512,3.3497508360553874,M0_V1,FROZEN_V1_CURVATURE_CONTINUITY,ACTIVE_OUTER,ACTIVE_OUTER,CURVATURE_CORRIDOR_CRITICAL,CONTINUITY_BIASED_SAFE_ANCHOR,M0_V1_ANALYTIC_PROBE_ROOT,1,1,1,1,0,0,0
SCE010,PILOT_SEEN_DEVELOPMENT_DATA_SUCCESS_CONTROL_AUXILIARY,LEGACY_SUCCESS_CONTROL,2,RIGHT,-0.1550152482637479,-0.2981576825934744,0.5145810930150512,6.20233325585328,M0_V1,FROZEN_V1_CURVATURE_CONTINUITY,ACTIVE_OUTER,ACTIVE_OUTER,CURVATURE_CORRIDOR_CRITICAL,CONTINUITY_BIASED_SAFE_ANCHOR,M0_V1_ANALYTIC_PROBE_ROOT,1,1,1,1,0,0,0
SCE010,PILOT_SEEN_DEVELOPMENT_DATA_SUCCESS_CONTROL_AUXILIARY,LEGACY_SUCCESS_CONTROL,3,RIGHT,-0.1550152482637479,-0.29384563661626967,1.310934367577036,0.5863116168761787,M0_V1,FROZEN_V1_CURVATURE_CONTINUITY,ACTIVE_OUTER,ACTIVE_OUTER,CURVATURE_CORRIDOR_CRITICAL,CONTINUITY_BIASED_SAFE_ANCHOR,M0_V1_ANALYTIC_PROBE_ROOT,1,1,1,1,1,1,0
SCE010,PILOT_SEEN_DEVELOPMENT_DATA_SUCCESS_CONTROL_AUXILIARY,LEGACY_SUCCESS_CONTROL,4,RIGHT,-0.1550152482637479,-0.29778567378208043,1.310934367577036,3.3497508360553874,M0_V1,FROZEN_V1_CURVATURE_CONTINUITY,ACTIVE_OUTER,ACTIVE_OUTER,CURVATURE_CORRIDOR_CRITICAL,CONTINUITY_BIASED_SAFE_ANCHOR,M0_V1_ANALYTIC_PROBE_ROOT,1,1,1,1,1,1,0
SCE010,PILOT_SEEN_DEVELOPMENT_DATA_SUCCESS_CONTROL_AUXILIARY,LEGACY_SUCCESS_CONTROL,5,RIGHT,-0.1550152482637479,-0.2981576825934744,1.310934367577036,6.20233325585328,M0_V1,FROZEN_V1_CURVATURE_CONTINUITY,ACTIVE_OUTER,ACTIVE_OUTER,CURVATURE_CORRIDOR_CRITICAL,CONTINUITY_BIASED_SAFE_ANCHOR,M0_V1_ANALYTIC_PROBE_ROOT,1,0,1,1,0,0,0
SCE010,PILOT_SEEN_DEVELOPMENT_DATA_SUCCESS_CONTROL_AUXILIARY,LEGACY_SUCCESS_CONTROL,6,RIGHT,-0.16583532250962685,-0.16583532250962685,1.310934367577036,0.5863116168761787,M0_V2,ZERO_INTERFACE_BOUNDARY_INSET,ZERO_INTERFACE,ZERO_INTERFACE,NONE,NONE,ZERO_INTERFACE_DIRECT_ANCHOR,1,1,1,1,1,1,0
SCE010,PILOT_SEEN_DEVELOPMENT_DATA_SUCCESS_CONTROL_AUXILIARY,LEGACY_SUCCESS_CONTROL,7,RIGHT,-0.31251143619781097,-0.31251143619781097,1.310934367577036,6.20233325585328,M0_V2,ZERO_INTERFACE_QUARTER_LONG_EXIT,ZERO_INTERFACE,ZERO_INTERFACE,NONE,NONE,ZERO_INTERFACE_DIRECT_ANCHOR,1,0,0,0,0,0,0
SCE010,PILOT_SEEN_DEVELOPMENT_DATA_SUCCESS_CONTROL_AUXILIARY,LEGACY_SUCCESS_CONTROL,8,RIGHT,-0.470007624131874,-0.470007624131874,1.310934367577036,6.20233325585328,M0_V2,ZERO_INTERFACE_CENTER_LONG_EXIT,ZERO_INTERFACE,ZERO_INTERFACE,NONE,NONE,ZERO_INTERFACE_DIRECT_ANCHOR,1,0,0,0,0,0,0
SCE010,PILOT_SEEN_DEVELOPMENT_DATA_SUCCESS_CONTROL_AUXILIARY,LEGACY_SUCCESS_CONTROL,9,RIGHT,-0.31251143619781097,-0.31251143619781097,0.7136694116555473,1.923459626156441,M0_V2,ZERO_INTERFACE_QUARTER_SCALE,ZERO_INTERFACE,ZERO_INTERFACE,NONE,NONE,ZERO_INTERFACE_DIRECT_ANCHOR,1,1,0,0,0,0,0
SCE010,PILOT_SEEN_DEVELOPMENT_DATA_SUCCESS_CONTROL_AUXILIARY,LEGACY_SUCCESS_CONTROL,10,RIGHT,-0.1550152482637479,-0.7742819360936462,0.7136694116555473,1.923459626156441,M0_V2,BRANCH_AWARE_ANALYTIC_ROOT,ACTIVE_OUTER,ACTIVE_OUTER,CORRIDOR_BOTTLENECK,CORRIDOR_CENTER,ANALYTIC_ACTIVE_OUTER_ROOT,1,1,1,1,0,0,0
SCE010,PILOT_SEEN_DEVELOPMENT_DATA_SUCCESS_CONTROL_AUXILIARY,LEGACY_SUCCESS_CONTROL,11,LEFT,0.44443974883918697,0.44443974883918697,1.310934367577036,0.6049868191659147,M0_V2,ZERO_INTERFACE_BOUNDARY_INSET,ZERO_INTERFACE,ZERO_INTERFACE,NONE,NONE,ZERO_INTERFACE_DIRECT_ANCHOR,1,0,0,0,0,0,0
SCE010,PILOT_SEEN_DEVELOPMENT_DATA_SUCCESS_CONTROL_AUXILIARY,LEGACY_SUCCESS_CONTROL,12,LEFT,0.4749302848298568,0.4749302848298568,1.310934367577036,7.397546202396385,M0_V2,ZERO_INTERFACE_QUARTER_LONG_EXIT,ZERO_INTERFACE,ZERO_INTERFACE,NONE,NONE,ZERO_INTERFACE_DIRECT_ANCHOR,1,1,0,0,1,1,0
SCE010,PILOT_SEEN_DEVELOPMENT_DATA_SUCCESS_CONTROL_AUXILIARY,LEGACY_SUCCESS_CONTROL,13,LEFT,0.5074535232199044,0.5074535232199044,1.310934367577036,7.397546202396385,M0_V2,ZERO_INTERFACE_CENTER_LONG_EXIT,ZERO_INTERFACE,ZERO_INTERFACE,NONE,NONE,ZERO_INTERFACE_DIRECT_ANCHOR,1,1,0,0,1,1,0
SCE010,PILOT_SEEN_DEVELOPMENT_DATA_SUCCESS_CONTROL_AUXILIARY,LEGACY_SUCCESS_CONTROL,14,LEFT,0.4749302848298568,0.4749302848298568,0.7136694116555473,2.222262862792217,M0_V2,ZERO_INTERFACE_QUARTER_SCALE,ZERO_INTERFACE,ZERO_INTERFACE,NONE,NONE,ZERO_INTERFACE_DIRECT_ANCHOR,1,0,0,0,0,0,0
SCE011,PILOT_SEEN_DEVELOPMENT_DATA_SUCCESS_CONTROL_AUXILIARY,LEGACY_SUCCESS_CONTROL,0,LEFT,0.1577734375,0.1577734375,1.310934367577036,0.5738289735318426,M0_V2,ZERO_INTERFACE_BOUNDARY_INSET,ZERO_INTERFACE,ZERO_INTERFACE,NONE,NONE,ZERO_INTERFACE_DIRECT_ANCHOR,1,1,1,1,0,0,0
SCE011,PILOT_SEEN_DEVELOPMENT_DATA_SUCCESS_CONTROL_AUXILIARY,LEGACY_SUCCESS_CONTROL,1,LEFT,0.274375,0.274375,1.310934367577036,5.4034440818157705,M0_V2,ZERO_INTERFACE_QUARTER_LONG_EXIT,ZERO_INTERFACE,ZERO_INTERFACE,NONE,NONE,ZERO_INTERFACE_DIRECT_ANCHOR,1,1,0,0,0,0,0
SCE011,PILOT_SEEN_DEVELOPMENT_DATA_SUCCESS_CONTROL_AUXILIARY,LEGACY_SUCCESS_CONTROL,2,LEFT,0.39875,0.39875,1.310934367577036,5.4034440818157705,M0_V2,ZERO_INTERFACE_CENTER_LONG_EXIT,ZERO_INTERFACE,ZERO_INTERFACE,NONE,NONE,ZERO_INTERFACE_DIRECT_ANCHOR,1,1,1,1,0,0,0
SCE011,PILOT_SEEN_DEVELOPMENT_DATA_SUCCESS_CONTROL_AUXILIARY,LEGACY_SUCCESS_CONTROL,3,LEFT,0.274375,0.274375,0.7136694116555473,1.7237373326470635,M0_V2,ZERO_INTERFACE_QUARTER_SCALE,ZERO_INTERFACE,ZERO_INTERFACE,NONE,NONE,ZERO_INTERFACE_DIRECT_ANCHOR,1,1,0,0,1,1,0
SCE012,PILOT_SEEN_DEVELOPMENT_DATA_SUCCESS_CONTROL_AUXILIARY,LEGACY_SUCCESS_CONTROL,0,RIGHT,-0.1550152482637479,-0.2938459505500608,0.5145810930150512,0.5863492922175375,M0_V1,FROZEN_V1_CURVATURE_CONTINUITY,ACTIVE_OUTER,ACTIVE_OUTER,CURVATURE_CORRIDOR_CRITICAL,CONTINUITY_BIASED_SAFE_ANCHOR,M0_V1_ANALYTIC_PROBE_ROOT,1,1,1,1,0,0,0
SCE012,PILOT_SEEN_DEVELOPMENT_DATA_SUCCESS_CONTROL_AUXILIARY,LEGACY_SUCCESS_CONTROL,1,RIGHT,-0.1550152482637479,-0.2977859658113506,0.5145810930150512,3.350956446978869,M0_V1,FROZEN_V1_CURVATURE_CONTINUITY,ACTIVE_OUTER,ACTIVE_OUTER,CURVATURE_CORRIDOR_CRITICAL,CONTINUITY_BIASED_SAFE_ANCHOR,M0_V1_ANALYTIC_PROBE_ROOT,1,1,1,1,0,0,0
SCE012,PILOT_SEEN_DEVELOPMENT_DATA_SUCCESS_CONTROL_AUXILIARY,LEGACY_SUCCESS_CONTROL,2,RIGHT,-0.1550152482637479,-0.29815785175325565,0.5145810930150512,6.204744477700244,M0_V1,FROZEN_V1_CURVATURE_CONTINUITY,ACTIVE_OUTER,ACTIVE_OUTER,CURVATURE_CORRIDOR_CRITICAL,CONTINUITY_BIASED_SAFE_ANCHOR,M0_V1_ANALYTIC_PROBE_ROOT,1,1,1,1,0,0,0
SCE012,PILOT_SEEN_DEVELOPMENT_DATA_SUCCESS_CONTROL_AUXILIARY,LEGACY_SUCCESS_CONTROL,3,RIGHT,-0.1550152482637479,-0.2938459505500608,1.310934367577036,0.5863492922175375,M0_V1,FROZEN_V1_CURVATURE_CONTINUITY,ACTIVE_OUTER,ACTIVE_OUTER,CURVATURE_CORRIDOR_CRITICAL,CONTINUITY_BIASED_SAFE_ANCHOR,M0_V1_ANALYTIC_PROBE_ROOT,1,1,1,1,1,1,0
SCE012,PILOT_SEEN_DEVELOPMENT_DATA_SUCCESS_CONTROL_AUXILIARY,LEGACY_SUCCESS_CONTROL,4,RIGHT,-0.1550152482637479,-0.2977859658113506,1.310934367577036,3.350956446978869,M0_V1,FROZEN_V1_CURVATURE_CONTINUITY,ACTIVE_OUTER,ACTIVE_OUTER,CURVATURE_CORRIDOR_CRITICAL,CONTINUITY_BIASED_SAFE_ANCHOR,M0_V1_ANALYTIC_PROBE_ROOT,1,1,1,1,1,1,0
SCE012,PILOT_SEEN_DEVELOPMENT_DATA_SUCCESS_CONTROL_AUXILIARY,LEGACY_SUCCESS_CONTROL,5,RIGHT,-0.1550152482637479,-0.29815785175325565,1.310934367577036,6.204744477700244,M0_V1,FROZEN_V1_CURVATURE_CONTINUITY,ACTIVE_OUTER,ACTIVE_OUTER,CURVATURE_CORRIDOR_CRITICAL,CONTINUITY_BIASED_SAFE_ANCHOR,M0_V1_ANALYTIC_PROBE_ROOT,1,0,1,1,0,0,0
SCE012,PILOT_SEEN_DEVELOPMENT_DATA_SUCCESS_CONTROL_AUXILIARY,LEGACY_SUCCESS_CONTROL,6,RIGHT,-0.16583532250962685,-0.16583532250962685,1.310934367577036,0.5863492922175375,M0_V2,ZERO_INTERFACE_BOUNDARY_INSET,ZERO_INTERFACE,ZERO_INTERFACE,NONE,NONE,ZERO_INTERFACE_DIRECT_ANCHOR,1,1,1,1,1,1,0
SCE012,PILOT_SEEN_DEVELOPMENT_DATA_SUCCESS_CONTROL_AUXILIARY,LEGACY_SUCCESS_CONTROL,7,RIGHT,-0.31251143619781097,-0.31251143619781097,1.310934367577036,6.204744477700244,M0_V2,ZERO_INTERFACE_QUARTER_LONG_EXIT,ZERO_INTERFACE,ZERO_INTERFACE,NONE,NONE,ZERO_INTERFACE_DIRECT_ANCHOR,1,0,0,0,0,0,0
SCE012,PILOT_SEEN_DEVELOPMENT_DATA_SUCCESS_CONTROL_AUXILIARY,LEGACY_SUCCESS_CONTROL,8,RIGHT,-0.470007624131874,-0.470007624131874,1.310934367577036,6.204744477700244,M0_V2,ZERO_INTERFACE_CENTER_LONG_EXIT,ZERO_INTERFACE,ZERO_INTERFACE,NONE,NONE,ZERO_INTERFACE_DIRECT_ANCHOR,1,0,0,0,0,0,0
SCE012,PILOT_SEEN_DEVELOPMENT_DATA_SUCCESS_CONTROL_AUXILIARY,LEGACY_SUCCESS_CONTROL,9,RIGHT,-0.31251143619781097,-0.31251143619781097,0.7136694116555473,1.9240624316181818,M0_V2,ZERO_INTERFACE_QUARTER_SCALE,ZERO_INTERFACE,ZERO_INTERFACE,NONE,NONE,ZERO_INTERFACE_DIRECT_ANCHOR,1,1,0,0,0,0,0
SCE012,PILOT_SEEN_DEVELOPMENT_DATA_SUCCESS_CONTROL_AUXILIARY,LEGACY_SUCCESS_CONTROL,10,RIGHT,-0.1550152482637479,-0.7742826037508002,0.7136694116555473,1.9240624316181818,M0_V2,BRANCH_AWARE_ANALYTIC_ROOT,ACTIVE_OUTER,ACTIVE_OUTER,CORRIDOR_BOTTLENECK,CORRIDOR_CENTER,ANALYTIC_ACTIVE_OUTER_ROOT,1,1,1,1,0,0,0
SCE012,PILOT_SEEN_DEVELOPMENT_DATA_SUCCESS_CONTROL_AUXILIARY,LEGACY_SUCCESS_CONTROL,11,LEFT,0.44443974883918697,0.44443974883918697,1.310934367577036,0.6049868191659147,M0_V2,ZERO_INTERFACE_BOUNDARY_INSET,ZERO_INTERFACE,ZERO_INTERFACE,NONE,NONE,ZERO_INTERFACE_DIRECT_ANCHOR,1,0,0,0,0,0,0
SCE012,PILOT_SEEN_DEVELOPMENT_DATA_SUCCESS_CONTROL_AUXILIARY,LEGACY_SUCCESS_CONTROL,12,LEFT,0.4749302848298568,0.4749302848298568,1.310934367577036,7.397546202396385,M0_V2,ZERO_INTERFACE_QUARTER_LONG_EXIT,ZERO_INTERFACE,ZERO_INTERFACE,NONE,NONE,ZERO_INTERFACE_DIRECT_ANCHOR,1,1,0,0,1,1,0
SCE012,PILOT_SEEN_DEVELOPMENT_DATA_SUCCESS_CONTROL_AUXILIARY,LEGACY_SUCCESS_CONTROL,13,LEFT,0.5074535232199044,0.5074535232199044,1.310934367577036,7.397546202396385,M0_V2,ZERO_INTERFACE_CENTER_LONG_EXIT,ZERO_INTERFACE,ZERO_INTERFACE,NONE,NONE,ZERO_INTERFACE_DIRECT_ANCHOR,1,1,0,0,1,1,0
SCE012,PILOT_SEEN_DEVELOPMENT_DATA_SUCCESS_CONTROL_AUXILIARY,LEGACY_SUCCESS_CONTROL,14,LEFT,0.4749302848298568,0.4749302848298568,0.7136694116555473,2.222262862792217,M0_V2,ZERO_INTERFACE_QUARTER_SCALE,ZERO_INTERFACE,ZERO_INTERFACE,NONE,NONE,ZERO_INTERFACE_DIRECT_ANCHOR,1,0,0,0,0,0,0
SCE013,PILOT_SEEN_DEVELOPMENT_DATA_SUCCESS_CONTROL_AUXILIARY,LEGACY_SUCCESS_CONTROL,0,RIGHT,-0.5146523950339973,-0.5685761975169991,0.5145810930150512,0.5805443983650909,M0_V1,FROZEN_V1_CURVATURE_CONTINUITY,ACTIVE_OUTER,ACTIVE_OUTER,CURVATURE_CORRIDOR_CRITICAL,CONTINUITY_BIASED_SAFE_ANCHOR,M0_V1_ANALYTIC_PROBE_ROOT,1,1,1,0,0,0,0
SCE013,PILOT_SEEN_DEVELOPMENT_DATA_SUCCESS_CONTROL_AUXILIARY,LEGACY_SUCCESS_CONTROL,1,RIGHT,-0.5146523950339973,-0.5685761975169991,0.5145810930150512,3.165199843700576,M0_V1,FROZEN_V1_CURVATURE_CONTINUITY,ACTIVE_OUTER,ACTIVE_OUTER,CURVATURE_CORRIDOR_CRITICAL,CONTINUITY_BIASED_SAFE_ANCHOR,M0_V1_ANALYTIC_PROBE_ROOT,1,0,1,0,0,0,0
SCE013,PILOT_SEEN_DEVELOPMENT_DATA_SUCCESS_CONTROL_AUXILIARY,LEGACY_SUCCESS_CONTROL,2,RIGHT,-0.5146523950339973,-0.5685761975169991,0.5145810930150512,5.833231271143657,M0_V1,FROZEN_V1_CURVATURE_CONTINUITY,ACTIVE_OUTER,ACTIVE_OUTER,CURVATURE_CORRIDOR_CRITICAL,CONTINUITY_BIASED_SAFE_ANCHOR,M0_V1_ANALYTIC_PROBE_ROOT,1,0,1,0,0,0,0
SCE013,PILOT_SEEN_DEVELOPMENT_DATA_SUCCESS_CONTROL_AUXILIARY,LEGACY_SUCCESS_CONTROL,3,RIGHT,-0.5146523950339973,-0.568576197516999,1.310934367577036,0.5805443983650909,M0_V1,FROZEN_V1_CURVATURE_CONTINUITY,ACTIVE_OUTER,ACTIVE_OUTER,CURVATURE_CORRIDOR_CRITICAL,CONTINUITY_BIASED_SAFE_ANCHOR,M0_V1_ANALYTIC_PROBE_ROOT,1,1,1,0,0,0,0
SCE013,PILOT_SEEN_DEVELOPMENT_DATA_SUCCESS_CONTROL_AUXILIARY,LEGACY_SUCCESS_CONTROL,4,RIGHT,-0.5146523950339973,-0.568576197516999,1.310934367577036,3.165199843700576,M0_V1,FROZEN_V1_CURVATURE_CONTINUITY,ACTIVE_OUTER,ACTIVE_OUTER,CURVATURE_CORRIDOR_CRITICAL,CONTINUITY_BIASED_SAFE_ANCHOR,M0_V1_ANALYTIC_PROBE_ROOT,1,0,1,0,0,0,0
SCE013,PILOT_SEEN_DEVELOPMENT_DATA_SUCCESS_CONTROL_AUXILIARY,LEGACY_SUCCESS_CONTROL,5,RIGHT,-0.5146523950339973,-0.568576197516999,1.310934367577036,5.833231271143657,M0_V1,FROZEN_V1_CURVATURE_CONTINUITY,ACTIVE_OUTER,ACTIVE_OUTER,CURVATURE_CORRIDOR_CRITICAL,CONTINUITY_BIASED_SAFE_ANCHOR,M0_V1_ANALYTIC_PROBE_ROOT,1,0,1,0,0,0,0
SCE013,PILOT_SEEN_DEVELOPMENT_DATA_SUCCESS_CONTROL_AUXILIARY,LEGACY_SUCCESS_CONTROL,6,LEFT,0.16568589915747844,0.2456858991574786,0.5145810930150512,0.6049868191659147,M0_V1,FROZEN_V1_CURVATURE_CONTINUITY,ACTIVE_OUTER,ACTIVE_OUTER,CURVATURE_CORRIDOR_CRITICAL,CONTINUITY_BIASED_SAFE_ANCHOR,M0_V1_ANALYTIC_PROBE_ROOT,1,0,1,0,0,0,0
SCE013,PILOT_SEEN_DEVELOPMENT_DATA_SUCCESS_CONTROL_AUXILIARY,LEGACY_SUCCESS_CONTROL,7,LEFT,0.16568589915747844,0.2456858991574786,0.5145810930150512,3.94735730932694,M0_V1,FROZEN_V1_CURVATURE_CONTINUITY,ACTIVE_OUTER,ACTIVE_OUTER,CURVATURE_CORRIDOR_CRITICAL,CONTINUITY_BIASED_SAFE_ANCHOR,M0_V1_ANALYTIC_PROBE_ROOT,1,1,1,0,0,0,0
SCE013,PILOT_SEEN_DEVELOPMENT_DATA_SUCCESS_CONTROL_AUXILIARY,LEGACY_SUCCESS_CONTROL,8,LEFT,0.16568589915747844,0.2456858991574786,0.5145810930150512,7.397546202396385,M0_V1,FROZEN_V1_CURVATURE_CONTINUITY,ACTIVE_OUTER,ACTIVE_OUTER,CURVATURE_CORRIDOR_CRITICAL,CONTINUITY_BIASED_SAFE_ANCHOR,M0_V1_ANALYTIC_PROBE_ROOT,1,1,1,0,0,0,0
SCE013,PILOT_SEEN_DEVELOPMENT_DATA_SUCCESS_CONTROL_AUXILIARY,LEGACY_SUCCESS_CONTROL,9,LEFT,0.16568589915747844,0.24568589915747824,1.310934367577036,0.6049868191659147,M0_V1,FROZEN_V1_CURVATURE_CONTINUITY,ACTIVE_OUTER,ACTIVE_OUTER,CURVATURE_CORRIDOR_CRITICAL,CONTINUITY_BIASED_SAFE_ANCHOR,M0_V1_ANALYTIC_PROBE_ROOT,1,0,1,0,0,0,0
SCE013,PILOT_SEEN_DEVELOPMENT_DATA_SUCCESS_CONTROL_AUXILIARY,LEGACY_SUCCESS_CONTROL,10,LEFT,0.16568589915747844,0.24568589915747824,1.310934367577036,3.94735730932694,M0_V1,FROZEN_V1_CURVATURE_CONTINUITY,ACTIVE_OUTER,ACTIVE_OUTER,CURVATURE_CORRIDOR_CRITICAL,CONTINUITY_BIASED_SAFE_ANCHOR,M0_V1_ANALYTIC_PROBE_ROOT,1,1,1,0,1,0,0
SCE013,PILOT_SEEN_DEVELOPMENT_DATA_SUCCESS_CONTROL_AUXILIARY,LEGACY_SUCCESS_CONTROL,11,LEFT,0.16568589915747844,0.24568589915747824,1.310934367577036,7.397546202396385,M0_V1,FROZEN_V1_CURVATURE_CONTINUITY,ACTIVE_OUTER,ACTIVE_OUTER,CURVATURE_CORRIDOR_CRITICAL,CONTINUITY_BIASED_SAFE_ANCHOR,M0_V1_ANALYTIC_PROBE_ROOT,1,1,1,0,1,0,0
SCE014,PILOT_SEEN_DEVELOPMENT_DATA_SUCCESS_CONTROL_AUXILIARY,LEGACY_SUCCESS_CONTROL,0,LEFT,0.15,0.15079706479745622,0.5145810930150512,0.5852709263590226,M0_V1,FROZEN_V1_CURVATURE_CONTINUITY,ACTIVE_OUTER,ACTIVE_OUTER,CURVATURE_CORRIDOR_CRITICAL,CONTINUITY_BIASED_SAFE_ANCHOR,M0_V1_ANALYTIC_PROBE_ROOT,1,1,1,1,1,1,0
SCE014,PILOT_SEEN_DEVELOPMENT_DATA_SUCCESS_CONTROL_AUXILIARY,LEGACY_SUCCESS_CONTROL,1,LEFT,0.15,0.15079706479745622,0.5145810930150512,3.3164487395063915,M0_V1,FROZEN_V1_CURVATURE_CONTINUITY,ACTIVE_OUTER,ACTIVE_OUTER,CURVATURE_CORRIDOR_CRITICAL,CONTINUITY_BIASED_SAFE_ANCHOR,M0_V1_ANALYTIC_PROBE_ROOT,1,1,1,1,0,0,0
SCE014,PILOT_SEEN_DEVELOPMENT_DATA_SUCCESS_CONTROL_AUXILIARY,LEGACY_SUCCESS_CONTROL,2,LEFT,0.15,0.15079706479745622,0.5145810930150512,6.1357290627552885,M0_V1,FROZEN_V1_CURVATURE_CONTINUITY,ACTIVE_OUTER,ACTIVE_OUTER,CURVATURE_CORRIDOR_CRITICAL,CONTINUITY_BIASED_SAFE_ANCHOR,M0_V1_ANALYTIC_PROBE_ROOT,1,1,1,1,0,0,0
SCE014,PILOT_SEEN_DEVELOPMENT_DATA_SUCCESS_CONTROL_AUXILIARY,LEGACY_SUCCESS_CONTROL,3,LEFT,0.15,0.15009294824789693,1.310934367577036,0.5852709263590226,M0_V1,FROZEN_V1_CURVATURE_CONTINUITY,ACTIVE_OUTER,ACTIVE_OUTER,CURVATURE_CORRIDOR_CRITICAL,CONTINUITY_BIASED_SAFE_ANCHOR,M0_V1_ANALYTIC_PROBE_ROOT,1,1,1,1,1,1,0
SCE014,PILOT_SEEN_DEVELOPMENT_DATA_SUCCESS_CONTROL_AUXILIARY,LEGACY_SUCCESS_CONTROL,4,LEFT,0.15,0.15009294824789693,1.310934367577036,3.3164487395063915,M0_V1,FROZEN_V1_CURVATURE_CONTINUITY,ACTIVE_OUTER,ACTIVE_OUTER,CURVATURE_CORRIDOR_CRITICAL,CONTINUITY_BIASED_SAFE_ANCHOR,M0_V1_ANALYTIC_PROBE_ROOT,1,1,1,1,1,1,0
SCE014,PILOT_SEEN_DEVELOPMENT_DATA_SUCCESS_CONTROL_AUXILIARY,LEGACY_SUCCESS_CONTROL,5,LEFT,0.15,0.15009294824789693,1.310934367577036,6.1357290627552885,M0_V1,FROZEN_V1_CURVATURE_CONTINUITY,ACTIVE_OUTER,ACTIVE_OUTER,CURVATURE_CORRIDOR_CRITICAL,CONTINUITY_BIASED_SAFE_ANCHOR,M0_V1_ANALYTIC_PROBE_ROOT,1,1,1,1,1,1,0
SCE015,PILOT_SEEN_DEVELOPMENT_DATA_SUCCESS_CONTROL_AUXILIARY,LEGACY_SUCCESS_CONTROL,0,RIGHT,-0.6571812293772784,-0.7371812293772818,0.5145810930150512,0.5788626594304975,M0_V1,FROZEN_V1_CURVATURE_CONTINUITY,ACTIVE_OUTER,ACTIVE_OUTER,CURVATURE_CORRIDOR_CRITICAL,CONTINUITY_BIASED_SAFE_ANCHOR,M0_V1_ANALYTIC_PROBE_ROOT,1,1,1,1,0,0,0
SCE015,PILOT_SEEN_DEVELOPMENT_DATA_SUCCESS_CONTROL_AUXILIARY,LEGACY_SUCCESS_CONTROL,1,RIGHT,-0.6571812293772784,-0.7371812293772818,0.5145810930150512,3.1113841977935888,M0_V1,FROZEN_V1_CURVATURE_CONTINUITY,ACTIVE_OUTER,ACTIVE_OUTER,CURVATURE_CORRIDOR_CRITICAL,CONTINUITY_BIASED_SAFE_ANCHOR,M0_V1_ANALYTIC_PROBE_ROOT,1,0,1,1,0,0,0
SCE015,PILOT_SEEN_DEVELOPMENT_DATA_SUCCESS_CONTROL_AUXILIARY,LEGACY_SUCCESS_CONTROL,2,RIGHT,-0.6571812293772784,-0.7371812293772818,0.5145810930150512,5.725599979329683,M0_V1,FROZEN_V1_CURVATURE_CONTINUITY,ACTIVE_OUTER,ACTIVE_OUTER,CURVATURE_CORRIDOR_CRITICAL,CONTINUITY_BIASED_SAFE_ANCHOR,M0_V1_ANALYTIC_PROBE_ROOT,1,0,1,1,0,0,0
SCE015,PILOT_SEEN_DEVELOPMENT_DATA_SUCCESS_CONTROL_AUXILIARY,LEGACY_SUCCESS_CONTROL,3,RIGHT,-0.6571812293772784,-0.7371812293772794,1.310934367577036,0.5788626594304975,M0_V1,FROZEN_V1_CURVATURE_CONTINUITY,ACTIVE_OUTER,ACTIVE_OUTER,CURVATURE_CORRIDOR_CRITICAL,CONTINUITY_BIASED_SAFE_ANCHOR,M0_V1_ANALYTIC_PROBE_ROOT,1,1,1,1,0,0,0
SCE015,PILOT_SEEN_DEVELOPMENT_DATA_SUCCESS_CONTROL_AUXILIARY,LEGACY_SUCCESS_CONTROL,4,RIGHT,-0.6571812293772784,-0.7371812293772794,1.310934367577036,3.1113841977935888,M0_V1,FROZEN_V1_CURVATURE_CONTINUITY,ACTIVE_OUTER,ACTIVE_OUTER,CURVATURE_CORRIDOR_CRITICAL,CONTINUITY_BIASED_SAFE_ANCHOR,M0_V1_ANALYTIC_PROBE_ROOT,1,0,1,1,0,0,0
SCE015,PILOT_SEEN_DEVELOPMENT_DATA_SUCCESS_CONTROL_AUXILIARY,LEGACY_SUCCESS_CONTROL,5,RIGHT,-0.6571812293772784,-0.7371812293772794,1.310934367577036,5.725599979329683,M0_V1,FROZEN_V1_CURVATURE_CONTINUITY,ACTIVE_OUTER,ACTIVE_OUTER,CURVATURE_CORRIDOR_CRITICAL,CONTINUITY_BIASED_SAFE_ANCHOR,M0_V1_ANALYTIC_PROBE_ROOT,1,0,1,1,0,0,0
SCE015,PILOT_SEEN_DEVELOPMENT_DATA_SUCCESS_CONTROL_AUXILIARY,LEGACY_SUCCESS_CONTROL,6,LEFT,0.15,0.17158014515235043,0.5145810930150512,0.6049868191659147,M0_V1,FROZEN_V1_CURVATURE_CONTINUITY,ACTIVE_OUTER,ACTIVE_OUTER,CURVATURE_CORRIDOR_CRITICAL,CONTINUITY_BIASED_SAFE_ANCHOR,M0_V1_ANALYTIC_PROBE_ROOT,1,0,1,1,0,0,0
SCE015,PILOT_SEEN_DEVELOPMENT_DATA_SUCCESS_CONTROL_AUXILIARY,LEGACY_SUCCESS_CONTROL,7,LEFT,0.15,0.17158014515235043,0.5145810930150512,3.94735730932694,M0_V1,FROZEN_V1_CURVATURE_CONTINUITY,ACTIVE_OUTER,ACTIVE_OUTER,CURVATURE_CORRIDOR_CRITICAL,CONTINUITY_BIASED_SAFE_ANCHOR,M0_V1_ANALYTIC_PROBE_ROOT,1,1,1,1,0,0,0
SCE015,PILOT_SEEN_DEVELOPMENT_DATA_SUCCESS_CONTROL_AUXILIARY,LEGACY_SUCCESS_CONTROL,8,LEFT,0.15,0.17158014515235043,0.5145810930150512,7.397546202396385,M0_V1,FROZEN_V1_CURVATURE_CONTINUITY,ACTIVE_OUTER,ACTIVE_OUTER,CURVATURE_CORRIDOR_CRITICAL,CONTINUITY_BIASED_SAFE_ANCHOR,M0_V1_ANALYTIC_PROBE_ROOT,1,1,1,1,1,1,0
SCE015,PILOT_SEEN_DEVELOPMENT_DATA_SUCCESS_CONTROL_AUXILIARY,LEGACY_SUCCESS_CONTROL,9,LEFT,0.15,0.17158014515235095,1.310934367577036,0.6049868191659147,M0_V1,FROZEN_V1_CURVATURE_CONTINUITY,ACTIVE_OUTER,ACTIVE_OUTER,CURVATURE_CORRIDOR_CRITICAL,CONTINUITY_BIASED_SAFE_ANCHOR,M0_V1_ANALYTIC_PROBE_ROOT,1,0,1,1,0,0,0
SCE015,PILOT_SEEN_DEVELOPMENT_DATA_SUCCESS_CONTROL_AUXILIARY,LEGACY_SUCCESS_CONTROL,10,LEFT,0.15,0.17158014515235095,1.310934367577036,3.94735730932694,M0_V1,FROZEN_V1_CURVATURE_CONTINUITY,ACTIVE_OUTER,ACTIVE_OUTER,CURVATURE_CORRIDOR_CRITICAL,CONTINUITY_BIASED_SAFE_ANCHOR,M0_V1_ANALYTIC_PROBE_ROOT,1,1,1,1,1,1,0
SCE015,PILOT_SEEN_DEVELOPMENT_DATA_SUCCESS_CONTROL_AUXILIARY,LEGACY_SUCCESS_CONTROL,11,LEFT,0.15,0.17158014515235095,1.310934367577036,7.397546202396385,M0_V1,FROZEN_V1_CURVATURE_CONTINUITY,ACTIVE_OUTER,ACTIVE_OUTER,CURVATURE_CORRIDOR_CRITICAL,CONTINUITY_BIASED_SAFE_ANCHOR,M0_V1_ANALYTIC_PROBE_ROOT,1,1,1,1,1,1,0
SCE016,PILOT_SEEN_DEVELOPMENT_DATA_SUCCESS_CONTROL_AUXILIARY,LEGACY_SUCCESS_CONTROL,0,RIGHT,-0.3272784769238061,-0.4082581567781046,0.5145810930150512,0.5925156834439586,M0_V1,FROZEN_V1_CURVATURE_CONTINUITY,ACTIVE_OUTER,ACTIVE_OUTER,CURVATURE_CORRIDOR_CRITICAL,CONTINUITY_BIASED_SAFE_ANCHOR,M0_V1_ANALYTIC_PROBE_ROOT,1,1,1,1,1,1,0
SCE016,PILOT_SEEN_DEVELOPMENT_DATA_SUCCESS_CONTROL_AUXILIARY,LEGACY_SUCCESS_CONTROL,1,RIGHT,-0.3272784769238061,-0.40831059237483874,0.5145810930150512,3.5482809662243424,M0_V1,FROZEN_V1_CURVATURE_CONTINUITY,ACTIVE_OUTER,ACTIVE_OUTER,CURVATURE_CORRIDOR_CRITICAL,CONTINUITY_BIASED_SAFE_ANCHOR,M0_V1_ANALYTIC_PROBE_ROOT,1,1,1,1,0,0,0
SCE016,PILOT_SEEN_DEVELOPMENT_DATA_SUCCESS_CONTROL_AUXILIARY,LEGACY_SUCCESS_CONTROL,2,RIGHT,-0.3272784769238061,-0.4083153540205531,0.5145810930150512,6.59939351619119,M0_V1,FROZEN_V1_CURVATURE_CONTINUITY,ACTIVE_OUTER,ACTIVE_OUTER,CURVATURE_CORRIDOR_CRITICAL,CONTINUITY_BIASED_SAFE_ANCHOR,M0_V1_ANALYTIC_PROBE_ROOT,1,1,1,1,0,0,0
SCE016,PILOT_SEEN_DEVELOPMENT_DATA_SUCCESS_CONTROL_AUXILIARY,LEGACY_SUCCESS_CONTROL,3,RIGHT,-0.3272784769238061,-0.4082581567781046,1.310934367577036,0.5925156834439586,M0_V1,FROZEN_V1_CURVATURE_CONTINUITY,ACTIVE_OUTER,ACTIVE_OUTER,CURVATURE_CORRIDOR_CRITICAL,CONTINUITY_BIASED_SAFE_ANCHOR,M0_V1_ANALYTIC_PROBE_ROOT,1,1,1,1,1,1,0
SCE016,PILOT_SEEN_DEVELOPMENT_DATA_SUCCESS_CONTROL_AUXILIARY,LEGACY_SUCCESS_CONTROL,4,RIGHT,-0.3272784769238061,-0.40831059237483874,1.310934367577036,3.5482809662243424,M0_V1,FROZEN_V1_CURVATURE_CONTINUITY,ACTIVE_OUTER,ACTIVE_OUTER,CURVATURE_CORRIDOR_CRITICAL,CONTINUITY_BIASED_SAFE_ANCHOR,M0_V1_ANALYTIC_PROBE_ROOT,1,1,1,1,1,1,0
SCE016,PILOT_SEEN_DEVELOPMENT_DATA_SUCCESS_CONTROL_AUXILIARY,LEGACY_SUCCESS_CONTROL,5,RIGHT,-0.3272784769238061,-0.4083153540205531,1.310934367577036,6.59939351619119,M0_V1,FROZEN_V1_CURVATURE_CONTINUITY,ACTIVE_OUTER,ACTIVE_OUTER,CURVATURE_CORRIDOR_CRITICAL,CONTINUITY_BIASED_SAFE_ANCHOR,M0_V1_ANALYTIC_PROBE_ROOT,1,1,1,1,0,0,0
SCE016,PILOT_SEEN_DEVELOPMENT_DATA_SUCCESS_CONTROL_AUXILIARY,LEGACY_SUCCESS_CONTROL,6,RIGHT,-0.33364912572187166,-0.33364912572187166,1.310934367577036,0.5925156834439586,M0_V2,ZERO_INTERFACE_BOUNDARY_INSET,ZERO_INTERFACE,ZERO_INTERFACE,NONE,NONE,ZERO_INTERFACE_DIRECT_ANCHOR,1,1,1,1,1,1,0
SCE016,PILOT_SEEN_DEVELOPMENT_DATA_SUCCESS_CONTROL_AUXILIARY,LEGACY_SUCCESS_CONTROL,7,RIGHT,-0.4292088576928546,-0.4292088576928546,1.310934367577036,6.59939351619119,M0_V2,ZERO_INTERFACE_QUARTER_LONG_EXIT,ZERO_INTERFACE,ZERO_INTERFACE,NONE,NONE,ZERO_INTERFACE_DIRECT_ANCHOR,1,1,0,0,0,0,0
SCE016,PILOT_SEEN_DEVELOPMENT_DATA_SUCCESS_CONTROL_AUXILIARY,LEGACY_SUCCESS_CONTROL,8,RIGHT,-0.5311392384619031,-0.5311392384619031,1.310934367577036,6.59939351619119,M0_V2,ZERO_INTERFACE_CENTER_LONG_EXIT,ZERO_INTERFACE,ZERO_INTERFACE,NONE,NONE,ZERO_INTERFACE_DIRECT_ANCHOR,1,1,1,1,0,0,0
SCE016,PILOT_SEEN_DEVELOPMENT_DATA_SUCCESS_CONTROL_AUXILIARY,LEGACY_SUCCESS_CONTROL,9,RIGHT,-0.4292088576928546,-0.4292088576928546,0.7136694116555473,2.0227246912409185,M0_V2,ZERO_INTERFACE_QUARTER_SCALE,ZERO_INTERFACE,ZERO_INTERFACE,NONE,NONE,ZERO_INTERFACE_DIRECT_ANCHOR,1,1,0,0,1,1,0
SCE017,PILOT_SEEN_DEVELOPMENT_DATA_SUCCESS_CONTROL_AUXILIARY,LEGACY_SUCCESS_CONTROL,0,RIGHT,-0.15000000000000002,-0.15000773208656445,0.5145810930150512,0.6049868191659147,M0_V1,FROZEN_V1_CURVATURE_CONTINUITY,ACTIVE_OUTER,ACTIVE_OUTER,CURVATURE_CORRIDOR_CRITICAL,CONTINUITY_BIASED_SAFE_ANCHOR,M0_V1_ANALYTIC_PROBE_ROOT,1,1,1,0,0,0,0
SCE017,PILOT_SEEN_DEVELOPMENT_DATA_SUCCESS_CONTROL_AUXILIARY,LEGACY_SUCCESS_CONTROL,1,RIGHT,-0.15000000000000002,-0.15000003246448634,0.5145810930150512,3.94735730932694,M0_V1,FROZEN_V1_CURVATURE_CONTINUITY,ACTIVE_OUTER,ACTIVE_OUTER,CURVATURE_CORRIDOR_CRITICAL,CONTINUITY_BIASED_SAFE_ANCHOR,M0_V1_ANALYTIC_PROBE_ROOT,1,1,1,0,0,0,0
SCE017,PILOT_SEEN_DEVELOPMENT_DATA_SUCCESS_CONTROL_AUXILIARY,LEGACY_SUCCESS_CONTROL,2,RIGHT,-0.15000000000000002,-0.15000000499920535,0.5145810930150512,7.397546202396385,M0_V1,FROZEN_V1_CURVATURE_CONTINUITY,ACTIVE_OUTER,ACTIVE_OUTER,CURVATURE_CORRIDOR_CRITICAL,CONTINUITY_BIASED_SAFE_ANCHOR,M0_V1_ANALYTIC_PROBE_ROOT,1,1,1,0,0,0,0
SCE017,PILOT_SEEN_DEVELOPMENT_DATA_SUCCESS_CONTROL_AUXILIARY,LEGACY_SUCCESS_CONTROL,3,RIGHT,-0.15000000000000002,-0.15000773208656445,1.310934367577036,0.6049868191659147,M0_V1,FROZEN_V1_CURVATURE_CONTINUITY,ACTIVE_OUTER,ACTIVE_OUTER,CURVATURE_CORRIDOR_CRITICAL,CONTINUITY_BIASED_SAFE_ANCHOR,M0_V1_ANALYTIC_PROBE_ROOT,1,1,1,0,0,0,0
SCE017,PILOT_SEEN_DEVELOPMENT_DATA_SUCCESS_CONTROL_AUXILIARY,LEGACY_SUCCESS_CONTROL,4,RIGHT,-0.15000000000000002,-0.15000003246448634,1.310934367577036,3.94735730932694,M0_V1,FROZEN_V1_CURVATURE_CONTINUITY,ACTIVE_OUTER,ACTIVE_OUTER,CURVATURE_CORRIDOR_CRITICAL,CONTINUITY_BIASED_SAFE_ANCHOR,M0_V1_ANALYTIC_PROBE_ROOT,1,1,1,0,1,0,0
SCE017,PILOT_SEEN_DEVELOPMENT_DATA_SUCCESS_CONTROL_AUXILIARY,LEGACY_SUCCESS_CONTROL,5,RIGHT,-0.15000000000000002,-0.15000000499920535,1.310934367577036,7.397546202396385,M0_V1,FROZEN_V1_CURVATURE_CONTINUITY,ACTIVE_OUTER,ACTIVE_OUTER,CURVATURE_CORRIDOR_CRITICAL,CONTINUITY_BIASED_SAFE_ANCHOR,M0_V1_ANALYTIC_PROBE_ROOT,1,1,1,0,1,0,0
SCE018,PILOT_SEEN_DEVELOPMENT_DATA_SUCCESS_CONTROL_AUXILIARY,LEGACY_SUCCESS_CONTROL,0,RIGHT,-0.6215524880293584,-0.6970262440146787,0.5145810930150512,0.6049868191659147,M0_V1,FROZEN_V1_CURVATURE_CONTINUITY,ACTIVE_OUTER,ACTIVE_OUTER,CURVATURE_CORRIDOR_CRITICAL,CONTINUITY_BIASED_SAFE_ANCHOR,M0_V1_ANALYTIC_PROBE_ROOT,1,0,0,0,0,0,0
SCE018,PILOT_SEEN_DEVELOPMENT_DATA_SUCCESS_CONTROL_AUXILIARY,LEGACY_SUCCESS_CONTROL,1,RIGHT,-0.6215524880293584,-0.6970262440146787,0.5145810930150512,3.94735730932694,M0_V1,FROZEN_V1_CURVATURE_CONTINUITY,ACTIVE_OUTER,ACTIVE_OUTER,CURVATURE_CORRIDOR_CRITICAL,CONTINUITY_BIASED_SAFE_ANCHOR,M0_V1_ANALYTIC_PROBE_ROOT,1,1,0,0,0,0,0
SCE018,PILOT_SEEN_DEVELOPMENT_DATA_SUCCESS_CONTROL_AUXILIARY,LEGACY_SUCCESS_CONTROL,2,RIGHT,-0.6215524880293584,-0.6970262440146787,0.5145810930150512,7.397546202396385,M0_V1,FROZEN_V1_CURVATURE_CONTINUITY,ACTIVE_OUTER,ACTIVE_OUTER,CURVATURE_CORRIDOR_CRITICAL,CONTINUITY_BIASED_SAFE_ANCHOR,M0_V1_ANALYTIC_PROBE_ROOT,1,1,0,0,1,1,0
SCE018,PILOT_SEEN_DEVELOPMENT_DATA_SUCCESS_CONTROL_AUXILIARY,LEGACY_SUCCESS_CONTROL,3,RIGHT,-0.6215524880293584,-0.69702624401468,1.310934367577036,0.6049868191659147,M0_V1,FROZEN_V1_CURVATURE_CONTINUITY,ACTIVE_OUTER,ACTIVE_OUTER,CURVATURE_CORRIDOR_CRITICAL,CONTINUITY_BIASED_SAFE_ANCHOR,M0_V1_ANALYTIC_PROBE_ROOT,1,0,0,0,0,0,0
SCE018,PILOT_SEEN_DEVELOPMENT_DATA_SUCCESS_CONTROL_AUXILIARY,LEGACY_SUCCESS_CONTROL,4,RIGHT,-0.6215524880293584,-0.69702624401468,1.310934367577036,3.94735730932694,M0_V1,FROZEN_V1_CURVATURE_CONTINUITY,ACTIVE_OUTER,ACTIVE_OUTER,CURVATURE_CORRIDOR_CRITICAL,CONTINUITY_BIASED_SAFE_ANCHOR,M0_V1_ANALYTIC_PROBE_ROOT,1,1,0,0,1,1,0
SCE018,PILOT_SEEN_DEVELOPMENT_DATA_SUCCESS_CONTROL_AUXILIARY,LEGACY_SUCCESS_CONTROL,5,RIGHT,-0.6215524880293584,-0.69702624401468,1.310934367577036,7.397546202396385,M0_V1,FROZEN_V1_CURVATURE_CONTINUITY,ACTIVE_OUTER,ACTIVE_OUTER,CURVATURE_CORRIDOR_CRITICAL,CONTINUITY_BIASED_SAFE_ANCHOR,M0_V1_ANALYTIC_PROBE_ROOT,1,1,0,0,1,1,0
SCE018,PILOT_SEEN_DEVELOPMENT_DATA_SUCCESS_CONTROL_AUXILIARY,LEGACY_SUCCESS_CONTROL,6,LEFT,0.15702428412572464,0.23702428412572463,0.5145810930150512,0.5707484282984046,M0_V1,FROZEN_V1_CURVATURE_CONTINUITY,ACTIVE_OUTER,ACTIVE_OUTER,CURVATURE_CORRIDOR_CRITICAL,CONTINUITY_BIASED_SAFE_ANCHOR,M0_V1_ANALYTIC_PROBE_ROOT,1,1,1,1,0,0,0
SCE018,PILOT_SEEN_DEVELOPMENT_DATA_SUCCESS_CONTROL_AUXILIARY,LEGACY_SUCCESS_CONTROL,7,LEFT,0.15702428412572464,0.23702428412572463,0.5145810930150512,2.851728801566616,M0_V1,FROZEN_V1_CURVATURE_CONTINUITY,ACTIVE_OUTER,ACTIVE_OUTER,CURVATURE_CORRIDOR_CRITICAL,CONTINUITY_BIASED_SAFE_ANCHOR,M0_V1_ANALYTIC_PROBE_ROOT,1,0,1,1,0,0,0
SCE018,PILOT_SEEN_DEVELOPMENT_DATA_SUCCESS_CONTROL_AUXILIARY,LEGACY_SUCCESS_CONTROL,8,LEFT,0.15702428412572464,0.23702428412572463,0.5145810930150512,5.206289186875737,M0_V1,FROZEN_V1_CURVATURE_CONTINUITY,ACTIVE_OUTER,ACTIVE_OUTER,CURVATURE_CORRIDOR_CRITICAL,CONTINUITY_BIASED_SAFE_ANCHOR,M0_V1_ANALYTIC_PROBE_ROOT,1,0,1,1,0,0,0
SCE018,PILOT_SEEN_DEVELOPMENT_DATA_SUCCESS_CONTROL_AUXILIARY,LEGACY_SUCCESS_CONTROL,9,LEFT,0.15702428412572464,0.23702428412572457,1.310934367577036,0.5707484282984046,M0_V1,FROZEN_V1_CURVATURE_CONTINUITY,ACTIVE_OUTER,ACTIVE_OUTER,CURVATURE_CORRIDOR_CRITICAL,CONTINUITY_BIASED_SAFE_ANCHOR,M0_V1_ANALYTIC_PROBE_ROOT,1,1,1,1,0,0,0
SCE018,PILOT_SEEN_DEVELOPMENT_DATA_SUCCESS_CONTROL_AUXILIARY,LEGACY_SUCCESS_CONTROL,10,LEFT,0.15702428412572464,0.23702428412572457,1.310934367577036,2.851728801566616,M0_V1,FROZEN_V1_CURVATURE_CONTINUITY,ACTIVE_OUTER,ACTIVE_OUTER,CURVATURE_CORRIDOR_CRITICAL,CONTINUITY_BIASED_SAFE_ANCHOR,M0_V1_ANALYTIC_PROBE_ROOT,1,0,1,1,0,0,0
SCE018,PILOT_SEEN_DEVELOPMENT_DATA_SUCCESS_CONTROL_AUXILIARY,LEGACY_SUCCESS_CONTROL,11,LEFT,0.15702428412572464,0.23702428412572457,1.310934367577036,5.206289186875737,M0_V1,FROZEN_V1_CURVATURE_CONTINUITY,ACTIVE_OUTER,ACTIVE_OUTER,CURVATURE_CORRIDOR_CRITICAL,CONTINUITY_BIASED_SAFE_ANCHOR,M0_V1_ANALYTIC_PROBE_ROOT,1,0,1,1,0,0,0
