event_id,dataset_role,repeat,evaluation_wall_us,gqsc_generation_us,exact_validation_us,final_ranking_us,lifecycle_us,fallback_us,callback_total_us,pair_proxy_count,reconstruction_count,validator_count,outcome
V2E01,PILOT_SEEN_DEVELOPMENT_DATA,0,9474.1319999999996,5321.5359999999991,4113.0480000000007,6.2640000000000002,592.76099999999997,0,10069.566000000001,128,12,10,FRESH_SELECTED
V2E01,PILOT_SEEN_DEVELOPMENT_DATA,1,9706.0750000000007,5360.6080000000002,4302.7730000000001,7.8810000000000002,870.21500000000003,0,10579.956,128,12,10,FRESH_SELECTED
V2E01,PILOT_SEEN_DEVELOPMENT_DATA,2,12689.757,7523.8999999999996,5123.5820000000003,7.8639999999999999,863.01700000000005,0,13556.873,128,12,10,FRESH_SELECTED
V2E01,PILOT_SEEN_DEVELOPMENT_DATA,3,9871.9369999999999,5668.6469999999999,4162.8090000000002,7.5259999999999998,597.41899999999998,0,10472.316999999999,128,12,10,FRESH_SELECTED
V2E01,PILOT_SEEN_DEVELOPMENT_DATA,4,8801.8809999999994,5007.9670000000006,3756.9020000000005,7.4100000000000001,830.92100000000005,0,9636.1239999999998,128,12,10,FRESH_SELECTED
V2E01,PILOT_SEEN_DEVELOPMENT_DATA,5,14326.117,8249.4220000000005,6024.2860000000001,9.1479999999999997,886.09799999999996,0,15214.978999999999,128,12,10,FRESH_SELECTED
V2E01,PILOT_SEEN_DEVELOPMENT_DATA,6,11293.044,7113.3440000000001,4140.8890000000001,7.2770000000000001,516.63300000000004,0,11812.463,128,12,10,FRESH_SELECTED
V2E02,PILOT_SEEN_DEVELOPMENT_DATA,0,15876.950999999999,7650.9280000000008,8171.884,9.7170000000000005,1189.7470000000001,0,17107.444,128,12,11,FRESH_SELECTED
V2E02,PILOT_SEEN_DEVELOPMENT_DATA,1,16306.778,9351.7989999999991,6911.0429999999997,8.484,823.31500000000005,0,17158.888999999999,128,12,11,FRESH_SELECTED
V2E02,PILOT_SEEN_DEVELOPMENT_DATA,2,14280.742,7491.7979999999989,6744.3090000000011,9.9100000000000001,707.05399999999997,0,14991.367,128,12,11,FRESH_SELECTED
V2E02,PILOT_SEEN_DEVELOPMENT_DATA,3,13400.945,7026.5069999999987,6338.0830000000005,6.5140000000000002,737.81299999999999,0,14162.512000000001,128,12,11,FRESH_SELECTED
V2E02,PILOT_SEEN_DEVELOPMENT_DATA,4,13060.777,6877.2419999999993,6149.0919999999996,5.6619999999999999,721.12199999999996,0,13785.058000000001,128,12,11,FRESH_SELECTED
V2E02,PILOT_SEEN_DEVELOPMENT_DATA,5,13335.341,6937.7009999999991,6357.6940000000004,7.9580000000000002,706.56899999999996,0,14044.895,128,12,11,FRESH_SELECTED
V2E02,PILOT_SEEN_DEVELOPMENT_DATA,6,13041.063,6783.3789999999999,6220.049,6.6269999999999998,762.07399999999996,0,13805.955,128,12,11,FRESH_SELECTED
V2E03,PILOT_SEEN_DEVELOPMENT_DATA,0,16472.874,8482.5429999999978,7924.0670000000009,18.187000000000001,1164.5530000000001,0,17658.940999999999,128,12,12,FRESH_SELECTED
V2E03,PILOT_SEEN_DEVELOPMENT_DATA,1,15857.079,7637.4359999999979,8163.5900000000011,21.167000000000002,1451.9490000000001,0,17336.381000000001,128,12,12,FRESH_SELECTED
V2E03,PILOT_SEEN_DEVELOPMENT_DATA,2,16444.434000000001,8168.9389999999994,8235.3070000000007,6.6989999999999998,1265.068,0,17731.651000000002,128,12,12,FRESH_SELECTED
V2E03,PILOT_SEEN_DEVELOPMENT_DATA,3,16383.958000000001,8008.6490000000013,8335.8829999999998,5.641,1273.308,0,17675.937999999998,128,12,12,FRESH_SELECTED
V2E03,PILOT_SEEN_DEVELOPMENT_DATA,4,16225.468999999999,7994.3600000000006,8200.3209999999999,5.5090000000000003,1143.039,0,17385.159,128,12,12,FRESH_SELECTED
V2E03,PILOT_SEEN_DEVELOPMENT_DATA,5,16002.082,7877.5800000000008,8092.3659999999982,5.2199999999999998,1260.934,0,17281.626,128,12,12,FRESH_SELECTED
V2E03,PILOT_SEEN_DEVELOPMENT_DATA,6,15943.098,7829.8729999999987,8083.5860000000002,4.9390000000000001,1140.2860000000001,0,17108.395,128,12,12,FRESH_SELECTED
V2E04,PILOT_SEEN_DEVELOPMENT_DATA,0,13960.082,8233.6280000000006,5689.1339999999991,0.89500000000000002,0,62076.868000000002,76039.379000000001,128,12,12,NO_SAFE_PATH
V2E04,PILOT_SEEN_DEVELOPMENT_DATA,1,13590.518,8393.7569999999978,5162.96,0.35899999999999999,0,56635.913,70228.372000000003,128,12,12,NO_SAFE_PATH
V2E04,PILOT_SEEN_DEVELOPMENT_DATA,2,13112.857,8157.5289999999995,4925.0630000000001,0.43099999999999999,0,56609.409,69724.463000000003,128,12,12,NO_SAFE_PATH
V2E04,PILOT_SEEN_DEVELOPMENT_DATA,3,12585.502,7916.3459999999995,4639.5209999999997,0.32700000000000001,0,55374.197999999997,67962.509000000005,128,12,12,NO_SAFE_PATH
V2E04,PILOT_SEEN_DEVELOPMENT_DATA,4,12820.623,7910.4940000000006,4879.9849999999997,0.29999999999999999,0,54463.792999999998,67287.168999999994,128,12,12,NO_SAFE_PATH
V2E04,PILOT_SEEN_DEVELOPMENT_DATA,5,12615.359,7641.3009999999986,4939.8560000000007,0.375,0,55456.834000000003,68074.517000000007,128,12,12,NO_SAFE_PATH
V2E04,PILOT_SEEN_DEVELOPMENT_DATA,6,13161.643,8167.1739999999991,4963.4770000000008,0.40300000000000002,0,56200.220000000001,69364.455000000002,128,12,12,NO_SAFE_PATH
V2E05,PILOT_SEEN_DEVELOPMENT_DATA,0,7932.4170000000004,5435.2510000000011,2449.7639999999997,0.84299999999999997,0,18749.034,26684.141,128,12,12,NO_SAFE_PATH
V2E05,PILOT_SEEN_DEVELOPMENT_DATA,1,6544.0460000000003,4750.8700000000008,1761.4270000000001,0.26600000000000001,0,23463.142,30008.891,128,12,12,NO_SAFE_PATH
V2E05,PILOT_SEEN_DEVELOPMENT_DATA,2,8667.3709999999992,6472.098,2163.694,0.314,0,16381.807000000001,25051.255000000001,128,12,12,NO_SAFE_PATH
V2E05,PILOT_SEEN_DEVELOPMENT_DATA,3,6253.777,4580.2000000000007,1645.2579999999998,0.187,0,15668.207,21923.91,128,12,12,NO_SAFE_PATH
V2E05,PILOT_SEEN_DEVELOPMENT_DATA,4,5969.1670000000004,4272.1100000000006,1672.2969999999998,0.19600000000000001,0,15554.041999999999,21524.714,128,12,12,NO_SAFE_PATH
V2E05,PILOT_SEEN_DEVELOPMENT_DATA,5,5952.933,4328.8190000000004,1598.3200000000002,0.20100000000000001,0,17202.951000000001,23157.842000000001,128,12,12,NO_SAFE_PATH
V2E05,PILOT_SEEN_DEVELOPMENT_DATA,6,6150.6639999999998,4466.8339999999989,1655.7210000000002,0.185,0,15424.578,21577.879000000001,128,12,12,NO_SAFE_PATH
V2E06,PILOT_SEEN_DEVELOPMENT_DATA,0,9648.5,6344.6330000000007,3275.4110000000005,0.35999999999999999,0,31890.869999999999,41541.404999999999,128,12,12,NO_SAFE_PATH
V2E06,PILOT_SEEN_DEVELOPMENT_DATA,1,10792.321,6914.0820000000003,3825.9380000000001,1.0900000000000001,0,31237.368999999999,42031.790000000001,128,12,12,NO_SAFE_PATH
V2E06,PILOT_SEEN_DEVELOPMENT_DATA,2,10039.615,6549.9359999999997,3460.6260000000002,0.45400000000000001,0,31606.172999999999,41647.589999999997,128,12,12,NO_SAFE_PATH
V2E06,PILOT_SEEN_DEVELOPMENT_DATA,3,10035.897000000001,6695.2759999999998,3313.6070000000009,0.33400000000000002,0,32885.909,42923.722999999998,128,12,12,NO_SAFE_PATH
V2E06,PILOT_SEEN_DEVELOPMENT_DATA,4,9896.4310000000005,6585.0160000000005,3282.4409999999998,0.40400000000000003,0,31990.221000000001,41888.497000000003,128,12,12,NO_SAFE_PATH
V2E06,PILOT_SEEN_DEVELOPMENT_DATA,5,10267.394,6754.4730000000009,3482.2389999999996,0.39000000000000001,0,31099.805,41368.932999999997,128,12,12,NO_SAFE_PATH
V2E06,PILOT_SEEN_DEVELOPMENT_DATA,6,10417.012000000001,6789.1710000000012,3596.9679999999994,0.57599999999999996,0,32179.32,42598.262999999999,128,12,12,NO_SAFE_PATH
V2E07,PILOT_SEEN_DEVELOPMENT_DATA,0,15008.725,9066.4940000000006,5890.3620000000001,1.117,0,38356.046000000002,53367.281000000003,128,12,12,NO_SAFE_PATH
V2E07,PILOT_SEEN_DEVELOPMENT_DATA,1,14186.23,8718.7520000000004,5436.9030000000002,0.35299999999999998,0,38381.233,52569.860000000001,128,12,12,NO_SAFE_PATH
V2E07,PILOT_SEEN_DEVELOPMENT_DATA,2,14222.026,8532.9580000000005,5656.5879999999997,0.70299999999999996,0,40039.402000000002,54263.716,128,12,12,NO_SAFE_PATH
V2E07,PILOT_SEEN_DEVELOPMENT_DATA,3,13914.472,8500.1580000000013,5386.0469999999987,0.498,0,38801.192999999999,52717.910000000003,128,12,12,NO_SAFE_PATH
V2E07,PILOT_SEEN_DEVELOPMENT_DATA,4,14036.298000000001,8539.1779999999999,5467.6090000000004,0.25,0,36869.627,50908.209999999999,128,12,12,NO_SAFE_PATH
V2E07,PILOT_SEEN_DEVELOPMENT_DATA,5,13044.867,7947.0590000000002,5072.0020000000004,0.34300000000000003,0,39301.671000000002,52348.853999999999,128,12,12,NO_SAFE_PATH
V2E07,PILOT_SEEN_DEVELOPMENT_DATA,6,14210.165999999999,8678.9429999999993,5498.0480000000007,0.69699999999999995,0,37678.141000000003,51890.659,128,12,12,NO_SAFE_PATH
V2E08,PILOT_SEEN_DEVELOPMENT_DATA,0,6672.7820000000002,4112.3620000000001,2529.165,6.5510000000000002,351.625,0,7026.7190000000001,128,12,12,FRESH_SELECTED
V2E08,PILOT_SEEN_DEVELOPMENT_DATA,1,6275.3500000000004,3849.6789999999996,2388.6480000000006,4.7859999999999996,347.75299999999999,0,6624.8280000000004,128,12,12,FRESH_SELECTED
V2E08,PILOT_SEEN_DEVELOPMENT_DATA,2,6228.9560000000001,3820.5950000000003,2379.4259999999995,4.8220000000000001,345.68400000000003,0,6576.384,128,12,12,FRESH_SELECTED
V2E08,PILOT_SEEN_DEVELOPMENT_DATA,3,6289.9870000000001,3809.6689999999999,2452.7489999999998,4.2640000000000002,347.15800000000002,0,6638.8509999999997,128,12,12,FRESH_SELECTED
V2E08,PILOT_SEEN_DEVELOPMENT_DATA,4,8915.2610000000004,5160.7400000000007,3713.4180000000006,7.7569999999999997,437.464,0,9356.1650000000009,128,12,12,FRESH_SELECTED
V2E08,PILOT_SEEN_DEVELOPMENT_DATA,5,6948.1490000000003,4292.317,2619.3020000000001,8.6560000000000006,346.38099999999997,0,7297.1210000000001,128,12,12,FRESH_SELECTED
V2E08,PILOT_SEEN_DEVELOPMENT_DATA,6,6402.951,3866.7750000000005,2506.3799999999997,4.649,353.702,0,6758.598,128,12,12,FRESH_SELECTED
V2E09,PILOT_SEEN_DEVELOPMENT_DATA,0,6709.6030000000001,4587.6049999999996,2097.462,0.11700000000000001,0,16039.739,22751.159,128,12,12,NO_SAFE_PATH
V2E09,PILOT_SEEN_DEVELOPMENT_DATA,1,6173.8379999999997,4280.9710000000005,1867.3109999999999,0.20799999999999999,0,16454.007000000001,22629.667000000001,128,12,12,NO_SAFE_PATH
V2E09,PILOT_SEEN_DEVELOPMENT_DATA,2,6294.5150000000003,4279.9580000000005,1989.1999999999998,0.17000000000000001,0,17758.455999999998,24055.003000000001,128,12,12,NO_SAFE_PATH
V2E09,PILOT_SEEN_DEVELOPMENT_DATA,3,6514.768,4464.7349999999997,2019.9169999999999,0.22,0,16448.976999999999,22965.403999999999,128,12,12,NO_SAFE_PATH
V2E09,PILOT_SEEN_DEVELOPMENT_DATA,4,6274.6779999999999,4270.8620000000001,1979.1710000000003,0.191,0,16359.813,22636.108,128,12,12,NO_SAFE_PATH
V2E09,PILOT_SEEN_DEVELOPMENT_DATA,5,6639.4359999999997,4565.9139999999998,2045.7670000000003,0.182,0,18046.864000000001,24688.185000000001,128,12,12,NO_SAFE_PATH
V2E09,PILOT_SEEN_DEVELOPMENT_DATA,6,6565.5879999999997,4561.4659999999994,1976.5440000000001,0.34499999999999997,0,17490.733,24057.984,128,12,12,NO_SAFE_PATH
DVE001,DEVELOPMENT,0,5638.3779999999997,4133.1780000000008,1476.1379999999999,4.3239999999999998,150.13900000000001,0,5790.4859999999999,128,12,12,FRESH_SELECTED
DVE001,DEVELOPMENT,1,5729.9070000000002,4169.9999999999991,1528.3229999999999,4.702,157.85599999999999,0,5889.6639999999998,128,12,12,FRESH_SELECTED
DVE001,DEVELOPMENT,2,6633.7359999999999,4482.152,2098.9349999999999,8.2590000000000003,193.351,0,6831.1279999999997,128,12,12,FRESH_SELECTED
DVE001,DEVELOPMENT,3,6899.9009999999998,5242.5690000000004,1619.0999999999999,5.9329999999999998,166.90199999999999,0,7069.8509999999997,128,12,12,FRESH_SELECTED
DVE001,DEVELOPMENT,4,6078.1639999999998,4433.732,1611.6790000000003,4.6630000000000003,164.25299999999999,0,6244.732,128,12,12,FRESH_SELECTED
DVE001,DEVELOPMENT,5,5571.4570000000003,4125.9990000000007,1416.1830000000002,4.0960000000000001,148.62700000000001,0,5721.9989999999998,128,12,12,FRESH_SELECTED
DVE001,DEVELOPMENT,6,5515.7960000000003,4010.8340000000003,1475.546,4.2690000000000001,149.316,0,5667.0119999999997,128,12,12,FRESH_SELECTED
DVE002,DEVELOPMENT,0,7590.2690000000002,5240.3169999999991,2320.837,0.38500000000000001,0,20689.114000000001,28281.381000000001,128,12,12,NO_SAFE_PATH
DVE002,DEVELOPMENT,1,7617.433,5308.9950000000008,2276.9360000000001,0.248,0,18522.554,26141.688999999998,128,12,12,NO_SAFE_PATH
DVE002,DEVELOPMENT,2,7204.7560000000003,5072.860999999999,2105.9349999999999,0.17100000000000001,0,18002.564999999999,25209.109,128,12,12,NO_SAFE_PATH
DVE002,DEVELOPMENT,3,7504.5630000000001,5104.0539999999992,2370.4460000000004,0.32500000000000001,0,18133.682000000001,25640.187000000002,128,12,12,NO_SAFE_PATH
DVE002,DEVELOPMENT,4,6888.6750000000002,4847.2950000000001,2015.9100000000001,0.32300000000000001,0,21275.374,28166.248,128,12,12,NO_SAFE_PATH
DVE002,DEVELOPMENT,5,7096.0870000000004,4974.3689999999997,2092.7399999999998,0.23699999999999999,0,20677.356,27775.412,128,12,12,NO_SAFE_PATH
DVE002,DEVELOPMENT,6,7277.0339999999997,5206.2709999999997,2041.3809999999999,0.35099999999999998,0,18075.616000000002,25355.495999999999,128,12,12,NO_SAFE_PATH
DVE003,DEVELOPMENT,0,10182.175999999999,5372.994999999999,4777.4870000000001,5.6130000000000004,536.52700000000004,0,10720.642,128,12,12,FRESH_SELECTED
DVE003,DEVELOPMENT,1,10070.028,5284.4860000000008,4751.4110000000001,5.7300000000000004,512.49099999999999,0,10584.27,128,12,12,FRESH_SELECTED
DVE003,DEVELOPMENT,2,10118.272000000001,5311.2139999999999,4776.1499999999996,5.6509999999999998,533.04499999999996,0,10653.284,128,12,12,FRESH_SELECTED
DVE003,DEVELOPMENT,3,10298.003000000001,5278.1219999999994,4964.8429999999998,7.9950000000000001,830.62800000000004,0,11131.141,128,12,12,FRESH_SELECTED
DVE003,DEVELOPMENT,4,12243.249,7378.9870000000001,4823.5579999999991,7.1210000000000004,599.30600000000004,0,12845.143,128,12,12,FRESH_SELECTED
DVE003,DEVELOPMENT,5,10276.446,5430.0339999999997,4806.2260000000006,5.6769999999999996,516.673,0,10795.136,128,12,12,FRESH_SELECTED
DVE003,DEVELOPMENT,6,11603.155000000001,5650.0240000000013,5904.7839999999997,9.4090000000000007,814.95699999999999,0,12423.252,128,12,12,FRESH_SELECTED
DVE004,DEVELOPMENT,0,13085.940000000001,7284.0609999999997,5762.2749999999996,8.2850000000000001,680.29600000000005,0,13767.871999999999,128,12,12,FRESH_RAW_EXACT_HARD_INVALID:d-offset intersects an inflated static-obstacle box
DVE004,DEVELOPMENT,1,11286.012000000001,6144.3850000000002,5103.3229999999994,7.2030000000000003,658.14400000000001,0,11945.813,128,12,12,FRESH_RAW_EXACT_HARD_INVALID:d-offset intersects an inflated static-obstacle box
DVE004,DEVELOPMENT,2,11011.072,6079.0989999999993,4896.9920000000002,6.319,657.14400000000001,0,11669.877,128,12,12,FRESH_RAW_EXACT_HARD_INVALID:d-offset intersects an inflated static-obstacle box
DVE004,DEVELOPMENT,3,11036.537,6006.8829999999998,4993.3920000000007,5.4950000000000001,633.88199999999995,0,11672.099,128,12,12,FRESH_RAW_EXACT_HARD_INVALID:d-offset intersects an inflated static-obstacle box
DVE004,DEVELOPMENT,4,11063.061,6054.1870000000008,4972.195999999999,6.8289999999999997,667.14300000000003,0,11731.933999999999,128,12,12,FRESH_RAW_EXACT_HARD_INVALID:d-offset intersects an inflated static-obstacle box
DVE004,DEVELOPMENT,5,11455.276,6502.7479999999978,4913.8150000000014,6.4059999999999997,650.95100000000002,0,12107.936,128,12,12,FRESH_RAW_EXACT_HARD_INVALID:d-offset intersects an inflated static-obstacle box
DVE004,DEVELOPMENT,6,10938.535,6034.1299999999992,4870.3100000000004,5.1120000000000001,665.96699999999998,0,11606.200999999999,128,12,12,FRESH_RAW_EXACT_HARD_INVALID:d-offset intersects an inflated static-obstacle box
DVE005,DEVELOPMENT,0,5784.1289999999999,4243.6040000000003,1514.5479999999998,0.16200000000000001,0,14729.228999999999,20515.187999999998,128,12,11,NO_SAFE_PATH
DVE005,DEVELOPMENT,1,5941.6490000000003,4376.3749999999991,1539.3629999999998,0.193,0,15587.269,21530.937000000002,128,12,11,NO_SAFE_PATH
DVE005,DEVELOPMENT,2,6161.2120000000004,4593.4830000000002,1528.2550000000001,0.25700000000000001,0,14713.706,20876.371999999999,128,12,11,NO_SAFE_PATH
DVE005,DEVELOPMENT,3,5835.7259999999997,4272.3379999999997,1538.1419999999998,0.26400000000000001,0,15495.081,21332.670999999998,128,12,11,NO_SAFE_PATH
DVE005,DEVELOPMENT,4,5981.1999999999998,4358.9470000000001,1595.942,0.32100000000000001,0,15867.26,21856.982,128,12,11,NO_SAFE_PATH
DVE005,DEVELOPMENT,5,7078.5649999999996,5491.5740000000005,1556.124,0.442,0,14696.742,21777.385999999999,128,12,11,NO_SAFE_PATH
DVE005,DEVELOPMENT,6,5802.8540000000003,4243.5770000000002,1534.1900000000005,0.16800000000000001,0,14675.983,20480.371999999999,128,12,11,NO_SAFE_PATH
DVE006,DEVELOPMENT,0,17899.281999999999,8360.8639999999996,9480.4800000000014,10.698,956.80200000000002,0,18858.654999999999,128,12,12,FRESH_RAW_EXACT_HARD_INVALID:d-offset intersects an inflated static-obstacle box
DVE006,DEVELOPMENT,1,22570.760999999999,10459.884999999998,12050.233,10.948,916.72199999999998,0,23489.771000000001,128,12,12,FRESH_RAW_EXACT_HARD_INVALID:d-offset intersects an inflated static-obstacle box
DVE006,DEVELOPMENT,2,20585.298999999999,10431.876,10067.271000000001,12.163,931.81200000000001,0,21519.421999999999,128,12,12,FRESH_RAW_EXACT_HARD_INVALID:d-offset intersects an inflated static-obstacle box
DVE006,DEVELOPMENT,3,21861.012999999999,11424.603999999999,10387.757,12.882999999999999,736.78300000000002,0,22599.565999999999,128,12,12,FRESH_RAW_EXACT_HARD_INVALID:d-offset intersects an inflated static-obstacle box
DVE006,DEVELOPMENT,4,17757.439999999999,8607.630000000001,9108.1170000000002,12.189,590.92999999999995,0,18350.377,128,12,12,FRESH_RAW_EXACT_HARD_INVALID:d-offset intersects an inflated static-obstacle box
DVE006,DEVELOPMENT,5,18459.580000000002,8752.9160000000011,9655.5709999999999,8.3960000000000008,611.62199999999996,0,19073.277999999998,128,12,12,FRESH_RAW_EXACT_HARD_INVALID:d-offset intersects an inflated static-obstacle box
DVE006,DEVELOPMENT,6,17707.109,8464.7430000000004,9204.9629999999997,7.4740000000000002,600.37699999999995,0,18309.082999999999,128,12,12,FRESH_RAW_EXACT_HARD_INVALID:d-offset intersects an inflated static-obstacle box
DVE007,DEVELOPMENT,0,7091.6180000000004,4618.7400000000007,2439.2739999999999,4.4160000000000004,315.10599999999999,0,7408.0320000000002,128,12,12,FRESH_RAW_EXACT_HARD_INVALID:d-offset intersects an inflated static-obstacle box
DVE007,DEVELOPMENT,1,7134.0659999999998,4628.0339999999997,2469.694,4.3819999999999997,339.95699999999999,0,7475.1469999999999,128,12,12,FRESH_RAW_EXACT_HARD_INVALID:d-offset intersects an inflated static-obstacle box
DVE007,DEVELOPMENT,2,7113.518,4615.3060000000005,2468.6629999999996,4.2839999999999998,363.39100000000002,0,7478.2470000000003,128,12,12,FRESH_RAW_EXACT_HARD_INVALID:d-offset intersects an inflated static-obstacle box
DVE007,DEVELOPMENT,3,9113.1839999999993,6247.7400000000007,2808.1219999999998,8.6389999999999993,453.03699999999998,0,9572.9869999999992,128,12,12,FRESH_RAW_EXACT_HARD_INVALID:d-offset intersects an inflated static-obstacle box
DVE007,DEVELOPMENT,4,7406.893,4800.5129999999999,2570.1619999999998,5.5659999999999998,310.13299999999998,0,7718.5119999999997,128,12,12,FRESH_RAW_EXACT_HARD_INVALID:d-offset intersects an inflated static-obstacle box
DVE007,DEVELOPMENT,5,7108.4440000000004,4597.5809999999992,2480.8270000000002,4.6849999999999996,308.24000000000001,0,7417.9489999999996,128,12,12,FRESH_RAW_EXACT_HARD_INVALID:d-offset intersects an inflated static-obstacle box
DVE007,DEVELOPMENT,6,7153.0119999999997,4613.4339999999993,2502.1590000000001,4.5789999999999997,310.42099999999999,0,7464.8010000000004,128,12,12,FRESH_RAW_EXACT_HARD_INVALID:d-offset intersects an inflated static-obstacle box
DVE008,DEVELOPMENT,0,10667.462,6933.420000000001,3706.9419999999996,0.219,0,29480.703000000001,40150.074000000001,128,12,12,NO_SAFE_PATH
DVE008,DEVELOPMENT,1,10947.596,6948.9910000000009,3962.5440000000003,0.41499999999999998,0,30109.614000000001,41059.294999999998,128,12,12,NO_SAFE_PATH
DVE008,DEVELOPMENT,2,12832.825000000001,7686.726999999999,5112.7250000000004,0.376,0,31232.406999999999,44067.705999999998,128,12,12,NO_SAFE_PATH
DVE008,DEVELOPMENT,3,11138.165999999999,7248.7959999999994,3859.5890000000004,0.54000000000000004,0,29139.157999999999,40279.519999999997,128,12,12,NO_SAFE_PATH
DVE008,DEVELOPMENT,4,11425.948,7141.5360000000001,4255.5429999999997,0.51600000000000001,0,33944.029000000002,45372.057000000001,128,12,12,NO_SAFE_PATH
DVE008,DEVELOPMENT,5,12326.294,7466.8369999999995,4825.0790000000006,0.56899999999999995,0,30387.811000000002,42716.163999999997,128,12,12,NO_SAFE_PATH
DVE008,DEVELOPMENT,6,13914.27,8246.8209999999999,5633.7809999999999,0.372,0,32572.191999999999,46488.779999999999,128,12,12,NO_SAFE_PATH
DVE009,DEVELOPMENT,0,12680.15,8151.3729999999996,4493.4960000000001,0.38700000000000001,0,33136.446000000004,45818.731,128,12,12,NO_SAFE_PATH
DVE009,DEVELOPMENT,1,12172.553,7487.496000000001,4648.9529999999995,0.35799999999999998,0,34785.902000000002,46960.872000000003,128,12,12,NO_SAFE_PATH
DVE009,DEVELOPMENT,2,12139.861000000001,7610.1579999999976,4498.6270000000013,0.32700000000000001,0,34280.828999999998,46423.142,128,12,12,NO_SAFE_PATH
DVE009,DEVELOPMENT,3,12102.088,7364.0670000000009,4706.4969999999994,0.47299999999999998,0,33845.142999999996,45949.317000000003,128,12,12,NO_SAFE_PATH
DVE009,DEVELOPMENT,4,18160.468000000001,11184.163000000002,6941.1239999999998,0.50600000000000001,0,42133.273000000001,60296.298000000003,128,12,12,NO_SAFE_PATH
DVE009,DEVELOPMENT,5,12972.58,7911.7389999999987,5024.1990000000005,0.80900000000000005,0,35293.459000000003,48267.879000000001,128,12,12,NO_SAFE_PATH
DVE009,DEVELOPMENT,6,12614.081,7750.5159999999987,4832.5320000000011,0.628,0,35090.212,47706.483999999997,128,12,12,NO_SAFE_PATH
DVE010,DEVELOPMENT,0,15507.540999999999,9125.5909999999985,6351.0780000000004,0.38700000000000001,0,46889.796999999999,62399.813999999998,128,12,12,NO_SAFE_PATH
DVE010,DEVELOPMENT,1,16032.385,9598.4649999999983,6397.5280000000002,0.54000000000000004,0,42761.892,58796.855000000003,128,12,12,NO_SAFE_PATH
DVE010,DEVELOPMENT,2,15369.611000000001,9126.6130000000012,6199.6050000000005,0.23100000000000001,0,44634.868999999999,60007.004000000001,128,12,12,NO_SAFE_PATH
DVE010,DEVELOPMENT,3,16852.445,9759.5630000000001,7056.2699999999995,0.77500000000000002,0,43771.199000000001,60625.898000000001,128,12,12,NO_SAFE_PATH
DVE010,DEVELOPMENT,4,16167.6,9410.0709999999999,6723.0910000000003,0.60899999999999999,0,44866.481,61036.305,128,12,12,NO_SAFE_PATH
DVE010,DEVELOPMENT,5,15787.476000000001,9424.1980000000003,6322.8189999999995,0.224,0,45231.807999999997,61021.413,128,12,12,NO_SAFE_PATH
DVE010,DEVELOPMENT,6,15545.549000000001,9199.0870000000014,6318.634,0.20100000000000001,0,43579.184000000001,59127.989000000001,128,12,12,NO_SAFE_PATH
DVE011,DEVELOPMENT,0,15998.874,9392.0049999999992,6569.1900000000005,0.49099999999999999,0,46117.311999999998,62118.438999999998,128,12,12,NO_SAFE_PATH
DVE011,DEVELOPMENT,1,15436.299000000001,9225.8079999999991,6179.5450000000001,0.39500000000000002,0,44716.574000000001,60154.970000000001,128,12,12,NO_SAFE_PATH
DVE011,DEVELOPMENT,2,15670.638000000001,9467.0579999999991,6175.4140000000007,0.28699999999999998,0,47402.385999999999,63075.936000000002,128,12,12,NO_SAFE_PATH
DVE011,DEVELOPMENT,3,16192.052,9631.639000000001,6527.7620000000006,0.33500000000000002,0,45433.504999999997,61627.767999999996,128,12,12,NO_SAFE_PATH
DVE011,DEVELOPMENT,4,16385.276000000002,9774.902,6580.1989999999987,0.36799999999999999,0,46099.466,62486.792999999998,128,12,12,NO_SAFE_PATH
DVE011,DEVELOPMENT,5,16129.011,9812.0289999999986,6280.8110000000015,0.55900000000000005,0,46585.572,62716.686999999998,128,12,12,NO_SAFE_PATH
DVE011,DEVELOPMENT,6,18573.914000000001,11395.867999999999,7141.7929999999997,0.49199999999999999,0,47195.980000000003,65771.679999999993,128,12,12,NO_SAFE_PATH
DVE012,DEVELOPMENT,0,9435.0969999999998,4992.8689999999997,4406.5310000000009,6.5209999999999999,349.55399999999997,0,9786.7800000000007,128,12,12,FRESH_SELECTED
DVE012,DEVELOPMENT,1,9064.3359999999993,4714.4010000000007,4315.5529999999999,6.1029999999999998,347.14999999999998,0,9413.6779999999999,128,12,12,FRESH_SELECTED
DVE012,DEVELOPMENT,2,9695.5499999999993,5127.1239999999998,4533.7950000000001,6.234,339.04599999999999,0,10036.471,128,12,12,FRESH_SELECTED
DVE012,DEVELOPMENT,3,9206.0439999999999,4894.9310000000005,4277.6040000000003,5.8440000000000003,345.81099999999998,0,9553.6720000000005,128,12,12,FRESH_SELECTED
DVE012,DEVELOPMENT,4,9006.9740000000002,4691.3000000000002,4282.2129999999997,5.4950000000000001,393.93200000000002,0,9403.9120000000003,128,12,12,FRESH_SELECTED
DVE012,DEVELOPMENT,5,10847.351000000001,6168.3249999999998,4634.5869999999995,8.0779999999999994,355.09199999999998,0,11205.84,128,12,12,FRESH_SELECTED
DVE012,DEVELOPMENT,6,9729.866,5156.8370000000004,4537.4409999999998,5.8940000000000001,348.85199999999998,0,10088.51,128,12,12,FRESH_SELECTED
DVE013,DEVELOPMENT,0,15983.021000000001,10031.736000000001,5922.3829999999998,0.61199999999999999,0,44163.254999999997,60149.313000000002,128,12,12,NO_SAFE_PATH
DVE013,DEVELOPMENT,1,15810.148999999999,9872.9599999999991,5904.4259999999995,0.36099999999999999,0,44180.813000000002,59993.883000000002,128,12,12,NO_SAFE_PATH
DVE013,DEVELOPMENT,2,15804.152,9890.7060000000001,5881.6930000000002,0.441,0,43944.894999999997,59750.737000000001,128,12,12,NO_SAFE_PATH
DVE013,DEVELOPMENT,3,15079.004999999999,9582.1000000000004,5455.9029999999993,0.57599999999999996,0,37849.654999999999,52931.273999999998,128,12,12,NO_SAFE_PATH
DVE013,DEVELOPMENT,4,11664.296,7456.0220000000008,4177.4569999999994,0.53300000000000003,0,31491.850999999999,43158.872000000003,128,12,12,NO_SAFE_PATH
DVE013,DEVELOPMENT,5,13498.769,8866.389000000001,4595.3839999999991,0.38800000000000001,0,34518.915999999997,48019.756000000001,128,12,12,NO_SAFE_PATH
DVE013,DEVELOPMENT,6,11937.055,7664.744999999999,4238.6590000000006,0.42499999999999999,0,33631.078999999998,45569.826999999997,128,12,12,NO_SAFE_PATH
DVE014,DEVELOPMENT,0,8114.902,5082.5530000000008,3000.3779999999997,4.718,517.74900000000002,0,8637.0689999999995,128,12,12,FRESH_SELECTED
DVE014,DEVELOPMENT,1,7880.2910000000002,4839.1220000000012,3012.1349999999998,4.1870000000000003,505.75799999999998,0,8387.893,128,12,12,FRESH_SELECTED
DVE014,DEVELOPMENT,2,8944.1610000000001,5255.0849999999991,3652.8130000000001,5.7949999999999999,569.226,0,9516.3060000000005,128,12,12,FRESH_SELECTED
DVE014,DEVELOPMENT,3,8549.6550000000007,5313.1909999999998,3205.3100000000004,4.7610000000000001,509.54000000000002,0,9061.4660000000003,128,12,12,FRESH_SELECTED
DVE014,DEVELOPMENT,4,8161.232,4925.2929999999997,3203.9980000000005,4.71,564.59299999999996,0,8727.9449999999997,128,12,12,FRESH_SELECTED
DVE014,DEVELOPMENT,5,8311.7919999999995,5201.067,3080.9000000000001,4.8250000000000002,511.38299999999998,0,8825.2479999999996,128,12,12,FRESH_SELECTED
DVE014,DEVELOPMENT,6,10363.728999999999,6297.1079999999993,4010.9199999999996,10.682,812.16999999999996,0,11179.584000000001,128,12,12,FRESH_SELECTED
DVE015,DEVELOPMENT,0,9278.0799999999999,5284.0629999999992,3960.1130000000003,5.8949999999999996,343.74099999999999,0,9624.616,128,12,10,FRESH_SELECTED
DVE015,DEVELOPMENT,1,9429.3829999999998,5246.371000000001,4146.5299999999997,7.1740000000000004,360.44900000000001,0,9792.5249999999996,128,12,10,FRESH_SELECTED
DVE015,DEVELOPMENT,2,9098.9200000000001,5224.6649999999991,3844.0280000000002,5.1070000000000002,319.96199999999999,0,9421.1839999999993,128,12,10,FRESH_SELECTED
DVE015,DEVELOPMENT,3,8688.4459999999999,4957.3859999999995,3700.1469999999999,5.3940000000000001,342.67899999999997,0,9033.2180000000008,128,12,10,FRESH_SELECTED
DVE015,DEVELOPMENT,4,9207.0990000000002,5180.4440000000013,3995.4519999999998,5.4029999999999996,356.48000000000002,0,9565.7389999999996,128,12,10,FRESH_SELECTED
DVE015,DEVELOPMENT,5,9209.9639999999999,5214.8320000000003,3963.2919999999999,5.2960000000000003,343.54399999999998,0,9555.5910000000003,128,12,10,FRESH_SELECTED
DVE015,DEVELOPMENT,6,9112.2469999999994,5173.5140000000001,3907.8379999999997,5.1130000000000004,344.52699999999999,0,9458.8950000000004,128,12,10,FRESH_SELECTED
DVE016,DEVELOPMENT,0,8891.4580000000005,5819.920000000001,3046.9030000000002,0.20799999999999999,0,22967.366999999998,31860.691999999999,128,12,12,NO_SAFE_PATH
DVE016,DEVELOPMENT,1,8960.0709999999999,5791.6979999999994,3140.9500000000003,0.29699999999999999,0,23206.544999999998,32168.432000000001,128,12,12,NO_SAFE_PATH
DVE016,DEVELOPMENT,2,9077.6260000000002,5867.616,3184.018,0.32900000000000001,0,24274.651999999998,33354.214999999997,128,12,12,NO_SAFE_PATH
DVE016,DEVELOPMENT,3,9063.6980000000003,5850.1870000000008,3186.1899999999996,0.224,0,23997.877,33063.201000000001,128,12,12,NO_SAFE_PATH
DVE016,DEVELOPMENT,4,9080.6970000000001,5874.8690000000015,3179.1259999999993,0.188,0,23122.561000000002,32205.061000000002,128,12,12,NO_SAFE_PATH
DVE016,DEVELOPMENT,5,8896.1419999999998,5656.829999999999,3212.1040000000003,0.189,0,23491.121999999999,32389.062000000002,128,12,12,NO_SAFE_PATH
DVE016,DEVELOPMENT,6,8895.0900000000001,5710.1400000000003,3157.5789999999997,0.192,0,23446.031999999999,32342.998,128,12,12,NO_SAFE_PATH
DVE017,DEVELOPMENT,0,6117.5680000000002,4087.6719999999996,1998.144,5.8520000000000003,345.04199999999997,0,6464.5140000000001,128,12,11,FRESH_SELECTED
DVE017,DEVELOPMENT,1,6321.3810000000003,4181.5369999999994,2107.7110000000002,5.8399999999999999,353.16300000000001,0,6676.6239999999998,128,12,11,FRESH_SELECTED
DVE017,DEVELOPMENT,2,6263.2719999999999,4199.1999999999998,2035.1179999999999,5.2999999999999998,321.15199999999999,0,6586.393,128,12,11,FRESH_SELECTED
DVE017,DEVELOPMENT,3,6586.6450000000004,4375.4790000000003,2179.0450000000001,6.0670000000000002,353.35300000000001,0,6942.0640000000003,128,12,11,FRESH_SELECTED
DVE017,DEVELOPMENT,4,6353.9769999999999,4265.9250000000002,2059.489,5.468,312.55599999999998,0,6668.335,128,12,11,FRESH_SELECTED
DVE017,DEVELOPMENT,5,6564.049,4354.8280000000004,2176.2269999999999,6.157,344.97300000000001,0,6910.9830000000002,128,12,11,FRESH_SELECTED
DVE017,DEVELOPMENT,6,6548.4030000000002,4336.0650000000005,2172.6259999999997,6.1239999999999997,329.685,0,6879.8500000000004,128,12,11,FRESH_SELECTED
DVE018,DEVELOPMENT,0,10748.925999999999,5372.246000000001,5345.0229999999983,5.774,528.50599999999997,0,11279.255999999999,128,12,12,FRESH_SELECTED
DVE018,DEVELOPMENT,1,10881.232,5360.2830000000004,5473.0780000000004,7.1059999999999999,586.53200000000004,0,11470.093000000001,128,12,12,FRESH_SELECTED
DVE018,DEVELOPMENT,2,10983.401,5506.2659999999996,5436.8950000000004,6.6269999999999998,565.48800000000006,0,11551.323,128,12,12,FRESH_SELECTED
DVE018,DEVELOPMENT,3,10990.557000000001,5432.4759999999997,5524.2119999999995,6.5049999999999999,554.52800000000002,0,11547.125,128,12,12,FRESH_SELECTED
DVE018,DEVELOPMENT,4,10854.155000000001,5229.7240000000011,5588.2109999999993,6.9429999999999996,572.71600000000001,0,11429.159,128,12,12,FRESH_SELECTED
DVE018,DEVELOPMENT,5,10965.972,5424.5489999999982,5505.7320000000009,6.6349999999999998,563.28399999999999,0,11531.382,128,12,12,FRESH_SELECTED
DVE018,DEVELOPMENT,6,10872.1,5412.2070000000003,5426.1310000000003,6.1719999999999997,543.87,0,11417.733,128,12,12,FRESH_SELECTED
DVE019,DEVELOPMENT,0,10502.264999999999,5398.2660000000014,5070.1939999999995,6.1870000000000003,582.38199999999995,0,11086.766,128,12,12,FRESH_SELECTED
DVE019,DEVELOPMENT,1,11032.307000000001,5530.4599999999991,5454.1940000000004,8.7080000000000002,866.65099999999995,0,11901.934999999999,128,12,12,FRESH_SELECTED
DVE019,DEVELOPMENT,2,10558.069,5450.4080000000004,5070.3240000000005,6.843,582.13300000000004,0,11142.751,128,12,12,FRESH_SELECTED
DVE019,DEVELOPMENT,3,10434.758,5406.6980000000021,4996.0509999999986,5.3869999999999996,551.82500000000005,0,10988.888999999999,128,12,12,FRESH_SELECTED
DVE019,DEVELOPMENT,4,13085.940000000001,6196.4070000000011,6840.6999999999998,9.7010000000000005,626.96400000000006,0,13716.476000000001,128,12,12,FRESH_SELECTED
DVE019,DEVELOPMENT,5,11455.25,6147.0599999999995,5268.9540000000006,7.04,557.85199999999998,0,12015.847,128,12,12,FRESH_SELECTED
DVE019,DEVELOPMENT,6,10387.954,5130.8179999999993,5214.612000000001,6.2229999999999999,573.87599999999998,0,10964.004000000001,128,12,12,FRESH_SELECTED
DVE020,DEVELOPMENT,0,5996.7460000000001,4460.6060000000007,1507.0309999999999,3.6949999999999998,183.09,0,6181.7370000000001,128,12,12,FRESH_SELECTED
DVE020,DEVELOPMENT,1,6068.174,4493.1949999999997,1543.5729999999999,3.948,200.37700000000001,0,6270.6779999999999,128,12,12,FRESH_SELECTED
DVE020,DEVELOPMENT,2,6111.125,4516.0319999999992,1564.5639999999999,3.831,202.126,0,6315.2330000000002,128,12,12,FRESH_SELECTED
DVE020,DEVELOPMENT,3,6091.9269999999997,4522.8670000000002,1537.837,3.867,213.976,0,6307.8890000000001,128,12,12,FRESH_SELECTED
DVE020,DEVELOPMENT,4,6136.3590000000004,4545.7529999999997,1559.5070000000003,3.798,202.95599999999999,0,6341.1639999999998,128,12,12,FRESH_SELECTED
DVE020,DEVELOPMENT,5,6146.2579999999998,4540.5820000000003,1573.4509999999998,3.8690000000000002,208.84,0,6357.1679999999997,128,12,12,FRESH_SELECTED
DVE020,DEVELOPMENT,6,6067.3509999999997,4493.1259999999993,1545.1080000000002,3.7909999999999999,181.304,0,6250.4300000000003,128,12,12,FRESH_SELECTED
DVE021,DEVELOPMENT,0,11890.630999999999,7370.1509999999998,4491.1140000000005,0.185,0,34955.894999999997,46849.288999999997,128,12,12,NO_SAFE_PATH
DVE021,DEVELOPMENT,1,13198.717000000001,8590.7860000000001,4573.2039999999997,0.437,0,32705.524000000001,45906.271999999997,128,12,12,NO_SAFE_PATH
DVE021,DEVELOPMENT,2,12167.103999999999,7465.7830000000004,4668.6199999999999,0.77900000000000003,0,32774.061000000002,44943.07,128,12,12,NO_SAFE_PATH
DVE021,DEVELOPMENT,3,11944.85,7311.5349999999999,4601.2150000000001,0.374,0,35033.411999999997,46980.739999999998,128,12,12,NO_SAFE_PATH
DVE021,DEVELOPMENT,4,12188.24,7571.2929999999997,4582.7530000000006,0.50800000000000001,0,34400.303,46590.678999999996,128,12,12,NO_SAFE_PATH
DVE021,DEVELOPMENT,5,12176.592000000001,7506.3120000000008,4638.6279999999997,0.36799999999999999,0,33271.481,45449.864999999998,128,12,12,NO_SAFE_PATH
DVE021,DEVELOPMENT,6,13294.244000000001,8558.0090000000018,4699.0199999999995,0.60599999999999998,0,35779.091999999997,49075.273999999998,128,12,12,NO_SAFE_PATH
DVE022,DEVELOPMENT,0,19796.619999999999,8910.3180000000011,10855.057999999999,5.1580000000000004,704.62800000000004,0,20503.306,128,12,12,FRESH_SELECTED
DVE022,DEVELOPMENT,1,19097.110000000001,8493.0659999999989,10572.527000000002,5.2510000000000003,705.68799999999999,0,19804.825000000001,128,12,12,FRESH_SELECTED
DVE022,DEVELOPMENT,2,19919.385999999999,8747.6940000000013,11140.068999999998,5.1079999999999997,690.91200000000003,0,20612.460999999999,128,12,12,FRESH_SELECTED
DVE022,DEVELOPMENT,3,21467.34,9397.3449999999975,12026.016000000001,8.3819999999999997,843.37099999999998,0,22314.114000000001,128,12,12,FRESH_SELECTED
DVE022,DEVELOPMENT,4,20278.994999999999,9120.5390000000007,11123.064,6.2220000000000004,707.89099999999996,0,20989.490000000002,128,12,12,FRESH_SELECTED
DVE022,DEVELOPMENT,5,20419.046999999999,8978.7270000000008,11390.189,8.3070000000000004,774.279,0,21196.511999999999,128,12,12,FRESH_SELECTED
DVE022,DEVELOPMENT,6,20006.25,8952.0080000000034,11015.998999999998,6.5170000000000003,781.38199999999995,0,20790.241000000002,128,12,12,FRESH_SELECTED
DVE023,DEVELOPMENT,0,10066.453,6503.0260000000007,3535.7269999999999,0.19600000000000001,0,28922.935000000001,38991.487999999998,128,12,12,NO_SAFE_PATH
DVE023,DEVELOPMENT,1,9967.5190000000002,6437.6649999999991,3498.643,0.224,0,26760.549999999999,36730.061999999998,128,12,12,NO_SAFE_PATH
DVE023,DEVELOPMENT,2,9869.3510000000006,6370.8530000000001,3469.6590000000006,0.35499999999999998,0,26635.666000000001,36507.006999999998,128,12,12,NO_SAFE_PATH
DVE023,DEVELOPMENT,3,9577.1039999999994,6185.3329999999996,3362.1340000000005,0.41699999999999998,0,26792.302,36371.281999999999,128,12,12,NO_SAFE_PATH
DVE023,DEVELOPMENT,4,9862.2549999999992,6312.3639999999996,3515.2920000000004,0.70299999999999996,0,26659.487000000001,36523.665000000001,128,12,12,NO_SAFE_PATH
DVE023,DEVELOPMENT,5,9945.8970000000008,6350.5699999999997,3566.1390000000001,0.28199999999999997,0,26690.934000000001,36638.567999999999,128,12,12,NO_SAFE_PATH
DVE023,DEVELOPMENT,6,10138.214,6583.0150000000003,3526.6389999999997,0.23499999999999999,0,26697.157999999999,36837.428999999996,128,12,12,NO_SAFE_PATH
DVE024,DEVELOPMENT,0,10039.572,5244.351999999999,4761.8960000000006,6.4450000000000003,349.35500000000002,0,10390.984,128,12,12,FRESH_SELECTED
DVE024,DEVELOPMENT,1,10806.584000000001,5626.4309999999996,5146.5600000000004,6.0810000000000004,355.57799999999997,0,11164.893,128,12,12,FRESH_SELECTED
DVE024,DEVELOPMENT,2,10405.25,5498.4380000000001,4873.2780000000002,5.3220000000000001,320.98899999999998,0,10728.253000000001,128,12,12,FRESH_SELECTED
DVE024,DEVELOPMENT,3,10728.174999999999,5541.2950000000001,5141.1769999999997,6.0010000000000003,356.14100000000002,0,11086.424999999999,128,12,12,FRESH_SELECTED
DVE024,DEVELOPMENT,4,10735.105,5616.2560000000012,5085.3119999999999,6.0880000000000001,361.35199999999998,0,11098.744000000001,128,12,12,FRESH_SELECTED
DVE024,DEVELOPMENT,5,10590.860000000001,5527.6350000000002,5029.8000000000002,5.9530000000000003,363.00999999999999,0,10956.121999999999,128,12,12,FRESH_SELECTED
DVE024,DEVELOPMENT,6,10550.718999999999,5522.6310000000003,4995.3149999999996,5.6790000000000003,360.233,0,10913.115,128,12,12,FRESH_SELECTED
DVE025,DEVELOPMENT,0,8956.3299999999999,5813.5919999999996,3115.1880000000006,0.48699999999999999,0,23653.752,32612.243999999999,128,12,12,NO_SAFE_PATH
DVE025,DEVELOPMENT,1,8919.9879999999994,5747.0699999999997,3141.9610000000002,0.63100000000000001,0,25375.342000000001,34297.411999999997,128,12,12,NO_SAFE_PATH
DVE025,DEVELOPMENT,2,9130.5290000000005,5861.0479999999998,3239.4949999999999,0.41999999999999998,0,24172.429,33305.038999999997,128,12,12,NO_SAFE_PATH
DVE025,DEVELOPMENT,3,9014.9419999999991,5820.0879999999988,3166.4260000000004,0.189,0,24183.760999999999,33200.720000000001,128,12,12,NO_SAFE_PATH
DVE025,DEVELOPMENT,4,9236.866,5902.6879999999983,3305.0390000000007,0.36699999999999999,0,24716.359,33955.474999999999,128,12,12,NO_SAFE_PATH
DVE025,DEVELOPMENT,5,9160.0120000000006,5890.0339999999997,3241.3360000000002,0.22800000000000001,0,24884.258000000002,34046.245999999999,128,12,12,NO_SAFE_PATH
DVE025,DEVELOPMENT,6,8741.9959999999992,5575.9120000000012,3137.884,0.19,0,23839.498,32583.378000000001,128,12,12,NO_SAFE_PATH
DVE026,DEVELOPMENT,0,13395.053,8313.8230000000003,5047.2699999999995,0.51500000000000001,0,36527.976999999999,49925.186999999998,128,12,12,NO_SAFE_PATH
DVE026,DEVELOPMENT,1,13573.195,8314.7380000000012,5223.2089999999989,0.53800000000000003,0,36825.870999999999,50401.510999999999,128,12,12,NO_SAFE_PATH
DVE026,DEVELOPMENT,2,13214.851000000001,8167.9970000000003,5011.7560000000003,0.82899999999999996,0,36837.663999999997,50054.773999999998,128,12,12,NO_SAFE_PATH
DVE026,DEVELOPMENT,3,13348.32,8098.9440000000013,5213.646999999999,0.85599999999999998,0,37599.610000000001,50950.366999999998,128,12,12,NO_SAFE_PATH
DVE026,DEVELOPMENT,4,13227.27,8194.3549999999996,4999.4539999999997,0.48199999999999998,0,36346.419999999998,49575.557999999997,128,12,12,NO_SAFE_PATH
DVE026,DEVELOPMENT,5,13211.098,8106.6630000000014,5065.4429999999993,0.45800000000000002,0,37621.228999999999,50834.322999999997,128,12,12,NO_SAFE_PATH
DVE026,DEVELOPMENT,6,13023.883,8054.3100000000013,4937.5029999999997,0.53900000000000003,0,35251.377999999997,48276.731,128,12,12,NO_SAFE_PATH
DVE027,DEVELOPMENT,0,10914.558000000001,7161.0109999999986,3727.5230000000001,0.16700000000000001,0,28606.397000000001,39522.699999999997,128,12,12,NO_SAFE_PATH
DVE027,DEVELOPMENT,1,11046.192999999999,7199.7959999999994,3820.6120000000005,0.16700000000000001,0,29190.527999999998,40238.184000000001,128,12,12,NO_SAFE_PATH
DVE027,DEVELOPMENT,2,10798.096,7043.1750000000002,3727.6009999999997,0.23300000000000001,0,30261.84,41061.875999999997,128,12,12,NO_SAFE_PATH
DVE027,DEVELOPMENT,3,11538.998,7469.9789999999994,4039.9970000000003,0.185,0,30612.491999999998,42153.451000000001,128,12,12,NO_SAFE_PATH
DVE027,DEVELOPMENT,4,11489.007,7471.1840000000002,3987.7799999999997,0.17999999999999999,0,30361.437000000002,41852.343999999997,128,12,12,NO_SAFE_PATH
DVE027,DEVELOPMENT,5,11484.431,7483.3270000000011,3971.3039999999996,0.23899999999999999,0,30304.462,41791.322999999997,128,12,12,NO_SAFE_PATH
DVE027,DEVELOPMENT,6,11418.864,7367.4740000000002,4020.0080000000003,0.375,0,28968.288,40389.123,128,12,12,NO_SAFE_PATH
DVE028,DEVELOPMENT,0,12590.017,6906.5169999999998,5647.3990000000003,6.5590000000000002,1196.5820000000001,0,13789.51,128,12,12,FRESH_SELECTED
DVE028,DEVELOPMENT,1,12618.768,6865.8740000000007,5718.7019999999993,6.0309999999999997,1276.2950000000001,0,13897.612999999999,128,12,12,FRESH_SELECTED
DVE028,DEVELOPMENT,2,12511.022000000001,6905.2569999999987,5565.4930000000004,5.8449999999999998,1310.5550000000001,0,13824.803,128,12,12,FRESH_SELECTED
DVE028,DEVELOPMENT,3,12909.858,7153.1510000000007,5721.5559999999996,5.5970000000000004,1279.7090000000001,0,14192.416999999999,128,12,12,FRESH_SELECTED
DVE028,DEVELOPMENT,4,12782.002,7064.3169999999991,5684.5619999999999,5.5460000000000003,1239.075,0,14023.884,128,12,12,FRESH_SELECTED
DVE028,DEVELOPMENT,5,12562.608,6862.6619999999994,5663.3920000000007,6.2859999999999996,1316.7470000000001,0,13882.306,128,12,12,FRESH_SELECTED
DVE028,DEVELOPMENT,6,12660.880999999999,7033.1899999999996,5583.3159999999998,5.8029999999999999,1255.1859999999999,0,13918.494000000001,128,12,12,FRESH_SELECTED
DVE029,DEVELOPMENT,0,15529.772000000001,7768.6890000000003,7726.9089999999997,6.5359999999999996,623.00199999999995,0,16155.306,128,12,12,FRESH_SELECTED
DVE029,DEVELOPMENT,1,16056.235000000001,8007.6390000000001,8017.7330000000002,5.0300000000000002,625.49900000000002,0,16684.226999999999,128,12,12,FRESH_SELECTED
DVE029,DEVELOPMENT,2,15044.331,7369.0900000000001,7640.4560000000001,6.1139999999999999,638.64700000000005,0,15685.48,128,12,12,FRESH_SELECTED
DVE029,DEVELOPMENT,3,15194.940000000001,7586.1119999999992,7577.7990000000018,5.0389999999999997,626.14400000000001,0,15823.434999999999,128,12,12,FRESH_SELECTED
DVE029,DEVELOPMENT,4,15338.171,7560.9809999999989,7740.2560000000012,6.4420000000000002,701.38900000000001,0,16042.415000000001,128,12,12,FRESH_SELECTED
DVE029,DEVELOPMENT,5,15534.725,7828.2949999999983,7674.1420000000007,5.3369999999999997,608.64700000000005,0,16145.998,128,12,12,FRESH_SELECTED
DVE029,DEVELOPMENT,6,15152.105,7473.8249999999989,7643.6910000000007,5.8390000000000004,693.96799999999996,0,15848.922,128,12,12,FRESH_SELECTED
DVE030,DEVELOPMENT,0,10193.168,6311.347999999999,3848.2959999999998,4.8440000000000003,255.953,0,10451.402,128,12,12,FRESH_SELECTED
DVE030,DEVELOPMENT,1,10309.665000000001,6413.9559999999992,3863.7930000000006,4.0819999999999999,246.99700000000001,0,10558.996999999999,128,12,12,FRESH_SELECTED
DVE030,DEVELOPMENT,2,10136.525,6345.5909999999985,3759.5320000000006,4.0430000000000001,245.37799999999999,0,10383.959999999999,128,12,12,FRESH_SELECTED
DVE030,DEVELOPMENT,3,10378.4,6375.3679999999995,3968.3360000000002,4.4560000000000004,246.68100000000001,0,10627.486000000001,128,12,12,FRESH_SELECTED
DVE030,DEVELOPMENT,4,10366.623,6388.9179999999997,3921.788,4.3029999999999999,256.10599999999999,0,10625.589,128,12,12,FRESH_SELECTED
DVE030,DEVELOPMENT,5,10019.669,6263.9170000000013,3725.2399999999998,3.552,250.28700000000001,0,10272.290000000001,128,12,12,FRESH_SELECTED
DVE030,DEVELOPMENT,6,10133.654,6255.1530000000012,3836.3799999999997,4.2809999999999997,245.44,0,10381.364,128,12,12,FRESH_SELECTED
DVE031,DEVELOPMENT,0,10358.645,5312.7629999999999,5011.7130000000006,5.8300000000000001,359.75200000000001,0,10720.448,128,12,12,FRESH_SELECTED
DVE031,DEVELOPMENT,1,10350.51,5324.8670000000002,4991.6309999999994,5.4390000000000001,366.49099999999999,0,10719.049000000001,128,12,12,FRESH_SELECTED
DVE031,DEVELOPMENT,2,9761.8829999999998,4985.9240000000009,4746.0720000000001,4.883,323.98099999999999,0,10087.59,128,12,12,FRESH_SELECTED
DVE031,DEVELOPMENT,3,9532.3379999999997,4939.9340000000002,4541.4519999999993,16.405999999999999,320.685,0,9854.8449999999993,128,12,12,FRESH_SELECTED
DVE031,DEVELOPMENT,4,10288.669,5269.5609999999997,4986.8860000000004,5.3840000000000003,358.82400000000001,0,10649.518,128,12,12,FRESH_SELECTED
DVE031,DEVELOPMENT,5,10143.415999999999,5229.6379999999999,4883.5719999999992,4.9020000000000001,320.96699999999998,0,10466.132,128,12,12,FRESH_SELECTED
DVE031,DEVELOPMENT,6,9878.143,4939.1570000000011,4909.518,4.883,336.81700000000001,0,10217.066000000001,128,12,12,FRESH_SELECTED
DVE032,DEVELOPMENT,0,14705.594999999999,8929.2949999999983,5749.853000000001,0.27700000000000002,0,41543.137999999999,56251.099000000002,128,12,12,NO_SAFE_PATH
DVE032,DEVELOPMENT,1,14888.647000000001,9052.5589999999993,5807.2530000000006,0.23799999999999999,0,40505.451000000001,55396.476000000002,128,12,12,NO_SAFE_PATH
DVE032,DEVELOPMENT,2,16037.517,9365.3399999999983,6635.7069999999994,0.83399999999999996,0,41131.129999999997,57171.159,128,12,12,NO_SAFE_PATH
DVE032,DEVELOPMENT,3,14102.343999999999,8496.3070000000007,5577.2790000000005,0.25700000000000001,0,42295.544000000002,56400.065999999999,128,12,12,NO_SAFE_PATH
DVE032,DEVELOPMENT,4,14800.924000000001,8919.6890000000003,5848.6980000000003,0.501,0,41307.277000000002,56110.553999999996,128,12,12,NO_SAFE_PATH
DVE032,DEVELOPMENT,5,15013.986999999999,8807.360999999999,6172.9479999999994,0.70699999999999996,0,40813.985999999997,55830.438999999998,128,12,12,NO_SAFE_PATH
DVE032,DEVELOPMENT,6,13764.703,8368.2939999999999,5368.4260000000004,0.24299999999999999,0,43070.103000000003,56837.557999999997,128,12,12,NO_SAFE_PATH
DVE033,DEVELOPMENT,0,15720.983,9437.2949999999983,6245.9409999999998,0.98599999999999999,0,44543.519999999997,60267.394999999997,128,12,12,NO_SAFE_PATH
DVE033,DEVELOPMENT,1,15769.735000000001,9441.9139999999989,6290.0020000000004,0.80300000000000005,0,45328.224000000002,61100.809000000001,128,12,12,NO_SAFE_PATH
DVE033,DEVELOPMENT,2,15671.821,9337.8480000000018,6300.8589999999995,0.44700000000000001,0,44304.694000000003,59979.065999999999,128,12,12,NO_SAFE_PATH
DVE033,DEVELOPMENT,3,15877.999,9591.0370000000021,6244.3179999999993,0.57699999999999996,0,44717.928,60598.275999999998,128,12,12,NO_SAFE_PATH
DVE033,DEVELOPMENT,4,15743.538,9445.2880000000005,6266.4350000000004,0.56899999999999995,0,42924.207000000002,58670.328999999998,128,12,12,NO_SAFE_PATH
DVE033,DEVELOPMENT,5,16133.415000000001,9457.9020000000019,6638.3990000000003,0.623,0,44946.324000000001,61081.978000000003,128,12,12,NO_SAFE_PATH
DVE033,DEVELOPMENT,6,15408.617,9262.130000000001,6108.9789999999994,0.72399999999999998,0,43732.394,59144.353999999999,128,12,12,NO_SAFE_PATH
DVE034,DEVELOPMENT,0,7660.8239999999996,5197.0829999999996,2435.2860000000001,0.53600000000000003,0,19239.41,26901.771000000001,128,12,12,NO_SAFE_PATH
DVE034,DEVELOPMENT,1,8027.415,5497.558,2498.2160000000003,0.94999999999999996,0,19780.329000000002,27809.513999999999,128,12,12,NO_SAFE_PATH
DVE034,DEVELOPMENT,2,7723.6589999999997,5183.4970000000003,2503.7639999999997,0.45800000000000002,0,20099.773000000001,27825.131000000001,128,12,12,NO_SAFE_PATH
DVE034,DEVELOPMENT,3,7483.8519999999999,5062.75,2396.5880000000002,0.214,0,19882.192999999999,27367.921999999999,128,12,12,NO_SAFE_PATH
DVE034,DEVELOPMENT,4,7622.0680000000002,5237.3409999999994,2357.4520000000002,0.23400000000000001,0,21026.577000000001,28650.607,128,12,12,NO_SAFE_PATH
DVE034,DEVELOPMENT,5,7788.6499999999996,5303.3859999999995,2454.8979999999997,0.32700000000000001,0,20504.379000000001,28294.780999999999,128,12,12,NO_SAFE_PATH
DVE034,DEVELOPMENT,6,7585.3559999999998,5187.9250000000002,2367.8670000000002,0.36499999999999999,0,19318.873,26906.064999999999,128,12,12,NO_SAFE_PATH
DVE035,DEVELOPMENT,0,9246.7749999999996,6183.5180000000009,3037.1589999999997,0.182,0,25557.592000000001,34806.197999999997,128,12,12,NO_SAFE_PATH
DVE035,DEVELOPMENT,1,9847.7659999999996,6724.8869999999997,3086.0540000000001,0.36099999999999999,0,24917.616000000002,34767.154000000002,128,12,12,NO_SAFE_PATH
DVE035,DEVELOPMENT,2,9762.9529999999995,6528.6369999999997,3205.5689999999995,0.443,0,24660.938999999998,34425.794000000002,128,12,12,NO_SAFE_PATH
DVE035,DEVELOPMENT,3,9562.2530000000006,6408.7359999999999,3126.1889999999999,0.185,0,25302.509999999998,34866.828000000001,128,12,12,NO_SAFE_PATH
DVE035,DEVELOPMENT,4,9797.5820000000003,6649.5050000000001,3120.02,0.254,0,24723.489000000001,34522.987000000001,128,12,12,NO_SAFE_PATH
DVE035,DEVELOPMENT,5,9421.0190000000002,6334.7290000000003,3058.366,0.318,0,25721.327000000001,35144.974999999999,128,12,12,NO_SAFE_PATH
DVE035,DEVELOPMENT,6,9288.3670000000002,6278.1300000000001,2984.3809999999999,0.27100000000000002,0,25351.184000000001,34641.508999999998,128,12,12,NO_SAFE_PATH
DVE036,DEVELOPMENT,0,6873.6540000000005,4888.8440000000001,1953.2099999999998,0.217,0,18102.611000000001,24978.026999999998,128,12,11,NO_SAFE_PATH
DVE036,DEVELOPMENT,1,6590.1700000000001,4668.7970000000005,1895.1369999999999,0.182,0,17976.183000000001,24568.087,128,12,11,NO_SAFE_PATH
DVE036,DEVELOPMENT,2,6790.1379999999999,4768.8329999999996,1996.0240000000001,0.219,0,17765.209999999999,24556.803,128,12,11,NO_SAFE_PATH
DVE036,DEVELOPMENT,3,7035.8199999999997,4988.2120000000004,2022.5749999999998,0.24199999999999999,0,17906.901999999998,24944.197,128,12,11,NO_SAFE_PATH
DVE036,DEVELOPMENT,4,6826.5299999999997,4771.4910000000009,2025.5029999999999,0.17699999999999999,0,18028.982,24857.029999999999,128,12,11,NO_SAFE_PATH
DVE036,DEVELOPMENT,5,6724.2799999999997,4781.5069999999996,1915.9130000000002,0.26200000000000001,0,17797.761999999999,24523.817999999999,128,12,11,NO_SAFE_PATH
DVE036,DEVELOPMENT,6,6717.5969999999998,4770.634,1921.5639999999996,0.16700000000000001,0,17887.592000000001,24606.987000000001,128,12,11,NO_SAFE_PATH
DVE037,DEVELOPMENT,0,11656.164000000001,7026.5360000000001,4599.5859999999993,4.1970000000000001,223.626,0,11882.038,128,12,12,FRESH_SELECTED
DVE037,DEVELOPMENT,1,11848.809999999999,7079.7519999999986,4735.8370000000004,4.657,245.452,0,12096.332,128,12,12,FRESH_SELECTED
DVE037,DEVELOPMENT,2,11633.109,6865.0129999999999,4727.1059999999998,4.6200000000000001,245.221,0,11880.382,128,12,12,FRESH_SELECTED
DVE037,DEVELOPMENT,3,11971.259,7134.3929999999991,4805.0860000000002,4.609,232.37899999999999,0,12205.657999999999,128,12,12,FRESH_SELECTED
DVE037,DEVELOPMENT,4,11987.205,7144.4829999999993,4810.3090000000002,5.1440000000000001,233.65899999999999,0,12223.066999999999,128,12,12,FRESH_SELECTED
DVE037,DEVELOPMENT,5,11307.924000000001,6760.2489999999989,4506.3770000000004,6.1909999999999998,217.935,0,11528.848,128,12,12,FRESH_SELECTED
DVE037,DEVELOPMENT,6,11984.965,7142.9399999999996,4807.8239999999996,5.0620000000000003,235.78999999999999,0,12223.66,128,12,12,FRESH_SELECTED
DVE038,DEVELOPMENT,0,5535.1589999999997,4112.4390000000003,1391.662,4.6950000000000003,219.29400000000001,0,5758.991,128,12,12,FRESH_SELECTED
DVE038,DEVELOPMENT,1,6115.5219999999999,4552.7959999999994,1518.4380000000001,5.5540000000000003,167.85599999999999,0,6286.4059999999999,128,12,12,FRESH_SELECTED
DVE038,DEVELOPMENT,2,6009.4380000000001,4462.1549999999997,1515.7230000000002,4.3520000000000003,163.48400000000001,0,6174.8900000000003,128,12,12,FRESH_SELECTED
DVE038,DEVELOPMENT,3,5847.0190000000002,4361.5470000000005,1456.9279999999997,3.9630000000000001,148.45500000000001,0,5997.2799999999997,128,12,12,FRESH_SELECTED
DVE038,DEVELOPMENT,4,5618.0780000000004,4163.3950000000004,1424.0919999999999,4.3780000000000001,163.81999999999999,0,5783.8779999999997,128,12,12,FRESH_SELECTED
DVE038,DEVELOPMENT,5,5765.7889999999998,4318.4440000000004,1417.0919999999999,3.9390000000000001,148.399,0,5916.1710000000003,128,12,12,FRESH_SELECTED
DVE038,DEVELOPMENT,6,5905.6660000000002,4397.7880000000005,1474.3310000000001,5.1139999999999999,164.376,0,6072.9009999999998,128,12,12,FRESH_SELECTED
DVE039,DEVELOPMENT,0,13391.300999999999,8169.512999999999,5190.835,0.27400000000000002,0,55769.008000000002,69162.951000000001,128,12,12,NO_SAFE_PATH
DVE039,DEVELOPMENT,1,15399.208000000001,8979.6059999999998,6382.5339999999997,0.48299999999999998,0,57088.311000000002,72490.407000000007,128,12,12,NO_SAFE_PATH
DVE039,DEVELOPMENT,2,12978.341,7933.5440000000008,5012.3950000000004,0.54700000000000004,0,58966.072,71950.108999999997,128,12,12,NO_SAFE_PATH
DVE039,DEVELOPMENT,3,13532.282999999999,8153.1720000000014,5341.4149999999991,0.58599999999999997,0,56864.546000000002,70399.513000000006,128,12,12,NO_SAFE_PATH
DVE039,DEVELOPMENT,4,13184.083000000001,7846.8399999999992,5303.1360000000004,0.64900000000000002,0,56210.303999999996,69397.205000000002,128,12,12,NO_SAFE_PATH
DVE039,DEVELOPMENT,5,13731.486000000001,8438.2610000000004,5257.3500000000004,0.625,0,57019.533000000003,70754.210000000006,128,12,12,NO_SAFE_PATH
DVE039,DEVELOPMENT,6,13751.849,8504.514000000001,5209.4970000000003,0.437,0,55515.459000000003,69269.623000000007,128,12,12,NO_SAFE_PATH
DVE040,DEVELOPMENT,0,9156.7620000000006,5841.7529999999997,3286.0350000000003,0.219,0,25323.950000000001,34483.688000000002,128,12,12,NO_SAFE_PATH
DVE040,DEVELOPMENT,1,9823.0310000000009,6448.2449999999999,3342.1779999999999,0.432,0,23243.452000000001,33072.025000000001,128,12,12,NO_SAFE_PATH
DVE040,DEVELOPMENT,2,9270.1280000000006,5925.4180000000006,3314.2109999999993,0.52400000000000002,0,24269.477999999999,33542.017999999996,128,12,12,NO_SAFE_PATH
DVE040,DEVELOPMENT,3,8958.9449999999997,5814.6270000000004,3114.4069999999997,0.36699999999999999,0,24390.076000000001,33351.398000000001,128,12,12,NO_SAFE_PATH
DVE040,DEVELOPMENT,4,9204.9650000000001,5887.2220000000007,3289.4100000000003,0.182,0,24989.751,34196.701000000001,128,12,12,NO_SAFE_PATH
DVE040,DEVELOPMENT,5,9315.6440000000002,5970.9899999999998,3316.4319999999998,0.29899999999999999,0,24616.614000000001,33934.188999999998,128,12,12,NO_SAFE_PATH
DVE040,DEVELOPMENT,6,9181.3130000000001,5871.1140000000005,3280.8969999999999,0.17699999999999999,0,24780.449000000001,33963.587,128,12,12,NO_SAFE_PATH
VUE001,VALIDATION_SEEN_AFTER_V1,0,12783.084999999999,8121.2949999999992,4632.0730000000003,0.39700000000000002,0,35114.322,47899.538999999997,128,12,12,NO_SAFE_PATH
VUE001,VALIDATION_SEEN_AFTER_V1,1,12853.956,8138.7150000000001,4686.3440000000001,0.46999999999999997,0,35141.784,47998.017,128,12,12,NO_SAFE_PATH
VUE001,VALIDATION_SEEN_AFTER_V1,2,12916.741,8251.8259999999991,4634.232,0.73499999999999999,0,35049.758999999998,47968.527999999998,128,12,12,NO_SAFE_PATH
VUE001,VALIDATION_SEEN_AFTER_V1,3,12750.741,8079.6389999999992,4639.8609999999999,0.41599999999999998,0,33973.552000000003,46726.517,128,12,12,NO_SAFE_PATH
VUE001,VALIDATION_SEEN_AFTER_V1,4,12721.322,7994.0559999999996,4695.5529999999999,0.59299999999999997,0,34384.245999999999,47107.442999999999,128,12,12,NO_SAFE_PATH
VUE001,VALIDATION_SEEN_AFTER_V1,5,12932.574000000001,8251.5720000000001,4649.1719999999996,0.42799999999999999,0,34682.663,47617.936000000002,128,12,12,NO_SAFE_PATH
VUE001,VALIDATION_SEEN_AFTER_V1,6,13792.26,8459.5950000000012,5285.6469999999999,0.69399999999999995,0,34963.923000000003,48758.572,128,12,12,NO_SAFE_PATH
VUE002,VALIDATION_SEEN_AFTER_V1,0,14472.642,9538.880000000001,4893.4099999999999,0.54300000000000004,0,32031.314999999999,46505.627,128,12,12,NO_SAFE_PATH
VUE002,VALIDATION_SEEN_AFTER_V1,1,12003.192999999999,7708.9369999999999,4258.4300000000003,0.32300000000000001,0,31927.073,43932.012000000002,128,12,12,NO_SAFE_PATH
VUE002,VALIDATION_SEEN_AFTER_V1,2,11726.610000000001,7340.6279999999988,4354.0190000000002,0.59999999999999998,0,31543.985000000001,43272.614999999998,128,12,12,NO_SAFE_PATH
VUE002,VALIDATION_SEEN_AFTER_V1,3,12433.392,7987.4949999999999,4391.7240000000002,0.54000000000000004,0,32260.427,44695.851000000002,128,12,12,NO_SAFE_PATH
VUE002,VALIDATION_SEEN_AFTER_V1,4,11205.358,7199.4290000000001,3977.614,0.28699999999999998,0,32591.034,43798.019999999997,128,12,12,NO_SAFE_PATH
VUE002,VALIDATION_SEEN_AFTER_V1,5,11899.629999999999,7589.5789999999997,4281.0039999999999,0.218,0,32427.506000000001,44328.989999999998,128,12,12,NO_SAFE_PATH
VUE002,VALIDATION_SEEN_AFTER_V1,6,11890.243,7560.5999999999995,4293.139000000001,0.629,0,31865.375,43757.436999999998,128,12,12,NO_SAFE_PATH
VUE003,VALIDATION_SEEN_AFTER_V1,0,9597.9200000000001,6585.7330000000011,2986.3449999999998,0.20100000000000001,0,25398.182000000001,35022.976000000002,128,12,12,NO_SAFE_PATH
VUE003,VALIDATION_SEEN_AFTER_V1,1,9742.5949999999993,6587.3089999999993,3126.1350000000002,0.38300000000000001,0,26611.594000000001,36356.576000000001,128,12,12,NO_SAFE_PATH
VUE003,VALIDATION_SEEN_AFTER_V1,2,11104.584000000001,7337.2240000000002,3731.2329999999997,0.53700000000000003,0,26188.123,37295.214,128,12,12,NO_SAFE_PATH
VUE003,VALIDATION_SEEN_AFTER_V1,3,9715.0220000000008,6603.2549999999992,3080.4000000000005,0.55100000000000005,0,25350.986000000001,35067.769999999997,128,12,12,NO_SAFE_PATH
VUE003,VALIDATION_SEEN_AFTER_V1,4,9385.7690000000002,6308.1089999999986,3050.5050000000006,0.188,0,24775.833999999999,34163.446000000004,128,12,12,NO_SAFE_PATH
VUE003,VALIDATION_SEEN_AFTER_V1,5,9172.6550000000007,6102.0569999999998,3034.915,0.66900000000000004,0,25741.563999999998,34916.362000000001,128,12,12,NO_SAFE_PATH
VUE003,VALIDATION_SEEN_AFTER_V1,6,10067.584999999999,6711.6070000000009,3317.2110000000002,1.079,0,25704.029999999999,35773.771999999997,128,12,12,NO_SAFE_PATH
VUE004,VALIDATION_SEEN_AFTER_V1,0,6850.2120000000004,4713.1889999999994,2108.1420000000003,3.137,151.881,0,7004.402,128,12,11,FRESH_SELECTED
VUE004,VALIDATION_SEEN_AFTER_V1,1,6741.1459999999997,4597.1540000000005,2113.989,3.1600000000000001,166.35300000000001,0,6909.6999999999998,128,12,11,FRESH_SELECTED
VUE004,VALIDATION_SEEN_AFTER_V1,2,7226.7830000000004,4821.7519999999995,2367.8580000000002,5.202,170.447,0,7399.8959999999997,128,12,11,FRESH_SELECTED
VUE004,VALIDATION_SEEN_AFTER_V1,3,7208.8370000000004,4918.5889999999999,2257.6290000000004,3.8580000000000001,167.34100000000001,0,7378.8419999999996,128,12,11,FRESH_SELECTED
VUE004,VALIDATION_SEEN_AFTER_V1,4,7053.2240000000002,4820.9279999999999,2202.482,3.4689999999999999,174.38300000000001,0,7229.7629999999999,128,12,11,FRESH_SELECTED
VUE004,VALIDATION_SEEN_AFTER_V1,5,7165.1270000000004,4884.0649999999996,2251.3839999999996,3.3980000000000001,164.44800000000001,0,7331.6760000000004,128,12,11,FRESH_SELECTED
VUE004,VALIDATION_SEEN_AFTER_V1,6,6906.7759999999998,4707.1710000000003,2169.9279999999999,3.2490000000000001,164.636,0,7073.4340000000002,128,12,11,FRESH_SELECTED
VUE005,VALIDATION_SEEN_AFTER_V1,0,9771.8299999999999,5135.7679999999991,4602.8010000000004,5.359,348.74799999999999,0,10122.657999999999,128,12,12,FRESH_SELECTED
VUE005,VALIDATION_SEEN_AFTER_V1,1,10004.51,5180.9160000000011,4772.8659999999991,7.1029999999999998,360.29599999999999,0,10367.619000000001,128,12,12,FRESH_SELECTED
VUE005,VALIDATION_SEEN_AFTER_V1,2,9843.1090000000004,5222.6080000000002,4586.1509999999998,6.2249999999999996,349.11099999999999,0,10195.406000000001,128,12,12,FRESH_SELECTED
VUE005,VALIDATION_SEEN_AFTER_V1,3,9667.7630000000008,5033.7119999999995,4600.5490000000009,5.875,349.44600000000003,0,10019.433999999999,128,12,12,FRESH_SELECTED
VUE005,VALIDATION_SEEN_AFTER_V1,4,9825.0310000000009,5190.3200000000006,4596.9309999999996,6.8579999999999997,370.733,0,10198.378000000001,128,12,12,FRESH_SELECTED
VUE005,VALIDATION_SEEN_AFTER_V1,5,9913.2669999999998,5256.4920000000002,4622.3589999999995,6.2089999999999996,347.113,0,10262.721,128,12,12,FRESH_SELECTED
VUE005,VALIDATION_SEEN_AFTER_V1,6,9768.9179999999997,5125.2449999999999,4609.277,5.6280000000000001,350.37099999999998,0,10121.41,128,12,12,FRESH_SELECTED
VUE006,VALIDATION_SEEN_AFTER_V1,0,10809.75,5414.9359999999988,5359.8900000000012,6.577,554.54399999999998,0,11366.188,128,12,12,FRESH_SELECTED
VUE006,VALIDATION_SEEN_AFTER_V1,1,10213.780000000001,5133.2039999999997,5044.3230000000003,6.75,506.70400000000001,0,10723.294,128,12,12,FRESH_SELECTED
VUE006,VALIDATION_SEEN_AFTER_V1,2,10367.934999999999,5189.8279999999995,5142.9210000000003,7.3470000000000004,553.25900000000001,0,10924.316000000001,128,12,12,FRESH_SELECTED
VUE006,VALIDATION_SEEN_AFTER_V1,3,10101.174999999999,5000.6009999999987,5068.3510000000006,6.1609999999999996,506.21100000000001,0,10609.166999999999,128,12,12,FRESH_SELECTED
VUE006,VALIDATION_SEEN_AFTER_V1,4,10409.039000000001,5185.2759999999998,5187.4560000000001,7.4889999999999999,523.851,0,10935.505999999999,128,12,12,FRESH_SELECTED
VUE006,VALIDATION_SEEN_AFTER_V1,5,10936.617,5532.5629999999992,5372.0250000000005,5.8819999999999997,561.29600000000005,0,11500.627,128,12,12,FRESH_SELECTED
VUE006,VALIDATION_SEEN_AFTER_V1,6,10639.673000000001,5218.1259999999984,5386.8630000000012,6.609,556.40099999999995,0,11198.236000000001,128,12,12,FRESH_SELECTED
VUE007,VALIDATION_SEEN_AFTER_V1,0,9331.6280000000006,5014.3490000000011,4285.0459999999994,5.6079999999999997,360.327,0,9693.8989999999994,128,12,12,FRESH_SELECTED
VUE007,VALIDATION_SEEN_AFTER_V1,1,9101.4930000000004,4846.4870000000001,4221.5680000000002,5.7389999999999999,495.834,0,9602.2890000000007,128,12,12,FRESH_SELECTED
VUE007,VALIDATION_SEEN_AFTER_V1,2,9196.7990000000009,4973.152,4182.732,7.2400000000000002,350.65300000000002,0,9550.1560000000009,128,12,12,FRESH_SELECTED
VUE007,VALIDATION_SEEN_AFTER_V1,3,9571.2180000000008,5133.2520000000004,4403.5469999999996,5.476,346.85000000000002,0,9920.0229999999992,128,12,12,FRESH_SELECTED
VUE007,VALIDATION_SEEN_AFTER_V1,4,9506.7839999999997,5061.2210000000005,4411.6989999999996,5.7779999999999996,348.14699999999999,0,9857.0889999999999,128,12,12,FRESH_SELECTED
VUE007,VALIDATION_SEEN_AFTER_V1,5,9397.8760000000002,5158.7850000000008,4202.1369999999997,6.4539999999999997,347.01499999999999,0,9748.1749999999993,128,12,12,FRESH_SELECTED
VUE007,VALIDATION_SEEN_AFTER_V1,6,9523.5349999999999,5067.1469999999999,4422.7869999999994,5.4459999999999997,347.50599999999997,0,9873.0300000000007,128,12,12,FRESH_SELECTED
VUE008,VALIDATION_SEEN_AFTER_V1,0,7978.3739999999998,5174.847999999999,2760.6500000000001,4.9080000000000004,346.02499999999998,0,8326.7139999999999,128,12,11,FRESH_SELECTED
VUE008,VALIDATION_SEEN_AFTER_V1,1,7621.2560000000003,4786.2290000000003,2803.9279999999999,3.6379999999999999,378.995,0,8002.2039999999997,128,12,11,FRESH_SELECTED
VUE008,VALIDATION_SEEN_AFTER_V1,2,7807.7399999999998,5002.3280000000013,2773.7429999999995,3.5739999999999998,378.053,0,8187.7430000000004,128,12,11,FRESH_SELECTED
VUE008,VALIDATION_SEEN_AFTER_V1,3,7633.2780000000002,4907.1869999999999,2697.3070000000002,3.4199999999999999,436.45999999999998,0,8072.558,128,12,11,FRESH_SELECTED
VUE008,VALIDATION_SEEN_AFTER_V1,4,7918.8590000000004,5097.978000000001,2786.0339999999997,4.8109999999999999,378.69799999999998,0,8300.3639999999996,128,12,11,FRESH_SELECTED
VUE008,VALIDATION_SEEN_AFTER_V1,5,7878.2240000000002,5051.0869999999995,2796.4099999999999,3.653,379.94400000000002,0,8260.0740000000005,128,12,11,FRESH_SELECTED
VUE008,VALIDATION_SEEN_AFTER_V1,6,7522.9920000000002,4764.0110000000004,2728.8739999999998,3.4860000000000002,376.00700000000001,0,7900.8059999999996,128,12,11,FRESH_SELECTED
VUE009,VALIDATION_SEEN_AFTER_V1,0,15402.008,8930.6270000000004,6439.2979999999989,0.58899999999999997,0,43433.637999999999,58837.745000000003,128,12,12,NO_SAFE_PATH
VUE009,VALIDATION_SEEN_AFTER_V1,1,15321.636,8821.6800000000003,6466.3919999999998,0.58899999999999997,0,43814.120999999999,59137.892,128,12,12,NO_SAFE_PATH
VUE009,VALIDATION_SEEN_AFTER_V1,2,16818.377,9559.1939999999995,7220.4290000000001,0.55600000000000005,0,41835.644999999997,58656.074999999997,128,12,12,NO_SAFE_PATH
VUE009,VALIDATION_SEEN_AFTER_V1,3,14231.477999999999,8136.1039999999994,6059.2719999999999,0.69199999999999995,0,44138.508999999998,58372.169999999998,128,12,12,NO_SAFE_PATH
VUE009,VALIDATION_SEEN_AFTER_V1,4,15318.317999999999,8870.1710000000003,6413.1850000000004,0.61899999999999999,0,43822.531000000003,59143.252,128,12,12,NO_SAFE_PATH
VUE009,VALIDATION_SEEN_AFTER_V1,5,15109.602999999999,8762.1779999999999,6313.2620000000015,0.67700000000000005,0,43343.002999999997,58454.851000000002,128,12,12,NO_SAFE_PATH
VUE009,VALIDATION_SEEN_AFTER_V1,6,14956.912,8645.7560000000012,6279.9109999999991,0.68300000000000005,0,42346.540999999997,57305.851000000002,128,12,12,NO_SAFE_PATH
VUE010,VALIDATION_SEEN_AFTER_V1,0,15290.682000000001,9311.0699999999979,5943.2830000000004,0.63500000000000001,0,42536.987000000001,57829.944000000003,128,12,12,NO_SAFE_PATH
VUE010,VALIDATION_SEEN_AFTER_V1,1,15262.370999999999,9084.1280000000024,6141.677999999999,0.38500000000000001,0,43563.896000000001,58828.502,128,12,12,NO_SAFE_PATH
VUE010,VALIDATION_SEEN_AFTER_V1,2,15292.416999999999,9193.1589999999997,6063.5229999999992,0.71599999999999997,0,43653.351000000002,58948.205000000002,128,12,12,NO_SAFE_PATH
VUE010,VALIDATION_SEEN_AFTER_V1,3,15168.933999999999,9208.3379999999997,5930.4780000000001,0.40999999999999998,0,42695.017999999996,57866.724000000002,128,12,12,NO_SAFE_PATH
VUE010,VALIDATION_SEEN_AFTER_V1,4,15862.031999999999,9651.4359999999997,6178.1959999999999,0.39600000000000002,0,43365.739000000001,59229.983,128,12,12,NO_SAFE_PATH
VUE010,VALIDATION_SEEN_AFTER_V1,5,15471.857,9173.8549999999977,6263.036000000001,0.63500000000000001,0,42651.737999999998,58125.798999999999,128,12,12,NO_SAFE_PATH
VUE010,VALIDATION_SEEN_AFTER_V1,6,15744.25,9320.5419999999995,6370.2849999999989,0.79400000000000004,0,43391.962,59138.985999999997,128,12,12,NO_SAFE_PATH
VUE011,VALIDATION_SEEN_AFTER_V1,0,20316.789000000001,9197.0669999999991,11077.072,7.7859999999999996,693.66999999999996,0,21012.734,128,12,12,FRESH_RAW_EXACT_HARD_INVALID:d-offset intersects an inflated static-obstacle box
VUE011,VALIDATION_SEEN_AFTER_V1,1,20178.866000000002,9295.103000000001,10844.292000000001,7.2560000000000002,653.07299999999998,0,20833.755000000001,128,12,12,FRESH_RAW_EXACT_HARD_INVALID:d-offset intersects an inflated static-obstacle box
VUE011,VALIDATION_SEEN_AFTER_V1,2,20388.483,9448.3799999999992,10899.772999999999,7.8230000000000004,660.60500000000002,0,21050.781999999999,128,12,12,FRESH_RAW_EXACT_HARD_INVALID:d-offset intersects an inflated static-obstacle box
VUE011,VALIDATION_SEEN_AFTER_V1,3,20044.084999999999,9175.4290000000001,10827.632,7.7809999999999997,647.18100000000004,0,20693.112000000001,128,12,12,FRESH_RAW_EXACT_HARD_INVALID:d-offset intersects an inflated static-obstacle box
VUE011,VALIDATION_SEEN_AFTER_V1,4,20090.335999999999,9220.5380000000005,10831.852000000001,6.6900000000000004,666.83100000000002,0,20758.630000000001,128,12,12,FRESH_RAW_EXACT_HARD_INVALID:d-offset intersects an inflated static-obstacle box
VUE011,VALIDATION_SEEN_AFTER_V1,5,20166.526000000002,9170.530999999999,10954.578000000001,8.0139999999999993,652.86800000000005,0,20821.433000000001,128,12,12,FRESH_RAW_EXACT_HARD_INVALID:d-offset intersects an inflated static-obstacle box
VUE011,VALIDATION_SEEN_AFTER_V1,6,20237.187999999998,9257.9609999999993,10938.559999999999,7.6849999999999996,656.33799999999997,0,20895.918000000001,128,12,12,FRESH_RAW_EXACT_HARD_INVALID:d-offset intersects an inflated static-obstacle box
VUE012,VALIDATION_SEEN_AFTER_V1,0,14928.781000000001,9096.1869999999981,5792.4160000000011,1.7230000000000001,0,42085.735000000001,57027.173999999999,128,12,12,NO_SAFE_PATH
VUE012,VALIDATION_SEEN_AFTER_V1,1,15026.797,9131.5290000000005,5861.4619999999995,0.56299999999999994,0,41782.069000000003,56811.038999999997,128,12,12,NO_SAFE_PATH
VUE012,VALIDATION_SEEN_AFTER_V1,2,15085.365,9211.237000000001,5841.4049999999997,0.501,0,41777.877999999997,56865.538999999997,128,12,12,NO_SAFE_PATH
VUE012,VALIDATION_SEEN_AFTER_V1,3,15050.233,9144.9620000000014,5866.6839999999993,0.48799999999999999,0,42020.042999999998,57072.716999999997,128,12,12,NO_SAFE_PATH
VUE012,VALIDATION_SEEN_AFTER_V1,4,15019.725,9126.8959999999988,5861.1150000000016,0.48899999999999999,0,41807.123,56829.305,128,12,12,NO_SAFE_PATH
VUE012,VALIDATION_SEEN_AFTER_V1,5,14975.300999999999,9094.7369999999992,5846.9929999999995,0.67100000000000004,0,41936.821000000004,56914.603000000003,128,12,12,NO_SAFE_PATH
VUE012,VALIDATION_SEEN_AFTER_V1,6,15235.656000000001,9114.8799999999992,6085.7509999999993,0.61599999999999999,0,41587.845000000001,56826.057000000001,128,12,12,NO_SAFE_PATH
VUE013,VALIDATION_SEEN_AFTER_V1,0,14643.909,8585.148000000001,6023.0429999999997,5.1390000000000002,685.45899999999995,0,15330.834999999999,128,12,12,FRESH_RAW_EXACT_HARD_INVALID:d-offset intersects an inflated static-obstacle box
VUE013,VALIDATION_SEEN_AFTER_V1,1,14800.226000000001,8692.5579999999991,6068.1559999999999,6.7919999999999998,693.92899999999997,0,15496.223,128,12,12,FRESH_RAW_EXACT_HARD_INVALID:d-offset intersects an inflated static-obstacle box
VUE013,VALIDATION_SEEN_AFTER_V1,2,14549.781999999999,8553.6610000000019,5959.6489999999994,5.7009999999999996,676.27499999999998,0,15227.444,128,12,12,FRESH_RAW_EXACT_HARD_INVALID:d-offset intersects an inflated static-obstacle box
VUE013,VALIDATION_SEEN_AFTER_V1,3,14710.878000000001,8596.0839999999989,6073.7390000000005,6.2290000000000001,687.50999999999999,0,15400.254000000001,128,12,12,FRESH_RAW_EXACT_HARD_INVALID:d-offset intersects an inflated static-obstacle box
VUE013,VALIDATION_SEEN_AFTER_V1,4,14597.540000000001,8617.0689999999995,5943.9899999999998,5.54,686.21000000000004,0,15285.642,128,12,12,FRESH_RAW_EXACT_HARD_INVALID:d-offset intersects an inflated static-obstacle box
VUE013,VALIDATION_SEEN_AFTER_V1,5,14843.923000000001,8680.3790000000008,6116.6209999999992,10.625,674.19500000000005,0,15519.977999999999,128,12,12,FRESH_RAW_EXACT_HARD_INVALID:d-offset intersects an inflated static-obstacle box
VUE013,VALIDATION_SEEN_AFTER_V1,6,14376.719999999999,8579.3260000000009,5765.3539999999994,4.8289999999999997,646.41200000000003,0,15024.686,128,12,12,FRESH_RAW_EXACT_HARD_INVALID:d-offset intersects an inflated static-obstacle box
VUE014,VALIDATION_SEEN_AFTER_V1,0,18719.494999999999,9398.4189999999999,9287.3360000000011,0.33800000000000002,0,53959.368999999999,72681.229000000007,128,12,12,NO_SAFE_PATH
VUE014,VALIDATION_SEEN_AFTER_V1,1,18062.655999999999,8959.2729999999974,9004.2950000000001,0.63800000000000001,0,54005.921000000002,72071.125,128,12,12,NO_SAFE_PATH
VUE014,VALIDATION_SEEN_AFTER_V1,2,18606.488000000001,9298.7659999999996,9274.5729999999985,0.67400000000000004,0,55900.919000000002,74509.759999999995,128,12,12,NO_SAFE_PATH
VUE014,VALIDATION_SEEN_AFTER_V1,3,18828.861000000001,9343.3929999999982,9448.1599999999999,0.84899999999999998,0,54054.457999999999,72885.667000000001,128,12,12,NO_SAFE_PATH
VUE014,VALIDATION_SEEN_AFTER_V1,4,18765.91,9250.3120000000017,9478.8169999999991,0.70999999999999996,0,54819.923999999999,73588.330000000002,128,12,12,NO_SAFE_PATH
VUE014,VALIDATION_SEEN_AFTER_V1,5,20034.565999999999,9934.5339999999978,10065.507000000001,0.70599999999999996,0,60258.313000000002,80295.718999999997,128,12,12,NO_SAFE_PATH
VUE014,VALIDATION_SEEN_AFTER_V1,6,19350.449000000001,9600.1910000000007,9713.8899999999994,0.52300000000000002,0,58780.319000000003,78133.672000000006,128,12,12,NO_SAFE_PATH
VUE015,VALIDATION_SEEN_AFTER_V1,0,7672.192,5386.1059999999998,2255.5439999999999,0.51100000000000001,0,21186.710999999999,28861.133999999998,128,12,12,NO_SAFE_PATH
VUE015,VALIDATION_SEEN_AFTER_V1,1,7700.1379999999999,5412.1670000000004,2256.9299999999998,0.35399999999999998,0,18807.809000000001,26509.963,128,12,12,NO_SAFE_PATH
VUE015,VALIDATION_SEEN_AFTER_V1,2,7598.6400000000003,5326.8450000000012,2231.9509999999996,10.927,0,19166.399000000001,26766.795999999998,128,12,12,NO_SAFE_PATH
VUE015,VALIDATION_SEEN_AFTER_V1,3,7590.0230000000001,5333.311999999999,2227.2620000000002,0.22800000000000001,0,19501.162,27093.351999999999,128,12,12,NO_SAFE_PATH
VUE015,VALIDATION_SEEN_AFTER_V1,4,7751.7380000000003,5406.674,2297.3440000000001,0.443,0,21478.796999999999,29233.098000000002,128,12,12,NO_SAFE_PATH
VUE015,VALIDATION_SEEN_AFTER_V1,5,7664.3919999999998,5417.9700000000003,2217.0599999999999,0.41299999999999998,0,19322.425999999999,26988.357,128,12,12,NO_SAFE_PATH
VUE015,VALIDATION_SEEN_AFTER_V1,6,7537.0100000000002,5264.0759999999991,2244.0010000000002,0.27000000000000002,0,23067.445,30606.824000000001,128,12,12,NO_SAFE_PATH
VUE016,VALIDATION_SEEN_AFTER_V1,0,8733.0499999999993,5850.0180000000009,2858.3489999999997,0.191,0,22694.600999999999,31429.775000000001,128,12,12,NO_SAFE_PATH
VUE016,VALIDATION_SEEN_AFTER_V1,1,8956.1239999999998,5965.2789999999995,2963.3540000000007,0.182,0,25702.503000000001,34661.631000000001,128,12,12,NO_SAFE_PATH
VUE016,VALIDATION_SEEN_AFTER_V1,2,9214.0810000000001,6148.991,3033.527,0.377,0,25155.914000000001,34372.482000000004,128,12,12,NO_SAFE_PATH
VUE016,VALIDATION_SEEN_AFTER_V1,3,8921.6820000000007,5979.6929999999993,2905.0529999999999,0.26100000000000001,0,24556.972000000002,33480.720000000001,128,12,12,NO_SAFE_PATH
VUE016,VALIDATION_SEEN_AFTER_V1,4,8916.5689999999995,5965.3900000000003,2922.9070000000002,0.36399999999999999,0,23733.368999999999,32651.907999999999,128,12,12,NO_SAFE_PATH
VUE016,VALIDATION_SEEN_AFTER_V1,5,9082.9439999999995,6034.9109999999991,3019.3980000000001,0.55400000000000005,0,24769.707999999999,33855.080999999998,128,12,12,NO_SAFE_PATH
VUE016,VALIDATION_SEEN_AFTER_V1,6,9073.4850000000006,6047.3020000000006,2995.8199999999997,0.443,0,24112.028999999999,33187.849000000002,128,12,12,NO_SAFE_PATH
VUE017,VALIDATION_SEEN_AFTER_V1,0,7322.9799999999996,5146.5340000000006,2128.5039999999999,0.77100000000000002,0,17834.448,25159.267,128,12,12,NO_SAFE_PATH
VUE017,VALIDATION_SEEN_AFTER_V1,1,6039.384,4567.9349999999995,1441.5920000000001,0.27000000000000002,0,15452.611999999999,21493.75,128,12,12,NO_SAFE_PATH
VUE017,VALIDATION_SEEN_AFTER_V1,2,6274.9589999999998,4726.2260000000006,1523.8220000000001,0.16300000000000001,0,14440.302,20716.797999999999,128,12,12,NO_SAFE_PATH
VUE017,VALIDATION_SEEN_AFTER_V1,3,5962.2730000000001,4448.7889999999989,1486.239,0.22500000000000001,0,14823.134,20786.846000000001,128,12,12,NO_SAFE_PATH
VUE017,VALIDATION_SEEN_AFTER_V1,4,5963.4070000000002,4505.9389999999994,1433.3290000000002,0.16700000000000001,0,17658.758999999998,23623.987000000001,128,12,12,NO_SAFE_PATH
VUE017,VALIDATION_SEEN_AFTER_V1,5,6461.9859999999999,4860.7299999999996,1569.3780000000002,0.375,0,15584.053,22047.600999999999,128,12,12,NO_SAFE_PATH
VUE017,VALIDATION_SEEN_AFTER_V1,6,8139.7479999999996,6033.9130000000005,2069.9720000000002,0.45600000000000002,0,16175.097,24317.202000000001,128,12,12,NO_SAFE_PATH
VUE018,VALIDATION_SEEN_AFTER_V1,0,17836.649000000001,8389.5130000000008,9405.4610000000011,5.6769999999999996,273.82499999999999,0,18113.202000000001,128,12,12,FRESH_SELECTED
VUE018,VALIDATION_SEEN_AFTER_V1,1,17222.668000000001,8247.4599999999973,8939.7720000000008,4.0460000000000003,269.54300000000001,0,17494.616000000002,128,12,12,FRESH_SELECTED
VUE018,VALIDATION_SEEN_AFTER_V1,2,19292.172999999999,8619.5560000000023,10621.83,5.9420000000000002,274.51799999999997,0,19570.328000000001,128,12,12,FRESH_SELECTED
VUE018,VALIDATION_SEEN_AFTER_V1,3,17180.955999999998,8160.2159999999994,8986.5070000000014,4.1029999999999998,267.005,0,17450.139999999999,128,12,12,FRESH_SELECTED
VUE018,VALIDATION_SEEN_AFTER_V1,4,21039.630000000001,9707.9030000000021,11288.269,6.1920000000000002,278.142,0,21320.915000000001,128,12,12,FRESH_SELECTED
VUE018,VALIDATION_SEEN_AFTER_V1,5,17011.901000000002,8148.875,8826.9519999999993,4.633,270.85899999999998,0,17285.352999999999,128,12,12,FRESH_SELECTED
VUE018,VALIDATION_SEEN_AFTER_V1,6,17245.777999999998,8213.7209999999995,8997.9800000000014,4.0039999999999996,265.09100000000001,0,17513.012999999999,128,12,12,FRESH_SELECTED
VUE019,VALIDATION_SEEN_AFTER_V1,0,14321.306,8858.6280000000006,5432.7269999999999,0.25,0,43201.851999999999,57525.391000000003,128,12,12,NO_SAFE_PATH
VUE019,VALIDATION_SEEN_AFTER_V1,1,18255.328000000001,10391.141000000001,7817.6149999999998,0.42899999999999999,0,43591.722999999998,61849.438999999998,128,12,12,NO_SAFE_PATH
VUE019,VALIDATION_SEEN_AFTER_V1,2,14871.118,9269.0110000000022,5566.6999999999998,0.42699999999999999,0,38863.845000000001,53737.250999999997,128,12,12,NO_SAFE_PATH
VUE019,VALIDATION_SEEN_AFTER_V1,3,14624.942999999999,9144.1219999999994,5451.5050000000001,0.246,0,40965.294999999998,55592.451000000001,128,12,12,NO_SAFE_PATH
VUE019,VALIDATION_SEEN_AFTER_V1,4,15689.592000000001,9751.9179999999997,5903.0389999999998,0.49099999999999999,0,40535.019,56226.722000000002,128,12,12,NO_SAFE_PATH
VUE019,VALIDATION_SEEN_AFTER_V1,5,15653.852999999999,9447.8509999999987,6167.936999999999,0.78800000000000003,0,42436.627999999997,58092.877,128,12,12,NO_SAFE_PATH
VUE019,VALIDATION_SEEN_AFTER_V1,6,14589.286,9138.0829999999987,5419.6509999999989,0.41399999999999998,0,44830.014999999999,59421.614000000001,128,12,12,NO_SAFE_PATH
VUE020,VALIDATION_SEEN_AFTER_V1,0,12402.752,7707.9939999999997,4662.2130000000006,4.4809999999999999,221.762,0,12626.754999999999,128,12,12,FRESH_SELECTED
VUE020,VALIDATION_SEEN_AFTER_V1,1,12469.933000000001,7711.7070000000003,4725.6939999999995,4.1859999999999999,214.74600000000001,0,12694.289000000001,128,12,12,FRESH_SELECTED
VUE020,VALIDATION_SEEN_AFTER_V1,2,12359.486999999999,7598.4070000000002,4714.9179999999997,6.819,288.762,0,12651.537,128,12,12,FRESH_SELECTED
VUE020,VALIDATION_SEEN_AFTER_V1,3,13419.945,8675.7150000000001,4703.2209999999995,5.7510000000000003,216.41,0,13639.335999999999,128,12,12,FRESH_SELECTED
VUE020,VALIDATION_SEEN_AFTER_V1,4,12265.918,7632.1839999999993,4603.2980000000007,3.8650000000000002,224.827,0,12493.109,128,12,12,FRESH_SELECTED
VUE020,VALIDATION_SEEN_AFTER_V1,5,13079.745000000001,7869.5070000000005,5173.366,5.4950000000000001,222.53999999999999,0,13305.368,128,12,12,FRESH_SELECTED
VUE020,VALIDATION_SEEN_AFTER_V1,6,12166.940000000001,7659.1140000000005,4475.9809999999998,4.1369999999999996,204.31,0,12373.663,128,12,12,FRESH_SELECTED
VUE021,VALIDATION_SEEN_AFTER_V1,0,10618.981,6828.5760000000009,3741.9110000000001,0.51600000000000001,0,25865.637999999999,36487.298000000003,128,12,12,NO_SAFE_PATH
VUE021,VALIDATION_SEEN_AFTER_V1,1,10869.712,6959.1790000000001,3865.3429999999998,0.63100000000000001,0,26549.486000000001,37422.273999999998,128,12,12,NO_SAFE_PATH
VUE021,VALIDATION_SEEN_AFTER_V1,2,12040.01,8794.3529999999992,3210.2080000000001,0.35899999999999999,0,25824.589,37867.002,128,12,12,NO_SAFE_PATH
VUE021,VALIDATION_SEEN_AFTER_V1,3,9914.3490000000002,6764.081000000001,3120.1289999999995,0.76200000000000001,0,24774.284,34691.131999999998,128,12,12,NO_SAFE_PATH
VUE021,VALIDATION_SEEN_AFTER_V1,4,9290.1859999999997,6278.6079999999993,2981.8720000000003,0.34100000000000003,0,25121.439999999999,34413.762999999999,128,12,12,NO_SAFE_PATH
VUE021,VALIDATION_SEEN_AFTER_V1,5,9845.4799999999996,6668.1540000000005,3148.498,0.23000000000000001,0,26846.834999999999,36694.642,128,12,12,NO_SAFE_PATH
VUE021,VALIDATION_SEEN_AFTER_V1,6,9841.2350000000006,6680.3320000000003,3126.877,0.374,0,27104.254000000001,36948.283000000003,128,12,12,NO_SAFE_PATH
VUE022,VALIDATION_SEEN_AFTER_V1,0,5741.5950000000003,4053.3800000000006,1660.9879999999998,0.182,0,15271.615,21015.133000000002,128,12,12,NO_SAFE_PATH
VUE022,VALIDATION_SEEN_AFTER_V1,1,5895.0709999999999,4252.8309999999992,1613.7160000000001,0.193,0,14686.26,20582.628000000001,128,12,12,NO_SAFE_PATH
VUE022,VALIDATION_SEEN_AFTER_V1,2,7686.2659999999996,5398.616,2256.0439999999999,0.433,0,15565.528,23253.524000000001,128,12,12,NO_SAFE_PATH
VUE022,VALIDATION_SEEN_AFTER_V1,3,5781.3239999999996,4155.4610000000002,1599.0879999999997,0.14099999999999999,0,18425.855,24209.082999999999,128,12,12,NO_SAFE_PATH
VUE022,VALIDATION_SEEN_AFTER_V1,4,6022.277,4342.4339999999993,1648.9720000000002,0.40300000000000002,0,14372.594999999999,20396.321,128,12,12,NO_SAFE_PATH
VUE022,VALIDATION_SEEN_AFTER_V1,5,5809.0870000000004,4182.9189999999999,1598.5740000000001,0.33200000000000002,0,13857.047,19667.763999999999,128,12,12,NO_SAFE_PATH
VUE022,VALIDATION_SEEN_AFTER_V1,6,5631.3050000000003,4087.6080000000002,1517.423,0.161,0,14280.278,19912.994999999999,128,12,12,NO_SAFE_PATH
VUE023,VALIDATION_SEEN_AFTER_V1,0,11936.813,5967.1100000000006,5925.2089999999998,8.3079999999999998,351.59699999999998,0,12292.164000000001,128,12,11,FRESH_SELECTED
VUE023,VALIDATION_SEEN_AFTER_V1,1,10260.058999999999,5609.5950000000003,4614.2719999999999,6.4000000000000004,341.89600000000002,0,10604.939,128,12,11,FRESH_SELECTED
VUE023,VALIDATION_SEEN_AFTER_V1,2,9846.8590000000004,5229.5409999999993,4587.973,5.5,309.52800000000002,0,10158.323,128,12,11,FRESH_SELECTED
VUE023,VALIDATION_SEEN_AFTER_V1,3,10745.846,5376.6260000000002,5333.9930000000004,6.6970000000000001,352.971,0,11101.716,128,12,11,FRESH_SELECTED
VUE023,VALIDATION_SEEN_AFTER_V1,4,10230.222,5507.0730000000003,4689.3099999999995,6.0609999999999999,342.39299999999997,0,10575.299999999999,128,12,11,FRESH_SELECTED
VUE023,VALIDATION_SEEN_AFTER_V1,5,10189.566999999999,5485.3080000000009,4669.7509999999993,5.923,339.63200000000001,0,10531.401,128,12,11,FRESH_SELECTED
VUE023,VALIDATION_SEEN_AFTER_V1,6,11123.686,5671.7020000000011,5410.3409999999994,7.9130000000000003,350.00200000000001,0,11476.966,128,12,11,FRESH_SELECTED
VUE024,VALIDATION_SEEN_AFTER_V1,0,10679.044,5507.4229999999998,5141.4240000000009,5.0490000000000004,316.88799999999998,0,10998.061,128,12,12,FRESH_SELECTED
VUE024,VALIDATION_SEEN_AFTER_V1,1,10676.402,5297.6699999999992,5344.915,5.3940000000000001,346.54899999999998,0,11024.948,128,12,12,FRESH_SELECTED
VUE024,VALIDATION_SEEN_AFTER_V1,2,10912.365,5553.9170000000004,5325.4189999999999,5.4429999999999996,339.62599999999998,0,11254.079,128,12,12,FRESH_SELECTED
VUE024,VALIDATION_SEEN_AFTER_V1,3,12153.027,6289.2069999999994,5821.2140000000009,8.5020000000000007,356.36900000000003,0,12512.474,128,12,12,FRESH_SELECTED
VUE024,VALIDATION_SEEN_AFTER_V1,4,11043.495000000001,5638.7219999999998,5369.3469999999998,5.5979999999999999,340.97699999999998,0,11386.9,128,12,12,FRESH_SELECTED
VUE024,VALIDATION_SEEN_AFTER_V1,5,10748.306,5534.7240000000011,5179.4879999999994,5.6210000000000004,344.12700000000001,0,11094.553,128,12,12,FRESH_SELECTED
VUE024,VALIDATION_SEEN_AFTER_V1,6,11873.898999999999,6478.8130000000001,5354.7879999999996,7.5780000000000003,353.50599999999997,0,12230.976000000001,128,12,12,FRESH_SELECTED
VUE025,VALIDATION_SEEN_AFTER_V1,0,13559.857,8932.223,4589.4149999999991,6.4400000000000004,714.70899999999995,0,14277.498,128,12,12,FRESH_SELECTED
VUE025,VALIDATION_SEEN_AFTER_V1,1,10414.892,6571.5039999999999,3809.2249999999999,5.0949999999999998,708.17399999999998,0,11125.802,128,12,12,FRESH_SELECTED
VUE025,VALIDATION_SEEN_AFTER_V1,2,11688.282999999999,6870.0250000000015,4777.0649999999996,6.6280000000000001,843.20600000000002,0,12535.535,128,12,12,FRESH_SELECTED
VUE025,VALIDATION_SEEN_AFTER_V1,3,15147.588,9361.6290000000008,5738.3490000000002,8.3379999999999992,1042.463,0,16192.715,128,12,12,FRESH_SELECTED
VUE025,VALIDATION_SEEN_AFTER_V1,4,12050.103999999999,8277.601999999999,3735.2520000000004,5.7249999999999996,638.03200000000004,0,12690.965,128,12,12,FRESH_SELECTED
VUE025,VALIDATION_SEEN_AFTER_V1,5,10308.120999999999,6567.8179999999984,3704.3590000000004,5.0419999999999998,702.03099999999995,0,11013.277,128,12,12,FRESH_SELECTED
VUE025,VALIDATION_SEEN_AFTER_V1,6,9803.4169999999995,6122.3070000000007,3648.489,4.5529999999999999,672.10900000000004,0,10477.651,128,12,12,FRESH_SELECTED
VUE026,VALIDATION_SEEN_AFTER_V1,0,6377.3620000000001,4601.2109999999993,1746.9240000000002,3.2120000000000002,180.26300000000001,0,6559.5159999999996,128,12,11,FRESH_SELECTED
VUE026,VALIDATION_SEEN_AFTER_V1,1,6025.0519999999997,4377.9850000000006,1618.4190000000001,3.226,169.607,0,6196.6170000000002,128,12,11,FRESH_SELECTED
VUE026,VALIDATION_SEEN_AFTER_V1,2,6476.634,4694.5799999999999,1752.4260000000002,3.0049999999999999,173.602,0,6652.3090000000002,128,12,11,FRESH_SELECTED
VUE026,VALIDATION_SEEN_AFTER_V1,3,6246.1170000000002,4593.0249999999996,1627.0730000000003,2.8370000000000002,153.983,0,6401.9129999999996,128,12,11,FRESH_SELECTED
VUE026,VALIDATION_SEEN_AFTER_V1,4,7577.598,5116.7119999999995,2410.8360000000002,4.6619999999999999,177.70699999999999,0,7758.268,128,12,11,FRESH_SELECTED
VUE026,VALIDATION_SEEN_AFTER_V1,5,6603.5230000000001,4828.4000000000005,1741.2439999999999,3.7509999999999999,173.59800000000001,0,6779.4859999999999,128,12,11,FRESH_SELECTED
VUE026,VALIDATION_SEEN_AFTER_V1,6,6423.6379999999999,4681.6979999999994,1712.9209999999998,3.2469999999999999,167.97900000000001,0,6593.5699999999997,128,12,11,FRESH_SELECTED
VUE027,VALIDATION_SEEN_AFTER_V1,0,9838.3970000000008,5692.8900000000012,4113.5199999999995,5.2350000000000003,341.13799999999998,0,10181.619000000001,128,12,10,FRESH_SELECTED
VUE027,VALIDATION_SEEN_AFTER_V1,1,9780.1579999999994,5645.1079999999993,4103.9520000000002,5.4000000000000004,346.58300000000003,0,10128.732,128,12,10,FRESH_SELECTED
VUE027,VALIDATION_SEEN_AFTER_V1,2,10552.572,5981.375,4528.5820000000003,6.2400000000000002,355.49400000000003,0,10910.709999999999,128,12,10,FRESH_SELECTED
VUE027,VALIDATION_SEEN_AFTER_V1,3,9831.1679999999997,5668.0939999999991,4131.2080000000005,5.2930000000000001,344.13200000000001,0,10177.581,128,12,10,FRESH_SELECTED
VUE027,VALIDATION_SEEN_AFTER_V1,4,9732.6190000000006,5654.8309999999992,4045.9470000000001,5.452,343.82400000000001,0,10078.769,128,12,10,FRESH_SELECTED
VUE027,VALIDATION_SEEN_AFTER_V1,5,10686.51,5899.9579999999987,4741.0030000000006,8.0109999999999992,721.00800000000004,0,11410.007,128,12,10,FRESH_SELECTED
VUE027,VALIDATION_SEEN_AFTER_V1,6,12484.823,7919.5940000000001,4528.1959999999999,6.1109999999999998,331.69200000000001,0,12819.483,128,12,10,FRESH_SELECTED
VUE028,VALIDATION_SEEN_AFTER_V1,0,10334.441000000001,5596.4999999999991,4701.3940000000002,6.2009999999999996,352.79000000000002,0,10690.032999999999,128,12,12,FRESH_SELECTED
VUE028,VALIDATION_SEEN_AFTER_V1,1,9942.4330000000009,5390.152,4522.1300000000001,5.5149999999999997,316.44400000000002,0,10260.898999999999,128,12,12,FRESH_SELECTED
VUE028,VALIDATION_SEEN_AFTER_V1,2,10088.763000000001,5363.9809999999998,4668.8230000000003,5.859,350.54899999999998,0,10441.556,128,12,12,FRESH_SELECTED
VUE028,VALIDATION_SEEN_AFTER_V1,3,10167.252,5492.1459999999997,4640.7130000000006,6.1980000000000004,360.52100000000002,0,10529.911,128,12,12,FRESH_SELECTED
VUE028,VALIDATION_SEEN_AFTER_V1,4,10044.368,5433.1020000000008,4577.7349999999997,5.9059999999999997,355.35300000000001,0,10402.030000000001,128,12,12,FRESH_SELECTED
VUE028,VALIDATION_SEEN_AFTER_V1,5,10101.619000000001,5467.646999999999,4601.366,5.5990000000000002,357.11200000000002,0,10464.384,128,12,12,FRESH_SELECTED
VUE028,VALIDATION_SEEN_AFTER_V1,6,10147.898999999999,5442.1439999999984,4673.5560000000014,5.673,349.76999999999998,0,10499.591,128,12,12,FRESH_SELECTED
VUE029,VALIDATION_SEEN_AFTER_V1,0,7307.4970000000003,5058.5390000000007,2221.9499999999998,0.20899999999999999,0,19355.532999999999,26664.804,128,12,12,NO_SAFE_PATH
VUE029,VALIDATION_SEEN_AFTER_V1,1,8605.4570000000003,6183.5370000000003,2389.9870000000001,0.628,0,20004.956999999999,28612.764999999999,128,12,12,NO_SAFE_PATH
VUE029,VALIDATION_SEEN_AFTER_V1,2,8158.3630000000003,5528.4059999999999,2587.893,0.53400000000000003,0,22663.755000000001,30824.539000000001,128,12,12,NO_SAFE_PATH
VUE029,VALIDATION_SEEN_AFTER_V1,3,7500.4579999999996,5223.7960000000003,2249.2350000000001,0.19600000000000001,0,23678.409,31181.128000000001,128,12,12,NO_SAFE_PATH
VUE029,VALIDATION_SEEN_AFTER_V1,4,7710.9840000000004,5302.7500000000009,2376.4979999999996,0.34300000000000003,0,19849.853999999999,27562.869999999999,128,12,12,NO_SAFE_PATH
VUE029,VALIDATION_SEEN_AFTER_V1,5,7503.1769999999997,5181.1459999999997,2293.172,0.23599999999999999,0,19977.524000000001,27482.650000000001,128,12,12,NO_SAFE_PATH
VUE029,VALIDATION_SEEN_AFTER_V1,6,7681.5839999999998,5291.3149999999996,2361.3499999999999,0.218,0,21520.102999999999,29204.350999999999,128,12,12,NO_SAFE_PATH
VUE030,VALIDATION_SEEN_AFTER_V1,0,9061.8430000000008,5065.7520000000004,3960.5049999999997,6.4800000000000004,584.65800000000002,0,9648.8070000000007,128,12,12,FRESH_SELECTED
VUE030,VALIDATION_SEEN_AFTER_V1,1,8954.6929999999993,5051.0779999999995,3870.4210000000003,6.0289999999999999,561.46600000000001,0,9518.1929999999993,128,12,12,FRESH_SELECTED
VUE030,VALIDATION_SEEN_AFTER_V1,2,8918.0480000000007,5005.0370000000003,3883.0549999999994,5.6580000000000004,509.012,0,9428.8809999999994,128,12,12,FRESH_SELECTED
VUE030,VALIDATION_SEEN_AFTER_V1,3,8971.9110000000001,4988.1170000000002,3949.6579999999994,6.3289999999999997,703.26499999999999,0,9677.3089999999993,128,12,12,FRESH_SELECTED
VUE030,VALIDATION_SEEN_AFTER_V1,4,9813.1839999999993,5819.9339999999993,3953.4360000000006,7.7270000000000003,563.00999999999999,0,10379.143,128,12,12,FRESH_SELECTED
VUE030,VALIDATION_SEEN_AFTER_V1,5,9051.027,5088.6980000000003,3926.7280000000001,6.532,558.37900000000002,0,9611.6759999999995,128,12,12,FRESH_SELECTED
VUE030,VALIDATION_SEEN_AFTER_V1,6,8977.1990000000005,5051.0030000000006,3892.3830000000003,6.3289999999999997,564.86400000000003,0,9544.1949999999997,128,12,12,FRESH_SELECTED
VUE031,VALIDATION_SEEN_AFTER_V1,0,9427.3760000000002,5980.1940000000004,3418.5319999999997,0.183,0,25101.955999999998,34531.214,128,12,12,NO_SAFE_PATH
VUE031,VALIDATION_SEEN_AFTER_V1,1,9389.6110000000008,6034.6419999999989,3327.3930000000009,0.17999999999999999,0,26858.983,36250.978000000003,128,12,12,NO_SAFE_PATH
VUE031,VALIDATION_SEEN_AFTER_V1,2,9507.4840000000004,6170.7060000000001,3302.6989999999996,0.78100000000000003,0,25166.402999999998,34676.519,128,12,12,NO_SAFE_PATH
VUE031,VALIDATION_SEEN_AFTER_V1,3,9267.8999999999996,5938.9849999999997,3303.8760000000002,0.22,0,24878.182000000001,34148.491000000002,128,12,12,NO_SAFE_PATH
VUE031,VALIDATION_SEEN_AFTER_V1,4,9362.1980000000003,6037.2249999999985,3294.5930000000003,0.33200000000000002,0,27356.427,36721.5,128,12,12,NO_SAFE_PATH
VUE031,VALIDATION_SEEN_AFTER_V1,5,9290.9120000000003,5992.4179999999997,3267.1970000000001,0.26900000000000002,0,27674.352999999999,36967.555,128,12,12,NO_SAFE_PATH
VUE031,VALIDATION_SEEN_AFTER_V1,6,9154.1859999999997,5900.3779999999997,3223.665,0.32200000000000001,0,24744.486000000001,33900.803999999996,128,12,12,NO_SAFE_PATH
VUE032,VALIDATION_SEEN_AFTER_V1,0,6769.3339999999998,4145.6690000000008,2592.444,4.665,386.721,0,7158.1440000000002,128,12,12,FRESH_SELECTED
VUE032,VALIDATION_SEEN_AFTER_V1,1,6924.018,4157.4459999999999,2735.4560000000001,4.2089999999999996,393.43000000000001,0,7319.4849999999997,128,12,12,FRESH_SELECTED
VUE032,VALIDATION_SEEN_AFTER_V1,2,6961.4409999999998,4248.4840000000004,2683.0209999999997,3.9950000000000001,393.20299999999997,0,7356.4459999999999,128,12,12,FRESH_SELECTED
VUE032,VALIDATION_SEEN_AFTER_V1,3,6916.8370000000004,4329.6470000000008,2557.7029999999995,4.2770000000000001,397.14499999999998,0,7315.7650000000003,128,12,12,FRESH_SELECTED
VUE032,VALIDATION_SEEN_AFTER_V1,4,7835.3230000000003,4599.4259999999995,3191.2870000000003,5.9509999999999996,453.63,0,8291.5380000000005,128,12,12,FRESH_SELECTED
VUE032,VALIDATION_SEEN_AFTER_V1,5,7347.5799999999999,4656.3549999999996,2652.1950000000002,4.9020000000000001,391.01499999999999,0,7741.6769999999997,128,12,12,FRESH_SELECTED
VUE032,VALIDATION_SEEN_AFTER_V1,6,7165.1959999999999,4385.652,2748.3299999999999,4.3099999999999996,401.68900000000002,0,7568.8860000000004,128,12,12,FRESH_SELECTED
VUE033,VALIDATION_SEEN_AFTER_V1,0,6763.5230000000001,4640.4529999999995,2091.1120000000001,4.3540000000000001,412.53199999999998,0,7177.9840000000004,128,12,12,FRESH_SELECTED
VUE033,VALIDATION_SEEN_AFTER_V1,1,6788.9139999999998,4649.6389999999992,2106.4940000000001,4.3049999999999997,408.50799999999998,0,7199.3059999999996,128,12,12,FRESH_SELECTED
VUE033,VALIDATION_SEEN_AFTER_V1,2,6799.4449999999997,4659.3829999999998,2108.739,4.2400000000000002,404.30599999999998,0,7205.701,128,12,12,FRESH_SELECTED
VUE033,VALIDATION_SEEN_AFTER_V1,3,6756.741,4643.5020000000004,2080.6949999999997,4.141,412.02199999999999,0,7170.866,128,12,12,FRESH_SELECTED
VUE033,VALIDATION_SEEN_AFTER_V1,4,10344.636,6988.1189999999997,3312.2540000000004,7.6130000000000004,465.22300000000001,0,10813.4,128,12,12,FRESH_SELECTED
VUE033,VALIDATION_SEEN_AFTER_V1,5,6929.0190000000002,4804.1199999999999,2087.5329999999999,5.1660000000000004,406.72000000000003,0,7338.9340000000002,128,12,12,FRESH_SELECTED
VUE033,VALIDATION_SEEN_AFTER_V1,6,6984.0900000000001,4764.9979999999987,2178.5790000000002,6.4260000000000002,432.72000000000003,0,7420.1049999999996,128,12,12,FRESH_SELECTED
VUE034,VALIDATION_SEEN_AFTER_V1,0,8813.8169999999991,6950.5429999999997,1818.4350000000002,8.8599999999999994,175.55699999999999,0,8992.8389999999999,128,12,12,FRESH_SELECTED
VUE034,VALIDATION_SEEN_AFTER_V1,1,6044.4470000000001,4483.7619999999988,1525.4170000000001,5.0419999999999998,166.59700000000001,0,6213.4120000000003,128,12,12,FRESH_SELECTED
VUE034,VALIDATION_SEEN_AFTER_V1,2,5953.79,4405.25,1514.1329999999998,4.9080000000000004,164.249,0,6119.9880000000003,128,12,12,FRESH_SELECTED
VUE034,VALIDATION_SEEN_AFTER_V1,3,5922.0460000000003,4418.3809999999994,1470.8560000000002,4.9569999999999999,164.25299999999999,0,6088.2740000000003,128,12,12,FRESH_SELECTED
VUE034,VALIDATION_SEEN_AFTER_V1,4,5920.5110000000004,4404.2939999999999,1483.4810000000002,5.3579999999999997,173.631,0,6096.0730000000003,128,12,12,FRESH_SELECTED
VUE034,VALIDATION_SEEN_AFTER_V1,5,5947.482,4397.9639999999999,1516.2399999999998,5.0220000000000002,163.33000000000001,0,6112.8180000000002,128,12,12,FRESH_SELECTED
VUE034,VALIDATION_SEEN_AFTER_V1,6,5867.3249999999998,4349.6790000000001,1485.7609999999997,4.6449999999999996,163.62700000000001,0,6032.8959999999997,128,12,12,FRESH_SELECTED
VUE035,VALIDATION_SEEN_AFTER_V1,0,5777.8199999999997,4526.7149999999992,1223.5510000000002,0.192,0,15616.084999999999,21395.648000000001,128,12,12,NO_SAFE_PATH
VUE035,VALIDATION_SEEN_AFTER_V1,1,5811.7839999999997,4521.0450000000001,1246.2900000000002,0.215,0,13702.373,19515.447,128,12,12,NO_SAFE_PATH
VUE035,VALIDATION_SEEN_AFTER_V1,2,6213.8069999999998,5055.5010000000002,1128.923,0.76000000000000001,0,13879.911,20095.406999999999,128,12,12,NO_SAFE_PATH
VUE035,VALIDATION_SEEN_AFTER_V1,3,5799.8289999999997,4554.668999999999,1217.6010000000001,0.21199999999999999,0,13505.627,19307.988000000001,128,12,12,NO_SAFE_PATH
VUE035,VALIDATION_SEEN_AFTER_V1,4,5604.1980000000003,4426.847999999999,1150.5330000000001,0.185,0,13742.744000000001,19348.937000000002,128,12,12,NO_SAFE_PATH
VUE035,VALIDATION_SEEN_AFTER_V1,5,5758.2290000000003,4512.5079999999998,1220.431,0.16900000000000001,0,14881.332,20641.246999999999,128,12,12,NO_SAFE_PATH
VUE035,VALIDATION_SEEN_AFTER_V1,6,5766.2830000000004,4546.1910000000007,1192.3139999999999,0.189,0,13872.616,19641.248,128,12,12,NO_SAFE_PATH
VUE036,VALIDATION_SEEN_AFTER_V1,0,9218.7009999999991,5309.8709999999992,3875.5330000000004,5.5330000000000004,713.78499999999997,0,9935.6360000000004,128,12,12,FRESH_SELECTED
VUE036,VALIDATION_SEEN_AFTER_V1,1,11205.912,6849.8480000000009,4315.4259999999995,7.4420000000000002,577.69200000000001,0,11786.279,128,12,12,FRESH_SELECTED
VUE036,VALIDATION_SEEN_AFTER_V1,2,9915.5409999999993,5624.2659999999996,4256.1540000000005,6.0880000000000001,569.79600000000005,0,10488.35,128,12,12,FRESH_SELECTED
VUE036,VALIDATION_SEEN_AFTER_V1,3,9797.3649999999998,5546.0709999999999,4217.8589999999995,5.5780000000000003,571.19899999999996,0,10370.531000000001,128,12,12,FRESH_SELECTED
VUE036,VALIDATION_SEEN_AFTER_V1,4,9840.75,5554.0410000000002,4253.1419999999998,5.6310000000000002,564.39499999999998,0,10407.303,128,12,12,FRESH_SELECTED
VUE036,VALIDATION_SEEN_AFTER_V1,5,9818.2999999999993,5551.8450000000012,4232.0869999999995,5.6059999999999999,573.72299999999996,0,10394.279,128,12,12,FRESH_SELECTED
VUE036,VALIDATION_SEEN_AFTER_V1,6,9713.4740000000002,5512.5650000000014,4171.427999999999,5.0369999999999999,529.48900000000003,0,10244.937,128,12,12,FRESH_SELECTED
VUE037,VALIDATION_SEEN_AFTER_V1,0,8464.2939999999999,5647.9840000000013,2775.9949999999999,0.75700000000000001,0,22185.939999999999,30652.32,128,12,12,NO_SAFE_PATH
VUE037,VALIDATION_SEEN_AFTER_V1,1,8196.4390000000003,5546.6099999999997,2620.7919999999999,0.183,0,21242.589,29440.522000000001,128,12,12,NO_SAFE_PATH
VUE037,VALIDATION_SEEN_AFTER_V1,2,8208.3189999999995,5546.0519999999997,2634.4940000000001,0.25,0,22291.692999999999,30502.091,128,12,12,NO_SAFE_PATH
VUE037,VALIDATION_SEEN_AFTER_V1,3,8192.2379999999994,5572.3359999999993,2591.366,0.27000000000000002,0,22435.625,30630.073,128,12,12,NO_SAFE_PATH
VUE037,VALIDATION_SEEN_AFTER_V1,4,8083.25,5508.7859999999991,2546.0280000000002,0.30099999999999999,0,25329.132000000001,33414.669999999998,128,12,12,NO_SAFE_PATH
VUE037,VALIDATION_SEEN_AFTER_V1,5,8093.0510000000004,5530.9500000000007,2529.828,0.50800000000000001,0,20790.141,28885.149000000001,128,12,12,NO_SAFE_PATH
VUE037,VALIDATION_SEEN_AFTER_V1,6,8238.6470000000008,5604.2210000000005,2605.4089999999997,0.19400000000000001,0,21133.665000000001,29374.460999999999,128,12,12,NO_SAFE_PATH
SCE001,SUCCESS_CONTROL_SEEN,0,13852.793,7320.6629999999996,6490.1199999999999,7.7409999999999997,408.04000000000002,0,14264.317999999999,128,12,12,FRESH_SELECTED
SCE001,SUCCESS_CONTROL_SEEN,1,12122.841,6296.641999999998,5786.322000000001,6.4349999999999996,398.58600000000001,0,12525.4,128,12,12,FRESH_SELECTED
SCE001,SUCCESS_CONTROL_SEEN,2,13292.953,6530.5860000000002,6721.4939999999997,7.6269999999999998,404.82799999999997,0,13700.634,128,12,12,FRESH_SELECTED
SCE001,SUCCESS_CONTROL_SEEN,3,11999.477000000001,6323.1289999999999,5637.9350000000004,6.9980000000000002,406.94799999999998,0,12409.18,128,12,12,FRESH_SELECTED
SCE001,SUCCESS_CONTROL_SEEN,4,11786.857,6151.1770000000006,5600.8049999999994,6.3769999999999998,405.43599999999998,0,12194.607,128,12,12,FRESH_SELECTED
SCE001,SUCCESS_CONTROL_SEEN,5,12691.135,6401.7479999999996,6237.3040000000001,12.509,408.548,0,13103.361999999999,128,12,12,FRESH_SELECTED
SCE001,SUCCESS_CONTROL_SEEN,6,12172.826999999999,6339.2029999999986,5797.1190000000006,6.3899999999999997,407.47500000000002,0,12582.646000000001,128,12,12,FRESH_SELECTED
SCE002,SUCCESS_CONTROL_SEEN,0,22183.683000000001,10161.136,11981.720000000001,7.867,687.70100000000002,0,22880.215,128,12,12,FRESH_SELECTED
SCE002,SUCCESS_CONTROL_SEEN,1,23005.969000000001,9834.5530000000017,13118.306999999999,11.692,692.04700000000003,0,23701.877,128,12,12,FRESH_SELECTED
SCE002,SUCCESS_CONTROL_SEEN,2,22543.723000000002,9704.4629999999997,12783.341,10.199,847.24599999999998,0,23394.635999999999,128,12,12,FRESH_SELECTED
SCE002,SUCCESS_CONTROL_SEEN,3,20288.208999999999,9161.2830000000013,11092.849999999997,5.8780000000000001,655.35799999999995,0,20946.317999999999,128,12,12,FRESH_SELECTED
SCE002,SUCCESS_CONTROL_SEEN,4,23181.866000000002,9855.0319999999992,13279.105,10.647,734.20699999999999,0,23919.221000000001,128,12,12,FRESH_SELECTED
SCE002,SUCCESS_CONTROL_SEEN,5,20907.784,9348.2569999999996,11521.699000000001,6.8689999999999998,704.05200000000002,0,21614.662,128,12,12,FRESH_SELECTED
SCE002,SUCCESS_CONTROL_SEEN,6,20235.413,8852.4159999999974,11350.808000000001,5.6600000000000001,628.66399999999999,0,20866.207999999999,128,12,12,FRESH_SELECTED
SCE003,SUCCESS_CONTROL_SEEN,0,22006.089,10489.193000000001,11476.664000000001,7.1680000000000001,443.221,0,22451.972000000002,128,12,12,FRESH_SELECTED
SCE003,SUCCESS_CONTROL_SEEN,1,21063.882000000001,9664.5820000000003,11360.162,7.8869999999999996,388.92500000000001,0,21455.399000000001,128,12,12,FRESH_SELECTED
SCE003,SUCCESS_CONTROL_SEEN,2,20915.999,9353.9770000000026,11497.015999999998,8.5410000000000004,692.25800000000004,0,21611.951000000001,128,12,12,FRESH_SELECTED
SCE003,SUCCESS_CONTROL_SEEN,3,22333.937999999998,10881.746000000001,11409.130000000001,8.4510000000000005,442.83699999999999,0,22779.988000000001,128,12,12,FRESH_SELECTED
SCE003,SUCCESS_CONTROL_SEEN,4,20667.439999999999,9371.6669999999995,11257.148999999999,6.3540000000000001,436.19900000000001,0,21106.135999999999,128,12,12,FRESH_SELECTED
SCE003,SUCCESS_CONTROL_SEEN,5,20375.705999999998,9164.4290000000019,11176.344999999999,6.3719999999999999,423.255,0,20801.07,128,12,12,FRESH_SELECTED
SCE003,SUCCESS_CONTROL_SEEN,6,20575.455000000002,9203.5690000000031,11336.517999999998,6.2199999999999998,422.15699999999998,0,20999.5,128,12,12,FRESH_SELECTED
SCE004,SUCCESS_CONTROL_SEEN,0,9588.4590000000007,5328.1500000000005,4226.0769999999993,6.4320000000000004,419.709,0,10010.439,128,12,12,FRESH_SELECTED
SCE004,SUCCESS_CONTROL_SEEN,1,9320.1790000000001,5169.1719999999996,4111.1289999999999,6.4649999999999999,419.30200000000002,0,9741.5229999999992,128,12,12,FRESH_SELECTED
SCE004,SUCCESS_CONTROL_SEEN,2,9550.0329999999994,5234.7539999999999,4281.5719999999992,6.4029999999999996,421.40899999999999,0,9973.7080000000005,128,12,12,FRESH_SELECTED
SCE004,SUCCESS_CONTROL_SEEN,3,9193.4979999999996,5080.7380000000012,4079.328,5.6769999999999996,455.84300000000002,0,9651.5290000000005,128,12,12,FRESH_SELECTED
SCE004,SUCCESS_CONTROL_SEEN,4,9028.5869999999995,5019.0920000000006,3978.9989999999998,5.6769999999999996,383.25099999999998,0,9413.8349999999991,128,12,12,FRESH_SELECTED
SCE004,SUCCESS_CONTROL_SEEN,5,8778.4560000000001,4788.9849999999997,3960.346,5.4699999999999998,390.04500000000002,0,9170.3029999999999,128,12,12,FRESH_SELECTED
SCE004,SUCCESS_CONTROL_SEEN,6,9740.8539999999994,4977.6729999999998,4715.6810000000005,6.3540000000000001,546.55600000000004,0,10290.407999999999,128,12,12,FRESH_SELECTED
SCE005,SUCCESS_CONTROL_SEEN,0,15717.059999999999,7804.6660000000002,7878.9349999999995,6.6559999999999997,698.37199999999996,0,16417.816999999999,128,12,12,FRESH_SELECTED
SCE005,SUCCESS_CONTROL_SEEN,1,17901.038,8848.4349999999995,9009.2600000000002,8.8610000000000007,778.149,0,18685.295999999998,128,12,12,FRESH_SELECTED
SCE005,SUCCESS_CONTROL_SEEN,2,16328.237999999999,8118.2299999999996,8172.523000000001,7.6159999999999997,753.73199999999997,0,17084.666000000001,128,12,12,FRESH_SELECTED
SCE005,SUCCESS_CONTROL_SEEN,3,16446.058000000001,8120.994999999999,8285.6160000000018,8.5709999999999997,771.56100000000004,0,17220.299999999999,128,12,12,FRESH_SELECTED
SCE005,SUCCESS_CONTROL_SEEN,4,15815.473,7893.4009999999998,7885.4780000000001,7.4349999999999996,765.60799999999995,0,16583.522000000001,128,12,12,FRESH_SELECTED
SCE005,SUCCESS_CONTROL_SEEN,5,15909.359,7702.8710000000001,8164.152000000001,7.4710000000000001,749.80700000000002,0,16661.452000000001,128,12,12,FRESH_SELECTED
SCE005,SUCCESS_CONTROL_SEEN,6,16153.341,7916.9399999999996,8177.9710000000005,10.124000000000001,792.33299999999997,0,16948.599999999999,128,12,12,FRESH_SELECTED
SCE006,SUCCESS_CONTROL_SEEN,0,15616.736999999999,7598.9809999999989,7976.3790000000008,6.9859999999999998,442.29599999999999,0,16061.636,128,12,12,FRESH_SELECTED
SCE006,SUCCESS_CONTROL_SEEN,1,14862.091,7223.7340000000004,7597.8860000000004,6.9889999999999999,453.26100000000002,0,15317.871999999999,128,12,12,FRESH_SELECTED
SCE006,SUCCESS_CONTROL_SEEN,2,15731.5,7418.2870000000003,8256.3379999999997,10.347,639.322,0,16374.370999999999,128,12,12,FRESH_SELECTED
SCE006,SUCCESS_CONTROL_SEEN,3,15451.727999999999,7587.4069999999992,7803.3510000000006,8.7959999999999994,614.82100000000003,0,16069.498,128,12,12,FRESH_SELECTED
SCE006,SUCCESS_CONTROL_SEEN,4,15287.245000000001,7462.753999999999,7782.996000000001,7.1500000000000004,446.91000000000003,0,15736.686,128,12,12,FRESH_SELECTED
SCE006,SUCCESS_CONTROL_SEEN,5,15059.522000000001,7258.6350000000002,7765.5269999999991,5.907,433.18099999999998,0,15494.684999999999,128,12,12,FRESH_SELECTED
SCE006,SUCCESS_CONTROL_SEEN,6,15906.195,8053.2649999999994,7811.3220000000001,7.5720000000000001,456.48000000000002,0,16365.393,128,12,12,FRESH_SELECTED
SCE007,SUCCESS_CONTROL_SEEN,0,13117.075999999999,7506.177999999999,5578.4520000000011,5.298,381.459,0,13500.985000000001,128,12,12,FRESH_SELECTED
SCE007,SUCCESS_CONTROL_SEEN,1,12355.838,6874.8670000000002,5440.058,6.9429999999999996,420.09100000000001,0,12778.789000000001,128,12,12,FRESH_SELECTED
SCE007,SUCCESS_CONTROL_SEEN,2,12946.257,7335.5069999999987,5574.6680000000006,6.2850000000000001,412.21899999999999,0,13360.933000000001,128,12,12,FRESH_SELECTED
SCE007,SUCCESS_CONTROL_SEEN,3,12723.296,7148.4029999999993,5540.9409999999998,5.2599999999999998,416.91000000000003,0,13142.147000000001,128,12,12,FRESH_SELECTED
SCE007,SUCCESS_CONTROL_SEEN,4,13251.761,7571.7800000000007,5647.7039999999997,5.4900000000000002,373.54300000000001,0,13627.853999999999,128,12,12,FRESH_SELECTED
SCE007,SUCCESS_CONTROL_SEEN,5,12750.812,7132.4200000000001,5583.79,5.1210000000000004,409.49099999999999,0,13162.822,128,12,12,FRESH_SELECTED
SCE007,SUCCESS_CONTROL_SEEN,6,13109.867,7337.9989999999998,5734.5700000000006,5.5060000000000002,383.02300000000002,0,13495.867,128,12,12,FRESH_SELECTED
SCE008,SUCCESS_CONTROL_SEEN,0,12812.710999999999,8032.5,4748.4660000000003,0.53400000000000003,0,36757.076999999997,49572.538,128,12,12,NO_SAFE_PATH
SCE008,SUCCESS_CONTROL_SEEN,1,14331.069,9366.8550000000014,4915.9969999999994,0.46100000000000002,0,35739.358,50072.487000000001,128,12,12,NO_SAFE_PATH
SCE008,SUCCESS_CONTROL_SEEN,2,12918.191000000001,8013.9820000000018,4875.155999999999,0.36499999999999999,0,36387.790000000001,49308.063000000002,128,12,12,NO_SAFE_PATH
SCE008,SUCCESS_CONTROL_SEEN,3,12779.603999999999,7870.8400000000001,4877.4809999999998,0.27800000000000002,0,36264.019,49053.925000000003,128,12,12,NO_SAFE_PATH
SCE008,SUCCESS_CONTROL_SEEN,4,12987.755999999999,8096.2320000000009,4861.4389999999994,0.41199999999999998,0,36191.195,49181.235999999997,128,12,12,NO_SAFE_PATH
SCE008,SUCCESS_CONTROL_SEEN,5,12871.755999999999,7999.9660000000003,4840.7449999999999,0.372,0,35153.690999999999,48027.334999999999,128,12,12,NO_SAFE_PATH
SCE008,SUCCESS_CONTROL_SEEN,6,13588.789000000001,8316.6269999999986,5236.2400000000007,0.94099999999999995,0,35271.946000000004,48863.036999999997,128,12,12,NO_SAFE_PATH
SCE009,SUCCESS_CONTROL_SEEN,0,20389.224999999999,9436.3960000000006,10899.997999999998,11.009,812.99699999999996,0,21205.383000000002,128,12,12,FRESH_SELECTED
SCE009,SUCCESS_CONTROL_SEEN,1,19727.991000000002,9141.9590000000026,10549.740999999998,7.0510000000000002,799.25900000000001,0,20529.797999999999,128,12,12,FRESH_SELECTED
SCE009,SUCCESS_CONTROL_SEEN,2,20328.052,9245.8039999999964,11041.304000000002,8.1509999999999998,812.25099999999998,0,21143.704000000002,128,12,12,FRESH_SELECTED
SCE009,SUCCESS_CONTROL_SEEN,3,19769.598000000002,9158.6530000000002,10575.137999999999,6.7560000000000002,825.95799999999997,0,20598.309000000001,128,12,12,FRESH_SELECTED
SCE009,SUCCESS_CONTROL_SEEN,4,19730.026999999998,9190.8940000000002,10506.370999999999,5.9850000000000003,802.12800000000004,0,20534.673999999999,128,12,12,FRESH_SELECTED
SCE009,SUCCESS_CONTROL_SEEN,5,19876.134999999998,9097.9449999999997,10730.659,7.2649999999999997,800.11000000000001,0,20679.607,128,12,12,FRESH_SELECTED
SCE009,SUCCESS_CONTROL_SEEN,6,19484.356,9016.507999999998,10435.212000000001,5.7089999999999996,750.13800000000003,0,20236.959999999999,128,12,12,FRESH_SELECTED
SCE010,SUCCESS_CONTROL_SEEN,0,19359.490000000002,8898.0290000000005,10403.532999999999,20.690000000000001,1258.3,0,20620.391,128,12,12,FRESH_SELECTED
SCE010,SUCCESS_CONTROL_SEEN,1,18889.922999999999,8731.1640000000007,10120.439999999999,7.7709999999999999,1217.6690000000001,0,20109.974999999999,128,12,12,FRESH_SELECTED
SCE010,SUCCESS_CONTROL_SEEN,2,18637.246999999999,8623.1759999999995,9977.4369999999999,7.633,1220.6669999999999,0,19860.179,128,12,12,FRESH_SELECTED
SCE010,SUCCESS_CONTROL_SEEN,3,19248.312000000002,8787.9249999999975,10423.549000000001,7.343,1211.442,0,20461.864000000001,128,12,12,FRESH_SELECTED
SCE010,SUCCESS_CONTROL_SEEN,4,19490.792000000001,8840.3429999999989,10591.517000000002,24.055,1224.838,0,20719.761999999999,128,12,12,FRESH_SELECTED
SCE010,SUCCESS_CONTROL_SEEN,5,18641.816999999999,8624.5759999999991,9968.4010000000017,10.941000000000001,1366.9590000000001,0,20011.688999999998,128,12,12,FRESH_SELECTED
SCE010,SUCCESS_CONTROL_SEEN,6,19057.817999999999,8620.0839999999989,10393.240000000002,8.9260000000000002,1221.144,0,20282.312000000002,128,12,12,FRESH_SELECTED
SCE011,SUCCESS_CONTROL_SEEN,0,20250.572,9675.5829999999987,10535.633000000002,7.7169999999999996,804.08100000000002,0,21057.273000000001,128,12,12,FRESH_SELECTED
SCE011,SUCCESS_CONTROL_SEEN,1,19879.548999999999,9116.5750000000025,10722.440999999999,7.7060000000000004,748.26099999999997,0,20630.445,128,12,12,FRESH_SELECTED
SCE011,SUCCESS_CONTROL_SEEN,2,19531.006000000001,9148.0949999999993,10345.799000000001,7.0919999999999996,797.74000000000001,0,20331.365000000002,128,12,12,FRESH_SELECTED
SCE011,SUCCESS_CONTROL_SEEN,3,19690.616000000002,9050.1869999999999,10596.722999999998,8.7430000000000003,798.65700000000004,0,20492.384999999998,128,12,12,FRESH_SELECTED
SCE011,SUCCESS_CONTROL_SEEN,4,19690.162,9131.2910000000011,10523.393,6.1769999999999996,788.78899999999999,0,20481.629000000001,128,12,12,FRESH_SELECTED
SCE011,SUCCESS_CONTROL_SEEN,5,19627.198,9066.6650000000009,10528.332999999999,6.0540000000000003,807.85599999999999,0,20437.012999999999,128,12,12,FRESH_SELECTED
SCE011,SUCCESS_CONTROL_SEEN,6,19524.972000000002,9065.5840000000007,10426.887000000001,6.1619999999999999,801.91200000000003,0,20328.806,128,12,12,FRESH_SELECTED
SCE012,SUCCESS_CONTROL_SEEN,0,19243.775000000001,8969.9140000000007,10228.854000000001,8.4710000000000001,1241.3440000000001,0,20488.394,128,12,12,FRESH_SELECTED
SCE012,SUCCESS_CONTROL_SEEN,1,19240.790000000001,8873.152,10330.728999999999,7.5780000000000003,1145.653,0,20388.724999999999,128,12,12,FRESH_SELECTED
SCE012,SUCCESS_CONTROL_SEEN,2,18924.531999999999,8561.4860000000008,10327.589,7.3959999999999999,1218.4639999999999,0,20145.235000000001,128,12,12,FRESH_SELECTED
SCE012,SUCCESS_CONTROL_SEEN,3,19225.375,8793.2279999999992,10396.298000000001,7.3339999999999996,1210.414,0,20437.975999999999,128,12,12,FRESH_SELECTED
SCE012,SUCCESS_CONTROL_SEEN,4,19468.121999999999,9154.626000000002,10275.468999999999,8.3559999999999999,1267.722,0,20738.714,128,12,12,FRESH_SELECTED
SCE012,SUCCESS_CONTROL_SEEN,5,19654.030999999999,9025.9200000000019,10577.041999999999,9.1140000000000008,1221.4549999999999,0,20878.555,128,12,12,FRESH_SELECTED
SCE012,SUCCESS_CONTROL_SEEN,6,19224.517,8873.2450000000008,10312.995999999999,7.2089999999999996,1209.867,0,20437.159,128,12,12,FRESH_SELECTED
SCE013,SUCCESS_CONTROL_SEEN,0,16946.474999999999,7592.6230000000014,9317.601999999999,7.7939999999999996,1220.7380000000001,0,18169.172999999999,128,12,12,FRESH_SELECTED
SCE013,SUCCESS_CONTROL_SEEN,1,16954.882000000001,7483.2089999999989,9435.4879999999994,7.3849999999999998,1207.8320000000001,0,18164.727999999999,128,12,12,FRESH_SELECTED
SCE013,SUCCESS_CONTROL_SEEN,2,16899.322,7480.1000000000004,9384.616,7.2679999999999998,1216.251,0,18117.507000000001,128,12,12,FRESH_SELECTED
SCE013,SUCCESS_CONTROL_SEEN,3,16987.724999999999,7467.8930000000018,9477.0249999999996,9,1236.1700000000001,0,18226.916000000001,128,12,12,FRESH_SELECTED
SCE013,SUCCESS_CONTROL_SEEN,4,16973.401999999998,7538.7660000000014,9397.4030000000002,7.9989999999999997,1142.2760000000001,0,18118.058000000001,128,12,12,FRESH_SELECTED
SCE013,SUCCESS_CONTROL_SEEN,5,17367.945,7529.1659999999993,9796.2860000000019,8.125,1218.404,0,18588.933000000001,128,12,12,FRESH_SELECTED
SCE013,SUCCESS_CONTROL_SEEN,6,16745.772000000001,7503.5020000000004,9206.4369999999999,7.2789999999999999,1196.0160000000001,0,17944.330000000002,128,12,12,FRESH_SELECTED
SCE014,SUCCESS_CONTROL_SEEN,0,20065.404999999999,8582.9619999999995,11438.135999999999,7.343,1257.3440000000001,0,21325.065999999999,128,12,12,FRESH_SELECTED
SCE014,SUCCESS_CONTROL_SEEN,1,20542.887999999999,8692.2890000000007,11807.08,9.0269999999999992,1256.038,0,21802.348000000002,128,12,12,FRESH_SELECTED
SCE014,SUCCESS_CONTROL_SEEN,2,19850.491999999998,8605.1260000000002,11201.754999999999,8.5310000000000006,1278.557,0,21131.612000000001,128,12,12,FRESH_SELECTED
SCE014,SUCCESS_CONTROL_SEEN,3,20027.911,8620.3070000000007,11371.257,6.6669999999999998,1239.8219999999999,0,21269.894,128,12,12,FRESH_SELECTED
SCE014,SUCCESS_CONTROL_SEEN,4,19825.694,8514.5859999999993,11276.851999999999,6.3600000000000003,1243.5250000000001,0,21071.195,128,12,12,FRESH_SELECTED
SCE014,SUCCESS_CONTROL_SEEN,5,20031.732,8577.9369999999999,11419.197999999999,6.734,1255.325,0,21288.878000000001,128,12,12,FRESH_SELECTED
SCE014,SUCCESS_CONTROL_SEEN,6,20016.414000000001,8548.8690000000006,11432.919,6.7130000000000001,1221.654,0,21239.937999999998,128,12,12,FRESH_SELECTED
SCE015,SUCCESS_CONTROL_SEEN,0,15148.860000000001,7430.8440000000001,7679.0570000000007,7.8440000000000003,711.49300000000005,0,15862.93,128,12,12,FRESH_SELECTED
SCE015,SUCCESS_CONTROL_SEEN,1,14747.608,7240.5419999999995,7469.8460000000005,7.2080000000000002,698.31700000000001,0,15448.499,128,12,12,FRESH_SELECTED
SCE015,SUCCESS_CONTROL_SEEN,2,14527.058000000001,7127.3779999999997,7364.8670000000002,6.5579999999999998,703.17600000000004,0,15232.550999999999,128,12,12,FRESH_SELECTED
SCE015,SUCCESS_CONTROL_SEEN,3,14724.546,7223.3779999999997,7465.1719999999996,6.7249999999999996,698.67399999999998,0,15425.42,128,12,12,FRESH_SELECTED
SCE015,SUCCESS_CONTROL_SEEN,4,14763.718999999999,7178.6130000000012,7553.0199999999986,6.2779999999999996,645.72299999999996,0,15411.380999999999,128,12,12,FRESH_SELECTED
SCE015,SUCCESS_CONTROL_SEEN,5,14704.508,7367.8910000000014,7296.7889999999989,8.7569999999999997,709.20799999999997,0,15419.107,128,12,12,FRESH_SELECTED
SCE015,SUCCESS_CONTROL_SEEN,6,14783.409,7212.8929999999991,7534.4860000000008,6.6470000000000002,704.84699999999998,0,15490.511,128,12,12,FRESH_SELECTED
SCE016,SUCCESS_CONTROL_SEEN,0,14072.706,7497.9700000000012,6532.213999999999,7.6559999999999997,754.38800000000003,0,14830.26,128,12,12,FRESH_SELECTED
SCE016,SUCCESS_CONTROL_SEEN,1,13559.326999999999,7305.1169999999993,6219.4220000000005,5.657,760.76400000000001,0,14322.768,128,12,12,FRESH_SELECTED
SCE016,SUCCESS_CONTROL_SEEN,2,13551.758,7243.4050000000007,6274.1480000000001,5.5830000000000002,748.57000000000005,0,14302.981,128,12,12,FRESH_SELECTED
SCE016,SUCCESS_CONTROL_SEEN,3,13284.27,7116.6780000000008,6133.4279999999999,6.048,741.49000000000001,0,14028.145,128,12,12,FRESH_SELECTED
SCE016,SUCCESS_CONTROL_SEEN,4,13228.971,7151.7149999999992,6045.4310000000005,5.2359999999999998,805.43499999999995,0,14036.691000000001,128,12,12,FRESH_SELECTED
SCE016,SUCCESS_CONTROL_SEEN,5,13402.703,7188.1440000000002,6180.8800000000001,5.6820000000000004,753.86300000000006,0,14158.766,128,12,12,FRESH_SELECTED
SCE016,SUCCESS_CONTROL_SEEN,6,13516.407999999999,7226.4380000000001,6257.5600000000004,5.3419999999999996,746.16800000000001,0,14264.638000000001,128,12,12,FRESH_SELECTED
SCE017,SUCCESS_CONTROL_SEEN,0,12209.977999999999,5997.454999999999,6169.0290000000005,7.952,444.09399999999999,0,12657.200999999999,128,12,12,FRESH_SELECTED
SCE017,SUCCESS_CONTROL_SEEN,1,12310.673000000001,6290.137999999999,5980.0360000000001,7.734,422.35000000000002,0,12736.138999999999,128,12,12,FRESH_SELECTED
SCE017,SUCCESS_CONTROL_SEEN,2,11993.692999999999,5975.8819999999987,5980.8580000000002,6.5419999999999998,423.416,0,12419.682000000001,128,12,12,FRESH_SELECTED
SCE017,SUCCESS_CONTROL_SEEN,3,12165.538,6070.2060000000001,6048.0750000000007,14.542999999999999,417.17099999999999,0,12585.592000000001,128,12,12,FRESH_SELECTED
SCE017,SUCCESS_CONTROL_SEEN,4,12093.016,5997.6230000000014,6057.0539999999992,7.218,432.61700000000002,0,12528.305,128,12,12,FRESH_SELECTED
SCE017,SUCCESS_CONTROL_SEEN,5,11971.257,5928.9879999999994,6007.8440000000001,6.04,410.96899999999999,0,12384.683999999999,128,12,12,FRESH_SELECTED
SCE017,SUCCESS_CONTROL_SEEN,6,12456.782999999999,6416.4500000000007,5998.3669999999993,8.1379999999999999,429.803,0,12889.707,128,12,12,FRESH_SELECTED
SCE018,SUCCESS_CONTROL_SEEN,0,22895.006000000001,9863.748999999998,12979.901000000002,16.849,1251.1320000000001,0,24149.322,128,12,12,FRESH_SELECTED
SCE018,SUCCESS_CONTROL_SEEN,1,22988.432000000001,10003.189000000002,12937.894999999999,9.2270000000000003,1240.366,0,24232.075000000001,128,12,12,FRESH_SELECTED
SCE018,SUCCESS_CONTROL_SEEN,2,22609.156999999999,9767.2769999999964,12799.714000000002,8.718,1255.4459999999999,0,23868.549999999999,128,12,12,FRESH_SELECTED
SCE018,SUCCESS_CONTROL_SEEN,3,22682.655999999999,10043.724,12594.797,10.210000000000001,1248.1389999999999,0,23933.795999999998,128,12,12,FRESH_SELECTED
SCE018,SUCCESS_CONTROL_SEEN,4,22689.902999999998,9703.125,12941.392,9.5570000000000004,1235.605,0,23928.924999999999,128,12,12,FRESH_SELECTED
SCE018,SUCCESS_CONTROL_SEEN,5,23050.164000000001,9972.1480000000029,13028.744999999999,9.6479999999999997,1259.7080000000001,0,24313.017,128,12,12,FRESH_SELECTED
SCE018,SUCCESS_CONTROL_SEEN,6,22748.34,9791.0969999999998,12916.258,8.0359999999999996,1255.329,0,24006.845000000001,128,12,12,FRESH_SELECTED
