event_id,dataset_role,scenario,step,state,has_output,fresh_selected,invalidated,complete,suffix_revalidated,suffix_hard_valid,guard_raw_revalidated,raw_validation_attempted,original_candidate_identity,original_path_digest,output_path_digest,suffix_point_count,fallback_kind,evaluator_collision_horizon_m,lifecycle_collision_horizon_m,reason
V2E01,PILOT_SEEN_DEVELOPMENT_DATA,CONTINUATION,FRESH,FRESH_SELECTED,1,1,0,0,0,1,0,1,GQSC_V3_MAIN_LEXICOGRAPHIC_RIGHT_e08dc6cd11cfc0b6,e08dc6cd11cfc0b6,e08dc6cd11cfc0b6,94,NONE,5.1647996114856705,5.1647996114856705,FRESH_HARD_VALID_P3_M1
V2E01,PILOT_SEEN_DEVELOPMENT_DATA,CONTINUATION,HELD_SAME_INPUT,COMMITTED,1,0,0,0,1,1,0,0,GQSC_V3_MAIN_LEXICOGRAPHIC_RIGHT_e08dc6cd11cfc0b6,e08dc6cd11cfc0b6,a5198e50a29ba8c3,92,NONE,nan,nan,ORIGINAL_MANEUVER_COMMITTED_CURRENT_HARD_VALID
V2E01,PILOT_SEEN_DEVELOPMENT_DATA,CONTINUATION,GUARD_FAIL_RAW_PASS,CONTINUING,1,0,0,0,1,1,0,0,GQSC_V3_MAIN_LEXICOGRAPHIC_RIGHT_e08dc6cd11cfc0b6,e08dc6cd11cfc0b6,a5198e50a29ba8c3,92,NONE,nan,nan,ORIGINAL_MANEUVER_SUFFIX_CURRENT_HARD_VALID
V2E01,PILOT_SEEN_DEVELOPMENT_DATA,CONTINUATION,OBSTACLE_DISAPPEARANCE,CONTINUING,1,0,0,0,1,1,0,0,GQSC_V3_MAIN_LEXICOGRAPHIC_RIGHT_e08dc6cd11cfc0b6,e08dc6cd11cfc0b6,a5198e50a29ba8c3,92,NONE,nan,nan,ORIGINAL_MANEUVER_SUFFIX_CURRENT_HARD_VALID
V2E01,PILOT_SEEN_DEVELOPMENT_DATA,CONTINUATION,FORWARD_TRIM,CONTINUING,1,0,0,0,1,1,0,0,GQSC_V3_MAIN_LEXICOGRAPHIC_RIGHT_e08dc6cd11cfc0b6,e08dc6cd11cfc0b6,a5198e50a29ba8c3,92,NONE,nan,nan,ORIGINAL_MANEUVER_SUFFIX_CURRENT_HARD_VALID
V2E01,PILOT_SEEN_DEVELOPMENT_DATA,CONTINUATION,COMPLETE,COMPLETE,0,0,0,1,0,0,0,0,GQSC_V3_MAIN_LEXICOGRAPHIC_RIGHT_e08dc6cd11cfc0b6,e08dc6cd11cfc0b6,NONE,0,NONE,nan,nan,EXPANDED_OBSTACLE_REGION_FULLY_PASSED
V2E01,PILOT_SEEN_DEVELOPMENT_DATA,NEW_OBSTACLE,FRESH,FRESH_SELECTED,1,1,0,0,0,1,0,1,GQSC_V3_MAIN_LEXICOGRAPHIC_RIGHT_e08dc6cd11cfc0b6,e08dc6cd11cfc0b6,e08dc6cd11cfc0b6,94,NONE,5.1647996114856705,5.1647996114856705,FRESH_HARD_VALID_P3_M1
V2E01,PILOT_SEEN_DEVELOPMENT_DATA,NEW_OBSTACLE,INVALIDATE_AND_FALLBACK,INVALIDATED,0,0,1,0,1,0,1,1,GQSC_V3_MAIN_LEXICOGRAPHIC_RIGHT_e08dc6cd11cfc0b6,e08dc6cd11cfc0b6,a5198e50a29ba8c3,92,NO_SAFE_PATH,nan,nan,CURRENT_RAW_OBSTACLE_COLLISION:d-offset intersects an inflated static-obstacle box
V2E02,PILOT_SEEN_DEVELOPMENT_DATA,CONTINUATION,FRESH,FRESH_SELECTED,1,1,0,0,0,1,0,1,GQSC_V3_MAIN_LEXICOGRAPHIC_LEFT_566ca04653498df1,566ca04653498df1,566ca04653498df1,110,NONE,5.3999417402104566,5.3999417402104566,FRESH_HARD_VALID_P3_M1
V2E02,PILOT_SEEN_DEVELOPMENT_DATA,CONTINUATION,HELD_SAME_INPUT,COMMITTED,1,0,0,0,1,1,0,0,GQSC_V3_MAIN_LEXICOGRAPHIC_LEFT_566ca04653498df1,566ca04653498df1,87a0e86e92186d8d,93,NONE,nan,nan,ORIGINAL_MANEUVER_COMMITTED_CURRENT_HARD_VALID
V2E02,PILOT_SEEN_DEVELOPMENT_DATA,CONTINUATION,GUARD_FAIL_RAW_PASS,CONTINUING,1,0,0,0,1,1,1,1,GQSC_V3_MAIN_LEXICOGRAPHIC_LEFT_566ca04653498df1,566ca04653498df1,87a0e86e92186d8d,93,NONE,nan,nan,GUARD_SOFT_OBSTACLE_VIOLATION_PENDING_RAW_HARD_VALID
V2E02,PILOT_SEEN_DEVELOPMENT_DATA,CONTINUATION,OBSTACLE_DISAPPEARANCE,CONTINUING,1,0,0,0,1,1,0,0,GQSC_V3_MAIN_LEXICOGRAPHIC_LEFT_566ca04653498df1,566ca04653498df1,87a0e86e92186d8d,93,NONE,nan,nan,ORIGINAL_MANEUVER_SUFFIX_CURRENT_HARD_VALID
V2E02,PILOT_SEEN_DEVELOPMENT_DATA,CONTINUATION,FORWARD_TRIM,CONTINUING,1,0,0,0,1,1,0,0,GQSC_V3_MAIN_LEXICOGRAPHIC_LEFT_566ca04653498df1,566ca04653498df1,c5cb31e3666d0813,93,NONE,nan,nan,ORIGINAL_MANEUVER_SUFFIX_CURRENT_HARD_VALID
V2E02,PILOT_SEEN_DEVELOPMENT_DATA,CONTINUATION,COMPLETE,COMPLETE,0,0,0,1,0,0,0,0,GQSC_V3_MAIN_LEXICOGRAPHIC_LEFT_566ca04653498df1,566ca04653498df1,NONE,0,NONE,nan,nan,EXPANDED_OBSTACLE_REGION_FULLY_PASSED
V2E02,PILOT_SEEN_DEVELOPMENT_DATA,NEW_OBSTACLE,FRESH,FRESH_SELECTED,1,1,0,0,0,1,0,1,GQSC_V3_MAIN_LEXICOGRAPHIC_LEFT_566ca04653498df1,566ca04653498df1,566ca04653498df1,110,NONE,5.3999417402104566,5.3999417402104566,FRESH_HARD_VALID_P3_M1
V2E02,PILOT_SEEN_DEVELOPMENT_DATA,NEW_OBSTACLE,INVALIDATE_AND_FALLBACK,INVALIDATED,0,0,1,0,1,0,1,1,GQSC_V3_MAIN_LEXICOGRAPHIC_LEFT_566ca04653498df1,566ca04653498df1,87a0e86e92186d8d,93,NO_SAFE_PATH,nan,nan,CURRENT_RAW_OBSTACLE_COLLISION:d-offset intersects an inflated static-obstacle box
V2E03,PILOT_SEEN_DEVELOPMENT_DATA,CONTINUATION,FRESH,FRESH_SELECTED,1,1,0,0,0,1,0,1,GQSC_V3_MAIN_LEXICOGRAPHIC_LEFT_0e80da04fd67df6e,0e80da04fd67df6e,0e80da04fd67df6e,185,NONE,5.4615996375110036,5.4615996375110036,FRESH_HARD_VALID_P3_M1
V2E03,PILOT_SEEN_DEVELOPMENT_DATA,CONTINUATION,HELD_SAME_INPUT,COMMITTED,1,0,0,0,1,1,0,0,GQSC_V3_MAIN_LEXICOGRAPHIC_LEFT_0e80da04fd67df6e,0e80da04fd67df6e,9537b08d95b66b0f,92,NONE,nan,nan,ORIGINAL_MANEUVER_COMMITTED_CURRENT_HARD_VALID
V2E03,PILOT_SEEN_DEVELOPMENT_DATA,CONTINUATION,GUARD_FAIL_RAW_PASS,CONTINUING,1,0,0,0,1,1,1,1,GQSC_V3_MAIN_LEXICOGRAPHIC_LEFT_0e80da04fd67df6e,0e80da04fd67df6e,9537b08d95b66b0f,92,NONE,nan,nan,GUARD_SOFT_OBSTACLE_VIOLATION_PENDING_RAW_HARD_VALID
V2E03,PILOT_SEEN_DEVELOPMENT_DATA,CONTINUATION,OBSTACLE_DISAPPEARANCE,CONTINUING,1,0,0,0,1,1,0,0,GQSC_V3_MAIN_LEXICOGRAPHIC_LEFT_0e80da04fd67df6e,0e80da04fd67df6e,9537b08d95b66b0f,92,NONE,nan,nan,ORIGINAL_MANEUVER_SUFFIX_CURRENT_HARD_VALID
V2E03,PILOT_SEEN_DEVELOPMENT_DATA,CONTINUATION,FORWARD_TRIM,CONTINUING,1,0,0,0,1,1,0,0,GQSC_V3_MAIN_LEXICOGRAPHIC_LEFT_0e80da04fd67df6e,0e80da04fd67df6e,9537b08d95b66b0f,92,NONE,nan,nan,ORIGINAL_MANEUVER_SUFFIX_CURRENT_HARD_VALID
V2E03,PILOT_SEEN_DEVELOPMENT_DATA,CONTINUATION,COMPLETE,COMPLETE,0,0,0,1,0,0,0,0,GQSC_V3_MAIN_LEXICOGRAPHIC_LEFT_0e80da04fd67df6e,0e80da04fd67df6e,NONE,0,NONE,nan,nan,EXPANDED_OBSTACLE_REGION_FULLY_PASSED
V2E03,PILOT_SEEN_DEVELOPMENT_DATA,NEW_OBSTACLE,FRESH,FRESH_SELECTED,1,1,0,0,0,1,0,1,GQSC_V3_MAIN_LEXICOGRAPHIC_LEFT_0e80da04fd67df6e,0e80da04fd67df6e,0e80da04fd67df6e,185,NONE,5.4615996375110036,5.4615996375110036,FRESH_HARD_VALID_P3_M1
V2E03,PILOT_SEEN_DEVELOPMENT_DATA,NEW_OBSTACLE,INVALIDATE_AND_FALLBACK,INVALIDATED,0,0,1,0,1,0,1,1,GQSC_V3_MAIN_LEXICOGRAPHIC_LEFT_0e80da04fd67df6e,0e80da04fd67df6e,9537b08d95b66b0f,92,NO_SAFE_PATH,nan,nan,CURRENT_RAW_OBSTACLE_COLLISION:d-offset intersects an inflated static-obstacle box
V2E04,PILOT_SEEN_DEVELOPMENT_DATA,NOT_ELIGIBLE,SKIP,IDLE,0,0,0,0,0,0,0,0,NONE,NONE,NONE,0,NONE,nan,nan,NO_FROZEN_HARD_VALID:GQSC_V3_FROZEN_ENTRY
V2E05,PILOT_SEEN_DEVELOPMENT_DATA,NOT_ELIGIBLE,SKIP,IDLE,0,0,0,0,0,0,0,0,NONE,NONE,NONE,0,NONE,nan,nan,NO_FROZEN_HARD_VALID:GQSC_V3_FROZEN_ENTRY
V2E06,PILOT_SEEN_DEVELOPMENT_DATA,NOT_ELIGIBLE,SKIP,IDLE,0,0,0,0,0,0,0,0,NONE,NONE,NONE,0,NONE,nan,nan,NO_FROZEN_HARD_VALID:GQSC_V3_FROZEN_ENTRY
V2E07,PILOT_SEEN_DEVELOPMENT_DATA,NOT_ELIGIBLE,SKIP,IDLE,0,0,0,0,0,0,0,0,NONE,NONE,NONE,0,NONE,nan,nan,NO_FROZEN_HARD_VALID:GQSC_V3_FROZEN_ENTRY
V2E08,PILOT_SEEN_DEVELOPMENT_DATA,CONTINUATION,FRESH,FRESH_SELECTED,1,1,0,0,0,1,0,1,GQSC_V3_MAIN_LEXICOGRAPHIC_RIGHT_8dd7ec9d69ccda2b,8dd7ec9d69ccda2b,8dd7ec9d69ccda2b,61,NONE,5.3893721981319533,5.3893721981319533,FRESH_HARD_VALID_P3_M1
V2E08,PILOT_SEEN_DEVELOPMENT_DATA,CONTINUATION,HELD_SAME_INPUT,COMMITTED,1,0,0,0,1,1,0,0,GQSC_V3_MAIN_LEXICOGRAPHIC_RIGHT_8dd7ec9d69ccda2b,8dd7ec9d69ccda2b,8dd7ec9d69ccda2b,61,NONE,nan,nan,ORIGINAL_MANEUVER_COMMITTED_CURRENT_HARD_VALID
V2E08,PILOT_SEEN_DEVELOPMENT_DATA,CONTINUATION,GUARD_FAIL_RAW_PASS,CONTINUING,1,0,0,0,1,1,1,1,GQSC_V3_MAIN_LEXICOGRAPHIC_RIGHT_8dd7ec9d69ccda2b,8dd7ec9d69ccda2b,8dd7ec9d69ccda2b,61,NONE,nan,nan,GUARD_SOFT_OBSTACLE_VIOLATION_PENDING_RAW_HARD_VALID
V2E08,PILOT_SEEN_DEVELOPMENT_DATA,CONTINUATION,OBSTACLE_DISAPPEARANCE,CONTINUING,1,0,0,0,1,1,0,0,GQSC_V3_MAIN_LEXICOGRAPHIC_RIGHT_8dd7ec9d69ccda2b,8dd7ec9d69ccda2b,8dd7ec9d69ccda2b,61,NONE,nan,nan,ORIGINAL_MANEUVER_SUFFIX_CURRENT_HARD_VALID
V2E08,PILOT_SEEN_DEVELOPMENT_DATA,CONTINUATION,FORWARD_TRIM,CONTINUING,1,0,0,0,1,1,0,0,GQSC_V3_MAIN_LEXICOGRAPHIC_RIGHT_8dd7ec9d69ccda2b,8dd7ec9d69ccda2b,8dd7ec9d69ccda2b,61,NONE,nan,nan,ORIGINAL_MANEUVER_SUFFIX_CURRENT_HARD_VALID
V2E08,PILOT_SEEN_DEVELOPMENT_DATA,CONTINUATION,COMPLETE,COMPLETE,0,0,0,1,0,0,0,0,GQSC_V3_MAIN_LEXICOGRAPHIC_RIGHT_8dd7ec9d69ccda2b,8dd7ec9d69ccda2b,NONE,0,NONE,nan,nan,EXPANDED_OBSTACLE_REGION_FULLY_PASSED
V2E08,PILOT_SEEN_DEVELOPMENT_DATA,NEW_OBSTACLE,FRESH,FRESH_SELECTED,1,1,0,0,0,1,0,1,GQSC_V3_MAIN_LEXICOGRAPHIC_RIGHT_8dd7ec9d69ccda2b,8dd7ec9d69ccda2b,8dd7ec9d69ccda2b,61,NONE,5.3893721981319533,5.3893721981319533,FRESH_HARD_VALID_P3_M1
V2E08,PILOT_SEEN_DEVELOPMENT_DATA,NEW_OBSTACLE,INVALIDATE_AND_FALLBACK,INVALIDATED,0,0,1,0,1,0,1,1,GQSC_V3_MAIN_LEXICOGRAPHIC_RIGHT_8dd7ec9d69ccda2b,8dd7ec9d69ccda2b,8dd7ec9d69ccda2b,61,NO_SAFE_PATH,nan,nan,CURRENT_RAW_OBSTACLE_COLLISION:d-offset intersects an inflated static-obstacle box
V2E09,PILOT_SEEN_DEVELOPMENT_DATA,NOT_ELIGIBLE,SKIP,IDLE,0,0,0,0,0,0,0,0,NONE,NONE,NONE,0,NONE,nan,nan,NO_FROZEN_HARD_VALID:GQSC_V3_FROZEN_ENTRY
DVE001,DEVELOPMENT,CONTINUATION,FRESH,FRESH_SELECTED,1,1,0,0,0,1,0,1,GQSC_V3_MAIN_LEXICOGRAPHIC_RIGHT_70f836b083f7b199,70f836b083f7b199,70f836b083f7b199,28,NONE,4.2202011282665719,5.7460838628562865,FRESH_HARD_VALID_P3_M1
DVE001,DEVELOPMENT,CONTINUATION,HELD_SAME_INPUT,COMMITTED,1,0,0,0,1,1,0,0,GQSC_V3_MAIN_LEXICOGRAPHIC_RIGHT_70f836b083f7b199,70f836b083f7b199,70f836b083f7b199,28,NONE,nan,nan,ORIGINAL_MANEUVER_COMMITTED_CURRENT_HARD_VALID
DVE001,DEVELOPMENT,CONTINUATION,GUARD_FAIL_RAW_PASS,CONTINUING,1,0,0,0,1,1,1,1,GQSC_V3_MAIN_LEXICOGRAPHIC_RIGHT_70f836b083f7b199,70f836b083f7b199,70f836b083f7b199,28,NONE,nan,nan,GUARD_SOFT_OBSTACLE_VIOLATION_PENDING_RAW_HARD_VALID
DVE001,DEVELOPMENT,CONTINUATION,OBSTACLE_DISAPPEARANCE,CONTINUING,1,0,0,0,1,1,0,0,GQSC_V3_MAIN_LEXICOGRAPHIC_RIGHT_70f836b083f7b199,70f836b083f7b199,70f836b083f7b199,28,NONE,nan,nan,ORIGINAL_MANEUVER_SUFFIX_CURRENT_HARD_VALID
DVE001,DEVELOPMENT,CONTINUATION,FORWARD_TRIM,CONTINUING,1,0,0,0,1,1,0,0,GQSC_V3_MAIN_LEXICOGRAPHIC_RIGHT_70f836b083f7b199,70f836b083f7b199,57b5619d3ee4de72,27,NONE,nan,nan,ORIGINAL_MANEUVER_SUFFIX_CURRENT_HARD_VALID
DVE001,DEVELOPMENT,CONTINUATION,COMPLETE,COMPLETE,0,0,0,1,0,0,0,0,GQSC_V3_MAIN_LEXICOGRAPHIC_RIGHT_70f836b083f7b199,70f836b083f7b199,NONE,0,NONE,nan,nan,EXPANDED_OBSTACLE_REGION_FULLY_PASSED
DVE001,DEVELOPMENT,NEW_OBSTACLE,FRESH,FRESH_SELECTED,1,1,0,0,0,1,0,1,GQSC_V3_MAIN_LEXICOGRAPHIC_RIGHT_70f836b083f7b199,70f836b083f7b199,70f836b083f7b199,28,NONE,4.2202011282665719,5.7460838628562865,FRESH_HARD_VALID_P3_M1
DVE001,DEVELOPMENT,NEW_OBSTACLE,INVALIDATE_AND_FALLBACK,INVALIDATED,0,0,1,0,1,0,1,1,GQSC_V3_MAIN_LEXICOGRAPHIC_RIGHT_70f836b083f7b199,70f836b083f7b199,70f836b083f7b199,28,NO_SAFE_PATH,nan,nan,CURRENT_RAW_OBSTACLE_COLLISION:d-offset intersects an inflated static-obstacle box
DVE002,DEVELOPMENT,NOT_ELIGIBLE,SKIP,IDLE,0,0,0,0,0,0,0,0,NONE,NONE,NONE,0,NONE,nan,nan,NO_FROZEN_HARD_VALID:GQSC_V3_FROZEN_ENTRY
DVE003,DEVELOPMENT,CONTINUATION,FRESH,FRESH_SELECTED,1,1,0,0,0,1,0,1,GQSC_V3_MAIN_LEXICOGRAPHIC_RIGHT_a56c17ecf1766dd9,a56c17ecf1766dd9,a56c17ecf1766dd9,98,NONE,5.955784459744204,6.1765546902456654,FRESH_HARD_VALID_P3_M1
DVE003,DEVELOPMENT,CONTINUATION,HELD_SAME_INPUT,COMMITTED,1,0,0,0,1,1,0,0,GQSC_V3_MAIN_LEXICOGRAPHIC_RIGHT_a56c17ecf1766dd9,a56c17ecf1766dd9,2e769497f829aa4c,92,NONE,nan,nan,ORIGINAL_MANEUVER_COMMITTED_CURRENT_HARD_VALID
DVE003,DEVELOPMENT,CONTINUATION,GUARD_FAIL_RAW_PASS,CONTINUING,1,0,0,0,1,1,1,1,GQSC_V3_MAIN_LEXICOGRAPHIC_RIGHT_a56c17ecf1766dd9,a56c17ecf1766dd9,2e769497f829aa4c,92,NONE,nan,nan,GUARD_SOFT_OBSTACLE_VIOLATION_PENDING_RAW_HARD_VALID
DVE003,DEVELOPMENT,CONTINUATION,OBSTACLE_DISAPPEARANCE,CONTINUING,1,0,0,0,1,1,0,0,GQSC_V3_MAIN_LEXICOGRAPHIC_RIGHT_a56c17ecf1766dd9,a56c17ecf1766dd9,2e769497f829aa4c,92,NONE,nan,nan,ORIGINAL_MANEUVER_SUFFIX_CURRENT_HARD_VALID
DVE003,DEVELOPMENT,CONTINUATION,FORWARD_TRIM,CONTINUING,1,0,0,0,1,1,0,0,GQSC_V3_MAIN_LEXICOGRAPHIC_RIGHT_a56c17ecf1766dd9,a56c17ecf1766dd9,38fa378af9d167f0,93,NONE,nan,nan,ORIGINAL_MANEUVER_SUFFIX_CURRENT_HARD_VALID
DVE003,DEVELOPMENT,CONTINUATION,COMPLETE,COMPLETE,0,0,0,1,0,0,0,0,GQSC_V3_MAIN_LEXICOGRAPHIC_RIGHT_a56c17ecf1766dd9,a56c17ecf1766dd9,NONE,0,NONE,nan,nan,EXPANDED_OBSTACLE_REGION_FULLY_PASSED
DVE003,DEVELOPMENT,NEW_OBSTACLE,FRESH,FRESH_SELECTED,1,1,0,0,0,1,0,1,GQSC_V3_MAIN_LEXICOGRAPHIC_RIGHT_a56c17ecf1766dd9,a56c17ecf1766dd9,a56c17ecf1766dd9,98,NONE,5.955784459744204,6.1765546902456654,FRESH_HARD_VALID_P3_M1
DVE003,DEVELOPMENT,NEW_OBSTACLE,INVALIDATE_AND_FALLBACK,INVALIDATED,0,0,1,0,1,0,1,1,GQSC_V3_MAIN_LEXICOGRAPHIC_RIGHT_a56c17ecf1766dd9,a56c17ecf1766dd9,2e769497f829aa4c,92,NO_SAFE_PATH,nan,nan,CURRENT_RAW_OBSTACLE_COLLISION:d-offset intersects an inflated static-obstacle box
DVE004,DEVELOPMENT,CONTINUATION,FRESH,IDLE,0,0,0,0,0,0,0,1,NONE,NONE,NONE,0,NONE,1.898893241137757,5.108793060274424,FRESH_RAW_EXACT_HARD_INVALID:d-offset intersects an inflated static-obstacle box
DVE005,DEVELOPMENT,NOT_ELIGIBLE,SKIP,IDLE,0,0,0,0,0,0,0,0,NONE,NONE,NONE,0,NONE,nan,nan,NO_FROZEN_HARD_VALID:GQSC_V3_FROZEN_ENTRY
DVE006,DEVELOPMENT,CONTINUATION,FRESH,IDLE,0,0,0,0,0,0,0,1,NONE,NONE,NONE,0,NONE,3.0288505207419707,5.5973453194605307,FRESH_RAW_EXACT_HARD_INVALID:d-offset intersects an inflated static-obstacle box
DVE007,DEVELOPMENT,CONTINUATION,FRESH,IDLE,0,0,0,0,0,0,0,1,NONE,NONE,NONE,0,NONE,2.4976782372312876,5.1940341100935603,FRESH_RAW_EXACT_HARD_INVALID:d-offset intersects an inflated static-obstacle box
DVE008,DEVELOPMENT,NOT_ELIGIBLE,SKIP,IDLE,0,0,0,0,0,0,0,0,NONE,NONE,NONE,0,NONE,nan,nan,NO_FROZEN_HARD_VALID:GQSC_V3_FROZEN_ENTRY
DVE009,DEVELOPMENT,NOT_ELIGIBLE,SKIP,IDLE,0,0,0,0,0,0,0,0,NONE,NONE,NONE,0,NONE,nan,nan,NO_FROZEN_HARD_VALID:GQSC_V3_FROZEN_ENTRY
DVE010,DEVELOPMENT,NOT_ELIGIBLE,SKIP,IDLE,0,0,0,0,0,0,0,0,NONE,NONE,NONE,0,NONE,nan,nan,NO_FROZEN_HARD_VALID:GQSC_V3_FROZEN_ENTRY
DVE011,DEVELOPMENT,NOT_ELIGIBLE,SKIP,IDLE,0,0,0,0,0,0,0,0,NONE,NONE,NONE,0,NONE,nan,nan,NO_FROZEN_HARD_VALID:GQSC_V3_FROZEN_ENTRY
DVE012,DEVELOPMENT,CONTINUATION,FRESH,FRESH_SELECTED,1,1,0,0,0,1,0,1,GQSC_V3_MAIN_LEXICOGRAPHIC_RIGHT_c9592fe79d4433fa,c9592fe79d4433fa,c9592fe79d4433fa,60,NONE,5.1730645218594828,5.1730645218594828,FRESH_HARD_VALID_P3_M1
DVE012,DEVELOPMENT,CONTINUATION,HELD_SAME_INPUT,COMMITTED,1,0,0,0,1,1,0,0,GQSC_V3_MAIN_LEXICOGRAPHIC_RIGHT_c9592fe79d4433fa,c9592fe79d4433fa,c9592fe79d4433fa,60,NONE,nan,nan,ORIGINAL_MANEUVER_COMMITTED_CURRENT_HARD_VALID
DVE012,DEVELOPMENT,CONTINUATION,GUARD_FAIL_RAW_PASS,CONTINUING,1,0,0,0,1,1,0,0,GQSC_V3_MAIN_LEXICOGRAPHIC_RIGHT_c9592fe79d4433fa,c9592fe79d4433fa,c9592fe79d4433fa,60,NONE,nan,nan,ORIGINAL_MANEUVER_SUFFIX_CURRENT_HARD_VALID
DVE012,DEVELOPMENT,CONTINUATION,OBSTACLE_DISAPPEARANCE,CONTINUING,1,0,0,0,1,1,0,0,GQSC_V3_MAIN_LEXICOGRAPHIC_RIGHT_c9592fe79d4433fa,c9592fe79d4433fa,c9592fe79d4433fa,60,NONE,nan,nan,ORIGINAL_MANEUVER_SUFFIX_CURRENT_HARD_VALID
DVE012,DEVELOPMENT,CONTINUATION,FORWARD_TRIM,CONTINUING,1,0,0,0,1,1,0,0,GQSC_V3_MAIN_LEXICOGRAPHIC_RIGHT_c9592fe79d4433fa,c9592fe79d4433fa,c9592fe79d4433fa,60,NONE,nan,nan,ORIGINAL_MANEUVER_SUFFIX_CURRENT_HARD_VALID
DVE012,DEVELOPMENT,CONTINUATION,COMPLETE,COMPLETE,0,0,0,1,0,0,0,0,GQSC_V3_MAIN_LEXICOGRAPHIC_RIGHT_c9592fe79d4433fa,c9592fe79d4433fa,NONE,0,NONE,nan,nan,EXPANDED_OBSTACLE_REGION_FULLY_PASSED
DVE012,DEVELOPMENT,NEW_OBSTACLE,FRESH,FRESH_SELECTED,1,1,0,0,0,1,0,1,GQSC_V3_MAIN_LEXICOGRAPHIC_RIGHT_c9592fe79d4433fa,c9592fe79d4433fa,c9592fe79d4433fa,60,NONE,5.1730645218594828,5.1730645218594828,FRESH_HARD_VALID_P3_M1
DVE012,DEVELOPMENT,NEW_OBSTACLE,INVALIDATE_AND_FALLBACK,INVALIDATED,0,0,1,0,1,0,1,1,GQSC_V3_MAIN_LEXICOGRAPHIC_RIGHT_c9592fe79d4433fa,c9592fe79d4433fa,c9592fe79d4433fa,60,NO_SAFE_PATH,nan,nan,CURRENT_RAW_OBSTACLE_COLLISION:d-offset intersects an inflated static-obstacle box
DVE013,DEVELOPMENT,NOT_ELIGIBLE,SKIP,IDLE,0,0,0,0,0,0,0,0,NONE,NONE,NONE,0,NONE,nan,nan,NO_FROZEN_HARD_VALID:GQSC_V3_FROZEN_ENTRY
DVE014,DEVELOPMENT,CONTINUATION,FRESH,FRESH_SELECTED,1,1,0,0,0,1,0,1,GQSC_V3_MAIN_LEXICOGRAPHIC_RIGHT_688f323ac5b5281a,688f323ac5b5281a,688f323ac5b5281a,95,NONE,5.1754810768159043,5.1754810768159043,FRESH_HARD_VALID_P3_M1
DVE014,DEVELOPMENT,CONTINUATION,HELD_SAME_INPUT,COMMITTED,1,0,0,0,1,1,0,0,GQSC_V3_MAIN_LEXICOGRAPHIC_RIGHT_688f323ac5b5281a,688f323ac5b5281a,00691c50c99a112f,93,NONE,nan,nan,ORIGINAL_MANEUVER_COMMITTED_CURRENT_HARD_VALID
DVE014,DEVELOPMENT,CONTINUATION,GUARD_FAIL_RAW_PASS,CONTINUING,1,0,0,0,1,1,0,0,GQSC_V3_MAIN_LEXICOGRAPHIC_RIGHT_688f323ac5b5281a,688f323ac5b5281a,00691c50c99a112f,93,NONE,nan,nan,ORIGINAL_MANEUVER_SUFFIX_CURRENT_HARD_VALID
DVE014,DEVELOPMENT,CONTINUATION,OBSTACLE_DISAPPEARANCE,CONTINUING,1,0,0,0,1,1,0,0,GQSC_V3_MAIN_LEXICOGRAPHIC_RIGHT_688f323ac5b5281a,688f323ac5b5281a,00691c50c99a112f,93,NONE,nan,nan,ORIGINAL_MANEUVER_SUFFIX_CURRENT_HARD_VALID
DVE014,DEVELOPMENT,CONTINUATION,FORWARD_TRIM,CONTINUING,1,0,0,0,1,1,0,0,GQSC_V3_MAIN_LEXICOGRAPHIC_RIGHT_688f323ac5b5281a,688f323ac5b5281a,00691c50c99a112f,93,NONE,nan,nan,ORIGINAL_MANEUVER_SUFFIX_CURRENT_HARD_VALID
DVE014,DEVELOPMENT,CONTINUATION,COMPLETE,COMPLETE,0,0,0,1,0,0,0,0,GQSC_V3_MAIN_LEXICOGRAPHIC_RIGHT_688f323ac5b5281a,688f323ac5b5281a,NONE,0,NONE,nan,nan,EXPANDED_OBSTACLE_REGION_FULLY_PASSED
DVE014,DEVELOPMENT,NEW_OBSTACLE,FRESH,FRESH_SELECTED,1,1,0,0,0,1,0,1,GQSC_V3_MAIN_LEXICOGRAPHIC_RIGHT_688f323ac5b5281a,688f323ac5b5281a,688f323ac5b5281a,95,NONE,5.1754810768159043,5.1754810768159043,FRESH_HARD_VALID_P3_M1
DVE014,DEVELOPMENT,NEW_OBSTACLE,INVALIDATE_AND_FALLBACK,INVALIDATED,0,0,1,0,1,0,1,1,GQSC_V3_MAIN_LEXICOGRAPHIC_RIGHT_688f323ac5b5281a,688f323ac5b5281a,00691c50c99a112f,93,NO_SAFE_PATH,nan,nan,CURRENT_RAW_OBSTACLE_COLLISION:d-offset intersects an inflated static-obstacle box
DVE015,DEVELOPMENT,CONTINUATION,FRESH,FRESH_SELECTED,1,1,0,0,0,1,0,1,GQSC_V3_MAIN_LEXICOGRAPHIC_RIGHT_cebf7cd727e69b5b,cebf7cd727e69b5b,cebf7cd727e69b5b,60,NONE,5.2201512649553461,5.2201512649553461,FRESH_HARD_VALID_P3_M1
DVE015,DEVELOPMENT,CONTINUATION,HELD_SAME_INPUT,COMMITTED,1,0,0,0,1,1,0,0,GQSC_V3_MAIN_LEXICOGRAPHIC_RIGHT_cebf7cd727e69b5b,cebf7cd727e69b5b,cebf7cd727e69b5b,60,NONE,nan,nan,ORIGINAL_MANEUVER_COMMITTED_CURRENT_HARD_VALID
DVE015,DEVELOPMENT,CONTINUATION,GUARD_FAIL_RAW_PASS,CONTINUING,1,0,0,0,1,1,1,1,GQSC_V3_MAIN_LEXICOGRAPHIC_RIGHT_cebf7cd727e69b5b,cebf7cd727e69b5b,cebf7cd727e69b5b,60,NONE,nan,nan,GUARD_SOFT_OBSTACLE_VIOLATION_PENDING_RAW_HARD_VALID
DVE015,DEVELOPMENT,CONTINUATION,OBSTACLE_DISAPPEARANCE,CONTINUING,1,0,0,0,1,1,0,0,GQSC_V3_MAIN_LEXICOGRAPHIC_RIGHT_cebf7cd727e69b5b,cebf7cd727e69b5b,cebf7cd727e69b5b,60,NONE,nan,nan,ORIGINAL_MANEUVER_SUFFIX_CURRENT_HARD_VALID
DVE015,DEVELOPMENT,CONTINUATION,FORWARD_TRIM,CONTINUING,1,0,0,0,1,1,0,0,GQSC_V3_MAIN_LEXICOGRAPHIC_RIGHT_cebf7cd727e69b5b,cebf7cd727e69b5b,cebf7cd727e69b5b,60,NONE,nan,nan,ORIGINAL_MANEUVER_SUFFIX_CURRENT_HARD_VALID
DVE015,DEVELOPMENT,CONTINUATION,COMPLETE,COMPLETE,0,0,0,1,0,0,0,0,GQSC_V3_MAIN_LEXICOGRAPHIC_RIGHT_cebf7cd727e69b5b,cebf7cd727e69b5b,NONE,0,NONE,nan,nan,EXPANDED_OBSTACLE_REGION_FULLY_PASSED
DVE015,DEVELOPMENT,NEW_OBSTACLE,FRESH,FRESH_SELECTED,1,1,0,0,0,1,0,1,GQSC_V3_MAIN_LEXICOGRAPHIC_RIGHT_cebf7cd727e69b5b,cebf7cd727e69b5b,cebf7cd727e69b5b,60,NONE,5.2201512649553461,5.2201512649553461,FRESH_HARD_VALID_P3_M1
DVE015,DEVELOPMENT,NEW_OBSTACLE,INVALIDATE_AND_FALLBACK,INVALIDATED,0,0,1,0,1,0,1,1,GQSC_V3_MAIN_LEXICOGRAPHIC_RIGHT_cebf7cd727e69b5b,cebf7cd727e69b5b,cebf7cd727e69b5b,60,NO_SAFE_PATH,nan,nan,CURRENT_RAW_OBSTACLE_COLLISION:d-offset intersects an inflated static-obstacle box
DVE016,DEVELOPMENT,NOT_ELIGIBLE,SKIP,IDLE,0,0,0,0,0,0,0,0,NONE,NONE,NONE,0,NONE,nan,nan,NO_FROZEN_HARD_VALID:GQSC_V3_FROZEN_ENTRY
DVE017,DEVELOPMENT,CONTINUATION,FRESH,FRESH_SELECTED,1,1,0,0,0,1,0,1,GQSC_V3_MAIN_LEXICOGRAPHIC_RIGHT_5fc1bc133385802f,5fc1bc133385802f,5fc1bc133385802f,61,NONE,5.3688029092828771,5.3688029092828771,FRESH_HARD_VALID_P3_M1
DVE017,DEVELOPMENT,CONTINUATION,HELD_SAME_INPUT,COMMITTED,1,0,0,0,1,1,0,0,GQSC_V3_MAIN_LEXICOGRAPHIC_RIGHT_5fc1bc133385802f,5fc1bc133385802f,5fc1bc133385802f,61,NONE,nan,nan,ORIGINAL_MANEUVER_COMMITTED_CURRENT_HARD_VALID
DVE017,DEVELOPMENT,CONTINUATION,GUARD_FAIL_RAW_PASS,CONTINUING,1,0,0,0,1,1,1,1,GQSC_V3_MAIN_LEXICOGRAPHIC_RIGHT_5fc1bc133385802f,5fc1bc133385802f,5fc1bc133385802f,61,NONE,nan,nan,GUARD_SOFT_OBSTACLE_VIOLATION_PENDING_RAW_HARD_VALID
DVE017,DEVELOPMENT,CONTINUATION,OBSTACLE_DISAPPEARANCE,CONTINUING,1,0,0,0,1,1,0,0,GQSC_V3_MAIN_LEXICOGRAPHIC_RIGHT_5fc1bc133385802f,5fc1bc133385802f,5fc1bc133385802f,61,NONE,nan,nan,ORIGINAL_MANEUVER_SUFFIX_CURRENT_HARD_VALID
DVE017,DEVELOPMENT,CONTINUATION,FORWARD_TRIM,CONTINUING,1,0,0,0,1,1,0,0,GQSC_V3_MAIN_LEXICOGRAPHIC_RIGHT_5fc1bc133385802f,5fc1bc133385802f,5fc1bc133385802f,61,NONE,nan,nan,ORIGINAL_MANEUVER_SUFFIX_CURRENT_HARD_VALID
DVE017,DEVELOPMENT,CONTINUATION,COMPLETE,COMPLETE,0,0,0,1,0,0,0,0,GQSC_V3_MAIN_LEXICOGRAPHIC_RIGHT_5fc1bc133385802f,5fc1bc133385802f,NONE,0,NONE,nan,nan,EXPANDED_OBSTACLE_REGION_FULLY_PASSED
DVE017,DEVELOPMENT,NEW_OBSTACLE,FRESH,FRESH_SELECTED,1,1,0,0,0,1,0,1,GQSC_V3_MAIN_LEXICOGRAPHIC_RIGHT_5fc1bc133385802f,5fc1bc133385802f,5fc1bc133385802f,61,NONE,5.3688029092828771,5.3688029092828771,FRESH_HARD_VALID_P3_M1
DVE017,DEVELOPMENT,NEW_OBSTACLE,INVALIDATE_AND_FALLBACK,INVALIDATED,0,0,1,0,1,0,1,1,GQSC_V3_MAIN_LEXICOGRAPHIC_RIGHT_5fc1bc133385802f,5fc1bc133385802f,5fc1bc133385802f,61,NO_SAFE_PATH,nan,nan,CURRENT_RAW_OBSTACLE_COLLISION:d-offset intersects an inflated static-obstacle box
DVE018,DEVELOPMENT,CONTINUATION,FRESH,FRESH_SELECTED,1,1,0,0,0,1,0,1,GQSC_V3_MAIN_LEXICOGRAPHIC_RIGHT_08dd6c73cd03a774,08dd6c73cd03a774,08dd6c73cd03a774,95,NONE,5.1764040549214094,5.1764040549214094,FRESH_HARD_VALID_P3_M1
DVE018,DEVELOPMENT,CONTINUATION,HELD_SAME_INPUT,COMMITTED,1,0,0,0,1,1,0,0,GQSC_V3_MAIN_LEXICOGRAPHIC_RIGHT_08dd6c73cd03a774,08dd6c73cd03a774,43b5af739ac13e0b,92,NONE,nan,nan,ORIGINAL_MANEUVER_COMMITTED_CURRENT_HARD_VALID
DVE018,DEVELOPMENT,CONTINUATION,GUARD_FAIL_RAW_PASS,CONTINUING,1,0,0,0,1,1,0,0,GQSC_V3_MAIN_LEXICOGRAPHIC_RIGHT_08dd6c73cd03a774,08dd6c73cd03a774,43b5af739ac13e0b,92,NONE,nan,nan,ORIGINAL_MANEUVER_SUFFIX_CURRENT_HARD_VALID
DVE018,DEVELOPMENT,CONTINUATION,OBSTACLE_DISAPPEARANCE,CONTINUING,1,0,0,0,1,1,0,0,GQSC_V3_MAIN_LEXICOGRAPHIC_RIGHT_08dd6c73cd03a774,08dd6c73cd03a774,43b5af739ac13e0b,92,NONE,nan,nan,ORIGINAL_MANEUVER_SUFFIX_CURRENT_HARD_VALID
DVE018,DEVELOPMENT,CONTINUATION,FORWARD_TRIM,CONTINUING,1,0,0,0,1,1,0,0,GQSC_V3_MAIN_LEXICOGRAPHIC_RIGHT_08dd6c73cd03a774,08dd6c73cd03a774,43b5af739ac13e0b,92,NONE,nan,nan,ORIGINAL_MANEUVER_SUFFIX_CURRENT_HARD_VALID
DVE018,DEVELOPMENT,CONTINUATION,COMPLETE,COMPLETE,0,0,0,1,0,0,0,0,GQSC_V3_MAIN_LEXICOGRAPHIC_RIGHT_08dd6c73cd03a774,08dd6c73cd03a774,NONE,0,NONE,nan,nan,EXPANDED_OBSTACLE_REGION_FULLY_PASSED
DVE018,DEVELOPMENT,NEW_OBSTACLE,FRESH,FRESH_SELECTED,1,1,0,0,0,1,0,1,GQSC_V3_MAIN_LEXICOGRAPHIC_RIGHT_08dd6c73cd03a774,08dd6c73cd03a774,08dd6c73cd03a774,95,NONE,5.1764040549214094,5.1764040549214094,FRESH_HARD_VALID_P3_M1
DVE018,DEVELOPMENT,NEW_OBSTACLE,INVALIDATE_AND_FALLBACK,INVALIDATED,0,0,1,0,1,0,1,1,GQSC_V3_MAIN_LEXICOGRAPHIC_RIGHT_08dd6c73cd03a774,08dd6c73cd03a774,43b5af739ac13e0b,92,NO_SAFE_PATH,nan,nan,CURRENT_RAW_OBSTACLE_COLLISION:d-offset intersects an inflated static-obstacle box
DVE019,DEVELOPMENT,CONTINUATION,FRESH,FRESH_SELECTED,1,1,0,0,0,1,0,1,GQSC_V3_MAIN_LEXICOGRAPHIC_RIGHT_478371406d540558,478371406d540558,478371406d540558,98,NONE,6.1564783102357516,6.1564783102357516,FRESH_HARD_VALID_P3_M1
DVE019,DEVELOPMENT,CONTINUATION,HELD_SAME_INPUT,COMMITTED,1,0,0,0,1,1,0,0,GQSC_V3_MAIN_LEXICOGRAPHIC_RIGHT_478371406d540558,478371406d540558,76c772ea31d9ca38,92,NONE,nan,nan,ORIGINAL_MANEUVER_COMMITTED_CURRENT_HARD_VALID
DVE019,DEVELOPMENT,CONTINUATION,GUARD_FAIL_RAW_PASS,CONTINUING,1,0,0,0,1,1,1,1,GQSC_V3_MAIN_LEXICOGRAPHIC_RIGHT_478371406d540558,478371406d540558,76c772ea31d9ca38,92,NONE,nan,nan,GUARD_SOFT_OBSTACLE_VIOLATION_PENDING_RAW_HARD_VALID
DVE019,DEVELOPMENT,CONTINUATION,OBSTACLE_DISAPPEARANCE,CONTINUING,1,0,0,0,1,1,0,0,GQSC_V3_MAIN_LEXICOGRAPHIC_RIGHT_478371406d540558,478371406d540558,76c772ea31d9ca38,92,NONE,nan,nan,ORIGINAL_MANEUVER_SUFFIX_CURRENT_HARD_VALID
DVE019,DEVELOPMENT,CONTINUATION,FORWARD_TRIM,CONTINUING,1,0,0,0,1,1,0,0,GQSC_V3_MAIN_LEXICOGRAPHIC_RIGHT_478371406d540558,478371406d540558,bb62ec7b9a5ac068,93,NONE,nan,nan,ORIGINAL_MANEUVER_SUFFIX_CURRENT_HARD_VALID
DVE019,DEVELOPMENT,CONTINUATION,COMPLETE,COMPLETE,0,0,0,1,0,0,0,0,GQSC_V3_MAIN_LEXICOGRAPHIC_RIGHT_478371406d540558,478371406d540558,NONE,0,NONE,nan,nan,EXPANDED_OBSTACLE_REGION_FULLY_PASSED
DVE019,DEVELOPMENT,NEW_OBSTACLE,FRESH,FRESH_SELECTED,1,1,0,0,0,1,0,1,GQSC_V3_MAIN_LEXICOGRAPHIC_RIGHT_478371406d540558,478371406d540558,478371406d540558,98,NONE,6.1564783102357516,6.1564783102357516,FRESH_HARD_VALID_P3_M1
DVE019,DEVELOPMENT,NEW_OBSTACLE,INVALIDATE_AND_FALLBACK,INVALIDATED,0,0,1,0,1,0,1,1,GQSC_V3_MAIN_LEXICOGRAPHIC_RIGHT_478371406d540558,478371406d540558,76c772ea31d9ca38,92,NO_SAFE_PATH,nan,nan,CURRENT_RAW_OBSTACLE_COLLISION:d-offset intersects an inflated static-obstacle box
DVE020,DEVELOPMENT,CONTINUATION,FRESH,FRESH_SELECTED,1,1,0,0,0,1,0,1,GQSC_V3_MAIN_LEXICOGRAPHIC_RIGHT_cf86fe0c77b35947,cf86fe0c77b35947,cf86fe0c77b35947,35,NONE,5.6330418170752417,5.6330418170752417,FRESH_HARD_VALID_P3_M1
DVE020,DEVELOPMENT,CONTINUATION,HELD_SAME_INPUT,COMMITTED,1,0,0,0,1,1,0,0,GQSC_V3_MAIN_LEXICOGRAPHIC_RIGHT_cf86fe0c77b35947,cf86fe0c77b35947,cf86fe0c77b35947,35,NONE,nan,nan,ORIGINAL_MANEUVER_COMMITTED_CURRENT_HARD_VALID
DVE020,DEVELOPMENT,CONTINUATION,GUARD_FAIL_RAW_PASS,CONTINUING,1,0,0,0,1,1,1,1,GQSC_V3_MAIN_LEXICOGRAPHIC_RIGHT_cf86fe0c77b35947,cf86fe0c77b35947,cf86fe0c77b35947,35,NONE,nan,nan,GUARD_SOFT_OBSTACLE_VIOLATION_PENDING_RAW_HARD_VALID
DVE020,DEVELOPMENT,CONTINUATION,OBSTACLE_DISAPPEARANCE,CONTINUING,1,0,0,0,1,1,0,0,GQSC_V3_MAIN_LEXICOGRAPHIC_RIGHT_cf86fe0c77b35947,cf86fe0c77b35947,cf86fe0c77b35947,35,NONE,nan,nan,ORIGINAL_MANEUVER_SUFFIX_CURRENT_HARD_VALID
DVE020,DEVELOPMENT,CONTINUATION,FORWARD_TRIM,CONTINUING,1,0,0,0,1,1,0,0,GQSC_V3_MAIN_LEXICOGRAPHIC_RIGHT_cf86fe0c77b35947,cf86fe0c77b35947,b7ec6d7dc4f2a91f,34,NONE,nan,nan,ORIGINAL_MANEUVER_SUFFIX_CURRENT_HARD_VALID
DVE020,DEVELOPMENT,CONTINUATION,COMPLETE,COMPLETE,0,0,0,1,0,0,0,0,GQSC_V3_MAIN_LEXICOGRAPHIC_RIGHT_cf86fe0c77b35947,cf86fe0c77b35947,NONE,0,NONE,nan,nan,EXPANDED_OBSTACLE_REGION_FULLY_PASSED
DVE020,DEVELOPMENT,NEW_OBSTACLE,FRESH,FRESH_SELECTED,1,1,0,0,0,1,0,1,GQSC_V3_MAIN_LEXICOGRAPHIC_RIGHT_cf86fe0c77b35947,cf86fe0c77b35947,cf86fe0c77b35947,35,NONE,5.6330418170752417,5.6330418170752417,FRESH_HARD_VALID_P3_M1
DVE020,DEVELOPMENT,NEW_OBSTACLE,INVALIDATE_AND_FALLBACK,INVALIDATED,0,0,1,0,1,0,1,1,GQSC_V3_MAIN_LEXICOGRAPHIC_RIGHT_cf86fe0c77b35947,cf86fe0c77b35947,cf86fe0c77b35947,35,NO_SAFE_PATH,nan,nan,CURRENT_RAW_OBSTACLE_COLLISION:d-offset intersects an inflated static-obstacle box
DVE021,DEVELOPMENT,NOT_ELIGIBLE,SKIP,IDLE,0,0,0,0,0,0,0,0,NONE,NONE,NONE,0,NONE,nan,nan,NO_FROZEN_HARD_VALID:GQSC_V3_FROZEN_ENTRY
DVE022,DEVELOPMENT,CONTINUATION,FRESH,FRESH_SELECTED,1,1,0,0,0,1,0,1,GQSC_V3_MAIN_LEXICOGRAPHIC_LEFT_8c8e23a5462309a6,8c8e23a5462309a6,8c8e23a5462309a6,110,NONE,5.7090216205187119,5.7090216205187119,FRESH_HARD_VALID_P3_M1
DVE022,DEVELOPMENT,CONTINUATION,HELD_SAME_INPUT,COMMITTED,1,0,0,0,1,1,0,0,GQSC_V3_MAIN_LEXICOGRAPHIC_LEFT_8c8e23a5462309a6,8c8e23a5462309a6,cf1857b2071188f2,93,NONE,nan,nan,ORIGINAL_MANEUVER_COMMITTED_CURRENT_HARD_VALID
DVE022,DEVELOPMENT,CONTINUATION,GUARD_FAIL_RAW_PASS,CONTINUING,1,0,0,0,1,1,1,1,GQSC_V3_MAIN_LEXICOGRAPHIC_LEFT_8c8e23a5462309a6,8c8e23a5462309a6,cf1857b2071188f2,93,NONE,nan,nan,GUARD_SOFT_OBSTACLE_VIOLATION_PENDING_RAW_HARD_VALID
DVE022,DEVELOPMENT,CONTINUATION,OBSTACLE_DISAPPEARANCE,CONTINUING,1,0,0,0,1,1,0,0,GQSC_V3_MAIN_LEXICOGRAPHIC_LEFT_8c8e23a5462309a6,8c8e23a5462309a6,cf1857b2071188f2,93,NONE,nan,nan,ORIGINAL_MANEUVER_SUFFIX_CURRENT_HARD_VALID
DVE022,DEVELOPMENT,CONTINUATION,FORWARD_TRIM,CONTINUING,1,0,0,0,1,1,0,0,GQSC_V3_MAIN_LEXICOGRAPHIC_LEFT_8c8e23a5462309a6,8c8e23a5462309a6,a8d3fdcbba99fd04,93,NONE,nan,nan,ORIGINAL_MANEUVER_SUFFIX_CURRENT_HARD_VALID
DVE022,DEVELOPMENT,CONTINUATION,COMPLETE,COMPLETE,0,0,0,1,0,0,0,0,GQSC_V3_MAIN_LEXICOGRAPHIC_LEFT_8c8e23a5462309a6,8c8e23a5462309a6,NONE,0,NONE,nan,nan,EXPANDED_OBSTACLE_REGION_FULLY_PASSED
DVE022,DEVELOPMENT,NEW_OBSTACLE,FRESH,FRESH_SELECTED,1,1,0,0,0,1,0,1,GQSC_V3_MAIN_LEXICOGRAPHIC_LEFT_8c8e23a5462309a6,8c8e23a5462309a6,8c8e23a5462309a6,110,NONE,5.7090216205187119,5.7090216205187119,FRESH_HARD_VALID_P3_M1
DVE022,DEVELOPMENT,NEW_OBSTACLE,INVALIDATE_AND_FALLBACK,INVALIDATED,0,0,1,0,1,0,1,1,GQSC_V3_MAIN_LEXICOGRAPHIC_LEFT_8c8e23a5462309a6,8c8e23a5462309a6,cf1857b2071188f2,93,NO_SAFE_PATH,nan,nan,CURRENT_RAW_OBSTACLE_COLLISION:d-offset intersects an inflated static-obstacle box
DVE023,DEVELOPMENT,NOT_ELIGIBLE,SKIP,IDLE,0,0,0,0,0,0,0,0,NONE,NONE,NONE,0,NONE,nan,nan,NO_FROZEN_HARD_VALID:GQSC_V3_FROZEN_ENTRY
DVE024,DEVELOPMENT,CONTINUATION,FRESH,FRESH_SELECTED,1,1,0,0,0,1,0,1,GQSC_V3_MAIN_LEXICOGRAPHIC_RIGHT_ba34849e0919dfa8,ba34849e0919dfa8,ba34849e0919dfa8,60,NONE,1.1206386641861523,5.1315379369663514,FRESH_HARD_VALID_P3_M1
DVE024,DEVELOPMENT,CONTINUATION,HELD_SAME_INPUT,COMMITTED,1,0,0,0,1,1,0,0,GQSC_V3_MAIN_LEXICOGRAPHIC_RIGHT_ba34849e0919dfa8,ba34849e0919dfa8,ba34849e0919dfa8,60,NONE,nan,nan,ORIGINAL_MANEUVER_COMMITTED_CURRENT_HARD_VALID
DVE024,DEVELOPMENT,CONTINUATION,GUARD_FAIL_RAW_PASS,CONTINUING,1,0,0,0,1,1,1,1,GQSC_V3_MAIN_LEXICOGRAPHIC_RIGHT_ba34849e0919dfa8,ba34849e0919dfa8,ba34849e0919dfa8,60,NONE,nan,nan,GUARD_SOFT_OBSTACLE_VIOLATION_PENDING_RAW_HARD_VALID
DVE024,DEVELOPMENT,CONTINUATION,OBSTACLE_DISAPPEARANCE,CONTINUING,1,0,0,0,1,1,0,0,GQSC_V3_MAIN_LEXICOGRAPHIC_RIGHT_ba34849e0919dfa8,ba34849e0919dfa8,ba34849e0919dfa8,60,NONE,nan,nan,ORIGINAL_MANEUVER_SUFFIX_CURRENT_HARD_VALID
DVE024,DEVELOPMENT,CONTINUATION,FORWARD_TRIM,CONTINUING,1,0,0,0,1,1,0,0,GQSC_V3_MAIN_LEXICOGRAPHIC_RIGHT_ba34849e0919dfa8,ba34849e0919dfa8,ba34849e0919dfa8,60,NONE,nan,nan,ORIGINAL_MANEUVER_SUFFIX_CURRENT_HARD_VALID
DVE024,DEVELOPMENT,CONTINUATION,COMPLETE,COMPLETE,0,0,0,1,0,0,0,0,GQSC_V3_MAIN_LEXICOGRAPHIC_RIGHT_ba34849e0919dfa8,ba34849e0919dfa8,NONE,0,NONE,nan,nan,EXPANDED_OBSTACLE_REGION_FULLY_PASSED
DVE024,DEVELOPMENT,NEW_OBSTACLE,FRESH,FRESH_SELECTED,1,1,0,0,0,1,0,1,GQSC_V3_MAIN_LEXICOGRAPHIC_RIGHT_ba34849e0919dfa8,ba34849e0919dfa8,ba34849e0919dfa8,60,NONE,1.1206386641861523,5.1315379369663514,FRESH_HARD_VALID_P3_M1
DVE024,DEVELOPMENT,NEW_OBSTACLE,INVALIDATE_AND_FALLBACK,INVALIDATED,0,0,1,0,1,0,1,1,GQSC_V3_MAIN_LEXICOGRAPHIC_RIGHT_ba34849e0919dfa8,ba34849e0919dfa8,ba34849e0919dfa8,60,NO_SAFE_PATH,nan,nan,CURRENT_RAW_OBSTACLE_COLLISION:d-offset intersects an inflated static-obstacle box
DVE025,DEVELOPMENT,NOT_ELIGIBLE,SKIP,IDLE,0,0,0,0,0,0,0,0,NONE,NONE,NONE,0,NONE,nan,nan,NO_FROZEN_HARD_VALID:GQSC_V3_FROZEN_ENTRY
DVE026,DEVELOPMENT,NOT_ELIGIBLE,SKIP,IDLE,0,0,0,0,0,0,0,0,NONE,NONE,NONE,0,NONE,nan,nan,NO_FROZEN_HARD_VALID:GQSC_V3_FROZEN_ENTRY
DVE027,DEVELOPMENT,NOT_ELIGIBLE,SKIP,IDLE,0,0,0,0,0,0,0,0,NONE,NONE,NONE,0,NONE,nan,nan,NO_FROZEN_HARD_VALID:GQSC_V3_FROZEN_ENTRY
DVE028,DEVELOPMENT,CONTINUATION,FRESH,FRESH_SELECTED,1,1,0,0,0,1,0,1,GQSC_V3_MAIN_LEXICOGRAPHIC_LEFT_c2689998875add3c,c2689998875add3c,c2689998875add3c,185,NONE,5.2678054794127114,5.2678054794127114,FRESH_HARD_VALID_P3_M1
DVE028,DEVELOPMENT,CONTINUATION,HELD_SAME_INPUT,COMMITTED,1,0,0,0,1,1,0,0,GQSC_V3_MAIN_LEXICOGRAPHIC_LEFT_c2689998875add3c,c2689998875add3c,3188a53ad200d59c,93,NONE,nan,nan,ORIGINAL_MANEUVER_COMMITTED_CURRENT_HARD_VALID
DVE028,DEVELOPMENT,CONTINUATION,GUARD_FAIL_RAW_PASS,CONTINUING,1,0,0,0,1,1,0,0,GQSC_V3_MAIN_LEXICOGRAPHIC_LEFT_c2689998875add3c,c2689998875add3c,3188a53ad200d59c,93,NONE,nan,nan,ORIGINAL_MANEUVER_SUFFIX_CURRENT_HARD_VALID
DVE028,DEVELOPMENT,CONTINUATION,OBSTACLE_DISAPPEARANCE,CONTINUING,1,0,0,0,1,1,0,0,GQSC_V3_MAIN_LEXICOGRAPHIC_LEFT_c2689998875add3c,c2689998875add3c,3188a53ad200d59c,93,NONE,nan,nan,ORIGINAL_MANEUVER_SUFFIX_CURRENT_HARD_VALID
DVE028,DEVELOPMENT,CONTINUATION,FORWARD_TRIM,CONTINUING,1,0,0,0,1,1,0,0,GQSC_V3_MAIN_LEXICOGRAPHIC_LEFT_c2689998875add3c,c2689998875add3c,3188a53ad200d59c,93,NONE,nan,nan,ORIGINAL_MANEUVER_SUFFIX_CURRENT_HARD_VALID
DVE028,DEVELOPMENT,CONTINUATION,COMPLETE,COMPLETE,0,0,0,1,0,0,0,0,GQSC_V3_MAIN_LEXICOGRAPHIC_LEFT_c2689998875add3c,c2689998875add3c,NONE,0,NONE,nan,nan,EXPANDED_OBSTACLE_REGION_FULLY_PASSED
DVE028,DEVELOPMENT,NEW_OBSTACLE,FRESH,FRESH_SELECTED,1,1,0,0,0,1,0,1,GQSC_V3_MAIN_LEXICOGRAPHIC_LEFT_c2689998875add3c,c2689998875add3c,c2689998875add3c,185,NONE,5.2678054794127114,5.2678054794127114,FRESH_HARD_VALID_P3_M1
DVE028,DEVELOPMENT,NEW_OBSTACLE,INVALIDATE_AND_FALLBACK,INVALIDATED,0,0,1,0,1,0,1,1,GQSC_V3_MAIN_LEXICOGRAPHIC_LEFT_c2689998875add3c,c2689998875add3c,3188a53ad200d59c,93,NO_SAFE_PATH,nan,nan,CURRENT_RAW_OBSTACLE_COLLISION:d-offset intersects an inflated static-obstacle box
DVE029,DEVELOPMENT,CONTINUATION,FRESH,FRESH_SELECTED,1,1,0,0,0,1,0,1,GQSC_V3_MAIN_LEXICOGRAPHIC_RIGHT_1cb49b9c4b90cccf,1cb49b9c4b90cccf,1cb49b9c4b90cccf,109,NONE,5.2478203562989947,5.2478203562989947,FRESH_HARD_VALID_P3_M1
DVE029,DEVELOPMENT,CONTINUATION,HELD_SAME_INPUT,COMMITTED,1,0,0,0,1,1,0,0,GQSC_V3_MAIN_LEXICOGRAPHIC_RIGHT_1cb49b9c4b90cccf,1cb49b9c4b90cccf,825d864b1bfd6261,92,NONE,nan,nan,ORIGINAL_MANEUVER_COMMITTED_CURRENT_HARD_VALID
DVE029,DEVELOPMENT,CONTINUATION,GUARD_FAIL_RAW_PASS,CONTINUING,1,0,0,0,1,1,0,0,GQSC_V3_MAIN_LEXICOGRAPHIC_RIGHT_1cb49b9c4b90cccf,1cb49b9c4b90cccf,825d864b1bfd6261,92,NONE,nan,nan,ORIGINAL_MANEUVER_SUFFIX_CURRENT_HARD_VALID
DVE029,DEVELOPMENT,CONTINUATION,OBSTACLE_DISAPPEARANCE,CONTINUING,1,0,0,0,1,1,0,0,GQSC_V3_MAIN_LEXICOGRAPHIC_RIGHT_1cb49b9c4b90cccf,1cb49b9c4b90cccf,825d864b1bfd6261,92,NONE,nan,nan,ORIGINAL_MANEUVER_SUFFIX_CURRENT_HARD_VALID
DVE029,DEVELOPMENT,CONTINUATION,FORWARD_TRIM,CONTINUING,1,0,0,0,1,1,0,0,GQSC_V3_MAIN_LEXICOGRAPHIC_RIGHT_1cb49b9c4b90cccf,1cb49b9c4b90cccf,825d864b1bfd6261,92,NONE,nan,nan,ORIGINAL_MANEUVER_SUFFIX_CURRENT_HARD_VALID
DVE029,DEVELOPMENT,CONTINUATION,COMPLETE,COMPLETE,0,0,0,1,0,0,0,0,GQSC_V3_MAIN_LEXICOGRAPHIC_RIGHT_1cb49b9c4b90cccf,1cb49b9c4b90cccf,NONE,0,NONE,nan,nan,EXPANDED_OBSTACLE_REGION_FULLY_PASSED
DVE029,DEVELOPMENT,NEW_OBSTACLE,FRESH,FRESH_SELECTED,1,1,0,0,0,1,0,1,GQSC_V3_MAIN_LEXICOGRAPHIC_RIGHT_1cb49b9c4b90cccf,1cb49b9c4b90cccf,1cb49b9c4b90cccf,109,NONE,5.2478203562989947,5.2478203562989947,FRESH_HARD_VALID_P3_M1
DVE029,DEVELOPMENT,NEW_OBSTACLE,INVALIDATE_AND_FALLBACK,INVALIDATED,0,0,1,0,1,0,1,1,GQSC_V3_MAIN_LEXICOGRAPHIC_RIGHT_1cb49b9c4b90cccf,1cb49b9c4b90cccf,825d864b1bfd6261,92,NO_SAFE_PATH,nan,nan,CURRENT_RAW_OBSTACLE_COLLISION:d-offset intersects an inflated static-obstacle box
DVE030,DEVELOPMENT,CONTINUATION,FRESH,FRESH_SELECTED,1,1,0,0,0,1,0,1,GQSC_V3_MAIN_LEXICOGRAPHIC_LEFT_7bfffdb6149d2531,7bfffdb6149d2531,7bfffdb6149d2531,34,NONE,4.4004657208201046,5.589327065244059,FRESH_HARD_VALID_P3_M1
DVE030,DEVELOPMENT,CONTINUATION,HELD_SAME_INPUT,COMMITTED,1,0,0,0,1,1,0,0,GQSC_V3_MAIN_LEXICOGRAPHIC_LEFT_7bfffdb6149d2531,7bfffdb6149d2531,7bfffdb6149d2531,34,NONE,nan,nan,ORIGINAL_MANEUVER_COMMITTED_CURRENT_HARD_VALID
DVE030,DEVELOPMENT,CONTINUATION,GUARD_FAIL_RAW_PASS,CONTINUING,1,0,0,0,1,1,1,1,GQSC_V3_MAIN_LEXICOGRAPHIC_LEFT_7bfffdb6149d2531,7bfffdb6149d2531,7bfffdb6149d2531,34,NONE,nan,nan,GUARD_SOFT_OBSTACLE_VIOLATION_PENDING_RAW_HARD_VALID
DVE030,DEVELOPMENT,CONTINUATION,OBSTACLE_DISAPPEARANCE,CONTINUING,1,0,0,0,1,1,0,0,GQSC_V3_MAIN_LEXICOGRAPHIC_LEFT_7bfffdb6149d2531,7bfffdb6149d2531,7bfffdb6149d2531,34,NONE,nan,nan,ORIGINAL_MANEUVER_SUFFIX_CURRENT_HARD_VALID
DVE030,DEVELOPMENT,CONTINUATION,FORWARD_TRIM,CONTINUING,1,0,0,0,1,1,0,0,GQSC_V3_MAIN_LEXICOGRAPHIC_LEFT_7bfffdb6149d2531,7bfffdb6149d2531,379888f4b819f287,33,NONE,nan,nan,ORIGINAL_MANEUVER_SUFFIX_CURRENT_HARD_VALID
DVE030,DEVELOPMENT,CONTINUATION,COMPLETE,COMPLETE,0,0,0,1,0,0,0,0,GQSC_V3_MAIN_LEXICOGRAPHIC_LEFT_7bfffdb6149d2531,7bfffdb6149d2531,NONE,0,NONE,nan,nan,EXPANDED_OBSTACLE_REGION_FULLY_PASSED
DVE030,DEVELOPMENT,NEW_OBSTACLE,FRESH,FRESH_SELECTED,1,1,0,0,0,1,0,1,GQSC_V3_MAIN_LEXICOGRAPHIC_LEFT_7bfffdb6149d2531,7bfffdb6149d2531,7bfffdb6149d2531,34,NONE,4.4004657208201046,5.589327065244059,FRESH_HARD_VALID_P3_M1
DVE030,DEVELOPMENT,NEW_OBSTACLE,INVALIDATE_AND_FALLBACK,INVALIDATED,0,0,1,0,1,0,1,1,GQSC_V3_MAIN_LEXICOGRAPHIC_LEFT_7bfffdb6149d2531,7bfffdb6149d2531,7bfffdb6149d2531,34,NO_SAFE_PATH,nan,nan,CURRENT_RAW_OBSTACLE_COLLISION:d-offset intersects an inflated static-obstacle box
DVE031,DEVELOPMENT,CONTINUATION,FRESH,FRESH_SELECTED,1,1,0,0,0,1,0,1,GQSC_V3_MAIN_LEXICOGRAPHIC_RIGHT_48f18152a68e6dc7,48f18152a68e6dc7,48f18152a68e6dc7,60,NONE,5.1800498463330609,5.1800498463330609,FRESH_HARD_VALID_P3_M1
DVE031,DEVELOPMENT,CONTINUATION,HELD_SAME_INPUT,COMMITTED,1,0,0,0,1,1,0,0,GQSC_V3_MAIN_LEXICOGRAPHIC_RIGHT_48f18152a68e6dc7,48f18152a68e6dc7,48f18152a68e6dc7,60,NONE,nan,nan,ORIGINAL_MANEUVER_COMMITTED_CURRENT_HARD_VALID
DVE031,DEVELOPMENT,CONTINUATION,GUARD_FAIL_RAW_PASS,CONTINUING,1,0,0,0,1,1,0,0,GQSC_V3_MAIN_LEXICOGRAPHIC_RIGHT_48f18152a68e6dc7,48f18152a68e6dc7,48f18152a68e6dc7,60,NONE,nan,nan,ORIGINAL_MANEUVER_SUFFIX_CURRENT_HARD_VALID
DVE031,DEVELOPMENT,CONTINUATION,OBSTACLE_DISAPPEARANCE,CONTINUING,1,0,0,0,1,1,0,0,GQSC_V3_MAIN_LEXICOGRAPHIC_RIGHT_48f18152a68e6dc7,48f18152a68e6dc7,48f18152a68e6dc7,60,NONE,nan,nan,ORIGINAL_MANEUVER_SUFFIX_CURRENT_HARD_VALID
DVE031,DEVELOPMENT,CONTINUATION,FORWARD_TRIM,CONTINUING,1,0,0,0,1,1,0,0,GQSC_V3_MAIN_LEXICOGRAPHIC_RIGHT_48f18152a68e6dc7,48f18152a68e6dc7,48f18152a68e6dc7,60,NONE,nan,nan,ORIGINAL_MANEUVER_SUFFIX_CURRENT_HARD_VALID
DVE031,DEVELOPMENT,CONTINUATION,COMPLETE,COMPLETE,0,0,0,1,0,0,0,0,GQSC_V3_MAIN_LEXICOGRAPHIC_RIGHT_48f18152a68e6dc7,48f18152a68e6dc7,NONE,0,NONE,nan,nan,EXPANDED_OBSTACLE_REGION_FULLY_PASSED
DVE031,DEVELOPMENT,NEW_OBSTACLE,FRESH,FRESH_SELECTED,1,1,0,0,0,1,0,1,GQSC_V3_MAIN_LEXICOGRAPHIC_RIGHT_48f18152a68e6dc7,48f18152a68e6dc7,48f18152a68e6dc7,60,NONE,5.1800498463330609,5.1800498463330609,FRESH_HARD_VALID_P3_M1
DVE031,DEVELOPMENT,NEW_OBSTACLE,INVALIDATE_AND_FALLBACK,INVALIDATED,0,0,1,0,1,0,1,1,GQSC_V3_MAIN_LEXICOGRAPHIC_RIGHT_48f18152a68e6dc7,48f18152a68e6dc7,48f18152a68e6dc7,60,NO_SAFE_PATH,nan,nan,CURRENT_RAW_OBSTACLE_COLLISION:d-offset intersects an inflated static-obstacle box
DVE032,DEVELOPMENT,NOT_ELIGIBLE,SKIP,IDLE,0,0,0,0,0,0,0,0,NONE,NONE,NONE,0,NONE,nan,nan,NO_FROZEN_HARD_VALID:GQSC_V3_FROZEN_ENTRY
DVE033,DEVELOPMENT,NOT_ELIGIBLE,SKIP,IDLE,0,0,0,0,0,0,0,0,NONE,NONE,NONE,0,NONE,nan,nan,NO_FROZEN_HARD_VALID:GQSC_V3_FROZEN_ENTRY
DVE034,DEVELOPMENT,NOT_ELIGIBLE,SKIP,IDLE,0,0,0,0,0,0,0,0,NONE,NONE,NONE,0,NONE,nan,nan,NO_FROZEN_HARD_VALID:GQSC_V3_FROZEN_ENTRY
DVE035,DEVELOPMENT,NOT_ELIGIBLE,SKIP,IDLE,0,0,0,0,0,0,0,0,NONE,NONE,NONE,0,NONE,nan,nan,NO_FROZEN_HARD_VALID:GQSC_V3_FROZEN_ENTRY
DVE036,DEVELOPMENT,NOT_ELIGIBLE,SKIP,IDLE,0,0,0,0,0,0,0,0,NONE,NONE,NONE,0,NONE,nan,nan,NO_FROZEN_HARD_VALID:GQSC_V3_FROZEN_ENTRY
DVE037,DEVELOPMENT,CONTINUATION,FRESH,FRESH_SELECTED,1,1,0,0,0,1,0,1,GQSC_V3_MAIN_LEXICOGRAPHIC_LEFT_237b14031c68c366,237b14031c68c366,237b14031c68c366,38,NONE,6.3358443726211178,6.3358443726211178,FRESH_HARD_VALID_P3_M1
DVE037,DEVELOPMENT,CONTINUATION,HELD_SAME_INPUT,COMMITTED,1,0,0,0,1,1,0,0,GQSC_V3_MAIN_LEXICOGRAPHIC_LEFT_237b14031c68c366,237b14031c68c366,237b14031c68c366,38,NONE,nan,nan,ORIGINAL_MANEUVER_COMMITTED_CURRENT_HARD_VALID
DVE037,DEVELOPMENT,CONTINUATION,GUARD_FAIL_RAW_PASS,CONTINUING,1,0,0,0,1,1,1,1,GQSC_V3_MAIN_LEXICOGRAPHIC_LEFT_237b14031c68c366,237b14031c68c366,237b14031c68c366,38,NONE,nan,nan,GUARD_SOFT_OBSTACLE_VIOLATION_PENDING_RAW_HARD_VALID
DVE037,DEVELOPMENT,CONTINUATION,OBSTACLE_DISAPPEARANCE,CONTINUING,1,0,0,0,1,1,0,0,GQSC_V3_MAIN_LEXICOGRAPHIC_LEFT_237b14031c68c366,237b14031c68c366,237b14031c68c366,38,NONE,nan,nan,ORIGINAL_MANEUVER_SUFFIX_CURRENT_HARD_VALID
DVE037,DEVELOPMENT,CONTINUATION,FORWARD_TRIM,CONTINUING,1,0,0,0,1,1,0,0,GQSC_V3_MAIN_LEXICOGRAPHIC_LEFT_237b14031c68c366,237b14031c68c366,eb5541c2ab756925,37,NONE,nan,nan,ORIGINAL_MANEUVER_SUFFIX_CURRENT_HARD_VALID
DVE037,DEVELOPMENT,CONTINUATION,COMPLETE,COMPLETE,0,0,0,1,0,0,0,0,GQSC_V3_MAIN_LEXICOGRAPHIC_LEFT_237b14031c68c366,237b14031c68c366,NONE,0,NONE,nan,nan,EXPANDED_OBSTACLE_REGION_FULLY_PASSED
DVE037,DEVELOPMENT,NEW_OBSTACLE,FRESH,FRESH_SELECTED,1,1,0,0,0,1,0,1,GQSC_V3_MAIN_LEXICOGRAPHIC_LEFT_237b14031c68c366,237b14031c68c366,237b14031c68c366,38,NONE,6.3358443726211178,6.3358443726211178,FRESH_HARD_VALID_P3_M1
DVE037,DEVELOPMENT,NEW_OBSTACLE,INVALIDATE_AND_FALLBACK,INVALIDATED,0,0,1,0,1,0,1,1,GQSC_V3_MAIN_LEXICOGRAPHIC_LEFT_237b14031c68c366,237b14031c68c366,237b14031c68c366,38,NO_SAFE_PATH,nan,nan,CURRENT_RAW_OBSTACLE_COLLISION:d-offset intersects an inflated static-obstacle box
DVE038,DEVELOPMENT,CONTINUATION,FRESH,FRESH_SELECTED,1,1,0,0,0,1,0,1,GQSC_V3_MAIN_LEXICOGRAPHIC_RIGHT_5e5878151111a007,5e5878151111a007,5e5878151111a007,28,NONE,4.2167586159213144,5.7305954755639874,FRESH_HARD_VALID_P3_M1
DVE038,DEVELOPMENT,CONTINUATION,HELD_SAME_INPUT,COMMITTED,1,0,0,0,1,1,0,0,GQSC_V3_MAIN_LEXICOGRAPHIC_RIGHT_5e5878151111a007,5e5878151111a007,5e5878151111a007,28,NONE,nan,nan,ORIGINAL_MANEUVER_COMMITTED_CURRENT_HARD_VALID
DVE038,DEVELOPMENT,CONTINUATION,GUARD_FAIL_RAW_PASS,CONTINUING,1,0,0,0,1,1,1,1,GQSC_V3_MAIN_LEXICOGRAPHIC_RIGHT_5e5878151111a007,5e5878151111a007,5e5878151111a007,28,NONE,nan,nan,GUARD_SOFT_OBSTACLE_VIOLATION_PENDING_RAW_HARD_VALID
DVE038,DEVELOPMENT,CONTINUATION,OBSTACLE_DISAPPEARANCE,CONTINUING,1,0,0,0,1,1,0,0,GQSC_V3_MAIN_LEXICOGRAPHIC_RIGHT_5e5878151111a007,5e5878151111a007,5e5878151111a007,28,NONE,nan,nan,ORIGINAL_MANEUVER_SUFFIX_CURRENT_HARD_VALID
DVE038,DEVELOPMENT,CONTINUATION,FORWARD_TRIM,CONTINUING,1,0,0,0,1,1,0,0,GQSC_V3_MAIN_LEXICOGRAPHIC_RIGHT_5e5878151111a007,5e5878151111a007,9980f396c5cbc6b8,27,NONE,nan,nan,ORIGINAL_MANEUVER_SUFFIX_CURRENT_HARD_VALID
DVE038,DEVELOPMENT,CONTINUATION,COMPLETE,COMPLETE,0,0,0,1,0,0,0,0,GQSC_V3_MAIN_LEXICOGRAPHIC_RIGHT_5e5878151111a007,5e5878151111a007,NONE,0,NONE,nan,nan,EXPANDED_OBSTACLE_REGION_FULLY_PASSED
DVE038,DEVELOPMENT,NEW_OBSTACLE,FRESH,FRESH_SELECTED,1,1,0,0,0,1,0,1,GQSC_V3_MAIN_LEXICOGRAPHIC_RIGHT_5e5878151111a007,5e5878151111a007,5e5878151111a007,28,NONE,4.2167586159213144,5.7305954755639874,FRESH_HARD_VALID_P3_M1
DVE038,DEVELOPMENT,NEW_OBSTACLE,INVALIDATE_AND_FALLBACK,INVALIDATED,0,0,1,0,1,0,1,1,GQSC_V3_MAIN_LEXICOGRAPHIC_RIGHT_5e5878151111a007,5e5878151111a007,5e5878151111a007,28,NO_SAFE_PATH,nan,nan,CURRENT_RAW_OBSTACLE_COLLISION:d-offset intersects an inflated static-obstacle box
DVE039,DEVELOPMENT,NOT_ELIGIBLE,SKIP,IDLE,0,0,0,0,0,0,0,0,NONE,NONE,NONE,0,NONE,nan,nan,NO_FROZEN_HARD_VALID:GQSC_V3_FROZEN_ENTRY
DVE040,DEVELOPMENT,NOT_ELIGIBLE,SKIP,IDLE,0,0,0,0,0,0,0,0,NONE,NONE,NONE,0,NONE,nan,nan,NO_FROZEN_HARD_VALID:GQSC_V3_FROZEN_ENTRY
VUE001,VALIDATION_SEEN_AFTER_V1,NOT_ELIGIBLE,SKIP,IDLE,0,0,0,0,0,0,0,0,NONE,NONE,NONE,0,NONE,nan,nan,NO_FROZEN_HARD_VALID:GQSC_V3_FROZEN_ENTRY
VUE002,VALIDATION_SEEN_AFTER_V1,NOT_ELIGIBLE,SKIP,IDLE,0,0,0,0,0,0,0,0,NONE,NONE,NONE,0,NONE,nan,nan,NO_FROZEN_HARD_VALID:GQSC_V3_FROZEN_ENTRY
VUE003,VALIDATION_SEEN_AFTER_V1,NOT_ELIGIBLE,SKIP,IDLE,0,0,0,0,0,0,0,0,NONE,NONE,NONE,0,NONE,nan,nan,NO_FROZEN_HARD_VALID:GQSC_V3_FROZEN_ENTRY
VUE004,VALIDATION_SEEN_AFTER_V1,CONTINUATION,FRESH,FRESH_SELECTED,1,1,0,0,0,1,0,1,GQSC_V3_MAIN_LEXICOGRAPHIC_RIGHT_54d1dcfbccfb6742,54d1dcfbccfb6742,54d1dcfbccfb6742,27,NONE,5.1921796051954363,5.1921796051954363,FRESH_HARD_VALID_P3_M1
VUE004,VALIDATION_SEEN_AFTER_V1,CONTINUATION,HELD_SAME_INPUT,COMMITTED,1,0,0,0,1,1,0,0,GQSC_V3_MAIN_LEXICOGRAPHIC_RIGHT_54d1dcfbccfb6742,54d1dcfbccfb6742,54d1dcfbccfb6742,27,NONE,nan,nan,ORIGINAL_MANEUVER_COMMITTED_CURRENT_HARD_VALID
VUE004,VALIDATION_SEEN_AFTER_V1,CONTINUATION,GUARD_FAIL_RAW_PASS,CONTINUING,1,0,0,0,1,1,0,0,GQSC_V3_MAIN_LEXICOGRAPHIC_RIGHT_54d1dcfbccfb6742,54d1dcfbccfb6742,54d1dcfbccfb6742,27,NONE,nan,nan,ORIGINAL_MANEUVER_SUFFIX_CURRENT_HARD_VALID
VUE004,VALIDATION_SEEN_AFTER_V1,CONTINUATION,OBSTACLE_DISAPPEARANCE,CONTINUING,1,0,0,0,1,1,0,0,GQSC_V3_MAIN_LEXICOGRAPHIC_RIGHT_54d1dcfbccfb6742,54d1dcfbccfb6742,54d1dcfbccfb6742,27,NONE,nan,nan,ORIGINAL_MANEUVER_SUFFIX_CURRENT_HARD_VALID
VUE004,VALIDATION_SEEN_AFTER_V1,CONTINUATION,FORWARD_TRIM,CONTINUING,1,0,0,0,1,1,0,0,GQSC_V3_MAIN_LEXICOGRAPHIC_RIGHT_54d1dcfbccfb6742,54d1dcfbccfb6742,54d1dcfbccfb6742,27,NONE,nan,nan,ORIGINAL_MANEUVER_SUFFIX_CURRENT_HARD_VALID
VUE004,VALIDATION_SEEN_AFTER_V1,CONTINUATION,COMPLETE,COMPLETE,0,0,0,1,0,0,0,0,GQSC_V3_MAIN_LEXICOGRAPHIC_RIGHT_54d1dcfbccfb6742,54d1dcfbccfb6742,NONE,0,NONE,nan,nan,EXPANDED_OBSTACLE_REGION_FULLY_PASSED
VUE004,VALIDATION_SEEN_AFTER_V1,NEW_OBSTACLE,FRESH,FRESH_SELECTED,1,1,0,0,0,1,0,1,GQSC_V3_MAIN_LEXICOGRAPHIC_RIGHT_54d1dcfbccfb6742,54d1dcfbccfb6742,54d1dcfbccfb6742,27,NONE,5.1921796051954363,5.1921796051954363,FRESH_HARD_VALID_P3_M1
VUE004,VALIDATION_SEEN_AFTER_V1,NEW_OBSTACLE,INVALIDATE_AND_FALLBACK,INVALIDATED,0,0,1,0,1,0,1,1,GQSC_V3_MAIN_LEXICOGRAPHIC_RIGHT_54d1dcfbccfb6742,54d1dcfbccfb6742,54d1dcfbccfb6742,27,NO_SAFE_PATH,nan,nan,CURRENT_RAW_OBSTACLE_COLLISION:d-offset intersects an inflated static-obstacle box
VUE005,VALIDATION_SEEN_AFTER_V1,CONTINUATION,FRESH,FRESH_SELECTED,1,1,0,0,0,1,0,1,GQSC_V3_MAIN_LEXICOGRAPHIC_RIGHT_1fe5aee2e5533c11,1fe5aee2e5533c11,1fe5aee2e5533c11,60,NONE,5.1801890907461567,5.1801890907461567,FRESH_HARD_VALID_P3_M1
VUE005,VALIDATION_SEEN_AFTER_V1,CONTINUATION,HELD_SAME_INPUT,COMMITTED,1,0,0,0,1,1,0,0,GQSC_V3_MAIN_LEXICOGRAPHIC_RIGHT_1fe5aee2e5533c11,1fe5aee2e5533c11,1fe5aee2e5533c11,60,NONE,nan,nan,ORIGINAL_MANEUVER_COMMITTED_CURRENT_HARD_VALID
VUE005,VALIDATION_SEEN_AFTER_V1,CONTINUATION,GUARD_FAIL_RAW_PASS,CONTINUING,1,0,0,0,1,1,0,0,GQSC_V3_MAIN_LEXICOGRAPHIC_RIGHT_1fe5aee2e5533c11,1fe5aee2e5533c11,1fe5aee2e5533c11,60,NONE,nan,nan,ORIGINAL_MANEUVER_SUFFIX_CURRENT_HARD_VALID
VUE005,VALIDATION_SEEN_AFTER_V1,CONTINUATION,OBSTACLE_DISAPPEARANCE,CONTINUING,1,0,0,0,1,1,0,0,GQSC_V3_MAIN_LEXICOGRAPHIC_RIGHT_1fe5aee2e5533c11,1fe5aee2e5533c11,1fe5aee2e5533c11,60,NONE,nan,nan,ORIGINAL_MANEUVER_SUFFIX_CURRENT_HARD_VALID
VUE005,VALIDATION_SEEN_AFTER_V1,CONTINUATION,FORWARD_TRIM,CONTINUING,1,0,0,0,1,1,0,0,GQSC_V3_MAIN_LEXICOGRAPHIC_RIGHT_1fe5aee2e5533c11,1fe5aee2e5533c11,1fe5aee2e5533c11,60,NONE,nan,nan,ORIGINAL_MANEUVER_SUFFIX_CURRENT_HARD_VALID
VUE005,VALIDATION_SEEN_AFTER_V1,CONTINUATION,COMPLETE,COMPLETE,0,0,0,1,0,0,0,0,GQSC_V3_MAIN_LEXICOGRAPHIC_RIGHT_1fe5aee2e5533c11,1fe5aee2e5533c11,NONE,0,NONE,nan,nan,EXPANDED_OBSTACLE_REGION_FULLY_PASSED
VUE005,VALIDATION_SEEN_AFTER_V1,NEW_OBSTACLE,FRESH,FRESH_SELECTED,1,1,0,0,0,1,0,1,GQSC_V3_MAIN_LEXICOGRAPHIC_RIGHT_1fe5aee2e5533c11,1fe5aee2e5533c11,1fe5aee2e5533c11,60,NONE,5.1801890907461567,5.1801890907461567,FRESH_HARD_VALID_P3_M1
VUE005,VALIDATION_SEEN_AFTER_V1,NEW_OBSTACLE,INVALIDATE_AND_FALLBACK,INVALIDATED,0,0,1,0,1,0,1,1,GQSC_V3_MAIN_LEXICOGRAPHIC_RIGHT_1fe5aee2e5533c11,1fe5aee2e5533c11,1fe5aee2e5533c11,60,NO_SAFE_PATH,nan,nan,CURRENT_RAW_OBSTACLE_COLLISION:d-offset intersects an inflated static-obstacle box
VUE006,VALIDATION_SEEN_AFTER_V1,CONTINUATION,FRESH,FRESH_SELECTED,1,1,0,0,0,1,0,1,GQSC_V3_MAIN_LEXICOGRAPHIC_RIGHT_d5e23cc92a60f607,d5e23cc92a60f607,d5e23cc92a60f607,95,NONE,5.1755648305515232,5.1755648305515232,FRESH_HARD_VALID_P3_M1
VUE006,VALIDATION_SEEN_AFTER_V1,CONTINUATION,HELD_SAME_INPUT,COMMITTED,1,0,0,0,1,1,0,0,GQSC_V3_MAIN_LEXICOGRAPHIC_RIGHT_d5e23cc92a60f607,d5e23cc92a60f607,ce4eef93d1e2eda4,92,NONE,nan,nan,ORIGINAL_MANEUVER_COMMITTED_CURRENT_HARD_VALID
VUE006,VALIDATION_SEEN_AFTER_V1,CONTINUATION,GUARD_FAIL_RAW_PASS,CONTINUING,1,0,0,0,1,1,0,0,GQSC_V3_MAIN_LEXICOGRAPHIC_RIGHT_d5e23cc92a60f607,d5e23cc92a60f607,ce4eef93d1e2eda4,92,NONE,nan,nan,ORIGINAL_MANEUVER_SUFFIX_CURRENT_HARD_VALID
VUE006,VALIDATION_SEEN_AFTER_V1,CONTINUATION,OBSTACLE_DISAPPEARANCE,CONTINUING,1,0,0,0,1,1,0,0,GQSC_V3_MAIN_LEXICOGRAPHIC_RIGHT_d5e23cc92a60f607,d5e23cc92a60f607,ce4eef93d1e2eda4,92,NONE,nan,nan,ORIGINAL_MANEUVER_SUFFIX_CURRENT_HARD_VALID
VUE006,VALIDATION_SEEN_AFTER_V1,CONTINUATION,FORWARD_TRIM,CONTINUING,1,0,0,0,1,1,0,0,GQSC_V3_MAIN_LEXICOGRAPHIC_RIGHT_d5e23cc92a60f607,d5e23cc92a60f607,ce4eef93d1e2eda4,92,NONE,nan,nan,ORIGINAL_MANEUVER_SUFFIX_CURRENT_HARD_VALID
VUE006,VALIDATION_SEEN_AFTER_V1,CONTINUATION,COMPLETE,COMPLETE,0,0,0,1,0,0,0,0,GQSC_V3_MAIN_LEXICOGRAPHIC_RIGHT_d5e23cc92a60f607,d5e23cc92a60f607,NONE,0,NONE,nan,nan,EXPANDED_OBSTACLE_REGION_FULLY_PASSED
VUE006,VALIDATION_SEEN_AFTER_V1,NEW_OBSTACLE,FRESH,FRESH_SELECTED,1,1,0,0,0,1,0,1,GQSC_V3_MAIN_LEXICOGRAPHIC_RIGHT_d5e23cc92a60f607,d5e23cc92a60f607,d5e23cc92a60f607,95,NONE,5.1755648305515232,5.1755648305515232,FRESH_HARD_VALID_P3_M1
VUE006,VALIDATION_SEEN_AFTER_V1,NEW_OBSTACLE,INVALIDATE_AND_FALLBACK,INVALIDATED,0,0,1,0,1,0,1,1,GQSC_V3_MAIN_LEXICOGRAPHIC_RIGHT_d5e23cc92a60f607,d5e23cc92a60f607,ce4eef93d1e2eda4,92,NO_SAFE_PATH,nan,nan,CURRENT_RAW_OBSTACLE_COLLISION:d-offset intersects an inflated static-obstacle box
VUE007,VALIDATION_SEEN_AFTER_V1,CONTINUATION,FRESH,FRESH_SELECTED,1,1,0,0,0,1,0,1,GQSC_V3_MAIN_LEXICOGRAPHIC_RIGHT_27f98bf62a6b2b58,27f98bf62a6b2b58,27f98bf62a6b2b58,60,NONE,5.1750638033172374,5.1750638033172374,FRESH_HARD_VALID_P3_M1
VUE007,VALIDATION_SEEN_AFTER_V1,CONTINUATION,HELD_SAME_INPUT,COMMITTED,1,0,0,0,1,1,0,0,GQSC_V3_MAIN_LEXICOGRAPHIC_RIGHT_27f98bf62a6b2b58,27f98bf62a6b2b58,27f98bf62a6b2b58,60,NONE,nan,nan,ORIGINAL_MANEUVER_COMMITTED_CURRENT_HARD_VALID
VUE007,VALIDATION_SEEN_AFTER_V1,CONTINUATION,GUARD_FAIL_RAW_PASS,CONTINUING,1,0,0,0,1,1,0,0,GQSC_V3_MAIN_LEXICOGRAPHIC_RIGHT_27f98bf62a6b2b58,27f98bf62a6b2b58,27f98bf62a6b2b58,60,NONE,nan,nan,ORIGINAL_MANEUVER_SUFFIX_CURRENT_HARD_VALID
VUE007,VALIDATION_SEEN_AFTER_V1,CONTINUATION,OBSTACLE_DISAPPEARANCE,CONTINUING,1,0,0,0,1,1,0,0,GQSC_V3_MAIN_LEXICOGRAPHIC_RIGHT_27f98bf62a6b2b58,27f98bf62a6b2b58,27f98bf62a6b2b58,60,NONE,nan,nan,ORIGINAL_MANEUVER_SUFFIX_CURRENT_HARD_VALID
VUE007,VALIDATION_SEEN_AFTER_V1,CONTINUATION,FORWARD_TRIM,CONTINUING,1,0,0,0,1,1,0,0,GQSC_V3_MAIN_LEXICOGRAPHIC_RIGHT_27f98bf62a6b2b58,27f98bf62a6b2b58,27f98bf62a6b2b58,60,NONE,nan,nan,ORIGINAL_MANEUVER_SUFFIX_CURRENT_HARD_VALID
VUE007,VALIDATION_SEEN_AFTER_V1,CONTINUATION,COMPLETE,COMPLETE,0,0,0,1,0,0,0,0,GQSC_V3_MAIN_LEXICOGRAPHIC_RIGHT_27f98bf62a6b2b58,27f98bf62a6b2b58,NONE,0,NONE,nan,nan,EXPANDED_OBSTACLE_REGION_FULLY_PASSED
VUE007,VALIDATION_SEEN_AFTER_V1,NEW_OBSTACLE,FRESH,FRESH_SELECTED,1,1,0,0,0,1,0,1,GQSC_V3_MAIN_LEXICOGRAPHIC_RIGHT_27f98bf62a6b2b58,27f98bf62a6b2b58,27f98bf62a6b2b58,60,NONE,5.1750638033172374,5.1750638033172374,FRESH_HARD_VALID_P3_M1
VUE007,VALIDATION_SEEN_AFTER_V1,NEW_OBSTACLE,INVALIDATE_AND_FALLBACK,INVALIDATED,0,0,1,0,1,0,1,1,GQSC_V3_MAIN_LEXICOGRAPHIC_RIGHT_27f98bf62a6b2b58,27f98bf62a6b2b58,27f98bf62a6b2b58,60,NO_SAFE_PATH,nan,nan,CURRENT_RAW_OBSTACLE_COLLISION:d-offset intersects an inflated static-obstacle box
VUE008,VALIDATION_SEEN_AFTER_V1,CONTINUATION,FRESH,FRESH_SELECTED,1,1,0,0,0,1,0,1,GQSC_V3_MAIN_LEXICOGRAPHIC_RIGHT_fe77a7df463e3d24,fe77a7df463e3d24,fe77a7df463e3d24,60,NONE,5.1743349226890842,5.1743349226890842,FRESH_HARD_VALID_P3_M1
VUE008,VALIDATION_SEEN_AFTER_V1,CONTINUATION,HELD_SAME_INPUT,COMMITTED,1,0,0,0,1,1,0,0,GQSC_V3_MAIN_LEXICOGRAPHIC_RIGHT_fe77a7df463e3d24,fe77a7df463e3d24,fe77a7df463e3d24,60,NONE,nan,nan,ORIGINAL_MANEUVER_COMMITTED_CURRENT_HARD_VALID
VUE008,VALIDATION_SEEN_AFTER_V1,CONTINUATION,GUARD_FAIL_RAW_PASS,CONTINUING,1,0,0,0,1,1,0,0,GQSC_V3_MAIN_LEXICOGRAPHIC_RIGHT_fe77a7df463e3d24,fe77a7df463e3d24,fe77a7df463e3d24,60,NONE,nan,nan,ORIGINAL_MANEUVER_SUFFIX_CURRENT_HARD_VALID
VUE008,VALIDATION_SEEN_AFTER_V1,CONTINUATION,OBSTACLE_DISAPPEARANCE,CONTINUING,1,0,0,0,1,1,0,0,GQSC_V3_MAIN_LEXICOGRAPHIC_RIGHT_fe77a7df463e3d24,fe77a7df463e3d24,fe77a7df463e3d24,60,NONE,nan,nan,ORIGINAL_MANEUVER_SUFFIX_CURRENT_HARD_VALID
VUE008,VALIDATION_SEEN_AFTER_V1,CONTINUATION,FORWARD_TRIM,CONTINUING,1,0,0,0,1,1,0,0,GQSC_V3_MAIN_LEXICOGRAPHIC_RIGHT_fe77a7df463e3d24,fe77a7df463e3d24,fe77a7df463e3d24,60,NONE,nan,nan,ORIGINAL_MANEUVER_SUFFIX_CURRENT_HARD_VALID
VUE008,VALIDATION_SEEN_AFTER_V1,CONTINUATION,COMPLETE,COMPLETE,0,0,0,1,0,0,0,0,GQSC_V3_MAIN_LEXICOGRAPHIC_RIGHT_fe77a7df463e3d24,fe77a7df463e3d24,NONE,0,NONE,nan,nan,EXPANDED_OBSTACLE_REGION_FULLY_PASSED
VUE008,VALIDATION_SEEN_AFTER_V1,NEW_OBSTACLE,FRESH,FRESH_SELECTED,1,1,0,0,0,1,0,1,GQSC_V3_MAIN_LEXICOGRAPHIC_RIGHT_fe77a7df463e3d24,fe77a7df463e3d24,fe77a7df463e3d24,60,NONE,5.1743349226890842,5.1743349226890842,FRESH_HARD_VALID_P3_M1
VUE008,VALIDATION_SEEN_AFTER_V1,NEW_OBSTACLE,INVALIDATE_AND_FALLBACK,INVALIDATED,0,0,1,0,1,0,1,1,GQSC_V3_MAIN_LEXICOGRAPHIC_RIGHT_fe77a7df463e3d24,fe77a7df463e3d24,fe77a7df463e3d24,60,NO_SAFE_PATH,nan,nan,CURRENT_RAW_OBSTACLE_COLLISION:d-offset intersects an inflated static-obstacle box
VUE009,VALIDATION_SEEN_AFTER_V1,NOT_ELIGIBLE,SKIP,IDLE,0,0,0,0,0,0,0,0,NONE,NONE,NONE,0,NONE,nan,nan,NO_FROZEN_HARD_VALID:GQSC_V3_FROZEN_ENTRY
VUE010,VALIDATION_SEEN_AFTER_V1,NOT_ELIGIBLE,SKIP,IDLE,0,0,0,0,0,0,0,0,NONE,NONE,NONE,0,NONE,nan,nan,NO_FROZEN_HARD_VALID:GQSC_V3_FROZEN_ENTRY
VUE011,VALIDATION_SEEN_AFTER_V1,CONTINUATION,FRESH,IDLE,0,0,0,0,0,0,0,1,NONE,NONE,NONE,0,NONE,3.1469720450643544,5.6584520767636448,FRESH_RAW_EXACT_HARD_INVALID:d-offset intersects an inflated static-obstacle box
VUE012,VALIDATION_SEEN_AFTER_V1,NOT_ELIGIBLE,SKIP,IDLE,0,0,0,0,0,0,0,0,NONE,NONE,NONE,0,NONE,nan,nan,NO_FROZEN_HARD_VALID:GQSC_V3_FROZEN_ENTRY
VUE013,VALIDATION_SEEN_AFTER_V1,CONTINUATION,FRESH,IDLE,0,0,0,0,0,0,0,1,NONE,NONE,NONE,0,NONE,2.9612179716075633,5.6581294755157092,FRESH_RAW_EXACT_HARD_INVALID:d-offset intersects an inflated static-obstacle box
VUE014,VALIDATION_SEEN_AFTER_V1,NOT_ELIGIBLE,SKIP,IDLE,0,0,0,0,0,0,0,0,NONE,NONE,NONE,0,NONE,nan,nan,NO_FROZEN_HARD_VALID:GQSC_V3_FROZEN_ENTRY
VUE015,VALIDATION_SEEN_AFTER_V1,NOT_ELIGIBLE,SKIP,IDLE,0,0,0,0,0,0,0,0,NONE,NONE,NONE,0,NONE,nan,nan,NO_FROZEN_HARD_VALID:GQSC_V3_FROZEN_ENTRY
VUE016,VALIDATION_SEEN_AFTER_V1,NOT_ELIGIBLE,SKIP,IDLE,0,0,0,0,0,0,0,0,NONE,NONE,NONE,0,NONE,nan,nan,NO_FROZEN_HARD_VALID:GQSC_V3_FROZEN_ENTRY
VUE017,VALIDATION_SEEN_AFTER_V1,NOT_ELIGIBLE,SKIP,IDLE,0,0,0,0,0,0,0,0,NONE,NONE,NONE,0,NONE,nan,nan,NO_FROZEN_HARD_VALID:GQSC_V3_FROZEN_ENTRY
VUE018,VALIDATION_SEEN_AFTER_V1,CONTINUATION,FRESH,FRESH_SELECTED,1,1,0,0,0,1,0,1,GQSC_V3_MAIN_LEXICOGRAPHIC_RIGHT_98ccabf32fa2e493,98ccabf32fa2e493,98ccabf32fa2e493,36,NONE,5.2432932923444895,5.2432932923444895,FRESH_HARD_VALID_P3_M1
VUE018,VALIDATION_SEEN_AFTER_V1,CONTINUATION,HELD_SAME_INPUT,COMMITTED,1,0,0,0,1,1,0,0,GQSC_V3_MAIN_LEXICOGRAPHIC_RIGHT_98ccabf32fa2e493,98ccabf32fa2e493,98ccabf32fa2e493,36,NONE,nan,nan,ORIGINAL_MANEUVER_COMMITTED_CURRENT_HARD_VALID
VUE018,VALIDATION_SEEN_AFTER_V1,CONTINUATION,GUARD_FAIL_RAW_PASS,CONTINUING,1,0,0,0,1,1,0,0,GQSC_V3_MAIN_LEXICOGRAPHIC_RIGHT_98ccabf32fa2e493,98ccabf32fa2e493,98ccabf32fa2e493,36,NONE,nan,nan,ORIGINAL_MANEUVER_SUFFIX_CURRENT_HARD_VALID
VUE018,VALIDATION_SEEN_AFTER_V1,CONTINUATION,OBSTACLE_DISAPPEARANCE,CONTINUING,1,0,0,0,1,1,0,0,GQSC_V3_MAIN_LEXICOGRAPHIC_RIGHT_98ccabf32fa2e493,98ccabf32fa2e493,98ccabf32fa2e493,36,NONE,nan,nan,ORIGINAL_MANEUVER_SUFFIX_CURRENT_HARD_VALID
VUE018,VALIDATION_SEEN_AFTER_V1,CONTINUATION,FORWARD_TRIM,CONTINUING,1,0,0,0,1,1,0,0,GQSC_V3_MAIN_LEXICOGRAPHIC_RIGHT_98ccabf32fa2e493,98ccabf32fa2e493,98ccabf32fa2e493,36,NONE,nan,nan,ORIGINAL_MANEUVER_SUFFIX_CURRENT_HARD_VALID
VUE018,VALIDATION_SEEN_AFTER_V1,CONTINUATION,COMPLETE,COMPLETE,0,0,0,1,0,0,0,0,GQSC_V3_MAIN_LEXICOGRAPHIC_RIGHT_98ccabf32fa2e493,98ccabf32fa2e493,NONE,0,NONE,nan,nan,EXPANDED_OBSTACLE_REGION_FULLY_PASSED
VUE018,VALIDATION_SEEN_AFTER_V1,NEW_OBSTACLE,FRESH,FRESH_SELECTED,1,1,0,0,0,1,0,1,GQSC_V3_MAIN_LEXICOGRAPHIC_RIGHT_98ccabf32fa2e493,98ccabf32fa2e493,98ccabf32fa2e493,36,NONE,5.2432932923444895,5.2432932923444895,FRESH_HARD_VALID_P3_M1
VUE018,VALIDATION_SEEN_AFTER_V1,NEW_OBSTACLE,INVALIDATE_AND_FALLBACK,INVALIDATED,0,0,1,0,1,0,1,1,GQSC_V3_MAIN_LEXICOGRAPHIC_RIGHT_98ccabf32fa2e493,98ccabf32fa2e493,98ccabf32fa2e493,36,NO_SAFE_PATH,nan,nan,CURRENT_RAW_OBSTACLE_COLLISION:d-offset intersects an inflated static-obstacle box
VUE019,VALIDATION_SEEN_AFTER_V1,NOT_ELIGIBLE,SKIP,IDLE,0,0,0,0,0,0,0,0,NONE,NONE,NONE,0,NONE,nan,nan,NO_FROZEN_HARD_VALID:GQSC_V3_FROZEN_ENTRY
VUE020,VALIDATION_SEEN_AFTER_V1,CONTINUATION,FRESH,FRESH_SELECTED,1,1,0,0,0,1,0,1,GQSC_V3_MAIN_LEXICOGRAPHIC_LEFT_814707825e82708f,814707825e82708f,814707825e82708f,33,NONE,5.2782752977174461,5.2782752977174461,FRESH_HARD_VALID_P3_M1
VUE020,VALIDATION_SEEN_AFTER_V1,CONTINUATION,HELD_SAME_INPUT,COMMITTED,1,0,0,0,1,1,0,0,GQSC_V3_MAIN_LEXICOGRAPHIC_LEFT_814707825e82708f,814707825e82708f,814707825e82708f,33,NONE,nan,nan,ORIGINAL_MANEUVER_COMMITTED_CURRENT_HARD_VALID
VUE020,VALIDATION_SEEN_AFTER_V1,CONTINUATION,GUARD_FAIL_RAW_PASS,CONTINUING,1,0,0,0,1,1,1,1,GQSC_V3_MAIN_LEXICOGRAPHIC_LEFT_814707825e82708f,814707825e82708f,814707825e82708f,33,NONE,nan,nan,GUARD_SOFT_OBSTACLE_VIOLATION_PENDING_RAW_HARD_VALID
VUE020,VALIDATION_SEEN_AFTER_V1,CONTINUATION,OBSTACLE_DISAPPEARANCE,CONTINUING,1,0,0,0,1,1,0,0,GQSC_V3_MAIN_LEXICOGRAPHIC_LEFT_814707825e82708f,814707825e82708f,814707825e82708f,33,NONE,nan,nan,ORIGINAL_MANEUVER_SUFFIX_CURRENT_HARD_VALID
VUE020,VALIDATION_SEEN_AFTER_V1,CONTINUATION,FORWARD_TRIM,CONTINUING,1,0,0,0,1,1,0,0,GQSC_V3_MAIN_LEXICOGRAPHIC_LEFT_814707825e82708f,814707825e82708f,814707825e82708f,33,NONE,nan,nan,ORIGINAL_MANEUVER_SUFFIX_CURRENT_HARD_VALID
VUE020,VALIDATION_SEEN_AFTER_V1,CONTINUATION,COMPLETE,COMPLETE,0,0,0,1,0,0,0,0,GQSC_V3_MAIN_LEXICOGRAPHIC_LEFT_814707825e82708f,814707825e82708f,NONE,0,NONE,nan,nan,EXPANDED_OBSTACLE_REGION_FULLY_PASSED
VUE020,VALIDATION_SEEN_AFTER_V1,NEW_OBSTACLE,FRESH,FRESH_SELECTED,1,1,0,0,0,1,0,1,GQSC_V3_MAIN_LEXICOGRAPHIC_LEFT_814707825e82708f,814707825e82708f,814707825e82708f,33,NONE,5.2782752977174461,5.2782752977174461,FRESH_HARD_VALID_P3_M1
VUE020,VALIDATION_SEEN_AFTER_V1,NEW_OBSTACLE,INVALIDATE_AND_FALLBACK,INVALIDATED,0,0,1,0,1,0,1,1,GQSC_V3_MAIN_LEXICOGRAPHIC_LEFT_814707825e82708f,814707825e82708f,814707825e82708f,33,NO_SAFE_PATH,nan,nan,CURRENT_RAW_OBSTACLE_COLLISION:d-offset intersects an inflated static-obstacle box
VUE021,VALIDATION_SEEN_AFTER_V1,NOT_ELIGIBLE,SKIP,IDLE,0,0,0,0,0,0,0,0,NONE,NONE,NONE,0,NONE,nan,nan,NO_FROZEN_HARD_VALID:GQSC_V3_FROZEN_ENTRY
VUE022,VALIDATION_SEEN_AFTER_V1,NOT_ELIGIBLE,SKIP,IDLE,0,0,0,0,0,0,0,0,NONE,NONE,NONE,0,NONE,nan,nan,NO_FROZEN_HARD_VALID:GQSC_V3_FROZEN_ENTRY
VUE023,VALIDATION_SEEN_AFTER_V1,CONTINUATION,FRESH,FRESH_SELECTED,1,1,0,0,0,1,0,1,GQSC_V3_MAIN_LEXICOGRAPHIC_RIGHT_f274578ba525e6e8,f274578ba525e6e8,f274578ba525e6e8,60,NONE,5.2462109123723719,5.2462109123723719,FRESH_HARD_VALID_P3_M1
VUE023,VALIDATION_SEEN_AFTER_V1,CONTINUATION,HELD_SAME_INPUT,COMMITTED,1,0,0,0,1,1,0,0,GQSC_V3_MAIN_LEXICOGRAPHIC_RIGHT_f274578ba525e6e8,f274578ba525e6e8,f274578ba525e6e8,60,NONE,nan,nan,ORIGINAL_MANEUVER_COMMITTED_CURRENT_HARD_VALID
VUE023,VALIDATION_SEEN_AFTER_V1,CONTINUATION,GUARD_FAIL_RAW_PASS,CONTINUING,1,0,0,0,1,1,1,1,GQSC_V3_MAIN_LEXICOGRAPHIC_RIGHT_f274578ba525e6e8,f274578ba525e6e8,f274578ba525e6e8,60,NONE,nan,nan,GUARD_SOFT_OBSTACLE_VIOLATION_PENDING_RAW_HARD_VALID
VUE023,VALIDATION_SEEN_AFTER_V1,CONTINUATION,OBSTACLE_DISAPPEARANCE,CONTINUING,1,0,0,0,1,1,0,0,GQSC_V3_MAIN_LEXICOGRAPHIC_RIGHT_f274578ba525e6e8,f274578ba525e6e8,f274578ba525e6e8,60,NONE,nan,nan,ORIGINAL_MANEUVER_SUFFIX_CURRENT_HARD_VALID
VUE023,VALIDATION_SEEN_AFTER_V1,CONTINUATION,FORWARD_TRIM,CONTINUING,1,0,0,0,1,1,0,0,GQSC_V3_MAIN_LEXICOGRAPHIC_RIGHT_f274578ba525e6e8,f274578ba525e6e8,f274578ba525e6e8,60,NONE,nan,nan,ORIGINAL_MANEUVER_SUFFIX_CURRENT_HARD_VALID
VUE023,VALIDATION_SEEN_AFTER_V1,CONTINUATION,COMPLETE,COMPLETE,0,0,0,1,0,0,0,0,GQSC_V3_MAIN_LEXICOGRAPHIC_RIGHT_f274578ba525e6e8,f274578ba525e6e8,NONE,0,NONE,nan,nan,EXPANDED_OBSTACLE_REGION_FULLY_PASSED
VUE023,VALIDATION_SEEN_AFTER_V1,NEW_OBSTACLE,FRESH,FRESH_SELECTED,1,1,0,0,0,1,0,1,GQSC_V3_MAIN_LEXICOGRAPHIC_RIGHT_f274578ba525e6e8,f274578ba525e6e8,f274578ba525e6e8,60,NONE,5.2462109123723719,5.2462109123723719,FRESH_HARD_VALID_P3_M1
VUE023,VALIDATION_SEEN_AFTER_V1,NEW_OBSTACLE,INVALIDATE_AND_FALLBACK,INVALIDATED,0,0,1,0,1,0,1,1,GQSC_V3_MAIN_LEXICOGRAPHIC_RIGHT_f274578ba525e6e8,f274578ba525e6e8,f274578ba525e6e8,60,NO_SAFE_PATH,nan,nan,CURRENT_RAW_OBSTACLE_COLLISION:d-offset intersects an inflated static-obstacle box
VUE024,VALIDATION_SEEN_AFTER_V1,CONTINUATION,FRESH,FRESH_SELECTED,1,1,0,0,0,1,0,1,GQSC_V3_MAIN_LEXICOGRAPHIC_RIGHT_f77c9862d84a366d,f77c9862d84a366d,f77c9862d84a366d,60,NONE,5.3119764560668568,5.3119764560668568,FRESH_HARD_VALID_P3_M1
VUE024,VALIDATION_SEEN_AFTER_V1,CONTINUATION,HELD_SAME_INPUT,COMMITTED,1,0,0,0,1,1,0,0,GQSC_V3_MAIN_LEXICOGRAPHIC_RIGHT_f77c9862d84a366d,f77c9862d84a366d,f77c9862d84a366d,60,NONE,nan,nan,ORIGINAL_MANEUVER_COMMITTED_CURRENT_HARD_VALID
VUE024,VALIDATION_SEEN_AFTER_V1,CONTINUATION,GUARD_FAIL_RAW_PASS,CONTINUING,1,0,0,0,1,1,1,1,GQSC_V3_MAIN_LEXICOGRAPHIC_RIGHT_f77c9862d84a366d,f77c9862d84a366d,f77c9862d84a366d,60,NONE,nan,nan,GUARD_SOFT_OBSTACLE_VIOLATION_PENDING_RAW_HARD_VALID
VUE024,VALIDATION_SEEN_AFTER_V1,CONTINUATION,OBSTACLE_DISAPPEARANCE,CONTINUING,1,0,0,0,1,1,0,0,GQSC_V3_MAIN_LEXICOGRAPHIC_RIGHT_f77c9862d84a366d,f77c9862d84a366d,f77c9862d84a366d,60,NONE,nan,nan,ORIGINAL_MANEUVER_SUFFIX_CURRENT_HARD_VALID
VUE024,VALIDATION_SEEN_AFTER_V1,CONTINUATION,FORWARD_TRIM,CONTINUING,1,0,0,0,1,1,0,0,GQSC_V3_MAIN_LEXICOGRAPHIC_RIGHT_f77c9862d84a366d,f77c9862d84a366d,f77c9862d84a366d,60,NONE,nan,nan,ORIGINAL_MANEUVER_SUFFIX_CURRENT_HARD_VALID
VUE024,VALIDATION_SEEN_AFTER_V1,CONTINUATION,COMPLETE,COMPLETE,0,0,0,1,0,0,0,0,GQSC_V3_MAIN_LEXICOGRAPHIC_RIGHT_f77c9862d84a366d,f77c9862d84a366d,NONE,0,NONE,nan,nan,EXPANDED_OBSTACLE_REGION_FULLY_PASSED
VUE024,VALIDATION_SEEN_AFTER_V1,NEW_OBSTACLE,FRESH,FRESH_SELECTED,1,1,0,0,0,1,0,1,GQSC_V3_MAIN_LEXICOGRAPHIC_RIGHT_f77c9862d84a366d,f77c9862d84a366d,f77c9862d84a366d,60,NONE,5.3119764560668568,5.3119764560668568,FRESH_HARD_VALID_P3_M1
VUE024,VALIDATION_SEEN_AFTER_V1,NEW_OBSTACLE,INVALIDATE_AND_FALLBACK,INVALIDATED,0,0,1,0,1,0,1,1,GQSC_V3_MAIN_LEXICOGRAPHIC_RIGHT_f77c9862d84a366d,f77c9862d84a366d,f77c9862d84a366d,60,NO_SAFE_PATH,nan,nan,CURRENT_RAW_OBSTACLE_COLLISION:d-offset intersects an inflated static-obstacle box
VUE025,VALIDATION_SEEN_AFTER_V1,CONTINUATION,FRESH,FRESH_SELECTED,1,1,0,0,0,1,0,1,GQSC_V3_MAIN_LEXICOGRAPHIC_LEFT_90d5749d559fb39c,90d5749d559fb39c,90d5749d559fb39c,110,NONE,3.0603233728849122,5.7589153732578042,FRESH_HARD_VALID_P3_M1
VUE025,VALIDATION_SEEN_AFTER_V1,CONTINUATION,HELD_SAME_INPUT,COMMITTED,1,0,0,0,1,1,0,0,GQSC_V3_MAIN_LEXICOGRAPHIC_LEFT_90d5749d559fb39c,90d5749d559fb39c,8607a9be358b9c63,93,NONE,nan,nan,ORIGINAL_MANEUVER_COMMITTED_CURRENT_HARD_VALID
VUE025,VALIDATION_SEEN_AFTER_V1,CONTINUATION,GUARD_FAIL_RAW_PASS,CONTINUING,1,0,0,0,1,1,1,1,GQSC_V3_MAIN_LEXICOGRAPHIC_LEFT_90d5749d559fb39c,90d5749d559fb39c,8607a9be358b9c63,93,NONE,nan,nan,GUARD_SOFT_OBSTACLE_VIOLATION_PENDING_RAW_HARD_VALID
VUE025,VALIDATION_SEEN_AFTER_V1,CONTINUATION,OBSTACLE_DISAPPEARANCE,CONTINUING,1,0,0,0,1,1,0,0,GQSC_V3_MAIN_LEXICOGRAPHIC_LEFT_90d5749d559fb39c,90d5749d559fb39c,8607a9be358b9c63,93,NONE,nan,nan,ORIGINAL_MANEUVER_SUFFIX_CURRENT_HARD_VALID
VUE025,VALIDATION_SEEN_AFTER_V1,CONTINUATION,FORWARD_TRIM,CONTINUING,1,0,0,0,1,1,0,0,GQSC_V3_MAIN_LEXICOGRAPHIC_LEFT_90d5749d559fb39c,90d5749d559fb39c,e250a9688214b605,93,NONE,nan,nan,ORIGINAL_MANEUVER_SUFFIX_CURRENT_HARD_VALID
VUE025,VALIDATION_SEEN_AFTER_V1,CONTINUATION,COMPLETE,COMPLETE,0,0,0,1,0,0,0,0,GQSC_V3_MAIN_LEXICOGRAPHIC_LEFT_90d5749d559fb39c,90d5749d559fb39c,NONE,0,NONE,nan,nan,EXPANDED_OBSTACLE_REGION_FULLY_PASSED
VUE025,VALIDATION_SEEN_AFTER_V1,NEW_OBSTACLE,FRESH,FRESH_SELECTED,1,1,0,0,0,1,0,1,GQSC_V3_MAIN_LEXICOGRAPHIC_LEFT_90d5749d559fb39c,90d5749d559fb39c,90d5749d559fb39c,110,NONE,3.0603233728849122,5.7589153732578042,FRESH_HARD_VALID_P3_M1
VUE025,VALIDATION_SEEN_AFTER_V1,NEW_OBSTACLE,INVALIDATE_AND_FALLBACK,INVALIDATED,0,0,1,0,1,0,1,1,GQSC_V3_MAIN_LEXICOGRAPHIC_LEFT_90d5749d559fb39c,90d5749d559fb39c,8607a9be358b9c63,93,NO_SAFE_PATH,nan,nan,CURRENT_RAW_OBSTACLE_COLLISION:d-offset intersects an inflated static-obstacle box
VUE026,VALIDATION_SEEN_AFTER_V1,CONTINUATION,FRESH,FRESH_SELECTED,1,1,0,0,0,1,0,1,GQSC_V3_MAIN_LEXICOGRAPHIC_RIGHT_3c2c2e8b167ff096,3c2c2e8b167ff096,3c2c2e8b167ff096,27,NONE,5.1535108541817003,5.1535108541817003,FRESH_HARD_VALID_P3_M1
VUE026,VALIDATION_SEEN_AFTER_V1,CONTINUATION,HELD_SAME_INPUT,COMMITTED,1,0,0,0,1,1,0,0,GQSC_V3_MAIN_LEXICOGRAPHIC_RIGHT_3c2c2e8b167ff096,3c2c2e8b167ff096,3c2c2e8b167ff096,27,NONE,nan,nan,ORIGINAL_MANEUVER_COMMITTED_CURRENT_HARD_VALID
VUE026,VALIDATION_SEEN_AFTER_V1,CONTINUATION,GUARD_FAIL_RAW_PASS,CONTINUING,1,0,0,0,1,1,0,0,GQSC_V3_MAIN_LEXICOGRAPHIC_RIGHT_3c2c2e8b167ff096,3c2c2e8b167ff096,3c2c2e8b167ff096,27,NONE,nan,nan,ORIGINAL_MANEUVER_SUFFIX_CURRENT_HARD_VALID
VUE026,VALIDATION_SEEN_AFTER_V1,CONTINUATION,OBSTACLE_DISAPPEARANCE,CONTINUING,1,0,0,0,1,1,0,0,GQSC_V3_MAIN_LEXICOGRAPHIC_RIGHT_3c2c2e8b167ff096,3c2c2e8b167ff096,3c2c2e8b167ff096,27,NONE,nan,nan,ORIGINAL_MANEUVER_SUFFIX_CURRENT_HARD_VALID
VUE026,VALIDATION_SEEN_AFTER_V1,CONTINUATION,FORWARD_TRIM,CONTINUING,1,0,0,0,1,1,0,0,GQSC_V3_MAIN_LEXICOGRAPHIC_RIGHT_3c2c2e8b167ff096,3c2c2e8b167ff096,3c2c2e8b167ff096,27,NONE,nan,nan,ORIGINAL_MANEUVER_SUFFIX_CURRENT_HARD_VALID
VUE026,VALIDATION_SEEN_AFTER_V1,CONTINUATION,COMPLETE,COMPLETE,0,0,0,1,0,0,0,0,GQSC_V3_MAIN_LEXICOGRAPHIC_RIGHT_3c2c2e8b167ff096,3c2c2e8b167ff096,NONE,0,NONE,nan,nan,EXPANDED_OBSTACLE_REGION_FULLY_PASSED
VUE026,VALIDATION_SEEN_AFTER_V1,NEW_OBSTACLE,FRESH,FRESH_SELECTED,1,1,0,0,0,1,0,1,GQSC_V3_MAIN_LEXICOGRAPHIC_RIGHT_3c2c2e8b167ff096,3c2c2e8b167ff096,3c2c2e8b167ff096,27,NONE,5.1535108541817003,5.1535108541817003,FRESH_HARD_VALID_P3_M1
VUE026,VALIDATION_SEEN_AFTER_V1,NEW_OBSTACLE,INVALIDATE_AND_FALLBACK,INVALIDATED,0,0,1,0,1,0,1,1,GQSC_V3_MAIN_LEXICOGRAPHIC_RIGHT_3c2c2e8b167ff096,3c2c2e8b167ff096,3c2c2e8b167ff096,27,NO_SAFE_PATH,nan,nan,CURRENT_RAW_OBSTACLE_COLLISION:d-offset intersects an inflated static-obstacle box
VUE027,VALIDATION_SEEN_AFTER_V1,CONTINUATION,FRESH,FRESH_SELECTED,1,1,0,0,0,1,0,1,GQSC_V3_MAIN_LEXICOGRAPHIC_RIGHT_d54c29b3b77176ad,d54c29b3b77176ad,d54c29b3b77176ad,60,NONE,5.150824177066796,5.150824177066796,FRESH_HARD_VALID_P3_M1
VUE027,VALIDATION_SEEN_AFTER_V1,CONTINUATION,HELD_SAME_INPUT,COMMITTED,1,0,0,0,1,1,0,0,GQSC_V3_MAIN_LEXICOGRAPHIC_RIGHT_d54c29b3b77176ad,d54c29b3b77176ad,d54c29b3b77176ad,60,NONE,nan,nan,ORIGINAL_MANEUVER_COMMITTED_CURRENT_HARD_VALID
VUE027,VALIDATION_SEEN_AFTER_V1,CONTINUATION,GUARD_FAIL_RAW_PASS,CONTINUING,1,0,0,0,1,1,0,0,GQSC_V3_MAIN_LEXICOGRAPHIC_RIGHT_d54c29b3b77176ad,d54c29b3b77176ad,d54c29b3b77176ad,60,NONE,nan,nan,ORIGINAL_MANEUVER_SUFFIX_CURRENT_HARD_VALID
VUE027,VALIDATION_SEEN_AFTER_V1,CONTINUATION,OBSTACLE_DISAPPEARANCE,CONTINUING,1,0,0,0,1,1,0,0,GQSC_V3_MAIN_LEXICOGRAPHIC_RIGHT_d54c29b3b77176ad,d54c29b3b77176ad,d54c29b3b77176ad,60,NONE,nan,nan,ORIGINAL_MANEUVER_SUFFIX_CURRENT_HARD_VALID
VUE027,VALIDATION_SEEN_AFTER_V1,CONTINUATION,FORWARD_TRIM,CONTINUING,1,0,0,0,1,1,0,0,GQSC_V3_MAIN_LEXICOGRAPHIC_RIGHT_d54c29b3b77176ad,d54c29b3b77176ad,d54c29b3b77176ad,60,NONE,nan,nan,ORIGINAL_MANEUVER_SUFFIX_CURRENT_HARD_VALID
VUE027,VALIDATION_SEEN_AFTER_V1,CONTINUATION,COMPLETE,COMPLETE,0,0,0,1,0,0,0,0,GQSC_V3_MAIN_LEXICOGRAPHIC_RIGHT_d54c29b3b77176ad,d54c29b3b77176ad,NONE,0,NONE,nan,nan,EXPANDED_OBSTACLE_REGION_FULLY_PASSED
VUE027,VALIDATION_SEEN_AFTER_V1,NEW_OBSTACLE,FRESH,FRESH_SELECTED,1,1,0,0,0,1,0,1,GQSC_V3_MAIN_LEXICOGRAPHIC_RIGHT_d54c29b3b77176ad,d54c29b3b77176ad,d54c29b3b77176ad,60,NONE,5.150824177066796,5.150824177066796,FRESH_HARD_VALID_P3_M1
VUE027,VALIDATION_SEEN_AFTER_V1,NEW_OBSTACLE,INVALIDATE_AND_FALLBACK,INVALIDATED,0,0,1,0,1,0,1,1,GQSC_V3_MAIN_LEXICOGRAPHIC_RIGHT_d54c29b3b77176ad,d54c29b3b77176ad,d54c29b3b77176ad,60,NO_SAFE_PATH,nan,nan,CURRENT_RAW_OBSTACLE_COLLISION:d-offset intersects an inflated static-obstacle box
VUE028,VALIDATION_SEEN_AFTER_V1,CONTINUATION,FRESH,FRESH_SELECTED,1,1,0,0,0,1,0,1,GQSC_V3_MAIN_LEXICOGRAPHIC_RIGHT_c5befcfebed2d72d,c5befcfebed2d72d,c5befcfebed2d72d,60,NONE,5.092451095424309,5.1775781781472521,FRESH_HARD_VALID_P3_M1
VUE028,VALIDATION_SEEN_AFTER_V1,CONTINUATION,HELD_SAME_INPUT,COMMITTED,1,0,0,0,1,1,0,0,GQSC_V3_MAIN_LEXICOGRAPHIC_RIGHT_c5befcfebed2d72d,c5befcfebed2d72d,c5befcfebed2d72d,60,NONE,nan,nan,ORIGINAL_MANEUVER_COMMITTED_CURRENT_HARD_VALID
VUE028,VALIDATION_SEEN_AFTER_V1,CONTINUATION,GUARD_FAIL_RAW_PASS,CONTINUING,1,0,0,0,1,1,0,0,GQSC_V3_MAIN_LEXICOGRAPHIC_RIGHT_c5befcfebed2d72d,c5befcfebed2d72d,c5befcfebed2d72d,60,NONE,nan,nan,ORIGINAL_MANEUVER_SUFFIX_CURRENT_HARD_VALID
VUE028,VALIDATION_SEEN_AFTER_V1,CONTINUATION,OBSTACLE_DISAPPEARANCE,CONTINUING,1,0,0,0,1,1,0,0,GQSC_V3_MAIN_LEXICOGRAPHIC_RIGHT_c5befcfebed2d72d,c5befcfebed2d72d,c5befcfebed2d72d,60,NONE,nan,nan,ORIGINAL_MANEUVER_SUFFIX_CURRENT_HARD_VALID
VUE028,VALIDATION_SEEN_AFTER_V1,CONTINUATION,FORWARD_TRIM,CONTINUING,1,0,0,0,1,1,0,0,GQSC_V3_MAIN_LEXICOGRAPHIC_RIGHT_c5befcfebed2d72d,c5befcfebed2d72d,c5befcfebed2d72d,60,NONE,nan,nan,ORIGINAL_MANEUVER_SUFFIX_CURRENT_HARD_VALID
VUE028,VALIDATION_SEEN_AFTER_V1,CONTINUATION,COMPLETE,COMPLETE,0,0,0,1,0,0,0,0,GQSC_V3_MAIN_LEXICOGRAPHIC_RIGHT_c5befcfebed2d72d,c5befcfebed2d72d,NONE,0,NONE,nan,nan,EXPANDED_OBSTACLE_REGION_FULLY_PASSED
VUE028,VALIDATION_SEEN_AFTER_V1,NEW_OBSTACLE,FRESH,FRESH_SELECTED,1,1,0,0,0,1,0,1,GQSC_V3_MAIN_LEXICOGRAPHIC_RIGHT_c5befcfebed2d72d,c5befcfebed2d72d,c5befcfebed2d72d,60,NONE,5.092451095424309,5.1775781781472521,FRESH_HARD_VALID_P3_M1
VUE028,VALIDATION_SEEN_AFTER_V1,NEW_OBSTACLE,INVALIDATE_AND_FALLBACK,INVALIDATED,0,0,1,0,1,0,1,1,GQSC_V3_MAIN_LEXICOGRAPHIC_RIGHT_c5befcfebed2d72d,c5befcfebed2d72d,c5befcfebed2d72d,60,NO_SAFE_PATH,nan,nan,CURRENT_RAW_OBSTACLE_COLLISION:d-offset intersects an inflated static-obstacle box
VUE029,VALIDATION_SEEN_AFTER_V1,NOT_ELIGIBLE,SKIP,IDLE,0,0,0,0,0,0,0,0,NONE,NONE,NONE,0,NONE,nan,nan,NO_FROZEN_HARD_VALID:GQSC_V3_FROZEN_ENTRY
VUE030,VALIDATION_SEEN_AFTER_V1,CONTINUATION,FRESH,FRESH_SELECTED,1,1,0,0,0,1,0,1,GQSC_V3_MAIN_LEXICOGRAPHIC_RIGHT_b8731f9e01f2fd83,b8731f9e01f2fd83,b8731f9e01f2fd83,95,NONE,5.1761716531646798,5.1761716531646798,FRESH_HARD_VALID_P3_M1
VUE030,VALIDATION_SEEN_AFTER_V1,CONTINUATION,HELD_SAME_INPUT,COMMITTED,1,0,0,0,1,1,0,0,GQSC_V3_MAIN_LEXICOGRAPHIC_RIGHT_b8731f9e01f2fd83,b8731f9e01f2fd83,0b92c90e29f4bafa,93,NONE,nan,nan,ORIGINAL_MANEUVER_COMMITTED_CURRENT_HARD_VALID
VUE030,VALIDATION_SEEN_AFTER_V1,CONTINUATION,GUARD_FAIL_RAW_PASS,CONTINUING,1,0,0,0,1,1,0,0,GQSC_V3_MAIN_LEXICOGRAPHIC_RIGHT_b8731f9e01f2fd83,b8731f9e01f2fd83,0b92c90e29f4bafa,93,NONE,nan,nan,ORIGINAL_MANEUVER_SUFFIX_CURRENT_HARD_VALID
VUE030,VALIDATION_SEEN_AFTER_V1,CONTINUATION,OBSTACLE_DISAPPEARANCE,CONTINUING,1,0,0,0,1,1,0,0,GQSC_V3_MAIN_LEXICOGRAPHIC_RIGHT_b8731f9e01f2fd83,b8731f9e01f2fd83,0b92c90e29f4bafa,93,NONE,nan,nan,ORIGINAL_MANEUVER_SUFFIX_CURRENT_HARD_VALID
VUE030,VALIDATION_SEEN_AFTER_V1,CONTINUATION,FORWARD_TRIM,CONTINUING,1,0,0,0,1,1,0,0,GQSC_V3_MAIN_LEXICOGRAPHIC_RIGHT_b8731f9e01f2fd83,b8731f9e01f2fd83,0b92c90e29f4bafa,93,NONE,nan,nan,ORIGINAL_MANEUVER_SUFFIX_CURRENT_HARD_VALID
VUE030,VALIDATION_SEEN_AFTER_V1,CONTINUATION,COMPLETE,COMPLETE,0,0,0,1,0,0,0,0,GQSC_V3_MAIN_LEXICOGRAPHIC_RIGHT_b8731f9e01f2fd83,b8731f9e01f2fd83,NONE,0,NONE,nan,nan,EXPANDED_OBSTACLE_REGION_FULLY_PASSED
VUE030,VALIDATION_SEEN_AFTER_V1,NEW_OBSTACLE,FRESH,FRESH_SELECTED,1,1,0,0,0,1,0,1,GQSC_V3_MAIN_LEXICOGRAPHIC_RIGHT_b8731f9e01f2fd83,b8731f9e01f2fd83,b8731f9e01f2fd83,95,NONE,5.1761716531646798,5.1761716531646798,FRESH_HARD_VALID_P3_M1
VUE030,VALIDATION_SEEN_AFTER_V1,NEW_OBSTACLE,INVALIDATE_AND_FALLBACK,INVALIDATED,0,0,1,0,1,0,1,1,GQSC_V3_MAIN_LEXICOGRAPHIC_RIGHT_b8731f9e01f2fd83,b8731f9e01f2fd83,0b92c90e29f4bafa,93,NO_SAFE_PATH,nan,nan,CURRENT_RAW_OBSTACLE_COLLISION:d-offset intersects an inflated static-obstacle box
VUE031,VALIDATION_SEEN_AFTER_V1,NOT_ELIGIBLE,SKIP,IDLE,0,0,0,0,0,0,0,0,NONE,NONE,NONE,0,NONE,nan,nan,NO_FROZEN_HARD_VALID:GQSC_V3_FROZEN_ENTRY
VUE032,VALIDATION_SEEN_AFTER_V1,CONTINUATION,FRESH,FRESH_SELECTED,1,1,0,0,0,1,0,1,GQSC_V3_MAIN_LEXICOGRAPHIC_RIGHT_411e0416cb3c31b9,411e0416cb3c31b9,411e0416cb3c31b9,67,NONE,6.9281213159560053,6.9281213159560053,FRESH_HARD_VALID_P3_M1
VUE032,VALIDATION_SEEN_AFTER_V1,CONTINUATION,HELD_SAME_INPUT,COMMITTED,1,0,0,0,1,1,0,0,GQSC_V3_MAIN_LEXICOGRAPHIC_RIGHT_411e0416cb3c31b9,411e0416cb3c31b9,411e0416cb3c31b9,67,NONE,nan,nan,ORIGINAL_MANEUVER_COMMITTED_CURRENT_HARD_VALID
VUE032,VALIDATION_SEEN_AFTER_V1,CONTINUATION,GUARD_FAIL_RAW_PASS,CONTINUING,1,0,0,0,1,1,1,1,GQSC_V3_MAIN_LEXICOGRAPHIC_RIGHT_411e0416cb3c31b9,411e0416cb3c31b9,411e0416cb3c31b9,67,NONE,nan,nan,GUARD_SOFT_OBSTACLE_VIOLATION_PENDING_RAW_HARD_VALID
VUE032,VALIDATION_SEEN_AFTER_V1,CONTINUATION,OBSTACLE_DISAPPEARANCE,CONTINUING,1,0,0,0,1,1,0,0,GQSC_V3_MAIN_LEXICOGRAPHIC_RIGHT_411e0416cb3c31b9,411e0416cb3c31b9,411e0416cb3c31b9,67,NONE,nan,nan,ORIGINAL_MANEUVER_SUFFIX_CURRENT_HARD_VALID
VUE032,VALIDATION_SEEN_AFTER_V1,CONTINUATION,FORWARD_TRIM,CONTINUING,1,0,0,0,1,1,0,0,GQSC_V3_MAIN_LEXICOGRAPHIC_RIGHT_411e0416cb3c31b9,411e0416cb3c31b9,5059a6fc503b2b64,66,NONE,nan,nan,ORIGINAL_MANEUVER_SUFFIX_CURRENT_HARD_VALID
VUE032,VALIDATION_SEEN_AFTER_V1,CONTINUATION,COMPLETE,COMPLETE,0,0,0,1,0,0,0,0,GQSC_V3_MAIN_LEXICOGRAPHIC_RIGHT_411e0416cb3c31b9,411e0416cb3c31b9,NONE,0,NONE,nan,nan,EXPANDED_OBSTACLE_REGION_FULLY_PASSED
VUE032,VALIDATION_SEEN_AFTER_V1,NEW_OBSTACLE,FRESH,FRESH_SELECTED,1,1,0,0,0,1,0,1,GQSC_V3_MAIN_LEXICOGRAPHIC_RIGHT_411e0416cb3c31b9,411e0416cb3c31b9,411e0416cb3c31b9,67,NONE,6.9281213159560053,6.9281213159560053,FRESH_HARD_VALID_P3_M1
VUE032,VALIDATION_SEEN_AFTER_V1,NEW_OBSTACLE,INVALIDATE_AND_FALLBACK,INVALIDATED,0,0,1,0,1,0,1,1,GQSC_V3_MAIN_LEXICOGRAPHIC_RIGHT_411e0416cb3c31b9,411e0416cb3c31b9,411e0416cb3c31b9,67,NO_SAFE_PATH,nan,nan,CURRENT_RAW_OBSTACLE_COLLISION:d-offset intersects an inflated static-obstacle box
VUE033,VALIDATION_SEEN_AFTER_V1,CONTINUATION,FRESH,FRESH_SELECTED,1,1,0,0,0,1,0,1,GQSC_V3_MAIN_LEXICOGRAPHIC_RIGHT_eadbb561675718b7,eadbb561675718b7,eadbb561675718b7,63,NONE,5.7263132416816624,5.7263132416816624,FRESH_HARD_VALID_P3_M1
VUE033,VALIDATION_SEEN_AFTER_V1,CONTINUATION,HELD_SAME_INPUT,COMMITTED,1,0,0,0,1,1,0,0,GQSC_V3_MAIN_LEXICOGRAPHIC_RIGHT_eadbb561675718b7,eadbb561675718b7,eadbb561675718b7,63,NONE,nan,nan,ORIGINAL_MANEUVER_COMMITTED_CURRENT_HARD_VALID
VUE033,VALIDATION_SEEN_AFTER_V1,CONTINUATION,GUARD_FAIL_RAW_PASS,CONTINUING,1,0,0,0,1,1,1,1,GQSC_V3_MAIN_LEXICOGRAPHIC_RIGHT_eadbb561675718b7,eadbb561675718b7,eadbb561675718b7,63,NONE,nan,nan,GUARD_SOFT_OBSTACLE_VIOLATION_PENDING_RAW_HARD_VALID
VUE033,VALIDATION_SEEN_AFTER_V1,CONTINUATION,OBSTACLE_DISAPPEARANCE,CONTINUING,1,0,0,0,1,1,0,0,GQSC_V3_MAIN_LEXICOGRAPHIC_RIGHT_eadbb561675718b7,eadbb561675718b7,eadbb561675718b7,63,NONE,nan,nan,ORIGINAL_MANEUVER_SUFFIX_CURRENT_HARD_VALID
VUE033,VALIDATION_SEEN_AFTER_V1,CONTINUATION,FORWARD_TRIM,CONTINUING,1,0,0,0,1,1,0,0,GQSC_V3_MAIN_LEXICOGRAPHIC_RIGHT_eadbb561675718b7,eadbb561675718b7,6d15add3dbb22b08,62,NONE,nan,nan,ORIGINAL_MANEUVER_SUFFIX_CURRENT_HARD_VALID
VUE033,VALIDATION_SEEN_AFTER_V1,CONTINUATION,COMPLETE,COMPLETE,0,0,0,1,0,0,0,0,GQSC_V3_MAIN_LEXICOGRAPHIC_RIGHT_eadbb561675718b7,eadbb561675718b7,NONE,0,NONE,nan,nan,EXPANDED_OBSTACLE_REGION_FULLY_PASSED
VUE033,VALIDATION_SEEN_AFTER_V1,NEW_OBSTACLE,FRESH,FRESH_SELECTED,1,1,0,0,0,1,0,1,GQSC_V3_MAIN_LEXICOGRAPHIC_RIGHT_eadbb561675718b7,eadbb561675718b7,eadbb561675718b7,63,NONE,5.7263132416816624,5.7263132416816624,FRESH_HARD_VALID_P3_M1
VUE033,VALIDATION_SEEN_AFTER_V1,NEW_OBSTACLE,INVALIDATE_AND_FALLBACK,INVALIDATED,0,0,1,0,1,0,1,1,GQSC_V3_MAIN_LEXICOGRAPHIC_RIGHT_eadbb561675718b7,eadbb561675718b7,eadbb561675718b7,63,NO_SAFE_PATH,nan,nan,CURRENT_RAW_OBSTACLE_COLLISION:d-offset intersects an inflated static-obstacle box
VUE034,VALIDATION_SEEN_AFTER_V1,CONTINUATION,FRESH,FRESH_SELECTED,1,1,0,0,0,1,0,1,GQSC_V3_MAIN_LEXICOGRAPHIC_RIGHT_4a1d8e165d26386b,4a1d8e165d26386b,4a1d8e165d26386b,28,NONE,4.2131139222211758,5.7172980164926486,FRESH_HARD_VALID_P3_M1
VUE034,VALIDATION_SEEN_AFTER_V1,CONTINUATION,HELD_SAME_INPUT,COMMITTED,1,0,0,0,1,1,0,0,GQSC_V3_MAIN_LEXICOGRAPHIC_RIGHT_4a1d8e165d26386b,4a1d8e165d26386b,4a1d8e165d26386b,28,NONE,nan,nan,ORIGINAL_MANEUVER_COMMITTED_CURRENT_HARD_VALID
VUE034,VALIDATION_SEEN_AFTER_V1,CONTINUATION,GUARD_FAIL_RAW_PASS,CONTINUING,1,0,0,0,1,1,1,1,GQSC_V3_MAIN_LEXICOGRAPHIC_RIGHT_4a1d8e165d26386b,4a1d8e165d26386b,4a1d8e165d26386b,28,NONE,nan,nan,GUARD_SOFT_OBSTACLE_VIOLATION_PENDING_RAW_HARD_VALID
VUE034,VALIDATION_SEEN_AFTER_V1,CONTINUATION,OBSTACLE_DISAPPEARANCE,CONTINUING,1,0,0,0,1,1,0,0,GQSC_V3_MAIN_LEXICOGRAPHIC_RIGHT_4a1d8e165d26386b,4a1d8e165d26386b,4a1d8e165d26386b,28,NONE,nan,nan,ORIGINAL_MANEUVER_SUFFIX_CURRENT_HARD_VALID
VUE034,VALIDATION_SEEN_AFTER_V1,CONTINUATION,FORWARD_TRIM,CONTINUING,1,0,0,0,1,1,0,0,GQSC_V3_MAIN_LEXICOGRAPHIC_RIGHT_4a1d8e165d26386b,4a1d8e165d26386b,f64cc9a52737486c,27,NONE,nan,nan,ORIGINAL_MANEUVER_SUFFIX_CURRENT_HARD_VALID
VUE034,VALIDATION_SEEN_AFTER_V1,CONTINUATION,COMPLETE,COMPLETE,0,0,0,1,0,0,0,0,GQSC_V3_MAIN_LEXICOGRAPHIC_RIGHT_4a1d8e165d26386b,4a1d8e165d26386b,NONE,0,NONE,nan,nan,EXPANDED_OBSTACLE_REGION_FULLY_PASSED
VUE034,VALIDATION_SEEN_AFTER_V1,NEW_OBSTACLE,FRESH,FRESH_SELECTED,1,1,0,0,0,1,0,1,GQSC_V3_MAIN_LEXICOGRAPHIC_RIGHT_4a1d8e165d26386b,4a1d8e165d26386b,4a1d8e165d26386b,28,NONE,4.2131139222211758,5.7172980164926486,FRESH_HARD_VALID_P3_M1
VUE034,VALIDATION_SEEN_AFTER_V1,NEW_OBSTACLE,INVALIDATE_AND_FALLBACK,INVALIDATED,0,0,1,0,1,0,1,1,GQSC_V3_MAIN_LEXICOGRAPHIC_RIGHT_4a1d8e165d26386b,4a1d8e165d26386b,4a1d8e165d26386b,28,NO_SAFE_PATH,nan,nan,CURRENT_RAW_OBSTACLE_COLLISION:d-offset intersects an inflated static-obstacle box
VUE035,VALIDATION_SEEN_AFTER_V1,NOT_ELIGIBLE,SKIP,IDLE,0,0,0,0,0,0,0,0,NONE,NONE,NONE,0,NONE,nan,nan,NO_FROZEN_HARD_VALID:GQSC_V3_FROZEN_ENTRY
VUE036,VALIDATION_SEEN_AFTER_V1,CONTINUATION,FRESH,FRESH_SELECTED,1,1,0,0,0,1,0,1,GQSC_V3_MAIN_LEXICOGRAPHIC_RIGHT_e16d216d4ddd2d23,e16d216d4ddd2d23,e16d216d4ddd2d23,98,NONE,5.9488178710079094,6.175032242010472,FRESH_HARD_VALID_P3_M1
VUE036,VALIDATION_SEEN_AFTER_V1,CONTINUATION,HELD_SAME_INPUT,COMMITTED,1,0,0,0,1,1,0,0,GQSC_V3_MAIN_LEXICOGRAPHIC_RIGHT_e16d216d4ddd2d23,e16d216d4ddd2d23,188f31be98bd1d8a,92,NONE,nan,nan,ORIGINAL_MANEUVER_COMMITTED_CURRENT_HARD_VALID
VUE036,VALIDATION_SEEN_AFTER_V1,CONTINUATION,GUARD_FAIL_RAW_PASS,CONTINUING,1,0,0,0,1,1,1,1,GQSC_V3_MAIN_LEXICOGRAPHIC_RIGHT_e16d216d4ddd2d23,e16d216d4ddd2d23,188f31be98bd1d8a,92,NONE,nan,nan,GUARD_SOFT_OBSTACLE_VIOLATION_PENDING_RAW_HARD_VALID
VUE036,VALIDATION_SEEN_AFTER_V1,CONTINUATION,OBSTACLE_DISAPPEARANCE,CONTINUING,1,0,0,0,1,1,0,0,GQSC_V3_MAIN_LEXICOGRAPHIC_RIGHT_e16d216d4ddd2d23,e16d216d4ddd2d23,188f31be98bd1d8a,92,NONE,nan,nan,ORIGINAL_MANEUVER_SUFFIX_CURRENT_HARD_VALID
VUE036,VALIDATION_SEEN_AFTER_V1,CONTINUATION,FORWARD_TRIM,CONTINUING,1,0,0,0,1,1,0,0,GQSC_V3_MAIN_LEXICOGRAPHIC_RIGHT_e16d216d4ddd2d23,e16d216d4ddd2d23,6171e07591e083a1,93,NONE,nan,nan,ORIGINAL_MANEUVER_SUFFIX_CURRENT_HARD_VALID
VUE036,VALIDATION_SEEN_AFTER_V1,CONTINUATION,COMPLETE,COMPLETE,0,0,0,1,0,0,0,0,GQSC_V3_MAIN_LEXICOGRAPHIC_RIGHT_e16d216d4ddd2d23,e16d216d4ddd2d23,NONE,0,NONE,nan,nan,EXPANDED_OBSTACLE_REGION_FULLY_PASSED
VUE036,VALIDATION_SEEN_AFTER_V1,NEW_OBSTACLE,FRESH,FRESH_SELECTED,1,1,0,0,0,1,0,1,GQSC_V3_MAIN_LEXICOGRAPHIC_RIGHT_e16d216d4ddd2d23,e16d216d4ddd2d23,e16d216d4ddd2d23,98,NONE,5.9488178710079094,6.175032242010472,FRESH_HARD_VALID_P3_M1
VUE036,VALIDATION_SEEN_AFTER_V1,NEW_OBSTACLE,INVALIDATE_AND_FALLBACK,INVALIDATED,0,0,1,0,1,0,1,1,GQSC_V3_MAIN_LEXICOGRAPHIC_RIGHT_e16d216d4ddd2d23,e16d216d4ddd2d23,188f31be98bd1d8a,92,NO_SAFE_PATH,nan,nan,CURRENT_RAW_OBSTACLE_COLLISION:d-offset intersects an inflated static-obstacle box
VUE037,VALIDATION_SEEN_AFTER_V1,NOT_ELIGIBLE,SKIP,IDLE,0,0,0,0,0,0,0,0,NONE,NONE,NONE,0,NONE,nan,nan,NO_FROZEN_HARD_VALID:GQSC_V3_FROZEN_ENTRY
SCE001,SUCCESS_CONTROL_SEEN,CONTINUATION,FRESH,FRESH_SELECTED,1,1,0,0,0,1,0,1,GQSC_V3_MAIN_LEXICOGRAPHIC_RIGHT_a190d346d1dceee2,a190d346d1dceee2,a190d346d1dceee2,69,NONE,7.620722665649966,7.620722665649966,FRESH_HARD_VALID_P3_M1
SCE001,SUCCESS_CONTROL_SEEN,CONTINUATION,HELD_SAME_INPUT,COMMITTED,1,0,0,0,1,1,0,0,GQSC_V3_MAIN_LEXICOGRAPHIC_RIGHT_a190d346d1dceee2,a190d346d1dceee2,a190d346d1dceee2,69,NONE,nan,nan,ORIGINAL_MANEUVER_COMMITTED_CURRENT_HARD_VALID
SCE001,SUCCESS_CONTROL_SEEN,CONTINUATION,GUARD_FAIL_RAW_PASS,CONTINUING,1,0,0,0,1,1,1,1,GQSC_V3_MAIN_LEXICOGRAPHIC_RIGHT_a190d346d1dceee2,a190d346d1dceee2,a190d346d1dceee2,69,NONE,nan,nan,GUARD_SOFT_OBSTACLE_VIOLATION_PENDING_RAW_HARD_VALID
SCE001,SUCCESS_CONTROL_SEEN,CONTINUATION,OBSTACLE_DISAPPEARANCE,CONTINUING,1,0,0,0,1,1,0,0,GQSC_V3_MAIN_LEXICOGRAPHIC_RIGHT_a190d346d1dceee2,a190d346d1dceee2,a190d346d1dceee2,69,NONE,nan,nan,ORIGINAL_MANEUVER_SUFFIX_CURRENT_HARD_VALID
SCE001,SUCCESS_CONTROL_SEEN,CONTINUATION,FORWARD_TRIM,CONTINUING,1,0,0,0,1,1,0,0,GQSC_V3_MAIN_LEXICOGRAPHIC_RIGHT_a190d346d1dceee2,a190d346d1dceee2,7c6fce3fe93ce152,68,NONE,nan,nan,ORIGINAL_MANEUVER_SUFFIX_CURRENT_HARD_VALID
SCE001,SUCCESS_CONTROL_SEEN,CONTINUATION,COMPLETE,COMPLETE,0,0,0,1,0,0,0,0,GQSC_V3_MAIN_LEXICOGRAPHIC_RIGHT_a190d346d1dceee2,a190d346d1dceee2,NONE,0,NONE,nan,nan,EXPANDED_OBSTACLE_REGION_FULLY_PASSED
SCE001,SUCCESS_CONTROL_SEEN,NEW_OBSTACLE,FRESH,FRESH_SELECTED,1,1,0,0,0,1,0,1,GQSC_V3_MAIN_LEXICOGRAPHIC_RIGHT_a190d346d1dceee2,a190d346d1dceee2,a190d346d1dceee2,69,NONE,7.620722665649966,7.620722665649966,FRESH_HARD_VALID_P3_M1
SCE001,SUCCESS_CONTROL_SEEN,NEW_OBSTACLE,INVALIDATE_AND_FALLBACK,INVALIDATED,0,0,1,0,1,0,1,1,GQSC_V3_MAIN_LEXICOGRAPHIC_RIGHT_a190d346d1dceee2,a190d346d1dceee2,a190d346d1dceee2,69,NO_SAFE_PATH,nan,nan,CURRENT_RAW_OBSTACLE_COLLISION:d-offset intersects an inflated static-obstacle box
SCE002,SUCCESS_CONTROL_SEEN,CONTINUATION,FRESH,FRESH_SELECTED,1,1,0,0,0,1,0,1,GQSC_V3_MAIN_LEXICOGRAPHIC_LEFT_6252cf62c59fbf1b,6252cf62c59fbf1b,6252cf62c59fbf1b,109,NONE,5.3331880182404898,5.3331880182404898,FRESH_HARD_VALID_P3_M1
SCE002,SUCCESS_CONTROL_SEEN,CONTINUATION,HELD_SAME_INPUT,COMMITTED,1,0,0,0,1,1,0,0,GQSC_V3_MAIN_LEXICOGRAPHIC_LEFT_6252cf62c59fbf1b,6252cf62c59fbf1b,63bfd7acde2671c9,92,NONE,nan,nan,ORIGINAL_MANEUVER_COMMITTED_CURRENT_HARD_VALID
SCE002,SUCCESS_CONTROL_SEEN,CONTINUATION,GUARD_FAIL_RAW_PASS,CONTINUING,1,0,0,0,1,1,1,1,GQSC_V3_MAIN_LEXICOGRAPHIC_LEFT_6252cf62c59fbf1b,6252cf62c59fbf1b,63bfd7acde2671c9,92,NONE,nan,nan,GUARD_SOFT_OBSTACLE_VIOLATION_PENDING_RAW_HARD_VALID
SCE002,SUCCESS_CONTROL_SEEN,CONTINUATION,OBSTACLE_DISAPPEARANCE,CONTINUING,1,0,0,0,1,1,0,0,GQSC_V3_MAIN_LEXICOGRAPHIC_LEFT_6252cf62c59fbf1b,6252cf62c59fbf1b,63bfd7acde2671c9,92,NONE,nan,nan,ORIGINAL_MANEUVER_SUFFIX_CURRENT_HARD_VALID
SCE002,SUCCESS_CONTROL_SEEN,CONTINUATION,FORWARD_TRIM,CONTINUING,1,0,0,0,1,1,0,0,GQSC_V3_MAIN_LEXICOGRAPHIC_LEFT_6252cf62c59fbf1b,6252cf62c59fbf1b,63bfd7acde2671c9,92,NONE,nan,nan,ORIGINAL_MANEUVER_SUFFIX_CURRENT_HARD_VALID
SCE002,SUCCESS_CONTROL_SEEN,CONTINUATION,COMPLETE,COMPLETE,0,0,0,1,0,0,0,0,GQSC_V3_MAIN_LEXICOGRAPHIC_LEFT_6252cf62c59fbf1b,6252cf62c59fbf1b,NONE,0,NONE,nan,nan,EXPANDED_OBSTACLE_REGION_FULLY_PASSED
SCE002,SUCCESS_CONTROL_SEEN,NEW_OBSTACLE,FRESH,FRESH_SELECTED,1,1,0,0,0,1,0,1,GQSC_V3_MAIN_LEXICOGRAPHIC_LEFT_6252cf62c59fbf1b,6252cf62c59fbf1b,6252cf62c59fbf1b,109,NONE,5.3331880182404898,5.3331880182404898,FRESH_HARD_VALID_P3_M1
SCE002,SUCCESS_CONTROL_SEEN,NEW_OBSTACLE,INVALIDATE_AND_FALLBACK,INVALIDATED,0,0,1,0,1,0,1,1,GQSC_V3_MAIN_LEXICOGRAPHIC_LEFT_6252cf62c59fbf1b,6252cf62c59fbf1b,63bfd7acde2671c9,92,NO_SAFE_PATH,nan,nan,CURRENT_RAW_OBSTACLE_COLLISION:d-offset intersects an inflated static-obstacle box
SCE003,SUCCESS_CONTROL_SEEN,CONTINUATION,FRESH,FRESH_SELECTED,1,1,0,0,0,1,0,1,GQSC_V3_MAIN_COVERAGE_RIGHT_fe720e33f9f57ef4,fe720e33f9f57ef4,fe720e33f9f57ef4,71,NONE,8.0431016282116339,8.0431016282116339,FRESH_HARD_VALID_P3_M1
SCE003,SUCCESS_CONTROL_SEEN,CONTINUATION,HELD_SAME_INPUT,COMMITTED,1,0,0,0,1,1,0,0,GQSC_V3_MAIN_COVERAGE_RIGHT_fe720e33f9f57ef4,fe720e33f9f57ef4,fe720e33f9f57ef4,71,NONE,nan,nan,ORIGINAL_MANEUVER_COMMITTED_CURRENT_HARD_VALID
SCE003,SUCCESS_CONTROL_SEEN,CONTINUATION,GUARD_FAIL_RAW_PASS,CONTINUING,1,0,0,0,1,1,1,1,GQSC_V3_MAIN_COVERAGE_RIGHT_fe720e33f9f57ef4,fe720e33f9f57ef4,fe720e33f9f57ef4,71,NONE,nan,nan,GUARD_SOFT_OBSTACLE_VIOLATION_PENDING_RAW_HARD_VALID
SCE003,SUCCESS_CONTROL_SEEN,CONTINUATION,OBSTACLE_DISAPPEARANCE,CONTINUING,1,0,0,0,1,1,0,0,GQSC_V3_MAIN_COVERAGE_RIGHT_fe720e33f9f57ef4,fe720e33f9f57ef4,fe720e33f9f57ef4,71,NONE,nan,nan,ORIGINAL_MANEUVER_SUFFIX_CURRENT_HARD_VALID
SCE003,SUCCESS_CONTROL_SEEN,CONTINUATION,FORWARD_TRIM,CONTINUING,1,0,0,0,1,1,0,0,GQSC_V3_MAIN_COVERAGE_RIGHT_fe720e33f9f57ef4,fe720e33f9f57ef4,efd789fc298efff6,70,NONE,nan,nan,ORIGINAL_MANEUVER_SUFFIX_CURRENT_HARD_VALID
SCE003,SUCCESS_CONTROL_SEEN,CONTINUATION,COMPLETE,COMPLETE,0,0,0,1,0,0,0,0,GQSC_V3_MAIN_COVERAGE_RIGHT_fe720e33f9f57ef4,fe720e33f9f57ef4,NONE,0,NONE,nan,nan,EXPANDED_OBSTACLE_REGION_FULLY_PASSED
SCE003,SUCCESS_CONTROL_SEEN,NEW_OBSTACLE,FRESH,FRESH_SELECTED,1,1,0,0,0,1,0,1,GQSC_V3_MAIN_COVERAGE_RIGHT_fe720e33f9f57ef4,fe720e33f9f57ef4,fe720e33f9f57ef4,71,NONE,8.0431016282116339,8.0431016282116339,FRESH_HARD_VALID_P3_M1
SCE003,SUCCESS_CONTROL_SEEN,NEW_OBSTACLE,INVALIDATE_AND_FALLBACK,INVALIDATED,0,0,1,0,1,0,1,1,GQSC_V3_MAIN_COVERAGE_RIGHT_fe720e33f9f57ef4,fe720e33f9f57ef4,fe720e33f9f57ef4,71,NO_SAFE_PATH,nan,nan,CURRENT_RAW_OBSTACLE_COLLISION:d-offset intersects an inflated static-obstacle box
SCE004,SUCCESS_CONTROL_SEEN,CONTINUATION,FRESH,FRESH_SELECTED,1,1,0,0,0,1,0,1,GQSC_V3_MAIN_LEXICOGRAPHIC_RIGHT_f5175dc0b94f8197,f5175dc0b94f8197,f5175dc0b94f8197,69,NONE,7.3103817788326033,7.3103817788326033,FRESH_HARD_VALID_P3_M1
SCE004,SUCCESS_CONTROL_SEEN,CONTINUATION,HELD_SAME_INPUT,COMMITTED,1,0,0,0,1,1,0,0,GQSC_V3_MAIN_LEXICOGRAPHIC_RIGHT_f5175dc0b94f8197,f5175dc0b94f8197,f5175dc0b94f8197,69,NONE,nan,nan,ORIGINAL_MANEUVER_COMMITTED_CURRENT_HARD_VALID
SCE004,SUCCESS_CONTROL_SEEN,CONTINUATION,GUARD_FAIL_RAW_PASS,CONTINUING,1,0,0,0,1,1,1,1,GQSC_V3_MAIN_LEXICOGRAPHIC_RIGHT_f5175dc0b94f8197,f5175dc0b94f8197,f5175dc0b94f8197,69,NONE,nan,nan,GUARD_SOFT_OBSTACLE_VIOLATION_PENDING_RAW_HARD_VALID
SCE004,SUCCESS_CONTROL_SEEN,CONTINUATION,OBSTACLE_DISAPPEARANCE,CONTINUING,1,0,0,0,1,1,0,0,GQSC_V3_MAIN_LEXICOGRAPHIC_RIGHT_f5175dc0b94f8197,f5175dc0b94f8197,f5175dc0b94f8197,69,NONE,nan,nan,ORIGINAL_MANEUVER_SUFFIX_CURRENT_HARD_VALID
SCE004,SUCCESS_CONTROL_SEEN,CONTINUATION,FORWARD_TRIM,CONTINUING,1,0,0,0,1,1,0,0,GQSC_V3_MAIN_LEXICOGRAPHIC_RIGHT_f5175dc0b94f8197,f5175dc0b94f8197,68d6b736bbd2d577,68,NONE,nan,nan,ORIGINAL_MANEUVER_SUFFIX_CURRENT_HARD_VALID
SCE004,SUCCESS_CONTROL_SEEN,CONTINUATION,COMPLETE,COMPLETE,0,0,0,1,0,0,0,0,GQSC_V3_MAIN_LEXICOGRAPHIC_RIGHT_f5175dc0b94f8197,f5175dc0b94f8197,NONE,0,NONE,nan,nan,EXPANDED_OBSTACLE_REGION_FULLY_PASSED
SCE004,SUCCESS_CONTROL_SEEN,NEW_OBSTACLE,FRESH,FRESH_SELECTED,1,1,0,0,0,1,0,1,GQSC_V3_MAIN_LEXICOGRAPHIC_RIGHT_f5175dc0b94f8197,f5175dc0b94f8197,f5175dc0b94f8197,69,NONE,7.3103817788326033,7.3103817788326033,FRESH_HARD_VALID_P3_M1
SCE004,SUCCESS_CONTROL_SEEN,NEW_OBSTACLE,INVALIDATE_AND_FALLBACK,INVALIDATED,0,0,1,0,1,0,1,1,GQSC_V3_MAIN_LEXICOGRAPHIC_RIGHT_f5175dc0b94f8197,f5175dc0b94f8197,f5175dc0b94f8197,69,NO_SAFE_PATH,nan,nan,CURRENT_RAW_OBSTACLE_COLLISION:d-offset intersects an inflated static-obstacle box
SCE005,SUCCESS_CONTROL_SEEN,CONTINUATION,FRESH,FRESH_SELECTED,1,1,0,0,0,1,0,1,GQSC_V3_MAIN_LEXICOGRAPHIC_LEFT_87602a80513d644a,87602a80513d644a,87602a80513d644a,115,NONE,4.4266067712054724,8.2264942090245956,FRESH_HARD_VALID_P3_M1
SCE005,SUCCESS_CONTROL_SEEN,CONTINUATION,HELD_SAME_INPUT,COMMITTED,1,0,0,0,1,1,0,0,GQSC_V3_MAIN_LEXICOGRAPHIC_LEFT_87602a80513d644a,87602a80513d644a,448bdcfe016ebeb2,93,NONE,nan,nan,ORIGINAL_MANEUVER_COMMITTED_CURRENT_HARD_VALID
SCE005,SUCCESS_CONTROL_SEEN,CONTINUATION,GUARD_FAIL_RAW_PASS,CONTINUING,1,0,0,0,1,1,1,1,GQSC_V3_MAIN_LEXICOGRAPHIC_LEFT_87602a80513d644a,87602a80513d644a,448bdcfe016ebeb2,93,NONE,nan,nan,GUARD_SOFT_OBSTACLE_VIOLATION_PENDING_RAW_HARD_VALID
SCE005,SUCCESS_CONTROL_SEEN,CONTINUATION,OBSTACLE_DISAPPEARANCE,CONTINUING,1,0,0,0,1,1,0,0,GQSC_V3_MAIN_LEXICOGRAPHIC_LEFT_87602a80513d644a,87602a80513d644a,448bdcfe016ebeb2,93,NONE,nan,nan,ORIGINAL_MANEUVER_SUFFIX_CURRENT_HARD_VALID
SCE005,SUCCESS_CONTROL_SEEN,CONTINUATION,FORWARD_TRIM,CONTINUING,1,0,0,0,1,1,0,0,GQSC_V3_MAIN_LEXICOGRAPHIC_LEFT_87602a80513d644a,87602a80513d644a,04b6f8e897be52cc,93,NONE,nan,nan,ORIGINAL_MANEUVER_SUFFIX_CURRENT_HARD_VALID
SCE005,SUCCESS_CONTROL_SEEN,CONTINUATION,COMPLETE,COMPLETE,0,0,0,1,0,0,0,0,GQSC_V3_MAIN_LEXICOGRAPHIC_LEFT_87602a80513d644a,87602a80513d644a,NONE,0,NONE,nan,nan,EXPANDED_OBSTACLE_REGION_FULLY_PASSED
SCE005,SUCCESS_CONTROL_SEEN,NEW_OBSTACLE,FRESH,FRESH_SELECTED,1,1,0,0,0,1,0,1,GQSC_V3_MAIN_LEXICOGRAPHIC_LEFT_87602a80513d644a,87602a80513d644a,87602a80513d644a,115,NONE,4.4266067712054724,8.2264942090245956,FRESH_HARD_VALID_P3_M1
SCE005,SUCCESS_CONTROL_SEEN,NEW_OBSTACLE,INVALIDATE_AND_FALLBACK,INVALIDATED,0,0,1,0,1,0,1,1,GQSC_V3_MAIN_LEXICOGRAPHIC_LEFT_87602a80513d644a,87602a80513d644a,448bdcfe016ebeb2,93,NO_SAFE_PATH,nan,nan,CURRENT_RAW_OBSTACLE_COLLISION:d-offset intersects an inflated static-obstacle box
SCE006,SUCCESS_CONTROL_SEEN,CONTINUATION,FRESH,FRESH_SELECTED,1,1,0,0,0,1,0,1,GQSC_V3_MAIN_COVERAGE_RIGHT_6bc657c12b2f57d1,6bc657c12b2f57d1,6bc657c12b2f57d1,73,NONE,8.3903466060390102,8.3903466060390102,FRESH_HARD_VALID_P3_M1
SCE006,SUCCESS_CONTROL_SEEN,CONTINUATION,HELD_SAME_INPUT,COMMITTED,1,0,0,0,1,1,0,0,GQSC_V3_MAIN_COVERAGE_RIGHT_6bc657c12b2f57d1,6bc657c12b2f57d1,6bc657c12b2f57d1,73,NONE,nan,nan,ORIGINAL_MANEUVER_COMMITTED_CURRENT_HARD_VALID
SCE006,SUCCESS_CONTROL_SEEN,CONTINUATION,GUARD_FAIL_RAW_PASS,CONTINUING,1,0,0,0,1,1,1,1,GQSC_V3_MAIN_COVERAGE_RIGHT_6bc657c12b2f57d1,6bc657c12b2f57d1,6bc657c12b2f57d1,73,NONE,nan,nan,GUARD_SOFT_OBSTACLE_VIOLATION_PENDING_RAW_HARD_VALID
SCE006,SUCCESS_CONTROL_SEEN,CONTINUATION,OBSTACLE_DISAPPEARANCE,CONTINUING,1,0,0,0,1,1,0,0,GQSC_V3_MAIN_COVERAGE_RIGHT_6bc657c12b2f57d1,6bc657c12b2f57d1,6bc657c12b2f57d1,73,NONE,nan,nan,ORIGINAL_MANEUVER_SUFFIX_CURRENT_HARD_VALID
SCE006,SUCCESS_CONTROL_SEEN,CONTINUATION,FORWARD_TRIM,CONTINUING,1,0,0,0,1,1,0,0,GQSC_V3_MAIN_COVERAGE_RIGHT_6bc657c12b2f57d1,6bc657c12b2f57d1,1d7b758cc2d2d06f,72,NONE,nan,nan,ORIGINAL_MANEUVER_SUFFIX_CURRENT_HARD_VALID
SCE006,SUCCESS_CONTROL_SEEN,CONTINUATION,COMPLETE,COMPLETE,0,0,0,1,0,0,0,0,GQSC_V3_MAIN_COVERAGE_RIGHT_6bc657c12b2f57d1,6bc657c12b2f57d1,NONE,0,NONE,nan,nan,EXPANDED_OBSTACLE_REGION_FULLY_PASSED
SCE006,SUCCESS_CONTROL_SEEN,NEW_OBSTACLE,FRESH,FRESH_SELECTED,1,1,0,0,0,1,0,1,GQSC_V3_MAIN_COVERAGE_RIGHT_6bc657c12b2f57d1,6bc657c12b2f57d1,6bc657c12b2f57d1,73,NONE,8.3903466060390102,8.3903466060390102,FRESH_HARD_VALID_P3_M1
SCE006,SUCCESS_CONTROL_SEEN,NEW_OBSTACLE,INVALIDATE_AND_FALLBACK,INVALIDATED,0,0,1,0,1,0,1,1,GQSC_V3_MAIN_COVERAGE_RIGHT_6bc657c12b2f57d1,6bc657c12b2f57d1,6bc657c12b2f57d1,73,NO_SAFE_PATH,nan,nan,CURRENT_RAW_OBSTACLE_COLLISION:d-offset intersects an inflated static-obstacle box
SCE007,SUCCESS_CONTROL_SEEN,CONTINUATION,FRESH,FRESH_SELECTED,1,1,0,0,0,1,0,1,GQSC_V3_MAIN_LEXICOGRAPHIC_RIGHT_ef186819bb103426,ef186819bb103426,ef186819bb103426,67,NONE,7.0541035329514878,7.0541035329514878,FRESH_HARD_VALID_P3_M1
SCE007,SUCCESS_CONTROL_SEEN,CONTINUATION,HELD_SAME_INPUT,COMMITTED,1,0,0,0,1,1,0,0,GQSC_V3_MAIN_LEXICOGRAPHIC_RIGHT_ef186819bb103426,ef186819bb103426,ef186819bb103426,67,NONE,nan,nan,ORIGINAL_MANEUVER_COMMITTED_CURRENT_HARD_VALID
SCE007,SUCCESS_CONTROL_SEEN,CONTINUATION,GUARD_FAIL_RAW_PASS,CONTINUING,1,0,0,0,1,1,1,1,GQSC_V3_MAIN_LEXICOGRAPHIC_RIGHT_ef186819bb103426,ef186819bb103426,ef186819bb103426,67,NONE,nan,nan,GUARD_SOFT_OBSTACLE_VIOLATION_PENDING_RAW_HARD_VALID
SCE007,SUCCESS_CONTROL_SEEN,CONTINUATION,OBSTACLE_DISAPPEARANCE,CONTINUING,1,0,0,0,1,1,0,0,GQSC_V3_MAIN_LEXICOGRAPHIC_RIGHT_ef186819bb103426,ef186819bb103426,ef186819bb103426,67,NONE,nan,nan,ORIGINAL_MANEUVER_SUFFIX_CURRENT_HARD_VALID
SCE007,SUCCESS_CONTROL_SEEN,CONTINUATION,FORWARD_TRIM,CONTINUING,1,0,0,0,1,1,0,0,GQSC_V3_MAIN_LEXICOGRAPHIC_RIGHT_ef186819bb103426,ef186819bb103426,e0fa30d0c1132e48,66,NONE,nan,nan,ORIGINAL_MANEUVER_SUFFIX_CURRENT_HARD_VALID
SCE007,SUCCESS_CONTROL_SEEN,CONTINUATION,COMPLETE,COMPLETE,0,0,0,1,0,0,0,0,GQSC_V3_MAIN_LEXICOGRAPHIC_RIGHT_ef186819bb103426,ef186819bb103426,NONE,0,NONE,nan,nan,EXPANDED_OBSTACLE_REGION_FULLY_PASSED
SCE007,SUCCESS_CONTROL_SEEN,NEW_OBSTACLE,FRESH,FRESH_SELECTED,1,1,0,0,0,1,0,1,GQSC_V3_MAIN_LEXICOGRAPHIC_RIGHT_ef186819bb103426,ef186819bb103426,ef186819bb103426,67,NONE,7.0541035329514878,7.0541035329514878,FRESH_HARD_VALID_P3_M1
SCE007,SUCCESS_CONTROL_SEEN,NEW_OBSTACLE,INVALIDATE_AND_FALLBACK,INVALIDATED,0,0,1,0,1,0,1,1,GQSC_V3_MAIN_LEXICOGRAPHIC_RIGHT_ef186819bb103426,ef186819bb103426,ef186819bb103426,67,NO_SAFE_PATH,nan,nan,CURRENT_RAW_OBSTACLE_COLLISION:d-offset intersects an inflated static-obstacle box
SCE008,SUCCESS_CONTROL_SEEN,NOT_ELIGIBLE,SKIP,IDLE,0,0,0,0,0,0,0,0,NONE,NONE,NONE,0,NONE,nan,nan,NO_FROZEN_HARD_VALID:GQSC_V3_FROZEN_ENTRY
SCE009,SUCCESS_CONTROL_SEEN,CONTINUATION,FRESH,FRESH_SELECTED,1,1,0,0,0,1,0,1,GQSC_V3_MAIN_LEXICOGRAPHIC_LEFT_584a0ec9c1414856,584a0ec9c1414856,584a0ec9c1414856,125,NONE,13.044280759638553,13.044280759638553,FRESH_HARD_VALID_P3_M1
SCE009,SUCCESS_CONTROL_SEEN,CONTINUATION,HELD_SAME_INPUT,COMMITTED,1,0,0,0,1,1,0,0,GQSC_V3_MAIN_LEXICOGRAPHIC_LEFT_584a0ec9c1414856,584a0ec9c1414856,6bc05ce991a84b6e,93,NONE,nan,nan,ORIGINAL_MANEUVER_COMMITTED_CURRENT_HARD_VALID
SCE009,SUCCESS_CONTROL_SEEN,CONTINUATION,GUARD_FAIL_RAW_PASS,CONTINUING,1,0,0,0,1,1,1,1,GQSC_V3_MAIN_LEXICOGRAPHIC_LEFT_584a0ec9c1414856,584a0ec9c1414856,6bc05ce991a84b6e,93,NONE,nan,nan,GUARD_SOFT_OBSTACLE_VIOLATION_PENDING_RAW_HARD_VALID
SCE009,SUCCESS_CONTROL_SEEN,CONTINUATION,OBSTACLE_DISAPPEARANCE,CONTINUING,1,0,0,0,1,1,0,0,GQSC_V3_MAIN_LEXICOGRAPHIC_LEFT_584a0ec9c1414856,584a0ec9c1414856,6bc05ce991a84b6e,93,NONE,nan,nan,ORIGINAL_MANEUVER_SUFFIX_CURRENT_HARD_VALID
SCE009,SUCCESS_CONTROL_SEEN,CONTINUATION,FORWARD_TRIM,CONTINUING,1,0,0,0,1,1,0,0,GQSC_V3_MAIN_LEXICOGRAPHIC_LEFT_584a0ec9c1414856,584a0ec9c1414856,a95f4d91a35444cf,93,NONE,nan,nan,ORIGINAL_MANEUVER_SUFFIX_CURRENT_HARD_VALID
SCE009,SUCCESS_CONTROL_SEEN,CONTINUATION,COMPLETE,COMPLETE,0,0,0,1,0,0,0,0,GQSC_V3_MAIN_LEXICOGRAPHIC_LEFT_584a0ec9c1414856,584a0ec9c1414856,NONE,0,NONE,nan,nan,EXPANDED_OBSTACLE_REGION_FULLY_PASSED
SCE009,SUCCESS_CONTROL_SEEN,NEW_OBSTACLE,FRESH,FRESH_SELECTED,1,1,0,0,0,1,0,1,GQSC_V3_MAIN_LEXICOGRAPHIC_LEFT_584a0ec9c1414856,584a0ec9c1414856,584a0ec9c1414856,125,NONE,13.044280759638553,13.044280759638553,FRESH_HARD_VALID_P3_M1
SCE009,SUCCESS_CONTROL_SEEN,NEW_OBSTACLE,INVALIDATE_AND_FALLBACK,INVALIDATED,0,0,1,0,1,0,1,1,GQSC_V3_MAIN_LEXICOGRAPHIC_LEFT_584a0ec9c1414856,584a0ec9c1414856,6bc05ce991a84b6e,93,NO_SAFE_PATH,nan,nan,CURRENT_RAW_OBSTACLE_COLLISION:d-offset intersects an inflated static-obstacle box
SCE010,SUCCESS_CONTROL_SEEN,CONTINUATION,FRESH,FRESH_SELECTED,1,1,0,0,0,1,0,1,GQSC_V3_MAIN_LEXICOGRAPHIC_RIGHT_0fcc29c91ebe70b9,0fcc29c91ebe70b9,0fcc29c91ebe70b9,185,NONE,8.0466632463610743,8.0466632463610743,FRESH_HARD_VALID_P3_M1
SCE010,SUCCESS_CONTROL_SEEN,CONTINUATION,HELD_SAME_INPUT,COMMITTED,1,0,0,0,1,1,0,0,GQSC_V3_MAIN_LEXICOGRAPHIC_RIGHT_0fcc29c91ebe70b9,0fcc29c91ebe70b9,3f23303998a1976d,93,NONE,nan,nan,ORIGINAL_MANEUVER_COMMITTED_CURRENT_HARD_VALID
SCE010,SUCCESS_CONTROL_SEEN,CONTINUATION,GUARD_FAIL_RAW_PASS,CONTINUING,1,0,0,0,1,1,1,1,GQSC_V3_MAIN_LEXICOGRAPHIC_RIGHT_0fcc29c91ebe70b9,0fcc29c91ebe70b9,3f23303998a1976d,93,NONE,nan,nan,GUARD_SOFT_OBSTACLE_VIOLATION_PENDING_RAW_HARD_VALID
SCE010,SUCCESS_CONTROL_SEEN,CONTINUATION,OBSTACLE_DISAPPEARANCE,CONTINUING,1,0,0,0,1,1,0,0,GQSC_V3_MAIN_LEXICOGRAPHIC_RIGHT_0fcc29c91ebe70b9,0fcc29c91ebe70b9,3f23303998a1976d,93,NONE,nan,nan,ORIGINAL_MANEUVER_SUFFIX_CURRENT_HARD_VALID
SCE010,SUCCESS_CONTROL_SEEN,CONTINUATION,FORWARD_TRIM,CONTINUING,1,0,0,0,1,1,0,0,GQSC_V3_MAIN_LEXICOGRAPHIC_RIGHT_0fcc29c91ebe70b9,0fcc29c91ebe70b9,0c7616b4eb43d731,93,NONE,nan,nan,ORIGINAL_MANEUVER_SUFFIX_CURRENT_HARD_VALID
SCE010,SUCCESS_CONTROL_SEEN,CONTINUATION,COMPLETE,COMPLETE,0,0,0,1,0,0,0,0,GQSC_V3_MAIN_LEXICOGRAPHIC_RIGHT_0fcc29c91ebe70b9,0fcc29c91ebe70b9,NONE,0,NONE,nan,nan,EXPANDED_OBSTACLE_REGION_FULLY_PASSED
SCE010,SUCCESS_CONTROL_SEEN,NEW_OBSTACLE,FRESH,FRESH_SELECTED,1,1,0,0,0,1,0,1,GQSC_V3_MAIN_LEXICOGRAPHIC_RIGHT_0fcc29c91ebe70b9,0fcc29c91ebe70b9,0fcc29c91ebe70b9,185,NONE,8.0466632463610743,8.0466632463610743,FRESH_HARD_VALID_P3_M1
SCE010,SUCCESS_CONTROL_SEEN,NEW_OBSTACLE,INVALIDATE_AND_FALLBACK,INVALIDATED,0,0,1,0,1,0,1,1,GQSC_V3_MAIN_LEXICOGRAPHIC_RIGHT_0fcc29c91ebe70b9,0fcc29c91ebe70b9,3f23303998a1976d,93,NO_SAFE_PATH,nan,nan,CURRENT_RAW_OBSTACLE_COLLISION:d-offset intersects an inflated static-obstacle box
SCE011,SUCCESS_CONTROL_SEEN,CONTINUATION,FRESH,FRESH_SELECTED,1,1,0,0,0,1,0,1,GQSC_V3_MAIN_LEXICOGRAPHIC_LEFT_1b84ec996100cb52,1b84ec996100cb52,1b84ec996100cb52,124,NONE,12.982623855005947,12.982623855005947,FRESH_HARD_VALID_P3_M1
SCE011,SUCCESS_CONTROL_SEEN,CONTINUATION,HELD_SAME_INPUT,COMMITTED,1,0,0,0,1,1,0,0,GQSC_V3_MAIN_LEXICOGRAPHIC_LEFT_1b84ec996100cb52,1b84ec996100cb52,877993f7eb46c268,92,NONE,nan,nan,ORIGINAL_MANEUVER_COMMITTED_CURRENT_HARD_VALID
SCE011,SUCCESS_CONTROL_SEEN,CONTINUATION,GUARD_FAIL_RAW_PASS,CONTINUING,1,0,0,0,1,1,1,1,GQSC_V3_MAIN_LEXICOGRAPHIC_LEFT_1b84ec996100cb52,1b84ec996100cb52,877993f7eb46c268,92,NONE,nan,nan,GUARD_SOFT_OBSTACLE_VIOLATION_PENDING_RAW_HARD_VALID
SCE011,SUCCESS_CONTROL_SEEN,CONTINUATION,OBSTACLE_DISAPPEARANCE,CONTINUING,1,0,0,0,1,1,0,0,GQSC_V3_MAIN_LEXICOGRAPHIC_LEFT_1b84ec996100cb52,1b84ec996100cb52,877993f7eb46c268,92,NONE,nan,nan,ORIGINAL_MANEUVER_SUFFIX_CURRENT_HARD_VALID
SCE011,SUCCESS_CONTROL_SEEN,CONTINUATION,FORWARD_TRIM,CONTINUING,1,0,0,0,1,1,0,0,GQSC_V3_MAIN_LEXICOGRAPHIC_LEFT_1b84ec996100cb52,1b84ec996100cb52,c2181712dc4a1ecf,93,NONE,nan,nan,ORIGINAL_MANEUVER_SUFFIX_CURRENT_HARD_VALID
SCE011,SUCCESS_CONTROL_SEEN,CONTINUATION,COMPLETE,COMPLETE,0,0,0,1,0,0,0,0,GQSC_V3_MAIN_LEXICOGRAPHIC_LEFT_1b84ec996100cb52,1b84ec996100cb52,NONE,0,NONE,nan,nan,EXPANDED_OBSTACLE_REGION_FULLY_PASSED
SCE011,SUCCESS_CONTROL_SEEN,NEW_OBSTACLE,FRESH,FRESH_SELECTED,1,1,0,0,0,1,0,1,GQSC_V3_MAIN_LEXICOGRAPHIC_LEFT_1b84ec996100cb52,1b84ec996100cb52,1b84ec996100cb52,124,NONE,12.982623855005947,12.982623855005947,FRESH_HARD_VALID_P3_M1
SCE011,SUCCESS_CONTROL_SEEN,NEW_OBSTACLE,INVALIDATE_AND_FALLBACK,INVALIDATED,0,0,1,0,1,0,1,1,GQSC_V3_MAIN_LEXICOGRAPHIC_LEFT_1b84ec996100cb52,1b84ec996100cb52,877993f7eb46c268,92,NO_SAFE_PATH,nan,nan,CURRENT_RAW_OBSTACLE_COLLISION:d-offset intersects an inflated static-obstacle box
SCE012,SUCCESS_CONTROL_SEEN,CONTINUATION,FRESH,FRESH_SELECTED,1,1,0,0,0,1,0,1,GQSC_V3_MAIN_LEXICOGRAPHIC_RIGHT_2f5ee152645aac1a,2f5ee152645aac1a,2f5ee152645aac1a,185,NONE,8.0317654402046124,8.0317654402046124,FRESH_HARD_VALID_P3_M1
SCE012,SUCCESS_CONTROL_SEEN,CONTINUATION,HELD_SAME_INPUT,COMMITTED,1,0,0,0,1,1,0,0,GQSC_V3_MAIN_LEXICOGRAPHIC_RIGHT_2f5ee152645aac1a,2f5ee152645aac1a,acdca0e549677b04,93,NONE,nan,nan,ORIGINAL_MANEUVER_COMMITTED_CURRENT_HARD_VALID
SCE012,SUCCESS_CONTROL_SEEN,CONTINUATION,GUARD_FAIL_RAW_PASS,CONTINUING,1,0,0,0,1,1,1,1,GQSC_V3_MAIN_LEXICOGRAPHIC_RIGHT_2f5ee152645aac1a,2f5ee152645aac1a,acdca0e549677b04,93,NONE,nan,nan,GUARD_SOFT_OBSTACLE_VIOLATION_PENDING_RAW_HARD_VALID
SCE012,SUCCESS_CONTROL_SEEN,CONTINUATION,OBSTACLE_DISAPPEARANCE,CONTINUING,1,0,0,0,1,1,0,0,GQSC_V3_MAIN_LEXICOGRAPHIC_RIGHT_2f5ee152645aac1a,2f5ee152645aac1a,acdca0e549677b04,93,NONE,nan,nan,ORIGINAL_MANEUVER_SUFFIX_CURRENT_HARD_VALID
SCE012,SUCCESS_CONTROL_SEEN,CONTINUATION,FORWARD_TRIM,CONTINUING,1,0,0,0,1,1,0,0,GQSC_V3_MAIN_LEXICOGRAPHIC_RIGHT_2f5ee152645aac1a,2f5ee152645aac1a,2c2cc39e12bad488,93,NONE,nan,nan,ORIGINAL_MANEUVER_SUFFIX_CURRENT_HARD_VALID
SCE012,SUCCESS_CONTROL_SEEN,CONTINUATION,COMPLETE,COMPLETE,0,0,0,1,0,0,0,0,GQSC_V3_MAIN_LEXICOGRAPHIC_RIGHT_2f5ee152645aac1a,2f5ee152645aac1a,NONE,0,NONE,nan,nan,EXPANDED_OBSTACLE_REGION_FULLY_PASSED
SCE012,SUCCESS_CONTROL_SEEN,NEW_OBSTACLE,FRESH,FRESH_SELECTED,1,1,0,0,0,1,0,1,GQSC_V3_MAIN_LEXICOGRAPHIC_RIGHT_2f5ee152645aac1a,2f5ee152645aac1a,2f5ee152645aac1a,185,NONE,8.0317654402046124,8.0317654402046124,FRESH_HARD_VALID_P3_M1
SCE012,SUCCESS_CONTROL_SEEN,NEW_OBSTACLE,INVALIDATE_AND_FALLBACK,INVALIDATED,0,0,1,0,1,0,1,1,GQSC_V3_MAIN_LEXICOGRAPHIC_RIGHT_2f5ee152645aac1a,2f5ee152645aac1a,acdca0e549677b04,93,NO_SAFE_PATH,nan,nan,CURRENT_RAW_OBSTACLE_COLLISION:d-offset intersects an inflated static-obstacle box
SCE013,SUCCESS_CONTROL_SEEN,CONTINUATION,FRESH,FRESH_SELECTED,1,1,0,0,0,1,0,1,GQSC_V3_MAIN_LEXICOGRAPHIC_RIGHT_46ac316951745763,46ac316951745763,46ac316951745763,185,NONE,10.327170876589399,10.327170876589399,FRESH_HARD_VALID_P3_M1
SCE013,SUCCESS_CONTROL_SEEN,CONTINUATION,HELD_SAME_INPUT,COMMITTED,1,0,0,0,1,1,0,0,GQSC_V3_MAIN_LEXICOGRAPHIC_RIGHT_46ac316951745763,46ac316951745763,8c365ceff9d927a0,92,NONE,nan,nan,ORIGINAL_MANEUVER_COMMITTED_CURRENT_HARD_VALID
SCE013,SUCCESS_CONTROL_SEEN,CONTINUATION,GUARD_FAIL_RAW_PASS,CONTINUING,1,0,0,0,1,1,0,0,GQSC_V3_MAIN_LEXICOGRAPHIC_RIGHT_46ac316951745763,46ac316951745763,8c365ceff9d927a0,92,NONE,nan,nan,ORIGINAL_MANEUVER_SUFFIX_CURRENT_HARD_VALID
SCE013,SUCCESS_CONTROL_SEEN,CONTINUATION,OBSTACLE_DISAPPEARANCE,CONTINUING,1,0,0,0,1,1,0,0,GQSC_V3_MAIN_LEXICOGRAPHIC_RIGHT_46ac316951745763,46ac316951745763,8c365ceff9d927a0,92,NONE,nan,nan,ORIGINAL_MANEUVER_SUFFIX_CURRENT_HARD_VALID
SCE013,SUCCESS_CONTROL_SEEN,CONTINUATION,FORWARD_TRIM,CONTINUING,1,0,0,0,1,1,0,0,GQSC_V3_MAIN_LEXICOGRAPHIC_RIGHT_46ac316951745763,46ac316951745763,17daae76f9d0c2ee,93,NONE,nan,nan,ORIGINAL_MANEUVER_SUFFIX_CURRENT_HARD_VALID
SCE013,SUCCESS_CONTROL_SEEN,CONTINUATION,COMPLETE,COMPLETE,0,0,0,1,0,0,0,0,GQSC_V3_MAIN_LEXICOGRAPHIC_RIGHT_46ac316951745763,46ac316951745763,NONE,0,NONE,nan,nan,EXPANDED_OBSTACLE_REGION_FULLY_PASSED
SCE013,SUCCESS_CONTROL_SEEN,NEW_OBSTACLE,FRESH,FRESH_SELECTED,1,1,0,0,0,1,0,1,GQSC_V3_MAIN_LEXICOGRAPHIC_RIGHT_46ac316951745763,46ac316951745763,46ac316951745763,185,NONE,10.327170876589399,10.327170876589399,FRESH_HARD_VALID_P3_M1
SCE013,SUCCESS_CONTROL_SEEN,NEW_OBSTACLE,INVALIDATE_AND_FALLBACK,INVALIDATED,0,0,1,0,1,0,1,1,GQSC_V3_MAIN_LEXICOGRAPHIC_RIGHT_46ac316951745763,46ac316951745763,8c365ceff9d927a0,92,NO_SAFE_PATH,nan,nan,CURRENT_RAW_OBSTACLE_COLLISION:d-offset intersects an inflated static-obstacle box
SCE014,SUCCESS_CONTROL_SEEN,CONTINUATION,FRESH,FRESH_SELECTED,1,1,0,0,0,1,0,1,GQSC_V3_MAIN_LEXICOGRAPHIC_LEFT_4e61dff796ee01f5,4e61dff796ee01f5,4e61dff796ee01f5,185,NONE,8.4581792415532071,8.4581792415532071,FRESH_HARD_VALID_P3_M1
SCE014,SUCCESS_CONTROL_SEEN,CONTINUATION,HELD_SAME_INPUT,COMMITTED,1,0,0,0,1,1,0,0,GQSC_V3_MAIN_LEXICOGRAPHIC_LEFT_4e61dff796ee01f5,4e61dff796ee01f5,92ccdf58fd4c5a58,93,NONE,nan,nan,ORIGINAL_MANEUVER_COMMITTED_CURRENT_HARD_VALID
SCE014,SUCCESS_CONTROL_SEEN,CONTINUATION,GUARD_FAIL_RAW_PASS,CONTINUING,1,0,0,0,1,1,1,1,GQSC_V3_MAIN_LEXICOGRAPHIC_LEFT_4e61dff796ee01f5,4e61dff796ee01f5,92ccdf58fd4c5a58,93,NONE,nan,nan,GUARD_SOFT_OBSTACLE_VIOLATION_PENDING_RAW_HARD_VALID
SCE014,SUCCESS_CONTROL_SEEN,CONTINUATION,OBSTACLE_DISAPPEARANCE,CONTINUING,1,0,0,0,1,1,0,0,GQSC_V3_MAIN_LEXICOGRAPHIC_LEFT_4e61dff796ee01f5,4e61dff796ee01f5,92ccdf58fd4c5a58,93,NONE,nan,nan,ORIGINAL_MANEUVER_SUFFIX_CURRENT_HARD_VALID
SCE014,SUCCESS_CONTROL_SEEN,CONTINUATION,FORWARD_TRIM,CONTINUING,1,0,0,0,1,1,0,0,GQSC_V3_MAIN_LEXICOGRAPHIC_LEFT_4e61dff796ee01f5,4e61dff796ee01f5,8e94f3eff889e25a,93,NONE,nan,nan,ORIGINAL_MANEUVER_SUFFIX_CURRENT_HARD_VALID
SCE014,SUCCESS_CONTROL_SEEN,CONTINUATION,COMPLETE,COMPLETE,0,0,0,1,0,0,0,0,GQSC_V3_MAIN_LEXICOGRAPHIC_LEFT_4e61dff796ee01f5,4e61dff796ee01f5,NONE,0,NONE,nan,nan,EXPANDED_OBSTACLE_REGION_FULLY_PASSED
SCE014,SUCCESS_CONTROL_SEEN,NEW_OBSTACLE,FRESH,FRESH_SELECTED,1,1,0,0,0,1,0,1,GQSC_V3_MAIN_LEXICOGRAPHIC_LEFT_4e61dff796ee01f5,4e61dff796ee01f5,4e61dff796ee01f5,185,NONE,8.4581792415532071,8.4581792415532071,FRESH_HARD_VALID_P3_M1
SCE014,SUCCESS_CONTROL_SEEN,NEW_OBSTACLE,INVALIDATE_AND_FALLBACK,INVALIDATED,0,0,1,0,1,0,1,1,GQSC_V3_MAIN_LEXICOGRAPHIC_LEFT_4e61dff796ee01f5,4e61dff796ee01f5,92ccdf58fd4c5a58,93,NO_SAFE_PATH,nan,nan,CURRENT_RAW_OBSTACLE_COLLISION:d-offset intersects an inflated static-obstacle box
SCE015,SUCCESS_CONTROL_SEEN,CONTINUATION,FRESH,FRESH_SELECTED,1,1,0,0,0,1,0,1,GQSC_V3_MAIN_LEXICOGRAPHIC_LEFT_9b0526fbf1543c59,9b0526fbf1543c59,9b0526fbf1543c59,118,NONE,10.992174025857748,10.992174025857748,FRESH_HARD_VALID_P3_M1
SCE015,SUCCESS_CONTROL_SEEN,CONTINUATION,HELD_SAME_INPUT,COMMITTED,1,0,0,0,1,1,0,0,GQSC_V3_MAIN_LEXICOGRAPHIC_LEFT_9b0526fbf1543c59,9b0526fbf1543c59,6bd0514f272624a0,93,NONE,nan,nan,ORIGINAL_MANEUVER_COMMITTED_CURRENT_HARD_VALID
SCE015,SUCCESS_CONTROL_SEEN,CONTINUATION,GUARD_FAIL_RAW_PASS,CONTINUING,1,0,0,0,1,1,1,1,GQSC_V3_MAIN_LEXICOGRAPHIC_LEFT_9b0526fbf1543c59,9b0526fbf1543c59,6bd0514f272624a0,93,NONE,nan,nan,GUARD_SOFT_OBSTACLE_VIOLATION_PENDING_RAW_HARD_VALID
SCE015,SUCCESS_CONTROL_SEEN,CONTINUATION,OBSTACLE_DISAPPEARANCE,CONTINUING,1,0,0,0,1,1,0,0,GQSC_V3_MAIN_LEXICOGRAPHIC_LEFT_9b0526fbf1543c59,9b0526fbf1543c59,6bd0514f272624a0,93,NONE,nan,nan,ORIGINAL_MANEUVER_SUFFIX_CURRENT_HARD_VALID
SCE015,SUCCESS_CONTROL_SEEN,CONTINUATION,FORWARD_TRIM,CONTINUING,1,0,0,0,1,1,0,0,GQSC_V3_MAIN_LEXICOGRAPHIC_LEFT_9b0526fbf1543c59,9b0526fbf1543c59,b3e7db4361d82be2,93,NONE,nan,nan,ORIGINAL_MANEUVER_SUFFIX_CURRENT_HARD_VALID
SCE015,SUCCESS_CONTROL_SEEN,CONTINUATION,COMPLETE,COMPLETE,0,0,0,1,0,0,0,0,GQSC_V3_MAIN_LEXICOGRAPHIC_LEFT_9b0526fbf1543c59,9b0526fbf1543c59,NONE,0,NONE,nan,nan,EXPANDED_OBSTACLE_REGION_FULLY_PASSED
SCE015,SUCCESS_CONTROL_SEEN,NEW_OBSTACLE,FRESH,FRESH_SELECTED,1,1,0,0,0,1,0,1,GQSC_V3_MAIN_LEXICOGRAPHIC_LEFT_9b0526fbf1543c59,9b0526fbf1543c59,9b0526fbf1543c59,118,NONE,10.992174025857748,10.992174025857748,FRESH_HARD_VALID_P3_M1
SCE015,SUCCESS_CONTROL_SEEN,NEW_OBSTACLE,INVALIDATE_AND_FALLBACK,INVALIDATED,0,0,1,0,1,0,1,1,GQSC_V3_MAIN_LEXICOGRAPHIC_LEFT_9b0526fbf1543c59,9b0526fbf1543c59,6bd0514f272624a0,93,NO_SAFE_PATH,nan,nan,CURRENT_RAW_OBSTACLE_COLLISION:d-offset intersects an inflated static-obstacle box
SCE016,SUCCESS_CONTROL_SEEN,CONTINUATION,FRESH,FRESH_SELECTED,1,1,0,0,0,1,0,1,GQSC_V3_MAIN_LEXICOGRAPHIC_RIGHT_169fe9355120d70a,169fe9355120d70a,169fe9355120d70a,110,NONE,5.5934145756084348,5.5934145756084348,FRESH_HARD_VALID_P3_M1
SCE016,SUCCESS_CONTROL_SEEN,CONTINUATION,HELD_SAME_INPUT,COMMITTED,1,0,0,0,1,1,0,0,GQSC_V3_MAIN_LEXICOGRAPHIC_RIGHT_169fe9355120d70a,169fe9355120d70a,18aa3123bb4612ac,93,NONE,nan,nan,ORIGINAL_MANEUVER_COMMITTED_CURRENT_HARD_VALID
SCE016,SUCCESS_CONTROL_SEEN,CONTINUATION,GUARD_FAIL_RAW_PASS,CONTINUING,1,0,0,0,1,1,1,1,GQSC_V3_MAIN_LEXICOGRAPHIC_RIGHT_169fe9355120d70a,169fe9355120d70a,18aa3123bb4612ac,93,NONE,nan,nan,GUARD_SOFT_OBSTACLE_VIOLATION_PENDING_RAW_HARD_VALID
SCE016,SUCCESS_CONTROL_SEEN,CONTINUATION,OBSTACLE_DISAPPEARANCE,CONTINUING,1,0,0,0,1,1,0,0,GQSC_V3_MAIN_LEXICOGRAPHIC_RIGHT_169fe9355120d70a,169fe9355120d70a,18aa3123bb4612ac,93,NONE,nan,nan,ORIGINAL_MANEUVER_SUFFIX_CURRENT_HARD_VALID
SCE016,SUCCESS_CONTROL_SEEN,CONTINUATION,FORWARD_TRIM,CONTINUING,1,0,0,0,1,1,0,0,GQSC_V3_MAIN_LEXICOGRAPHIC_RIGHT_169fe9355120d70a,169fe9355120d70a,59b25712a505f17b,93,NONE,nan,nan,ORIGINAL_MANEUVER_SUFFIX_CURRENT_HARD_VALID
SCE016,SUCCESS_CONTROL_SEEN,CONTINUATION,COMPLETE,COMPLETE,0,0,0,1,0,0,0,0,GQSC_V3_MAIN_LEXICOGRAPHIC_RIGHT_169fe9355120d70a,169fe9355120d70a,NONE,0,NONE,nan,nan,EXPANDED_OBSTACLE_REGION_FULLY_PASSED
SCE016,SUCCESS_CONTROL_SEEN,NEW_OBSTACLE,FRESH,FRESH_SELECTED,1,1,0,0,0,1,0,1,GQSC_V3_MAIN_LEXICOGRAPHIC_RIGHT_169fe9355120d70a,169fe9355120d70a,169fe9355120d70a,110,NONE,5.5934145756084348,5.5934145756084348,FRESH_HARD_VALID_P3_M1
SCE016,SUCCESS_CONTROL_SEEN,NEW_OBSTACLE,INVALIDATE_AND_FALLBACK,INVALIDATED,0,0,1,0,1,0,1,1,GQSC_V3_MAIN_LEXICOGRAPHIC_RIGHT_169fe9355120d70a,169fe9355120d70a,18aa3123bb4612ac,93,NO_SAFE_PATH,nan,nan,CURRENT_RAW_OBSTACLE_COLLISION:d-offset intersects an inflated static-obstacle box
SCE017,SUCCESS_CONTROL_SEEN,CONTINUATION,FRESH,FRESH_SELECTED,1,1,0,0,0,1,0,1,GQSC_V3_MAIN_LEXICOGRAPHIC_RIGHT_2e2ad2b472703636,2e2ad2b472703636,2e2ad2b472703636,70,NONE,7.6539763169566069,7.6539763169566069,FRESH_HARD_VALID_P3_M1
SCE017,SUCCESS_CONTROL_SEEN,CONTINUATION,HELD_SAME_INPUT,COMMITTED,1,0,0,0,1,1,0,0,GQSC_V3_MAIN_LEXICOGRAPHIC_RIGHT_2e2ad2b472703636,2e2ad2b472703636,2e2ad2b472703636,70,NONE,nan,nan,ORIGINAL_MANEUVER_COMMITTED_CURRENT_HARD_VALID
SCE017,SUCCESS_CONTROL_SEEN,CONTINUATION,GUARD_FAIL_RAW_PASS,CONTINUING,1,0,0,0,1,1,1,1,GQSC_V3_MAIN_LEXICOGRAPHIC_RIGHT_2e2ad2b472703636,2e2ad2b472703636,2e2ad2b472703636,70,NONE,nan,nan,GUARD_SOFT_OBSTACLE_VIOLATION_PENDING_RAW_HARD_VALID
SCE017,SUCCESS_CONTROL_SEEN,CONTINUATION,OBSTACLE_DISAPPEARANCE,CONTINUING,1,0,0,0,1,1,0,0,GQSC_V3_MAIN_LEXICOGRAPHIC_RIGHT_2e2ad2b472703636,2e2ad2b472703636,2e2ad2b472703636,70,NONE,nan,nan,ORIGINAL_MANEUVER_SUFFIX_CURRENT_HARD_VALID
SCE017,SUCCESS_CONTROL_SEEN,CONTINUATION,FORWARD_TRIM,CONTINUING,1,0,0,0,1,1,0,0,GQSC_V3_MAIN_LEXICOGRAPHIC_RIGHT_2e2ad2b472703636,2e2ad2b472703636,73c3986f3bbe2531,69,NONE,nan,nan,ORIGINAL_MANEUVER_SUFFIX_CURRENT_HARD_VALID
SCE017,SUCCESS_CONTROL_SEEN,CONTINUATION,COMPLETE,COMPLETE,0,0,0,1,0,0,0,0,GQSC_V3_MAIN_LEXICOGRAPHIC_RIGHT_2e2ad2b472703636,2e2ad2b472703636,NONE,0,NONE,nan,nan,EXPANDED_OBSTACLE_REGION_FULLY_PASSED
SCE017,SUCCESS_CONTROL_SEEN,NEW_OBSTACLE,FRESH,FRESH_SELECTED,1,1,0,0,0,1,0,1,GQSC_V3_MAIN_LEXICOGRAPHIC_RIGHT_2e2ad2b472703636,2e2ad2b472703636,2e2ad2b472703636,70,NONE,7.6539763169566069,7.6539763169566069,FRESH_HARD_VALID_P3_M1
SCE017,SUCCESS_CONTROL_SEEN,NEW_OBSTACLE,INVALIDATE_AND_FALLBACK,INVALIDATED,0,0,1,0,1,0,1,1,GQSC_V3_MAIN_LEXICOGRAPHIC_RIGHT_2e2ad2b472703636,2e2ad2b472703636,2e2ad2b472703636,70,NO_SAFE_PATH,nan,nan,CURRENT_RAW_OBSTACLE_COLLISION:d-offset intersects an inflated static-obstacle box
SCE018,SUCCESS_CONTROL_SEEN,CONTINUATION,FRESH,FRESH_SELECTED,1,1,0,0,0,1,0,1,GQSC_V3_MAIN_LEXICOGRAPHIC_LEFT_5c97e86e4320738d,5c97e86e4320738d,5c97e86e4320738d,185,NONE,14.200751258469587,14.200751258469587,FRESH_HARD_VALID_P3_M1
SCE018,SUCCESS_CONTROL_SEEN,CONTINUATION,HELD_SAME_INPUT,COMMITTED,1,0,0,0,1,1,0,0,GQSC_V3_MAIN_LEXICOGRAPHIC_LEFT_5c97e86e4320738d,5c97e86e4320738d,e3b674e347397172,92,NONE,nan,nan,ORIGINAL_MANEUVER_COMMITTED_CURRENT_HARD_VALID
SCE018,SUCCESS_CONTROL_SEEN,CONTINUATION,GUARD_FAIL_RAW_PASS,CONTINUING,1,0,0,0,1,1,0,0,GQSC_V3_MAIN_LEXICOGRAPHIC_LEFT_5c97e86e4320738d,5c97e86e4320738d,e3b674e347397172,92,NONE,nan,nan,ORIGINAL_MANEUVER_SUFFIX_CURRENT_HARD_VALID
SCE018,SUCCESS_CONTROL_SEEN,CONTINUATION,OBSTACLE_DISAPPEARANCE,CONTINUING,1,0,0,0,1,1,0,0,GQSC_V3_MAIN_LEXICOGRAPHIC_LEFT_5c97e86e4320738d,5c97e86e4320738d,e3b674e347397172,92,NONE,nan,nan,ORIGINAL_MANEUVER_SUFFIX_CURRENT_HARD_VALID
SCE018,SUCCESS_CONTROL_SEEN,CONTINUATION,FORWARD_TRIM,CONTINUING,1,0,0,0,1,1,0,0,GQSC_V3_MAIN_LEXICOGRAPHIC_LEFT_5c97e86e4320738d,5c97e86e4320738d,6feb4b1b3c121cf9,93,NONE,nan,nan,ORIGINAL_MANEUVER_SUFFIX_CURRENT_HARD_VALID
SCE018,SUCCESS_CONTROL_SEEN,CONTINUATION,COMPLETE,COMPLETE,0,0,0,1,0,0,0,0,GQSC_V3_MAIN_LEXICOGRAPHIC_LEFT_5c97e86e4320738d,5c97e86e4320738d,NONE,0,NONE,nan,nan,EXPANDED_OBSTACLE_REGION_FULLY_PASSED
SCE018,SUCCESS_CONTROL_SEEN,NEW_OBSTACLE,FRESH,FRESH_SELECTED,1,1,0,0,0,1,0,1,GQSC_V3_MAIN_LEXICOGRAPHIC_LEFT_5c97e86e4320738d,5c97e86e4320738d,5c97e86e4320738d,185,NONE,14.200751258469587,14.200751258469587,FRESH_HARD_VALID_P3_M1
SCE018,SUCCESS_CONTROL_SEEN,NEW_OBSTACLE,INVALIDATE_AND_FALLBACK,INVALIDATED,0,0,1,0,1,0,1,1,GQSC_V3_MAIN_LEXICOGRAPHIC_LEFT_5c97e86e4320738d,5c97e86e4320738d,e3b674e347397172,92,NO_SAFE_PATH,nan,nan,CURRENT_RAW_OBSTACLE_COLLISION:d-offset intersects an inflated static-obstacle box
